epoch_sec,mode,phase,N,mppi_call_ms,state_to_command_latency_ms,pos_x,pos_y,pos_z,target_x,target_y,target_z,pos_error_m,deadline_miss,fallback_active
1784415712.892183,ADAPTIVEQF,TAKEOFF,0,0.000000,3.910471,-0.023947,0.036317,2.013183,-0.023947,0.036317,2.017070,0.003887,0,0
1784415712.942213,ADAPTIVEQF,TAKEOFF,0,0.000000,22.112903,-0.024723,0.034546,2.010972,-0.023947,0.036317,2.066879,0.055940,0,0
1784415712.992178,ADAPTIVEQF,TAKEOFF,0,0.000000,3.998359,-0.024665,0.026241,2.002482,-0.023947,0.036317,2.116625,0.114589,0,0
1784415713.042213,ADAPTIVEQF,TAKEOFF,0,0.000000,22.121863,-0.024427,0.022455,1.998845,-0.023947,0.036317,2.166440,0.168168,0,0
1784415713.092187,ADAPTIVEQF,TAKEOFF,0,0.000000,4.070067,-0.024180,0.017068,1.994079,-0.023947,0.036317,2.216195,0.222949,0,0
1784415713.142191,ADAPTIVEQF,TAKEOFF,0,0.000000,22.069763,-0.024125,0.015329,1.992688,-0.023947,0.036317,2.265978,0.274095,0,0
1784415713.192189,ADAPTIVEQF,TAKEOFF,0,0.000000,4.053184,-0.023409,0.011557,1.990565,-0.023947,0.036317,2.315757,0.326134,0,0
1784415713.242235,ADAPTIVEQF,TAKEOFF,0,0.000000,22.111609,-0.021935,0.009410,1.989662,-0.023947,0.036317,2.365583,0.376888,0,0
1784415713.292180,ADAPTIVEQF,TAKEOFF,0,0.000000,3.966447,-0.018999,0.005752,1.988480,-0.023947,0.036317,2.415309,0.427950,0,0
1784415713.342159,ADAPTIVEQF,TAKEOFF,0,0.000000,22.019040,-0.016898,0.003867,1.988460,-0.023947,0.036317,2.465069,0.477764,0,0
1784415713.392177,ADAPTIVEQF,TAKEOFF,0,0.000000,3.814237,-0.011005,-0.000518,1.989647,-0.023947,0.036317,2.514866,0.526668,0,0
1784415713.442242,ADAPTIVEQF,TAKEOFF,0,0.000000,22.217899,-0.008461,-0.002254,1.990234,-0.023947,0.036317,2.564712,0.575980,0,0
1784415713.492199,ADAPTIVEQF,TAKEOFF,0,0.000000,4.065162,-0.006190,-0.005576,1.988397,-0.023947,0.036317,2.614449,0.627703,0,0
1784415713.542235,ADAPTIVEQF,TAKEOFF,0,0.000000,22.062389,-0.005215,-0.007072,1.987456,-0.023947,0.036317,2.664265,0.678457,0,0
1784415713.592186,ADAPTIVEQF,TAKEOFF,0,0.000000,3.960439,-0.003137,-0.010778,1.985561,-0.023947,0.036317,2.713997,0.730253,0,0
1784415713.642247,ADAPTIVEQF,TAKEOFF,0,0.000000,21.992535,-0.002309,-0.012639,1.984697,-0.023947,0.036317,2.763838,0.780978,0,0
1784415713.692192,ADAPTIVEQF,TAKEOFF,0,0.000000,4.065638,-0.000464,-0.016057,1.983686,-0.023947,0.036317,2.813563,0.831860,0,0
1784415713.742225,ADAPTIVEQF,TAKEOFF,0,0.000000,21.949407,0.000923,-0.017807,1.983844,-0.023947,0.036317,2.863375,0.881546,0,0
1784415713.792182,ADAPTIVEQF,TAKEOFF,0,0.000000,4.090300,0.003910,-0.021369,1.984796,-0.023947,0.036317,2.913113,0.930525,0,0
1784415713.842242,ADAPTIVEQF,TAKEOFF,0,0.000000,21.999139,0.004385,-0.023157,1.984180,-0.023947,0.036317,2.962954,0.980988,0,0
1784415713.892218,ADAPTIVEQF,TAKEOFF,0,0.000000,4.009998,0.003953,-0.026940,1.981381,-0.023947,0.036317,3.012711,1.033645,0,0
1784415713.942237,ADAPTIVEQF,TAKEOFF,0,0.000000,21.920704,0.003893,-0.028662,1.980302,-0.023947,0.036317,3.062510,1.084515,0,0
1784415713.992197,ADAPTIVEQF,TAKEOFF,0,0.000000,4.052485,0.000631,-0.030274,1.975980,-0.023947,0.036317,3.112249,1.138484,0,0
1784415714.042240,ADAPTIVEQF,TAKEOFF,0,0.000000,22.041564,-0.000980,-0.030741,1.974168,-0.023947,0.036317,3.162073,1.190018,0,0
1784415714.092191,ADAPTIVEQF,TAKEOFF,0,0.000000,3.984837,-0.004771,-0.030634,1.970960,-0.023947,0.036317,3.211804,1.242797,0,0
1784415714.142221,ADAPTIVEQF,TAKEOFF,0,0.000000,22.080160,-0.006910,-0.030129,1.969501,-0.023947,0.036317,3.261614,1.293933,0,0
1784415714.192200,ADAPTIVEQF,TAKEOFF,0,0.000000,4.050762,-0.011131,-0.029420,1.968133,-0.023947,0.036317,3.311374,1.344909,0,0
1784415714.242202,ADAPTIVEQF,TAKEOFF,0,0.000000,22.074037,-0.013404,-0.030179,1.970461,-0.023947,0.036317,3.361157,1.392325,0,0
1784415714.292195,ADAPTIVEQF,TAKEOFF,0,0.000000,4.005619,-0.017436,-0.031538,1.975115,-0.023947,0.036317,3.410930,1.437432,0,0
1784415714.342222,ADAPTIVEQF,TAKEOFF,0,0.000000,22.108114,-0.019007,-0.031459,1.977150,-0.023947,0.036317,3.460736,1.485142,0,0
1784415714.392194,ADAPTIVEQF,TAKEOFF,0,0.000000,4.072691,-0.021595,-0.029922,1.981463,-0.023947,0.036317,3.510489,1.530461,0,0
1784415714.442237,ADAPTIVEQF,TAKEOFF,0,0.000000,21.994351,-0.022571,-0.029339,1.983407,-0.023947,0.036317,3.560313,1.578272,0,0
1784415714.492196,ADAPTIVEQF,TAKEOFF,0,0.000000,4.102838,-0.027851,-0.029770,1.982499,-0.023947,0.036317,3.610051,1.628898,0,0
1784415714.542243,ADAPTIVEQF,TAKEOFF,0,0.000000,22.126042,-0.030416,-0.030087,1.982021,-0.023947,0.036317,3.659878,1.679184,0,0
1784415714.592191,ADAPTIVEQF,TAKEOFF,0,0.000000,3.906015,-0.036502,-0.029048,1.979727,-0.023947,0.036317,3.709607,1.731160,0,0
1784415714.642240,ADAPTIVEQF,TAKEOFF,0,0.000000,21.976177,-0.039413,-0.027663,1.977984,-0.023947,0.036317,3.759437,1.782668,0,0
1784415714.692192,ADAPTIVEQF,TAKEOFF,0,0.000000,3.984470,-0.044231,-0.024682,1.975829,-0.023947,0.036317,3.809168,1.834466,0,0
1784415714.742263,ADAPTIVEQF,TAKEOFF,0,0.000000,22.007489,-0.045422,-0.021971,1.976127,-0.023947,0.036317,3.859020,1.883918,0,0
1784415714.792195,ADAPTIVEQF,TAKEOFF,0,0.000000,4.034555,-0.047638,-0.016521,1.977361,-0.023947,0.036317,3.908732,1.932239,0,0
1784415714.842244,ADAPTIVEQF,TAKEOFF,0,0.000000,22.066120,-0.048065,-0.013966,1.980206,-0.023947,0.036317,3.958562,1.979142,0,0
1784415714.892199,ADAPTIVEQF,TAKEOFF,0,0.000000,4.011627,-0.048179,-0.008636,1.989577,-0.023947,0.036317,4.008298,2.019367,0,0
1784415714.942246,ADAPTIVEQF,TAKEOFF,0,0.000000,22.154744,-0.048248,-0.006222,1.993862,-0.023947,0.036317,4.058125,2.064844,0,0
1784415714.992202,ADAPTIVEQF,TAKEOFF,0,0.000000,4.065157,-0.048825,-0.000596,2.001996,-0.023947,0.036317,4.107860,2.106334,0,0
1784415715.042246,ADAPTIVEQF,TAKEOFF,0,0.000000,22.111744,-0.049105,0.001767,2.005229,-0.023947,0.036317,4.157684,2.152879,0,0
1784415715.092198,ADAPTIVEQF,TAKEOFF,0,0.000000,4.023323,-0.052116,0.005599,2.012418,-0.023947,0.036317,4.207417,2.195395,0,0
1784415715.142240,ADAPTIVEQF,TAKEOFF,0,0.000000,22.072048,-0.054690,0.007104,2.016267,-0.023947,0.036317,4.257238,2.241373,0,0
1784415715.192204,ADAPTIVEQF,TAKEOFF,0,0.000000,4.144625,-0.059318,0.010365,2.024915,-0.023947,0.036317,4.306983,2.282490,0,0
1784415715.242244,ADAPTIVEQF,TAKEOFF,0,0.000000,22.093066,-0.059492,0.012694,2.030199,-0.023947,0.036317,4.356804,2.326996,0,0
1784415715.292202,ADAPTIVEQF,TAKEOFF,0,0.000000,4.017322,-0.059827,0.016535,2.039972,-0.023947,0.036317,4.406542,2.366925,0,0
1784415715.342245,ADAPTIVEQF,TAKEOFF,0,0.000000,22.063316,-0.059987,0.016621,2.045472,-0.023947,0.036317,4.456366,2.411244,0,0
1784415715.392209,ADAPTIVEQF,TAKEOFF,0,0.000000,4.050682,-0.060408,0.013480,2.058930,-0.023947,0.036317,4.506109,2.447558,0,0
1784415715.442259,ADAPTIVEQF,TAKEOFF,0,0.000000,22.137404,-0.060597,0.012232,2.064398,-0.023947,0.036317,4.555941,2.491929,0,0
1784415715.492197,ADAPTIVEQF,TAKEOFF,0,0.000000,4.058499,-0.058532,0.010220,2.065087,-0.023947,0.036317,4.605658,2.540940,0,0
1784415715.542252,ADAPTIVEQF,TAKEOFF,0,0.000000,22.219183,-0.057484,0.009344,2.065011,-0.023947,0.036317,4.655493,2.590840,0,0
1784415715.592210,ADAPTIVEQF,TAKEOFF,0,0.000000,4.046024,-0.056328,0.006993,2.064970,-0.023947,0.036317,4.705232,2.640623,0,0
1784415715.642256,ADAPTIVEQF,TAKEOFF,0,0.000000,22.134965,-0.056352,0.005848,2.064914,-0.023947,0.036317,4.755058,2.690511,0,0
1784415715.692199,ADAPTIVEQF,TAKEOFF,0,0.000000,4.070276,-0.056207,0.003244,2.064445,-0.023947,0.036317,4.804781,2.740725,0,0
1784415715.742236,ADAPTIVEQF,TAKEOFF,0,0.000000,21.937222,-0.055859,-0.000009,2.061424,-0.023947,0.036317,4.854599,2.793593,0,0
1784415715.792218,ADAPTIVEQF,TAKEOFF,0,0.000000,4.021367,-0.055393,-0.006342,2.056359,-0.023947,0.036317,4.904361,2.848496,0,0
1784415715.842216,ADAPTIVEQF,TAKEOFF,0,0.000000,21.969889,-0.054860,-0.008699,2.053056,-0.023947,0.036317,4.954139,2.901597,0,0
1784415715.892203,ADAPTIVEQF,WAITING,0,0.000000,4.131639,-0.053157,-0.012753,2.044960,-0.023947,0.036317,5.000000,2.955592,0,0
1784415715.942254,ADAPTIVEQF,WAITING,0,0.000000,22.043193,-0.052485,-0.014461,2.041735,0.000000,0.000000,5.000000,2.958766,0,0
1784415715.992210,ADAPTIVEQF,TRACKING,200,15.648477,19.793479,-0.054978,-0.019025,2.038159,0.000000,0.000000,5.000000,2.962412,0,0
1784415716.042256,ADAPTIVEQF,TRACKING,383,31.200900,53.303289,-0.056530,-0.020903,2.037349,0.000000,0.000000,5.000000,2.963264,0,0
1784415716.092211,ADAPTIVEQF,TRACKING,375,24.568471,28.610626,-0.059090,-0.024410,2.037896,0.000000,0.000000,5.000000,2.962794,0,0
1784415716.142239,ADAPTIVEQF,TRACKING,399,28.804037,51.028490,-0.060162,-0.026014,2.039057,0.000000,0.000000,5.000000,2.961668,0,0
1784415716.192215,ADAPTIVEQF,TRACKING,400,27.562175,31.669550,-0.061901,-0.028265,2.042294,0.000000,0.000000,5.000000,2.958489,0,0
1784415716.242246,ADAPTIVEQF,TRACKING,400,28.919630,51.235640,-0.059970,-0.026621,2.044188,0.000000,0.000000,5.000000,2.956540,0,0
1784415716.292200,ADAPTIVEQF,TRACKING,400,27.149787,31.342256,-0.056595,-0.023564,2.048207,0.000000,0.000000,5.000000,2.952429,0,0
1784415716.342253,ADAPTIVEQF,TRACKING,400,28.500844,50.710120,-0.054631,-0.021848,2.049691,0.000000,0.000000,5.000000,2.950895,0,0
1784415716.392202,ADAPTIVEQF,TRACKING,400,28.307471,32.380464,-0.049842,-0.017679,2.052283,0.000000,0.000000,5.000000,2.948192,0,0
1784415716.442230,ADAPTIVEQF,TRACKING,400,27.302241,48.933708,-0.048023,-0.015962,2.053637,0.000000,0.000000,5.000000,2.946798,0,0
1784415716.492229,ADAPTIVEQF,TRACKING,400,28.309901,32.454904,-0.041505,-0.017644,2.054015,0.000000,0.000000,5.000000,2.946330,0,0
1784415716.542228,ADAPTIVEQF,TRACKING,400,27.943107,49.554921,-0.038379,-0.018628,2.054302,0.000000,0.000000,5.000000,2.946007,0,0
1784415716.592219,ADAPTIVEQF,TRACKING,400,27.598915,31.668079,-0.034523,-0.018926,2.056933,0.000000,0.000000,5.000000,2.943331,0,0
1784415716.642266,ADAPTIVEQF,TRACKING,400,27.769819,50.025690,-0.034317,-0.018157,2.058942,0.000000,0.000000,5.000000,2.941314,0,0
1784415716.692221,ADAPTIVEQF,TRACKING,400,27.831362,31.952593,-0.033481,-0.016216,2.061117,0.000000,0.000000,5.000000,2.939118,0,0
1784415716.742234,ADAPTIVEQF,TRACKING,400,27.626224,49.710651,-0.031392,-0.014158,2.055702,0.000000,0.000000,5.000000,2.944499,0,0
1784415716.792222,ADAPTIVEQF,TRACKING,400,27.849304,32.015950,-0.027322,-0.009431,2.046072,0.000000,0.000000,5.000000,2.954069,0,0
1784415716.842247,ADAPTIVEQF,TRACKING,400,28.347355,50.431961,-0.026213,-0.007888,2.040326,0.000000,0.000000,5.000000,2.959800,0,0
1784415716.892220,ADAPTIVEQF,TRACKING,400,27.554358,31.663006,-0.025175,-0.005870,2.026670,0.000000,0.000000,5.000000,2.973442,0,0
1784415716.942267,ADAPTIVEQF,TRACKING,400,27.870174,50.083839,-0.024738,-0.004751,2.021020,0.000000,0.000000,5.000000,2.979087,0,0
1784415716.992223,ADAPTIVEQF,TRACKING,400,27.636930,31.756860,-0.024329,-0.002624,2.011297,0.000000,0.000000,5.000000,2.988803,0,0
1784415717.042275,ADAPTIVEQF,TRACKING,400,28.278512,50.580314,-0.024247,-0.001663,2.007912,0.000000,0.000000,5.000000,2.992186,0,0
1784415717.092199,ADAPTIVEQF,TRACKING,400,27.553463,31.735728,-0.023221,0.002263,1.999765,0.000000,0.000000,5.000000,3.000325,0,0
1784415717.142261,ADAPTIVEQF,TRACKING,400,28.228442,50.359467,-0.022306,0.005087,1.995116,0.000000,0.000000,5.000000,3.004971,0,0
1784415717.192247,ADAPTIVEQF,TRACKING,400,27.522184,31.632678,-0.020376,0.010353,1.987019,0.000000,0.000000,5.000000,3.013068,0,0
1784415717.242235,ADAPTIVEQF,TRACKING,400,27.865021,50.020682,-0.019801,0.010546,1.984598,0.000000,0.000000,5.000000,3.015485,0,0
1784415717.292213,ADAPTIVEQF,TRACKING,400,27.977937,32.020105,-0.018588,0.011043,1.981037,0.000000,0.000000,5.000000,3.019041,0,0
1784415717.342241,ADAPTIVEQF,TRACKING,400,28.727599,50.706592,-0.018735,0.011964,1.979897,0.000000,0.000000,5.000000,3.020184,0,0
1784415717.392226,ADAPTIVEQF,TRACKING,400,31.192262,35.378184,-0.021038,0.015323,1.978872,0.000000,0.000000,5.000000,3.021240,0,0
1784415717.442254,ADAPTIVEQF,TRACKING,400,29.842738,48.536198,-0.021994,0.016750,1.978838,0.000000,0.000000,5.000000,3.021289,0,0
1784415717.492208,ADAPTIVEQF,TRACKING,400,26.218370,30.368163,-0.022886,0.015532,1.977960,0.000000,0.000000,5.000000,3.022166,0,0
1784415717.542258,ADAPTIVEQF,TRACKING,400,29.102031,51.346475,-0.023209,0.014982,1.977744,0.000000,0.000000,5.000000,3.022383,0,0
1784415717.592221,ADAPTIVEQF,TRACKING,400,26.552435,30.647972,-0.025406,0.013409,1.977388,0.000000,0.000000,5.000000,3.022749,0,0
1784415717.642242,ADAPTIVEQF,TRACKING,400,28.542904,50.673519,-0.027104,0.012547,1.977176,0.000000,0.000000,5.000000,3.022971,0,0
1784415717.692214,ADAPTIVEQF,TRACKING,400,27.645937,31.730087,-0.030438,0.011443,1.977466,0.000000,0.000000,5.000000,3.022709,0,0
1784415717.742238,ADAPTIVEQF,TRACKING,400,27.748563,49.996261,-0.032765,0.010995,1.977909,0.000000,0.000000,5.000000,3.022289,0,0
1784415717.792253,ADAPTIVEQF,TRACKING,400,24.732747,28.697050,-0.037313,0.010624,1.979561,0.000000,0.000000,5.000000,3.020688,0,0
1784415717.842260,ADAPTIVEQF,TRACKING,400,28.734426,50.993418,-0.037573,0.010645,1.980928,0.000000,0.000000,5.000000,3.019325,0,0
1784415717.892227,ADAPTIVEQF,TRACKING,400,27.446533,31.661843,-0.035814,0.010868,1.984414,0.000000,0.000000,5.000000,3.015818,0,0
1784415717.942239,ADAPTIVEQF,TRACKING,400,28.058423,50.225314,-0.034713,0.010904,1.986432,0.000000,0.000000,5.000000,3.013788,0,0
1784415717.992247,ADAPTIVEQF,TRACKING,400,25.385890,29.358695,-0.033519,0.008416,1.987846,0.000000,0.000000,5.000000,3.012352,0,0
1784415718.042258,ADAPTIVEQF,TRACKING,400,28.994006,51.226512,-0.032491,0.007397,1.988569,0.000000,0.000000,5.000000,3.011615,0,0
1784415718.092213,ADAPTIVEQF,TRACKING,400,27.345756,31.519860,-0.027471,0.004157,1.991857,0.000000,0.000000,5.000000,3.008271,0,0
1784415718.142234,ADAPTIVEQF,TRACKING,400,28.068244,50.242027,-0.024007,0.002207,1.994675,0.000000,0.000000,5.000000,3.005421,0,0
1784415718.192227,ADAPTIVEQF,TRACKING,400,27.308049,31.437277,-0.014156,-0.001698,2.006927,0.000000,0.000000,5.000000,2.993107,0,0
1784415718.242280,ADAPTIVEQF,TRACKING,400,28.976792,51.351384,-0.009082,-0.004061,2.016708,0.000000,0.000000,5.000000,2.983309,0,0
1784415718.292213,ADAPTIVEQF,TRACKING,400,26.461961,30.675047,0.002750,-0.008301,2.042297,0.000000,0.000000,5.000000,2.957716,0,0
1784415718.342255,ADAPTIVEQF,TRACKING,400,31.027292,53.284024,0.009692,-0.011034,2.058747,0.000000,0.000000,5.000000,2.941290,0,0
1784415718.392224,ADAPTIVEQF,TRACKING,400,26.510640,30.634420,0.027705,-0.018019,2.104874,0.000000,0.000000,5.000000,2.895314,0,0
1784415718.442244,ADAPTIVEQF,TRACKING,400,28.508336,50.757839,0.036461,-0.020988,2.128711,0.000000,0.000000,5.000000,2.871597,0,0
1784415718.492232,ADAPTIVEQF,TRACKING,400,27.501460,31.678293,0.063039,-0.024923,2.187275,0.000000,0.000000,5.000000,2.813541,0,0
1784415718.542246,ADAPTIVEQF,TRACKING,400,28.255680,50.475878,0.076671,-0.026577,2.219456,0.000000,0.000000,5.000000,2.781728,0,0
1784415718.592232,ADAPTIVEQF,TRACKING,400,27.153447,31.207722,0.108031,-0.029533,2.296347,0.000000,0.000000,5.000000,2.705972,0,0
1784415718.642251,ADAPTIVEQF,TRACKING,400,27.721642,49.857637,0.122099,-0.030563,2.331719,0.000000,0.000000,5.000000,2.671248,0,0
1784415718.692235,ADAPTIVEQF,TRACKING,400,27.731815,31.766675,0.147656,-0.031658,2.405250,0.000000,0.000000,5.000000,2.599141,0,0
1784415718.742282,ADAPTIVEQF,TRACKING,400,27.228390,49.472275,0.158246,-0.032226,2.443021,0.000000,0.000000,5.000000,2.562074,0,0
1784415718.792240,ADAPTIVEQF,TRACKING,400,27.793356,31.842972,0.180044,-0.032153,2.528816,0.000000,0.000000,5.000000,2.477943,0,0
1784415718.842252,ADAPTIVEQF,TRACKING,400,27.928342,50.072592,0.188045,-0.030740,2.567250,0.000000,0.000000,5.000000,2.440201,0,0
1784415718.892241,ADAPTIVEQF,TRACKING,400,27.513922,31.469340,0.201230,-0.025700,2.643283,0.000000,0.000000,5.000000,2.365432,0,0
1784415718.942285,ADAPTIVEQF,TRACKING,400,27.360004,49.612070,0.207100,-0.023011,2.681822,0.000000,0.000000,5.000000,2.327525,0,0
1784415718.992238,ADAPTIVEQF,TRACKING,400,27.510100,31.536564,0.215797,-0.015980,2.775678,0.000000,0.000000,5.000000,2.234823,0,0
1784415719.042252,ADAPTIVEQF,TRACKING,400,27.671508,49.799042,0.218232,-0.013170,2.818671,0.000000,0.000000,5.000000,2.192258,0,0
1784415719.092222,ADAPTIVEQF,TRACKING,400,26.388772,30.624225,0.221403,-0.008139,2.905574,0.000000,0.000000,5.000000,2.106111,0,0
1784415719.142221,ADAPTIVEQF,TRACKING,400,25.882560,43.942986,0.222345,-0.005807,2.948856,0.000000,0.000000,5.000000,2.063168,0,0
1784415719.192218,ADAPTIVEQF,TRACKING,400,25.765512,30.042853,0.224012,-0.001622,3.045233,0.000000,0.000000,5.000000,1.967562,0,0
1784415719.242221,ADAPTIVEQF,TRACKING,400,24.944439,47.188499,0.226226,-0.001344,3.085959,0.000000,0.000000,5.000000,1.927364,0,0
1784415719.292216,ADAPTIVEQF,TRACKING,400,24.097363,28.415530,0.229066,-0.000407,3.167711,0.000000,0.000000,5.000000,1.846552,0,0
1784415719.342270,ADAPTIVEQF,TRACKING,400,26.138232,48.374846,0.229665,-0.000396,3.207452,0.000000,0.000000,5.000000,1.807201,0,0
1784415719.392219,ADAPTIVEQF,TRACKING,400,24.318981,28.584702,0.229186,-0.000978,3.295187,0.000000,0.000000,5.000000,1.720150,0,0
1784415719.442218,ADAPTIVEQF,TRACKING,400,23.988677,46.162739,0.227985,-0.000959,3.335159,0.000000,0.000000,5.000000,1.680379,0,0
1784415719.492223,ADAPTIVEQF,TRACKING,400,27.076231,31.395117,0.220559,-0.007648,3.421945,0.000000,0.000000,5.000000,1.593412,0,0
1784415719.542265,ADAPTIVEQF,TRACKING,400,25.766828,47.993199,0.216625,-0.011004,3.466151,0.000000,0.000000,5.000000,1.549110,0,0
1784415719.592225,ADAPTIVEQF,TRACKING,400,27.488891,31.735118,0.206700,-0.018290,3.563651,0.000000,0.000000,5.000000,1.451261,0,0
1784415719.642276,ADAPTIVEQF,TRACKING,400,27.923700,50.227937,0.201600,-0.021244,3.605821,0.000000,0.000000,5.000000,1.408840,0,0
1784415719.692234,ADAPTIVEQF,TRACKING,400,24.256537,26.236120,0.191432,-0.026588,3.689544,0.000000,0.000000,5.000000,1.324631,0,0
1784415719.742221,ADAPTIVEQF,TRACKING,400,24.492061,46.700184,0.186766,-0.031587,3.727683,0.000000,0.000000,5.000000,1.286340,0,0
1784415719.792226,ADAPTIVEQF,TRACKING,400,25.677283,29.854981,0.175299,-0.041083,3.816049,0.000000,0.000000,5.000000,1.197563,0,0
1784415719.842255,ADAPTIVEQF,TRACKING,400,26.452425,48.724557,0.169083,-0.044195,3.856034,0.000000,0.000000,5.000000,1.157238,0,0
1784415719.892233,ADAPTIVEQF,TRACKING,400,24.406346,28.577272,0.154864,-0.048697,3.936870,0.000000,0.000000,5.000000,1.075453,0,0
1784415719.942241,ADAPTIVEQF,TRACKING,400,25.021872,47.264386,0.147618,-0.050912,3.978254,0.000000,0.000000,5.000000,1.033609,0,0
1784415719.992235,ADAPTIVEQF,TRACKING,400,25.675487,29.896038,0.134185,-0.053363,4.076725,0.000000,0.000000,5.000000,0.934500,0,0
1784415720.042246,ADAPTIVEQF,TRACKING,400,27.154038,49.347920,0.128407,-0.054127,4.121383,0.000000,0.000000,5.000000,0.889599,0,0
1784415720.092232,ADAPTIVEQF,TRACKING,400,27.877190,31.776697,0.117261,-0.055645,4.208890,0.000000,0.000000,5.000000,0.801686,0,0
1784415720.142252,ADAPTIVEQF,TRACKING,400,25.484910,47.526518,0.111759,-0.056457,4.251639,0.000000,0.000000,5.000000,0.758763,0,0
1784415720.192248,ADAPTIVEQF,TRACKING,400,27.443989,31.520360,0.099091,-0.058802,4.348120,0.000000,0.000000,5.000000,0.661985,0,0
1784415720.242276,ADAPTIVEQF,TRACKING,400,28.429464,50.688211,0.094806,-0.061717,4.387962,0.000000,0.000000,5.000000,0.622404,0,0
1784415720.292250,ADAPTIVEQF,TRACKING,400,27.515394,31.603341,0.085466,-0.066036,4.467097,0.000000,0.000000,5.000000,0.543738,0,0
1784415720.342250,ADAPTIVEQF,TRACKING,400,24.665910,46.972121,0.080156,-0.068028,4.506091,0.000000,0.000000,5.000000,0.504974,0,0
1784415720.392252,ADAPTIVEQF,TRACKING,400,28.250084,32.356411,0.066984,-0.071684,4.592375,0.000000,0.000000,5.000000,0.419265,0,0
1784415720.442277,ADAPTIVEQF,TRACKING,400,27.171949,48.844664,0.060809,-0.072544,4.628548,0.000000,0.000000,5.000000,0.383324,0,0
1784415720.492258,ADAPTIVEQF,TRACKING,400,27.231879,31.359465,0.049081,-0.069764,4.690817,0.000000,0.000000,5.000000,0.320734,0,0
1784415720.542270,ADAPTIVEQF,TRACKING,400,27.288960,49.605631,0.043288,-0.067798,4.718127,2.000000,0.000000,5.000000,1.978072,0,0
1784415720.592248,ADAPTIVEQF,TRACKING,400,27.195090,31.361954,0.030415,-0.062836,4.773397,2.000000,0.000000,5.000000,1.983573,0,0
1784415720.642267,ADAPTIVEQF,TRACKING,400,27.435494,49.654271,0.024790,-0.060444,4.796543,2.000000,0.000000,5.000000,1.986581,0,0
1784415720.692255,ADAPTIVEQF,TRACKING,400,28.352519,32.428555,0.014122,-0.054852,4.834524,2.000000,0.000000,5.000000,1.993515,0,0
1784415720.742274,ADAPTIVEQF,TRACKING,400,27.955704,49.532193,0.009930,-0.050911,4.848441,2.000000,0.000000,5.000000,1.996482,0,0
1784415720.792251,ADAPTIVEQF,TRACKING,400,27.543468,31.638114,0.001969,-0.042612,4.867059,2.000000,0.000000,5.000000,2.002902,0,0
1784415720.842283,ADAPTIVEQF,TRACKING,400,27.489333,49.710338,-0.001278,-0.037531,4.868263,2.000000,0.000000,5.000000,2.005961,0,0
1784415720.892248,ADAPTIVEQF,TRACKING,400,27.484876,31.559981,-0.004950,-0.025724,4.864806,2.000000,0.000000,5.000000,2.009668,0,0
1784415720.942275,ADAPTIVEQF,TRACKING,400,27.757566,50.100001,-0.003737,-0.021043,4.862770,2.000000,0.000000,5.000000,2.008541,0,0
1784415720.992254,ADAPTIVEQF,TRACKING,400,28.169039,32.275824,0.008503,-0.017550,4.850816,2.000000,0.000000,5.000000,1.997154,0,0
1784415721.042260,ADAPTIVEQF,TRACKING,400,27.384198,49.093943,0.017754,-0.016836,4.843159,2.000000,0.000000,5.000000,1.988513,0,0
1784415721.092253,ADAPTIVEQF,TRACKING,400,27.570893,31.662659,0.049797,-0.018036,4.828325,2.000000,0.000000,5.000000,1.957828,0,0
1784415721.142284,ADAPTIVEQF,TRACKING,400,26.835479,49.058616,0.071661,-0.019485,4.819740,2.000000,0.000000,5.000000,1.936844,0,0
1784415721.192370,ADAPTIVEQF,TRACKING,400,27.324044,31.435397,0.129066,-0.021085,4.797780,2.000000,0.000000,5.000000,1.881949,0,0
1784415721.242280,ADAPTIVEQF,TRACKING,400,27.180480,49.433780,0.162704,-0.023002,4.787048,2.000000,0.000000,5.000000,1.849739,0,0
1784415721.292256,ADAPTIVEQF,TRACKING,400,27.581666,31.737580,0.234556,-0.026035,4.766641,2.000000,0.000000,5.000000,1.780990,0,0
1784415721.342303,ADAPTIVEQF,TRACKING,400,26.740461,48.983834,0.275429,-0.028188,4.762415,2.000000,0.000000,5.000000,1.741087,0,0
1784415721.392257,ADAPTIVEQF,TRACKING,400,27.542620,31.644071,0.375672,-0.033215,4.756340,2.000000,0.000000,5.000000,1.642838,0,0
1784415721.442292,ADAPTIVEQF,TRACKING,400,26.752624,49.086883,0.421566,-0.034455,4.753440,2.000000,0.000000,5.000000,1.597947,0,0
1784415721.492262,ADAPTIVEQF,TRACKING,400,28.326703,32.550199,0.522612,-0.038507,4.743392,2.000000,0.000000,5.000000,1.500002,0,0
1784415721.542262,ADAPTIVEQF,TRACKING,400,27.032157,48.610522,0.574566,-0.040091,4.741173,2.000000,0.000000,5.000000,1.449296,0,0
1784415721.592260,ADAPTIVEQF,TRACKING,400,26.565731,30.740913,0.693134,-0.040135,4.737903,2.000000,0.000000,5.000000,1.333493,0,0
1784415721.642277,ADAPTIVEQF,TRACKING,400,26.582683,48.852029,0.746568,-0.038381,4.737022,2.000000,0.000000,5.000000,1.281297,0,0
1784415721.692253,ADAPTIVEQF,TRACKING,400,25.827786,29.940797,0.855330,-0.035192,4.739143,2.000000,0.000000,5.000000,1.174545,0,0
1784415721.742270,ADAPTIVEQF,TRACKING,400,26.143269,48.418038,0.911591,-0.035624,4.742569,2.000000,0.000000,5.000000,1.119005,0,0
1784415721.792253,ADAPTIVEQF,TRACKING,400,26.174170,30.382341,1.039211,-0.035300,4.754449,2.000000,0.000000,5.000000,0.992299,0,0
1784415721.842307,ADAPTIVEQF,TRACKING,400,26.749594,49.023807,1.096780,-0.034847,4.759763,2.000000,0.000000,5.000000,0.935272,0,0
1784415721.892256,ADAPTIVEQF,TRACKING,400,26.103343,30.333802,1.213280,-0.033333,4.769453,2.000000,0.000000,5.000000,0.820482,0,0
1784415721.942268,ADAPTIVEQF,TRACKING,400,26.532901,48.504025,1.271549,-0.031953,4.773263,2.000000,0.000000,5.000000,0.763591,0,0
1784415721.992265,ADAPTIVEQF,TRACKING,400,27.414792,31.425267,1.404905,-0.019163,4.774653,2.000000,0.000000,5.000000,0.636621,0,0
1784415722.042290,ADAPTIVEQF,TRACKING,400,27.206318,49.482238,1.464296,-0.012261,4.776283,2.000000,0.000000,5.000000,0.580671,0,0
1784415722.092267,ADAPTIVEQF,TRACKING,400,26.930551,31.074122,1.583914,0.000730,4.779093,2.000000,0.000000,5.000000,0.471093,0,0
1784415722.142301,ADAPTIVEQF,TRACKING,400,27.495357,49.738848,1.644016,0.006751,4.784204,2.000000,0.000000,5.000000,0.416338,0,0
1784415722.192266,ADAPTIVEQF,TRACKING,400,28.197766,32.303129,1.777485,0.019858,4.810998,2.000000,2.000000,5.000000,2.001549,0,0
1784415722.242275,ADAPTIVEQF,TRACKING,400,24.739231,46.417802,1.836693,0.023284,4.825137,2.000000,2.000000,5.000000,1.991143,0,0
1784415722.292271,ADAPTIVEQF,TRACKING,400,28.082443,32.193166,1.952121,0.030227,4.849319,2.000000,2.000000,5.000000,1.976108,0,0
1784415722.342271,ADAPTIVEQF,TRACKING,400,27.087703,48.926294,2.008400,0.034136,4.857172,2.000000,2.000000,5.000000,1.971064,0,0
1784415722.392247,ADAPTIVEQF,TRACKING,400,27.823598,31.916031,2.130313,0.043593,4.886436,2.000000,2.000000,5.000000,1.964028,0,0
1784415722.442275,ADAPTIVEQF,TRACKING,400,27.147790,49.270849,2.182777,0.048340,4.901006,2.000000,2.000000,5.000000,1.962698,0,0
1784415722.492246,ADAPTIVEQF,TRACKING,400,27.096373,31.203472,2.285347,0.051857,4.919024,2.000000,2.000000,5.000000,1.970594,0,0
1784415722.542275,ADAPTIVEQF,TRACKING,400,28.289240,50.555017,2.333907,0.055646,4.925653,2.000000,2.000000,5.000000,1.974217,0,0
1784415722.592249,ADAPTIVEQF,TRACKING,400,27.249375,31.320542,2.431726,0.074567,4.944604,2.000000,2.000000,5.000000,1.974018,0,0
1784415722.642300,ADAPTIVEQF,TRACKING,400,27.968737,50.262594,2.470667,0.087073,4.951588,2.000000,2.000000,5.000000,1.970573,0,0
1784415722.692266,ADAPTIVEQF,TRACKING,400,27.347349,31.486051,2.544061,0.118124,4.953799,2.000000,2.000000,5.000000,1.959489,0,0
1784415722.742291,ADAPTIVEQF,TRACKING,400,27.858616,50.053823,2.584258,0.144563,4.947320,2.000000,2.000000,5.000000,1.945965,0,0
1784415722.792249,ADAPTIVEQF,TRACKING,400,27.405837,31.610782,2.640935,0.196502,4.946807,2.000000,2.000000,5.000000,1.914741,0,0
1784415722.842265,ADAPTIVEQF,TRACKING,400,27.611223,49.815555,2.664305,0.230269,4.950350,2.000000,2.000000,5.000000,1.890956,0,0
1784415722.892270,ADAPTIVEQF,TRACKING,400,27.360686,31.546604,2.704193,0.308736,4.952412,2.000000,2.000000,5.000000,1.832628,0,0
1784415722.942309,ADAPTIVEQF,TRACKING,400,27.975486,50.233438,2.722465,0.349365,4.951363,2.000000,2.000000,5.000000,1.802475,0,0
1784415722.992266,ADAPTIVEQF,TRACKING,400,26.608516,30.684895,2.752235,0.447974,4.951569,2.000000,2.000000,5.000000,1.725395,0,0
1784415723.042309,ADAPTIVEQF,TRACKING,400,28.049003,50.334231,2.762529,0.493177,4.949758,2.000000,2.000000,5.000000,1.689523,0,0
1784415723.092251,ADAPTIVEQF,TRACKING,400,28.012353,32.111942,2.774355,0.586967,4.937505,2.000000,2.000000,5.000000,1.612512,0,0
1784415723.142293,ADAPTIVEQF,TRACKING,400,27.492385,49.448539,2.775563,0.635498,4.930097,2.000000,2.000000,5.000000,1.571066,0,0
1784415723.192270,ADAPTIVEQF,TRACKING,400,27.273292,31.371212,2.771926,0.745459,4.912537,2.000000,2.000000,5.000000,1.475599,0,0
1784415723.242312,ADAPTIVEQF,TRACKING,400,27.824953,50.099956,2.764178,0.795556,4.905972,2.000000,2.000000,5.000000,1.429508,0,0
1784415723.292274,ADAPTIVEQF,TRACKING,400,27.250468,31.384228,2.742711,0.895585,4.900887,2.000000,2.000000,5.000000,1.334606,0,0
1784415723.342298,ADAPTIVEQF,TRACKING,400,27.495484,49.783427,2.726666,0.944809,4.902344,2.000000,2.000000,5.000000,1.284916,0,0
1784415723.392269,ADAPTIVEQF,TRACKING,400,27.055297,31.125232,2.680159,1.053528,4.911512,2.000000,2.000000,5.000000,1.168869,0,0
1784415723.442312,ADAPTIVEQF,TRACKING,400,27.277695,49.593878,2.658319,1.101420,4.914673,2.000000,2.000000,5.000000,1.117189,0,0
1784415723.492273,ADAPTIVEQF,TRACKING,400,27.132429,31.247716,2.609739,1.197909,4.916208,2.000000,2.000000,5.000000,1.011016,0,0
1784415723.542282,ADAPTIVEQF,TRACKING,400,28.263843,50.451874,2.584625,1.246104,4.916916,2.000000,2.000000,5.000000,0.957626,0,0
1784415723.592273,ADAPTIVEQF,TRACKING,400,26.713159,30.790992,2.526443,1.352603,4.923807,2.000000,2.000000,5.000000,0.837896,0,0
1784415723.642298,ADAPTIVEQF,TRACKING,400,27.671944,49.988049,2.500143,1.399027,4.926861,2.000000,2.000000,5.000000,0.785278,0,0
1784415723.692259,ADAPTIVEQF,TRACKING,400,27.831613,31.977170,2.446120,1.492741,4.931312,2.000000,2.000000,5.000000,0.679009,0,0
1784415723.742313,ADAPTIVEQF,TRACKING,400,26.457374,48.596184,2.417225,1.541208,4.932700,2.000000,2.000000,5.000000,0.623775,0,0
1784415723.792259,ADAPTIVEQF,TRACKING,400,27.466786,31.633305,2.351628,1.649730,4.931629,2.000000,2.000000,5.000000,0.501005,0,0
1784415723.842305,ADAPTIVEQF,TRACKING,400,27.185936,49.528866,2.321273,1.697790,4.931117,2.000000,2.000000,5.000000,0.446422,0,0
1784415723.892273,ADAPTIVEQF,TRACKING,400,27.055479,31.106370,2.258793,1.793371,4.930481,2.000000,2.000000,5.000000,0.338382,0,0
1784415723.942307,ADAPTIVEQF,TRACKING,400,27.600638,50.008143,2.227470,1.840492,4.930759,0.000000,2.000000,5.000000,2.234247,0,0
1784415723.992263,ADAPTIVEQF,TRACKING,400,27.613670,31.645739,2.158611,1.949525,4.931182,0.000000,2.000000,5.000000,2.160297,0,0
1784415724.042316,ADAPTIVEQF,TRACKING,400,27.368568,49.693593,2.128298,1.996844,4.932033,0.000000,2.000000,5.000000,2.129385,0,0
1784415724.092277,ADAPTIVEQF,TRACKING,400,27.283547,31.507323,2.067523,2.087479,4.933346,0.000000,2.000000,5.000000,2.070446,0,0
1784415724.142299,ADAPTIVEQF,TRACKING,400,28.320957,50.676579,2.036987,2.130836,4.932300,0.000000,2.000000,5.000000,2.042307,0,0
1784415724.192262,ADAPTIVEQF,TRACKING,400,26.747534,30.915249,1.968915,2.222975,4.925000,0.000000,2.000000,5.000000,1.982919,0,0
1784415724.242306,ADAPTIVEQF,TRACKING,400,27.054412,49.351874,1.942974,2.261583,4.914486,0.000000,2.000000,5.000000,1.962368,0,0
1784415724.292281,ADAPTIVEQF,TRACKING,400,27.506744,31.684057,1.888542,2.335229,4.886797,0.000000,2.000000,5.000000,1.921402,0,0
1784415724.342291,ADAPTIVEQF,TRACKING,400,26.330746,48.572892,1.859330,2.367908,4.875770,0.000000,2.000000,5.000000,1.899447,0,0
1784415724.392279,ADAPTIVEQF,TRACKING,400,26.932122,31.013457,1.787628,2.430813,4.862822,0.000000,2.000000,5.000000,1.843918,0,0
1784415724.442322,ADAPTIVEQF,TRACKING,400,27.499125,49.923955,1.753209,2.456015,4.860273,0.000000,2.000000,5.000000,1.816925,0,0
1784415724.492277,ADAPTIVEQF,TRACKING,400,27.308343,31.498279,1.680001,2.494353,4.856761,0.000000,2.000000,5.000000,1.757073,0,0
1784415724.542316,ADAPTIVEQF,TRACKING,400,27.560898,49.851712,1.641510,2.511460,4.854641,0.000000,2.000000,5.000000,1.725478,0,0
1784415724.592278,ADAPTIVEQF,TRACKING,400,27.399308,31.502598,1.547963,2.545617,4.854543,0.000000,2.000000,5.000000,1.647739,0,0
1784415724.642321,ADAPTIVEQF,TRACKING,400,27.665025,49.973321,1.503460,2.558738,4.855474,0.000000,2.000000,5.000000,1.610424,0,0
1784415724.692279,ADAPTIVEQF,TRACKING,400,28.116762,32.229638,1.411534,2.580808,4.858595,0.000000,2.000000,5.000000,1.532893,0,0
1784415724.742322,ADAPTIVEQF,TRACKING,400,27.046587,48.865384,1.364477,2.590117,4.861592,0.000000,2.000000,5.000000,1.493047,0,0
1784415724.792279,ADAPTIVEQF,TRACKING,400,27.424062,31.497673,1.255606,2.604492,4.873052,0.000000,2.000000,5.000000,1.399311,0,0
1784415724.842390,ADAPTIVEQF,TRACKING,400,27.721574,50.048430,1.205868,2.606529,4.879484,0.000000,2.000000,5.000000,1.355182,0,0
1784415724.892283,ADAPTIVEQF,TRACKING,400,26.974357,31.091484,1.104635,2.603839,4.890879,0.000000,2.000000,5.000000,1.263625,0,0
1784415724.942317,ADAPTIVEQF,TRACKING,400,28.653191,51.019972,1.053415,2.600644,4.897185,0.000000,2.000000,5.000000,1.216975,0,0
1784415724.992279,ADAPTIVEQF,TRACKING,400,27.540444,31.669535,0.937141,2.587950,4.907041,0.000000,2.000000,5.000000,1.110207,0,0
1784415725.042388,ADAPTIVEQF,TRACKING,400,27.316030,49.624963,0.885254,2.580340,4.910589,0.000000,2.000000,5.000000,1.062292,0,0
1784415725.092286,ADAPTIVEQF,TRACKING,400,27.200932,31.266947,0.779422,2.561928,4.913174,0.000000,2.000000,5.000000,0.964780,0,0
1784415725.142293,ADAPTIVEQF,TRACKING,400,27.241878,49.540449,0.725736,2.551209,4.911791,0.000000,2.000000,5.000000,0.915590,0,0
1784415725.192269,ADAPTIVEQF,TRACKING,400,27.523547,31.713305,0.605407,2.521760,4.916298,0.000000,2.000000,5.000000,0.803590,0,0
1784415725.242294,ADAPTIVEQF,TRACKING,400,27.295617,49.647728,0.552484,2.505044,4.919392,0.000000,2.000000,5.000000,0.752865,0,0
1784415725.292287,ADAPTIVEQF,TRACKING,400,27.349535,31.538969,0.447415,2.469189,4.928556,0.000000,2.000000,5.000000,0.652244,0,0
1784415725.342319,ADAPTIVEQF,TRACKING,400,27.304068,49.635468,0.397789,2.449447,4.933170,0.000000,2.000000,5.000000,0.603908,0,0
1784415725.392288,ADAPTIVEQF,TRACKING,400,27.141420,31.256967,0.291969,2.401514,4.938745,0.000000,2.000000,5.000000,0.500212,0,0
1784415725.442326,ADAPTIVEQF,TRACKING,400,27.318635,49.608781,0.245152,2.379298,4.939141,0.000000,2.000000,5.000000,0.455709,0,0
1784415725.492291,ADAPTIVEQF,TRACKING,400,27.382570,31.442277,0.153638,2.331612,4.940852,0.000000,2.000000,5.000000,0.370229,0,0
1784415725.542305,ADAPTIVEQF,TRACKING,400,26.976040,49.262799,0.108514,2.306791,4.943862,0.000000,2.000000,5.000000,0.330224,0,0
1784415725.592288,ADAPTIVEQF,TRACKING,400,27.242862,31.385347,0.008420,2.251126,4.947958,0.000000,0.000000,5.000000,2.251743,0,0
1784415725.642398,ADAPTIVEQF,TRACKING,400,27.883899,50.270904,-0.035190,2.226704,4.946729,0.000000,0.000000,5.000000,2.227619,0,0
1784415725.692289,ADAPTIVEQF,TRACKING,400,27.725595,32.001297,-0.117892,2.176045,4.948093,0.000000,0.000000,5.000000,2.179854,0,0
1784415725.742393,ADAPTIVEQF,TRACKING,400,28.086933,50.361294,-0.155993,2.148109,4.952876,0.000000,0.000000,5.000000,2.154281,0,0
1784415725.792307,ADAPTIVEQF,TRACKING,400,27.510708,31.677006,-0.238372,2.084804,4.958775,0.000000,0.000000,5.000000,2.098792,0,0
1784415725.842312,ADAPTIVEQF,TRACKING,400,27.948817,50.219145,-0.272777,2.057167,4.955539,0.000000,0.000000,5.000000,2.075650,0,0
1784415725.892294,ADAPTIVEQF,TRACKING,400,27.076603,31.195600,-0.336690,2.001643,4.945413,0.000000,0.000000,5.000000,2.030496,0,0
1784415725.942315,ADAPTIVEQF,TRACKING,400,25.519514,47.720177,-0.367105,1.972582,4.939444,0.000000,0.000000,5.000000,2.007365,0,0
1784415725.992296,ADAPTIVEQF,TRACKING,400,28.353353,32.569481,-0.429830,1.903731,4.920997,0.000000,0.000000,5.000000,1.953250,0,0
1784415726.042324,ADAPTIVEQF,TRACKING,400,27.347286,48.926439,-0.455869,1.871104,4.911823,0.000000,0.000000,5.000000,1.927854,0,0
1784415726.092286,ADAPTIVEQF,TRACKING,400,27.639876,31.869912,-0.503150,1.801803,4.892390,0.000000,0.000000,5.000000,1.873828,0,0
1784415726.142329,ADAPTIVEQF,TRACKING,400,27.688094,50.015146,-0.523620,1.764764,4.885314,0.000000,0.000000,5.000000,1.844376,0,0
1784415726.192285,ADAPTIVEQF,TRACKING,400,27.020592,31.108783,-0.560928,1.674830,4.882022,0.000000,0.000000,5.000000,1.770202,0,0
1784415726.242331,ADAPTIVEQF,TRACKING,400,28.072208,50.506413,-0.572696,1.630919,4.881319,0.000000,0.000000,5.000000,1.732618,0,0
1784415726.292293,ADAPTIVEQF,TRACKING,400,27.772066,31.874385,-0.591560,1.540311,4.882978,0.000000,0.000000,5.000000,1.654145,0,0
1784415726.342411,ADAPTIVEQF,TRACKING,400,29.111366,51.383799,-0.599664,1.491955,4.883545,0.000000,0.000000,5.000000,1.612169,0,0
1784415726.392287,ADAPTIVEQF,TRACKING,400,26.477240,30.596150,-0.613056,1.376777,4.892094,0.000000,0.000000,5.000000,1.510959,0,0
1784415726.442332,ADAPTIVEQF,TRACKING,400,28.642839,51.008961,-0.615499,1.324806,4.901888,0.000000,0.000000,5.000000,1.464096,0,0
1784415726.492293,ADAPTIVEQF,TRACKING,400,26.777915,30.871971,-0.609963,1.212683,4.919719,0.000000,0.000000,5.000000,1.359817,0,0
1784415726.542337,ADAPTIVEQF,TRACKING,400,27.866178,50.178479,-0.605567,1.156402,4.927673,0.000000,0.000000,5.000000,1.307367,0,0
1784415726.592299,ADAPTIVEQF,TRACKING,400,27.840240,32.014265,-0.589206,1.030022,4.941399,0.000000,0.000000,5.000000,1.188083,0,0
1784415726.642306,ADAPTIVEQF,TRACKING,400,27.075497,49.147803,-0.579066,0.973941,4.943943,0.000000,0.000000,5.000000,1.134469,0,0
1784415726.692280,ADAPTIVEQF,TRACKING,400,27.533681,31.730785,-0.558018,0.862464,4.946126,0.000000,0.000000,5.000000,1.028654,0,0
1784415726.742325,ADAPTIVEQF,TRACKING,400,27.150124,49.494998,-0.546265,0.807657,4.946363,0.000000,0.000000,5.000000,0.976521,0,0
1784415726.792297,ADAPTIVEQF,TRACKING,400,27.134048,31.277755,-0.517183,0.684599,4.948436,0.000000,0.000000,5.000000,0.859542,0,0
1784415726.842324,ADAPTIVEQF,TRACKING,400,27.541288,49.851611,-0.501823,0.629497,4.950423,0.000000,0.000000,5.000000,0.806567,0,0
1784415726.892302,ADAPTIVEQF,TRACKING,400,27.257430,31.398251,-0.466640,0.518894,4.957115,0.000000,0.000000,5.000000,0.699173,0,0
1784415726.942326,ADAPTIVEQF,TRACKING,400,27.084747,49.391498,-0.448045,0.464120,4.959971,0.000000,0.000000,5.000000,0.646339,0,0
1784415726.992298,ADAPTIVEQF,TRACKING,400,27.315310,31.358603,-0.404011,0.338450,4.962969,0.000000,0.000000,5.000000,0.528341,0,0
1784415727.042323,ADAPTIVEQF,TRACKING,400,27.787887,50.165234,-0.383459,0.283243,4.963387,0.000000,0.000000,5.000000,0.478130,0,0
1784415727.092303,ADAPTIVEQF,TRACKING,400,27.058192,31.190112,-0.339285,0.175867,4.963376,0.000000,0.000000,5.000000,0.383907,0,0
1784415727.142344,ADAPTIVEQF,TRACKING,400,27.827263,50.251036,-0.315610,0.123876,4.964096,0.000000,0.000000,5.000000,0.340946,0,0
1784415727.192296,ADAPTIVEQF,TRACKING,400,26.980724,31.201485,-0.260167,0.010671,4.966596,0.000000,0.000000,5.000000,0.262519,0,0
1784415727.242337,ADAPTIVEQF,TRACKING,400,27.786070,50.147884,-0.233849,-0.037617,4.974548,0.000000,0.000000,5.000000,0.238219,0,0
1784415727.292299,ADAPTIVEQF,TRACKING,400,26.974499,31.120635,-0.180823,-0.130339,4.992166,0.000000,0.000000,5.000000,0.223040,0,0
1784415727.342341,ADAPTIVEQF,TRACKING,400,27.295416,49.669217,-0.154097,-0.173566,5.001664,0.000000,0.000000,5.000000,0.232107,0,0
1784415727.392304,ADAPTIVEQF,TRACKING,400,27.217169,31.329149,-0.093940,-0.264024,5.017302,0.000000,0.000000,5.000000,0.280772,0,0
1784415727.442341,ADAPTIVEQF,TRACKING,400,27.712889,50.057065,-0.067337,-0.302180,5.019709,0.000000,0.000000,5.000000,0.310218,0,0
1784415727.492325,ADAPTIVEQF,TRACKING,400,27.348347,31.609276,-0.014537,-0.372657,5.022840,0.000000,0.000000,5.000000,0.373639,0,0
1784415727.542338,ADAPTIVEQF,TRACKING,400,27.017163,49.259716,0.011392,-0.404619,5.024439,0.000000,0.000000,5.000000,0.405516,0,0
1784415727.592304,ADAPTIVEQF,TRACKING,400,27.917852,32.057859,0.069779,-0.465215,5.031433,0.000000,0.000000,5.000000,0.471468,0,0
1784415727.642332,ADAPTIVEQF,TRACKING,400,26.439650,48.469245,0.095689,-0.487268,5.034135,0.000000,0.000000,5.000000,0.497747,0,0
1784415727.692305,ADAPTIVEQF,TRACKING,400,27.790425,31.997066,0.144426,-0.524118,5.036426,0.000000,0.000000,5.000000,0.544872,0,0
1784415727.742326,ADAPTIVEQF,TRACKING,400,27.418530,49.580475,0.166780,-0.535541,5.034381,0.000000,0.000000,5.000000,0.561962,0,0
1784415727.792305,ADAPTIVEQF,TRACKING,400,26.579073,30.648931,0.212377,-0.554318,5.031453,0.000000,0.000000,5.000000,0.594442,0,0
1784415727.842340,ADAPTIVEQF,TRACKING,400,27.397056,49.682740,0.230015,-0.558350,5.031602,0.000000,0.000000,5.000000,0.604699,0,0
1784415727.892298,ADAPTIVEQF,TRACKING,400,26.910770,30.965351,0.260282,-0.558602,5.035388,0.000000,0.000000,5.000000,0.617280,0,0
1784415727.942338,ADAPTIVEQF,TRACKING,400,28.535336,50.855763,0.273686,-0.556379,5.036700,0.000000,0.000000,5.000000,0.621135,0,0
1784415727.992307,ADAPTIVEQF,TRACKING,400,26.636643,30.795029,0.299583,-0.536338,5.039752,0.000000,0.000000,5.000000,0.615620,0,0
1784415728.042411,ADAPTIVEQF,TRACKING,400,27.375163,49.792030,0.309050,-0.524205,5.040144,0.000000,0.000000,5.000000,0.609848,0,0
1784415728.092291,ADAPTIVEQF,TRACKING,400,28.234719,32.423519,0.323168,-0.495308,5.038315,0.000000,0.000000,5.000000,0.592652,0,0
1784415728.142408,ADAPTIVEQF,TRACKING,400,30.600293,52.404888,0.327905,-0.478570,5.036032,0.000000,0.000000,5.000000,0.581248,0,0
1784415728.192295,ADAPTIVEQF,TRACKING,400,26.034973,30.191454,0.333834,-0.436493,5.029198,0.000000,0.000000,5.000000,0.550294,0,0
1784415728.242346,ADAPTIVEQF,TRACKING,400,27.939086,50.267960,0.333486,-0.415866,5.026809,0.000000,0.000000,5.000000,0.533738,0,0
1784415728.292299,ADAPTIVEQF,TRACKING,400,26.781753,30.770521,0.329053,-0.371666,5.022530,0.000000,0.000000,5.000000,0.496910,0,0
1784415728.342341,ADAPTIVEQF,TRACKING,400,27.121019,49.435747,0.325306,-0.348187,5.018884,0.000000,0.000000,5.000000,0.476881,0,0
1784415728.392309,ADAPTIVEQF,TRACKING,400,27.222563,31.459140,0.312720,-0.292482,5.012320,0.000000,0.000000,5.000000,0.428359,0,0
1784415728.442414,ADAPTIVEQF,TRACKING,400,28.200612,50.632706,0.305402,-0.267033,5.009834,0.000000,0.000000,5.000000,0.405800,0,0
1784415728.492306,ADAPTIVEQF,TRACKING,400,26.708399,30.809114,0.287521,-0.210435,4.997435,0.000000,0.000000,5.000000,0.356311,0,0
1784415728.542355,ADAPTIVEQF,TRACKING,400,54.820706,77.180789,0.277125,-0.181678,4.991908,0.000000,0.000000,5.000000,0.331468,1,0
1784415728.597320,ADAPTIVEQF,TRACKING,328,21.624247,98.940499,0.277125,-0.181678,4.991908,0.000000,0.000000,5.000000,0.331468,0,0
1784415728.642305,ADAPTIVEQF,TRACKING,333,23.064380,45.240398,0.236299,-0.087552,4.976483,0.000000,0.000000,5.000000,0.253092,0,0
1784415728.692317,ADAPTIVEQF,TRACKING,330,25.216677,29.235597,0.206948,-0.030634,4.970293,0.000000,0.000000,5.000000,0.211302,0,0
1784415728.742349,ADAPTIVEQF,TRACKING,400,28.832714,51.135723,0.191191,-0.000819,4.966413,0.000000,0.000000,5.000000,0.194120,0,0
1784415728.792309,ADAPTIVEQF,TRACKING,400,26.415829,30.693088,0.154183,0.063032,4.961731,0.000000,0.000000,5.000000,0.170909,0,0
1784415728.842324,ADAPTIVEQF,TRACKING,400,27.809305,50.125710,0.136296,0.091780,4.961310,0.000000,0.000000,5.000000,0.168811,0,0
1784415728.892313,ADAPTIVEQF,TRACKING,400,27.010846,31.122095,0.098892,0.149563,4.959980,0.000000,0.000000,5.000000,0.183713,0,0
1784415728.942348,ADAPTIVEQF,TRACKING,400,27.673716,50.058062,0.080496,0.176722,4.959949,0.000000,0.000000,5.000000,0.198279,0,0
1784415728.992313,ADAPTIVEQF,TRACKING,400,26.998090,31.127656,0.042000,0.234476,4.964149,0.000000,0.000000,5.000000,0.240890,0,0
1784415729.042338,ADAPTIVEQF,TRACKING,400,27.793603,50.170543,0.025276,0.258117,4.965956,0.000000,0.000000,5.000000,0.261577,0,0
1784415729.092313,ADAPTIVEQF,TRACKING,400,26.973982,31.159375,-0.004606,0.302519,4.969746,0.000000,0.000000,5.000000,0.304063,0,0
1784415729.142320,ADAPTIVEQF,TRACKING,400,26.854444,49.155945,-0.017799,0.322793,4.972575,0.000000,0.000000,5.000000,0.324445,0,0
1784415729.192298,ADAPTIVEQF,TRACKING,400,27.004630,31.189233,-0.046260,0.362430,4.977977,0.000000,0.000000,5.000000,0.366033,0,0
1784415729.242352,ADAPTIVEQF,TRACKING,400,27.113629,49.426487,-0.058279,0.379583,4.982721,0.000000,0.000000,5.000000,0.384420,0,0
1784415729.292347,ADAPTIVEQF,TRACKING,400,27.578164,31.773232,-0.081000,0.407623,4.990537,0.000000,0.000000,5.000000,0.415700,0,0
1784415729.342356,ADAPTIVEQF,TRACKING,400,27.482957,49.838269,-0.090885,0.419154,4.994115,0.000000,0.000000,5.000000,0.428935,0,0
1784415729.392316,ADAPTIVEQF,TRACKING,400,27.264021,31.375879,-0.110114,0.439488,4.998817,0.000000,0.000000,5.000000,0.453075,0,0
1784415729.442326,ADAPTIVEQF,TRACKING,400,27.479797,49.709810,-0.117970,0.445431,5.000530,0.000000,0.000000,5.000000,0.460788,0,0
1784415729.492309,ADAPTIVEQF,TRACKING,400,25.467702,29.690730,-0.129465,0.443314,5.007717,0.000000,0.000000,5.000000,0.461896,0,0
1784415729.542357,ADAPTIVEQF,TRACKING,400,28.108874,50.446266,-0.134194,0.439454,5.012334,0.000000,0.000000,5.000000,0.459652,0,0
1784415729.592317,ADAPTIVEQF,TRACKING,400,26.853855,31.014179,-0.141312,0.422366,5.022382,0.000000,0.000000,5.000000,0.445941,0,0
1784415729.642343,ADAPTIVEQF,TRACKING,400,27.412871,49.847619,-0.142630,0.410723,5.028040,0.000000,0.000000,5.000000,0.435686,0,0
1784415729.692318,ADAPTIVEQF,TRACKING,400,27.023270,31.299510,-0.144017,0.383717,5.037189,0.000000,0.000000,5.000000,0.411537,0,0
1784415729.742355,ADAPTIVEQF,TRACKING,400,27.555395,49.901824,-0.144490,0.366637,5.039311,0.000000,0.000000,5.000000,0.396037,0,0
1784415729.792313,ADAPTIVEQF,TRACKING,400,27.315299,31.497520,-0.143514,0.326047,5.038494,0.000000,0.000000,5.000000,0.358309,0,0
1784415729.842323,ADAPTIVEQF,TRACKING,400,26.709847,48.489728,-0.141442,0.305812,5.036348,0.000000,0.000000,5.000000,0.338892,0,0
1784415729.892312,ADAPTIVEQF,TRACKING,400,29.753006,34.022513,-0.134097,0.261492,5.031671,0.000000,0.000000,5.000000,0.295572,0,0
1784415729.942328,ADAPTIVEQF,TRACKING,400,26.199634,46.341018,-0.129701,0.238826,5.030322,0.000000,0.000000,5.000000,0.273458,0,0
1784415729.992303,ADAPTIVEQF,TRACKING,400,27.753973,31.897746,-0.113352,0.183633,5.023317,0.000000,0.000000,5.000000,0.217056,0,0
1784415730.042325,ADAPTIVEQF,TRACKING,400,28.438958,50.611417,-0.105229,0.158776,5.019748,0.000000,0.000000,5.000000,0.191502,0,0
1784415730.092308,ADAPTIVEQF,TRACKING,400,26.290197,30.501675,-0.087039,0.106819,5.011018,0.000000,0.000000,5.000000,0.138229,0,0
1784415730.142358,ADAPTIVEQF,TRACKING,400,27.093828,49.423360,-0.077137,0.080054,5.006143,0.000000,0.000000,5.000000,0.111340,0,0
1784415730.192308,ADAPTIVEQF,TRACKING,400,27.717147,31.857325,-0.055291,0.021796,4.995344,0.000000,0.000000,5.000000,0.059614,0,0
1784415730.242341,ADAPTIVEQF,TRACKING,400,27.149601,49.375233,-0.045629,-0.003672,4.995337,0.000000,0.000000,5.000000,0.046014,0,0
1784415730.292307,ADAPTIVEQF,TRACKING,400,28.600240,32.764274,-0.026521,-0.052285,4.993697,0.000000,0.000000,5.000000,0.058964,0,0
1784415730.342362,ADAPTIVEQF,TRACKING,400,27.173615,48.543463,-0.017757,-0.076077,4.994740,0.000000,0.000000,5.000000,0.078299,0,0
1784415730.392357,ADAPTIVEQF,TRACKING,400,27.068254,31.208008,0.000519,-0.127702,4.999005,0.000000,0.000000,5.000000,0.127707,0,0
1784415730.442359,ADAPTIVEQF,TRACKING,400,27.402532,49.843459,0.008600,-0.148913,5.001014,0.000000,0.000000,5.000000,0.149165,0,0
1784415730.492324,ADAPTIVEQF,TRACKING,400,26.697946,30.876360,0.023778,-0.186015,4.997425,0.000000,0.000000,5.000000,0.187546,0,0
1784415730.542325,ADAPTIVEQF,TRACKING,400,28.709012,51.066876,0.030957,-0.202816,4.994635,0.000000,0.000000,5.000000,0.205235,0,0
1784415730.592326,ADAPTIVEQF,TRACKING,400,26.690024,30.951150,0.046488,-0.234053,4.991172,0.000000,0.000000,5.000000,0.238789,0,0
1784415730.642361,ADAPTIVEQF,TRACKING,400,27.032894,49.305053,0.053063,-0.244890,4.990127,0.000000,0.000000,5.000000,0.250767,0,0
1784415730.692325,ADAPTIVEQF,TRACKING,400,27.492865,31.575722,0.064854,-0.263331,4.986224,0.000000,0.000000,5.000000,0.271550,0,0
1784415730.742356,ADAPTIVEQF,TRACKING,400,26.368953,48.753086,0.069876,-0.270482,4.982393,0.000000,0.000000,5.000000,0.279916,0,0
1784415730.792330,ADAPTIVEQF,TRACKING,400,27.689918,31.943184,0.079834,-0.281880,4.980046,0.000000,0.000000,5.000000,0.293646,0,0
1784415730.842340,ADAPTIVEQF,TRACKING,400,27.353239,49.575011,0.084398,-0.284020,4.980814,0.000000,0.000000,5.000000,0.296915,0,0
1784415730.892324,ADAPTIVEQF,TRACKING,400,26.926253,31.065274,0.093565,-0.283672,4.981015,0.000000,0.000000,5.000000,0.299307,0,0
1784415730.942357,ADAPTIVEQF,TRACKING,400,27.566735,49.898131,0.097387,-0.282253,4.981595,0.000000,0.000000,5.000000,0.299148,0,0
1784415730.992348,ADAPTIVEQF,TRACKING,400,27.347420,31.559912,0.106274,-0.270506,4.994102,0.000000,0.000000,5.000000,0.290693,0,0
1784415731.042361,ADAPTIVEQF,TRACKING,400,27.022894,49.426585,0.109445,-0.263550,5.000552,0.000000,0.000000,5.000000,0.285371,0,0
1784415731.092332,ADAPTIVEQF,TRACKING,400,27.428608,31.601316,0.114607,-0.247187,5.006377,0.000000,0.000000,5.000000,0.272538,0,0
1784415731.142355,ADAPTIVEQF,TRACKING,400,28.558270,50.901459,0.116557,-0.237607,5.008266,0.000000,0.000000,5.000000,0.264785,0,0
1784415731.192354,ADAPTIVEQF,TRACKING,400,26.260584,30.526260,0.119054,-0.212951,5.014304,0.000000,0.000000,5.000000,0.244390,0,0
1784415731.242360,ADAPTIVEQF,TRACKING,400,26.642887,48.926173,0.119149,-0.199643,5.017313,0.000000,0.000000,5.000000,0.233139,0,0
1784415731.292333,ADAPTIVEQF,TRACKING,400,27.620916,31.861457,0.118088,-0.171758,5.022008,0.000000,0.000000,5.000000,0.209595,0,0
1784415731.342380,ADAPTIVEQF,TRACKING,400,27.068606,48.523380,0.116728,-0.155524,5.025427,0.000000,0.000000,5.000000,0.196111,0,0
1784415731.392331,ADAPTIVEQF,TRACKING,400,27.456367,31.644912,0.111669,-0.115345,5.032596,0.000000,0.000000,5.000000,0.163820,0,0
1784415731.442368,ADAPTIVEQF,TRACKING,400,27.152887,49.592563,0.108978,-0.097716,5.033458,0.000000,0.000000,5.000000,0.150147,0,0
1784415731.492355,ADAPTIVEQF,TRACKING,400,26.443046,30.772177,0.104349,-0.061692,5.032462,0.000000,0.000000,5.000000,0.125492,0,0
1784415731.542374,ADAPTIVEQF,TRACKING,400,27.392754,49.744027,0.101627,-0.044055,5.032592,0.000000,0.000000,5.000000,0.115461,0,0
1784415731.592331,ADAPTIVEQF,TRACKING,400,26.584563,30.893923,0.094445,-0.003699,5.031193,0.000000,0.000000,5.000000,0.099531,0,0
1784415731.642342,ADAPTIVEQF,TRACKING,400,27.666503,49.870800,0.090859,0.014494,5.030503,0.000000,0.000000,5.000000,0.096932,0,0
1784415731.692351,ADAPTIVEQF,TRACKING,400,26.659135,30.980253,0.083298,0.047773,5.030207,0.000000,0.000000,5.000000,0.100664,0,0
1784415731.742361,ADAPTIVEQF,TRACKING,400,27.822003,50.153200,0.080598,0.060463,5.028213,0.000000,0.000000,5.000000,0.104632,0,0
1784415731.792320,ADAPTIVEQF,TRACKING,400,26.392504,30.706203,0.073045,0.087339,5.021134,0.000000,0.000000,5.000000,0.115803,0,0
1784415731.842357,ADAPTIVEQF,TRACKING,400,26.410440,48.752669,0.069305,0.097755,5.019283,0.000000,0.000000,5.000000,0.121372,0,0
1784415731.892324,ADAPTIVEQF,TRACKING,400,26.757907,30.927654,0.061428,0.115695,5.018266,0.000000,0.000000,5.000000,0.132259,0,0
1784415731.942359,ADAPTIVEQF,TRACKING,400,27.418774,49.742807,0.057307,0.123990,5.016989,0.000000,0.000000,5.000000,0.137646,0,0
1784415731.992361,ADAPTIVEQF,TRACKING,400,27.160027,31.326623,0.046653,0.136273,5.009092,0.000000,0.000000,5.000000,0.144325,0,0
1784415732.042358,ADAPTIVEQF,TRACKING,400,27.078353,49.468301,0.041767,0.140653,5.004281,0.000000,0.000000,5.000000,0.146786,0,0
1784415732.092338,ADAPTIVEQF,TRACKING,400,27.321510,31.487071,0.031841,0.149232,4.994800,0.000000,0.000000,5.000000,0.152680,0,0
1784415732.142345,ADAPTIVEQF,TRACKING,400,26.549215,48.947637,0.026930,0.153100,4.990860,0.000000,0.000000,5.000000,0.155719,0,0
1784415732.192339,ADAPTIVEQF,TRACKING,400,27.987985,32.107879,0.017341,0.158670,4.984616,0.000000,0.000000,5.000000,0.160355,0,0
1784415732.242379,ADAPTIVEQF,TRACKING,400,27.165242,49.115827,0.016498,0.158067,4.980341,0.000000,0.000000,5.000000,0.160137,0,0
1784415732.292340,ADAPTIVEQF,TRACKING,400,27.190893,31.279896,0.014206,0.155462,4.975578,0.000000,0.000000,5.000000,0.158009,0,0
1784415732.342347,ADAPTIVEQF,TRACKING,400,27.389704,49.650258,0.013028,0.152650,4.975903,0.000000,0.000000,5.000000,0.155088,0,0
1784415732.392371,ADAPTIVEQF,TRACKING,400,27.110869,31.304982,0.010507,0.143167,4.980373,0.000000,0.000000,5.000000,0.144887,0,0
1784415732.442417,ADAPTIVEQF,TRACKING,400,27.675330,50.061346,0.009307,0.138373,4.983057,0.000000,0.000000,5.000000,0.139717,0,0
1784415732.492322,ADAPTIVEQF,TRACKING,400,28.079730,32.347286,0.003925,0.128426,4.998393,0.000000,0.000000,5.000000,0.128496,0,0
1784415732.542380,ADAPTIVEQF,TRACKING,400,26.919576,48.813046,0.001042,0.123123,5.006275,0.000000,0.000000,5.000000,0.123287,0,0
1784415732.592326,ADAPTIVEQF,TRACKING,400,27.838741,31.934133,-0.005767,0.110177,5.024494,0.000000,0.000000,5.000000,0.113014,0,0
1784415732.642372,ADAPTIVEQF,TRACKING,400,27.341794,49.449465,-0.009152,0.103840,5.031030,0.000000,0.000000,5.000000,0.108763,0,0
1784415732.692370,ADAPTIVEQF,TRACKING,400,26.816623,31.013610,-0.016681,0.091216,5.039706,0.000000,0.000000,5.000000,0.100872,0,0
1784415732.742404,ADAPTIVEQF,TRACKING,400,28.191895,50.621456,-0.022542,0.086944,5.042980,0.000000,0.000000,5.000000,0.099573,0,0
1784415732.792379,ADAPTIVEQF,TRACKING,400,26.546182,30.776021,-0.034320,0.075722,5.047517,0.000000,0.000000,5.000000,0.095758,0,0
1784415732.842366,ADAPTIVEQF,TRACKING,400,26.312444,48.668023,-0.038883,0.070210,5.047449,0.000000,0.000000,5.000000,0.093235,0,0
1784415732.892376,ADAPTIVEQF,TRACKING,400,27.860244,32.042348,-0.047108,0.058349,5.044601,0.000000,0.000000,5.000000,0.087253,0,0
1784415732.942378,ADAPTIVEQF,TRACKING,400,27.993236,50.059501,-0.050896,0.051960,5.045399,0.000000,0.000000,5.000000,0.085740,0,0
1784415732.992334,ADAPTIVEQF,TRACKING,400,25.637248,29.911570,-0.062284,0.035122,5.045204,0.000000,0.000000,5.000000,0.084594,0,0
1784415733.042362,ADAPTIVEQF,TRACKING,400,28.276739,50.682867,-0.067319,0.027352,5.042930,0.000000,0.000000,5.000000,0.084398,0,0
1784415733.092337,ADAPTIVEQF,TRACKING,400,26.371744,30.599559,-0.075763,0.009992,5.035263,0.000000,0.000000,5.000000,0.084163,0,0
1784415733.142356,ADAPTIVEQF,TRACKING,400,27.842989,50.180541,-0.079196,0.000728,5.030888,0.000000,0.000000,5.000000,0.085009,0,0
1784415733.192338,ADAPTIVEQF,TRACKING,400,26.858129,31.053716,-0.085757,-0.018738,5.021978,0.000000,0.000000,5.000000,0.090490,0,0
1784415733.242371,ADAPTIVEQF,TRACKING,400,27.190289,49.595330,-0.088273,-0.027838,5.017884,0.000000,0.000000,5.000000,0.094270,0,0
1784415733.292343,ADAPTIVEQF,TRACKING,400,27.011111,31.068140,-0.091968,-0.044503,5.011448,0.000000,0.000000,5.000000,0.102809,0,0
1784415733.342380,ADAPTIVEQF,TRACKING,400,26.498582,48.881151,-0.093382,-0.050918,5.007819,0.000000,0.000000,5.000000,0.106649,0,0
1784415733.392347,ADAPTIVEQF,TRACKING,400,27.360911,31.568407,-0.095129,-0.062078,5.001431,0.000000,0.000000,5.000000,0.113602,0,0
1784415733.442378,ADAPTIVEQF,TRACKING,400,26.447982,48.897899,-0.094970,-0.066813,5.000140,0.000000,0.000000,5.000000,0.116117,0,0
1784415733.492370,ADAPTIVEQF,TRACKING,400,27.558240,31.867044,-0.092112,-0.078388,4.998543,0.000000,0.000000,5.000000,0.120960,0,0
1784415733.542380,ADAPTIVEQF,TRACKING,400,26.136061,48.514454,-0.090023,-0.083548,4.998812,0.000000,0.000000,5.000000,0.122824,0,0
1784415733.592350,ADAPTIVEQF,TRACKING,400,27.159509,31.281517,-0.084643,-0.091807,4.998796,0.000000,0.000000,5.000000,0.124877,0,0
1784415733.642374,ADAPTIVEQF,TRACKING,400,27.188816,49.509206,-0.082099,-0.094110,4.997337,0.000000,0.000000,5.000000,0.124916,0,0
1784415733.692331,ADAPTIVEQF,TRACKING,400,27.529476,31.730862,-0.076836,-0.098877,4.995762,0.000000,0.000000,5.000000,0.125293,0,0
1784415733.742385,ADAPTIVEQF,TRACKING,400,26.363407,48.529211,-0.075524,-0.103795,4.996926,0.000000,0.000000,5.000000,0.128401,0,0
1784415733.792350,ADAPTIVEQF,TRACKING,400,27.263272,31.495213,-0.071643,-0.112324,4.998725,0.000000,0.000000,5.000000,0.133233,0,0
1784415733.842380,ADAPTIVEQF,TRACKING,400,26.847579,49.210136,-0.069360,-0.114602,4.999621,0.000000,0.000000,5.000000,0.133957,0,0
1784415733.892349,ADAPTIVEQF,TRACKING,400,27.345406,31.493426,-0.063686,-0.116393,5.001226,0.000000,0.000000,5.000000,0.132682,0,0
1784415733.942320,ADAPTIVEQF,TRACKING,400,26.402177,48.690688,-0.060463,-0.116538,5.000224,0.000000,0.000000,5.000000,0.131289,0,0
1784415733.992373,ADAPTIVEQF,TRACKING,400,26.873104,31.178330,-0.051339,-0.115763,4.997821,0.000000,0.000000,5.000000,0.126655,0,0
1784415734.042373,ADAPTIVEQF,TRACKING,400,27.619887,50.049375,-0.046767,-0.114533,4.998485,0.000000,0.000000,5.000000,0.123723,0,0
1784415734.092365,ADAPTIVEQF,TRACKING,400,27.725716,32.000321,-0.036678,-0.109648,5.003250,0.000000,0.000000,5.000000,0.115666,0,0
1784415734.142395,ADAPTIVEQF,TRACKING,400,26.333817,48.557534,-0.031252,-0.106184,5.005455,0.000000,0.000000,5.000000,0.110822,0,0
1784415734.192352,ADAPTIVEQF,TRACKING,400,27.681323,31.990275,-0.018624,-0.096593,5.008792,0.000000,0.000000,5.000000,0.098765,0,0
1784415734.242457,ADAPTIVEQF,TRACKING,400,27.132789,49.458049,-0.011022,-0.090361,5.009805,0.000000,0.000000,5.000000,0.091558,0,0
1784415734.292337,ADAPTIVEQF,TRACKING,400,27.031169,31.285392,0.004027,-0.077692,5.010542,0.000000,0.000000,5.000000,0.078508,0,0
1784415734.342386,ADAPTIVEQF,TRACKING,400,27.775782,50.256513,0.011778,-0.070981,5.009951,0.000000,0.000000,5.000000,0.072636,0,0
1784415734.392357,ADAPTIVEQF,TRACKING,400,27.287402,31.508236,0.029439,-0.054933,5.009904,0.000000,0.000000,5.000000,0.063106,0,0
1784415734.442366,ADAPTIVEQF,TRACKING,400,26.844754,49.224931,0.036964,-0.047671,5.009362,0.000000,0.000000,5.000000,0.061045,0,0
1784415734.492359,ADAPTIVEQF,TRACKING,400,27.246653,31.390663,0.050399,-0.037083,5.010608,0.000000,0.000000,5.000000,0.063464,0,0
1784415734.542393,ADAPTIVEQF,TRACKING,400,26.684166,49.064338,0.056860,-0.031901,5.010685,0.000000,0.000000,5.000000,0.066067,0,0
1784415734.592387,ADAPTIVEQF,TRACKING,400,27.509013,31.690299,0.072257,-0.021343,5.009161,0.000000,0.000000,5.000000,0.075898,0,0
1784415734.642396,ADAPTIVEQF,TRACKING,400,26.911897,49.307995,0.079298,-0.017184,5.009417,0.000000,0.000000,5.000000,0.081683,0,0
1784415734.692382,ADAPTIVEQF,TRACKING,400,25.543443,29.614929,0.091413,-0.008472,5.016099,0.000000,0.000000,5.000000,0.093205,0,0
1784415734.742379,ADAPTIVEQF,TRACKING,400,27.550390,49.871612,0.096286,-0.004114,5.019079,0.000000,0.000000,5.000000,0.098244,0,0
1784415734.792341,ADAPTIVEQF,TRACKING,400,26.859892,31.023522,0.105542,0.005981,5.020543,0.000000,0.000000,5.000000,0.107689,0,0
1784415734.842384,ADAPTIVEQF,TRACKING,400,28.176880,50.563891,0.109727,0.011521,5.019842,0.000000,0.000000,5.000000,0.112100,0,0
1784415734.892386,ADAPTIVEQF,TRACKING,400,27.108469,31.288030,0.118190,0.024388,5.016741,0.000000,0.000000,5.000000,0.121835,0,0
1784415734.942397,ADAPTIVEQF,TRACKING,400,26.909896,49.257572,0.121660,0.030549,5.014568,0.000000,0.000000,5.000000,0.126280,0,0
1784415734.992345,ADAPTIVEQF,TRACKING,400,28.213979,32.543605,0.123557,0.046917,5.015018,0.000000,0.000000,5.000000,0.133015,0,0
1784415735.042390,ADAPTIVEQF,TRACKING,400,27.317705,49.031340,0.123099,0.053907,5.017073,0.000000,0.000000,5.000000,0.135465,0,0
1784415735.092356,ADAPTIVEQF,TRACKING,400,27.065669,31.332499,0.119849,0.066473,5.017861,0.000000,0.000000,5.000000,0.138208,0,0
1784415735.142389,ADAPTIVEQF,TRACKING,400,27.477691,49.986056,0.117094,0.071943,5.017767,0.000000,0.000000,5.000000,0.138574,0,0
1784415735.192389,ADAPTIVEQF,TRACKING,400,27.257552,31.640496,0.109584,0.082372,5.017844,0.000000,0.000000,5.000000,0.138246,0,0
1784415735.242414,ADAPTIVEQF,TRACKING,400,27.136790,49.456154,0.104837,0.086029,5.017805,0.000000,0.000000,5.000000,0.136781,0,0
1784415735.292388,ADAPTIVEQF,TRACKING,400,27.219684,31.363805,0.094963,0.091845,5.019249,0.000000,0.000000,5.000000,0.133506,0,0
1784415735.342369,ADAPTIVEQF,TRACKING,400,26.786649,49.126078,0.089467,0.093746,5.018704,0.000000,0.000000,5.000000,0.130930,0,0
1784415735.392363,ADAPTIVEQF,TRACKING,400,27.191545,31.354195,0.075665,0.095910,5.017144,0.000000,0.000000,5.000000,0.123361,0,0
1784415735.442411,ADAPTIVEQF,TRACKING,400,27.302138,49.701671,0.069268,0.096366,5.016482,0.000000,0.000000,5.000000,0.119817,0,0
1784415735.492400,ADAPTIVEQF,TRACKING,400,27.521917,31.800548,0.054591,0.094033,5.015128,0.000000,0.000000,5.000000,0.109778,0,0
1784415735.542408,ADAPTIVEQF,TRACKING,400,27.135670,49.535442,0.047213,0.092436,5.013643,0.000000,0.000000,5.000000,0.104689,0,0
1784415735.592364,ADAPTIVEQF,TRACKING,400,27.671640,31.905635,0.030677,0.086629,5.011593,0.000000,0.000000,5.000000,0.092629,0,0
1784415735.642418,ADAPTIVEQF,TRACKING,400,26.843289,49.151543,0.023136,0.083142,5.009625,0.000000,0.000000,5.000000,0.086836,0,0
1784415735.692346,ADAPTIVEQF,TRACKING,400,27.690198,31.927284,0.007275,0.075752,5.009450,0.000000,0.000000,5.000000,0.076685,0,0
1784415735.742364,ADAPTIVEQF,TRACKING,400,25.791741,48.057830,-0.003004,0.071987,5.010769,0.000000,0.000000,5.000000,0.072850,0,0
1784415735.792397,ADAPTIVEQF,TRACKING,400,26.573528,30.870033,-0.024400,0.063177,5.014189,0.000000,0.000000,5.000000,0.069196,0,0
1784415735.842475,ADAPTIVEQF,TRACKING,400,27.913480,50.385666,-0.033633,0.058145,5.015543,0.000000,0.000000,5.000000,0.068946,0,0
1784415735.892361,ADAPTIVEQF,TRACKING,400,27.329793,31.579669,-0.051703,0.046308,5.018369,0.000000,0.000000,5.000000,0.071799,0,0
1784415735.942465,ADAPTIVEQF,TRACKING,400,31.338211,53.794661,-0.060039,0.040420,5.020506,0.000000,0.000000,5.000000,0.075226,0,0
1784415735.992357,ADAPTIVEQF,TRACKING,400,37.734510,42.090068,-0.076291,0.024246,5.025842,0.000000,0.000000,5.000000,0.084118,0,0
1784415736.042366,ADAPTIVEQF,TRACKING,373,35.123763,47.206880,-0.082619,0.016976,5.026647,0.000000,0.000000,5.000000,0.088454,0,0
1784415736.092356,ADAPTIVEQF,TRACKING,337,33.957584,38.258979,-0.092859,0.005328,5.027716,0.000000,0.000000,5.000000,0.097054,0,0
1784415736.142344,ADAPTIVEQF,TRACKING,311,33.194302,49.101097,-0.096909,0.000913,5.028298,0.000000,0.000000,5.000000,0.100960,0,0
1784415736.192343,ADAPTIVEQF,TRACKING,298,28.057329,32.455522,-0.104729,-0.009293,5.030958,0.000000,0.000000,5.000000,0.109603,0,0
1784415736.242342,ADAPTIVEQF,TRACKING,298,32.031290,53.897959,-0.108945,-0.015682,5.036214,0.000000,0.000000,5.000000,0.115873,0,0
1784415736.292341,ADAPTIVEQF,TRACKING,291,29.362936,33.722564,-0.115093,-0.027452,5.044304,0.000000,0.000000,5.000000,0.126344,0,0
1784415736.342342,ADAPTIVEQF,TRACKING,297,29.906528,50.488871,-0.116245,-0.033334,5.047235,0.000000,0.000000,5.000000,0.129828,0,0
1784415736.392342,ADAPTIVEQF,TRACKING,291,28.461994,32.790902,-0.115275,-0.046320,5.048910,0.000000,0.000000,5.000000,0.133514,0,0
1784415736.442348,ADAPTIVEQF,TRACKING,300,31.174671,52.639027,-0.114240,-0.051395,5.048175,0.000000,0.000000,5.000000,0.134212,0,0
1784415736.492342,ADAPTIVEQF,TRACKING,297,28.981379,33.345695,-0.111369,-0.062004,5.044509,0.000000,0.000000,5.000000,0.135014,0,0
1784415736.542343,ADAPTIVEQF,TRACKING,300,33.025152,53.981443,-0.109364,-0.066650,5.040353,0.000000,0.000000,5.000000,0.134280,0,0
1784415736.592346,ADAPTIVEQF,TRACKING,288,27.144011,31.569885,-0.105591,-0.075177,5.033141,0.000000,0.000000,5.000000,0.133789,0,0
1784415736.642344,ADAPTIVEQF,TRACKING,298,31.051838,53.479370,-0.104383,-0.078260,5.030668,0.000000,0.000000,5.000000,0.134018,0,0
1784415736.692350,ADAPTIVEQF,TRACKING,291,34.406576,38.751019,-0.100270,-0.083314,5.025820,0.000000,0.000000,5.000000,0.132898,0,0
1784415736.742345,ADAPTIVEQF,TRACKING,284,27.825203,43.359783,-0.097571,-0.085353,5.025039,0.000000,0.000000,5.000000,0.132031,0,0
1784415736.792344,ADAPTIVEQF,TRACKING,280,27.491235,31.852656,-0.090604,-0.089062,5.025743,0.000000,0.000000,5.000000,0.129630,0,0
1784415736.842345,ADAPTIVEQF,TRACKING,286,30.032269,52.390295,-0.087600,-0.090555,5.024717,0.000000,0.000000,5.000000,0.128394,0,0
1784415736.892346,ADAPTIVEQF,TRACKING,298,31.043508,35.440032,-0.081719,-0.092824,5.019783,0.000000,0.000000,5.000000,0.125242,0,0
1784415736.942346,ADAPTIVEQF,TRACKING,292,31.514169,50.415977,-0.078410,-0.093383,5.016441,0.000000,0.000000,5.000000,0.123040,0,0
1784415736.992347,ADAPTIVEQF,TRACKING,283,28.703082,32.188501,-0.072813,-0.093769,5.009974,0.000000,0.000000,5.000000,0.119138,0,0
1784415737.042351,ADAPTIVEQF,TRACKING,287,31.122335,52.321509,-0.069964,-0.093347,5.006732,0.000000,0.000000,5.000000,0.116850,0,0
1784415737.092347,ADAPTIVEQF,TRACKING,283,27.721695,32.028419,-0.062580,-0.092757,5.002235,0.000000,0.000000,5.000000,0.111916,0,0
1784415737.142348,ADAPTIVEQF,TRACKING,292,28.816351,51.037569,-0.058200,-0.092481,5.002969,0.000000,0.000000,5.000000,0.109311,0,0
1784415737.192348,ADAPTIVEQF,TRACKING,295,35.780089,40.118786,-0.047126,-0.091293,5.003485,0.000000,0.000000,5.000000,0.102798,0,0
1784415737.242348,ADAPTIVEQF,TRACKING,283,26.703418,40.872874,-0.040719,-0.092892,5.002569,0.000000,0.000000,5.000000,0.101457,0,0
1784415737.292349,ADAPTIVEQF,TRACKING,286,29.975814,34.400511,-0.028222,-0.094701,5.002006,0.000000,0.000000,5.000000,0.098837,0,0
1784415737.342350,ADAPTIVEQF,TRACKING,280,29.503438,49.471912,-0.023477,-0.093965,5.001578,0.000000,0.000000,5.000000,0.096866,0,0
1784415737.392350,ADAPTIVEQF,TRACKING,295,29.722953,34.145478,-0.015791,-0.089394,5.002270,0.000000,0.000000,5.000000,0.090806,0,0
1784415737.442350,ADAPTIVEQF,TRACKING,289,30.271408,50.501000,-0.012489,-0.087141,5.003509,0.000000,0.000000,5.000000,0.088101,0,0
1784415737.492350,ADAPTIVEQF,TRACKING,289,27.242058,31.633432,-0.004382,-0.081074,5.008276,0.000000,0.000000,5.000000,0.081613,0,0
1784415737.542353,ADAPTIVEQF,TRACKING,300,31.172156,53.583505,-0.000300,-0.077627,5.011969,0.000000,0.000000,5.000000,0.078545,0,0
1784415737.592351,ADAPTIVEQF,TRACKING,297,31.928272,36.221961,0.008090,-0.070786,5.021567,0.000000,0.000000,5.000000,0.074439,0,0
1784415737.642351,ADAPTIVEQF,TRACKING,294,29.728848,47.723019,0.011456,-0.068186,5.025286,0.000000,0.000000,5.000000,0.073620,0,0
1784415737.692352,ADAPTIVEQF,TRACKING,287,27.082449,31.475077,0.017981,-0.061773,5.028390,0.000000,0.000000,5.000000,0.070322,0,0
1784415737.742352,ADAPTIVEQF,TRACKING,297,30.947832,53.376438,0.022280,-0.057884,5.026397,0.000000,0.000000,5.000000,0.067407,0,0
1784415737.792352,ADAPTIVEQF,TRACKING,300,32.237886,36.657810,0.031083,-0.047728,5.025095,0.000000,0.000000,5.000000,0.062240,0,0
1784415737.842352,ADAPTIVEQF,TRACKING,294,29.731264,47.429219,0.034776,-0.042193,5.025199,0.000000,0.000000,5.000000,0.060205,0,0
1784415737.892353,ADAPTIVEQF,TRACKING,287,27.066179,31.491126,0.041956,-0.029601,5.025970,0.000000,0.000000,5.000000,0.057541,0,0
1784415737.942353,ADAPTIVEQF,TRACKING,297,27.877404,47.366616,0.045322,-0.023361,5.025589,0.000000,0.000000,5.000000,0.057050,0,0
1784415737.992354,ADAPTIVEQF,TRACKING,311,32.283438,36.602252,0.053584,-0.012066,5.023852,0.000000,0.000000,5.000000,0.059881,0,0
1784415738.042356,ADAPTIVEQF,TRACKING,308,31.999094,49.641654,0.057099,-0.007652,5.022356,0.000000,0.000000,5.000000,0.061795,0,0
1784415738.092355,ADAPTIVEQF,TRACKING,298,29.969866,34.421101,0.060651,0.000937,5.019390,0.000000,0.000000,5.000000,0.063682,0,0
1784415738.142355,ADAPTIVEQF,TRACKING,291,30.391670,50.360124,0.060911,0.005270,5.016818,0.000000,0.000000,5.000000,0.063409,0,0
1784415738.192358,ADAPTIVEQF,TRACKING,291,28.454752,32.853822,0.061445,0.014559,5.012435,0.000000,0.000000,5.000000,0.064359,0,0
1784415738.242355,ADAPTIVEQF,TRACKING,297,30.922364,52.389271,0.061981,0.016635,5.010382,0.000000,0.000000,5.000000,0.065009,0,0
1784415738.292355,ADAPTIVEQF,TRACKING,293,28.598302,32.969495,0.062339,0.021543,5.005288,0.000000,0.000000,5.000000,0.066168,0,0
1784415738.342356,ADAPTIVEQF,TRACKING,300,32.216334,53.550103,0.062139,0.025029,5.001784,0.000000,0.000000,5.000000,0.067014,0,0
1784415738.392356,ADAPTIVEQF,TRACKING,291,29.499940,33.861025,0.060695,0.034539,4.990251,0.000000,0.000000,5.000000,0.070511,0,0
1784415738.442357,ADAPTIVEQF,TRACKING,293,29.615872,50.065055,0.059480,0.038408,4.985891,0.000000,0.000000,5.000000,0.072195,0,0
1784415738.492357,ADAPTIVEQF,TRACKING,290,29.360323,33.788242,0.054663,0.047995,4.979548,0.000000,0.000000,5.000000,0.075564,0,0
1784415738.542358,ADAPTIVEQF,TRACKING,296,29.885511,50.463384,0.051898,0.052299,4.976487,0.000000,0.000000,5.000000,0.077340,0,0
1784415738.592358,ADAPTIVEQF,TRACKING,296,30.799952,35.189645,0.043684,0.060022,4.966863,0.000000,0.000000,5.000000,0.081296,0,0
1784415738.642358,ADAPTIVEQF,TRACKING,293,28.603212,47.770279,0.039103,0.062449,4.963739,0.000000,0.000000,5.000000,0.082120,0,0
1784415738.692358,ADAPTIVEQF,TRACKING,297,31.988496,36.259802,0.030618,0.065862,4.961674,0.000000,0.000000,5.000000,0.082122,0,0
1784415738.742361,ADAPTIVEQF,TRACKING,290,29.357376,47.332444,0.026989,0.065896,4.960155,0.000000,0.000000,5.000000,0.081598,0,0
1784415738.792364,ADAPTIVEQF,TRACKING,293,41.669207,46.085509,0.018915,0.065650,4.958742,0.000000,0.000000,5.000000,0.079812,0,0
1784415738.842363,ADAPTIVEQF,TRACKING,256,36.024474,44.251512,0.014987,0.065719,4.957790,0.000000,0.000000,5.000000,0.079532,0,0
1784415738.892360,ADAPTIVEQF,TRACKING,234,29.729234,33.911636,0.006501,0.066216,4.954053,0.000000,0.000000,5.000000,0.080858,0,0
1784415738.944854,ADAPTIVEQF,TRACKING,219,25.477969,48.195015,0.002399,0.066148,4.953884,0.000000,0.000000,5.000000,0.080672,0,0
1784415738.992361,ADAPTIVEQF,TRACKING,234,26.388235,30.724742,-0.006097,0.065747,4.963668,0.000000,0.000000,5.000000,0.075365,0,0
1784415739.042362,ADAPTIVEQF,TRACKING,252,26.061924,48.329034,-0.009659,0.065093,4.969970,0.000000,0.000000,5.000000,0.072334,0,0
1784415739.092362,ADAPTIVEQF,TRACKING,270,30.540967,34.935064,-0.017412,0.063867,4.985832,0.000000,0.000000,5.000000,0.067697,0,0
1784415739.142362,ADAPTIVEQF,TRACKING,273,28.830479,48.250001,-0.021580,0.063310,4.994006,0.000000,0.000000,5.000000,0.067155,0,0
1784415739.192362,ADAPTIVEQF,TRACKING,279,28.363436,30.871855,-0.030172,0.060575,5.013233,0.000000,0.000000,5.000000,0.068955,0,0
1784415739.242363,ADAPTIVEQF,TRACKING,280,30.452212,52.040138,-0.033370,0.058094,5.022010,0.000000,0.000000,5.000000,0.070519,0,0
1784415739.292363,ADAPTIVEQF,TRACKING,284,29.787145,34.036825,-0.039214,0.052962,5.037619,0.000000,0.000000,5.000000,0.075881,0,0
1784415739.342364,ADAPTIVEQF,TRACKING,285,29.862556,50.043393,-0.040747,0.047847,5.043516,0.000000,0.000000,5.000000,0.076441,0,0
1784415739.392364,ADAPTIVEQF,TRACKING,282,26.629904,30.874115,-0.041443,0.031900,5.050172,0.000000,0.000000,5.000000,0.072473,0,0
1784415739.442364,ADAPTIVEQF,TRACKING,295,29.782273,52.098835,-0.041557,0.025367,5.051984,0.000000,0.000000,5.000000,0.071223,0,0
1784415739.492365,ADAPTIVEQF,TRACKING,299,28.141327,29.651160,-0.042504,0.015897,5.056810,0.000000,0.000000,5.000000,0.072710,0,0
1784415739.542365,ADAPTIVEQF,TRACKING,310,33.082149,54.905283,-0.042677,0.011610,5.059056,0.000000,0.000000,5.000000,0.073782,0,0
1784415739.592365,ADAPTIVEQF,TRACKING,298,31.021346,35.178757,-0.043186,0.002415,5.063969,0.000000,0.000000,5.000000,0.077220,0,0
1784415739.642366,ADAPTIVEQF,TRACKING,295,28.750002,47.682631,-0.043584,-0.001620,5.065467,0.000000,0.000000,5.000000,0.078665,0,0
1784415739.692366,ADAPTIVEQF,TRACKING,291,29.399848,33.639635,-0.043965,-0.009760,5.066769,0.000000,0.000000,5.000000,0.080537,0,0
1784415739.742367,ADAPTIVEQF,TRACKING,297,29.988465,50.507590,-0.043944,-0.015083,5.068933,0.000000,0.000000,5.000000,0.083129,0,0
1784415739.792367,ADAPTIVEQF,TRACKING,300,31.284786,35.565105,-0.042962,-0.026292,5.065580,0.000000,0.000000,5.000000,0.082691,0,0
1784415739.842368,ADAPTIVEQF,TRACKING,293,28.534697,47.216634,-0.042226,-0.031581,5.062846,0.000000,0.000000,5.000000,0.082037,0,0
1784415739.892368,ADAPTIVEQF,TRACKING,297,31.925108,35.438828,-0.040221,-0.042480,5.058417,0.000000,0.000000,5.000000,0.082673,0,0
1784415739.942371,ADAPTIVEQF,TRACKING,291,29.386209,47.424765,-0.038997,-0.047501,5.055584,0.000000,0.000000,5.000000,0.082865,0,0
1784415739.992368,ADAPTIVEQF,TRACKING,294,29.668213,34.051611,-0.035207,-0.057173,5.051070,0.000000,0.000000,5.000000,0.084358,0,0
1784415740.042369,ADAPTIVEQF,TRACKING,290,30.389925,50.649845,-0.033200,-0.060948,5.050077,0.000000,0.000000,5.000000,0.085584,0,0
1784415740.092369,ADAPTIVEQF,TRACKING,293,27.580329,31.923686,-0.027269,-0.070167,5.049018,0.000000,0.000000,5.000000,0.089832,0,0
1784415740.142373,ADAPTIVEQF,TRACKING,300,31.629491,53.139819,-0.023486,-0.075335,5.049102,0.000000,0.000000,5.000000,0.092941,0,0
1784415740.192370,ADAPTIVEQF,TRACKING,295,30.140688,34.425705,-0.014768,-0.084909,5.046156,0.000000,0.000000,5.000000,0.097765,0,0
1784415740.242370,ADAPTIVEQF,TRACKING,298,31.037941,50.847970,-0.010436,-0.086557,5.046737,0.000000,0.000000,5.000000,0.098921,0,0
1784415740.292370,ADAPTIVEQF,TRACKING,288,28.212604,32.579936,-0.001979,-0.088942,5.048409,0.000000,0.000000,5.000000,0.101282,0,0
1784415740.342372,ADAPTIVEQF,TRACKING,295,31.745160,53.500001,0.002920,-0.089732,5.049997,0.000000,0.000000,5.000000,0.102762,0,0
1784415740.392371,ADAPTIVEQF,TRACKING,290,29.309544,33.455841,0.014811,-0.089970,5.051353,0.000000,0.000000,5.000000,0.104648,0,0
1784415740.442371,ADAPTIVEQF,TRACKING,293,29.578057,50.225352,0.019619,-0.089366,5.051194,0.000000,0.000000,5.000000,0.104843,0,0
1784415740.492372,ADAPTIVEQF,TRACKING,290,29.312410,33.761093,0.029408,-0.090635,5.049761,0.000000,0.000000,5.000000,0.107498,0,0
1784415740.542373,ADAPTIVEQF,TRACKING,296,29.876745,50.531536,0.033801,-0.090745,5.048732,0.000000,0.000000,5.000000,0.108407,0,0
1784415740.592373,ADAPTIVEQF,TRACKING,297,30.933200,35.152404,0.042421,-0.088441,5.047816,0.000000,0.000000,5.000000,0.109122,0,0
1784415740.642373,ADAPTIVEQF,TRACKING,293,28.553089,47.588408,0.045863,-0.086282,5.047239,0.000000,0.000000,5.000000,0.108533,0,0
1784415740.692374,ADAPTIVEQF,TRACKING,297,31.915065,36.184692,0.051926,-0.080425,5.044959,0.000000,0.000000,5.000000,0.105763,0,0
1784415740.742375,ADAPTIVEQF,TRACKING,291,29.424970,47.476255,0.053296,-0.075938,5.044232,0.000000,0.000000,5.000000,0.102779,0,0
1784415740.792374,ADAPTIVEQF,TRACKING,294,29.628390,33.923354,0.056135,-0.065285,5.040864,0.000000,0.000000,5.000000,0.095306,0,0
1784415740.842374,ADAPTIVEQF,TRACKING,290,29.345892,49.682953,0.057903,-0.060117,5.038016,0.000000,0.000000,5.000000,0.091717,0,0
1784415740.892374,ADAPTIVEQF,TRACKING,296,29.832592,34.093992,0.061899,-0.049028,5.030553,0.000000,0.000000,5.000000,0.084668,0,0
1784415740.942375,ADAPTIVEQF,TRACKING,297,30.885593,51.023883,0.063174,-0.043336,5.026548,0.000000,0.000000,5.000000,0.081079,0,0
1784415740.992375,ADAPTIVEQF,TRACKING,294,28.641939,32.971204,0.066356,-0.029220,5.019025,0.000000,0.000000,5.000000,0.074959,0,0
1784415741.042377,ADAPTIVEQF,TRACKING,297,29.973076,51.264136,0.067285,-0.023099,5.017301,0.000000,0.000000,5.000000,0.073213,0,0
1784415741.092376,ADAPTIVEQF,TRACKING,297,30.922215,35.233253,0.067642,-0.012340,5.011442,0.000000,0.000000,5.000000,0.069704,0,0
1784415741.142377,ADAPTIVEQF,TRACKING,297,31.957421,51.001778,0.067170,-0.007729,5.009060,0.000000,0.000000,5.000000,0.068218,0,0
1784415741.192377,ADAPTIVEQF,TRACKING,287,29.103087,33.415992,0.064840,0.002017,5.009094,0.000000,0.000000,5.000000,0.065506,0,0
1784415741.242378,ADAPTIVEQF,TRACKING,287,29.095917,49.946185,0.061437,0.005882,5.012786,0.000000,0.000000,5.000000,0.063029,0,0
1784415741.292378,ADAPTIVEQF,TRACKING,289,29.214236,33.606900,0.054308,0.013551,5.019162,0.000000,0.000000,5.000000,0.059162,0,0
1784415741.342379,ADAPTIVEQF,TRACKING,296,29.933831,50.666202,0.050205,0.016818,5.021846,0.000000,0.000000,5.000000,0.057277,0,0
1784415741.392379,ADAPTIVEQF,TRACKING,296,30.873709,35.307723,0.039891,0.023457,5.026971,0.000000,0.000000,5.000000,0.053562,0,0
1784415741.442380,ADAPTIVEQF,TRACKING,293,28.596289,47.681863,0.035062,0.026508,5.028872,0.000000,0.000000,5.000000,0.052589,0,0
1784415741.492380,ADAPTIVEQF,TRACKING,297,32.027935,36.416047,0.023025,0.031611,5.036252,0.000000,0.000000,5.000000,0.053326,0,0
1784415741.542385,ADAPTIVEQF,TRACKING,290,29.332660,47.240314,0.017107,0.034031,5.038575,0.000000,0.000000,5.000000,0.054211,0,0
1784415741.592381,ADAPTIVEQF,TRACKING,293,29.550344,33.859862,0.004662,0.041379,5.042033,0.000000,0.000000,5.000000,0.059167,0,0
1784415741.642380,ADAPTIVEQF,TRACKING,290,29.301782,49.709085,-0.000627,0.045589,5.043640,0.000000,0.000000,5.000000,0.063113,0,0
1784415741.692382,ADAPTIVEQF,TRACKING,296,29.866480,34.092152,-0.011231,0.053648,5.043485,0.000000,0.000000,5.000000,0.069966,0,0
1784415741.742381,ADAPTIVEQF,TRACKING,297,30.952538,51.031256,-0.016942,0.057597,5.042270,0.000000,0.000000,5.000000,0.073425,0,0
1784415741.792381,ADAPTIVEQF,TRACKING,293,28.586840,32.866049,-0.029103,0.065342,5.035898,0.000000,0.000000,5.000000,0.080032,0,0
1784415741.842382,ADAPTIVEQF,TRACKING,297,31.950076,53.324587,-0.034046,0.068060,5.033463,0.000000,0.000000,5.000000,0.083133,0,0
1784415741.892383,ADAPTIVEQF,TRACKING,290,29.329092,31.844992,-0.042912,0.072109,5.030017,0.000000,0.000000,5.000000,0.089119,0,0
1784415741.942383,ADAPTIVEQF,TRACKING,293,29.613669,50.236744,-0.047620,0.074347,5.027460,0.000000,0.000000,5.000000,0.092462,0,0
1784415741.992383,ADAPTIVEQF,TRACKING,290,29.467931,33.789465,-0.054362,0.076167,5.016435,0.000000,0.000000,5.000000,0.095009,0,0
1784415742.042384,ADAPTIVEQF,TRACKING,296,29.924249,50.375163,-0.056785,0.076640,5.011713,0.000000,0.000000,5.000000,0.096101,0,0
1784415742.092385,ADAPTIVEQF,TRACKING,296,30.854637,35.161915,-0.059420,0.077413,5.005163,0.000000,0.000000,5.000000,0.097725,0,0
1784415742.142385,ADAPTIVEQF,TRACKING,293,28.625864,47.722500,-0.059843,0.077578,5.003365,0.000000,0.000000,5.000000,0.098035,0,0
1784415742.192385,ADAPTIVEQF,TRACKING,296,29.825411,34.263455,-0.059634,0.076881,4.999281,0.000000,0.000000,5.000000,0.097300,0,0
1784415742.242385,ADAPTIVEQF,TRACKING,297,30.979872,51.116059,-0.059105,0.076014,4.997030,0.000000,0.000000,5.000000,0.096334,0,0
1784415742.292385,ADAPTIVEQF,TRACKING,297,28.908136,33.196705,-0.057596,0.073416,4.993758,0.000000,0.000000,5.000000,0.093521,0,0
1784415742.342854,ADAPTIVEQF,TRACKING,297,31.934260,53.450486,-0.055935,0.072018,4.989765,0.000000,0.000000,5.000000,0.091761,0,0
1784415742.392386,ADAPTIVEQF,TRACKING,291,29.417379,33.583708,-0.050491,0.069066,4.981009,0.000000,0.000000,5.000000,0.087637,0,0
1784415742.442387,ADAPTIVEQF,TRACKING,294,29.655875,50.189716,-0.048145,0.067698,4.978878,0.000000,0.000000,5.000000,0.085716,0,0
1784415742.492388,ADAPTIVEQF,TRACKING,290,30.309109,34.752346,-0.043972,0.063043,4.978793,0.000000,0.000000,5.000000,0.079735,0,0
1784415742.542388,ADAPTIVEQF,TRACKING,293,27.646227,47.287294,-0.041705,0.060385,4.979263,0.000000,0.000000,5.000000,0.076261,0,0
1784415742.592389,ADAPTIVEQF,TRACKING,300,32.177441,36.578673,-0.036180,0.052161,4.979111,0.000000,0.000000,5.000000,0.066829,0,0
1784415742.642389,ADAPTIVEQF,TRACKING,293,29.591381,47.368838,-0.033518,0.047425,4.980595,0.000000,0.000000,5.000000,0.061231,0,0
1784415742.692391,ADAPTIVEQF,TRACKING,297,29.927790,34.378470,-0.027098,0.038305,4.982610,0.000000,0.000000,5.000000,0.050040,0,0
1784415742.742389,ADAPTIVEQF,TRACKING,291,30.375002,50.402138,-0.020513,0.033472,4.982527,0.000000,0.000000,5.000000,0.042970,0,0
1784415742.792388,ADAPTIVEQF,TRACKING,293,30.599272,34.917941,-0.007366,0.023662,4.986000,0.000000,0.000000,5.000000,0.028463,0,0
1784415742.842390,ADAPTIVEQF,TRACKING,290,27.354602,46.711950,-0.001412,0.020414,4.986938,0.000000,0.000000,5.000000,0.024276,0,0
1784415742.892390,ADAPTIVEQF,TRACKING,296,30.832693,35.047021,0.012374,0.014492,4.983533,0.000000,0.000000,5.000000,0.025185,0,0
1784415742.942390,ADAPTIVEQF,TRACKING,297,31.606110,50.730408,0.016653,0.012301,4.982855,0.000000,0.000000,5.000000,0.026881,0,0
1784415742.992390,ADAPTIVEQF,TRACKING,295,28.801504,33.116025,0.028614,0.002869,4.986108,0.000000,0.000000,5.000000,0.031937,0,0
1784415743.042392,ADAPTIVEQF,TRACKING,292,29.540625,50.654342,0.033705,-0.001520,4.987761,0.000000,0.000000,5.000000,0.035891,0,0
1784415743.092392,ADAPTIVEQF,TRACKING,294,29.665185,34.142397,0.042439,-0.011708,4.987628,0.000000,0.000000,5.000000,0.045729,0,0
1784415743.142391,ADAPTIVEQF,TRACKING,300,31.226480,51.528115,0.045916,-0.017325,4.987954,0.000000,0.000000,5.000000,0.050533,0,0
1784415743.192393,ADAPTIVEQF,TRACKING,293,28.553474,32.832906,0.051464,-0.028694,4.989129,0.000000,0.000000,5.000000,0.059917,0,0
1784415743.242393,ADAPTIVEQF,TRACKING,297,31.938074,53.347242,0.051187,-0.033111,4.987129,0.000000,0.000000,5.000000,0.062306,0,0
1784415743.292394,ADAPTIVEQF,TRACKING,291,29.369817,33.791008,0.050023,-0.041178,4.983422,0.000000,0.000000,5.000000,0.066879,0,0
1784415743.342394,ADAPTIVEQF,TRACKING,294,29.712776,50.300034,0.049323,-0.045058,4.981789,0.000000,0.000000,5.000000,0.069244,0,0
1784415743.392394,ADAPTIVEQF,TRACKING,290,30.318792,34.807631,0.047716,-0.053068,4.974841,0.000000,0.000000,5.000000,0.075670,0,0
1784415743.442396,ADAPTIVEQF,TRACKING,293,30.548344,50.194983,0.046779,-0.055872,4.972790,0.000000,0.000000,5.000000,0.077784,0,0
1784415743.492394,ADAPTIVEQF,TRACKING,290,27.347998,31.572513,0.042787,-0.059993,4.976048,0.000000,0.000000,5.000000,0.077483,0,0
1784415743.542394,ADAPTIVEQF,TRACKING,296,30.839990,53.103820,0.040406,-0.061681,4.978851,0.000000,0.000000,5.000000,0.076710,0,0
1784415743.592395,ADAPTIVEQF,TRACKING,297,28.930009,33.305215,0.033294,-0.064716,4.983956,0.000000,0.000000,5.000000,0.074525,0,0
1784415743.642854,ADAPTIVEQF,TRACKING,304,32.508310,53.995004,0.029456,-0.065423,4.986755,0.000000,0.000000,5.000000,0.072961,0,0
1784415743.692395,ADAPTIVEQF,TRACKING,291,30.378047,34.752590,0.021598,-0.065384,4.989824,0.000000,0.000000,5.000000,0.069607,0,0
1784415743.742396,ADAPTIVEQF,TRACKING,291,27.419945,47.000643,0.016379,-0.064632,4.989915,0.000000,0.000000,5.000000,0.067434,0,0
1784415743.792396,ADAPTIVEQF,TRACKING,294,30.662073,34.865178,0.005029,-0.061956,4.990530,0.000000,0.000000,5.000000,0.062877,0,0
1784415743.842398,ADAPTIVEQF,TRACKING,297,34.973330,54.276563,0.000090,-0.060498,4.993239,0.000000,0.000000,5.000000,0.060874,0,0
1784415743.892397,ADAPTIVEQF,TRACKING,284,28.800214,33.082527,-0.009351,-0.057108,5.001463,0.000000,0.000000,5.000000,0.057887,0,0
1784415743.942397,ADAPTIVEQF,TRACKING,278,28.267799,49.429453,-0.013737,-0.055178,5.005489,0.000000,0.000000,5.000000,0.057126,0,0
1784415743.992399,ADAPTIVEQF,TRACKING,280,31.445132,35.777790,-0.027103,-0.049585,5.016490,0.000000,0.000000,5.000000,0.058865,0,0
1784415744.042398,ADAPTIVEQF,TRACKING,285,32.890090,49.363133,-0.032795,-0.046732,5.020694,0.000000,0.000000,5.000000,0.060726,0,0
1784415744.092398,ADAPTIVEQF,TRACKING,273,28.822431,33.254511,-0.041848,-0.043086,5.028904,0.000000,0.000000,5.000000,0.066657,0,0
1784415744.142400,ADAPTIVEQF,TRACKING,270,27.586137,48.701025,-0.045245,-0.041998,5.032753,0.000000,0.000000,5.000000,0.069883,0,0
1784415744.192399,ADAPTIVEQF,TRACKING,278,26.257149,30.734128,-0.051525,-0.037563,5.039093,0.000000,0.000000,5.000000,0.074794,0,0
1784415744.242399,ADAPTIVEQF,TRACKING,297,35.936123,58.400223,-0.053946,-0.032625,5.040784,0.000000,0.000000,5.000000,0.075086,0,0
1784415744.292400,ADAPTIVEQF,TRACKING,283,31.738070,36.070372,-0.057837,-0.023352,5.041375,0.000000,0.000000,5.000000,0.074849,0,0
1784415744.342400,ADAPTIVEQF,TRACKING,274,29.015145,47.242689,-0.059320,-0.018834,5.041688,0.000000,0.000000,5.000000,0.074910,0,0
1784415744.392401,ADAPTIVEQF,TRACKING,265,30.137525,34.455818,-0.061508,-0.008809,5.039128,0.000000,0.000000,5.000000,0.073429,0,0
1784415744.442404,ADAPTIVEQF,TRACKING,271,28.678661,48.487737,-0.062030,-0.004544,5.036317,0.000000,0.000000,5.000000,0.072023,0,0
1784415744.492402,ADAPTIVEQF,TRACKING,276,31.134728,35.520332,-0.060248,0.001688,5.030257,0.000000,0.000000,5.000000,0.067440,0,0
1784415744.542402,ADAPTIVEQF,TRACKING,270,26.575389,45.394693,-0.059057,0.004818,5.025996,0.000000,0.000000,5.000000,0.064705,0,0
1784415744.592402,ADAPTIVEQF,TRACKING,283,28.685068,32.879068,-0.055195,0.012732,5.012090,0.000000,0.000000,5.000000,0.057921,0,0
1784415744.642403,ADAPTIVEQF,TRACKING,287,29.081501,50.355335,-0.052858,0.016524,5.005402,0.000000,0.000000,5.000000,0.055643,0,0
1784415744.692403,ADAPTIVEQF,TRACKING,298,29.956479,34.346131,-0.047046,0.022986,5.000090,0.000000,0.000000,5.000000,0.052361,0,0
1784415744.742403,ADAPTIVEQF,TRACKING,296,30.866466,50.869399,-0.043215,0.023559,4.999006,0.000000,0.000000,5.000000,0.049229,0,0
1784415744.792404,ADAPTIVEQF,TRACKING,293,28.581896,32.913356,-0.033775,0.025543,4.998772,0.000000,0.000000,5.000000,0.042364,0,0
1784415744.842405,ADAPTIVEQF,TRACKING,297,28.957996,50.339221,-0.027560,0.025745,4.999332,0.000000,0.000000,5.000000,0.037720,0,0
1784415744.892404,ADAPTIVEQF,TRACKING,300,30.203802,34.513782,-0.011833,0.024687,5.001626,0.000000,0.000000,5.000000,0.027425,0,0
1784415744.943854,ADAPTIVEQF,TRACKING,304,29.500611,50.712248,-0.004187,0.024099,5.001684,0.000000,0.000000,5.000000,0.024518,0,0
1784415744.992405,ADAPTIVEQF,TRACKING,304,32.589547,36.138870,0.016266,0.025153,4.998403,0.000000,0.000000,5.000000,0.029997,0,0
1784415745.042407,ADAPTIVEQF,TRACKING,295,27.694198,45.035391,0.025153,0.025425,4.997067,0.000000,0.000000,5.000000,0.035885,0,0
1784415745.092406,ADAPTIVEQF,TRACKING,301,32.283931,36.581289,0.043334,0.023373,4.996067,0.000000,0.000000,5.000000,0.049392,0,0
1784415745.142407,ADAPTIVEQF,TRACKING,291,29.407420,47.087323,0.052619,0.021405,4.994904,0.000000,0.000000,5.000000,0.057034,0,0
1784415745.192407,ADAPTIVEQF,TRACKING,297,29.899863,34.316387,0.072265,0.017426,4.989045,0.000000,0.000000,5.000000,0.075139,0,0
1784415745.242408,ADAPTIVEQF,TRACKING,291,30.345004,50.402782,0.082174,0.015364,4.989002,0.000000,0.000000,5.000000,0.084319,0,0
1784415745.292408,ADAPTIVEQF,TRACKING,294,30.684345,35.071152,0.099932,0.011882,4.989691,0.000000,0.000000,5.000000,0.101162,0,0
1784415745.342408,ADAPTIVEQF,TRACKING,290,28.338459,47.620946,0.107928,0.011515,4.987626,0.000000,0.000000,5.000000,0.109244,0,0
1784415745.392408,ADAPTIVEQF,TRACKING,293,28.520517,32.923940,0.123317,0.013017,4.981410,0.000000,0.000000,5.000000,0.125388,0,0
1784415745.442408,ADAPTIVEQF,TRACKING,300,32.244689,53.695450,0.128789,0.013383,4.980435,0.000000,0.000000,5.000000,0.130953,0,0
1784415745.492409,ADAPTIVEQF,TRACKING,297,29.958330,34.310060,0.139895,0.015300,4.979259,0.000000,0.000000,5.000000,0.142249,0,0
1784415745.542410,ADAPTIVEQF,TRACKING,294,30.653100,50.650045,0.144358,0.015979,4.979254,0.000000,0.000000,5.000000,0.146714,0,0
1784415745.592410,ADAPTIVEQF,TRACKING,287,28.113666,32.433475,0.151388,0.016401,4.978120,0.000000,0.000000,5.000000,0.153837,0,0
1784415745.642411,ADAPTIVEQF,TRACKING,296,31.867514,53.717653,0.153322,0.016187,4.976327,0.000000,0.000000,5.000000,0.155981,0,0
1784415745.692411,ADAPTIVEQF,TRACKING,290,29.300260,33.658161,0.155530,0.016080,4.975172,0.000000,0.000000,5.000000,0.158318,0,0
1784415745.742410,ADAPTIVEQF,TRACKING,293,29.610136,50.273153,0.155732,0.015756,4.977652,0.000000,0.000000,5.000000,0.158114,0,0
1784415745.792411,ADAPTIVEQF,TRACKING,290,27.322786,31.815450,0.153705,0.015563,4.984548,0.000000,0.000000,5.000000,0.155262,0,0
1784415745.842412,ADAPTIVEQF,TRACKING,303,28.448033,48.004725,0.151845,0.015898,4.985908,0.000000,0.000000,5.000000,0.153324,0,0
1784415745.892412,ADAPTIVEQF,TRACKING,311,33.133863,37.549453,0.146382,0.017004,4.987869,0.000000,0.000000,5.000000,0.147865,0,0
1784415745.942415,ADAPTIVEQF,TRACKING,305,31.630491,48.457635,0.142645,0.017373,4.989062,0.000000,0.000000,5.000000,0.144114,0,0
1784415745.992413,ADAPTIVEQF,TRACKING,295,29.738064,34.208197,0.132182,0.017665,4.991879,0.000000,0.000000,5.000000,0.133604,0,0
1784415746.042413,ADAPTIVEQF,TRACKING,289,27.239948,47.412634,0.126731,0.017816,4.992174,0.000000,0.000000,5.000000,0.128216,0,0
1784415746.092414,ADAPTIVEQF,TRACKING,301,31.332275,35.573045,0.113516,0.017709,4.992146,0.000000,0.000000,5.000000,0.115157,0,0
1784415746.142414,ADAPTIVEQF,TRACKING,300,32.184681,50.813691,0.105977,0.017428,4.990719,0.000000,0.000000,5.000000,0.107800,0,0
1784415746.192414,ADAPTIVEQF,TRACKING,294,29.664483,34.078220,0.088062,0.017254,4.983420,0.000000,0.000000,5.000000,0.091255,0,0
1784415746.242415,ADAPTIVEQF,TRACKING,288,27.177653,47.475218,0.080071,0.018348,4.979323,0.000000,0.000000,5.000000,0.084708,0,0
1784415746.292414,ADAPTIVEQF,TRACKING,297,27.889578,29.449090,0.063762,0.019755,4.974932,0.000000,0.000000,5.000000,0.071304,0,0
1784415746.342416,ADAPTIVEQF,TRACKING,311,33.183036,55.260091,0.055206,0.020931,4.974082,0.000000,0.000000,5.000000,0.064479,0,0
1784415746.392416,ADAPTIVEQF,TRACKING,305,31.630344,35.765047,0.035886,0.024674,4.972244,0.000000,0.000000,5.000000,0.051643,0,0
1784415746.442417,ADAPTIVEQF,TRACKING,295,29.749301,48.073845,0.027703,0.025987,4.972743,0.000000,0.000000,5.000000,0.046752,0,0
1784415746.492417,ADAPTIVEQF,TRACKING,289,27.249368,31.677042,0.015556,0.028250,4.980725,0.000000,0.000000,5.000000,0.037571,0,0
1784415746.542422,ADAPTIVEQF,TRACKING,301,31.277628,53.506238,0.009472,0.029265,4.984298,0.000000,0.000000,5.000000,0.034536,0,0
1784415746.592417,ADAPTIVEQF,TRACKING,300,32.262302,36.511841,-0.003470,0.032473,4.987417,0.000000,0.000000,5.000000,0.034999,0,0
1784415746.642420,ADAPTIVEQF,TRACKING,294,29.671838,47.365371,-0.008664,0.034363,4.988886,0.000000,0.000000,5.000000,0.037140,0,0
1784415746.692418,ADAPTIVEQF,TRACKING,288,30.181468,34.598516,-0.018180,0.037410,4.990410,0.000000,0.000000,5.000000,0.042685,0,0
1784415746.742419,ADAPTIVEQF,TRACKING,287,27.090227,46.868642,-0.021128,0.037255,4.994720,0.000000,0.000000,5.000000,0.043154,0,0
1784415746.792419,ADAPTIVEQF,TRACKING,299,31.142639,35.428935,-0.025826,0.036786,5.003829,0.000000,0.000000,5.000000,0.045109,0,0
1784415746.842420,ADAPTIVEQF,TRACKING,296,28.866847,47.673463,-0.027370,0.036349,5.006427,0.000000,0.000000,5.000000,0.045953,0,0
1784415746.892419,ADAPTIVEQF,TRACKING,303,30.479012,33.043858,-0.028848,0.035111,5.010489,0.000000,0.000000,5.000000,0.046637,0,0
1784415746.942420,ADAPTIVEQF,TRACKING,297,30.610428,50.087418,-0.029513,0.034429,5.012821,0.000000,0.000000,5.000000,0.047124,0,0
1784415746.992420,ADAPTIVEQF,TRACKING,298,29.001265,33.271697,-0.025781,0.030448,5.022398,0.000000,0.000000,5.000000,0.045754,0,0
1784415747.042421,ADAPTIVEQF,TRACKING,299,30.177773,51.106601,-0.023688,0.028330,5.024359,0.000000,0.000000,5.000000,0.044239,0,0
1784415747.092421,ADAPTIVEQF,TRACKING,298,28.020051,29.582091,-0.018215,0.024898,5.028345,0.000000,0.000000,5.000000,0.041894,0,0
1784415747.142422,ADAPTIVEQF,TRACKING,307,32.839806,54.774699,-0.014895,0.023488,5.031185,0.000000,0.000000,5.000000,0.041786,0,0
1784415747.192422,ADAPTIVEQF,TRACKING,298,31.085501,35.484221,-0.008226,0.019251,5.036111,0.000000,0.000000,5.000000,0.041740,0,0
1784415747.242423,ADAPTIVEQF,TRACKING,294,28.717519,47.570350,-0.005992,0.016116,5.038394,0.000000,0.000000,5.000000,0.042069,0,0
1784415747.292423,ADAPTIVEQF,TRACKING,291,29.464768,33.874816,-0.002400,0.010061,5.037636,0.000000,0.000000,5.000000,0.039031,0,0
1784415747.342422,ADAPTIVEQF,TRACKING,296,29.846063,50.341094,-0.000700,0.006449,5.034069,0.000000,0.000000,5.000000,0.034681,0,0
1784415747.392424,ADAPTIVEQF,TRACKING,300,31.183842,35.572892,0.003293,-0.002415,5.026603,0.000000,0.000000,5.000000,0.026914,0,0
1784415747.442424,ADAPTIVEQF,TRACKING,294,28.635047,47.407301,0.005007,-0.006079,5.023666,0.000000,0.000000,5.000000,0.024942,0,0
1784415747.492424,ADAPTIVEQF,TRACKING,297,32.925636,37.182149,0.007624,-0.015406,5.018081,0.000000,0.000000,5.000000,0.024947,0,0
1784415747.542424,ADAPTIVEQF,TRACKING,288,27.156491,44.199279,0.008606,-0.020053,5.016678,0.000000,0.000000,5.000000,0.027465,0,0
1784415747.592424,ADAPTIVEQF,TRACKING,297,30.933604,35.155184,0.007643,-0.031581,5.012075,0.000000,0.000000,5.000000,0.034664,0,0
1784415747.642425,ADAPTIVEQF,TRACKING,290,28.310918,47.334376,0.005682,-0.037170,5.009132,0.000000,0.000000,5.000000,0.038695,0,0
1784415747.692425,ADAPTIVEQF,TRACKING,303,32.520104,36.090639,0.000266,-0.047530,5.003409,0.000000,0.000000,5.000000,0.047652,0,0
1784415747.742426,ADAPTIVEQF,TRACKING,291,29.427697,46.867584,-0.006013,-0.054061,5.002577,0.000000,0.000000,5.000000,0.054455,0,0
1784415747.792426,ADAPTIVEQF,TRACKING,294,29.675441,34.121966,-0.019151,-0.066484,5.002736,0.000000,0.000000,5.000000,0.069241,0,0
1784415747.842429,ADAPTIVEQF,TRACKING,290,30.367142,50.655235,-0.024951,-0.072025,5.001645,0.000000,0.000000,5.000000,0.076242,0,0
1784415747.892426,ADAPTIVEQF,TRACKING,293,27.536282,31.925064,-0.036526,-0.082863,4.996774,0.000000,0.000000,5.000000,0.090613,0,0
1784415747.942427,ADAPTIVEQF,TRACKING,300,31.241194,53.597183,-0.041749,-0.087340,4.995235,0.000000,0.000000,5.000000,0.096922,0,0
1784415747.992427,ADAPTIVEQF,TRACKING,297,28.940367,33.396091,-0.052023,-0.092730,4.993921,0.000000,0.000000,5.000000,0.106500,0,0
1784415748.042429,ADAPTIVEQF,TRACKING,304,27.613896,48.605491,-0.056212,-0.094220,4.993071,0.000000,0.000000,5.000000,0.109933,0,0
1784415748.092429,ADAPTIVEQF,TRACKING,307,32.811969,36.386489,-0.064778,-0.096558,4.993793,0.000000,0.000000,5.000000,0.116439,0,0
1784415748.142429,ADAPTIVEQF,TRACKING,304,31.535764,48.685258,-0.068887,-0.097316,4.996081,0.000000,0.000000,5.000000,0.119294,0,0
1784415748.192429,ADAPTIVEQF,TRACKING,298,29.067886,33.376640,-0.076775,-0.097727,5.000389,0.000000,0.000000,5.000000,0.124278,0,0
1784415748.242432,ADAPTIVEQF,TRACKING,292,29.496182,50.385510,-0.080705,-0.098476,5.001260,0.000000,0.000000,5.000000,0.127328,0,0
1784415748.292431,ADAPTIVEQF,TRACKING,297,29.894761,34.275473,-0.087160,-0.098523,5.001986,0.000000,0.000000,5.000000,0.131558,0,0
1784415748.342430,ADAPTIVEQF,TRACKING,300,31.199867,51.238147,-0.089120,-0.097809,5.002695,0.000000,0.000000,5.000000,0.132349,0,0
1784415748.392431,ADAPTIVEQF,TRACKING,294,28.713233,33.115578,-0.090852,-0.094681,5.002700,0.000000,0.000000,5.000000,0.131248,0,0
1784415748.442858,ADAPTIVEQF,TRACKING,297,31.908435,53.556713,-0.091093,-0.092606,5.002517,0.000000,0.000000,5.000000,0.129923,0,0
1784415748.492432,ADAPTIVEQF,TRACKING,291,29.422626,33.800737,-0.084501,-0.087256,4.999249,0.000000,0.000000,5.000000,0.121468,0,0
1784415748.542431,ADAPTIVEQF,TRACKING,293,29.568799,50.092912,-0.080724,-0.084051,4.997046,0.000000,0.000000,5.000000,0.116575,0,0
1784415748.592432,ADAPTIVEQF,TRACKING,290,29.272968,33.595326,-0.069179,-0.077141,4.987247,0.000000,0.000000,5.000000,0.104399,0,0
1784415748.642433,ADAPTIVEQF,TRACKING,297,29.959976,50.638353,-0.062607,-0.074216,4.982388,0.000000,0.000000,5.000000,0.098681,0,0
1784415748.692433,ADAPTIVEQF,TRACKING,297,30.956749,35.384215,-0.049866,-0.067580,4.979142,0.000000,0.000000,5.000000,0.086537,0,0
1784415748.742433,ADAPTIVEQF,TRACKING,294,28.651141,47.654024,-0.043510,-0.066128,4.979586,0.000000,0.000000,5.000000,0.081748,0,0
1784415748.792434,ADAPTIVEQF,TRACKING,297,29.991087,34.419865,-0.029494,-0.060447,4.980525,0.000000,0.000000,5.000000,0.070022,0,0
1784415748.842434,ADAPTIVEQF,TRACKING,297,30.952092,50.922150,-0.023655,-0.056493,4.981319,0.000000,0.000000,5.000000,0.064032,0,0
1784415748.892434,ADAPTIVEQF,TRACKING,297,31.879263,36.339007,-0.012478,-0.046384,4.986883,0.000000,0.000000,5.000000,0.049792,0,0
1784415748.942435,ADAPTIVEQF,TRACKING,287,29.043576,47.127187,-0.006841,-0.041074,4.989764,0.000000,0.000000,5.000000,0.042880,0,0
1784415748.992435,ADAPTIVEQF,TRACKING,287,29.100307,33.536911,0.002913,-0.029443,5.001650,0.000000,0.000000,5.000000,0.029633,0,0
1784415749.042438,ADAPTIVEQF,TRACKING,290,29.307529,50.129927,0.006805,-0.024014,5.007393,0.000000,0.000000,5.000000,0.026031,0,0
1784415749.092436,ADAPTIVEQF,TRACKING,296,29.870189,34.244084,0.013396,-0.012657,5.016998,0.000000,0.000000,5.000000,0.025072,0,0
1784415749.142436,ADAPTIVEQF,TRACKING,296,30.855940,50.921025,0.016049,-0.006849,5.020997,0.000000,0.000000,5.000000,0.027300,0,0
1784415749.192437,ADAPTIVEQF,TRACKING,293,28.570062,32.844640,0.021237,0.005315,5.030644,0.000000,0.000000,5.000000,0.037661,0,0
1784415749.242437,ADAPTIVEQF,TRACKING,297,29.961462,51.351678,0.022973,0.008189,5.034217,0.000000,0.000000,5.000000,0.042020,0,0
1784415749.292438,ADAPTIVEQF,TRACKING,297,30.940833,35.068567,0.026293,0.014651,5.039846,0.000000,0.000000,5.000000,0.049936,0,0
1784415749.342439,ADAPTIVEQF,TRACKING,297,29.022614,48.040636,0.028062,0.016049,5.039927,0.000000,0.000000,5.000000,0.051373,0,0
1784415749.392438,ADAPTIVEQF,TRACKING,297,29.896663,32.478660,0.031363,0.018273,5.036126,0.000000,0.000000,5.000000,0.051212,0,0
1784415749.442441,ADAPTIVEQF,TRACKING,297,30.979177,51.048898,0.032655,0.019306,5.034258,0.000000,0.000000,5.000000,0.051115,0,0
1784415749.492440,ADAPTIVEQF,TRACKING,297,28.959174,33.371691,0.032114,0.018976,5.033602,0.000000,0.000000,5.000000,0.050205,0,0
1784415749.542439,ADAPTIVEQF,TRACKING,297,29.942879,50.940636,0.031507,0.018896,5.034552,0.000000,0.000000,5.000000,0.050434,0,0
1784415749.592439,ADAPTIVEQF,TRACKING,297,30.895320,35.137486,0.031431,0.018398,5.034158,0.000000,0.000000,5.000000,0.049932,0,0
1784415749.642440,ADAPTIVEQF,TRACKING,297,28.969944,48.018420,0.031985,0.018080,5.031370,0.000000,0.000000,5.000000,0.048312,0,0
1784415749.692440,ADAPTIVEQF,TRACKING,297,29.927117,32.510059,0.032365,0.017817,5.022588,0.000000,0.000000,5.000000,0.043303,0,0
1784415749.742441,ADAPTIVEQF,TRACKING,297,30.920009,50.938247,0.032101,0.017068,5.013706,0.000000,0.000000,5.000000,0.038854,0,0
1784415749.792441,ADAPTIVEQF,TRACKING,297,28.989003,33.265549,0.031094,0.015802,4.995579,0.000000,0.000000,5.000000,0.035158,0,0
1784415749.842441,ADAPTIVEQF,TRACKING,297,30.511504,51.472187,0.031076,0.014902,4.990164,0.000000,0.000000,5.000000,0.035840,0,0
1784415749.892441,ADAPTIVEQF,TRACKING,295,30.719625,34.856851,0.031537,0.012367,4.985419,0.000000,0.000000,5.000000,0.036880,0,0
1784415749.942442,ADAPTIVEQF,TRACKING,295,31.785669,51.028017,0.031334,0.010974,4.984093,0.000000,0.000000,5.000000,0.036815,0,0
1784415749.992443,ADAPTIVEQF,TRACKING,286,28.931619,33.301087,0.029286,0.005817,4.983937,0.000000,0.000000,5.000000,0.033905,0,0
1784415750.042444,ADAPTIVEQF,TRACKING,287,29.136944,50.130870,0.028100,0.003480,4.983107,0.000000,0.000000,5.000000,0.032971,0,0
1784415750.092443,ADAPTIVEQF,TRACKING,289,28.445799,32.909181,0.026542,-0.000992,4.980823,0.000000,0.000000,5.000000,0.032760,0,0
1784415750.142444,ADAPTIVEQF,TRACKING,298,33.060272,54.570927,0.026254,-0.003312,4.979961,0.000000,0.000000,5.000000,0.033193,0,0
1784415750.192444,ADAPTIVEQF,TRACKING,289,27.251772,28.841438,0.025223,-0.008398,4.979808,0.000000,0.000000,5.000000,0.033383,0,0
1784415750.242445,ADAPTIVEQF,TRACKING,296,30.873601,53.375618,0.023915,-0.010979,4.980822,0.000000,0.000000,5.000000,0.032561,0,0
1784415750.292444,ADAPTIVEQF,TRACKING,290,34.305292,38.603323,0.020773,-0.015902,4.985966,0.000000,0.000000,5.000000,0.029687,0,0
1784415750.342444,ADAPTIVEQF,TRACKING,284,33.769517,49.420641,0.019530,-0.017828,4.991254,0.000000,0.000000,5.000000,0.027852,0,0
1784415750.392445,ADAPTIVEQF,TRACKING,263,25.958436,28.539872,0.017011,-0.020854,5.002465,0.000000,0.000000,5.000000,0.027025,0,0
1784415750.442446,ADAPTIVEQF,TRACKING,267,27.329992,49.722261,0.015521,-0.022129,5.005990,0.000000,0.000000,5.000000,0.027685,0,0
1784415750.492446,ADAPTIVEQF,TRACKING,281,29.493448,34.001531,0.012460,-0.027028,5.005988,0.000000,0.000000,5.000000,0.030358,0,0
1784415750.542446,ADAPTIVEQF,TRACKING,294,29.682311,50.150379,0.010826,-0.029384,5.005271,0.000000,0.000000,5.000000,0.031755,0,0
1784415750.592447,ADAPTIVEQF,TRACKING,291,30.460888,34.813234,0.006264,-0.035056,5.001640,0.000000,0.000000,5.000000,0.035649,0,0
1784415750.642447,ADAPTIVEQF,TRACKING,289,33.294004,52.782881,0.003913,-0.037588,5.001848,0.000000,0.000000,5.000000,0.037836,0,0
1784415750.692447,ADAPTIVEQF,TRACKING,280,26.450142,30.930596,0.000191,-0.041138,5.003229,0.000000,0.000000,5.000000,0.041265,0,0
1784415750.742451,ADAPTIVEQF,TRACKING,286,28.951213,51.471619,0.000418,-0.041940,5.005108,0.000000,0.000000,5.000000,0.042252,0,0
1784415750.792449,ADAPTIVEQF,TRACKING,289,32.274388,34.868378,0.000788,-0.042691,5.006380,0.000000,0.000000,5.000000,0.043173,0,0
1784415750.842449,ADAPTIVEQF,TRACKING,292,35.558861,53.243813,0.002084,-0.044074,5.003590,0.000000,0.000000,5.000000,0.044269,0,0
1784415750.892449,ADAPTIVEQF,TRACKING,268,25.456695,29.896193,0.006471,-0.048355,4.998853,0.000000,0.000000,5.000000,0.048799,0,0
1784415750.942450,ADAPTIVEQF,TRACKING,274,29.974508,52.490802,0.008291,-0.050015,4.998194,0.000000,0.000000,5.000000,0.050730,0,0
1784415750.992450,ADAPTIVEQF,TRACKING,275,26.006697,30.477716,0.010375,-0.053979,4.997332,0.000000,0.000000,5.000000,0.055032,0,0
1784415751.042451,ADAPTIVEQF,TRACKING,301,33.264294,55.749336,0.010968,-0.055539,4.996841,0.000000,0.000000,5.000000,0.056699,0,0
1784415751.092451,ADAPTIVEQF,TRACKING,286,26.976357,31.408367,0.014788,-0.057922,4.997761,0.000000,0.000000,5.000000,0.059822,0,0
1784415751.142451,ADAPTIVEQF,TRACKING,300,31.283697,53.709915,0.017826,-0.058804,4.996871,0.000000,0.000000,5.000000,0.061526,0,0
1784415751.192453,ADAPTIVEQF,TRACKING,291,28.421080,32.748311,0.024605,-0.059339,4.993193,0.000000,0.000000,5.000000,0.064597,0,0
1784415751.244857,ADAPTIVEQF,TRACKING,303,29.457277,53.392112,0.029531,-0.058230,4.992153,0.000000,0.000000,5.000000,0.065760,0,0
1784415751.292452,ADAPTIVEQF,TRACKING,300,30.194756,34.588195,0.037722,-0.054925,4.991800,0.000000,0.000000,5.000000,0.067134,0,0
1784415751.342453,ADAPTIVEQF,TRACKING,304,31.517715,51.279030,0.041849,-0.052519,4.992729,0.000000,0.000000,5.000000,0.067546,0,0
1784415751.392452,ADAPTIVEQF,TRACKING,298,29.045710,33.481098,0.051568,-0.045872,4.993566,0.000000,0.000000,5.000000,0.069317,0,0
1784415751.442854,ADAPTIVEQF,TRACKING,298,32.030976,53.330976,0.055490,-0.042774,4.993113,0.000000,0.000000,5.000000,0.070400,0,0
1784415751.492454,ADAPTIVEQF,TRACKING,291,29.426298,33.905090,0.064962,-0.035788,4.988752,0.000000,0.000000,5.000000,0.075016,0,0
1784415751.542454,ADAPTIVEQF,TRACKING,294,29.732283,50.266177,0.069408,-0.032143,4.987200,0.000000,0.000000,5.000000,0.077553,0,0
1784415751.592454,ADAPTIVEQF,TRACKING,290,30.324501,34.756576,0.078102,-0.026143,4.984603,0.000000,0.000000,5.000000,0.083788,0,0
1784415751.642455,ADAPTIVEQF,TRACKING,293,27.586649,47.223573,0.081308,-0.024536,4.983484,0.000000,0.000000,5.000000,0.086520,0,0
1784415751.692454,ADAPTIVEQF,TRACKING,300,32.254995,35.855423,0.086686,-0.020862,4.981187,0.000000,0.000000,5.000000,0.091125,0,0
1784415751.742456,ADAPTIVEQF,TRACKING,293,29.591934,47.290387,0.089522,-0.018649,4.980481,0.000000,0.000000,5.000000,0.093503,0,0
1784415751.792456,ADAPTIVEQF,TRACKING,297,30.926320,35.385503,0.094195,-0.013277,4.977465,0.000000,0.000000,5.000000,0.097759,0,0
1784415751.842460,ADAPTIVEQF,TRACKING,287,28.035800,47.071462,0.095638,-0.010922,4.976073,0.000000,0.000000,5.000000,0.099189,0,0
1784415751.892457,ADAPTIVEQF,TRACKING,297,28.953376,33.445015,0.097653,-0.006410,4.970771,0.000000,0.000000,5.000000,0.102135,0,0
1784415751.942456,ADAPTIVEQF,TRACKING,300,30.219251,51.227324,0.098199,-0.004047,4.966424,0.000000,0.000000,5.000000,0.103860,0,0
1784415751.992456,ADAPTIVEQF,TRACKING,304,28.568960,30.171255,0.094125,0.002274,4.958787,0.000000,0.000000,5.000000,0.102777,0,0
1784415752.042458,ADAPTIVEQF,TRACKING,308,30.975386,52.322982,0.091333,0.005084,4.958368,0.000000,0.000000,5.000000,0.100503,0,0
1784415752.092458,ADAPTIVEQF,TRACKING,304,32.569026,36.172310,0.086393,0.009245,4.957322,0.000000,0.000000,5.000000,0.096802,0,0
1784415752.142459,ADAPTIVEQF,TRACKING,298,27.978051,45.365293,0.083396,0.011021,4.956233,0.000000,0.000000,5.000000,0.094826,0,0
1784415752.192459,ADAPTIVEQF,TRACKING,298,32.019518,36.358035,0.077024,0.013271,4.951350,0.000000,0.000000,5.000000,0.092063,0,0
1784415752.242462,ADAPTIVEQF,TRACKING,291,29.396460,47.321823,0.072833,0.013697,4.949133,0.000000,0.000000,5.000000,0.089887,0,0
1784415752.292460,ADAPTIVEQF,TRACKING,297,29.967558,34.321916,0.063579,0.014439,4.946416,0.000000,0.000000,5.000000,0.084392,0,0
1784415752.342460,ADAPTIVEQF,TRACKING,290,30.344432,50.315204,0.057877,0.014106,4.947545,0.000000,0.000000,5.000000,0.079375,0,0
1784415752.392460,ADAPTIVEQF,TRACKING,293,30.605718,34.934983,0.043291,0.012448,4.952542,0.000000,0.000000,5.000000,0.065431,0,0
1784415752.442462,ADAPTIVEQF,TRACKING,290,28.227381,47.578654,0.036897,0.011960,4.953697,0.000000,0.000000,5.000000,0.060402,0,0
1784415752.492461,ADAPTIVEQF,TRACKING,293,28.578659,32.844844,0.023732,0.012097,4.952463,0.000000,0.000000,5.000000,0.054491,0,0
1784415752.542461,ADAPTIVEQF,TRACKING,300,30.178472,51.553894,0.019325,0.012179,4.951976,0.000000,0.000000,5.000000,0.053180,0,0
1784415752.592461,ADAPTIVEQF,TRACKING,304,28.505020,30.110364,0.007026,0.013522,4.952913,0.000000,0.000000,5.000000,0.049491,0,0
1784415752.642462,ADAPTIVEQF,TRACKING,308,32.948218,54.409067,0.002075,0.014737,4.954645,0.000000,0.000000,5.000000,0.047734,0,0
1784415752.692462,ADAPTIVEQF,TRACKING,298,31.040509,35.411600,-0.007780,0.017058,4.956204,0.000000,0.000000,5.000000,0.047640,0,0
1784415752.742463,ADAPTIVEQF,TRACKING,295,28.797602,47.719071,-0.012766,0.017331,4.953882,0.000000,0.000000,5.000000,0.050894,0,0
1784415752.792463,ADAPTIVEQF,TRACKING,291,29.388841,33.541733,-0.023724,0.017841,4.947766,0.000000,0.000000,5.000000,0.060079,0,0
1784415752.842471,ADAPTIVEQF,TRACKING,297,49.752448,70.327095,-0.028719,0.017496,4.943984,0.000000,0.000000,5.000000,0.065336,0,0
1784415752.892465,ADAPTIVEQF,TRACKING,245,37.389842,37.536838,-0.039077,0.016078,4.941196,0.000000,0.000000,5.000000,0.072411,0,0
1784415752.944855,ADAPTIVEQF,TRACKING,213,30.794197,45.725280,-0.044213,0.015839,4.941111,0.000000,0.000000,5.000000,0.075324,0,0
1784415752.992465,ADAPTIVEQF,TRACKING,193,24.880395,28.469447,-0.056843,0.013752,4.940046,0.000000,0.000000,5.000000,0.083754,0,0
1784415753.042465,ADAPTIVEQF,TRACKING,211,27.430355,49.775228,-0.062173,0.012911,4.939294,0.000000,0.000000,5.000000,0.087849,0,0
1784415753.092466,ADAPTIVEQF,TRACKING,223,24.503453,28.813434,-0.070572,0.013851,4.936780,0.000000,0.000000,5.000000,0.095754,0,0
1784415753.142467,ADAPTIVEQF,TRACKING,244,29.350035,51.636527,-0.072496,0.014722,4.937063,0.000000,0.000000,5.000000,0.097126,0,0
1784415753.192466,ADAPTIVEQF,TRACKING,249,28.828415,33.254757,-0.077310,0.017009,4.940317,0.000000,0.000000,5.000000,0.099137,0,0
1784415753.242467,ADAPTIVEQF,TRACKING,260,29.766035,50.883727,-0.078031,0.018674,4.941717,0.000000,0.000000,5.000000,0.099169,0,0
1784415753.292466,ADAPTIVEQF,TRACKING,256,30.305880,34.767266,-0.079116,0.020974,4.943551,0.000000,0.000000,5.000000,0.099427,0,0
1784415753.342467,ADAPTIVEQF,TRACKING,258,27.522542,47.177919,-0.078949,0.021868,4.943952,0.000000,0.000000,5.000000,0.099260,0,0
1784415753.392467,ADAPTIVEQF,TRACKING,265,25.141063,26.753993,-0.076556,0.023734,4.944216,0.000000,0.000000,5.000000,0.097652,0,0
1784415753.442467,ADAPTIVEQF,TRACKING,281,33.547665,55.159905,-0.075024,0.024431,4.944161,0.000000,0.000000,5.000000,0.096661,0,0
1784415753.492468,ADAPTIVEQF,TRACKING,280,33.457753,37.823159,-0.069066,0.024929,4.940334,0.000000,0.000000,5.000000,0.094612,0,0
1784415753.542469,ADAPTIVEQF,TRACKING,269,25.518102,42.026804,-0.065618,0.025141,4.939267,0.000000,0.000000,5.000000,0.092878,0,0
1784415753.592469,ADAPTIVEQF,TRACKING,269,26.840800,31.235498,-0.055828,0.027048,4.937132,0.000000,0.000000,5.000000,0.088321,0,0
1784415753.642470,ADAPTIVEQF,TRACKING,286,29.995561,52.584215,-0.050618,0.028602,4.935683,0.000000,0.000000,5.000000,0.086701,0,0
1784415753.692470,ADAPTIVEQF,TRACKING,300,31.225024,35.619933,-0.039920,0.030876,4.932685,0.000000,0.000000,5.000000,0.084132,0,0
1784415753.742471,ADAPTIVEQF,TRACKING,291,28.368823,47.099139,-0.032776,0.031477,4.931134,0.000000,0.000000,5.000000,0.082508,0,0
1784415753.792471,ADAPTIVEQF,TRACKING,293,31.576189,35.922462,-0.017290,0.031939,4.930898,0.000000,0.000000,5.000000,0.078065,0,0
1784415753.842480,ADAPTIVEQF,TRACKING,290,49.407356,67.804235,-0.009623,0.031684,4.931849,0.000000,0.000000,5.000000,0.075769,0,0
1784415753.892485,ADAPTIVEQF,TRACKING,239,44.035208,44.420112,0.006800,0.030752,4.932288,0.000000,0.000000,5.000000,0.074678,0,0
1784415753.942473,ADAPTIVEQF,TRACKING,194,22.969482,28.840212,0.014511,0.030460,4.931477,0.000000,0.000000,5.000000,0.076379,0,0
1784415753.992472,ADAPTIVEQF,TRACKING,190,24.655282,27.273360,0.032742,0.026757,4.928587,0.000000,0.000000,5.000000,0.082992,0,0
1784415754.042473,ADAPTIVEQF,TRACKING,208,24.152312,46.637043,0.040482,0.024997,4.929131,0.000000,0.000000,5.000000,0.085359,0,0
1784415754.092475,ADAPTIVEQF,TRACKING,247,29.575034,34.089933,0.055604,0.021957,4.933875,0.000000,0.000000,5.000000,0.089142,0,0
1784415754.142474,ADAPTIVEQF,TRACKING,246,29.463922,49.835435,0.062821,0.020703,4.939540,0.000000,0.000000,5.000000,0.089613,0,0
1784415754.192475,ADAPTIVEQF,TRACKING,253,26.132610,30.547517,0.077322,0.018565,4.953784,0.000000,0.000000,5.000000,0.091974,0,0
1784415754.242474,ADAPTIVEQF,TRACKING,262,29.886903,52.364932,0.083394,0.018412,4.961510,0.000000,0.000000,5.000000,0.093675,0,0
1784415754.292475,ADAPTIVEQF,TRACKING,266,28.278001,32.695295,0.093809,0.018158,4.974219,0.000000,0.000000,5.000000,0.098967,0,0
1784415754.342476,ADAPTIVEQF,TRACKING,278,27.315641,48.991006,0.098072,0.017849,4.976966,0.000000,0.000000,5.000000,0.102309,0,0
1784415754.392475,ADAPTIVEQF,TRACKING,282,29.684090,34.083516,0.105492,0.017358,4.983049,0.000000,0.000000,5.000000,0.108246,0,0
1784415754.442476,ADAPTIVEQF,TRACKING,290,27.326829,47.590687,0.107995,0.017358,4.987036,0.000000,0.000000,5.000000,0.110147,0,0
1784415754.492477,ADAPTIVEQF,TRACKING,302,38.570751,42.901689,0.109232,0.017466,4.992242,0.000000,0.000000,5.000000,0.110891,0,0
1784415754.542477,ADAPTIVEQF,TRACKING,275,32.168440,43.529524,0.109156,0.017457,4.994322,0.000000,0.000000,5.000000,0.110689,0,0
1784415754.592477,ADAPTIVEQF,TRACKING,265,30.880332,35.184129,0.106300,0.016111,4.999395,0.000000,0.000000,5.000000,0.107516,0,0
1784415754.642477,ADAPTIVEQF,TRACKING,249,24.876499,43.947557,0.103832,0.014981,5.000371,0.000000,0.000000,5.000000,0.104908,0,0
1784415754.692477,ADAPTIVEQF,TRACKING,269,28.977731,32.588993,0.097902,0.012416,4.999523,0.000000,0.000000,5.000000,0.098687,0,0
1784415754.742477,ADAPTIVEQF,TRACKING,277,31.255597,52.203444,0.093440,0.010190,4.995626,0.000000,0.000000,5.000000,0.094095,0,0
1784415754.792480,ADAPTIVEQF,TRACKING,280,30.626258,35.016530,0.083123,0.005328,4.990355,0.000000,0.000000,5.000000,0.083850,0,0
1784415754.842484,ADAPTIVEQF,TRACKING,272,29.871660,49.207579,0.078217,0.003073,4.993605,0.000000,0.000000,5.000000,0.078538,0,0
1784415754.892479,ADAPTIVEQF,TRACKING,271,25.804587,30.321561,0.068066,-0.001497,4.999781,0.000000,0.000000,5.000000,0.068083,0,0
1784415754.942480,ADAPTIVEQF,TRACKING,286,29.096650,49.708374,0.062791,-0.003634,5.002917,0.000000,0.000000,5.000000,0.062964,0,0
1784415754.992480,ADAPTIVEQF,TRACKING,293,29.774968,34.239646,0.047842,-0.009645,5.004489,0.000000,0.000000,5.000000,0.049011,0,0
1784415755.042481,ADAPTIVEQF,TRACKING,301,31.501606,51.639722,0.041129,-0.012194,5.005438,0.000000,0.000000,5.000000,0.043242,0,0
1784415755.092480,ADAPTIVEQF,TRACKING,292,32.649356,36.888314,0.026979,-0.019645,5.005750,0.000000,0.000000,5.000000,0.033865,0,0
1784415755.142481,ADAPTIVEQF,TRACKING,282,29.768251,47.081079,0.022443,-0.022413,5.004539,0.000000,0.000000,5.000000,0.032041,0,0
1784415755.192482,ADAPTIVEQF,TRACKING,279,29.576603,34.018079,0.008903,-0.029162,4.998047,0.000000,0.000000,5.000000,0.030553,0,0
1784415755.242484,ADAPTIVEQF,TRACKING,278,29.443144,49.823119,0.002625,-0.029989,4.994146,0.000000,0.000000,5.000000,0.030668,0,0
1784415755.292483,ADAPTIVEQF,TRACKING,283,28.123669,32.373203,-0.009636,-0.031232,4.988781,0.000000,0.000000,5.000000,0.034556,0,0
1784415755.342483,ADAPTIVEQF,TRACKING,289,29.375626,51.195054,-0.015388,-0.032456,4.986140,0.000000,0.000000,5.000000,0.038500,0,0
1784415755.392483,ADAPTIVEQF,TRACKING,293,29.751909,34.291407,-0.027492,-0.035881,4.979518,0.000000,0.000000,5.000000,0.049626,0,0
1784415755.442483,ADAPTIVEQF,TRACKING,297,30.487862,50.696144,-0.032481,-0.036791,4.978685,0.000000,0.000000,5.000000,0.053506,0,0
1784415755.492482,ADAPTIVEQF,TRACKING,294,30.813184,35.078518,-0.041748,-0.035938,4.978196,0.000000,0.000000,5.000000,0.059244,0,0
1784415755.542484,ADAPTIVEQF,TRACKING,291,28.563932,47.715561,-0.046009,-0.035085,4.977047,0.000000,0.000000,5.000000,0.062246,0,0
1784415755.592483,ADAPTIVEQF,TRACKING,294,29.810991,34.238446,-0.056825,-0.031954,4.976231,0.000000,0.000000,5.000000,0.069391,0,0
1784415755.642484,ADAPTIVEQF,TRACKING,295,30.964747,51.122549,-0.062203,-0.029997,4.976935,0.000000,0.000000,5.000000,0.072808,0,0
1784415755.692484,ADAPTIVEQF,TRACKING,295,28.842727,33.260664,-0.071508,-0.024941,4.980102,0.000000,0.000000,5.000000,0.078303,0,0
1784415755.742485,ADAPTIVEQF,TRACKING,295,30.421310,51.535039,-0.075679,-0.019830,4.981142,0.000000,0.000000,5.000000,0.080475,0,0
1784415755.792484,ADAPTIVEQF,TRACKING,294,30.822128,35.279479,-0.083017,-0.009024,4.984818,0.000000,0.000000,5.000000,0.084875,0,0
1784415755.842489,ADAPTIVEQF,TRACKING,294,31.819392,50.970063,-0.085034,-0.004869,4.986729,0.000000,0.000000,5.000000,0.086201,0,0
1784415755.892486,ADAPTIVEQF,TRACKING,284,28.154733,32.398660,-0.086972,0.002428,4.989396,0.000000,0.000000,5.000000,0.087650,0,0
1784415755.942486,ADAPTIVEQF,TRACKING,288,29.284110,51.071764,-0.087269,0.005987,4.990459,0.000000,0.000000,5.000000,0.087993,0,0
1784415755.992487,ADAPTIVEQF,TRACKING,291,29.459004,33.801984,-0.083565,0.015061,4.987075,0.000000,0.000000,5.000000,0.085890,0,0
1784415756.042488,ADAPTIVEQF,TRACKING,297,29.044150,49.503349,-0.081258,0.018940,4.983296,0.000000,0.000000,5.000000,0.085092,0,0
1784415756.092490,ADAPTIVEQF,TRACKING,299,30.170615,32.787352,-0.072963,0.027519,4.972696,0.000000,0.000000,5.000000,0.082622,0,0
1784415756.142489,ADAPTIVEQF,TRACKING,300,30.793919,50.570266,-0.067268,0.032084,4.965996,0.000000,0.000000,5.000000,0.081919,0,0
1784415756.192489,ADAPTIVEQF,TRACKING,298,29.139233,33.520809,-0.054852,0.041226,4.951725,0.000000,0.000000,5.000000,0.083897,0,0
1784415756.242490,ADAPTIVEQF,TRACKING,298,30.633634,51.422713,-0.049865,0.044922,4.942688,0.000000,0.000000,5.000000,0.088256,0,0
1784415756.292489,ADAPTIVEQF,TRACKING,296,31.931502,36.480291,-0.039946,0.051153,4.932356,0.000000,0.000000,5.000000,0.093745,0,0
1784415756.342489,ADAPTIVEQF,TRACKING,291,29.489311,47.523569,-0.033218,0.054578,4.925126,0.000000,0.000000,5.000000,0.098429,0,0
1784415756.392490,ADAPTIVEQF,TRACKING,288,29.266028,33.417513,-0.021947,0.059247,4.913336,0.000000,0.000000,5.000000,0.107250,0,0
1784415756.442491,ADAPTIVEQF,TRACKING,289,28.632423,49.320045,-0.016298,0.061333,4.909842,0.000000,0.000000,5.000000,0.110253,0,0
1784415756.492492,ADAPTIVEQF,TRACKING,297,30.065062,34.511927,-0.007238,0.061996,4.902043,0.000000,0.000000,5.000000,0.116152,0,0
1784415756.542492,ADAPTIVEQF,TRACKING,298,31.121053,51.007403,-0.002671,0.061785,4.898308,0.000000,0.000000,5.000000,0.119020,0,0
1784415756.592491,ADAPTIVEQF,TRACKING,295,29.196723,33.465783,0.005913,0.060930,4.893439,0.000000,0.000000,5.000000,0.122893,0,0
1784415756.642491,ADAPTIVEQF,TRACKING,295,29.864510,47.490693,0.008659,0.060223,4.893400,0.000000,0.000000,5.000000,0.122741,0,0
1784415756.692492,ADAPTIVEQF,TRACKING,295,27.855158,32.195531,0.013752,0.057512,4.896637,0.000000,0.000000,5.000000,0.119082,0,0
1784415756.742492,ADAPTIVEQF,TRACKING,305,32.744294,54.839257,0.016021,0.054301,4.901393,0.000000,0.000000,5.000000,0.113704,0,0
1784415756.792493,ADAPTIVEQF,TRACKING,297,29.506864,33.811022,0.021017,0.045845,4.917276,0.000000,0.000000,5.000000,0.096885,0,0
1784415756.842493,ADAPTIVEQF,TRACKING,298,32.149441,52.588084,0.023020,0.042660,4.925379,0.000000,0.000000,5.000000,0.088984,0,0
1784415756.892493,ADAPTIVEQF,TRACKING,286,28.347128,32.669942,0.026289,0.037288,4.944707,0.000000,0.000000,5.000000,0.071686,0,0
1784415756.942493,ADAPTIVEQF,TRACKING,293,29.702235,51.311922,0.027872,0.034185,4.954466,0.000000,0.000000,5.000000,0.063394,0,0
1784415756.992494,ADAPTIVEQF,TRACKING,291,30.539928,34.727382,0.031215,0.021576,4.966674,0.000000,0.000000,5.000000,0.050503,0,0
1784415757.042495,ADAPTIVEQF,TRACKING,294,28.863161,48.246679,0.032682,0.015683,4.968124,0.000000,0.000000,5.000000,0.048272,0,0
1784415757.092496,ADAPTIVEQF,TRACKING,295,29.970016,34.345765,0.035413,0.005396,4.969554,0.000000,0.000000,5.000000,0.047013,0,0
1784415757.142495,ADAPTIVEQF,TRACKING,295,30.920727,50.900583,0.036678,0.000932,4.970343,0.000000,0.000000,5.000000,0.047177,0,0
1784415757.192495,ADAPTIVEQF,TRACKING,295,28.978932,33.431223,0.039249,-0.008189,4.971642,0.000000,0.000000,5.000000,0.049110,0,0
1784415757.242496,ADAPTIVEQF,TRACKING,295,26.922433,44.549060,0.040291,-0.010878,4.973208,0.000000,0.000000,5.000000,0.049594,0,0
1784415757.292496,ADAPTIVEQF,TRACKING,305,28.789264,30.420791,0.041836,-0.016583,4.976081,0.000000,0.000000,5.000000,0.050965,0,0
1784415757.342496,ADAPTIVEQF,TRACKING,317,32.496898,53.652796,0.042113,-0.020207,4.977145,0.000000,0.000000,5.000000,0.052002,0,0
1784415757.392496,ADAPTIVEQF,TRACKING,312,34.475133,38.924086,0.041461,-0.029117,4.981427,0.000000,0.000000,5.000000,0.053961,0,0
1784415757.442497,ADAPTIVEQF,TRACKING,292,28.626788,44.120664,0.041221,-0.032613,4.982188,0.000000,0.000000,5.000000,0.055499,0,0
1784415757.492498,ADAPTIVEQF,TRACKING,289,29.358023,33.804795,0.040816,-0.039589,4.987683,0.000000,0.000000,5.000000,0.058180,0,0
1784415757.542498,ADAPTIVEQF,TRACKING,290,28.846554,49.432298,0.040544,-0.042696,4.989620,0.000000,0.000000,5.000000,0.059787,0,0
1784415757.592498,ADAPTIVEQF,TRACKING,300,30.320526,34.559117,0.040175,-0.047542,4.989797,0.000000,0.000000,5.000000,0.063074,0,0
1784415757.642499,ADAPTIVEQF,TRACKING,297,31.072277,50.715678,0.040090,-0.048647,4.989328,0.000000,0.000000,5.000000,0.063934,0,0
1784415757.692499,ADAPTIVEQF,TRACKING,294,31.813017,36.340477,0.039665,-0.050172,4.988730,0.000000,0.000000,5.000000,0.064943,0,0
1784415757.742499,ADAPTIVEQF,TRACKING,286,29.100924,47.243110,0.039882,-0.050133,4.987590,0.000000,0.000000,5.000000,0.065252,0,0
1784415757.792500,ADAPTIVEQF,TRACKING,286,29.108413,33.552863,0.039430,-0.049900,4.984287,0.000000,0.000000,5.000000,0.065511,0,0
1784415757.842500,ADAPTIVEQF,TRACKING,288,29.277481,50.131561,0.038223,-0.048923,4.985393,0.000000,0.000000,5.000000,0.063780,0,0
1784415757.892500,ADAPTIVEQF,TRACKING,294,29.837601,34.251690,0.034661,-0.045156,4.989404,0.000000,0.000000,5.000000,0.057903,0,0
1784415757.942501,ADAPTIVEQF,TRACKING,295,30.269232,50.390053,0.032928,-0.042985,4.990092,0.000000,0.000000,5.000000,0.055047,0,0
1784415757.992501,ADAPTIVEQF,TRACKING,294,29.223312,33.533784,0.034674,-0.034288,4.985354,0.000000,0.000000,5.000000,0.050916,0,0
1784415758.042503,ADAPTIVEQF,TRACKING,296,32.021941,52.700944,0.035603,-0.030035,4.983472,0.000000,0.000000,5.000000,0.049425,0,0
1784415758.092502,ADAPTIVEQF,TRACKING,290,29.483226,34.019702,0.034422,-0.018364,4.982725,0.000000,0.000000,5.000000,0.042668,0,0
1784415758.142502,ADAPTIVEQF,TRACKING,291,29.586893,50.069170,0.032628,-0.011259,4.982641,0.000000,0.000000,5.000000,0.038636,0,0
1784415758.192502,ADAPTIVEQF,TRACKING,288,28.408111,32.761291,0.028952,0.003452,4.978283,0.000000,0.000000,5.000000,0.036356,0,0
1784415758.242503,ADAPTIVEQF,TRACKING,298,31.129097,52.669569,0.028450,0.009576,4.977456,0.000000,0.000000,5.000000,0.037542,0,0
1784415758.292503,ADAPTIVEQF,TRACKING,295,28.852646,33.249272,0.027042,0.020728,4.976463,0.000000,0.000000,5.000000,0.041411,0,0
1784415758.342505,ADAPTIVEQF,TRACKING,299,30.517153,51.616987,0.026631,0.026107,4.976693,0.000000,0.000000,5.000000,0.043977,0,0
1784415758.392504,ADAPTIVEQF,TRACKING,295,31.920472,35.561513,0.026150,0.037486,4.978581,0.000000,0.000000,5.000000,0.050476,0,0
1784415758.442505,ADAPTIVEQF,TRACKING,292,29.642526,47.659826,0.025624,0.041972,4.979363,0.000000,0.000000,5.000000,0.053330,0,0
1784415758.492505,ADAPTIVEQF,TRACKING,288,28.628793,32.916408,0.025401,0.046109,4.975794,0.000000,0.000000,5.000000,0.057941,0,0
1784415758.542506,ADAPTIVEQF,TRACKING,291,30.511756,51.838717,0.025183,0.048025,4.973719,0.000000,0.000000,5.000000,0.060260,0,0
1784415758.592506,ADAPTIVEQF,TRACKING,294,28.759749,33.077021,0.024292,0.053727,4.970688,0.000000,0.000000,5.000000,0.065848,0,0
1784415758.642507,ADAPTIVEQF,TRACKING,297,30.069046,51.237023,0.023804,0.056850,4.969887,0.000000,0.000000,5.000000,0.068595,0,0
1784415758.692507,ADAPTIVEQF,TRACKING,296,31.013539,35.370334,0.022603,0.062080,4.970061,0.000000,0.000000,5.000000,0.072533,0,0
1784415758.742507,ADAPTIVEQF,TRACKING,296,32.033098,50.983916,0.021923,0.063380,4.972646,0.000000,0.000000,5.000000,0.072428,0,0
1784415758.792507,ADAPTIVEQF,TRACKING,286,28.215170,32.451277,0.019970,0.065661,4.978240,0.000000,0.000000,5.000000,0.071998,0,0
1784415758.842507,ADAPTIVEQF,TRACKING,288,29.018526,50.750728,0.018329,0.066496,4.980852,0.000000,0.000000,5.000000,0.071584,0,0
1784415758.892508,ADAPTIVEQF,TRACKING,292,29.614390,33.925023,0.013957,0.067831,4.985186,0.000000,0.000000,5.000000,0.070818,0,0
1784415758.942508,ADAPTIVEQF,TRACKING,299,31.254690,51.611763,0.011458,0.067915,4.986827,0.000000,0.000000,5.000000,0.070123,0,0
1784415758.992509,ADAPTIVEQF,TRACKING,293,28.780442,33.142082,0.008070,0.067858,4.985304,0.000000,0.000000,5.000000,0.069898,0,0
1784415759.042510,ADAPTIVEQF,TRACKING,295,30.624434,51.750490,0.006314,0.067175,4.984987,0.000000,0.000000,5.000000,0.069121,0,0
1784415759.092510,ADAPTIVEQF,TRACKING,293,31.735429,36.125967,0.004857,0.063436,4.979515,0.000000,0.000000,5.000000,0.066838,0,0
1784415759.142511,ADAPTIVEQF,TRACKING,289,29.314139,47.548089,0.005163,0.059860,4.973091,0.000000,0.000000,5.000000,0.065833,0,0
1784415759.192511,ADAPTIVEQF,TRACKING,287,29.197782,33.653597,0.005275,0.054076,4.962928,0.000000,0.000000,5.000000,0.065775,0,0
1784415759.242511,ADAPTIVEQF,TRACKING,288,29.934056,50.695187,0.005035,0.051331,4.958083,0.000000,0.000000,5.000000,0.066463,0,0
1784415759.292511,ADAPTIVEQF,TRACKING,293,27.772900,32.277725,0.004280,0.045750,4.953512,0.000000,0.000000,5.000000,0.065364,0,0
1784415759.342513,ADAPTIVEQF,TRACKING,299,29.254091,47.905536,0.004063,0.043705,4.952965,0.000000,0.000000,5.000000,0.064335,0,0
1784415759.392512,ADAPTIVEQF,TRACKING,303,30.608463,34.986406,0.004099,0.040557,4.949286,0.000000,0.000000,5.000000,0.065067,0,0
1784415759.442512,ADAPTIVEQF,TRACKING,306,29.941267,49.301130,0.004034,0.038929,4.947535,0.000000,0.000000,5.000000,0.065455,0,0
1784415759.492512,ADAPTIVEQF,TRACKING,303,31.632458,36.093191,0.003316,0.036196,4.946581,0.000000,0.000000,5.000000,0.064612,0,0
1784415759.542514,ADAPTIVEQF,TRACKING,296,29.963101,48.295247,0.002790,0.034754,4.945237,0.000000,0.000000,5.000000,0.064920,0,0
1784415759.592513,ADAPTIVEQF,TRACKING,296,30.966683,35.178490,0.001523,0.031284,4.942820,0.000000,0.000000,5.000000,0.065197,0,0
1784415759.642514,ADAPTIVEQF,TRACKING,290,28.443415,47.426560,0.001030,0.029594,4.942682,0.000000,0.000000,5.000000,0.064515,0,0
1784415759.692513,ADAPTIVEQF,TRACKING,296,31.301081,34.949534,0.000463,0.025700,4.946968,0.000000,0.000000,5.000000,0.058933,0,0
1784415759.742515,ADAPTIVEQF,TRACKING,291,28.629000,47.267785,0.000978,0.022586,4.947950,0.000000,0.000000,5.000000,0.056747,0,0
1784415759.792515,ADAPTIVEQF,TRACKING,297,30.027663,34.412169,0.001965,0.015603,4.952958,0.000000,0.000000,5.000000,0.049601,0,0
1784415759.842517,ADAPTIVEQF,TRACKING,294,30.851800,50.792156,0.002970,0.012863,4.951988,0.000000,0.000000,5.000000,0.049794,0,0
1784415759.892515,ADAPTIVEQF,TRACKING,295,29.336699,33.771697,0.005914,0.008432,4.942710,0.000000,0.000000,5.000000,0.058208,0,0
1784415759.942855,ADAPTIVEQF,TRACKING,294,29.641346,50.603759,0.007218,0.006234,4.938889,0.000000,0.000000,5.000000,0.061851,0,0
1784415759.992517,ADAPTIVEQF,TRACKING,294,29.802212,32.451004,0.007304,0.004670,4.928810,0.000000,0.000000,5.000000,0.071716,0,0
1784415760.042517,ADAPTIVEQF,TRACKING,298,30.625869,50.744779,0.006925,0.004548,4.925434,0.000000,0.000000,5.000000,0.075025,0,0
1784415760.092518,ADAPTIVEQF,TRACKING,295,28.978216,33.524458,0.005977,0.005568,4.924793,0.000000,0.000000,5.000000,0.075649,0,0
1784415760.142524,ADAPTIVEQF,TRACKING,297,30.853647,51.805363,0.005447,0.006467,4.926136,0.000000,0.000000,5.000000,0.074347,0,0
1784415760.192519,ADAPTIVEQF,TRACKING,295,31.819327,36.152199,0.003610,0.007247,4.929570,0.000000,0.000000,5.000000,0.070894,0,0
1784415760.242519,ADAPTIVEQF,TRACKING,290,29.473924,47.601031,0.001660,0.006013,4.928490,0.000000,0.000000,5.000000,0.071781,0,0
1784415760.292519,ADAPTIVEQF,TRACKING,287,28.418145,32.875601,-0.001970,0.003844,4.926960,0.000000,0.000000,5.000000,0.073168,0,0
1784415760.342520,ADAPTIVEQF,TRACKING,291,30.477777,51.994648,-0.003296,0.003006,4.926079,0.000000,0.000000,5.000000,0.074056,0,0
1784415760.392520,ADAPTIVEQF,TRACKING,294,28.797174,33.126958,-0.004952,0.001869,4.926846,0.000000,0.000000,5.000000,0.073345,0,0
1784415760.442522,ADAPTIVEQF,TRACKING,298,32.992349,54.112448,-0.005317,0.001568,4.928746,0.000000,0.000000,5.000000,0.071469,0,0
1784415760.492521,ADAPTIVEQF,TRACKING,287,27.193072,31.638672,-0.000284,0.000504,4.935474,0.000000,0.000000,5.000000,0.064528,0,0
1784415760.542521,ADAPTIVEQF,TRACKING,296,31.038401,53.561709,0.002540,0.000048,4.939899,0.000000,0.000000,5.000000,0.060155,0,0
1784415760.592520,ADAPTIVEQF,TRACKING,290,28.462019,32.917893,0.007650,0.000234,4.950288,0.000000,0.000000,5.000000,0.050298,0,0
1784415760.642521,ADAPTIVEQF,TRACKING,302,29.508790,48.167186,0.009234,0.000796,4.953153,0.000000,0.000000,5.000000,0.047755,0,0
1784415760.692521,ADAPTIVEQF,TRACKING,299,31.180399,35.651931,0.012065,0.001547,4.957233,0.000000,0.000000,5.000000,0.044463,0,0
1784415760.742522,ADAPTIVEQF,TRACKING,299,29.201784,47.986863,0.013363,0.001721,4.956434,0.000000,0.000000,5.000000,0.045602,0,0
1784415760.792522,ADAPTIVEQF,TRACKING,300,30.348223,34.817002,0.015799,0.001774,4.957552,0.000000,0.000000,5.000000,0.045328,0,0
1784415760.842523,ADAPTIVEQF,TRACKING,296,31.016240,50.620917,0.016818,0.001856,4.955859,0.000000,0.000000,5.000000,0.047272,0,0
1784415760.892523,ADAPTIVEQF,TRACKING,296,29.179577,33.539600,0.018787,0.002080,4.949671,0.000000,0.000000,5.000000,0.053761,0,0
1784415760.942523,ADAPTIVEQF,TRACKING,295,29.931596,47.586943,0.019654,0.001981,4.947664,0.000000,0.000000,5.000000,0.055940,0,0
1784415760.992523,ADAPTIVEQF,TRACKING,295,27.932092,32.347214,0.020508,-0.001504,4.941592,0.000000,0.000000,5.000000,0.061922,0,0
1784415761.042524,ADAPTIVEQF,TRACKING,305,32.829466,54.817995,0.020602,-0.003137,4.939457,0.000000,0.000000,5.000000,0.064029,0,0
1784415761.092525,ADAPTIVEQF,TRACKING,296,29.229848,33.601368,0.020055,-0.006921,4.933778,0.000000,0.000000,5.000000,0.069537,0,0
1784415761.142525,ADAPTIVEQF,TRACKING,298,32.179231,52.888233,0.019448,-0.009129,4.929582,0.000000,0.000000,5.000000,0.073622,0,0
1784415761.192525,ADAPTIVEQF,TRACKING,286,29.139099,33.574103,0.017171,-0.013866,4.929112,0.000000,0.000000,5.000000,0.074244,0,0
1784415761.242526,ADAPTIVEQF,TRACKING,291,29.542008,50.345236,0.014946,-0.015395,4.932414,0.000000,0.000000,5.000000,0.070910,0,0
1784415761.292525,ADAPTIVEQF,TRACKING,289,28.809320,33.202991,0.010553,-0.017909,4.939339,0.000000,0.000000,5.000000,0.064124,0,0
1784415761.342526,ADAPTIVEQF,TRACKING,296,31.007905,52.116614,0.008834,-0.019339,4.942446,0.000000,0.000000,5.000000,0.061355,0,0
1784415761.392527,ADAPTIVEQF,TRACKING,294,28.829810,33.194739,0.006349,-0.020876,4.946661,0.000000,0.000000,5.000000,0.057629,0,0
1784415761.442527,ADAPTIVEQF,TRACKING,297,30.784617,51.901105,0.004681,-0.021267,4.949317,0.000000,0.000000,5.000000,0.055162,0,0
1784415761.492527,ADAPTIVEQF,TRACKING,293,31.732614,36.238691,0.003579,-0.025291,4.945666,0.000000,0.000000,5.000000,0.060038,0,0
1784415761.542527,ADAPTIVEQF,TRACKING,290,29.431791,47.657803,0.002958,-0.027155,4.943606,0.000000,0.000000,5.000000,0.062661,0,0
1784415761.592528,ADAPTIVEQF,TRACKING,287,29.229106,33.669594,0.001094,-0.029640,4.936429,0.000000,0.000000,5.000000,0.070150,0,0
1784415761.642529,ADAPTIVEQF,TRACKING,288,29.269871,49.995476,0.000166,-0.029925,4.933378,0.000000,0.000000,5.000000,0.073035,0,0
1784415761.692528,ADAPTIVEQF,TRACKING,295,29.919801,34.362856,-0.001126,-0.029176,4.928073,0.000000,0.000000,5.000000,0.077627,0,0
1784415761.742529,ADAPTIVEQF,TRACKING,295,30.303209,50.356372,-0.001659,-0.026450,4.924160,0.000000,0.000000,5.000000,0.080338,0,0
1784415761.792529,ADAPTIVEQF,TRACKING,294,30.779733,35.093930,-0.002841,-0.020661,4.918910,0.000000,0.000000,5.000000,0.083729,0,0
1784415761.842530,ADAPTIVEQF,TRACKING,291,28.584825,47.764140,-0.003444,-0.018220,4.917419,0.000000,0.000000,5.000000,0.084637,0,0
1784415761.892531,ADAPTIVEQF,TRACKING,294,29.776020,34.260386,-0.004755,-0.013309,4.917371,0.000000,0.000000,5.000000,0.083829,0,0
1784415761.942531,ADAPTIVEQF,TRACKING,295,30.891756,51.085474,-0.005434,-0.011015,4.920601,0.000000,0.000000,5.000000,0.080344,0,0
1784415761.992531,ADAPTIVEQF,TRACKING,295,28.936350,33.296071,-0.008113,-0.009919,4.928490,0.000000,0.000000,5.000000,0.072649,0,0
1784415762.042533,ADAPTIVEQF,TRACKING,295,30.118360,51.075846,-0.009019,-0.009732,4.932133,0.000000,0.000000,5.000000,0.069152,0,0
1784415762.092532,ADAPTIVEQF,TRACKING,295,27.921789,29.585572,-0.010788,-0.007600,4.938424,0.000000,0.000000,5.000000,0.062975,0,0
1784415762.142533,ADAPTIVEQF,TRACKING,305,32.791978,54.814218,-0.011768,-0.005742,4.940940,0.000000,0.000000,5.000000,0.060494,0,0
1784415762.192533,ADAPTIVEQF,TRACKING,295,29.201714,33.505466,-0.013756,-0.001261,4.950808,0.000000,0.000000,5.000000,0.051095,0,0
1784415762.242534,ADAPTIVEQF,TRACKING,298,32.227786,52.960303,-0.014527,0.000323,4.953652,0.000000,0.000000,5.000000,0.048573,0,0
1784415762.292533,ADAPTIVEQF,TRACKING,286,28.326759,32.907781,-0.016482,0.003951,4.960330,0.000000,0.000000,5.000000,0.043140,0,0
1784415762.342535,ADAPTIVEQF,TRACKING,293,28.934626,50.554606,-0.018877,0.007056,4.961646,0.000000,0.000000,5.000000,0.043326,0,0
1784415762.392534,ADAPTIVEQF,TRACKING,294,29.844786,34.391556,-0.026596,0.015525,4.963750,0.000000,0.000000,5.000000,0.047565,0,0
1784415762.442535,ADAPTIVEQF,TRACKING,300,31.385344,51.493913,-0.029507,0.018728,4.966339,0.000000,0.000000,5.000000,0.048523,0,0
1784415762.492535,ADAPTIVEQF,TRACKING,295,29.204186,33.650653,-0.037856,0.022613,4.968859,0.000000,0.000000,5.000000,0.053983,0,0
1784415762.542534,ADAPTIVEQF,TRACKING,294,29.860328,47.529634,-0.041708,0.024061,4.969479,0.000000,0.000000,5.000000,0.057009,0,0
1784415762.592535,ADAPTIVEQF,TRACKING,294,27.789702,32.159419,-0.048097,0.026001,4.966722,0.000000,0.000000,5.000000,0.064007,0,0
1784415762.642535,ADAPTIVEQF,TRACKING,304,32.699286,54.860024,-0.049871,0.026393,4.963438,0.000000,0.000000,5.000000,0.067235,0,0
1784415762.692536,ADAPTIVEQF,TRACKING,296,29.367837,33.598456,-0.052381,0.027394,4.958816,0.000000,0.000000,5.000000,0.072044,0,0
1784415762.742537,ADAPTIVEQF,TRACKING,298,32.263971,52.852703,-0.053408,0.028107,4.954170,0.000000,0.000000,5.000000,0.075781,0,0
1784415762.792538,ADAPTIVEQF,TRACKING,285,29.089720,33.606073,-0.055309,0.029062,4.945503,0.000000,0.000000,5.000000,0.082907,0,0
1784415762.842538,ADAPTIVEQF,TRACKING,290,29.533896,50.395442,-0.056195,0.029643,4.942584,0.000000,0.000000,5.000000,0.085634,0,0
1784415762.892537,ADAPTIVEQF,TRACKING,288,28.478078,32.894385,-0.057979,0.030779,4.936289,0.000000,0.000000,5.000000,0.091477,0,0
1784415762.942538,ADAPTIVEQF,TRACKING,297,31.121040,52.578670,-0.058600,0.030765,4.933219,0.000000,0.000000,5.000000,0.094022,0,0
1784415762.992538,ADAPTIVEQF,TRACKING,294,28.800351,33.221739,-0.062866,0.031221,4.920441,0.000000,0.000000,5.000000,0.106097,0,0
1784415763.042540,ADAPTIVEQF,TRACKING,298,31.028000,52.134254,-0.064624,0.031173,4.915234,0.000000,0.000000,5.000000,0.111055,0,0
1784415763.092539,ADAPTIVEQF,TRACKING,293,29.593121,33.976437,-0.066861,0.029606,4.916855,0.000000,0.000000,5.000000,0.110725,0,0
1784415763.142540,ADAPTIVEQF,TRACKING,296,30.743959,51.090625,-0.067461,0.028471,4.919542,0.000000,0.000000,5.000000,0.108789,0,0
1784415763.192540,ADAPTIVEQF,TRACKING,291,31.653051,36.193878,-0.067185,0.026313,4.932807,0.000000,0.000000,5.000000,0.098596,0,0
1784415763.242858,ADAPTIVEQF,TRACKING,286,40.124725,58.724225,-0.065171,0.025025,4.937996,0.000000,0.000000,5.000000,0.093371,0,0
1784415763.292541,ADAPTIVEQF,TRACKING,255,29.410577,33.837789,-0.060685,0.022596,4.949449,0.000000,0.000000,5.000000,0.082151,0,0
1784415763.342541,ADAPTIVEQF,TRACKING,246,28.630788,49.178674,-0.058299,0.023323,4.956500,0.000000,0.000000,5.000000,0.076387,0,0
1784415763.392541,ADAPTIVEQF,TRACKING,241,25.150521,29.717045,-0.052559,0.028598,4.973552,0.000000,0.000000,5.000000,0.065420,0,0
1784415763.442541,ADAPTIVEQF,TRACKING,267,29.450974,51.842232,-0.049724,0.030601,4.979543,0.000000,0.000000,5.000000,0.061866,0,0
1784415763.492542,ADAPTIVEQF,TRACKING,271,27.735511,30.423697,-0.041130,0.031753,4.984995,0.000000,0.000000,5.000000,0.054084,0,0
1784415763.544854,ADAPTIVEQF,TRACKING,283,27.862862,52.408762,-0.036656,0.031961,4.987149,0.000000,0.000000,5.000000,0.050303,0,0
1784415763.592543,ADAPTIVEQF,TRACKING,289,31.479110,35.992952,-0.026381,0.031844,4.991364,0.000000,0.000000,5.000000,0.042244,0,0
1784415763.642854,ADAPTIVEQF,TRACKING,290,33.434913,52.217376,-0.021916,0.031573,4.991855,0.000000,0.000000,5.000000,0.039288,0,0
1784415763.692544,ADAPTIVEQF,TRACKING,278,30.443667,34.133870,-0.013248,0.030652,4.992624,0.000000,0.000000,5.000000,0.034197,0,0
1784415763.742544,ADAPTIVEQF,TRACKING,269,26.611279,46.125898,-0.006315,0.029406,4.991889,0.000000,0.000000,5.000000,0.031151,0,0
1784415763.792546,ADAPTIVEQF,TRACKING,278,31.390250,34.081397,0.003967,0.026911,4.991108,0.000000,0.000000,5.000000,0.028618,0,0
1784415763.842545,ADAPTIVEQF,TRACKING,280,30.594405,49.156727,0.009561,0.023781,4.988716,0.000000,0.000000,5.000000,0.028005,0,0
1784415763.892545,ADAPTIVEQF,TRACKING,280,27.566645,32.186047,0.021520,0.014488,4.978046,0.000000,0.000000,5.000000,0.033985,0,0
1784415763.942546,ADAPTIVEQF,TRACKING,280,27.628880,50.021934,0.027127,0.010071,4.972317,0.000000,0.000000,5.000000,0.040045,0,0
1784415763.992546,ADAPTIVEQF,TRACKING,293,31.800533,36.277112,0.041410,0.000727,4.961520,0.000000,0.000000,5.000000,0.056533,0,0
1784415764.042547,ADAPTIVEQF,TRACKING,294,32.934873,51.054568,0.047579,-0.003107,4.957398,0.000000,0.000000,5.000000,0.063940,0,0
1784415764.092547,ADAPTIVEQF,TRACKING,281,32.722556,37.292453,0.058385,-0.009671,4.947666,0.000000,0.000000,5.000000,0.079001,0,0
1784415764.142547,ADAPTIVEQF,TRACKING,267,28.523675,45.762709,0.062843,-0.012512,4.943190,0.000000,0.000000,5.000000,0.085634,0,0
1784415764.192548,ADAPTIVEQF,TRACKING,268,27.575322,32.012048,0.070726,-0.018434,4.938062,0.000000,0.000000,5.000000,0.095804,0,0
1784415764.242548,ADAPTIVEQF,TRACKING,275,27.189057,49.567965,0.071876,-0.020424,4.937942,0.000000,0.000000,5.000000,0.097131,0,0
1784415764.292548,ADAPTIVEQF,TRACKING,291,33.614908,35.306651,0.073746,-0.024366,4.945212,0.000000,0.000000,5.000000,0.095047,0,0
1784415764.342549,ADAPTIVEQF,TRACKING,283,27.998163,44.343512,0.075180,-0.027141,4.950016,0.000000,0.000000,5.000000,0.094271,0,0
1784415764.392549,ADAPTIVEQF,TRACKING,287,28.667706,33.195795,0.078964,-0.034446,4.963338,0.000000,0.000000,5.000000,0.093626,0,0
1784415764.442551,ADAPTIVEQF,TRACKING,286,30.117857,51.403252,0.080206,-0.037243,4.969280,0.000000,0.000000,5.000000,0.093615,0,0
1784415764.492550,ADAPTIVEQF,TRACKING,295,30.161615,34.752852,0.080488,-0.046230,4.981883,0.000000,0.000000,5.000000,0.094571,0,0
1784415764.542550,ADAPTIVEQF,TRACKING,292,32.650339,52.450207,0.079934,-0.050253,4.988909,0.000000,0.000000,5.000000,0.095067,0,0
1784415764.592551,ADAPTIVEQF,TRACKING,281,29.664610,34.176799,0.078153,-0.055620,4.999120,0.000000,0.000000,5.000000,0.095928,0,0
1784415764.642550,ADAPTIVEQF,TRACKING,281,29.656198,49.955745,0.077382,-0.056413,5.001229,0.000000,0.000000,5.000000,0.095770,0,0
1784415764.692551,ADAPTIVEQF,TRACKING,278,29.382949,33.843019,0.074999,-0.057523,5.002755,0.000000,0.000000,5.000000,0.094558,0,0
1784415764.742551,ADAPTIVEQF,TRACKING,284,28.922532,49.509804,0.073331,-0.058034,5.003880,0.000000,0.000000,5.000000,0.093597,0,0
1784415764.792553,ADAPTIVEQF,TRACKING,287,32.367582,36.929737,0.069108,-0.058311,5.009299,0.000000,0.000000,5.000000,0.090899,0,0
1784415764.842552,ADAPTIVEQF,TRACKING,280,28.628487,46.214585,0.066756,-0.058796,5.009194,0.000000,0.000000,5.000000,0.089431,0,0
1784415764.892552,ADAPTIVEQF,TRACKING,284,28.997243,33.504175,0.061233,-0.060071,5.003109,0.000000,0.000000,5.000000,0.085836,0,0
1784415764.942557,ADAPTIVEQF,TRACKING,283,28.827857,49.798436,0.058263,-0.059971,5.000581,0.000000,0.000000,5.000000,0.083615,0,0
1784415764.992554,ADAPTIVEQF,TRACKING,293,29.699591,34.259880,0.050212,-0.059782,4.985044,0.000000,0.000000,5.000000,0.079491,0,0
1784415765.042554,ADAPTIVEQF,TRACKING,294,33.804962,54.017769,0.046490,-0.059050,4.979886,0.000000,0.000000,5.000000,0.077799,0,0
1784415765.092554,ADAPTIVEQF,TRACKING,282,27.801784,31.488108,0.038994,-0.056449,4.971189,0.000000,0.000000,5.000000,0.074411,0,0
1784415765.142555,ADAPTIVEQF,TRACKING,285,31.006005,53.165689,0.035247,-0.054675,4.966579,0.000000,0.000000,5.000000,0.073134,0,0
1784415765.192554,ADAPTIVEQF,TRACKING,279,26.966183,31.401925,0.027085,-0.049789,4.957389,0.000000,0.000000,5.000000,0.070910,0,0
1784415765.242555,ADAPTIVEQF,TRACKING,296,31.040464,53.607568,0.024030,-0.046353,4.951292,0.000000,0.000000,5.000000,0.071404,0,0
1784415765.292555,ADAPTIVEQF,TRACKING,290,34.499922,38.886185,0.017544,-0.039203,4.941550,0.000000,0.000000,5.000000,0.072533,0,0
1784415765.342556,ADAPTIVEQF,TRACKING,280,28.598208,44.049434,0.014442,-0.036134,4.935508,0.000000,0.000000,5.000000,0.075322,0,0
1784415765.392556,ADAPTIVEQF,TRACKING,276,28.300777,32.870415,0.007869,-0.030256,4.922166,0.000000,0.000000,5.000000,0.083877,0,0
1784415765.442557,ADAPTIVEQF,TRACKING,278,27.384776,49.044830,0.004815,-0.027457,4.919354,0.000000,0.000000,5.000000,0.085328,0,0
1784415765.492557,ADAPTIVEQF,TRACKING,296,31.065653,35.404943,-0.001761,-0.024556,4.915946,0.000000,0.000000,5.000000,0.087585,0,0
1784415765.542558,ADAPTIVEQF,TRACKING,294,34.783420,53.660794,-0.004180,-0.023306,4.918132,0.000000,0.000000,5.000000,0.085224,0,0
1784415765.592558,ADAPTIVEQF,TRACKING,279,28.507012,33.030943,-0.012253,-0.018371,4.922725,0.000000,0.000000,5.000000,0.080368,0,0
1784415765.642559,ADAPTIVEQF,TRACKING,276,28.195072,49.652156,-0.016125,-0.015695,4.922122,0.000000,0.000000,5.000000,0.081064,0,0
1784415765.692558,ADAPTIVEQF,TRACKING,278,27.454616,31.960319,-0.022847,-0.009650,4.925712,0.000000,0.000000,5.000000,0.078318,0,0
1784415765.742559,ADAPTIVEQF,TRACKING,296,32.004543,54.468135,-0.024459,-0.006079,4.926992,0.000000,0.000000,5.000000,0.077235,0,0
1784415765.792559,ADAPTIVEQF,TRACKING,291,32.539602,37.059220,-0.028108,0.001815,4.929939,0.000000,0.000000,5.000000,0.075511,0,0
1784415765.842560,ADAPTIVEQF,TRACKING,282,29.789308,47.205758,-0.030180,0.005819,4.931563,0.000000,0.000000,5.000000,0.075022,0,0
1784415765.892560,ADAPTIVEQF,TRACKING,276,26.253550,30.807523,-0.035179,0.014576,4.938916,0.000000,0.000000,5.000000,0.071981,0,0
1784415765.942561,ADAPTIVEQF,TRACKING,287,29.207978,49.890687,-0.037578,0.018724,4.944534,0.000000,0.000000,5.000000,0.069564,0,0
1784415765.992560,ADAPTIVEQF,TRACKING,297,30.103973,34.598662,-0.045384,0.025175,4.954505,0.000000,0.000000,5.000000,0.069016,0,0
1784415766.042561,ADAPTIVEQF,TRACKING,301,33.619749,53.425563,-0.048476,0.027774,4.958358,0.000000,0.000000,5.000000,0.069681,0,0
1784415766.092562,ADAPTIVEQF,TRACKING,285,31.053144,35.540897,-0.051295,0.035153,4.962713,0.000000,0.000000,5.000000,0.072507,0,0
1784415766.142566,ADAPTIVEQF,TRACKING,279,27.547447,46.449497,-0.051299,0.039579,4.967021,0.000000,0.000000,5.000000,0.072703,0,0
1784415766.192562,ADAPTIVEQF,TRACKING,281,26.911053,31.446035,-0.050585,0.047646,4.979578,0.000000,0.000000,5.000000,0.072429,0,0
1784415766.242700,ADAPTIVEQF,TRACKING,296,18.047897,40.646796,-0.049019,0.049536,4.983534,0.000000,0.000000,5.000000,0.071608,0,0
1784415766.292592,ADAPTIVEQF,TRACKING,352,26.500008,30.588896,-0.045965,0.052607,4.993193,0.000000,0.000000,5.000000,0.070190,0,0
1784415766.343747,ADAPTIVEQF,TRACKING,387,27.351117,51.072329,-0.044094,0.052130,4.995327,0.000000,0.000000,5.000000,0.068437,0,0
1784415766.392608,ADAPTIVEQF,TRACKING,400,26.070037,30.301715,-0.038997,0.047667,4.991469,0.000000,0.000000,5.000000,0.062175,0,0
1784415766.442629,ADAPTIVEQF,TRACKING,400,28.123473,50.557628,-0.036675,0.046030,4.987419,0.000000,0.000000,5.000000,0.060184,0,0
1784415766.492628,ADAPTIVEQF,TRACKING,400,26.662417,31.133895,-0.031294,0.043678,4.974370,0.000000,0.000000,5.000000,0.059531,0,0
1784415766.542630,ADAPTIVEQF,TRACKING,400,27.905452,50.441278,-0.028356,0.042285,4.971555,0.000000,0.000000,5.000000,0.058320,0,0
1784415766.592625,ADAPTIVEQF,TRACKING,400,26.613216,30.974461,-0.017745,0.036785,4.973142,0.000000,0.000000,5.000000,0.048881,0,0
1784415766.642709,ADAPTIVEQF,TRACKING,400,28.259816,50.954470,-0.011337,0.033464,4.973214,0.000000,0.000000,5.000000,0.044338,0,0
1784415766.692624,ADAPTIVEQF,TRACKING,400,27.199954,31.583943,0.000837,0.027292,4.971814,0.000000,0.000000,5.000000,0.039243,0,0
1784415766.742704,ADAPTIVEQF,TRACKING,400,31.350439,53.922570,0.007065,0.024417,4.967137,0.000000,0.000000,5.000000,0.041546,0,0
1784415766.792605,ADAPTIVEQF,TRACKING,400,41.254463,45.612043,0.020424,0.018375,4.959589,0.000000,0.000000,5.000000,0.048866,0,0
1784415766.842626,ADAPTIVEQF,TRACKING,360,20.927811,29.565540,0.027161,0.015870,4.958854,0.000000,0.000000,5.000000,0.051793,0,0
1784415766.892614,ADAPTIVEQF,TRACKING,375,27.003978,31.445835,0.041584,0.011159,4.960342,0.000000,0.000000,5.000000,0.058537,0,0
1784415766.942628,ADAPTIVEQF,TRACKING,385,27.246665,49.805440,0.047980,0.008924,4.962230,0.000000,0.000000,5.000000,0.061712,0,0
1784415766.992612,ADAPTIVEQF,TRACKING,400,26.714845,31.273016,0.059479,0.007303,4.958859,0.000000,0.000000,5.000000,0.072689,0,0
1784415767.042625,ADAPTIVEQF,TRACKING,400,27.686168,50.356815,0.063738,0.006906,4.955863,0.000000,0.000000,5.000000,0.077835,0,0
1784415767.092616,ADAPTIVEQF,TRACKING,400,26.700309,31.255567,0.070590,0.005728,4.953060,0.000000,0.000000,5.000000,0.084965,0,0
1784415767.142632,ADAPTIVEQF,TRACKING,400,27.457621,49.955212,0.073204,0.005085,4.953855,0.000000,0.000000,5.000000,0.086684,0,0
1784415767.192596,ADAPTIVEQF,TRACKING,400,27.402195,31.890455,0.077414,0.003441,4.955863,0.000000,0.000000,5.000000,0.089178,0,0
1784415767.242719,ADAPTIVEQF,TRACKING,400,27.509935,50.132293,0.078100,0.001861,4.953971,0.000000,0.000000,5.000000,0.090674,0,0
1784415767.292616,ADAPTIVEQF,TRACKING,400,26.783759,31.224762,0.078315,-0.001026,4.954199,0.000000,0.000000,5.000000,0.090730,0,0
1784415767.342623,ADAPTIVEQF,TRACKING,400,25.210105,47.842585,0.076968,-0.002320,4.954297,0.000000,0.000000,5.000000,0.089545,0,0
1784415767.392628,ADAPTIVEQF,TRACKING,400,27.473880,31.901075,0.070819,-0.005197,4.951229,0.000000,0.000000,5.000000,0.086145,0,0
1784415767.442704,ADAPTIVEQF,TRACKING,400,27.842477,50.364579,0.067683,-0.006527,4.949374,0.000000,0.000000,5.000000,0.084774,0,0
1784415767.492698,ADAPTIVEQF,TRACKING,400,26.789071,31.394189,0.062317,-0.009495,4.939695,0.000000,0.000000,5.000000,0.087237,0,0
1784415767.542713,ADAPTIVEQF,TRACKING,400,27.027146,49.682504,0.059516,-0.011050,4.936327,0.000000,0.000000,5.000000,0.087855,0,0
1784415767.592632,ADAPTIVEQF,TRACKING,400,26.936078,31.479748,0.051941,-0.015485,4.930623,0.000000,0.000000,5.000000,0.088039,0,0
1784415767.642638,ADAPTIVEQF,TRACKING,400,27.272596,49.910444,0.047906,-0.017855,4.928699,0.000000,0.000000,5.000000,0.087736,0,0
1784415767.692632,ADAPTIVEQF,TRACKING,400,27.237326,31.802202,0.039965,-0.022182,4.924701,0.000000,0.000000,5.000000,0.088086,0,0
1784415767.742710,ADAPTIVEQF,TRACKING,400,27.815293,50.539314,0.037402,-0.024921,4.921159,0.000000,0.000000,5.000000,0.090752,0,0
1784415767.792707,ADAPTIVEQF,TRACKING,400,27.337172,31.913358,0.030776,-0.029878,4.916772,0.000000,0.000000,5.000000,0.093631,0,0
1784415767.842643,ADAPTIVEQF,TRACKING,400,27.807383,50.328405,0.027730,-0.032362,4.916367,0.000000,0.000000,5.000000,0.093866,0,0
1784415767.892687,ADAPTIVEQF,TRACKING,400,24.536542,29.158261,0.021483,-0.037875,4.917933,0.000000,0.000000,5.000000,0.092904,0,0
1784415767.942640,ADAPTIVEQF,TRACKING,400,28.308324,50.943991,0.018131,-0.040094,4.920331,0.000000,0.000000,5.000000,0.091013,0,0
1784415767.992613,ADAPTIVEQF,TRACKING,400,26.737837,31.261101,0.009971,-0.046306,4.930569,0.000000,0.000000,5.000000,0.084050,0,0
1784415768.042629,ADAPTIVEQF,TRACKING,400,28.997238,51.551541,0.006162,-0.048457,4.936913,0.000000,0.000000,5.000000,0.079787,0,0
1784415768.092631,ADAPTIVEQF,TRACKING,400,26.241838,30.769939,-0.000666,-0.051667,4.947134,0.000000,0.000000,5.000000,0.073924,0,0
1784415768.142706,ADAPTIVEQF,TRACKING,400,27.773263,50.440420,-0.003686,-0.052905,4.951297,0.000000,0.000000,5.000000,0.072003,0,0
1784415768.192699,ADAPTIVEQF,TRACKING,400,26.001714,30.497706,-0.010104,-0.054887,4.957168,0.000000,0.000000,5.000000,0.070351,0,0
1784415768.242646,ADAPTIVEQF,TRACKING,400,27.822491,50.518851,-0.011289,-0.055003,4.956634,0.000000,0.000000,5.000000,0.070947,0,0
1784415768.292629,ADAPTIVEQF,TRACKING,400,26.807995,31.368181,-0.013981,-0.054865,4.957496,0.000000,0.000000,5.000000,0.070797,0,0
1784415768.342646,ADAPTIVEQF,TRACKING,400,27.893146,50.514754,-0.015267,-0.053878,4.955481,0.000000,0.000000,5.000000,0.071539,0,0
1784415768.392713,ADAPTIVEQF,TRACKING,400,27.163050,31.789090,-0.017888,-0.049704,4.945338,0.000000,0.000000,5.000000,0.076016,0,0
1784415768.442729,ADAPTIVEQF,TRACKING,400,27.194422,49.964966,-0.019048,-0.047415,4.941646,0.000000,0.000000,5.000000,0.077564,0,0
1784415768.492719,ADAPTIVEQF,TRACKING,400,27.425501,32.045390,-0.022300,-0.042974,4.929868,0.000000,0.000000,5.000000,0.085221,0,0
1784415768.542730,ADAPTIVEQF,TRACKING,400,27.464632,49.967754,-0.023976,-0.040234,4.925406,0.000000,0.000000,5.000000,0.088079,0,0
1784415768.592712,ADAPTIVEQF,TRACKING,400,28.053126,32.741793,-0.027115,-0.033604,4.916752,0.000000,0.000000,5.000000,0.093780,0,0
1784415768.642724,ADAPTIVEQF,TRACKING,400,27.038937,48.917403,-0.028029,-0.030747,4.912631,0.000000,0.000000,5.000000,0.096770,0,0
1784415768.692607,ADAPTIVEQF,TRACKING,400,27.439705,32.019428,-0.029344,-0.025063,4.910721,0.000000,0.000000,5.000000,0.097263,0,0
1784415768.742715,ADAPTIVEQF,TRACKING,400,27.471791,50.064533,-0.030327,-0.021801,4.911461,0.000000,0.000000,5.000000,0.096095,0,0
1784415768.792645,ADAPTIVEQF,TRACKING,400,27.355234,31.770580,-0.032011,-0.014851,4.918550,0.000000,0.000000,5.000000,0.088766,0,0
1784415768.842612,ADAPTIVEQF,TRACKING,400,27.412231,49.940434,-0.032713,-0.012688,4.922017,0.000000,0.000000,5.000000,0.085513,0,0
1784415768.892623,ADAPTIVEQF,TRACKING,400,26.788978,31.382420,-0.034010,-0.009409,4.926436,0.000000,0.000000,5.000000,0.081589,0,0
1784415768.942646,ADAPTIVEQF,TRACKING,400,27.738187,50.427310,-0.034412,-0.007382,4.929333,0.000000,0.000000,5.000000,0.078946,0,0
1784415768.992708,ADAPTIVEQF,TRACKING,400,24.933868,29.469774,-0.036913,-0.000691,4.935175,0.000000,0.000000,5.000000,0.074601,0,0
1784415769.042637,ADAPTIVEQF,TRACKING,400,28.542467,51.120560,-0.037902,0.002652,4.939929,0.000000,0.000000,5.000000,0.071078,0,0
1784415769.092704,ADAPTIVEQF,TRACKING,400,27.160539,31.737199,-0.041081,0.006981,4.948258,0.000000,0.000000,5.000000,0.066435,0,0
1784415769.142643,ADAPTIVEQF,TRACKING,400,27.024524,49.730152,-0.043083,0.008075,4.951892,0.000000,0.000000,5.000000,0.065082,0,0
1784415769.192719,ADAPTIVEQF,TRACKING,400,27.787670,32.304106,-0.046317,0.010372,4.957745,0.000000,0.000000,5.000000,0.063548,0,0
1784415769.242725,ADAPTIVEQF,TRACKING,400,27.277927,49.389322,-0.047998,0.011627,4.955940,0.000000,0.000000,5.000000,0.066184,0,0
1784415769.292642,ADAPTIVEQF,TRACKING,400,26.944222,31.427909,-0.050250,0.014175,4.951042,0.000000,0.000000,5.000000,0.071574,0,0
1784415769.342647,ADAPTIVEQF,TRACKING,400,26.183840,48.725941,-0.049183,0.015260,4.947873,0.000000,0.000000,5.000000,0.073274,0,0
1784415769.392632,ADAPTIVEQF,TRACKING,400,27.695786,32.231006,-0.042400,0.017481,4.945722,0.000000,0.000000,5.000000,0.071060,0,0
1784415769.442634,ADAPTIVEQF,TRACKING,400,26.554465,48.769514,-0.039342,0.018597,4.948208,0.000000,0.000000,5.000000,0.067646,0,0
1784415769.492667,ADAPTIVEQF,TRACKING,400,26.795102,31.413599,-0.032723,0.025504,4.954820,0.000000,0.000000,5.000000,0.061339,0,0
1784415769.542755,ADAPTIVEQF,TRACKING,400,27.583872,50.340243,-0.029408,0.028981,4.958290,0.000000,0.000000,5.000000,0.058690,0,0
1784415769.592792,ADAPTIVEQF,TRACKING,400,27.251815,31.875121,-0.021399,0.038302,4.963789,0.000000,0.000000,5.000000,0.056888,0,0
1784415769.642633,ADAPTIVEQF,TRACKING,400,27.314075,49.836210,-0.017598,0.043103,4.964676,0.000000,0.000000,5.000000,0.058441,0,0
1784415769.692649,ADAPTIVEQF,TRACKING,400,27.064696,31.503895,-0.010104,0.050809,4.969125,0.000000,0.000000,5.000000,0.060307,0,0
1784415769.742662,ADAPTIVEQF,TRACKING,400,27.167956,49.795471,-0.005427,0.053903,4.966648,0.000000,0.000000,5.000000,0.063619,0,0
1784415769.792645,ADAPTIVEQF,TRACKING,400,27.445264,32.063510,0.005096,0.059972,4.959536,0.000000,0.000000,5.000000,0.072525,0,0
1784415769.842725,ADAPTIVEQF,TRACKING,400,27.810044,50.358405,0.009701,0.061058,4.956329,0.000000,0.000000,5.000000,0.075692,0,0
1784415769.892643,ADAPTIVEQF,TRACKING,400,38.017891,42.549167,0.018343,0.060260,4.949347,0.000000,0.000000,5.000000,0.080830,0,0
1784415769.942616,ADAPTIVEQF,TRACKING,385,40.614192,52.412441,0.022440,0.059614,4.947432,0.000000,0.000000,5.000000,0.082588,0,0
1784415769.992707,ADAPTIVEQF,TRACKING,333,19.279738,23.975790,0.029586,0.058988,4.941348,0.000000,0.000000,5.000000,0.088289,0,0
1784415770.042641,ADAPTIVEQF,TRACKING,348,24.900876,47.523449,0.032392,0.058443,4.938786,0.000000,0.000000,5.000000,0.090620,0,0
1784415770.092700,ADAPTIVEQF,TRACKING,383,27.288148,31.812935,0.036735,0.056499,4.929844,0.000000,0.000000,5.000000,0.097280,0,0
1784415770.142657,ADAPTIVEQF,TRACKING,400,27.717154,50.295961,0.038219,0.055140,4.924293,0.000000,0.000000,5.000000,0.101157,0,0
1784415770.192815,ADAPTIVEQF,TRACKING,400,26.992412,31.624964,0.040560,0.051332,4.914231,0.000000,0.000000,5.000000,0.107872,0,0
1784415770.242631,ADAPTIVEQF,TRACKING,400,27.181873,49.785976,0.040253,0.049400,4.911731,0.000000,0.000000,5.000000,0.108867,0,0
1784415770.292651,ADAPTIVEQF,TRACKING,400,27.039436,31.524936,0.039316,0.044994,4.911936,0.000000,0.000000,5.000000,0.106421,0,0
1784415770.342649,ADAPTIVEQF,TRACKING,400,28.675284,51.344276,0.038622,0.042917,4.912747,0.000000,0.000000,5.000000,0.104626,0,0
1784415770.392653,ADAPTIVEQF,TRACKING,400,25.404367,29.947644,0.036746,0.038394,4.913763,0.000000,0.000000,5.000000,0.101298,0,0
1784415770.442727,ADAPTIVEQF,TRACKING,400,27.806952,50.532720,0.035937,0.035904,4.915607,0.000000,0.000000,5.000000,0.098502,0,0
1784415770.492720,ADAPTIVEQF,TRACKING,400,26.285594,30.870411,0.032438,0.027908,4.919878,0.000000,0.000000,5.000000,0.090833,0,0
1784415770.542735,ADAPTIVEQF,TRACKING,400,28.559248,51.200779,0.030552,0.023588,4.922994,0.000000,0.000000,5.000000,0.086138,0,0
1784415770.592640,ADAPTIVEQF,TRACKING,400,26.388522,30.975778,0.025906,0.014531,4.927904,0.000000,0.000000,5.000000,0.077975,0,0
1784415770.642658,ADAPTIVEQF,TRACKING,400,27.640415,50.320831,0.023699,0.010806,4.927906,0.000000,0.000000,5.000000,0.076655,0,0
1784415770.692647,ADAPTIVEQF,TRACKING,400,27.265503,31.881772,0.018987,0.004073,4.928989,0.000000,0.000000,5.000000,0.073618,0,0
1784415770.742739,ADAPTIVEQF,TRACKING,400,27.299354,49.976061,0.015507,0.002830,4.927967,0.000000,0.000000,5.000000,0.073737,0,0
1784415770.792628,ADAPTIVEQF,TRACKING,400,27.184553,31.730605,0.008110,0.000173,4.929640,0.000000,0.000000,5.000000,0.070826,0,0
1784415770.842669,ADAPTIVEQF,TRACKING,400,27.926586,50.556442,0.005064,-0.000996,4.931296,0.000000,0.000000,5.000000,0.068898,0,0
1784415770.892656,ADAPTIVEQF,TRACKING,400,26.941480,31.444185,-0.000689,-0.003341,4.934749,0.000000,0.000000,5.000000,0.065340,0,0
1784415770.942662,ADAPTIVEQF,TRACKING,400,28.538743,51.173105,-0.003459,-0.004427,4.937328,0.000000,0.000000,5.000000,0.062923,0,0
1784415770.992616,ADAPTIVEQF,TRACKING,400,26.590469,31.034014,-0.009970,-0.005778,4.937889,0.000000,0.000000,5.000000,0.063171,0,0
1784415771.042662,ADAPTIVEQF,TRACKING,400,28.159223,50.883421,-0.012709,-0.006361,4.937209,0.000000,0.000000,5.000000,0.064379,0,0
1784415771.092608,ADAPTIVEQF,TRACKING,400,27.858759,32.428056,-0.016141,-0.008650,4.937761,0.000000,0.000000,5.000000,0.064877,0,0
1784415771.142669,ADAPTIVEQF,TRACKING,400,26.713475,48.827491,-0.016907,-0.010328,4.938405,0.000000,0.000000,5.000000,0.064703,0,0
1784415771.192666,ADAPTIVEQF,TRACKING,400,27.436226,31.944905,-0.018188,-0.013917,4.943758,0.000000,0.000000,5.000000,0.060725,0,0
1784415771.242733,ADAPTIVEQF,TRACKING,400,28.832044,51.381663,-0.018449,-0.015380,4.943693,0.000000,0.000000,5.000000,0.061216,0,0
1784415771.292723,ADAPTIVEQF,TRACKING,400,26.690878,31.292213,-0.018903,-0.018033,4.943410,0.000000,0.000000,5.000000,0.062329,0,0
1784415771.342676,ADAPTIVEQF,TRACKING,400,28.617890,51.311877,-0.018927,-0.020481,4.945445,0.000000,0.000000,5.000000,0.061270,0,0
1784415771.392653,ADAPTIVEQF,TRACKING,400,26.082881,30.633985,-0.018866,-0.027729,4.953091,0.000000,0.000000,5.000000,0.057666,0,0
1784415771.442668,ADAPTIVEQF,TRACKING,400,28.018609,50.701366,-0.018931,-0.030383,4.958269,0.000000,0.000000,5.000000,0.054982,0,0
1784415771.492723,ADAPTIVEQF,TRACKING,400,26.559984,31.033980,-0.024691,-0.033155,4.960736,0.000000,0.000000,5.000000,0.057013,0,0
1784415771.542663,ADAPTIVEQF,TRACKING,400,26.172890,48.854465,-0.027564,-0.034089,4.960272,0.000000,0.000000,5.000000,0.059162,0,0
1784415771.592668,ADAPTIVEQF,TRACKING,400,27.435959,32.052859,-0.031789,-0.036194,4.958181,0.000000,0.000000,5.000000,0.063791,0,0
1784415771.642744,ADAPTIVEQF,TRACKING,400,27.281133,49.843176,-0.032510,-0.037305,4.958592,0.000000,0.000000,5.000000,0.064523,0,0
1784415771.692743,ADAPTIVEQF,TRACKING,400,26.914602,31.443960,-0.032624,-0.039373,4.959208,0.000000,0.000000,5.000000,0.065410,0,0
1784415771.742680,ADAPTIVEQF,TRACKING,400,26.993756,49.637843,-0.031321,-0.041542,4.957204,0.000000,0.000000,5.000000,0.067366,0,0
1784415771.792669,ADAPTIVEQF,TRACKING,400,27.348614,31.898058,-0.027899,-0.044850,4.955547,0.000000,0.000000,5.000000,0.069036,0,0
1784415771.842744,ADAPTIVEQF,TRACKING,400,27.567482,50.212030,-0.025663,-0.044475,4.953982,0.000000,0.000000,5.000000,0.068951,0,0
1784415771.892738,ADAPTIVEQF,TRACKING,400,27.464590,32.045715,-0.020235,-0.040682,4.949786,0.000000,0.000000,5.000000,0.067720,0,0
1784415771.942743,ADAPTIVEQF,TRACKING,400,27.661792,50.114648,-0.017746,-0.038347,4.948333,0.000000,0.000000,5.000000,0.066745,0,0
1784415771.992676,ADAPTIVEQF,TRACKING,400,26.893494,31.452507,-0.014497,-0.027391,4.944871,0.000000,0.000000,5.000000,0.063243,0,0
1784415772.042753,ADAPTIVEQF,TRACKING,400,27.999084,50.859144,-0.013243,-0.022084,4.944034,0.000000,0.000000,5.000000,0.061606,0,0
1784415772.092742,ADAPTIVEQF,TRACKING,400,26.878327,31.367568,-0.010793,-0.011598,4.943723,0.000000,0.000000,5.000000,0.058465,0,0
1784415772.142743,ADAPTIVEQF,TRACKING,400,27.722253,50.527464,-0.009581,-0.006405,4.944880,0.000000,0.000000,5.000000,0.056312,0,0
1784415772.192668,ADAPTIVEQF,TRACKING,400,26.920619,31.373085,-0.006482,0.004330,4.949065,0.000000,0.000000,5.000000,0.051528,0,0
1784415772.242739,ADAPTIVEQF,TRACKING,400,27.841919,50.569605,-0.005151,0.007760,4.950202,0.000000,0.000000,5.000000,0.050662,0,0
1784415772.292665,ADAPTIVEQF,TRACKING,400,26.966698,31.463997,-0.002450,0.014935,4.952605,0.000000,0.000000,5.000000,0.049753,0,0
1784415772.342685,ADAPTIVEQF,TRACKING,400,27.645141,50.265558,-0.001538,0.016652,4.952749,0.000000,0.000000,5.000000,0.050123,0,0
1784415772.392726,ADAPTIVEQF,TRACKING,400,27.128666,31.599331,-0.000429,0.017277,4.955301,0.000000,0.000000,5.000000,0.047923,0,0
1784415772.442749,ADAPTIVEQF,TRACKING,400,27.565489,50.236968,0.000064,0.017865,4.957992,0.000000,0.000000,5.000000,0.045649,0,0
1784415772.492655,ADAPTIVEQF,TRACKING,400,26.950435,31.417496,-0.000955,0.021034,4.960093,0.000000,0.000000,5.000000,0.045121,0,0
1784415772.542749,ADAPTIVEQF,TRACKING,400,28.539326,51.211679,-0.001503,0.022611,4.960471,0.000000,0.000000,5.000000,0.045564,0,0
1784415772.592671,ADAPTIVEQF,TRACKING,400,26.436054,30.952851,-0.001838,0.024476,4.954278,0.000000,0.000000,5.000000,0.051893,0,0
1784415772.642754,ADAPTIVEQF,TRACKING,400,27.653790,50.274384,-0.001609,0.024364,4.949693,0.000000,0.000000,5.000000,0.055920,0,0
1784415772.692670,ADAPTIVEQF,TRACKING,400,26.847227,31.337874,-0.001066,0.023669,4.943764,0.000000,0.000000,5.000000,0.061023,0,0
1784415772.742755,ADAPTIVEQF,TRACKING,400,27.937794,50.752260,-0.000822,0.023795,4.941656,0.000000,0.000000,5.000000,0.063016,0,0
1784415772.792669,ADAPTIVEQF,TRACKING,400,26.891872,31.398068,-0.000414,0.024228,4.941823,0.000000,0.000000,5.000000,0.063022,0,0
1784415772.842664,ADAPTIVEQF,TRACKING,400,28.023634,50.730166,-0.001354,0.023754,4.941236,0.000000,0.000000,5.000000,0.063398,0,0
1784415772.892757,ADAPTIVEQF,TRACKING,400,26.525646,31.105827,-0.004921,0.021283,4.938077,0.000000,0.000000,5.000000,0.065663,0,0
1784415772.942743,ADAPTIVEQF,TRACKING,400,27.367881,49.972754,-0.006434,0.019867,4.938452,0.000000,0.000000,5.000000,0.064995,0,0
1784415772.992750,ADAPTIVEQF,TRACKING,400,27.125878,31.713192,-0.014590,0.017336,4.937054,0.000000,0.000000,5.000000,0.066900,0,0
1784415773.042671,ADAPTIVEQF,TRACKING,400,25.446337,48.091442,-0.018226,0.016403,4.935469,0.000000,0.000000,5.000000,0.069033,0,0
1784415773.092669,ADAPTIVEQF,TRACKING,400,27.617119,32.159426,-0.023374,0.014441,4.932026,0.000000,0.000000,5.000000,0.073317,0,0
1784415773.142680,ADAPTIVEQF,TRACKING,400,27.232418,49.536624,-0.025104,0.013456,4.932137,0.000000,0.000000,5.000000,0.073598,0,0
1784415773.192776,ADAPTIVEQF,TRACKING,400,27.500745,32.117808,-0.028178,0.011604,4.932656,0.000000,0.000000,5.000000,0.073918,0,0
1784415773.242749,ADAPTIVEQF,TRACKING,400,27.463336,49.853347,-0.029111,0.010001,4.928627,0.000000,0.000000,5.000000,0.077728,0,0
1784415773.292669,ADAPTIVEQF,TRACKING,400,26.669230,31.163948,-0.030581,0.007020,4.921561,0.000000,0.000000,5.000000,0.084481,0,0
1784415773.342766,ADAPTIVEQF,TRACKING,400,27.072589,49.861725,-0.030913,0.005450,4.920340,0.000000,0.000000,5.000000,0.085621,0,0
1784415773.392669,ADAPTIVEQF,TRACKING,400,26.736072,31.304054,-0.030665,0.001672,4.921876,0.000000,0.000000,5.000000,0.083943,0,0
1784415773.442646,ADAPTIVEQF,TRACKING,400,27.335088,49.967896,-0.030443,0.000121,4.925539,0.000000,0.000000,5.000000,0.080444,0,0
1784415773.492681,ADAPTIVEQF,TRACKING,400,26.266918,30.623547,-0.029413,-0.001075,4.935287,0.000000,0.000000,5.000000,0.071092,0,0
1784415773.542693,ADAPTIVEQF,TRACKING,400,27.802861,50.466274,-0.028779,-0.001487,4.942207,0.000000,0.000000,5.000000,0.064579,0,0
1784415773.592740,ADAPTIVEQF,TRACKING,400,26.078422,30.604513,-0.030518,0.000026,4.956710,0.000000,0.000000,5.000000,0.052965,0,0
1784415773.642754,ADAPTIVEQF,TRACKING,400,27.710355,50.471033,-0.032838,0.001721,4.960675,0.000000,0.000000,5.000000,0.051261,0,0
1784415773.692681,ADAPTIVEQF,TRACKING,400,27.306124,31.859691,-0.036786,0.003605,4.966103,0.000000,0.000000,5.000000,0.050152,0,0
1784415773.742760,ADAPTIVEQF,TRACKING,400,27.687623,50.387179,-0.038519,0.002382,4.966249,0.000000,0.000000,5.000000,0.051269,0,0
1784415773.792758,ADAPTIVEQF,TRACKING,400,26.673689,31.216707,-0.041679,-0.000401,4.969079,0.000000,0.000000,5.000000,0.051898,0,0
1784415773.842752,ADAPTIVEQF,TRACKING,400,27.275868,49.940565,-0.042825,-0.004019,4.969860,0.000000,0.000000,5.000000,0.052522,0,0
1784415773.892746,ADAPTIVEQF,TRACKING,400,26.432410,31.026595,-0.044482,-0.014925,4.968703,0.000000,0.000000,5.000000,0.056399,0,0
1784415773.942753,ADAPTIVEQF,TRACKING,400,27.864191,50.524949,-0.045094,-0.019957,4.967813,0.000000,0.000000,5.000000,0.058888,0,0
1784415773.992678,ADAPTIVEQF,TRACKING,400,26.159626,30.709674,-0.044020,-0.030629,4.958285,0.000000,0.000000,5.000000,0.067941,0,0
1784415774.042637,ADAPTIVEQF,TRACKING,400,25.283972,47.913886,-0.042970,-0.035222,4.954262,0.000000,0.000000,5.000000,0.071965,0,0
1784415774.092680,ADAPTIVEQF,TRACKING,400,27.796314,32.341200,-0.039997,-0.042532,4.950992,0.000000,0.000000,5.000000,0.076227,0,0
1784415774.142690,ADAPTIVEQF,TRACKING,400,27.644421,49.746239,-0.038195,-0.045140,4.951488,0.000000,0.000000,5.000000,0.076485,0,0
1784415774.192678,ADAPTIVEQF,TRACKING,400,26.897345,31.386700,-0.034114,-0.050122,4.953760,0.000000,0.000000,5.000000,0.076251,0,0
1784415774.242774,ADAPTIVEQF,TRACKING,400,27.828145,50.657929,-0.033362,-0.052781,4.950216,0.000000,0.000000,5.000000,0.079858,0,0
1784415774.292634,ADAPTIVEQF,TRACKING,400,26.617378,31.162851,-0.031278,-0.056732,4.945926,0.000000,0.000000,5.000000,0.084385,0,0
1784415774.342681,ADAPTIVEQF,TRACKING,400,26.134851,48.930228,-0.029210,-0.058504,4.943757,0.000000,0.000000,5.000000,0.086251,0,0
1784415774.392770,ADAPTIVEQF,TRACKING,400,27.713967,32.355904,-0.022617,-0.061432,4.942271,0.000000,0.000000,5.000000,0.087281,0,0
1784415774.442775,ADAPTIVEQF,TRACKING,400,27.531715,49.729961,-0.019698,-0.061972,4.941906,0.000000,0.000000,5.000000,0.087198,0,0
1784415774.492665,ADAPTIVEQF,TRACKING,400,27.998907,32.605867,-0.014825,-0.059822,4.936706,0.000000,0.000000,5.000000,0.088343,0,0
1784415774.542763,ADAPTIVEQF,TRACKING,400,26.776457,48.797149,-0.012419,-0.058363,4.934043,0.000000,0.000000,5.000000,0.088943,0,0
1784415774.592679,ADAPTIVEQF,TRACKING,400,26.727078,31.170450,-0.006620,-0.052195,4.925798,0.000000,0.000000,5.000000,0.090962,0,0
1784415774.642760,ADAPTIVEQF,TRACKING,400,27.280944,49.995378,-0.003769,-0.048393,4.922344,0.000000,0.000000,5.000000,0.091578,0,0
1784415774.692684,ADAPTIVEQF,TRACKING,400,26.811929,31.269221,0.001532,-0.041295,4.916886,0.000000,0.000000,5.000000,0.092820,0,0
1784415774.742684,ADAPTIVEQF,TRACKING,400,27.444890,50.072555,0.002881,-0.038931,4.914454,0.000000,0.000000,5.000000,0.094032,0,0
1784415774.792753,ADAPTIVEQF,TRACKING,400,24.831978,29.457988,0.006077,-0.033466,4.912647,0.000000,0.000000,5.000000,0.093741,0,0
1784415774.842778,ADAPTIVEQF,TRACKING,400,27.753571,50.322850,0.007858,-0.032293,4.910298,0.000000,0.000000,5.000000,0.095661,0,0
1784415774.892761,ADAPTIVEQF,TRACKING,400,27.236710,31.705096,0.011593,-0.031952,4.909539,0.000000,0.000000,5.000000,0.096636,0,0
1784415774.942778,ADAPTIVEQF,TRACKING,400,28.672480,51.352577,0.013190,-0.031562,4.910455,0.000000,0.000000,5.000000,0.095857,0,0
1784415774.992689,ADAPTIVEQF,TRACKING,400,25.390240,30.023688,0.014004,-0.031971,4.912385,0.000000,0.000000,5.000000,0.094311,0,0
1784415775.042695,ADAPTIVEQF,TRACKING,400,29.001335,51.658671,0.013954,-0.031979,4.913801,0.000000,0.000000,5.000000,0.092992,0,0
1784415775.092672,ADAPTIVEQF,TRACKING,400,26.855254,31.452947,0.012100,-0.033099,4.919509,0.000000,0.000000,5.000000,0.087868,0,0
1784415775.142785,ADAPTIVEQF,TRACKING,400,27.610505,50.370553,0.010510,-0.033952,4.922285,0.000000,0.000000,5.000000,0.085457,0,0
1784415775.192686,ADAPTIVEQF,TRACKING,400,26.001755,30.166108,0.007169,-0.034219,4.926842,0.000000,0.000000,5.000000,0.081083,0,0
1784415775.242759,ADAPTIVEQF,TRACKING,400,26.848481,49.623808,0.004569,-0.033577,4.927179,0.000000,0.000000,5.000000,0.080320,0,0
1784415775.292764,ADAPTIVEQF,TRACKING,400,27.856447,32.470105,0.000119,-0.032034,4.931524,0.000000,0.000000,5.000000,0.075599,0,0
1784415775.342684,ADAPTIVEQF,TRACKING,400,27.243483,49.205610,-0.002402,-0.031665,4.932713,0.000000,0.000000,5.000000,0.074404,0,0
1784415775.392698,ADAPTIVEQF,TRACKING,400,26.814499,31.322792,-0.008448,-0.031297,4.931138,0.000000,0.000000,5.000000,0.076111,0,0
1784415775.442660,ADAPTIVEQF,TRACKING,400,27.292107,49.920350,-0.010629,-0.030788,4.933724,0.000000,0.000000,5.000000,0.073847,0,0
1784415775.492645,ADAPTIVEQF,TRACKING,400,24.949157,29.487771,-0.013482,-0.030476,4.941105,0.000000,0.000000,5.000000,0.067669,0,0
1784415775.542691,ADAPTIVEQF,TRACKING,400,29.555930,52.140968,-0.014606,-0.029989,4.944324,0.000000,0.000000,5.000000,0.064904,0,0
1784415775.592680,ADAPTIVEQF,TRACKING,400,24.476610,29.145564,-0.017709,-0.025351,4.950710,0.000000,0.000000,5.000000,0.058187,0,0
1784415775.642702,ADAPTIVEQF,TRACKING,400,27.298684,49.797322,-0.019201,-0.021723,4.952168,0.000000,0.000000,5.000000,0.055933,0,0
1784415775.692702,ADAPTIVEQF,TRACKING,400,26.711745,31.245355,-0.020824,-0.014759,4.955093,0.000000,0.000000,5.000000,0.051654,0,0
1784415775.742702,ADAPTIVEQF,TRACKING,400,27.331809,50.016450,-0.020680,-0.011348,4.955460,0.000000,0.000000,5.000000,0.050401,0,0
1784415775.792689,ADAPTIVEQF,TRACKING,400,25.253621,29.856569,-0.019793,-0.003987,4.956789,0.000000,0.000000,5.000000,0.047695,0,0
1784415775.842700,ADAPTIVEQF,TRACKING,400,27.617387,50.302330,-0.018901,-0.000864,4.956624,0.000000,0.000000,5.000000,0.047323,0,0
1784415775.892768,ADAPTIVEQF,TRACKING,400,26.440546,31.109533,-0.016454,0.005297,4.960235,0.000000,0.000000,5.000000,0.043360,0,0
1784415775.942697,ADAPTIVEQF,TRACKING,400,27.620478,50.280939,-0.015260,0.008482,4.963467,0.000000,0.000000,5.000000,0.040491,0,0
1784415775.992704,ADAPTIVEQF,TRACKING,400,25.191917,29.831990,-0.008402,0.014114,4.966038,0.000000,0.000000,5.000000,0.037725,0,0
1784415776.042701,ADAPTIVEQF,TRACKING,400,28.618170,51.293757,-0.005076,0.016484,4.966868,0.000000,0.000000,5.000000,0.037352,0,0
1784415776.092702,ADAPTIVEQF,TRACKING,400,26.727504,31.204857,0.000506,0.019595,4.970237,0.000000,0.000000,5.000000,0.035638,0,0
1784415776.142699,ADAPTIVEQF,TRACKING,400,28.991067,51.618640,0.002898,0.020376,4.970704,0.000000,0.000000,5.000000,0.035803,0,0
1784415776.192691,ADAPTIVEQF,TRACKING,400,26.615135,31.273234,0.008570,0.022435,4.970544,0.000000,0.000000,5.000000,0.038006,0,0
1784415776.242703,ADAPTIVEQF,TRACKING,400,26.442360,49.138848,0.012657,0.024366,4.968205,0.000000,0.000000,5.000000,0.042009,0,0
1784415776.292701,ADAPTIVEQF,TRACKING,400,27.584905,32.158653,0.020175,0.027879,4.963015,0.000000,0.000000,5.000000,0.050519,0,0
1784415776.342776,ADAPTIVEQF,TRACKING,400,27.499787,49.896917,0.022460,0.030102,4.960461,0.000000,0.000000,5.000000,0.054533,0,0
1784415776.392762,ADAPTIVEQF,TRACKING,400,26.809105,31.399317,0.024988,0.035946,4.958505,0.000000,0.000000,5.000000,0.060319,0,0
1784415776.442785,ADAPTIVEQF,TRACKING,400,29.319745,52.147045,0.025997,0.038275,4.961578,0.000000,0.000000,5.000000,0.060142,0,0
1784415776.492690,ADAPTIVEQF,TRACKING,400,26.505007,31.183717,0.026192,0.043857,4.970189,0.000000,0.000000,5.000000,0.059146,0,0
1784415776.542777,ADAPTIVEQF,TRACKING,400,27.591514,50.374001,0.026258,0.046382,4.975610,0.000000,0.000000,5.000000,0.058614,0,0
1784415776.592697,ADAPTIVEQF,TRACKING,400,26.966451,31.523481,0.027965,0.049346,4.983900,0.000000,0.000000,5.000000,0.058960,0,0
1784415776.642699,ADAPTIVEQF,TRACKING,400,28.106336,50.809922,0.029472,0.049489,4.984253,0.000000,0.000000,5.000000,0.059714,0,0
1784415776.692693,ADAPTIVEQF,TRACKING,400,26.975210,31.506476,0.031974,0.049556,4.982738,0.000000,0.000000,5.000000,0.061450,0,0
1784415776.742705,ADAPTIVEQF,TRACKING,400,51.630015,74.315098,0.032631,0.049582,4.980806,0.000000,0.000000,5.000000,0.062382,1,0
1784415776.794465,ADAPTIVEQF,TRACKING,337,21.591232,96.028703,0.032631,0.049582,4.980806,0.000000,0.000000,5.000000,0.062382,0,0
1784415776.842663,ADAPTIVEQF,TRACKING,345,27.015885,49.567867,0.033933,0.049166,4.974123,0.000000,0.000000,5.000000,0.065103,0,0
1784415776.892680,ADAPTIVEQF,TRACKING,331,25.155681,29.799774,0.032959,0.048599,4.968857,0.000000,0.000000,5.000000,0.066468,0,0
1784415776.942664,ADAPTIVEQF,TRACKING,400,25.973570,48.594568,0.032405,0.048158,4.966268,0.000000,0.000000,5.000000,0.067135,0,0
1784415776.992686,ADAPTIVEQF,TRACKING,400,23.434036,28.086864,0.029624,0.047493,4.962998,0.000000,0.000000,5.000000,0.067099,0,0
1784415777.042665,ADAPTIVEQF,TRACKING,400,25.759351,48.372473,0.028194,0.047157,4.961470,0.000000,0.000000,5.000000,0.067107,0,0
1784415777.092685,ADAPTIVEQF,TRACKING,400,28.750124,33.312501,0.024705,0.048479,4.961287,0.000000,0.000000,5.000000,0.066777,0,0
1784415777.142708,ADAPTIVEQF,TRACKING,400,27.437940,48.616810,0.022707,0.050075,4.963364,0.000000,0.000000,5.000000,0.066070,0,0
1784415777.192692,ADAPTIVEQF,TRACKING,400,25.038287,29.643792,0.017831,0.053632,4.970492,0.000000,0.000000,5.000000,0.063758,0,0
1784415777.242709,ADAPTIVEQF,TRACKING,400,28.895055,51.375715,0.015381,0.055065,4.972405,0.000000,0.000000,5.000000,0.063484,0,0
1784415777.292701,ADAPTIVEQF,TRACKING,400,25.016447,29.491603,0.010724,0.057063,4.973524,0.000000,0.000000,5.000000,0.063814,0,0
1784415777.342712,ADAPTIVEQF,TRACKING,400,29.247290,51.955800,0.007820,0.058426,4.973082,0.000000,0.000000,5.000000,0.064803,0,0
1784415777.392772,ADAPTIVEQF,TRACKING,400,26.289136,30.896683,0.000331,0.061440,4.970631,0.000000,0.000000,5.000000,0.068100,0,0
1784415777.442733,ADAPTIVEQF,TRACKING,400,27.215597,49.978490,-0.002685,0.061913,4.969241,0.000000,0.000000,5.000000,0.069185,0,0
1784415777.492684,ADAPTIVEQF,TRACKING,400,27.137397,31.667352,-0.009885,0.060581,4.966279,0.000000,0.000000,5.000000,0.070035,0,0
1784415777.542723,ADAPTIVEQF,TRACKING,400,27.836326,50.627803,-0.013311,0.059404,4.965311,0.000000,0.000000,5.000000,0.070067,0,0
1784415777.592779,ADAPTIVEQF,TRACKING,400,26.813468,31.553368,-0.021440,0.055536,4.965064,0.000000,0.000000,5.000000,0.069025,0,0
1784415777.642710,ADAPTIVEQF,TRACKING,400,26.405212,49.070701,-0.025296,0.053216,4.966747,0.000000,0.000000,5.000000,0.067658,0,0
1784415777.692697,ADAPTIVEQF,TRACKING,400,26.116567,30.679021,-0.031803,0.048568,4.970355,0.000000,0.000000,5.000000,0.065185,0,0
1784415777.742717,ADAPTIVEQF,TRACKING,400,28.388861,51.105142,-0.033061,0.046984,4.968754,0.000000,0.000000,5.000000,0.065398,0,0
1784415777.792677,ADAPTIVEQF,TRACKING,400,27.687410,32.190591,-0.035224,0.042495,4.963830,0.000000,0.000000,5.000000,0.065991,0,0
1784415777.842710,ADAPTIVEQF,TRACKING,400,26.808655,49.070485,-0.035296,0.040396,4.961514,0.000000,0.000000,5.000000,0.066021,0,0
1784415777.892677,ADAPTIVEQF,TRACKING,400,27.174743,31.691578,-0.033803,0.036062,4.958378,0.000000,0.000000,5.000000,0.064618,0,0
1784415777.942736,ADAPTIVEQF,TRACKING,400,27.928086,50.584934,-0.032730,0.033677,4.957336,0.000000,0.000000,5.000000,0.063448,0,0
1784415777.992682,ADAPTIVEQF,TRACKING,400,30.169642,34.728552,-0.030582,0.026717,4.952036,0.000000,0.000000,5.000000,0.062845,0,0
1784415778.042710,ADAPTIVEQF,TRACKING,400,25.360027,45.088210,-0.029557,0.023435,4.951280,0.000000,0.000000,5.000000,0.061616,0,0
1784415778.092691,ADAPTIVEQF,TRACKING,400,27.739887,32.284628,-0.025686,0.016481,4.951552,0.000000,0.000000,5.000000,0.057259,0,0
1784415778.142787,ADAPTIVEQF,TRACKING,400,27.414300,49.670619,-0.022743,0.012823,4.951505,0.000000,0.000000,5.000000,0.055077,0,0
1784415778.192661,ADAPTIVEQF,TRACKING,400,27.795299,32.271041,-0.015596,0.004912,4.951750,0.000000,0.000000,5.000000,0.050945,0,0
1784415778.242722,ADAPTIVEQF,TRACKING,400,27.636519,49.818449,-0.012183,0.001794,4.951203,0.000000,0.000000,5.000000,0.050327,0,0
1784415778.292707,ADAPTIVEQF,TRACKING,400,26.713758,31.233152,-0.005203,-0.004156,4.951683,0.000000,0.000000,5.000000,0.048774,0,0
1784415778.342723,ADAPTIVEQF,TRACKING,400,28.267371,50.922777,-0.002032,-0.006532,4.952477,0.000000,0.000000,5.000000,0.048013,0,0
1784415778.392706,ADAPTIVEQF,TRACKING,400,27.813993,32.277218,0.004142,-0.010734,4.954575,0.000000,0.000000,5.000000,0.046859,0,0
1784415778.442704,ADAPTIVEQF,TRACKING,400,26.277120,48.348267,0.006551,-0.012532,4.957962,0.000000,0.000000,5.000000,0.044353,0,0
1784415778.492694,ADAPTIVEQF,TRACKING,400,27.507646,32.112659,0.010443,-0.016247,4.962956,0.000000,0.000000,5.000000,0.041776,0,0
1784415778.542722,ADAPTIVEQF,TRACKING,400,27.757134,50.189946,0.012232,-0.018102,4.965983,0.000000,0.000000,5.000000,0.040428,0,0
1784415778.592714,ADAPTIVEQF,TRACKING,400,26.780852,31.300188,0.016052,-0.023067,4.967647,0.000000,0.000000,5.000000,0.042854,0,0
1784415778.642722,ADAPTIVEQF,TRACKING,400,27.953029,50.654035,0.017614,-0.025474,4.967653,0.000000,0.000000,5.000000,0.044783,0,0
1784415778.692717,ADAPTIVEQF,TRACKING,400,26.889713,31.277615,0.020956,-0.029343,4.967960,0.000000,0.000000,5.000000,0.048236,0,0
1784415778.742806,ADAPTIVEQF,TRACKING,400,28.150505,50.890704,0.022421,-0.029868,4.967512,0.000000,0.000000,5.000000,0.049500,0,0
1784415778.792716,ADAPTIVEQF,TRACKING,400,26.717653,31.258675,0.025034,-0.030954,4.969189,0.000000,0.000000,5.000000,0.050340,0,0
1784415778.842793,ADAPTIVEQF,TRACKING,400,27.930959,50.733076,0.025568,-0.030720,4.968944,0.000000,0.000000,5.000000,0.050615,0,0
1784415778.892710,ADAPTIVEQF,TRACKING,400,26.799650,31.329005,0.025570,-0.028599,4.967026,0.000000,0.000000,5.000000,0.050586,0,0
1784415778.942731,ADAPTIVEQF,TRACKING,400,29.072805,51.788743,0.025421,-0.027296,4.967277,0.000000,0.000000,5.000000,0.049620,0,0
1784415778.992683,ADAPTIVEQF,TRACKING,400,26.688474,31.176794,0.019890,-0.023113,4.975274,0.000000,0.000000,5.000000,0.039259,0,0
1784415779.042726,ADAPTIVEQF,TRACKING,400,26.847271,49.492186,0.016797,-0.021047,4.980872,0.000000,0.000000,5.000000,0.033030,0,0
1784415779.092703,ADAPTIVEQF,TRACKING,400,27.897869,32.458476,0.010400,-0.015706,4.988646,0.000000,0.000000,5.000000,0.021995,0,0
1784415779.142734,ADAPTIVEQF,TRACKING,400,27.421685,49.455061,0.007043,-0.012597,4.992311,0.000000,0.000000,5.000000,0.016353,0,0
1784415779.192716,ADAPTIVEQF,TRACKING,400,27.157290,31.824713,-0.000893,-0.006563,4.998163,0.000000,0.000000,5.000000,0.006874,0,0
1784415779.242798,ADAPTIVEQF,TRACKING,400,27.141171,49.930944,-0.006377,-0.005509,4.999168,0.000000,0.000000,5.000000,0.008468,0,0
1784415779.292690,ADAPTIVEQF,TRACKING,400,26.446103,31.083850,-0.016356,-0.003714,5.000397,0.000000,0.000000,5.000000,0.016777,0,0
1784415779.342720,ADAPTIVEQF,TRACKING,400,28.095695,50.818445,-0.021579,-0.002089,4.999105,0.000000,0.000000,5.000000,0.021698,0,0
1784415779.392787,ADAPTIVEQF,TRACKING,400,26.912371,31.649610,-0.033557,0.002665,4.991823,0.000000,0.000000,5.000000,0.034641,0,0
1784415779.442729,ADAPTIVEQF,TRACKING,400,26.846341,49.392153,-0.038266,0.004400,4.988627,0.000000,0.000000,5.000000,0.040162,0,0
1784415779.492700,ADAPTIVEQF,TRACKING,400,27.033103,31.575479,-0.049382,0.005310,4.981333,0.000000,0.000000,5.000000,0.053059,0,0
1784415779.542727,ADAPTIVEQF,TRACKING,400,27.347852,50.044118,-0.054474,0.005543,4.978811,0.000000,0.000000,5.000000,0.058712,0,0
1784415779.592719,ADAPTIVEQF,TRACKING,400,25.826525,30.174125,-0.065205,0.003918,4.974111,0.000000,0.000000,5.000000,0.070266,0,0
1784415779.642727,ADAPTIVEQF,TRACKING,400,27.630450,50.351446,-0.069520,0.002250,4.972061,0.000000,0.000000,5.000000,0.074958,0,0
1784415779.692670,ADAPTIVEQF,TRACKING,400,26.175585,30.559791,-0.076527,-0.000962,4.965502,0.000000,0.000000,5.000000,0.083949,0,0
1784415779.742726,ADAPTIVEQF,TRACKING,400,30.000571,52.603469,-0.080837,-0.003423,4.959271,0.000000,0.000000,5.000000,0.090583,0,0
1784415779.792720,ADAPTIVEQF,TRACKING,400,25.713743,30.212185,-0.086295,-0.006949,4.953378,0.000000,0.000000,5.000000,0.098330,0,0
1784415779.842722,ADAPTIVEQF,TRACKING,400,28.027805,50.668550,-0.089100,-0.008752,4.953171,0.000000,0.000000,5.000000,0.101036,0,0
1784415779.892683,ADAPTIVEQF,TRACKING,400,26.450065,30.886888,-0.094241,-0.012253,4.953820,0.000000,0.000000,5.000000,0.105660,0,0
1784415779.942723,ADAPTIVEQF,TRACKING,400,28.086017,50.783168,-0.095801,-0.013782,4.954707,0.000000,0.000000,5.000000,0.106861,0,0
1784415779.992717,ADAPTIVEQF,TRACKING,400,27.525754,32.191215,-0.098025,-0.016355,4.956752,0.000000,0.000000,5.000000,0.108382,0,0
1784415780.042813,ADAPTIVEQF,TRACKING,400,27.593466,50.034887,-0.098032,-0.017251,4.957682,0.000000,0.000000,5.000000,0.108161,0,0
1784415780.092719,ADAPTIVEQF,TRACKING,400,26.672985,31.258447,-0.093074,-0.018260,4.958471,0.000000,0.000000,5.000000,0.103541,0,0
1784415780.142806,ADAPTIVEQF,TRACKING,400,27.720693,50.597981,-0.088576,-0.018394,4.958719,0.000000,0.000000,5.000000,0.099439,0,0
1784415780.192706,ADAPTIVEQF,TRACKING,400,26.809221,31.410887,-0.078012,-0.018578,4.961432,0.000000,0.000000,5.000000,0.088986,0,0
1784415780.242723,ADAPTIVEQF,TRACKING,400,26.091867,48.786253,-0.072909,-0.020301,4.963746,0.000000,0.000000,5.000000,0.083918,0,0
1784415780.292690,ADAPTIVEQF,TRACKING,400,27.331608,31.957252,-0.061811,-0.022893,4.968340,0.000000,0.000000,5.000000,0.073124,0,0
1784415780.342705,ADAPTIVEQF,TRACKING,400,27.492980,50.108515,-0.056557,-0.023560,4.969855,0.000000,0.000000,5.000000,0.068282,0,0
1784415780.392709,ADAPTIVEQF,TRACKING,400,27.088061,31.620365,-0.045314,-0.024252,4.973609,0.000000,0.000000,5.000000,0.057775,0,0
1784415780.442728,ADAPTIVEQF,TRACKING,400,27.668315,50.416736,-0.039951,-0.024274,4.976529,0.000000,0.000000,5.000000,0.052309,0,0
1784415780.492730,ADAPTIVEQF,TRACKING,400,26.926676,31.535261,-0.029179,-0.022270,4.975912,0.000000,0.000000,5.000000,0.043905,0,0
1784415780.542800,ADAPTIVEQF,TRACKING,400,27.790831,50.575151,-0.023743,-0.021003,4.975121,0.000000,0.000000,5.000000,0.040297,0,0
1784415780.592799,ADAPTIVEQF,TRACKING,400,26.472568,31.130581,-0.011518,-0.017637,4.975847,0.000000,0.000000,5.000000,0.032048,0,0
1784415780.642799,ADAPTIVEQF,TRACKING,400,27.972544,50.764788,-0.006068,-0.015866,4.975505,0.000000,0.000000,5.000000,0.029808,0,0
1784415780.692795,ADAPTIVEQF,TRACKING,400,26.940605,31.580335,0.004369,-0.012028,4.973526,0.000000,0.000000,5.000000,0.029405,0,0
1784415780.742808,ADAPTIVEQF,TRACKING,400,27.743194,50.573463,0.008967,-0.009541,4.972849,0.000000,0.000000,5.000000,0.030143,0,0
1784415780.792732,ADAPTIVEQF,TRACKING,400,26.838863,31.443811,0.019502,-0.004352,4.970566,0.000000,0.000000,5.000000,0.035576,0,0
1784415780.842809,ADAPTIVEQF,TRACKING,400,27.876176,50.688354,0.023877,-0.001551,4.969138,0.000000,0.000000,5.000000,0.039051,0,0
1784415780.892711,ADAPTIVEQF,TRACKING,400,25.949501,30.395203,0.031984,0.004766,4.964911,0.000000,0.000000,5.000000,0.047717,0,0
1784415780.942737,ADAPTIVEQF,TRACKING,400,27.974734,50.756319,0.035836,0.007641,4.964952,0.000000,0.000000,5.000000,0.050705,0,0
1784415780.992715,ADAPTIVEQF,TRACKING,400,26.312718,30.784733,0.040881,0.013788,4.966262,0.000000,0.000000,5.000000,0.054769,0,0
1784415781.042805,ADAPTIVEQF,TRACKING,400,27.340062,50.081145,0.042610,0.016420,4.966801,0.000000,0.000000,5.000000,0.056457,0,0
1784415781.092803,ADAPTIVEQF,TRACKING,400,29.187945,33.706503,0.044511,0.019231,4.967328,0.000000,0.000000,5.000000,0.058468,0,0
1784415781.142727,ADAPTIVEQF,TRACKING,400,23.317129,43.958419,0.044774,0.019514,4.967195,0.000000,0.000000,5.000000,0.058836,0,0
1784415781.192711,ADAPTIVEQF,TRACKING,400,23.420197,28.051976,0.044898,0.020168,4.967905,0.000000,0.000000,5.000000,0.058759,0,0
1784415781.242731,ADAPTIVEQF,TRACKING,400,24.072857,46.771658,0.043963,0.020746,4.964125,0.000000,0.000000,5.000000,0.060416,0,0
1784415781.292725,ADAPTIVEQF,TRACKING,400,27.452680,31.937994,0.042333,0.021308,4.958487,0.000000,0.000000,5.000000,0.063004,0,0
1784415781.342742,ADAPTIVEQF,TRACKING,400,28.532875,51.012799,0.040531,0.023229,4.954646,0.000000,0.000000,5.000000,0.065110,0,0
1784415781.392735,ADAPTIVEQF,TRACKING,400,26.417989,31.125395,0.034454,0.030378,4.942257,0.000000,0.000000,5.000000,0.073784,0,0
1784415781.442817,ADAPTIVEQF,TRACKING,400,27.873898,50.667413,0.031832,0.032997,4.938340,0.000000,0.000000,5.000000,0.076838,0,0
1784415781.492695,ADAPTIVEQF,TRACKING,400,27.127612,31.649003,0.030445,0.039606,4.932198,0.000000,0.000000,5.000000,0.084218,0,0
1784415781.542743,ADAPTIVEQF,TRACKING,400,27.438385,50.214974,0.029813,0.042449,4.930503,0.000000,0.000000,5.000000,0.086721,0,0
1784415781.592750,ADAPTIVEQF,TRACKING,400,26.011268,30.676612,0.026842,0.049816,4.922918,0.000000,0.000000,5.000000,0.095623,0,0
1784415781.642744,ADAPTIVEQF,TRACKING,400,28.141807,50.814026,0.024929,0.053658,4.918033,0.000000,0.000000,5.000000,0.101091,0,0
1784415781.692741,ADAPTIVEQF,TRACKING,400,26.108396,30.709763,0.021796,0.060581,4.915532,0.000000,0.000000,5.000000,0.106207,0,0
1784415781.742740,ADAPTIVEQF,TRACKING,400,27.794155,50.475530,0.021236,0.065663,4.915555,0.000000,0.000000,5.000000,0.109057,0,0
1784415781.792722,ADAPTIVEQF,TRACKING,400,27.447811,32.079597,0.019675,0.074469,4.919717,0.000000,0.000000,5.000000,0.111257,0,0
1784415781.842738,ADAPTIVEQF,TRACKING,400,27.274399,49.751441,0.018425,0.077370,4.923815,0.000000,0.000000,5.000000,0.110136,0,0
1784415781.892735,ADAPTIVEQF,TRACKING,400,28.435163,33.085507,0.014862,0.081648,4.934134,0.000000,0.000000,5.000000,0.105951,0,0
1784415781.942735,ADAPTIVEQF,TRACKING,400,25.905148,47.347888,0.012954,0.083078,4.939248,0.000000,0.000000,5.000000,0.103733,0,0
1784415781.992720,ADAPTIVEQF,TRACKING,400,28.284996,32.858078,0.008447,0.088416,4.947538,0.000000,0.000000,5.000000,0.103155,0,0
1784415782.042820,ADAPTIVEQF,TRACKING,400,27.231006,48.941006,0.006482,0.090333,4.951487,0.000000,0.000000,5.000000,0.102741,0,0
1784415782.092810,ADAPTIVEQF,TRACKING,400,28.237547,32.844532,0.001624,0.094003,4.957576,0.000000,0.000000,5.000000,0.103146,0,0
1784415782.142810,ADAPTIVEQF,TRACKING,400,27.331941,49.007106,-0.001199,0.095579,4.960507,0.000000,0.000000,5.000000,0.103423,0,0
1784415782.192737,ADAPTIVEQF,TRACKING,400,27.284266,31.991318,-0.006743,0.096398,4.966136,0.000000,0.000000,5.000000,0.102395,0,0
1784415782.242817,ADAPTIVEQF,TRACKING,400,27.865668,50.580557,-0.008981,0.093586,4.966324,0.000000,0.000000,5.000000,0.099865,0,0
1784415782.292743,ADAPTIVEQF,TRACKING,400,26.281461,30.641813,-0.013077,0.087575,4.968159,0.000000,0.000000,5.000000,0.094097,0,0
1784415782.342738,ADAPTIVEQF,TRACKING,400,27.958492,50.704157,-0.015807,0.084057,4.967770,0.000000,0.000000,5.000000,0.091402,0,0
1784415782.392814,ADAPTIVEQF,TRACKING,400,27.451844,32.088717,-0.023190,0.075091,4.965026,0.000000,0.000000,5.000000,0.086021,0,0
1784415782.442823,ADAPTIVEQF,TRACKING,400,27.607917,50.054736,-0.026282,0.070789,4.963671,0.000000,0.000000,5.000000,0.083795,0,0
1784415782.492711,ADAPTIVEQF,TRACKING,400,26.818049,31.381888,-0.030838,0.062443,4.958249,0.000000,0.000000,5.000000,0.081199,0,0
1784415782.542738,ADAPTIVEQF,TRACKING,400,27.801886,50.536276,-0.032781,0.058063,4.957963,0.000000,0.000000,5.000000,0.078823,0,0
1784415782.592723,ADAPTIVEQF,TRACKING,400,26.804750,31.522049,-0.034875,0.051374,4.959023,0.000000,0.000000,5.000000,0.074396,0,0
1784415782.642736,ADAPTIVEQF,TRACKING,400,28.637961,51.383105,-0.034810,0.049891,4.960578,0.000000,0.000000,5.000000,0.072490,0,0
1784415782.692712,ADAPTIVEQF,TRACKING,400,26.653243,31.246903,-0.034477,0.045294,4.962468,0.000000,0.000000,5.000000,0.068183,0,0
1784415782.742819,ADAPTIVEQF,TRACKING,400,28.188925,51.060662,-0.033966,0.040939,4.961585,0.000000,0.000000,5.000000,0.065615,0,0
1784415782.792740,ADAPTIVEQF,TRACKING,400,27.069699,31.703085,-0.032724,0.031048,4.961874,0.000000,0.000000,5.000000,0.059063,0,0
1784415782.842744,ADAPTIVEQF,TRACKING,400,27.714508,50.429670,-0.032379,0.026919,4.961548,0.000000,0.000000,5.000000,0.057022,0,0
1784415782.892833,ADAPTIVEQF,TRACKING,400,27.743064,32.349339,-0.031954,0.019063,4.960044,0.000000,0.000000,5.000000,0.054598,0,0
1784415782.942813,ADAPTIVEQF,TRACKING,400,27.233513,49.390243,-0.031498,0.015072,4.958799,0.000000,0.000000,5.000000,0.054008,0,0
1784415782.992734,ADAPTIVEQF,TRACKING,400,25.353484,29.948684,-0.035069,0.009188,4.954897,0.000000,0.000000,5.000000,0.057866,0,0
1784415783.042745,ADAPTIVEQF,TRACKING,400,29.212272,51.952140,-0.036726,0.006950,4.955477,0.000000,0.000000,5.000000,0.058133,0,0
1784415783.092709,ADAPTIVEQF,TRACKING,400,26.551174,31.222492,-0.037805,0.004275,4.957502,0.000000,0.000000,5.000000,0.057040,0,0
1784415783.142772,ADAPTIVEQF,TRACKING,400,28.013830,50.804745,-0.037303,0.003635,4.957795,0.000000,0.000000,5.000000,0.056444,0,0
1784415783.192821,ADAPTIVEQF,TRACKING,400,27.083066,31.866112,-0.035554,0.000980,4.961667,0.000000,0.000000,5.000000,0.052292,0,0
1784415783.242829,ADAPTIVEQF,TRACKING,400,27.989788,50.841497,-0.034698,-0.000286,4.962773,0.000000,0.000000,5.000000,0.050890,0,0
1784415783.292873,ADAPTIVEQF,TRACKING,400,27.100704,31.973958,-0.032517,-0.003179,4.966575,0.000000,0.000000,5.000000,0.046741,0,0
1784415783.342822,ADAPTIVEQF,TRACKING,400,27.829394,50.610336,-0.031419,-0.003588,4.968223,0.000000,0.000000,5.000000,0.044831,0,0
1784415783.392825,ADAPTIVEQF,TRACKING,400,26.118546,30.806948,-0.028708,-0.002420,4.968998,0.000000,0.000000,5.000000,0.042321,0,0
1784415783.442838,ADAPTIVEQF,TRACKING,400,28.388073,51.200396,-0.027287,-0.002076,4.967991,0.000000,0.000000,5.000000,0.042112,0,0
1784415783.492830,ADAPTIVEQF,TRACKING,400,27.219019,31.875524,-0.024173,-0.001803,4.965221,0.000000,0.000000,5.000000,0.042393,0,0
1784415783.542826,ADAPTIVEQF,TRACKING,400,27.412969,50.114593,-0.022500,-0.001548,4.965704,0.000000,0.000000,5.000000,0.041047,0,0
1784415783.592756,ADAPTIVEQF,TRACKING,400,26.729536,31.178150,-0.019131,-0.002143,4.966485,0.000000,0.000000,5.000000,0.038650,0,0
1784415783.642872,ADAPTIVEQF,TRACKING,400,28.187012,50.897258,-0.017735,-0.002996,4.963984,0.000000,0.000000,5.000000,0.040257,0,0
1784415783.692831,ADAPTIVEQF,TRACKING,400,26.692142,31.351254,-0.014015,-0.004987,4.960020,0.000000,0.000000,5.000000,0.042658,0,0
1784415783.742763,ADAPTIVEQF,TRACKING,400,27.731286,50.449327,-0.010438,-0.007033,4.955569,0.000000,0.000000,5.000000,0.046179,0,0
1784415783.792717,ADAPTIVEQF,TRACKING,400,27.240247,31.816652,-0.002414,-0.010809,4.946324,0.000000,0.000000,5.000000,0.054807,0,0
1784415783.842825,ADAPTIVEQF,TRACKING,400,27.440353,50.205254,0.001109,-0.012282,4.942777,0.000000,0.000000,5.000000,0.058537,0,0
1784415783.892829,ADAPTIVEQF,TRACKING,400,27.083121,31.823638,0.008168,-0.015182,4.942921,0.000000,0.000000,5.000000,0.059625,0,0
1784415783.942830,ADAPTIVEQF,TRACKING,400,27.847217,50.674789,0.011625,-0.016587,4.944826,0.000000,0.000000,5.000000,0.058775,0,0
1784415783.992832,ADAPTIVEQF,TRACKING,400,26.747099,31.437344,0.019107,-0.018084,4.949513,0.000000,0.000000,5.000000,0.056930,0,0
1784415784.042826,ADAPTIVEQF,TRACKING,400,27.777280,50.631106,0.022124,-0.018567,4.951164,0.000000,0.000000,5.000000,0.056738,0,0
1784415784.092829,ADAPTIVEQF,TRACKING,400,27.177869,32.016499,0.027070,-0.017882,4.958797,0.000000,0.000000,5.000000,0.052442,0,0
1784415784.142833,ADAPTIVEQF,TRACKING,400,27.703943,50.462379,0.029027,-0.016745,4.963007,0.000000,0.000000,5.000000,0.049914,0,0
1784415784.192822,ADAPTIVEQF,TRACKING,400,27.208589,31.962756,0.031795,-0.014373,4.970078,0.000000,0.000000,5.000000,0.045965,0,0
1784415784.242827,ADAPTIVEQF,TRACKING,400,27.476477,50.202498,0.030191,-0.014776,4.971659,0.000000,0.000000,5.000000,0.043966,0,0
1784415784.292845,ADAPTIVEQF,TRACKING,400,27.344651,32.163730,0.026830,-0.015215,4.976544,0.000000,0.000000,5.000000,0.038750,0,0
1784415784.342831,ADAPTIVEQF,TRACKING,400,28.121153,50.676164,0.024116,-0.015532,4.977796,0.000000,0.000000,5.000000,0.036275,0,0
1784415784.392716,ADAPTIVEQF,TRACKING,400,25.532593,30.192117,0.016391,-0.016566,4.979839,0.000000,0.000000,5.000000,0.030815,0,0
1784415784.442834,ADAPTIVEQF,TRACKING,400,30.266194,53.086833,0.013315,-0.016819,4.981868,0.000000,0.000000,5.000000,0.028088,0,0
1784415784.492824,ADAPTIVEQF,TRACKING,400,25.265817,29.891105,0.006162,-0.017628,4.982454,0.000000,0.000000,5.000000,0.025624,0,0
1784415784.542843,ADAPTIVEQF,TRACKING,400,28.505180,51.368326,0.002802,-0.017835,4.981966,0.000000,0.000000,5.000000,0.025518,0,0
1784415784.592760,ADAPTIVEQF,TRACKING,400,26.633199,31.350684,-0.004336,-0.017189,4.979962,0.000000,0.000000,5.000000,0.026754,0,0
1784415784.642761,ADAPTIVEQF,TRACKING,400,27.570783,50.391485,-0.007383,-0.016544,4.980165,0.000000,0.000000,5.000000,0.026863,0,0
1784415784.692829,ADAPTIVEQF,TRACKING,400,26.817994,31.585115,-0.013118,-0.014185,4.982489,0.000000,0.000000,5.000000,0.026075,0,0
1784415784.742836,ADAPTIVEQF,TRACKING,400,27.773304,50.612082,-0.016057,-0.010424,4.980226,0.000000,0.000000,5.000000,0.027523,0,0
1784415784.792830,ADAPTIVEQF,TRACKING,400,26.400928,31.199033,-0.022232,-0.002997,4.976948,0.000000,0.000000,5.000000,0.032166,0,0
1784415784.842725,ADAPTIVEQF,TRACKING,400,27.484880,50.252379,-0.025201,-0.000323,4.976855,0.000000,0.000000,5.000000,0.034218,0,0
1784415784.892830,ADAPTIVEQF,TRACKING,400,27.087895,31.809421,-0.031235,0.004070,4.977702,0.000000,0.000000,5.000000,0.038592,0,0
1784415784.942836,ADAPTIVEQF,TRACKING,400,27.709531,50.552817,-0.033768,0.006063,4.978535,0.000000,0.000000,5.000000,0.040470,0,0
1784415784.992828,ADAPTIVEQF,TRACKING,400,26.963361,31.757002,-0.036586,0.006944,4.979838,0.000000,0.000000,5.000000,0.042347,0,0
1784415785.042770,ADAPTIVEQF,TRACKING,400,27.566374,50.290380,-0.037277,0.006904,4.979139,0.000000,0.000000,5.000000,0.043271,0,0
1784415785.092828,ADAPTIVEQF,TRACKING,400,26.549867,31.232496,-0.038836,0.008715,4.978914,0.000000,0.000000,5.000000,0.045043,0,0
1784415785.142838,ADAPTIVEQF,TRACKING,400,28.066265,50.955111,-0.039565,0.010380,4.979009,0.000000,0.000000,5.000000,0.045976,0,0
1784415785.192838,ADAPTIVEQF,TRACKING,400,26.887551,31.643204,-0.039342,0.013662,4.978545,0.000000,0.000000,5.000000,0.046848,0,0
1784415785.242839,ADAPTIVEQF,TRACKING,400,27.931338,50.623058,-0.035852,0.015524,4.977586,0.000000,0.000000,5.000000,0.045042,0,0
1784415785.292766,ADAPTIVEQF,TRACKING,400,26.721632,31.431791,-0.029188,0.018859,4.980552,0.000000,0.000000,5.000000,0.039822,0,0
1784415785.342756,ADAPTIVEQF,TRACKING,400,27.403808,50.206521,-0.025893,0.020571,4.983303,0.000000,0.000000,5.000000,0.037046,0,0
1784415785.392834,ADAPTIVEQF,TRACKING,400,27.052348,31.641106,-0.018715,0.024354,4.989101,0.000000,0.000000,5.000000,0.032590,0,0
1784415785.442834,ADAPTIVEQF,TRACKING,400,26.784209,49.632882,-0.015725,0.025800,4.991470,0.000000,0.000000,5.000000,0.031395,0,0
1784415785.492837,ADAPTIVEQF,TRACKING,400,27.617406,32.261547,-0.009367,0.030529,4.990789,0.000000,0.000000,5.000000,0.033235,0,0
1784415785.542834,ADAPTIVEQF,TRACKING,400,27.767715,50.072157,-0.006064,0.032569,4.992228,0.000000,0.000000,5.000000,0.034029,0,0
1784415785.592762,ADAPTIVEQF,TRACKING,400,27.717958,32.324396,0.002404,0.035764,4.994055,0.000000,0.000000,5.000000,0.036334,0,0
1784415785.642835,ADAPTIVEQF,TRACKING,400,27.682134,49.953292,0.006604,0.036621,4.992037,0.000000,0.000000,5.000000,0.038054,0,0
1784415785.692749,ADAPTIVEQF,TRACKING,400,26.394160,31.093438,0.014936,0.037253,4.987842,0.000000,0.000000,5.000000,0.041937,0,0
1784415785.742768,ADAPTIVEQF,TRACKING,400,26.482220,49.288980,0.019784,0.036279,4.984553,0.000000,0.000000,5.000000,0.044116,0,0
1784415785.792840,ADAPTIVEQF,TRACKING,400,27.579765,32.293755,0.030040,0.033562,4.976102,0.000000,0.000000,5.000000,0.050989,0,0
1784415785.842728,ADAPTIVEQF,TRACKING,400,27.209887,49.443053,0.034216,0.032799,4.971210,0.000000,0.000000,5.000000,0.055456,0,0
1784415785.892770,ADAPTIVEQF,TRACKING,400,27.238950,31.785683,0.041979,0.031598,4.962103,0.000000,0.000000,5.000000,0.064783,0,0
1784415785.942835,ADAPTIVEQF,TRACKING,400,27.815574,50.571485,0.045695,0.030886,4.959003,0.000000,0.000000,5.000000,0.068722,0,0
1784415785.992843,ADAPTIVEQF,TRACKING,400,26.310660,30.941370,0.050455,0.029207,4.952310,0.000000,0.000000,5.000000,0.075320,0,0
1784415786.042778,ADAPTIVEQF,TRACKING,400,27.854109,50.681213,0.052177,0.028477,4.950631,0.000000,0.000000,5.000000,0.077271,0,0
1784415786.092772,ADAPTIVEQF,TRACKING,400,27.322289,32.051565,0.055956,0.025025,4.947848,0.000000,0.000000,5.000000,0.080481,0,0
1784415786.142843,ADAPTIVEQF,TRACKING,400,28.077874,50.767601,0.057717,0.022306,4.946691,0.000000,0.000000,5.000000,0.081674,0,0
1784415786.192832,ADAPTIVEQF,TRACKING,400,26.096543,30.877336,0.060172,0.015855,4.945224,0.000000,0.000000,5.000000,0.082900,0,0
1784415786.242864,ADAPTIVEQF,TRACKING,400,27.927000,50.740657,0.059355,0.012281,4.945487,0.000000,0.000000,5.000000,0.081520,0,0
1784415786.292789,ADAPTIVEQF,TRACKING,400,26.868230,31.620858,0.057198,0.005210,4.949651,0.000000,0.000000,5.000000,0.076380,0,0
1784415786.342768,ADAPTIVEQF,TRACKING,400,26.674273,49.365298,0.055485,0.001093,4.951423,0.000000,0.000000,5.000000,0.073753,0,0
1784415786.392893,ADAPTIVEQF,TRACKING,400,27.328274,32.048048,0.050202,-0.008771,4.959457,0.000000,0.000000,5.000000,0.065122,0,0
1784415786.442840,ADAPTIVEQF,TRACKING,400,27.352135,49.896033,0.047612,-0.012796,4.964847,0.000000,0.000000,5.000000,0.060551,0,0
1784415786.492762,ADAPTIVEQF,TRACKING,400,26.712127,30.979508,0.040738,-0.019344,4.972056,0.000000,0.000000,5.000000,0.053053,0,0
1784415786.542866,ADAPTIVEQF,TRACKING,400,27.553420,50.416908,0.037256,-0.022367,4.975401,0.000000,0.000000,5.000000,0.049934,0,0
1784415786.592837,ADAPTIVEQF,TRACKING,400,26.829615,31.527688,0.029513,-0.028977,4.980753,0.000000,0.000000,5.000000,0.045619,0,0
1784415786.642782,ADAPTIVEQF,TRACKING,400,27.619976,50.438114,0.025998,-0.031838,4.981847,0.000000,0.000000,5.000000,0.044934,0,0
1784415786.692845,ADAPTIVEQF,TRACKING,400,27.201861,31.871344,0.018780,-0.037101,4.981915,0.000000,0.000000,5.000000,0.045345,0,0
1784415786.742843,ADAPTIVEQF,TRACKING,400,28.367310,51.086902,0.014063,-0.040098,4.978718,0.000000,0.000000,5.000000,0.047524,0,0
1784415786.792843,ADAPTIVEQF,TRACKING,400,26.764571,31.567062,0.004153,-0.045047,4.975265,0.000000,0.000000,5.000000,0.051559,0,0
1784415786.842733,ADAPTIVEQF,TRACKING,400,26.758030,49.514265,0.000132,-0.045647,4.973155,0.000000,0.000000,5.000000,0.052956,0,0
1784415786.892772,ADAPTIVEQF,TRACKING,400,26.411498,31.077413,-0.007297,-0.044495,4.968432,0.000000,0.000000,5.000000,0.055042,0,0
1784415786.942779,ADAPTIVEQF,TRACKING,400,27.602891,50.459235,-0.010870,-0.043656,4.966432,0.000000,0.000000,5.000000,0.056132,0,0
1784415786.992782,ADAPTIVEQF,TRACKING,400,27.156103,31.825107,-0.018689,-0.041543,4.968549,0.000000,0.000000,5.000000,0.055356,0,0
1784415787.042869,ADAPTIVEQF,TRACKING,400,27.799787,50.641216,-0.022086,-0.040311,4.971071,0.000000,0.000000,5.000000,0.054311,0,0
1784415787.092778,ADAPTIVEQF,TRACKING,400,27.001524,31.648369,-0.027208,-0.033831,4.976159,0.000000,0.000000,5.000000,0.049529,0,0
1784415787.142774,ADAPTIVEQF,TRACKING,400,27.491565,50.271532,-0.028901,-0.028881,4.978514,0.000000,0.000000,5.000000,0.046163,0,0
1784415787.192776,ADAPTIVEQF,TRACKING,400,27.498843,32.194213,-0.031580,-0.017104,4.987660,0.000000,0.000000,5.000000,0.037975,0,0
1784415787.242871,ADAPTIVEQF,TRACKING,400,27.580798,50.112154,-0.030695,-0.008856,4.990527,0.000000,0.000000,5.000000,0.033322,0,0
1784415787.292773,ADAPTIVEQF,TRACKING,400,27.005450,31.663614,-0.029031,0.006437,4.997362,0.000000,0.000000,5.000000,0.029853,0,0
1784415787.342877,ADAPTIVEQF,TRACKING,400,27.838766,50.681899,-0.028180,0.014051,5.001165,0.000000,0.000000,5.000000,0.031510,0,0
1784415787.392776,ADAPTIVEQF,TRACKING,400,26.277261,30.852898,-0.026159,0.030783,5.011457,0.000000,0.000000,5.000000,0.041990,0,0
1784415787.442795,ADAPTIVEQF,TRACKING,400,27.332548,50.142394,-0.025180,0.037603,5.015929,0.000000,0.000000,5.000000,0.047977,0,0
1784415787.492872,ADAPTIVEQF,TRACKING,400,27.232336,32.066972,-0.021346,0.046455,5.020454,0.000000,0.000000,5.000000,0.055064,0,0
1784415787.542825,ADAPTIVEQF,TRACKING,400,27.797355,50.455384,-0.019391,0.050400,5.021063,0.000000,0.000000,5.000000,0.057964,0,0
1784415787.592729,ADAPTIVEQF,TRACKING,400,27.387843,32.031823,-0.013365,0.057503,5.023870,0.000000,0.000000,5.000000,0.063679,0,0
1784415787.642907,ADAPTIVEQF,TRACKING,400,27.702417,50.419951,-0.009907,0.059799,5.026445,0.000000,0.000000,5.000000,0.066132,0,0
1784415787.692791,ADAPTIVEQF,TRACKING,400,26.888735,31.517166,-0.003668,0.064031,5.030133,0.000000,0.000000,5.000000,0.070862,0,0
1784415787.742866,ADAPTIVEQF,TRACKING,400,27.478197,50.351181,-0.000453,0.064839,5.031515,0.000000,0.000000,5.000000,0.072093,0,0
1784415787.792779,ADAPTIVEQF,TRACKING,400,26.812357,31.436985,0.006456,0.066734,5.033046,0.000000,0.000000,5.000000,0.074747,0,0
1784415787.842799,ADAPTIVEQF,TRACKING,400,27.569016,50.323547,0.009924,0.068383,5.031759,0.000000,0.000000,5.000000,0.076048,0,0
1784415787.892751,ADAPTIVEQF,TRACKING,400,30.082053,34.790421,0.017568,0.072559,5.026721,0.000000,0.000000,5.000000,0.079293,0,0
1784415787.942787,ADAPTIVEQF,TRACKING,400,25.941443,45.786930,0.021214,0.074023,5.023169,0.000000,0.000000,5.000000,0.080413,0,0
1784415787.992789,ADAPTIVEQF,TRACKING,400,28.069385,32.753423,0.027423,0.075275,5.015799,0.000000,0.000000,5.000000,0.081657,0,0
1784415788.042771,ADAPTIVEQF,TRACKING,400,25.193180,46.980597,0.029709,0.075109,5.012811,0.000000,0.000000,5.000000,0.081781,0,0
1784415788.092763,ADAPTIVEQF,TRACKING,400,27.635677,32.224247,0.033995,0.070603,5.006725,0.000000,0.000000,5.000000,0.078649,0,0
1784415788.142879,ADAPTIVEQF,TRACKING,400,27.525374,49.903183,0.035959,0.066611,5.004567,0.000000,0.000000,5.000000,0.075834,0,0
1784415788.192867,ADAPTIVEQF,TRACKING,400,27.304433,32.027064,0.039687,0.057864,4.999961,0.000000,0.000000,5.000000,0.070166,0,0
1784415788.242869,ADAPTIVEQF,TRACKING,400,27.629169,50.236625,0.040524,0.053924,4.995138,0.000000,0.000000,5.000000,0.067629,0,0
1784415788.292784,ADAPTIVEQF,TRACKING,400,26.930578,31.673405,0.041799,0.046263,4.986054,0.000000,0.000000,5.000000,0.063890,0,0
1784415788.342784,ADAPTIVEQF,TRACKING,400,27.758942,50.591690,0.043031,0.042616,4.981862,0.000000,0.000000,5.000000,0.063219,0,0
1784415788.392787,ADAPTIVEQF,TRACKING,400,27.428519,32.151280,0.046938,0.034325,4.971381,0.000000,0.000000,5.000000,0.064811,0,0
1784415788.442785,ADAPTIVEQF,TRACKING,400,27.490462,49.990660,0.048254,0.030331,4.967856,0.000000,0.000000,5.000000,0.065434,0,0
1784415788.492765,ADAPTIVEQF,TRACKING,400,28.126939,32.848674,0.048567,0.020508,4.957606,0.000000,0.000000,5.000000,0.067651,0,0
1784415788.542866,ADAPTIVEQF,TRACKING,400,27.075030,48.961526,0.048329,0.015497,4.952445,0.000000,0.000000,5.000000,0.069551,0,0
1784415788.592770,ADAPTIVEQF,TRACKING,400,27.550119,32.180693,0.047136,0.001051,4.940313,0.000000,0.000000,5.000000,0.076062,0,0
1784415788.642876,ADAPTIVEQF,TRACKING,400,27.523199,49.988268,0.046167,-0.006971,4.936342,0.000000,0.000000,5.000000,0.078945,0,0
1784415788.692777,ADAPTIVEQF,TRACKING,400,26.858687,31.538151,0.043719,-0.021959,4.935067,0.000000,0.000000,5.000000,0.081301,0,0
1784415788.742785,ADAPTIVEQF,TRACKING,400,27.494069,50.356028,0.043066,-0.029364,4.934722,0.000000,0.000000,5.000000,0.083535,0,0
1784415788.792794,ADAPTIVEQF,TRACKING,400,27.362762,32.077502,0.041205,-0.045229,4.934585,0.000000,0.000000,5.000000,0.089569,0,0
1784415788.842803,ADAPTIVEQF,TRACKING,400,27.581402,50.129212,0.040000,-0.052916,4.933892,0.000000,0.000000,5.000000,0.093651,0,0
1784415788.892795,ADAPTIVEQF,TRACKING,400,27.482794,32.186188,0.036872,-0.069132,4.933594,0.000000,0.000000,5.000000,0.102706,0,0
1784415788.942789,ADAPTIVEQF,TRACKING,400,28.104695,50.512196,0.035211,-0.076586,4.933851,0.000000,0.000000,5.000000,0.107150,0,0
1784415788.992783,ADAPTIVEQF,TRACKING,400,26.628447,31.216121,0.028732,-0.092617,4.935765,0.000000,0.000000,5.000000,0.116317,0,0
1784415789.042802,ADAPTIVEQF,TRACKING,400,27.565044,50.420347,0.025681,-0.098852,4.938011,0.000000,0.000000,5.000000,0.119473,0,0
1784415789.092794,ADAPTIVEQF,TRACKING,400,26.614757,31.254014,0.021129,-0.109599,4.942933,0.000000,0.000000,5.000000,0.125360,0,0
1784415789.142795,ADAPTIVEQF,TRACKING,400,27.639361,50.438481,0.019566,-0.114093,4.944826,0.000000,0.000000,5.000000,0.128235,0,0
1784415789.192786,ADAPTIVEQF,TRACKING,400,26.568666,31.209311,0.015507,-0.121762,4.952596,0.000000,0.000000,5.000000,0.131581,0,0
1784415789.242880,ADAPTIVEQF,TRACKING,400,27.395763,50.367981,0.012562,-0.124280,4.955513,0.000000,0.000000,5.000000,0.132598,0,0
1784415789.292777,ADAPTIVEQF,TRACKING,400,27.229649,31.934641,0.007134,-0.127364,4.962208,0.000000,0.000000,5.000000,0.133044,0,0
1784415789.342772,ADAPTIVEQF,TRACKING,400,39.716833,62.381554,0.004714,-0.127545,4.963142,0.000000,0.000000,5.000000,0.132848,0,0
1784415789.392788,ADAPTIVEQF,TRACKING,381,29.574230,34.170802,-0.000101,-0.124632,4.963733,0.000000,0.000000,5.000000,0.129802,0,0
1784415789.442789,ADAPTIVEQF,TRACKING,367,23.091816,43.397101,-0.002043,-0.122526,4.964934,0.000000,0.000000,5.000000,0.127461,0,0
1784415789.492790,ADAPTIVEQF,TRACKING,375,22.140454,26.805376,-0.001998,-0.117818,4.963484,0.000000,0.000000,5.000000,0.123363,0,0
1784415789.542807,ADAPTIVEQF,TRACKING,400,24.571054,47.259454,-0.001715,-0.115048,4.962100,0.000000,0.000000,5.000000,0.121142,0,0
1784415789.592754,ADAPTIVEQF,TRACKING,400,26.423369,31.096629,-0.002084,-0.108158,4.957447,0.000000,0.000000,5.000000,0.116246,0,0
1784415789.642791,ADAPTIVEQF,TRACKING,400,24.536082,46.985438,-0.002814,-0.104711,4.954384,0.000000,0.000000,5.000000,0.114250,0,0
1784415789.692788,ADAPTIVEQF,TRACKING,400,24.428751,29.148572,-0.004125,-0.096507,4.951636,0.000000,0.000000,5.000000,0.108026,0,0
1784415789.742794,ADAPTIVEQF,TRACKING,400,28.772951,51.444146,-0.003530,-0.091329,4.949336,0.000000,0.000000,5.000000,0.104500,0,0
1784415789.792782,ADAPTIVEQF,TRACKING,400,27.552169,32.185526,-0.002090,-0.078509,4.947004,0.000000,0.000000,5.000000,0.094745,0,0
1784415789.842798,ADAPTIVEQF,TRACKING,400,25.904883,48.281883,-0.000954,-0.070852,4.947840,0.000000,0.000000,5.000000,0.087986,0,0
1784415789.892761,ADAPTIVEQF,TRACKING,400,27.696873,31.991500,0.002145,-0.052690,4.950629,0.000000,0.000000,5.000000,0.072238,0,0
1784415789.942797,ADAPTIVEQF,TRACKING,400,28.061994,50.266853,0.003773,-0.043866,4.950675,0.000000,0.000000,5.000000,0.066117,0,0
1784415789.992791,ADAPTIVEQF,TRACKING,400,25.951875,30.743421,0.003713,-0.027551,4.949434,0.000000,0.000000,5.000000,0.057704,0,0
1784415790.042779,ADAPTIVEQF,TRACKING,400,28.122508,50.907366,0.003409,-0.020490,4.949164,0.000000,0.000000,5.000000,0.054916,0,0
1784415790.092799,ADAPTIVEQF,TRACKING,400,26.296453,31.034341,0.002448,-0.006701,4.948203,0.000000,0.000000,5.000000,0.052286,0,0
1784415790.142813,ADAPTIVEQF,TRACKING,400,28.004912,50.775240,0.001727,0.000040,4.949135,0.000000,0.000000,5.000000,0.050895,0,0
1784415790.192781,ADAPTIVEQF,TRACKING,400,26.779292,31.433287,0.000241,0.015184,4.955403,0.000000,0.000000,5.000000,0.047112,0,0
1784415790.242890,ADAPTIVEQF,TRACKING,400,27.664440,50.515236,-0.000121,0.022402,4.960542,0.000000,0.000000,5.000000,0.045374,0,0
1784415790.292782,ADAPTIVEQF,TRACKING,400,27.273459,32.015256,-0.001105,0.036383,4.970065,0.000000,0.000000,5.000000,0.047128,0,0
1784415790.342801,ADAPTIVEQF,TRACKING,400,26.871885,49.534820,-0.001964,0.042220,4.974895,0.000000,0.000000,5.000000,0.049159,0,0
1784415790.392794,ADAPTIVEQF,TRACKING,400,25.263321,29.998431,-0.004308,0.052824,4.984391,0.000000,0.000000,5.000000,0.055250,0,0
1784415790.442782,ADAPTIVEQF,TRACKING,400,28.674898,51.454872,-0.005204,0.057529,4.988168,0.000000,0.000000,5.000000,0.058963,0,0
1784415790.492787,ADAPTIVEQF,TRACKING,400,27.097707,31.837495,-0.003272,0.065027,4.988396,0.000000,0.000000,5.000000,0.066135,0,0
1784415790.542898,ADAPTIVEQF,TRACKING,400,27.697740,50.589001,-0.002304,0.068606,4.987159,0.000000,0.000000,5.000000,0.069835,0,0
1784415790.592786,ADAPTIVEQF,TRACKING,400,27.381924,32.063649,-0.000284,0.076817,4.984985,0.000000,0.000000,5.000000,0.078271,0,0
1784415790.642830,ADAPTIVEQF,TRACKING,400,27.148792,49.737359,0.000592,0.080379,4.983243,0.000000,0.000000,5.000000,0.082110,0,0
1784415790.692783,ADAPTIVEQF,TRACKING,400,27.762983,32.449205,0.001848,0.086324,4.980422,0.000000,0.000000,5.000000,0.088536,0,0
1784415790.742803,ADAPTIVEQF,TRACKING,400,26.753827,48.914346,0.002438,0.088118,4.977847,0.000000,0.000000,5.000000,0.090893,0,0
1784415790.792891,ADAPTIVEQF,TRACKING,400,27.035582,31.743178,0.003901,0.090850,4.972860,0.000000,0.000000,5.000000,0.094898,0,0
1784415790.842828,ADAPTIVEQF,TRACKING,400,28.021886,50.803076,0.006283,0.091372,4.969051,0.000000,0.000000,5.000000,0.096675,0,0
1784415790.892807,ADAPTIVEQF,TRACKING,400,27.011604,31.760138,0.013730,0.091146,4.961130,0.000000,0.000000,5.000000,0.100035,0,0
1784415790.942804,ADAPTIVEQF,TRACKING,400,23.943115,46.755766,0.017014,0.090580,4.958385,0.000000,0.000000,5.000000,0.101124,0,0
1784415790.992798,ADAPTIVEQF,TRACKING,400,28.668250,33.400734,0.024394,0.087699,4.951591,0.000000,0.000000,5.000000,0.103100,0,0
1784415791.042896,ADAPTIVEQF,TRACKING,400,27.161337,48.467643,0.027085,0.085729,4.950581,0.000000,0.000000,5.000000,0.102593,0,0
1784415791.092791,ADAPTIVEQF,TRACKING,400,26.120723,30.936071,0.029754,0.079684,4.953833,0.000000,0.000000,5.000000,0.096780,0,0
1784415791.142828,ADAPTIVEQF,TRACKING,400,26.181220,49.007877,0.030026,0.075856,4.955813,0.000000,0.000000,5.000000,0.092780,0,0
1784415791.192810,ADAPTIVEQF,TRACKING,400,27.488056,32.219555,0.030322,0.067322,4.958696,0.000000,0.000000,5.000000,0.084603,0,0
1784415791.242903,ADAPTIVEQF,TRACKING,400,27.562212,50.079259,0.030303,0.065243,4.958211,0.000000,0.000000,5.000000,0.083194,0,0
1784415791.292789,ADAPTIVEQF,TRACKING,400,26.919891,31.629499,0.030381,0.060586,4.961318,0.000000,0.000000,5.000000,0.078038,0,0
1784415791.342813,ADAPTIVEQF,TRACKING,400,27.218578,49.987446,0.030963,0.058061,4.962969,0.000000,0.000000,5.000000,0.075506,0,0
1784415791.392765,ADAPTIVEQF,TRACKING,400,28.262185,32.906334,0.032911,0.052020,4.966911,0.000000,0.000000,5.000000,0.069887,0,0
1784415791.442811,ADAPTIVEQF,TRACKING,400,26.443394,48.124631,0.033424,0.049120,4.969282,0.000000,0.000000,5.000000,0.066884,0,0
1784415791.492792,ADAPTIVEQF,TRACKING,400,25.033625,29.593530,0.035765,0.042295,4.967832,0.000000,0.000000,5.000000,0.064053,0,0
1784415791.542782,ADAPTIVEQF,TRACKING,400,26.895440,49.468388,0.036677,0.038726,4.966429,0.000000,0.000000,5.000000,0.063024,0,0
1784415791.592772,ADAPTIVEQF,TRACKING,400,27.391435,32.071102,0.036525,0.029752,4.964377,0.000000,0.000000,5.000000,0.059061,0,0
1784415791.642813,ADAPTIVEQF,TRACKING,400,26.844361,49.406775,0.035583,0.025404,4.963828,0.000000,0.000000,5.000000,0.056745,0,0
1784415791.692807,ADAPTIVEQF,TRACKING,400,25.453552,30.190426,0.033866,0.016524,4.960880,0.000000,0.000000,5.000000,0.054317,0,0
1784415791.742813,ADAPTIVEQF,TRACKING,400,26.346141,49.103062,0.033608,0.011002,4.958866,0.000000,0.000000,5.000000,0.054245,0,0
1784415791.792813,ADAPTIVEQF,TRACKING,400,26.548728,31.308461,0.032975,-0.000277,4.958652,0.000000,0.000000,5.000000,0.052887,0,0
1784415791.842829,ADAPTIVEQF,TRACKING,400,27.606435,50.407839,0.033072,-0.005308,4.959041,0.000000,0.000000,5.000000,0.052911,0,0
1784415791.892812,ADAPTIVEQF,TRACKING,400,25.640913,30.279788,0.033585,-0.015201,4.957895,0.000000,0.000000,5.000000,0.055963,0,0
1784415791.942805,ADAPTIVEQF,TRACKING,400,24.221170,46.774146,0.033397,-0.019498,4.958017,0.000000,0.000000,5.000000,0.057080,0,0
1784415791.993053,ADAPTIVEQF,TRACKING,400,36.430402,41.053512,0.030059,-0.028068,4.958605,0.000000,0.000000,5.000000,0.058351,0,0
1784415792.042814,ADAPTIVEQF,TRACKING,400,23.444346,36.623733,0.028242,-0.031533,4.959795,0.000000,0.000000,5.000000,0.058381,0,0
1784415792.092799,ADAPTIVEQF,TRACKING,400,24.283342,28.990487,0.023916,-0.037985,4.962581,0.000000,0.000000,5.000000,0.058438,0,0
1784415792.142813,ADAPTIVEQF,TRACKING,400,23.824518,46.525535,0.021616,-0.040945,4.965279,0.000000,0.000000,5.000000,0.057873,0,0
1784415792.192807,ADAPTIVEQF,TRACKING,400,28.907037,33.526328,0.016931,-0.046529,4.969940,0.000000,0.000000,5.000000,0.057924,0,0
1784415792.242820,ADAPTIVEQF,TRACKING,400,23.972771,44.982767,0.014090,-0.047286,4.971243,0.000000,0.000000,5.000000,0.057109,0,0
1784415792.292799,ADAPTIVEQF,TRACKING,400,28.605377,33.234824,0.008868,-0.048432,4.972193,0.000000,0.000000,5.000000,0.056547,0,0
1784415792.342916,ADAPTIVEQF,TRACKING,400,27.171735,48.592458,0.007113,-0.049582,4.972667,0.000000,0.000000,5.000000,0.057062,0,0
1784415792.392817,ADAPTIVEQF,TRACKING,400,28.213161,32.920594,0.004414,-0.053056,4.976875,0.000000,0.000000,5.000000,0.058045,0,0
1784415792.442835,ADAPTIVEQF,TRACKING,400,26.924879,48.644074,0.002880,-0.054302,4.982122,0.000000,0.000000,5.000000,0.057242,0,0
1784415792.492810,ADAPTIVEQF,TRACKING,400,26.842799,31.626086,-0.001331,-0.051900,4.996391,0.000000,0.000000,5.000000,0.052042,0,0
1784415792.542814,ADAPTIVEQF,TRACKING,400,27.053531,49.784197,-0.003605,-0.050112,5.004498,0.000000,0.000000,5.000000,0.050443,0,0
1784415792.592901,ADAPTIVEQF,TRACKING,400,26.351816,31.244221,-0.008900,-0.046268,5.018402,0.000000,0.000000,5.000000,0.050582,0,0
1784415792.642826,ADAPTIVEQF,TRACKING,400,27.764698,50.579623,-0.011153,-0.044841,5.022407,0.000000,0.000000,5.000000,0.051353,0,0
1784415792.692813,ADAPTIVEQF,TRACKING,400,26.421045,31.164655,-0.014812,-0.041554,5.027810,0.000000,0.000000,5.000000,0.052149,0,0
1784415792.742819,ADAPTIVEQF,TRACKING,400,28.053480,50.853393,-0.014915,-0.039485,5.030393,0.000000,0.000000,5.000000,0.052012,0,0
1784415792.792903,ADAPTIVEQF,TRACKING,400,26.811199,31.672177,-0.015239,-0.034581,5.034022,0.000000,0.000000,5.000000,0.050849,0,0
1784415792.842793,ADAPTIVEQF,TRACKING,400,24.956206,47.730049,-0.015395,-0.031390,5.035707,0.000000,0.000000,5.000000,0.049973,0,0
1784415792.892790,ADAPTIVEQF,TRACKING,400,25.453853,30.232352,-0.015320,-0.023504,5.035391,0.000000,0.000000,5.000000,0.045163,0,0
1784415792.942910,ADAPTIVEQF,TRACKING,400,36.842321,59.735200,-0.015133,-0.019483,5.034069,0.000000,0.000000,5.000000,0.042062,0,0
1784415792.992807,ADAPTIVEQF,TRACKING,400,24.283005,29.005329,-0.013483,-0.009163,5.027503,0.000000,0.000000,5.000000,0.031972,0,0
1784415793.042793,ADAPTIVEQF,TRACKING,400,24.297873,46.977001,-0.012495,-0.004458,5.023148,0.000000,0.000000,5.000000,0.026680,0,0
1784415793.092801,ADAPTIVEQF,TRACKING,400,25.700924,30.416388,-0.008580,0.005183,5.014539,0.000000,0.000000,5.000000,0.017660,0,0
1784415793.142892,ADAPTIVEQF,TRACKING,400,24.073559,46.836966,-0.005753,0.009861,5.009789,0.000000,0.000000,5.000000,0.015038,0,0
1784415793.192805,ADAPTIVEQF,TRACKING,400,24.721952,29.362900,0.000894,0.018870,5.001493,0.000000,0.000000,5.000000,0.018950,0,0
1784415793.242817,ADAPTIVEQF,TRACKING,400,23.310751,46.028860,0.004596,0.022487,4.996772,0.000000,0.000000,5.000000,0.023177,0,0
1784415793.292807,ADAPTIVEQF,TRACKING,400,23.129904,27.939804,0.011223,0.028591,4.987537,0.000000,0.000000,5.000000,0.033147,0,0
1784415793.342835,ADAPTIVEQF,TRACKING,400,29.626647,52.351048,0.013498,0.031252,4.983828,0.000000,0.000000,5.000000,0.037689,0,0
1784415793.392835,ADAPTIVEQF,TRACKING,400,24.661382,29.370478,0.016362,0.036488,4.977980,0.000000,0.000000,5.000000,0.045651,0,0
1784415793.442816,ADAPTIVEQF,TRACKING,400,23.501159,46.178435,0.017215,0.038452,4.977126,0.000000,0.000000,5.000000,0.047939,0,0
1784415793.492814,ADAPTIVEQF,TRACKING,400,24.646794,29.386165,0.017439,0.045715,4.974140,0.000000,0.000000,5.000000,0.055342,0,0
1784415793.542827,ADAPTIVEQF,TRACKING,400,27.133586,49.919559,0.017588,0.049294,4.972656,0.000000,0.000000,5.000000,0.059050,0,0
1784415793.592822,ADAPTIVEQF,TRACKING,400,26.826031,31.533810,0.017516,0.052644,4.967313,0.000000,0.000000,5.000000,0.064394,0,0
1784415793.642833,ADAPTIVEQF,TRACKING,400,27.394160,50.156968,0.017225,0.051932,4.965175,0.000000,0.000000,5.000000,0.064857,0,0
1784415793.692825,ADAPTIVEQF,TRACKING,400,25.614638,30.363558,0.016863,0.050878,4.961289,0.000000,0.000000,5.000000,0.066117,0,0
1784415793.742916,ADAPTIVEQF,TRACKING,400,29.082945,52.025328,0.016912,0.052229,4.959067,0.000000,0.000000,5.000000,0.068479,0,0
1784415793.792826,ADAPTIVEQF,TRACKING,400,26.203178,30.982869,0.017108,0.053880,4.956823,0.000000,0.000000,5.000000,0.071134,0,0
1784415793.842833,ADAPTIVEQF,TRACKING,400,27.889034,50.642990,0.017250,0.053808,4.955296,0.000000,0.000000,5.000000,0.072051,0,0
1784415793.892914,ADAPTIVEQF,TRACKING,400,26.769503,31.515430,0.017363,0.052552,4.952358,0.000000,0.000000,5.000000,0.073027,0,0
1784415793.942818,ADAPTIVEQF,TRACKING,400,27.117335,49.920328,0.017245,0.051612,4.953373,0.000000,0.000000,5.000000,0.071661,0,0
1784415793.992825,ADAPTIVEQF,TRACKING,400,27.564337,32.217531,0.018215,0.045712,4.958792,0.000000,0.000000,5.000000,0.064184,0,0
1784415794.042829,ADAPTIVEQF,TRACKING,400,27.868438,50.198902,0.018591,0.042672,4.961833,0.000000,0.000000,5.000000,0.060193,0,0
1784415794.092826,ADAPTIVEQF,TRACKING,400,26.686596,31.471386,0.019314,0.036955,4.966038,0.000000,0.000000,5.000000,0.053779,0,0
1784415794.142915,ADAPTIVEQF,TRACKING,400,26.923379,49.924729,0.019727,0.034240,4.966745,0.000000,0.000000,5.000000,0.051647,0,0
1784415794.192916,ADAPTIVEQF,TRACKING,400,26.705618,31.489313,0.020959,0.028750,4.969626,0.000000,0.000000,5.000000,0.046781,0,0
1784415794.242917,ADAPTIVEQF,TRACKING,400,27.237990,50.023544,0.023128,0.027880,4.970940,0.000000,0.000000,5.000000,0.046440,0,0
1784415794.292911,ADAPTIVEQF,TRACKING,400,25.015642,29.704870,0.026832,0.025577,4.974382,0.000000,0.000000,5.000000,0.045060,0,0
1784415794.342821,ADAPTIVEQF,TRACKING,400,27.790192,50.539230,0.028629,0.022449,4.975734,0.000000,0.000000,5.000000,0.043731,0,0
1784415794.392833,ADAPTIVEQF,TRACKING,400,27.665213,32.343487,0.032343,0.012220,4.980247,0.000000,0.000000,5.000000,0.039820,0,0
1784415794.442816,ADAPTIVEQF,TRACKING,400,27.403116,49.639326,0.033755,0.007970,4.982665,0.000000,0.000000,5.000000,0.038774,0,0
1784415794.492825,ADAPTIVEQF,TRACKING,400,25.714613,34.496861,0.033745,-0.000094,4.987179,0.000000,0.000000,5.000000,0.036099,0,0
1784415794.542916,ADAPTIVEQF,TRACKING,400,28.005767,50.821291,0.033376,-0.003924,4.988927,0.000000,0.000000,5.000000,0.035383,0,0
1784415794.592914,ADAPTIVEQF,TRACKING,400,27.083489,36.047005,0.032871,-0.011127,4.990707,0.000000,0.000000,5.000000,0.035926,0,0
1784415794.642910,ADAPTIVEQF,TRACKING,400,27.549516,50.377808,0.032808,-0.015348,4.989078,0.000000,0.000000,5.000000,0.037832,0,0
1784415794.692830,ADAPTIVEQF,TRACKING,400,26.935750,35.767981,0.032166,-0.021907,4.986818,0.000000,0.000000,5.000000,0.041089,0,0
1784415794.742839,ADAPTIVEQF,TRACKING,400,27.970845,50.817457,0.031677,-0.025919,4.984137,0.000000,0.000000,5.000000,0.043896,0,0
1784415794.792819,ADAPTIVEQF,TRACKING,400,25.338114,33.930534,0.030339,-0.032941,4.980613,0.000000,0.000000,5.000000,0.048800,0,0
1784415794.842843,ADAPTIVEQF,TRACKING,400,28.379881,51.202912,0.028930,-0.036920,4.978832,0.000000,0.000000,5.000000,0.051460,0,0
1784415794.892830,ADAPTIVEQF,TRACKING,400,26.720342,35.370342,0.025418,-0.042728,4.975678,0.000000,0.000000,5.000000,0.055347,0,0
1784415794.942846,ADAPTIVEQF,TRACKING,400,28.293439,51.075971,0.023427,-0.045227,4.975927,0.000000,0.000000,5.000000,0.056337,0,0
1784415794.992797,ADAPTIVEQF,TRACKING,400,26.508136,35.217983,0.022926,-0.049043,4.970212,0.000000,0.000000,5.000000,0.061791,0,0
1784415795.042915,ADAPTIVEQF,TRACKING,400,28.164547,51.127598,0.022915,-0.050840,4.965378,0.000000,0.000000,5.000000,0.065639,0,0
1784415795.092829,ADAPTIVEQF,TRACKING,400,25.058472,33.894279,0.022099,-0.050892,4.958501,0.000000,0.000000,5.000000,0.069286,0,0
1784415795.142927,ADAPTIVEQF,TRACKING,400,28.327716,51.137825,0.021494,-0.049745,4.956896,0.000000,0.000000,5.000000,0.069242,0,0
1784415795.192835,ADAPTIVEQF,TRACKING,400,27.262789,36.046744,0.019936,-0.047531,4.956650,0.000000,0.000000,5.000000,0.067349,0,0
1784415795.242924,ADAPTIVEQF,TRACKING,400,27.833530,50.565582,0.015833,-0.045642,4.954820,0.000000,0.000000,5.000000,0.066145,0,0
1784415795.292786,ADAPTIVEQF,TRACKING,400,26.832109,35.683485,0.009686,-0.042614,4.955367,0.000000,0.000000,5.000000,0.062465,0,0
1784415795.342921,ADAPTIVEQF,TRACKING,400,28.385365,51.283911,0.006579,-0.040866,4.957332,0.000000,0.000000,5.000000,0.059447,0,0
1784415795.392844,ADAPTIVEQF,TRACKING,400,27.074740,35.868300,0.000384,-0.036927,4.960738,0.000000,0.000000,5.000000,0.053900,0,0
1784415795.442929,ADAPTIVEQF,TRACKING,400,27.925195,50.826694,-0.003410,-0.034424,4.963131,0.000000,0.000000,5.000000,0.050556,0,0
1784415795.492912,ADAPTIVEQF,TRACKING,400,27.014155,35.861187,-0.008524,-0.033180,4.959274,0.000000,0.000000,5.000000,0.053218,0,0
1784415795.542912,ADAPTIVEQF,TRACKING,400,26.195386,49.090857,-0.010934,-0.032466,4.956511,0.000000,0.000000,5.000000,0.055361,0,0
1784415795.592920,ADAPTIVEQF,TRACKING,400,27.842576,36.734629,-0.016199,-0.030841,4.953675,0.000000,0.000000,5.000000,0.057962,0,0
1784415795.642935,ADAPTIVEQF,TRACKING,400,27.242562,49.336867,-0.019994,-0.029960,4.951561,0.000000,0.000000,5.000000,0.060363,0,0
1784415795.692928,ADAPTIVEQF,TRACKING,400,27.478149,36.446388,-0.025949,-0.027985,4.949143,0.000000,0.000000,5.000000,0.063584,0,0
1784415795.742928,ADAPTIVEQF,TRACKING,400,27.969969,50.407930,-0.029247,-0.026372,4.946377,0.000000,0.000000,5.000000,0.066530,0,0
1784415795.792920,ADAPTIVEQF,TRACKING,400,26.999697,35.803198,-0.035338,-0.023296,4.941059,0.000000,0.000000,5.000000,0.072564,0,0
1784415795.842938,ADAPTIVEQF,TRACKING,400,27.554389,50.486969,-0.039485,-0.019935,4.938994,0.000000,0.000000,5.000000,0.075354,0,0
1784415795.892926,ADAPTIVEQF,TRACKING,400,26.266384,35.168715,-0.046821,-0.011670,4.936832,0.000000,0.000000,5.000000,0.079489,0,0
1784415795.942925,ADAPTIVEQF,TRACKING,400,27.380682,50.258594,-0.049900,-0.007987,4.936341,0.000000,0.000000,5.000000,0.081279,0,0
1784415795.992928,ADAPTIVEQF,TRACKING,400,26.812050,35.595886,-0.056596,-0.003021,4.939684,0.000000,0.000000,5.000000,0.082766,0,0
1784415796.042838,ADAPTIVEQF,TRACKING,400,27.315328,50.159316,-0.060159,-0.000413,4.942031,0.000000,0.000000,5.000000,0.083544,0,0
1784415796.092907,ADAPTIVEQF,TRACKING,400,26.334452,35.262963,-0.065245,0.003925,4.942901,0.000000,0.000000,5.000000,0.086791,0,0
1784415796.142942,ADAPTIVEQF,TRACKING,400,28.024616,50.945751,-0.067594,0.006093,4.944188,0.000000,0.000000,5.000000,0.087870,0,0
1784415796.192924,ADAPTIVEQF,TRACKING,400,27.386484,36.183777,-0.071265,0.009863,4.947032,0.000000,0.000000,5.000000,0.089340,0,0
1784415796.242923,ADAPTIVEQF,TRACKING,400,27.564234,50.092606,-0.073658,0.013285,4.947342,0.000000,0.000000,5.000000,0.091514,0,0
1784415796.292922,ADAPTIVEQF,TRACKING,400,27.340473,36.290493,-0.076624,0.018282,4.951406,0.000000,0.000000,5.000000,0.092557,0,0
1784415796.342939,ADAPTIVEQF,TRACKING,400,27.779852,50.378660,-0.079090,0.020815,4.955151,0.000000,0.000000,5.000000,0.093274,0,0
1784415796.392937,ADAPTIVEQF,TRACKING,400,27.554248,36.514312,-0.085335,0.025393,4.962795,0.000000,0.000000,5.000000,0.096494,0,0
1784415796.442862,ADAPTIVEQF,TRACKING,400,27.393408,49.670441,-0.088186,0.027840,4.967685,0.000000,0.000000,5.000000,0.097960,0,0
1784415796.492939,ADAPTIVEQF,TRACKING,400,27.178484,36.083712,-0.086759,0.031595,4.971947,0.000000,0.000000,5.000000,0.096500,0,0
1784415796.542854,ADAPTIVEQF,TRACKING,400,27.722474,50.373305,-0.085330,0.033224,4.972348,0.000000,0.000000,5.000000,0.095654,0,0
1784415796.592838,ADAPTIVEQF,TRACKING,400,27.196923,35.970650,-0.080333,0.036095,4.974555,0.000000,0.000000,5.000000,0.091671,0,0
1784415796.642926,ADAPTIVEQF,TRACKING,400,28.561297,51.385529,-0.075301,0.037753,4.977387,0.000000,0.000000,5.000000,0.087217,0,0
1784415796.692943,ADAPTIVEQF,TRACKING,400,26.752149,35.587750,-0.066890,0.039995,4.983066,0.000000,0.000000,5.000000,0.079754,0,0
1784415796.742939,ADAPTIVEQF,TRACKING,400,27.505329,50.466832,-0.063448,0.041861,4.985467,0.000000,0.000000,5.000000,0.077389,0,0
1784415796.792925,ADAPTIVEQF,TRACKING,400,27.472916,36.391496,-0.056181,0.045055,4.989441,0.000000,0.000000,5.000000,0.072786,0,0
1784415796.842926,ADAPTIVEQF,TRACKING,400,27.616885,50.064228,-0.052476,0.045497,4.989194,0.000000,0.000000,5.000000,0.070288,0,0
1784415796.892855,ADAPTIVEQF,TRACKING,400,26.965118,35.737627,-0.048467,0.043327,4.985370,0.000000,0.000000,5.000000,0.066636,0,0
1784415796.942874,ADAPTIVEQF,TRACKING,400,27.564623,50.358508,-0.046184,0.042151,4.983192,0.000000,0.000000,5.000000,0.064747,0,0
1784415796.992847,ADAPTIVEQF,TRACKING,400,26.996810,35.552397,-0.039440,0.040487,4.976529,0.000000,0.000000,5.000000,0.061202,0,0
1784415797.042848,ADAPTIVEQF,TRACKING,400,28.005575,50.790294,-0.034537,0.039622,4.972681,0.000000,0.000000,5.000000,0.059237,0,0
1784415797.092931,ADAPTIVEQF,TRACKING,400,26.648062,35.311594,-0.025873,0.037558,4.963231,0.000000,0.000000,5.000000,0.058583,0,0
1784415797.142968,ADAPTIVEQF,TRACKING,400,27.963418,50.876064,-0.021293,0.036114,4.958642,0.000000,0.000000,5.000000,0.058890,0,0
1784415797.192935,ADAPTIVEQF,TRACKING,400,27.106172,36.024604,-0.012173,0.032530,4.954352,0.000000,0.000000,5.000000,0.057359,0,0
1784415797.242935,ADAPTIVEQF,TRACKING,400,27.486161,50.300440,-0.006280,0.029982,4.954966,0.000000,0.000000,5.000000,0.054465,0,0
1784415797.292935,ADAPTIVEQF,TRACKING,400,26.859414,35.749743,0.003093,0.025527,4.955901,0.000000,0.000000,5.000000,0.051048,0,0
1784415797.342819,ADAPTIVEQF,TRACKING,400,27.261405,50.031541,0.008233,0.022751,4.956475,0.000000,0.000000,5.000000,0.049798,0,0
1784415797.392861,ADAPTIVEQF,TRACKING,400,27.767598,36.483548,0.018884,0.016315,4.957547,0.000000,0.000000,5.000000,0.049245,0,0
1784415797.442968,ADAPTIVEQF,TRACKING,400,26.985649,49.143481,0.025090,0.012106,4.958102,0.000000,0.000000,5.000000,0.050315,0,0
1784415797.492980,ADAPTIVEQF,TRACKING,400,27.423691,36.279898,0.034664,0.007748,4.955053,0.000000,0.000000,5.000000,0.057288,0,0
1784415797.542825,ADAPTIVEQF,TRACKING,400,26.770546,49.109066,0.039035,0.005618,4.954152,0.000000,0.000000,5.000000,0.060476,0,0
1784415797.592846,ADAPTIVEQF,TRACKING,400,27.164697,35.995398,0.046659,0.000268,4.956897,0.000000,0.000000,5.000000,0.063522,0,0
1784415797.642821,ADAPTIVEQF,TRACKING,400,27.110615,49.792491,0.050860,-0.003987,4.961607,0.000000,0.000000,5.000000,0.063849,0,0
1784415797.692878,ADAPTIVEQF,TRACKING,400,26.817045,35.603633,0.056712,-0.010476,4.969624,0.000000,0.000000,5.000000,0.065182,0,0
1784415797.742887,ADAPTIVEQF,TRACKING,400,26.561243,49.373040,0.059501,-0.014233,4.974049,0.000000,0.000000,5.000000,0.066456,0,0
1784415797.792874,ADAPTIVEQF,TRACKING,400,26.697693,35.451506,0.064167,-0.021317,4.982054,0.000000,0.000000,5.000000,0.069956,0,0
1784415797.842866,ADAPTIVEQF,TRACKING,400,27.479553,50.398477,0.065226,-0.025015,4.987294,0.000000,0.000000,5.000000,0.071005,0,0
1784415797.892869,ADAPTIVEQF,TRACKING,400,26.714549,35.578954,0.063552,-0.029425,4.990838,0.000000,0.000000,5.000000,0.070630,0,0
1784415797.942860,ADAPTIVEQF,TRACKING,400,26.656587,49.504499,0.062709,-0.031472,4.991764,0.000000,0.000000,5.000000,0.070645,0,0
1784415797.992944,ADAPTIVEQF,TRACKING,400,26.768021,35.565439,0.062955,-0.030368,4.988072,0.000000,0.000000,5.000000,0.070907,0,0
1784415798.042842,ADAPTIVEQF,TRACKING,400,27.811898,50.635743,0.063193,-0.028757,4.985653,0.000000,0.000000,5.000000,0.070895,0,0
1784415798.092962,ADAPTIVEQF,TRACKING,400,27.500389,36.384212,0.063725,-0.025119,4.982927,0.000000,0.000000,5.000000,0.070593,0,0
1784415798.142942,ADAPTIVEQF,TRACKING,400,27.434434,49.830587,0.063985,-0.022814,4.981668,0.000000,0.000000,5.000000,0.070361,0,0
1784415798.192821,ADAPTIVEQF,TRACKING,400,27.218771,35.963741,0.063320,-0.017989,4.981700,0.000000,0.000000,5.000000,0.068322,0,0
1784415798.242950,ADAPTIVEQF,TRACKING,400,27.520114,50.359189,0.061863,-0.014874,4.979527,0.000000,0.000000,5.000000,0.066839,0,0
1784415798.292864,ADAPTIVEQF,TRACKING,400,27.141695,35.822440,0.058828,-0.009688,4.978553,0.000000,0.000000,5.000000,0.063361,0,0
1784415798.342955,ADAPTIVEQF,TRACKING,400,27.428080,50.306801,0.056475,-0.006223,4.977565,0.000000,0.000000,5.000000,0.061086,0,0
1784415798.392949,ADAPTIVEQF,TRACKING,400,27.378028,36.223512,0.050325,0.001934,4.973390,0.000000,0.000000,5.000000,0.056960,0,0
1784415798.442950,ADAPTIVEQF,TRACKING,400,27.401193,49.949707,0.046301,0.006490,4.971239,0.000000,0.000000,5.000000,0.054892,0,0
1784415798.492861,ADAPTIVEQF,TRACKING,400,27.114924,35.914659,0.039205,0.012219,4.964068,0.000000,0.000000,5.000000,0.054566,0,0
1784415798.542945,ADAPTIVEQF,TRACKING,400,27.682590,50.555443,0.035624,0.014663,4.961037,0.000000,0.000000,5.000000,0.054792,0,0
1784415798.592951,ADAPTIVEQF,TRACKING,400,27.247284,36.204220,0.029521,0.017589,4.954184,0.000000,0.000000,5.000000,0.057271,0,0
1784415798.642950,ADAPTIVEQF,TRACKING,400,27.343520,50.005876,0.026519,0.017733,4.950018,0.000000,0.000000,5.000000,0.059295,0,0
1784415798.692949,ADAPTIVEQF,TRACKING,400,27.124269,36.029633,0.021336,0.018134,4.945843,0.000000,0.000000,5.000000,0.060967,0,0
1784415798.742965,ADAPTIVEQF,TRACKING,400,27.529084,50.336266,0.017993,0.017659,4.945000,0.000000,0.000000,5.000000,0.060503,0,0
1784415798.792863,ADAPTIVEQF,TRACKING,400,27.145111,36.049418,0.011394,0.017256,4.945202,0.000000,0.000000,5.000000,0.058569,0,0
1784415798.842884,ADAPTIVEQF,TRACKING,400,27.496445,50.284205,0.007382,0.016071,4.946177,0.000000,0.000000,5.000000,0.056654,0,0
1784415798.892829,ADAPTIVEQF,TRACKING,400,27.084737,35.801727,0.000892,0.011858,4.950292,0.000000,0.000000,5.000000,0.051111,0,0
1784415798.942964,ADAPTIVEQF,TRACKING,400,27.773908,50.728687,-0.002361,0.009771,4.954184,0.000000,0.000000,5.000000,0.046906,0,0
1784415798.992852,ADAPTIVEQF,TRACKING,400,27.333536,36.179121,-0.009173,0.003620,4.962743,0.000000,0.000000,5.000000,0.038540,0,0
1784415799.042884,ADAPTIVEQF,TRACKING,400,27.741849,50.345430,-0.013300,-0.000377,4.968271,0.000000,0.000000,5.000000,0.034406,0,0
1784415799.092862,ADAPTIVEQF,TRACKING,400,27.183688,36.035163,-0.020288,-0.005770,4.978798,0.000000,0.000000,5.000000,0.029906,0,0
1784415799.142962,ADAPTIVEQF,TRACKING,400,27.922886,50.768734,-0.023949,-0.008055,4.983095,0.000000,0.000000,5.000000,0.030401,0,0
1784415799.192950,ADAPTIVEQF,TRACKING,400,27.092404,36.037847,-0.030382,-0.012129,4.989454,0.000000,0.000000,5.000000,0.034371,0,0
1784415799.242892,ADAPTIVEQF,TRACKING,400,27.995831,50.760927,-0.035817,-0.013555,4.992830,0.000000,0.000000,5.000000,0.038961,0,0
1784415799.292866,ADAPTIVEQF,TRACKING,400,26.985128,35.846208,-0.043137,-0.014899,5.000067,0.000000,0.000000,5.000000,0.045638,0,0
1784415799.342954,ADAPTIVEQF,TRACKING,400,27.722691,50.621821,-0.046772,-0.016093,5.003135,0.000000,0.000000,5.000000,0.049562,0,0
1784415799.392857,ADAPTIVEQF,TRACKING,400,27.399042,36.266920,-0.053794,-0.019626,5.007275,0.000000,0.000000,5.000000,0.057723,0,0
1784415799.442890,ADAPTIVEQF,TRACKING,400,27.655550,50.217072,-0.057313,-0.021602,5.008021,0.000000,0.000000,5.000000,0.061772,0,0
1784415799.492866,ADAPTIVEQF,TRACKING,400,27.351259,36.194465,-0.064469,-0.022738,5.006696,0.000000,0.000000,5.000000,0.068688,0,0
1784415799.542962,ADAPTIVEQF,TRACKING,400,27.874145,50.552257,-0.067436,-0.023289,5.006150,0.000000,0.000000,5.000000,0.071609,0,0
1784415799.592954,ADAPTIVEQF,TRACKING,400,26.647632,35.599463,-0.072574,-0.023631,5.003620,0.000000,0.000000,5.000000,0.076410,0,0
1784415799.642958,ADAPTIVEQF,TRACKING,400,26.843722,49.806739,-0.075650,-0.023104,5.000731,0.000000,0.000000,5.000000,0.079103,0,0
1784415799.692866,ADAPTIVEQF,TRACKING,400,26.724035,35.592374,-0.078817,-0.022634,4.995553,0.000000,0.000000,5.000000,0.082123,0,0
1784415799.742876,ADAPTIVEQF,TRACKING,400,27.738090,50.623412,-0.078527,-0.023269,4.991907,0.000000,0.000000,5.000000,0.082301,0,0
1784415799.792870,ADAPTIVEQF,TRACKING,400,27.030380,35.902473,-0.077368,-0.023796,4.984028,0.000000,0.000000,5.000000,0.082505,0,0
1784415799.842964,ADAPTIVEQF,TRACKING,400,27.719910,50.677910,-0.074672,-0.023730,4.976741,0.000000,0.000000,5.000000,0.081731,0,0
1784415799.892945,ADAPTIVEQF,TRACKING,400,26.866931,35.531436,-0.066667,-0.023166,4.962405,0.000000,0.000000,5.000000,0.079965,0,0
1784415799.942962,ADAPTIVEQF,TRACKING,400,26.409706,49.329797,-0.062648,-0.022629,4.956350,0.000000,0.000000,5.000000,0.079638,0,0
1784415799.992838,ADAPTIVEQF,TRACKING,400,27.934114,36.640447,-0.051938,-0.021476,4.948612,0.000000,0.000000,5.000000,0.076154,0,0
1784415800.042895,ADAPTIVEQF,TRACKING,400,27.372584,49.377406,-0.044888,-0.020712,4.945858,0.000000,0.000000,5.000000,0.073316,0,0
1784415800.092871,ADAPTIVEQF,TRACKING,400,26.212906,35.062700,-0.033925,-0.020460,4.947835,0.000000,0.000000,5.000000,0.065503,0,0
1784415800.142968,ADAPTIVEQF,TRACKING,400,28.712840,51.705543,-0.028410,-0.020796,4.950216,0.000000,0.000000,5.000000,0.060976,0,0
1784415800.192874,ADAPTIVEQF,TRACKING,400,26.901621,35.640923,-0.016998,-0.021372,4.952282,0.000000,0.000000,5.000000,0.054979,0,0
1784415800.242884,ADAPTIVEQF,TRACKING,400,27.725188,50.594564,-0.009313,-0.023171,4.953912,0.000000,0.000000,5.000000,0.052419,0,0
1784415800.292960,ADAPTIVEQF,TRACKING,400,27.462295,36.356933,0.002210,-0.025306,4.960073,0.000000,0.000000,5.000000,0.047323,0,0
1784415800.342837,ADAPTIVEQF,TRACKING,400,27.398469,49.739501,0.007967,-0.025937,4.964911,0.000000,0.000000,5.000000,0.044355,0,0
1784415800.392956,ADAPTIVEQF,TRACKING,400,27.614219,36.562771,0.019478,-0.026270,4.974367,0.000000,0.000000,5.000000,0.041552,0,0
1784415800.442959,ADAPTIVEQF,TRACKING,400,27.468799,49.783091,0.026184,-0.025968,4.978892,0.000000,0.000000,5.000000,0.042491,0,0
1784415800.492953,ADAPTIVEQF,TRACKING,400,27.097576,35.757694,0.033158,-0.025003,4.984403,0.000000,0.000000,5.000000,0.044361,0,0
1784415800.543030,ADAPTIVEQF,TRACKING,400,26.046042,48.966043,0.036183,-0.024357,4.988027,0.000000,0.000000,5.000000,0.045231,0,0
1784415800.593028,ADAPTIVEQF,TRACKING,400,27.883722,36.944674,0.042261,-0.023327,4.993378,0.000000,0.000000,5.000000,0.048724,0,0
1784415800.642919,ADAPTIVEQF,TRACKING,400,28.267195,50.197654,0.046180,-0.022945,4.996832,0.000000,0.000000,5.000000,0.051663,0,0
1784415800.693010,ADAPTIVEQF,TRACKING,400,25.845898,34.899710,0.051919,-0.022840,4.999968,0.000000,0.000000,5.000000,0.056721,0,0
1784415800.742866,ADAPTIVEQF,TRACKING,400,27.870705,50.747355,0.054706,-0.024514,4.998379,0.000000,0.000000,5.000000,0.059970,0,0
1784415800.792837,ADAPTIVEQF,TRACKING,400,26.599768,35.435843,0.059744,-0.027339,4.993129,0.000000,0.000000,5.000000,0.066060,0,0
1784415800.842848,ADAPTIVEQF,TRACKING,400,27.042588,49.885096,0.061766,-0.029284,4.987866,0.000000,0.000000,5.000000,0.069425,0,0
1784415800.893094,ADAPTIVEQF,TRACKING,400,26.820546,35.870074,0.062587,-0.033030,4.980669,0.000000,0.000000,5.000000,0.073361,0,0
1784415800.942938,ADAPTIVEQF,TRACKING,400,27.022702,49.975575,0.062603,-0.034542,4.977521,0.000000,0.000000,5.000000,0.074951,0,0
1784415800.992837,ADAPTIVEQF,TRACKING,400,26.474510,35.317318,0.059224,-0.039105,4.969780,0.000000,0.000000,5.000000,0.077135,0,0
1784415801.042835,ADAPTIVEQF,TRACKING,400,27.686132,50.531624,0.056398,-0.041500,4.966217,0.000000,0.000000,5.000000,0.077745,0,0
1784415801.092848,ADAPTIVEQF,TRACKING,400,26.768479,35.565014,0.051957,-0.044287,4.960795,0.000000,0.000000,5.000000,0.078727,0,0
1784415801.142883,ADAPTIVEQF,TRACKING,400,27.220718,50.131180,0.049742,-0.045351,4.958121,0.000000,0.000000,5.000000,0.079277,0,0
1784415801.192875,ADAPTIVEQF,TRACKING,400,26.691990,35.545912,0.045092,-0.046621,4.954444,0.000000,0.000000,5.000000,0.079260,0,0
1784415801.242884,ADAPTIVEQF,TRACKING,400,27.176773,50.141555,0.039700,-0.047320,4.952061,0.000000,0.000000,5.000000,0.078188,0,0
1784415801.292875,ADAPTIVEQF,TRACKING,400,26.559569,35.450560,0.031255,-0.047055,4.948877,0.000000,0.000000,5.000000,0.076188,0,0
1784415801.342894,ADAPTIVEQF,TRACKING,400,26.638250,49.360544,0.026310,-0.047137,4.947459,0.000000,0.000000,5.000000,0.075330,0,0
1784415801.392856,ADAPTIVEQF,TRACKING,400,25.321771,33.896320,0.015493,-0.047522,4.945199,0.000000,0.000000,5.000000,0.074172,0,0
1784415801.442904,ADAPTIVEQF,TRACKING,400,26.231373,49.030231,0.009112,-0.046990,4.945510,0.000000,0.000000,5.000000,0.072528,0,0
1784415801.492872,ADAPTIVEQF,TRACKING,400,27.642470,36.242127,-0.002483,-0.044238,4.947792,0.000000,0.000000,5.000000,0.068475,0,0
1784415801.542892,ADAPTIVEQF,TRACKING,400,26.974877,49.249673,-0.007975,-0.042162,4.949322,0.000000,0.000000,5.000000,0.066404,0,0
1784415801.592890,ADAPTIVEQF,TRACKING,400,27.517498,36.229353,-0.015725,-0.036318,4.953605,0.000000,0.000000,5.000000,0.060982,0,0
1784415801.642893,ADAPTIVEQF,TRACKING,400,27.371331,49.746019,-0.017850,-0.031560,4.957445,0.000000,0.000000,5.000000,0.055907,0,0
1784415801.692898,ADAPTIVEQF,TRACKING,400,27.400220,36.296736,-0.020805,-0.024057,4.964320,0.000000,0.000000,5.000000,0.047798,0,0
1784415801.742892,ADAPTIVEQF,TRACKING,400,27.901625,50.405098,-0.021066,-0.020004,4.967945,0.000000,0.000000,5.000000,0.043261,0,0
1784415801.792958,ADAPTIVEQF,TRACKING,400,27.201941,36.038203,-0.021737,-0.012613,4.975989,0.000000,0.000000,5.000000,0.034758,0,0
1784415801.842957,ADAPTIVEQF,TRACKING,400,27.618241,50.345488,-0.021694,-0.007716,4.979748,0.000000,0.000000,5.000000,0.030664,0,0
1784415801.892955,ADAPTIVEQF,TRACKING,400,26.857728,35.805161,-0.020425,0.001096,4.986037,0.000000,0.000000,5.000000,0.024766,0,0
1784415801.942959,ADAPTIVEQF,TRACKING,400,27.682161,50.716711,-0.019677,0.005342,4.990052,0.000000,0.000000,5.000000,0.022686,0,0
1784415801.992897,ADAPTIVEQF,TRACKING,400,26.875202,35.795917,-0.016619,0.011925,4.994969,0.000000,0.000000,5.000000,0.021064,0,0
1784415802.042893,ADAPTIVEQF,TRACKING,400,28.119528,50.969440,-0.014245,0.015334,4.998211,0.000000,0.000000,5.000000,0.021006,0,0
1784415802.092980,ADAPTIVEQF,TRACKING,400,26.884744,35.815290,-0.008370,0.018818,4.999196,0.000000,0.000000,5.000000,0.020611,0,0
1784415802.142974,ADAPTIVEQF,TRACKING,400,28.045551,51.073175,-0.004449,0.019725,4.998142,0.000000,0.000000,5.000000,0.020306,0,0
1784415802.192960,ADAPTIVEQF,TRACKING,400,27.214886,36.186220,0.003523,0.021760,4.995290,0.000000,0.000000,5.000000,0.022541,0,0
1784415802.242967,ADAPTIVEQF,TRACKING,400,27.715260,50.437284,0.008008,0.021107,4.991557,0.000000,0.000000,5.000000,0.024102,0,0
1784415802.292970,ADAPTIVEQF,TRACKING,400,26.838733,35.703820,0.014750,0.020747,4.985840,0.000000,0.000000,5.000000,0.029129,0,0
1784415802.342982,ADAPTIVEQF,TRACKING,400,27.980645,51.004479,0.017371,0.020099,4.983572,0.000000,0.000000,5.000000,0.031235,0,0
1784415802.392892,ADAPTIVEQF,TRACKING,400,26.686511,35.304659,0.021094,0.018035,4.981825,0.000000,0.000000,5.000000,0.033174,0,0
1784415802.442902,ADAPTIVEQF,TRACKING,400,27.900042,50.804041,0.023075,0.016989,4.982124,0.000000,0.000000,5.000000,0.033773,0,0
1784415802.492967,ADAPTIVEQF,TRACKING,400,26.079140,34.855134,0.020951,0.011252,4.976053,0.000000,0.000000,5.000000,0.033749,0,0
1784415802.542974,ADAPTIVEQF,TRACKING,400,27.832553,50.806761,0.019657,0.008551,4.972951,0.000000,0.000000,5.000000,0.034513,0,0
1784415802.592965,ADAPTIVEQF,TRACKING,400,27.133366,35.970920,0.016967,0.003325,4.964294,0.000000,0.000000,5.000000,0.039672,0,0
1784415802.642986,ADAPTIVEQF,TRACKING,400,28.403034,51.206127,0.015065,-0.000242,4.958135,0.000000,0.000000,5.000000,0.044494,0,0
1784415802.692873,ADAPTIVEQF,TRACKING,400,26.800286,35.595137,0.012079,-0.005820,4.949464,0.000000,0.000000,5.000000,0.052285,0,0
1784415802.742911,ADAPTIVEQF,TRACKING,400,27.187641,50.102888,0.010080,-0.010354,4.946797,0.000000,0.000000,5.000000,0.055130,0,0
1784415802.792981,ADAPTIVEQF,TRACKING,400,27.754697,36.587034,0.005719,-0.019529,4.945761,0.000000,0.000000,5.000000,0.057931,0,0
1784415802.842896,ADAPTIVEQF,TRACKING,400,27.315656,49.372671,0.003661,-0.022564,4.946040,0.000000,0.000000,5.000000,0.058602,0,0
1784415802.892964,ADAPTIVEQF,TRACKING,400,27.365618,36.230204,-0.000583,-0.026707,4.950058,0.000000,0.000000,5.000000,0.056638,0,0
1784415802.942994,ADAPTIVEQF,TRACKING,400,27.709455,50.294949,-0.002449,-0.028247,4.952089,0.000000,0.000000,5.000000,0.055671,0,0
1784415802.992906,ADAPTIVEQF,TRACKING,400,27.152665,35.931722,-0.006169,-0.032104,4.957325,0.000000,0.000000,5.000000,0.053758,0,0
1784415803.042973,ADAPTIVEQF,TRACKING,400,28.596734,51.415566,-0.008260,-0.034274,4.961446,0.000000,0.000000,5.000000,0.052243,0,0
1784415803.092953,ADAPTIVEQF,TRACKING,400,25.825609,34.710008,-0.010451,-0.038910,4.968861,0.000000,0.000000,5.000000,0.050920,0,0
1784415803.142967,ADAPTIVEQF,TRACKING,400,27.557410,50.530386,-0.010992,-0.041778,4.972236,0.000000,0.000000,5.000000,0.051353,0,0
1784415803.192980,ADAPTIVEQF,TRACKING,400,27.032731,35.970877,-0.011713,-0.046856,4.976785,0.000000,0.000000,5.000000,0.053588,0,0
1784415803.242898,ADAPTIVEQF,TRACKING,400,28.214643,51.025232,-0.010519,-0.048558,4.973959,0.000000,0.000000,5.000000,0.056095,0,0
1784415803.292897,ADAPTIVEQF,TRACKING,400,27.140988,35.950570,-0.009022,-0.050853,4.971920,0.000000,0.000000,5.000000,0.058787,0,0
1784415803.342883,ADAPTIVEQF,TRACKING,400,29.004378,51.774204,-0.009448,-0.052434,4.974244,0.000000,0.000000,5.000000,0.059177,0,0
1784415803.392848,ADAPTIVEQF,TRACKING,400,26.738213,35.564724,-0.012214,-0.055680,4.982559,0.000000,0.000000,5.000000,0.059612,0,0
1784415803.442893,ADAPTIVEQF,TRACKING,400,27.337606,50.201434,-0.013898,-0.056701,4.986528,0.000000,0.000000,5.000000,0.059914,0,0
1784415803.492860,ADAPTIVEQF,TRACKING,400,26.470308,35.307353,-0.014007,-0.054007,4.989787,0.000000,0.000000,5.000000,0.056721,0,0
1784415803.543018,ADAPTIVEQF,TRACKING,400,27.575856,50.538028,-0.013872,-0.052141,4.991579,0.000000,0.000000,5.000000,0.054608,0,0
1784415803.593190,ADAPTIVEQF,TRACKING,400,26.895970,36.077547,-0.013226,-0.047920,4.996726,0.000000,0.000000,5.000000,0.049819,0,0
1784415803.643095,ADAPTIVEQF,TRACKING,400,27.589169,50.516415,-0.012596,-0.045197,5.001142,0.000000,0.000000,5.000000,0.046934,0,0
1784415803.692877,ADAPTIVEQF,TRACKING,400,26.801544,35.634104,-0.011622,-0.041165,5.005204,0.000000,0.000000,5.000000,0.043089,0,0
1784415803.742908,ADAPTIVEQF,TRACKING,400,27.412941,50.314162,-0.012421,-0.040211,5.003956,0.000000,0.000000,5.000000,0.042271,0,0
1784415803.792969,ADAPTIVEQF,TRACKING,400,27.336006,36.230188,-0.013814,-0.037858,5.003691,0.000000,0.000000,5.000000,0.040468,0,0
1784415803.842889,ADAPTIVEQF,TRACKING,400,27.206207,49.701996,-0.014761,-0.036312,5.004180,0.000000,0.000000,5.000000,0.039420,0,0
1784415803.892948,ADAPTIVEQF,TRACKING,400,28.025871,36.897771,-0.016506,-0.033936,5.003377,0.000000,0.000000,5.000000,0.037888,0,0
1784415803.942990,ADAPTIVEQF,TRACKING,400,26.635042,48.577272,-0.017129,-0.032416,5.005104,0.000000,0.000000,5.000000,0.037017,0,0
1784415803.992858,ADAPTIVEQF,TRACKING,400,27.420321,36.094208,-0.021322,-0.027609,5.008745,0.000000,0.000000,5.000000,0.035963,0,0
1784415804.042892,ADAPTIVEQF,TRACKING,400,27.463841,49.922661,-0.024158,-0.023880,5.010481,0.000000,0.000000,5.000000,0.035549,0,0
1784415804.092921,ADAPTIVEQF,TRACKING,400,26.424319,35.247116,-0.027038,-0.018730,5.011051,0.000000,0.000000,5.000000,0.034699,0,0
1784415804.142995,ADAPTIVEQF,TRACKING,400,27.292135,50.249410,-0.027800,-0.016596,5.011587,0.000000,0.000000,5.000000,0.034388,0,0
1784415804.192912,ADAPTIVEQF,TRACKING,400,26.792131,35.663954,-0.028912,-0.012311,5.013279,0.000000,0.000000,5.000000,0.034114,0,0
1784415804.242986,ADAPTIVEQF,TRACKING,400,27.178625,50.009169,-0.031263,-0.008629,5.014988,0.000000,0.000000,5.000000,0.035728,0,0
1784415804.292977,ADAPTIVEQF,TRACKING,400,27.072962,36.068856,-0.033963,-0.002963,5.015879,0.000000,0.000000,5.000000,0.037608,0,0
1784415804.342921,ADAPTIVEQF,TRACKING,400,27.239060,50.021409,-0.035592,-0.000565,5.015662,0.000000,0.000000,5.000000,0.038889,0,0
1784415804.392977,ADAPTIVEQF,TRACKING,400,26.630733,35.474414,-0.039449,0.003549,5.012341,0.000000,0.000000,5.000000,0.041486,0,0
1784415804.442984,ADAPTIVEQF,TRACKING,400,27.317133,50.319979,-0.041155,0.006468,5.008364,0.000000,0.000000,5.000000,0.042492,0,0
1784415804.492912,ADAPTIVEQF,TRACKING,400,27.355136,36.238713,-0.040093,0.014877,5.000041,0.000000,0.000000,5.000000,0.042764,0,0
1784415804.542981,ADAPTIVEQF,TRACKING,400,27.237079,49.876516,-0.039027,0.019288,4.996728,0.000000,0.000000,5.000000,0.043656,0,0
1784415804.592868,ADAPTIVEQF,TRACKING,400,25.782187,34.588858,-0.035540,0.027440,4.989039,0.000000,0.000000,5.000000,0.046219,0,0
1784415804.642914,ADAPTIVEQF,TRACKING,400,28.171928,51.113437,-0.032305,0.031987,4.984574,0.000000,0.000000,5.000000,0.048008,0,0
1784415804.692982,ADAPTIVEQF,TRACKING,400,26.782072,35.595898,-0.027386,0.039606,4.980776,0.000000,0.000000,5.000000,0.051848,0,0
1784415804.742923,ADAPTIVEQF,TRACKING,400,28.354087,51.296759,-0.024473,0.044362,4.979928,0.000000,0.000000,5.000000,0.054495,0,0
1784415804.792862,ADAPTIVEQF,TRACKING,400,26.521619,35.385885,-0.019356,0.052888,4.979759,0.000000,0.000000,5.000000,0.059846,0,0
1784415804.842976,ADAPTIVEQF,TRACKING,400,27.836366,50.832227,-0.017278,0.056154,4.978559,0.000000,0.000000,5.000000,0.062543,0,0
1784415804.892910,ADAPTIVEQF,TRACKING,400,27.443448,36.384168,-0.015858,0.057784,4.976167,0.000000,0.000000,5.000000,0.064486,0,0
1784415804.942992,ADAPTIVEQF,TRACKING,400,27.642795,50.196284,-0.014960,0.058495,4.974907,0.000000,0.000000,5.000000,0.065384,0,0
1784415804.992916,ADAPTIVEQF,TRACKING,400,27.086072,35.907164,-0.012358,0.054705,4.970147,0.000000,0.000000,5.000000,0.063534,0,0
1784415805.042913,ADAPTIVEQF,TRACKING,400,27.866770,50.673368,-0.010753,0.051477,4.967202,0.000000,0.000000,5.000000,0.061978,0,0
1784415805.092904,ADAPTIVEQF,TRACKING,400,27.590593,36.477064,-0.006770,0.044807,4.961514,0.000000,0.000000,5.000000,0.059453,0,0
1784415805.143002,ADAPTIVEQF,TRACKING,400,28.113019,50.537540,-0.004142,0.040892,4.957544,0.000000,0.000000,5.000000,0.059091,0,0
1784415805.192919,ADAPTIVEQF,TRACKING,400,26.810110,35.627016,0.000701,0.033607,4.948650,0.000000,0.000000,5.000000,0.061374,0,0
1784415805.242978,ADAPTIVEQF,TRACKING,400,27.641435,50.676479,0.003467,0.028602,4.942993,0.000000,0.000000,5.000000,0.063874,0,0
1784415805.292897,ADAPTIVEQF,TRACKING,400,26.959531,35.749765,0.008095,0.021059,4.937665,0.000000,0.000000,5.000000,0.066292,0,0
1784415805.342904,ADAPTIVEQF,TRACKING,400,27.542217,50.445198,0.010794,0.017914,4.938426,0.000000,0.000000,5.000000,0.065029,0,0
1784415805.392912,ADAPTIVEQF,TRACKING,400,27.176172,36.028465,0.016516,0.012833,4.944534,0.000000,0.000000,5.000000,0.059278,0,0
1784415805.442927,ADAPTIVEQF,TRACKING,400,27.456208,50.186238,0.019525,0.009592,4.950624,0.000000,0.000000,5.000000,0.053956,0,0
1784415805.492989,ADAPTIVEQF,TRACKING,400,27.294980,36.269582,0.022707,0.001412,4.958753,0.000000,0.000000,5.000000,0.047106,0,0
1784415805.542927,ADAPTIVEQF,TRACKING,400,28.185740,50.754489,0.024119,-0.002657,4.963765,0.000000,0.000000,5.000000,0.043610,0,0
1784415805.592996,ADAPTIVEQF,TRACKING,400,26.966343,35.954284,0.027389,-0.010630,4.973660,0.000000,0.000000,5.000000,0.039458,0,0
1784415805.642996,ADAPTIVEQF,TRACKING,400,28.008575,50.960713,0.030005,-0.015737,4.977893,0.000000,0.000000,5.000000,0.040456,0,0
1784415805.692922,ADAPTIVEQF,TRACKING,400,25.736882,34.588374,0.033323,-0.022590,4.983688,0.000000,0.000000,5.000000,0.043437,0,0
1784415805.742917,ADAPTIVEQF,TRACKING,400,28.075444,50.982230,0.034040,-0.024815,4.982193,0.000000,0.000000,5.000000,0.045734,0,0
1784415805.792990,ADAPTIVEQF,TRACKING,400,27.386005,36.274640,0.034730,-0.028964,4.979558,0.000000,0.000000,5.000000,0.049628,0,0
1784415805.842996,ADAPTIVEQF,TRACKING,400,27.478963,50.001568,0.035019,-0.031673,4.974944,0.000000,0.000000,5.000000,0.053454,0,0
1784415805.892998,ADAPTIVEQF,TRACKING,400,27.248192,36.207609,0.035549,-0.036180,4.965066,0.000000,0.000000,5.000000,0.061588,0,0
1784415805.942995,ADAPTIVEQF,TRACKING,400,27.759303,50.424125,0.035804,-0.038046,4.961257,0.000000,0.000000,5.000000,0.065042,0,0
1784415805.992991,ADAPTIVEQF,TRACKING,400,27.376703,36.223812,0.034193,-0.042343,4.954435,0.000000,0.000000,5.000000,0.070981,0,0
