epoch_sec,mode,phase,N,mppi_call_ms,state_to_command_latency_ms,pos_x,pos_y,pos_z,target_x,target_y,target_z,pos_error_m,deadline_miss
1784324270.103271,FIXED400,TAKEOFF,0,0.000000,7.278799,0.053301,-0.044809,1.266836,0.051711,-0.043266,1.322207,0.055415,0
1784324270.153341,FIXED400,TAKEOFF,0,0.000000,22.265051,0.054647,-0.046046,1.262025,0.051711,-0.043266,1.384425,0.122467,0
1784324270.203274,FIXED400,TAKEOFF,0,0.000000,7.669103,0.057171,-0.049594,1.254164,0.051711,-0.043266,1.446472,0.192489,0
1784324270.253319,FIXED400,TAKEOFF,0,0.000000,22.294065,0.058876,-0.053075,1.250550,0.051711,-0.043266,1.508660,0.258396,0
1784324270.303263,FIXED400,TAKEOFF,0,0.000000,7.768539,0.061248,-0.057286,1.245921,0.051711,-0.043266,1.570720,0.325242,0
1784324270.353322,FIXED400,TAKEOFF,0,0.000000,22.268612,0.062787,-0.058235,1.244961,0.051711,-0.043266,1.632926,0.388412,0
1784324270.403269,FIXED400,TAKEOFF,0,0.000000,7.699098,0.065434,-0.059548,1.243196,0.051711,-0.043266,1.694991,0.452296,0
1784324270.453316,FIXED400,TAKEOFF,0,0.000000,22.234125,0.066532,-0.060195,1.242471,0.051711,-0.043266,1.757182,0.515202,0
1784324270.503262,FIXED400,TAKEOFF,0,0.000000,7.722495,0.067214,-0.061088,1.241996,0.051711,-0.043266,1.819245,0.577731,0
1784324270.553321,FIXED400,TAKEOFF,0,0.000000,22.254241,0.067388,-0.061269,1.241809,0.051711,-0.043266,1.881450,0.640086,0
1784324270.603272,FIXED400,TAKEOFF,0,0.000000,7.612958,0.068300,-0.061068,1.247669,0.051711,-0.043266,1.943521,0.696277,0
1784324270.653312,FIXED400,TAKEOFF,0,0.000000,22.244735,0.068780,-0.060570,1.252013,0.051711,-0.043266,2.005702,0.754081,0
1784324270.703274,FIXED400,TAKEOFF,0,0.000000,7.832896,0.069123,-0.058993,1.257878,0.051711,-0.043266,2.067785,0.810247,0
1784324270.753324,FIXED400,TAKEOFF,0,0.000000,22.239241,0.069112,-0.057910,1.260397,0.051711,-0.043266,2.129980,0.869880,0
1784324270.803288,FIXED400,TAKEOFF,0,0.000000,7.801492,0.068791,-0.055578,1.264691,0.051711,-0.043266,2.192066,0.927614,0
1784324270.853315,FIXED400,TAKEOFF,0,0.000000,22.259598,0.068624,-0.055560,1.270801,0.051711,-0.043266,2.254231,0.983652,0
1784324270.903275,FIXED400,TAKEOFF,0,0.000000,7.564177,0.068037,-0.055157,1.279121,0.051711,-0.043266,2.316313,1.037388,0
1784324270.953301,FIXED400,TAKEOFF,0,0.000000,22.271595,0.068101,-0.054623,1.282194,0.051711,-0.043266,2.378477,1.096464,0
1784324271.003263,FIXED400,TAKEOFF,0,0.000000,7.909537,0.068734,-0.053074,1.286428,0.051711,-0.043266,2.440560,1.154300,0
1784324271.053332,FIXED400,TAKEOFF,0,0.000000,22.237734,0.068899,-0.052053,1.288625,0.051711,-0.043266,2.502777,1.214306,0
1784324271.103268,FIXED400,TAKEOFF,0,0.000000,7.727280,0.068183,-0.048729,1.294027,0.051711,-0.043266,2.564829,1.270921,0
1784324271.153318,FIXED400,TAKEOFF,0,0.000000,22.209644,0.067695,-0.046939,1.296576,0.051711,-0.043266,2.627024,1.330549,0
1784324271.203281,FIXED400,TAKEOFF,0,0.000000,7.868725,0.066457,-0.043249,1.302402,0.051711,-0.043266,2.689109,1.386785,0
1784324271.253334,FIXED400,TAKEOFF,0,0.000000,22.186826,0.065504,-0.040902,1.306903,0.051711,-0.043266,2.751307,1.444472,0
1784324271.303273,FIXED400,TAKEOFF,0,0.000000,7.747024,0.063861,-0.037852,1.312193,0.051711,-0.043266,2.813361,1.501227,0
1784324271.353331,FIXED400,TAKEOFF,0,0.000000,22.214202,0.062784,-0.038750,1.311435,0.051711,-0.043266,2.875566,1.564176,0
1784324271.403267,FIXED400,TAKEOFF,0,0.000000,7.662677,0.060588,-0.039933,1.309951,0.051711,-0.043266,2.937617,1.627693,0
1784324271.453318,FIXED400,TAKEOFF,0,0.000000,22.207066,0.059559,-0.041706,1.311808,0.051711,-0.043266,2.999811,1.688022,0
1784324271.503292,FIXED400,TAKEOFF,0,0.000000,7.722491,0.058775,-0.046871,1.320387,0.051711,-0.043266,3.061909,1.741540,0
1784324271.553305,FIXED400,TAKEOFF,0,0.000000,22.213401,0.058323,-0.048916,1.324152,0.051711,-0.043266,3.124058,1.799927,0
1784324271.603291,FIXED400,TAKEOFF,0,0.000000,7.869917,0.062037,-0.051775,1.333233,0.051711,-0.043266,3.186171,1.852987,0
1784324271.653315,FIXED400,TAKEOFF,0,0.000000,22.189305,0.064964,-0.053115,1.338720,0.051711,-0.043266,3.248332,1.909684,0
1784324271.703306,FIXED400,TAKEOFF,0,0.000000,7.734901,0.068544,-0.055738,1.348408,0.051711,-0.043266,3.310453,1.962157,0
1784324271.753317,FIXED400,TAKEOFF,0,0.000000,22.292641,0.069878,-0.057242,1.353608,0.051711,-0.043266,3.372598,2.019121,0
1784324271.803265,FIXED400,TAKEOFF,0,0.000000,7.838999,0.072096,-0.059798,1.362713,0.051711,-0.043266,3.434664,2.072117,0
1784324271.853329,FIXED400,TAKEOFF,0,0.000000,22.210894,0.074341,-0.062060,1.364930,0.051711,-0.043266,3.496877,2.132150,0
1784324271.903264,FIXED400,TAKEOFF,0,0.000000,7.742239,0.077263,-0.065010,1.368005,0.051711,-0.043266,3.558925,2.191177,0
1784324271.953325,FIXED400,TAKEOFF,0,0.000000,22.144928,0.078759,-0.066720,1.370183,0.051711,-0.043266,3.621135,2.251237,0
1784324272.003274,FIXED400,TAKEOFF,0,0.000000,7.904864,0.081784,-0.070493,1.375366,0.051711,-0.043266,3.683201,2.308191,0
1784324272.053314,FIXED400,TAKEOFF,0,0.000000,22.228693,0.083375,-0.072455,1.378096,0.051711,-0.043266,3.745383,2.367679,0
1784324272.103276,FIXED400,TAKEOFF,0,0.000000,7.904821,0.081568,-0.075256,1.383527,0.051711,-0.043266,3.807466,2.424334,0
1784324272.153330,FIXED400,TAKEOFF,0,0.000000,22.329974,0.080385,-0.076484,1.385997,0.051711,-0.043266,3.869667,2.484058,0
1784324272.203281,FIXED400,TAKEOFF,0,0.000000,7.774921,0.079080,-0.080069,1.390130,0.051711,-0.043266,3.931736,2.542020,0
1784324272.253325,FIXED400,TAKEOFF,0,0.000000,22.242970,0.079229,-0.083504,1.392209,0.051711,-0.043266,3.993923,2.602170,0
1784324272.303292,FIXED400,TAKEOFF,0,0.000000,7.775781,0.079157,-0.088888,1.395177,0.051711,-0.043266,4.056026,2.661382,0
1784324272.353333,FIXED400,TAKEOFF,0,0.000000,22.152540,0.078810,-0.093176,1.396942,0.051711,-0.043266,4.118195,2.721846,0
1784324272.403275,FIXED400,TAKEOFF,0,0.000000,7.713942,0.077917,-0.100747,1.400146,0.051711,-0.043266,4.180253,2.780824,0
1784324272.453314,FIXED400,TAKEOFF,0,0.000000,22.257085,0.077179,-0.104374,1.401335,0.051711,-0.043266,4.242433,2.841869,0
1784324272.503275,FIXED400,TAKEOFF,0,0.000000,7.695504,0.075527,-0.108578,1.401838,0.051711,-0.043266,4.304516,2.903510,0
1784324272.553323,FIXED400,TAKEOFF,0,0.000000,22.182728,0.074598,-0.110462,1.402196,0.051711,-0.043266,4.366708,2.965362,0
1784324272.603267,FIXED400,TAKEOFF,0,0.000000,7.812487,0.075487,-0.111112,1.397485,0.051711,-0.043266,4.428769,3.032137,0
1784324272.653303,FIXED400,TAKEOFF,0,0.000000,22.244692,0.076320,-0.110903,1.393968,0.051711,-0.043266,4.490945,3.097813,0
1784324272.703281,FIXED400,TAKEOFF,0,0.000000,7.965305,0.076615,-0.108750,1.389301,0.051711,-0.043266,4.553050,3.164524,0
1784324272.753336,FIXED400,TAKEOFF,0,0.000000,22.229181,0.076322,-0.106949,1.387385,0.051711,-0.043266,4.615250,3.228587,0
1784324272.803271,FIXED400,TAKEOFF,0,0.000000,7.987049,0.075432,-0.103914,1.384158,0.051711,-0.043266,4.677300,3.293786,0
1784324272.853329,FIXED400,TAKEOFF,0,0.000000,22.245975,0.073931,-0.099499,1.386718,0.051711,-0.043266,4.739503,3.353331,0
1784324272.903318,FIXED400,TAKEOFF,0,0.000000,7.749105,0.071577,-0.093612,1.390424,0.051711,-0.043266,4.801621,3.411626,0
1784324272.953310,FIXED400,TAKEOFF,0,0.000000,22.229768,0.070448,-0.091558,1.390575,0.051711,-0.043266,4.863743,3.473554,0
1784324273.003312,FIXED400,TAKEOFF,0,0.000000,7.947156,0.068146,-0.088826,1.388131,0.051711,-0.043266,4.925877,3.538077,0
1784324273.053331,FIXED400,TAKEOFF,0,0.000000,22.352497,0.066717,-0.087421,1.386924,0.051711,-0.043266,4.988032,3.601409,0
1784324273.103280,FIXED400,WAITING,0,0.000000,7.589844,0.064014,-0.083097,1.391700,0.051711,-0.043266,5.000000,3.608541,0
1784324273.153337,FIXED400,WAITING,0,0.000000,22.233656,0.062622,-0.081030,1.394305,0.000000,0.000000,5.000000,3.607149,0
1784324273.203269,FIXED400,TRACKING,400,26.604738,33.922559,0.060191,-0.077876,1.401090,0.000000,0.000000,5.000000,3.600256,0
1784324273.253330,FIXED400,TRACKING,400,29.140964,51.571291,0.058984,-0.076434,1.406872,0.000000,0.000000,5.000000,3.594425,0
1784324273.303264,FIXED400,TRACKING,400,26.442436,34.610462,0.056930,-0.074779,1.414431,0.000000,0.000000,5.000000,3.586801,0
1784324273.353418,FIXED400,TRACKING,400,28.542362,50.961227,0.055730,-0.075222,1.415880,0.000000,0.000000,5.000000,3.585342,0
1784324273.403316,FIXED400,TRACKING,400,26.840477,35.094528,0.053206,-0.076079,1.418548,0.000000,0.000000,5.000000,3.582655,0
1784324273.453326,FIXED400,TRACKING,400,28.383564,50.811427,0.052060,-0.076578,1.417864,0.000000,0.000000,5.000000,3.583333,0
1784324273.503394,FIXED400,TRACKING,400,27.235472,35.538077,0.050913,-0.077370,1.412213,0.000000,0.000000,5.000000,3.588983,0
1784324273.553329,FIXED400,TRACKING,400,27.055619,49.297086,0.050105,-0.077672,1.409824,0.000000,0.000000,5.000000,3.591365,0
1784324273.603307,FIXED400,TRACKING,400,27.416344,35.639104,0.051782,-0.076833,1.402174,0.000000,0.000000,5.000000,3.599019,0
1784324273.653332,FIXED400,TRACKING,400,27.587074,49.993290,0.053068,-0.076043,1.397395,0.000000,0.000000,5.000000,3.603798,0
1784324273.703285,FIXED400,TRACKING,400,26.696811,34.814941,0.055124,-0.075323,1.388349,0.000000,0.000000,5.000000,3.612857,0
1784324273.753409,FIXED400,TRACKING,400,26.928121,48.918473,0.056151,-0.075139,1.383231,0.000000,0.000000,5.000000,3.617985,0
1784324273.803269,FIXED400,TRACKING,400,26.901179,34.867498,0.057690,-0.074648,1.374220,0.000000,0.000000,5.000000,3.627008,0
1784324273.853334,FIXED400,TRACKING,400,27.424624,49.822539,0.057583,-0.077493,1.370076,0.000000,0.000000,5.000000,3.631208,0
1784324273.903336,FIXED400,TRACKING,400,28.115302,36.363701,0.057148,-0.081472,1.364280,0.000000,0.000000,5.000000,3.637082,0
1784324273.953339,FIXED400,TRACKING,400,26.938110,48.760097,0.057071,-0.084047,1.362322,0.000000,0.000000,5.000000,3.639096,0
1784324274.003277,FIXED400,TRACKING,400,27.971811,36.039482,0.057286,-0.089998,1.359873,0.000000,0.000000,5.000000,3.641690,0
1784324274.053323,FIXED400,TRACKING,400,27.650242,49.654067,0.057380,-0.093020,1.358532,0.000000,0.000000,5.000000,3.643108,0
1784324274.103307,FIXED400,TRACKING,400,26.380237,34.593392,0.057992,-0.097096,1.354713,0.000000,0.000000,5.000000,3.647041,0
1784324274.153418,FIXED400,TRACKING,400,28.442866,50.928804,0.058185,-0.098773,1.352947,0.000000,0.000000,5.000000,3.648854,0
1784324274.203331,FIXED400,TRACKING,400,27.213436,35.564740,0.059313,-0.102836,1.351503,0.000000,0.000000,5.000000,3.650428,0
1784324274.253340,FIXED400,TRACKING,400,27.952418,50.418058,0.060922,-0.106223,1.352339,0.000000,0.000000,5.000000,3.649716,0
1784324274.303322,FIXED400,TRACKING,400,27.293351,35.496818,0.062989,-0.110846,1.354696,0.000000,0.000000,5.000000,3.647532,0
1784324274.353333,FIXED400,TRACKING,400,27.776703,50.174858,0.064549,-0.113112,1.359710,0.000000,0.000000,5.000000,3.642619,0
1784324274.403288,FIXED400,TRACKING,400,27.715581,35.866040,0.067007,-0.116926,1.368441,0.000000,0.000000,5.000000,3.634059,0
1784324274.453336,FIXED400,TRACKING,400,27.880648,50.132620,0.066815,-0.119645,1.373814,0.000000,0.000000,5.000000,3.628775,0
1784324274.503283,FIXED400,TRACKING,400,26.739327,35.030768,0.063571,-0.125230,1.382742,0.000000,0.000000,5.000000,3.619984,0
1784324274.553330,FIXED400,TRACKING,400,28.155076,50.497859,0.062013,-0.127757,1.386673,0.000000,0.000000,5.000000,3.616117,0
1784324274.603276,FIXED400,TRACKING,400,26.655040,34.917445,0.062103,-0.130664,1.391496,0.000000,0.000000,5.000000,3.611403,0
1784324274.653342,FIXED400,TRACKING,400,27.537577,49.803402,0.062601,-0.132013,1.393763,0.000000,0.000000,5.000000,3.609195,0
1784324274.703344,FIXED400,TRACKING,400,28.093359,36.349599,0.065215,-0.135789,1.398339,0.000000,0.000000,5.000000,3.604809,0
1784324274.753399,FIXED400,TRACKING,400,27.938214,49.815832,0.067236,-0.138379,1.401023,0.000000,0.000000,5.000000,3.602264,0
1784324274.803305,FIXED400,TRACKING,400,27.258511,35.356256,0.070667,-0.143217,1.405792,0.000000,0.000000,5.000000,3.597754,0
1784324274.853334,FIXED400,TRACKING,400,26.371822,48.846125,0.069921,-0.146838,1.410022,0.000000,0.000000,5.000000,3.593660,0
1784324274.903273,FIXED400,TRACKING,400,27.104130,35.318852,0.068714,-0.151933,1.416016,0.000000,0.000000,5.000000,3.587861,0
1784324274.953333,FIXED400,TRACKING,400,28.030818,50.459508,0.068260,-0.154318,1.417113,0.000000,0.000000,5.000000,3.586858,0
1784324275.003291,FIXED400,TRACKING,400,26.862177,35.048254,0.067449,-0.158693,1.416233,0.000000,0.000000,5.000000,3.587913,0
1784324275.053339,FIXED400,TRACKING,400,27.935130,50.374072,0.066750,-0.161147,1.415831,0.000000,0.000000,5.000000,3.588410,0
1784324275.103290,FIXED400,TRACKING,400,27.075938,35.180264,0.066402,-0.162397,1.412470,0.000000,0.000000,5.000000,3.591818,0
1784324275.153418,FIXED400,TRACKING,400,27.952185,50.450322,0.066480,-0.162885,1.410995,0.000000,0.000000,5.000000,3.593314,0
1784324275.203329,FIXED400,TRACKING,400,27.181112,35.454943,0.067410,-0.163221,1.407500,0.000000,0.000000,5.000000,3.596838,0
1784324275.253350,FIXED400,TRACKING,400,27.704467,50.174124,0.068820,-0.162742,1.404763,0.000000,0.000000,5.000000,3.599577,0
1784324275.303433,FIXED400,TRACKING,400,28.423290,36.776245,0.072766,-0.160835,1.403869,0.000000,0.000000,5.000000,3.600461,0
1784324275.353341,FIXED400,TRACKING,400,26.956260,48.363985,0.074446,-0.158051,1.407462,0.000000,0.000000,5.000000,3.596783,0
1784324275.403311,FIXED400,TRACKING,400,27.685715,35.877591,0.078521,-0.153113,1.416924,0.000000,0.000000,5.000000,3.587205,0
1784324275.453409,FIXED400,TRACKING,400,26.402634,48.754027,0.081667,-0.149082,1.425952,0.000000,0.000000,5.000000,3.578088,0
1784324275.503345,FIXED400,TRACKING,400,27.561789,35.697896,0.087909,-0.140142,1.447501,0.000000,0.000000,5.000000,3.556349,0
1784324275.553355,FIXED400,TRACKING,400,27.589280,49.947118,0.091612,-0.135766,1.461463,0.000000,0.000000,5.000000,3.542325,0
1784324275.603311,FIXED400,TRACKING,400,27.923745,36.096093,0.103284,-0.127152,1.495623,0.000000,0.000000,5.000000,3.508204,0
1784324275.653337,FIXED400,TRACKING,400,27.652889,49.673921,0.111762,-0.121830,1.521071,0.000000,0.000000,5.000000,3.482855,0
1784324275.703301,FIXED400,TRACKING,400,26.997219,35.166485,0.126281,-0.112973,1.568320,0.000000,0.000000,5.000000,3.435861,0
1784324275.753335,FIXED400,TRACKING,400,27.684644,50.014651,0.134073,-0.107919,1.595444,0.000000,0.000000,5.000000,3.408904,0
1784324275.803283,FIXED400,TRACKING,400,26.450799,34.644294,0.149877,-0.095972,1.654813,0.000000,0.000000,5.000000,3.349918,0
1784324275.853344,FIXED400,TRACKING,400,28.041710,50.375770,0.162217,-0.083490,1.698541,0.000000,0.000000,5.000000,3.306497,0
1784324275.903329,FIXED400,TRACKING,400,26.695434,35.008748,0.180301,-0.062973,1.771294,0.000000,0.000000,5.000000,3.234349,0
1784324275.953324,FIXED400,TRACKING,400,27.714498,50.021669,0.189737,-0.051808,1.807888,0.000000,0.000000,5.000000,3.198165,0
1784324276.003314,FIXED400,TRACKING,400,27.131320,35.257803,0.209704,-0.027949,1.880497,0.000000,0.000000,5.000000,3.126668,0
1784324276.053338,FIXED400,TRACKING,400,27.731060,50.147003,0.221424,-0.013094,1.926455,0.000000,0.000000,5.000000,3.081538,0
1784324276.103306,FIXED400,TRACKING,400,27.500144,35.569835,0.241467,0.011166,1.998590,0.000000,0.000000,5.000000,3.011128,0
1784324276.153275,FIXED400,TRACKING,400,26.485077,48.854715,0.250594,0.023053,2.035295,0.000000,0.000000,5.000000,2.975367,0
1784324276.203328,FIXED400,TRACKING,400,26.780778,35.172549,0.265535,0.045685,2.111347,0.000000,0.000000,5.000000,2.901191,0
1784324276.253275,FIXED400,TRACKING,400,24.997922,47.393252,0.271915,0.059193,2.162809,0.000000,0.000000,5.000000,2.850806,0
1784324276.303289,FIXED400,TRACKING,400,27.613712,35.896561,0.278262,0.079675,2.246312,0.000000,0.000000,5.000000,2.768858,0
1784324276.353286,FIXED400,TRACKING,400,27.186728,49.453451,0.277990,0.089551,2.287890,0.000000,0.000000,5.000000,2.727790,0
1784324276.403285,FIXED400,TRACKING,400,24.738973,30.775528,0.276150,0.107512,2.372276,0.000000,0.000000,5.000000,2.644381,0
1784324276.453277,FIXED400,TRACKING,400,24.469599,46.252772,0.273354,0.117813,2.424538,0.000000,0.000000,5.000000,2.592606,0
1784324276.503325,FIXED400,TRACKING,400,24.779003,33.242852,0.265400,0.132620,2.506641,0.000000,0.000000,5.000000,2.510949,0
1784324276.553314,FIXED400,TRACKING,400,25.736070,44.473956,0.261007,0.138702,2.547766,0.000000,0.000000,5.000000,2.469983,0
1784324276.603323,FIXED400,TRACKING,400,26.347741,33.560387,0.253392,0.145221,2.630371,0.000000,0.000000,5.000000,2.387559,0
1784324276.653313,FIXED400,TRACKING,400,23.807366,39.396991,0.247981,0.148265,2.682012,0.000000,0.000000,5.000000,2.335925,0
1784324276.703287,FIXED400,TRACKING,400,26.662415,33.452074,0.236596,0.151813,2.769221,0.000000,0.000000,5.000000,2.248421,0
1784324276.753277,FIXED400,TRACKING,400,24.710995,42.809359,0.229893,0.153302,2.814431,0.000000,0.000000,5.000000,2.202967,0
1784324276.803282,FIXED400,TRACKING,400,24.405043,31.273751,0.216362,0.157265,2.904466,0.000000,0.000000,5.000000,2.112536,0
1784324276.853329,FIXED400,TRACKING,400,26.098613,43.200823,0.208260,0.162934,2.960438,0.000000,0.000000,5.000000,2.056632,0
1784324276.903335,FIXED400,TRACKING,400,26.597049,34.902629,0.195138,0.171614,3.050893,0.000000,0.000000,5.000000,1.966354,0
1784324276.953346,FIXED400,TRACKING,400,27.375145,49.849901,0.188715,0.175579,3.095375,0.000000,0.000000,5.000000,1.921988,0
1784324277.003287,FIXED400,TRACKING,400,26.208701,34.503546,0.176086,0.182798,3.183319,0.000000,0.000000,5.000000,1.834326,0
1784324277.053332,FIXED400,TRACKING,400,28.327224,50.770474,0.167851,0.186482,3.239169,0.000000,0.000000,5.000000,1.778616,0
1784324277.103287,FIXED400,TRACKING,400,25.263639,33.435528,0.151445,0.190728,3.324691,0.000000,0.000000,5.000000,1.692918,0
1784324277.153332,FIXED400,TRACKING,400,25.188321,47.656958,0.143338,0.192091,3.367972,0.000000,0.000000,5.000000,1.649533,0
1784324277.203288,FIXED400,TRACKING,400,27.139629,35.294549,0.127968,0.192179,3.455683,0.000000,0.000000,5.000000,1.561482,0
1784324277.253421,FIXED400,TRACKING,400,27.742009,50.145951,0.118849,0.190276,3.511173,0.000000,0.000000,5.000000,1.505635,0
1784324277.303331,FIXED400,TRACKING,400,26.858274,35.190565,0.105483,0.187034,3.601695,0.000000,0.000000,5.000000,1.414696,0
1784324277.353415,FIXED400,TRACKING,400,27.068251,49.524460,0.099921,0.186634,3.649909,0.000000,0.000000,5.000000,1.366587,0
1784324277.403318,FIXED400,TRACKING,400,26.977025,35.303141,0.089229,0.184935,3.746547,0.000000,0.000000,5.000000,1.270160,0
1784324277.453413,FIXED400,TRACKING,400,27.805909,50.295022,0.083998,0.183721,3.806029,0.000000,0.000000,5.000000,1.210940,0
1784324277.503363,FIXED400,TRACKING,400,26.028511,34.392016,0.078384,0.181652,3.899867,0.000000,0.000000,5.000000,1.117781,0
1784324277.553418,FIXED400,TRACKING,400,28.061742,50.537858,0.075272,0.180294,3.946846,0.000000,0.000000,5.000000,1.071123,0
1784324277.603410,FIXED400,TRACKING,400,26.535307,34.813940,0.069315,0.179824,4.033859,0.000000,0.000000,5.000000,0.985175,0
1784324277.653345,FIXED400,TRACKING,400,27.160138,49.578673,0.065464,0.179243,4.087001,0.000000,0.000000,5.000000,0.932727,0
1784324277.703333,FIXED400,TRACKING,400,27.023223,35.226055,0.059408,0.174472,4.174845,0.000000,0.000000,5.000000,0.845489,0
1784324277.753424,FIXED400,TRACKING,400,26.906316,49.417877,0.056434,0.170499,4.219798,0.000000,0.000000,5.000000,0.800606,0
1784324277.803342,FIXED400,TRACKING,400,27.561153,35.715661,0.050115,0.161714,4.308195,0.000000,0.000000,5.000000,0.712220,0
1784324277.853410,FIXED400,TRACKING,400,26.866520,49.156991,0.045450,0.154491,4.359316,0.000000,0.000000,5.000000,0.660613,0
1784324277.903316,FIXED400,TRACKING,400,26.611642,34.875623,0.038357,0.141801,4.441626,0.000000,0.000000,5.000000,0.577374,0
1784324277.953352,FIXED400,TRACKING,400,27.421715,49.505410,0.034982,0.135065,4.480091,0.000000,0.000000,5.000000,0.538305,0
1784324278.003376,FIXED400,TRACKING,400,26.704268,34.970533,0.028476,0.120938,4.549176,0.000000,0.000000,5.000000,0.467631,0
1784324278.053333,FIXED400,TRACKING,400,27.148580,49.612290,0.024430,0.111533,4.592749,0.000000,0.000000,5.000000,0.422954,0
1784324278.103322,FIXED400,TRACKING,400,26.608564,34.713440,0.018277,0.092532,4.658390,0.000000,0.000000,5.000000,0.354392,0
1784324278.153432,FIXED400,TRACKING,400,27.365055,49.831654,0.015163,0.082839,4.690733,0.000000,0.000000,5.000000,0.320528,0
1784324278.203362,FIXED400,TRACKING,400,26.992516,35.385518,0.008420,0.063663,4.752107,2.000000,0.000000,5.000000,2.007958,0
1784324278.253424,FIXED400,TRACKING,400,27.499247,50.018095,0.003815,0.051869,4.786928,2.000000,0.000000,5.000000,2.008195,0
1784324278.303355,FIXED400,TRACKING,400,27.565282,35.862452,-0.002845,0.032306,4.837495,2.000000,0.000000,5.000000,2.009686,0
1784324278.353350,FIXED400,TRACKING,400,26.421897,48.789162,-0.004712,0.019773,4.863662,2.000000,0.000000,5.000000,2.009440,0
1784324278.403322,FIXED400,TRACKING,400,27.715701,35.760345,-0.007153,-0.003547,4.909183,2.000000,0.000000,5.000000,2.009210,0
1784324278.453358,FIXED400,TRACKING,400,27.781590,50.032956,-0.009075,-0.017062,4.933001,2.000000,0.000000,5.000000,2.010264,0
1784324278.503318,FIXED400,TRACKING,400,26.799659,35.008445,-0.011738,-0.038062,4.967504,2.000000,0.000000,5.000000,2.012360,0
1784324278.553375,FIXED400,TRACKING,400,27.885025,50.361076,-0.009827,-0.048432,4.982462,2.000000,0.000000,5.000000,2.010487,0
1784324278.603340,FIXED400,TRACKING,400,26.924953,35.130148,0.006825,-0.066932,5.005274,2.000000,0.000000,5.000000,1.994306,0
1784324278.653444,FIXED400,TRACKING,400,27.761577,50.334382,0.023988,-0.077258,5.021309,2.000000,0.000000,5.000000,1.977636,0
1784324278.703347,FIXED400,TRACKING,400,25.373595,33.467331,0.061988,-0.089998,5.040521,2.000000,0.000000,5.000000,1.940524,0
1784324278.753442,FIXED400,TRACKING,400,27.917165,50.406377,0.085151,-0.094751,5.045245,2.000000,0.000000,5.000000,1.917725,0
1784324278.803303,FIXED400,TRACKING,400,26.878194,34.929657,0.136143,-0.103338,5.051439,2.000000,0.000000,5.000000,1.867428,0
1784324278.853360,FIXED400,TRACKING,400,27.671841,50.043485,0.175164,-0.104894,5.050470,2.000000,0.000000,5.000000,1.828545,0
1784324278.903324,FIXED400,TRACKING,400,27.112000,35.335648,0.242906,-0.106402,5.049115,2.000000,0.000000,5.000000,1.760998,0
1784324278.953347,FIXED400,TRACKING,400,25.302785,47.729710,0.280649,-0.106250,5.045049,2.000000,0.000000,5.000000,1.723220,0
1784324279.003340,FIXED400,TRACKING,400,27.670618,35.937998,0.362113,-0.103923,5.026296,2.000000,0.000000,5.000000,1.641391,0
1784324279.053361,FIXED400,TRACKING,400,26.240493,48.517726,0.414794,-0.101970,5.012243,2.000000,0.000000,5.000000,1.588529,0
1784324279.103310,FIXED400,TRACKING,400,27.052190,35.225481,0.506953,-0.103318,4.984685,2.000000,0.000000,5.000000,1.496696,0
1784324279.153365,FIXED400,TRACKING,400,28.753873,51.130081,0.554534,-0.104063,4.970045,2.000000,0.000000,5.000000,1.449516,0
1784324279.203361,FIXED400,TRACKING,400,26.113632,34.302524,0.654089,-0.103545,4.946594,2.000000,0.000000,5.000000,1.350944,0
1784324279.253438,FIXED400,TRACKING,400,27.347408,49.858455,0.719741,-0.101544,4.938061,2.000000,0.000000,5.000000,1.285772,0
1784324279.303371,FIXED400,TRACKING,400,26.943217,35.187328,0.827280,-0.099067,4.925788,2.000000,0.000000,5.000000,1.179235,0
1784324279.353360,FIXED400,TRACKING,400,27.477679,49.953936,0.884141,-0.098599,4.921383,2.000000,0.000000,5.000000,1.122962,0
1784324279.403327,FIXED400,TRACKING,400,25.846769,34.153596,0.998343,-0.097572,4.912293,2.000000,0.000000,5.000000,1.010212,0
1784324279.453434,FIXED400,TRACKING,400,27.687183,50.213057,1.071440,-0.096961,4.905142,2.000000,0.000000,5.000000,0.938415,0
1784324279.503318,FIXED400,TRACKING,400,26.513854,34.689835,1.191772,-0.095655,4.890762,2.000000,0.000000,5.000000,0.821167,0
1784324279.553350,FIXED400,TRACKING,400,27.147971,49.620455,1.251866,-0.094417,4.883880,2.000000,0.000000,5.000000,0.762957,0
1784324279.603333,FIXED400,TRACKING,400,26.670722,34.933866,1.374482,-0.092685,4.867451,2.000000,0.000000,5.000000,0.646090,0
1784324279.653423,FIXED400,TRACKING,400,27.648382,50.137241,1.451286,-0.091359,4.858461,2.000000,0.000000,5.000000,0.573992,0
1784324279.703310,FIXED400,TRACKING,400,26.724251,34.999858,1.573809,-0.087777,4.848298,2.000000,0.000000,5.000000,0.460822,0
1784324279.753356,FIXED400,TRACKING,400,26.839244,49.248203,1.634828,-0.085412,4.844678,2.000000,0.000000,5.000000,0.405919,0
1784324279.803343,FIXED400,TRACKING,400,26.866982,35.088000,1.755672,-0.080192,4.837767,2.000000,0.000000,5.000000,0.304050,0
1784324279.853435,FIXED400,TRACKING,400,26.915381,49.579086,1.830534,-0.074862,4.834426,2.000000,2.000000,5.000000,2.088345,0
1784324279.903342,FIXED400,TRACKING,400,24.455037,32.441785,1.947611,-0.065943,4.832588,2.000000,2.000000,5.000000,2.073377,0
1784324279.953374,FIXED400,TRACKING,400,28.422081,50.793865,2.003553,-0.060704,4.835928,2.000000,2.000000,5.000000,2.067229,0
1784324280.003333,FIXED400,TRACKING,400,27.007283,35.308225,2.109784,-0.048990,4.847880,2.000000,2.000000,5.000000,2.057560,0
1784324280.053357,FIXED400,TRACKING,400,27.684053,50.249807,2.172002,-0.040747,4.861032,2.000000,2.000000,5.000000,2.052693,0
1784324280.103325,FIXED400,TRACKING,400,26.028910,34.382084,2.261997,-0.028592,4.894436,2.000000,2.000000,5.000000,2.048163,0
1784324280.153373,FIXED400,TRACKING,400,28.921750,51.318322,2.304684,-0.020564,4.908365,2.000000,2.000000,5.000000,2.045461,0
1784324280.203325,FIXED400,TRACKING,400,26.387714,34.642182,2.391891,0.005118,4.938159,2.000000,2.000000,5.000000,2.033951,0
1784324280.253376,FIXED400,TRACKING,400,28.728587,51.079725,2.427176,0.019649,4.948835,2.000000,2.000000,5.000000,2.026546,0
1784324280.303331,FIXED400,TRACKING,400,27.022955,35.430317,2.493515,0.055463,4.963454,2.000000,2.000000,5.000000,2.006518,0
1784324280.353364,FIXED400,TRACKING,400,28.796745,51.206146,2.522557,0.077796,4.968217,2.000000,2.000000,5.000000,1.992221,0
1784324280.403386,FIXED400,TRACKING,400,26.571260,34.878692,2.572800,0.130376,4.985444,2.000000,2.000000,5.000000,1.955455,0
1784324280.453451,FIXED400,TRACKING,400,27.505338,50.002361,2.599344,0.168687,4.994542,2.000000,2.000000,5.000000,1.926902,0
1784324280.503349,FIXED400,TRACKING,400,27.034024,35.322721,2.635584,0.237978,5.000546,2.000000,2.000000,5.000000,1.873149,0
1784324280.553363,FIXED400,TRACKING,400,28.053568,50.557524,2.651575,0.274169,5.001660,2.000000,2.000000,5.000000,1.844734,0
1784324280.603325,FIXED400,TRACKING,400,25.479614,33.754147,2.674341,0.355667,5.003419,2.000000,2.000000,5.000000,1.777239,0
1784324280.653435,FIXED400,TRACKING,400,27.045775,49.484102,2.685225,0.409505,5.003073,2.000000,2.000000,5.000000,1.731825,0
1784324280.703395,FIXED400,TRACKING,400,27.025816,35.295441,2.693649,0.498021,5.000980,2.000000,2.000000,5.000000,1.654415,0
1784324280.753432,FIXED400,TRACKING,400,27.631426,50.193622,2.693469,0.543226,4.999308,2.000000,2.000000,5.000000,1.613410,0
1784324280.803317,FIXED400,TRACKING,400,26.993744,35.258964,2.689211,0.635471,4.995486,2.000000,2.000000,5.000000,1.528716,0
1784324280.853359,FIXED400,TRACKING,400,28.501132,51.005893,2.685293,0.697465,4.988009,2.000000,2.000000,5.000000,1.471858,0
1784324280.903328,FIXED400,TRACKING,400,26.135356,34.143719,2.674542,0.797840,4.977844,2.000000,2.000000,5.000000,1.378654,0
1784324280.953435,FIXED400,TRACKING,400,27.508167,50.012974,2.666424,0.848206,4.974228,2.000000,2.000000,5.000000,1.330945,0
1784324281.003371,FIXED400,TRACKING,400,27.204156,35.478693,2.645042,0.949501,4.970927,2.000000,2.000000,5.000000,1.233074,0
1784324281.053365,FIXED400,TRACKING,400,26.413813,48.789703,2.629329,1.013574,4.971035,2.000000,2.000000,5.000000,1.170440,0
1784324281.103350,FIXED400,TRACKING,400,28.169874,36.368395,2.597267,1.123118,4.968968,2.000000,2.000000,5.000000,1.061421,0
1784324281.153439,FIXED400,TRACKING,400,26.653735,48.496128,2.579874,1.178351,4.968216,2.000000,2.000000,5.000000,1.006166,0
1784324281.203341,FIXED400,TRACKING,400,26.857909,35.117224,2.543640,1.293136,4.962968,2.000000,2.000000,5.000000,0.892509,0
1784324281.253371,FIXED400,TRACKING,400,27.194755,49.576576,2.520049,1.368797,4.957760,2.000000,2.000000,5.000000,0.818933,0
1784324281.303331,FIXED400,TRACKING,400,26.359625,34.597569,2.479252,1.487486,4.950378,2.000000,2.000000,5.000000,0.703431,0
1784324281.353376,FIXED400,TRACKING,400,27.405331,49.824382,2.457044,1.545083,4.947608,2.000000,2.000000,5.000000,0.646980,0
1784324281.403333,FIXED400,TRACKING,400,26.451982,34.677157,2.411396,1.659060,4.938625,2.000000,2.000000,5.000000,0.537823,0
1784324281.453433,FIXED400,TRACKING,400,26.684296,49.195417,2.381386,1.729858,4.935338,2.000000,2.000000,5.000000,0.471819,0
1784324281.503336,FIXED400,TRACKING,400,26.846248,35.028390,2.330387,1.841997,4.934791,2.000000,2.000000,5.000000,0.371985,0
1784324281.553364,FIXED400,TRACKING,400,26.085140,47.104045,2.303801,1.896537,4.938021,2.000000,2.000000,5.000000,0.326866,0
1784324281.603383,FIXED400,TRACKING,400,27.298642,35.576622,2.246584,2.002774,4.946642,0.000000,2.000000,5.000000,2.247220,0
1784324281.653389,FIXED400,TRACKING,400,27.062190,49.492292,2.209912,2.066839,4.950906,0.000000,2.000000,5.000000,2.211468,0
1784324281.703351,FIXED400,TRACKING,400,27.617772,35.863836,2.149854,2.164306,4.956006,0.000000,2.000000,5.000000,2.156573,0
1784324281.753471,FIXED400,TRACKING,400,27.617538,50.049412,2.119283,2.210426,4.958449,0.000000,2.000000,5.000000,2.130109,0
1784324281.803344,FIXED400,TRACKING,400,27.116344,35.489202,2.058540,2.298467,4.954686,0.000000,2.000000,5.000000,2.080559,0
1784324281.853454,FIXED400,TRACKING,400,27.506822,49.943057,2.024170,2.347645,4.949683,0.000000,2.000000,5.000000,2.054422,0
1784324281.903342,FIXED400,TRACKING,400,27.258543,35.493395,1.966633,2.420636,4.938455,0.000000,2.000000,5.000000,2.012056,0
1784324281.953461,FIXED400,TRACKING,400,27.199061,49.773891,1.938470,2.453007,4.931079,0.000000,2.000000,5.000000,1.991891,0
1784324282.003441,FIXED400,TRACKING,400,27.667139,35.722315,1.872347,2.512137,4.927206,0.000000,2.000000,5.000000,1.942489,0
1784324282.053374,FIXED400,TRACKING,400,27.436720,49.635586,1.840152,2.534280,4.928414,0.000000,2.000000,5.000000,1.917482,0
1784324282.103315,FIXED400,TRACKING,400,26.619659,34.809907,1.766034,2.570108,4.940765,0.000000,2.000000,5.000000,1.856720,0
1784324282.153373,FIXED400,TRACKING,400,27.943688,50.464392,1.726458,2.584798,4.950337,0.000000,2.000000,5.000000,1.823489,0
1784324282.203337,FIXED400,TRACKING,400,27.095229,35.518064,1.640905,2.607301,4.968365,0.000000,2.000000,5.000000,1.749967,0
1784324282.253435,FIXED400,TRACKING,400,26.196702,48.764460,1.582358,2.616005,4.979806,0.000000,2.000000,5.000000,1.698154,0
1784324282.303343,FIXED400,TRACKING,400,27.960609,36.107314,1.486188,2.626271,4.994702,0.000000,2.000000,5.000000,1.612761,0
1784324282.353365,FIXED400,TRACKING,400,26.550787,48.539553,1.434949,2.630068,5.000191,0.000000,2.000000,5.000000,1.567183,0
1784324282.403358,FIXED400,TRACKING,400,25.291352,33.624694,1.331420,2.633083,5.010866,0.000000,2.000000,5.000000,1.474310,0
1784324282.453463,FIXED400,TRACKING,400,27.902006,50.435712,1.266644,2.630545,5.014914,0.000000,2.000000,5.000000,1.414990,0
1784324282.503344,FIXED400,TRACKING,400,26.789525,35.114539,1.162759,2.618205,5.022256,0.000000,2.000000,5.000000,1.317073,0
1784324282.553435,FIXED400,TRACKING,400,27.141547,49.631120,1.110351,2.610596,5.026357,0.000000,2.000000,5.000000,1.267439,0
1784324282.603356,FIXED400,TRACKING,400,26.598697,34.790599,1.007611,2.591837,5.026165,0.000000,2.000000,5.000000,1.168860,0
1784324282.653443,FIXED400,TRACKING,400,27.524916,49.989422,0.943384,2.578425,5.023239,0.000000,2.000000,5.000000,1.106838,0
1784324282.703346,FIXED400,TRACKING,400,27.821252,36.011103,0.840727,2.556459,5.016894,0.000000,2.000000,5.000000,1.008342,0
1784324282.753440,FIXED400,TRACKING,400,26.655002,48.841656,0.789399,2.545138,5.013129,0.000000,2.000000,5.000000,0.959426,0
1784324282.803364,FIXED400,TRACKING,400,27.495642,35.743699,0.685962,2.519629,5.004709,0.000000,2.000000,5.000000,0.860570,0
1784324282.853375,FIXED400,TRACKING,400,27.425196,49.871667,0.622825,2.500792,4.996712,0.000000,2.000000,5.000000,0.799196,0
1784324282.903353,FIXED400,TRACKING,400,25.546187,33.869678,0.521349,2.467686,4.984809,0.000000,2.000000,5.000000,0.700547,0
1784324282.953368,FIXED400,TRACKING,400,26.492009,48.890995,0.471084,2.450166,4.980259,0.000000,2.000000,5.000000,0.651889,0
1784324283.003378,FIXED400,TRACKING,400,27.537008,35.761363,0.371469,2.413314,4.972098,0.000000,2.000000,5.000000,0.556413,0
1784324283.053368,FIXED400,TRACKING,400,26.693265,49.073850,0.309455,2.388531,4.969361,0.000000,2.000000,5.000000,0.497652,0
1784324283.103338,FIXED400,TRACKING,400,26.802413,35.064893,0.209193,2.345253,4.969646,0.000000,2.000000,5.000000,0.404824,0
1784324283.153440,FIXED400,TRACKING,400,26.963109,49.456839,0.159640,2.322896,4.971876,0.000000,2.000000,5.000000,0.361300,0
1784324283.203374,FIXED400,TRACKING,400,26.914426,35.263748,0.061727,2.280018,4.975563,0.000000,0.000000,5.000000,2.280984,0
1784324283.253363,FIXED400,TRACKING,400,25.548914,47.915885,0.001444,2.255045,4.977283,0.000000,0.000000,5.000000,2.255160,0
1784324283.303370,FIXED400,TRACKING,400,27.524012,35.745139,-0.091830,2.214182,4.975468,0.000000,0.000000,5.000000,2.216221,0
1784324283.353371,FIXED400,TRACKING,400,26.533491,48.938783,-0.137685,2.195523,4.973807,0.000000,0.000000,5.000000,2.199992,0
1784324283.403442,FIXED400,TRACKING,400,27.735065,36.155708,-0.223500,2.155807,4.980594,0.000000,0.000000,5.000000,2.167449,0
1784324283.453355,FIXED400,TRACKING,400,27.115100,49.222789,-0.273681,2.129564,4.990816,0.000000,0.000000,5.000000,2.147097,0
1784324283.503361,FIXED400,TRACKING,400,26.598750,35.073236,-0.349836,2.084532,5.012352,0.000000,0.000000,5.000000,2.113720,0
1784324283.553360,FIXED400,TRACKING,400,26.884137,49.300495,-0.385069,2.059238,5.025280,0.000000,0.000000,5.000000,2.095085,0
1784324283.603331,FIXED400,TRACKING,400,26.989995,35.216934,-0.443847,2.006371,5.042995,0.000000,0.000000,5.000000,2.055328,0
1784324283.653440,FIXED400,TRACKING,400,27.725889,50.150645,-0.475922,1.970599,5.049571,0.000000,0.000000,5.000000,2.027860,0
1784324283.703408,FIXED400,TRACKING,400,27.241958,35.489162,-0.517162,1.902070,5.058605,0.000000,0.000000,5.000000,1.971994,0
1784324283.753377,FIXED400,TRACKING,400,27.392084,49.793022,-0.533482,1.862852,5.063060,0.000000,0.000000,5.000000,1.938762,0
1784324283.803331,FIXED400,TRACKING,400,27.107892,35.336087,-0.562017,1.781237,5.068349,0.000000,0.000000,5.000000,1.869048,0
1784324283.853434,FIXED400,TRACKING,400,27.156228,49.692645,-0.577419,1.725996,5.071490,0.000000,0.000000,5.000000,1.821424,0
1784324283.903347,FIXED400,TRACKING,400,27.581950,35.688539,-0.598215,1.635281,5.071613,0.000000,0.000000,5.000000,1.742738,0
1784324283.953373,FIXED400,TRACKING,400,25.611882,47.992556,-0.605111,1.586643,5.071010,0.000000,0.000000,5.000000,1.699600,0
1784324284.003351,FIXED400,TRACKING,400,28.142753,36.238647,-0.612252,1.483683,5.069244,0.000000,0.000000,5.000000,1.606537,0
1784324284.053375,FIXED400,TRACKING,400,28.621229,50.438993,-0.614771,1.418696,5.065349,0.000000,0.000000,5.000000,1.547551,0
1784324284.103353,FIXED400,TRACKING,400,25.835725,34.114378,-0.613145,1.310519,5.057288,0.000000,0.000000,5.000000,1.447995,0
1784324284.153373,FIXED400,TRACKING,400,27.792263,50.199747,-0.610716,1.255773,5.052965,0.000000,0.000000,5.000000,1.397407,0
1784324284.203440,FIXED400,TRACKING,400,26.688630,35.034787,-0.601017,1.146362,5.044342,0.000000,0.000000,5.000000,1.295119,0
1784324284.253429,FIXED400,TRACKING,400,25.050889,47.664418,-0.591245,1.078245,5.039138,0.000000,0.000000,5.000000,1.230332,0
1784324284.303356,FIXED400,TRACKING,400,27.570083,35.718299,-0.571983,0.967743,5.033546,0.000000,0.000000,5.000000,1.124641,0
1784324284.353389,FIXED400,TRACKING,400,26.678368,49.066139,-0.558730,0.910807,5.033046,0.000000,0.000000,5.000000,1.069037,0
1784324284.403370,FIXED400,TRACKING,400,25.835848,33.848657,-0.529986,0.796922,5.031636,0.000000,0.000000,5.000000,0.957585,0
1784324284.453430,FIXED400,TRACKING,400,27.188728,49.602159,-0.509729,0.725864,5.027753,0.000000,0.000000,5.000000,0.887397,0
1784324284.503335,FIXED400,TRACKING,400,26.533159,34.887269,-0.472881,0.612801,5.016241,0.000000,0.000000,5.000000,0.774212,0
1784324284.553383,FIXED400,TRACKING,400,27.020796,49.526508,-0.453541,0.556660,5.009857,0.000000,0.000000,5.000000,0.718099,0
1784324284.603460,FIXED400,TRACKING,400,25.448742,33.595326,-0.410060,0.444844,4.996629,0.000000,0.000000,5.000000,0.605018,0
1784324284.653452,FIXED400,TRACKING,400,28.550470,51.088177,-0.381269,0.375493,4.989762,0.000000,0.000000,5.000000,0.535225,0
1784324284.703313,FIXED400,TRACKING,400,27.042508,35.444348,-0.335988,0.267600,4.978456,0.000000,0.000000,5.000000,0.430072,0
1784324284.753448,FIXED400,TRACKING,400,27.209433,49.806391,-0.313652,0.214829,4.975307,0.000000,0.000000,5.000000,0.380970,0
1784324284.803308,FIXED400,TRACKING,400,25.163075,33.399271,-0.267929,0.109898,4.970298,0.000000,0.000000,5.000000,0.291111,0
1784324284.853371,FIXED400,TRACKING,400,27.473288,49.892159,-0.236621,0.046755,4.969828,0.000000,0.000000,5.000000,0.243076,0
1784324284.903339,FIXED400,TRACKING,400,26.660156,34.993434,-0.185786,-0.052175,4.969502,0.000000,0.000000,5.000000,0.195369,0
1784324284.953360,FIXED400,TRACKING,400,25.584742,48.026079,-0.160227,-0.099809,4.968703,0.000000,0.000000,5.000000,0.191347,0
1784324285.003336,FIXED400,TRACKING,400,27.052469,35.188011,-0.109690,-0.190604,4.964855,0.000000,0.000000,5.000000,0.222703,0
1784324285.053365,FIXED400,TRACKING,400,26.353847,48.792430,-0.078713,-0.243934,4.963824,0.000000,0.000000,5.000000,0.258859,0
1784324285.103356,FIXED400,TRACKING,400,26.443481,34.565309,-0.035492,-0.323248,4.964644,0.000000,0.000000,5.000000,0.327107,0
1784324285.153373,FIXED400,TRACKING,400,26.827439,48.854264,-0.014524,-0.359987,4.966080,0.000000,0.000000,5.000000,0.361874,0
1784324285.203363,FIXED400,TRACKING,400,25.522963,33.863058,0.028447,-0.425153,4.972320,0.000000,0.000000,5.000000,0.427002,0
1784324285.253347,FIXED400,TRACKING,400,28.291284,50.745145,0.056109,-0.459298,4.978840,0.000000,0.000000,5.000000,0.463196,0
1784324285.303325,FIXED400,TRACKING,400,24.568038,32.917199,0.097869,-0.506858,4.987329,0.000000,0.000000,5.000000,0.516376,0
1784324285.353389,FIXED400,TRACKING,400,27.947172,50.382065,0.117912,-0.525326,4.991066,0.000000,0.000000,5.000000,0.538470,0
1784324285.403364,FIXED400,TRACKING,400,26.755492,34.978058,0.154989,-0.555919,4.996032,0.000000,0.000000,5.000000,0.577133,0
1784324285.453446,FIXED400,TRACKING,400,27.602220,50.124901,0.175369,-0.569730,4.999507,0.000000,0.000000,5.000000,0.596110,0
1784324285.503363,FIXED400,TRACKING,400,26.433919,34.627293,0.203273,-0.583502,5.004693,0.000000,0.000000,5.000000,0.617913,0
1784324285.553447,FIXED400,TRACKING,400,27.555164,50.061844,0.215717,-0.587326,5.006441,0.000000,0.000000,5.000000,0.625722,0
1784324285.603371,FIXED400,TRACKING,400,26.847720,35.209204,0.234651,-0.584913,5.005419,0.000000,0.000000,5.000000,0.630249,0
1784324285.653443,FIXED400,TRACKING,400,27.243391,49.790669,0.244142,-0.579476,5.001669,0.000000,0.000000,5.000000,0.628809,0
1784324285.703317,FIXED400,TRACKING,400,26.448013,34.735410,0.255549,-0.563408,4.993906,0.000000,0.000000,5.000000,0.618685,0
1784324285.753376,FIXED400,TRACKING,400,27.505952,49.938741,0.259208,-0.551560,4.991792,0.000000,0.000000,5.000000,0.609487,0
1784324285.803366,FIXED400,TRACKING,400,26.716013,34.917864,0.263638,-0.523690,4.986950,0.000000,0.000000,5.000000,0.586452,0
1784324285.853483,FIXED400,TRACKING,400,27.623002,50.200388,0.265340,-0.499853,4.986360,0.000000,0.000000,5.000000,0.566079,0
1784324285.903352,FIXED400,TRACKING,400,26.302774,34.576620,0.264270,-0.457936,4.987799,0.000000,0.000000,5.000000,0.528860,0
1784324285.953442,FIXED400,TRACKING,400,27.369674,49.868082,0.262439,-0.434010,4.987350,0.000000,0.000000,5.000000,0.507345,0
1784324286.003363,FIXED400,TRACKING,400,26.871219,35.104614,0.256278,-0.381099,4.983500,0.000000,0.000000,5.000000,0.459551,0
1784324286.053437,FIXED400,TRACKING,400,26.639065,49.070654,0.250580,-0.346634,4.981785,0.000000,0.000000,5.000000,0.428109,0
1784324286.103364,FIXED400,TRACKING,400,25.457005,33.670697,0.240338,-0.289363,4.982337,0.000000,0.000000,5.000000,0.376570,0
1784324286.153362,FIXED400,TRACKING,400,27.040488,49.424026,0.234200,-0.260140,4.982847,0.000000,0.000000,5.000000,0.350452,0
1784324286.203371,FIXED400,TRACKING,400,26.820890,35.093976,0.219125,-0.199561,4.984884,0.000000,0.000000,5.000000,0.296764,0
1784324286.253372,FIXED400,TRACKING,400,27.709062,50.242684,0.207822,-0.160105,4.986472,0.000000,0.000000,5.000000,0.262691,0
1784324286.303359,FIXED400,TRACKING,400,27.710918,36.011327,0.188896,-0.098219,4.988772,0.000000,0.000000,5.000000,0.213201,0
1784324286.353380,FIXED400,TRACKING,400,26.488861,48.710087,0.180835,-0.068748,4.990660,0.000000,0.000000,5.000000,0.193688,0
1784324286.403398,FIXED400,TRACKING,400,27.042977,35.432926,0.163411,-0.011743,4.993823,0.000000,0.000000,5.000000,0.163949,0
1784324286.453450,FIXED400,TRACKING,400,26.549704,49.055066,0.153718,0.021255,4.996043,0.000000,0.000000,5.000000,0.155231,0
1784324286.503349,FIXED400,TRACKING,400,24.761943,33.005559,0.141117,0.069376,4.999159,0.000000,0.000000,5.000000,0.157250,0
1784324286.553358,FIXED400,TRACKING,400,28.072769,50.363303,0.133803,0.092437,5.000614,0.000000,0.000000,5.000000,0.162629,0
1784324286.603359,FIXED400,TRACKING,400,25.676097,33.889258,0.120637,0.133793,5.004028,0.000000,0.000000,5.000000,0.180195,0
1784324286.653365,FIXED400,TRACKING,400,27.279219,49.685927,0.111962,0.157661,5.005298,0.000000,0.000000,5.000000,0.193444,0
1784324286.703366,FIXED400,TRACKING,400,26.645841,34.772826,0.097381,0.192512,5.006895,0.000000,0.000000,5.000000,0.215851,0
1784324286.753363,FIXED400,TRACKING,400,27.027585,49.399991,0.089977,0.208246,5.008394,0.000000,0.000000,5.000000,0.227009,0
1784324286.803359,FIXED400,TRACKING,400,26.689397,34.874597,0.074659,0.236973,5.011417,0.000000,0.000000,5.000000,0.248718,0
1784324286.853386,FIXED400,TRACKING,400,27.544904,49.917181,0.067003,0.250666,5.012857,0.000000,0.000000,5.000000,0.259784,0
1784324286.903335,FIXED400,TRACKING,400,26.450143,34.643020,0.054501,0.269302,5.015652,0.000000,0.000000,5.000000,0.275207,0
1784324286.953377,FIXED400,TRACKING,400,27.167032,49.505755,0.047183,0.276230,5.018196,0.000000,0.000000,5.000000,0.280820,0
1784324287.003327,FIXED400,TRACKING,400,26.345844,34.414829,0.030824,0.285560,5.024057,0.000000,0.000000,5.000000,0.288225,0
1784324287.053376,FIXED400,TRACKING,400,26.857059,49.258021,0.020958,0.289279,5.027323,0.000000,0.000000,5.000000,0.291321,0
1784324287.103307,FIXED400,TRACKING,400,25.703117,34.007761,0.011201,0.290495,5.036735,0.000000,0.000000,5.000000,0.293023,0
1784324287.153429,FIXED400,TRACKING,400,26.573512,49.028647,0.006481,0.289780,5.039454,0.000000,0.000000,5.000000,0.292526,0
1784324287.203338,FIXED400,TRACKING,400,26.824733,35.106884,-0.001614,0.284598,5.041722,0.000000,0.000000,5.000000,0.287644,0
1784324287.253371,FIXED400,TRACKING,400,25.272937,47.600310,-0.005182,0.278626,5.041867,0.000000,0.000000,5.000000,0.281801,0
1784324287.303459,FIXED400,TRACKING,400,27.796808,36.164273,-0.011210,0.267167,5.039251,0.000000,0.000000,5.000000,0.270267,0
1784324287.353368,FIXED400,TRACKING,400,26.275605,48.310347,-0.012575,0.260867,5.035380,0.000000,0.000000,5.000000,0.263556,0
1784324287.403332,FIXED400,TRACKING,400,27.252745,35.618743,-0.015592,0.245868,5.028387,0.000000,0.000000,5.000000,0.247992,0
1784324287.453363,FIXED400,TRACKING,400,27.367731,49.798259,-0.016924,0.235959,5.024360,0.000000,0.000000,5.000000,0.237816,0
1784324287.503325,FIXED400,TRACKING,400,27.208394,35.459812,-0.017325,0.219313,5.022361,0.000000,0.000000,5.000000,0.221130,0
1784324287.553364,FIXED400,TRACKING,400,26.628352,48.971078,-0.017531,0.207089,5.020670,0.000000,0.000000,5.000000,0.208855,0
1784324287.603344,FIXED400,TRACKING,400,27.386956,35.556663,-0.016321,0.186966,5.019904,0.000000,0.000000,5.000000,0.188730,0
1784324287.653364,FIXED400,TRACKING,400,25.449339,47.815870,-0.015579,0.171591,5.017904,0.000000,0.000000,5.000000,0.173224,0
1784324287.703362,FIXED400,TRACKING,400,27.672345,36.030925,-0.014061,0.145702,5.014184,0.000000,0.000000,5.000000,0.147065,0
1784324287.753366,FIXED400,TRACKING,400,25.553272,47.792808,-0.013193,0.132355,5.012686,0.000000,0.000000,5.000000,0.133615,0
1784324287.803338,FIXED400,TRACKING,400,27.240554,35.395507,-0.011941,0.105317,5.009837,0.000000,0.000000,5.000000,0.106448,0
1784324287.853368,FIXED400,TRACKING,400,25.849214,48.228051,-0.008271,0.087552,5.010340,0.000000,0.000000,5.000000,0.088548,0
1784324287.903366,FIXED400,TRACKING,400,27.297533,35.485097,-0.003278,0.059553,5.010949,0.000000,0.000000,5.000000,0.060640,0
1784324287.953355,FIXED400,TRACKING,400,26.910106,49.383637,-0.000668,0.045866,5.011195,0.000000,0.000000,5.000000,0.047217,0
1784324288.003318,FIXED400,TRACKING,400,26.895994,35.169284,0.004626,0.018939,5.012427,0.000000,0.000000,5.000000,0.023120,0
1784324288.053360,FIXED400,TRACKING,400,27.026894,49.428704,0.007293,0.002109,5.010050,0.000000,0.000000,5.000000,0.012596,0
1784324288.103350,FIXED400,TRACKING,400,25.418423,33.713218,0.010978,-0.024417,5.011225,0.000000,0.000000,5.000000,0.029029,0
1784324288.153368,FIXED400,TRACKING,400,28.633622,51.115822,0.012389,-0.037326,5.013125,0.000000,0.000000,5.000000,0.041460,0
1784324288.203333,FIXED400,TRACKING,400,26.028653,34.229367,0.015171,-0.062175,5.017775,0.000000,0.000000,5.000000,0.066422,0
1784324288.253350,FIXED400,TRACKING,400,27.960974,50.450254,0.017297,-0.076981,5.019040,0.000000,0.000000,5.000000,0.081165,0
1784324288.303334,FIXED400,TRACKING,400,26.399390,34.751380,0.020050,-0.098430,5.020944,0.000000,0.000000,5.000000,0.102611,0
1784324288.353377,FIXED400,TRACKING,400,27.150134,49.637480,0.021123,-0.109004,5.022732,0.000000,0.000000,5.000000,0.113335,0
1784324288.403356,FIXED400,TRACKING,400,27.032576,35.206465,0.022789,-0.127381,5.027788,0.000000,0.000000,5.000000,0.132354,0
1784324288.453375,FIXED400,TRACKING,400,26.807688,49.306674,0.023983,-0.138143,5.030300,0.000000,0.000000,5.000000,0.143446,0
1784324288.503318,FIXED400,TRACKING,400,27.679352,35.947731,0.026135,-0.154602,5.036345,0.000000,0.000000,5.000000,0.160953,0
1784324288.553375,FIXED400,TRACKING,400,26.567859,48.859299,0.026938,-0.161683,5.038649,0.000000,0.000000,5.000000,0.168406,0
1784324288.603313,FIXED400,TRACKING,400,27.478030,35.653795,0.030304,-0.175989,5.040333,0.000000,0.000000,5.000000,0.183077,0
1784324288.653363,FIXED400,TRACKING,400,26.220349,48.707648,0.032500,-0.183526,5.039917,0.000000,0.000000,5.000000,0.190608,0
1784324288.703353,FIXED400,TRACKING,400,27.518813,35.744686,0.037332,-0.191150,5.036406,0.000000,0.000000,5.000000,0.198134,0
1784324288.753371,FIXED400,TRACKING,400,26.155842,48.578161,0.040313,-0.193237,5.033322,0.000000,0.000000,5.000000,0.200190,0
1784324288.803375,FIXED400,TRACKING,400,25.653791,33.751053,0.045372,-0.195477,5.026189,0.000000,0.000000,5.000000,0.202375,0
1784324288.853406,FIXED400,TRACKING,400,28.381308,50.849211,0.048131,-0.197596,5.025970,0.000000,0.000000,5.000000,0.205024,0
1784324288.903365,FIXED400,TRACKING,400,26.300119,34.643525,0.051179,-0.198480,5.023204,0.000000,0.000000,5.000000,0.206281,0
1784324288.953327,FIXED400,TRACKING,400,26.706415,49.141621,0.052694,-0.197530,5.019310,0.000000,0.000000,5.000000,0.205347,0
1784324289.003343,FIXED400,TRACKING,400,25.606836,33.700522,0.055363,-0.192642,5.011509,0.000000,0.000000,5.000000,0.200770,0
1784324289.053364,FIXED400,TRACKING,400,27.728274,50.206886,0.056156,-0.187957,5.008630,0.000000,0.000000,5.000000,0.196356,0
1784324289.103475,FIXED400,TRACKING,400,26.237200,34.566861,0.057817,-0.176566,5.008830,0.000000,0.000000,5.000000,0.186001,0
1784324289.153472,FIXED400,TRACKING,400,27.271922,49.785926,0.058375,-0.169920,5.007959,0.000000,0.000000,5.000000,0.179844,0
1784324289.203442,FIXED400,TRACKING,400,27.277697,35.543250,0.058467,-0.154189,5.007926,0.000000,0.000000,5.000000,0.165092,0
1784324289.253489,FIXED400,TRACKING,400,27.113515,49.648325,0.057897,-0.142781,5.007559,0.000000,0.000000,5.000000,0.154258,0
1784324289.303334,FIXED400,TRACKING,400,27.337799,35.513596,0.057107,-0.123394,5.005650,0.000000,0.000000,5.000000,0.136085,0
1784324289.353366,FIXED400,TRACKING,400,26.250363,48.637506,0.057756,-0.112243,5.005735,0.000000,0.000000,5.000000,0.126361,0
1784324289.403318,FIXED400,TRACKING,400,27.403190,35.707171,0.058238,-0.089595,5.004647,0.000000,0.000000,5.000000,0.106960,0
1784324289.453361,FIXED400,TRACKING,400,24.188217,46.604243,0.058943,-0.074094,5.003740,0.000000,0.000000,5.000000,0.094753,0
1784324289.503358,FIXED400,TRACKING,400,27.742676,36.009861,0.060667,-0.046893,5.000677,0.000000,0.000000,5.000000,0.076680,0
1784324289.553376,FIXED400,TRACKING,400,26.541187,48.746336,0.060746,-0.033360,4.999135,0.000000,0.000000,5.000000,0.069309,0
1784324289.603334,FIXED400,TRACKING,400,27.490258,35.816402,0.057194,-0.007670,4.995996,0.000000,0.000000,5.000000,0.057845,0
1784324289.653440,FIXED400,TRACKING,400,26.056105,48.598395,0.053980,0.007862,4.994302,0.000000,0.000000,5.000000,0.054847,0
1784324289.703360,FIXED400,TRACKING,400,27.721842,35.880551,0.049432,0.031642,4.992346,0.000000,0.000000,5.000000,0.059188,0
1784324289.753365,FIXED400,TRACKING,400,26.563904,48.759097,0.047320,0.042940,4.991360,0.000000,0.000000,5.000000,0.064480,0
1784324289.803341,FIXED400,TRACKING,400,27.072826,35.312747,0.041857,0.064622,4.986123,0.000000,0.000000,5.000000,0.078234,0
1784324289.853341,FIXED400,TRACKING,400,26.469228,48.874307,0.037568,0.079940,4.980515,0.000000,0.000000,5.000000,0.090451,0
1784324289.903342,FIXED400,TRACKING,400,26.901371,35.187170,0.030110,0.101861,4.974786,0.000000,0.000000,5.000000,0.109169,0
1784324289.953366,FIXED400,TRACKING,400,26.842311,49.339274,0.025055,0.110000,4.974068,0.000000,0.000000,5.000000,0.115760,0
1784324290.003342,FIXED400,TRACKING,400,27.141764,35.480174,0.012973,0.121679,4.972559,0.000000,0.000000,5.000000,0.125408,0
1784324290.053363,FIXED400,TRACKING,400,27.437268,49.829793,0.005619,0.127923,4.972476,0.000000,0.000000,5.000000,0.130972,0
1784324290.103354,FIXED400,TRACKING,400,26.738715,34.864920,-0.004863,0.131511,4.980135,0.000000,0.000000,5.000000,0.133091,0
1784324290.153362,FIXED400,TRACKING,400,25.417623,47.883992,-0.010011,0.132227,4.984478,0.000000,0.000000,5.000000,0.133510,0
1784324290.203370,FIXED400,TRACKING,400,27.269974,35.568838,-0.018699,0.132555,4.991760,0.000000,0.000000,5.000000,0.134121,0
1784324290.253370,FIXED400,TRACKING,400,26.613455,49.090059,-0.022542,0.132132,4.995631,0.000000,0.000000,5.000000,0.134113,0
1784324290.303338,FIXED400,TRACKING,400,27.018359,35.266332,-0.029202,0.129916,4.998543,0.000000,0.000000,5.000000,0.133165,0
1784324290.353377,FIXED400,TRACKING,400,26.376412,48.802941,-0.033009,0.126941,4.999092,0.000000,0.000000,5.000000,0.131166,0
1784324290.403441,FIXED400,TRACKING,400,27.384425,35.771586,-0.040316,0.120378,4.999151,0.000000,0.000000,5.000000,0.126953,0
1784324290.453376,FIXED400,TRACKING,400,29.129593,51.618334,-0.044472,0.114673,4.999494,0.000000,0.000000,5.000000,0.122995,0
1784324290.503329,FIXED400,TRACKING,400,25.874380,34.057354,-0.050300,0.102521,5.000655,0.000000,0.000000,5.000000,0.114198,0
1784324290.553373,FIXED400,TRACKING,400,27.165178,49.644931,-0.052973,0.096196,5.001176,0.000000,0.000000,5.000000,0.109824,0
1784324290.603367,FIXED400,TRACKING,400,26.654484,34.858604,-0.060259,0.081909,5.009703,0.000000,0.000000,5.000000,0.102149,0
1784324290.653356,FIXED400,TRACKING,400,26.942444,49.375878,-0.063151,0.075412,5.014496,0.000000,0.000000,5.000000,0.099424,0
1784324290.703339,FIXED400,TRACKING,400,26.958715,35.206243,-0.067003,0.060952,5.023447,0.000000,0.000000,5.000000,0.093564,0
1784324290.753440,FIXED400,TRACKING,400,26.946409,49.514075,-0.068099,0.053066,5.026947,0.000000,0.000000,5.000000,0.090442,0
1784324290.803360,FIXED400,TRACKING,400,26.873724,35.097255,-0.069896,0.037382,5.030087,0.000000,0.000000,5.000000,0.084783,0
1784324290.853380,FIXED400,TRACKING,400,26.966814,49.413997,-0.070059,0.026275,5.031407,0.000000,0.000000,5.000000,0.081148,0
1784324290.903311,FIXED400,TRACKING,400,27.259183,35.492049,-0.070154,0.008938,5.033418,0.000000,0.000000,5.000000,0.078219,0
1784324290.953440,FIXED400,TRACKING,400,26.803299,49.277307,-0.069425,-0.000918,5.032758,0.000000,0.000000,5.000000,0.076771,0
1784324291.003370,FIXED400,TRACKING,400,27.726464,35.947153,-0.066516,-0.022070,5.029555,0.000000,0.000000,5.000000,0.076059,0
1784324291.053372,FIXED400,TRACKING,400,26.867754,49.076904,-0.064442,-0.034085,5.027669,0.000000,0.000000,5.000000,0.077975,0
1784324291.103323,FIXED400,TRACKING,400,27.730741,35.786203,-0.060922,-0.054518,5.024109,0.000000,0.000000,5.000000,0.085235,0
1784324291.153439,FIXED400,TRACKING,400,26.571319,48.885752,-0.059066,-0.063932,5.021543,0.000000,0.000000,5.000000,0.089667,0
1784324291.203352,FIXED400,TRACKING,400,26.830222,34.957128,-0.054881,-0.081493,5.017760,0.000000,0.000000,5.000000,0.099842,0
1784324291.253365,FIXED400,TRACKING,400,27.116615,49.595214,-0.052054,-0.091708,5.015523,0.000000,0.000000,5.000000,0.106588,0
1784324291.303367,FIXED400,TRACKING,400,26.908926,35.060495,-0.047083,-0.106567,5.012147,0.000000,0.000000,5.000000,0.117136,0
1784324291.353382,FIXED400,TRACKING,400,26.574100,49.092594,-0.044046,-0.115836,5.009165,0.000000,0.000000,5.000000,0.124266,0
1784324291.403335,FIXED400,TRACKING,400,26.223077,34.544823,-0.037729,-0.131674,5.001835,0.000000,0.000000,5.000000,0.136985,0
1784324291.453488,FIXED400,TRACKING,400,28.343577,50.889232,-0.033513,-0.140410,4.998207,0.000000,0.000000,5.000000,0.144365,0
1784324291.503329,FIXED400,TRACKING,400,25.970902,34.014382,-0.026337,-0.152612,4.995017,0.000000,0.000000,5.000000,0.154948,0
1784324291.553452,FIXED400,TRACKING,400,27.829959,50.324714,-0.022537,-0.157141,4.994578,0.000000,0.000000,5.000000,0.158842,0
1784324291.603481,FIXED400,TRACKING,400,26.707565,35.084300,-0.008250,-0.166383,4.990566,0.000000,0.000000,5.000000,0.166854,0
1784324291.653444,FIXED400,TRACKING,400,27.050311,49.595279,-0.001436,-0.169232,4.988674,0.000000,0.000000,5.000000,0.169617,0
1784324291.703330,FIXED400,TRACKING,400,26.259771,34.512664,0.011709,-0.172577,4.984135,0.000000,0.000000,5.000000,0.173700,0
1784324291.753449,FIXED400,TRACKING,400,27.355223,49.914222,0.018108,-0.173188,4.981881,0.000000,0.000000,5.000000,0.175072,0
1784324291.803337,FIXED400,TRACKING,400,26.725359,35.015101,0.030242,-0.172036,4.981006,0.000000,0.000000,5.000000,0.175704,0
1784324291.853449,FIXED400,TRACKING,400,27.405840,49.797072,0.038275,-0.169850,4.983942,0.000000,0.000000,5.000000,0.174848,0
1784324291.903388,FIXED400,TRACKING,400,27.373907,35.699800,0.049721,-0.163713,4.989236,0.000000,0.000000,5.000000,0.171435,0
1784324291.953491,FIXED400,TRACKING,400,27.115149,49.765654,0.054997,-0.159393,4.990589,0.000000,0.000000,5.000000,0.168876,0
1784324292.003404,FIXED400,TRACKING,400,26.848568,35.169009,0.064529,-0.148524,4.990693,0.000000,0.000000,5.000000,0.162204,0
1784324292.053425,FIXED400,TRACKING,400,27.601117,50.057181,0.069524,-0.140574,4.989737,0.000000,0.000000,5.000000,0.157162,0
1784324292.103393,FIXED400,TRACKING,400,26.160267,34.521215,0.076799,-0.127609,4.987715,0.000000,0.000000,5.000000,0.149442,0
1784324292.153442,FIXED400,TRACKING,400,27.036793,49.584842,0.079820,-0.120434,4.988514,0.000000,0.000000,5.000000,0.144939,0
1784324292.203363,FIXED400,TRACKING,400,26.715965,34.971111,0.085737,-0.104891,4.993252,0.000000,0.000000,5.000000,0.135641,0
1784324292.253368,FIXED400,TRACKING,400,27.171601,49.592897,0.089702,-0.094545,4.997396,0.000000,0.000000,5.000000,0.130353,0
1784324292.303405,FIXED400,TRACKING,400,26.982726,35.305054,0.094236,-0.076699,5.008123,0.000000,0.000000,5.000000,0.121775,0
1784324292.353376,FIXED400,TRACKING,400,26.764250,49.235017,0.096792,-0.065329,5.014691,0.000000,0.000000,5.000000,0.117696,0
1784324292.403340,FIXED400,TRACKING,400,27.376250,35.481022,0.100393,-0.042851,5.024855,0.000000,0.000000,5.000000,0.111950,0
1784324292.453484,FIXED400,TRACKING,400,27.092540,49.645494,0.101279,-0.029272,5.032747,0.000000,0.000000,5.000000,0.110393,0
1784324292.503479,FIXED400,TRACKING,400,27.328136,35.687824,0.100626,-0.008419,5.042947,0.000000,0.000000,5.000000,0.109731,0
1784324292.553488,FIXED400,TRACKING,400,27.100915,49.698216,0.099759,0.001798,5.045771,0.000000,0.000000,5.000000,0.109772,0
1784324292.603487,FIXED400,TRACKING,400,27.051506,35.240995,0.097783,0.019755,5.051830,0.000000,0.000000,5.000000,0.112419,0
1784324292.653439,FIXED400,TRACKING,400,26.958722,49.536074,0.096014,0.030449,5.053961,0.000000,0.000000,5.000000,0.114270,0
1784324292.703379,FIXED400,TRACKING,400,26.892888,35.149497,0.090503,0.043321,5.054305,0.000000,0.000000,5.000000,0.114090,0
1784324292.753432,FIXED400,TRACKING,400,26.858365,49.350864,0.086475,0.047751,5.053683,0.000000,0.000000,5.000000,0.112427,0
1784324292.803381,FIXED400,TRACKING,400,26.858353,34.928559,0.077474,0.056553,5.050017,0.000000,0.000000,5.000000,0.108177,0
1784324292.853385,FIXED400,TRACKING,400,27.055996,49.559148,0.072166,0.059867,5.049239,0.000000,0.000000,5.000000,0.105908,0
1784324292.903499,FIXED400,TRACKING,400,27.515804,35.957904,0.063432,0.064951,5.050633,0.000000,0.000000,5.000000,0.103952,0
1784324292.953498,FIXED400,TRACKING,400,27.366932,49.775271,0.058986,0.066325,5.052880,0.000000,0.000000,5.000000,0.103318,0
1784324293.003373,FIXED400,TRACKING,400,26.739425,34.999099,0.050034,0.067155,5.056616,0.000000,0.000000,5.000000,0.101087,0
1784324293.053385,FIXED400,TRACKING,400,27.410569,49.861303,0.044270,0.067538,5.058590,0.000000,0.000000,5.000000,0.099770,0
1784324293.103364,FIXED400,TRACKING,400,26.700619,34.860552,0.036404,0.071291,5.063343,0.000000,0.000000,5.000000,0.102079,0
1784324293.153386,FIXED400,TRACKING,400,31.147300,53.639911,0.032415,0.072957,5.064650,0.000000,0.000000,5.000000,0.102728,0
1784324293.203378,FIXED400,TRACKING,400,37.511181,45.878824,0.024721,0.074186,5.065016,0.000000,0.000000,5.000000,0.101695,0
1784324293.253382,FIXED400,TRACKING,400,37.673612,50.002516,0.020210,0.073375,5.064264,0.000000,0.000000,5.000000,0.099610,0
1784324293.303370,FIXED400,TRACKING,400,39.321421,47.584885,0.012922,0.071658,5.061662,0.000000,0.000000,5.000000,0.095415,0
1784324293.353365,FIXED400,TRACKING,400,39.147424,49.727324,0.009413,0.070550,5.059220,0.000000,0.000000,5.000000,0.092590,0
1784324293.403356,FIXED400,TRACKING,400,39.015958,47.422153,0.001975,0.067748,5.052731,0.000000,0.000000,5.000000,0.085873,0
1784324293.453359,FIXED400,TRACKING,400,41.497789,52.429599,-0.003471,0.064844,5.046826,0.000000,0.000000,5.000000,0.080060,0
1784324293.503356,FIXED400,TRACKING,400,38.044534,46.430781,-0.013212,0.058283,5.037285,0.000000,0.000000,5.000000,0.070439,0
1784324293.554306,FIXED400,TRACKING,400,46.094900,58.961364,-0.017616,0.055098,5.031956,0.000000,0.000000,5.000000,0.066086,0
1784324293.606299,FIXED400,TRACKING,400,43.138776,48.961495,-0.021944,0.047253,5.018788,0.000000,0.000000,5.000000,0.055384,0
1784324293.653357,FIXED400,TRACKING,400,40.073228,43.942332,-0.023869,0.042394,5.009718,0.000000,0.000000,5.000000,0.049613,0
1784324293.703357,FIXED400,TRACKING,400,37.008039,45.429001,-0.025098,0.036261,4.998325,0.000000,0.000000,5.000000,0.044132,0
1784324293.755299,FIXED400,TRACKING,400,40.075551,54.970040,-0.024909,0.033744,4.994430,0.000000,0.000000,5.000000,0.042310,0
1784324293.803356,FIXED400,TRACKING,400,37.992057,45.922067,-0.024954,0.028231,4.989996,0.000000,0.000000,5.000000,0.038985,0
1784324293.853358,FIXED400,TRACKING,400,40.048491,52.022626,-0.024013,0.026597,4.988121,0.000000,0.000000,5.000000,0.037751,0
1784324293.903357,FIXED400,TRACKING,400,38.942320,47.272133,-0.022846,0.022898,4.987415,0.000000,0.000000,5.000000,0.034708,0
1784324293.953357,FIXED400,TRACKING,400,41.543591,52.566935,-0.022509,0.020389,4.986487,0.000000,0.000000,5.000000,0.033241,0
1784324294.003357,FIXED400,TRACKING,400,38.054098,46.388167,-0.022150,0.014240,4.983329,0.000000,0.000000,5.000000,0.031166,0
1784324294.053365,FIXED400,TRACKING,400,50.509660,62.429846,-0.021800,0.010100,4.982344,0.000000,0.000000,5.000000,0.029816,1
1784324294.103941,FIXED400,TRACKING,400,40.057215,102.553123,-0.021800,0.010100,4.982344,0.000000,0.000000,5.000000,0.029816,0
1784324294.153359,FIXED400,TRACKING,400,40.092043,49.382686,-0.021439,-0.004276,4.978975,0.000000,0.000000,5.000000,0.030331,0
1784324294.203359,FIXED400,TRACKING,400,40.454605,48.799741,-0.021644,-0.012414,4.977020,0.000000,0.000000,5.000000,0.033921,0
1784324294.253359,FIXED400,TRACKING,400,40.677243,50.138218,-0.022048,-0.016544,4.978909,0.000000,0.000000,5.000000,0.034708,0
1784324294.303359,FIXED400,TRACKING,400,40.091611,48.423157,-0.022784,-0.022740,4.982876,0.000000,0.000000,5.000000,0.036462,0
1784324294.353363,FIXED400,TRACKING,400,37.065424,46.942083,-0.023123,-0.025102,4.986343,0.000000,0.000000,5.000000,0.036760,0
1784324294.403359,FIXED400,TRACKING,400,39.077249,46.127500,-0.023844,-0.029661,4.992123,0.000000,0.000000,5.000000,0.038863,0
1784324294.453360,FIXED400,TRACKING,400,41.072767,51.962527,-0.023390,-0.033817,4.995741,0.000000,0.000000,5.000000,0.041338,0
1784324294.503360,FIXED400,TRACKING,400,38.054334,46.489521,-0.020953,-0.042773,5.001378,0.000000,0.000000,5.000000,0.047649,0
1784324294.553366,FIXED400,TRACKING,400,50.670294,62.587580,-0.019935,-0.046550,5.004145,0.000000,0.000000,5.000000,0.050808,1
1784324294.604107,FIXED400,TRACKING,400,40.615954,103.271866,-0.019935,-0.046550,5.004145,0.000000,0.000000,5.000000,0.050808,0
1784324294.653364,FIXED400,TRACKING,400,38.630015,47.210791,-0.013905,-0.057802,5.003801,0.000000,0.000000,5.000000,0.059573,0
1784324294.703361,FIXED400,TRACKING,400,41.073069,49.503043,-0.010314,-0.062392,5.005438,0.000000,0.000000,5.000000,0.063472,0
1784324294.753362,FIXED400,TRACKING,400,40.071156,48.958280,-0.008584,-0.064239,5.006497,0.000000,0.000000,5.000000,0.065135,0
1784324294.803361,FIXED400,TRACKING,400,40.021798,48.318562,-0.005290,-0.067317,5.008085,0.000000,0.000000,5.000000,0.068007,0
1784324294.853362,FIXED400,TRACKING,400,39.061402,49.004482,-0.003204,-0.070420,5.008501,0.000000,0.000000,5.000000,0.071003,0
1784324294.903362,FIXED400,TRACKING,400,38.031669,46.423372,0.000227,-0.073973,5.007107,0.000000,0.000000,5.000000,0.074314,0
1784324294.953362,FIXED400,TRACKING,400,40.061541,51.995245,0.001733,-0.075184,5.007153,0.000000,0.000000,5.000000,0.075544,0
1784324295.003362,FIXED400,TRACKING,400,40.198070,48.571618,0.003927,-0.076587,5.006400,0.000000,0.000000,5.000000,0.076954,0
1784324295.053363,FIXED400,TRACKING,400,41.013492,50.779546,0.004679,-0.076750,5.003713,0.000000,0.000000,5.000000,0.076982,0
1784324295.103363,FIXED400,TRACKING,400,38.012747,46.303380,0.003712,-0.077933,5.002053,0.000000,0.000000,5.000000,0.078048,0
1784324295.153363,FIXED400,TRACKING,400,40.109694,52.059442,0.003084,-0.078205,5.002126,0.000000,0.000000,5.000000,0.078294,0
1784324295.203364,FIXED400,TRACKING,400,40.671140,49.095567,0.001217,-0.078842,4.999986,0.000000,0.000000,5.000000,0.078851,0
1784324295.253364,FIXED400,TRACKING,400,40.090573,49.334618,-0.000679,-0.079396,4.998855,0.000000,0.000000,5.000000,0.079408,0
1784324295.303364,FIXED400,TRACKING,400,40.106982,46.157902,-0.002844,-0.079403,4.996115,0.000000,0.000000,5.000000,0.079549,0
1784324295.353368,FIXED400,TRACKING,400,37.037294,46.895694,-0.003111,-0.079355,4.993902,0.000000,0.000000,5.000000,0.079650,0
1784324295.403364,FIXED400,TRACKING,400,42.050430,50.490027,-0.003581,-0.077939,4.989842,0.000000,0.000000,5.000000,0.078680,0
1784324295.453365,FIXED400,TRACKING,400,38.038041,45.952587,-0.003115,-0.076650,4.992730,0.000000,0.000000,5.000000,0.077057,0
1784324295.503365,FIXED400,TRACKING,400,40.620481,49.053161,-0.000646,-0.074282,5.001898,0.000000,0.000000,5.000000,0.074309,0
1784324295.553365,FIXED400,TRACKING,400,40.109363,49.447448,0.000550,-0.072540,5.007358,0.000000,0.000000,5.000000,0.072914,0
1784324295.603366,FIXED400,TRACKING,400,40.105048,48.425341,0.001472,-0.067732,5.017750,0.000000,0.000000,5.000000,0.070034,0
1784324295.653366,FIXED400,TRACKING,400,37.542352,47.402440,0.001730,-0.064136,5.021829,0.000000,0.000000,5.000000,0.067771,0
1784324295.703367,FIXED400,TRACKING,400,40.015689,48.356400,0.001786,-0.055848,5.027469,0.000000,0.000000,5.000000,0.062263,0
1784324295.753367,FIXED400,TRACKING,400,42.059080,52.000729,0.001553,-0.050612,5.030403,0.000000,0.000000,5.000000,0.059062,0
1784324295.803367,FIXED400,TRACKING,400,37.628985,45.520754,0.001039,-0.039856,5.035601,0.000000,0.000000,5.000000,0.053451,0
1784324295.853367,FIXED400,TRACKING,400,41.065305,53.398776,0.001202,-0.031439,5.037832,0.000000,0.000000,5.000000,0.049205,0
1784324295.903367,FIXED400,TRACKING,400,38.118650,46.663919,0.001535,-0.018445,5.040334,0.000000,0.000000,5.000000,0.044378,0
1784324295.953367,FIXED400,TRACKING,400,41.544526,53.389944,0.001727,-0.011914,5.040619,0.000000,0.000000,5.000000,0.042366,0
1784324296.003367,FIXED400,TRACKING,400,38.049149,46.450403,0.002233,0.000832,5.039618,0.000000,0.000000,5.000000,0.039690,0
1784324296.053368,FIXED400,TRACKING,400,40.049063,51.965288,0.002560,0.008399,5.036139,0.000000,0.000000,5.000000,0.037190,0
1784324296.103368,FIXED400,TRACKING,400,40.787193,49.026871,0.003018,0.018813,5.027595,0.000000,0.000000,5.000000,0.033534,0
1784324296.153368,FIXED400,TRACKING,400,40.093959,49.266640,0.003205,0.023661,5.022535,0.000000,0.000000,5.000000,0.032832,0
1784324296.203369,FIXED400,TRACKING,400,40.095782,48.399637,0.003431,0.031244,5.017614,0.000000,0.000000,5.000000,0.036031,0
1784324296.253370,FIXED400,TRACKING,400,40.120826,49.945449,0.003415,0.034253,5.018429,0.000000,0.000000,5.000000,0.039045,0
1784324296.303369,FIXED400,TRACKING,400,37.089087,45.408333,0.003556,0.039270,5.017111,0.000000,0.000000,5.000000,0.042984,0
1784324296.356300,FIXED400,TRACKING,400,37.043207,52.853052,0.003092,0.042465,5.016938,0.000000,0.000000,5.000000,0.045823,0
1784324296.403369,FIXED400,TRACKING,400,42.055490,50.281561,0.002594,0.048723,5.014910,0.000000,0.000000,5.000000,0.051019,0
1784324296.453370,FIXED400,TRACKING,400,38.050976,45.964425,0.001428,0.050033,5.013148,0.000000,0.000000,5.000000,0.051752,0
1784324296.503370,FIXED400,TRACKING,400,40.819890,49.108741,-0.002813,0.050375,5.007590,0.000000,0.000000,5.000000,0.051021,0
1784324296.553370,FIXED400,TRACKING,400,40.065327,49.215843,-0.004952,0.050641,5.005084,0.000000,0.000000,5.000000,0.051136,0
1784324296.603370,FIXED400,TRACKING,400,40.070455,48.462023,-0.007515,0.053186,5.002041,0.000000,0.000000,5.000000,0.053754,0
1784324296.653371,FIXED400,TRACKING,400,34.021164,43.916780,-0.008936,0.054925,5.001496,0.000000,0.000000,5.000000,0.055667,0
1784324296.703371,FIXED400,TRACKING,400,49.099686,55.163606,-0.013146,0.055902,4.999093,0.000000,0.000000,5.000000,0.057434,0
1784324296.753371,FIXED400,TRACKING,400,47.805423,48.662595,-0.016056,0.055561,4.996283,0.000000,0.000000,5.000000,0.057953,0
1784324296.803371,FIXED400,TRACKING,400,38.081065,40.226720,-0.021427,0.054190,4.992397,0.000000,0.000000,5.000000,0.058766,0
1784324296.854299,FIXED400,TRACKING,400,40.697560,53.513401,-0.025297,0.050710,4.991100,0.000000,0.000000,5.000000,0.057364,0
1784324296.903372,FIXED400,TRACKING,400,38.055345,46.386421,-0.030723,0.044472,4.988372,0.000000,0.000000,5.000000,0.055289,0
1784324296.953372,FIXED400,TRACKING,400,40.069957,51.985047,-0.032790,0.040186,4.988672,0.000000,0.000000,5.000000,0.053088,0
1784324297.003372,FIXED400,TRACKING,400,40.797541,48.973776,-0.035530,0.029485,4.996190,0.000000,0.000000,5.000000,0.046328,0
1784324297.053373,FIXED400,TRACKING,400,40.107131,49.275002,-0.036864,0.022747,5.002199,0.000000,0.000000,5.000000,0.043373,0
1784324297.103373,FIXED400,TRACKING,400,40.070033,48.140237,-0.038324,0.011756,5.012984,0.000000,0.000000,5.000000,0.042137,0
1784324297.153381,FIXED400,TRACKING,400,49.528992,59.425237,-0.038964,0.006463,5.017498,0.000000,0.000000,5.000000,0.043198,0
1784324297.203374,FIXED400,TRACKING,400,43.093726,43.484465,-0.040359,-0.004676,5.023726,0.000000,0.000000,5.000000,0.047050,0
1784324297.253374,FIXED400,TRACKING,400,40.717744,47.548682,-0.041156,-0.012292,5.026517,0.000000,0.000000,5.000000,0.050478,0
1784324297.303374,FIXED400,TRACKING,400,40.060812,48.478541,-0.041486,-0.022499,5.029555,0.000000,0.000000,5.000000,0.055685,0
1784324297.353375,FIXED400,TRACKING,400,39.070550,48.973433,-0.040264,-0.024901,5.031844,0.000000,0.000000,5.000000,0.057055,0
1784324297.403374,FIXED400,TRACKING,400,37.750258,46.111016,-0.038040,-0.028794,5.034209,0.000000,0.000000,5.000000,0.058706,0
1784324297.454298,FIXED400,TRACKING,400,40.744762,53.884816,-0.036492,-0.030376,5.031066,0.000000,0.000000,5.000000,0.056740,0
1784324297.503375,FIXED400,TRACKING,400,38.078811,46.364455,-0.033536,-0.031580,5.021128,0.000000,0.000000,5.000000,0.050679,0
1784324297.553376,FIXED400,TRACKING,400,41.379523,53.270482,-0.031648,-0.032081,5.014894,0.000000,0.000000,5.000000,0.047462,0
1784324297.603376,FIXED400,TRACKING,400,38.054809,46.462525,-0.026794,-0.032610,5.005181,0.000000,0.000000,5.000000,0.042523,0
1784324297.653377,FIXED400,TRACKING,400,40.055827,51.962527,-0.023046,-0.032668,4.999885,0.000000,0.000000,5.000000,0.039979,0
1784324297.703376,FIXED400,TRACKING,400,40.065813,48.338426,-0.017344,-0.033759,4.992727,0.000000,0.000000,5.000000,0.038644,0
1784324297.753376,FIXED400,TRACKING,400,39.068260,48.964419,-0.014007,-0.034740,4.986601,0.000000,0.000000,5.000000,0.039782,0
1784324297.803376,FIXED400,TRACKING,400,41.041271,49.110553,-0.007922,-0.035364,4.976844,0.000000,0.000000,5.000000,0.043006,0
1784324297.853377,FIXED400,TRACKING,400,40.682432,49.599597,-0.003715,-0.035240,4.972833,0.000000,0.000000,5.000000,0.044651,0
1784324297.903376,FIXED400,TRACKING,400,40.011280,48.375611,0.004020,-0.034319,4.967117,0.000000,0.000000,5.000000,0.047700,0
1784324297.953377,FIXED400,TRACKING,400,39.097514,49.051393,0.007840,-0.033331,4.966629,0.000000,0.000000,5.000000,0.047813,0
1784324298.003377,FIXED400,TRACKING,400,37.653583,45.914916,0.014852,-0.030484,4.968978,0.000000,0.000000,5.000000,0.045959,0
1784324298.053378,FIXED400,TRACKING,400,38.036807,50.342266,0.018640,-0.028460,4.971549,0.000000,0.000000,5.000000,0.044349,0
1784324298.103378,FIXED400,TRACKING,400,40.051060,48.295463,0.022299,-0.025226,4.972848,0.000000,0.000000,5.000000,0.043253,0
1784324298.153378,FIXED400,TRACKING,400,39.667112,49.579668,0.023609,-0.023347,4.973085,0.000000,0.000000,5.000000,0.042742,0
1784324298.203378,FIXED400,TRACKING,400,39.063239,47.325301,0.025553,-0.019842,4.974473,0.000000,0.000000,5.000000,0.041211,0
1784324298.253379,FIXED400,TRACKING,400,39.029357,49.900133,0.026511,-0.017925,4.975017,0.000000,0.000000,5.000000,0.040600,0
1784324298.303379,FIXED400,TRACKING,400,39.060096,46.125516,0.027356,-0.013874,4.973774,0.000000,0.000000,5.000000,0.040357,0
1784324298.353379,FIXED400,TRACKING,400,41.360417,52.265926,0.026453,-0.010261,4.970345,0.000000,0.000000,5.000000,0.041042,0
1784324298.403379,FIXED400,TRACKING,400,38.034419,46.444347,0.024797,-0.003377,4.966037,0.000000,0.000000,5.000000,0.042187,0
1784324298.453380,FIXED400,TRACKING,400,40.035907,51.969933,0.024910,-0.000075,4.965100,0.000000,0.000000,5.000000,0.042878,0
1784324298.503380,FIXED400,TRACKING,400,39.030799,47.427144,0.027156,0.003315,4.966009,0.000000,0.000000,5.000000,0.043633,0
1784324298.553380,FIXED400,TRACKING,400,41.340252,52.275469,0.027813,0.005153,4.965940,0.000000,0.000000,5.000000,0.044274,0
1784324298.603380,FIXED400,TRACKING,400,38.066458,46.441102,0.028026,0.006533,4.971480,0.000000,0.000000,5.000000,0.040515,0
1784324298.654305,FIXED400,TRACKING,400,50.380086,63.203105,0.027673,0.007280,4.975861,0.000000,0.000000,5.000000,0.037437,1
1784324298.704735,FIXED400,TRACKING,400,43.397785,106.650025,0.027673,0.007280,4.975861,0.000000,0.000000,5.000000,0.037437,0
1784324298.753381,FIXED400,TRACKING,400,41.077092,46.268586,0.029069,0.010826,4.993271,0.000000,0.000000,5.000000,0.031741,0
1784324298.803382,FIXED400,TRACKING,400,41.083667,49.560621,0.029953,0.013269,5.007002,0.000000,0.000000,5.000000,0.033501,0
1784324298.853382,FIXED400,TRACKING,400,38.078580,46.963141,0.029401,0.016775,5.014202,0.000000,0.000000,5.000000,0.036708,0
1784324298.903382,FIXED400,TRACKING,400,41.049612,49.387287,0.028340,0.021939,5.023431,0.000000,0.000000,5.000000,0.042819,0
1784324298.953382,FIXED400,TRACKING,400,40.068879,48.986814,0.027608,0.025242,5.026634,0.000000,0.000000,5.000000,0.045921,0
1784324299.003382,FIXED400,TRACKING,400,37.083454,45.268311,0.025626,0.033669,5.030334,0.000000,0.000000,5.000000,0.052062,0
1784324299.053383,FIXED400,TRACKING,400,40.059885,52.938942,0.024685,0.036992,5.030330,0.000000,0.000000,5.000000,0.053830,0
1784324299.103382,FIXED400,TRACKING,400,40.073281,48.394374,0.022472,0.042046,5.030015,0.000000,0.000000,5.000000,0.056336,0
1784324299.153383,FIXED400,TRACKING,400,37.050312,46.942296,0.021392,0.044165,5.030868,0.000000,0.000000,5.000000,0.057974,0
1784324299.206299,FIXED400,TRACKING,400,46.155384,57.338111,0.020743,0.046957,5.033742,0.000000,0.000000,5.000000,0.061431,0
1784324299.256299,FIXED400,TRACKING,400,43.036654,46.789937,0.021592,0.047632,5.033966,0.000000,0.000000,5.000000,0.062360,0
1784324299.303384,FIXED400,TRACKING,400,39.039690,43.031882,0.022645,0.048610,5.030520,0.000000,0.000000,5.000000,0.061703,0
1784324299.354299,FIXED400,TRACKING,400,40.033534,51.872903,0.022994,0.049292,5.026422,0.000000,0.000000,5.000000,0.060469,0
1784324299.403384,FIXED400,TRACKING,400,40.076838,48.290475,0.023322,0.049866,5.018368,0.000000,0.000000,5.000000,0.058034,0
1784324299.453384,FIXED400,TRACKING,400,40.030853,49.905850,0.023010,0.050948,5.011132,0.000000,0.000000,5.000000,0.057000,0
1784324299.503385,FIXED400,TRACKING,400,40.069360,48.286346,0.021411,0.054646,4.998415,0.000000,0.000000,5.000000,0.058713,0
1784324299.553385,FIXED400,TRACKING,400,40.083220,49.970557,0.020322,0.055914,4.994505,0.000000,0.000000,5.000000,0.059746,0
1784324299.603384,FIXED400,TRACKING,400,37.081186,45.382924,0.016079,0.056607,4.988157,0.000000,0.000000,5.000000,0.060026,0
1784324299.653386,FIXED400,TRACKING,400,40.064873,52.948881,0.013626,0.056604,4.983949,0.000000,0.000000,5.000000,0.060393,0
1784324299.703385,FIXED400,TRACKING,400,40.069344,48.361346,0.011580,0.056509,4.977552,0.000000,0.000000,5.000000,0.061897,0
1784324299.753386,FIXED400,TRACKING,400,40.050158,49.935331,0.011195,0.056203,4.975067,0.000000,0.000000,5.000000,0.062496,0
1784324299.803386,FIXED400,TRACKING,400,40.068241,48.367898,0.010208,0.054572,4.970603,0.000000,0.000000,5.000000,0.062821,0
1784324299.853386,FIXED400,TRACKING,400,40.085651,49.977223,0.007337,0.051863,4.968569,0.000000,0.000000,5.000000,0.061086,0
1784324299.903387,FIXED400,TRACKING,400,40.085634,48.480664,0.003335,0.047412,4.963019,0.000000,0.000000,5.000000,0.060221,0
1784324299.953387,FIXED400,TRACKING,400,40.083400,49.961699,0.001466,0.043890,4.961154,0.000000,0.000000,5.000000,0.058630,0
1784324300.003387,FIXED400,TRACKING,400,40.063053,48.400880,-0.002317,0.034745,4.961601,0.000000,0.000000,5.000000,0.051837,0
1784324300.053388,FIXED400,TRACKING,400,37.005244,46.903828,-0.004553,0.029429,4.963284,0.000000,0.000000,5.000000,0.047275,0
1784324300.103388,FIXED400,TRACKING,400,42.065681,50.281000,-0.008850,0.023906,4.967435,0.000000,0.000000,5.000000,0.041356,0
1784324300.153388,FIXED400,TRACKING,400,39.001690,46.901855,-0.011019,0.021322,4.969955,0.000000,0.000000,5.000000,0.038454,0
1784324300.203388,FIXED400,TRACKING,400,38.145009,46.444615,-0.016802,0.014217,4.980121,0.000000,0.000000,5.000000,0.029658,0
1784324300.254301,FIXED400,TRACKING,400,40.060245,52.761812,-0.019707,0.010620,4.984513,0.000000,0.000000,5.000000,0.027221,0
1784324300.303389,FIXED400,TRACKING,400,40.035975,48.345336,-0.025407,0.003272,4.989808,0.000000,0.000000,5.000000,0.027570,0
1784324300.353389,FIXED400,TRACKING,400,39.062728,48.991757,-0.029946,-0.002541,4.992368,0.000000,0.000000,5.000000,0.031008,0
1784324300.403389,FIXED400,TRACKING,400,51.073103,58.154287,-0.037673,-0.012987,4.997598,0.000000,0.000000,5.000000,0.039921,1
1784324300.454515,FIXED400,TRACKING,400,43.084269,101.291631,-0.037673,-0.012987,4.997598,0.000000,0.000000,5.000000,0.039921,0
1784324300.503390,FIXED400,TRACKING,400,41.100226,46.835387,-0.046377,-0.027452,5.006999,0.000000,0.000000,5.000000,0.054346,0
1784324300.553391,FIXED400,TRACKING,400,38.085815,46.947023,-0.048607,-0.031327,5.010194,0.000000,0.000000,5.000000,0.058719,0
1784324300.603390,FIXED400,TRACKING,400,41.029102,49.234558,-0.055074,-0.037340,5.016090,0.000000,0.000000,5.000000,0.068457,0
1784324300.653391,FIXED400,TRACKING,400,40.072395,49.002263,-0.057857,-0.039417,5.017395,0.000000,0.000000,5.000000,0.072136,0
1784324300.703390,FIXED400,TRACKING,400,40.050749,48.242460,-0.062767,-0.042816,5.014439,0.000000,0.000000,5.000000,0.077339,0
1784324300.753391,FIXED400,TRACKING,400,39.054969,48.963908,-0.064780,-0.044126,5.010450,0.000000,0.000000,5.000000,0.079074,0
1784324300.803391,FIXED400,TRACKING,400,39.072992,47.393053,-0.067451,-0.046102,5.004413,0.000000,0.000000,5.000000,0.081820,0
1784324300.853391,FIXED400,TRACKING,400,39.013763,49.907541,-0.071016,-0.045720,5.000424,0.000000,0.000000,5.000000,0.084461,0
1784324300.903391,FIXED400,TRACKING,400,41.080089,49.430040,-0.075014,-0.044775,4.994792,0.000000,0.000000,5.000000,0.087516,0
1784324300.953392,FIXED400,TRACKING,400,38.036340,46.926182,-0.076091,-0.043224,4.991405,0.000000,0.000000,5.000000,0.087932,0
1784324301.003392,FIXED400,TRACKING,400,40.068168,46.162122,-0.076653,-0.038018,4.984349,0.000000,0.000000,5.000000,0.086983,0
1784324301.053393,FIXED400,TRACKING,400,39.997162,49.893803,-0.076329,-0.034729,4.980022,0.000000,0.000000,5.000000,0.086205,0
1784324301.103392,FIXED400,TRACKING,400,37.087038,45.277562,-0.075330,-0.027474,4.968948,0.000000,0.000000,5.000000,0.085987,0
1784324301.156299,FIXED400,TRACKING,400,37.079089,52.865873,-0.074268,-0.023770,4.964641,0.000000,0.000000,5.000000,0.085621,0
1784324301.203393,FIXED400,TRACKING,400,42.116124,50.487911,-0.072057,-0.016242,4.956173,0.000000,0.000000,5.000000,0.085888,0
1784324301.253393,FIXED400,TRACKING,400,39.102468,46.905817,-0.071054,-0.011414,4.950704,0.000000,0.000000,5.000000,0.087230,0
1784324301.303393,FIXED400,TRACKING,400,39.088125,47.527931,-0.068643,-0.005110,4.945424,0.000000,0.000000,5.000000,0.087844,0
1784324301.353394,FIXED400,TRACKING,400,39.095543,49.946150,-0.067898,-0.005568,4.946119,0.000000,0.000000,5.000000,0.086858,0
1784324301.403394,FIXED400,TRACKING,400,39.037475,47.309458,-0.065416,-0.005770,4.947049,0.000000,0.000000,5.000000,0.084359,0
1784324301.454298,FIXED400,TRACKING,400,40.001005,51.835287,-0.063127,-0.005750,4.948002,0.000000,0.000000,5.000000,0.081987,0
1784324301.503394,FIXED400,TRACKING,400,40.124838,48.571030,-0.058290,-0.005695,4.951219,0.000000,0.000000,5.000000,0.076222,0
1784324301.553394,FIXED400,TRACKING,400,40.073643,49.908400,-0.055544,-0.005617,4.952702,0.000000,0.000000,5.000000,0.073170,0
1784324301.603395,FIXED400,TRACKING,400,40.053281,48.361635,-0.049941,-0.006691,4.961337,0.000000,0.000000,5.000000,0.063511,0
1784324301.653395,FIXED400,TRACKING,400,40.401052,50.308725,-0.046191,-0.007603,4.968732,0.000000,0.000000,5.000000,0.056295,0
1784324301.703396,FIXED400,TRACKING,400,37.035015,45.377205,-0.038932,-0.007999,4.978854,0.000000,0.000000,5.000000,0.045020,0
1784324301.753404,FIXED400,TRACKING,400,51.998854,64.931684,-0.034890,-0.007681,4.983773,0.000000,0.000000,5.000000,0.039238,1
1784324301.805458,FIXED400,TRACKING,400,43.019946,108.006056,-0.034890,-0.007681,4.983773,0.000000,0.000000,5.000000,0.039238,0
1784324301.853396,FIXED400,TRACKING,400,39.044919,43.911183,-0.020892,-0.007274,5.001222,0.000000,0.000000,5.000000,0.022156,0
1784324301.903396,FIXED400,TRACKING,400,42.060422,50.372227,-0.011316,-0.007633,5.009145,0.000000,0.000000,5.000000,0.016430,0
1784324301.953397,FIXED400,TRACKING,400,39.103415,47.007370,-0.007722,-0.007237,5.012288,0.000000,0.000000,5.000000,0.016217,0
1784324302.003396,FIXED400,TRACKING,400,39.077448,47.168640,-0.002345,-0.005684,5.017699,0.000000,0.000000,5.000000,0.018737,0
1784324302.053397,FIXED400,TRACKING,400,39.020769,49.909833,0.001126,-0.004930,5.020714,0.000000,0.000000,5.000000,0.021323,0
1784324302.103397,FIXED400,TRACKING,400,39.092239,47.478511,0.006468,-0.010474,5.026654,0.000000,0.000000,5.000000,0.029360,0
1784324302.153398,FIXED400,TRACKING,400,42.006889,52.875986,0.009090,-0.013326,5.029147,0.000000,0.000000,5.000000,0.033313,0
1784324302.203398,FIXED400,TRACKING,400,38.151033,46.100188,0.014541,-0.018236,5.030979,0.000000,0.000000,5.000000,0.038777,0
1784324302.254307,FIXED400,TRACKING,400,52.092174,64.765743,0.018037,-0.020942,5.029955,0.000000,0.000000,5.000000,0.040758,1
1784324302.306458,FIXED400,TRACKING,400,37.036027,101.859498,0.018037,-0.020942,5.029955,0.000000,0.000000,5.000000,0.040758,0
1784324302.356301,FIXED400,TRACKING,400,37.023493,49.778281,0.023600,-0.024085,5.023654,0.000000,0.000000,5.000000,0.041189,0
1784324302.403399,FIXED400,TRACKING,400,42.057806,50.414811,0.025168,-0.023693,5.018394,0.000000,0.000000,5.000000,0.039155,0
1784324302.453399,FIXED400,TRACKING,400,39.023527,46.936047,0.026199,-0.023241,5.017118,0.000000,0.000000,5.000000,0.038981,0
1784324302.503399,FIXED400,TRACKING,400,41.100234,49.200208,0.027835,-0.022328,5.018753,0.000000,0.000000,5.000000,0.040312,0
1784324302.553400,FIXED400,TRACKING,400,38.082051,46.949673,0.028136,-0.021550,5.018711,0.000000,0.000000,5.000000,0.040077,0
1784324302.603400,FIXED400,TRACKING,400,37.978592,43.079259,0.025399,-0.016055,5.014369,0.000000,0.000000,5.000000,0.033307,0
1784324302.653400,FIXED400,TRACKING,400,40.054377,52.046299,0.023146,-0.011851,5.010728,0.000000,0.000000,5.000000,0.028130,0
1784324302.703400,FIXED400,TRACKING,400,40.031961,48.461298,0.019781,-0.006235,5.008842,0.000000,0.000000,5.000000,0.022546,0
1784324302.753401,FIXED400,TRACKING,400,39.113159,49.042876,0.018354,-0.003832,5.010375,0.000000,0.000000,5.000000,0.021429,0
1784324302.803401,FIXED400,TRACKING,400,39.067829,47.400365,0.016002,0.001346,5.012317,0.000000,0.000000,5.000000,0.020238,0
1784324302.853401,FIXED400,TRACKING,400,39.016214,49.917401,0.015135,0.005269,5.008673,0.000000,0.000000,5.000000,0.018222,0
1784324302.903401,FIXED400,TRACKING,400,41.066808,49.260532,0.013598,0.010797,5.005653,0.000000,0.000000,5.000000,0.018260,0
1784324302.953401,FIXED400,TRACKING,400,38.045000,46.945997,0.012945,0.013063,5.005785,0.000000,0.000000,5.000000,0.019279,0
1784324303.004298,FIXED400,TRACKING,400,40.064384,49.318649,0.011704,0.016716,5.006243,0.000000,0.000000,5.000000,0.021340,0
1784324303.053402,FIXED400,TRACKING,400,40.016852,49.023209,0.010652,0.018794,5.005994,0.000000,0.000000,5.000000,0.022419,0
1784324303.103402,FIXED400,TRACKING,400,40.101630,48.464585,0.013730,0.019336,5.006432,0.000000,0.000000,5.000000,0.024572,0
1784324303.153402,FIXED400,TRACKING,400,40.041175,49.905550,0.015253,0.019639,5.006465,0.000000,0.000000,5.000000,0.025694,0
1784324303.203402,FIXED400,TRACKING,400,37.145671,45.496086,0.016568,0.021902,5.004772,0.000000,0.000000,5.000000,0.027874,0
1784324303.253404,FIXED400,TRACKING,400,37.102840,49.870911,0.016012,0.024640,5.003318,0.000000,0.000000,5.000000,0.029573,0
1784324303.303404,FIXED400,TRACKING,400,40.024142,48.266984,0.015055,0.029097,4.998254,0.000000,0.000000,5.000000,0.032807,0
1784324303.353403,FIXED400,TRACKING,400,39.032285,48.973778,0.014549,0.032825,4.992819,0.000000,0.000000,5.000000,0.036616,0
1784324303.403404,FIXED400,TRACKING,400,42.127417,50.534338,0.013501,0.039133,4.984449,0.000000,0.000000,5.000000,0.044221,0
1784324303.453404,FIXED400,TRACKING,400,39.112435,46.943262,0.012490,0.042509,4.979145,0.000000,0.000000,5.000000,0.048969,0
1784324303.503404,FIXED400,TRACKING,400,39.097223,46.201834,0.010088,0.046858,4.971817,0.000000,0.000000,5.000000,0.055603,0
1784324303.553406,FIXED400,TRACKING,400,39.109766,49.978408,0.008817,0.048713,4.969777,0.000000,0.000000,5.000000,0.058001,0
1784324303.603405,FIXED400,TRACKING,400,39.135843,46.241862,0.005191,0.046911,4.967231,0.000000,0.000000,5.000000,0.057458,0
1784324303.653405,FIXED400,TRACKING,400,42.065997,52.889989,0.003587,0.045497,4.965930,0.000000,0.000000,5.000000,0.056953,0
1784324303.703406,FIXED400,TRACKING,400,38.973568,46.854701,0.001798,0.038100,4.967382,0.000000,0.000000,5.000000,0.050188,0
1784324303.753411,FIXED400,TRACKING,400,51.017071,62.018269,0.001547,0.030967,4.970063,0.000000,0.000000,5.000000,0.043100,1
1784324303.804480,FIXED400,TRACKING,400,42.974950,105.044061,0.001547,0.030967,4.970063,0.000000,0.000000,5.000000,0.043100,0
1784324303.854299,FIXED400,TRACKING,400,40.072536,46.865003,0.000452,0.015629,4.976334,0.000000,0.000000,5.000000,0.028365,0
1784324303.903406,FIXED400,TRACKING,400,39.993604,48.323516,-0.000615,0.006291,4.977487,0.000000,0.000000,5.000000,0.023384,0
1784324303.953407,FIXED400,TRACKING,400,39.057652,49.029661,0.000523,0.001099,4.976364,0.000000,0.000000,5.000000,0.023668,0
1784324304.003406,FIXED400,TRACKING,400,39.090115,46.858679,0.005663,-0.009586,4.977212,0.000000,0.000000,5.000000,0.025362,0
1784324304.053407,FIXED400,TRACKING,400,42.036199,52.907233,0.008692,-0.015678,4.980783,0.000000,0.000000,5.000000,0.026280,0
1784324304.103408,FIXED400,TRACKING,400,39.092511,46.991523,0.012080,-0.022597,4.987351,0.000000,0.000000,5.000000,0.028575,0
1784324304.153408,FIXED400,TRACKING,400,39.020976,49.895856,0.013523,-0.025576,4.989768,0.000000,0.000000,5.000000,0.030687,0
1784324304.203407,FIXED400,TRACKING,400,41.025155,49.424861,0.016079,-0.032023,4.995669,0.000000,0.000000,5.000000,0.036094,0
1784324304.253408,FIXED400,TRACKING,400,38.075220,46.972626,0.017586,-0.036692,4.998738,0.000000,0.000000,5.000000,0.040708,0
1784324304.303409,FIXED400,TRACKING,400,41.104797,49.521855,0.019772,-0.043807,4.998672,0.000000,0.000000,5.000000,0.048080,0
1784324304.353408,FIXED400,TRACKING,400,38.087146,46.936324,0.020745,-0.047732,4.998587,0.000000,0.000000,5.000000,0.052064,0
1784324304.403408,FIXED400,TRACKING,400,41.112605,49.404535,0.022697,-0.054726,5.000048,0.000000,0.000000,5.000000,0.059246,0
1784324304.453409,FIXED400,TRACKING,400,38.051765,46.907933,0.024553,-0.058731,5.001201,0.000000,0.000000,5.000000,0.063668,0
1784324304.504298,FIXED400,TRACKING,400,40.070035,49.120586,0.028749,-0.064780,5.002003,0.000000,0.000000,5.000000,0.070901,0
1784324304.553410,FIXED400,TRACKING,400,40.060327,49.059259,0.030544,-0.067009,5.002748,0.000000,0.000000,5.000000,0.073693,0
1784324304.603409,FIXED400,TRACKING,400,40.083590,48.269194,0.031097,-0.069622,5.002749,0.000000,0.000000,5.000000,0.076300,0
1784324304.653410,FIXED400,TRACKING,400,39.776359,49.654102,0.030849,-0.070200,5.003874,0.000000,0.000000,5.000000,0.076777,0
1784324304.703410,FIXED400,TRACKING,400,39.048371,47.323471,0.030340,-0.073584,5.007128,0.000000,0.000000,5.000000,0.079912,0
1784324304.753410,FIXED400,TRACKING,400,39.069929,49.974648,0.030088,-0.076062,5.008471,0.000000,0.000000,5.000000,0.082234,0
1784324304.803411,FIXED400,TRACKING,400,39.045147,47.355094,0.029497,-0.079765,5.008085,0.000000,0.000000,5.000000,0.085428,0
1784324304.855298,FIXED400,TRACKING,400,40.042058,52.847850,0.027536,-0.081213,5.001248,0.000000,0.000000,5.000000,0.085763,0
1784324304.903411,FIXED400,TRACKING,400,38.074105,46.081643,0.024563,-0.082270,4.990830,0.000000,0.000000,5.000000,0.086347,0
1784324304.953411,FIXED400,TRACKING,400,41.038253,52.932981,0.023424,-0.081879,4.985635,0.000000,0.000000,5.000000,0.086367,0
1784324305.003412,FIXED400,TRACKING,400,38.047444,46.462699,0.021275,-0.079369,4.977403,0.000000,0.000000,5.000000,0.085221,0
1784324305.053411,FIXED400,TRACKING,400,41.016555,52.934771,0.019591,-0.077224,4.972968,0.000000,0.000000,5.000000,0.084131,0
1784324305.103412,FIXED400,TRACKING,400,38.080241,46.368833,0.014201,-0.071865,4.968888,0.000000,0.000000,5.000000,0.079588,0
1784324305.154299,FIXED400,TRACKING,400,40.076625,52.849523,0.011335,-0.068823,4.967430,0.000000,0.000000,5.000000,0.076980,0
1784324305.203412,FIXED400,TRACKING,400,40.058097,48.402376,0.006494,-0.060948,4.965840,0.000000,0.000000,5.000000,0.070169,0
1784324305.253413,FIXED400,TRACKING,400,37.084518,46.952044,0.004159,-0.054673,4.964591,0.000000,0.000000,5.000000,0.065270,0
1784324305.303413,FIXED400,TRACKING,400,40.054941,48.447079,0.000434,-0.044516,4.961198,0.000000,0.000000,5.000000,0.059055,0
1784324305.353414,FIXED400,TRACKING,400,40.058822,49.970776,-0.001783,-0.039479,4.959392,0.000000,0.000000,5.000000,0.056664,0
1784324305.403413,FIXED400,TRACKING,400,40.106167,48.462895,-0.005879,-0.029145,4.958713,0.000000,0.000000,5.000000,0.050879,0
1784324305.453414,FIXED400,TRACKING,400,40.021204,49.881492,-0.009404,-0.022274,4.958153,0.000000,0.000000,5.000000,0.048330,0
1784324305.503414,FIXED400,TRACKING,400,49.093658,55.200241,-0.017065,-0.010533,4.957802,0.000000,0.000000,5.000000,0.046721,0
1784324305.553414,FIXED400,TRACKING,400,45.058752,45.921630,-0.020591,-0.004566,4.957738,0.000000,0.000000,5.000000,0.047233,0
1784324305.603414,FIXED400,TRACKING,400,39.088258,43.989460,-0.025204,0.008470,4.958285,0.000000,0.000000,5.000000,0.049468,0
1784324305.653415,FIXED400,TRACKING,400,39.045566,49.923112,-0.027819,0.016695,4.960498,0.000000,0.000000,5.000000,0.051118,0
1784324305.703414,FIXED400,TRACKING,400,39.047220,46.154460,-0.033299,0.030219,4.960354,0.000000,0.000000,5.000000,0.059948,0
1784324305.753415,FIXED400,TRACKING,400,42.061786,52.974858,-0.036445,0.037039,4.957639,0.000000,0.000000,5.000000,0.067042,0
1784324305.803416,FIXED400,TRACKING,400,39.075391,46.971483,-0.041836,0.050003,4.955156,0.000000,0.000000,5.000000,0.079130,0
1784324305.853416,FIXED400,TRACKING,400,34.040693,44.935065,-0.042979,0.060567,4.956797,0.000000,0.000000,5.000000,0.085918,0
1784324305.904299,FIXED400,TRACKING,400,49.105915,58.276268,-0.044456,0.075862,4.960412,0.000000,0.000000,5.000000,0.096430,0
1784324305.953461,FIXED400,TRACKING,400,40.131542,98.462846,-0.044456,0.075862,4.960412,0.000000,0.000000,5.000000,0.096430,0
1784324306.003416,FIXED400,TRACKING,400,40.064347,48.456765,-0.044322,0.092717,4.963513,0.000000,0.000000,5.000000,0.109052,0
1784324306.053417,FIXED400,TRACKING,400,40.071981,49.972567,-0.043958,0.098483,4.965042,0.000000,0.000000,5.000000,0.113373,0
1784324306.103417,FIXED400,TRACKING,400,40.102482,48.168394,-0.043203,0.104807,4.960189,0.000000,0.000000,5.000000,0.120149,0
1784324306.153417,FIXED400,TRACKING,400,40.079727,49.936667,-0.042781,0.107529,4.958226,0.000000,0.000000,5.000000,0.123036,0
1784324306.203418,FIXED400,TRACKING,400,40.070619,48.396944,-0.042414,0.110799,4.954408,0.000000,0.000000,5.000000,0.127099,0
1784324306.253419,FIXED400,TRACKING,400,35.026059,44.866934,-0.042435,0.110821,4.951684,0.000000,0.000000,5.000000,0.128126,0
1784324306.304298,FIXED400,TRACKING,400,49.062675,58.240133,-0.041603,0.109889,4.949749,0.000000,0.000000,5.000000,0.127795,0
1784324306.353437,FIXED400,TRACKING,400,43.042494,101.358160,-0.041603,0.109889,4.949749,0.000000,0.000000,5.000000,0.127795,0
1784324306.403419,FIXED400,TRACKING,400,37.092545,43.969297,-0.040769,0.104322,4.950889,0.000000,0.000000,5.000000,0.122300,0
1784324306.456298,FIXED400,TRACKING,400,37.081744,52.836649,-0.040551,0.100740,4.954843,0.000000,0.000000,5.000000,0.117610,0
1784324306.503419,FIXED400,TRACKING,400,42.097349,50.305203,-0.040681,0.092650,4.960815,0.000000,0.000000,5.000000,0.108510,0
1784324306.553420,FIXED400,TRACKING,400,39.066756,46.930135,-0.040516,0.088576,4.963657,0.000000,0.000000,5.000000,0.103962,0
1784324306.603420,FIXED400,TRACKING,400,38.030969,46.084321,-0.042897,0.074041,4.963105,0.000000,0.000000,5.000000,0.093185,0
1784324306.653419,FIXED400,TRACKING,400,41.102620,53.032309,-0.043899,0.067224,4.963549,0.000000,0.000000,5.000000,0.088175,0
1784324306.703420,FIXED400,TRACKING,400,41.078637,49.147023,-0.044181,0.051909,4.964572,0.000000,0.000000,5.000000,0.076822,0
1784324306.753420,FIXED400,TRACKING,400,35.006042,43.895413,-0.043570,0.043568,4.963155,0.000000,0.000000,5.000000,0.071792,0
1784324306.806298,FIXED400,TRACKING,400,37.049459,48.211022,-0.041647,0.027524,4.959748,0.000000,0.000000,5.000000,0.064127,0
1784324306.853421,FIXED400,TRACKING,400,42.071885,52.110014,-0.041187,0.018045,4.955072,0.000000,0.000000,5.000000,0.063565,0
1784324306.903421,FIXED400,TRACKING,400,39.030438,46.910943,-0.039476,0.003229,4.952426,0.000000,0.000000,5.000000,0.061903,0
1784324306.953421,FIXED400,TRACKING,400,38.072606,49.013452,-0.035845,-0.004937,4.953098,0.000000,0.000000,5.000000,0.059237,0
1784324307.004298,FIXED400,TRACKING,400,40.068567,49.163355,-0.028900,-0.015219,4.954011,0.000000,0.000000,5.000000,0.056407,0
1784324307.053421,FIXED400,TRACKING,400,40.080403,49.099035,-0.024135,-0.022120,4.954865,0.000000,0.000000,5.000000,0.055758,0
1784324307.103422,FIXED400,TRACKING,400,40.085172,48.203847,-0.016930,-0.036798,4.960681,0.000000,0.000000,5.000000,0.056451,0
1784324307.153422,FIXED400,TRACKING,400,40.017757,49.900362,-0.012623,-0.045494,4.965496,0.000000,0.000000,5.000000,0.058477,0
1784324307.203422,FIXED400,TRACKING,400,40.052794,48.255341,-0.005003,-0.055591,4.966518,0.000000,0.000000,5.000000,0.065088,0
1784324307.253423,FIXED400,TRACKING,400,39.024448,48.888487,0.001773,-0.061076,4.967353,0.000000,0.000000,5.000000,0.069277,0
1784324307.303423,FIXED400,TRACKING,400,39.124572,47.456713,0.012196,-0.069097,4.971172,0.000000,0.000000,5.000000,0.075856,0
1784324307.353423,FIXED400,TRACKING,400,39.077805,49.917171,0.017963,-0.074381,4.971303,0.000000,0.000000,5.000000,0.081724,0
1784324307.403424,FIXED400,TRACKING,400,39.079859,47.376587,0.028786,-0.083081,4.971767,0.000000,0.000000,5.000000,0.092348,0
1784324307.455298,FIXED400,TRACKING,400,39.990357,52.746686,0.035160,-0.087371,4.971602,0.000000,0.000000,5.000000,0.098368,0
1784324307.503424,FIXED400,TRACKING,400,38.105473,46.178997,0.044970,-0.092479,4.969951,0.000000,0.000000,5.000000,0.107134,0
1784324307.553424,FIXED400,TRACKING,400,41.052991,52.910945,0.049461,-0.094117,4.970317,0.000000,0.000000,5.000000,0.110388,0
1784324307.603424,FIXED400,TRACKING,400,38.018536,46.440659,0.059876,-0.097701,4.969010,0.000000,0.000000,5.000000,0.118706,0
1784324307.653425,FIXED400,TRACKING,400,40.067182,52.017551,0.066403,-0.099152,4.967391,0.000000,0.000000,5.000000,0.123708,0
1784324307.703424,FIXED400,TRACKING,400,40.083101,48.331508,0.075309,-0.097490,4.966046,0.000000,0.000000,5.000000,0.127783,0
1784324307.753430,FIXED400,TRACKING,400,52.035128,61.921201,0.078896,-0.095067,4.965860,0.000000,0.000000,5.000000,0.128171,1
1784324307.805521,FIXED400,TRACKING,400,43.065495,105.042195,0.078896,-0.095067,4.965860,0.000000,0.000000,5.000000,0.128171,0
1784324307.853426,FIXED400,TRACKING,400,42.081304,46.870876,0.086666,-0.086546,4.961278,0.000000,0.000000,5.000000,0.128455,0
1784324307.903426,FIXED400,TRACKING,400,39.103840,46.971079,0.088804,-0.080508,4.959267,0.000000,0.000000,5.000000,0.126597,0
1784324307.953426,FIXED400,TRACKING,400,39.024583,49.887357,0.089278,-0.078061,4.958416,0.000000,0.000000,5.000000,0.125672,0
1784324308.003426,FIXED400,TRACKING,400,39.086059,47.597313,0.089109,-0.074054,4.957132,0.000000,0.000000,5.000000,0.123539,0
1784324308.053427,FIXED400,TRACKING,400,39.084407,49.958708,0.088511,-0.070923,4.955180,0.000000,0.000000,5.000000,0.121956,0
1784324308.103426,FIXED400,TRACKING,400,39.043579,46.153205,0.087734,-0.062133,4.958304,0.000000,0.000000,5.000000,0.115309,0
1784324308.153427,FIXED400,TRACKING,400,39.071764,49.988086,0.086932,-0.057343,4.961744,0.000000,0.000000,5.000000,0.110945,0
1784324308.203427,FIXED400,TRACKING,400,39.075810,43.203416,0.083122,-0.047758,4.969369,0.000000,0.000000,5.000000,0.100639,0
1784324308.253428,FIXED400,TRACKING,400,42.024509,52.851736,0.078973,-0.042139,4.974123,0.000000,0.000000,5.000000,0.093177,0
1784324308.303428,FIXED400,TRACKING,400,39.040948,46.948588,0.072333,-0.033182,4.985662,0.000000,0.000000,5.000000,0.080862,0
1784324308.353428,FIXED400,TRACKING,400,39.072286,49.997392,0.069547,-0.027887,4.990024,0.000000,0.000000,5.000000,0.075591,0
1784324308.403428,FIXED400,TRACKING,400,39.114233,47.509951,0.063368,-0.017966,4.998447,0.000000,0.000000,5.000000,0.065884,0
1784324308.453428,FIXED400,TRACKING,400,42.085506,52.927447,0.059250,-0.013219,5.001852,0.000000,0.000000,5.000000,0.060735,0
1784324308.503429,FIXED400,TRACKING,400,39.036533,46.901554,0.052408,-0.008053,5.000610,0.000000,0.000000,5.000000,0.053027,0
1784324308.553429,FIXED400,TRACKING,400,39.035122,49.965693,0.048881,-0.005084,4.997626,0.000000,0.000000,5.000000,0.049202,0
1784324308.603429,FIXED400,TRACKING,400,39.082909,47.428325,0.037165,0.001369,4.986426,0.000000,0.000000,5.000000,0.039590,0
1784324308.653434,FIXED400,TRACKING,400,39.088711,49.978635,0.031642,0.004458,4.982058,0.000000,0.000000,5.000000,0.036647,0
1784324308.703430,FIXED400,TRACKING,400,39.095002,46.224956,0.021128,0.012342,4.975254,0.000000,0.000000,5.000000,0.034800,0
1784324308.753430,FIXED400,TRACKING,400,42.074979,52.948470,0.016100,0.016835,4.972915,0.000000,0.000000,5.000000,0.035724,0
1784324308.803430,FIXED400,TRACKING,400,39.070999,46.945958,0.006233,0.025122,4.969771,0.000000,0.000000,5.000000,0.039796,0
1784324308.853431,FIXED400,TRACKING,400,39.072810,49.969703,-0.002416,0.031601,4.965900,0.000000,0.000000,5.000000,0.046554,0
1784324308.903430,FIXED400,TRACKING,400,39.062259,47.234627,-0.015333,0.041151,4.963194,0.000000,0.000000,5.000000,0.057299,0
1784324308.953431,FIXED400,TRACKING,400,38.984058,49.888977,-0.022504,0.044442,4.962578,0.000000,0.000000,5.000000,0.062305,0
1784324309.003432,FIXED400,TRACKING,400,41.094067,49.443337,-0.037710,0.048485,4.959037,0.000000,0.000000,5.000000,0.073829,0
1784324309.053432,FIXED400,TRACKING,400,41.042831,49.916566,-0.046152,0.050808,4.959391,0.000000,0.000000,5.000000,0.079753,0
1784324309.103431,FIXED400,TRACKING,400,38.097514,46.440991,-0.058959,0.052974,4.960099,0.000000,0.000000,5.000000,0.088738,0
1784324309.153431,FIXED400,TRACKING,400,41.017320,52.887003,-0.064900,0.053957,4.959441,0.000000,0.000000,5.000000,0.093640,0
1784324309.203433,FIXED400,TRACKING,400,38.109065,46.470133,-0.076125,0.053893,4.958616,0.000000,0.000000,5.000000,0.102040,0
1784324309.253433,FIXED400,TRACKING,400,41.082115,52.893285,-0.082665,0.051945,4.957306,0.000000,0.000000,5.000000,0.106558,0
1784324309.303433,FIXED400,TRACKING,400,38.116792,46.421595,-0.091500,0.048979,4.955471,0.000000,0.000000,5.000000,0.112934,0
1784324309.353433,FIXED400,TRACKING,400,41.042229,52.892249,-0.095364,0.046687,4.954079,0.000000,0.000000,5.000000,0.115683,0
1784324309.403434,FIXED400,TRACKING,400,38.076767,46.269998,-0.101114,0.042261,4.951838,0.000000,0.000000,5.000000,0.119707,0
1784324309.453433,FIXED400,TRACKING,400,41.063595,52.953378,-0.102291,0.039167,4.951484,0.000000,0.000000,5.000000,0.119797,0
1784324309.503433,FIXED400,TRACKING,400,41.089028,49.299219,-0.100355,0.033342,4.952133,0.000000,0.000000,5.000000,0.116078,0
1784324309.553435,FIXED400,TRACKING,400,38.058497,46.935208,-0.099103,0.030517,4.952852,0.000000,0.000000,5.000000,0.113911,0
1784324309.604299,FIXED400,TRACKING,400,40.111770,49.370943,-0.094867,0.025364,4.955869,0.000000,0.000000,5.000000,0.107660,0
1784324309.653435,FIXED400,TRACKING,400,40.078488,49.045776,-0.091575,0.022328,4.957837,0.000000,0.000000,5.000000,0.103258,0
1784324309.703434,FIXED400,TRACKING,400,40.094013,48.516674,-0.084800,0.016647,4.956922,0.000000,0.000000,5.000000,0.096560,0
1784324309.753435,FIXED400,TRACKING,400,40.089669,49.954950,-0.080677,0.013339,4.956291,0.000000,0.000000,5.000000,0.092721,0
1784324309.803435,FIXED400,TRACKING,400,37.037061,45.317408,-0.071939,0.007133,4.957325,0.000000,0.000000,5.000000,0.083948,0
1784324309.853435,FIXED400,TRACKING,400,40.001872,52.934267,-0.067350,0.004312,4.955532,0.000000,0.000000,5.000000,0.080821,0
1784324309.903435,FIXED400,TRACKING,400,40.044676,48.464186,-0.058981,0.000040,4.953075,0.000000,0.000000,5.000000,0.075370,0
1784324309.953436,FIXED400,TRACKING,400,40.054603,49.976862,-0.054438,-0.003114,4.951819,0.000000,0.000000,5.000000,0.072764,0
1784324310.003436,FIXED400,TRACKING,400,40.069179,48.537254,-0.045004,-0.011104,4.948234,0.000000,0.000000,5.000000,0.069487,0
1784324310.053437,FIXED400,TRACKING,400,40.110554,50.000432,-0.038974,-0.015588,4.944973,0.000000,0.000000,5.000000,0.069209,0
1784324310.103437,FIXED400,TRACKING,400,40.056134,48.290410,-0.030470,-0.021393,4.935094,0.000000,0.000000,5.000000,0.074825,0
1784324310.153437,FIXED400,TRACKING,400,40.071746,49.979266,-0.026457,-0.023713,4.934090,0.000000,0.000000,5.000000,0.074876,0
1784324310.203437,FIXED400,TRACKING,400,39.435791,47.731668,-0.019244,-0.028422,4.940964,0.000000,0.000000,5.000000,0.068289,0
1784324310.253438,FIXED400,TRACKING,400,40.034363,50.519981,-0.015370,-0.031827,4.947155,0.000000,0.000000,5.000000,0.063576,0
1784324310.303440,FIXED400,TRACKING,400,40.051549,48.535171,-0.009087,-0.035830,4.953840,0.000000,0.000000,5.000000,0.059137,0
1784324310.353438,FIXED400,TRACKING,400,37.050716,46.955671,-0.006082,-0.036610,4.956913,0.000000,0.000000,5.000000,0.056866,0
1784324310.403438,FIXED400,TRACKING,400,40.060091,46.198153,-0.000152,-0.037617,4.963709,0.000000,0.000000,5.000000,0.052269,0
1784324310.453439,FIXED400,TRACKING,400,37.070896,46.972566,0.004949,-0.036991,4.967412,0.000000,0.000000,5.000000,0.049546,0
1784324310.503438,FIXED400,TRACKING,400,37.074721,43.214157,0.015601,-0.033808,4.971832,0.000000,0.000000,5.000000,0.046688,0
1784324310.553444,FIXED400,TRACKING,400,52.049186,64.941755,0.020524,-0.032065,4.974028,0.000000,0.000000,5.000000,0.046086,1
1784324310.605546,FIXED400,TRACKING,400,40.028881,105.022400,0.020524,-0.032065,4.974028,0.000000,0.000000,5.000000,0.046086,0
1784324310.653440,FIXED400,TRACKING,400,42.119570,49.927779,0.038107,-0.025808,4.974967,0.000000,0.000000,5.000000,0.052391,0
1784324310.703440,FIXED400,TRACKING,400,39.073424,46.900292,0.047694,-0.020084,4.970828,0.000000,0.000000,5.000000,0.059406,0
1784324310.753441,FIXED400,TRACKING,400,39.046021,49.929834,0.051918,-0.016683,4.969353,0.000000,0.000000,5.000000,0.062554,0
1784324310.803440,FIXED400,TRACKING,400,39.060181,47.478011,0.059903,-0.009730,4.969783,0.000000,0.000000,5.000000,0.067795,0
1784324310.853441,FIXED400,TRACKING,400,39.043775,49.931575,0.063278,-0.010595,4.968123,0.000000,0.000000,5.000000,0.071641,0
1784324310.903440,FIXED400,TRACKING,400,42.093935,50.597267,0.067939,-0.011308,4.966312,0.000000,0.000000,5.000000,0.076671,0
1784324310.953441,FIXED400,TRACKING,400,39.067072,46.933027,0.069357,-0.010822,4.965104,0.000000,0.000000,5.000000,0.078392,0
1784324311.003441,FIXED400,TRACKING,400,39.071302,47.481771,0.070814,-0.008466,4.961374,0.000000,0.000000,5.000000,0.081106,0
1784324311.053441,FIXED400,TRACKING,400,39.062982,49.952746,0.071699,-0.006845,4.959706,0.000000,0.000000,5.000000,0.082529,0
1784324311.103441,FIXED400,TRACKING,400,42.021163,50.230340,0.072011,-0.005025,4.955518,0.000000,0.000000,5.000000,0.084791,0
1784324311.153442,FIXED400,TRACKING,400,39.033828,46.979152,0.071977,-0.004139,4.952832,0.000000,0.000000,5.000000,0.086154,0
1784324311.203442,FIXED400,TRACKING,400,39.060985,47.346965,0.071396,-0.001899,4.946296,0.000000,0.000000,5.000000,0.089359,0
1784324311.253443,FIXED400,TRACKING,400,41.047155,51.906082,0.070725,-0.000063,4.941185,0.000000,0.000000,5.000000,0.091985,0
1784324311.303442,FIXED400,TRACKING,400,38.075747,46.335227,0.068643,0.002799,4.934384,0.000000,0.000000,5.000000,0.095001,0
1784324311.354304,FIXED400,TRACKING,400,52.066328,64.819622,0.066706,0.004438,4.929471,0.000000,0.000000,5.000000,0.097178,1
1784324311.406433,FIXED400,TRACKING,400,43.045897,107.927009,0.066706,0.004438,4.929471,0.000000,0.000000,5.000000,0.097178,0
1784324311.453443,FIXED400,TRACKING,400,40.071531,43.975765,0.058079,0.009512,4.917172,0.000000,0.000000,5.000000,0.101607,0
1784324311.503443,FIXED400,TRACKING,400,40.102904,48.325293,0.049813,0.010746,4.906706,0.000000,0.000000,5.000000,0.106304,0
1784324311.553443,FIXED400,TRACKING,400,40.041735,49.902996,0.045725,0.011442,4.903983,0.000000,0.000000,5.000000,0.106962,0
1784324311.603444,FIXED400,TRACKING,400,40.016796,48.302710,0.034133,0.014516,4.899894,0.000000,0.000000,5.000000,0.106757,0
1784324311.653444,FIXED400,TRACKING,400,37.017427,46.966698,0.026367,0.016782,4.899819,0.000000,0.000000,5.000000,0.104943,0
1784324311.703444,FIXED400,TRACKING,400,40.010707,48.395012,0.013044,0.021718,4.899539,0.000000,0.000000,5.000000,0.103606,0
1784324311.753445,FIXED400,TRACKING,400,40.123255,50.077690,0.005918,0.024582,4.898807,0.000000,0.000000,5.000000,0.104304,0
1784324311.803445,FIXED400,TRACKING,400,40.040617,48.236165,-0.008210,0.029940,4.897071,0.000000,0.000000,5.000000,0.107509,0
1784324311.853450,FIXED400,TRACKING,400,49.014568,58.945372,-0.016687,0.030521,4.891407,0.000000,0.000000,5.000000,0.114029,0
1784324311.903446,FIXED400,TRACKING,400,45.061919,45.985446,-0.029411,0.031449,4.889595,0.000000,0.000000,5.000000,0.118504,0
1784324311.953445,FIXED400,TRACKING,400,39.052821,43.954755,-0.035155,0.032096,4.891624,0.000000,0.000000,5.000000,0.118369,0
1784324312.003447,FIXED400,TRACKING,400,39.058297,47.415279,-0.045402,0.033647,4.896918,0.000000,0.000000,5.000000,0.117556,0
1784324312.053446,FIXED400,TRACKING,400,39.023321,49.926470,-0.051228,0.034541,4.901002,0.000000,0.000000,5.000000,0.116696,0
1784324312.103446,FIXED400,TRACKING,400,42.023192,50.359037,-0.055531,0.039569,4.907030,0.000000,0.000000,5.000000,0.115294,0
1784324312.153446,FIXED400,TRACKING,400,39.047518,46.988824,-0.057052,0.041877,4.911977,0.000000,0.000000,5.000000,0.112946,0
1784324312.203447,FIXED400,TRACKING,400,39.042574,47.403778,-0.059227,0.044768,4.922252,0.000000,0.000000,5.000000,0.107502,0
1784324312.253448,FIXED400,TRACKING,400,39.033179,49.910479,-0.060002,0.045434,4.927750,0.000000,0.000000,5.000000,0.104329,0
1784324312.303447,FIXED400,TRACKING,400,39.019331,47.466355,-0.060941,0.045973,4.935874,0.000000,0.000000,5.000000,0.099697,0
1784324312.353447,FIXED400,TRACKING,400,42.047583,52.991062,-0.061629,0.044365,4.939224,0.000000,0.000000,5.000000,0.097263,0
1784324312.403448,FIXED400,TRACKING,400,39.047660,46.944749,-0.062458,0.041015,4.950696,0.000000,0.000000,5.000000,0.089522,0
1784324312.453454,FIXED400,TRACKING,400,51.055603,61.942428,-0.062438,0.038773,4.959967,0.000000,0.000000,5.000000,0.083693,1
1784324312.504556,FIXED400,TRACKING,400,43.103705,105.091609,-0.062438,0.038773,4.959967,0.000000,0.000000,5.000000,0.083693,0
1784324312.553450,FIXED400,TRACKING,400,41.072365,46.802017,-0.060977,0.032743,4.980291,0.000000,0.000000,5.000000,0.071964,0
1784324312.603450,FIXED400,TRACKING,400,38.010653,46.426294,-0.060057,0.024549,4.985072,0.000000,0.000000,5.000000,0.066576,0
1784324312.653450,FIXED400,TRACKING,400,41.071118,53.013886,-0.059189,0.018918,4.986806,0.000000,0.000000,5.000000,0.063524,0
1784324312.703449,FIXED400,TRACKING,400,38.045921,46.419324,-0.055628,0.011429,4.983679,0.000000,0.000000,5.000000,0.059089,0
1784324312.753449,FIXED400,TRACKING,400,41.006328,52.920325,-0.053041,0.008079,4.982904,0.000000,0.000000,5.000000,0.056311,0
1784324312.803449,FIXED400,TRACKING,400,38.064135,46.572827,-0.047855,0.001223,4.982893,0.000000,0.000000,5.000000,0.050835,0
1784324312.853450,FIXED400,TRACKING,400,41.087335,52.990613,-0.045360,-0.002242,4.983458,0.000000,0.000000,5.000000,0.048334,0
1784324312.903450,FIXED400,TRACKING,400,41.144899,49.547775,-0.040801,-0.008292,4.984500,0.000000,0.000000,5.000000,0.044427,0
1784324312.953450,FIXED400,TRACKING,400,38.094357,46.916432,-0.038040,-0.012024,4.984677,0.000000,0.000000,5.000000,0.042736,0
1784324313.003451,FIXED400,TRACKING,400,41.105829,49.606358,-0.031860,-0.020344,4.984339,0.000000,0.000000,5.000000,0.040917,0
1784324313.053451,FIXED400,TRACKING,400,38.056802,46.916107,-0.027989,-0.025125,4.985034,0.000000,0.000000,5.000000,0.040480,0
1784324313.103451,FIXED400,TRACKING,400,38.062774,43.215908,-0.020223,-0.035149,4.987167,0.000000,0.000000,5.000000,0.042533,0
1784324313.153451,FIXED400,TRACKING,400,41.060982,52.964020,-0.016290,-0.039781,4.988879,0.000000,0.000000,5.000000,0.044402,0
1784324313.203451,FIXED400,TRACKING,400,38.098733,46.472900,-0.008046,-0.047902,4.990069,0.000000,0.000000,5.000000,0.049578,0
1784324313.253458,FIXED400,TRACKING,400,41.059368,52.886928,-0.002505,-0.052187,4.989597,0.000000,0.000000,5.000000,0.053273,0
1784324313.303453,FIXED400,TRACKING,400,38.050115,46.399317,0.006174,-0.057580,4.986984,0.000000,0.000000,5.000000,0.059355,0
1784324313.354305,FIXED400,TRACKING,400,52.117395,64.877099,0.011710,-0.059259,4.983778,0.000000,0.000000,5.000000,0.062545,1
1784324313.406486,FIXED400,TRACKING,400,43.075415,108.013718,0.011710,-0.059259,4.983778,0.000000,0.000000,5.000000,0.062545,0
1784324313.453453,FIXED400,TRACKING,400,40.085567,43.925768,0.027124,-0.064138,4.977827,0.000000,0.000000,5.000000,0.073083,0
1784324313.503453,FIXED400,TRACKING,400,40.091491,48.238063,0.034763,-0.069077,4.977652,0.000000,0.000000,5.000000,0.080496,0
1784324313.553454,FIXED400,TRACKING,400,40.058315,49.930431,0.039418,-0.071408,4.977371,0.000000,0.000000,5.000000,0.084646,0
1784324313.603453,FIXED400,TRACKING,400,40.041871,48.485718,0.043505,-0.075872,4.979031,0.000000,0.000000,5.000000,0.089938,0
1784324313.653455,FIXED400,TRACKING,400,37.059818,46.976302,0.045865,-0.078457,4.979702,0.000000,0.000000,5.000000,0.093119,0
1784324313.703454,FIXED400,TRACKING,400,40.090436,48.448410,0.049216,-0.083153,4.982747,0.000000,0.000000,5.000000,0.098155,0
1784324313.753455,FIXED400,TRACKING,400,40.057346,49.923670,0.050684,-0.085694,4.985729,0.000000,0.000000,5.000000,0.100579,0
1784324313.803454,FIXED400,TRACKING,400,40.057677,48.262457,0.053085,-0.089149,4.993027,0.000000,0.000000,5.000000,0.103991,0
1784324313.853460,FIXED400,TRACKING,400,49.087515,58.996988,0.056729,-0.088684,4.996886,0.000000,0.000000,5.000000,0.105322,0
1784324313.903456,FIXED400,TRACKING,400,45.121266,45.963833,0.061207,-0.086890,5.002126,0.000000,0.000000,5.000000,0.106305,0
1784324313.953455,FIXED400,TRACKING,400,39.110083,43.954498,0.062930,-0.085363,5.001812,0.000000,0.000000,5.000000,0.106068,0
1784324314.003455,FIXED400,TRACKING,400,39.063801,47.540687,0.065610,-0.081002,4.995241,0.000000,0.000000,5.000000,0.104348,0
1784324314.053456,FIXED400,TRACKING,400,39.095888,49.998053,0.066872,-0.077541,4.991340,0.000000,0.000000,5.000000,0.102760,0
1784324314.103456,FIXED400,TRACKING,400,42.081881,50.391232,0.068251,-0.071337,4.989760,0.000000,0.000000,5.000000,0.099257,0
1784324314.153456,FIXED400,TRACKING,400,39.080105,46.964073,0.068695,-0.067828,4.989405,0.000000,0.000000,5.000000,0.097118,0
1784324314.203456,FIXED400,TRACKING,400,39.077714,47.345486,0.067701,-0.060684,4.986341,0.000000,0.000000,5.000000,0.091938,0
1784324314.253457,FIXED400,TRACKING,400,39.102525,49.951422,0.065423,-0.056241,4.984093,0.000000,0.000000,5.000000,0.087728,0
1784324314.303457,FIXED400,TRACKING,400,39.045061,47.317019,0.062094,-0.048412,4.983824,0.000000,0.000000,5.000000,0.080381,0
1784324314.355299,FIXED400,TRACKING,400,40.049947,52.808059,0.061403,-0.043266,4.981899,0.000000,0.000000,5.000000,0.077265,0
1784324314.403458,FIXED400,TRACKING,400,38.071646,46.130235,0.060118,-0.035744,4.980236,0.000000,0.000000,5.000000,0.072681,0
1784324314.453457,FIXED400,TRACKING,400,39.071208,50.959718,0.058054,-0.030269,4.980334,0.000000,0.000000,5.000000,0.068361,0
1784324314.503464,FIXED400,TRACKING,400,48.048609,53.213386,0.052165,-0.021363,4.980820,0.000000,0.000000,5.000000,0.059543,0
1784324314.555299,FIXED400,TRACKING,400,43.063827,46.798449,0.048875,-0.016801,4.981009,0.000000,0.000000,5.000000,0.055061,0
1784324314.604298,FIXED400,TRACKING,400,39.992875,45.885705,0.040426,-0.007041,4.984285,0.000000,0.000000,5.000000,0.043940,0
1784324314.653459,FIXED400,TRACKING,400,40.029982,49.157871,0.034381,-0.000688,4.988364,0.000000,0.000000,5.000000,0.036303,0
1784324314.703460,FIXED400,TRACKING,400,40.065649,48.525970,0.022742,0.009657,4.992075,0.000000,0.000000,5.000000,0.025947,0
1784324314.753459,FIXED400,TRACKING,400,40.049659,49.949032,0.016238,0.014865,4.993119,0.000000,0.000000,5.000000,0.023065,0
1784324314.803459,FIXED400,TRACKING,400,40.072174,48.429760,0.002637,0.026606,4.996893,0.000000,0.000000,5.000000,0.026916,0
1784324314.853460,FIXED400,TRACKING,400,37.087742,46.978418,-0.001829,0.032131,4.996376,0.000000,0.000000,5.000000,0.032387,0
1784324314.903460,FIXED400,TRACKING,400,40.041301,46.200040,-0.010476,0.042704,4.996424,0.000000,0.000000,5.000000,0.044115,0
1784324314.953460,FIXED400,TRACKING,400,37.041766,46.966404,-0.013687,0.047832,4.997897,0.000000,0.000000,5.000000,0.049796,0
1784324315.003461,FIXED400,TRACKING,400,37.096293,43.257243,-0.018127,0.058011,5.001270,0.000000,0.000000,5.000000,0.060790,0
1784324315.053465,FIXED400,TRACKING,400,49.106170,61.978484,-0.020756,0.064031,5.003942,0.000000,0.000000,5.000000,0.067427,0
1784324315.106299,FIXED400,TRACKING,400,40.050009,43.690342,-0.022466,0.070535,4.997218,0.000000,0.000000,5.000000,0.074078,0
1784324315.153461,FIXED400,TRACKING,400,39.058891,46.134975,-0.023091,0.073336,4.995463,0.000000,0.000000,5.000000,0.077019,0
1784324315.203461,FIXED400,TRACKING,400,39.043450,46.204081,-0.024838,0.078543,4.995584,0.000000,0.000000,5.000000,0.082495,0
1784324315.253465,FIXED400,TRACKING,400,42.087211,52.968120,-0.026285,0.081520,4.995031,0.000000,0.000000,5.000000,0.085797,0
1784324315.303463,FIXED400,TRACKING,400,39.109026,46.951024,-0.027606,0.085096,4.990940,0.000000,0.000000,5.000000,0.089920,0
1784324315.353470,FIXED400,TRACKING,400,48.066608,58.925851,-0.026453,0.084993,4.987635,0.000000,0.000000,5.000000,0.089869,0
1784324315.403463,FIXED400,TRACKING,400,44.084105,45.927370,-0.023967,0.084239,4.982456,0.000000,0.000000,5.000000,0.089322,0
1784324315.453463,FIXED400,TRACKING,400,41.033579,46.912604,-0.023429,0.083036,4.979703,0.000000,0.000000,5.000000,0.088633,0
1784324315.503463,FIXED400,TRACKING,400,38.052814,46.427750,-0.024448,0.080087,4.977245,0.000000,0.000000,5.000000,0.086772,0
1784324315.553464,FIXED400,TRACKING,400,41.006735,52.918447,-0.024497,0.078540,4.976699,0.000000,0.000000,5.000000,0.085508,0
1784324315.603464,FIXED400,TRACKING,400,38.052238,46.566756,-0.025277,0.077974,4.972234,0.000000,0.000000,5.000000,0.086544,0
1784324315.653464,FIXED400,TRACKING,400,41.074859,52.982958,-0.025603,0.077584,4.971195,0.000000,0.000000,5.000000,0.086629,0
1784324315.703464,FIXED400,TRACKING,400,38.082603,46.470255,-0.024672,0.075131,4.973763,0.000000,0.000000,5.000000,0.083317,0
1784324315.754299,FIXED400,TRACKING,400,40.048307,52.766591,-0.023672,0.073141,4.975707,0.000000,0.000000,5.000000,0.080623,0
1784324315.803465,FIXED400,TRACKING,400,40.086619,48.638252,-0.021751,0.068649,4.979599,0.000000,0.000000,5.000000,0.074846,0
1784324315.853470,FIXED400,TRACKING,400,49.022936,58.907897,-0.021687,0.065428,4.983121,0.000000,0.000000,5.000000,0.070965,0
1784324315.903465,FIXED400,TRACKING,400,45.055793,45.962217,-0.021404,0.059750,4.989776,0.000000,0.000000,5.000000,0.064286,0
1784324315.953465,FIXED400,TRACKING,400,39.083989,43.993503,-0.021699,0.056246,4.993618,0.000000,0.000000,5.000000,0.060623,0
1784324316.003465,FIXED400,TRACKING,400,39.084528,47.567108,-0.022420,0.051360,4.997756,0.000000,0.000000,5.000000,0.056085,0
1784324316.053466,FIXED400,TRACKING,400,39.062868,49.941200,-0.022700,0.047697,5.000261,0.000000,0.000000,5.000000,0.052824,0
1784324316.103466,FIXED400,TRACKING,400,39.060510,47.471066,-0.022377,0.038333,5.001360,0.000000,0.000000,5.000000,0.044407,0
1784324316.155298,FIXED400,TRACKING,400,40.079381,52.812811,-0.022108,0.033480,5.001591,0.000000,0.000000,5.000000,0.040153,0
1784324316.203466,FIXED400,TRACKING,400,38.091984,46.130909,-0.021881,0.024153,4.998899,0.000000,0.000000,5.000000,0.032609,0
1784324316.253468,FIXED400,TRACKING,400,41.025266,52.856564,-0.022082,0.018567,4.994811,0.000000,0.000000,5.000000,0.029313,0
1784324316.303469,FIXED400,TRACKING,400,38.058278,46.399376,-0.022661,0.009005,4.990331,0.000000,0.000000,5.000000,0.026232,0
1784324316.354303,FIXED400,TRACKING,400,52.057259,64.799012,-0.024504,0.003517,4.988296,0.000000,0.000000,5.000000,0.027382,1
1784324316.406415,FIXED400,TRACKING,400,40.084607,104.937838,-0.024504,0.003517,4.988296,0.000000,0.000000,5.000000,0.027382,0
1784324316.453468,FIXED400,TRACKING,400,39.941124,46.855898,-0.029063,-0.014104,4.983944,0.000000,0.000000,5.000000,0.036075,0
1784324316.503468,FIXED400,TRACKING,400,39.002209,47.463225,-0.033436,-0.025106,4.984205,0.000000,0.000000,5.000000,0.044696,0
1784324316.553468,FIXED400,TRACKING,400,39.022098,49.981501,-0.035244,-0.030156,4.983160,0.000000,0.000000,5.000000,0.049347,0
1784324316.603468,FIXED400,TRACKING,400,39.020806,47.328021,-0.040438,-0.035229,4.980811,0.000000,0.000000,5.000000,0.056960,0
1784324316.653469,FIXED400,TRACKING,400,42.070994,53.014259,-0.042494,-0.036845,4.981016,0.000000,0.000000,5.000000,0.059361,0
1784324316.703469,FIXED400,TRACKING,400,39.074043,46.950916,-0.046112,-0.040459,4.982583,0.000000,0.000000,5.000000,0.063770,0
1784324316.753471,FIXED400,TRACKING,400,39.052920,49.946473,-0.047685,-0.042314,4.982985,0.000000,0.000000,5.000000,0.065984,0
1784324316.803470,FIXED400,TRACKING,400,39.005306,47.425346,-0.050333,-0.045100,4.984884,0.000000,0.000000,5.000000,0.069253,0
1784324316.853470,FIXED400,TRACKING,400,39.114438,50.072073,-0.053128,-0.049696,4.984763,0.000000,0.000000,5.000000,0.074327,0
1784324316.903470,FIXED400,TRACKING,400,39.082537,46.252665,-0.056800,-0.055272,4.985022,0.000000,0.000000,5.000000,0.080657,0
1784324316.953470,FIXED400,TRACKING,400,39.047355,49.927549,-0.060015,-0.056081,4.984802,0.000000,0.000000,5.000000,0.083533,0
1784324317.003470,FIXED400,TRACKING,400,39.017327,46.188219,-0.068315,-0.054598,4.981784,0.000000,0.000000,5.000000,0.089329,0
1784324317.053471,FIXED400,TRACKING,400,39.078972,50.032221,-0.072251,-0.053661,4.979286,0.000000,0.000000,5.000000,0.092351,0
1784324317.103471,FIXED400,TRACKING,400,51.060641,58.204168,-0.077795,-0.052149,4.972737,0.000000,0.000000,5.000000,0.097544,1
1784324317.154582,FIXED400,TRACKING,400,40.038957,98.293279,-0.077795,-0.052149,4.972737,0.000000,0.000000,5.000000,0.097544,0
1784324317.203471,FIXED400,TRACKING,400,40.386685,48.808400,-0.084855,-0.050244,4.961321,0.000000,0.000000,5.000000,0.105929,0
1784324317.253473,FIXED400,TRACKING,400,38.089200,47.612416,-0.088488,-0.050304,4.954333,0.000000,0.000000,5.000000,0.111562,0
1784324317.304300,FIXED400,TRACKING,400,40.121416,49.307796,-0.092484,-0.048806,4.946361,0.000000,0.000000,5.000000,0.117527,0
1784324317.353472,FIXED400,TRACKING,400,40.079471,49.082976,-0.093922,-0.047360,4.941371,0.000000,0.000000,5.000000,0.120423,0
1784324317.403472,FIXED400,TRACKING,400,40.034274,48.149677,-0.095632,-0.042693,4.933576,0.000000,0.000000,5.000000,0.124017,0
1784324317.453473,FIXED400,TRACKING,400,40.021358,49.943595,-0.097200,-0.039691,4.930908,0.000000,0.000000,5.000000,0.125686,0
1784324317.503473,FIXED400,TRACKING,400,40.065126,48.585806,-0.101058,-0.032707,4.930700,0.000000,0.000000,5.000000,0.126826,0
1784324317.553473,FIXED400,TRACKING,400,37.046537,46.942456,-0.101903,-0.029374,4.932935,0.000000,0.000000,5.000000,0.125478,0
1784324317.603476,FIXED400,TRACKING,400,40.049466,46.225422,-0.102123,-0.021459,4.943967,0.000000,0.000000,5.000000,0.118445,0
1784324317.653474,FIXED400,TRACKING,400,37.020497,46.917388,-0.101336,-0.016199,4.951497,0.000000,0.000000,5.000000,0.113507,0
1784324317.703474,FIXED400,TRACKING,400,40.076647,46.250984,-0.097375,-0.008047,4.960012,0.000000,0.000000,5.000000,0.105573,0
1784324317.753474,FIXED400,TRACKING,400,36.999197,46.886112,-0.094241,-0.004061,4.964057,0.000000,0.000000,5.000000,0.100944,0
1784324317.803474,FIXED400,TRACKING,400,40.005542,46.179975,-0.086925,0.004197,4.973393,0.000000,0.000000,5.000000,0.091003,0
1784324317.853475,FIXED400,TRACKING,400,40.061890,50.016739,-0.083494,0.009854,4.982354,0.000000,0.000000,5.000000,0.085905,0
1784324317.903474,FIXED400,TRACKING,400,37.084362,45.582065,-0.076698,0.018279,4.995372,0.000000,0.000000,5.000000,0.078982,0
1784324317.956299,FIXED400,TRACKING,400,37.026630,52.739449,-0.073164,0.021546,5.001477,0.000000,0.000000,5.000000,0.076285,0
1784324318.003475,FIXED400,TRACKING,400,42.032254,50.419759,-0.065912,0.026454,5.012435,0.000000,0.000000,5.000000,0.072103,0
1784324318.053476,FIXED400,TRACKING,400,39.028591,46.963768,-0.060669,0.029374,5.016230,0.000000,0.000000,5.000000,0.069332,0
1784324318.103476,FIXED400,TRACKING,400,39.088463,47.294450,-0.047807,0.030487,5.014240,0.000000,0.000000,5.000000,0.058462,0
1784324318.153476,FIXED400,TRACKING,400,39.025665,49.901221,-0.041021,0.031012,5.011783,0.000000,0.000000,5.000000,0.052757,0
1784324318.203475,FIXED400,TRACKING,400,39.067683,47.442871,-0.027963,0.032975,5.007129,0.000000,0.000000,5.000000,0.043819,0
1784324318.253477,FIXED400,TRACKING,400,36.053123,46.916299,-0.020503,0.034872,5.005191,0.000000,0.000000,5.000000,0.040784,0
1784324318.303477,FIXED400,TRACKING,400,39.066563,46.242436,-0.008907,0.038154,5.004140,0.000000,0.000000,5.000000,0.039398,0
1784324318.353477,FIXED400,TRACKING,400,42.034616,52.930342,-0.004300,0.040328,5.005614,0.000000,0.000000,5.000000,0.040943,0
1784324318.403477,FIXED400,TRACKING,400,39.124274,47.036516,0.004979,0.043975,5.007836,0.000000,0.000000,5.000000,0.044945,0
1784324318.453483,FIXED400,TRACKING,400,42.012706,52.862282,0.010578,0.044457,5.008186,0.000000,0.000000,5.000000,0.046425,0
1784324318.503479,FIXED400,TRACKING,400,39.135042,47.052383,0.018988,0.041764,5.006333,0.000000,0.000000,5.000000,0.046313,0
1784324318.553480,FIXED400,TRACKING,400,39.074576,49.902053,0.022960,0.040391,5.004507,0.000000,0.000000,5.000000,0.046679,0
1784324318.603478,FIXED400,TRACKING,400,39.074656,47.246843,0.027864,0.041321,5.000253,0.000000,0.000000,5.000000,0.049839,0
1784324318.653479,FIXED400,TRACKING,400,42.057633,52.944717,0.030499,0.042472,4.998735,0.000000,0.000000,5.000000,0.052304,0
1784324318.703480,FIXED400,TRACKING,400,39.048185,46.943378,0.035262,0.045061,4.995885,0.000000,0.000000,5.000000,0.057366,0
1784324318.753479,FIXED400,TRACKING,400,39.074397,49.970156,0.037684,0.046576,4.994636,0.000000,0.000000,5.000000,0.060151,0
1784324318.803479,FIXED400,TRACKING,400,39.038652,47.413781,0.042048,0.048409,4.995107,0.000000,0.000000,5.000000,0.064306,0
1784324318.853480,FIXED400,TRACKING,400,39.015282,49.943134,0.042758,0.047565,4.994318,0.000000,0.000000,5.000000,0.064210,0
1784324318.903479,FIXED400,TRACKING,400,39.087762,46.268237,0.043647,0.045755,4.990934,0.000000,0.000000,5.000000,0.063881,0
1784324318.953487,FIXED400,TRACKING,400,48.065290,58.937708,0.043994,0.045161,4.988369,0.000000,0.000000,5.000000,0.064111,0
1784324319.003481,FIXED400,TRACKING,400,44.089167,45.958879,0.044402,0.044345,4.982177,0.000000,0.000000,5.000000,0.065235,0
1784324319.053481,FIXED400,TRACKING,400,41.015238,46.889958,0.044435,0.043399,4.979179,0.000000,0.000000,5.000000,0.065509,0
1784324319.103481,FIXED400,TRACKING,400,38.071018,46.399063,0.039363,0.040714,4.973534,0.000000,0.000000,5.000000,0.062511,0
1784324319.153481,FIXED400,TRACKING,400,41.022363,52.914203,0.036548,0.039233,4.970399,0.000000,0.000000,5.000000,0.061247,0
1784324319.203481,FIXED400,TRACKING,400,38.058662,46.438014,0.030062,0.036495,4.965940,0.000000,0.000000,5.000000,0.058272,0
1784324319.253482,FIXED400,TRACKING,400,38.074825,49.934715,0.025185,0.034852,4.965411,0.000000,0.000000,5.000000,0.055185,0
1784324319.303481,FIXED400,TRACKING,400,35.035735,43.435717,0.017456,0.031250,4.965603,0.000000,0.000000,5.000000,0.049643,0
1784324319.354303,FIXED400,TRACKING,400,49.152315,64.898843,0.013364,0.028385,4.962335,0.000000,0.000000,5.000000,0.049020,0
1784324319.403510,FIXED400,TRACKING,400,43.055933,108.009256,0.013364,0.028385,4.962335,0.000000,0.000000,5.000000,0.049020,0
1784324319.456299,FIXED400,TRACKING,400,37.067879,46.746853,0.000086,0.018898,4.953179,0.000000,0.000000,5.000000,0.050491,0
1784324319.503482,FIXED400,TRACKING,400,39.062635,46.244041,-0.010181,0.013180,4.951372,0.000000,0.000000,5.000000,0.051401,0
1784324319.553483,FIXED400,TRACKING,400,41.985459,52.885830,-0.014842,0.010481,4.950510,0.000000,0.000000,5.000000,0.052720,0
1784324319.603484,FIXED400,TRACKING,400,39.059830,47.031496,-0.027846,0.005998,4.950627,0.000000,0.000000,5.000000,0.057000,0
1784324319.653484,FIXED400,TRACKING,400,39.038980,49.943270,-0.033500,0.004259,4.952007,0.000000,0.000000,5.000000,0.058683,0
1784324319.703483,FIXED400,TRACKING,400,39.090806,47.464150,-0.043252,-0.000684,4.955363,0.000000,0.000000,5.000000,0.062159,0
1784324319.753484,FIXED400,TRACKING,400,39.068859,49.941821,-0.047410,-0.003679,4.956347,0.000000,0.000000,5.000000,0.064551,0
1784324319.803484,FIXED400,TRACKING,400,39.050949,46.235827,-0.054839,-0.009420,4.958151,0.000000,0.000000,5.000000,0.069623,0
1784324319.853484,FIXED400,TRACKING,400,39.070791,49.989678,-0.059211,-0.017523,4.961780,0.000000,0.000000,5.000000,0.072621,0
1784324319.903484,FIXED400,TRACKING,400,39.077265,46.262340,-0.065004,-0.028859,4.969271,0.000000,0.000000,5.000000,0.077476,0
1784324319.953492,FIXED400,TRACKING,400,45.054971,55.949009,-0.066612,-0.034013,4.974621,0.000000,0.000000,5.000000,0.078982,0
1784324320.005298,FIXED400,TRACKING,400,43.062773,49.757034,-0.067357,-0.043415,4.985567,0.000000,0.000000,5.000000,0.081426,0
1784324320.053485,FIXED400,TRACKING,400,41.028103,46.110805,-0.067340,-0.048489,4.989636,0.000000,0.000000,5.000000,0.083626,0
1784324320.103486,FIXED400,TRACKING,400,38.067106,44.208906,-0.064967,-0.054235,4.996862,0.000000,0.000000,5.000000,0.084688,0
1784324320.153486,FIXED400,TRACKING,400,41.076706,52.972716,-0.063501,-0.056573,5.002084,0.000000,0.000000,5.000000,0.085072,0
1784324320.203486,FIXED400,TRACKING,400,38.014563,46.344302,-0.061763,-0.061351,5.012110,0.000000,0.000000,5.000000,0.087893,0
1784324320.253487,FIXED400,TRACKING,400,38.088271,49.996303,-0.061777,-0.064522,5.017387,0.000000,0.000000,5.000000,0.091005,0
1784324320.303487,FIXED400,TRACKING,400,41.113210,49.447783,-0.061177,-0.068080,5.022880,0.000000,0.000000,5.000000,0.094345,0
1784324320.353487,FIXED400,TRACKING,400,38.013806,46.868483,-0.060695,-0.069412,5.022019,0.000000,0.000000,5.000000,0.094799,0
1784324320.403487,FIXED400,TRACKING,400,41.135878,49.388271,-0.058556,-0.070978,5.020967,0.000000,0.000000,5.000000,0.094373,0
1784324320.453492,FIXED400,TRACKING,400,41.069905,49.844415,-0.056911,-0.069954,5.020516,0.000000,0.000000,5.000000,0.092484,0
1784324320.503488,FIXED400,TRACKING,400,41.113527,49.710882,-0.054050,-0.064703,5.019541,0.000000,0.000000,5.000000,0.086543,0
1784324320.553488,FIXED400,TRACKING,400,38.031808,46.857598,-0.051949,-0.061887,5.018946,0.000000,0.000000,5.000000,0.082992,0
1784324320.603489,FIXED400,TRACKING,400,41.140273,49.599168,-0.046821,-0.057088,5.016343,0.000000,0.000000,5.000000,0.075620,0
1784324320.653489,FIXED400,TRACKING,400,38.043954,46.836999,-0.043377,-0.053711,5.014508,0.000000,0.000000,5.000000,0.070547,0
1784324320.703488,FIXED400,TRACKING,400,41.069848,49.599183,-0.033413,-0.047687,5.009472,0.000000,0.000000,5.000000,0.058994,0
1784324320.753489,FIXED400,TRACKING,400,38.037982,46.929138,-0.026490,-0.044441,5.006559,0.000000,0.000000,5.000000,0.052151,0
1784324320.803490,FIXED400,TRACKING,400,41.034497,49.329156,-0.013116,-0.037194,5.003586,0.000000,0.000000,5.000000,0.039602,0
1784324320.853489,FIXED400,TRACKING,400,38.046970,46.975293,-0.004324,-0.035997,5.003208,0.000000,0.000000,5.000000,0.036398,0
1784324320.903489,FIXED400,TRACKING,400,38.077443,43.266811,0.009232,-0.033061,5.002397,0.000000,0.000000,5.000000,0.034409,0
1784324320.953490,FIXED400,TRACKING,400,38.054089,49.945443,0.015469,-0.031755,5.002277,0.000000,0.000000,5.000000,0.035396,0
1784324321.003489,FIXED400,TRACKING,400,36.091565,41.280689,0.027237,-0.029554,5.004021,0.000000,0.000000,5.000000,0.040391,0
1784324321.056305,FIXED400,TRACKING,400,49.050547,65.736413,0.034429,-0.027576,5.004973,0.000000,0.000000,5.000000,0.044391,0
1784324321.105412,FIXED400,TRACKING,400,43.070273,108.861942,0.034429,-0.027576,5.004973,0.000000,0.000000,5.000000,0.044391,0
1784324321.153491,FIXED400,TRACKING,400,39.077653,44.012276,0.053902,-0.024859,5.001256,0.000000,0.000000,5.000000,0.059372,0
1784324321.203491,FIXED400,TRACKING,400,39.068069,47.607492,0.064894,-0.020366,4.997850,0.000000,0.000000,5.000000,0.068049,0
1784324321.253491,FIXED400,TRACKING,400,36.088732,46.953428,0.070913,-0.015858,4.995103,0.000000,0.000000,5.000000,0.072830,0
1784324321.305299,FIXED400,TRACKING,400,40.096172,50.190529,0.079059,-0.008734,4.991829,0.000000,0.000000,5.000000,0.079959,0
1784324321.353492,FIXED400,TRACKING,400,38.079069,46.142345,0.082610,-0.004737,4.987773,0.000000,0.000000,5.000000,0.083644,0
1784324321.403492,FIXED400,TRACKING,400,41.108427,49.499868,0.088881,0.002644,4.978313,0.000000,0.000000,5.000000,0.091527,0
1784324321.453492,FIXED400,TRACKING,400,38.072009,46.922368,0.092239,0.006108,4.972400,0.000000,0.000000,5.000000,0.096473,0
1784324321.503492,FIXED400,TRACKING,400,41.095781,49.495425,0.096428,0.009734,4.963342,0.000000,0.000000,5.000000,0.103619,0
1784324321.553494,FIXED400,TRACKING,400,41.068932,49.942052,0.097847,0.011663,4.961214,0.000000,0.000000,5.000000,0.105898,0
1784324321.603494,FIXED400,TRACKING,400,38.025434,46.358005,0.096260,0.013923,4.966863,0.000000,0.000000,5.000000,0.102752,0
1784324321.653494,FIXED400,TRACKING,400,41.004066,52.937117,0.094255,0.015249,4.971252,0.000000,0.000000,5.000000,0.099714,0
1784324321.703494,FIXED400,TRACKING,400,38.066216,46.408126,0.088946,0.016246,4.975483,0.000000,0.000000,5.000000,0.093682,0
1784324321.753494,FIXED400,TRACKING,400,41.073205,52.965259,0.084367,0.016125,4.978173,0.000000,0.000000,5.000000,0.088624,0
1784324321.803494,FIXED400,TRACKING,400,38.084656,46.605237,0.077890,0.016090,4.981347,0.000000,0.000000,5.000000,0.081693,0
1784324321.853495,FIXED400,TRACKING,400,41.050473,52.934886,0.069361,0.017309,4.982059,0.000000,0.000000,5.000000,0.073705,0
1784324321.903494,FIXED400,TRACKING,400,38.065244,46.498689,0.056091,0.019474,4.984414,0.000000,0.000000,5.000000,0.061387,0
1784324321.953495,FIXED400,TRACKING,400,41.059304,52.961138,0.048940,0.019538,4.986912,0.000000,0.000000,5.000000,0.054296,0
1784324322.003495,FIXED400,TRACKING,400,38.045732,46.537521,0.033837,0.018048,4.991913,0.000000,0.000000,5.000000,0.039193,0
1784324322.054299,FIXED400,TRACKING,400,40.066879,52.790100,0.024569,0.017308,4.992575,0.000000,0.000000,5.000000,0.030957,0
1784324322.103495,FIXED400,TRACKING,400,40.088281,48.469005,0.007386,0.018132,4.995609,0.000000,0.000000,5.000000,0.020065,0
1784324322.153496,FIXED400,TRACKING,400,40.085659,49.957538,-0.001055,0.018555,4.998575,0.000000,0.000000,5.000000,0.018639,0
1784324322.203496,FIXED400,TRACKING,400,40.065484,48.492395,-0.017298,0.018736,5.006873,0.000000,0.000000,5.000000,0.026411,0
1784324322.253497,FIXED400,TRACKING,400,40.071152,49.923863,-0.027156,0.018263,5.013727,0.000000,0.000000,5.000000,0.035488,0
1784324322.303498,FIXED400,TRACKING,400,40.053402,48.352460,-0.041512,0.017907,5.025324,0.000000,0.000000,5.000000,0.051819,0
1784324322.353497,FIXED400,TRACKING,400,37.076555,46.976090,-0.047111,0.018344,5.032978,0.000000,0.000000,5.000000,0.060361,0
1784324322.403497,FIXED400,TRACKING,400,40.098574,48.615591,-0.057717,0.019198,5.045289,0.000000,0.000000,5.000000,0.075834,0
1784324322.453497,FIXED400,TRACKING,400,40.043308,49.906258,-0.062421,0.017993,5.050139,0.000000,0.000000,5.000000,0.082062,0
1784324322.503498,FIXED400,TRACKING,400,40.055542,48.525985,-0.065876,0.012618,5.053532,0.000000,0.000000,5.000000,0.085817,0
1784324322.553498,FIXED400,TRACKING,400,40.030058,49.932376,-0.067360,0.010214,5.053894,0.000000,0.000000,5.000000,0.086869,0
1784324322.603497,FIXED400,TRACKING,400,40.079577,48.531566,-0.068948,0.002531,5.057280,0.000000,0.000000,5.000000,0.089673,0
1784324322.653498,FIXED400,TRACKING,400,40.062259,49.943472,-0.069502,-0.002524,5.059636,0.000000,0.000000,5.000000,0.091615,0
1784324322.703498,FIXED400,TRACKING,400,40.119254,48.645203,-0.070691,-0.012194,5.061443,0.000000,0.000000,5.000000,0.094452,0
1784324322.753498,FIXED400,TRACKING,400,40.080953,49.920219,-0.071258,-0.017888,5.061034,0.000000,0.000000,5.000000,0.095514,0
1784324322.803499,FIXED400,TRACKING,400,34.084422,42.667483,-0.071497,-0.028768,5.057003,0.000000,0.000000,5.000000,0.095858,0
1784324322.853505,FIXED400,TRACKING,400,52.094853,67.983393,-0.070265,-0.036700,5.053217,0.000000,0.000000,5.000000,0.095479,1
1784324322.905656,FIXED400,TRACKING,400,46.088580,114.127523,-0.070265,-0.036700,5.053217,0.000000,0.000000,5.000000,0.095479,0
1784324322.953500,FIXED400,TRACKING,400,39.050947,40.744642,-0.065425,-0.054447,5.045161,0.000000,0.000000,5.000000,0.096356,0
1784324323.003500,FIXED400,TRACKING,400,42.097706,50.646317,-0.060051,-0.068031,5.037236,0.000000,0.000000,5.000000,0.098086,0
1784324323.053500,FIXED400,TRACKING,400,39.020144,46.882615,-0.056495,-0.075171,5.031402,0.000000,0.000000,5.000000,0.099139,0
1784324323.103499,FIXED400,TRACKING,400,39.096907,47.443645,-0.048997,-0.084510,5.021295,0.000000,0.000000,5.000000,0.099981,0
1784324323.153500,FIXED400,TRACKING,400,39.049216,49.915410,-0.045019,-0.088107,5.017229,0.000000,0.000000,5.000000,0.100431,0
1784324323.203500,FIXED400,TRACKING,400,42.111744,50.653384,-0.037245,-0.092453,5.012100,0.000000,0.000000,5.000000,0.100405,0
1784324323.253501,FIXED400,TRACKING,400,39.102400,46.914496,-0.032637,-0.093218,5.010137,0.000000,0.000000,5.000000,0.099285,0
1784324323.303501,FIXED400,TRACKING,400,47.072387,54.266156,-0.025247,-0.093072,5.005160,0.000000,0.000000,5.000000,0.096573,0
1784324323.353502,FIXED400,TRACKING,400,42.811905,45.696209,-0.021696,-0.091960,5.004302,0.000000,0.000000,5.000000,0.094582,0
1784324323.403516,FIXED400,TRACKING,400,22.361806,29.439581,-0.014471,-0.089186,5.002930,0.000000,0.000000,5.000000,0.090400,0
1784324323.453544,FIXED400,TRACKING,400,27.212730,49.725926,-0.011036,-0.087198,5.001893,0.000000,0.000000,5.000000,0.087914,0
1784324323.503528,FIXED400,TRACKING,400,26.366093,33.815502,-0.007612,-0.083903,5.000609,0.000000,0.000000,5.000000,0.084250,0
1784324323.553545,FIXED400,TRACKING,400,27.219889,49.726974,-0.005686,-0.081800,5.001700,0.000000,0.000000,5.000000,0.082015,0
1784324323.603539,FIXED400,TRACKING,400,26.884325,35.342564,-0.005682,-0.077871,5.001971,0.000000,0.000000,5.000000,0.078103,0
1784324323.653529,FIXED400,TRACKING,400,26.235185,48.813602,-0.005921,-0.074971,5.001125,0.000000,0.000000,5.000000,0.075213,0
1784324323.703534,FIXED400,TRACKING,400,27.534465,35.741174,-0.004642,-0.071121,4.999551,0.000000,0.000000,5.000000,0.071274,0
1784324323.753547,FIXED400,TRACKING,400,26.624471,49.017153,-0.003516,-0.069373,4.998912,0.000000,0.000000,5.000000,0.069471,0
1784324323.803647,FIXED400,TRACKING,400,27.593888,36.033981,-0.001676,-0.064624,4.997213,0.000000,0.000000,5.000000,0.064706,0
1784324323.853549,FIXED400,TRACKING,400,27.046935,49.276555,-0.001862,-0.058291,4.994853,0.000000,0.000000,5.000000,0.058548,0
1784324323.903531,FIXED400,TRACKING,400,26.262075,34.638872,-0.001931,-0.047729,4.991822,0.000000,0.000000,5.000000,0.048464,0
1784324323.953535,FIXED400,TRACKING,400,27.582182,50.155064,-0.002961,-0.041361,4.989876,0.000000,0.000000,5.000000,0.042685,0
1784324324.003525,FIXED400,TRACKING,400,25.406014,33.583754,-0.006479,-0.027078,4.988120,0.000000,0.000000,5.000000,0.030271,0
1784324324.053567,FIXED400,TRACKING,400,27.691403,50.344596,-0.008185,-0.018505,4.988014,0.000000,0.000000,5.000000,0.023518,0
1784324324.103529,FIXED400,TRACKING,400,26.427641,34.679524,-0.009954,-0.009090,4.989563,0.000000,0.000000,5.000000,0.017048,0
1784324324.153547,FIXED400,TRACKING,400,27.424870,50.002425,-0.010528,-0.004646,4.989170,0.000000,0.000000,5.000000,0.015803,0
1784324324.203545,FIXED400,TRACKING,400,26.591860,34.866077,-0.012533,0.005001,4.989195,0.000000,0.000000,5.000000,0.017286,0
1784324324.253563,FIXED400,TRACKING,400,27.929464,50.532003,-0.014719,0.011703,4.990846,0.000000,0.000000,5.000000,0.020914,0
1784324324.303560,FIXED400,TRACKING,400,26.405565,34.927758,-0.017139,0.022487,4.992788,0.000000,0.000000,5.000000,0.029179,0
1784324324.353528,FIXED400,TRACKING,400,26.439526,49.059471,-0.016912,0.027936,4.993083,0.000000,0.000000,5.000000,0.033381,0
1784324324.403566,FIXED400,TRACKING,400,26.259246,34.739342,-0.016256,0.038235,4.992899,0.000000,0.000000,5.000000,0.042150,0
1784324324.453529,FIXED400,TRACKING,400,25.927534,48.494145,-0.016230,0.045194,4.990560,0.000000,0.000000,5.000000,0.048939,0
1784324324.503520,FIXED400,TRACKING,400,26.151054,34.573566,-0.017031,0.056614,4.987755,0.000000,0.000000,5.000000,0.060375,0
1784324324.553544,FIXED400,TRACKING,400,27.465139,50.071787,-0.017076,0.061405,4.987050,0.000000,0.000000,5.000000,0.065037,0
1784324324.603661,FIXED400,TRACKING,400,26.890796,35.512662,-0.014537,0.068976,4.986468,0.000000,0.000000,5.000000,0.071778,0
1784324324.653638,FIXED400,TRACKING,400,27.192626,49.942222,-0.012203,0.072897,4.985828,0.000000,0.000000,5.000000,0.075258,0
1784324324.703601,FIXED400,TRACKING,400,26.593132,34.938026,-0.005567,0.076788,4.987003,0.000000,0.000000,5.000000,0.078079,0
1784324324.753654,FIXED400,TRACKING,400,27.290314,49.924386,-0.001347,0.077706,4.988194,0.000000,0.000000,5.000000,0.078610,0
1784324324.803652,FIXED400,TRACKING,400,26.435943,34.941530,0.005990,0.079326,4.989409,0.000000,0.000000,5.000000,0.080254,0
1784324324.853640,FIXED400,TRACKING,400,27.381060,49.978138,0.007355,0.079374,4.990799,0.000000,0.000000,5.000000,0.080243,0
1784324324.903643,FIXED400,TRACKING,400,27.051603,35.495399,0.009703,0.078826,4.992855,0.000000,0.000000,5.000000,0.079742,0
1784324324.953655,FIXED400,TRACKING,400,27.038052,49.718804,0.011226,0.077941,4.994534,0.000000,0.000000,5.000000,0.078934,0
1784324325.003592,FIXED400,TRACKING,400,26.574994,35.070286,0.014547,0.074752,4.999697,0.000000,0.000000,5.000000,0.076155,0
1784324325.053539,FIXED400,TRACKING,400,27.220440,49.824577,0.016555,0.072350,5.001385,0.000000,0.000000,5.000000,0.074233,0
1784324325.103529,FIXED400,TRACKING,400,25.216547,33.701586,0.019683,0.067708,5.007271,0.000000,0.000000,5.000000,0.070885,0
1784324325.153537,FIXED400,TRACKING,400,26.777566,49.174313,0.021182,0.065183,5.010263,0.000000,0.000000,5.000000,0.069302,0
1784324325.203540,FIXED400,TRACKING,400,27.028347,35.437535,0.024704,0.058712,5.017638,0.000000,0.000000,5.000000,0.066095,0
1784324325.253541,FIXED400,TRACKING,400,27.113847,49.809693,0.027502,0.053681,5.023060,0.000000,0.000000,5.000000,0.064574,0
1784324325.303543,FIXED400,TRACKING,400,26.990322,35.367614,0.031546,0.046556,5.031479,0.000000,0.000000,5.000000,0.064448,0
1784324325.353553,FIXED400,TRACKING,400,27.304853,49.976982,0.032398,0.045795,5.035260,0.000000,0.000000,5.000000,0.066258,0
1784324325.403655,FIXED400,TRACKING,400,27.053317,35.683551,0.033809,0.043437,5.039604,0.000000,0.000000,5.000000,0.067811,0
1784324325.453647,FIXED400,TRACKING,400,26.228554,48.934322,0.034545,0.040779,5.039820,0.000000,0.000000,5.000000,0.066647,0
1784324325.503552,FIXED400,TRACKING,400,27.059885,35.399983,0.035626,0.034547,5.037319,0.000000,0.000000,5.000000,0.062092,0
1784324325.553548,FIXED400,TRACKING,400,26.850278,49.453398,0.036004,0.031633,5.035624,0.000000,0.000000,5.000000,0.059716,0
1784324325.603527,FIXED400,TRACKING,400,26.665692,35.084392,0.035225,0.026726,5.029023,0.000000,0.000000,5.000000,0.052891,0
1784324325.653541,FIXED400,TRACKING,400,27.246095,49.629776,0.034458,0.023812,5.026131,0.000000,0.000000,5.000000,0.049368,0
1784324325.703536,FIXED400,TRACKING,400,25.852108,34.248784,0.034298,0.018170,5.017432,0.000000,0.000000,5.000000,0.042549,0
1784324325.753537,FIXED400,TRACKING,400,27.981519,50.253052,0.034589,0.014947,5.011500,0.000000,0.000000,5.000000,0.039396,0
1784324325.803536,FIXED400,TRACKING,400,26.046216,34.443768,0.034257,0.008719,5.003528,0.000000,0.000000,5.000000,0.035525,0
1784324325.853555,FIXED400,TRACKING,400,27.192153,49.791996,0.033065,0.004438,5.001126,0.000000,0.000000,5.000000,0.033381,0
1784324325.903543,FIXED400,TRACKING,400,27.416182,35.963661,0.030609,-0.001499,4.998300,0.000000,0.000000,5.000000,0.030693,0
1784324325.953554,FIXED400,TRACKING,400,26.770594,49.264428,0.029647,-0.003888,4.996041,0.000000,0.000000,5.000000,0.030162,0
1784324326.003525,FIXED400,TRACKING,400,26.402106,34.843916,0.028160,-0.007683,4.989084,0.000000,0.000000,5.000000,0.031164,0
1784324326.053555,FIXED400,TRACKING,400,27.272825,49.796965,0.026858,-0.009723,4.983712,0.000000,0.000000,5.000000,0.032882,0
1784324326.103549,FIXED400,TRACKING,400,25.812276,34.367508,0.022223,-0.013854,4.972267,0.000000,0.000000,5.000000,0.038143,0
1784324326.153566,FIXED400,TRACKING,400,27.512265,50.135554,0.019720,-0.015814,4.967306,0.000000,0.000000,5.000000,0.041327,0
1784324326.203542,FIXED400,TRACKING,400,26.498107,34.979916,0.015211,-0.018474,4.958329,0.000000,0.000000,5.000000,0.048053,0
1784324326.253551,FIXED400,TRACKING,400,27.329198,49.909531,0.012776,-0.018984,4.953701,0.000000,0.000000,5.000000,0.051645,0
1784324326.303542,FIXED400,TRACKING,400,26.601211,34.966337,0.008591,-0.019779,4.949841,0.000000,0.000000,5.000000,0.054598,0
1784324326.353557,FIXED400,TRACKING,400,27.047731,49.532808,0.005316,-0.020481,4.947542,0.000000,0.000000,5.000000,0.056565,0
1784324326.403541,FIXED400,TRACKING,400,26.319738,34.767998,0.001025,-0.020450,4.946757,0.000000,0.000000,5.000000,0.057044,0
1784324326.453546,FIXED400,TRACKING,400,27.315258,49.961705,-0.002910,-0.020010,4.946520,0.000000,0.000000,5.000000,0.057175,0
1784324326.503557,FIXED400,TRACKING,400,26.645838,35.101593,-0.010934,-0.018751,4.942882,0.000000,0.000000,5.000000,0.061103,0
1784324326.553670,FIXED400,TRACKING,400,27.433218,50.135879,-0.014557,-0.017987,4.941138,0.000000,0.000000,5.000000,0.063247,0
1784324326.603654,FIXED400,TRACKING,400,26.517719,34.912207,-0.020801,-0.015531,4.934802,0.000000,0.000000,5.000000,0.070176,0
1784324326.653555,FIXED400,TRACKING,400,26.787007,49.358346,-0.024156,-0.013762,4.932802,0.000000,0.000000,5.000000,0.072722,0
1784324326.703547,FIXED400,TRACKING,400,26.493345,34.796349,-0.030492,-0.006209,4.929764,0.000000,0.000000,5.000000,0.076820,0
1784324326.753545,FIXED400,TRACKING,400,27.829417,50.362905,-0.034930,0.001132,4.927872,0.000000,0.000000,5.000000,0.080149,0
1784324326.803661,FIXED400,TRACKING,400,26.764156,35.324431,-0.040320,0.010582,4.929685,0.000000,0.000000,5.000000,0.081743,0
1784324326.853549,FIXED400,TRACKING,400,26.824115,49.486054,-0.042292,0.018315,4.931536,0.000000,0.000000,5.000000,0.082531,0
1784324326.903556,FIXED400,TRACKING,400,26.486620,34.877534,-0.044481,0.029668,4.937235,0.000000,0.000000,5.000000,0.082451,0
1784324326.953563,FIXED400,TRACKING,400,27.471759,50.115117,-0.046378,0.035737,4.939751,0.000000,0.000000,5.000000,0.084012,0
1784324327.003551,FIXED400,TRACKING,400,27.146986,35.634993,-0.051994,0.049599,4.945611,0.000000,0.000000,5.000000,0.090120,0
1784324327.053556,FIXED400,TRACKING,400,25.906204,48.568414,-0.053758,0.055117,4.948642,0.000000,0.000000,5.000000,0.092550,0
1784324327.103578,FIXED400,TRACKING,400,26.752222,35.143908,-0.053031,0.061698,4.953285,0.000000,0.000000,5.000000,0.093815,0
1784324327.153550,FIXED400,TRACKING,400,27.088869,49.603157,-0.052043,0.065199,4.956278,0.000000,0.000000,5.000000,0.094186,0
1784324327.203548,FIXED400,TRACKING,400,26.799205,35.145926,-0.051119,0.070187,4.962819,0.000000,0.000000,5.000000,0.094456,0
1784324327.253548,FIXED400,TRACKING,400,26.804963,49.461779,-0.050949,0.072276,4.964770,0.000000,0.000000,5.000000,0.095188,0
1784324327.303567,FIXED400,TRACKING,400,27.062184,35.482256,-0.049909,0.075813,4.970006,0.000000,0.000000,5.000000,0.095594,0
1784324327.353560,FIXED400,TRACKING,400,26.692696,49.304778,-0.048401,0.078444,4.973793,0.000000,0.000000,5.000000,0.095827,0
1784324327.403549,FIXED400,TRACKING,400,26.848304,35.330844,-0.044568,0.082426,4.980797,0.000000,0.000000,5.000000,0.095651,0
1784324327.453556,FIXED400,TRACKING,400,26.340701,49.068139,-0.042323,0.083322,4.983834,0.000000,0.000000,5.000000,0.094842,0
1784324327.503553,FIXED400,TRACKING,400,27.197061,35.568442,-0.039677,0.081795,4.987093,0.000000,0.000000,5.000000,0.091822,0
1784324327.553547,FIXED400,TRACKING,400,26.642100,49.338628,-0.038193,0.080580,4.989154,0.000000,0.000000,5.000000,0.089830,0
1784324327.603535,FIXED400,TRACKING,400,27.135324,35.497809,-0.034884,0.076122,4.986046,0.000000,0.000000,5.000000,0.084889,0
1784324327.653548,FIXED400,TRACKING,400,26.531156,49.123035,-0.032894,0.072985,4.982171,0.000000,0.000000,5.000000,0.082016,0
1784324327.703549,FIXED400,TRACKING,400,26.800404,35.123193,-0.030461,0.070273,4.978340,0.000000,0.000000,5.000000,0.079595,0
1784324327.753546,FIXED400,TRACKING,400,26.774865,49.327850,-0.029447,0.069724,4.978902,0.000000,0.000000,5.000000,0.078573,0
1784324327.803550,FIXED400,TRACKING,400,26.716273,35.132590,-0.027343,0.067733,4.983190,0.000000,0.000000,5.000000,0.074954,0
1784324327.853564,FIXED400,TRACKING,400,26.788172,49.396122,-0.026004,0.067773,4.981800,0.000000,0.000000,5.000000,0.074837,0
1784324327.903562,FIXED400,TRACKING,400,26.823345,35.368869,-0.023867,0.066875,4.979228,0.000000,0.000000,5.000000,0.073982,0
1784324327.953568,FIXED400,TRACKING,400,27.801265,50.428406,-0.022455,0.066772,4.977084,0.000000,0.000000,5.000000,0.074080,0
1784324328.003551,FIXED400,TRACKING,400,26.561291,34.991549,-0.019044,0.066619,4.975280,0.000000,0.000000,5.000000,0.073565,0
1784324328.053567,FIXED400,TRACKING,400,26.682492,49.315752,-0.016895,0.065553,4.975190,0.000000,0.000000,5.000000,0.072098,0
1784324328.103551,FIXED400,TRACKING,400,26.703543,34.910271,-0.013146,0.059709,4.976317,0.000000,0.000000,5.000000,0.065566,0
1784324328.153563,FIXED400,TRACKING,400,26.923428,49.598570,-0.011225,0.056254,4.976272,0.000000,0.000000,5.000000,0.062077,0
1784324328.203553,FIXED400,TRACKING,400,26.904035,35.387214,-0.007021,0.047151,4.974546,0.000000,0.000000,5.000000,0.054041,0
1784324328.253557,FIXED400,TRACKING,400,27.223419,49.946265,-0.004009,0.039603,4.973488,0.000000,0.000000,5.000000,0.047826,0
1784324328.303544,FIXED400,TRACKING,400,26.217150,34.708955,0.000615,0.027374,4.974202,0.000000,0.000000,5.000000,0.037620,0
1784324328.353549,FIXED400,TRACKING,400,27.404135,50.077026,0.002903,0.021218,4.972490,0.000000,0.000000,5.000000,0.034863,0
1784324328.403541,FIXED400,TRACKING,400,26.832031,35.428731,0.007525,0.009088,4.968328,0.000000,0.000000,5.000000,0.033798,0
1784324328.453577,FIXED400,TRACKING,400,25.395298,47.767397,0.010272,0.001905,4.963367,0.000000,0.000000,5.000000,0.038094,0
1784324328.503548,FIXED400,TRACKING,400,27.776703,36.177690,0.013856,-0.008784,4.954254,0.000000,0.000000,5.000000,0.048599,0
1784324328.553547,FIXED400,TRACKING,400,25.756221,47.902682,0.015398,-0.013896,4.952153,0.000000,0.000000,5.000000,0.052149,0
1784324328.603550,FIXED400,TRACKING,400,26.396571,34.813028,0.016023,-0.025549,4.949213,0.000000,0.000000,5.000000,0.059066,0
1784324328.653550,FIXED400,TRACKING,400,26.325492,48.943562,0.015982,-0.032758,4.947744,0.000000,0.000000,5.000000,0.063712,0
1784324328.703547,FIXED400,TRACKING,400,27.211994,35.733559,0.013138,-0.042820,4.946166,0.000000,0.000000,5.000000,0.070031,0
1784324328.753551,FIXED400,TRACKING,400,26.182476,48.776646,0.010596,-0.047223,4.945848,0.000000,0.000000,5.000000,0.072628,0
1784324328.803553,FIXED400,TRACKING,400,26.532854,34.986836,0.006529,-0.055321,4.945299,0.000000,0.000000,5.000000,0.078072,0
1784324328.853568,FIXED400,TRACKING,400,26.668125,49.271892,0.001511,-0.061885,4.943701,0.000000,0.000000,5.000000,0.083676,0
1784324328.903566,FIXED400,TRACKING,400,26.465813,34.817126,-0.005616,-0.071050,4.941961,0.000000,0.000000,5.000000,0.091914,0
1784324328.953563,FIXED400,TRACKING,400,26.722986,49.240904,-0.008941,-0.074952,4.941614,0.000000,0.000000,5.000000,0.095429,0
1784324329.003558,FIXED400,TRACKING,400,26.817762,35.191525,-0.015107,-0.081621,4.944225,0.000000,0.000000,5.000000,0.100005,0
1784324329.053564,FIXED400,TRACKING,400,27.207622,49.850979,-0.018364,-0.085217,4.946245,0.000000,0.000000,5.000000,0.102415,0
1784324329.103557,FIXED400,TRACKING,400,26.599229,35.069741,-0.021629,-0.092721,4.954442,0.000000,0.000000,5.000000,0.105549,0
1784324329.153571,FIXED400,TRACKING,400,27.288666,49.861752,-0.022928,-0.096001,4.959298,0.000000,0.000000,5.000000,0.106764,0
1784324329.203553,FIXED400,TRACKING,400,26.425829,34.963161,-0.026366,-0.100481,4.969614,0.000000,0.000000,5.000000,0.108236,0
1784324329.253561,FIXED400,TRACKING,400,27.555130,50.124032,-0.029445,-0.101782,4.973440,0.000000,0.000000,5.000000,0.109234,0
1784324329.303557,FIXED400,TRACKING,400,26.460314,34.896013,-0.033604,-0.102299,4.978822,0.000000,0.000000,5.000000,0.109740,0
1784324329.353560,FIXED400,TRACKING,400,28.165848,50.869120,-0.035569,-0.101262,4.981968,0.000000,0.000000,5.000000,0.108832,0
1784324329.403557,FIXED400,TRACKING,400,26.397053,34.841099,-0.038907,-0.098213,4.986576,0.000000,0.000000,5.000000,0.106488,0
1784324329.453573,FIXED400,TRACKING,400,27.487963,50.167824,-0.040927,-0.096382,4.988024,0.000000,0.000000,5.000000,0.105394,0
1784324329.503563,FIXED400,TRACKING,400,26.586170,35.042750,-0.043931,-0.093992,4.996670,0.000000,0.000000,5.000000,0.103805,0
1784324329.553570,FIXED400,TRACKING,400,26.990838,49.549549,-0.044887,-0.092244,5.000444,0.000000,0.000000,5.000000,0.102586,0
1784324329.603599,FIXED400,TRACKING,400,26.382179,34.863087,-0.048104,-0.088396,5.004955,0.000000,0.000000,5.000000,0.100759,0
1784324329.653561,FIXED400,TRACKING,400,27.413860,49.972824,-0.049716,-0.085479,5.005248,0.000000,0.000000,5.000000,0.099025,0
1784324329.703592,FIXED400,TRACKING,400,26.770307,35.296879,-0.048047,-0.078081,5.006967,0.000000,0.000000,5.000000,0.091944,0
1784324329.753689,FIXED400,TRACKING,400,27.802268,50.517487,-0.045526,-0.073219,5.008215,0.000000,0.000000,5.000000,0.086609,0
1784324329.803578,FIXED400,TRACKING,400,26.617514,35.077270,-0.040637,-0.062812,5.009541,0.000000,0.000000,5.000000,0.075417,0
1784324329.853681,FIXED400,TRACKING,400,27.501985,50.146775,-0.038487,-0.052974,5.007439,0.000000,0.000000,5.000000,0.065901,0
1784324329.903611,FIXED400,TRACKING,400,26.531465,34.955814,-0.034707,-0.037067,5.003847,0.000000,0.000000,5.000000,0.050924,0
1784324329.953575,FIXED400,TRACKING,400,27.476336,50.064132,-0.033251,-0.029003,5.002236,0.000000,0.000000,5.000000,0.044179,0
1784324330.003604,FIXED400,TRACKING,400,26.639297,34.993862,-0.030961,-0.013005,4.998327,0.000000,0.000000,5.000000,0.033623,0
1784324330.053570,FIXED400,TRACKING,400,27.858903,50.536935,-0.029143,-0.003253,4.996068,0.000000,0.000000,5.000000,0.029587,0
1784324330.103560,FIXED400,TRACKING,400,26.306998,34.642498,-0.026868,0.017166,4.987754,0.000000,0.000000,5.000000,0.034155,0
1784324330.153573,FIXED400,TRACKING,400,26.972503,49.558879,-0.025488,0.027050,4.983290,0.000000,0.000000,5.000000,0.040750,0
1784324330.203560,FIXED400,TRACKING,400,26.316714,34.769050,-0.021250,0.046655,4.975739,0.000000,0.000000,5.000000,0.056718,0
1784324330.253578,FIXED400,TRACKING,400,27.814696,50.426785,-0.017379,0.059183,4.972496,0.000000,0.000000,5.000000,0.067536,0
1784324330.303562,FIXED400,TRACKING,400,26.376731,34.802902,-0.011413,0.076737,4.968766,0.000000,0.000000,5.000000,0.083633,0
1784324330.353572,FIXED400,TRACKING,400,27.455786,50.106290,-0.008634,0.083416,4.965577,0.000000,0.000000,5.000000,0.090651,0
1784324330.403571,FIXED400,TRACKING,400,26.605499,35.113047,-0.002791,0.095434,4.959962,0.000000,0.000000,5.000000,0.103530,0
1784324330.453566,FIXED400,TRACKING,400,27.358107,50.023518,0.000723,0.102144,4.959055,0.000000,0.000000,5.000000,0.110047,0
1784324330.503567,FIXED400,TRACKING,400,27.350987,35.724794,0.005557,0.111682,4.954991,0.000000,0.000000,5.000000,0.120539,0
1784324330.553576,FIXED400,TRACKING,400,26.642162,49.233945,0.007853,0.115442,4.953665,0.000000,0.000000,5.000000,0.124641,0
1784324330.603558,FIXED400,TRACKING,400,25.518339,34.017998,0.011501,0.118967,4.955017,0.000000,0.000000,5.000000,0.127706,0
1784324330.653566,FIXED400,TRACKING,400,26.805659,49.440091,0.013275,0.119651,4.957381,0.000000,0.000000,5.000000,0.127706,0
1784324330.703550,FIXED400,TRACKING,400,25.488750,33.768584,0.014083,0.118037,4.958844,0.000000,0.000000,5.000000,0.125797,0
1784324330.753582,FIXED400,TRACKING,400,27.938697,50.528974,0.013718,0.116050,4.958581,0.000000,0.000000,5.000000,0.123981,0
1784324330.803624,FIXED400,TRACKING,400,26.143999,34.661905,0.012973,0.110262,4.959869,0.000000,0.000000,5.000000,0.118053,0
1784324330.853566,FIXED400,TRACKING,400,27.103225,49.786851,0.012330,0.107730,4.961018,0.000000,0.000000,5.000000,0.115228,0
1784324330.903562,FIXED400,TRACKING,400,26.211611,34.768156,0.011195,0.101217,4.964801,0.000000,0.000000,5.000000,0.107746,0
1784324330.953582,FIXED400,TRACKING,400,26.952348,49.624910,0.010637,0.097004,4.965084,0.000000,0.000000,5.000000,0.103643,0
1784324331.003561,FIXED400,TRACKING,400,26.129791,34.630511,0.009256,0.087290,4.961800,0.000000,0.000000,5.000000,0.095732,0
1784324331.053570,FIXED400,TRACKING,400,27.609334,50.238094,0.008249,0.081141,4.960555,0.000000,0.000000,5.000000,0.090597,0
1784324331.103671,FIXED400,TRACKING,400,25.669118,34.134370,0.002688,0.070685,4.956571,0.000000,0.000000,5.000000,0.083004,0
1784324331.153576,FIXED400,TRACKING,400,26.190403,48.850921,-0.000283,0.065266,4.955257,0.000000,0.000000,5.000000,0.079130,0
1784324331.203569,FIXED400,TRACKING,400,27.286862,35.859221,-0.006622,0.055082,4.950545,0.000000,0.000000,5.000000,0.074321,0
1784324331.253577,FIXED400,TRACKING,400,27.102538,49.723183,-0.010820,0.049455,4.945480,0.000000,0.000000,5.000000,0.074400,0
1784324331.303579,FIXED400,TRACKING,400,26.655702,35.023942,-0.017322,0.039849,4.941577,0.000000,0.000000,5.000000,0.072809,0
1784324331.353563,FIXED400,TRACKING,400,25.994837,48.657835,-0.022645,0.033563,4.938108,0.000000,0.000000,5.000000,0.073959,0
1784324331.403568,FIXED400,TRACKING,400,27.061983,35.420284,-0.032115,0.021049,4.935547,0.000000,0.000000,5.000000,0.075024,0
1784324331.453582,FIXED400,TRACKING,400,27.910722,50.475582,-0.037190,0.013800,4.933427,0.000000,0.000000,5.000000,0.077495,0
1784324331.503581,FIXED400,TRACKING,400,26.758416,35.269410,-0.044261,0.003244,4.929227,0.000000,0.000000,5.000000,0.083536,0
1784324331.553572,FIXED400,TRACKING,400,27.256023,49.771504,-0.047365,-0.001914,4.928430,0.000000,0.000000,5.000000,0.085845,0
1784324331.603588,FIXED400,TRACKING,400,27.309252,35.903358,-0.056259,-0.011969,4.926547,0.000000,0.000000,5.000000,0.093293,0
1784324331.653572,FIXED400,TRACKING,400,27.106823,49.707568,-0.061684,-0.017818,4.926363,0.000000,0.000000,5.000000,0.097698,0
1784324331.703695,FIXED400,TRACKING,400,27.236246,35.846532,-0.070082,-0.024480,4.926839,0.000000,0.000000,5.000000,0.104227,0
1784324331.753695,FIXED400,TRACKING,400,27.632216,50.316629,-0.074183,-0.026611,4.927573,0.000000,0.000000,5.000000,0.107038,0
1784324331.803686,FIXED400,TRACKING,400,26.548864,35.079146,-0.080956,-0.030592,4.933695,0.000000,0.000000,5.000000,0.109023,0
1784324331.853575,FIXED400,TRACKING,400,27.529461,50.254489,-0.085063,-0.031074,4.940203,0.000000,0.000000,5.000000,0.108522,0
1784324331.903565,FIXED400,TRACKING,400,26.330526,34.795357,-0.089654,-0.032147,4.950635,0.000000,0.000000,5.000000,0.107276,0
1784324331.953564,FIXED400,TRACKING,400,27.460574,50.110812,-0.090008,-0.032665,4.957036,0.000000,0.000000,5.000000,0.104950,0
1784324332.003572,FIXED400,TRACKING,400,26.645487,34.998449,-0.087686,-0.033446,4.969147,0.000000,0.000000,5.000000,0.098789,0
1784324332.053569,FIXED400,TRACKING,400,27.194073,49.939945,-0.085572,-0.033791,4.975968,0.000000,0.000000,5.000000,0.095089,0
1784324332.103574,FIXED400,TRACKING,400,26.488844,34.785622,-0.080514,-0.034416,4.979538,0.000000,0.000000,5.000000,0.089920,0
1784324332.153583,FIXED400,TRACKING,400,27.326197,50.010676,-0.077406,-0.034618,4.979912,0.000000,0.000000,5.000000,0.087142,0
1784324332.203559,FIXED400,TRACKING,400,26.455542,34.885042,-0.070561,-0.034995,4.977969,0.000000,0.000000,5.000000,0.081786,0
1784324332.253601,FIXED400,TRACKING,400,28.571121,51.242097,-0.065906,-0.035208,4.976971,0.000000,0.000000,5.000000,0.078189,0
1784324332.303682,FIXED400,TRACKING,400,26.164207,34.595658,-0.057589,-0.033838,4.977554,0.000000,0.000000,5.000000,0.070465,0
1784324332.353610,FIXED400,TRACKING,400,27.617545,50.231738,-0.052548,-0.030350,4.976188,0.000000,0.000000,5.000000,0.065187,0
1784324332.403581,FIXED400,TRACKING,400,26.556013,35.130984,-0.041919,-0.023771,4.971128,0.000000,0.000000,5.000000,0.056177,0
1784324332.453593,FIXED400,TRACKING,400,27.354378,50.115248,-0.034618,-0.018884,4.968400,0.000000,0.000000,5.000000,0.050533,0
1784324332.503552,FIXED400,TRACKING,400,25.482179,33.806430,-0.021777,-0.009095,4.962358,0.000000,0.000000,5.000000,0.044429,0
1784324332.553574,FIXED400,TRACKING,400,28.040606,50.618328,-0.015330,-0.004343,4.958979,0.000000,0.000000,5.000000,0.044007,0
1784324332.603572,FIXED400,TRACKING,400,25.484983,33.975198,-0.000560,0.005132,4.951344,0.000000,0.000000,5.000000,0.048930,0
1784324332.653591,FIXED400,TRACKING,400,28.015127,50.725299,0.008855,0.010663,4.952472,0.000000,0.000000,5.000000,0.049508,0
1784324332.703585,FIXED400,TRACKING,400,26.577881,34.970158,0.025272,0.020190,4.956018,0.000000,0.000000,5.000000,0.054596,0
1784324332.753573,FIXED400,TRACKING,400,27.725922,50.408660,0.033824,0.025203,4.957090,0.000000,0.000000,5.000000,0.060171,0
1784324332.803614,FIXED400,TRACKING,400,25.961403,34.504275,0.049506,0.034075,4.958339,0.000000,0.000000,5.000000,0.073127,0
1784324332.853592,FIXED400,TRACKING,400,27.552554,50.292431,0.057213,0.040843,4.958115,0.000000,0.000000,5.000000,0.081828,0
1784324332.903577,FIXED400,TRACKING,400,26.591008,35.220126,0.068156,0.050362,4.958787,0.000000,0.000000,5.000000,0.094234,0
1784324332.953622,FIXED400,TRACKING,400,27.650471,50.331520,0.071906,0.054481,4.957795,0.000000,0.000000,5.000000,0.099599,0
1784324333.003568,FIXED400,TRACKING,400,26.189167,34.571211,0.076250,0.061634,4.954515,0.000000,0.000000,5.000000,0.108082,0
1784324333.053582,FIXED400,TRACKING,400,27.487004,50.168418,0.078270,0.065541,4.954395,0.000000,0.000000,5.000000,0.111810,0
1784324333.103578,FIXED400,TRACKING,400,27.609892,36.123701,0.078191,0.069674,4.952145,0.000000,0.000000,5.000000,0.115145,0
1784324333.153578,FIXED400,TRACKING,400,26.447094,48.743366,0.077850,0.071132,4.952302,0.000000,0.000000,5.000000,0.115739,0
1784324333.203574,FIXED400,TRACKING,400,26.785811,35.325340,0.076606,0.074627,4.955096,0.000000,0.000000,5.000000,0.115991,0
1784324333.253579,FIXED400,TRACKING,400,27.483031,50.132689,0.075382,0.077577,4.955461,0.000000,0.000000,5.000000,0.116980,0
1784324333.303579,FIXED400,TRACKING,400,26.813421,35.327547,0.072792,0.081522,4.955173,0.000000,0.000000,5.000000,0.118126,0
1784324333.353594,FIXED400,TRACKING,400,27.453367,50.193156,0.070760,0.083887,4.954308,0.000000,0.000000,5.000000,0.118877,0
1784324333.403590,FIXED400,TRACKING,400,26.871019,35.263331,0.066153,0.087588,4.955477,0.000000,0.000000,5.000000,0.118449,0
1784324333.453628,FIXED400,TRACKING,400,27.700772,50.361680,0.062440,0.089076,4.957868,0.000000,0.000000,5.000000,0.116656,0
1784324333.503584,FIXED400,TRACKING,400,26.510645,35.073090,0.055118,0.089916,4.961607,0.000000,0.000000,5.000000,0.112236,0
1784324333.553578,FIXED400,TRACKING,400,28.083660,50.799347,0.051376,0.089595,4.964393,0.000000,0.000000,5.000000,0.109246,0
1784324333.603697,FIXED400,TRACKING,400,25.496872,34.162299,0.039917,0.088467,4.964438,0.000000,0.000000,5.000000,0.103365,0
1784324333.653598,FIXED400,TRACKING,400,28.249978,50.933836,0.032443,0.087132,4.964423,0.000000,0.000000,5.000000,0.099550,0
1784324333.703591,FIXED400,TRACKING,400,26.257725,34.700608,0.021372,0.083599,4.965162,0.000000,0.000000,5.000000,0.093055,0
1784324333.753592,FIXED400,TRACKING,400,27.313373,50.016492,0.016080,0.081170,4.965243,0.000000,0.000000,5.000000,0.089751,0
1784324333.803579,FIXED400,TRACKING,400,26.527447,34.945136,0.006021,0.075451,4.963794,0.000000,0.000000,5.000000,0.083905,0
1784324333.853588,FIXED400,TRACKING,400,26.547065,49.233945,-0.000716,0.069178,4.960414,0.000000,0.000000,5.000000,0.079707,0
1784324333.903582,FIXED400,TRACKING,400,26.851283,35.285557,-0.010793,0.058733,4.957261,0.000000,0.000000,5.000000,0.073435,0
1784324333.953602,FIXED400,TRACKING,400,27.299302,50.001447,-0.017000,0.052738,4.955337,0.000000,0.000000,5.000000,0.071170,0
1784324334.003578,FIXED400,TRACKING,400,26.450892,34.887060,-0.031219,0.039701,4.953131,0.000000,0.000000,5.000000,0.068902,0
1784324334.053592,FIXED400,TRACKING,400,26.814134,49.433496,-0.039185,0.031723,4.956399,0.000000,0.000000,5.000000,0.066655,0
1784324334.103580,FIXED400,TRACKING,400,26.553749,34.850790,-0.051756,0.019606,4.955350,0.000000,0.000000,5.000000,0.071110,0
1784324334.153584,FIXED400,TRACKING,400,27.369976,49.955138,-0.057540,0.013796,4.954040,0.000000,0.000000,5.000000,0.074924,0
1784324334.203580,FIXED400,TRACKING,400,26.551453,34.910621,-0.068798,0.002581,4.949164,0.000000,0.000000,5.000000,0.085581,0
1784324334.253591,FIXED400,TRACKING,400,28.231393,50.984272,-0.075699,-0.004182,4.942855,0.000000,0.000000,5.000000,0.094939,0
1784324334.303569,FIXED400,TRACKING,400,26.094242,34.519317,-0.085157,-0.015351,4.940313,0.000000,0.000000,5.000000,0.105118,0
1784324334.353596,FIXED400,TRACKING,400,26.769078,49.390909,-0.090947,-0.022840,4.939326,0.000000,0.000000,5.000000,0.111689,0
1784324334.403584,FIXED400,TRACKING,400,26.932383,35.284820,-0.100555,-0.036857,4.934374,0.000000,0.000000,5.000000,0.125604,0
1784324334.453710,FIXED400,TRACKING,400,27.240053,50.105469,-0.106436,-0.044173,4.930421,0.000000,0.000000,5.000000,0.134614,0
1784324334.503605,FIXED400,TRACKING,400,26.398003,34.979774,-0.116299,-0.053544,4.921618,0.000000,0.000000,5.000000,0.150121,0
1784324334.553591,FIXED400,TRACKING,400,27.321467,50.074331,-0.120131,-0.057944,4.917682,0.000000,0.000000,5.000000,0.156733,0
1784324334.603569,FIXED400,TRACKING,400,27.579636,36.037422,-0.124041,-0.067699,4.911551,0.000000,0.000000,5.000000,0.166711,0
1784324334.653586,FIXED400,TRACKING,400,26.920880,49.251407,-0.124843,-0.073367,4.910461,0.000000,0.000000,5.000000,0.170252,0
1784324334.703582,FIXED400,TRACKING,400,26.799059,35.328888,-0.124613,-0.080924,4.914036,0.000000,0.000000,5.000000,0.171659,0
1784324334.753616,FIXED400,TRACKING,400,27.500641,50.225222,-0.123739,-0.083958,4.917746,0.000000,0.000000,5.000000,0.170663,0
1784324334.803591,FIXED400,TRACKING,400,26.722576,35.224128,-0.119953,-0.088458,4.926874,0.000000,0.000000,5.000000,0.166015,0
1784324334.853585,FIXED400,TRACKING,400,27.302242,50.017028,-0.116382,-0.088774,4.933475,0.000000,0.000000,5.000000,0.160783,0
1784324334.903586,FIXED400,TRACKING,400,26.612197,35.000617,-0.109361,-0.088766,4.942833,0.000000,0.000000,5.000000,0.152011,0
1784324334.953698,FIXED400,TRACKING,400,28.020858,50.841095,-0.105602,-0.086974,4.946006,0.000000,0.000000,5.000000,0.147076,0
1784324335.003568,FIXED400,TRACKING,400,26.540503,35.103113,-0.097318,-0.080229,4.949795,0.000000,0.000000,5.000000,0.135750,0
1784324335.053583,FIXED400,TRACKING,400,27.034352,49.701869,-0.091301,-0.076105,4.954363,0.000000,0.000000,5.000000,0.127321,0
1784324335.103583,FIXED400,TRACKING,400,26.203570,34.559359,-0.078915,-0.071802,4.956151,0.000000,0.000000,5.000000,0.115350,0
1784324335.153703,FIXED400,TRACKING,400,27.684740,50.488173,-0.072314,-0.069275,4.958321,0.000000,0.000000,5.000000,0.108469,0
1784324335.203679,FIXED400,TRACKING,400,26.686759,35.214048,-0.059440,-0.063290,4.963877,0.000000,0.000000,5.000000,0.094041,0
1784324335.253587,FIXED400,TRACKING,400,27.615394,50.319821,-0.051822,-0.059117,4.966620,0.000000,0.000000,5.000000,0.085409,0
1784324335.303587,FIXED400,TRACKING,400,26.262846,34.744541,-0.039231,-0.051863,4.971468,0.000000,0.000000,5.000000,0.071014,0
1784324335.353600,FIXED400,TRACKING,400,27.222641,49.916411,-0.032575,-0.047319,4.969455,0.000000,0.000000,5.000000,0.065063,0
1784324335.403589,FIXED400,TRACKING,400,26.791845,35.267892,-0.019398,-0.038541,4.964344,0.000000,0.000000,5.000000,0.055974,0
1784324335.453594,FIXED400,TRACKING,400,26.898112,49.554480,-0.010859,-0.033662,4.959066,0.000000,0.000000,5.000000,0.054098,0
1784324335.503613,FIXED400,TRACKING,400,25.743070,34.445079,0.003360,-0.026720,4.949064,0.000000,0.000000,5.000000,0.057617,0
1784324335.553608,FIXED400,TRACKING,400,27.897580,50.590430,0.010432,-0.022954,4.946262,0.000000,0.000000,5.000000,0.059359,0
1784324335.603692,FIXED400,TRACKING,400,27.066095,35.675897,0.019947,-0.015001,4.939394,0.000000,0.000000,5.000000,0.065544,0
1784324335.653601,FIXED400,TRACKING,400,26.888059,49.508766,0.024943,-0.009691,4.936824,0.000000,0.000000,5.000000,0.068609,0
1784324335.703590,FIXED400,TRACKING,400,26.951102,35.505520,0.032421,-0.002613,4.927310,0.000000,0.000000,5.000000,0.079635,0
1784324335.753697,FIXED400,TRACKING,400,27.363181,50.175070,0.035792,0.000198,4.921091,0.000000,0.000000,5.000000,0.086648,0
1784324335.803644,FIXED400,TRACKING,400,26.356456,34.982001,0.041847,0.005875,4.914620,0.000000,0.000000,5.000000,0.095265,0
1784324335.853604,FIXED400,TRACKING,400,26.968473,49.664963,0.046991,0.012329,4.910091,0.000000,0.000000,5.000000,0.102194,0
1784324335.903598,FIXED400,TRACKING,400,26.473057,34.971388,0.054435,0.022036,4.906270,0.000000,0.000000,5.000000,0.110608,0
1784324335.953591,FIXED400,TRACKING,400,27.325818,50.028264,0.058202,0.026662,4.905956,0.000000,0.000000,5.000000,0.113766,0
1784324336.003591,FIXED400,TRACKING,400,27.403042,35.871381,0.065455,0.035333,4.907628,0.000000,0.000000,5.000000,0.118598,0
1784324336.053589,FIXED400,TRACKING,400,27.028973,49.563391,0.069334,0.040119,4.912828,0.000000,0.000000,5.000000,0.118388,0
1784324336.103627,FIXED400,TRACKING,400,26.933570,35.222935,0.072695,0.044870,4.922431,0.000000,0.000000,5.000000,0.115390,0
1784324336.153601,FIXED400,TRACKING,400,27.111182,49.821303,0.073954,0.046856,4.927102,0.000000,0.000000,5.000000,0.113925,0
1784324336.203576,FIXED400,TRACKING,400,27.279606,35.855974,0.076456,0.050166,4.933245,0.000000,0.000000,5.000000,0.113218,0
1784324336.253599,FIXED400,TRACKING,400,26.975489,49.618037,0.077487,0.051332,4.932191,0.000000,0.000000,5.000000,0.115053,0
1784324336.303592,FIXED400,TRACKING,400,26.685194,35.084092,0.078622,0.053912,4.930755,0.000000,0.000000,5.000000,0.117825,0
1784324336.353608,FIXED400,TRACKING,400,27.518389,50.143240,0.077925,0.056193,4.930453,0.000000,0.000000,5.000000,0.118604,0
1784324336.403599,FIXED400,TRACKING,400,26.392010,34.772434,0.075731,0.059840,4.934891,0.000000,0.000000,5.000000,0.116427,0
1784324336.453596,FIXED400,TRACKING,400,27.379211,49.944258,0.073288,0.060525,4.936528,0.000000,0.000000,5.000000,0.114294,0
1784324336.503576,FIXED400,TRACKING,400,26.797881,35.406711,0.066331,0.059797,4.939912,0.000000,0.000000,5.000000,0.107638,0
1784324336.553593,FIXED400,TRACKING,400,27.461862,50.165367,0.062884,0.059485,4.942318,0.000000,0.000000,5.000000,0.104020,0
1784324336.603592,FIXED400,TRACKING,400,26.744631,35.287311,0.052324,0.057411,4.940913,0.000000,0.000000,5.000000,0.097597,0
1784324336.653588,FIXED400,TRACKING,400,26.109025,48.758884,0.045334,0.055652,4.939721,0.000000,0.000000,5.000000,0.093733,0
1784324336.703598,FIXED400,TRACKING,400,27.449341,35.890721,0.033370,0.052094,4.933158,0.000000,0.000000,5.000000,0.091078,0
1784324336.753604,FIXED400,TRACKING,400,26.384951,48.846598,0.026970,0.050008,4.928527,0.000000,0.000000,5.000000,0.091305,0
1784324336.803713,FIXED400,TRACKING,400,26.135716,34.674972,0.014687,0.045367,4.922353,0.000000,0.000000,5.000000,0.091120,0
1784324336.853609,FIXED400,TRACKING,400,27.802310,50.426559,0.007768,0.042902,4.918804,0.000000,0.000000,5.000000,0.092161,0
1784324336.903592,FIXED400,TRACKING,400,26.033505,34.428086,-0.002739,0.038588,4.917961,0.000000,0.000000,5.000000,0.090703,0
1784324336.953716,FIXED400,TRACKING,400,27.757604,50.492670,-0.008295,0.037134,4.916335,0.000000,0.000000,5.000000,0.091911,0
1784324337.003707,FIXED400,TRACKING,400,26.881908,35.418715,-0.019588,0.035440,4.908579,0.000000,0.000000,5.000000,0.099987,0
1784324337.053601,FIXED400,TRACKING,400,27.833622,50.547416,-0.025875,0.034244,4.904966,0.000000,0.000000,5.000000,0.104276,0
1784324337.103593,FIXED400,TRACKING,400,26.122041,34.612786,-0.037374,0.033664,4.899563,0.000000,0.000000,5.000000,0.112328,0
1784324337.153609,FIXED400,TRACKING,400,27.976806,50.575462,-0.042628,0.033027,4.898389,0.000000,0.000000,5.000000,0.115033,0
1784324337.203587,FIXED400,TRACKING,400,25.812937,34.370197,-0.052680,0.032142,4.897694,0.000000,0.000000,5.000000,0.119477,0
1784324337.253600,FIXED400,TRACKING,400,28.308274,50.954084,-0.058981,0.032453,4.895364,0.000000,0.000000,5.000000,0.124421,0
1784324337.303617,FIXED400,TRACKING,400,24.964245,33.500534,-0.067988,0.031843,4.891672,0.000000,0.000000,5.000000,0.131800,0
1784324337.353617,FIXED400,TRACKING,400,28.029140,50.716271,-0.072527,0.030865,4.889404,0.000000,0.000000,5.000000,0.135810,0
1784324337.403583,FIXED400,TRACKING,400,26.666299,35.109045,-0.080032,0.028348,4.893133,0.000000,0.000000,5.000000,0.136489,0
1784324337.453599,FIXED400,TRACKING,400,27.359806,50.056359,-0.082811,0.026118,4.898084,0.000000,0.000000,5.000000,0.133891,0
1784324337.503597,FIXED400,TRACKING,400,26.271467,34.570627,-0.083949,0.021357,4.905903,0.000000,0.000000,5.000000,0.127898,0
1784324337.553612,FIXED400,TRACKING,400,27.234902,49.826637,-0.083951,0.018957,4.910220,0.000000,0.000000,5.000000,0.124369,0
1784324337.603598,FIXED400,TRACKING,400,26.726699,35.249398,-0.083721,0.016430,4.916560,0.000000,0.000000,5.000000,0.119337,0
1784324337.653606,FIXED400,TRACKING,400,27.174173,49.781960,-0.083207,0.015304,4.920026,0.000000,0.000000,5.000000,0.116419,0
1784324337.703592,FIXED400,TRACKING,400,25.427348,33.903286,-0.082411,0.012363,4.924977,0.000000,0.000000,5.000000,0.112129,0
1784324337.753602,FIXED400,TRACKING,400,28.150488,50.765788,-0.081961,0.010728,4.927396,0.000000,0.000000,5.000000,0.110018,0
1784324337.803705,FIXED400,TRACKING,400,26.548205,35.151606,-0.078606,0.006638,4.934070,0.000000,0.000000,5.000000,0.102810,0
1784324337.853611,FIXED400,TRACKING,400,26.725185,49.244474,-0.074896,0.003804,4.935982,0.000000,0.000000,5.000000,0.098601,0
1784324337.903711,FIXED400,TRACKING,400,27.430461,36.036039,-0.066891,-0.001629,4.941267,0.000000,0.000000,5.000000,0.089032,0
1784324337.953610,FIXED400,TRACKING,400,26.830322,49.214831,-0.062263,-0.005516,4.943525,0.000000,0.000000,5.000000,0.084241,0
1784324338.003601,FIXED400,TRACKING,400,26.929542,35.555769,-0.052124,-0.014984,4.947639,0.000000,0.000000,5.000000,0.075386,0
1784324338.053602,FIXED400,TRACKING,400,27.026973,49.744507,-0.045590,-0.020147,4.952262,0.000000,0.000000,5.000000,0.069016,0
1784324338.103602,FIXED400,TRACKING,400,26.657657,35.088918,-0.035260,-0.026119,4.953271,0.000000,0.000000,5.000000,0.064102,0
1784324338.153607,FIXED400,TRACKING,400,26.327371,49.022593,-0.029980,-0.028504,4.954409,0.000000,0.000000,5.000000,0.061561,0
1784324338.203587,FIXED400,TRACKING,400,27.518778,36.052515,-0.019142,-0.033054,4.955386,0.000000,0.000000,5.000000,0.058731,0
1784324338.253727,FIXED400,TRACKING,400,27.280143,49.807250,-0.012214,-0.035989,4.952211,0.000000,0.000000,5.000000,0.061059,0
1784324338.303607,FIXED400,TRACKING,400,26.393765,34.852968,-0.001261,-0.040131,4.945627,0.000000,0.000000,5.000000,0.067591,0
1784324338.353603,FIXED400,TRACKING,400,27.559294,50.230388,0.003635,-0.042016,4.939347,0.000000,0.000000,5.000000,0.073873,0
1784324338.403619,FIXED400,TRACKING,400,26.541065,35.136324,0.012947,-0.044996,4.929290,0.000000,0.000000,5.000000,0.084806,0
1784324338.453609,FIXED400,TRACKING,400,27.662462,50.329505,0.018572,-0.046344,4.925102,0.000000,0.000000,5.000000,0.090013,0
1784324338.503636,FIXED400,TRACKING,400,26.265447,34.851906,0.027458,-0.047634,4.918611,0.000000,0.000000,5.000000,0.098220,0
1784324338.553603,FIXED400,TRACKING,400,27.353104,49.921107,0.031816,-0.047955,4.917773,0.000000,0.000000,5.000000,0.100366,0
1784324338.603587,FIXED400,TRACKING,400,26.661583,35.107891,0.040417,-0.049060,4.916201,0.000000,0.000000,5.000000,0.105180,0
1784324338.653628,FIXED400,TRACKING,400,27.907674,50.601561,0.045754,-0.049482,4.916123,0.000000,0.000000,5.000000,0.107597,0
1784324338.703589,FIXED400,TRACKING,400,26.649256,35.142982,0.053077,-0.049824,4.913042,0.000000,0.000000,5.000000,0.113408,0
1784324338.753608,FIXED400,TRACKING,400,27.296339,50.017426,0.056023,-0.049790,4.910813,0.000000,0.000000,5.000000,0.116499,0
1784324338.803633,FIXED400,TRACKING,400,26.084063,34.507747,0.061291,-0.048548,4.910599,0.000000,0.000000,5.000000,0.118768,0
1784324338.853625,FIXED400,TRACKING,400,27.427833,50.156258,0.063577,-0.046342,4.912062,0.000000,0.000000,5.000000,0.117995,0
1784324338.903608,FIXED400,TRACKING,400,24.825180,33.381317,0.066510,-0.041806,4.916781,0.000000,0.000000,5.000000,0.114441,0
1784324338.953614,FIXED400,TRACKING,400,26.077708,48.750772,0.066050,-0.038705,4.919541,0.000000,0.000000,5.000000,0.111060,0
1784324339.003608,FIXED400,TRACKING,400,26.799026,35.277486,0.061696,-0.031466,4.925202,0.000000,0.000000,5.000000,0.101937,0
1784324339.053604,FIXED400,TRACKING,400,27.326452,49.983230,0.058686,-0.026850,4.930393,0.000000,0.000000,5.000000,0.094922,0
1784324339.103617,FIXED400,TRACKING,400,26.580586,35.167700,0.049175,-0.018882,4.932474,0.000000,0.000000,5.000000,0.085641,0
1784324339.153619,FIXED400,TRACKING,400,27.025912,49.676283,0.044398,-0.014816,4.934200,0.000000,0.000000,5.000000,0.080748,0
1784324339.203611,FIXED400,TRACKING,400,27.189086,35.686454,0.034955,-0.005885,4.934933,0.000000,0.000000,5.000000,0.074096,0
1784324339.253618,FIXED400,TRACKING,400,25.412198,48.127167,0.028932,0.000464,4.933229,0.000000,0.000000,5.000000,0.072771,0
1784324339.303742,FIXED400,TRACKING,400,27.551797,35.950050,0.019247,0.011329,4.930850,0.000000,0.000000,5.000000,0.072668,0
1784324339.353740,FIXED400,TRACKING,400,27.157106,49.530336,0.013047,0.017647,4.930254,0.000000,0.000000,5.000000,0.073118,0
1784324339.403737,FIXED400,TRACKING,400,26.748173,35.346509,0.001263,0.029774,4.932726,0.000000,0.000000,5.000000,0.073579,0
1784324339.453617,FIXED400,TRACKING,400,27.132366,49.739549,-0.006671,0.036554,4.932096,0.000000,0.000000,5.000000,0.077406,0
1784324339.503609,FIXED400,TRACKING,400,26.473423,34.767036,-0.020518,0.045936,4.926181,0.000000,0.000000,5.000000,0.089333,0
1784324339.553627,FIXED400,TRACKING,400,27.381795,50.060934,-0.026600,0.050232,4.924369,0.000000,0.000000,5.000000,0.094609,0
1784324339.603720,FIXED400,TRACKING,400,27.136142,35.636475,-0.035020,0.057217,4.913702,0.000000,0.000000,5.000000,0.109304,0
1784324339.653717,FIXED400,TRACKING,400,27.437510,50.228805,-0.039280,0.060846,4.908557,0.000000,0.000000,5.000000,0.116649,0
1784324339.703618,FIXED400,TRACKING,400,26.900658,35.283340,-0.046222,0.066625,4.901193,0.000000,0.000000,5.000000,0.127821,0
1784324339.753622,FIXED400,TRACKING,400,27.058309,49.679870,-0.049758,0.069433,4.897202,0.000000,0.000000,5.000000,0.133657,0
1784324339.803611,FIXED400,TRACKING,400,27.081615,35.681307,-0.056207,0.073723,4.895641,0.000000,0.000000,5.000000,0.139589,0
1784324339.853627,FIXED400,TRACKING,400,27.501548,50.122473,-0.060192,0.075556,4.895844,0.000000,0.000000,5.000000,0.142057,0
1784324339.903625,FIXED400,TRACKING,400,26.318506,34.744232,-0.064919,0.077268,4.900854,0.000000,0.000000,5.000000,0.141474,0
1784324339.953615,FIXED400,TRACKING,400,27.192105,49.747249,-0.066915,0.075849,4.903733,0.000000,0.000000,5.000000,0.139635,0
1784324340.003601,FIXED400,TRACKING,400,25.873372,34.370993,-0.068484,0.071849,4.910878,0.000000,0.000000,5.000000,0.133398,0
1784324340.053605,FIXED400,TRACKING,400,27.178688,49.806440,-0.068746,0.069053,4.917476,0.000000,0.000000,5.000000,0.127689,0
1784324340.103611,FIXED400,TRACKING,400,26.919171,35.373620,-0.067235,0.061901,4.926991,0.000000,0.000000,5.000000,0.116972,0
1784324340.153635,FIXED400,TRACKING,400,27.278107,49.976537,-0.066151,0.058245,4.932558,0.000000,0.000000,5.000000,0.110982,0
1784324340.203609,FIXED400,TRACKING,400,26.805018,35.225234,-0.063405,0.050158,4.943586,0.000000,0.000000,5.000000,0.098583,0
1784324340.253652,FIXED400,TRACKING,400,26.859720,49.603337,-0.061222,0.044115,4.949765,0.000000,0.000000,5.000000,0.090653,0
1784324340.303596,FIXED400,TRACKING,400,26.911304,35.488375,-0.057359,0.034220,4.957688,0.000000,0.000000,5.000000,0.079065,0
1784324340.353628,FIXED400,TRACKING,400,27.347069,49.966694,-0.056155,0.027927,4.961787,0.000000,0.000000,5.000000,0.073441,0
1784324340.403640,FIXED400,TRACKING,400,26.615509,35.124363,-0.052721,0.015909,4.971461,0.000000,0.000000,5.000000,0.062024,0
1784324340.453627,FIXED400,TRACKING,400,27.388444,50.054496,-0.050063,0.007783,4.974445,0.000000,0.000000,5.000000,0.056745,0
1784324340.503595,FIXED400,TRACKING,400,26.129681,34.072364,-0.045055,-0.006539,4.973617,0.000000,0.000000,5.000000,0.052620,0
1784324340.553632,FIXED400,TRACKING,400,27.692371,50.389185,-0.042043,-0.012997,4.974210,0.000000,0.000000,5.000000,0.051006,0
1784324340.603594,FIXED400,TRACKING,400,25.879646,34.356620,-0.033307,-0.024637,4.973069,0.000000,0.000000,5.000000,0.049413,0
1784324340.653644,FIXED400,TRACKING,400,26.904987,49.645147,-0.027478,-0.030922,4.971029,0.000000,0.000000,5.000000,0.050502,0
1784324340.703599,FIXED400,TRACKING,400,26.569002,35.052165,-0.017958,-0.036821,4.963213,0.000000,0.000000,5.000000,0.055059,0
1784324340.753635,FIXED400,TRACKING,400,26.979781,49.649105,-0.013040,-0.038149,4.958100,0.000000,0.000000,5.000000,0.058147,0
1784324340.803627,FIXED400,TRACKING,400,26.974828,35.489988,-0.003250,-0.040336,4.956106,0.000000,0.000000,5.000000,0.059701,0
1784324340.853632,FIXED400,TRACKING,400,27.079721,49.715777,-0.001513,-0.039581,4.951836,0.000000,0.000000,5.000000,0.062360,0
1784324340.903616,FIXED400,TRACKING,400,26.864918,35.458354,0.002460,-0.038508,4.945906,0.000000,0.000000,5.000000,0.066446,0
1784324340.953629,FIXED400,TRACKING,400,27.281764,49.940902,0.004700,-0.038431,4.942166,0.000000,0.000000,5.000000,0.069597,0
1784324341.003617,FIXED400,TRACKING,400,26.876787,35.404811,0.009424,-0.038961,4.932842,0.000000,0.000000,5.000000,0.078211,0
1784324341.053640,FIXED400,TRACKING,400,26.829826,49.585703,0.012528,-0.039070,4.927545,0.000000,0.000000,5.000000,0.083266,0
1784324341.103636,FIXED400,TRACKING,400,27.116965,35.432551,0.018753,-0.040280,4.919145,0.000000,0.000000,5.000000,0.092259,0
1784324341.153645,FIXED400,TRACKING,400,27.427596,50.115837,0.021577,-0.040861,4.918220,0.000000,0.000000,5.000000,0.093932,0
1784324341.203613,FIXED400,TRACKING,400,26.404351,34.933071,0.024344,-0.041442,4.923226,0.000000,0.000000,5.000000,0.090578,0
1784324341.253609,FIXED400,TRACKING,400,28.027383,50.789604,0.023779,-0.041061,4.926672,0.000000,0.000000,5.000000,0.087341,0
1784324341.303602,FIXED400,TRACKING,400,26.514375,34.999285,0.022464,-0.039173,4.933334,0.000000,0.000000,5.000000,0.080520,0
1784324341.353667,FIXED400,TRACKING,400,27.666977,50.310608,0.021011,-0.036457,4.933899,0.000000,0.000000,5.000000,0.078357,0
1784324341.403685,FIXED400,TRACKING,400,27.102313,35.722210,0.018433,-0.030816,4.937697,0.000000,0.000000,5.000000,0.071910,0
1784324341.453645,FIXED400,TRACKING,400,27.165647,49.943561,0.016162,-0.026499,4.938678,0.000000,0.000000,5.000000,0.068730,0
1784324341.503649,FIXED400,TRACKING,400,26.548547,34.994090,0.010955,-0.018025,4.940143,0.000000,0.000000,5.000000,0.063465,0
1784324341.553631,FIXED400,TRACKING,400,27.270452,49.984479,0.008506,-0.014028,4.941697,0.000000,0.000000,5.000000,0.060567,0
1784324341.603748,FIXED400,TRACKING,400,27.125486,35.797000,0.001691,-0.008632,4.943613,0.000000,0.000000,5.000000,0.057069,0
1784324341.653635,FIXED400,TRACKING,400,26.525399,49.216489,-0.002451,-0.005725,4.945394,0.000000,0.000000,5.000000,0.054960,0
1784324341.703622,FIXED400,TRACKING,400,27.136439,35.700121,-0.009391,0.000980,4.941932,0.000000,0.000000,5.000000,0.058831,0
1784324341.753623,FIXED400,TRACKING,400,27.363585,50.145139,-0.013018,0.005273,4.938020,0.000000,0.000000,5.000000,0.063551,0
1784324341.803620,FIXED400,TRACKING,400,26.906718,35.515283,-0.019093,0.013472,4.933770,0.000000,0.000000,5.000000,0.070232,0
1784324341.853636,FIXED400,TRACKING,400,27.511255,50.230464,-0.023817,0.016375,4.929286,0.000000,0.000000,5.000000,0.076393,0
1784324341.903627,FIXED400,TRACKING,400,26.771309,35.217333,-0.029861,0.020383,4.923754,0.000000,0.000000,5.000000,0.084384,0
1784324341.953647,FIXED400,TRACKING,400,26.776880,49.462259,-0.031708,0.021892,4.921715,0.000000,0.000000,5.000000,0.087254,0
1784324342.003620,FIXED400,TRACKING,400,26.940165,35.543781,-0.033782,0.024036,4.915081,0.000000,0.000000,5.000000,0.094500,0
1784324342.053650,FIXED400,TRACKING,400,27.174958,49.918225,-0.034983,0.024949,4.912858,0.000000,0.000000,5.000000,0.097160,0
1784324342.103609,FIXED400,TRACKING,400,26.314570,34.668592,-0.037345,0.020220,4.908853,0.000000,0.000000,5.000000,0.100555,0
1784324342.153634,FIXED400,TRACKING,400,27.890510,50.583113,-0.038543,0.017570,4.909032,0.000000,0.000000,5.000000,0.100347,0
1784324342.203639,FIXED400,TRACKING,400,25.156099,33.779542,-0.041471,0.012799,4.911975,0.000000,0.000000,5.000000,0.098143,0
1784324342.253673,FIXED400,TRACKING,400,27.655920,50.361305,-0.043609,0.010296,4.912621,0.000000,0.000000,5.000000,0.098197,0
1784324342.303646,FIXED400,TRACKING,400,26.271086,34.914842,-0.046297,0.007121,4.912342,0.000000,0.000000,5.000000,0.099389,0
1784324342.353645,FIXED400,TRACKING,400,27.221705,49.991191,-0.049078,0.006112,4.908374,0.000000,0.000000,5.000000,0.104122,0
1784324342.403653,FIXED400,TRACKING,400,26.774560,35.238554,-0.053126,0.004185,4.904454,0.000000,0.000000,5.000000,0.109402,0
1784324342.453625,FIXED400,TRACKING,400,23.971880,46.531757,-0.054260,0.003052,4.901755,0.000000,0.000000,5.000000,0.112274,0
1784324342.503600,FIXED400,TRACKING,400,24.339163,32.835175,-0.053692,0.001208,4.897101,0.000000,0.000000,5.000000,0.116071,0
1784324342.553645,FIXED400,TRACKING,400,27.788734,50.231067,-0.052996,0.000161,4.897615,0.000000,0.000000,5.000000,0.115288,0
1784324342.603627,FIXED400,TRACKING,400,26.238199,34.838415,-0.049388,-0.003415,4.898894,0.000000,0.000000,5.000000,0.112576,0
1784324342.653643,FIXED400,TRACKING,400,27.437582,50.083360,-0.046533,-0.005711,4.900802,0.000000,0.000000,5.000000,0.109719,0
1784324342.703654,FIXED400,TRACKING,400,26.700888,35.133866,-0.039365,-0.010531,4.910464,0.000000,0.000000,5.000000,0.098372,0
1784324342.753643,FIXED400,TRACKING,400,26.917676,49.658497,-0.034658,-0.013353,4.916411,0.000000,0.000000,5.000000,0.091469,0
1784324342.803666,FIXED400,TRACKING,400,26.988556,35.373952,-0.025360,-0.018102,4.928389,0.000000,0.000000,5.000000,0.078096,0
1784324342.853650,FIXED400,TRACKING,400,27.296497,49.980107,-0.019343,-0.022433,4.932870,0.000000,0.000000,5.000000,0.073374,0
1784324342.903619,FIXED400,TRACKING,400,25.935891,34.546284,-0.009719,-0.027785,4.941566,0.000000,0.000000,5.000000,0.065429,0
1784324342.953624,FIXED400,TRACKING,400,26.611094,49.295322,-0.005243,-0.029230,4.945991,0.000000,0.000000,5.000000,0.061635,0
1784324343.003610,FIXED400,TRACKING,400,25.548715,34.119350,0.003038,-0.030376,4.952820,0.000000,0.000000,5.000000,0.056195,0
1784324343.053643,FIXED400,TRACKING,400,26.539058,49.185160,0.008201,-0.030843,4.956931,0.000000,0.000000,5.000000,0.053605,0
1784324343.103613,FIXED400,TRACKING,400,24.710132,33.199217,0.017616,-0.030756,4.956605,0.000000,0.000000,5.000000,0.056030,0
1784324343.153635,FIXED400,TRACKING,400,25.530002,48.257122,0.022300,-0.030531,4.957128,0.000000,0.000000,5.000000,0.057161,0
1784324343.203636,FIXED400,TRACKING,400,26.121221,34.693471,0.030858,-0.029230,4.958771,0.000000,0.000000,5.000000,0.059215,0
1784324343.253667,FIXED400,TRACKING,400,27.641960,50.319813,0.035567,-0.027692,4.959606,0.000000,0.000000,5.000000,0.060527,0
1784324343.303607,FIXED400,TRACKING,400,25.940693,34.442540,0.042953,-0.025152,4.959797,0.000000,0.000000,5.000000,0.063983,0
1784324343.353649,FIXED400,TRACKING,400,26.951387,49.657450,0.047499,-0.023901,4.956956,0.000000,0.000000,5.000000,0.068412,0
1784324343.403642,FIXED400,TRACKING,400,27.124650,35.809645,0.055836,-0.021003,4.951321,0.000000,0.000000,5.000000,0.076997,0
1784324343.453623,FIXED400,TRACKING,400,33.827590,56.427792,0.060011,-0.018642,4.948129,0.000000,0.000000,5.000000,0.081483,0
1784324343.503612,FIXED400,TRACKING,400,24.929058,33.504190,0.064760,-0.013649,4.942012,0.000000,0.000000,5.000000,0.087993,0
1784324343.553664,FIXED400,TRACKING,400,27.529441,50.225893,0.066782,-0.010910,4.939696,0.000000,0.000000,5.000000,0.090640,0
1784324343.603629,FIXED400,TRACKING,400,26.508859,35.088027,0.069368,-0.004307,4.930782,0.000000,0.000000,5.000000,0.098090,0
1784324343.653658,FIXED400,TRACKING,400,27.212049,50.000353,0.070404,-0.000272,4.927308,0.000000,0.000000,5.000000,0.101198,0
1784324343.703645,FIXED400,TRACKING,400,27.027088,35.570629,0.069338,0.004929,4.926969,0.000000,0.000000,5.000000,0.100825,0
1784324343.753636,FIXED400,TRACKING,400,26.884319,49.512499,0.067299,0.007648,4.925753,0.000000,0.000000,5.000000,0.100500,0
1784324343.803653,FIXED400,TRACKING,400,26.808511,35.379093,0.064166,0.011445,4.923546,0.000000,0.000000,5.000000,0.100466,0
1784324343.853669,FIXED400,TRACKING,400,27.120626,49.859845,0.063583,0.012295,4.918246,0.000000,0.000000,5.000000,0.104296,0
1784324343.903663,FIXED400,TRACKING,400,26.993077,35.618833,0.061582,0.014019,4.916621,0.000000,0.000000,5.000000,0.104598,0
1784324343.953655,FIXED400,TRACKING,400,27.178935,49.862131,0.059553,0.014887,4.916167,0.000000,0.000000,5.000000,0.103905,0
1784324344.003651,FIXED400,TRACKING,400,26.560935,35.061960,0.053919,0.016199,4.917064,0.000000,0.000000,5.000000,0.100240,0
1784324344.053644,FIXED400,TRACKING,400,27.081898,49.747194,0.050236,0.016565,4.920687,0.000000,0.000000,5.000000,0.095334,0
1784324344.103636,FIXED400,TRACKING,400,26.356137,34.804223,0.043754,0.015621,4.924150,0.000000,0.000000,5.000000,0.088948,0
1784324344.153647,FIXED400,TRACKING,400,27.131137,49.784234,0.040454,0.014949,4.927150,0.000000,0.000000,5.000000,0.084658,0
1784324344.203629,FIXED400,TRACKING,400,26.249133,34.774415,0.033203,0.013571,4.932517,0.000000,0.000000,5.000000,0.076424,0
1784324344.253651,FIXED400,TRACKING,400,27.578849,50.328929,0.028161,0.012776,4.932311,0.000000,0.000000,5.000000,0.074418,0
1784324344.303647,FIXED400,TRACKING,400,26.504137,35.069647,0.020196,0.011205,4.930121,0.000000,0.000000,5.000000,0.073597,0
1784324344.353645,FIXED400,TRACKING,400,26.874779,49.641528,0.016627,0.009066,4.926893,0.000000,0.000000,5.000000,0.075520,0
1784324344.403645,FIXED400,TRACKING,400,26.850711,35.393828,0.009556,0.005210,4.922965,0.000000,0.000000,5.000000,0.077800,0
1784324344.453651,FIXED400,TRACKING,400,27.256997,50.052484,0.004525,0.002881,4.920793,0.000000,0.000000,5.000000,0.079389,0
1784324344.503656,FIXED400,TRACKING,400,26.919658,35.449991,-0.004665,-0.001207,4.918381,0.000000,0.000000,5.000000,0.081761,0
1784324344.553734,FIXED400,TRACKING,400,26.962943,49.799532,-0.009079,-0.003145,4.917908,0.000000,0.000000,5.000000,0.082653,0
1784324344.603668,FIXED400,TRACKING,400,26.946889,35.397256,-0.016941,-0.007960,4.916771,0.000000,0.000000,5.000000,0.085308,0
1784324344.653656,FIXED400,TRACKING,400,26.704482,49.445664,-0.021157,-0.011067,4.916566,0.000000,0.000000,5.000000,0.086783,0
1784324344.703646,FIXED400,TRACKING,400,26.813029,35.343370,-0.027522,-0.013535,4.915679,0.000000,0.000000,5.000000,0.089725,0
1784324344.753646,FIXED400,TRACKING,400,26.685251,49.370471,-0.030596,-0.013573,4.915139,0.000000,0.000000,5.000000,0.091223,0
1784324344.803677,FIXED400,TRACKING,400,26.839917,35.266901,-0.035832,-0.013520,4.914179,0.000000,0.000000,5.000000,0.093979,0
1784324344.853649,FIXED400,TRACKING,400,27.068875,49.821745,-0.041343,-0.011816,4.909570,0.000000,0.000000,5.000000,0.100132,0
1784324344.903656,FIXED400,TRACKING,400,26.698553,35.157418,-0.048870,-0.009787,4.907436,0.000000,0.000000,5.000000,0.105129,0
1784324344.953753,FIXED400,TRACKING,400,27.321558,50.083929,-0.052551,-0.009128,4.907198,0.000000,0.000000,5.000000,0.107038,0
1784324345.003652,FIXED400,TRACKING,400,26.576811,34.957294,-0.059780,-0.008249,4.908507,0.000000,0.000000,5.000000,0.109602,0
1784324345.053675,FIXED400,TRACKING,400,26.274109,49.017775,-0.063677,-0.007459,4.911697,0.000000,0.000000,5.000000,0.109123,0
1784324345.103636,FIXED400,TRACKING,400,26.660054,35.083300,-0.068913,-0.009402,4.916856,0.000000,0.000000,5.000000,0.108399,0
1784324345.153650,FIXED400,TRACKING,400,27.137058,49.853481,-0.070870,-0.010326,4.919580,0.000000,0.000000,5.000000,0.107687,0
1784324345.203633,FIXED400,TRACKING,400,26.407827,34.979448,-0.074178,-0.013179,4.926830,0.000000,0.000000,5.000000,0.105024,0
1784324345.253685,FIXED400,TRACKING,400,27.808983,50.591152,-0.076087,-0.016086,4.930038,0.000000,0.000000,5.000000,0.104607,0
1784324345.303639,FIXED400,TRACKING,400,26.316667,34.902560,-0.078032,-0.020251,4.932530,0.000000,0.000000,5.000000,0.105125,0
1784324345.353674,FIXED400,TRACKING,400,27.094823,49.821334,-0.078260,-0.022988,4.931573,0.000000,0.000000,5.000000,0.106468,0
1784324345.403673,FIXED400,TRACKING,400,26.909511,35.367018,-0.077444,-0.027722,4.936064,0.000000,0.000000,5.000000,0.104182,0
1784324345.453655,FIXED400,TRACKING,400,27.516012,50.170600,-0.076184,-0.031066,4.940134,0.000000,0.000000,5.000000,0.101750,0
1784324345.503630,FIXED400,TRACKING,400,24.990976,33.568345,-0.073462,-0.037144,4.944149,0.000000,0.000000,5.000000,0.099477,0
1784324345.553653,FIXED400,TRACKING,400,27.571526,50.316240,-0.071817,-0.039580,4.946965,0.000000,0.000000,5.000000,0.097658,0
1784324345.603672,FIXED400,TRACKING,400,26.503694,35.046929,-0.068354,-0.044516,4.947449,0.000000,0.000000,5.000000,0.097034,0
1784324345.653673,FIXED400,TRACKING,400,27.002555,49.764872,-0.065789,-0.047218,4.948204,0.000000,0.000000,5.000000,0.096128,0
1784324345.703646,FIXED400,TRACKING,400,26.410191,35.054647,-0.061993,-0.048933,4.949597,0.000000,0.000000,5.000000,0.093691,0
1784324345.753655,FIXED400,TRACKING,400,27.123321,49.936568,-0.060346,-0.048579,4.949502,0.000000,0.000000,5.000000,0.092475,0
1784324345.803643,FIXED400,TRACKING,400,25.616447,34.192941,-0.056495,-0.046832,4.951212,0.000000,0.000000,5.000000,0.088120,0
1784324345.853676,FIXED400,TRACKING,400,27.942235,50.628598,-0.054659,-0.044520,4.948293,0.000000,0.000000,5.000000,0.087426,0
1784324345.903643,FIXED400,TRACKING,400,25.927290,34.154143,-0.051105,-0.040382,4.947147,0.000000,0.000000,5.000000,0.083880,0
1784324345.953671,FIXED400,TRACKING,400,27.149993,49.887454,-0.049837,-0.038169,4.948123,0.000000,0.000000,5.000000,0.081436,0
1784324346.003749,FIXED400,TRACKING,400,26.386245,34.910388,-0.048057,-0.033273,4.950952,0.000000,0.000000,5.000000,0.076304,0
1784324346.053665,FIXED400,TRACKING,400,27.160544,49.934170,-0.046339,-0.030017,4.952034,0.000000,0.000000,5.000000,0.073137,0
1784324346.103761,FIXED400,TRACKING,400,26.790000,35.457965,-0.042719,-0.024047,4.947596,0.000000,0.000000,5.000000,0.071759,0
1784324346.153652,FIXED400,TRACKING,400,26.931682,49.635729,-0.040703,-0.021219,4.945206,0.000000,0.000000,5.000000,0.071480,0
1784324346.203665,FIXED400,TRACKING,400,26.693690,35.105604,-0.037172,-0.016971,4.933918,0.000000,0.000000,5.000000,0.077696,0
1784324346.253676,FIXED400,TRACKING,400,27.494961,50.359597,-0.036153,-0.016039,4.927039,0.000000,0.000000,5.000000,0.082992,0
1784324346.303643,FIXED400,TRACKING,400,26.629902,35.232255,-0.033782,-0.013667,4.918995,0.000000,0.000000,5.000000,0.088825,0
1784324346.353657,FIXED400,TRACKING,400,27.424631,50.168848,-0.032384,-0.011402,4.918042,0.000000,0.000000,5.000000,0.088859,0
1784324346.403673,FIXED400,TRACKING,400,26.466738,35.013083,-0.029300,-0.006758,4.919499,0.000000,0.000000,5.000000,0.085933,0
1784324346.453657,FIXED400,TRACKING,400,27.516306,50.274120,-0.026833,-0.004237,4.920120,0.000000,0.000000,5.000000,0.084373,0
1784324346.503642,FIXED400,TRACKING,400,26.658238,35.220805,-0.021823,-0.001050,4.918380,0.000000,0.000000,5.000000,0.084494,0
1784324346.553660,FIXED400,TRACKING,400,27.256999,50.041708,-0.019304,0.000528,4.918322,0.000000,0.000000,5.000000,0.083930,0
1784324346.603667,FIXED400,TRACKING,400,27.072285,35.692816,-0.016127,0.007983,4.917974,0.000000,0.000000,5.000000,0.083977,0
1784324346.653680,FIXED400,TRACKING,400,25.704486,48.433718,-0.014244,0.012988,4.916870,0.000000,0.000000,5.000000,0.085336,0
1784324346.703668,FIXED400,TRACKING,400,27.095724,35.581724,-0.010418,0.021016,4.914462,0.000000,0.000000,5.000000,0.088696,0
1784324346.753658,FIXED400,TRACKING,400,26.581573,49.233124,-0.008096,0.025001,4.913829,0.000000,0.000000,5.000000,0.090089,0
1784324346.803646,FIXED400,TRACKING,400,26.861082,35.405320,-0.003263,0.032281,4.917099,0.000000,0.000000,5.000000,0.089024,0
1784324346.853679,FIXED400,TRACKING,400,26.678367,49.448730,-0.002238,0.033671,4.917311,0.000000,0.000000,5.000000,0.089310,0
1784324346.903673,FIXED400,TRACKING,400,26.340202,35.001131,-0.000150,0.035576,4.919674,0.000000,0.000000,5.000000,0.087852,0
1784324346.953662,FIXED400,TRACKING,400,27.550592,50.284117,0.000514,0.036904,4.921475,0.000000,0.000000,5.000000,0.086766,0
1784324347.003811,FIXED400,TRACKING,400,26.456842,35.249398,0.001187,0.040442,4.925451,0.000000,0.000000,5.000000,0.084820,0
1784324347.053725,FIXED400,TRACKING,400,27.180188,50.016719,0.001817,0.042449,4.928722,0.000000,0.000000,5.000000,0.082980,0
1784324347.103652,FIXED400,TRACKING,400,26.533641,34.957359,0.000828,0.044596,4.933863,0.000000,0.000000,5.000000,0.079772,0
1784324347.153660,FIXED400,TRACKING,400,27.205935,50.037488,0.000316,0.045397,4.935487,0.000000,0.000000,5.000000,0.078886,0
1784324347.203676,FIXED400,TRACKING,400,26.728817,35.302579,-0.001093,0.046344,4.937524,0.000000,0.000000,5.000000,0.077796,0
1784324347.253697,FIXED400,TRACKING,400,27.498601,50.309157,-0.002371,0.046503,4.936592,0.000000,0.000000,5.000000,0.078669,0
1784324347.303674,FIXED400,TRACKING,400,27.029015,35.481209,-0.004367,0.045538,4.940099,0.000000,0.000000,5.000000,0.075372,0
1784324347.353657,FIXED400,TRACKING,400,27.326770,49.977412,-0.006810,0.043600,4.941114,0.000000,0.000000,5.000000,0.073586,0
1784324347.403648,FIXED400,TRACKING,400,26.418478,35.007376,-0.010693,0.039613,4.946161,0.000000,0.000000,5.000000,0.067692,0
1784324347.453665,FIXED400,TRACKING,400,27.123182,49.846567,-0.011593,0.037036,4.948229,0.000000,0.000000,5.000000,0.064702,0
1784324347.503762,FIXED400,TRACKING,400,26.994371,35.670188,-0.010301,0.032831,4.949687,0.000000,0.000000,5.000000,0.060954,0
1784324347.553761,FIXED400,TRACKING,400,27.473468,50.265903,-0.009483,0.030858,4.950861,0.000000,0.000000,5.000000,0.058794,0
1784324347.603684,FIXED400,TRACKING,400,26.704159,35.332737,-0.008030,0.024045,4.950456,0.000000,0.000000,5.000000,0.055653,0
1784324347.653763,FIXED400,TRACKING,400,26.711789,49.471201,-0.007376,0.019228,4.950632,0.000000,0.000000,5.000000,0.053491,0
1784324347.703681,FIXED400,TRACKING,400,26.819716,35.383137,-0.006927,0.012140,4.953146,0.000000,0.000000,5.000000,0.048895,0
1784324347.753663,FIXED400,TRACKING,400,27.407535,50.153306,-0.006829,0.009059,4.953047,0.000000,0.000000,5.000000,0.048304,0
1784324347.803669,FIXED400,TRACKING,400,26.591441,35.219700,-0.006463,0.002914,4.957580,0.000000,0.000000,5.000000,0.043009,0
1784324347.853693,FIXED400,TRACKING,400,27.139478,49.904275,-0.003730,0.000237,4.958791,0.000000,0.000000,5.000000,0.041378,0
1784324347.903682,FIXED400,TRACKING,400,27.038551,35.510583,0.000646,-0.004196,4.958735,0.000000,0.000000,5.000000,0.041482,0
1784324347.953676,FIXED400,TRACKING,400,27.232638,49.995386,0.002673,-0.006310,4.956766,0.000000,0.000000,5.000000,0.043774,0
1784324348.003663,FIXED400,TRACKING,400,26.768583,35.334853,0.006459,-0.009854,4.950639,0.000000,0.000000,5.000000,0.050748,0
1784324348.053674,FIXED400,TRACKING,400,26.903657,49.721860,0.008761,-0.011606,4.950958,0.000000,0.000000,5.000000,0.051152,0
1784324348.103667,FIXED400,TRACKING,400,26.663702,35.024700,0.015161,-0.014705,4.948022,0.000000,0.000000,5.000000,0.056106,0
1784324348.153762,FIXED400,TRACKING,400,27.247349,50.102344,0.018483,-0.016244,4.946572,0.000000,0.000000,5.000000,0.058822,0
1784324348.203673,FIXED400,TRACKING,400,26.199379,34.798873,0.025698,-0.017071,4.941029,0.000000,0.000000,5.000000,0.066553,0
1784324348.253677,FIXED400,TRACKING,400,28.041826,50.886252,0.030817,-0.015775,4.937292,0.000000,0.000000,5.000000,0.071630,0
1784324348.303652,FIXED400,TRACKING,400,26.551552,35.116357,0.038525,-0.015035,4.934538,0.000000,0.000000,5.000000,0.077430,0
1784324348.353667,FIXED400,TRACKING,400,27.408992,50.061858,0.042025,-0.016728,4.931825,0.000000,0.000000,5.000000,0.081815,0
1784324348.403651,FIXED400,TRACKING,400,26.738105,35.379162,0.048006,-0.019856,4.930406,0.000000,0.000000,5.000000,0.086846,0
1784324348.453669,FIXED400,TRACKING,400,27.186471,49.958646,0.052146,-0.020549,4.928467,0.000000,0.000000,5.000000,0.090876,0
1784324348.503684,FIXED400,TRACKING,400,26.816493,35.442833,0.059658,-0.019393,4.922919,0.000000,0.000000,5.000000,0.099381,0
1784324348.553663,FIXED400,TRACKING,400,26.909261,49.613395,0.062675,-0.018802,4.921196,0.000000,0.000000,5.000000,0.102429,0
1784324348.603678,FIXED400,TRACKING,400,27.173555,35.725918,0.068403,-0.013838,4.913956,0.000000,0.000000,5.000000,0.110788,0
1784324348.653656,FIXED400,TRACKING,400,26.790068,49.525140,0.071299,-0.010218,4.911415,0.000000,0.000000,5.000000,0.114172,0
1784324348.703671,FIXED400,TRACKING,400,26.025583,34.620754,0.074088,-0.005551,4.905094,0.000000,0.000000,5.000000,0.120528,0
1784324348.753667,FIXED400,TRACKING,400,27.145879,49.846180,0.074679,-0.003694,4.900358,0.000000,0.000000,5.000000,0.124575,0
1784324348.803682,FIXED400,TRACKING,400,26.386349,34.638754,0.074715,-0.000375,4.895163,0.000000,0.000000,5.000000,0.128738,0
1784324348.853689,FIXED400,TRACKING,400,27.294576,49.971979,0.075285,0.000853,4.894996,0.000000,0.000000,5.000000,0.129207,0
1784324348.903652,FIXED400,TRACKING,400,26.465991,35.071253,0.075424,0.002248,4.898026,0.000000,0.000000,5.000000,0.126856,0
1784324348.953687,FIXED400,TRACKING,400,26.947836,49.617602,0.073489,0.003596,4.898277,0.000000,0.000000,5.000000,0.125543,0
1784324349.003687,FIXED400,TRACKING,400,26.164253,34.640879,0.068285,0.006109,4.901291,0.000000,0.000000,5.000000,0.120181,0
1784324349.053668,FIXED400,TRACKING,400,26.892923,49.533004,0.065299,0.007332,4.904897,0.000000,0.000000,5.000000,0.115596,0
1784324349.103768,FIXED400,TRACKING,400,27.432445,36.010658,0.059044,0.007042,4.914383,0.000000,0.000000,5.000000,0.104240,0
1784324349.153728,FIXED400,TRACKING,400,26.858282,49.323566,0.055479,0.006960,4.919815,0.000000,0.000000,5.000000,0.097754,0
1784324349.203656,FIXED400,TRACKING,400,25.558614,34.129214,0.048525,0.008578,4.929955,0.000000,0.000000,5.000000,0.085642,0
1784324349.253675,FIXED400,TRACKING,400,28.362284,51.154571,0.044571,0.010995,4.936141,0.000000,0.000000,5.000000,0.078648,0
1784324349.303676,FIXED400,TRACKING,400,26.455755,35.043256,0.038195,0.014729,4.947391,0.000000,0.000000,5.000000,0.066659,0
1784324349.353707,FIXED400,TRACKING,400,27.304386,49.998143,0.036130,0.017778,4.950567,0.000000,0.000000,5.000000,0.063758,0
1784324349.403667,FIXED400,TRACKING,400,26.871267,35.422538,0.031786,0.023007,4.958797,0.000000,0.000000,5.000000,0.056898,0
1784324349.453669,FIXED400,TRACKING,400,26.830437,49.545695,0.027895,0.026043,4.961274,0.000000,0.000000,5.000000,0.054370,0
1784324349.503770,FIXED400,TRACKING,400,26.925546,35.599905,0.019655,0.030667,4.957860,0.000000,0.000000,5.000000,0.055700,0
1784324349.553672,FIXED400,TRACKING,400,27.272786,50.035606,0.015713,0.032536,4.955037,0.000000,0.000000,5.000000,0.057681,0
1784324349.603661,FIXED400,TRACKING,400,26.334750,34.499231,0.013008,0.031273,4.947835,0.000000,0.000000,5.000000,0.062196,0
1784324349.653671,FIXED400,TRACKING,400,27.246628,49.935797,0.011933,0.029686,4.946461,0.000000,0.000000,5.000000,0.062370,0
1784324349.703676,FIXED400,TRACKING,400,26.415895,34.855114,0.010972,0.029047,4.943202,0.000000,0.000000,5.000000,0.064731,0
1784324349.753674,FIXED400,TRACKING,400,27.822513,50.537926,0.010927,0.029398,4.942460,0.000000,0.000000,5.000000,0.065533,0
1784324349.803695,FIXED400,TRACKING,400,26.438412,34.942549,0.010465,0.029456,4.944346,0.000000,0.000000,5.000000,0.063832,0
1784324349.853776,FIXED400,TRACKING,400,28.087684,50.860696,0.010098,0.031781,4.943718,0.000000,0.000000,5.000000,0.065419,0
1784324349.903684,FIXED400,TRACKING,400,26.111845,34.721808,0.009079,0.034349,4.942961,0.000000,0.000000,5.000000,0.067199,0
1784324349.953775,FIXED400,TRACKING,400,27.560157,50.369371,0.007820,0.034203,4.940052,0.000000,0.000000,5.000000,0.069460,0
1784324350.003658,FIXED400,TRACKING,400,26.146520,34.617904,0.004065,0.031923,4.933052,0.000000,0.000000,5.000000,0.074281,0
1784324350.053676,FIXED400,TRACKING,400,27.755264,50.539743,0.001649,0.030641,4.930087,0.000000,0.000000,5.000000,0.076351,0
1784324350.103684,FIXED400,TRACKING,400,26.331966,34.787156,-0.000051,0.030383,4.922524,0.000000,0.000000,5.000000,0.083221,0
1784324350.153675,FIXED400,TRACKING,400,27.427235,50.222164,-0.000788,0.030343,4.920341,0.000000,0.000000,5.000000,0.085246,0
1784324350.203662,FIXED400,TRACKING,400,26.159953,34.771721,-0.001839,0.031338,4.918878,0.000000,0.000000,5.000000,0.086985,0
1784324350.253686,FIXED400,TRACKING,400,26.723226,49.471602,-0.001960,0.033059,4.921215,0.000000,0.000000,5.000000,0.085463,0
1784324350.303693,FIXED400,TRACKING,400,27.529430,36.078153,-0.002691,0.036157,4.925840,0.000000,0.000000,5.000000,0.082549,0
1784324350.353714,FIXED400,TRACKING,400,27.795426,50.217166,-0.004747,0.038535,4.930281,0.000000,0.000000,5.000000,0.079801,0
1784324350.403701,FIXED400,TRACKING,400,26.091768,34.682132,-0.008122,0.042731,4.940432,0.000000,0.000000,5.000000,0.073759,0
1784324350.453672,FIXED400,TRACKING,400,25.944785,48.573117,-0.008395,0.046014,4.947234,0.000000,0.000000,5.000000,0.070513,0
1784324350.503687,FIXED400,TRACKING,400,26.290491,34.773287,-0.005654,0.052618,4.958550,0.000000,0.000000,5.000000,0.067221,0
1784324350.553776,FIXED400,TRACKING,400,27.563613,50.419257,-0.004651,0.055086,4.964180,0.000000,0.000000,5.000000,0.065872,0
1784324350.603662,FIXED400,TRACKING,400,26.486142,35.084446,-0.002129,0.056808,4.969028,0.000000,0.000000,5.000000,0.064737,0
1784324350.653708,FIXED400,TRACKING,400,27.280911,50.010251,-0.000515,0.056735,4.974467,0.000000,0.000000,5.000000,0.062218,0
1784324350.703701,FIXED400,TRACKING,400,26.840358,35.470525,0.002447,0.056318,4.983252,0.000000,0.000000,5.000000,0.058807,0
1784324350.753826,FIXED400,TRACKING,400,27.595348,50.459809,0.004126,0.055957,4.986276,0.000000,0.000000,5.000000,0.057763,0
1784324350.803691,FIXED400,TRACKING,400,26.225621,34.786348,0.007566,0.054246,4.992024,0.000000,0.000000,5.000000,0.055349,0
1784324350.853772,FIXED400,TRACKING,400,27.059785,49.436053,0.007880,0.053815,4.990129,0.000000,0.000000,5.000000,0.055277,0
1784324350.903697,FIXED400,TRACKING,400,26.182856,34.829668,0.009031,0.052155,4.987061,0.000000,0.000000,5.000000,0.054490,0
1784324350.953779,FIXED400,TRACKING,400,27.621869,50.462493,0.009903,0.050622,4.983462,0.000000,0.000000,5.000000,0.054168,0
1784324351.003662,FIXED400,TRACKING,400,25.193556,33.872093,0.011845,0.046419,4.973074,0.000000,0.000000,5.000000,0.054955,0
1784324351.053706,FIXED400,TRACKING,400,27.864881,50.681958,0.012843,0.043696,4.966628,0.000000,0.000000,5.000000,0.056462,0
1784324351.103674,FIXED400,TRACKING,400,26.591976,35.193675,0.015264,0.037223,4.957261,0.000000,0.000000,5.000000,0.058695,0
1784324351.153679,FIXED400,TRACKING,400,27.485950,50.282393,0.016261,0.033881,4.954082,0.000000,0.000000,5.000000,0.059336,0
1784324351.203698,FIXED400,TRACKING,400,26.724736,35.243246,0.018491,0.027544,4.948132,0.000000,0.000000,5.000000,0.061570,0
1784324351.253706,FIXED400,TRACKING,400,27.575580,50.480805,0.020363,0.023697,4.941576,0.000000,0.000000,5.000000,0.066254,0
1784324351.303776,FIXED400,TRACKING,400,25.569139,34.262023,0.022530,0.018170,4.931863,0.000000,0.000000,5.000000,0.074029,0
1784324351.353709,FIXED400,TRACKING,400,27.353837,50.038456,0.022531,0.017136,4.925626,0.000000,0.000000,5.000000,0.079579,0
1784324351.403769,FIXED400,TRACKING,400,25.412691,33.828275,0.022099,0.014797,4.917816,0.000000,0.000000,5.000000,0.086380,0
1784324351.453780,FIXED400,TRACKING,400,27.961689,50.814164,0.020883,0.012966,4.914179,0.000000,0.000000,5.000000,0.089272,0
1784324351.503770,FIXED400,TRACKING,400,26.256501,34.860896,0.017657,0.009183,4.915062,0.000000,0.000000,5.000000,0.087238,0
1784324351.553699,FIXED400,TRACKING,400,28.385718,51.990610,0.016176,0.007206,4.917324,0.000000,0.000000,5.000000,0.084552,0
1784324351.603695,FIXED400,TRACKING,400,25.887278,34.392878,0.013132,0.003230,4.919954,0.000000,0.000000,5.000000,0.081180,0
1784324351.653693,FIXED400,TRACKING,400,28.067418,52.116532,0.011664,0.001396,4.923014,0.000000,0.000000,5.000000,0.077877,0
1784324351.703699,FIXED400,TRACKING,400,26.227387,34.819538,0.005370,-0.004332,4.931188,0.000000,0.000000,5.000000,0.069157,0
1784324351.753683,FIXED400,TRACKING,400,27.192806,50.882675,0.001008,-0.007662,4.935630,0.000000,0.000000,5.000000,0.064832,0
1784324351.803772,FIXED400,TRACKING,400,27.590091,36.310174,-0.007061,-0.013840,4.946787,0.000000,0.000000,5.000000,0.055434,0
1784324351.853781,FIXED400,TRACKING,400,27.246148,49.589547,-0.010580,-0.015843,4.947244,0.000000,0.000000,5.000000,0.056091,0
1784324351.903694,FIXED400,TRACKING,400,26.039537,34.380394,-0.017816,-0.020209,4.947990,0.000000,0.000000,5.000000,0.058574,0
1784324351.953710,FIXED400,TRACKING,400,27.525448,51.440077,-0.019962,-0.021085,4.946671,0.000000,0.000000,5.000000,0.060722,0
1784324352.003694,FIXED400,TRACKING,400,26.573900,35.069165,-0.022642,-0.021055,4.939918,0.000000,0.000000,5.000000,0.067571,0
1784324352.053771,FIXED400,TRACKING,400,27.180538,50.618334,-0.023934,-0.021089,4.938179,0.000000,0.000000,5.000000,0.069566,0
1784324352.103707,FIXED400,TRACKING,400,26.810255,35.468118,-0.027563,-0.018451,4.939353,0.000000,0.000000,5.000000,0.069125,0
1784324352.153788,FIXED400,TRACKING,400,27.704197,50.896719,-0.029065,-0.016845,4.941066,0.000000,0.000000,5.000000,0.067836,0
1784324352.203704,FIXED400,TRACKING,400,26.888157,35.613733,-0.031356,-0.012774,4.940976,0.000000,0.000000,5.000000,0.068046,0
1784324352.253686,FIXED400,TRACKING,400,27.349824,50.356209,-0.032027,-0.010190,4.939696,0.000000,0.000000,5.000000,0.069037,0
1784324352.303704,FIXED400,TRACKING,400,26.271556,34.773960,-0.032693,-0.004201,4.939077,0.000000,0.000000,5.000000,0.069268,0
1784324352.353707,FIXED400,TRACKING,400,27.273152,50.910948,-0.031593,-0.000061,4.937881,0.000000,0.000000,5.000000,0.069691,0
1784324352.403703,FIXED400,TRACKING,400,26.456477,34.926686,-0.029116,0.007257,4.936429,0.000000,0.000000,5.000000,0.070297,0
1784324352.453775,FIXED400,TRACKING,400,27.244810,50.792707,-0.027597,0.011707,4.934967,0.000000,0.000000,5.000000,0.071610,0
1784324352.503687,FIXED400,TRACKING,400,26.639585,35.225847,-0.022861,0.027239,4.932791,0.000000,0.000000,5.000000,0.076037,0
1784324352.553709,FIXED400,TRACKING,400,25.337348,48.642492,-0.020923,0.033105,4.934078,0.000000,0.000000,5.000000,0.076677,0
1784324352.603679,FIXED400,TRACKING,400,26.954022,35.353727,-0.017848,0.040537,4.935514,0.000000,0.000000,5.000000,0.078232,0
1784324352.653794,FIXED400,TRACKING,400,27.020969,50.113029,-0.016309,0.043386,4.935956,0.000000,0.000000,5.000000,0.079057,0
1784324352.703773,FIXED400,TRACKING,400,27.118792,35.730364,-0.011567,0.049367,4.939588,0.000000,0.000000,5.000000,0.078870,0
1784324352.753797,FIXED400,TRACKING,400,26.510523,49.347394,-0.008996,0.051857,4.941595,0.000000,0.000000,5.000000,0.078621,0
1784324352.803708,FIXED400,TRACKING,400,26.580260,34.957538,-0.004177,0.056556,4.944880,0.000000,0.000000,5.000000,0.079083,0
1784324352.853708,FIXED400,TRACKING,400,27.410818,50.759940,-0.001776,0.055893,4.942515,0.000000,0.000000,5.000000,0.080198,0
1784324352.903706,FIXED400,TRACKING,400,25.972774,34.576644,0.003224,0.054479,4.941609,0.000000,0.000000,5.000000,0.079924,0
1784324352.953719,FIXED400,TRACKING,400,27.569267,51.541307,0.004740,0.053941,4.939658,0.000000,0.000000,5.000000,0.081076,0
1784324353.003688,FIXED400,TRACKING,400,26.500615,35.106533,0.006681,0.052714,4.932119,0.000000,0.000000,5.000000,0.086205,0
1784324353.053703,FIXED400,TRACKING,400,27.468161,50.910248,0.007748,0.051843,4.929901,0.000000,0.000000,5.000000,0.087531,0
1784324353.103700,FIXED400,TRACKING,400,26.508225,35.022546,0.011603,0.047370,4.923831,0.000000,0.000000,5.000000,0.090445,0
1784324353.153786,FIXED400,TRACKING,400,27.460535,50.975576,0.013352,0.045256,4.920905,0.000000,0.000000,5.000000,0.092100,0
1784324353.203698,FIXED400,TRACKING,400,26.512716,35.199891,0.016754,0.040734,4.915926,0.000000,0.000000,5.000000,0.094913,0
1784324353.253700,FIXED400,TRACKING,400,27.540082,50.929037,0.018403,0.038201,4.914756,0.000000,0.000000,5.000000,0.095208,0
1784324353.303702,FIXED400,TRACKING,400,26.910746,35.497626,0.022218,0.032734,4.916018,0.000000,0.000000,5.000000,0.092834,0
1784324353.353806,FIXED400,TRACKING,400,27.256159,50.376412,0.024947,0.029498,4.916883,0.000000,0.000000,5.000000,0.091657,0
1784324353.403710,FIXED400,TRACKING,400,26.489764,35.170757,0.029298,0.023474,4.924094,0.000000,0.000000,5.000000,0.084683,0
1784324353.453734,FIXED400,TRACKING,400,27.421497,50.901346,0.030846,0.021301,4.929187,0.000000,0.000000,5.000000,0.080123,0
1784324353.503710,FIXED400,TRACKING,400,25.462449,34.068675,0.032430,0.020032,4.937434,0.000000,0.000000,5.000000,0.073263,0
1784324353.553712,FIXED400,TRACKING,400,27.454594,51.930910,0.032637,0.019172,4.940768,0.000000,0.000000,5.000000,0.070294,0
1784324353.603675,FIXED400,TRACKING,400,25.443449,34.089825,0.033103,0.019882,4.944789,0.000000,0.000000,5.000000,0.067374,0
1784324353.653715,FIXED400,TRACKING,400,27.995978,52.514219,0.033064,0.020341,4.947167,0.000000,0.000000,5.000000,0.065562,0
1784324353.703713,FIXED400,TRACKING,400,26.586913,35.224463,0.031864,0.018960,4.947739,0.000000,0.000000,5.000000,0.064078,0
1784324353.753698,FIXED400,TRACKING,400,27.335334,50.660862,0.030717,0.017473,4.945765,0.000000,0.000000,5.000000,0.064732,0
1784324353.803711,FIXED400,TRACKING,400,26.862753,35.461654,0.027818,0.014760,4.944578,0.000000,0.000000,5.000000,0.063744,0
1784324353.853711,FIXED400,TRACKING,400,26.853591,49.925838,0.024895,0.012071,4.940510,0.000000,0.000000,5.000000,0.065609,0
1784324353.903708,FIXED400,TRACKING,400,26.493857,35.019205,0.018243,0.006713,4.932509,0.000000,0.000000,5.000000,0.070234,0
1784324353.953714,FIXED400,TRACKING,400,27.293164,50.742503,0.015231,0.003504,4.927981,0.000000,0.000000,5.000000,0.073695,0
1784324354.003706,FIXED400,TRACKING,400,26.699821,35.185012,0.009226,-0.004503,4.919608,0.000000,0.000000,5.000000,0.081045,0
1784324354.053715,FIXED400,TRACKING,400,27.141826,50.389613,0.006337,-0.008217,4.917520,0.000000,0.000000,5.000000,0.083131,0
1784324354.103708,FIXED400,TRACKING,400,25.868186,33.965995,0.000415,-0.013609,4.918668,0.000000,0.000000,5.000000,0.082464,0
1784324354.153699,FIXED400,TRACKING,400,27.827082,51.888017,-0.002241,-0.015608,4.921817,0.000000,0.000000,5.000000,0.079757,0
1784324354.203684,FIXED400,TRACKING,400,25.721429,34.294328,-0.007162,-0.018221,4.927452,0.000000,0.000000,5.000000,0.075143,0
1784324354.253720,FIXED400,TRACKING,400,28.187678,52.416762,-0.009101,-0.018339,4.927252,0.000000,0.000000,5.000000,0.075574,0
1784324354.303710,FIXED400,TRACKING,400,25.415460,33.945911,-0.012796,-0.018003,4.934726,0.000000,0.000000,5.000000,0.068909,0
1784324354.353698,FIXED400,TRACKING,400,28.368481,52.872728,-0.013905,-0.016646,4.937759,0.000000,0.000000,5.000000,0.065912,0
1784324354.403683,FIXED400,TRACKING,400,26.268298,34.850123,-0.015511,-0.013885,4.943788,0.000000,0.000000,5.000000,0.059943,0
1784324354.453800,FIXED400,TRACKING,400,26.653230,50.428061,-0.015894,-0.012138,4.946941,0.000000,0.000000,5.000000,0.056702,0
1784324354.503716,FIXED400,TRACKING,400,27.702986,36.200367,-0.015324,-0.006041,4.948599,0.000000,0.000000,5.000000,0.053976,0
1784324354.553705,FIXED400,TRACKING,400,26.193812,48.398402,-0.015319,-0.003650,4.948382,0.000000,0.000000,5.000000,0.053967,0
1784324354.603715,FIXED400,TRACKING,400,27.021160,35.483293,-0.014781,0.002319,4.943578,0.000000,0.000000,5.000000,0.058372,0
1784324354.653698,FIXED400,TRACKING,400,27.499344,50.383008,-0.014398,0.005274,4.940921,0.000000,0.000000,5.000000,0.061036,0
1784324354.703805,FIXED400,TRACKING,400,27.048796,35.683858,-0.012911,0.009486,4.939457,0.000000,0.000000,5.000000,0.062627,0
1784324354.753701,FIXED400,TRACKING,400,27.131032,49.898519,-0.011916,0.010160,4.939869,0.000000,0.000000,5.000000,0.062137,0
1784324354.803683,FIXED400,TRACKING,400,26.896078,35.479921,-0.010036,0.011526,4.941135,0.000000,0.000000,5.000000,0.060817,0
1784324354.853791,FIXED400,TRACKING,400,27.851864,50.994133,-0.007180,0.012188,4.937076,0.000000,0.000000,5.000000,0.064494,0
1784324354.903710,FIXED400,TRACKING,400,26.480855,35.038979,-0.001300,0.013795,4.934074,0.000000,0.000000,5.000000,0.067366,0
1784324354.953796,FIXED400,TRACKING,400,27.378604,50.921631,0.001060,0.014499,4.934918,0.000000,0.000000,5.000000,0.066686,0
1784324355.003683,FIXED400,TRACKING,400,26.547336,35.070889,0.005316,0.016045,4.936330,0.000000,0.000000,5.000000,0.065875,0
1784324355.053711,FIXED400,TRACKING,400,27.559733,50.977239,0.007262,0.016778,4.937881,0.000000,0.000000,5.000000,0.064754,0
1784324355.103691,FIXED400,TRACKING,400,27.406160,36.033849,0.012983,0.018755,4.935824,0.000000,0.000000,5.000000,0.068109,0
1784324355.153811,FIXED400,TRACKING,400,27.161168,49.813885,0.015362,0.019561,4.935302,0.000000,0.000000,5.000000,0.069314,0
1784324355.203718,FIXED400,TRACKING,400,26.812173,35.423018,0.018610,0.020289,4.934499,0.000000,0.000000,5.000000,0.071052,0
1784324355.253732,FIXED400,TRACKING,400,27.179235,50.288597,0.019195,0.019909,4.932190,0.000000,0.000000,5.000000,0.073233,0
1784324355.303693,FIXED400,TRACKING,400,26.398001,34.769611,0.019660,0.019539,4.927743,0.000000,0.000000,5.000000,0.077391,0
1784324355.353799,FIXED400,TRACKING,400,27.869689,51.498929,0.019482,0.020871,4.926170,0.000000,0.000000,5.000000,0.079158,0
1784324355.403800,FIXED400,TRACKING,400,26.691494,35.244097,0.018428,0.023014,4.929379,0.000000,0.000000,5.000000,0.076528,0
1784324355.453810,FIXED400,TRACKING,400,27.579566,50.833718,0.017567,0.023388,4.930872,0.000000,0.000000,5.000000,0.075062,0
1784324355.503797,FIXED400,TRACKING,400,26.785593,35.402198,0.013055,0.023405,4.931022,0.000000,0.000000,5.000000,0.074002,0
1784324355.553740,FIXED400,TRACKING,400,27.302879,50.395365,0.011154,0.023285,4.930868,0.000000,0.000000,5.000000,0.073796,0
1784324355.603729,FIXED400,TRACKING,400,26.700518,35.426712,0.010180,0.022336,4.931046,0.000000,0.000000,5.000000,0.073193,0
1784324355.653725,FIXED400,TRACKING,400,26.819933,50.039225,0.010125,0.021752,4.931408,0.000000,0.000000,5.000000,0.072667,0
1784324355.703798,FIXED400,TRACKING,400,27.229326,35.855137,0.007796,0.022814,4.933096,0.000000,0.000000,5.000000,0.071116,0
1784324355.753811,FIXED400,TRACKING,400,27.504289,50.200858,0.005747,0.024298,4.934165,0.000000,0.000000,5.000000,0.070411,0
1784324355.803809,FIXED400,TRACKING,400,26.742639,35.454691,0.002232,0.026477,4.938623,0.000000,0.000000,5.000000,0.066882,0
1784324355.853800,FIXED400,TRACKING,400,26.929427,50.109406,0.002879,0.030302,4.936210,0.000000,0.000000,5.000000,0.070680,0
1784324355.903704,FIXED400,TRACKING,400,26.586239,35.230547,0.003889,0.037024,4.932990,0.000000,0.000000,5.000000,0.076657,0
1784324355.953802,FIXED400,TRACKING,400,27.728785,51.178178,0.004219,0.039597,4.933329,0.000000,0.000000,5.000000,0.077658,0
1784324356.003795,FIXED400,TRACKING,400,26.648153,35.411097,0.004782,0.044499,4.931370,0.000000,0.000000,5.000000,0.081933,0
1784324356.053728,FIXED400,TRACKING,400,28.049554,51.270656,0.004793,0.046720,4.929660,0.000000,0.000000,5.000000,0.084578,0
1784324356.103800,FIXED400,TRACKING,400,26.684185,35.262953,0.004883,0.055535,4.928149,0.000000,0.000000,5.000000,0.090943,0
1784324356.153823,FIXED400,TRACKING,400,27.426167,50.704913,0.004813,0.059366,4.927940,0.000000,0.000000,5.000000,0.093489,0
1784324356.203719,FIXED400,TRACKING,400,26.790031,35.358296,0.003752,0.066670,4.925554,0.000000,0.000000,5.000000,0.100006,0
1784324356.253731,FIXED400,TRACKING,400,28.061958,51.169156,0.002674,0.070398,4.923223,0.000000,0.000000,5.000000,0.104200,0
1784324356.303706,FIXED400,TRACKING,400,26.312392,34.993393,0.000134,0.077267,4.921302,0.000000,0.000000,5.000000,0.110288,0
1784324356.353808,FIXED400,TRACKING,400,27.944017,51.662540,-0.001775,0.079994,4.919923,0.000000,0.000000,5.000000,0.113201,0
1784324356.403713,FIXED400,TRACKING,400,27.029079,35.711962,-0.005023,0.083561,4.922585,0.000000,0.000000,5.000000,0.114020,0
1784324356.453737,FIXED400,TRACKING,400,26.751322,49.672384,-0.006417,0.084000,4.924356,0.000000,0.000000,5.000000,0.113222,0
1784324356.503716,FIXED400,TRACKING,400,26.382100,34.912052,-0.008995,0.080177,4.923865,0.000000,0.000000,5.000000,0.110932,0
1784324356.553733,FIXED400,TRACKING,400,27.370090,50.936684,-0.009944,0.078051,4.925683,0.000000,0.000000,5.000000,0.108231,0
1784324356.603720,FIXED400,TRACKING,400,27.026627,35.607056,-0.011508,0.069574,4.925501,0.000000,0.000000,5.000000,0.102582,0
1784324356.653810,FIXED400,TRACKING,400,27.108580,50.101577,-0.011973,0.064474,4.926802,0.000000,0.000000,5.000000,0.098276,0
1784324356.703806,FIXED400,TRACKING,400,26.446729,35.037198,-0.013596,0.054047,4.928630,0.000000,0.000000,5.000000,0.090552,0
1784324356.753807,FIXED400,TRACKING,400,27.582160,51.065858,-0.014685,0.049860,4.928791,0.000000,0.000000,5.000000,0.088161,0
1784324356.803723,FIXED400,TRACKING,400,26.520810,35.073208,-0.016813,0.040811,4.934505,0.000000,0.000000,5.000000,0.078980,0
1784324356.853731,FIXED400,TRACKING,400,26.270835,49.693845,-0.017253,0.036097,4.936541,0.000000,0.000000,5.000000,0.075018,0
1784324356.903715,FIXED400,TRACKING,400,26.251491,34.983861,-0.018415,0.025538,4.942454,0.000000,0.000000,5.000000,0.065596,0
1784324356.953707,FIXED400,TRACKING,400,27.174800,50.849406,-0.019458,0.021732,4.947995,0.000000,0.000000,5.000000,0.059627,0
1784324357.003729,FIXED400,TRACKING,400,26.828597,35.455642,-0.022304,0.015651,4.959919,0.000000,0.000000,5.000000,0.048466,0
1784324357.053741,FIXED400,TRACKING,400,27.721347,50.843424,-0.023560,0.012590,4.964411,0.000000,0.000000,5.000000,0.044499,0
1784324357.103736,FIXED400,TRACKING,400,26.527273,35.173004,-0.026776,0.009319,4.967134,0.000000,0.000000,5.000000,0.043404,0
1784324357.153708,FIXED400,TRACKING,400,27.550023,50.930327,-0.027904,0.008121,4.968932,0.000000,0.000000,5.000000,0.042542,0
1784324357.203728,FIXED400,TRACKING,400,26.805499,35.418661,-0.027221,0.003624,4.974199,0.000000,0.000000,5.000000,0.037680,0
1784324357.253760,FIXED400,TRACKING,400,27.464577,50.601520,-0.025018,0.000048,4.977019,0.000000,0.000000,5.000000,0.033971,0
1784324357.303739,FIXED400,TRACKING,400,26.748318,35.522989,-0.020646,-0.007294,4.979293,0.000000,0.000000,5.000000,0.030137,0
1784324357.353806,FIXED400,TRACKING,400,27.564291,50.807233,-0.020606,-0.010643,4.975785,0.000000,0.000000,5.000000,0.033530,0
1784324357.403731,FIXED400,TRACKING,400,26.749220,35.354304,-0.020254,-0.016557,4.970109,0.000000,0.000000,5.000000,0.039722,0
1784324357.453709,FIXED400,TRACKING,400,27.159714,50.321377,-0.020584,-0.019479,4.969409,0.000000,0.000000,5.000000,0.041700,0
1784324357.503812,FIXED400,TRACKING,400,26.829071,35.479756,-0.024842,-0.027100,4.965387,0.000000,0.000000,5.000000,0.050494,0
1784324357.553710,FIXED400,TRACKING,400,26.881573,49.882111,-0.026211,-0.030125,4.962714,0.000000,0.000000,5.000000,0.054633,0
1784324357.603743,FIXED400,TRACKING,400,26.710872,35.255321,-0.027684,-0.036546,4.954504,0.000000,0.000000,5.000000,0.064590,0
1784324357.653730,FIXED400,TRACKING,400,27.500872,50.705203,-0.028018,-0.039613,4.951078,0.000000,0.000000,5.000000,0.068903,0
1784324357.703728,FIXED400,TRACKING,400,26.376866,35.052780,-0.028411,-0.048949,4.941940,0.000000,0.000000,5.000000,0.081081,0
1784324357.753712,FIXED400,TRACKING,400,27.451959,50.980148,-0.028678,-0.054137,4.937558,0.000000,0.000000,5.000000,0.087477,0
1784324357.803731,FIXED400,TRACKING,400,26.684156,35.310501,-0.029296,-0.062891,4.937607,0.000000,0.000000,5.000000,0.093308,0
1784324357.853815,FIXED400,TRACKING,400,27.213531,50.544960,-0.029442,-0.063401,4.939005,0.000000,0.000000,5.000000,0.092773,0
1784324357.903807,FIXED400,TRACKING,400,26.670506,35.399597,-0.028921,-0.063946,4.944816,0.000000,0.000000,5.000000,0.089279,0
1784324357.953737,FIXED400,TRACKING,400,26.973443,50.160442,-0.029419,-0.062062,4.947198,0.000000,0.000000,5.000000,0.086633,0
1784324358.003861,FIXED400,TRACKING,400,25.951766,34.646171,-0.031775,-0.054613,4.949063,0.000000,0.000000,5.000000,0.081159,0
1784324358.053747,FIXED400,TRACKING,400,26.675111,50.545261,-0.032731,-0.050784,4.948394,0.000000,0.000000,5.000000,0.079458,0
1784324358.103716,FIXED400,TRACKING,400,26.043147,34.211172,-0.031581,-0.039561,4.945117,0.000000,0.000000,5.000000,0.074663,0
1784324358.153730,FIXED400,TRACKING,400,26.815401,50.725523,-0.030646,-0.034313,4.944280,0.000000,0.000000,5.000000,0.072258,0
1784324358.203742,FIXED400,TRACKING,400,27.067700,35.676908,-0.029889,-0.022330,4.939824,0.000000,0.000000,5.000000,0.070804,0
1784324358.253740,FIXED400,TRACKING,400,27.030711,49.857475,-0.030244,-0.015126,4.936957,0.000000,0.000000,5.000000,0.071540,0
1784324358.303684,FIXED400,TRACKING,400,26.846143,35.454753,-0.030852,-0.000245,4.935272,0.000000,0.000000,5.000000,0.071705,0
1784324358.353735,FIXED400,TRACKING,400,27.183307,50.317388,-0.032355,0.004284,4.935231,0.000000,0.000000,5.000000,0.072528,0
1784324358.403730,FIXED400,TRACKING,400,26.771883,35.364205,-0.034659,0.013442,4.940298,0.000000,0.000000,5.000000,0.070329,0
1784324358.453743,FIXED400,TRACKING,400,27.110727,50.290702,-0.035418,0.018332,4.943061,0.000000,0.000000,5.000000,0.069516,0
1784324358.503733,FIXED400,TRACKING,400,26.090359,34.720305,-0.035583,0.031203,4.949519,0.000000,0.000000,5.000000,0.069197,0
1784324358.553734,FIXED400,TRACKING,400,26.760868,50.597602,-0.035146,0.036180,4.953280,0.000000,0.000000,5.000000,0.068753,0
1784324358.603712,FIXED400,TRACKING,400,26.744355,35.155655,-0.037070,0.046054,4.957429,0.000000,0.000000,5.000000,0.072852,0
1784324358.653704,FIXED400,TRACKING,400,27.680053,50.868787,-0.038000,0.050507,4.959315,0.000000,0.000000,5.000000,0.075168,0
1784324358.703733,FIXED400,TRACKING,400,26.484864,34.978125,-0.040164,0.058471,4.967864,0.000000,0.000000,5.000000,0.077877,0
1784324358.753727,FIXED400,TRACKING,400,26.826246,50.258591,-0.041342,0.061171,4.973006,0.000000,0.000000,5.000000,0.078612,0
1784324358.803699,FIXED400,TRACKING,400,26.080085,34.753132,-0.042916,0.065509,4.981777,0.000000,0.000000,5.000000,0.080407,0
1784324358.853739,FIXED400,TRACKING,400,27.491021,51.389182,-0.045887,0.067184,4.981893,0.000000,0.000000,5.000000,0.083350,0
1784324358.903743,FIXED400,TRACKING,400,26.482314,35.137474,-0.051060,0.070044,4.984257,0.000000,0.000000,5.000000,0.088097,0
1784324358.953746,FIXED400,TRACKING,400,27.441516,50.891749,-0.052831,0.071202,4.985161,0.000000,0.000000,5.000000,0.089895,0
1784324359.003729,FIXED400,TRACKING,400,26.488760,35.050959,-0.055333,0.073124,4.985680,0.000000,0.000000,5.000000,0.092811,0
1784324359.053745,FIXED400,TRACKING,400,27.338495,50.806796,-0.055875,0.073692,4.984431,0.000000,0.000000,5.000000,0.093781,0
1784324359.103737,FIXED400,TRACKING,400,26.712180,35.258552,-0.055621,0.075319,4.983189,0.000000,0.000000,5.000000,0.095127,0
1784324359.153728,FIXED400,TRACKING,400,26.892891,50.110888,-0.054645,0.075508,4.983567,0.000000,0.000000,5.000000,0.094645,0
1784324359.203701,FIXED400,TRACKING,400,26.245766,34.901082,-0.050230,0.075077,4.982010,0.000000,0.000000,5.000000,0.092105,0
1784324359.253740,FIXED400,TRACKING,400,27.495949,51.196312,-0.045663,0.074347,4.979567,0.000000,0.000000,5.000000,0.089611,0
1784324359.303748,FIXED400,TRACKING,400,26.478675,34.904835,-0.038162,0.072048,4.975218,0.000000,0.000000,5.000000,0.085214,0
1784324359.353829,FIXED400,TRACKING,400,27.746729,51.275173,-0.034278,0.071774,4.970030,0.000000,0.000000,5.000000,0.084998,0
1784324359.403741,FIXED400,TRACKING,400,26.732119,35.343840,-0.026503,0.069248,4.965339,0.000000,0.000000,5.000000,0.081848,0
1784324359.453742,FIXED400,TRACKING,400,26.838948,50.035543,-0.023314,0.066588,4.964694,0.000000,0.000000,5.000000,0.078892,0
1784324359.503707,FIXED400,TRACKING,400,26.582318,35.258289,-0.019918,0.056321,4.961371,0.000000,0.000000,5.000000,0.071140,0
1784324359.553731,FIXED400,TRACKING,400,25.695993,49.067285,-0.018143,0.051737,4.959109,0.000000,0.000000,5.000000,0.068396,0
1784324359.603738,FIXED400,TRACKING,400,27.034975,35.685575,-0.016834,0.041727,4.949088,0.000000,0.000000,5.000000,0.067945,0
1784324359.653749,FIXED400,TRACKING,400,27.479178,50.383084,-0.016333,0.036518,4.945333,0.000000,0.000000,5.000000,0.067741,0
1784324359.703738,FIXED400,TRACKING,400,26.790234,35.446033,-0.015059,0.023276,4.938337,0.000000,0.000000,5.000000,0.067608,0
1784324359.753744,FIXED400,TRACKING,400,27.110170,50.262975,-0.014470,0.016751,4.935425,0.000000,0.000000,5.000000,0.068264,0
1784324359.803749,FIXED400,TRACKING,400,26.594802,35.222749,-0.012519,0.004157,4.932894,0.000000,0.000000,5.000000,0.068390,0
1784324359.853748,FIXED400,TRACKING,400,27.412846,50.750334,-0.011758,-0.003379,4.929532,0.000000,0.000000,5.000000,0.071522,0
1784324359.903715,FIXED400,TRACKING,400,26.504490,35.020642,-0.009493,-0.019352,4.924621,0.000000,0.000000,5.000000,0.078400,0
1784324359.953727,FIXED400,TRACKING,400,27.393361,50.833848,-0.009124,-0.024863,4.923314,0.000000,0.000000,5.000000,0.081131,0
1784324360.003733,FIXED400,TRACKING,400,26.248096,35.012682,-0.009230,-0.033021,4.923533,0.000000,0.000000,5.000000,0.083801,0
1784324360.053757,FIXED400,TRACKING,400,26.965074,50.671778,-0.009094,-0.037023,4.926052,0.000000,0.000000,5.000000,0.083197,0
1784324360.103744,FIXED400,TRACKING,400,26.549391,35.002957,-0.011422,-0.045109,4.933498,0.000000,0.000000,5.000000,0.081165,0
1784324360.153735,FIXED400,TRACKING,400,27.032542,50.400496,-0.012558,-0.048434,4.936545,0.000000,0.000000,5.000000,0.080809,0
1784324360.203754,FIXED400,TRACKING,400,26.808450,35.531476,-0.016257,-0.053571,4.940248,0.000000,0.000000,5.000000,0.081881,0
1784324360.253737,FIXED400,TRACKING,400,27.362910,50.449409,-0.019287,-0.054929,4.942124,0.000000,0.000000,5.000000,0.082091,0
1784324360.303751,FIXED400,TRACKING,400,27.300537,35.992077,-0.024722,-0.057163,4.949500,0.000000,0.000000,5.000000,0.080181,0
1784324360.353749,FIXED400,TRACKING,400,27.125532,49.760217,-0.026730,-0.057783,4.953687,0.000000,0.000000,5.000000,0.078729,0
1784324360.403726,FIXED400,TRACKING,400,26.698337,35.445581,-0.029802,-0.058589,4.961287,0.000000,0.000000,5.000000,0.076286,0
1784324360.453823,FIXED400,TRACKING,400,27.528515,50.866647,-0.031199,-0.059317,4.962890,0.000000,0.000000,5.000000,0.076610,0
1784324360.503740,FIXED400,TRACKING,400,26.733780,35.467921,-0.034709,-0.063323,4.966108,0.000000,0.000000,5.000000,0.079770,0
1784324360.553726,FIXED400,TRACKING,400,27.114281,50.303805,-0.035892,-0.064411,4.967940,0.000000,0.000000,5.000000,0.080404,0
1784324360.603817,FIXED400,TRACKING,400,27.245230,35.966834,-0.039517,-0.064142,4.969890,0.000000,0.000000,5.000000,0.081132,0
1784324360.653827,FIXED400,TRACKING,400,27.375642,50.069170,-0.041092,-0.063453,4.970344,0.000000,0.000000,5.000000,0.081206,0
1784324360.703719,FIXED400,TRACKING,400,26.391420,34.943901,-0.043900,-0.062768,4.969499,0.000000,0.000000,5.000000,0.082446,0
1784324360.753750,FIXED400,TRACKING,400,27.101399,50.665072,-0.044889,-0.063018,4.967938,0.000000,0.000000,5.000000,0.083751,0
1784324360.803719,FIXED400,TRACKING,400,26.311398,34.980185,-0.046136,-0.062798,4.966862,0.000000,0.000000,5.000000,0.084677,0
1784324360.853749,FIXED400,TRACKING,400,27.309459,50.960252,-0.047435,-0.062682,4.966234,0.000000,0.000000,5.000000,0.085553,0
1784324360.903749,FIXED400,TRACKING,400,26.304430,34.981640,-0.049344,-0.061914,4.966594,0.000000,0.000000,5.000000,0.085931,0
1784324360.953831,FIXED400,TRACKING,400,27.886579,51.595768,-0.049327,-0.060883,4.967289,0.000000,0.000000,5.000000,0.084910,0
1784324361.003719,FIXED400,TRACKING,400,26.545461,35.249267,-0.047613,-0.057276,4.969914,0.000000,0.000000,5.000000,0.080329,0
1784324361.053751,FIXED400,TRACKING,400,27.577346,51.002665,-0.046251,-0.055094,4.971388,0.000000,0.000000,5.000000,0.077416,0
1784324361.103747,FIXED400,TRACKING,400,26.658885,35.360625,-0.042263,-0.052195,4.967513,0.000000,0.000000,5.000000,0.074605,0
1784324361.153749,FIXED400,TRACKING,400,27.371052,50.638213,-0.039986,-0.050665,4.966522,0.000000,0.000000,5.000000,0.072709,0
1784324361.203717,FIXED400,TRACKING,400,26.866388,35.457620,-0.034556,-0.046383,4.963371,0.000000,0.000000,5.000000,0.068463,0
1784324361.253761,FIXED400,TRACKING,400,27.425080,50.512920,-0.031411,-0.043613,4.962432,0.000000,0.000000,5.000000,0.065575,0
1784324361.303739,FIXED400,TRACKING,400,26.343988,34.847387,-0.024138,-0.036601,4.963225,0.000000,0.000000,5.000000,0.057225,0
1784324361.353749,FIXED400,TRACKING,400,27.675870,51.270417,-0.021530,-0.031995,4.961314,0.000000,0.000000,5.000000,0.054624,0
1784324361.403746,FIXED400,TRACKING,400,26.875598,35.487030,-0.016254,-0.023145,4.957191,0.000000,0.000000,5.000000,0.051308,0
1784324361.453766,FIXED400,TRACKING,400,27.261199,50.325297,-0.013485,-0.018726,4.954689,0.000000,0.000000,5.000000,0.050849,0
1784324361.503744,FIXED400,TRACKING,400,26.074914,34.727949,-0.006409,-0.007881,4.952064,0.000000,0.000000,5.000000,0.049001,0
1784324361.553752,FIXED400,TRACKING,400,27.077599,50.943909,-0.003343,-0.003124,4.954078,0.000000,0.000000,5.000000,0.046150,0
1784324361.603752,FIXED400,TRACKING,400,26.433993,35.068344,0.002754,0.006621,4.949584,0.000000,0.000000,5.000000,0.050924,0
1784324361.653755,FIXED400,TRACKING,400,27.098904,50.593778,0.005734,0.011549,4.945214,0.000000,0.000000,5.000000,0.056283,0
1784324361.703744,FIXED400,TRACKING,400,26.377388,34.986996,0.011286,0.020978,4.929958,0.000000,0.000000,5.000000,0.073982,0
1784324361.753757,FIXED400,TRACKING,400,27.279721,50.843349,0.013252,0.024303,4.921442,0.000000,0.000000,5.000000,0.083292,0
1784324361.803739,FIXED400,TRACKING,400,25.683742,34.361533,0.016687,0.032463,4.910223,0.000000,0.000000,5.000000,0.096914,0
1784324361.853747,FIXED400,TRACKING,400,26.711785,50.962416,0.016312,0.037020,4.904354,0.000000,0.000000,5.000000,0.103850,0
1784324361.903823,FIXED400,TRACKING,400,26.625655,35.164219,0.015193,0.049315,4.891783,0.000000,0.000000,5.000000,0.119890,0
1784324361.953768,FIXED400,TRACKING,400,27.384103,50.638947,0.013529,0.054296,4.887185,0.000000,0.000000,5.000000,0.125930,0
1784324362.003744,FIXED400,TRACKING,400,26.333570,35.025405,0.008391,0.062862,4.879958,0.000000,0.000000,5.000000,0.135765,0
1784324362.053771,FIXED400,TRACKING,400,27.374892,51.003869,0.006196,0.066397,4.878487,0.000000,0.000000,5.000000,0.138609,0
1784324362.103730,FIXED400,TRACKING,400,26.001031,34.612283,0.003928,0.067572,4.872588,0.000000,0.000000,5.000000,0.144275,0
1784324362.153744,FIXED400,TRACKING,400,27.234984,51.191615,0.003307,0.067335,4.870520,0.000000,0.000000,5.000000,0.145979,0
1784324362.203754,FIXED400,TRACKING,400,26.757347,35.418804,0.004521,0.068755,4.870085,0.000000,0.000000,5.000000,0.147056,0
1784324362.253766,FIXED400,TRACKING,400,27.422855,50.566947,0.006952,0.070744,4.869888,0.000000,0.000000,5.000000,0.148264,0
1784324362.303754,FIXED400,TRACKING,400,26.351322,34.909032,0.011489,0.073698,4.869937,0.000000,0.000000,5.000000,0.149932,0
1784324362.353754,FIXED400,TRACKING,400,27.390081,50.946099,0.012671,0.073760,4.870943,0.000000,0.000000,5.000000,0.149187,0
1784324362.403739,FIXED400,TRACKING,400,26.963448,35.628299,0.014232,0.072801,4.880771,0.000000,0.000000,5.000000,0.140421,0
1784324362.453756,FIXED400,TRACKING,400,27.281744,50.254440,0.015046,0.072016,4.890554,0.000000,0.000000,5.000000,0.131876,0
1784324362.503750,FIXED400,TRACKING,400,26.671070,35.368860,0.016627,0.070846,4.905745,0.000000,0.000000,5.000000,0.119079,0
1784324362.553836,FIXED400,TRACKING,400,27.112487,50.447958,0.017452,0.069753,4.913064,0.000000,0.000000,5.000000,0.112818,0
1784324362.603732,FIXED400,TRACKING,400,26.355217,35.101910,0.020438,0.062696,4.925074,0.000000,0.000000,5.000000,0.099812,0
1784324362.653759,FIXED400,TRACKING,400,28.047243,51.655882,0.022226,0.058597,4.930945,0.000000,0.000000,5.000000,0.093254,0
1784324362.703751,FIXED400,TRACKING,400,25.942271,34.528680,0.026916,0.048888,4.943067,0.000000,0.000000,5.000000,0.079723,0
1784324362.753782,FIXED400,TRACKING,400,27.372059,51.393076,0.029188,0.044151,4.948020,0.000000,0.000000,5.000000,0.074183,0
1784324362.803760,FIXED400,TRACKING,400,26.536450,35.195872,0.033059,0.034590,4.956527,0.000000,0.000000,5.000000,0.064647,0
1784324362.853767,FIXED400,TRACKING,400,26.556207,49.943306,0.035195,0.030811,4.958708,0.000000,0.000000,5.000000,0.062394,0
1784324362.903761,FIXED400,TRACKING,400,27.343541,36.088483,0.039517,0.021916,4.962640,0.000000,0.000000,5.000000,0.058632,0
1784324362.953833,FIXED400,TRACKING,400,26.774192,49.437999,0.040766,0.017669,4.961572,0.000000,0.000000,5.000000,0.058743,0
1784324363.003736,FIXED400,TRACKING,400,26.997932,35.624319,0.042079,0.008916,4.958189,0.000000,0.000000,5.000000,0.059986,0
1784324363.053841,FIXED400,TRACKING,400,27.279019,50.317738,0.042618,0.004528,4.958082,0.000000,0.000000,5.000000,0.059949,0
1784324363.103760,FIXED400,TRACKING,400,26.125357,34.739890,0.043142,-0.004545,4.950947,0.000000,0.000000,5.000000,0.065483,0
1784324363.153839,FIXED400,TRACKING,400,28.093361,51.956032,0.043012,-0.008500,4.948021,0.000000,0.000000,5.000000,0.068000,0
1784324363.203758,FIXED400,TRACKING,400,26.336601,34.811892,0.040441,-0.017863,4.943763,0.000000,0.000000,5.000000,0.071535,0
