epoch_sec,mode,phase,N,mppi_call_ms,state_to_command_latency_ms,pos_x,pos_y,pos_z,target_x,target_y,target_z,pos_error_m,deadline_miss,fallback_active
1784416265.341077,ADAPTIVEQF,TAKEOFF,0,0.000000,4.672746,0.237542,-0.219120,1.630641,0.237542,-0.219120,1.635885,0.005244,0,0
1784416265.366105,ADAPTIVEQF,TAKEOFF,0,0.000000,29.703914,0.237542,-0.219120,1.630641,0.237542,-0.219120,1.663994,0.033353,0,0
1784416265.391095,ADAPTIVEQF,TAKEOFF,0,0.000000,18.669295,0.236831,-0.219174,1.626441,0.237542,-0.219120,1.692061,0.065624,0,0
1784416265.416105,ADAPTIVEQF,TAKEOFF,0,0.000000,11.825608,0.236787,-0.220485,1.623054,0.237542,-0.219120,1.720151,0.097110,0,0
1784416265.441077,ADAPTIVEQF,TAKEOFF,0,0.000000,4.265587,0.237344,-0.222888,1.620409,0.237542,-0.219120,1.748196,0.127843,0,0
1784416265.466116,ADAPTIVEQF,TAKEOFF,0,0.000000,29.308743,0.237344,-0.222888,1.620409,0.237542,-0.219120,1.776319,0.155955,0,0
1784416265.491097,ADAPTIVEQF,TAKEOFF,0,0.000000,18.574429,0.237927,-0.225662,1.617563,0.237542,-0.219120,1.804375,0.186927,0,0
1784416265.516106,ADAPTIVEQF,TAKEOFF,0,0.000000,11.512974,0.238302,-0.227737,1.615608,0.237542,-0.219120,1.832464,0.217029,0,0
1784416265.541110,ADAPTIVEQF,TAKEOFF,0,0.000000,4.204940,0.236968,-0.228460,1.612809,0.237542,-0.219120,1.860546,0.247914,0,0
1784416265.566108,ADAPTIVEQF,TAKEOFF,0,0.000000,29.203979,0.236968,-0.228460,1.612809,0.237542,-0.219120,1.888621,0.275971,0,0
1784416265.591126,ADAPTIVEQF,TAKEOFF,0,0.000000,18.454163,0.235207,-0.228793,1.609912,0.237542,-0.219120,1.916720,0.306970,0,0
1784416265.616116,ADAPTIVEQF,TAKEOFF,0,0.000000,11.440774,0.233587,-0.229165,1.607368,0.237542,-0.219120,1.944787,0.337591,0,0
1784416265.641084,ADAPTIVEQF,TAKEOFF,0,0.000000,4.521732,0.232074,-0.229553,1.605145,0.237542,-0.219120,1.972828,0.367872,0,0
1784416265.666102,ADAPTIVEQF,TAKEOFF,0,0.000000,29.541717,0.232074,-0.229553,1.605145,0.237542,-0.219120,2.000927,0.395957,0,0
1784416265.691102,ADAPTIVEQF,TAKEOFF,0,0.000000,18.757430,0.231444,-0.228999,1.602911,0.237542,-0.219120,2.029004,0.426251,0,0
1784416265.716108,ADAPTIVEQF,TAKEOFF,0,0.000000,11.780849,0.230990,-0.228609,1.601330,0.237542,-0.219120,2.057089,0.455905,0,0
1784416265.741080,ADAPTIVEQF,TAKEOFF,0,0.000000,4.530701,0.230573,-0.228247,1.599989,0.237542,-0.219120,2.085135,0.485283,0,0
1784416265.766100,ADAPTIVEQF,TAKEOFF,0,0.000000,29.554098,0.230573,-0.228247,1.599989,0.237542,-0.219120,2.113237,0.513377,0,0
1784416265.791099,ADAPTIVEQF,TAKEOFF,0,0.000000,18.714472,0.229349,-0.227683,1.598770,0.237542,-0.219120,2.141313,0.542672,0,0
1784416265.816116,ADAPTIVEQF,TAKEOFF,0,0.000000,11.764623,0.225743,-0.226481,1.597772,0.237542,-0.219120,2.169410,0.571806,0,0
1784416265.841092,ADAPTIVEQF,TAKEOFF,0,0.000000,4.580719,0.222370,-0.225393,1.596891,0.237542,-0.219120,2.197461,0.600795,0,0
1784416265.866112,ADAPTIVEQF,TAKEOFF,0,0.000000,29.601184,0.222370,-0.225393,1.596891,0.237542,-0.219120,2.225561,0.628885,0,0
1784416265.891085,ADAPTIVEQF,TAKEOFF,0,0.000000,18.750700,0.218489,-0.224217,1.595899,0.237542,-0.219120,2.253609,0.658006,0,0
1784416265.916117,ADAPTIVEQF,TAKEOFF,0,0.000000,11.798483,0.214833,-0.223517,1.594680,0.237542,-0.219120,2.281724,0.687434,0,0
1784416265.941085,ADAPTIVEQF,TAKEOFF,0,0.000000,4.315601,0.210666,-0.223023,1.593144,0.237542,-0.219120,2.309765,0.717135,0,0
1784416265.966136,ADAPTIVEQF,TAKEOFF,0,0.000000,29.372044,0.210666,-0.223023,1.593144,0.237542,-0.219120,2.337902,0.745253,0,0
1784416265.991087,ADAPTIVEQF,TAKEOFF,0,0.000000,18.638381,0.206746,-0.222592,1.591669,0.237542,-0.219120,2.365923,0.774874,0,0
1784416266.016109,ADAPTIVEQF,TAKEOFF,0,0.000000,11.516610,0.202967,-0.222135,1.590324,0.237542,-0.219120,2.394026,0.804451,0,0
1784416266.041091,ADAPTIVEQF,TAKEOFF,0,0.000000,4.008462,0.200082,-0.221081,1.589323,0.237542,-0.219120,2.422084,0.833605,0,0
1784416266.066109,ADAPTIVEQF,TAKEOFF,0,0.000000,29.028258,0.200082,-0.221081,1.589323,0.237542,-0.219120,2.450183,0.861677,0,0
1784416266.091097,ADAPTIVEQF,TAKEOFF,0,0.000000,18.810392,0.196888,-0.219643,1.588286,0.237542,-0.219120,2.478247,0.890889,0,0
1784416266.116093,ADAPTIVEQF,TAKEOFF,0,0.000000,11.828335,0.194410,-0.218612,1.587537,0.237542,-0.219120,2.506320,0.919795,0,0
1784416266.141084,ADAPTIVEQF,TAKEOFF,0,0.000000,4.615472,0.191945,-0.217633,1.586930,0.237542,-0.219120,2.534387,0.948554,0,0
1784416266.166105,ADAPTIVEQF,TAKEOFF,0,0.000000,29.638523,0.191945,-0.217633,1.586930,0.237542,-0.219120,2.562489,0.976625,0,0
1784416266.191096,ADAPTIVEQF,TAKEOFF,0,0.000000,18.796971,0.189850,-0.216848,1.589227,0.237542,-0.219120,2.590558,1.002468,0,0
1784416266.216117,ADAPTIVEQF,TAKEOFF,0,0.000000,11.787623,0.187786,-0.216065,1.591347,0.237542,-0.219120,2.618659,1.028522,0,0
1784416266.241090,ADAPTIVEQF,TAKEOFF,0,0.000000,4.132767,0.185752,-0.215281,1.593308,0.237542,-0.219120,2.646706,1.054678,0,0
1784416266.266121,ADAPTIVEQF,TAKEOFF,0,0.000000,29.167117,0.185752,-0.215281,1.593308,0.237542,-0.219120,2.674820,1.082758,0,0
1784416266.291109,ADAPTIVEQF,TAKEOFF,0,0.000000,18.628565,0.183982,-0.214161,1.594188,0.237542,-0.219120,2.702884,1.110000,0,0
1784416266.316132,ADAPTIVEQF,TAKEOFF,0,0.000000,11.700541,0.183403,-0.213094,1.593283,0.237542,-0.219120,2.730989,1.139009,0,0
1784416266.341087,ADAPTIVEQF,TAKEOFF,0,0.000000,4.664370,0.182766,-0.212046,1.592528,0.237542,-0.219120,2.759016,1.167794,0,0
1784416266.366129,ADAPTIVEQF,TAKEOFF,0,0.000000,29.710191,0.182766,-0.212046,1.592528,0.237542,-0.219120,2.787141,1.195889,0,0
1784416266.391110,ADAPTIVEQF,TAKEOFF,0,0.000000,18.782856,0.182077,-0.211015,1.591788,0.237542,-0.219120,2.815197,1.224693,0,0
1784416266.416117,ADAPTIVEQF,TAKEOFF,0,0.000000,11.734917,0.181375,-0.210853,1.590154,0.237542,-0.219120,2.843283,1.254415,0,0
1784416266.441085,ADAPTIVEQF,TAKEOFF,0,0.000000,4.418773,0.180640,-0.211471,1.587772,0.237542,-0.219120,2.871324,1.284835,0,0
1784416266.466119,ADAPTIVEQF,TAKEOFF,0,0.000000,29.457419,0.180640,-0.211471,1.587772,0.237542,-0.219120,2.899442,1.312925,0,0
1784416266.491114,ADAPTIVEQF,TAKEOFF,0,0.000000,18.711862,0.179654,-0.212109,1.585100,0.237542,-0.219120,2.927514,1.343680,0,0
1784416266.516112,ADAPTIVEQF,TAKEOFF,0,0.000000,11.740128,0.178821,-0.212543,1.583167,0.237542,-0.219120,2.955589,1.373694,0,0
1784416266.541093,ADAPTIVEQF,TAKEOFF,0,0.000000,4.525346,0.179184,-0.214411,1.579068,0.237542,-0.219120,2.983646,1.405798,0,0
1784416266.566111,ADAPTIVEQF,TAKEOFF,0,0.000000,29.544266,0.179184,-0.214411,1.579068,0.237542,-0.219120,3.011744,1.433873,0,0
1784416266.591103,ADAPTIVEQF,TAKEOFF,0,0.000000,18.781030,0.179839,-0.216615,1.574522,0.237542,-0.219120,3.039813,1.466428,0,0
1784416266.616112,ADAPTIVEQF,TAKEOFF,0,0.000000,11.848390,0.180395,-0.218654,1.570421,0.237542,-0.219120,3.067902,1.498571,0,0
1784416266.641092,ADAPTIVEQF,TAKEOFF,0,0.000000,4.523760,0.180854,-0.220524,1.566722,0.237542,-0.219120,3.095956,1.530285,0,0
1784416266.666130,ADAPTIVEQF,TAKEOFF,0,0.000000,29.565439,0.180854,-0.220524,1.566722,0.237542,-0.219120,3.124078,1.558388,0,0
1784416266.691100,ADAPTIVEQF,TAKEOFF,0,0.000000,18.718505,0.181744,-0.221833,1.567207,0.237542,-0.219120,3.152121,1.585897,0,0
1784416266.716105,ADAPTIVEQF,TAKEOFF,0,0.000000,11.694724,0.182440,-0.222755,1.567552,0.237542,-0.219120,3.180205,1.613598,0,0
1784416266.741097,ADAPTIVEQF,TAKEOFF,0,0.000000,4.410814,0.183059,-0.223599,1.567943,0.237542,-0.219120,3.208274,1.641241,0,0
1784416266.766117,ADAPTIVEQF,TAKEOFF,0,0.000000,29.433100,0.183059,-0.223599,1.567943,0.237542,-0.219120,3.236375,1.669327,0,0
1784416266.791111,ADAPTIVEQF,TAKEOFF,0,0.000000,18.784428,0.183237,-0.224653,1.568174,0.237542,-0.219120,3.264446,1.697151,0,0
1784416266.816124,ADAPTIVEQF,TAKEOFF,0,0.000000,11.820821,0.182316,-0.226395,1.568172,0.237542,-0.219120,3.292538,1.725266,0,0
1784416266.841091,ADAPTIVEQF,TAKEOFF,0,0.000000,4.637558,0.181374,-0.227952,1.568218,0.237542,-0.219120,3.320579,1.753283,0,0
1784416266.866103,ADAPTIVEQF,TAKEOFF,0,0.000000,29.649601,0.181374,-0.227952,1.568218,0.237542,-0.219120,3.348670,1.781359,0,0
1784416266.891108,ADAPTIVEQF,TAKEOFF,0,0.000000,18.785832,0.180190,-0.229678,1.568291,0.237542,-0.219120,3.376754,1.809404,0,0
1784416266.916098,ADAPTIVEQF,TAKEOFF,0,0.000000,11.798003,0.179067,-0.230576,1.569471,0.237542,-0.219120,3.404822,1.836317,0,0
1784416266.941096,ADAPTIVEQF,TAKEOFF,0,0.000000,4.501939,0.177765,-0.231053,1.571686,0.237542,-0.219120,3.432897,1.862209,0,0
1784416266.966113,ADAPTIVEQF,TAKEOFF,0,0.000000,29.520937,0.177765,-0.231053,1.571686,0.237542,-0.219120,3.460994,1.890292,0,0
1784416266.991096,ADAPTIVEQF,TAKEOFF,0,0.000000,18.803912,0.176358,-0.231488,1.573668,0.237542,-0.219120,3.489053,1.916401,0,0
1784416267.016105,ADAPTIVEQF,TAKEOFF,0,0.000000,11.733578,0.174828,-0.231881,1.575508,0.237542,-0.219120,3.517140,1.942686,0,0
1784416267.041095,ADAPTIVEQF,TAKEOFF,0,0.000000,4.630064,0.175994,-0.231384,1.578937,0.237542,-0.219120,3.545208,1.967272,0,0
1784416267.066109,ADAPTIVEQF,TAKEOFF,0,0.000000,29.644174,0.175994,-0.231384,1.578937,0.237542,-0.219120,3.573301,1.995351,0,0
1784416267.091115,ADAPTIVEQF,TAKEOFF,0,0.000000,18.804157,0.178166,-0.230382,1.583506,0.237542,-0.219120,3.601385,2.018784,0,0
1784416267.116118,ADAPTIVEQF,TAKEOFF,0,0.000000,11.849318,0.179577,-0.229537,1.586816,0.237542,-0.219120,3.629468,2.043501,0,0
1784416267.141095,ADAPTIVEQF,TAKEOFF,0,0.000000,4.588134,0.180730,-0.228640,1.589909,0.237542,-0.219120,3.657520,2.068413,0,0
1784416267.166112,ADAPTIVEQF,TAKEOFF,0,0.000000,29.605938,0.180730,-0.228640,1.589909,0.237542,-0.219120,3.685616,2.096499,0,0
1784416267.191105,ADAPTIVEQF,TAKEOFF,0,0.000000,18.875241,0.183221,-0.228229,1.592992,0.237542,-0.219120,3.713686,2.121410,0,0
1784416267.216111,ADAPTIVEQF,TAKEOFF,0,0.000000,11.853765,0.185368,-0.227787,1.595802,0.237542,-0.219120,3.741772,2.146622,0,0
1784416267.241120,ADAPTIVEQF,TAKEOFF,0,0.000000,4.583833,0.187224,-0.227312,1.598364,0.237542,-0.219120,3.769860,2.172094,0,0
1784416267.266125,ADAPTIVEQF,TAKEOFF,0,0.000000,29.589065,0.187224,-0.227312,1.598364,0.237542,-0.219120,3.797944,2.200170,0,0
1784416267.291114,ADAPTIVEQF,TAKEOFF,0,0.000000,18.753032,0.188511,-0.226825,1.600046,0.237542,-0.219120,3.826009,2.226516,0,0
1784416267.316113,ADAPTIVEQF,TAKEOFF,0,0.000000,11.832770,0.188377,-0.226550,1.599864,0.237542,-0.219120,3.854086,2.254771,0,0
1784416267.341098,ADAPTIVEQF,TAKEOFF,0,0.000000,4.471251,0.188161,-0.226264,1.599716,0.237542,-0.219120,3.882146,2.282975,0,0
1784416267.366139,ADAPTIVEQF,TAKEOFF,0,0.000000,29.516404,0.188161,-0.226264,1.599716,0.237542,-0.219120,3.910271,2.311094,0,0
1784416267.391141,ADAPTIVEQF,TAKEOFF,0,0.000000,18.814953,0.187840,-0.225938,1.599498,0.237542,-0.219120,3.938351,2.339391,0,0
1784416267.416146,ADAPTIVEQF,TAKEOFF,0,0.000000,11.750759,0.187583,-0.227351,1.600239,0.237542,-0.219120,3.966437,2.366739,0,0
1784416267.441106,ADAPTIVEQF,TAKEOFF,0,0.000000,4.474175,0.187448,-0.230344,1.601807,0.237542,-0.219120,3.994468,2.393212,0,0
1784416267.466121,ADAPTIVEQF,TAKEOFF,0,0.000000,29.491839,0.187448,-0.230344,1.601807,0.237542,-0.219120,4.022563,2.421301,0,0
1784416267.491121,ADAPTIVEQF,TAKEOFF,0,0.000000,18.726253,0.187114,-0.233640,1.603521,0.237542,-0.219120,4.050640,2.447681,0,0
1784416267.516104,ADAPTIVEQF,TAKEOFF,0,0.000000,11.670223,0.186725,-0.235979,1.604714,0.237542,-0.219120,4.078699,2.474564,0,0
1784416267.541101,ADAPTIVEQF,TAKEOFF,0,0.000000,4.469844,0.188404,-0.238770,1.603280,0.237542,-0.219120,4.106774,2.504053,0,0
1784416267.566110,ADAPTIVEQF,TAKEOFF,0,0.000000,29.478406,0.188404,-0.238770,1.603280,0.237542,-0.219120,4.134862,2.532135,0,0
1784416267.591110,ADAPTIVEQF,TAKEOFF,0,0.000000,18.851199,0.190558,-0.241490,1.601110,0.237542,-0.219120,4.162940,2.562359,0,0
1784416267.616121,ADAPTIVEQF,TAKEOFF,0,0.000000,11.782039,0.192485,-0.243933,1.599142,0.237542,-0.219120,4.191031,2.592399,0,0
1784416267.641101,ADAPTIVEQF,TAKEOFF,0,0.000000,4.426276,0.194219,-0.246128,1.597359,0.237542,-0.219120,4.219085,2.622224,0,0
1784416267.666117,ADAPTIVEQF,TAKEOFF,0,0.000000,29.443478,0.194219,-0.246128,1.597359,0.237542,-0.219120,4.247182,2.650315,0,0
1784416267.691114,ADAPTIVEQF,TAKEOFF,0,0.000000,18.782389,0.197051,-0.249547,1.594695,0.237542,-0.219120,4.275257,2.681041,0,0
1784416267.716109,ADAPTIVEQF,TAKEOFF,0,0.000000,11.765373,0.199114,-0.252010,1.592744,0.237542,-0.219120,4.303330,2.711057,0,0
1784416267.741105,ADAPTIVEQF,TAKEOFF,0,0.000000,4.592604,0.201004,-0.254232,1.591009,0.237542,-0.219120,4.331403,2.740862,0,0
1784416267.766136,ADAPTIVEQF,TAKEOFF,0,0.000000,29.626095,0.201004,-0.254232,1.591009,0.237542,-0.219120,4.359517,2.768971,0,0
1784416267.791124,ADAPTIVEQF,TAKEOFF,0,0.000000,18.798011,0.203097,-0.256017,1.590158,0.237542,-0.219120,4.387580,2.797878,0,0
1784416267.816128,ADAPTIVEQF,TAKEOFF,0,0.000000,11.733719,0.206062,-0.257029,1.591671,0.237542,-0.219120,4.415663,2.824422,0,0
1784416267.841110,ADAPTIVEQF,TAKEOFF,0,0.000000,4.464839,0.208791,-0.257954,1.593044,0.237542,-0.219120,4.443720,2.851085,0,0
1784416267.866131,ADAPTIVEQF,TAKEOFF,0,0.000000,29.487495,0.208791,-0.257954,1.593044,0.237542,-0.219120,4.471822,2.879183,0,0
1784416267.891133,ADAPTIVEQF,TAKEOFF,0,0.000000,18.735176,0.211885,-0.259000,1.594558,0.237542,-0.219120,4.499903,2.905731,0,0
1784416267.916135,ADAPTIVEQF,TAKEOFF,0,0.000000,11.680787,0.214601,-0.258899,1.596326,0.237542,-0.219120,4.527984,2.932017,0,0
1784416267.941115,ADAPTIVEQF,TAKEOFF,0,0.000000,4.552779,0.217568,-0.257984,1.598646,0.237542,-0.219120,4.556038,2.957714,0,0
1784416267.966126,ADAPTIVEQF,TAKEOFF,0,0.000000,29.565523,0.217568,-0.257984,1.598646,0.237542,-0.219120,4.584128,2.985802,0,0
1784416267.991132,ADAPTIVEQF,TAKEOFF,0,0.000000,18.770842,0.220285,-0.257220,1.600726,0.237542,-0.219120,4.612213,3.011778,0,0
1784416268.016357,ADAPTIVEQF,TAKEOFF,0,0.000000,11.657519,0.222785,-0.256497,1.602641,0.237542,-0.219120,4.640543,3.038169,0,0
1784416268.041107,ADAPTIVEQF,TAKEOFF,0,0.000000,4.525584,0.225900,-0.258357,1.600475,0.237542,-0.219120,4.668341,3.068139,0,0
1784416268.066130,ADAPTIVEQF,TAKEOFF,0,0.000000,29.552267,0.225900,-0.258357,1.600475,0.237542,-0.219120,4.696446,3.096241,0,0
1784416268.091131,ADAPTIVEQF,TAKEOFF,0,0.000000,18.733853,0.229790,-0.261420,1.596504,0.237542,-0.219120,4.724524,3.128316,0,0
1784416268.116134,ADAPTIVEQF,TAKEOFF,0,0.000000,11.466144,0.232599,-0.263614,1.593640,0.237542,-0.219120,4.752605,3.159282,0,0
1784416268.141120,ADAPTIVEQF,TAKEOFF,0,0.000000,4.476666,0.235181,-0.265603,1.591090,0.237542,-0.219120,4.780668,3.189917,0,0
1784416268.166133,ADAPTIVEQF,TAKEOFF,0,0.000000,29.491701,0.235181,-0.265603,1.591090,0.237542,-0.219120,4.808761,3.218007,0,0
1784416268.191132,ADAPTIVEQF,TAKEOFF,0,0.000000,18.799315,0.239154,-0.267547,1.588748,0.237542,-0.219120,4.836838,3.248451,0,0
1784416268.216134,ADAPTIVEQF,TAKEOFF,0,0.000000,11.738737,0.242859,-0.269296,1.586667,0.237542,-0.219120,4.864918,3.278639,0,0
1784416268.241122,ADAPTIVEQF,TAKEOFF,0,0.000000,4.417536,0.246309,-0.270958,1.584827,0.237542,-0.219120,4.892981,3.308572,0,0
1784416268.266136,ADAPTIVEQF,TAKEOFF,0,0.000000,29.433483,0.246309,-0.270958,1.584827,0.237542,-0.219120,4.921075,3.336662,0,0
1784416268.291139,ADAPTIVEQF,TAKEOFF,0,0.000000,18.806493,0.249368,-0.272658,1.581422,0.237542,-0.219120,4.949157,3.368181,0,0
1784416268.316143,ADAPTIVEQF,TAKEOFF,0,0.000000,11.689211,0.250592,-0.273645,1.577435,0.237542,-0.219120,4.977239,3.400267,0,0
1784416268.341131,ADAPTIVEQF,WAITING,0,0.000000,4.629626,0.251777,-0.274536,1.573924,0.237542,-0.219120,5.000000,3.426554,0,0
1784416268.366139,ADAPTIVEQF,WAITING,0,0.000000,29.575287,0.251777,-0.274536,1.573924,0.000000,0.000000,5.000000,3.446267,0,0
1784416268.391124,ADAPTIVEQF,TRACKING,200,21.468721,40.237333,0.252888,-0.275301,1.570716,0.000000,0.000000,5.000000,3.449599,0,0
1784416268.416107,ADAPTIVEQF,TRACKING,150,8.861230,12.248361,0.253198,-0.276427,1.567774,0.000000,0.000000,5.000000,3.452637,0,0
1784416268.441105,ADAPTIVEQF,TRACKING,180,13.573755,18.252048,0.252798,-0.277897,1.565056,0.000000,0.000000,5.000000,3.455427,0,0
1784416268.466118,ADAPTIVEQF,TRACKING,186,12.981881,42.672656,0.252798,-0.277897,1.565056,0.000000,0.000000,5.000000,3.455427,0,0
1784416268.491115,ADAPTIVEQF,TRACKING,220,14.311920,26.241405,0.252320,-0.279548,1.562001,0.000000,0.000000,5.000000,3.458562,0,0
1784416268.516112,ADAPTIVEQF,TRACKING,214,13.140506,23.739978,0.251971,-0.280783,1.559790,0.000000,0.000000,5.000000,3.460834,0,0
1784416268.541115,ADAPTIVEQF,TRACKING,229,14.336984,19.222910,0.251896,-0.282470,1.558881,0.000000,0.000000,5.000000,3.461870,0,0
1784416268.566119,ADAPTIVEQF,TRACKING,238,14.548018,44.439621,0.251896,-0.282470,1.558881,0.000000,0.000000,5.000000,3.461870,0,0
1784416268.591116,ADAPTIVEQF,TRACKING,243,14.857837,25.211493,0.251941,-0.284142,1.558340,0.000000,0.000000,5.000000,3.462548,0,0
1784416268.616113,ADAPTIVEQF,TRACKING,243,14.714410,24.770532,0.252008,-0.285613,1.557878,0.000000,0.000000,5.000000,3.463132,0,0
1784416268.641112,ADAPTIVEQF,TRACKING,246,14.820560,19.625728,0.252119,-0.286937,1.557496,0.000000,0.000000,5.000000,3.463630,0,0
1784416268.666117,ADAPTIVEQF,TRACKING,247,14.908751,44.721396,0.252119,-0.286937,1.557496,0.000000,0.000000,5.000000,3.463630,0,0
1784416268.691117,ADAPTIVEQF,TRACKING,248,14.996134,24.992276,0.249481,-0.293381,1.558789,0.000000,0.000000,5.000000,3.462694,0,0
1784416268.716116,ADAPTIVEQF,TRACKING,248,15.011327,24.934604,0.247568,-0.298055,1.559740,0.000000,0.000000,5.000000,3.462011,0,0
1784416268.741111,ADAPTIVEQF,TRACKING,248,14.854510,19.630796,0.245782,-0.302379,1.560692,0.000000,0.000000,5.000000,3.461312,0,0
1784416268.766121,ADAPTIVEQF,TRACKING,248,14.961177,44.749669,0.245782,-0.302379,1.560692,0.000000,0.000000,5.000000,3.461312,0,0
1784416268.791118,ADAPTIVEQF,TRACKING,248,15.033288,24.986032,0.243767,-0.306131,1.563131,0.000000,0.000000,5.000000,3.459076,0,0
1784416268.816114,ADAPTIVEQF,TRACKING,248,15.115955,24.996336,0.240865,-0.309031,1.569948,0.000000,0.000000,5.000000,3.452357,0,0
1784416268.841107,ADAPTIVEQF,TRACKING,247,14.957416,19.850612,0.238172,-0.311731,1.576179,0.000000,0.000000,5.000000,3.446223,0,0
1784416268.866117,ADAPTIVEQF,TRACKING,247,15.001191,44.909791,0.238172,-0.311731,1.576179,0.000000,0.000000,5.000000,3.446223,0,0
1784416268.891119,ADAPTIVEQF,TRACKING,246,14.955814,24.857908,0.235120,-0.314802,1.583217,0.000000,0.000000,5.000000,3.439301,0,0
1784416268.916120,ADAPTIVEQF,TRACKING,247,14.911142,24.843962,0.233111,-0.316566,1.587905,0.000000,0.000000,5.000000,3.434669,0,0
1784416268.941114,ADAPTIVEQF,TRACKING,247,14.800367,19.533243,0.231419,-0.317844,1.591873,0.000000,0.000000,5.000000,3.430730,0,0
1784416268.966118,ADAPTIVEQF,TRACKING,248,14.929389,44.667641,0.231419,-0.317844,1.591873,0.000000,0.000000,5.000000,3.430730,0,0
1784416268.991120,ADAPTIVEQF,TRACKING,249,15.100401,25.078979,0.229798,-0.319098,1.595510,0.000000,0.000000,5.000000,3.427124,0,0
1784416269.016118,ADAPTIVEQF,TRACKING,248,14.900896,24.714157,0.228266,-0.320300,1.598886,0.000000,0.000000,5.000000,3.423781,0,0
1784416269.041116,ADAPTIVEQF,TRACKING,248,14.810094,19.658996,0.225885,-0.322291,1.599147,0.000000,0.000000,5.000000,3.423551,0,0
1784416269.066123,ADAPTIVEQF,TRACKING,249,14.875624,44.734456,0.225885,-0.322291,1.599147,0.000000,0.000000,5.000000,3.423551,0,0
1784416269.091121,ADAPTIVEQF,TRACKING,250,15.025553,25.056754,0.222740,-0.324917,1.598371,0.000000,0.000000,5.000000,3.424363,0,0
1784416269.116118,ADAPTIVEQF,TRACKING,250,15.023359,24.907910,0.220395,-0.326858,1.597847,0.000000,0.000000,5.000000,3.424917,0,0
1784416269.141117,ADAPTIVEQF,TRACKING,250,15.072780,19.883064,0.218199,-0.328658,1.597449,0.000000,0.000000,5.000000,3.425344,0,0
1784416269.166121,ADAPTIVEQF,TRACKING,249,15.097079,44.912271,0.218199,-0.328658,1.597449,0.000000,0.000000,5.000000,3.425344,0,0
1784416269.191122,ADAPTIVEQF,TRACKING,248,14.989139,24.801265,0.216186,-0.330207,1.600052,0.000000,0.000000,5.000000,3.422780,0,0
1784416269.216121,ADAPTIVEQF,TRACKING,248,14.978980,24.891511,0.214222,-0.331611,1.602440,0.000000,0.000000,5.000000,3.420419,0,0
1784416269.241119,ADAPTIVEQF,TRACKING,247,14.832228,19.640189,0.212309,-0.332821,1.604642,0.000000,0.000000,5.000000,3.418231,0,0
1784416269.266122,ADAPTIVEQF,TRACKING,248,15.007005,44.818476,0.212309,-0.332821,1.604642,0.000000,0.000000,5.000000,3.418231,0,0
1784416269.291123,ADAPTIVEQF,TRACKING,248,14.846307,24.745181,0.209771,-0.334361,1.606512,0.000000,0.000000,5.000000,3.416367,0,0
1784416269.316120,ADAPTIVEQF,TRACKING,249,15.053302,25.125099,0.207507,-0.335725,1.607172,0.000000,0.000000,5.000000,3.415706,0,0
1784416269.341116,ADAPTIVEQF,TRACKING,248,15.031438,19.901410,0.205272,-0.336978,1.607864,0.000000,0.000000,5.000000,3.415008,0,0
1784416269.366126,ADAPTIVEQF,TRACKING,248,15.006546,44.888587,0.205272,-0.336978,1.607864,0.000000,0.000000,5.000000,3.415008,0,0
1784416269.391122,ADAPTIVEQF,TRACKING,247,14.829486,24.730042,0.203013,-0.338075,1.608510,0.000000,0.000000,5.000000,3.414340,0,0
1784416269.416121,ADAPTIVEQF,TRACKING,248,14.852574,24.909062,0.201294,-0.338426,1.608525,0.000000,0.000000,5.000000,3.414258,0,0
1784416269.441118,ADAPTIVEQF,TRACKING,249,15.090461,19.772328,0.200059,-0.338032,1.608011,0.000000,0.000000,5.000000,3.414657,0,0
1784416269.466129,ADAPTIVEQF,TRACKING,249,15.188258,44.883476,0.200059,-0.338032,1.608011,0.000000,0.000000,5.000000,3.414657,0,0
1784416269.491123,ADAPTIVEQF,TRACKING,247,14.946553,24.654795,0.198444,-0.337599,1.607520,0.000000,0.000000,5.000000,3.415007,0,0
1784416269.516123,ADAPTIVEQF,TRACKING,247,17.694972,27.663421,0.197112,-0.337448,1.607225,0.000000,0.000000,5.000000,3.415208,0,0
1784416269.541124,ADAPTIVEQF,TRACKING,232,14.667030,19.225228,0.196795,-0.336709,1.604035,0.000000,0.000000,5.000000,3.418286,0,0
1784416269.566130,ADAPTIVEQF,TRACKING,230,15.051873,44.615505,0.196795,-0.336709,1.604035,0.000000,0.000000,5.000000,3.418286,0,0
1784416269.591122,ADAPTIVEQF,TRACKING,224,13.554072,23.394107,0.196674,-0.335888,1.600187,0.000000,0.000000,5.000000,3.422022,0,0
1784416269.616129,ADAPTIVEQF,TRACKING,237,14.569083,25.928870,0.196405,-0.335172,1.596753,0.000000,0.000000,5.000000,3.425347,0,0
1784416269.641114,ADAPTIVEQF,TRACKING,240,14.666389,19.469775,0.196100,-0.334500,1.593696,0.000000,0.000000,5.000000,3.428302,0,0
1784416269.666125,ADAPTIVEQF,TRACKING,245,14.912863,44.729028,0.196100,-0.334500,1.593696,0.000000,0.000000,5.000000,3.428302,0,0
1784416269.691125,ADAPTIVEQF,TRACKING,245,14.924562,24.918175,0.196251,-0.329281,1.590081,0.000000,0.000000,5.000000,3.431398,0,0
1784416269.716125,ADAPTIVEQF,TRACKING,246,14.937343,24.928322,0.196300,-0.325471,1.587487,0.000000,0.000000,5.000000,3.433615,0,0
1784416269.741115,ADAPTIVEQF,TRACKING,246,14.908730,19.645460,0.196272,-0.321931,1.585195,0.000000,0.000000,5.000000,3.435557,0,0
1784416269.766128,ADAPTIVEQF,TRACKING,246,14.938092,44.688234,0.196272,-0.321931,1.585195,0.000000,0.000000,5.000000,3.435557,0,0
1784416269.791125,ADAPTIVEQF,TRACKING,247,15.066813,25.034907,0.196297,-0.318467,1.583650,0.000000,0.000000,5.000000,3.436772,0,0
1784416269.816127,ADAPTIVEQF,TRACKING,246,15.022462,24.870736,0.196647,-0.314709,1.583896,0.000000,0.000000,5.000000,3.436201,0,0
1784416269.841119,ADAPTIVEQF,TRACKING,246,14.917504,19.703385,0.196856,-0.311132,1.584142,0.000000,0.000000,5.000000,3.435643,0,0
1784416269.866128,ADAPTIVEQF,TRACKING,246,15.586490,45.382653,0.196856,-0.311132,1.584142,0.000000,0.000000,5.000000,3.435643,0,0
1784416269.891128,ADAPTIVEQF,TRACKING,243,14.687011,24.001259,0.196893,-0.306835,1.584431,0.000000,0.000000,5.000000,3.434971,0,0
1784416269.916129,ADAPTIVEQF,TRACKING,243,14.752204,24.944424,0.197217,-0.304006,1.584313,0.000000,0.000000,5.000000,3.434855,0,0
1784416269.941128,ADAPTIVEQF,TRACKING,243,14.627067,19.423672,0.197799,-0.301671,1.583968,0.000000,0.000000,5.000000,3.435026,0,0
1784416269.966131,ADAPTIVEQF,TRACKING,248,14.959302,44.760212,0.197799,-0.301671,1.583968,0.000000,0.000000,5.000000,3.435026,0,0
1784416269.991170,ADAPTIVEQF,TRACKING,248,14.902840,24.894690,0.198242,-0.299386,1.583661,0.000000,0.000000,5.000000,3.435157,0,0
1784416270.016171,ADAPTIVEQF,TRACKING,249,15.003560,25.007552,0.198603,-0.297174,1.583444,0.000000,0.000000,5.000000,3.435202,0,0
1784416270.041130,ADAPTIVEQF,TRACKING,249,14.943425,19.683126,0.197750,-0.295399,1.584283,0.000000,0.000000,5.000000,3.434165,0,0
1784416270.066128,ADAPTIVEQF,TRACKING,249,14.964776,44.702908,0.197750,-0.295399,1.584283,0.000000,0.000000,5.000000,3.434165,0,0
1784416270.091126,ADAPTIVEQF,TRACKING,249,15.539137,25.483393,0.196236,-0.293139,1.585684,0.000000,0.000000,5.000000,3.432491,0,0
1784416270.116169,ADAPTIVEQF,TRACKING,246,14.832879,24.242326,0.195009,-0.291297,1.586744,0.000000,0.000000,5.000000,3.431209,0,0
1784416270.141126,ADAPTIVEQF,TRACKING,246,14.797192,19.498768,0.193731,-0.289420,1.587811,0.000000,0.000000,5.000000,3.429917,0,0
1784416270.166134,ADAPTIVEQF,TRACKING,246,15.743262,45.453944,0.193731,-0.289420,1.587811,0.000000,0.000000,5.000000,3.429917,0,0
1784416270.191173,ADAPTIVEQF,TRACKING,243,14.883344,24.075954,0.192814,-0.287040,1.590916,0.000000,0.000000,5.000000,3.426576,0,0
1784416270.216134,ADAPTIVEQF,TRACKING,242,14.840785,24.827690,0.191709,-0.284625,1.593840,0.000000,0.000000,5.000000,3.423404,0,0
1784416270.241121,ADAPTIVEQF,TRACKING,241,14.705246,19.444451,0.190547,-0.282248,1.596603,0.000000,0.000000,5.000000,3.420393,0,0
1784416270.266134,ADAPTIVEQF,TRACKING,245,14.941465,44.695808,0.190547,-0.282248,1.596603,0.000000,0.000000,5.000000,3.420393,0,0
1784416270.291130,ADAPTIVEQF,TRACKING,245,14.946776,24.907669,0.189495,-0.279571,1.599410,0.000000,0.000000,5.000000,3.417320,0,0
1784416270.316145,ADAPTIVEQF,TRACKING,245,16.291348,26.261727,0.189160,-0.277794,1.601025,0.000000,0.000000,5.000000,3.415550,0,0
1784416270.341129,ADAPTIVEQF,TRACKING,238,14.290065,18.948128,0.188836,-0.275901,1.602753,0.000000,0.000000,5.000000,3.413659,0,0
1784416270.366134,ADAPTIVEQF,TRACKING,239,14.447763,44.110645,0.188836,-0.275901,1.602753,0.000000,0.000000,5.000000,3.413659,0,0
1784416270.391136,ADAPTIVEQF,TRACKING,240,14.871617,25.341386,0.188512,-0.273719,1.604597,0.000000,0.000000,5.000000,3.411630,0,0
1784416270.416134,ADAPTIVEQF,TRACKING,246,15.328284,25.319404,0.189859,-0.270836,1.605520,0.000000,0.000000,5.000000,3.410556,0,0
1784416270.441134,ADAPTIVEQF,TRACKING,243,14.577159,19.183410,0.192649,-0.267359,1.605877,0.000000,0.000000,5.000000,3.410083,0,0
1784416270.466133,ADAPTIVEQF,TRACKING,244,14.700711,44.306817,0.192649,-0.267359,1.605877,0.000000,0.000000,5.000000,3.410083,0,0
1784416270.491142,ADAPTIVEQF,TRACKING,246,15.809909,26.022048,0.195963,-0.262803,1.607952,0.000000,0.000000,5.000000,3.407852,0,0
1784416270.516135,ADAPTIVEQF,TRACKING,243,14.633210,23.729985,0.198515,-0.258857,1.611159,0.000000,0.000000,5.000000,3.404505,0,0
1784416270.541132,ADAPTIVEQF,TRACKING,243,14.793228,19.555800,0.201156,-0.255771,1.616338,0.000000,0.000000,5.000000,3.399272,0,0
1784416270.566247,ADAPTIVEQF,TRACKING,242,14.687764,44.566378,0.201156,-0.255771,1.616338,0.000000,0.000000,5.000000,3.399272,0,0
1784416270.591179,ADAPTIVEQF,TRACKING,247,15.436959,25.593272,0.203732,-0.252558,1.623778,0.000000,0.000000,5.000000,3.391779,0,0
1784416270.616195,ADAPTIVEQF,TRACKING,244,14.908250,24.388320,0.206191,-0.248726,1.633449,0.000000,0.000000,5.000000,3.382018,0,0
1784416270.641135,ADAPTIVEQF,TRACKING,244,15.040713,19.724103,0.208566,-0.244218,1.645177,0.000000,0.000000,5.000000,3.370160,0,0
1784416270.666142,ADAPTIVEQF,TRACKING,242,15.607366,45.300605,0.208566,-0.244218,1.645177,0.000000,0.000000,5.000000,3.370160,0,0
1784416270.691137,ADAPTIVEQF,TRACKING,240,15.195156,24.477324,0.209279,-0.238184,1.662910,0.000000,0.000000,5.000000,3.352118,0,0
1784416270.716140,ADAPTIVEQF,TRACKING,237,14.974159,24.699206,0.209714,-0.232569,1.679485,0.000000,0.000000,5.000000,3.335250,0,0
1784416270.741138,ADAPTIVEQF,TRACKING,235,14.944889,19.715210,0.209934,-0.226244,1.698442,0.000000,0.000000,5.000000,3.315953,0,0
1784416270.766144,ADAPTIVEQF,TRACKING,236,15.195625,44.973413,0.209934,-0.226244,1.698442,0.000000,0.000000,5.000000,3.315953,0,0
1784416270.791137,ADAPTIVEQF,TRACKING,235,14.831538,24.386393,0.210381,-0.219481,1.720544,0.000000,0.000000,5.000000,3.293519,0,0
1784416270.816139,ADAPTIVEQF,TRACKING,235,14.481555,24.571038,0.212010,-0.212687,1.746817,0.000000,0.000000,5.000000,3.267014,0,0
1784416270.841140,ADAPTIVEQF,TRACKING,237,15.061563,19.971140,0.213272,-0.204991,1.774724,0.000000,0.000000,5.000000,3.238813,0,0
1784416270.866141,ADAPTIVEQF,TRACKING,238,14.702311,44.612841,0.213272,-0.204991,1.774724,0.000000,0.000000,5.000000,3.238813,0,0
1784416270.891144,ADAPTIVEQF,TRACKING,240,14.764183,24.957685,0.214369,-0.194432,1.812134,0.000000,0.000000,5.000000,3.200976,0,0
1784416270.916137,ADAPTIVEQF,TRACKING,240,14.446876,24.519580,0.216143,-0.185102,1.844946,0.000000,0.000000,5.000000,3.167862,0,0
1784416270.941135,ADAPTIVEQF,TRACKING,245,15.004187,19.751773,0.218705,-0.175384,1.879956,0.000000,0.000000,5.000000,3.132613,0,0
1784416270.966138,ADAPTIVEQF,TRACKING,245,14.859365,44.610714,0.218705,-0.175384,1.879956,0.000000,0.000000,5.000000,3.132613,0,0
1784416270.991145,ADAPTIVEQF,TRACKING,247,15.064107,25.120260,0.220813,-0.165778,1.915538,0.000000,0.000000,5.000000,3.096796,0,0
1784416271.016186,ADAPTIVEQF,TRACKING,246,14.906367,24.795279,0.222557,-0.156245,1.951542,0.000000,0.000000,5.000000,3.060562,0,0
1784416271.041141,ADAPTIVEQF,TRACKING,246,14.796945,19.719872,0.222101,-0.147840,1.987433,0.000000,0.000000,5.000000,3.024359,0,0
1784416271.066139,ADAPTIVEQF,TRACKING,247,14.920966,44.843131,0.222101,-0.147840,1.987433,0.000000,0.000000,5.000000,3.024359,0,0
1784416271.091141,ADAPTIVEQF,TRACKING,248,15.074552,25.057443,0.220690,-0.137754,2.032474,0.000000,0.000000,5.000000,2.978908,0,0
1784416271.116138,ADAPTIVEQF,TRACKING,248,14.998935,24.837867,0.219468,-0.129686,2.068746,0.000000,0.000000,5.000000,2.942318,0,0
1784416271.141139,ADAPTIVEQF,TRACKING,247,14.843545,19.682707,0.218111,-0.121775,2.105465,0.000000,0.000000,5.000000,2.905294,0,0
1784416271.166138,ADAPTIVEQF,TRACKING,248,14.937444,44.776181,0.218111,-0.121775,2.105465,0.000000,0.000000,5.000000,2.905294,0,0
1784416271.191144,ADAPTIVEQF,TRACKING,248,14.964399,24.944341,0.217994,-0.116409,2.146493,0.000000,0.000000,5.000000,2.864188,0,0
1784416271.216146,ADAPTIVEQF,TRACKING,249,15.060010,25.019875,0.217448,-0.111143,2.187714,0.000000,0.000000,5.000000,2.822869,0,0
1784416271.241133,ADAPTIVEQF,TRACKING,248,14.930871,19.733278,0.216419,-0.105924,2.229146,0.000000,0.000000,5.000000,2.781311,0,0
1784416271.266260,ADAPTIVEQF,TRACKING,248,14.897823,44.828869,0.216419,-0.105924,2.229146,0.000000,0.000000,5.000000,2.781311,0,0
1784416271.291190,ADAPTIVEQF,TRACKING,248,14.957084,24.890147,0.214706,-0.100165,2.280657,0.000000,0.000000,5.000000,2.729644,0,0
1784416271.316151,ADAPTIVEQF,TRACKING,249,14.895123,24.813383,0.213112,-0.096463,2.321891,0.000000,0.000000,5.000000,2.688306,0,0
1784416271.341258,ADAPTIVEQF,TRACKING,249,15.018993,19.803349,0.211179,-0.092841,2.363342,0.000000,0.000000,5.000000,2.646731,0,0
1784416271.366193,ADAPTIVEQF,TRACKING,249,15.066570,44.787770,0.211179,-0.092841,2.363342,0.000000,0.000000,5.000000,2.646731,0,0
1784416271.391146,ADAPTIVEQF,TRACKING,249,14.994914,24.778573,0.208932,-0.089281,2.405128,0.000000,0.000000,5.000000,2.604800,0,0
1784416271.416178,ADAPTIVEQF,TRACKING,248,15.977531,25.901703,0.205826,-0.086093,2.448026,0.000000,0.000000,5.000000,2.561708,0,0
1784416271.441136,ADAPTIVEQF,TRACKING,243,15.117651,19.906889,0.202103,-0.083231,2.491900,0.000000,0.000000,5.000000,2.517606,0,0
1784416271.466138,ADAPTIVEQF,TRACKING,240,15.435900,45.227881,0.202103,-0.083231,2.491900,0.000000,0.000000,5.000000,2.517606,0,0
1784416271.491144,ADAPTIVEQF,TRACKING,235,14.709251,24.183965,0.197754,-0.079968,2.546768,0.000000,0.000000,5.000000,2.462488,0,0
1784416271.516137,ADAPTIVEQF,TRACKING,237,14.331552,24.519310,0.194572,-0.077475,2.590538,0.000000,0.000000,5.000000,2.418547,0,0
1784416271.541135,ADAPTIVEQF,TRACKING,240,14.524590,18.233391,0.192744,-0.074798,2.635291,0.000000,0.000000,5.000000,2.373730,0,0
1784416271.566135,ADAPTIVEQF,TRACKING,245,14.707462,43.419551,0.192744,-0.074798,2.635291,0.000000,0.000000,5.000000,2.373730,0,0
1784416271.591149,ADAPTIVEQF,TRACKING,248,15.019698,25.247851,0.191494,-0.072052,2.679862,0.000000,0.000000,5.000000,2.329142,0,0
1784416271.616135,ADAPTIVEQF,TRACKING,248,15.076841,24.959529,0.190541,-0.069228,2.724003,0.000000,0.000000,5.000000,2.285008,0,0
1784416271.641136,ADAPTIVEQF,TRACKING,248,15.101564,17.908355,0.189837,-0.066254,2.767295,0.000000,0.000000,5.000000,2.241740,0,0
1784416271.666135,ADAPTIVEQF,TRACKING,246,15.067795,42.873002,0.189837,-0.066254,2.767295,0.000000,0.000000,5.000000,2.241740,0,0
1784416271.691146,ADAPTIVEQF,TRACKING,245,15.438526,25.299962,0.186215,-0.063023,2.821820,0.000000,0.000000,5.000000,2.187034,0,0
1784416271.716136,ADAPTIVEQF,TRACKING,243,14.668497,24.134120,0.183365,-0.060183,2.865649,0.000000,0.000000,5.000000,2.143059,0,0
1784416271.741139,ADAPTIVEQF,TRACKING,243,14.625856,19.541386,0.180431,-0.057161,2.909497,0.000000,0.000000,5.000000,2.099054,0,0
1784416271.766138,ADAPTIVEQF,TRACKING,245,14.797726,44.712424,0.180431,-0.057161,2.909497,0.000000,0.000000,5.000000,2.099054,0,0
1784416271.791151,ADAPTIVEQF,TRACKING,248,14.887421,25.023624,0.178015,-0.054102,2.953465,0.000000,0.000000,5.000000,2.054975,0,0
1784416271.816142,ADAPTIVEQF,TRACKING,249,15.418937,25.436423,0.177371,-0.051156,2.998523,0.000000,0.000000,5.000000,2.009972,0,0
1784416271.841139,ADAPTIVEQF,TRACKING,246,14.634438,17.568336,0.176954,-0.048017,3.043707,0.000000,0.000000,5.000000,1.964867,0,0
1784416271.866137,ADAPTIVEQF,TRACKING,248,14.997797,42.930275,0.176954,-0.048017,3.043707,0.000000,0.000000,5.000000,1.964867,0,0
1784416271.891150,ADAPTIVEQF,TRACKING,247,15.424934,25.352302,0.176663,-0.043964,3.099667,0.000000,0.000000,5.000000,1.909033,0,0
1784416271.916138,ADAPTIVEQF,TRACKING,246,14.710185,24.154240,0.176957,-0.040154,3.143466,0.000000,0.000000,5.000000,1.865381,0,0
1784416271.941141,ADAPTIVEQF,TRACKING,246,15.204181,20.134855,0.177596,-0.035854,3.186694,0.000000,0.000000,5.000000,1.822335,0,0
1784416271.966140,ADAPTIVEQF,TRACKING,244,14.412036,44.341729,0.177596,-0.035854,3.186694,0.000000,0.000000,5.000000,1.822335,0,0
1784416271.991150,ADAPTIVEQF,TRACKING,249,14.841513,25.365691,0.178130,-0.031630,3.229639,0.000000,0.000000,5.000000,1.779581,0,0
1784416272.016154,ADAPTIVEQF,TRACKING,249,14.825685,23.642142,0.178497,-0.027457,3.272251,0.000000,0.000000,5.000000,1.737162,0,0
1784416272.041141,ADAPTIVEQF,TRACKING,252,15.156330,18.129807,0.180924,-0.021686,3.313152,0.000000,0.000000,5.000000,1.696662,0,0
1784416272.066139,ADAPTIVEQF,TRACKING,250,15.104563,43.076896,0.180924,-0.021686,3.313152,0.000000,0.000000,5.000000,1.696662,0,0
1784416272.091151,ADAPTIVEQF,TRACKING,249,15.067482,24.887252,0.184241,-0.013727,3.364080,0.000000,0.000000,5.000000,1.646319,0,0
1784416272.116144,ADAPTIVEQF,TRACKING,248,14.611578,24.439909,0.186370,-0.007212,3.405149,0.000000,0.000000,5.000000,1.605720,0,0
1784416272.141147,ADAPTIVEQF,TRACKING,250,15.322074,16.920899,0.188091,-0.000489,3.446496,0.000000,0.000000,5.000000,1.564849,0,0
1784416272.166152,ADAPTIVEQF,TRACKING,249,14.880173,41.483177,0.188091,-0.000489,3.446496,0.000000,0.000000,5.000000,1.564849,0,0
1784416272.191151,ADAPTIVEQF,TRACKING,250,15.230770,25.271412,0.189792,0.008045,3.489462,0.000000,0.000000,5.000000,1.522436,0,0
1784416272.216150,ADAPTIVEQF,TRACKING,247,16.192909,25.873186,0.191069,0.016518,3.532810,0.000000,0.000000,5.000000,1.479671,0,0
1784416272.241151,ADAPTIVEQF,TRACKING,241,15.005257,19.885924,0.191855,0.024720,3.576660,0.000000,0.000000,5.000000,1.436425,0,0
1784416272.266150,ADAPTIVEQF,TRACKING,238,14.428513,44.306673,0.191855,0.024720,3.576660,0.000000,0.000000,5.000000,1.436425,0,0
1784416272.291154,ADAPTIVEQF,TRACKING,238,14.450729,24.945364,0.192366,0.035033,3.630815,0.000000,0.000000,5.000000,1.383076,0,0
1784416272.316154,ADAPTIVEQF,TRACKING,245,15.769723,26.239477,0.192406,0.043348,3.673102,0.000000,0.000000,5.000000,1.341476,0,0
1784416272.341151,ADAPTIVEQF,TRACKING,242,14.836849,19.683651,0.191963,0.051300,3.715832,0.000000,0.000000,5.000000,1.299449,0,0
1784416272.366152,ADAPTIVEQF,TRACKING,241,14.765538,44.613196,0.191963,0.051300,3.715832,0.000000,0.000000,5.000000,1.299449,0,0
1784416272.391157,ADAPTIVEQF,TRACKING,240,14.671996,24.821892,0.191017,0.058805,3.758795,0.000000,0.000000,5.000000,1.257194,0,0
1784416272.416155,ADAPTIVEQF,TRACKING,244,14.969705,25.183872,0.190059,0.065892,3.800400,0.000000,0.000000,5.000000,1.216349,0,0
1784416272.441153,ADAPTIVEQF,TRACKING,244,15.308460,20.197090,0.189038,0.072574,3.840740,0.000000,0.000000,5.000000,1.176812,0,0
1784416272.466151,ADAPTIVEQF,TRACKING,242,14.473431,44.360398,0.189038,0.072574,3.840740,0.000000,0.000000,5.000000,1.176812,0,0
1784416272.491161,ADAPTIVEQF,TRACKING,244,14.912320,25.351832,0.186973,0.080316,3.891672,0.000000,0.000000,5.000000,1.126854,0,0
1784416272.516154,ADAPTIVEQF,TRACKING,245,14.665137,24.668547,0.184670,0.085967,3.933282,0.000000,0.000000,5.000000,1.085993,0,0
1784416272.541156,ADAPTIVEQF,TRACKING,248,15.663035,20.522223,0.181516,0.091252,3.972576,0.000000,0.000000,5.000000,1.047318,0,0
1784416272.566211,ADAPTIVEQF,TRACKING,244,14.513850,44.428189,0.181516,0.091252,3.972576,0.000000,0.000000,5.000000,1.047318,0,0
1784416272.591213,ADAPTIVEQF,TRACKING,246,14.774107,25.189465,0.177917,0.096090,4.011672,0.000000,0.000000,5.000000,1.008802,0,0
1784416272.616157,ADAPTIVEQF,TRACKING,246,14.623199,24.722091,0.174023,0.100443,4.051491,0.000000,0.000000,5.000000,0.969558,0,0
1784416272.641160,ADAPTIVEQF,TRACKING,251,15.063011,19.940539,0.169847,0.104329,4.091963,0.000000,0.000000,5.000000,0.929658,0,0
1784416272.666270,ADAPTIVEQF,TRACKING,250,15.303030,45.290905,0.169847,0.104329,4.091963,0.000000,0.000000,5.000000,0.929658,0,0
1784416272.691159,ADAPTIVEQF,TRACKING,249,14.956218,24.455729,0.163460,0.104260,4.141705,0.000000,0.000000,5.000000,0.879920,0,0
1784416272.716170,ADAPTIVEQF,TRACKING,248,14.851520,24.820629,0.158158,0.104000,4.181285,0.000000,0.000000,5.000000,0.840312,0,0
1784416272.741199,ADAPTIVEQF,TRACKING,248,14.866150,19.776673,0.152552,0.103538,4.221076,0.000000,0.000000,5.000000,0.800447,0,0
1784416272.766158,ADAPTIVEQF,TRACKING,250,14.934695,44.803649,0.152552,0.103538,4.221076,0.000000,0.000000,5.000000,0.800447,0,0
1784416272.791159,ADAPTIVEQF,TRACKING,250,15.211125,25.197034,0.147059,0.102864,4.261186,0.000000,0.000000,5.000000,0.760298,0,0
1784416272.816160,ADAPTIVEQF,TRACKING,249,14.907370,24.614319,0.142486,0.101881,4.301722,0.000000,0.000000,5.000000,0.719913,0,0
1784416272.841154,ADAPTIVEQF,TRACKING,249,14.870876,19.633771,0.137517,0.100673,4.342663,0.000000,0.000000,5.000000,0.679072,0,0
1784416272.866162,ADAPTIVEQF,TRACKING,249,14.845357,44.616162,0.137517,0.100673,4.342663,0.000000,0.000000,5.000000,0.679072,0,0
1784416272.891204,ADAPTIVEQF,TRACKING,251,14.628903,24.745304,0.130902,0.098925,4.393133,0.000000,0.000000,5.000000,0.628656,0,0
1784416272.916173,ADAPTIVEQF,TRACKING,253,15.088948,25.307632,0.124915,0.096825,4.433042,0.000000,0.000000,5.000000,0.588575,0,0
1784416272.941156,ADAPTIVEQF,TRACKING,253,14.867475,19.714372,0.118322,0.094056,4.472064,0.000000,0.000000,5.000000,0.549148,0,0
1784416272.966158,ADAPTIVEQF,TRACKING,254,15.177452,45.024566,0.118322,0.094056,4.472064,0.000000,0.000000,5.000000,0.549148,0,0
1784416272.991203,ADAPTIVEQF,TRACKING,252,14.615506,24.411773,0.111595,0.091044,4.511019,0.000000,0.000000,5.000000,0.509750,0,0
1784416273.016161,ADAPTIVEQF,TRACKING,254,14.694885,24.940874,0.104789,0.087866,4.549363,0.000000,0.000000,5.000000,0.470930,0,0
1784416273.041158,ADAPTIVEQF,TRACKING,256,14.784606,19.717695,0.095463,0.083224,4.583891,0.000000,0.000000,5.000000,0.434955,0,0
1784416273.066158,ADAPTIVEQF,TRACKING,259,15.401699,45.336272,0.095463,0.083224,4.583891,0.000000,0.000000,5.000000,0.434955,0,0
1784416273.091162,ADAPTIVEQF,TRACKING,257,15.016657,24.529597,0.082930,0.076796,4.625331,0.000000,0.000000,5.000000,0.391346,0,0
1784416273.116158,ADAPTIVEQF,TRACKING,256,14.808826,24.700706,0.073026,0.071595,4.657386,0.000000,0.000000,5.000000,0.357552,0,0
1784416273.141158,ADAPTIVEQF,TRACKING,256,14.802942,19.713526,0.063190,0.066338,4.687475,0.000000,0.000000,5.000000,0.325677,0,0
1784416273.166207,ADAPTIVEQF,TRACKING,258,14.971934,44.933965,0.063190,0.066338,4.687475,0.000000,0.000000,5.000000,0.325677,0,0
1784416273.191167,ADAPTIVEQF,TRACKING,259,15.060427,25.009801,0.052998,0.060593,4.715272,2.000000,0.000000,5.000000,1.968644,0,0
1784416273.216159,ADAPTIVEQF,TRACKING,258,15.040039,24.857411,0.042908,0.054811,4.740860,2.000000,0.000000,5.000000,1.974935,0,0
1784416273.241202,ADAPTIVEQF,TRACKING,257,15.084096,19.950872,0.032913,0.049012,4.764318,2.000000,0.000000,5.000000,1.981762,0,0
1784416273.266164,ADAPTIVEQF,TRACKING,256,15.223925,45.050985,0.032913,0.049012,4.764318,2.000000,0.000000,5.000000,1.981762,0,0
1784416273.291167,ADAPTIVEQF,TRACKING,255,15.889307,25.578287,0.020781,0.041160,4.789677,2.000000,0.000000,5.000000,1.990788,0,0
1784416273.316163,ADAPTIVEQF,TRACKING,249,14.716457,23.744278,0.011516,0.034171,4.806054,2.000000,0.000000,5.000000,1.998212,0,0
1784416273.341164,ADAPTIVEQF,TRACKING,248,14.910476,19.686546,0.002568,0.027185,4.819422,2.000000,0.000000,5.000000,2.005762,0,0
1784416273.366165,ADAPTIVEQF,TRACKING,247,14.613921,44.391148,0.002568,0.027185,4.819422,2.000000,0.000000,5.000000,2.005762,0,0
1784416273.391167,ADAPTIVEQF,TRACKING,252,15.009229,25.320403,-0.005797,0.020066,4.830306,2.000000,0.000000,5.000000,2.013063,0,0
1784416273.416162,ADAPTIVEQF,TRACKING,251,14.916411,24.803308,-0.013933,0.012655,4.838857,2.000000,0.000000,5.000000,2.020409,0,0
1784416273.441163,ADAPTIVEQF,TRACKING,252,14.924558,19.689356,-0.021126,0.004833,4.846756,2.000000,0.000000,5.000000,2.026933,0,0
1784416273.466166,ADAPTIVEQF,TRACKING,252,14.902425,44.669956,-0.021126,0.004833,4.846756,2.000000,0.000000,5.000000,2.026933,0,0
1784416273.491170,ADAPTIVEQF,TRACKING,253,14.913649,24.936561,-0.027339,-0.005293,4.856221,2.000000,0.000000,5.000000,2.032438,0,0
1784416273.516164,ADAPTIVEQF,TRACKING,253,15.215098,25.216689,-0.030151,-0.013375,4.861439,2.000000,0.000000,5.000000,2.034918,0,0
1784416273.541178,ADAPTIVEQF,TRACKING,252,15.608002,20.487642,-0.031895,-0.022436,4.863973,2.000000,0.000000,5.000000,2.036567,0,0
1784416273.566166,ADAPTIVEQF,TRACKING,248,15.009624,44.866997,-0.031895,-0.022436,4.863973,2.000000,0.000000,5.000000,2.036567,0,0
1784416273.591172,ADAPTIVEQF,TRACKING,246,15.713636,25.637162,-0.031197,-0.031537,4.865565,2.000000,0.000000,5.000000,2.035885,0,0
1784416273.616163,ADAPTIVEQF,TRACKING,241,14.972942,24.173591,-0.027695,-0.040173,4.866198,2.000000,0.000000,5.000000,2.032501,0,0
1784416273.641160,ADAPTIVEQF,TRACKING,241,15.051924,19.850782,-0.021104,-0.048174,4.866770,2.000000,0.000000,5.000000,2.026063,0,0
1784416273.666173,ADAPTIVEQF,TRACKING,238,14.862812,44.694010,-0.021104,-0.048174,4.866770,2.000000,0.000000,5.000000,2.026063,0,0
1784416273.691197,ADAPTIVEQF,TRACKING,240,15.007486,25.073162,-0.002953,-0.061992,4.862219,2.000000,0.000000,5.000000,2.008643,0,0
1784416273.716164,ADAPTIVEQF,TRACKING,240,14.918748,24.798966,0.014739,-0.072157,4.859339,2.000000,0.000000,5.000000,1.991546,0,0
1784416273.741168,ADAPTIVEQF,TRACKING,240,14.907373,19.874684,0.035309,-0.081478,4.858037,2.000000,0.000000,5.000000,1.971498,0,0
1784416273.766170,ADAPTIVEQF,TRACKING,240,15.056237,45.024912,0.035309,-0.081478,4.858037,2.000000,0.000000,5.000000,1.971498,0,0
1784416273.791173,ADAPTIVEQF,TRACKING,240,14.997905,24.873775,0.059002,-0.089459,4.855452,2.000000,0.000000,5.000000,1.948427,0,0
1784416273.816169,ADAPTIVEQF,TRACKING,240,14.961587,24.877726,0.087430,-0.094961,4.850496,2.000000,0.000000,5.000000,1.920753,0,0
1784416273.841173,ADAPTIVEQF,TRACKING,239,14.785745,19.564746,0.117678,-0.100078,4.845391,2.000000,0.000000,5.000000,1.891310,0,0
1784416273.866200,ADAPTIVEQF,TRACKING,241,15.006125,44.811199,0.117678,-0.100078,4.845391,2.000000,0.000000,5.000000,1.891310,0,0
1784416273.891173,ADAPTIVEQF,TRACKING,241,14.900014,24.783514,0.157771,-0.105888,4.838136,2.000000,0.000000,5.000000,1.852355,0,0
1784416273.916172,ADAPTIVEQF,TRACKING,241,15.012887,25.010812,0.192902,-0.109847,4.831042,2.000000,0.000000,5.000000,1.818300,0,0
1784416273.941166,ADAPTIVEQF,TRACKING,241,14.946689,19.839934,0.230878,-0.113135,4.823617,2.000000,0.000000,5.000000,1.781489,0,0
1784416273.966221,ADAPTIVEQF,TRACKING,241,15.032890,44.984062,0.230878,-0.113135,4.823617,2.000000,0.000000,5.000000,1.781489,0,0
1784416273.991184,ADAPTIVEQF,TRACKING,241,15.103550,24.937635,0.270183,-0.115873,4.815806,2.000000,0.000000,5.000000,1.743451,0,0
1784416274.016172,ADAPTIVEQF,TRACKING,240,14.942954,24.540450,0.311010,-0.117921,4.809128,2.000000,0.000000,5.000000,1.703826,0,0
1784416274.041169,ADAPTIVEQF,TRACKING,240,14.818821,19.616908,0.353574,-0.119858,4.808580,2.000000,0.000000,5.000000,1.661844,0,0
1784416274.066172,ADAPTIVEQF,TRACKING,241,14.997709,44.799429,0.353574,-0.119858,4.808580,2.000000,0.000000,5.000000,1.661844,0,0
1784416274.091182,ADAPTIVEQF,TRACKING,241,15.093048,25.022407,0.408788,-0.121461,4.811313,2.000000,0.000000,5.000000,1.606957,0,0
1784416274.116169,ADAPTIVEQF,TRACKING,241,14.917946,24.533681,0.454317,-0.121970,4.814235,2.000000,0.000000,5.000000,1.561576,0,0
1784416274.141164,ADAPTIVEQF,TRACKING,240,14.806131,19.584310,0.500962,-0.121900,4.817978,2.000000,0.000000,5.000000,1.514961,0,0
1784416274.166222,ADAPTIVEQF,TRACKING,241,14.920751,44.757473,0.500962,-0.121900,4.817978,2.000000,0.000000,5.000000,1.514961,0,0
1784416274.191180,ADAPTIVEQF,TRACKING,242,15.903333,25.858463,0.550923,-0.120463,4.820938,2.000000,0.000000,5.000000,1.465059,0,0
1784416274.216174,ADAPTIVEQF,TRACKING,237,14.673065,23.665866,0.601710,-0.118538,4.825757,2.000000,0.000000,5.000000,1.414081,0,0
1784416274.241176,ADAPTIVEQF,TRACKING,237,15.361284,20.103602,0.653207,-0.116211,4.831876,2.000000,0.000000,5.000000,1.362212,0,0
1784416274.266173,ADAPTIVEQF,TRACKING,233,14.431517,44.168806,0.653207,-0.116211,4.831876,2.000000,0.000000,5.000000,1.362212,0,0
1784416274.291178,ADAPTIVEQF,TRACKING,238,14.981072,25.470812,0.719869,-0.113920,4.838772,2.000000,0.000000,5.000000,1.295263,0,0
1784416274.316184,ADAPTIVEQF,TRACKING,237,14.648493,24.595741,0.775506,-0.113040,4.843414,2.000000,0.000000,5.000000,1.239630,0,0
1784416274.341176,ADAPTIVEQF,TRACKING,241,15.104356,19.755151,0.831225,-0.112019,4.846342,2.000000,0.000000,5.000000,1.184142,0,0
1784416274.366176,ADAPTIVEQF,TRACKING,240,14.768117,44.419324,0.831225,-0.112019,4.846342,2.000000,0.000000,5.000000,1.184142,0,0
1784416274.391182,ADAPTIVEQF,TRACKING,241,15.455138,25.614234,0.887122,-0.110866,4.848681,2.000000,0.000000,5.000000,1.128577,0,0
1784416274.416178,ADAPTIVEQF,TRACKING,238,15.187194,24.622150,0.942946,-0.109565,4.851470,2.000000,0.000000,5.000000,1.073046,0,0
1784416274.441189,ADAPTIVEQF,TRACKING,237,14.783084,19.554417,0.998749,-0.108268,4.854922,2.000000,0.000000,5.000000,1.017484,0,0
1784416274.466180,ADAPTIVEQF,TRACKING,236,14.443230,44.185816,0.998749,-0.108268,4.854922,2.000000,0.000000,5.000000,1.017484,0,0
1784416274.491189,ADAPTIVEQF,TRACKING,240,15.139255,25.615379,1.068868,-0.106698,4.859131,2.000000,0.000000,5.000000,0.947753,0,0
1784416274.516176,ADAPTIVEQF,TRACKING,241,14.670897,24.427811,1.125136,-0.105374,4.861103,2.000000,0.000000,5.000000,0.892067,0,0
1784416274.541177,ADAPTIVEQF,TRACKING,243,15.021991,19.933316,1.182596,-0.104090,4.862294,2.000000,0.000000,5.000000,0.835432,0,0
1784416274.566179,ADAPTIVEQF,TRACKING,242,14.808934,44.723225,1.182596,-0.104090,4.862294,2.000000,0.000000,5.000000,0.835432,0,0
1784416274.591183,ADAPTIVEQF,TRACKING,244,15.056741,25.173183,1.240539,-0.102848,4.865109,2.000000,0.000000,5.000000,0.778173,0,0
1784416274.616176,ADAPTIVEQF,TRACKING,243,14.795006,24.653542,1.298495,-0.101648,4.868556,2.000000,0.000000,5.000000,0.720916,0,0
1784416274.641212,ADAPTIVEQF,TRACKING,244,15.115765,20.139470,1.356406,-0.100521,4.871953,2.000000,0.000000,5.000000,0.663863,0,0
1784416274.666180,ADAPTIVEQF,TRACKING,243,14.901566,44.891652,1.356406,-0.100521,4.871953,2.000000,0.000000,5.000000,0.663863,0,0
1784416274.691183,ADAPTIVEQF,TRACKING,244,14.830896,24.848313,1.430767,-0.100403,4.878880,2.000000,0.000000,5.000000,0.590574,0,0
1784416274.716176,ADAPTIVEQF,TRACKING,244,14.796852,24.885472,1.490008,-0.100145,4.885270,2.000000,0.000000,5.000000,0.532245,0,0
1784416274.741222,ADAPTIVEQF,TRACKING,246,15.029064,20.043819,1.548977,-0.099653,4.892673,2.000000,0.000000,5.000000,0.474206,0,0
1784416274.766181,ADAPTIVEQF,TRACKING,246,14.966472,44.941146,1.548977,-0.099653,4.892673,2.000000,0.000000,5.000000,0.474206,0,0
1784416274.791214,ADAPTIVEQF,TRACKING,246,15.030580,25.022154,1.607382,-0.098446,4.900192,2.000000,0.000000,5.000000,0.416896,0,0
1784416274.816181,ADAPTIVEQF,TRACKING,245,14.887345,24.731367,1.664929,-0.095731,4.907177,2.000000,0.000000,5.000000,0.360629,0,0
1784416274.841200,ADAPTIVEQF,TRACKING,246,15.102776,19.998653,1.721855,-0.092842,4.915369,2.000000,0.000000,5.000000,0.305199,0,0
1784416274.866183,ADAPTIVEQF,TRACKING,245,14.942455,44.805763,1.721855,-0.092842,4.915369,2.000000,0.000000,5.000000,0.305199,0,0
1784416274.891229,ADAPTIVEQF,TRACKING,245,14.836392,24.882607,1.791928,-0.088988,4.926363,2.000000,2.000000,5.000000,2.100616,0,0
1784416274.916186,ADAPTIVEQF,TRACKING,245,14.944319,24.927901,1.847206,-0.085721,4.935503,2.000000,2.000000,5.000000,2.092305,0,0
1784416274.941182,ADAPTIVEQF,TRACKING,246,15.193372,20.071886,1.901591,-0.082338,4.945374,2.000000,2.000000,5.000000,2.085377,0,0
1784416274.966183,ADAPTIVEQF,TRACKING,245,15.127617,45.006442,1.901591,-0.082338,4.945374,2.000000,2.000000,5.000000,2.085377,0,0
1784416274.991201,ADAPTIVEQF,TRACKING,243,15.243166,25.048567,1.954696,-0.078884,4.955272,2.000000,2.000000,5.000000,2.079858,0,0
1784416275.016181,ADAPTIVEQF,TRACKING,241,15.180787,24.806624,2.006783,-0.075345,4.962498,2.000000,2.000000,5.000000,2.075695,0,0
1784416275.041188,ADAPTIVEQF,TRACKING,240,15.068883,19.847746,2.057325,-0.073405,4.970284,2.000000,2.000000,5.000000,2.074411,0,0
1784416275.066190,ADAPTIVEQF,TRACKING,238,15.078942,44.861875,2.057325,-0.073405,4.970284,2.000000,2.000000,5.000000,2.074411,0,0
1784416275.091187,ADAPTIVEQF,TRACKING,237,14.994672,24.823571,2.117761,-0.070771,4.981826,2.000000,2.000000,5.000000,2.074197,0,0
1784416275.116182,ADAPTIVEQF,TRACKING,237,15.115555,25.039975,2.163702,-0.067427,4.991807,2.000000,2.000000,5.000000,2.073914,0,0
1784416275.141224,ADAPTIVEQF,TRACKING,236,14.915365,19.736689,2.207210,-0.062363,5.002833,2.000000,2.000000,5.000000,2.072748,0,0
1784416275.166184,ADAPTIVEQF,TRACKING,236,14.824539,44.605298,2.207210,-0.062363,5.002833,2.000000,2.000000,5.000000,2.072748,0,0
1784416275.191190,ADAPTIVEQF,TRACKING,237,15.055532,25.161225,2.247431,-0.059446,5.012720,2.000000,2.000000,5.000000,2.074295,0,0
1784416275.216183,ADAPTIVEQF,TRACKING,237,15.339077,25.177544,2.285978,-0.054331,5.020401,2.000000,2.000000,5.000000,2.074241,0,0
1784416275.241184,ADAPTIVEQF,TRACKING,235,14.745005,19.607273,2.322478,-0.046261,5.028090,2.000000,2.000000,5.000000,2.071706,0,0
1784416275.266184,ADAPTIVEQF,TRACKING,235,15.162525,45.024393,2.322478,-0.046261,5.028090,2.000000,2.000000,5.000000,2.071706,0,0
1784416275.291187,ADAPTIVEQF,TRACKING,234,14.851117,24.613204,2.364601,-0.030999,5.036390,2.000000,2.000000,5.000000,2.063787,0,0
1784416275.316184,ADAPTIVEQF,TRACKING,235,15.056366,25.124733,2.395101,-0.014176,5.042470,2.000000,2.000000,5.000000,2.053001,0,0
1784416275.341186,ADAPTIVEQF,TRACKING,234,14.750329,19.651197,2.424012,0.004964,5.046739,2.000000,2.000000,5.000000,2.040132,0,0
1784416275.366191,ADAPTIVEQF,TRACKING,236,15.010409,44.919066,2.424012,0.004964,5.046739,2.000000,2.000000,5.000000,2.040132,0,0
1784416275.391189,ADAPTIVEQF,TRACKING,235,14.901059,24.814926,2.451339,0.026297,5.049263,2.000000,2.000000,5.000000,2.025250,0,0
1784416275.416185,ADAPTIVEQF,TRACKING,236,14.797002,24.790996,2.474849,0.054043,5.050405,2.000000,2.000000,5.000000,2.003689,0,0
1784416275.441187,ADAPTIVEQF,TRACKING,237,14.823972,19.732868,2.495166,0.087283,5.048788,2.000000,2.000000,5.000000,1.976374,0,0
1784416275.466236,ADAPTIVEQF,TRACKING,238,14.910521,44.871379,2.495166,0.087283,5.048788,2.000000,2.000000,5.000000,1.976374,0,0
1784416275.491189,ADAPTIVEQF,TRACKING,239,15.295126,25.258070,2.519277,0.130586,5.044424,2.000000,2.000000,5.000000,1.940704,0,0
1784416275.516188,ADAPTIVEQF,TRACKING,237,14.275460,23.905159,2.537213,0.166765,5.040520,2.000000,2.000000,5.000000,1.910757,0,0
1784416275.541188,ADAPTIVEQF,TRACKING,240,14.282383,19.261958,2.554301,0.207042,5.036738,2.000000,2.000000,5.000000,1.877045,0,0
1784416275.566189,ADAPTIVEQF,TRACKING,244,14.642938,44.623758,2.554301,0.207042,5.036738,2.000000,2.000000,5.000000,1.877045,0,0
1784416275.591193,ADAPTIVEQF,TRACKING,250,14.862129,25.144225,2.569847,0.249538,5.034777,2.000000,2.000000,5.000000,1.841210,0,0
1784416275.616187,ADAPTIVEQF,TRACKING,251,14.833655,24.889543,2.583962,0.293021,5.033273,2.000000,2.000000,5.000000,1.804410,0,0
1784416275.641191,ADAPTIVEQF,TRACKING,252,14.887368,19.845605,2.596833,0.337271,5.031187,2.000000,2.000000,5.000000,1.766876,0,0
1784416275.666191,ADAPTIVEQF,TRACKING,253,14.988378,44.945347,2.596833,0.337271,5.031187,2.000000,2.000000,5.000000,1.766876,0,0
1784416275.691194,ADAPTIVEQF,TRACKING,253,14.923129,24.853990,2.609387,0.394853,5.026413,2.000000,2.000000,5.000000,1.717133,0,0
1784416275.716189,ADAPTIVEQF,TRACKING,253,14.862780,24.854296,2.617736,0.441667,5.023442,2.000000,2.000000,5.000000,1.676469,0,0
1784416275.741190,ADAPTIVEQF,TRACKING,254,15.008936,19.978363,2.624480,0.488980,5.020647,2.000000,2.000000,5.000000,1.635110,0,0
1784416275.766229,ADAPTIVEQF,TRACKING,254,18.215703,48.235568,2.624480,0.488980,5.020647,2.000000,2.000000,5.000000,1.635110,0,0
1784416275.791196,ADAPTIVEQF,TRACKING,237,13.944832,20.574694,2.629643,0.537565,5.016669,2.000000,2.000000,5.000000,1.592307,0,0
1784416275.816192,ADAPTIVEQF,TRACKING,237,14.010758,24.971987,2.632918,0.589167,5.011670,2.000000,2.000000,5.000000,1.546342,0,0
1784416275.841191,ADAPTIVEQF,TRACKING,237,13.982595,18.854355,2.634548,0.640842,5.007029,2.000000,2.000000,5.000000,1.500004,0,0
1784416275.866274,ADAPTIVEQF,TRACKING,254,15.045715,45.000112,2.634548,0.640842,5.007029,2.000000,2.000000,5.000000,1.500004,0,0
1784416275.891222,ADAPTIVEQF,TRACKING,253,14.858613,24.691343,2.634541,0.705476,5.000287,2.000000,2.000000,5.000000,1.441678,0,0
1784416275.916193,ADAPTIVEQF,TRACKING,254,14.921656,24.930726,2.631185,0.757856,4.993208,2.000000,2.000000,5.000000,1.393327,0,0
1784416275.941192,ADAPTIVEQF,TRACKING,254,14.926905,19.794493,2.624623,0.810929,4.986534,2.000000,2.000000,5.000000,1.343215,0,0
1784416275.966197,ADAPTIVEQF,TRACKING,255,14.977277,44.852046,2.624623,0.810929,4.986534,2.000000,2.000000,5.000000,1.343215,0,0
1784416275.991197,ADAPTIVEQF,TRACKING,255,14.974346,24.916578,2.616982,0.863956,4.979776,2.000000,2.000000,5.000000,1.292931,0,0
1784416276.016197,ADAPTIVEQF,TRACKING,255,14.993454,24.945466,2.608459,0.916869,4.971984,2.000000,2.000000,5.000000,1.242650,0,0
1784416276.041193,ADAPTIVEQF,TRACKING,255,14.840688,19.700984,2.595044,0.971703,4.963912,2.000000,2.000000,5.000000,1.188602,0,0
1784416276.066198,ADAPTIVEQF,TRACKING,256,14.964191,44.830929,2.595044,0.971703,4.963912,2.000000,2.000000,5.000000,1.188602,0,0
1784416276.091213,ADAPTIVEQF,TRACKING,256,15.012315,24.994949,2.575800,1.040769,4.954304,2.000000,2.000000,5.000000,1.119714,0,0
1784416276.116194,ADAPTIVEQF,TRACKING,256,14.879905,24.763110,2.559690,1.095790,4.947533,2.000000,2.000000,5.000000,1.064707,0,0
1784416276.141194,ADAPTIVEQF,TRACKING,256,14.848713,19.655244,2.542792,1.150646,4.942624,2.000000,2.000000,5.000000,1.009612,0,0
1784416276.166238,ADAPTIVEQF,TRACKING,257,14.993800,44.846788,2.542792,1.150646,4.942624,2.000000,2.000000,5.000000,1.009612,0,0
1784416276.191243,ADAPTIVEQF,TRACKING,257,15.192849,25.124723,2.523995,1.205515,4.939983,2.000000,2.000000,5.000000,0.953614,0,0
1784416276.216196,ADAPTIVEQF,TRACKING,256,14.858040,24.542134,2.504757,1.260159,4.937109,2.000000,2.000000,5.000000,0.897831,0,0
1784416276.241201,ADAPTIVEQF,TRACKING,256,14.783527,19.780143,2.485199,1.314548,4.933053,2.000000,2.000000,5.000000,0.842464,0,0
1784416276.266201,ADAPTIVEQF,TRACKING,257,14.940347,44.938597,2.485199,1.314548,4.933053,2.000000,2.000000,5.000000,0.842464,0,0
1784416276.291200,ADAPTIVEQF,TRACKING,258,14.960436,24.942853,2.458117,1.381905,4.928709,2.000000,2.000000,5.000000,0.772655,0,0
1784416276.316193,ADAPTIVEQF,TRACKING,258,15.092580,25.046035,2.433793,1.435124,4.925522,2.000000,2.000000,5.000000,0.716106,0,0
1784416276.341238,ADAPTIVEQF,TRACKING,257,14.939779,19.822849,2.409256,1.487992,4.922019,2.000000,2.000000,5.000000,0.660094,0,0
1784416276.366200,ADAPTIVEQF,TRACKING,257,14.958052,44.805096,2.409256,1.487992,4.922019,2.000000,2.000000,5.000000,0.660094,0,0
1784416276.391199,ADAPTIVEQF,TRACKING,257,14.999667,24.967853,2.384438,1.540463,4.918669,2.000000,2.000000,5.000000,0.604634,0,0
1784416276.416197,ADAPTIVEQF,TRACKING,257,14.891196,24.785260,2.358369,1.592943,4.916086,2.000000,2.000000,5.000000,0.548785,0,0
1784416276.441197,ADAPTIVEQF,TRACKING,257,14.909526,19.741040,2.331126,1.645262,4.914720,2.000000,2.000000,5.000000,0.492703,0,0
1784416276.466204,ADAPTIVEQF,TRACKING,258,15.008667,44.849142,2.331126,1.645262,4.914720,2.000000,2.000000,5.000000,0.492703,0,0
1784416276.491232,ADAPTIVEQF,TRACKING,258,15.028483,24.970580,2.296831,1.709617,4.915498,2.000000,2.000000,5.000000,0.423758,0,0
1784416276.516197,ADAPTIVEQF,TRACKING,257,14.936163,24.787726,2.269294,1.760227,4.917636,2.000000,2.000000,5.000000,0.369857,0,0
1784416276.541199,ADAPTIVEQF,TRACKING,257,14.903170,19.806086,2.240801,1.810459,4.918968,2.000000,2.000000,5.000000,0.316981,0,0
1784416276.566204,ADAPTIVEQF,TRACKING,258,14.941732,44.850824,2.240801,1.810459,4.918968,2.000000,2.000000,5.000000,0.316981,0,0
1784416276.591201,ADAPTIVEQF,TRACKING,258,15.012470,25.022890,2.212130,1.859867,4.920845,0.000000,2.000000,5.000000,2.217977,0,0
1784416276.616197,ADAPTIVEQF,TRACKING,258,15.000671,24.878562,2.183699,1.908221,4.922527,0.000000,2.000000,5.000000,2.186999,0,0
1784416276.641200,ADAPTIVEQF,TRACKING,258,15.250991,20.141379,2.155569,1.955395,4.923354,0.000000,2.000000,5.000000,2.157393,0,0
1784416276.666204,ADAPTIVEQF,TRACKING,256,15.170330,45.066924,2.155569,1.955395,4.923354,0.000000,2.000000,5.000000,2.157393,0,0
1784416276.691203,ADAPTIVEQF,TRACKING,254,15.216062,24.972042,2.123516,2.011812,4.923315,0.000000,2.000000,5.000000,2.124933,0,0
1784416276.716199,ADAPTIVEQF,TRACKING,252,14.982825,24.681355,2.098178,2.055259,4.923341,0.000000,2.000000,5.000000,2.100305,0,0
1784416276.741201,ADAPTIVEQF,TRACKING,251,14.980720,19.959617,2.073144,2.097350,4.922222,0.000000,2.000000,5.000000,2.076886,0,0
1784416276.766206,ADAPTIVEQF,TRACKING,251,15.060874,45.046982,2.073144,2.097350,4.922222,0.000000,2.000000,5.000000,2.076886,0,0
1784416276.791237,ADAPTIVEQF,TRACKING,251,14.919225,24.811420,2.048258,2.136872,4.922910,0.000000,2.000000,5.000000,2.054273,0,0
1784416276.816199,ADAPTIVEQF,TRACKING,251,15.079474,25.046576,2.023465,2.172383,4.925159,0.000000,2.000000,5.000000,2.032173,0,0
1784416276.841201,ADAPTIVEQF,TRACKING,250,15.038514,19.785889,1.998036,2.206467,4.927100,0.000000,2.000000,5.000000,2.009998,0,0
1784416276.866205,ADAPTIVEQF,TRACKING,250,14.980847,44.733624,1.998036,2.206467,4.927100,0.000000,2.000000,5.000000,2.009998,0,0
1784416276.891214,ADAPTIVEQF,TRACKING,249,14.953585,24.913162,1.965039,2.247291,4.927667,0.000000,2.000000,5.000000,1.981858,0,0
1784416276.916202,ADAPTIVEQF,TRACKING,249,14.817753,24.742614,1.938215,2.277107,4.927867,0.000000,2.000000,5.000000,1.959252,0,0
1784416276.941203,ADAPTIVEQF,TRACKING,250,14.825367,19.681141,1.910917,2.304401,4.927435,0.000000,2.000000,5.000000,1.936371,0,0
1784416276.966207,ADAPTIVEQF,TRACKING,251,14.888061,44.750476,1.910917,2.304401,4.927435,0.000000,2.000000,5.000000,1.936371,0,0
1784416276.991208,ADAPTIVEQF,TRACKING,252,14.959020,24.995566,1.882042,2.330445,4.925929,0.000000,2.000000,5.000000,1.912266,0,0
1784416277.016202,ADAPTIVEQF,TRACKING,252,14.916380,24.873844,1.851133,2.354801,4.925603,0.000000,2.000000,5.000000,1.886296,0,0
1784416277.041204,ADAPTIVEQF,TRACKING,252,14.949715,19.889503,1.816801,2.373744,4.924986,0.000000,2.000000,5.000000,1.856361,0,0
1784416277.066211,ADAPTIVEQF,TRACKING,252,14.948938,44.898038,1.816801,2.373744,4.924986,0.000000,2.000000,5.000000,1.856361,0,0
1784416277.091205,ADAPTIVEQF,TRACKING,253,15.090611,25.055981,1.771428,2.394250,4.922037,0.000000,2.000000,5.000000,1.816444,0,0
1784416277.116203,ADAPTIVEQF,TRACKING,252,14.925476,24.751084,1.733572,2.409139,4.919621,0.000000,2.000000,5.000000,1.783011,0,0
1784416277.141206,ADAPTIVEQF,TRACKING,252,14.959415,19.866957,1.694484,2.422760,4.916648,0.000000,2.000000,5.000000,1.748414,0,0
1784416277.166210,ADAPTIVEQF,TRACKING,252,14.963631,44.876954,1.694484,2.422760,4.916648,0.000000,2.000000,5.000000,1.748414,0,0
1784416277.191209,ADAPTIVEQF,TRACKING,252,15.014311,24.962866,1.651786,2.431915,4.915043,0.000000,2.000000,5.000000,1.709434,0,0
1784416277.216204,ADAPTIVEQF,TRACKING,252,14.979252,24.883802,1.608194,2.440088,4.912832,0.000000,2.000000,5.000000,1.669600,0,0
1784416277.241211,ADAPTIVEQF,TRACKING,252,14.989917,19.794526,1.563708,2.447192,4.910447,0.000000,2.000000,5.000000,1.628860,0,0
1784416277.266213,ADAPTIVEQF,TRACKING,252,14.896398,44.706152,1.563708,2.447192,4.910447,0.000000,2.000000,5.000000,1.628860,0,0
1784416277.291244,ADAPTIVEQF,TRACKING,252,14.970499,25.014317,1.506158,2.453759,4.906006,0.000000,2.000000,5.000000,1.575831,0,0
1784416277.316205,ADAPTIVEQF,TRACKING,252,14.904818,24.815500,1.458382,2.457022,4.900730,0.000000,2.000000,5.000000,1.531535,0,0
1784416277.341208,ADAPTIVEQF,TRACKING,253,14.897721,19.784309,1.409713,2.459205,4.897240,0.000000,2.000000,5.000000,1.486176,0,0
1784416277.366219,ADAPTIVEQF,TRACKING,253,14.905605,44.802700,1.409713,2.459205,4.897240,0.000000,2.000000,5.000000,1.486176,0,0
1784416277.391213,ADAPTIVEQF,TRACKING,254,14.926853,24.926836,1.359977,2.460102,4.897575,0.000000,2.000000,5.000000,1.439347,0,0
1784416277.416206,ADAPTIVEQF,TRACKING,254,14.857885,24.806716,1.308484,2.460107,4.900959,0.000000,2.000000,5.000000,1.390553,0,0
1784416277.441199,ADAPTIVEQF,TRACKING,255,15.025624,19.844893,1.255572,2.459368,4.905948,0.000000,2.000000,5.000000,1.340271,0,0
1784416277.466251,ADAPTIVEQF,TRACKING,255,15.001491,44.867875,1.255572,2.459368,4.905948,0.000000,2.000000,5.000000,1.340271,0,0
1784416277.491224,ADAPTIVEQF,TRACKING,255,14.967765,24.866483,1.188947,2.457296,4.912683,0.000000,2.000000,5.000000,1.276848,0,0
1784416277.516207,ADAPTIVEQF,TRACKING,255,14.949993,24.882448,1.135327,2.454742,4.918219,0.000000,2.000000,5.000000,1.225743,0,0
1784416277.541222,ADAPTIVEQF,TRACKING,255,14.967480,19.926570,1.081543,2.452000,4.922051,0.000000,2.000000,5.000000,1.174784,0,0
1784416277.566214,ADAPTIVEQF,TRACKING,255,14.923884,44.857639,1.081543,2.452000,4.922051,0.000000,2.000000,5.000000,1.174784,0,0
1784416277.591214,ADAPTIVEQF,TRACKING,255,14.891209,24.892489,1.027525,2.448597,4.925665,0.000000,2.000000,5.000000,1.123643,0,0
1784416277.616207,ADAPTIVEQF,TRACKING,256,14.962032,24.991521,0.973321,2.444358,4.929135,0.000000,2.000000,5.000000,1.072301,0,0
1784416277.641211,ADAPTIVEQF,TRACKING,256,14.922110,19.807751,0.919052,2.439474,4.930685,0.000000,2.000000,5.000000,1.021077,0,0
1784416277.666219,ADAPTIVEQF,TRACKING,256,15.028401,44.927588,0.919052,2.439474,4.930685,0.000000,2.000000,5.000000,1.021077,0,0
1784416277.691251,ADAPTIVEQF,TRACKING,256,15.049629,24.977139,0.850650,2.431417,4.929870,0.000000,2.000000,5.000000,0.956370,0,0
1784416277.716209,ADAPTIVEQF,TRACKING,255,14.920180,24.750323,0.795652,2.423712,4.932406,0.000000,2.000000,5.000000,0.903971,0,0
1784416277.741250,ADAPTIVEQF,TRACKING,255,14.866633,19.825987,0.740582,2.415257,4.934752,0.000000,2.000000,5.000000,0.851562,0,0
1784416277.766215,ADAPTIVEQF,TRACKING,256,14.880689,44.806443,0.740582,2.415257,4.934752,0.000000,2.000000,5.000000,0.851562,0,0
1784416277.791213,ADAPTIVEQF,TRACKING,257,14.995049,25.028865,0.685841,2.406927,4.936132,0.000000,2.000000,5.000000,0.800029,0,0
1784416277.816210,ADAPTIVEQF,TRACKING,257,14.998310,24.920803,0.632052,2.399850,4.938372,0.000000,2.000000,5.000000,0.750445,0,0
1784416277.841213,ADAPTIVEQF,TRACKING,257,14.915004,19.536038,0.578189,2.391840,4.940968,0.000000,2.000000,5.000000,0.700946,0,0
1784416277.866219,ADAPTIVEQF,TRACKING,257,14.914210,44.543700,0.578189,2.391840,4.940968,0.000000,2.000000,5.000000,0.700946,0,0
1784416277.891217,ADAPTIVEQF,TRACKING,257,15.072533,25.075229,0.510908,2.380404,4.945452,0.000000,2.000000,5.000000,0.639304,0,0
1784416277.916211,ADAPTIVEQF,TRACKING,257,14.970239,24.786928,0.457606,2.371464,4.948864,0.000000,2.000000,5.000000,0.591611,0,0
1784416277.941215,ADAPTIVEQF,TRACKING,257,14.961493,19.787281,0.404867,2.362706,4.952677,0.000000,2.000000,5.000000,0.545630,0,0
1784416277.966220,ADAPTIVEQF,TRACKING,256,14.925653,44.759641,0.404867,2.362706,4.952677,0.000000,2.000000,5.000000,0.545630,0,0
1784416277.991217,ADAPTIVEQF,TRACKING,257,14.871220,24.870360,0.352376,2.352970,4.955807,0.000000,2.000000,5.000000,0.500709,0,0
1784416278.016212,ADAPTIVEQF,TRACKING,258,14.972490,25.025272,0.300286,2.342278,4.958357,0.000000,2.000000,5.000000,0.457231,0,0
1784416278.041246,ADAPTIVEQF,TRACKING,258,14.995267,19.833654,0.248309,2.331996,4.960989,0.000000,2.000000,5.000000,0.416414,0,0
1784416278.066219,ADAPTIVEQF,TRACKING,258,15.001834,44.814675,0.248309,2.331996,4.960989,0.000000,2.000000,5.000000,0.416414,0,0
1784416278.091260,ADAPTIVEQF,TRACKING,258,14.979393,24.939765,0.184118,2.318204,4.965256,0.000000,2.000000,5.000000,0.369270,0,0
1784416278.116214,ADAPTIVEQF,TRACKING,258,14.949498,24.843047,0.133642,2.306174,4.968166,0.000000,2.000000,5.000000,0.335583,0,0
1784416278.141220,ADAPTIVEQF,TRACKING,258,14.918103,19.894859,0.084128,2.293411,4.970324,0.000000,2.000000,5.000000,0.306673,0,0
1784416278.166220,ADAPTIVEQF,TRACKING,258,14.953296,44.930372,0.084128,2.293411,4.970324,0.000000,2.000000,5.000000,0.306673,0,0
1784416278.191219,ADAPTIVEQF,TRACKING,259,15.072954,25.061341,0.036473,2.279768,4.970304,0.000000,0.000000,5.000000,2.280253,0,0
1784416278.216217,ADAPTIVEQF,TRACKING,258,15.017778,24.842739,-0.010120,2.265552,4.969758,0.000000,0.000000,5.000000,2.265776,0,0
1784416278.241218,ADAPTIVEQF,TRACKING,258,15.301054,20.170370,-0.055550,2.250743,4.969513,0.000000,0.000000,5.000000,2.251634,0,0
1784416278.266225,ADAPTIVEQF,TRACKING,256,15.322076,45.202841,-0.055550,2.250743,4.969513,0.000000,0.000000,5.000000,2.251634,0,0
1784416278.291259,ADAPTIVEQF,TRACKING,253,15.144240,24.780563,-0.109821,2.231419,4.971243,0.000000,0.000000,5.000000,2.234305,0,0
1784416278.316216,ADAPTIVEQF,TRACKING,251,15.040250,24.777103,-0.150636,2.215164,4.977174,0.000000,0.000000,5.000000,2.220397,0,0
1784416278.341215,ADAPTIVEQF,TRACKING,250,15.128234,19.994097,-0.189506,2.198025,4.986626,0.000000,0.000000,5.000000,2.206220,0,0
1784416278.366225,ADAPTIVEQF,TRACKING,249,14.967982,44.846313,-0.189506,2.198025,4.986626,0.000000,0.000000,5.000000,2.206220,0,0
1784416278.391222,ADAPTIVEQF,TRACKING,249,14.930393,24.878695,-0.226379,2.179924,4.997450,0.000000,0.000000,5.000000,2.191648,0,0
1784416278.416217,ADAPTIVEQF,TRACKING,249,14.856486,24.820189,-0.260671,2.162065,5.010538,0.000000,0.000000,5.000000,2.177748,0,0
1784416278.441257,ADAPTIVEQF,TRACKING,250,14.862439,19.855506,-0.292317,2.143989,5.025442,0.000000,0.000000,5.000000,2.163974,0,0
1784416278.466222,ADAPTIVEQF,TRACKING,251,14.938799,44.894460,-0.292317,2.143989,5.025442,0.000000,0.000000,5.000000,2.163974,0,0
1784416278.491266,ADAPTIVEQF,TRACKING,251,14.974654,25.002857,-0.329452,2.118957,5.042467,0.000000,0.000000,5.000000,2.144836,0,0
1784416278.516220,ADAPTIVEQF,TRACKING,251,14.939156,24.840139,-0.357063,2.096581,5.056062,0.000000,0.000000,5.000000,2.127507,0,0
1784416278.541221,ADAPTIVEQF,TRACKING,251,15.074682,19.891839,-0.379816,2.074146,5.066261,0.000000,0.000000,5.000000,2.109676,0,0
1784416278.566226,ADAPTIVEQF,TRACKING,251,14.984559,44.809357,-0.379816,2.074146,5.066261,0.000000,0.000000,5.000000,2.109676,0,0
1784416278.591223,ADAPTIVEQF,TRACKING,251,15.123953,25.035809,-0.400466,2.050470,5.073409,0.000000,0.000000,5.000000,2.090500,0,0
1784416278.616220,ADAPTIVEQF,TRACKING,249,14.890017,24.693001,-0.420414,2.025292,5.076549,0.000000,0.000000,5.000000,2.069883,0,0
1784416278.641223,ADAPTIVEQF,TRACKING,250,14.891676,19.709863,-0.439496,1.998657,5.075898,0.000000,0.000000,5.000000,2.047815,0,0
1784416278.666226,ADAPTIVEQF,TRACKING,250,14.919959,44.742908,-0.439496,1.998657,5.075898,0.000000,0.000000,5.000000,2.047815,0,0
1784416278.691256,ADAPTIVEQF,TRACKING,251,14.904800,24.939658,-0.459773,1.961313,5.071440,0.000000,0.000000,5.000000,2.015749,0,0
1784416278.716221,ADAPTIVEQF,TRACKING,251,14.896109,24.882634,-0.474320,1.929159,5.068518,0.000000,0.000000,5.000000,1.987795,0,0
1784416278.741223,ADAPTIVEQF,TRACKING,252,14.854947,19.864392,-0.487307,1.895136,5.066165,0.000000,0.000000,5.000000,1.957903,0,0
1784416278.766226,ADAPTIVEQF,TRACKING,253,15.017785,45.031317,-0.487307,1.895136,5.066165,0.000000,0.000000,5.000000,1.957903,0,0
1784416278.791224,ADAPTIVEQF,TRACKING,253,14.948801,24.842369,-0.498485,1.859295,5.063014,0.000000,0.000000,5.000000,1.925990,0,0
1784416278.816222,ADAPTIVEQF,TRACKING,253,14.935864,24.896977,-0.507186,1.821384,5.058136,0.000000,0.000000,5.000000,1.891575,0,0
1784416278.841224,ADAPTIVEQF,TRACKING,253,15.158544,20.126506,-0.514446,1.781978,5.053877,0.000000,0.000000,5.000000,1.855533,0,0
1784416278.866229,ADAPTIVEQF,TRACKING,252,14.903742,44.878619,-0.514446,1.781978,5.053877,0.000000,0.000000,5.000000,1.855533,0,0
1784416278.891229,ADAPTIVEQF,TRACKING,252,14.969805,24.989751,-0.521262,1.730714,5.050066,0.000000,0.000000,5.000000,1.808201,0,0
1784416278.916227,ADAPTIVEQF,TRACKING,252,15.025096,24.955002,-0.524649,1.687430,5.047146,0.000000,0.000000,5.000000,1.767738,0,0
1784416278.941226,ADAPTIVEQF,TRACKING,252,14.967463,19.912203,-0.526304,1.642203,5.044180,0.000000,0.000000,5.000000,1.725044,0,0
1784416278.966231,ADAPTIVEQF,TRACKING,252,14.900594,44.853207,-0.526304,1.642203,5.044180,0.000000,0.000000,5.000000,1.725044,0,0
1784416278.991229,ADAPTIVEQF,TRACKING,252,14.867059,24.889758,-0.526756,1.595970,5.041921,0.000000,0.000000,5.000000,1.681175,0,0
1784416279.016225,ADAPTIVEQF,TRACKING,253,14.965675,25.020989,-0.526232,1.548841,5.039551,0.000000,0.000000,5.000000,1.636274,0,0
1784416279.041227,ADAPTIVEQF,TRACKING,253,14.985514,19.921262,-0.523485,1.501751,5.036046,0.000000,0.000000,5.000000,1.590784,0,0
1784416279.066277,ADAPTIVEQF,TRACKING,253,14.952214,44.938952,-0.523485,1.501751,5.036046,0.000000,0.000000,5.000000,1.590784,0,0
1784416279.091262,ADAPTIVEQF,TRACKING,253,14.939260,24.895148,-0.518473,1.442001,5.030838,0.000000,0.000000,5.000000,1.532688,0,0
1784416279.116227,ADAPTIVEQF,TRACKING,253,14.891900,24.838467,-0.513773,1.393250,5.026187,0.000000,0.000000,5.000000,1.485191,0,0
1784416279.141263,ADAPTIVEQF,TRACKING,254,15.071038,20.057315,-0.508269,1.343531,5.023777,0.000000,0.000000,5.000000,1.436655,0,0
1784416279.166279,ADAPTIVEQF,TRACKING,253,14.892448,44.895869,-0.508269,1.343531,5.023777,0.000000,0.000000,5.000000,1.436655,0,0
1784416279.191229,ADAPTIVEQF,TRACKING,254,15.060112,25.046935,-0.501027,1.291034,5.021152,0.000000,0.000000,5.000000,1.385007,0,0
1784416279.216228,ADAPTIVEQF,TRACKING,253,14.903071,24.765142,-0.493128,1.238051,5.018686,0.000000,0.000000,5.000000,1.332777,0,0
1784416279.241270,ADAPTIVEQF,TRACKING,254,15.080786,19.994766,-0.484603,1.184712,5.015723,0.000000,0.000000,5.000000,1.280089,0,0
1784416279.266237,ADAPTIVEQF,TRACKING,253,14.902771,44.784949,-0.484603,1.184712,5.015723,0.000000,0.000000,5.000000,1.280089,0,0
1784416279.291229,ADAPTIVEQF,TRACKING,253,14.937267,24.945500,-0.471956,1.117585,5.010536,0.000000,0.000000,5.000000,1.213198,0,0
1784416279.316228,ADAPTIVEQF,TRACKING,253,14.865547,24.854974,-0.459946,1.063550,5.005107,0.000000,0.000000,5.000000,1.158755,0,0
1784416279.341267,ADAPTIVEQF,TRACKING,254,15.015681,20.051929,-0.447575,1.009224,4.999969,0.000000,0.000000,5.000000,1.104018,0,0
1784416279.366284,ADAPTIVEQF,TRACKING,254,15.021681,45.077786,-0.447575,1.009224,4.999969,0.000000,0.000000,5.000000,1.104018,0,0
1784416279.391231,ADAPTIVEQF,TRACKING,254,15.037849,24.880659,-0.434800,0.954628,4.995334,0.000000,0.000000,5.000000,1.048994,0,0
1784416279.416230,ADAPTIVEQF,TRACKING,253,14.894127,24.761582,-0.422385,0.900664,4.992195,0.000000,0.000000,5.000000,0.994819,0,0
1784416279.441256,ADAPTIVEQF,TRACKING,253,14.957690,19.902853,-0.410268,0.847232,4.990934,0.000000,0.000000,5.000000,0.941384,0,0
1784416279.466237,ADAPTIVEQF,TRACKING,253,14.797630,44.726300,-0.410268,0.847232,4.990934,0.000000,0.000000,5.000000,0.941384,0,0
1784416279.491232,ADAPTIVEQF,TRACKING,254,14.892376,24.967288,-0.394634,0.780066,4.988183,0.000000,0.000000,5.000000,0.874288,0,0
1784416279.516233,ADAPTIVEQF,TRACKING,255,14.880986,24.916837,-0.381704,0.726078,4.985580,0.000000,0.000000,5.000000,0.820424,0,0
1784416279.541232,ADAPTIVEQF,TRACKING,256,14.986765,19.786788,-0.368027,0.671473,4.983772,0.000000,0.000000,5.000000,0.765888,0,0
1784416279.566237,ADAPTIVEQF,TRACKING,256,14.950006,44.758939,-0.368027,0.671473,4.983772,0.000000,0.000000,5.000000,0.765888,0,0
1784416279.591235,ADAPTIVEQF,TRACKING,256,14.973151,24.935900,-0.353741,0.616688,4.983233,0.000000,0.000000,5.000000,0.711138,0,0
1784416279.616233,ADAPTIVEQF,TRACKING,256,14.963114,24.903170,-0.338987,0.561975,4.982448,0.000000,0.000000,5.000000,0.656534,0,0
1784416279.641275,ADAPTIVEQF,TRACKING,256,15.024694,20.000923,-0.323766,0.507369,4.981486,0.000000,0.000000,5.000000,0.602155,0,0
1784416279.666273,ADAPTIVEQF,TRACKING,256,14.835494,44.812885,-0.323766,0.507369,4.981486,0.000000,0.000000,5.000000,0.602155,0,0
1784416279.691233,ADAPTIVEQF,TRACKING,257,14.997069,25.043028,-0.302872,0.439456,4.979587,0.000000,0.000000,5.000000,0.534107,0,0
1784416279.716232,ADAPTIVEQF,TRACKING,257,14.933784,24.854427,-0.285755,0.385380,4.978177,0.000000,0.000000,5.000000,0.480260,0,0
1784416279.741234,ADAPTIVEQF,TRACKING,258,15.014801,20.001697,-0.268207,0.331614,4.977401,0.000000,0.000000,5.000000,0.427099,0,0
1784416279.766241,ADAPTIVEQF,TRACKING,257,14.989073,44.985307,-0.268207,0.331614,4.977401,0.000000,0.000000,5.000000,0.427099,0,0
1784416279.791239,ADAPTIVEQF,TRACKING,257,14.967982,24.901538,-0.250503,0.278479,4.977051,0.000000,0.000000,5.000000,0.375272,0,0
1784416279.816236,ADAPTIVEQF,TRACKING,257,14.885791,24.843787,-0.233271,0.226422,4.976214,0.000000,0.000000,5.000000,0.325957,0,0
1784416279.841277,ADAPTIVEQF,TRACKING,257,15.041742,19.898856,-0.215592,0.174900,4.975020,0.000000,0.000000,5.000000,0.278736,0,0
1784416279.866240,ADAPTIVEQF,TRACKING,257,14.934876,44.755208,-0.215592,0.174900,4.975020,0.000000,0.000000,5.000000,0.278736,0,0
1784416279.891268,ADAPTIVEQF,TRACKING,257,14.970564,24.987171,-0.192933,0.111361,4.972959,0.000000,0.000000,5.000000,0.224400,0,0
1784416279.916235,ADAPTIVEQF,TRACKING,257,14.935358,24.831020,-0.173640,0.061980,4.969032,0.000000,0.000000,5.000000,0.186953,0,0
1784416279.941269,ADAPTIVEQF,TRACKING,257,14.970575,19.886205,-0.153379,0.014032,4.963402,0.000000,0.000000,5.000000,0.158308,0,0
1784416279.966242,ADAPTIVEQF,TRACKING,257,14.927302,44.816452,-0.153379,0.014032,4.963402,0.000000,0.000000,5.000000,0.158308,0,0
1784416279.991237,ADAPTIVEQF,TRACKING,257,14.984269,24.978761,-0.133041,-0.032801,4.959280,0.000000,0.000000,5.000000,0.142947,0,0
1784416280.016237,ADAPTIVEQF,TRACKING,257,14.998115,24.934980,-0.112692,-0.078383,4.955508,0.000000,0.000000,5.000000,0.144301,0,0
1784416280.041239,ADAPTIVEQF,TRACKING,257,14.963784,19.959044,-0.091310,-0.122250,4.952819,0.000000,0.000000,5.000000,0.159714,0,0
1784416280.066243,ADAPTIVEQF,TRACKING,257,14.887917,44.889675,-0.091310,-0.122250,4.952819,0.000000,0.000000,5.000000,0.159714,0,0
1784416280.091242,ADAPTIVEQF,TRACKING,257,15.072235,25.107106,-0.064495,-0.174891,4.949841,0.000000,0.000000,5.000000,0.193035,0,0
1784416280.116240,ADAPTIVEQF,TRACKING,257,14.866479,24.717667,-0.043428,-0.215009,4.948215,0.000000,0.000000,5.000000,0.225381,0,0
1784416280.141239,ADAPTIVEQF,TRACKING,257,15.011233,19.928342,-0.022772,-0.253190,4.947854,0.000000,0.000000,5.000000,0.259505,0,0
1784416280.166244,ADAPTIVEQF,TRACKING,257,14.932739,44.858156,-0.022772,-0.253190,4.947854,0.000000,0.000000,5.000000,0.259505,0,0
1784416280.191241,ADAPTIVEQF,TRACKING,258,15.047705,25.023501,-0.003056,-0.288537,4.947435,0.000000,0.000000,5.000000,0.293302,0,0
1784416280.216240,ADAPTIVEQF,TRACKING,257,14.898987,24.774113,0.016272,-0.321882,4.947231,0.000000,0.000000,5.000000,0.326585,0,0
1784416280.241240,ADAPTIVEQF,TRACKING,258,14.981431,19.994214,0.035135,-0.353203,4.947258,0.000000,0.000000,5.000000,0.358843,0,0
1784416280.266272,ADAPTIVEQF,TRACKING,258,14.976567,45.036090,0.035135,-0.353203,4.947258,0.000000,0.000000,5.000000,0.358843,0,0
1784416280.291241,ADAPTIVEQF,TRACKING,258,15.033787,24.908912,0.056733,-0.387221,4.947830,0.000000,0.000000,5.000000,0.394817,0,0
1784416280.316241,ADAPTIVEQF,TRACKING,258,15.818169,25.709121,0.072081,-0.409830,4.947929,0.000000,0.000000,5.000000,0.419366,0,0
1784416280.341241,ADAPTIVEQF,TRACKING,253,14.702291,19.576581,0.086887,-0.430434,4.948559,0.000000,0.000000,5.000000,0.442119,0,0
1784416280.366249,ADAPTIVEQF,TRACKING,253,14.748117,44.631878,0.086887,-0.430434,4.948559,0.000000,0.000000,5.000000,0.442119,0,0
1784416280.391243,ADAPTIVEQF,TRACKING,253,14.693079,24.851597,0.101028,-0.448906,4.949916,0.000000,0.000000,5.000000,0.462852,0,0
1784416280.416241,ADAPTIVEQF,TRACKING,257,14.930968,25.136211,0.113994,-0.463744,4.949878,0.000000,0.000000,5.000000,0.480172,0,0
1784416280.441267,ADAPTIVEQF,TRACKING,257,14.996565,19.858143,0.125780,-0.475113,4.948694,0.000000,0.000000,5.000000,0.494151,0,0
1784416280.466293,ADAPTIVEQF,TRACKING,257,15.459809,45.350754,0.125780,-0.475113,4.948694,0.000000,0.000000,5.000000,0.494151,0,0
1784416280.491242,ADAPTIVEQF,TRACKING,254,14.834257,24.208255,0.139472,-0.486547,4.948096,0.000000,0.000000,5.000000,0.508797,0,0
1784416280.516243,ADAPTIVEQF,TRACKING,254,14.697360,24.790686,0.149564,-0.493613,4.947729,0.000000,0.000000,5.000000,0.518416,0,0
1784416280.541243,ADAPTIVEQF,TRACKING,255,14.765854,19.483160,0.159210,-0.497639,4.948095,0.000000,0.000000,5.000000,0.525059,0,0
1784416280.566261,ADAPTIVEQF,TRACKING,258,15.575936,45.329230,0.159210,-0.497639,4.948095,0.000000,0.000000,5.000000,0.525059,0,0
1784416280.591244,ADAPTIVEQF,TRACKING,255,14.819421,24.127544,0.168103,-0.499374,4.949236,0.000000,0.000000,5.000000,0.529348,0,0
1784416280.616244,ADAPTIVEQF,TRACKING,255,14.810648,24.917530,0.176066,-0.499003,4.951984,0.000000,0.000000,5.000000,0.531328,0,0
1784416280.641243,ADAPTIVEQF,TRACKING,254,14.758556,19.796623,0.183081,-0.496602,4.956059,0.000000,0.000000,5.000000,0.531096,0,0
1784416280.666308,ADAPTIVEQF,TRACKING,258,15.539171,45.645889,0.183081,-0.496602,4.956059,0.000000,0.000000,5.000000,0.531096,0,0
1784416280.691285,ADAPTIVEQF,TRACKING,255,14.860809,24.195425,0.185418,-0.484760,4.962124,0.000000,0.000000,5.000000,0.520390,0,0
1784416280.716246,ADAPTIVEQF,TRACKING,254,14.713051,24.720586,0.186732,-0.473879,4.966651,0.000000,0.000000,5.000000,0.510434,0,0
1784416280.741275,ADAPTIVEQF,TRACKING,255,14.840244,19.794052,0.187530,-0.461824,4.971185,0.000000,0.000000,5.000000,0.499279,0,0
1784416280.766293,ADAPTIVEQF,TRACKING,258,15.019938,44.995132,0.187530,-0.461824,4.971185,0.000000,0.000000,5.000000,0.499279,0,0
1784416280.791246,ADAPTIVEQF,TRACKING,258,14.996463,24.847620,0.187608,-0.447321,4.975664,0.000000,0.000000,5.000000,0.485680,0,0
1784416280.816245,ADAPTIVEQF,TRACKING,257,14.919848,24.851768,0.186830,-0.428299,4.978967,0.000000,0.000000,5.000000,0.467748,0,0
1784416280.841253,ADAPTIVEQF,TRACKING,258,15.700249,20.517882,0.185472,-0.408405,4.982828,0.000000,0.000000,5.000000,0.448876,0,0
1784416280.866300,ADAPTIVEQF,TRACKING,254,14.832231,44.696370,0.185472,-0.408405,4.982828,0.000000,0.000000,5.000000,0.448876,0,0
1784416280.891247,ADAPTIVEQF,TRACKING,253,14.776568,24.796800,0.183175,-0.382579,4.986794,0.000000,0.000000,5.000000,0.424375,0,0
1784416280.916252,ADAPTIVEQF,TRACKING,253,14.727666,24.854823,0.180422,-0.359964,4.987539,0.000000,0.000000,5.000000,0.402842,0,0
1784416280.941247,ADAPTIVEQF,TRACKING,257,14.884517,19.576697,0.176862,-0.335697,4.985934,0.000000,0.000000,5.000000,0.379698,0,0
1784416280.966267,ADAPTIVEQF,TRACKING,257,14.958743,44.689433,0.176862,-0.335697,4.985934,0.000000,0.000000,5.000000,0.379698,0,0
1784416280.991262,ADAPTIVEQF,TRACKING,258,14.998851,24.920329,0.172834,-0.310955,4.985266,0.000000,0.000000,5.000000,0.356064,0,0
1784416281.016253,ADAPTIVEQF,TRACKING,258,14.945925,24.833707,0.168325,-0.285854,4.985208,0.000000,0.000000,5.000000,0.332061,0,0
1784416281.041249,ADAPTIVEQF,TRACKING,258,15.066246,20.121261,0.163649,-0.258844,4.983633,0.000000,0.000000,5.000000,0.306674,0,0
1784416281.066301,ADAPTIVEQF,TRACKING,257,15.513295,45.623142,0.163649,-0.258844,4.983633,0.000000,0.000000,5.000000,0.306674,0,0
1784416281.091254,ADAPTIVEQF,TRACKING,254,14.945132,24.288463,0.157418,-0.224421,4.980430,0.000000,0.000000,5.000000,0.274825,0,0
1784416281.116249,ADAPTIVEQF,TRACKING,253,14.990521,24.954954,0.152019,-0.196895,4.977650,0.000000,0.000000,5.000000,0.249754,0,0
1784416281.141250,ADAPTIVEQF,TRACKING,252,15.575211,20.551835,0.146294,-0.169476,4.974831,0.000000,0.000000,5.000000,0.225294,0,0
1784416281.166298,ADAPTIVEQF,TRACKING,250,14.636611,44.663482,0.146294,-0.169476,4.974831,0.000000,0.000000,5.000000,0.225294,0,0
1784416281.191297,ADAPTIVEQF,TRACKING,250,14.712927,24.974503,0.139360,-0.141556,4.975136,0.000000,0.000000,5.000000,0.200194,0,0
1784416281.216299,ADAPTIVEQF,TRACKING,251,14.617785,24.826064,0.132409,-0.114061,4.975318,0.000000,0.000000,5.000000,0.176497,0,0
1784416281.241293,ADAPTIVEQF,TRACKING,256,14.840570,19.912168,0.125438,-0.087097,4.975337,0.000000,0.000000,5.000000,0.154689,0,0
1784416281.266306,ADAPTIVEQF,TRACKING,257,15.102652,45.191327,0.125438,-0.087097,4.975337,0.000000,0.000000,5.000000,0.154689,0,0
1784416281.291290,ADAPTIVEQF,TRACKING,257,15.049390,24.828559,0.117307,-0.055043,4.973510,0.000000,0.000000,5.000000,0.132259,0,0
1784416281.316256,ADAPTIVEQF,TRACKING,256,14.941962,24.780738,0.111451,-0.030960,4.971634,0.000000,0.000000,5.000000,0.119099,0,0
1784416281.341252,ADAPTIVEQF,TRACKING,256,15.066863,20.022950,0.105450,-0.007533,4.970711,0.000000,0.000000,5.000000,0.109701,0,0
1784416281.366299,ADAPTIVEQF,TRACKING,256,16.242517,46.249890,0.105450,-0.007533,4.970711,0.000000,0.000000,5.000000,0.109701,0,0
1784416281.391390,ADAPTIVEQF,TRACKING,249,14.709369,23.437908,0.099356,0.015202,4.970454,0.000000,0.000000,5.000000,0.104765,0,0
1784416281.416293,ADAPTIVEQF,TRACKING,248,14.505302,24.585635,0.093295,0.037798,4.971161,0.000000,0.000000,5.000000,0.104711,0,0
1784416281.441293,ADAPTIVEQF,TRACKING,248,14.520638,19.452911,0.087258,0.060025,4.972885,0.000000,0.000000,5.000000,0.109326,0,0
1784416281.466257,ADAPTIVEQF,TRACKING,255,15.005484,44.904361,0.087258,0.060025,4.972885,0.000000,0.000000,5.000000,0.109326,0,0
1784416281.491383,ADAPTIVEQF,TRACKING,255,14.922559,24.947288,0.079559,0.086572,4.974216,0.000000,0.000000,5.000000,0.120371,0,0
1784416281.516259,ADAPTIVEQF,TRACKING,255,15.472712,25.349597,0.073265,0.106750,4.974845,0.000000,0.000000,5.000000,0.131894,0,0
1784416281.541255,ADAPTIVEQF,TRACKING,252,14.725462,19.615438,0.068397,0.124438,4.975796,0.000000,0.000000,5.000000,0.144045,0,0
1784416281.566257,ADAPTIVEQF,TRACKING,253,14.903129,44.798488,0.068397,0.124438,4.975796,0.000000,0.000000,5.000000,0.144045,0,0
1784416281.591333,ADAPTIVEQF,TRACKING,252,14.689588,24.771044,0.063883,0.140712,4.976742,0.000000,0.000000,5.000000,0.156275,0,0
1784416281.616259,ADAPTIVEQF,TRACKING,256,14.888226,25.050693,0.059164,0.156010,4.978057,0.000000,0.000000,5.000000,0.168288,0,0
1784416281.641349,ADAPTIVEQF,TRACKING,256,14.915813,19.944957,0.054190,0.170337,4.979569,0.000000,0.000000,5.000000,0.179913,0,0
1784416281.666307,ADAPTIVEQF,TRACKING,257,15.006299,44.996577,0.054190,0.170337,4.979569,0.000000,0.000000,5.000000,0.179913,0,0
1784416281.691373,ADAPTIVEQF,TRACKING,257,14.967163,24.937334,0.047243,0.184749,4.984263,0.000000,0.000000,5.000000,0.191342,0,0
1784416281.716258,ADAPTIVEQF,TRACKING,257,14.965830,24.808885,0.041522,0.195278,4.987078,0.000000,0.000000,5.000000,0.200061,0,0
1784416281.741293,ADAPTIVEQF,TRACKING,257,14.935903,19.911312,0.035739,0.204889,4.989214,0.000000,0.000000,5.000000,0.208262,0,0
1784416281.766376,ADAPTIVEQF,TRACKING,257,15.036389,45.095065,0.035739,0.204889,4.989214,0.000000,0.000000,5.000000,0.208262,0,0
1784416281.791363,ADAPTIVEQF,TRACKING,257,14.976315,24.846581,0.029802,0.213842,4.991366,0.000000,0.000000,5.000000,0.216081,0,0
1784416281.816256,ADAPTIVEQF,TRACKING,257,15.852255,25.696654,0.023457,0.222770,4.993879,0.000000,0.000000,5.000000,0.224086,0,0
1784416281.841258,ADAPTIVEQF,TRACKING,252,14.699914,19.734953,0.017304,0.230326,4.996816,0.000000,0.000000,5.000000,0.230997,0,0
1784416281.866267,ADAPTIVEQF,TRACKING,252,14.694947,44.742995,0.017304,0.230326,4.996816,0.000000,0.000000,5.000000,0.230997,0,0
1784416281.891301,ADAPTIVEQF,TRACKING,252,14.632299,24.868282,0.009903,0.237988,5.000670,0.000000,0.000000,5.000000,0.238195,0,0
1784416281.916256,ADAPTIVEQF,TRACKING,257,15.379796,25.592030,0.004695,0.241426,5.004413,0.000000,0.000000,5.000000,0.241511,0,0
1784416281.941291,ADAPTIVEQF,TRACKING,255,14.814857,19.808688,0.000154,0.242537,5.008414,0.000000,0.000000,5.000000,0.242683,0,0
1784416281.966263,ADAPTIVEQF,TRACKING,255,14.832370,44.799310,0.000154,0.242537,5.008414,0.000000,0.000000,5.000000,0.242683,0,0
1784416281.991259,ADAPTIVEQF,TRACKING,255,14.775171,24.861222,-0.004277,0.242720,5.011782,0.000000,0.000000,5.000000,0.243044,0,0
1784416282.016258,ADAPTIVEQF,TRACKING,258,15.002523,25.151929,-0.008632,0.242018,5.014558,0.000000,0.000000,5.000000,0.242609,0,0
1784416282.041301,ADAPTIVEQF,TRACKING,258,14.970153,19.881845,-0.011350,0.239562,5.016322,0.000000,0.000000,5.000000,0.240386,0,0
1784416282.068908,ADAPTIVEQF,TRACKING,258,17.173211,49.701228,-0.011350,0.239562,5.016322,0.000000,0.000000,5.000000,0.240386,0,0
1784416282.091276,ADAPTIVEQF,TRACKING,246,14.672682,19.735663,-0.014187,0.235080,5.016919,0.000000,0.000000,5.000000,0.236115,0,0
1784416282.116271,ADAPTIVEQF,TRACKING,244,14.131702,24.344747,-0.016544,0.230527,5.016770,0.000000,0.000000,5.000000,0.231727,0,0
1784416282.141266,ADAPTIVEQF,TRACKING,244,14.370012,19.297842,-0.018884,0.225228,5.016332,0.000000,0.000000,5.000000,0.226608,0,0
1784416282.166295,ADAPTIVEQF,TRACKING,255,15.900709,45.860808,-0.018884,0.225228,5.016332,0.000000,0.000000,5.000000,0.226608,0,0
1784416282.191297,ADAPTIVEQF,TRACKING,251,14.599751,23.607952,-0.019048,0.216356,5.018390,0.000000,0.000000,5.000000,0.217970,0,0
1784416282.216262,ADAPTIVEQF,TRACKING,250,15.104679,25.400126,-0.019294,0.206942,5.020681,0.000000,0.000000,5.000000,0.208866,0,0
1784416282.241291,ADAPTIVEQF,TRACKING,248,14.392848,19.457171,-0.019558,0.197020,5.023157,0.000000,0.000000,5.000000,0.199338,0,0
1784416282.266269,ADAPTIVEQF,TRACKING,254,14.892181,44.937442,-0.019558,0.197020,5.023157,0.000000,0.000000,5.000000,0.199338,0,0
1784416282.291261,ADAPTIVEQF,TRACKING,254,15.158259,25.163680,-0.020752,0.183231,5.025254,0.000000,0.000000,5.000000,0.186124,0,0
1784416282.316263,ADAPTIVEQF,TRACKING,255,14.883628,24.638004,-0.022639,0.170960,5.025814,0.000000,0.000000,5.000000,0.174374,0,0
1784416282.341301,ADAPTIVEQF,TRACKING,254,14.702025,19.687018,-0.024350,0.158402,5.026428,0.000000,0.000000,5.000000,0.162427,0,0
1784416282.366313,ADAPTIVEQF,TRACKING,255,14.774859,44.774734,-0.024350,0.158402,5.026428,0.000000,0.000000,5.000000,0.162427,0,0
1784416282.391263,ADAPTIVEQF,TRACKING,258,15.073039,25.160684,-0.025868,0.145505,5.027089,0.000000,0.000000,5.000000,0.150248,0,0
1784416282.416264,ADAPTIVEQF,TRACKING,258,15.010862,24.810041,-0.026812,0.131717,5.027015,0.000000,0.000000,5.000000,0.137106,0,0
1784416282.441299,ADAPTIVEQF,TRACKING,257,14.894402,19.821110,-0.027333,0.117232,5.025990,0.000000,0.000000,5.000000,0.123150,0,0
1784416282.466305,ADAPTIVEQF,TRACKING,257,15.143180,45.078739,-0.027333,0.117232,5.025990,0.000000,0.000000,5.000000,0.123150,0,0
1784416282.491263,ADAPTIVEQF,TRACKING,257,14.994878,24.701277,-0.028067,0.099147,5.023250,0.000000,0.000000,5.000000,0.105634,0,0
1784416282.516266,ADAPTIVEQF,TRACKING,256,14.962011,24.881478,-0.028675,0.084775,5.019806,0.000000,0.000000,5.000000,0.091659,0,0
1784416282.541264,ADAPTIVEQF,TRACKING,256,14.830945,19.798913,-0.026646,0.070198,5.017047,0.000000,0.000000,5.000000,0.076996,0,0
1784416282.566309,ADAPTIVEQF,TRACKING,257,15.544810,45.560743,-0.026646,0.070198,5.017047,0.000000,0.000000,5.000000,0.076996,0,0
1784416282.591320,ADAPTIVEQF,TRACKING,254,14.775664,24.154992,-0.023976,0.055593,5.015228,0.000000,0.000000,5.000000,0.062429,0,0
1784416282.616272,ADAPTIVEQF,TRACKING,254,14.695550,24.777369,-0.021550,0.041104,5.013831,0.000000,0.000000,5.000000,0.048428,0,0
1784416282.641312,ADAPTIVEQF,TRACKING,254,14.799564,19.747903,-0.019349,0.026874,5.011663,0.000000,0.000000,5.000000,0.035108,0,0
1784416282.666320,ADAPTIVEQF,TRACKING,258,15.561135,45.521106,-0.019349,0.026874,5.011663,0.000000,0.000000,5.000000,0.035108,0,0
1784416282.691265,ADAPTIVEQF,TRACKING,255,14.785814,24.075168,-0.018068,0.007133,5.005284,0.000000,0.000000,5.000000,0.020131,0,0
1784416282.716264,ADAPTIVEQF,TRACKING,254,14.807486,24.953875,-0.017072,-0.008101,5.000690,0.000000,0.000000,5.000000,0.018909,0,0
1784416282.741311,ADAPTIVEQF,TRACKING,254,15.144798,20.166212,-0.016094,-0.022742,4.997073,0.000000,0.000000,5.000000,0.028014,0,0
1784416282.766313,ADAPTIVEQF,TRACKING,255,14.913588,44.940818,-0.016094,-0.022742,4.997073,0.000000,0.000000,5.000000,0.028014,0,0
1784416282.791306,ADAPTIVEQF,TRACKING,255,14.800270,24.772624,-0.014918,-0.037376,4.993857,0.000000,0.000000,5.000000,0.040709,0,0
1784416282.816268,ADAPTIVEQF,TRACKING,255,15.226501,25.297576,-0.013286,-0.052990,4.990691,0.000000,0.000000,5.000000,0.055417,0,0
1784416282.841311,ADAPTIVEQF,TRACKING,255,14.885058,19.817643,-0.011678,-0.067741,4.987900,0.000000,0.000000,5.000000,0.069797,0,0
1784416282.866309,ADAPTIVEQF,TRACKING,255,14.932601,44.866312,-0.011678,-0.067741,4.987900,0.000000,0.000000,5.000000,0.069797,0,0
1784416282.891300,ADAPTIVEQF,TRACKING,254,14.851507,24.812442,-0.009601,-0.084869,4.985888,0.000000,0.000000,5.000000,0.086568,0,0
1784416282.916267,ADAPTIVEQF,TRACKING,256,14.944625,24.963025,-0.007040,-0.097806,4.982580,0.000000,0.000000,5.000000,0.099594,0,0
1784416282.941298,ADAPTIVEQF,TRACKING,256,15.182232,19.892207,-0.003708,-0.110125,4.977879,0.000000,0.000000,5.000000,0.112386,0,0
1784416282.966319,ADAPTIVEQF,TRACKING,255,14.823253,44.556384,-0.003708,-0.110125,4.977879,0.000000,0.000000,5.000000,0.112386,0,0
1784416282.991272,ADAPTIVEQF,TRACKING,255,14.798912,24.853830,-0.000403,-0.121572,4.973023,0.000000,0.000000,5.000000,0.124530,0,0
1784416283.016271,ADAPTIVEQF,TRACKING,256,14.803513,24.918387,0.002915,-0.132124,4.968243,0.000000,0.000000,5.000000,0.135918,0,0
1784416283.041305,ADAPTIVEQF,TRACKING,258,14.995684,20.031123,0.005929,-0.140812,4.963874,0.000000,0.000000,5.000000,0.145493,0,0
1784416283.066327,ADAPTIVEQF,TRACKING,258,15.139050,45.199269,0.005929,-0.140812,4.963874,0.000000,0.000000,5.000000,0.145493,0,0
1784416283.091309,ADAPTIVEQF,TRACKING,257,15.232753,24.989699,0.009648,-0.149869,4.961064,0.000000,0.000000,5.000000,0.155145,0,0
1784416283.116273,ADAPTIVEQF,TRACKING,255,14.925543,24.559351,0.012733,-0.156023,4.960286,0.000000,0.000000,5.000000,0.161501,0,0
1784416283.141306,ADAPTIVEQF,TRACKING,254,15.617505,20.560781,0.015893,-0.161359,4.959666,0.000000,0.000000,5.000000,0.167082,0,0
1784416283.166331,ADAPTIVEQF,TRACKING,250,14.416507,44.385806,0.015893,-0.161359,4.959666,0.000000,0.000000,5.000000,0.167082,0,0
1784416283.191272,ADAPTIVEQF,TRACKING,253,15.404023,25.843415,0.020565,-0.166522,4.959498,0.000000,0.000000,5.000000,0.172607,0,0
1784416283.216271,ADAPTIVEQF,TRACKING,249,14.366370,23.848662,0.025199,-0.170838,4.959257,0.000000,0.000000,5.000000,0.177428,0,0
1784416283.241309,ADAPTIVEQF,TRACKING,255,14.844289,19.886413,0.029708,-0.174284,4.960298,0.000000,0.000000,5.000000,0.181201,0,0
1784416283.266329,ADAPTIVEQF,TRACKING,254,14.900765,44.965120,0.029708,-0.174284,4.960298,0.000000,0.000000,5.000000,0.181201,0,0
1784416283.291308,ADAPTIVEQF,TRACKING,257,14.996527,24.989138,0.035915,-0.176614,4.962884,0.000000,0.000000,5.000000,0.184011,0,0
1784416283.316303,ADAPTIVEQF,TRACKING,256,14.961891,24.886110,0.041591,-0.176611,4.966502,0.000000,0.000000,5.000000,0.184508,0,0
1784416283.341274,ADAPTIVEQF,TRACKING,256,14.841057,19.798409,0.046938,-0.175911,4.970372,0.000000,0.000000,5.000000,0.184461,0,0
1784416283.366308,ADAPTIVEQF,TRACKING,257,15.319144,45.311533,0.046938,-0.175911,4.970372,0.000000,0.000000,5.000000,0.184461,0,0
1784416283.391306,ADAPTIVEQF,TRACKING,255,14.858215,24.448698,0.051920,-0.174518,4.973632,0.000000,0.000000,5.000000,0.183977,0,0
1784416283.416303,ADAPTIVEQF,TRACKING,255,14.813012,24.841014,0.056789,-0.171505,4.977495,0.000000,0.000000,5.000000,0.182059,0,0
1784416283.441311,ADAPTIVEQF,TRACKING,255,14.978225,19.825990,0.062615,-0.165819,4.982843,0.000000,0.000000,5.000000,0.178076,0,0
1784416283.466330,ADAPTIVEQF,TRACKING,257,15.086218,44.957154,0.062615,-0.165819,4.982843,0.000000,0.000000,5.000000,0.178076,0,0
1784416283.491319,ADAPTIVEQF,TRACKING,256,14.918103,24.731228,0.066833,-0.160694,4.986718,0.000000,0.000000,5.000000,0.174544,0,0
1784416283.516269,ADAPTIVEQF,TRACKING,256,15.203872,25.145855,0.070624,-0.155141,4.992171,0.000000,0.000000,5.000000,0.170640,0,0
1784416283.541305,ADAPTIVEQF,TRACKING,255,14.923878,19.773823,0.074684,-0.147511,4.998137,0.000000,0.000000,5.000000,0.165351,0,0
1784416283.566328,ADAPTIVEQF,TRACKING,255,14.824404,44.698839,0.074684,-0.147511,4.998137,0.000000,0.000000,5.000000,0.165351,0,0
1784416283.591305,ADAPTIVEQF,TRACKING,255,14.877663,24.943136,0.078503,-0.139051,5.003843,0.000000,0.000000,5.000000,0.159727,0,0
1784416283.616286,ADAPTIVEQF,TRACKING,257,15.012624,25.011746,0.081846,-0.130335,5.009090,0.000000,0.000000,5.000000,0.154171,0,0
1784416283.641315,ADAPTIVEQF,TRACKING,257,14.932376,19.786407,0.084671,-0.121485,5.013435,0.000000,0.000000,5.000000,0.148689,0,0
1784416283.666296,ADAPTIVEQF,TRACKING,257,17.645798,47.486423,0.084671,-0.121485,5.013435,0.000000,0.000000,5.000000,0.148689,0,0
1784416283.691326,ADAPTIVEQF,TRACKING,243,14.110661,21.356584,0.089041,-0.109251,5.018856,0.000000,0.000000,5.000000,0.142196,0,0
1784416283.716281,ADAPTIVEQF,TRACKING,243,14.088461,24.830374,0.091861,-0.099488,5.023098,0.000000,0.000000,5.000000,0.137367,0,0
1784416283.741391,ADAPTIVEQF,TRACKING,243,14.316654,19.377674,0.094125,-0.089778,5.027668,0.000000,0.000000,5.000000,0.132986,0,0
1784416283.766411,ADAPTIVEQF,TRACKING,257,15.017643,45.099805,0.094125,-0.089778,5.027668,0.000000,0.000000,5.000000,0.132986,0,0
1784416283.791410,ADAPTIVEQF,TRACKING,256,14.935871,24.838095,0.095189,-0.080153,5.032116,0.000000,0.000000,5.000000,0.128518,0,0
1784416283.816294,ADAPTIVEQF,TRACKING,256,14.945301,24.787384,0.093721,-0.070641,5.035647,0.000000,0.000000,5.000000,0.122656,0,0
1784416283.841324,ADAPTIVEQF,TRACKING,256,14.930730,19.890963,0.092125,-0.061111,5.037600,0.000000,0.000000,5.000000,0.116770,0,0
1784416283.866322,ADAPTIVEQF,TRACKING,257,15.011044,44.969785,0.092125,-0.061111,5.037600,0.000000,0.000000,5.000000,0.116770,0,0
1784416283.891294,ADAPTIVEQF,TRACKING,256,17.363783,27.215861,0.089979,-0.049145,5.038765,0.000000,0.000000,5.000000,0.109609,0,0
1784416283.916291,ADAPTIVEQF,TRACKING,243,14.314515,21.806193,0.087542,-0.038518,5.039474,0.000000,0.000000,5.000000,0.103467,0,0
1784416283.941278,ADAPTIVEQF,TRACKING,243,15.302671,20.290447,0.084481,-0.027025,5.038935,0.000000,0.000000,5.000000,0.096868,0,0
1784416283.966329,ADAPTIVEQF,TRACKING,237,14.418932,44.457094,0.084481,-0.027025,5.038935,0.000000,0.000000,5.000000,0.096868,0,0
1784416283.991315,ADAPTIVEQF,TRACKING,246,14.873728,25.355837,0.081401,-0.015851,5.036691,0.000000,0.000000,5.000000,0.090684,0,0
1784416284.016280,ADAPTIVEQF,TRACKING,244,14.202643,24.200671,0.078256,-0.005052,5.033638,0.000000,0.000000,5.000000,0.085329,0,0
1784416284.041329,ADAPTIVEQF,TRACKING,250,14.474893,19.563314,0.074936,0.005883,5.033191,0.000000,0.000000,5.000000,0.082168,0,0
1784416284.066331,ADAPTIVEQF,TRACKING,254,15.293522,45.384678,0.074936,0.005883,5.033191,0.000000,0.000000,5.000000,0.082168,0,0
1784416284.091282,ADAPTIVEQF,TRACKING,255,15.381388,24.941162,0.070452,0.019105,5.033174,0.000000,0.000000,5.000000,0.080181,0,0
1784416284.116280,ADAPTIVEQF,TRACKING,252,14.692599,24.218070,0.066650,0.029228,5.033511,0.000000,0.000000,5.000000,0.080122,0,0
1784416284.141316,ADAPTIVEQF,TRACKING,251,14.679557,19.476949,0.062751,0.038921,5.034123,0.000000,0.000000,5.000000,0.081344,0,0
1784416284.166328,ADAPTIVEQF,TRACKING,254,15.342419,45.155098,0.062751,0.038921,5.034123,0.000000,0.000000,5.000000,0.081344,0,0
1784416284.191320,ADAPTIVEQF,TRACKING,253,15.061107,24.605008,0.056960,0.047384,5.035281,0.000000,0.000000,5.000000,0.082064,0,0
1784416284.216284,ADAPTIVEQF,TRACKING,252,14.769949,24.583958,0.051296,0.055394,5.036974,0.000000,0.000000,5.000000,0.084064,0,0
1784416284.241316,ADAPTIVEQF,TRACKING,252,14.655496,19.666497,0.045688,0.062907,5.039776,0.000000,0.000000,5.000000,0.087332,0,0
1784416284.266337,ADAPTIVEQF,TRACKING,255,14.803964,44.838272,0.045688,0.062907,5.039776,0.000000,0.000000,5.000000,0.087332,0,0
1784416284.291325,ADAPTIVEQF,TRACKING,257,15.012273,25.100630,0.038327,0.071324,5.043300,0.000000,0.000000,5.000000,0.091820,0,0
1784416284.316294,ADAPTIVEQF,TRACKING,257,15.061100,24.941120,0.032012,0.077185,5.045814,0.000000,0.000000,5.000000,0.095295,0,0
1784416284.341320,ADAPTIVEQF,TRACKING,257,14.949486,20.037151,0.025901,0.082472,5.048130,0.000000,0.000000,5.000000,0.098939,0,0
1784416284.366323,ADAPTIVEQF,TRACKING,256,14.898518,44.992170,0.025901,0.082472,5.048130,0.000000,0.000000,5.000000,0.098939,0,0
1784416284.391298,ADAPTIVEQF,TRACKING,257,15.692209,25.673517,0.019983,0.087277,5.049672,0.000000,0.000000,5.000000,0.102390,0,0
1784416284.416392,ADAPTIVEQF,TRACKING,253,14.707067,23.974887,0.015439,0.091597,5.050467,0.000000,0.000000,5.000000,0.105713,0,0
1784416284.441314,ADAPTIVEQF,TRACKING,253,14.656990,19.648289,0.012104,0.095395,5.050771,0.000000,0.000000,5.000000,0.108740,0,0
1784416284.466405,ADAPTIVEQF,TRACKING,254,14.761140,44.844568,0.012104,0.095395,5.050771,0.000000,0.000000,5.000000,0.108740,0,0
1784416284.491335,ADAPTIVEQF,TRACKING,258,15.103758,25.179318,0.007999,0.099498,5.050618,0.000000,0.000000,5.000000,0.111920,0,0
1784416284.516326,ADAPTIVEQF,TRACKING,257,17.213275,27.019835,0.004764,0.102235,5.049608,0.000000,0.000000,5.000000,0.113735,0,0
1784416284.541332,ADAPTIVEQF,TRACKING,245,16.273683,21.099466,0.001566,0.102844,5.047626,0.000000,0.000000,5.000000,0.113347,0,0
1784416284.566292,ADAPTIVEQF,TRACKING,234,14.446872,44.261166,0.001566,0.102844,5.047626,0.000000,0.000000,5.000000,0.113347,0,0
1784416284.591325,ADAPTIVEQF,TRACKING,230,13.432921,23.868375,-0.001499,0.102629,5.044511,0.000000,0.000000,5.000000,0.111876,0,0
1784416284.616293,ADAPTIVEQF,TRACKING,241,14.561715,25.982450,-0.004361,0.102160,5.041180,0.000000,0.000000,5.000000,0.110234,0,0
1784416284.641328,ADAPTIVEQF,TRACKING,249,15.246111,20.264770,-0.007007,0.101434,5.038598,0.000000,0.000000,5.000000,0.108755,0,0
1784416284.666344,ADAPTIVEQF,TRACKING,249,14.459487,44.495439,-0.007007,0.101434,5.038598,0.000000,0.000000,5.000000,0.108755,0,0
1784416284.691356,ADAPTIVEQF,TRACKING,250,14.633353,25.075860,-0.011530,0.097703,5.034916,0.000000,0.000000,5.000000,0.104393,0,0
1784416284.716292,ADAPTIVEQF,TRACKING,253,14.763158,24.978294,-0.014908,0.094727,5.031016,0.000000,0.000000,5.000000,0.100784,0,0
1784416284.741285,ADAPTIVEQF,TRACKING,257,15.165136,20.101219,-0.018076,0.091731,5.026313,0.000000,0.000000,5.000000,0.097127,0,0
1784416284.766350,ADAPTIVEQF,TRACKING,255,14.781893,44.782145,-0.018076,0.091731,5.026313,0.000000,0.000000,5.000000,0.097127,0,0
1784416284.791341,ADAPTIVEQF,TRACKING,256,14.890234,25.002526,-0.020292,0.089008,5.020739,0.000000,0.000000,5.000000,0.093618,0,0
1784416284.816292,ADAPTIVEQF,TRACKING,256,14.918218,24.902706,-0.020259,0.086992,5.014492,0.000000,0.000000,5.000000,0.090488,0,0
1784416284.841328,ADAPTIVEQF,TRACKING,258,15.238927,20.257478,-0.020316,0.084666,5.008748,0.000000,0.000000,5.000000,0.087508,0,0
1784416284.866334,ADAPTIVEQF,TRACKING,256,15.044833,45.073229,-0.020316,0.084666,5.008748,0.000000,0.000000,5.000000,0.087508,0,0
1784416284.891293,ADAPTIVEQF,TRACKING,255,14.814661,24.599185,-0.020558,0.081260,5.003088,0.000000,0.000000,5.000000,0.083877,0,0
1784416284.916299,ADAPTIVEQF,TRACKING,255,15.801281,25.876854,-0.020837,0.076292,4.998710,0.000000,0.000000,5.000000,0.079097,0,0
1784416284.941333,ADAPTIVEQF,TRACKING,251,14.642546,19.592387,-0.021139,0.069412,4.994523,0.000000,0.000000,5.000000,0.072766,0,0
1784416284.966341,ADAPTIVEQF,TRACKING,252,14.940091,44.906488,-0.021139,0.069412,4.994523,0.000000,0.000000,5.000000,0.072766,0,0
1784416284.991400,ADAPTIVEQF,TRACKING,250,14.862147,24.851713,-0.021535,0.062529,4.990548,0.000000,0.000000,5.000000,0.066805,0,0
1784416285.016333,ADAPTIVEQF,TRACKING,254,14.784189,24.748914,-0.021955,0.055629,4.986678,0.000000,0.000000,5.000000,0.061271,0,0
1784416285.041311,ADAPTIVEQF,TRACKING,254,14.930240,19.813892,-0.023542,0.045288,4.983271,0.000000,0.000000,5.000000,0.053713,0,0
1784416285.066351,ADAPTIVEQF,TRACKING,255,14.934680,44.858769,-0.023542,0.045288,4.983271,0.000000,0.000000,5.000000,0.053713,0,0
1784416285.091339,ADAPTIVEQF,TRACKING,256,14.922601,24.873857,-0.025783,0.031509,4.979706,0.000000,0.000000,5.000000,0.045491,0,0
1784416285.116333,ADAPTIVEQF,TRACKING,256,14.903207,24.883613,-0.027334,0.020984,4.977594,0.000000,0.000000,5.000000,0.041103,0,0
1784416285.141331,ADAPTIVEQF,TRACKING,257,14.922372,19.832061,-0.028725,0.010858,4.976022,0.000000,0.000000,5.000000,0.038961,0,0
1784416285.166305,ADAPTIVEQF,TRACKING,257,14.965160,44.851202,-0.028725,0.010858,4.976022,0.000000,0.000000,5.000000,0.038961,0,0
1784416285.191411,ADAPTIVEQF,TRACKING,257,15.020502,25.054059,-0.030190,0.000943,4.972079,0.000000,0.000000,5.000000,0.041133,0,0
1784416285.216300,ADAPTIVEQF,TRACKING,257,14.901318,24.658347,-0.031572,-0.008552,4.968736,0.000000,0.000000,5.000000,0.045248,0,0
1784416285.241330,ADAPTIVEQF,TRACKING,257,15.312809,20.302538,-0.032926,-0.017685,4.966599,0.000000,0.000000,5.000000,0.050125,0,0
1784416285.266353,ADAPTIVEQF,TRACKING,255,14.876793,44.891539,-0.032926,-0.017685,4.966599,0.000000,0.000000,5.000000,0.050125,0,0
1784416285.291335,ADAPTIVEQF,TRACKING,255,14.965988,24.958786,-0.033827,-0.029116,4.965883,0.000000,0.000000,5.000000,0.056178,0,0
1784416285.316299,ADAPTIVEQF,TRACKING,254,15.688443,25.594581,-0.033717,-0.038365,4.966713,0.000000,0.000000,5.000000,0.060965,0,0
1784416285.341300,ADAPTIVEQF,TRACKING,251,14.600462,19.379674,-0.033649,-0.047100,4.967758,0.000000,0.000000,5.000000,0.066258,0,0
1784416285.366404,ADAPTIVEQF,TRACKING,251,14.663432,44.546634,-0.033649,-0.047100,4.967758,0.000000,0.000000,5.000000,0.066258,0,0
1784416285.391299,ADAPTIVEQF,TRACKING,252,14.928974,25.075158,-0.033590,-0.055225,4.969166,0.000000,0.000000,5.000000,0.071616,0,0
1784416285.416344,ADAPTIVEQF,TRACKING,255,14.902276,24.910083,-0.032874,-0.062644,4.973073,0.000000,0.000000,5.000000,0.075698,0,0
1784416285.441330,ADAPTIVEQF,TRACKING,255,15.108409,19.834940,-0.031621,-0.069326,4.979911,0.000000,0.000000,5.000000,0.078800,0,0
1784416285.466349,ADAPTIVEQF,TRACKING,254,14.664821,44.408637,-0.031621,-0.069326,4.979911,0.000000,0.000000,5.000000,0.078800,0,0
1784416285.491332,ADAPTIVEQF,TRACKING,256,14.897895,25.121606,-0.030184,-0.076620,4.988730,0.000000,0.000000,5.000000,0.083119,0,0
1784416285.516298,ADAPTIVEQF,TRACKING,256,14.916594,24.895904,-0.029091,-0.081617,4.995473,0.000000,0.000000,5.000000,0.086765,0,0
1784416285.541336,ADAPTIVEQF,TRACKING,258,15.088711,20.129612,-0.027381,-0.086804,5.004393,0.000000,0.000000,5.000000,0.091127,0,0
1784416285.566343,ADAPTIVEQF,TRACKING,257,15.749284,45.801640,-0.027381,-0.086804,5.004393,0.000000,0.000000,5.000000,0.091127,0,0
1784416285.591362,ADAPTIVEQF,TRACKING,252,22.306512,31.381784,-0.025515,-0.091604,5.013209,0.000000,0.000000,5.000000,0.096004,0,0
1784416285.616321,ADAPTIVEQF,TRACKING,216,13.423159,15.942466,-0.023612,-0.095832,5.021067,0.000000,0.000000,5.000000,0.100922,0,0
1784416285.641353,ADAPTIVEQF,TRACKING,212,12.550068,17.536874,-0.021680,-0.099492,5.028234,0.000000,0.000000,5.000000,0.105669,0,0
1784416285.666348,ADAPTIVEQF,TRACKING,214,13.225641,43.210106,-0.021680,-0.099492,5.028234,0.000000,0.000000,5.000000,0.105669,0,0
1784416285.691337,ADAPTIVEQF,TRACKING,245,15.084537,26.742245,-0.016252,-0.100490,5.035938,0.000000,0.000000,5.000000,0.107953,0,0
1784416285.716299,ADAPTIVEQF,TRACKING,246,14.719753,24.508462,-0.012112,-0.100884,5.040645,0.000000,0.000000,5.000000,0.109436,0,0
1784416285.741334,ADAPTIVEQF,TRACKING,245,14.444833,19.560766,-0.008183,-0.100958,5.044671,0.000000,0.000000,5.000000,0.110702,0,0
1784416285.766352,ADAPTIVEQF,TRACKING,249,14.663300,44.800125,-0.008183,-0.100958,5.044671,0.000000,0.000000,5.000000,0.110702,0,0
1784416285.791349,ADAPTIVEQF,TRACKING,253,14.754511,24.983506,-0.004229,-0.100633,5.047825,0.000000,0.000000,5.000000,0.111499,0,0
1784416285.816299,ADAPTIVEQF,TRACKING,255,15.019419,25.132397,0.000161,-0.099781,5.051238,0.000000,0.000000,5.000000,0.112167,0,0
1784416285.841348,ADAPTIVEQF,TRACKING,255,14.814402,19.859469,0.004291,-0.098597,5.054114,0.000000,0.000000,5.000000,0.112552,0,0
1784416285.866350,ADAPTIVEQF,TRACKING,256,15.118250,45.166287,0.004291,-0.098597,5.054114,0.000000,0.000000,5.000000,0.112552,0,0
1784416285.891304,ADAPTIVEQF,TRACKING,255,14.917411,24.653014,0.009114,-0.096783,5.055326,0.000000,0.000000,5.000000,0.111852,0,0
1784416285.916302,ADAPTIVEQF,TRACKING,256,14.870138,24.837144,0.012595,-0.094592,5.055325,0.000000,0.000000,5.000000,0.110304,0,0
1784416285.941294,ADAPTIVEQF,TRACKING,256,14.925003,19.612907,0.015735,-0.091749,5.054385,0.000000,0.000000,5.000000,0.107811,0,0
1784416285.966357,ADAPTIVEQF,TRACKING,257,14.995643,44.749729,0.015735,-0.091749,5.054385,0.000000,0.000000,5.000000,0.107811,0,0
1784416285.991306,ADAPTIVEQF,TRACKING,257,15.010118,24.872807,0.018614,-0.088760,5.052771,0.000000,0.000000,5.000000,0.104926,0,0
1784416286.016302,ADAPTIVEQF,TRACKING,257,15.031247,24.938302,0.021241,-0.085573,5.052023,0.000000,0.000000,5.000000,0.102374,0,0
1784416286.041297,ADAPTIVEQF,TRACKING,256,15.017547,20.029740,0.023985,-0.081830,5.052804,0.000000,0.000000,5.000000,0.100298,0,0
1784416286.066352,ADAPTIVEQF,TRACKING,256,14.984065,45.051933,0.023985,-0.081830,5.052804,0.000000,0.000000,5.000000,0.100298,0,0
1784416286.091309,ADAPTIVEQF,TRACKING,256,14.860158,24.749435,0.027226,-0.076933,5.052146,0.000000,0.000000,5.000000,0.096846,0,0
1784416286.116312,ADAPTIVEQF,TRACKING,256,14.919893,24.983096,0.029559,-0.072960,5.050372,0.000000,0.000000,5.000000,0.093457,0,0
1784416286.141334,ADAPTIVEQF,TRACKING,257,14.930109,19.827483,0.031716,-0.068992,5.048198,0.000000,0.000000,5.000000,0.089938,0,0
1784416286.166365,ADAPTIVEQF,TRACKING,257,14.954513,44.884960,0.031716,-0.068992,5.048198,0.000000,0.000000,5.000000,0.089938,0,0
1784416286.191359,ADAPTIVEQF,TRACKING,257,14.994220,24.946763,0.033073,-0.066417,5.044934,0.000000,0.000000,5.000000,0.086741,0,0
1784416286.216303,ADAPTIVEQF,TRACKING,257,14.978106,24.846628,0.034261,-0.063696,5.042799,0.000000,0.000000,5.000000,0.084040,0,0
1784416286.241347,ADAPTIVEQF,TRACKING,257,16.053366,21.026339,0.035259,-0.060834,5.041007,0.000000,0.000000,5.000000,0.081397,0,0
1784416286.266351,ADAPTIVEQF,TRACKING,251,14.990239,44.966825,0.035259,-0.060834,5.041007,0.000000,0.000000,5.000000,0.081397,0,0
1784416286.291356,ADAPTIVEQF,TRACKING,249,14.985183,24.910359,0.035365,-0.056722,5.039190,0.000000,0.000000,5.000000,0.077485,0,0
1784416286.316304,ADAPTIVEQF,TRACKING,246,14.712712,24.595344,0.034295,-0.052876,5.037176,0.000000,0.000000,5.000000,0.073172,0,0
1784416286.341317,ADAPTIVEQF,TRACKING,250,15.297464,20.178152,0.033172,-0.048917,5.034722,0.000000,0.000000,5.000000,0.068548,0,0
1784416286.366438,ADAPTIVEQF,TRACKING,248,14.825723,44.827403,0.033172,-0.048917,5.034722,0.000000,0.000000,5.000000,0.068548,0,0
1784416286.391347,ADAPTIVEQF,TRACKING,248,14.921885,24.909432,0.032011,-0.044859,5.032178,0.000000,0.000000,5.000000,0.063816,0,0
1784416286.416312,ADAPTIVEQF,TRACKING,248,14.878462,24.818460,0.030393,-0.040344,5.031487,0.000000,0.000000,5.000000,0.059521,0,0
1784416286.441306,ADAPTIVEQF,TRACKING,250,14.828182,19.777828,0.028339,-0.035350,5.032116,0.000000,0.000000,5.000000,0.055536,0,0
1784416286.466358,ADAPTIVEQF,TRACKING,250,15.758290,45.761238,0.028339,-0.035350,5.032116,0.000000,0.000000,5.000000,0.055536,0,0
1784416286.491317,ADAPTIVEQF,TRACKING,246,15.030542,24.132704,0.025831,-0.028911,5.032488,0.000000,0.000000,5.000000,0.050582,0,0
1784416286.516353,ADAPTIVEQF,TRACKING,245,14.214434,24.138069,0.023836,-0.023646,5.032452,0.000000,0.000000,5.000000,0.046695,0,0
1784416286.541354,ADAPTIVEQF,TRACKING,247,14.359814,19.487536,0.023016,-0.017244,5.031779,0.000000,0.000000,5.000000,0.042860,0,0
1784416286.566440,ADAPTIVEQF,TRACKING,253,15.731168,45.946697,0.023016,-0.017244,5.031779,0.000000,0.000000,5.000000,0.042860,0,0
1784416286.591314,ADAPTIVEQF,TRACKING,252,14.952864,24.021079,0.022550,-0.010548,5.030003,0.000000,0.000000,5.000000,0.038986,0,0
1784416286.616326,ADAPTIVEQF,TRACKING,250,15.446935,25.414259,0.022035,-0.003981,5.027428,0.000000,0.000000,5.000000,0.035407,0,0
1784416286.641315,ADAPTIVEQF,TRACKING,245,14.328522,19.264365,0.021465,0.002370,5.024519,0.000000,0.000000,5.000000,0.032674,0,0
1784416286.666330,ADAPTIVEQF,TRACKING,250,16.279715,46.232238,0.021465,0.002370,5.024519,0.000000,0.000000,5.000000,0.032674,0,0
1784416286.691329,ADAPTIVEQF,TRACKING,242,14.168938,22.739209,0.022723,0.009559,5.019835,0.000000,0.000000,5.000000,0.031640,0,0
1784416286.716330,ADAPTIVEQF,TRACKING,247,15.076768,25.790575,0.023614,0.014936,5.016811,0.000000,0.000000,5.000000,0.032608,0,0
1784416286.741338,ADAPTIVEQF,TRACKING,243,14.253763,19.314075,0.024409,0.020013,5.013142,0.000000,0.000000,5.000000,0.034191,0,0
1784416286.766366,ADAPTIVEQF,TRACKING,252,14.816660,44.906631,0.024409,0.020013,5.013142,0.000000,0.000000,5.000000,0.034191,0,0
1784416286.791331,ADAPTIVEQF,TRACKING,252,15.644375,25.686615,0.025753,0.025147,5.008845,0.000000,0.000000,5.000000,0.037065,0,0
1784416286.816327,ADAPTIVEQF,TRACKING,250,18.698311,27.941832,0.028821,0.030966,5.003826,0.000000,0.000000,5.000000,0.042475,0,0
1784416286.841356,ADAPTIVEQF,TRACKING,229,16.174757,21.100742,0.031602,0.036393,4.999452,0.000000,0.000000,5.000000,0.048201,0,0
1784416286.866363,ADAPTIVEQF,TRACKING,216,13.079243,43.012671,0.031602,0.036393,4.999452,0.000000,0.000000,5.000000,0.048201,0,0
1784416286.891361,ADAPTIVEQF,TRACKING,218,12.734918,24.529440,0.034793,0.042546,4.995265,0.000000,0.000000,5.000000,0.055165,0,0
1784416286.916324,ADAPTIVEQF,TRACKING,237,14.742643,26.817857,0.036974,0.047031,4.992198,0.000000,0.000000,5.000000,0.060332,0,0
1784416286.941310,ADAPTIVEQF,TRACKING,248,14.871778,19.961571,0.038833,0.051154,4.989186,0.000000,0.000000,5.000000,0.065128,0,0
1784416286.966367,ADAPTIVEQF,TRACKING,249,15.236796,45.387359,0.038833,0.051154,4.989186,0.000000,0.000000,5.000000,0.065128,0,0
1784416286.991364,ADAPTIVEQF,TRACKING,245,14.652693,24.258399,0.040489,0.054918,4.987048,0.000000,0.000000,5.000000,0.069448,0,0
1784416287.016348,ADAPTIVEQF,TRACKING,248,14.848016,25.088939,0.042084,0.058178,4.986177,0.000000,0.000000,5.000000,0.073122,0,0
1784416287.041346,ADAPTIVEQF,TRACKING,248,16.205757,21.193377,0.042829,0.060220,4.984856,0.000000,0.000000,5.000000,0.075433,0,0
1784416287.066365,ADAPTIVEQF,TRACKING,243,14.218902,44.225197,0.042829,0.060220,4.984856,0.000000,0.000000,5.000000,0.075433,0,0
1784416287.091364,ADAPTIVEQF,TRACKING,244,14.825387,25.497281,0.043215,0.062152,4.983527,0.000000,0.000000,5.000000,0.077471,0,0
1784416287.116331,ADAPTIVEQF,TRACKING,243,14.162389,24.178949,0.043292,0.063539,4.982583,0.000000,0.000000,5.000000,0.078834,0,0
1784416287.141363,ADAPTIVEQF,TRACKING,253,14.740139,19.652997,0.043137,0.064720,4.982178,0.000000,0.000000,5.000000,0.079794,0,0
1784416287.166373,ADAPTIVEQF,TRACKING,253,14.918266,44.842928,0.043137,0.064720,4.982178,0.000000,0.000000,5.000000,0.079794,0,0
1784416287.191370,ADAPTIVEQF,TRACKING,256,14.899784,24.860270,0.041755,0.067535,4.979894,0.000000,0.000000,5.000000,0.081906,0,0
1784416287.216331,ADAPTIVEQF,TRACKING,256,14.894128,24.838982,0.040265,0.069964,4.977465,0.000000,0.000000,5.000000,0.083809,0,0
1784416287.241362,ADAPTIVEQF,TRACKING,256,14.921946,19.911874,0.038684,0.072054,4.974231,0.000000,0.000000,5.000000,0.085745,0,0
1784416287.266374,ADAPTIVEQF,TRACKING,257,15.182783,45.183011,0.038684,0.072054,4.974231,0.000000,0.000000,5.000000,0.085745,0,0
1784416287.291354,ADAPTIVEQF,TRACKING,256,15.554422,25.225112,0.037195,0.073552,4.971571,0.000000,0.000000,5.000000,0.087187,0,0
1784416287.316336,ADAPTIVEQF,TRACKING,252,14.989295,24.318389,0.036498,0.073612,4.971992,0.000000,0.000000,5.000000,0.086806,0,0
1784416287.341363,ADAPTIVEQF,TRACKING,250,14.985928,20.020748,0.035562,0.073342,4.972653,0.000000,0.000000,5.000000,0.085974,0,0
1784416287.366374,ADAPTIVEQF,TRACKING,249,19.616650,49.663481,0.035562,0.073342,4.972653,0.000000,0.000000,5.000000,0.085974,0,0
1784416287.391337,ADAPTIVEQF,TRACKING,227,16.053312,21.251744,0.034420,0.072750,4.972995,0.000000,0.000000,5.000000,0.084892,0,0
1784416287.416340,ADAPTIVEQF,TRACKING,214,14.672117,23.477747,0.033284,0.071550,4.973613,0.000000,0.000000,5.000000,0.083208,0,0
1784416287.441322,ADAPTIVEQF,TRACKING,206,12.414129,17.376688,0.032109,0.069784,4.975631,0.000000,0.000000,5.000000,0.080589,0,0
1784416287.466363,ADAPTIVEQF,TRACKING,225,14.163213,44.167729,0.032109,0.069784,4.975631,0.000000,0.000000,5.000000,0.080589,0,0
1784416287.491430,ADAPTIVEQF,TRACKING,234,14.793965,25.578385,0.030352,0.067208,4.979016,0.000000,0.000000,5.000000,0.076671,0,0
1784416287.516324,ADAPTIVEQF,TRACKING,241,14.267585,24.251033,0.028725,0.064916,4.980791,0.000000,0.000000,5.000000,0.073540,0,0
1784416287.541326,ADAPTIVEQF,TRACKING,242,14.234979,19.122156,0.027572,0.062147,4.982739,0.000000,0.000000,5.000000,0.070146,0,0
1784416287.566364,ADAPTIVEQF,TRACKING,248,14.542520,44.466563,0.027572,0.062147,4.982739,0.000000,0.000000,5.000000,0.070146,0,0
1784416287.591355,ADAPTIVEQF,TRACKING,254,14.901091,25.253106,0.026442,0.059175,4.984930,0.000000,0.000000,5.000000,0.066543,0,0
1784416287.616325,ADAPTIVEQF,TRACKING,255,14.845697,24.824088,0.025165,0.056139,4.986989,0.000000,0.000000,5.000000,0.062882,0,0
1784416287.641351,ADAPTIVEQF,TRACKING,256,14.905613,19.952194,0.023822,0.053061,4.988548,0.000000,0.000000,5.000000,0.059280,0,0
1784416287.666371,ADAPTIVEQF,TRACKING,256,14.994115,45.063466,0.023822,0.053061,4.988548,0.000000,0.000000,5.000000,0.059280,0,0
1784416287.691374,ADAPTIVEQF,TRACKING,257,15.026226,24.930205,0.023305,0.044493,4.991499,0.000000,0.000000,5.000000,0.050942,0,0
1784416287.716324,ADAPTIVEQF,TRACKING,256,15.745119,25.582178,0.022690,0.038001,4.993511,0.000000,0.000000,5.000000,0.044733,0,0
1784416287.741431,ADAPTIVEQF,TRACKING,252,14.723819,19.803487,0.021865,0.031809,4.995195,0.000000,0.000000,5.000000,0.038897,0,0
1784416287.766432,ADAPTIVEQF,TRACKING,252,14.783233,44.866220,0.021865,0.031809,4.995195,0.000000,0.000000,5.000000,0.038897,0,0
1784416287.791371,ADAPTIVEQF,TRACKING,251,14.662111,24.721302,0.021601,0.025600,4.995762,0.000000,0.000000,5.000000,0.033762,0,0
1784416287.816324,ADAPTIVEQF,TRACKING,256,14.887877,25.089833,0.023356,0.018891,4.995806,0.000000,0.000000,5.000000,0.030331,0,0
1784416287.841449,ADAPTIVEQF,TRACKING,256,14.898880,20.105845,0.024808,0.012462,4.995800,0.000000,0.000000,5.000000,0.028078,0,0
1784416287.866458,ADAPTIVEQF,TRACKING,257,14.973860,45.189548,0.024808,0.012462,4.995800,0.000000,0.000000,5.000000,0.028078,0,0
1784416287.891444,ADAPTIVEQF,TRACKING,257,14.945515,24.852851,0.026321,0.004777,4.995243,0.000000,0.000000,5.000000,0.027171,0,0
1784416287.916331,ADAPTIVEQF,TRACKING,257,15.173727,25.004867,0.027114,-0.000882,4.994696,0.000000,0.000000,5.000000,0.027642,0,0
1784416287.941366,ADAPTIVEQF,TRACKING,256,14.987399,20.163982,0.027604,-0.006098,4.995549,0.000000,0.000000,5.000000,0.028618,0,0
1784416287.966378,ADAPTIVEQF,TRACKING,256,15.009743,45.200694,0.027604,-0.006098,4.995549,0.000000,0.000000,5.000000,0.028618,0,0
1784416287.991374,ADAPTIVEQF,TRACKING,255,15.038027,24.924073,0.028050,-0.011057,4.997453,0.000000,0.000000,5.000000,0.030258,0,0
1784416288.016327,ADAPTIVEQF,TRACKING,255,14.974976,24.794826,0.028399,-0.015801,4.999408,0.000000,0.000000,5.000000,0.032504,0,0
1784416288.041378,ADAPTIVEQF,TRACKING,255,14.876859,19.862004,0.028661,-0.019532,5.001122,0.000000,0.000000,5.000000,0.034702,0,0
1784416288.066371,ADAPTIVEQF,TRACKING,255,15.203268,45.182935,0.028661,-0.019532,5.001122,0.000000,0.000000,5.000000,0.034702,0,0
1784416288.091377,ADAPTIVEQF,TRACKING,254,14.749018,24.437021,0.028747,-0.023717,5.003471,0.000000,0.000000,5.000000,0.037429,0,0
1784416288.116332,ADAPTIVEQF,TRACKING,255,14.832417,24.951532,0.028642,-0.026886,5.005218,0.000000,0.000000,5.000000,0.039629,0,0
1784416288.141364,ADAPTIVEQF,TRACKING,255,15.065257,20.119048,0.028442,-0.029812,5.007037,0.000000,0.000000,5.000000,0.041800,0,0
1784416288.166379,ADAPTIVEQF,TRACKING,256,14.899201,44.968734,0.028442,-0.029812,5.007037,0.000000,0.000000,5.000000,0.041800,0,0
1784416288.191305,ADAPTIVEQF,TRACKING,256,14.850950,24.768300,0.027102,-0.034712,5.007236,0.000000,0.000000,5.000000,0.044630,0,0
1784416288.216354,ADAPTIVEQF,TRACKING,256,14.909250,25.024250,0.025758,-0.039178,5.007503,0.000000,0.000000,5.000000,0.047484,0,0
1784416288.241370,ADAPTIVEQF,TRACKING,257,14.879651,19.802239,0.024388,-0.043237,5.008574,0.000000,0.000000,5.000000,0.050376,0,0
1784416288.266340,ADAPTIVEQF,TRACKING,258,15.052583,44.946140,0.024388,-0.043237,5.008574,0.000000,0.000000,5.000000,0.050376,0,0
1784416288.291378,ADAPTIVEQF,TRACKING,257,14.911533,24.770351,0.023108,-0.048004,5.009963,0.000000,0.000000,5.000000,0.054200,0,0
1784416288.316328,ADAPTIVEQF,TRACKING,258,14.974724,24.925050,0.022585,-0.051612,5.011289,0.000000,0.000000,5.000000,0.057457,0,0
1784416288.341335,ADAPTIVEQF,TRACKING,258,14.937606,19.891490,0.021963,-0.054790,5.012989,0.000000,0.000000,5.000000,0.060440,0,0
1784416288.366452,ADAPTIVEQF,TRACKING,258,15.047620,45.119378,0.021963,-0.054790,5.012989,0.000000,0.000000,5.000000,0.060440,0,0
1784416288.391344,ADAPTIVEQF,TRACKING,258,24.318631,34.064820,0.021211,-0.057488,5.014176,0.000000,0.000000,5.000000,0.062895,0,0
1784416288.416333,ADAPTIVEQF,TRACKING,213,20.162642,20.633836,0.019845,-0.060002,5.014394,0.000000,0.000000,5.000000,0.064818,0,0
1784416288.441344,ADAPTIVEQF,TRACKING,182,17.074343,21.789020,0.017991,-0.062385,5.014229,0.000000,0.000000,5.000000,0.066468,0,0
1784416288.466345,ADAPTIVEQF,TRACKING,159,14.870721,44.586723,0.017991,-0.062385,5.014229,0.000000,0.000000,5.000000,0.066468,0,0
1784416288.491347,ADAPTIVEQF,TRACKING,159,15.208485,25.199040,0.015594,-0.064824,5.014678,0.000000,0.000000,5.000000,0.068270,0,0
1784416288.516344,ADAPTIVEQF,TRACKING,159,16.145459,25.802716,0.013691,-0.066332,5.014836,0.000000,0.000000,5.000000,0.069336,0,0
1784416288.541339,ADAPTIVEQF,TRACKING,154,19.438844,23.877115,0.011602,-0.065709,5.015185,0.000000,0.000000,5.000000,0.068431,0,0
1784416288.566323,ADAPTIVEQF,TRACKING,150,16.103051,45.518525,0.011602,-0.065709,5.015185,0.000000,0.000000,5.000000,0.068431,0,0
1784416288.591855,ADAPTIVEQF,TRACKING,150,17.060599,26.419431,0.009426,-0.064284,5.015479,0.000000,0.000000,5.000000,0.066790,0,0
1784416288.616322,ADAPTIVEQF,TRACKING,150,18.084483,25.445616,0.007222,-0.062643,5.015742,0.000000,0.000000,5.000000,0.064993,0,0
1784416288.641323,ADAPTIVEQF,TRACKING,150,16.091505,21.193972,0.004977,-0.060744,5.016459,0.000000,0.000000,5.000000,0.063130,0,0
1784416288.666322,ADAPTIVEQF,TRACKING,150,14.059485,44.161033,0.004977,-0.060744,5.016459,0.000000,0.000000,5.000000,0.063130,0,0
1784416288.691323,ADAPTIVEQF,TRACKING,150,18.096934,28.989587,0.004213,-0.061284,5.016538,0.000000,0.000000,5.000000,0.063616,0,0
1784416288.716322,ADAPTIVEQF,TRACKING,150,16.092883,22.937913,0.003339,-0.061312,5.016335,0.000000,0.000000,5.000000,0.063539,0,0
1784416288.741323,ADAPTIVEQF,TRACKING,150,17.036572,22.083621,0.002235,-0.060965,5.015457,0.000000,0.000000,5.000000,0.062934,0,0
1784416288.766323,ADAPTIVEQF,TRACKING,150,15.075505,45.123250,0.002235,-0.060965,5.015457,0.000000,0.000000,5.000000,0.062934,0,0
1784416288.791324,ADAPTIVEQF,TRACKING,150,16.092786,25.969353,0.000655,-0.060261,5.012193,0.000000,0.000000,5.000000,0.061485,0,0
1784416288.816323,ADAPTIVEQF,TRACKING,150,14.099876,22.953219,-0.001911,-0.059286,5.007152,0.000000,0.000000,5.000000,0.059747,0,0
1784416288.841324,ADAPTIVEQF,TRACKING,150,18.092740,23.230125,-0.004412,-0.058087,5.003024,0.000000,0.000000,5.000000,0.058333,0,0
1784416288.866324,ADAPTIVEQF,TRACKING,150,16.118950,46.256095,-0.004412,-0.058087,5.003024,0.000000,0.000000,5.000000,0.058333,0,0
1784416288.891325,ADAPTIVEQF,TRACKING,150,17.078967,25.916011,-0.007486,-0.056114,4.998800,0.000000,0.000000,5.000000,0.056624,0,0
1784416288.916324,ADAPTIVEQF,TRACKING,150,15.145470,22.986543,-0.010070,-0.054565,4.997425,0.000000,0.000000,5.000000,0.055546,0,0
1784416288.941325,ADAPTIVEQF,TRACKING,150,16.091974,19.546055,-0.012723,-0.053069,4.997720,0.000000,0.000000,5.000000,0.054620,0,0
1784416288.966326,ADAPTIVEQF,TRACKING,150,14.111383,42.565668,-0.012723,-0.053069,4.997720,0.000000,0.000000,5.000000,0.054620,0,0
1784416288.991327,ADAPTIVEQF,TRACKING,150,15.060881,25.913593,-0.015192,-0.051195,4.997946,0.000000,0.000000,5.000000,0.053441,0,0
1784416289.016325,ADAPTIVEQF,TRACKING,150,16.125020,26.021467,-0.017428,-0.048984,4.996755,0.000000,0.000000,5.000000,0.052093,0,0
1784416289.041326,ADAPTIVEQF,TRACKING,150,17.071438,22.096139,-0.020595,-0.045717,4.996218,0.000000,0.000000,5.000000,0.050284,0,0
1784416289.066327,ADAPTIVEQF,TRACKING,150,13.071079,43.096215,-0.020595,-0.045717,4.996218,0.000000,0.000000,5.000000,0.050284,0,0
1784416289.091327,ADAPTIVEQF,TRACKING,150,15.123014,26.989929,-0.024632,-0.041029,4.997538,0.000000,0.000000,5.000000,0.047918,0,0
1784416289.116327,ADAPTIVEQF,TRACKING,150,16.066558,25.906430,-0.027610,-0.037165,4.999680,0.000000,0.000000,5.000000,0.046300,0,0
1784416289.141327,ADAPTIVEQF,TRACKING,152,17.344069,22.520709,-0.030329,-0.033253,5.001762,0.000000,0.000000,5.000000,0.045041,0,0
1784416289.166327,ADAPTIVEQF,TRACKING,150,13.088214,43.266235,-0.030329,-0.033253,5.001762,0.000000,0.000000,5.000000,0.045041,0,0
1784416289.191328,ADAPTIVEQF,TRACKING,150,13.110952,24.563557,-0.029585,-0.027147,5.001192,0.000000,0.000000,5.000000,0.040170,0,0
1784416289.216860,ADAPTIVEQF,TRACKING,155,23.115214,35.496289,-0.028849,-0.021180,4.999234,0.000000,0.000000,5.000000,0.035797,0,0
1784416289.241329,ADAPTIVEQF,TRACKING,150,18.105368,19.399911,-0.028062,-0.015231,4.996677,0.000000,0.000000,5.000000,0.032101,0,0
1784416289.266330,ADAPTIVEQF,TRACKING,150,15.861551,42.157286,-0.028062,-0.015231,4.996677,0.000000,0.000000,5.000000,0.032101,0,0
1784416289.291329,ADAPTIVEQF,TRACKING,150,17.833458,26.921191,-0.026234,-0.007227,4.994907,0.000000,0.000000,5.000000,0.027683,0,0
1784416289.316329,ADAPTIVEQF,TRACKING,150,16.048709,23.165928,-0.023903,-0.000223,4.995135,0.000000,0.000000,5.000000,0.024394,0,0
1784416289.341329,ADAPTIVEQF,TRACKING,150,17.064869,22.028640,-0.021531,0.006552,4.997160,0.000000,0.000000,5.000000,0.022685,0,0
1784416289.366330,ADAPTIVEQF,TRACKING,150,13.103960,43.068287,-0.021531,0.006552,4.997160,0.000000,0.000000,5.000000,0.022685,0,0
1784416289.391330,ADAPTIVEQF,TRACKING,150,15.086981,26.937053,-0.019135,0.013140,4.999232,0.000000,0.000000,5.000000,0.023225,0,0
1784416289.416330,ADAPTIVEQF,TRACKING,150,16.122544,25.962078,-0.016435,0.018364,5.001340,0.000000,0.000000,5.000000,0.024681,0,0
1784416289.441331,ADAPTIVEQF,TRACKING,152,17.260239,22.180308,-0.013451,0.022287,5.003319,0.000000,0.000000,5.000000,0.026242,0,0
1784416289.466854,ADAPTIVEQF,TRACKING,150,17.045412,47.487816,-0.013451,0.022287,5.003319,0.000000,0.000000,5.000000,0.026242,0,0
1784416289.491855,ADAPTIVEQF,TRACKING,150,17.101515,25.001925,-0.009760,0.027066,5.004287,0.000000,0.000000,5.000000,0.029090,0,0
1784416289.516331,ADAPTIVEQF,TRACKING,150,15.124417,22.459716,-0.006846,0.030619,5.006274,0.000000,0.000000,5.000000,0.031997,0,0
1784416289.541332,ADAPTIVEQF,TRACKING,150,16.083178,21.163706,-0.004916,0.033739,5.010498,0.000000,0.000000,5.000000,0.035675,0,0
1784416289.566333,ADAPTIVEQF,TRACKING,150,17.080869,47.162331,-0.004916,0.033739,5.010498,0.000000,0.000000,5.000000,0.035675,0,0
1784416289.591332,ADAPTIVEQF,TRACKING,150,15.051827,22.931623,-0.003318,0.036584,5.015040,0.000000,0.000000,5.000000,0.039694,0,0
1784416289.616332,ADAPTIVEQF,TRACKING,150,16.117009,26.023808,-0.001777,0.039169,5.019423,0.000000,0.000000,5.000000,0.043756,0,0
1784416289.641333,ADAPTIVEQF,TRACKING,150,14.065955,19.098842,-0.000307,0.041519,5.023069,0.000000,0.000000,5.000000,0.047498,0,0
1784416289.666333,ADAPTIVEQF,TRACKING,150,15.099749,45.132410,-0.000307,0.041519,5.023069,0.000000,0.000000,5.000000,0.047498,0,0
1784416289.691334,ADAPTIVEQF,TRACKING,150,16.062247,25.922875,0.001532,0.042090,5.025872,0.000000,0.000000,5.000000,0.049429,0,0
1784416289.716333,ADAPTIVEQF,TRACKING,150,14.052389,22.940406,0.002936,0.042481,5.026998,0.000000,0.000000,5.000000,0.050420,0,0
1784416289.741334,ADAPTIVEQF,TRACKING,150,15.042878,20.037577,0.004352,0.042804,5.027387,0.000000,0.000000,5.000000,0.051002,0,0
1784416289.766335,ADAPTIVEQF,TRACKING,150,16.088344,46.082572,0.004352,0.042804,5.027387,0.000000,0.000000,5.000000,0.051002,0,0
1784416289.791335,ADAPTIVEQF,TRACKING,150,17.064305,25.940759,0.006033,0.042827,5.025544,0.000000,0.000000,5.000000,0.050230,0,0
1784416289.816334,ADAPTIVEQF,TRACKING,150,13.105141,20.987577,0.008545,0.042143,5.020758,0.000000,0.000000,5.000000,0.047749,0,0
1784416289.841336,ADAPTIVEQF,TRACKING,150,15.145231,20.165414,0.010897,0.041355,5.016126,0.000000,0.000000,5.000000,0.045706,0,0
1784416289.866335,ADAPTIVEQF,TRACKING,150,16.113897,46.133959,0.010897,0.041355,5.016126,0.000000,0.000000,5.000000,0.045706,0,0
1784416289.891340,ADAPTIVEQF,TRACKING,152,53.951426,62.759641,0.013580,0.040150,5.010502,0.000000,0.000000,5.000000,0.043667,1,0
1784416289.945402,ADAPTIVEQF,TRACKING,79,12.922813,75.792328,0.013580,0.040150,5.010502,0.000000,0.000000,5.000000,0.043667,0,0
1784416289.966341,ADAPTIVEQF,TRACKING,71,8.220728,16.178826,0.020710,0.037434,5.007699,0.000000,0.000000,5.000000,0.043468,0,0
1784416289.992857,ADAPTIVEQF,TRACKING,70,9.119939,27.362510,0.024437,0.035709,5.006324,0.000000,0.000000,5.000000,0.043730,0,0
1784416290.016336,ADAPTIVEQF,TRACKING,150,17.136947,29.234062,0.027941,0.033751,5.003441,0.000000,0.000000,5.000000,0.043951,0,0
1784416290.041337,ADAPTIVEQF,TRACKING,150,19.111464,24.134895,0.031178,0.030532,5.000181,0.000000,0.000000,5.000000,0.043638,0,0
1784416290.066338,ADAPTIVEQF,TRACKING,150,15.073563,45.098019,0.031178,0.030532,5.000181,0.000000,0.000000,5.000000,0.043638,0,0
1784416290.091339,ADAPTIVEQF,TRACKING,150,18.140446,28.019722,0.034972,0.025779,4.996984,0.000000,0.000000,5.000000,0.043551,0,0
1784416290.116339,ADAPTIVEQF,TRACKING,150,16.111715,22.904881,0.037893,0.021862,4.994608,0.000000,0.000000,5.000000,0.044078,0,0
1784416290.141339,ADAPTIVEQF,TRACKING,150,14.141005,19.010173,0.040869,0.017895,4.993176,0.000000,0.000000,5.000000,0.045134,0,0
1784416290.166340,ADAPTIVEQF,TRACKING,150,15.135157,45.004857,0.040869,0.017895,4.993176,0.000000,0.000000,5.000000,0.045134,0,0
1784416290.191343,ADAPTIVEQF,TRACKING,150,16.076178,25.885581,0.042527,0.012959,4.991997,0.000000,0.000000,5.000000,0.045173,0,0
1784416290.216342,ADAPTIVEQF,TRACKING,150,14.135469,23.018552,0.044043,0.008091,4.991284,0.000000,0.000000,5.000000,0.045620,0,0
1784416290.241339,ADAPTIVEQF,TRACKING,150,18.096200,23.112208,0.045235,0.003375,4.992700,0.000000,0.000000,5.000000,0.045945,0,0
1784416290.266340,ADAPTIVEQF,TRACKING,150,13.110995,43.126786,0.045235,0.003375,4.992700,0.000000,0.000000,5.000000,0.045945,0,0
1784416290.291342,ADAPTIVEQF,TRACKING,150,14.664604,26.521051,0.045986,-0.003193,4.996854,0.000000,0.000000,5.000000,0.046204,0,0
1784416290.316339,ADAPTIVEQF,TRACKING,150,16.094802,26.393213,0.045889,-0.009245,5.000324,0.000000,0.000000,5.000000,0.046813,0,0
1784416290.341341,ADAPTIVEQF,TRACKING,153,17.374513,22.438381,0.045691,-0.015105,5.002846,0.000000,0.000000,5.000000,0.048207,0,0
1784416290.366341,ADAPTIVEQF,TRACKING,150,13.144117,43.206880,0.045691,-0.015105,5.002846,0.000000,0.000000,5.000000,0.048207,0,0
1784416290.391342,ADAPTIVEQF,TRACKING,150,16.130078,27.925588,0.045314,-0.020928,5.005661,0.000000,0.000000,5.000000,0.050234,0,0
1784416290.416342,ADAPTIVEQF,TRACKING,150,14.119746,22.930976,0.045052,-0.027291,5.008059,0.000000,0.000000,5.000000,0.053286,0,0
1784416290.441342,ADAPTIVEQF,TRACKING,155,15.531929,19.999189,0.044917,-0.034125,5.009598,0.000000,0.000000,5.000000,0.057221,0,0
1784416290.466342,ADAPTIVEQF,TRACKING,150,16.098718,45.565552,0.044917,-0.034125,5.009598,0.000000,0.000000,5.000000,0.057221,0,0
1784416290.491342,ADAPTIVEQF,TRACKING,150,14.110704,22.956589,0.044656,-0.042364,5.010277,0.000000,0.000000,5.000000,0.062406,0,0
1784416290.516342,ADAPTIVEQF,TRACKING,150,15.085226,25.924334,0.044299,-0.048522,5.010250,0.000000,0.000000,5.000000,0.066497,0,0
1784416290.541342,ADAPTIVEQF,TRACKING,150,16.113550,19.597763,0.043290,-0.053331,5.010789,0.000000,0.000000,5.000000,0.069531,0,0
1784416290.566342,ADAPTIVEQF,TRACKING,150,13.078330,41.562308,0.043290,-0.053331,5.010789,0.000000,0.000000,5.000000,0.069531,0,0
1784416290.591343,ADAPTIVEQF,TRACKING,152,15.295488,26.764244,0.042009,-0.057506,5.010721,0.000000,0.000000,5.000000,0.072018,0,0
1784416290.618854,ADAPTIVEQF,TRACKING,152,13.266944,25.438172,0.040642,-0.061347,5.009492,0.000000,0.000000,5.000000,0.074198,0,0
1784416290.641344,ADAPTIVEQF,TRACKING,163,18.265684,23.300206,0.039226,-0.064830,5.007496,0.000000,0.000000,5.000000,0.076143,0,0
1784416290.666344,ADAPTIVEQF,TRACKING,150,16.088388,46.122722,0.039226,-0.064830,5.007496,0.000000,0.000000,5.000000,0.076143,0,0
1784416290.691345,ADAPTIVEQF,TRACKING,150,13.148308,22.019935,0.037049,-0.067563,5.000261,0.000000,0.000000,5.000000,0.077055,0,0
1784416290.716344,ADAPTIVEQF,TRACKING,150,15.108572,26.924751,0.035291,-0.069465,4.994363,0.000000,0.000000,5.000000,0.078119,0,0
1784416290.741345,ADAPTIVEQF,TRACKING,152,16.291886,21.457917,0.033513,-0.071103,4.988432,0.000000,0.000000,5.000000,0.079451,0,0
1784416290.766345,ADAPTIVEQF,TRACKING,152,17.242475,47.407950,0.033513,-0.071103,4.988432,0.000000,0.000000,5.000000,0.079451,0,0
1784416290.791345,ADAPTIVEQF,TRACKING,150,13.101174,20.821016,0.031761,-0.071931,4.985312,0.000000,0.000000,5.000000,0.079991,0,0
1784416290.816345,ADAPTIVEQF,TRACKING,150,16.105723,27.571537,0.030438,-0.071009,4.986695,0.000000,0.000000,5.000000,0.078395,0,0
1784416290.841346,ADAPTIVEQF,TRACKING,150,14.122329,19.203272,0.029051,-0.069920,4.988713,0.000000,0.000000,5.000000,0.076552,0,0
1784416290.866346,ADAPTIVEQF,TRACKING,155,15.500499,45.582746,0.029051,-0.069920,4.988713,0.000000,0.000000,5.000000,0.076552,0,0
1784416290.893856,ADAPTIVEQF,TRACKING,150,13.103402,25.078883,0.027118,-0.068464,4.990852,0.000000,0.000000,5.000000,0.074205,0,0
1784416290.916346,ADAPTIVEQF,TRACKING,159,16.905277,26.249342,0.024792,-0.066491,4.993743,0.000000,0.000000,5.000000,0.071238,0,0
1784416290.941347,ADAPTIVEQF,TRACKING,153,15.395047,20.295376,0.021842,-0.063785,4.997777,0.000000,0.000000,5.000000,0.067458,0,0
1784416290.966347,ADAPTIVEQF,TRACKING,152,16.250808,46.151325,0.021842,-0.063785,4.997777,0.000000,0.000000,5.000000,0.067458,0,0
1784416290.991348,ADAPTIVEQF,TRACKING,150,14.128692,22.599692,0.018940,-0.061064,5.002033,0.000000,0.000000,5.000000,0.063967,0,0
1784416291.016347,ADAPTIVEQF,TRACKING,150,15.141315,25.972101,0.016089,-0.058326,5.005192,0.000000,0.000000,5.000000,0.060727,0,0
1784416291.041347,ADAPTIVEQF,TRACKING,150,16.097722,19.588562,0.012926,-0.056531,5.009290,0.000000,0.000000,5.000000,0.058729,0,0
1784416291.066349,ADAPTIVEQF,TRACKING,150,14.110145,42.602925,0.012926,-0.056531,5.009290,0.000000,0.000000,5.000000,0.058729,0,0
1784416291.091349,ADAPTIVEQF,TRACKING,150,15.106721,25.656167,0.008955,-0.054658,5.013972,0.000000,0.000000,5.000000,0.057121,0,0
1784416291.116348,ADAPTIVEQF,TRACKING,150,16.103743,25.586396,0.005765,-0.053022,5.017057,0.000000,0.000000,5.000000,0.055996,0,0
1784416291.141350,ADAPTIVEQF,TRACKING,150,14.080277,19.133926,0.002523,-0.051224,5.020303,0.000000,0.000000,5.000000,0.055158,0,0
1784416291.166349,ADAPTIVEQF,TRACKING,150,18.083580,48.136161,0.002523,-0.051224,5.020303,0.000000,0.000000,5.000000,0.055158,0,0
1784416291.191350,ADAPTIVEQF,TRACKING,150,13.137457,20.014983,0.002178,-0.046050,5.025236,0.000000,0.000000,5.000000,0.052557,0,0
1784416291.216350,ADAPTIVEQF,TRACKING,150,17.098733,28.894768,0.001602,-0.040925,5.030594,0.000000,0.000000,5.000000,0.051122,0,0
1784416291.241350,ADAPTIVEQF,TRACKING,150,13.141684,18.240800,0.000906,-0.035825,5.035434,0.000000,0.000000,5.000000,0.050397,0,0
1784416291.266350,ADAPTIVEQF,TRACKING,155,15.583701,45.682316,0.000906,-0.035825,5.035434,0.000000,0.000000,5.000000,0.050397,0,0
1784416291.293854,ADAPTIVEQF,TRACKING,150,13.076782,24.961084,0.000285,-0.029726,5.040223,0.000000,0.000000,5.000000,0.050016,0,0
1784416291.316351,ADAPTIVEQF,TRACKING,163,17.237001,26.623122,0.000182,-0.025111,5.043572,0.000000,0.000000,5.000000,0.050291,0,0
1784416291.341351,ADAPTIVEQF,TRACKING,153,15.362126,20.570092,-0.000002,-0.020591,5.045702,0.000000,0.000000,5.000000,0.050126,0,0
1784416291.366351,ADAPTIVEQF,TRACKING,153,16.375458,46.583444,-0.000002,-0.020591,5.045702,0.000000,0.000000,5.000000,0.050126,0,0
1784416291.391351,ADAPTIVEQF,TRACKING,150,14.153076,22.748893,-0.000277,-0.016113,5.046536,0.000000,0.000000,5.000000,0.049248,0,0
1784416291.416352,ADAPTIVEQF,TRACKING,150,15.140043,25.957247,0.000951,-0.011133,5.047687,0.000000,0.000000,5.000000,0.048979,0,0
1784416291.441352,ADAPTIVEQF,TRACKING,150,16.106357,19.584781,0.002215,-0.008341,5.048320,0.000000,0.000000,5.000000,0.049084,0,0
1784416291.466354,ADAPTIVEQF,TRACKING,150,13.083710,41.563224,0.002215,-0.008341,5.048320,0.000000,0.000000,5.000000,0.049084,0,0
1784416291.491353,ADAPTIVEQF,TRACKING,152,17.266054,29.144812,0.004060,-0.003450,5.048081,0.000000,0.000000,5.000000,0.048376,0,0
1784416291.516353,ADAPTIVEQF,TRACKING,150,15.089212,22.787603,0.005385,0.000515,5.046623,0.000000,0.000000,5.000000,0.046936,0,0
1784416291.541354,ADAPTIVEQF,TRACKING,150,16.125353,21.280041,0.005330,0.004660,5.048018,0.000000,0.000000,5.000000,0.048538,0,0
1784416291.566353,ADAPTIVEQF,TRACKING,150,13.096577,43.250449,0.005330,0.004660,5.048018,0.000000,0.000000,5.000000,0.048538,0,0
1784416291.591354,ADAPTIVEQF,TRACKING,152,17.282442,29.157313,0.004856,0.008723,5.050072,0.000000,0.000000,5.000000,0.051058,0,0
1784416291.616354,ADAPTIVEQF,TRACKING,150,13.111932,20.793277,0.004347,0.012622,5.050241,0.000000,0.000000,5.000000,0.051984,0,0
1784416291.641354,ADAPTIVEQF,TRACKING,156,15.656204,20.704022,0.003843,0.016379,5.049834,0.000000,0.000000,5.000000,0.052597,0,0
1784416291.668855,ADAPTIVEQF,TRACKING,150,13.126769,45.674949,0.003843,0.016379,5.049834,0.000000,0.000000,5.000000,0.052597,0,0
1784416291.691355,ADAPTIVEQF,TRACKING,163,17.215802,26.553565,0.002251,0.020244,5.047985,0.000000,0.000000,5.000000,0.052129,0,0
1784416291.716356,ADAPTIVEQF,TRACKING,153,15.371865,23.116645,0.001035,0.023317,5.046046,0.000000,0.000000,5.000000,0.051623,0,0
1784416291.741355,ADAPTIVEQF,TRACKING,153,16.374903,21.567155,-0.000062,0.026364,5.043192,0.000000,0.000000,5.000000,0.050602,0,0
1784416291.766356,ADAPTIVEQF,TRACKING,150,14.135876,44.328992,-0.000062,0.026364,5.043192,0.000000,0.000000,5.000000,0.050602,0,0
1784416291.791356,ADAPTIVEQF,TRACKING,150,15.138523,25.970367,-0.000861,0.029507,5.039294,0.000000,0.000000,5.000000,0.049147,0,0
1784416291.818853,ADAPTIVEQF,TRACKING,150,13.102304,25.427046,-0.001216,0.032831,5.036428,0.000000,0.000000,5.000000,0.049055,0,0
1784416291.841357,ADAPTIVEQF,TRACKING,159,17.934974,23.113748,-0.001429,0.036027,5.033927,0.000000,0.000000,5.000000,0.049508,0,0
1784416291.866356,ADAPTIVEQF,TRACKING,150,16.091755,46.270583,-0.001429,0.036027,5.033927,0.000000,0.000000,5.000000,0.049508,0,0
1784416291.891357,ADAPTIVEQF,TRACKING,150,13.135973,22.007879,-0.001467,0.039761,5.030812,0.000000,0.000000,5.000000,0.050323,0,0
1784416291.916357,ADAPTIVEQF,TRACKING,150,15.133306,26.616984,-0.000710,0.041843,5.028329,0.000000,0.000000,5.000000,0.050536,0,0
1784416291.941357,ADAPTIVEQF,TRACKING,152,16.324919,21.410157,0.000721,0.043133,5.024741,0.000000,0.000000,5.000000,0.049730,0,0
1784416291.966358,ADAPTIVEQF,TRACKING,152,17.301207,47.387962,0.000721,0.043133,5.024741,0.000000,0.000000,5.000000,0.049730,0,0
1784416291.991358,ADAPTIVEQF,TRACKING,150,13.153709,20.811348,0.002162,0.044200,5.021809,0.000000,0.000000,5.000000,0.049335,0,0
1784416292.016358,ADAPTIVEQF,TRACKING,150,15.074941,26.903795,0.003598,0.045116,5.019185,0.000000,0.000000,5.000000,0.049157,0,0
1784416292.041359,ADAPTIVEQF,TRACKING,150,16.088791,21.152031,0.005847,0.043048,5.019728,0.000000,0.000000,5.000000,0.047713,0,0
1784416292.066359,ADAPTIVEQF,TRACKING,152,14.286011,44.349175,0.005847,0.043048,5.019728,0.000000,0.000000,5.000000,0.047713,0,0
1784416292.091360,ADAPTIVEQF,TRACKING,150,18.110888,28.794930,0.008866,0.039502,5.020936,0.000000,0.000000,5.000000,0.045578,0,0
1784416292.116360,ADAPTIVEQF,TRACKING,150,13.081773,19.930423,0.011089,0.036846,5.020391,0.000000,0.000000,5.000000,0.043547,0,0
1784416292.141360,ADAPTIVEQF,TRACKING,150,16.087254,21.095937,0.013159,0.034246,5.019725,0.000000,0.000000,5.000000,0.041654,0,0
1784416292.166361,ADAPTIVEQF,TRACKING,150,14.084470,44.093314,0.013159,0.034246,5.019725,0.000000,0.000000,5.000000,0.041654,0,0
1784416292.191360,ADAPTIVEQF,TRACKING,156,15.657034,26.540815,0.015530,0.031783,5.020249,0.000000,0.000000,5.000000,0.040760,0,0
1784416292.216360,ADAPTIVEQF,TRACKING,150,17.092305,26.406931,0.017702,0.029389,5.021554,0.000000,0.000000,5.000000,0.040517,0,0
1784416292.241361,ADAPTIVEQF,TRACKING,150,15.135746,20.088222,0.019751,0.027111,5.022624,0.000000,0.000000,5.000000,0.040459,0,0
1784416292.266361,ADAPTIVEQF,TRACKING,150,16.089181,46.042380,0.019751,0.027111,5.022624,0.000000,0.000000,5.000000,0.040459,0,0
1784416292.291362,ADAPTIVEQF,TRACKING,150,13.128462,22.002335,0.022573,0.024797,5.022187,0.000000,0.000000,5.000000,0.040208,0,0
1784416292.316361,ADAPTIVEQF,TRACKING,152,17.274707,29.114655,0.025150,0.023381,5.022812,0.000000,0.000000,5.000000,0.041226,0,0
1784416292.341362,ADAPTIVEQF,TRACKING,150,13.103005,18.207989,0.027550,0.021951,5.024565,0.000000,0.000000,5.000000,0.042945,0,0
1784416292.367854,ADAPTIVEQF,TRACKING,155,16.564414,48.160739,0.027550,0.021951,5.024565,0.000000,0.000000,5.000000,0.042945,0,0
1784416292.391362,ADAPTIVEQF,TRACKING,150,19.125658,26.030924,0.029719,0.020425,5.026990,0.000000,0.000000,5.000000,0.045043,0,0
1784416292.416362,ADAPTIVEQF,TRACKING,150,17.124218,22.966142,0.032121,0.019653,5.028836,0.000000,0.000000,5.000000,0.047429,0,0
1784416292.441364,ADAPTIVEQF,TRACKING,150,15.107462,20.307934,0.034692,0.019635,5.029686,0.000000,0.000000,5.000000,0.049703,0,0
1784416292.466364,ADAPTIVEQF,TRACKING,150,16.087001,46.286870,0.034692,0.019635,5.029686,0.000000,0.000000,5.000000,0.049703,0,0
1784416292.491363,ADAPTIVEQF,TRACKING,150,13.116724,21.992990,0.037481,0.019432,5.029853,0.000000,0.000000,5.000000,0.051707,0,0
1784416292.516364,ADAPTIVEQF,TRACKING,152,17.299455,29.150290,0.039366,0.019156,5.029648,0.000000,0.000000,5.000000,0.052874,0,0
1784416292.541364,ADAPTIVEQF,TRACKING,150,15.166209,20.203530,0.041312,0.016882,5.027937,0.000000,0.000000,5.000000,0.052651,0,0
1784416292.566365,ADAPTIVEQF,TRACKING,150,16.135537,46.173464,0.041312,0.016882,5.027937,0.000000,0.000000,5.000000,0.052651,0,0
1784416292.591364,ADAPTIVEQF,TRACKING,150,13.084157,21.914255,0.043061,0.014094,5.025376,0.000000,0.000000,5.000000,0.051931,0,0
1784416292.616365,ADAPTIVEQF,TRACKING,152,17.278533,29.166925,0.044454,0.011422,5.022458,0.000000,0.000000,5.000000,0.051098,0,0
1784416292.641365,ADAPTIVEQF,TRACKING,150,13.071846,18.112700,0.045449,0.008832,5.019959,0.000000,0.000000,5.000000,0.050418,0,0
1784416292.666366,ADAPTIVEQF,TRACKING,156,18.607696,48.649220,0.045449,0.008832,5.019959,0.000000,0.000000,5.000000,0.050418,0,0
1784416292.691365,ADAPTIVEQF,TRACKING,150,13.121442,19.478547,0.046750,0.008069,5.013606,0.000000,0.000000,5.000000,0.049354,0,0
1784416292.716366,ADAPTIVEQF,TRACKING,153,16.364147,28.213599,0.047419,0.007376,5.008354,0.000000,0.000000,5.000000,0.048711,0,0
1784416292.741366,ADAPTIVEQF,TRACKING,150,14.119778,19.300526,0.047732,0.006607,5.003649,0.000000,0.000000,5.000000,0.048325,0,0
1784416292.766366,ADAPTIVEQF,TRACKING,155,15.564773,45.746478,0.047732,0.006607,5.003649,0.000000,0.000000,5.000000,0.048325,0,0
1784416292.793854,ADAPTIVEQF,TRACKING,150,13.078702,24.961819,0.047640,0.005649,4.998984,0.000000,0.000000,5.000000,0.047985,0,0
1784416292.816368,ADAPTIVEQF,TRACKING,159,16.884232,26.273770,0.046971,0.004156,4.994149,0.000000,0.000000,5.000000,0.047516,0,0
1784416292.841367,ADAPTIVEQF,TRACKING,153,15.369404,20.365631,0.046158,0.002583,4.990251,0.000000,0.000000,5.000000,0.047248,0,0
1784416292.866368,ADAPTIVEQF,TRACKING,153,16.346236,46.343354,0.046158,0.002583,4.990251,0.000000,0.000000,5.000000,0.047248,0,0
1784416292.891368,ADAPTIVEQF,TRACKING,150,14.116496,22.720292,0.044954,0.000624,4.988562,0.000000,0.000000,5.000000,0.046391,0,0
1784416292.916368,ADAPTIVEQF,TRACKING,150,15.087377,25.938206,0.043701,-0.000148,4.987884,0.000000,0.000000,5.000000,0.045350,0,0
1784416292.941368,ADAPTIVEQF,TRACKING,150,16.129989,21.070833,0.042116,-0.000319,4.987601,0.000000,0.000000,5.000000,0.043904,0,0
1784416292.966369,ADAPTIVEQF,TRACKING,150,17.078593,47.019770,0.042116,-0.000319,4.987601,0.000000,0.000000,5.000000,0.043904,0,0
1784416292.991369,ADAPTIVEQF,TRACKING,150,13.074516,20.950595,0.040096,-0.000767,4.988897,0.000000,0.000000,5.000000,0.041612,0,0
1784416293.016369,ADAPTIVEQF,TRACKING,150,15.115989,27.012488,0.037740,-0.001339,4.989448,0.000000,0.000000,5.000000,0.039210,0,0
1784416293.041370,ADAPTIVEQF,TRACKING,150,16.107416,21.150859,0.033855,-0.001807,4.989302,0.000000,0.000000,5.000000,0.035551,0,0
1784416293.066370,ADAPTIVEQF,TRACKING,152,14.309822,44.354574,0.033855,-0.001807,4.989302,0.000000,0.000000,5.000000,0.035551,0,0
1784416293.092854,ADAPTIVEQF,TRACKING,150,16.110450,28.242161,0.028264,-0.002372,4.988899,0.000000,0.000000,5.000000,0.030458,0,0
1784416293.116370,ADAPTIVEQF,TRACKING,150,13.096515,20.471337,0.023663,-0.002813,4.989663,0.000000,0.000000,5.000000,0.025975,0,0
1784416293.141371,ADAPTIVEQF,TRACKING,155,18.545628,23.739444,0.019100,-0.003204,4.990510,0.000000,0.000000,5.000000,0.021567,0,0
1784416293.166371,ADAPTIVEQF,TRACKING,150,13.102610,43.297270,0.019100,-0.003204,4.990510,0.000000,0.000000,5.000000,0.021567,0,0
1784416293.191371,ADAPTIVEQF,TRACKING,152,16.266684,28.127730,0.011733,-0.003280,4.994023,0.000000,0.000000,5.000000,0.013570,0,0
1784416293.216372,ADAPTIVEQF,TRACKING,150,14.088473,22.786159,0.004635,-0.003366,4.996959,0.000000,0.000000,5.000000,0.006485,0,0
1784416293.241372,ADAPTIVEQF,TRACKING,156,15.631603,20.487748,-0.002139,-0.003550,4.998752,0.000000,0.000000,5.000000,0.004329,0,0
1784416293.268855,ADAPTIVEQF,TRACKING,150,13.154310,45.493317,-0.002139,-0.003550,4.998752,0.000000,0.000000,5.000000,0.004329,0,0
1784416293.291373,ADAPTIVEQF,TRACKING,159,17.915253,27.239379,-0.010033,-0.002745,4.997761,0.000000,0.000000,5.000000,0.010640,0,0
1784416293.316373,ADAPTIVEQF,TRACKING,150,16.108251,23.147838,-0.015818,-0.000928,4.994600,0.000000,0.000000,5.000000,0.016740,0,0
1784416293.341373,ADAPTIVEQF,TRACKING,150,13.079830,18.146590,-0.021350,0.000644,4.992876,0.000000,0.000000,5.000000,0.022517,0,0
1784416293.366374,ADAPTIVEQF,TRACKING,150,17.133207,47.200958,-0.021350,0.000644,4.992876,0.000000,0.000000,5.000000,0.022517,0,0
1784416293.391373,ADAPTIVEQF,TRACKING,150,13.090345,20.922311,-0.027922,0.002272,4.993236,0.000000,0.000000,5.000000,0.028820,0,0
1784416293.416373,ADAPTIVEQF,TRACKING,155,15.497183,27.379556,-0.031444,0.003723,4.995511,0.000000,0.000000,5.000000,0.031980,0,0
1784416293.441374,ADAPTIVEQF,TRACKING,150,16.114112,19.618964,-0.035748,0.005867,4.999462,0.000000,0.000000,5.000000,0.036231,0,0
1784416293.466375,ADAPTIVEQF,TRACKING,152,13.259964,41.766210,-0.035748,0.005867,4.999462,0.000000,0.000000,5.000000,0.036231,0,0
1784416293.491376,ADAPTIVEQF,TRACKING,152,15.254538,26.952094,-0.040746,0.008134,5.003406,0.000000,0.000000,5.000000,0.041689,0,0
1784416293.518855,ADAPTIVEQF,TRACKING,152,13.285620,25.473000,-0.044425,0.009625,5.005816,0.000000,0.000000,5.000000,0.045827,0,0
1784416293.541375,ADAPTIVEQF,TRACKING,163,18.248473,23.429202,-0.047272,0.008947,5.006041,0.000000,0.000000,5.000000,0.048489,0,0
1784416293.566376,ADAPTIVEQF,TRACKING,150,16.118408,46.299134,-0.047272,0.008947,5.006041,0.000000,0.000000,5.000000,0.048489,0,0
1784416293.591375,ADAPTIVEQF,TRACKING,150,13.114861,21.952413,-0.049652,0.007704,5.004662,0.000000,0.000000,5.000000,0.050462,0,0
1784416293.616376,ADAPTIVEQF,TRACKING,150,17.121717,28.979666,-0.051769,0.006573,5.003517,0.000000,0.000000,5.000000,0.052303,0,0
1784416293.641376,ADAPTIVEQF,TRACKING,150,13.120824,18.110361,-0.053675,0.005488,5.002453,0.000000,0.000000,5.000000,0.054011,0,0
1784416293.666377,ADAPTIVEQF,TRACKING,155,18.522629,48.512378,-0.053675,0.005488,5.002453,0.000000,0.000000,5.000000,0.054011,0,0
1784416293.691376,ADAPTIVEQF,TRACKING,150,13.109735,19.551518,-0.055030,0.005302,5.002868,0.000000,0.000000,5.000000,0.055359,0,0
1784416293.716377,ADAPTIVEQF,TRACKING,152,16.246635,28.109068,-0.055956,0.005173,5.004569,0.000000,0.000000,5.000000,0.056380,0,0
1784416293.741377,ADAPTIVEQF,TRACKING,150,14.120204,19.318062,-0.056870,0.005032,5.005468,0.000000,0.000000,5.000000,0.057354,0,0
1784416293.766378,ADAPTIVEQF,TRACKING,156,15.623095,45.822806,-0.056870,0.005032,5.005468,0.000000,0.000000,5.000000,0.057354,0,0
1784416293.791854,ADAPTIVEQF,TRACKING,150,16.114293,25.926586,-0.057864,0.004979,5.006611,0.000000,0.000000,5.000000,0.058452,0,0
1784416293.816378,ADAPTIVEQF,TRACKING,150,14.103505,22.477534,-0.059169,0.005224,5.009169,0.000000,0.000000,5.000000,0.060102,0,0
1784416293.841378,ADAPTIVEQF,TRACKING,150,18.111611,23.075410,-0.060187,0.005316,5.010787,0.000000,0.000000,5.000000,0.061376,0,0
1784416293.866379,ADAPTIVEQF,TRACKING,150,13.086255,43.051716,-0.060187,0.005316,5.010787,0.000000,0.000000,5.000000,0.061376,0,0
1784416293.891379,ADAPTIVEQF,TRACKING,150,16.080501,27.955165,-0.061048,0.005261,5.013830,0.000000,0.000000,5.000000,0.062816,0,0
1784416293.916380,ADAPTIVEQF,TRACKING,150,14.076485,22.959676,-0.061530,0.005157,5.014347,0.000000,0.000000,5.000000,0.063390,0,0
1784416293.941380,ADAPTIVEQF,TRACKING,156,15.687569,20.773749,-0.061899,0.005035,5.013637,0.000000,0.000000,5.000000,0.063583,0,0
1784416293.966381,ADAPTIVEQF,TRACKING,150,17.123114,47.211813,-0.061899,0.005035,5.013637,0.000000,0.000000,5.000000,0.063583,0,0
1784416293.991381,ADAPTIVEQF,TRACKING,150,15.129182,22.962132,-0.062131,0.004842,5.013181,0.000000,0.000000,5.000000,0.063698,0,0
1784416294.016380,ADAPTIVEQF,TRACKING,150,16.103539,25.932917,-0.062167,0.004742,5.013873,0.000000,0.000000,5.000000,0.063873,0,0
1784416294.041380,ADAPTIVEQF,TRACKING,150,13.093110,18.208834,-0.063292,0.005249,5.014051,0.000000,0.000000,5.000000,0.065045,0,0
1784416294.066381,ADAPTIVEQF,TRACKING,152,17.289579,47.406208,-0.063292,0.005249,5.014051,0.000000,0.000000,5.000000,0.065045,0,0
1784416294.091381,ADAPTIVEQF,TRACKING,150,13.104991,20.779811,-0.064881,0.006126,5.013309,0.000000,0.000000,5.000000,0.066515,0,0
1784416294.117856,ADAPTIVEQF,TRACKING,156,16.604194,29.939543,-0.065858,0.006796,5.011939,0.000000,0.000000,5.000000,0.067276,0,0
1784416294.141381,ADAPTIVEQF,TRACKING,150,19.081771,24.172622,-0.066527,0.007386,5.010937,0.000000,0.000000,5.000000,0.067824,0,0
1784416294.166383,ADAPTIVEQF,TRACKING,150,14.104668,44.197541,-0.066527,0.007386,5.010937,0.000000,0.000000,5.000000,0.067824,0,0
1784416294.191382,ADAPTIVEQF,TRACKING,150,15.098181,25.960185,-0.065882,0.009996,5.009780,0.000000,0.000000,5.000000,0.067350,0,0
1784416294.216382,ADAPTIVEQF,TRACKING,150,16.081674,25.948708,-0.064982,0.012424,5.008348,0.000000,0.000000,5.000000,0.066684,0,0
1784416294.241383,ADAPTIVEQF,TRACKING,150,14.097132,19.185322,-0.063831,0.014604,5.006697,0.000000,0.000000,5.000000,0.065822,0,0
1784416294.266383,ADAPTIVEQF,TRACKING,150,15.133742,45.221790,-0.063831,0.014604,5.006697,0.000000,0.000000,5.000000,0.065822,0,0
1784416294.291383,ADAPTIVEQF,TRACKING,150,16.174471,26.005549,-0.062617,0.016863,5.006731,0.000000,0.000000,5.000000,0.065196,0,0
1784416294.316384,ADAPTIVEQF,TRACKING,150,17.107946,25.896799,-0.061954,0.018394,5.009715,0.000000,0.000000,5.000000,0.065353,0,0
1784416294.341384,ADAPTIVEQF,TRACKING,150,13.072833,18.340963,-0.060993,0.019820,5.012231,0.000000,0.000000,5.000000,0.065289,0,0
1784416294.366384,ADAPTIVEQF,TRACKING,150,18.127699,48.396191,-0.060993,0.019820,5.012231,0.000000,0.000000,5.000000,0.065289,0,0
1784416294.391384,ADAPTIVEQF,TRACKING,150,16.147105,22.981615,-0.059745,0.021100,5.015199,0.000000,0.000000,5.000000,0.065158,0,0
1784416294.416385,ADAPTIVEQF,TRACKING,150,17.110792,25.930638,-0.057697,0.022831,5.017098,0.000000,0.000000,5.000000,0.064362,0,0
1784416294.441384,ADAPTIVEQF,TRACKING,150,13.111557,18.144627,-0.054924,0.025073,5.017027,0.000000,0.000000,5.000000,0.062731,0,0
1784416294.466385,ADAPTIVEQF,TRACKING,150,15.108954,45.143215,-0.054924,0.025073,5.017027,0.000000,0.000000,5.000000,0.062731,0,0
1784416294.493855,ADAPTIVEQF,TRACKING,150,13.111095,25.431841,-0.051246,0.027843,5.017138,0.000000,0.000000,5.000000,0.060788,0,0
1784416294.516386,ADAPTIVEQF,TRACKING,163,17.224558,26.600161,-0.048091,0.029945,5.016003,0.000000,0.000000,5.000000,0.058869,0,0
1784416294.541385,ADAPTIVEQF,TRACKING,153,15.384104,20.410748,-0.045443,0.031531,5.012957,0.000000,0.000000,5.000000,0.056808,0,0
1784416294.566386,ADAPTIVEQF,TRACKING,153,16.380459,46.408207,-0.045443,0.031531,5.012957,0.000000,0.000000,5.000000,0.056808,0,0
1784416294.591387,ADAPTIVEQF,TRACKING,150,14.080693,22.664045,-0.042890,0.032796,5.009585,0.000000,0.000000,5.000000,0.054836,0,0
1784416294.618854,ADAPTIVEQF,TRACKING,150,13.123957,25.093129,-0.040198,0.033878,5.006665,0.000000,0.000000,5.000000,0.052991,0,0
1784416294.641387,ADAPTIVEQF,TRACKING,156,16.622951,21.751784,-0.037365,0.034715,5.004371,0.000000,0.000000,5.000000,0.051190,0,0
1784416294.666388,ADAPTIVEQF,TRACKING,156,15.603748,45.733502,-0.037365,0.034715,5.004371,0.000000,0.000000,5.000000,0.051190,0,0
1784416294.691388,ADAPTIVEQF,TRACKING,153,16.391404,25.753423,-0.031337,0.036924,5.002025,0.000000,0.000000,5.000000,0.048471,0,0
1784416294.716388,ADAPTIVEQF,TRACKING,150,14.128532,22.691030,-0.026688,0.038204,5.000043,0.000000,0.000000,5.000000,0.046602,0,0
1784416294.741389,ADAPTIVEQF,TRACKING,150,15.076630,20.239885,-0.022166,0.039162,4.998064,0.000000,0.000000,5.000000,0.045041,0,0
1784416294.768854,ADAPTIVEQF,TRACKING,150,13.106214,45.735476,-0.022166,0.039162,4.998064,0.000000,0.000000,5.000000,0.045041,0,0
1784416294.791389,ADAPTIVEQF,TRACKING,159,16.878266,26.273909,-0.017683,0.039947,4.996314,0.000000,0.000000,5.000000,0.043841,0,0
1784416294.816388,ADAPTIVEQF,TRACKING,153,15.336167,22.853799,-0.013201,0.040911,4.995456,0.000000,0.000000,5.000000,0.043227,0,0
1784416294.841390,ADAPTIVEQF,TRACKING,153,16.397772,21.449418,-0.008928,0.041662,4.994741,0.000000,0.000000,5.000000,0.042931,0,0
1784416294.866390,ADAPTIVEQF,TRACKING,150,14.092538,44.143958,-0.008928,0.041662,4.994741,0.000000,0.000000,5.000000,0.042931,0,0
1784416294.891390,ADAPTIVEQF,TRACKING,150,15.144768,26.014043,-0.003913,0.042327,4.992505,0.000000,0.000000,5.000000,0.043163,0,0
1784416294.918854,ADAPTIVEQF,TRACKING,150,13.129419,25.406340,-0.000431,0.040396,4.989788,0.000000,0.000000,5.000000,0.041669,0,0
1784416294.941391,ADAPTIVEQF,TRACKING,159,16.863324,21.782529,0.002567,0.036303,4.986708,0.000000,0.000000,5.000000,0.038745,0,0
1784416294.966391,ADAPTIVEQF,TRACKING,152,15.290296,45.209356,0.002567,0.036303,4.986708,0.000000,0.000000,5.000000,0.038745,0,0
1784416294.991391,ADAPTIVEQF,TRACKING,152,16.301424,25.977472,0.005396,0.032475,4.983648,0.000000,0.000000,5.000000,0.036757,0,0
1784416295.016391,ADAPTIVEQF,TRACKING,150,14.128859,22.788059,0.008178,0.028907,4.979731,0.000000,0.000000,5.000000,0.036240,0,0
1784416295.041391,ADAPTIVEQF,TRACKING,150,15.123156,20.218487,0.010619,0.025745,4.974461,0.000000,0.000000,5.000000,0.037787,0,0
1784416295.066391,ADAPTIVEQF,TRACKING,150,16.083664,46.179515,0.010619,0.025745,4.974461,0.000000,0.000000,5.000000,0.037787,0,0
1784416295.091392,ADAPTIVEQF,TRACKING,150,17.107050,25.992937,0.012450,0.023426,4.970832,0.000000,0.000000,5.000000,0.039428,0,0
1784416295.116392,ADAPTIVEQF,TRACKING,150,13.147047,21.010386,0.014292,0.020965,4.968386,0.000000,0.000000,5.000000,0.040537,0,0
1784416295.141393,ADAPTIVEQF,TRACKING,150,15.137265,20.298373,0.016084,0.018386,4.966714,0.000000,0.000000,5.000000,0.041288,0,0
1784416295.166393,ADAPTIVEQF,TRACKING,150,16.120804,46.282404,0.016084,0.018386,4.966714,0.000000,0.000000,5.000000,0.041288,0,0
1784416295.191393,ADAPTIVEQF,TRACKING,152,14.277681,23.117931,0.018709,0.014096,4.962579,0.000000,0.000000,5.000000,0.044148,0,0
1784416295.217856,ADAPTIVEQF,TRACKING,150,16.151520,28.306257,0.021150,0.010029,4.959100,0.000000,0.000000,5.000000,0.047124,0,0
1784416295.241393,ADAPTIVEQF,TRACKING,150,13.082033,18.236686,0.023364,0.006233,4.956953,0.000000,0.000000,5.000000,0.049374,0,0
1784416295.266394,ADAPTIVEQF,TRACKING,155,16.553704,46.709082,0.023364,0.006233,4.956953,0.000000,0.000000,5.000000,0.049374,0,0
1784416295.291394,ADAPTIVEQF,TRACKING,150,17.121785,25.532474,0.026842,0.002236,4.955511,0.000000,0.000000,5.000000,0.052008,0,0
1784416295.316395,ADAPTIVEQF,TRACKING,150,13.104308,20.950374,0.030415,-0.000321,4.955127,0.000000,0.000000,5.000000,0.054210,0,0
1784416295.341395,ADAPTIVEQF,TRACKING,150,16.098494,21.167784,0.033641,-0.002695,4.955126,0.000000,0.000000,5.000000,0.056149,0,0
1784416295.366395,ADAPTIVEQF,TRACKING,150,14.085460,44.154297,0.033641,-0.002695,4.955126,0.000000,0.000000,5.000000,0.056149,0,0
1784416295.391396,ADAPTIVEQF,TRACKING,155,18.546980,29.431853,0.036533,-0.004893,4.955882,0.000000,0.000000,5.000000,0.057489,0,0
1784416295.416395,ADAPTIVEQF,TRACKING,150,13.103477,19.510608,0.038796,-0.006814,4.954910,0.000000,0.000000,5.000000,0.059872,0,0
1784416295.441396,ADAPTIVEQF,TRACKING,150,15.139712,20.070043,0.040546,-0.008522,4.952311,0.000000,0.000000,5.000000,0.063173,0,0
1784416295.466397,ADAPTIVEQF,TRACKING,150,16.129091,46.060207,0.040546,-0.008522,4.952311,0.000000,0.000000,5.000000,0.063173,0,0
1784416295.491397,ADAPTIVEQF,TRACKING,152,17.298215,26.120537,0.042492,-0.010683,4.950231,0.000000,0.000000,5.000000,0.066307,0,0
1784416295.516397,ADAPTIVEQF,TRACKING,150,13.125856,20.788224,0.043896,-0.012454,4.949732,0.000000,0.000000,5.000000,0.067889,0,0
1784416295.541397,ADAPTIVEQF,TRACKING,150,15.147877,20.249272,0.044883,-0.012571,4.949352,0.000000,0.000000,5.000000,0.068831,0,0
1784416295.566398,ADAPTIVEQF,TRACKING,150,16.112829,46.215378,0.044883,-0.012571,4.949352,0.000000,0.000000,5.000000,0.068831,0,0
1784416295.591397,ADAPTIVEQF,TRACKING,152,14.255763,23.105693,0.045530,-0.012315,4.950438,0.000000,0.000000,5.000000,0.068418,0,0
1784416295.617854,ADAPTIVEQF,TRACKING,150,16.094301,28.265684,0.045918,-0.012210,4.951420,0.000000,0.000000,5.000000,0.067952,0,0
1784416295.641398,ADAPTIVEQF,TRACKING,150,13.122658,17.656451,0.046014,-0.012243,4.951784,0.000000,0.000000,5.000000,0.067764,0,0
1784416295.666399,ADAPTIVEQF,TRACKING,155,18.531124,48.065892,0.046014,-0.012243,4.951784,0.000000,0.000000,5.000000,0.067764,0,0
1784416295.691398,ADAPTIVEQF,TRACKING,150,13.105538,19.536630,0.042970,-0.011713,4.954765,0.000000,0.000000,5.000000,0.063481,0,0
1784416295.716398,ADAPTIVEQF,TRACKING,152,17.282957,28.808192,0.040346,-0.011604,4.958857,0.000000,0.000000,5.000000,0.058781,0,0
1784416295.741399,ADAPTIVEQF,TRACKING,150,13.060957,18.137550,0.037562,-0.011644,4.962536,0.000000,0.000000,5.000000,0.054315,0,0
1784416295.766400,ADAPTIVEQF,TRACKING,156,15.608232,45.685863,0.037562,-0.011644,4.962536,0.000000,0.000000,5.000000,0.054315,0,0
1784416295.791853,ADAPTIVEQF,TRACKING,150,16.126145,25.912324,0.034974,-0.012609,4.966128,0.000000,0.000000,5.000000,0.050294,0,0
1784416295.816400,ADAPTIVEQF,TRACKING,152,14.255154,22.637916,0.033072,-0.016086,4.971852,0.000000,0.000000,5.000000,0.046312,0,0
1784416295.841400,ADAPTIVEQF,TRACKING,150,15.101720,19.644643,0.030999,-0.019307,4.976694,0.000000,0.000000,5.000000,0.043322,0,0
1784416295.866401,ADAPTIVEQF,TRACKING,150,16.093625,45.637840,0.030999,-0.019307,4.976694,0.000000,0.000000,5.000000,0.043322,0,0
1784416295.891401,ADAPTIVEQF,TRACKING,150,17.092178,25.961550,0.028293,-0.022949,4.981580,0.000000,0.000000,5.000000,0.040822,0,0
1784416295.916401,ADAPTIVEQF,TRACKING,150,13.084273,20.611888,0.025910,-0.025478,4.984330,0.000000,0.000000,5.000000,0.039572,0,0
1784416295.941401,ADAPTIVEQF,TRACKING,150,15.095912,20.147860,0.023315,-0.027634,4.987003,0.000000,0.000000,5.000000,0.038421,0,0
1784416295.966402,ADAPTIVEQF,TRACKING,150,16.065995,46.118430,0.023315,-0.027634,4.987003,0.000000,0.000000,5.000000,0.038421,0,0
1784416295.991402,ADAPTIVEQF,TRACKING,152,14.295140,23.185687,0.020662,-0.029528,4.989760,0.000000,0.000000,5.000000,0.037465,0,0
1784416296.017855,ADAPTIVEQF,TRACKING,150,16.089139,28.211232,0.017979,-0.031200,4.992268,0.000000,0.000000,5.000000,0.036830,0,0
1784416296.041404,ADAPTIVEQF,TRACKING,150,13.108852,18.349511,0.015602,-0.031455,4.994662,0.000000,0.000000,5.000000,0.035516,0,0
1784416296.068855,ADAPTIVEQF,TRACKING,155,13.552754,46.245029,0.015602,-0.031455,4.994662,0.000000,0.000000,5.000000,0.035516,0,0
1784416296.091403,ADAPTIVEQF,TRACKING,159,17.903669,26.863035,0.012770,-0.031207,4.999177,0.000000,0.000000,5.000000,0.033729,0,0
1784416296.116403,ADAPTIVEQF,TRACKING,156,16.618563,23.681348,0.010535,-0.030956,5.003007,0.000000,0.000000,5.000000,0.032837,0,0
1784416296.141403,ADAPTIVEQF,TRACKING,150,13.120956,18.271153,0.008399,-0.030582,5.007019,0.000000,0.000000,5.000000,0.032482,0,0
1784416296.166403,ADAPTIVEQF,TRACKING,150,15.089382,45.239849,0.008399,-0.030582,5.007019,0.000000,0.000000,5.000000,0.032482,0,0
1784416296.191403,ADAPTIVEQF,TRACKING,152,16.279229,26.145878,0.005793,-0.029662,5.007921,0.000000,0.000000,5.000000,0.031243,0,0
1784416296.216405,ADAPTIVEQF,TRACKING,152,17.266867,25.799232,0.003274,-0.028730,5.008799,0.000000,0.000000,5.000000,0.030225,0,0
1784416296.241404,ADAPTIVEQF,TRACKING,150,13.066072,18.230835,0.000785,-0.027777,5.009505,0.000000,0.000000,5.000000,0.029369,0,0
1784416296.266405,ADAPTIVEQF,TRACKING,150,16.089666,46.255068,0.000785,-0.027777,5.009505,0.000000,0.000000,5.000000,0.029369,0,0
1784416296.291404,ADAPTIVEQF,TRACKING,150,14.111726,22.987360,-0.002869,-0.027190,5.009776,0.000000,0.000000,5.000000,0.029036,0,0
1784416296.316406,ADAPTIVEQF,TRACKING,156,15.614750,26.467525,-0.006293,-0.027417,5.009366,0.000000,0.000000,5.000000,0.029648,0,0
1784416296.341405,ADAPTIVEQF,TRACKING,150,13.107702,15.654404,-0.009431,-0.027584,5.009054,0.000000,0.000000,5.000000,0.030525,0,0
1784416296.366854,ADAPTIVEQF,TRACKING,159,16.853006,44.848427,-0.009431,-0.027584,5.009054,0.000000,0.000000,5.000000,0.030525,0,0
1784416296.391406,ADAPTIVEQF,TRACKING,153,15.430974,23.089051,-0.012312,-0.027732,5.008937,0.000000,0.000000,5.000000,0.031631,0,0
1784416296.416407,ADAPTIVEQF,TRACKING,152,17.249367,26.498439,-0.014850,-0.027965,5.009141,0.000000,0.000000,5.000000,0.032956,0,0
1784416296.441406,ADAPTIVEQF,TRACKING,150,13.108766,18.151187,-0.017056,-0.028226,5.010627,0.000000,0.000000,5.000000,0.034649,0,0
1784416296.466408,ADAPTIVEQF,TRACKING,150,15.070322,45.113389,-0.017056,-0.028226,5.010627,0.000000,0.000000,5.000000,0.034649,0,0
1784416296.491407,ADAPTIVEQF,TRACKING,150,16.093258,25.788643,-0.019532,-0.028301,5.011796,0.000000,0.000000,5.000000,0.036353,0,0
1784416296.516407,ADAPTIVEQF,TRACKING,152,17.295783,26.168335,-0.021371,-0.028156,5.012473,0.000000,0.000000,5.000000,0.037484,0,0
1784416296.541407,ADAPTIVEQF,TRACKING,150,13.109831,18.327793,-0.023979,-0.026709,5.013475,0.000000,0.000000,5.000000,0.038340,0,0
1784416296.566409,ADAPTIVEQF,TRACKING,150,15.127670,45.347594,-0.023979,-0.026709,5.013475,0.000000,0.000000,5.000000,0.038340,0,0
1784416296.591408,ADAPTIVEQF,TRACKING,150,16.110632,25.943592,-0.026588,-0.024907,5.013835,0.000000,0.000000,5.000000,0.038971,0,0
1784416296.616408,ADAPTIVEQF,TRACKING,152,14.253689,23.115102,-0.028849,-0.023211,5.014006,0.000000,0.000000,5.000000,0.039587,0,0
1784416296.641408,ADAPTIVEQF,TRACKING,150,18.095940,20.640369,-0.030739,-0.021656,5.013248,0.000000,0.000000,5.000000,0.039867,0,0
1784416296.666411,ADAPTIVEQF,TRACKING,150,13.105999,40.652812,-0.030739,-0.021656,5.013248,0.000000,0.000000,5.000000,0.039867,0,0
1784416296.691409,ADAPTIVEQF,TRACKING,150,17.131082,28.780684,-0.034393,-0.015568,5.010848,0.000000,0.000000,5.000000,0.039280,0,0
1784416296.716410,ADAPTIVEQF,TRACKING,150,13.089947,20.825345,-0.036874,-0.011169,5.008967,0.000000,0.000000,5.000000,0.039558,0,0
1784416296.741410,ADAPTIVEQF,TRACKING,155,15.558214,20.111706,-0.039045,-0.007107,5.008317,0.000000,0.000000,5.000000,0.040549,0,0
1784416296.766411,ADAPTIVEQF,TRACKING,150,16.117704,45.672433,-0.039045,-0.007107,5.008317,0.000000,0.000000,5.000000,0.040549,0,0
1784416296.791410,ADAPTIVEQF,TRACKING,152,15.268583,22.806548,-0.040534,-0.003255,5.008805,0.000000,0.000000,5.000000,0.041606,0,0
1784416296.816411,ADAPTIVEQF,TRACKING,150,16.104271,25.806132,-0.040800,0.000285,5.008975,0.000000,0.000000,5.000000,0.041777,0,0
1784416296.841411,ADAPTIVEQF,TRACKING,150,14.081248,19.203946,-0.040783,0.004277,5.008435,0.000000,0.000000,5.000000,0.041865,0,0
1784416296.866412,ADAPTIVEQF,TRACKING,150,15.080177,45.203471,-0.040783,0.004277,5.008435,0.000000,0.000000,5.000000,0.041865,0,0
1784416296.891412,ADAPTIVEQF,TRACKING,150,16.343746,26.230019,-0.040416,0.007105,5.008947,0.000000,0.000000,5.000000,0.042000,0,0
1784416296.916412,ADAPTIVEQF,TRACKING,150,17.874450,26.491824,-0.040163,0.009638,5.009789,0.000000,0.000000,5.000000,0.042448,0,0
1784416296.941413,ADAPTIVEQF,TRACKING,150,13.800887,18.804527,-0.039973,0.011964,5.009493,0.000000,0.000000,5.000000,0.042791,0,0
1784416296.966415,ADAPTIVEQF,TRACKING,150,17.282240,47.289011,-0.039973,0.011964,5.009493,0.000000,0.000000,5.000000,0.042791,0,0
1784416296.991414,ADAPTIVEQF,TRACKING,150,13.826127,21.372433,-0.039441,0.014082,5.008379,0.000000,0.000000,5.000000,0.042710,0,0
1784416297.018855,ADAPTIVEQF,TRACKING,150,13.827076,27.405334,-0.038567,0.016048,5.006251,0.000000,0.000000,5.000000,0.042237,0,0
1784416297.041413,ADAPTIVEQF,TRACKING,150,13.833268,16.385845,-0.037451,0.015302,5.005479,0.000000,0.000000,5.000000,0.040825,0,0
1784416297.066414,ADAPTIVEQF,TRACKING,162,16.526085,44.080707,-0.037451,0.015302,5.005479,0.000000,0.000000,5.000000,0.040825,0,0
1784416297.091854,ADAPTIVEQF,TRACKING,157,17.613255,26.489996,-0.035685,0.013534,5.004030,0.000000,0.000000,5.000000,0.038377,0,0
1784416297.116414,ADAPTIVEQF,TRACKING,150,16.814653,23.723763,-0.034019,0.012296,5.001986,0.000000,0.000000,5.000000,0.036228,0,0
1784416297.141414,ADAPTIVEQF,TRACKING,150,16.213525,21.455573,-0.032184,0.011127,4.999380,0.000000,0.000000,5.000000,0.034059,0,0
1784416297.166416,ADAPTIVEQF,TRACKING,150,14.811945,45.056166,-0.032184,0.011127,4.999380,0.000000,0.000000,5.000000,0.034059,0,0
1784416297.193854,ADAPTIVEQF,TRACKING,150,13.759465,26.340739,-0.030326,0.010628,4.995752,0.000000,0.000000,5.000000,0.032414,0,0
1784416297.216854,ADAPTIVEQF,TRACKING,150,16.480362,25.682868,-0.028217,0.010209,4.992485,0.000000,0.000000,5.000000,0.030933,0,0
1784416297.241415,ADAPTIVEQF,TRACKING,150,16.250798,21.421683,-0.025851,0.009946,4.989303,0.000000,0.000000,5.000000,0.029692,0,0
1784416297.266416,ADAPTIVEQF,TRACKING,150,17.857482,48.029988,-0.025851,0.009946,4.989303,0.000000,0.000000,5.000000,0.029692,0,0
1784416297.291416,ADAPTIVEQF,TRACKING,150,13.865476,20.964788,-0.022388,0.010497,4.986294,0.000000,0.000000,5.000000,0.028271,0,0
1784416297.316418,ADAPTIVEQF,TRACKING,150,17.248129,28.340262,-0.019278,0.011848,4.983478,0.000000,0.000000,5.000000,0.028018,0,0
1784416297.341417,ADAPTIVEQF,TRACKING,150,16.250706,21.352880,-0.016077,0.013058,4.980032,0.000000,0.000000,5.000000,0.028769,0,0
1784416297.366419,ADAPTIVEQF,TRACKING,150,14.838243,44.942715,-0.016077,0.013058,4.980032,0.000000,0.000000,5.000000,0.028769,0,0
1784416297.391608,ADAPTIVEQF,TRACKING,150,16.994124,26.724345,-0.012883,0.014084,4.976706,0.000000,0.000000,5.000000,0.030116,0,0
1784416297.416417,ADAPTIVEQF,TRACKING,150,15.815339,23.581267,-0.010192,0.014572,4.973172,0.000000,0.000000,5.000000,0.032186,0,0
1784416297.441417,ADAPTIVEQF,TRACKING,150,17.502223,22.588970,-0.008022,0.014563,4.970236,0.000000,0.000000,5.000000,0.034093,0,0
1784416297.466419,ADAPTIVEQF,TRACKING,150,13.838716,43.926994,-0.008022,0.014563,4.970236,0.000000,0.000000,5.000000,0.034093,0,0
1784416297.491419,ADAPTIVEQF,TRACKING,150,17.987373,29.115393,-0.005482,0.014427,4.968299,0.000000,0.000000,5.000000,0.035258,0,0
1784416297.516418,ADAPTIVEQF,TRACKING,150,16.128695,23.094887,-0.003558,0.014169,4.967485,0.000000,0.000000,5.000000,0.035646,0,0
1784416297.541419,ADAPTIVEQF,TRACKING,150,13.121842,18.259354,-0.001307,0.014447,4.965508,0.000000,0.000000,5.000000,0.037419,0,0
1784416297.566419,ADAPTIVEQF,TRACKING,150,17.136752,47.274375,-0.001307,0.014447,4.965508,0.000000,0.000000,5.000000,0.037419,0,0
1784416297.591419,ADAPTIVEQF,TRACKING,150,13.097793,20.924239,0.000925,0.014767,4.964205,0.000000,0.000000,5.000000,0.038733,0,0
1784416297.616419,ADAPTIVEQF,TRACKING,155,18.523452,30.391614,0.003055,0.014951,4.963755,0.000000,0.000000,5.000000,0.039327,0,0
1784416297.641420,ADAPTIVEQF,TRACKING,150,13.121075,18.431021,0.005219,0.015158,4.963388,0.000000,0.000000,5.000000,0.039968,0,0
1784416297.666420,ADAPTIVEQF,TRACKING,152,16.259903,46.569971,0.005219,0.015158,4.963388,0.000000,0.000000,5.000000,0.039968,0,0
1784416297.691420,ADAPTIVEQF,TRACKING,150,14.149404,22.852529,0.005464,0.013504,4.963159,0.000000,0.000000,5.000000,0.039617,0,0
1784416297.716421,ADAPTIVEQF,TRACKING,155,15.526969,26.344459,0.005914,0.012321,4.962457,0.000000,0.000000,5.000000,0.039953,0,0
1784416297.741421,ADAPTIVEQF,TRACKING,150,16.125747,19.690282,0.006534,0.011223,4.960791,0.000000,0.000000,5.000000,0.041304,0,0
1784416297.766422,ADAPTIVEQF,TRACKING,150,13.079596,41.645012,0.006534,0.011223,4.960791,0.000000,0.000000,5.000000,0.041304,0,0
1784416297.791422,ADAPTIVEQF,TRACKING,152,17.285676,29.173404,0.007456,0.010066,4.958005,0.000000,0.000000,5.000000,0.043823,0,0
1784416297.816422,ADAPTIVEQF,TRACKING,150,15.106198,22.787417,0.009123,0.008621,4.952541,0.000000,0.000000,5.000000,0.049090,0,0
1784416297.841422,ADAPTIVEQF,TRACKING,150,16.106197,21.318528,0.010657,0.007282,4.947765,0.000000,0.000000,5.000000,0.053806,0,0
1784416297.866424,ADAPTIVEQF,TRACKING,150,13.100451,43.315061,0.010657,0.007282,4.947765,0.000000,0.000000,5.000000,0.053806,0,0
1784416297.891423,ADAPTIVEQF,TRACKING,152,17.302715,29.159909,0.012454,0.005783,4.945058,0.000000,0.000000,5.000000,0.056632,0,0
1784416297.916423,ADAPTIVEQF,TRACKING,150,15.101238,22.764841,0.013007,0.006062,4.943555,0.000000,0.000000,5.000000,0.058241,0,0
1784416297.941423,ADAPTIVEQF,TRACKING,150,16.125287,21.331035,0.012737,0.007657,4.941581,0.000000,0.000000,5.000000,0.060279,0,0
1784416297.966424,ADAPTIVEQF,TRACKING,150,13.095523,43.302423,0.012737,0.007657,4.941581,0.000000,0.000000,5.000000,0.060279,0,0
1784416297.991424,ADAPTIVEQF,TRACKING,152,17.291499,29.161952,0.012488,0.009155,4.940196,0.000000,0.000000,5.000000,0.061776,0,0
1784416298.016424,ADAPTIVEQF,TRACKING,150,13.127459,20.797308,0.012176,0.010593,4.939775,0.000000,0.000000,5.000000,0.062350,0,0
1784416298.041424,ADAPTIVEQF,TRACKING,155,15.560854,20.707601,0.012337,0.013796,4.938703,0.000000,0.000000,5.000000,0.064030,0,0
1784416298.068856,ADAPTIVEQF,TRACKING,150,13.091940,45.670471,0.012337,0.013796,4.938703,0.000000,0.000000,5.000000,0.064030,0,0
1784416298.091425,ADAPTIVEQF,TRACKING,163,17.192912,26.633151,0.012284,0.018084,4.940396,0.000000,0.000000,5.000000,0.063487,0,0
1784416298.116425,ADAPTIVEQF,TRACKING,153,15.390596,23.165509,0.012114,0.021196,4.941839,0.000000,0.000000,5.000000,0.063077,0,0
1784416298.141425,ADAPTIVEQF,TRACKING,153,16.379878,21.549738,0.011988,0.024073,4.942327,0.000000,0.000000,5.000000,0.063635,0,0
1784416298.166426,ADAPTIVEQF,TRACKING,150,14.104738,44.274626,0.011988,0.024073,4.942327,0.000000,0.000000,5.000000,0.063635,0,0
1784416298.191426,ADAPTIVEQF,TRACKING,150,15.076711,25.932028,0.010434,0.026186,4.945251,0.000000,0.000000,5.000000,0.061579,0,0
1784416298.218854,ADAPTIVEQF,TRACKING,150,13.082649,25.396789,0.008958,0.028014,4.947921,0.000000,0.000000,5.000000,0.059810,0,0
1784416298.241426,ADAPTIVEQF,TRACKING,159,16.908467,21.957786,0.007522,0.029538,4.951326,0.000000,0.000000,5.000000,0.057430,0,0
1784416298.266427,ADAPTIVEQF,TRACKING,153,15.352996,45.402697,0.007522,0.029538,4.951326,0.000000,0.000000,5.000000,0.057430,0,0
1784416298.291427,ADAPTIVEQF,TRACKING,153,16.417977,26.027683,0.006824,0.031302,4.956406,0.000000,0.000000,5.000000,0.054100,0,0
1784416298.316427,ADAPTIVEQF,TRACKING,150,14.104937,22.651063,0.007504,0.032748,4.958590,0.000000,0.000000,5.000000,0.053325,0,0
1784416298.341428,ADAPTIVEQF,TRACKING,150,15.117219,20.337117,0.007989,0.034052,4.960149,0.000000,0.000000,5.000000,0.053023,0,0
1784416298.368854,ADAPTIVEQF,TRACKING,150,13.105065,45.751628,0.007989,0.034052,4.960149,0.000000,0.000000,5.000000,0.053023,0,0
1784416298.391428,ADAPTIVEQF,TRACKING,159,16.884578,26.315627,0.008337,0.035186,4.961692,0.000000,0.000000,5.000000,0.052679,0,0
1784416298.416428,ADAPTIVEQF,TRACKING,152,15.245670,23.323692,0.007118,0.036277,4.964720,0.000000,0.000000,5.000000,0.051101,0,0
1784416298.441429,ADAPTIVEQF,TRACKING,153,16.374206,21.441328,0.004563,0.037240,4.967530,0.000000,0.000000,5.000000,0.049618,0,0
1784416298.466430,ADAPTIVEQF,TRACKING,150,14.097648,44.165703,0.004563,0.037240,4.967530,0.000000,0.000000,5.000000,0.049618,0,0
1784416298.491429,ADAPTIVEQF,TRACKING,150,15.112961,25.971284,0.001611,0.037988,4.970315,0.000000,0.000000,5.000000,0.048238,0,0
1784416298.516429,ADAPTIVEQF,TRACKING,150,16.088849,25.939243,-0.000574,0.038234,4.972086,0.000000,0.000000,5.000000,0.047343,0,0
1784416298.541430,ADAPTIVEQF,TRACKING,150,17.102604,22.332653,-0.002172,0.037241,4.971659,0.000000,0.000000,5.000000,0.046849,0,0
1784416298.566430,ADAPTIVEQF,TRACKING,150,13.092725,43.323119,-0.002172,0.037241,4.971659,0.000000,0.000000,5.000000,0.046849,0,0
1784416298.591430,ADAPTIVEQF,TRACKING,150,16.122976,27.817574,-0.003484,0.035812,4.969783,0.000000,0.000000,5.000000,0.046986,0,0
1784416298.616430,ADAPTIVEQF,TRACKING,150,14.109035,22.946762,-0.004614,0.034264,4.968242,0.000000,0.000000,5.000000,0.046946,0,0
1784416298.641431,ADAPTIVEQF,TRACKING,155,15.515791,20.667569,-0.005638,0.032575,4.967740,0.000000,0.000000,5.000000,0.046192,0,0
1784416298.668855,ADAPTIVEQF,TRACKING,150,13.111619,45.687378,-0.005638,0.032575,4.967740,0.000000,0.000000,5.000000,0.046192,0,0
1784416298.691431,ADAPTIVEQF,TRACKING,159,16.840705,26.270259,-0.006663,0.028692,4.968086,0.000000,0.000000,5.000000,0.043429,0,0
1784416298.716432,ADAPTIVEQF,TRACKING,153,15.375015,23.499465,-0.007547,0.025593,4.967801,0.000000,0.000000,5.000000,0.041818,0,0
1784416298.741431,ADAPTIVEQF,TRACKING,153,15.388010,20.424600,-0.008375,0.022515,4.966150,0.000000,0.000000,5.000000,0.041508,0,0
1784416298.766432,ADAPTIVEQF,TRACKING,150,17.120126,47.157106,-0.008375,0.022515,4.966150,0.000000,0.000000,5.000000,0.041508,0,0
1784416298.791433,ADAPTIVEQF,TRACKING,150,13.100023,20.948107,-0.008698,0.020091,4.964917,0.000000,0.000000,5.000000,0.041354,0,0
1784416298.816434,ADAPTIVEQF,TRACKING,150,18.128177,29.982470,-0.007971,0.019497,4.965829,0.000000,0.000000,5.000000,0.040141,0,0
1784416298.841434,ADAPTIVEQF,TRACKING,150,13.074449,18.301558,-0.007350,0.018854,4.966829,0.000000,0.000000,5.000000,0.038856,0,0
1784416298.866435,ADAPTIVEQF,TRACKING,152,16.280414,46.508495,-0.007350,0.018854,4.966829,0.000000,0.000000,5.000000,0.038856,0,0
1784416298.891434,ADAPTIVEQF,TRACKING,150,14.111986,22.789886,-0.006627,0.017995,4.968040,0.000000,0.000000,5.000000,0.037272,0,0
1784416298.916435,ADAPTIVEQF,TRACKING,156,15.631705,26.486896,-0.006396,0.018612,4.968862,0.000000,0.000000,5.000000,0.036836,0,0
1784416298.941434,ADAPTIVEQF,TRACKING,150,13.146126,15.723103,-0.006504,0.020107,4.969688,0.000000,0.000000,5.000000,0.036951,0,0
1784416298.966434,ADAPTIVEQF,TRACKING,159,15.882033,43.458966,-0.006504,0.020107,4.969688,0.000000,0.000000,5.000000,0.036951,0,0
1784416298.991434,ADAPTIVEQF,TRACKING,156,17.645404,26.729003,-0.006509,0.021364,4.970160,0.000000,0.000000,5.000000,0.037273,0,0
1784416299.016440,ADAPTIVEQF,TRACKING,150,16.092836,23.208784,-0.006528,0.022468,4.970221,0.000000,0.000000,5.000000,0.037871,0,0
1784416299.041435,ADAPTIVEQF,TRACKING,150,13.092084,18.184860,-0.005847,0.023117,4.971303,0.000000,0.000000,5.000000,0.037311,0,0
1784416299.066436,ADAPTIVEQF,TRACKING,150,17.094368,47.188046,-0.005847,0.023117,4.971303,0.000000,0.000000,5.000000,0.037311,0,0
1784416299.091436,ADAPTIVEQF,TRACKING,150,13.086648,20.848632,-0.004787,0.023761,4.972054,0.000000,0.000000,5.000000,0.036993,0,0
1784416299.117856,ADAPTIVEQF,TRACKING,155,16.524424,29.825157,-0.004039,0.024334,4.974404,0.000000,0.000000,5.000000,0.035547,0,0
1784416299.141436,ADAPTIVEQF,TRACKING,150,13.124399,18.355191,-0.003466,0.024965,4.977873,0.000000,0.000000,5.000000,0.033539,0,0
1784416299.168854,ADAPTIVEQF,TRACKING,159,13.825653,46.473914,-0.003466,0.024965,4.977873,0.000000,0.000000,5.000000,0.033539,0,0
1784416299.191437,ADAPTIVEQF,TRACKING,160,18.019082,26.740473,-0.003289,0.024727,4.981885,0.000000,0.000000,5.000000,0.030828,0,0
1784416299.216437,ADAPTIVEQF,TRACKING,156,16.643439,23.580460,-0.003179,0.024490,4.985315,0.000000,0.000000,5.000000,0.028731,0,0
1784416299.241437,ADAPTIVEQF,TRACKING,150,13.113753,18.207609,-0.003116,0.024252,4.988860,0.000000,0.000000,5.000000,0.026870,0,0
1784416299.266438,ADAPTIVEQF,TRACKING,150,15.102520,45.197502,-0.003116,0.024252,4.988860,0.000000,0.000000,5.000000,0.026870,0,0
1784416299.291438,ADAPTIVEQF,TRACKING,152,16.259269,25.828404,-0.001810,0.024942,4.992039,0.000000,0.000000,5.000000,0.026244,0,0
1784416299.316438,ADAPTIVEQF,TRACKING,152,17.311977,26.013585,0.000665,0.026598,4.992563,0.000000,0.000000,5.000000,0.027626,0,0
1784416299.341439,ADAPTIVEQF,TRACKING,150,13.070978,18.167761,0.002988,0.028110,4.992407,0.000000,0.000000,5.000000,0.029270,0,0
1784416299.366439,ADAPTIVEQF,TRACKING,150,15.098622,45.195266,0.002988,0.028110,4.992407,0.000000,0.000000,5.000000,0.029270,0,0
1784416299.391439,ADAPTIVEQF,TRACKING,150,16.100586,25.968567,0.005192,0.029541,4.991628,0.000000,0.000000,5.000000,0.031140,0,0
1784416299.416440,ADAPTIVEQF,TRACKING,152,17.329932,26.191545,0.008022,0.031317,4.990343,0.000000,0.000000,5.000000,0.033740,0,0
1784416299.441439,ADAPTIVEQF,TRACKING,150,13.070923,18.186604,0.011352,0.033340,4.989518,0.000000,0.000000,5.000000,0.036746,0,0
1784416299.466440,ADAPTIVEQF,TRACKING,150,15.070087,45.186285,0.011352,0.033340,4.989518,0.000000,0.000000,5.000000,0.036746,0,0
1784416299.491440,ADAPTIVEQF,TRACKING,150,16.108666,26.003477,0.015278,0.035741,4.988847,0.000000,0.000000,5.000000,0.040438,0,0
1784416299.516441,ADAPTIVEQF,TRACKING,152,14.243513,23.103411,0.018168,0.037431,4.987698,0.000000,0.000000,5.000000,0.043388,0,0
1784416299.541441,ADAPTIVEQF,TRACKING,150,15.124688,20.419230,0.021106,0.038347,4.985843,0.000000,0.000000,5.000000,0.046005,0,0
1784416299.568854,ADAPTIVEQF,TRACKING,150,13.113893,45.821879,0.021106,0.038347,4.985843,0.000000,0.000000,5.000000,0.046005,0,0
1784416299.591441,ADAPTIVEQF,TRACKING,159,16.908576,26.346138,0.023934,0.038911,4.984079,0.000000,0.000000,5.000000,0.048377,0,0
1784416299.616442,ADAPTIVEQF,TRACKING,152,15.294130,23.357264,0.026483,0.039212,4.983304,0.000000,0.000000,5.000000,0.050177,0,0
1784416299.641442,ADAPTIVEQF,TRACKING,152,16.246293,21.520758,0.028709,0.039205,4.983059,0.000000,0.000000,5.000000,0.051461,0,0
1784416299.666443,ADAPTIVEQF,TRACKING,150,14.388512,44.664446,0.028709,0.039205,4.983059,0.000000,0.000000,5.000000,0.051461,0,0
1784416299.691442,ADAPTIVEQF,TRACKING,150,15.315563,25.876800,0.033868,0.041902,4.984344,0.000000,0.000000,5.000000,0.056107,0,0
1784416299.718854,ADAPTIVEQF,TRACKING,150,13.292555,25.352584,0.037567,0.043483,4.984451,0.000000,0.000000,5.000000,0.059530,0,0
1784416299.741442,ADAPTIVEQF,TRACKING,156,17.805476,22.970961,0.040896,0.044709,4.985181,0.000000,0.000000,5.000000,0.062378,0,0
1784416299.766443,ADAPTIVEQF,TRACKING,150,16.661350,46.826859,0.040896,0.044709,4.985181,0.000000,0.000000,5.000000,0.062378,0,0
1784416299.791443,ADAPTIVEQF,TRACKING,150,13.460707,21.762084,0.044209,0.045650,4.986331,0.000000,0.000000,5.000000,0.065002,0,0
1784416299.816445,ADAPTIVEQF,TRACKING,150,16.523447,28.028430,0.048119,0.046484,4.988790,0.000000,0.000000,5.000000,0.067837,0,0
1784416299.841444,ADAPTIVEQF,TRACKING,150,17.418871,22.688544,0.051647,0.046996,4.991282,0.000000,0.000000,5.000000,0.070371,0,0
1784416299.866445,ADAPTIVEQF,TRACKING,150,13.465756,43.736755,0.051647,0.046996,4.991282,0.000000,0.000000,5.000000,0.070371,0,0
1784416299.891445,ADAPTIVEQF,TRACKING,150,16.325307,27.818552,0.055477,0.047177,4.993996,0.000000,0.000000,5.000000,0.073071,0,0
1784416299.916445,ADAPTIVEQF,TRACKING,150,14.298266,22.936764,0.057134,0.046649,4.995258,0.000000,0.000000,5.000000,0.073912,0,0
1784416299.941445,ADAPTIVEQF,TRACKING,153,18.810068,23.982064,0.057625,0.045538,4.996425,0.000000,0.000000,5.000000,0.073533,0,0
1784416299.966445,ADAPTIVEQF,TRACKING,150,13.095693,43.269049,0.057625,0.045538,4.996425,0.000000,0.000000,5.000000,0.073533,0,0
1784416299.991446,ADAPTIVEQF,TRACKING,150,17.123208,28.991563,0.058075,0.044277,4.998061,0.000000,0.000000,5.000000,0.073054,0,0
1784416300.016446,ADAPTIVEQF,TRACKING,150,13.100061,20.938165,0.058498,0.042908,5.000809,0.000000,0.000000,5.000000,0.072552,0,0
1784416300.041446,ADAPTIVEQF,TRACKING,155,15.512788,20.695717,0.059035,0.039749,5.003632,0.000000,0.000000,5.000000,0.071263,0,0
1784416300.068855,ADAPTIVEQF,TRACKING,150,13.086563,45.677749,0.059035,0.039749,5.003632,0.000000,0.000000,5.000000,0.071263,0,0
1784416300.091447,ADAPTIVEQF,TRACKING,163,17.230585,26.697159,0.059435,0.035266,5.005445,0.000000,0.000000,5.000000,0.069324,0,0
1784416300.116447,ADAPTIVEQF,TRACKING,153,15.366234,23.092045,0.059390,0.031869,5.006055,0.000000,0.000000,5.000000,0.067672,0,0
1784416300.141447,ADAPTIVEQF,TRACKING,153,16.388997,21.454398,0.058982,0.028652,5.006400,0.000000,0.000000,5.000000,0.065885,0,0
1784416300.166448,ADAPTIVEQF,TRACKING,150,14.119833,44.184951,0.058982,0.028652,5.006400,0.000000,0.000000,5.000000,0.065885,0,0
1784416300.191447,ADAPTIVEQF,TRACKING,150,15.093595,25.936347,0.059233,0.022948,5.005120,0.000000,0.000000,5.000000,0.063728,0,0
1784416300.218854,ADAPTIVEQF,TRACKING,150,13.100437,25.385401,0.059095,0.019721,5.004383,0.000000,0.000000,5.000000,0.062453,0,0
1784416300.241448,ADAPTIVEQF,TRACKING,159,17.263719,22.359809,0.058590,0.015619,5.003383,0.000000,0.000000,5.000000,0.060731,0,0
1784416300.266449,ADAPTIVEQF,TRACKING,151,15.541224,45.638337,0.058590,0.015619,5.003383,0.000000,0.000000,5.000000,0.060731,0,0
1784416300.291449,ADAPTIVEQF,TRACKING,150,16.679666,26.102591,0.058158,0.012545,5.001329,0.000000,0.000000,5.000000,0.059511,0,0
1784416300.316449,ADAPTIVEQF,TRACKING,150,15.496082,23.780936,0.058220,0.012226,4.998210,0.000000,0.000000,5.000000,0.059516,0,0
1784416300.341450,ADAPTIVEQF,TRACKING,150,15.478255,20.559264,0.057993,0.011667,4.994549,0.000000,0.000000,5.000000,0.059406,0,0
1784416300.366451,ADAPTIVEQF,TRACKING,150,17.481413,47.563032,0.057993,0.011667,4.994549,0.000000,0.000000,5.000000,0.059406,0,0
1784416300.391450,ADAPTIVEQF,TRACKING,150,13.487683,20.969427,0.057535,0.010991,4.991801,0.000000,0.000000,5.000000,0.059146,0,0
1784416300.416451,ADAPTIVEQF,TRACKING,150,16.271792,27.754808,0.056819,0.009890,4.989522,0.000000,0.000000,5.000000,0.058618,0,0
1784416300.441451,ADAPTIVEQF,TRACKING,150,14.470828,19.648158,0.055817,0.008445,4.986648,0.000000,0.000000,5.000000,0.058010,0,0
1784416300.467854,ADAPTIVEQF,TRACKING,152,16.439267,48.019801,0.055817,0.008445,4.986648,0.000000,0.000000,5.000000,0.058010,0,0
1784416300.491452,ADAPTIVEQF,TRACKING,150,16.490351,23.603626,0.054199,0.006754,4.983317,0.000000,0.000000,5.000000,0.057109,0,0
1784416300.516452,ADAPTIVEQF,TRACKING,150,13.476768,21.943125,0.052638,0.005529,4.981261,0.000000,0.000000,5.000000,0.056147,0,0
1784416300.541451,ADAPTIVEQF,TRACKING,150,15.678236,20.878565,0.051016,0.004900,4.978604,0.000000,0.000000,5.000000,0.055538,0,0
1784416300.566453,ADAPTIVEQF,TRACKING,150,17.196366,47.397797,0.051016,0.004900,4.978604,0.000000,0.000000,5.000000,0.055538,0,0
1784416300.591452,ADAPTIVEQF,TRACKING,150,13.440713,21.202052,0.049262,0.004535,4.976570,0.000000,0.000000,5.000000,0.054738,0,0
1784416300.618854,ADAPTIVEQF,TRACKING,150,13.484471,27.413045,0.047361,0.004242,4.974990,0.000000,0.000000,5.000000,0.053727,0,0
1784416300.641453,ADAPTIVEQF,TRACKING,152,17.642631,22.941321,0.045353,0.003950,4.973489,0.000000,0.000000,5.000000,0.052682,0,0
1784416300.666454,ADAPTIVEQF,TRACKING,152,16.648597,46.948442,0.045353,0.003950,4.973489,0.000000,0.000000,5.000000,0.052682,0,0
1784416300.691453,ADAPTIVEQF,TRACKING,150,13.525635,21.838729,0.043031,0.005004,4.974041,0.000000,0.000000,5.000000,0.050503,0,0
1784416300.716454,ADAPTIVEQF,TRACKING,150,16.254051,27.693938,0.041068,0.005676,4.976178,0.000000,0.000000,5.000000,0.047815,0,0
1784416300.741453,ADAPTIVEQF,TRACKING,150,17.468812,22.532765,0.039010,0.006221,4.978385,0.000000,0.000000,5.000000,0.045029,0,0
1784416300.766454,ADAPTIVEQF,TRACKING,150,13.396564,43.461423,0.039010,0.006221,4.978385,0.000000,0.000000,5.000000,0.045029,0,0
1784416300.791455,ADAPTIVEQF,TRACKING,150,15.659271,27.219614,0.036203,0.006858,4.981334,0.000000,0.000000,5.000000,0.041305,0,0
1784416300.816455,ADAPTIVEQF,TRACKING,150,17.135000,26.444649,0.034393,0.007198,4.983830,0.000000,0.000000,5.000000,0.038680,0,0
1784416300.841455,ADAPTIVEQF,TRACKING,150,13.484259,18.602920,0.031984,0.007485,4.987383,0.000000,0.000000,5.000000,0.035188,0,0
1784416300.868855,ADAPTIVEQF,TRACKING,150,13.487332,46.006661,0.031984,0.007485,4.987383,0.000000,0.000000,5.000000,0.035188,0,0
1784416300.891863,ADAPTIVEQF,TRACKING,153,16.753363,26.235119,0.028905,0.007543,4.989882,0.000000,0.000000,5.000000,0.031540,0,0
1784416300.916455,ADAPTIVEQF,TRACKING,155,15.746696,23.550593,0.026544,0.006391,4.989141,0.000000,0.000000,5.000000,0.029383,0,0
1784416300.941456,ADAPTIVEQF,TRACKING,150,17.331040,22.481798,0.024285,0.004234,4.986752,0.000000,0.000000,5.000000,0.027985,0,0
1784416300.966457,ADAPTIVEQF,TRACKING,150,13.478950,43.630673,0.024285,0.004234,4.986752,0.000000,0.000000,5.000000,0.027985,0,0
1784416300.991457,ADAPTIVEQF,TRACKING,150,16.670371,28.158272,0.021880,0.002149,4.984134,0.000000,0.000000,5.000000,0.027113,0,0
1784416301.016456,ADAPTIVEQF,TRACKING,150,15.323991,23.621791,0.019262,0.000033,4.981136,0.000000,0.000000,5.000000,0.026961,0,0
1784416301.041589,ADAPTIVEQF,TRACKING,150,16.338524,21.706199,0.017294,-0.002981,4.976919,0.000000,0.000000,5.000000,0.028995,0,0
1784416301.066457,ADAPTIVEQF,TRACKING,150,14.459822,44.695179,0.017294,-0.002981,4.976919,0.000000,0.000000,5.000000,0.028995,0,0
1784416301.091538,ADAPTIVEQF,TRACKING,150,15.410048,26.000971,0.014898,-0.006897,4.971869,0.000000,0.000000,5.000000,0.032572,0,0
1784416301.116458,ADAPTIVEQF,TRACKING,150,17.083031,26.060649,0.012725,-0.009872,4.969978,0.000000,0.000000,5.000000,0.034069,0,0
1784416301.141458,ADAPTIVEQF,TRACKING,150,15.466735,20.638804,0.010377,-0.012717,4.969818,0.000000,0.000000,5.000000,0.034356,0,0
1784416301.166459,ADAPTIVEQF,TRACKING,150,16.499655,46.672938,0.010377,-0.012717,4.969818,0.000000,0.000000,5.000000,0.034356,0,0
1784416301.191458,ADAPTIVEQF,TRACKING,150,13.306443,21.464757,0.006862,-0.013810,4.971088,0.000000,0.000000,5.000000,0.032767,0,0
1784416301.216460,ADAPTIVEQF,TRACKING,150,16.417916,28.060613,0.003453,-0.014988,4.971800,0.000000,0.000000,5.000000,0.032122,0,0
1784416301.241460,ADAPTIVEQF,TRACKING,150,17.073538,20.667667,0.000062,-0.016272,4.972454,0.000000,0.000000,5.000000,0.031993,0,0
1784416301.266460,ADAPTIVEQF,TRACKING,150,13.514410,42.109213,0.000062,-0.016272,4.972454,0.000000,0.000000,5.000000,0.031993,0,0
1784416301.291460,ADAPTIVEQF,TRACKING,150,16.441917,27.886515,-0.004743,-0.017716,4.973009,0.000000,0.000000,5.000000,0.032633,0,0
1784416301.316461,ADAPTIVEQF,TRACKING,150,15.494049,23.082965,-0.009195,-0.018590,4.973542,0.000000,0.000000,5.000000,0.033618,0,0
1784416301.341460,ADAPTIVEQF,TRACKING,150,16.302850,21.517501,-0.013454,-0.019491,4.975409,0.000000,0.000000,5.000000,0.034141,0,0
1784416301.366460,ADAPTIVEQF,TRACKING,150,14.256457,44.471947,-0.013454,-0.019491,4.975409,0.000000,0.000000,5.000000,0.034141,0,0
1784416301.391461,ADAPTIVEQF,TRACKING,150,15.458174,26.048119,-0.017482,-0.020373,4.977092,0.000000,0.000000,5.000000,0.035291,0,0
1784416301.418853,ADAPTIVEQF,TRACKING,150,13.456339,25.357409,-0.020284,-0.021258,4.979981,0.000000,0.000000,5.000000,0.035554,0,0
1784416301.441462,ADAPTIVEQF,TRACKING,156,17.866167,22.444473,-0.021918,-0.022070,4.983821,0.000000,0.000000,5.000000,0.035060,0,0
1784416301.466464,ADAPTIVEQF,TRACKING,150,13.478437,43.058332,-0.021918,-0.022070,4.983821,0.000000,0.000000,5.000000,0.035060,0,0
1784416301.491854,ADAPTIVEQF,TRACKING,153,16.564199,28.396700,-0.023797,-0.022810,4.986686,0.000000,0.000000,5.000000,0.035551,0,0
1784416301.516462,ADAPTIVEQF,TRACKING,150,15.416330,23.420096,-0.025090,-0.023117,4.989112,0.000000,0.000000,5.000000,0.035811,0,0
1784416301.541462,ADAPTIVEQF,TRACKING,150,16.464166,21.739767,-0.026723,-0.023532,4.991266,0.000000,0.000000,5.000000,0.036663,0,0
1784416301.566464,ADAPTIVEQF,TRACKING,150,14.297582,44.574398,-0.026723,-0.023532,4.991266,0.000000,0.000000,5.000000,0.036663,0,0
1784416301.591464,ADAPTIVEQF,TRACKING,150,15.515983,26.183256,-0.028315,-0.024043,4.993017,0.000000,0.000000,5.000000,0.037797,0,0
1784416301.616463,ADAPTIVEQF,TRACKING,150,16.499050,25.947766,-0.029738,-0.024551,4.993796,0.000000,0.000000,5.000000,0.039059,0,0
1784416301.641464,ADAPTIVEQF,TRACKING,150,17.470411,22.794047,-0.031042,-0.025133,4.994238,0.000000,0.000000,5.000000,0.040354,0,0
1784416301.666464,ADAPTIVEQF,TRACKING,150,13.492816,43.815351,-0.031042,-0.025133,4.994238,0.000000,0.000000,5.000000,0.040354,0,0
1784416301.691464,ADAPTIVEQF,TRACKING,150,16.258885,27.734309,-0.032771,-0.021414,4.994594,0.000000,0.000000,5.000000,0.039519,0,0
1784416301.716464,ADAPTIVEQF,TRACKING,150,14.285767,22.869389,-0.034024,-0.018723,4.994883,0.000000,0.000000,5.000000,0.039172,0,0
1784416301.741466,ADAPTIVEQF,TRACKING,153,15.681398,20.290926,-0.035154,-0.016327,4.994534,0.000000,0.000000,5.000000,0.039144,0,0
1784416301.766465,ADAPTIVEQF,TRACKING,150,17.632169,47.239952,-0.035154,-0.016327,4.994534,0.000000,0.000000,5.000000,0.039144,0,0
1784416301.791465,ADAPTIVEQF,TRACKING,150,16.272518,23.313002,-0.035980,-0.014197,4.993221,0.000000,0.000000,5.000000,0.039269,0,0
1784416301.816466,ADAPTIVEQF,TRACKING,150,13.481166,22.160887,-0.036315,-0.011827,4.992508,0.000000,0.000000,5.000000,0.038921,0,0
1784416301.841467,ADAPTIVEQF,TRACKING,150,16.358678,21.488089,-0.036516,-0.010534,4.992078,0.000000,0.000000,5.000000,0.038822,0,0
1784416301.866466,ADAPTIVEQF,TRACKING,150,17.678278,47.806348,-0.036516,-0.010534,4.992078,0.000000,0.000000,5.000000,0.038822,0,0
1784416301.891466,ADAPTIVEQF,TRACKING,150,13.433650,20.720476,-0.036775,-0.008575,4.992502,0.000000,0.000000,5.000000,0.038499,0,0
1784416301.916468,ADAPTIVEQF,TRACKING,150,17.531216,28.581595,-0.035737,-0.007709,4.991621,0.000000,0.000000,5.000000,0.037507,0,0
1784416301.941467,ADAPTIVEQF,TRACKING,150,13.456854,18.763626,-0.033620,-0.007376,4.989929,0.000000,0.000000,5.000000,0.035863,0,0
1784416301.966468,ADAPTIVEQF,TRACKING,151,17.737689,48.046149,-0.033620,-0.007376,4.989929,0.000000,0.000000,5.000000,0.035863,0,0
1784416301.991468,ADAPTIVEQF,TRACKING,150,16.234594,23.444931,-0.031656,-0.006910,4.988239,0.000000,0.000000,5.000000,0.034470,0,0
1784416302.016468,ADAPTIVEQF,TRACKING,150,13.448350,22.179552,-0.029796,-0.006389,4.986168,0.000000,0.000000,5.000000,0.033465,0,0
1784416302.041468,ADAPTIVEQF,TRACKING,150,15.417218,20.440798,-0.026735,-0.006580,4.982429,0.000000,0.000000,5.000000,0.032662,0,0
1784416302.066468,ADAPTIVEQF,TRACKING,150,17.640879,47.664996,-0.026735,-0.006580,4.982429,0.000000,0.000000,5.000000,0.032662,0,0
1784416302.091469,ADAPTIVEQF,TRACKING,150,13.462780,20.779290,-0.024151,-0.006956,4.979211,0.000000,0.000000,5.000000,0.032616,0,0
1784416302.116856,ADAPTIVEQF,TRACKING,150,16.625368,28.506858,-0.021544,-0.007450,4.975611,0.000000,0.000000,5.000000,0.033384,0,0
1784416302.141470,ADAPTIVEQF,TRACKING,150,15.451874,20.555295,-0.018914,-0.008029,4.972175,0.000000,0.000000,5.000000,0.034590,0,0
1784416302.166470,ADAPTIVEQF,TRACKING,150,16.648715,46.752660,-0.018914,-0.008029,4.972175,0.000000,0.000000,5.000000,0.034590,0,0
1784416302.191470,ADAPTIVEQF,TRACKING,150,14.332954,22.487945,-0.016945,-0.008725,4.968131,0.000000,0.000000,5.000000,0.037134,0,0
1784416302.216471,ADAPTIVEQF,TRACKING,150,16.467302,27.098283,-0.014800,-0.009477,4.964551,0.000000,0.000000,5.000000,0.039566,0,0
1784416302.241471,ADAPTIVEQF,TRACKING,150,14.456122,19.755015,-0.012510,-0.010239,4.961600,0.000000,0.000000,5.000000,0.041664,0,0
1784416302.268856,ADAPTIVEQF,TRACKING,150,13.462736,46.146842,-0.012510,-0.010239,4.961600,0.000000,0.000000,5.000000,0.041664,0,0
1784416302.291853,ADAPTIVEQF,TRACKING,152,16.444482,25.925728,-0.009572,-0.011034,4.957076,0.000000,0.000000,5.000000,0.045342,0,0
1784416302.316472,ADAPTIVEQF,TRACKING,152,15.447571,23.584781,-0.007153,-0.011499,4.953418,0.000000,0.000000,5.000000,0.048510,0,0
1784416302.341471,ADAPTIVEQF,TRACKING,150,17.367633,22.350086,-0.004627,-0.011857,4.950717,0.000000,0.000000,5.000000,0.050900,0,0
1784416302.366472,ADAPTIVEQF,TRACKING,150,13.442715,43.424934,-0.004627,-0.011857,4.950717,0.000000,0.000000,5.000000,0.050900,0,0
1784416302.391472,ADAPTIVEQF,TRACKING,150,16.307514,27.820983,-0.002016,-0.012144,4.949010,0.000000,0.000000,5.000000,0.052455,0,0
1784416302.416472,ADAPTIVEQF,TRACKING,150,17.643730,26.245924,0.000404,-0.012831,4.948821,0.000000,0.000000,5.000000,0.052765,0,0
1784416302.441472,ADAPTIVEQF,TRACKING,150,13.336009,18.458119,0.002542,-0.013860,4.950288,0.000000,0.000000,5.000000,0.051670,0,0
1784416302.466473,ADAPTIVEQF,TRACKING,150,17.634912,47.758008,0.002542,-0.013860,4.950288,0.000000,0.000000,5.000000,0.051670,0,0
1784416302.491473,ADAPTIVEQF,TRACKING,150,13.247819,20.577045,0.004909,-0.015022,4.952823,0.000000,0.000000,5.000000,0.049754,0,0
1784416302.516854,ADAPTIVEQF,TRACKING,152,16.648655,28.732949,0.006564,-0.015847,4.955284,0.000000,0.000000,5.000000,0.047893,0,0
1784416302.541473,ADAPTIVEQF,TRACKING,150,15.266197,20.391396,0.009416,-0.015598,4.956365,0.000000,0.000000,5.000000,0.047286,0,0
1784416302.566474,ADAPTIVEQF,TRACKING,150,16.465481,46.592209,0.009416,-0.015598,4.956365,0.000000,0.000000,5.000000,0.047286,0,0
1784416302.591474,ADAPTIVEQF,TRACKING,150,14.448541,22.941734,0.012541,-0.015088,4.957469,0.000000,0.000000,5.000000,0.046838,0,0
1784416302.616474,ADAPTIVEQF,TRACKING,150,15.449780,25.971309,0.015592,-0.014641,4.959716,0.000000,0.000000,5.000000,0.045610,0,0
1784416302.641555,ADAPTIVEQF,TRACKING,150,16.476884,20.173842,0.018583,-0.014175,4.963161,0.000000,0.000000,5.000000,0.043628,0,0
1784416302.666475,ADAPTIVEQF,TRACKING,150,13.440181,42.056756,0.018583,-0.014175,4.963161,0.000000,0.000000,5.000000,0.043628,0,0
1784416302.691494,ADAPTIVEQF,TRACKING,150,16.424504,27.970816,0.022027,-0.011805,4.968451,0.000000,0.000000,5.000000,0.040248,0,0
1784416302.716475,ADAPTIVEQF,TRACKING,150,17.498167,26.020756,0.024520,-0.010030,4.972463,0.000000,0.000000,5.000000,0.038211,0,0
1784416302.741475,ADAPTIVEQF,TRACKING,150,13.493189,18.766910,0.026758,-0.008309,4.975641,0.000000,0.000000,5.000000,0.037127,0,0
1784416302.766475,ADAPTIVEQF,TRACKING,150,16.310036,46.584676,0.026758,-0.008309,4.975641,0.000000,0.000000,5.000000,0.037127,0,0
1784416302.791476,ADAPTIVEQF,TRACKING,150,14.637635,23.291803,0.029109,-0.006390,4.978042,0.000000,0.000000,5.000000,0.037018,0,0
1784416302.818853,ADAPTIVEQF,TRACKING,151,13.562178,25.543652,0.032305,-0.003843,4.979610,0.000000,0.000000,5.000000,0.038394,0,0
1784416302.841476,ADAPTIVEQF,TRACKING,151,13.533232,16.153261,0.035160,-0.001402,4.981611,0.000000,0.000000,5.000000,0.039703,0,0
1784416302.866477,ADAPTIVEQF,TRACKING,162,16.305701,43.927592,0.035160,-0.001402,4.981611,0.000000,0.000000,5.000000,0.039703,0,0
1784416302.891854,ADAPTIVEQF,TRACKING,160,17.524661,26.508083,0.038340,0.001570,4.983247,0.000000,0.000000,5.000000,0.041870,0,0
1784416302.916477,ADAPTIVEQF,TRACKING,150,16.487416,23.546275,0.041104,0.005223,4.983897,0.000000,0.000000,5.000000,0.044453,0,0
1784416302.941478,ADAPTIVEQF,TRACKING,150,16.876611,21.977143,0.044058,0.009908,4.984154,0.000000,0.000000,5.000000,0.047858,0,0
1784416302.966479,ADAPTIVEQF,TRACKING,150,13.432514,43.533501,0.044058,0.009908,4.984154,0.000000,0.000000,5.000000,0.047858,0,0
1784416302.991478,ADAPTIVEQF,TRACKING,150,16.646315,28.181120,0.046690,0.014285,4.983506,0.000000,0.000000,5.000000,0.051536,0,0
1784416303.016478,ADAPTIVEQF,TRACKING,150,15.464527,23.785850,0.049061,0.018289,4.981795,0.000000,0.000000,5.000000,0.055434,0,0
1784416303.041479,ADAPTIVEQF,TRACKING,150,16.467871,21.778030,0.052277,0.022789,4.981864,0.000000,0.000000,5.000000,0.059843,0,0
1784416303.066480,ADAPTIVEQF,TRACKING,150,14.459003,44.769929,0.052277,0.022789,4.981864,0.000000,0.000000,5.000000,0.059843,0,0
1784416303.091479,ADAPTIVEQF,TRACKING,150,15.629581,26.138288,0.056263,0.028164,4.982547,0.000000,0.000000,5.000000,0.065294,0,0
1784416303.116479,ADAPTIVEQF,TRACKING,150,17.278539,26.615362,0.059162,0.031865,4.983882,0.000000,0.000000,5.000000,0.069103,0,0
1784416303.141480,ADAPTIVEQF,TRACKING,150,15.604482,20.851717,0.061752,0.035085,4.987096,0.000000,0.000000,5.000000,0.072186,0,0
1784416303.166481,ADAPTIVEQF,TRACKING,150,14.468858,44.717604,0.061752,0.035085,4.987096,0.000000,0.000000,5.000000,0.072186,0,0
1784416303.191480,ADAPTIVEQF,TRACKING,150,15.638362,26.131793,0.062730,0.036795,4.990541,0.000000,0.000000,5.000000,0.073338,0,0
1784416303.216480,ADAPTIVEQF,TRACKING,150,17.243850,26.576011,0.063413,0.038252,4.993704,0.000000,0.000000,5.000000,0.074324,0,0
1784416303.241480,ADAPTIVEQF,TRACKING,150,13.470360,18.542060,0.063939,0.039781,4.996813,0.000000,0.000000,5.000000,0.075372,0,0
1784416303.268855,ADAPTIVEQF,TRACKING,150,13.452595,45.898452,0.063939,0.039781,4.996813,0.000000,0.000000,5.000000,0.075372,0,0
1784416303.291854,ADAPTIVEQF,TRACKING,152,16.806201,26.310043,0.063802,0.041011,4.998775,0.000000,0.000000,5.000000,0.075855,0,0
1784416303.316483,ADAPTIVEQF,TRACKING,155,15.914950,23.701491,0.063201,0.042321,4.999266,0.000000,0.000000,5.000000,0.076066,0,0
1784416303.341482,ADAPTIVEQF,TRACKING,150,17.434577,22.772352,0.062516,0.043514,4.999522,0.000000,0.000000,5.000000,0.076171,0,0
1784416303.366482,ADAPTIVEQF,TRACKING,150,13.466499,43.803253,0.062516,0.043514,4.999522,0.000000,0.000000,5.000000,0.076171,0,0
1784416303.391483,ADAPTIVEQF,TRACKING,150,16.662506,28.165180,0.061686,0.044646,5.000574,0.000000,0.000000,5.000000,0.076149,0,0
1784416303.416483,ADAPTIVEQF,TRACKING,150,15.484657,23.787189,0.061205,0.045470,5.000542,0.000000,0.000000,5.000000,0.076248,0,0
1784416303.441484,ADAPTIVEQF,TRACKING,150,16.536993,21.676681,0.061006,0.045881,4.999446,0.000000,0.000000,5.000000,0.076336,0,0
1784416303.466484,ADAPTIVEQF,TRACKING,150,15.465697,45.603592,0.061006,0.045881,4.999446,0.000000,0.000000,5.000000,0.076336,0,0
1784416303.491484,ADAPTIVEQF,TRACKING,150,16.541828,26.043529,0.060392,0.046044,4.998353,0.000000,0.000000,5.000000,0.075961,0,0
1784416303.516484,ADAPTIVEQF,TRACKING,150,15.249443,23.672109,0.059611,0.045836,4.997108,0.000000,0.000000,5.000000,0.075251,0,0
1784416303.541484,ADAPTIVEQF,TRACKING,150,16.634064,21.881987,0.057901,0.044412,4.994818,0.000000,0.000000,5.000000,0.073156,0,0
1784416303.566484,ADAPTIVEQF,TRACKING,150,13.506602,43.754303,0.057901,0.044412,4.994818,0.000000,0.000000,5.000000,0.073156,0,0
1784416303.591486,ADAPTIVEQF,TRACKING,150,16.457842,27.916875,0.055811,0.042574,4.993087,0.000000,0.000000,5.000000,0.070536,0,0
1784416303.616485,ADAPTIVEQF,TRACKING,150,17.515133,26.024133,0.053620,0.040664,4.990931,0.000000,0.000000,5.000000,0.067904,0,0
1784416303.641485,ADAPTIVEQF,TRACKING,150,13.546996,18.801156,0.051338,0.038699,4.988463,0.000000,0.000000,5.000000,0.065317,0,0
1784416303.666486,ADAPTIVEQF,TRACKING,150,17.269511,47.523384,0.051338,0.038699,4.988463,0.000000,0.000000,5.000000,0.065317,0,0
1784416303.691486,ADAPTIVEQF,TRACKING,150,13.516235,21.211643,0.048534,0.034998,4.986342,0.000000,0.000000,5.000000,0.061375,0,0
1784416303.716859,ADAPTIVEQF,TRACKING,152,15.619493,27.442764,0.046064,0.032098,4.985628,0.000000,0.000000,5.000000,0.057955,0,0
1784416303.741487,ADAPTIVEQF,TRACKING,150,17.455355,21.896150,0.043471,0.029239,4.984375,0.000000,0.000000,5.000000,0.054670,0,0
1784416303.766486,ADAPTIVEQF,TRACKING,150,14.530312,43.971317,0.043471,0.029239,4.984375,0.000000,0.000000,5.000000,0.054670,0,0
1784416303.791487,ADAPTIVEQF,TRACKING,150,16.470457,26.907229,0.040591,0.027060,4.981733,0.000000,0.000000,5.000000,0.052092,0,0
1784416303.816487,ADAPTIVEQF,TRACKING,150,14.468442,22.968521,0.036103,0.026388,4.978147,0.000000,0.000000,5.000000,0.049772,0,0
1784416303.841487,ADAPTIVEQF,TRACKING,150,15.483587,20.659915,0.032367,0.025697,4.975771,0.000000,0.000000,5.000000,0.047906,0,0
1784416303.868854,ADAPTIVEQF,TRACKING,150,13.503617,46.045609,0.032367,0.025697,4.975771,0.000000,0.000000,5.000000,0.047906,0,0
1784416303.891488,ADAPTIVEQF,TRACKING,155,18.102553,27.200088,0.028546,0.024986,4.973550,0.000000,0.000000,5.000000,0.046247,0,0
1784416303.916488,ADAPTIVEQF,TRACKING,150,16.291048,23.152558,0.025054,0.025141,4.971651,0.000000,0.000000,5.000000,0.045425,0,0
1784416303.941489,ADAPTIVEQF,TRACKING,150,13.484223,18.662943,0.022001,0.026034,4.969265,0.000000,0.000000,5.000000,0.045896,0,0
1784416303.966490,ADAPTIVEQF,TRACKING,150,15.464690,45.642908,0.022001,0.026034,4.969265,0.000000,0.000000,5.000000,0.045896,0,0
1784416303.991489,ADAPTIVEQF,TRACKING,150,16.443916,25.936236,0.019035,0.026729,4.967497,0.000000,0.000000,5.000000,0.046186,0,0
1784416304.016489,ADAPTIVEQF,TRACKING,150,17.089423,25.613120,0.016156,0.027221,4.966684,0.000000,0.000000,5.000000,0.045956,0,0
1784416304.041489,ADAPTIVEQF,TRACKING,150,13.466087,18.713318,0.013582,0.028524,4.968321,0.000000,0.000000,5.000000,0.044740,0,0
1784416304.066490,ADAPTIVEQF,TRACKING,150,16.431118,46.679289,0.013582,0.028524,4.968321,0.000000,0.000000,5.000000,0.044740,0,0
1784416304.091491,ADAPTIVEQF,TRACKING,150,14.454058,22.985370,0.010278,0.030087,4.972805,0.000000,0.000000,5.000000,0.041838,0,0
1784416304.117854,ADAPTIVEQF,TRACKING,152,16.605657,28.477522,0.007433,0.031043,4.977644,0.000000,0.000000,5.000000,0.038970,0,0
1784416304.141490,ADAPTIVEQF,TRACKING,150,16.462191,21.689414,0.004496,0.031820,4.982796,0.000000,0.000000,5.000000,0.036452,0,0
1784416304.166648,ADAPTIVEQF,TRACKING,150,13.282105,43.666706,0.004496,0.031820,4.982796,0.000000,0.000000,5.000000,0.036452,0,0
1784416304.191491,ADAPTIVEQF,TRACKING,150,15.253791,26.784700,0.001379,0.033105,4.989648,0.000000,0.000000,5.000000,0.034713,0,0
1784416304.216491,ADAPTIVEQF,TRACKING,150,16.643656,26.359089,-0.001755,0.034226,4.995763,0.000000,0.000000,5.000000,0.034531,0,0
1784416304.241492,ADAPTIVEQF,TRACKING,150,15.480007,20.623621,-0.004915,0.035122,5.001299,0.000000,0.000000,5.000000,0.035488,0,0
1784416304.266493,ADAPTIVEQF,TRACKING,150,16.473455,46.618337,-0.004915,0.035122,5.001299,0.000000,0.000000,5.000000,0.035488,0,0
1784416304.291493,ADAPTIVEQF,TRACKING,150,14.452384,22.932222,-0.008562,0.036290,5.005455,0.000000,0.000000,5.000000,0.037683,0,0
1784416304.316493,ADAPTIVEQF,TRACKING,150,15.631069,26.148810,-0.011056,0.037379,5.006067,0.000000,0.000000,5.000000,0.039449,0,0
1784416304.341493,ADAPTIVEQF,TRACKING,150,13.447113,16.083542,-0.013440,0.038223,5.005684,0.000000,0.000000,5.000000,0.040914,0,0
1784416304.366493,ADAPTIVEQF,TRACKING,155,16.091655,43.728465,-0.013440,0.038223,5.005684,0.000000,0.000000,5.000000,0.040914,0,0
1784416304.391494,ADAPTIVEQF,TRACKING,151,17.364732,25.988444,-0.015644,0.038834,5.003478,0.000000,0.000000,5.000000,0.042011,0,0
1784416304.416494,ADAPTIVEQF,TRACKING,150,15.625782,23.226569,-0.017377,0.039244,5.000247,0.000000,0.000000,5.000000,0.042919,0,0
1784416304.441496,ADAPTIVEQF,TRACKING,150,14.422128,19.559785,-0.018709,0.039421,4.996810,0.000000,0.000000,5.000000,0.043752,0,0
1784416304.466495,ADAPTIVEQF,TRACKING,150,15.583477,45.720226,-0.018709,0.039421,4.996810,0.000000,0.000000,5.000000,0.043752,0,0
1784416304.491855,ADAPTIVEQF,TRACKING,150,16.288356,26.026176,-0.020353,0.039232,4.993231,0.000000,0.000000,5.000000,0.044713,0,0
1784416304.516495,ADAPTIVEQF,TRACKING,150,15.481774,23.099061,-0.021599,0.038703,4.990655,0.000000,0.000000,5.000000,0.045296,0,0
1784416304.541495,ADAPTIVEQF,TRACKING,150,16.429725,21.059973,-0.023245,0.038068,4.988698,0.000000,0.000000,5.000000,0.046013,0,0
1784416304.566495,ADAPTIVEQF,TRACKING,150,14.428775,44.059615,-0.023245,0.038068,4.988698,0.000000,0.000000,5.000000,0.046013,0,0
1784416304.591496,ADAPTIVEQF,TRACKING,150,16.290280,26.711530,-0.025022,0.037274,4.987117,0.000000,0.000000,5.000000,0.046706,0,0
1784416304.616496,ADAPTIVEQF,TRACKING,150,17.465439,26.138203,-0.026758,0.036339,4.985624,0.000000,0.000000,5.000000,0.047362,0,0
1784416304.641496,ADAPTIVEQF,TRACKING,150,13.483693,18.786868,-0.028475,0.035298,4.984479,0.000000,0.000000,5.000000,0.047934,0,0
1784416304.666497,ADAPTIVEQF,TRACKING,150,16.618594,46.921325,-0.028475,0.035298,4.984479,0.000000,0.000000,5.000000,0.047934,0,0
1784416304.691496,ADAPTIVEQF,TRACKING,150,14.475349,22.828853,-0.029524,0.033923,4.983704,0.000000,0.000000,5.000000,0.047833,0,0
1784416304.716497,ADAPTIVEQF,TRACKING,151,16.731954,27.223516,-0.030270,0.032764,4.983801,0.000000,0.000000,5.000000,0.047456,0,0
1784416304.741498,ADAPTIVEQF,TRACKING,150,15.466785,20.700308,-0.030873,0.031556,4.983777,0.000000,0.000000,5.000000,0.047033,0,0
1784416304.766497,ADAPTIVEQF,TRACKING,150,16.664800,46.897687,-0.030873,0.031556,4.983777,0.000000,0.000000,5.000000,0.047033,0,0
1784416304.791497,ADAPTIVEQF,TRACKING,150,15.454336,23.753916,-0.030815,0.030463,4.984330,0.000000,0.000000,5.000000,0.046077,0,0
1784416304.816499,ADAPTIVEQF,TRACKING,150,16.492264,25.999976,-0.029226,0.029786,4.986878,0.000000,0.000000,5.000000,0.043744,0,0
1784416304.841499,ADAPTIVEQF,TRACKING,150,14.272216,19.316555,-0.027554,0.029175,4.989638,0.000000,0.000000,5.000000,0.041446,0,0
1784416304.866499,ADAPTIVEQF,TRACKING,150,15.492184,45.536199,-0.027554,0.029175,4.989638,0.000000,0.000000,5.000000,0.041446,0,0
1784416304.891499,ADAPTIVEQF,TRACKING,150,16.300100,25.764786,-0.025350,0.028499,4.992797,0.000000,0.000000,5.000000,0.038816,0,0
1784416304.916499,ADAPTIVEQF,TRACKING,150,17.579255,26.244625,-0.022596,0.027366,4.994106,0.000000,0.000000,5.000000,0.035975,0,0
1784416304.941500,ADAPTIVEQF,TRACKING,150,13.424409,18.718794,-0.018940,0.025633,4.994120,0.000000,0.000000,5.000000,0.032409,0,0
1784416304.966500,ADAPTIVEQF,TRACKING,150,17.685205,47.979786,-0.018940,0.025633,4.994120,0.000000,0.000000,5.000000,0.032409,0,0
1784416304.991500,ADAPTIVEQF,TRACKING,150,13.492777,20.778278,-0.015369,0.023793,4.994384,0.000000,0.000000,5.000000,0.028876,0,0
1784416305.016500,ADAPTIVEQF,TRACKING,151,17.702771,28.931688,-0.011944,0.021842,4.996062,0.000000,0.000000,5.000000,0.025204,0,0
1784416305.041501,ADAPTIVEQF,TRACKING,150,16.279705,21.602007,-0.009054,0.019639,4.996512,0.000000,0.000000,5.000000,0.021905,0,0
1784416305.066501,ADAPTIVEQF,TRACKING,150,13.451327,43.772259,-0.009054,0.019639,4.996512,0.000000,0.000000,5.000000,0.021905,0,0
1784416305.091502,ADAPTIVEQF,TRACKING,150,16.287045,26.917194,-0.005794,0.016959,4.996268,0.000000,0.000000,5.000000,0.018306,0,0
1784416305.116501,ADAPTIVEQF,TRACKING,150,17.683761,26.361571,-0.003259,0.014861,4.996132,0.000000,0.000000,5.000000,0.015698,0,0
1784416305.141502,ADAPTIVEQF,TRACKING,150,13.465454,18.751464,-0.000720,0.012874,4.996430,0.000000,0.000000,5.000000,0.013379,0,0
1784416305.166502,ADAPTIVEQF,TRACKING,150,17.668878,47.955332,-0.000720,0.012874,4.996430,0.000000,0.000000,5.000000,0.013379,0,0
1784416305.191502,ADAPTIVEQF,TRACKING,150,13.289013,20.574601,0.002913,0.009832,4.996202,0.000000,0.000000,5.000000,0.010936,0,0
1784416305.216503,ADAPTIVEQF,TRACKING,151,17.558477,29.237333,0.006422,0.007034,4.996034,0.000000,0.000000,5.000000,0.010318,0,0
1784416305.241503,ADAPTIVEQF,TRACKING,150,16.301976,21.641416,0.009763,0.004330,4.995509,0.000000,0.000000,5.000000,0.011586,0,0
1784416305.266503,ADAPTIVEQF,TRACKING,150,13.470037,43.825612,0.009763,0.004330,4.995509,0.000000,0.000000,5.000000,0.011586,0,0
1784416305.291504,ADAPTIVEQF,TRACKING,150,15.470073,26.952321,0.014774,0.000897,4.996857,0.000000,0.000000,5.000000,0.015131,0,0
1784416305.316504,ADAPTIVEQF,TRACKING,150,16.497986,25.993382,0.019748,-0.001972,4.999955,0.000000,0.000000,5.000000,0.019846,0,0
1784416305.341504,ADAPTIVEQF,TRACKING,150,17.141366,22.408751,0.024506,-0.004553,5.003301,0.000000,0.000000,5.000000,0.025143,0,0
1784416305.366504,ADAPTIVEQF,TRACKING,150,13.427754,43.695034,0.024506,-0.004553,5.003301,0.000000,0.000000,5.000000,0.025143,0,0
1784416305.391505,ADAPTIVEQF,TRACKING,150,16.504683,28.043514,0.029002,-0.006974,5.005109,0.000000,0.000000,5.000000,0.030263,0,0
1784416305.416505,ADAPTIVEQF,TRACKING,150,15.321096,23.785300,0.033063,-0.008842,5.006214,0.000000,0.000000,5.000000,0.034784,0,0
1784416305.441506,ADAPTIVEQF,TRACKING,150,16.276476,21.465425,0.036711,-0.010243,5.007426,0.000000,0.000000,5.000000,0.038830,0,0
1784416305.466505,ADAPTIVEQF,TRACKING,150,14.453707,44.641211,0.036711,-0.010243,5.007426,0.000000,0.000000,5.000000,0.038830,0,0
1784416305.491505,ADAPTIVEQF,TRACKING,150,15.412392,25.922170,0.040834,-0.012134,5.010018,0.000000,0.000000,5.000000,0.043761,0,0
1784416305.516506,ADAPTIVEQF,TRACKING,150,17.396192,26.035408,0.043830,-0.013691,5.012187,0.000000,0.000000,5.000000,0.047508,0,0
1784416305.541552,ADAPTIVEQF,TRACKING,150,15.255029,20.632901,0.045395,-0.013016,5.018939,0.000000,0.000000,5.000000,0.050880,0,0
1784416305.566506,ADAPTIVEQF,TRACKING,150,16.435626,46.767431,0.045395,-0.013016,5.018939,0.000000,0.000000,5.000000,0.050880,0,0
1784416305.591506,ADAPTIVEQF,TRACKING,150,13.283137,20.916704,0.046375,-0.011752,5.026535,0.000000,0.000000,5.000000,0.054707,0,0
1784416305.616508,ADAPTIVEQF,TRACKING,150,16.308368,27.950489,0.047211,-0.010638,5.033236,0.000000,0.000000,5.000000,0.058709,0,0
1784416305.641622,ADAPTIVEQF,TRACKING,150,17.217848,22.557134,0.047853,-0.009716,5.038610,0.000000,0.000000,5.000000,0.062250,0,0
1784416305.666508,ADAPTIVEQF,TRACKING,150,13.426940,43.652054,0.047853,-0.009716,5.038610,0.000000,0.000000,5.000000,0.062250,0,0
1784416305.691509,ADAPTIVEQF,TRACKING,150,16.606689,28.143008,0.047649,-0.007143,5.038348,0.000000,0.000000,5.000000,0.061580,0,0
1784416305.716508,ADAPTIVEQF,TRACKING,150,15.275174,23.618154,0.047280,-0.005306,5.037697,0.000000,0.000000,5.000000,0.060701,0,0
1784416305.741509,ADAPTIVEQF,TRACKING,150,16.473199,21.658998,0.046756,-0.003626,5.035463,0.000000,0.000000,5.000000,0.058796,0,0
1784416305.766509,ADAPTIVEQF,TRACKING,150,14.426895,44.611777,0.046756,-0.003626,5.035463,0.000000,0.000000,5.000000,0.058796,0,0
1784416305.791511,ADAPTIVEQF,TRACKING,150,15.616574,26.146801,0.045773,-0.001265,5.031262,0.000000,0.000000,5.000000,0.055444,0,0
1784416305.816509,ADAPTIVEQF,TRACKING,150,17.108657,26.452247,0.043877,0.003138,5.025085,0.000000,0.000000,5.000000,0.050639,0,0
1784416305.841509,ADAPTIVEQF,TRACKING,150,13.467699,18.713513,0.041884,0.007224,5.019038,0.000000,0.000000,5.000000,0.046571,0,0
1784416305.868854,ADAPTIVEQF,TRACKING,150,13.461784,46.052295,0.041884,0.007224,5.019038,0.000000,0.000000,5.000000,0.046571,0,0
1784416305.891853,ADAPTIVEQF,TRACKING,153,16.897971,26.403097,0.039184,0.011838,5.014039,0.000000,0.000000,5.000000,0.043274,0,0
1784416305.916510,ADAPTIVEQF,TRACKING,155,15.952833,23.674565,0.036589,0.015091,5.011944,0.000000,0.000000,5.000000,0.041342,0,0
1784416305.941510,ADAPTIVEQF,TRACKING,150,17.473788,22.713198,0.033627,0.018178,5.009762,0.000000,0.000000,5.000000,0.039453,0,0
1784416305.966510,ADAPTIVEQF,TRACKING,150,13.452266,43.691154,0.033627,0.018178,5.009762,0.000000,0.000000,5.000000,0.039453,0,0
1784416305.991511,ADAPTIVEQF,TRACKING,150,16.585720,28.098310,0.030707,0.020993,5.006444,0.000000,0.000000,5.000000,0.037751,0,0
1784416306.016512,ADAPTIVEQF,TRACKING,150,15.470799,23.857781,0.027771,0.023653,5.003429,0.000000,0.000000,5.000000,0.036639,0,0
1784416306.041512,ADAPTIVEQF,TRACKING,150,16.489930,21.671896,0.023853,0.025449,5.001671,0.000000,0.000000,5.000000,0.034920,0,0
1784416306.066511,ADAPTIVEQF,TRACKING,150,14.458458,44.639324,0.023853,0.025449,5.001671,0.000000,0.000000,5.000000,0.034920,0,0
1784416306.091511,ADAPTIVEQF,TRACKING,150,15.626382,26.136926,0.018613,0.027297,4.999871,0.000000,0.000000,5.000000,0.033039,0,0
1784416306.116854,ADAPTIVEQF,TRACKING,150,16.279198,25.966423,0.014479,0.028680,4.998519,0.000000,0.000000,5.000000,0.032162,0,0
1784416306.141512,ADAPTIVEQF,TRACKING,150,15.429373,20.426937,0.010319,0.029921,4.997296,0.000000,0.000000,5.000000,0.031766,0,0
1784416306.166513,ADAPTIVEQF,TRACKING,150,16.486873,46.485494,0.010319,0.029921,4.997296,0.000000,0.000000,5.000000,0.031766,0,0
1784416306.191513,ADAPTIVEQF,TRACKING,150,14.472574,22.949223,0.006442,0.030857,4.998399,0.000000,0.000000,5.000000,0.031563,0,0
1784416306.216513,ADAPTIVEQF,TRACKING,150,15.259689,25.759268,0.002511,0.031713,5.000438,0.000000,0.000000,5.000000,0.031816,0,0
1784416306.241513,ADAPTIVEQF,TRACKING,150,16.652638,21.955228,-0.001448,0.032471,5.002206,0.000000,0.000000,5.000000,0.032578,0,0
1784416306.266514,ADAPTIVEQF,TRACKING,150,15.468477,45.771469,-0.001448,0.032471,5.002206,0.000000,0.000000,5.000000,0.032578,0,0
1784416306.291515,ADAPTIVEQF,TRACKING,150,17.652553,26.798384,-0.006394,0.032919,5.003216,0.000000,0.000000,5.000000,0.033688,0,0
1784416306.316515,ADAPTIVEQF,TRACKING,150,13.454969,20.755035,-0.010232,0.032708,5.004270,0.000000,0.000000,5.000000,0.034536,0,0
1784416306.341515,ADAPTIVEQF,TRACKING,150,13.461423,16.118528,-0.013902,0.032370,5.004561,0.000000,0.000000,5.000000,0.035523,0,0
1784416306.366515,ADAPTIVEQF,TRACKING,151,15.404876,43.061812,-0.013902,0.032370,5.004561,0.000000,0.000000,5.000000,0.035523,0,0
1784416306.393853,ADAPTIVEQF,TRACKING,159,14.251886,26.143480,-0.017440,0.031899,5.004445,0.000000,0.000000,5.000000,0.036626,0,0
1784416306.417853,ADAPTIVEQF,TRACKING,159,17.053711,26.768114,-0.020992,0.031633,5.005500,0.000000,0.000000,5.000000,0.038361,0,0
1784416306.441516,ADAPTIVEQF,TRACKING,150,14.469150,19.569004,-0.024487,0.031579,5.006309,0.000000,0.000000,5.000000,0.040455,0,0
1784416306.466516,ADAPTIVEQF,TRACKING,153,15.703137,45.802864,-0.024487,0.031579,5.006309,0.000000,0.000000,5.000000,0.040455,0,0
1784416306.491517,ADAPTIVEQF,TRACKING,150,17.666308,26.311866,-0.028611,0.031549,5.006974,0.000000,0.000000,5.000000,0.043158,0,0
1784416306.516516,ADAPTIVEQF,TRACKING,150,16.302169,23.599260,-0.031680,0.031433,5.007855,0.000000,0.000000,5.000000,0.045314,0,0
1784416306.541517,ADAPTIVEQF,TRACKING,150,13.476086,16.124045,-0.033861,0.031392,5.009562,0.000000,0.000000,5.000000,0.047153,0,0
1784416306.566517,ADAPTIVEQF,TRACKING,150,15.467256,43.115514,-0.033861,0.031392,5.009562,0.000000,0.000000,5.000000,0.047153,0,0
1784416306.591517,ADAPTIVEQF,TRACKING,150,16.629232,26.132893,-0.035710,0.031250,5.010894,0.000000,0.000000,5.000000,0.048687,0,0
1784416306.616517,ADAPTIVEQF,TRACKING,150,15.439757,23.090548,-0.037504,0.030989,5.011770,0.000000,0.000000,5.000000,0.050054,0,0
1784416306.641518,ADAPTIVEQF,TRACKING,150,16.625750,21.869080,-0.039217,0.030611,5.012586,0.000000,0.000000,5.000000,0.051317,0,0
1784416306.666518,ADAPTIVEQF,TRACKING,150,15.459396,45.702524,-0.039217,0.030611,5.012586,0.000000,0.000000,5.000000,0.051317,0,0
1784416306.691519,ADAPTIVEQF,TRACKING,150,16.501981,26.009700,-0.040583,0.026098,5.013471,0.000000,0.000000,5.000000,0.050095,0,0
1784416306.716519,ADAPTIVEQF,TRACKING,150,15.514352,23.447706,-0.041396,0.022597,5.015011,0.000000,0.000000,5.000000,0.049494,0,0
1784416306.741519,ADAPTIVEQF,TRACKING,150,14.517213,19.665362,-0.042003,0.019392,5.015731,0.000000,0.000000,5.000000,0.048865,0,0
1784416306.768854,ADAPTIVEQF,TRACKING,150,13.489296,45.972416,-0.042003,0.019392,5.015731,0.000000,0.000000,5.000000,0.048865,0,0
1784416306.791854,ADAPTIVEQF,TRACKING,155,17.087503,26.562903,-0.042533,0.016366,5.016109,0.000000,0.000000,5.000000,0.048336,0,0
1784416306.816520,ADAPTIVEQF,TRACKING,151,15.501346,23.048282,-0.043188,0.013483,5.015870,0.000000,0.000000,5.000000,0.047946,0,0
1784416306.841520,ADAPTIVEQF,TRACKING,150,17.663577,22.826149,-0.043570,0.010757,5.015065,0.000000,0.000000,5.000000,0.047339,0,0
1784416306.866520,ADAPTIVEQF,TRACKING,150,13.306237,43.469384,-0.043570,0.010757,5.015065,0.000000,0.000000,5.000000,0.047339,0,0
1784416306.891522,ADAPTIVEQF,TRACKING,150,17.654097,29.305753,-0.043707,0.007620,5.013349,0.000000,0.000000,5.000000,0.046331,0,0
1784416306.916522,ADAPTIVEQF,TRACKING,150,16.258709,23.560718,-0.043669,0.003285,5.011683,0.000000,0.000000,5.000000,0.045324,0,0
1784416306.941521,ADAPTIVEQF,TRACKING,150,13.483082,18.717517,-0.043502,-0.002662,5.010496,0.000000,0.000000,5.000000,0.044830,0,0
1784416306.966522,ADAPTIVEQF,TRACKING,150,18.471258,48.706461,-0.043502,-0.002662,5.010496,0.000000,0.000000,5.000000,0.044830,0,0
1784416306.991522,ADAPTIVEQF,TRACKING,150,13.444479,19.097671,-0.043171,-0.008198,5.010218,0.000000,0.000000,5.000000,0.045115,0,0
1784416307.016522,ADAPTIVEQF,TRACKING,150,15.460606,26.985203,-0.042704,-0.013376,5.009715,0.000000,0.000000,5.000000,0.045792,0,0
1784416307.041523,ADAPTIVEQF,TRACKING,150,16.308722,21.622543,-0.043482,-0.018990,5.009987,0.000000,0.000000,5.000000,0.048488,0,0
1784416307.066523,ADAPTIVEQF,TRACKING,150,17.092751,47.407330,-0.043482,-0.018990,5.009987,0.000000,0.000000,5.000000,0.048488,0,0
1784416307.091522,ADAPTIVEQF,TRACKING,150,13.452308,21.327579,-0.044672,-0.025966,5.009159,0.000000,0.000000,5.000000,0.052476,0,0
1784416307.116523,ADAPTIVEQF,TRACKING,150,17.460645,28.116483,-0.045278,-0.031342,5.008156,0.000000,0.000000,5.000000,0.055668,0,0
1784416307.141523,ADAPTIVEQF,TRACKING,150,16.497031,21.705719,-0.045600,-0.036536,5.007817,0.000000,0.000000,5.000000,0.058952,0,0
1784416307.166576,ADAPTIVEQF,TRACKING,150,13.284254,43.544863,-0.045600,-0.036536,5.007817,0.000000,0.000000,5.000000,0.058952,0,0
1784416307.191524,ADAPTIVEQF,TRACKING,150,15.492143,23.143081,-0.046646,-0.041996,5.006841,0.000000,0.000000,5.000000,0.063137,0,0
1784416307.216524,ADAPTIVEQF,TRACKING,150,14.518746,23.993412,-0.047410,-0.047167,5.007355,0.000000,0.000000,5.000000,0.067280,0,0
1784416307.241524,ADAPTIVEQF,TRACKING,155,16.754823,21.867982,-0.048044,-0.053318,5.007527,0.000000,0.000000,5.000000,0.072165,0,0
1784416307.266525,ADAPTIVEQF,TRACKING,150,15.645617,45.759493,-0.048044,-0.053318,5.007527,0.000000,0.000000,5.000000,0.072165,0,0
1784416307.291526,ADAPTIVEQF,TRACKING,150,17.510956,26.828213,-0.046866,-0.057451,5.006780,0.000000,0.000000,5.000000,0.074451,0,0
1784416307.316526,ADAPTIVEQF,TRACKING,150,13.506658,20.950417,-0.044162,-0.060777,5.005736,0.000000,0.000000,5.000000,0.075346,0,0
1784416307.341526,ADAPTIVEQF,TRACKING,150,17.137164,22.387708,-0.041564,-0.063740,5.005145,0.000000,0.000000,5.000000,0.076268,0,0
1784416307.366526,ADAPTIVEQF,TRACKING,150,13.421601,43.671834,-0.041564,-0.063740,5.005145,0.000000,0.000000,5.000000,0.076268,0,0
1784416307.393854,ADAPTIVEQF,TRACKING,153,13.727620,27.022294,-0.039048,-0.066238,5.004777,0.000000,0.000000,5.000000,0.077039,0,0
1784416307.416526,ADAPTIVEQF,TRACKING,153,17.940997,26.848077,-0.036608,-0.067720,5.004247,0.000000,0.000000,5.000000,0.077099,0,0
1784416307.441527,ADAPTIVEQF,TRACKING,151,16.579514,21.715111,-0.034372,-0.068337,5.002776,0.000000,0.000000,5.000000,0.076544,0,0
1784416307.466527,ADAPTIVEQF,TRACKING,150,13.421942,43.556661,-0.034372,-0.068337,5.002776,0.000000,0.000000,5.000000,0.076544,0,0
1784416307.491529,ADAPTIVEQF,TRACKING,150,16.282665,27.829262,-0.031816,-0.068700,5.001228,0.000000,0.000000,5.000000,0.075720,0,0
1784416307.516528,ADAPTIVEQF,TRACKING,150,14.464589,23.139356,-0.029961,-0.068714,5.000422,0.000000,0.000000,5.000000,0.074963,0,0
1784416307.541528,ADAPTIVEQF,TRACKING,152,15.458737,20.130228,-0.029477,-0.069622,5.000314,0.000000,0.000000,5.000000,0.075606,0,0
1784416307.566528,ADAPTIVEQF,TRACKING,150,16.658474,46.330608,-0.029477,-0.069622,5.000314,0.000000,0.000000,5.000000,0.075606,0,0
1784416307.591528,ADAPTIVEQF,TRACKING,150,15.461790,23.758120,-0.029335,-0.070640,5.000483,0.000000,0.000000,5.000000,0.076490,0,0
1784416307.616528,ADAPTIVEQF,TRACKING,150,16.473189,25.984067,-0.029107,-0.071443,5.000291,0.000000,0.000000,5.000000,0.077146,0,0
1784416307.641529,ADAPTIVEQF,TRACKING,150,14.467376,19.820456,-0.028836,-0.072007,4.999870,0.000000,0.000000,5.000000,0.077567,0,0
1784416307.666530,ADAPTIVEQF,TRACKING,150,15.459185,45.812686,-0.028836,-0.072007,4.999870,0.000000,0.000000,5.000000,0.077567,0,0
1784416307.691530,ADAPTIVEQF,TRACKING,150,16.261702,25.766474,-0.029051,-0.072936,4.999590,0.000000,0.000000,5.000000,0.078510,0,0
1784416307.716530,ADAPTIVEQF,TRACKING,150,17.449663,26.152997,-0.029251,-0.073466,5.000432,0.000000,0.000000,5.000000,0.079076,0,0
1784416307.741530,ADAPTIVEQF,TRACKING,150,13.437669,18.661634,-0.029410,-0.073834,5.001204,0.000000,0.000000,5.000000,0.079485,0,0
1784416307.766530,ADAPTIVEQF,TRACKING,150,16.672735,46.897114,-0.029410,-0.073834,5.001204,0.000000,0.000000,5.000000,0.079485,0,0
1784416307.791531,ADAPTIVEQF,TRACKING,150,15.500863,23.793163,-0.029326,-0.073859,5.002306,0.000000,0.000000,5.000000,0.079501,0,0
1784416307.816531,ADAPTIVEQF,TRACKING,150,17.476282,26.934471,-0.028609,-0.073160,5.004628,0.000000,0.000000,5.000000,0.078691,0,0
1784416307.841531,ADAPTIVEQF,TRACKING,150,13.507004,18.687530,-0.027732,-0.072066,5.007915,0.000000,0.000000,5.000000,0.077623,0,0
1784416307.866532,ADAPTIVEQF,TRACKING,150,17.631478,47.812194,-0.027732,-0.072066,5.007915,0.000000,0.000000,5.000000,0.077623,0,0
1784416307.891533,ADAPTIVEQF,TRACKING,150,13.467151,20.804370,-0.026621,-0.069968,5.012452,0.000000,0.000000,5.000000,0.075889,0,0
1784416307.916853,ADAPTIVEQF,TRACKING,151,16.725110,28.548004,-0.024720,-0.067037,5.015845,0.000000,0.000000,5.000000,0.073186,0,0
1784416307.941532,ADAPTIVEQF,TRACKING,150,15.504485,20.787687,-0.021887,-0.063139,5.019033,0.000000,0.000000,5.000000,0.069482,0,0
1784416307.966533,ADAPTIVEQF,TRACKING,150,17.649007,47.933763,-0.021887,-0.063139,5.019033,0.000000,0.000000,5.000000,0.069482,0,0
1784416307.991534,ADAPTIVEQF,TRACKING,150,13.449628,20.739909,-0.019148,-0.059153,5.021866,0.000000,0.000000,5.000000,0.065908,0,0
1784416308.016533,ADAPTIVEQF,TRACKING,150,17.657794,29.160767,-0.015828,-0.054027,5.025653,0.000000,0.000000,5.000000,0.061867,0,0
1784416308.041533,ADAPTIVEQF,TRACKING,150,16.292495,21.570613,-0.013813,-0.050161,5.027461,0.000000,0.000000,5.000000,0.058830,0,0
1784416308.066533,ADAPTIVEQF,TRACKING,150,13.438071,43.716089,-0.013813,-0.050161,5.027461,0.000000,0.000000,5.000000,0.058830,0,0
1784416308.091534,ADAPTIVEQF,TRACKING,150,15.486306,27.023423,-0.010407,-0.043776,5.030111,0.000000,0.000000,5.000000,0.054142,0,0
1784416308.116534,ADAPTIVEQF,TRACKING,150,17.601757,27.086889,-0.007710,-0.038678,5.031720,0.000000,0.000000,5.000000,0.050612,0,0
1784416308.141534,ADAPTIVEQF,TRACKING,150,16.309848,21.542059,-0.005043,-0.033564,5.033255,0.000000,0.000000,5.000000,0.047517,0,0
1784416308.166535,ADAPTIVEQF,TRACKING,150,13.456255,43.689006,-0.005043,-0.033564,5.033255,0.000000,0.000000,5.000000,0.047517,0,0
1784416308.191534,ADAPTIVEQF,TRACKING,150,15.462579,26.976308,-0.001954,-0.027397,5.036019,0.000000,0.000000,5.000000,0.045297,0,0
1784416308.216534,ADAPTIVEQF,TRACKING,150,16.499818,26.010901,0.000947,-0.021304,5.037158,0.000000,0.000000,5.000000,0.042842,0,0
1784416308.241535,ADAPTIVEQF,TRACKING,150,15.304452,20.678607,0.003652,-0.015320,5.038372,0.000000,0.000000,5.000000,0.041478,0,0
1784416308.266536,ADAPTIVEQF,TRACKING,150,16.448604,46.823862,0.003652,-0.015320,5.038372,0.000000,0.000000,5.000000,0.041478,0,0
1784416308.291537,ADAPTIVEQF,TRACKING,150,15.495846,23.765384,0.005675,-0.008487,5.040069,0.000000,0.000000,5.000000,0.041349,0,0
1784416308.316537,ADAPTIVEQF,TRACKING,150,14.281243,23.753800,0.005864,-0.003565,5.040442,0.000000,0.000000,5.000000,0.041021,0,0
1784416308.341536,ADAPTIVEQF,TRACKING,150,15.532304,20.211729,0.005882,0.001291,5.039856,0.000000,0.000000,5.000000,0.040308,0,0
1784416308.366537,ADAPTIVEQF,TRACKING,150,17.247922,46.927885,0.005882,0.001291,5.039856,0.000000,0.000000,5.000000,0.040308,0,0
1784416308.391537,ADAPTIVEQF,TRACKING,150,15.325583,23.038481,0.005720,0.006105,5.038085,0.000000,0.000000,5.000000,0.038994,0,0
1784416308.416537,ADAPTIVEQF,TRACKING,150,16.457477,26.096860,0.004521,0.009892,5.036306,0.000000,0.000000,5.000000,0.037900,0,0
1784416308.441628,ADAPTIVEQF,TRACKING,150,13.295853,18.647696,0.002499,0.012651,5.035927,0.000000,0.000000,5.000000,0.038171,0,0
1784416308.466538,ADAPTIVEQF,TRACKING,150,16.253415,46.517116,0.002499,0.012651,5.035927,0.000000,0.000000,5.000000,0.038171,0,0
1784416308.491571,ADAPTIVEQF,TRACKING,150,14.459888,23.188046,0.000200,0.016030,5.035201,0.000000,0.000000,5.000000,0.038679,0,0
1784416308.518854,ADAPTIVEQF,TRACKING,153,16.899715,29.690088,-0.001486,0.018648,5.034477,0.000000,0.000000,5.000000,0.039225,0,0
1784416308.541702,ADAPTIVEQF,TRACKING,150,16.500427,22.025107,-0.003204,0.021068,5.037055,0.000000,0.000000,5.000000,0.042746,0,0
1784416308.567854,ADAPTIVEQF,TRACKING,150,16.298859,47.976115,-0.003204,0.021068,5.037055,0.000000,0.000000,5.000000,0.042746,0,0
1784416308.591540,ADAPTIVEQF,TRACKING,150,16.433016,23.778929,-0.004834,0.023393,5.039467,0.000000,0.000000,5.000000,0.046133,0,0
1784416308.616540,ADAPTIVEQF,TRACKING,150,13.428734,21.958899,-0.006376,0.025682,5.040451,0.000000,0.000000,5.000000,0.048337,0,0
1784416308.641540,ADAPTIVEQF,TRACKING,150,15.665865,20.917389,-0.008455,0.028546,5.040657,0.000000,0.000000,5.000000,0.050392,0,0
1784416308.666540,ADAPTIVEQF,TRACKING,150,17.131072,47.383240,-0.008455,0.028546,5.040657,0.000000,0.000000,5.000000,0.050392,0,0
1784416308.691541,ADAPTIVEQF,TRACKING,150,15.674907,23.503859,-0.010696,0.030982,5.038589,0.000000,0.000000,5.000000,0.050630,0,0
1784416308.716541,ADAPTIVEQF,TRACKING,150,14.500364,23.783660,-0.012707,0.033342,5.035414,0.000000,0.000000,5.000000,0.050272,0,0
1784416308.741541,ADAPTIVEQF,TRACKING,150,16.670729,22.013497,-0.014618,0.035572,5.033597,0.000000,0.000000,5.000000,0.051066,0,0
1784416308.766541,ADAPTIVEQF,TRACKING,150,15.374490,45.716603,-0.014618,0.035572,5.033597,0.000000,0.000000,5.000000,0.051066,0,0
1784416308.791543,ADAPTIVEQF,TRACKING,150,16.484124,26.078835,-0.016515,0.037551,5.032645,0.000000,0.000000,5.000000,0.052426,0,0
1784416308.816542,ADAPTIVEQF,TRACKING,150,15.535307,23.998527,-0.018626,0.039038,5.030847,0.000000,0.000000,5.000000,0.053126,0,0
1784416308.841542,ADAPTIVEQF,TRACKING,150,14.471080,19.661291,-0.020623,0.040387,5.028551,0.000000,0.000000,5.000000,0.053588,0,0
1784416308.866542,ADAPTIVEQF,TRACKING,150,16.277742,46.467953,-0.020623,0.040387,5.028551,0.000000,0.000000,5.000000,0.053588,0,0
1784416308.891545,ADAPTIVEQF,TRACKING,150,17.471136,26.160297,-0.022956,0.041824,5.025729,0.000000,0.000000,5.000000,0.054205,0,0
1784416308.916542,ADAPTIVEQF,TRACKING,150,13.484890,20.152533,-0.023804,0.044112,5.024355,0.000000,0.000000,5.000000,0.055728,0,0
1784416308.941543,ADAPTIVEQF,TRACKING,150,18.214297,23.449330,-0.023669,0.047367,5.025072,0.000000,0.000000,5.000000,0.058588,0,0
1784416308.966545,ADAPTIVEQF,TRACKING,150,13.462525,43.699177,-0.023669,0.047367,5.025072,0.000000,0.000000,5.000000,0.058588,0,0
1784416308.991546,ADAPTIVEQF,TRACKING,150,17.612196,29.120486,-0.023368,0.050212,5.026776,0.000000,0.000000,5.000000,0.061517,0,0
1784416309.016544,ADAPTIVEQF,TRACKING,150,16.438977,23.783091,-0.022922,0.052687,5.027675,0.000000,0.000000,5.000000,0.063775,0,0
1784416309.041544,ADAPTIVEQF,TRACKING,150,13.441213,18.769361,-0.023362,0.055078,5.029744,0.000000,0.000000,5.000000,0.066814,0,0
1784416309.066545,ADAPTIVEQF,TRACKING,150,15.450798,45.779756,-0.023362,0.055078,5.029744,0.000000,0.000000,5.000000,0.066814,0,0
1784416309.091545,ADAPTIVEQF,TRACKING,150,17.637392,27.141759,-0.023945,0.057723,5.032963,0.000000,0.000000,5.000000,0.070653,0,0
1784416309.116545,ADAPTIVEQF,TRACKING,150,16.412489,23.740759,-0.024136,0.059432,5.035620,0.000000,0.000000,5.000000,0.073373,0,0
1784416309.141545,ADAPTIVEQF,TRACKING,150,13.419898,18.631813,-0.024186,0.060849,5.037045,0.000000,0.000000,5.000000,0.075232,0,0
1784416309.166546,ADAPTIVEQF,TRACKING,150,15.366046,45.578194,-0.024186,0.060849,5.037045,0.000000,0.000000,5.000000,0.075232,0,0
1784416309.191545,ADAPTIVEQF,TRACKING,150,16.670924,26.269626,-0.023947,0.060743,5.039414,0.000000,0.000000,5.000000,0.076267,0,0
1784416309.216546,ADAPTIVEQF,TRACKING,150,15.476973,23.772819,-0.023559,0.060506,5.041421,0.000000,0.000000,5.000000,0.077017,0,0
1784416309.241546,ADAPTIVEQF,TRACKING,150,17.485458,22.628466,-0.023043,0.060144,5.044023,0.000000,0.000000,5.000000,0.078015,0,0
1784416309.266546,ADAPTIVEQF,TRACKING,150,13.474969,43.618593,-0.023043,0.060144,5.044023,0.000000,0.000000,5.000000,0.078015,0,0
1784416309.291548,ADAPTIVEQF,TRACKING,150,17.670664,29.163696,-0.023443,0.059354,5.048519,0.000000,0.000000,5.000000,0.080166,0,0
1784416309.316547,ADAPTIVEQF,TRACKING,150,16.290485,23.574122,-0.024909,0.058315,5.052593,0.000000,0.000000,5.000000,0.082384,0,0
1784416309.341547,ADAPTIVEQF,TRACKING,150,13.497751,18.695431,-0.026094,0.057238,5.055459,0.000000,0.000000,5.000000,0.083861,0,0
1784416309.366548,ADAPTIVEQF,TRACKING,150,16.256869,46.454701,-0.026094,0.057238,5.055459,0.000000,0.000000,5.000000,0.083861,0,0
1784416309.391548,ADAPTIVEQF,TRACKING,150,14.271230,22.967255,-0.027064,0.056130,5.058675,0.000000,0.000000,5.000000,0.085591,0,0
1784416309.417853,ADAPTIVEQF,TRACKING,153,16.615250,28.614441,-0.026752,0.056761,5.062190,0.000000,0.000000,5.000000,0.088347,0,0
1784416309.441548,ADAPTIVEQF,TRACKING,150,13.467592,18.615007,-0.025295,0.058599,5.064324,0.000000,0.000000,5.000000,0.090616,0,0
1784416309.466854,ADAPTIVEQF,TRACKING,153,16.690037,47.143150,-0.025295,0.058599,5.064324,0.000000,0.000000,5.000000,0.090616,0,0
1784416309.491549,ADAPTIVEQF,TRACKING,150,15.436529,23.397889,-0.023477,0.060425,5.066120,0.000000,0.000000,5.000000,0.092597,0,0
1784416309.516550,ADAPTIVEQF,TRACKING,150,16.290213,25.820442,-0.021917,0.061583,5.066254,0.000000,0.000000,5.000000,0.093072,0,0
1784416309.541549,ADAPTIVEQF,TRACKING,150,14.478893,19.822652,-0.021133,0.061775,5.063231,0.000000,0.000000,5.000000,0.090889,0,0
1784416309.566549,ADAPTIVEQF,TRACKING,150,16.465434,46.809561,-0.021133,0.061775,5.063231,0.000000,0.000000,5.000000,0.090889,0,0
1784416309.591550,ADAPTIVEQF,TRACKING,150,15.530100,24.020791,-0.020436,0.061684,5.059121,0.000000,0.000000,5.000000,0.087852,0,0
1784416309.616551,ADAPTIVEQF,TRACKING,150,17.517508,26.926049,-0.019544,0.061546,5.055299,0.000000,0.000000,5.000000,0.085017,0,0
1784416309.641550,ADAPTIVEQF,TRACKING,150,13.450667,18.836525,-0.018500,0.061283,5.050854,0.000000,0.000000,5.000000,0.081756,0,0
1784416309.666551,ADAPTIVEQF,TRACKING,150,17.612601,47.999226,-0.018500,0.061283,5.050854,0.000000,0.000000,5.000000,0.081756,0,0
1784416309.691551,ADAPTIVEQF,TRACKING,150,16.445588,23.785568,-0.018230,0.060656,5.043963,0.000000,0.000000,5.000000,0.077099,0,0
1784416309.716554,ADAPTIVEQF,TRACKING,150,13.452234,21.970243,-0.017793,0.059867,5.038993,0.000000,0.000000,5.000000,0.073629,0,0
1784416309.741552,ADAPTIVEQF,TRACKING,150,15.288755,20.496414,-0.017117,0.058831,5.034389,0.000000,0.000000,5.000000,0.070262,0,0
1784416309.766552,ADAPTIVEQF,TRACKING,150,17.630188,47.837720,-0.017117,0.058831,5.034389,0.000000,0.000000,5.000000,0.070262,0,0
1784416309.791552,ADAPTIVEQF,TRACKING,150,16.433558,23.764491,-0.016456,0.057032,5.030334,0.000000,0.000000,5.000000,0.066661,0,0
1784416309.816552,ADAPTIVEQF,TRACKING,150,13.501312,22.038996,-0.016167,0.053591,5.027859,0.000000,0.000000,5.000000,0.062526,0,0
1784416309.841552,ADAPTIVEQF,TRACKING,150,15.379628,20.363118,-0.015711,0.050118,5.025218,0.000000,0.000000,5.000000,0.058264,0,0
1784416309.866553,ADAPTIVEQF,TRACKING,150,16.694376,46.678417,-0.015711,0.050118,5.025218,0.000000,0.000000,5.000000,0.058264,0,0
1784416309.891554,ADAPTIVEQF,TRACKING,150,15.434913,23.701365,-0.014825,0.045610,5.021873,0.000000,0.000000,5.000000,0.052711,0,0
1784416309.916554,ADAPTIVEQF,TRACKING,150,16.453933,25.990145,-0.014856,0.040711,5.019998,0.000000,0.000000,5.000000,0.047728,0,0
1784416309.941554,ADAPTIVEQF,TRACKING,150,15.488461,20.930221,-0.015571,0.034737,5.018799,0.000000,0.000000,5.000000,0.042456,0,0
1784416309.966556,ADAPTIVEQF,TRACKING,150,14.289420,44.733687,-0.015571,0.034737,5.018799,0.000000,0.000000,5.000000,0.042456,0,0
1784416309.991554,ADAPTIVEQF,TRACKING,150,13.292169,18.970924,-0.016043,0.028799,5.017004,0.000000,0.000000,5.000000,0.037093,0,0
1784416310.016555,ADAPTIVEQF,TRACKING,156,15.989364,27.664214,-0.016274,0.022991,5.014236,0.000000,0.000000,5.000000,0.031561,0,0
1784416310.041555,ADAPTIVEQF,TRACKING,157,18.121313,23.316538,-0.017176,0.017190,5.011586,0.000000,0.000000,5.000000,0.026921,0,0
1784416310.066556,ADAPTIVEQF,TRACKING,150,16.408802,46.605597,-0.017176,0.017190,5.011586,0.000000,0.000000,5.000000,0.026921,0,0
1784416310.091556,ADAPTIVEQF,TRACKING,150,13.310771,21.867553,-0.018467,0.010061,5.009365,0.000000,0.000000,5.000000,0.023021,0,0
1784416310.116556,ADAPTIVEQF,TRACKING,150,15.294763,26.945772,-0.019349,0.004486,5.008368,0.000000,0.000000,5.000000,0.021553,0,0
1784416310.141557,ADAPTIVEQF,TRACKING,150,16.665589,21.750249,-0.020171,-0.000844,5.007148,0.000000,0.000000,5.000000,0.021417,0,0
1784416310.166556,ADAPTIVEQF,TRACKING,150,15.448885,45.533274,-0.020171,-0.000844,5.007148,0.000000,0.000000,5.000000,0.021417,0,0
1784416310.191557,ADAPTIVEQF,TRACKING,150,16.637712,26.154732,-0.019359,-0.006941,5.010210,0.000000,0.000000,5.000000,0.022960,0,0
1784416310.216557,ADAPTIVEQF,TRACKING,150,15.455897,23.135054,-0.018604,-0.012615,5.013031,0.000000,0.000000,5.000000,0.025982,0,0
1784416310.241559,ADAPTIVEQF,TRACKING,150,16.489675,21.668133,-0.017852,-0.017780,5.016146,0.000000,0.000000,5.000000,0.029925,0,0
1784416310.266557,ADAPTIVEQF,TRACKING,150,15.421501,45.598844,-0.017852,-0.017780,5.016146,0.000000,0.000000,5.000000,0.029925,0,0
1784416310.291558,ADAPTIVEQF,TRACKING,150,14.520360,23.205353,-0.017789,-0.023254,5.021118,0.000000,0.000000,5.000000,0.036100,0,0
1784416310.316558,ADAPTIVEQF,TRACKING,150,16.272609,26.720099,-0.018589,-0.026865,5.025136,0.000000,0.000000,5.000000,0.041220,0,0
1784416310.341558,ADAPTIVEQF,TRACKING,150,17.447454,22.829276,-0.019223,-0.030198,5.029237,0.000000,0.000000,5.000000,0.046220,0,0
1784416310.366559,ADAPTIVEQF,TRACKING,150,13.478342,43.861209,-0.019223,-0.030198,5.029237,0.000000,0.000000,5.000000,0.046220,0,0
1784416310.391559,ADAPTIVEQF,TRACKING,150,17.665516,29.139600,-0.019766,-0.033243,5.033459,0.000000,0.000000,5.000000,0.051140,0,0
1784416310.416559,ADAPTIVEQF,TRACKING,150,16.294465,23.597659,-0.020362,-0.034676,5.038147,0.000000,0.000000,5.000000,0.055428,0,0
1784416310.441559,ADAPTIVEQF,TRACKING,150,13.451455,18.149256,-0.020931,-0.034703,5.042294,0.000000,0.000000,5.000000,0.058576,0,0
1784416310.466560,ADAPTIVEQF,TRACKING,150,16.265506,45.964075,-0.020931,-0.034703,5.042294,0.000000,0.000000,5.000000,0.058576,0,0
1784416310.491561,ADAPTIVEQF,TRACKING,150,14.258340,22.948187,-0.021361,-0.034747,5.045533,0.000000,0.000000,5.000000,0.061131,0,0
1784416310.517853,ADAPTIVEQF,TRACKING,153,16.730745,28.717602,-0.021491,-0.034707,5.045962,0.000000,0.000000,5.000000,0.061474,0,0
1784416310.541560,ADAPTIVEQF,TRACKING,150,13.482951,18.813650,-0.022489,-0.034868,5.046418,0.000000,0.000000,5.000000,0.062259,0,0
1784416310.566854,ADAPTIVEQF,TRACKING,152,16.725373,47.349773,-0.022489,-0.034868,5.046418,0.000000,0.000000,5.000000,0.062259,0,0
1784416310.591561,ADAPTIVEQF,TRACKING,150,15.444848,23.388073,-0.023492,-0.034994,5.046511,0.000000,0.000000,5.000000,0.062767,0,0
1784416310.616562,ADAPTIVEQF,TRACKING,150,17.107508,26.623264,-0.024197,-0.034935,5.047245,0.000000,0.000000,5.000000,0.063545,0,0
1784416310.641561,ADAPTIVEQF,TRACKING,150,13.458419,18.668223,-0.024712,-0.034649,5.048598,0.000000,0.000000,5.000000,0.064599,0,0
1784416310.666651,ADAPTIVEQF,TRACKING,150,16.450840,46.750635,-0.024712,-0.034649,5.048598,0.000000,0.000000,5.000000,0.064599,0,0
1784416310.691562,ADAPTIVEQF,TRACKING,150,15.468097,23.894912,-0.023671,-0.030671,5.053830,0.000000,0.000000,5.000000,0.066323,0,0
1784416310.716562,ADAPTIVEQF,TRACKING,150,17.455884,26.147941,-0.023049,-0.027596,5.058864,0.000000,0.000000,5.000000,0.068977,0,0
1784416310.741562,ADAPTIVEQF,TRACKING,150,13.478676,18.798309,-0.022541,-0.024657,5.063652,0.000000,0.000000,5.000000,0.071886,0,0
1784416310.766563,ADAPTIVEQF,TRACKING,150,17.674609,47.995036,-0.022541,-0.024657,5.063652,0.000000,0.000000,5.000000,0.071886,0,0
1784416310.791563,ADAPTIVEQF,TRACKING,150,16.471044,23.619980,-0.022316,-0.021651,5.068145,0.000000,0.000000,5.000000,0.074903,0,0
1784416310.816563,ADAPTIVEQF,TRACKING,150,13.440661,21.928385,-0.022676,-0.018397,5.073181,0.000000,0.000000,5.000000,0.078792,0,0
1784416310.841564,ADAPTIVEQF,TRACKING,150,16.302977,21.541727,-0.022896,-0.015318,5.076666,0.000000,0.000000,5.000000,0.081465,0,0
1784416310.866564,ADAPTIVEQF,TRACKING,150,17.437585,47.676902,-0.022896,-0.015318,5.076666,0.000000,0.000000,5.000000,0.081465,0,0
1784416310.891565,ADAPTIVEQF,TRACKING,150,13.469115,20.992350,-0.022890,-0.011708,5.080019,0.000000,0.000000,5.000000,0.084048,0,0
1784416310.916565,ADAPTIVEQF,TRACKING,150,15.461953,26.157372,-0.022338,-0.009698,5.081863,0.000000,0.000000,5.000000,0.085409,0,0
1784416310.941565,ADAPTIVEQF,TRACKING,150,17.315091,22.606221,-0.021302,-0.008354,5.082212,0.000000,0.000000,5.000000,0.085337,0,0
1784416310.966565,ADAPTIVEQF,TRACKING,150,15.498542,45.789688,-0.021302,-0.008354,5.082212,0.000000,0.000000,5.000000,0.085337,0,0
1784416310.991565,ADAPTIVEQF,TRACKING,150,14.289590,23.756398,-0.020183,-0.006962,5.080110,0.000000,0.000000,5.000000,0.082906,0,0
1784416311.016566,ADAPTIVEQF,TRACKING,150,15.447882,26.118068,-0.018998,-0.005609,5.076595,0.000000,0.000000,5.000000,0.079115,0,0
1784416311.041565,ADAPTIVEQF,TRACKING,150,16.308314,21.734701,-0.016366,-0.003781,5.073092,0.000000,0.000000,5.000000,0.074998,0,0
1784416311.066567,ADAPTIVEQF,TRACKING,150,17.675539,48.103390,-0.016366,-0.003781,5.073092,0.000000,0.000000,5.000000,0.074998,0,0
1784416311.091566,ADAPTIVEQF,TRACKING,150,13.300170,20.590578,-0.012551,-0.001551,5.070576,0.000000,0.000000,5.000000,0.071700,0,0
1784416311.116566,ADAPTIVEQF,TRACKING,150,15.439501,25.953095,-0.009473,-0.000034,5.068628,0.000000,0.000000,5.000000,0.069279,0,0
1784416311.141567,ADAPTIVEQF,TRACKING,150,16.471436,21.692531,-0.006406,0.001238,5.066782,0.000000,0.000000,5.000000,0.067100,0,0
1784416311.166567,ADAPTIVEQF,TRACKING,150,15.445612,45.667707,-0.006406,0.001238,5.066782,0.000000,0.000000,5.000000,0.067100,0,0
1784416311.191569,ADAPTIVEQF,TRACKING,150,17.451981,26.145760,-0.005562,0.004928,5.063401,0.000000,0.000000,5.000000,0.063835,0,0
1784416311.216568,ADAPTIVEQF,TRACKING,150,13.480140,21.000376,-0.004575,0.008325,5.060027,0.000000,0.000000,5.000000,0.060774,0,0
1784416311.241568,ADAPTIVEQF,TRACKING,150,13.483609,16.195463,-0.003465,0.011558,5.057883,0.000000,0.000000,5.000000,0.059128,0,0
1784416311.266568,ADAPTIVEQF,TRACKING,151,15.373241,43.085214,-0.003465,0.011558,5.057883,0.000000,0.000000,5.000000,0.059128,0,0
1784416311.293853,ADAPTIVEQF,TRACKING,159,14.212901,26.092793,-0.001197,0.015632,5.055642,0.000000,0.000000,5.000000,0.057809,0,0
1784416311.316570,ADAPTIVEQF,TRACKING,160,14.292778,18.993523,0.001476,0.019095,5.053811,0.000000,0.000000,5.000000,0.057117,0,0
1784416311.341569,ADAPTIVEQF,TRACKING,160,18.562703,23.918000,0.004110,0.022546,5.050456,0.000000,0.000000,5.000000,0.055417,0,0
1784416311.366570,ADAPTIVEQF,TRACKING,152,14.604091,44.960281,0.004110,0.022546,5.050456,0.000000,0.000000,5.000000,0.055417,0,0
1784416311.391570,ADAPTIVEQF,TRACKING,150,16.625489,26.990132,0.006708,0.025990,5.047033,0.000000,0.000000,5.000000,0.054153,0,0
1784416311.416570,ADAPTIVEQF,TRACKING,150,15.487231,23.826125,0.008997,0.029454,5.046046,0.000000,0.000000,5.000000,0.055396,0,0
1784416311.441571,ADAPTIVEQF,TRACKING,150,17.497912,22.586470,0.011028,0.032934,5.047046,0.000000,0.000000,5.000000,0.058477,0,0
1784416311.466572,ADAPTIVEQF,TRACKING,150,13.490285,43.579257,0.011028,0.032934,5.047046,0.000000,0.000000,5.000000,0.058477,0,0
1784416311.491571,ADAPTIVEQF,TRACKING,150,17.699336,29.175487,0.013557,0.037122,5.047249,0.000000,0.000000,5.000000,0.061599,0,0
1784416311.516572,ADAPTIVEQF,TRACKING,150,13.498703,20.749526,0.015707,0.040269,5.045535,0.000000,0.000000,5.000000,0.062783,0,0
1784416311.541572,ADAPTIVEQF,TRACKING,151,13.551070,16.265325,0.016627,0.043466,5.044778,0.000000,0.000000,5.000000,0.064582,0,0
1784416311.566572,ADAPTIVEQF,TRACKING,151,15.544698,43.259906,0.016627,0.043466,5.044778,0.000000,0.000000,5.000000,0.064582,0,0
1784416311.591572,ADAPTIVEQF,TRACKING,159,18.508344,27.928850,0.017204,0.046525,5.043927,0.000000,0.000000,5.000000,0.066258,0,0
1784416311.616572,ADAPTIVEQF,TRACKING,150,14.392693,20.855088,0.017720,0.049240,5.043374,0.000000,0.000000,5.000000,0.067970,0,0
1784416311.641572,ADAPTIVEQF,TRACKING,150,15.463692,20.734204,0.018257,0.051636,5.043226,0.000000,0.000000,5.000000,0.069772,0,0
1784416311.666574,ADAPTIVEQF,TRACKING,150,17.458703,47.729936,0.018257,0.051636,5.043226,0.000000,0.000000,5.000000,0.069772,0,0
1784416311.691573,ADAPTIVEQF,TRACKING,150,13.461182,20.973196,0.019593,0.052839,5.046176,0.000000,0.000000,5.000000,0.072857,0,0
1784416311.716857,ADAPTIVEQF,TRACKING,150,16.436694,28.234382,0.020489,0.053585,5.049386,0.000000,0.000000,5.000000,0.075697,0,0
1784416311.741573,ADAPTIVEQF,TRACKING,150,15.497807,20.740143,0.021196,0.054185,5.052926,0.000000,0.000000,5.000000,0.078653,0,0
1784416311.766575,ADAPTIVEQF,TRACKING,150,17.100182,47.343541,0.021196,0.054185,5.052926,0.000000,0.000000,5.000000,0.078653,0,0
1784416311.791574,ADAPTIVEQF,TRACKING,150,13.515204,21.374574,0.021814,0.055081,5.055578,0.000000,0.000000,5.000000,0.081232,0,0
1784416311.816756,ADAPTIVEQF,TRACKING,150,15.462570,27.095398,0.022484,0.056900,5.057945,0.000000,0.000000,5.000000,0.084266,0,0
1784416311.841574,ADAPTIVEQF,TRACKING,150,13.452370,16.169287,0.022874,0.058398,5.060189,0.000000,0.000000,5.000000,0.086927,0,0
1784416311.866575,ADAPTIVEQF,TRACKING,159,16.412985,44.130532,0.022874,0.058398,5.060189,0.000000,0.000000,5.000000,0.086927,0,0
1784416311.891853,ADAPTIVEQF,TRACKING,152,16.446128,25.281168,0.023074,0.059826,5.061883,0.000000,0.000000,5.000000,0.089113,0,0
1784416311.916575,ADAPTIVEQF,TRACKING,150,15.457234,23.704779,0.021869,0.060880,5.064537,0.000000,0.000000,5.000000,0.091376,0,0
1784416311.941575,ADAPTIVEQF,TRACKING,150,17.491097,22.801734,0.019461,0.061848,5.067811,0.000000,0.000000,5.000000,0.093820,0,0
1784416311.966577,ADAPTIVEQF,TRACKING,150,13.447233,43.759437,0.019461,0.061848,5.067811,0.000000,0.000000,5.000000,0.093820,0,0
1784416311.991577,ADAPTIVEQF,TRACKING,150,17.261833,28.775774,0.016467,0.062532,5.069499,0.000000,0.000000,5.000000,0.094929,0,0
1784416312.016577,ADAPTIVEQF,TRACKING,150,15.459333,23.158349,0.014628,0.062661,5.070304,0.000000,0.000000,5.000000,0.095305,0,0
1784416312.041576,ADAPTIVEQF,TRACKING,150,14.397827,19.678751,0.013352,0.060681,5.074775,0.000000,0.000000,5.000000,0.097220,0,0
1784416312.066577,ADAPTIVEQF,TRACKING,150,15.441923,45.724503,0.013352,0.060681,5.074775,0.000000,0.000000,5.000000,0.097220,0,0
1784416312.091577,ADAPTIVEQF,TRACKING,150,17.268925,26.789750,0.012072,0.057309,5.080763,0.000000,0.000000,5.000000,0.099763,0,0
1784416312.116578,ADAPTIVEQF,TRACKING,150,15.499648,23.197914,0.010955,0.054488,5.083718,0.000000,0.000000,5.000000,0.100487,0,0
1784416312.141577,ADAPTIVEQF,TRACKING,150,14.295640,19.665005,0.009767,0.051408,5.085715,0.000000,0.000000,5.000000,0.100426,0,0
1784416312.166578,ADAPTIVEQF,TRACKING,150,15.471817,45.841671,0.009767,0.051408,5.085715,0.000000,0.000000,5.000000,0.100426,0,0
1784416312.191578,ADAPTIVEQF,TRACKING,150,17.370597,26.867638,0.010096,0.048426,5.088748,0.000000,0.000000,5.000000,0.101604,0,0
1784416312.216578,ADAPTIVEQF,TRACKING,150,15.466774,23.070105,0.010183,0.045392,5.090300,0.000000,0.000000,5.000000,0.101578,0,0
1784416312.241579,ADAPTIVEQF,TRACKING,150,14.494512,19.559504,0.010141,0.042261,5.091289,0.000000,0.000000,5.000000,0.101106,0,0
1784416312.266579,ADAPTIVEQF,TRACKING,150,16.487686,46.553488,0.010141,0.042261,5.091289,0.000000,0.000000,5.000000,0.101106,0,0
1784416312.291580,ADAPTIVEQF,TRACKING,150,15.460231,23.939347,0.010289,0.037641,5.093501,0.000000,0.000000,5.000000,0.101317,0,0
1784416312.316580,ADAPTIVEQF,TRACKING,150,17.474514,26.987020,0.010663,0.033283,5.095700,0.000000,0.000000,5.000000,0.101882,0,0
1784416312.341580,ADAPTIVEQF,TRACKING,150,13.263019,18.615148,0.010862,0.028872,5.096381,0.000000,0.000000,5.000000,0.101197,0,0
1784416312.366581,ADAPTIVEQF,TRACKING,150,16.569477,46.923280,0.010862,0.028872,5.096381,0.000000,0.000000,5.000000,0.101197,0,0
1784416312.391580,ADAPTIVEQF,TRACKING,150,16.681165,25.070003,0.010978,0.024396,5.096447,0.000000,0.000000,5.000000,0.100088,0,0
1784416312.416581,ADAPTIVEQF,TRACKING,150,13.466470,21.753785,0.011299,0.018374,5.097093,0.000000,0.000000,5.000000,0.099460,0,0
1784416312.441581,ADAPTIVEQF,TRACKING,150,16.621420,20.332642,0.011807,0.011048,5.098560,0.000000,0.000000,5.000000,0.099877,0,0
1784416312.466582,ADAPTIVEQF,TRACKING,150,15.467143,44.177342,0.011807,0.011048,5.098560,0.000000,0.000000,5.000000,0.099877,0,0
1784416312.491581,ADAPTIVEQF,TRACKING,150,14.498460,23.993422,0.012325,0.002279,5.101858,0.000000,0.000000,5.000000,0.102626,0,0
1784416312.516582,ADAPTIVEQF,TRACKING,150,16.278005,26.741739,0.012638,-0.004425,5.103991,0.000000,0.000000,5.000000,0.104849,0,0
1784416312.541582,ADAPTIVEQF,TRACKING,150,14.439018,19.815635,0.011317,-0.011206,5.105968,0.000000,0.000000,5.000000,0.107159,0,0
1784416312.566582,ADAPTIVEQF,TRACKING,150,16.282481,46.659928,0.011317,-0.011206,5.105968,0.000000,0.000000,5.000000,0.107159,0,0
1784416312.591582,ADAPTIVEQF,TRACKING,150,17.486902,26.173287,0.009531,-0.017795,5.106269,0.000000,0.000000,5.000000,0.108169,0,0
1784416312.616585,ADAPTIVEQF,TRACKING,150,13.452861,20.915466,0.007788,-0.024138,5.104997,0.000000,0.000000,5.000000,0.108017,0,0
1784416312.641582,ADAPTIVEQF,TRACKING,150,17.629376,22.855588,0.006103,-0.030261,5.101962,0.000000,0.000000,5.000000,0.106532,0,0
1784416312.666583,ADAPTIVEQF,TRACKING,150,13.441916,43.667216,0.006103,-0.030261,5.101962,0.000000,0.000000,5.000000,0.106532,0,0
1784416312.691853,ADAPTIVEQF,TRACKING,151,16.728113,28.530691,0.005276,-0.034624,5.099027,0.000000,0.000000,5.000000,0.105038,0,0
1784416312.716584,ADAPTIVEQF,TRACKING,150,15.422050,23.395097,0.004457,-0.038001,5.096222,0.000000,0.000000,5.000000,0.103550,0,0
1784416312.741584,ADAPTIVEQF,TRACKING,150,16.490571,21.764138,0.003510,-0.041252,5.092630,0.000000,0.000000,5.000000,0.101462,0,0
1784416312.766585,ADAPTIVEQF,TRACKING,150,16.500163,46.776272,0.003510,-0.041252,5.092630,0.000000,0.000000,5.000000,0.101462,0,0
1784416312.791584,ADAPTIVEQF,TRACKING,150,15.447125,23.907916,0.002829,-0.044232,5.089689,0.000000,0.000000,5.000000,0.100043,0,0
1784416312.816586,ADAPTIVEQF,TRACKING,150,14.508403,24.026840,0.003123,-0.046693,5.088682,0.000000,0.000000,5.000000,0.100272,0,0
1784416312.841588,ADAPTIVEQF,TRACKING,150,16.523645,21.716427,0.003177,-0.049079,5.087413,0.000000,0.000000,5.000000,0.100299,0,0
1784416312.866586,ADAPTIVEQF,TRACKING,150,15.447615,45.637208,0.003177,-0.049079,5.087413,0.000000,0.000000,5.000000,0.100299,0,0
1784416312.891586,ADAPTIVEQF,TRACKING,150,17.476950,26.996882,0.002894,-0.051824,5.084750,0.000000,0.000000,5.000000,0.099381,0,0
1784416312.916719,ADAPTIVEQF,TRACKING,150,13.305643,19.156726,0.002207,-0.053486,5.083292,0.000000,0.000000,5.000000,0.099010,0,0
1784416312.941587,ADAPTIVEQF,TRACKING,150,15.292734,20.692197,0.001235,-0.054461,5.082121,0.000000,0.000000,5.000000,0.098546,0,0
1784416312.968854,ADAPTIVEQF,TRACKING,150,13.427214,46.093886,0.001235,-0.054461,5.082121,0.000000,0.000000,5.000000,0.098546,0,0
1784416312.991854,ADAPTIVEQF,TRACKING,160,17.181586,26.716389,0.000192,-0.055122,5.079073,0.000000,0.000000,5.000000,0.096390,0,0
1784416313.016587,ADAPTIVEQF,TRACKING,150,16.487035,24.009084,-0.000894,-0.055385,5.077019,0.000000,0.000000,5.000000,0.094870,0,0
1784416313.041587,ADAPTIVEQF,TRACKING,150,15.468206,20.854580,-0.001278,-0.055703,5.076869,0.000000,0.000000,5.000000,0.094938,0,0
1784416313.066588,ADAPTIVEQF,TRACKING,150,14.436377,44.824311,-0.001278,-0.055703,5.076869,0.000000,0.000000,5.000000,0.094938,0,0
1784416313.091588,ADAPTIVEQF,TRACKING,150,16.267921,26.796092,-0.001726,-0.055838,5.076406,0.000000,0.000000,5.000000,0.094651,0,0
1784416313.116588,ADAPTIVEQF,TRACKING,150,17.436326,26.134183,-0.002232,-0.055771,5.075288,0.000000,0.000000,5.000000,0.093721,0,0
1784416313.141588,ADAPTIVEQF,TRACKING,150,13.556165,18.922257,-0.002780,-0.055598,5.073248,0.000000,0.000000,5.000000,0.092001,0,0
1784416313.166591,ADAPTIVEQF,TRACKING,150,17.698150,48.066653,-0.002780,-0.055598,5.073248,0.000000,0.000000,5.000000,0.092001,0,0
1784416313.191589,ADAPTIVEQF,TRACKING,150,13.486063,20.737740,-0.003736,-0.054245,5.072891,0.000000,0.000000,5.000000,0.090937,0,0
1784416313.216854,ADAPTIVEQF,TRACKING,150,16.679183,28.429281,-0.004583,-0.052932,5.071605,0.000000,0.000000,5.000000,0.089163,0,0
1784416313.241590,ADAPTIVEQF,TRACKING,150,15.501275,20.725557,-0.005295,-0.051610,5.069797,0.000000,0.000000,5.000000,0.086967,0,0
1784416313.266590,ADAPTIVEQF,TRACKING,150,15.465122,45.690711,-0.005295,-0.051610,5.069797,0.000000,0.000000,5.000000,0.086967,0,0
1784416313.291590,ADAPTIVEQF,TRACKING,150,17.496118,26.997905,-0.006663,-0.050076,5.069074,0.000000,0.000000,5.000000,0.085576,0,0
1784416313.316591,ADAPTIVEQF,TRACKING,150,16.500784,23.218959,-0.008393,-0.048934,5.068551,0.000000,0.000000,5.000000,0.084642,0,0
1784416313.341591,ADAPTIVEQF,TRACKING,150,13.330497,18.662225,-0.009983,-0.047650,5.068614,0.000000,0.000000,5.000000,0.084132,0,0
1784416313.366591,ADAPTIVEQF,TRACKING,150,16.447696,46.780023,-0.009983,-0.047650,5.068614,0.000000,0.000000,5.000000,0.084132,0,0
1784416313.391598,ADAPTIVEQF,TRACKING,150,15.275750,23.319950,-0.011496,-0.046176,5.069005,0.000000,0.000000,5.000000,0.083822,0,0
1784416313.416594,ADAPTIVEQF,TRACKING,150,16.477865,26.149408,-0.012696,-0.044746,5.068833,0.000000,0.000000,5.000000,0.083075,0,0
1784416313.441592,ADAPTIVEQF,TRACKING,150,15.642253,20.861357,-0.013706,-0.043317,5.066674,0.000000,0.000000,5.000000,0.080682,0,0
1784416313.466593,ADAPTIVEQF,TRACKING,150,14.452023,44.671454,-0.013706,-0.043317,5.066674,0.000000,0.000000,5.000000,0.080682,0,0
1784416313.493854,ADAPTIVEQF,TRACKING,150,13.519296,26.290648,-0.015104,-0.041073,5.061280,0.000000,0.000000,5.000000,0.075302,0,0
1784416313.516854,ADAPTIVEQF,TRACKING,154,16.634168,26.079918,-0.016398,-0.038953,5.055085,0.000000,0.000000,5.000000,0.069430,0,0
1784416313.541593,ADAPTIVEQF,TRACKING,152,15.655608,20.945601,-0.018431,-0.035672,5.049131,0.000000,0.000000,5.000000,0.063451,0,0
1784416313.566594,ADAPTIVEQF,TRACKING,150,17.432437,47.723717,-0.018431,-0.035672,5.049131,0.000000,0.000000,5.000000,0.063451,0,0
1784416313.591593,ADAPTIVEQF,TRACKING,150,13.457644,20.988106,-0.020753,-0.031870,5.044463,0.000000,0.000000,5.000000,0.058509,0,0
1784416313.616596,ADAPTIVEQF,TRACKING,150,17.353192,28.549968,-0.023169,-0.027780,5.040709,0.000000,0.000000,5.000000,0.054459,0,0
1784416313.641594,ADAPTIVEQF,TRACKING,150,15.472029,20.755776,-0.025645,-0.023558,5.036298,0.000000,0.000000,5.000000,0.050301,0,0
1784416313.666595,ADAPTIVEQF,TRACKING,150,14.258610,44.544131,-0.025645,-0.023558,5.036298,0.000000,0.000000,5.000000,0.050301,0,0
1784416313.691595,ADAPTIVEQF,TRACKING,150,15.464887,26.165327,-0.029590,-0.019651,5.029855,0.000000,0.000000,5.000000,0.046401,0,0
1784416313.716595,ADAPTIVEQF,TRACKING,150,17.286359,26.793721,-0.032655,-0.016503,5.026163,0.000000,0.000000,5.000000,0.044980,0,0
1784416313.741595,ADAPTIVEQF,TRACKING,150,16.625928,21.875149,-0.035599,-0.013180,5.023841,0.000000,0.000000,5.000000,0.044826,0,0
1784416313.766595,ADAPTIVEQF,TRACKING,150,13.454632,43.704482,-0.035599,-0.013180,5.023841,0.000000,0.000000,5.000000,0.044826,0,0
1784416313.791596,ADAPTIVEQF,TRACKING,150,16.473101,27.990991,-0.038197,-0.009973,5.020707,0.000000,0.000000,5.000000,0.044579,0,0
1784416313.816597,ADAPTIVEQF,TRACKING,150,15.482584,23.959251,-0.040418,-0.007276,5.016428,0.000000,0.000000,5.000000,0.044231,0,0
1784416313.841597,ADAPTIVEQF,TRACKING,150,17.624532,23.112350,-0.042361,-0.004819,5.011395,0.000000,0.000000,5.000000,0.044130,0,0
1784416313.866598,ADAPTIVEQF,TRACKING,150,13.268138,43.755989,-0.042361,-0.004819,5.011395,0.000000,0.000000,5.000000,0.044130,0,0
1784416313.891598,ADAPTIVEQF,TRACKING,150,17.287141,28.973238,-0.044378,-0.002104,5.005900,0.000000,0.000000,5.000000,0.044818,0,0
1784416313.916598,ADAPTIVEQF,TRACKING,150,15.482167,23.151937,-0.045117,-0.000749,5.003240,0.000000,0.000000,5.000000,0.045239,0,0
1784416313.941597,ADAPTIVEQF,TRACKING,150,14.495164,19.743300,-0.045013,-0.000005,5.001272,0.000000,0.000000,5.000000,0.045031,0,0
1784416313.966753,ADAPTIVEQF,TRACKING,150,15.450150,45.853563,-0.045013,-0.000005,5.001272,0.000000,0.000000,5.000000,0.045031,0,0
1784416313.991602,ADAPTIVEQF,TRACKING,150,17.130713,26.489816,-0.044634,0.000789,4.999604,0.000000,0.000000,5.000000,0.044643,0,0
1784416314.016598,ADAPTIVEQF,TRACKING,150,15.651240,23.372525,-0.043974,0.001590,4.997939,0.000000,0.000000,5.000000,0.044051,0,0
1784416314.041598,ADAPTIVEQF,TRACKING,150,14.472642,19.792980,-0.041240,0.001650,4.997480,0.000000,0.000000,5.000000,0.041350,0,0
1784416314.066599,ADAPTIVEQF,TRACKING,150,16.617597,46.939410,-0.041240,0.001650,4.997480,0.000000,0.000000,5.000000,0.041350,0,0
1784416314.091599,ADAPTIVEQF,TRACKING,150,15.448830,23.177563,-0.037081,0.001544,4.997983,0.000000,0.000000,5.000000,0.037168,0,0
1784416314.116600,ADAPTIVEQF,TRACKING,150,17.536718,27.055693,-0.034005,0.001522,4.999063,0.000000,0.000000,5.000000,0.034052,0,0
1784416314.141599,ADAPTIVEQF,TRACKING,150,13.467423,18.775158,-0.031148,0.001530,5.000278,0.000000,0.000000,5.000000,0.031187,0,0
1784416314.166600,ADAPTIVEQF,TRACKING,150,17.671652,47.979735,-0.031148,0.001530,5.000278,0.000000,0.000000,5.000000,0.031187,0,0
1784416314.191600,ADAPTIVEQF,TRACKING,150,16.273370,23.561510,-0.031048,0.003555,5.003525,0.000000,0.000000,5.000000,0.031449,0,0
1784416314.216600,ADAPTIVEQF,TRACKING,150,13.478259,22.175022,-0.030724,0.005432,5.007227,0.000000,0.000000,5.000000,0.032026,0,0
1784416314.241600,ADAPTIVEQF,TRACKING,150,15.457786,20.723767,-0.030145,0.007103,5.009740,0.000000,0.000000,5.000000,0.032466,0,0
1784416314.266601,ADAPTIVEQF,TRACKING,150,17.636197,47.902923,-0.030145,0.007103,5.009740,0.000000,0.000000,5.000000,0.032466,0,0
1784416314.291601,ADAPTIVEQF,TRACKING,150,16.244551,23.573912,-0.028515,0.008424,5.011734,0.000000,0.000000,5.000000,0.031965,0,0
1784416314.316602,ADAPTIVEQF,TRACKING,150,13.529382,22.234872,-0.026230,0.008711,5.013386,0.000000,0.000000,5.000000,0.030709,0,0
1784416314.341602,ADAPTIVEQF,TRACKING,150,15.485850,20.823230,-0.023754,0.008987,5.015277,0.000000,0.000000,5.000000,0.029638,0,0
1784416314.366603,ADAPTIVEQF,TRACKING,150,17.641220,47.979888,-0.023754,0.008987,5.015277,0.000000,0.000000,5.000000,0.029638,0,0
1784416314.391602,ADAPTIVEQF,TRACKING,150,16.270351,23.582469,-0.021107,0.009278,5.016276,0.000000,0.000000,5.000000,0.028223,0,0
1784416314.416603,ADAPTIVEQF,TRACKING,150,13.416586,21.503870,-0.017398,0.008950,5.016695,0.000000,0.000000,5.000000,0.025720,0,0
1784416314.441603,ADAPTIVEQF,TRACKING,150,16.474485,21.708545,-0.012786,0.008247,5.016796,0.000000,0.000000,5.000000,0.022663,0,0
1784416314.466604,ADAPTIVEQF,TRACKING,150,15.268847,45.503113,-0.012786,0.008247,5.016796,0.000000,0.000000,5.000000,0.022663,0,0
1784416314.491603,ADAPTIVEQF,TRACKING,150,16.281029,25.971416,-0.007005,0.007721,5.017022,0.000000,0.000000,5.000000,0.019961,0,0
1784416314.516603,ADAPTIVEQF,TRACKING,150,14.492975,23.173197,-0.002428,0.007557,5.016659,0.000000,0.000000,5.000000,0.018454,0,0
1784416314.541604,ADAPTIVEQF,TRACKING,150,16.603616,22.002670,0.000872,0.007556,5.017970,0.000000,0.000000,5.000000,0.019514,0,0
1784416314.566605,ADAPTIVEQF,TRACKING,150,15.312165,45.711505,0.000872,0.007556,5.017970,0.000000,0.000000,5.000000,0.019514,0,0
1784416314.591604,ADAPTIVEQF,TRACKING,150,16.479784,26.131920,0.003717,0.007723,5.020190,0.000000,0.000000,5.000000,0.021934,0,0
1784416314.616605,ADAPTIVEQF,TRACKING,150,15.512813,24.001920,0.006459,0.008105,5.022550,0.000000,0.000000,5.000000,0.024818,0,0
1784416314.641605,ADAPTIVEQF,TRACKING,150,14.473231,19.849449,0.009121,0.008672,5.025392,0.000000,0.000000,5.000000,0.028340,0,0
1784416314.666605,ADAPTIVEQF,TRACKING,150,16.245679,46.622258,0.009121,0.008672,5.025392,0.000000,0.000000,5.000000,0.028340,0,0
1784416314.691605,ADAPTIVEQF,TRACKING,150,14.425842,23.141599,0.010355,0.005903,5.029917,0.000000,0.000000,5.000000,0.032204,0,0
1784416314.716857,ADAPTIVEQF,TRACKING,150,15.311590,26.104702,0.011411,0.004190,5.032902,0.000000,0.000000,5.000000,0.035076,0,0
1784416314.741605,ADAPTIVEQF,TRACKING,150,13.488558,16.236559,0.012566,0.002865,5.034713,0.000000,0.000000,5.000000,0.037028,0,0
1784416314.766607,ADAPTIVEQF,TRACKING,156,15.941684,43.691888,0.012566,0.002865,5.034713,0.000000,0.000000,5.000000,0.037028,0,0
1784416314.791606,ADAPTIVEQF,TRACKING,152,17.643021,26.657525,0.013604,0.001926,5.034148,0.000000,0.000000,5.000000,0.036808,0,0
1784416314.816607,ADAPTIVEQF,TRACKING,150,16.285674,23.606868,0.013969,0.001557,5.031163,0.000000,0.000000,5.000000,0.034186,0,0
1784416314.841607,ADAPTIVEQF,TRACKING,150,13.528713,18.765366,0.014414,0.001342,5.028422,0.000000,0.000000,5.000000,0.031896,0,0
1784416314.866608,ADAPTIVEQF,TRACKING,150,15.481965,45.719864,0.014414,0.001342,5.028422,0.000000,0.000000,5.000000,0.031896,0,0
1784416314.891608,ADAPTIVEQF,TRACKING,150,17.458596,26.923641,0.014880,0.001476,5.025747,0.000000,0.000000,5.000000,0.029775,0,0
1784416314.916608,ADAPTIVEQF,TRACKING,150,16.296794,23.806997,0.015800,0.001466,5.024598,0.000000,0.000000,5.000000,0.029272,0,0
1784416314.941608,ADAPTIVEQF,TRACKING,150,13.549001,18.969322,0.017187,0.001322,5.024173,0.000000,0.000000,5.000000,0.029690,0,0
1784416314.966609,ADAPTIVEQF,TRACKING,150,15.464366,45.885693,0.017187,0.001322,5.024173,0.000000,0.000000,5.000000,0.029690,0,0
1784416314.991609,ADAPTIVEQF,TRACKING,150,17.299429,26.794252,0.018482,0.001222,5.024304,0.000000,0.000000,5.000000,0.030557,0,0
1784416315.016633,ADAPTIVEQF,TRACKING,150,15.322441,23.010022,0.019651,0.001284,5.024834,0.000000,0.000000,5.000000,0.031695,0,0
1784416315.041609,ADAPTIVEQF,TRACKING,150,16.473305,21.654503,0.022315,-0.000379,5.025605,0.000000,0.000000,5.000000,0.033966,0,0
1784416315.066610,ADAPTIVEQF,TRACKING,150,13.111690,43.293147,0.022315,-0.000379,5.025605,0.000000,0.000000,5.000000,0.033966,0,0
1784416315.091610,ADAPTIVEQF,TRACKING,150,15.103932,26.956780,0.025990,-0.002929,5.026011,0.000000,0.000000,5.000000,0.036886,0,0
1784416315.118854,ADAPTIVEQF,TRACKING,151,13.191047,25.292628,0.028710,-0.004760,5.025816,0.000000,0.000000,5.000000,0.038902,0,0
1784416315.141610,ADAPTIVEQF,TRACKING,163,18.239479,23.346296,0.031260,-0.006439,5.025492,0.000000,0.000000,5.000000,0.040847,0,0
1784416315.166611,ADAPTIVEQF,TRACKING,150,16.084908,46.192703,0.031260,-0.006439,5.025492,0.000000,0.000000,5.000000,0.040847,0,0
1784416315.191611,ADAPTIVEQF,TRACKING,150,13.141009,22.020334,0.031189,-0.007495,5.025392,0.000000,0.000000,5.000000,0.040911,0,0
1784416315.216611,ADAPTIVEQF,TRACKING,150,15.090212,26.828175,0.031144,-0.008528,5.023525,0.000000,0.000000,5.000000,0.039951,0,0
1784416315.241612,ADAPTIVEQF,TRACKING,152,15.860558,21.229735,0.031083,-0.009550,5.020235,0.000000,0.000000,5.000000,0.038299,0,0
1784416315.266854,ADAPTIVEQF,TRACKING,153,17.484388,48.095690,0.031083,-0.009550,5.020235,0.000000,0.000000,5.000000,0.038299,0,0
1784416315.291612,ADAPTIVEQF,TRACKING,150,16.780257,23.861269,0.030813,-0.009660,5.016195,0.000000,0.000000,5.000000,0.036125,0,0
1784416315.316612,ADAPTIVEQF,TRACKING,150,14.546274,22.736944,0.030395,-0.008573,5.013147,0.000000,0.000000,5.000000,0.034208,0,0
1784416315.341613,ADAPTIVEQF,TRACKING,150,16.794042,21.980831,0.029956,-0.007633,5.009888,0.000000,0.000000,5.000000,0.032456,0,0
1784416315.366614,ADAPTIVEQF,TRACKING,150,15.804876,45.992062,0.029956,-0.007633,5.009888,0.000000,0.000000,5.000000,0.032456,0,0
1784416315.391708,ADAPTIVEQF,TRACKING,150,16.607192,25.855941,0.029562,-0.006835,5.006340,0.000000,0.000000,5.000000,0.030997,0,0
1784416315.416616,ADAPTIVEQF,TRACKING,150,15.497675,23.763027,0.029444,-0.005644,5.002209,0.000000,0.000000,5.000000,0.030061,0,0
1784416315.441685,ADAPTIVEQF,TRACKING,150,16.823975,22.354041,0.029589,-0.004189,4.999393,0.000000,0.000000,5.000000,0.029890,0,0
1784416315.466614,ADAPTIVEQF,TRACKING,150,15.853651,46.313394,0.029589,-0.004189,4.999393,0.000000,0.000000,5.000000,0.029890,0,0
1784416315.491614,ADAPTIVEQF,TRACKING,150,15.022253,24.129800,0.029790,-0.002738,4.997656,0.000000,0.000000,5.000000,0.030008,0,0
1784416315.516615,ADAPTIVEQF,TRACKING,150,16.492551,26.439974,0.029909,-0.001869,4.997624,0.000000,0.000000,5.000000,0.030061,0,0
1784416315.541615,ADAPTIVEQF,TRACKING,150,15.915134,21.111200,0.029043,-0.002096,4.999851,0.000000,0.000000,5.000000,0.029119,0,0
1784416315.566615,ADAPTIVEQF,TRACKING,150,17.764201,47.961003,0.029043,-0.002096,4.999851,0.000000,0.000000,5.000000,0.029119,0,0
1784416315.591615,ADAPTIVEQF,TRACKING,150,13.820986,21.020909,0.027923,-0.002618,5.003004,0.000000,0.000000,5.000000,0.028206,0,0
1784416315.616616,ADAPTIVEQF,TRACKING,150,13.775774,20.521582,0.026796,-0.003167,5.006740,0.000000,0.000000,5.000000,0.027812,0,0
1784416315.641616,ADAPTIVEQF,TRACKING,150,18.190421,23.574117,0.025571,-0.003718,5.010565,0.000000,0.000000,5.000000,0.027916,0,0
1784416315.666616,ADAPTIVEQF,TRACKING,150,16.636431,47.019892,0.025571,-0.003718,5.010565,0.000000,0.000000,5.000000,0.027916,0,0
1784416315.691616,ADAPTIVEQF,TRACKING,150,13.823951,22.150846,0.022080,-0.004286,5.016776,0.000000,0.000000,5.000000,0.028060,0,0
1784416315.716618,ADAPTIVEQF,TRACKING,150,16.437830,27.583020,0.019380,-0.004744,5.020370,0.000000,0.000000,5.000000,0.028514,0,0
1784416315.741617,ADAPTIVEQF,TRACKING,150,18.035515,23.453591,0.016804,-0.005261,5.023508,0.000000,0.000000,5.000000,0.029371,0,0
1784416315.766617,ADAPTIVEQF,TRACKING,150,13.859063,44.278207,0.016804,-0.005261,5.023508,0.000000,0.000000,5.000000,0.029371,0,0
1784416315.791617,ADAPTIVEQF,TRACKING,150,15.797141,26.543080,0.014260,-0.005821,5.025630,0.000000,0.000000,5.000000,0.029901,0,0
1784416315.816854,ADAPTIVEQF,TRACKING,150,16.451021,25.855669,0.011501,-0.006322,5.024502,0.000000,0.000000,5.000000,0.027795,0,0
1784416315.841617,ADAPTIVEQF,TRACKING,150,15.101660,20.476509,0.008871,-0.006849,5.022437,0.000000,0.000000,5.000000,0.025080,0,0
1784416315.866619,ADAPTIVEQF,TRACKING,150,16.097700,46.473086,0.008871,-0.006849,5.022437,0.000000,0.000000,5.000000,0.025080,0,0
1784416315.891618,ADAPTIVEQF,TRACKING,150,15.113158,22.850907,0.005680,-0.007508,5.020010,0.000000,0.000000,5.000000,0.022114,0,0
1784416315.916619,ADAPTIVEQF,TRACKING,150,16.108189,25.965685,0.003350,-0.008627,5.019569,0.000000,0.000000,5.000000,0.021647,0,0
1784416315.941619,ADAPTIVEQF,TRACKING,150,14.166271,19.446714,0.001226,-0.010262,5.020388,0.000000,0.000000,5.000000,0.022858,0,0
1784416315.966619,ADAPTIVEQF,TRACKING,150,15.111103,45.391925,0.001226,-0.010262,5.020388,0.000000,0.000000,5.000000,0.022858,0,0
1784416315.991619,ADAPTIVEQF,TRACKING,150,16.101676,25.956539,-0.000741,-0.011858,5.020126,0.000000,0.000000,5.000000,0.023372,0,0
1784416316.016620,ADAPTIVEQF,TRACKING,150,14.124260,22.989181,-0.002467,-0.013400,5.019065,0.000000,0.000000,5.000000,0.023433,0,0
1784416316.041620,ADAPTIVEQF,TRACKING,150,15.125806,20.240828,-0.004491,-0.016129,5.018881,0.000000,0.000000,5.000000,0.025235,0,0
1784416316.066621,ADAPTIVEQF,TRACKING,150,16.635605,46.751359,-0.004491,-0.016129,5.018881,0.000000,0.000000,5.000000,0.025235,0,0
1784416316.091621,ADAPTIVEQF,TRACKING,150,15.858228,24.185972,-0.005959,-0.018303,5.018204,0.000000,0.000000,5.000000,0.026493,0,0
1784416316.116621,ADAPTIVEQF,TRACKING,150,18.136969,27.248231,-0.007265,-0.020285,5.017372,0.000000,0.000000,5.000000,0.027677,0,0
1784416316.141621,ADAPTIVEQF,TRACKING,150,13.811529,19.040873,-0.008495,-0.022076,5.016457,0.000000,0.000000,5.000000,0.028816,0,0
1784416316.166854,ADAPTIVEQF,TRACKING,150,17.214398,47.676125,-0.008495,-0.022076,5.016457,0.000000,0.000000,5.000000,0.028816,0,0
1784416316.191622,ADAPTIVEQF,TRACKING,150,16.786729,24.286753,-0.008278,-0.021550,5.016643,0.000000,0.000000,5.000000,0.028459,0,0
1784416316.216623,ADAPTIVEQF,TRACKING,150,16.049250,24.229491,-0.008168,-0.021007,5.016621,0.000000,0.000000,5.000000,0.028005,0,0
1784416316.241622,ADAPTIVEQF,TRACKING,150,14.897301,20.280315,-0.008173,-0.020475,5.016043,0.000000,0.000000,5.000000,0.027265,0,0
1784416316.268888,ADAPTIVEQF,TRACKING,150,13.457810,46.106760,-0.008173,-0.020475,5.016043,0.000000,0.000000,5.000000,0.027265,0,0
1784416316.291623,ADAPTIVEQF,TRACKING,152,16.636713,23.375769,-0.008867,-0.019939,5.016181,0.000000,0.000000,5.000000,0.027166,0,0
1784416316.316624,ADAPTIVEQF,TRACKING,150,15.902822,24.228187,-0.010027,-0.019736,5.017828,0.000000,0.000000,5.000000,0.028423,0,0
1784416316.341624,ADAPTIVEQF,TRACKING,150,17.726092,23.113015,-0.011217,-0.019587,5.020558,0.000000,0.000000,5.000000,0.030530,0,0
1784416316.366625,ADAPTIVEQF,TRACKING,150,13.748595,44.136085,-0.011217,-0.019587,5.020558,0.000000,0.000000,5.000000,0.030530,0,0
1784416316.391853,ADAPTIVEQF,TRACKING,150,16.599022,28.044899,-0.012309,-0.019451,5.024403,0.000000,0.000000,5.000000,0.033546,0,0
1784416316.416624,ADAPTIVEQF,TRACKING,150,15.840093,23.588778,-0.012201,-0.019274,5.027615,0.000000,0.000000,5.000000,0.035818,0,0
1784416316.441625,ADAPTIVEQF,TRACKING,150,17.879022,23.264247,-0.011132,-0.019062,5.030698,0.000000,0.000000,5.000000,0.037811,0,0
1784416316.466626,ADAPTIVEQF,TRACKING,150,13.861352,44.247300,-0.011132,-0.019062,5.030698,0.000000,0.000000,5.000000,0.037811,0,0
1784416316.491635,ADAPTIVEQF,TRACKING,150,13.646905,20.400208,-0.009896,-0.018694,5.033163,0.000000,0.000000,5.000000,0.039334,0,0
1784416316.516625,ADAPTIVEQF,TRACKING,150,17.695025,28.999487,-0.008978,-0.018403,5.033361,0.000000,0.000000,5.000000,0.039144,0,0
1784416316.541626,ADAPTIVEQF,TRACKING,150,13.879074,19.327720,-0.007565,-0.017796,5.034618,0.000000,0.000000,5.000000,0.039653,0,0
1784416316.566854,ADAPTIVEQF,TRACKING,150,16.490841,47.167892,-0.007565,-0.017796,5.034618,0.000000,0.000000,5.000000,0.039653,0,0
1784416316.591626,ADAPTIVEQF,TRACKING,150,15.610251,23.856816,-0.006073,-0.017076,5.035030,0.000000,0.000000,5.000000,0.039441,0,0
1784416316.616626,ADAPTIVEQF,TRACKING,150,17.089451,26.450563,-0.004727,-0.016367,5.033823,0.000000,0.000000,5.000000,0.037871,0,0
1784416316.641627,ADAPTIVEQF,TRACKING,150,16.133662,21.494532,-0.003557,-0.015666,5.031833,0.000000,0.000000,5.000000,0.035657,0,0
1784416316.666627,ADAPTIVEQF,TRACKING,150,14.826877,45.187709,-0.003557,-0.015666,5.031833,0.000000,0.000000,5.000000,0.035657,0,0
1784416316.691628,ADAPTIVEQF,TRACKING,150,16.457722,26.583124,-0.001096,-0.015507,5.032481,0.000000,0.000000,5.000000,0.036009,0,0
1784416316.716627,ADAPTIVEQF,TRACKING,150,16.111606,22.866283,0.000681,-0.015265,5.032527,0.000000,0.000000,5.000000,0.035937,0,0
1784416316.741628,ADAPTIVEQF,TRACKING,150,14.069898,19.428570,0.002446,-0.015006,5.032403,0.000000,0.000000,5.000000,0.035793,0,0
1784416316.766628,ADAPTIVEQF,TRACKING,150,15.075604,45.435049,0.002446,-0.015006,5.032403,0.000000,0.000000,5.000000,0.035793,0,0
1784416316.791628,ADAPTIVEQF,TRACKING,150,15.110308,24.992249,0.003782,-0.013900,5.032347,0.000000,0.000000,5.000000,0.035410,0,0
1784416316.816628,ADAPTIVEQF,TRACKING,152,16.271186,26.121757,0.003868,-0.010430,5.033894,0.000000,0.000000,5.000000,0.035672,0,0
1784416316.841629,ADAPTIVEQF,TRACKING,150,17.120379,22.433466,0.004061,-0.007188,5.034805,0.000000,0.000000,5.000000,0.035771,0,0
1784416316.866629,ADAPTIVEQF,TRACKING,150,13.124757,43.438199,0.004061,-0.007188,5.034805,0.000000,0.000000,5.000000,0.035771,0,0
1784416316.891629,ADAPTIVEQF,TRACKING,150,15.112597,26.957074,0.004237,-0.003316,5.035986,0.000000,0.000000,5.000000,0.036386,0,0
1784416316.916630,ADAPTIVEQF,TRACKING,150,16.096871,25.860570,0.004125,-0.000443,5.037471,0.000000,0.000000,5.000000,0.037700,0,0
1784416316.941630,ADAPTIVEQF,TRACKING,152,14.295703,19.680903,0.003872,0.002269,5.039758,0.000000,0.000000,5.000000,0.040010,0,0
1784416316.967854,ADAPTIVEQF,TRACKING,150,16.101021,47.709249,0.003872,0.002269,5.039758,0.000000,0.000000,5.000000,0.040010,0,0
1784416316.991630,ADAPTIVEQF,TRACKING,150,15.118247,22.760448,0.003773,0.004808,5.042168,0.000000,0.000000,5.000000,0.042608,0,0
1784416317.016631,ADAPTIVEQF,TRACKING,150,16.083730,25.928138,0.003877,0.007185,5.044060,0.000000,0.000000,5.000000,0.044810,0,0
1784416317.041631,ADAPTIVEQF,TRACKING,150,13.123541,18.449849,0.004139,0.010544,5.046673,0.000000,0.000000,5.000000,0.048028,0,0
1784416317.066631,ADAPTIVEQF,TRACKING,152,17.262657,47.589518,0.004139,0.010544,5.046673,0.000000,0.000000,5.000000,0.048028,0,0
1784416317.091632,ADAPTIVEQF,TRACKING,150,13.079574,20.780871,0.004607,0.014770,5.047680,0.000000,0.000000,5.000000,0.050128,0,0
1784416317.117853,ADAPTIVEQF,TRACKING,156,16.595332,29.708646,0.005007,0.017845,5.047223,0.000000,0.000000,5.000000,0.050730,0,0
1784416317.141632,ADAPTIVEQF,TRACKING,150,19.062723,24.484476,0.005412,0.020583,5.045831,0.000000,0.000000,5.000000,0.050531,0,0
1784416317.166632,ADAPTIVEQF,TRACKING,150,13.084299,43.506048,0.005412,0.020583,5.045831,0.000000,0.000000,5.000000,0.050531,0,0
1784416317.191854,ADAPTIVEQF,TRACKING,150,16.109826,28.215806,0.005922,0.020026,5.044755,0.000000,0.000000,5.000000,0.049388,0,0
1784416317.216633,ADAPTIVEQF,TRACKING,150,17.089405,25.721517,0.006326,0.019279,5.044533,0.000000,0.000000,5.000000,0.048938,0,0
1784416317.241633,ADAPTIVEQF,TRACKING,150,13.129140,18.532271,0.006739,0.018238,5.044970,0.000000,0.000000,5.000000,0.048993,0,0
1784416317.266633,ADAPTIVEQF,TRACKING,150,15.068106,45.471600,0.006739,0.018238,5.044970,0.000000,0.000000,5.000000,0.048993,0,0
1784416317.291633,ADAPTIVEQF,TRACKING,150,16.095123,25.998077,0.007823,0.015973,5.044806,0.000000,0.000000,5.000000,0.048207,0,0
1784416317.316634,ADAPTIVEQF,TRACKING,152,14.224952,23.101964,0.009300,0.013240,5.044364,0.000000,0.000000,5.000000,0.047223,0,0
1784416317.341634,ADAPTIVEQF,TRACKING,150,15.131307,20.469720,0.010679,0.010450,5.044262,0.000000,0.000000,5.000000,0.046716,0,0
1784416317.368854,ADAPTIVEQF,TRACKING,150,16.062661,48.620211,0.010679,0.010450,5.044262,0.000000,0.000000,5.000000,0.046716,0,0
1784416317.391634,ADAPTIVEQF,TRACKING,150,16.102658,22.788420,0.011868,0.007684,5.043528,0.000000,0.000000,5.000000,0.045767,0,0
1784416317.416635,ADAPTIVEQF,TRACKING,150,17.096557,25.964550,0.014394,0.004333,5.044137,0.000000,0.000000,5.000000,0.046627,0,0
1784416317.441635,ADAPTIVEQF,TRACKING,150,15.083392,20.323310,0.018076,0.000487,5.045552,0.000000,0.000000,5.000000,0.049009,0,0
1784416317.466636,ADAPTIVEQF,TRACKING,150,16.127779,46.367852,0.018076,0.000487,5.045552,0.000000,0.000000,5.000000,0.049009,0,0
1784416317.491636,ADAPTIVEQF,TRACKING,150,13.127403,21.966029,0.022068,-0.004084,5.045780,0.000000,0.000000,5.000000,0.050985,0,0
1784416317.516636,ADAPTIVEQF,TRACKING,152,17.273971,29.104085,0.024820,-0.007447,5.045414,0.000000,0.000000,5.000000,0.052287,0,0
1784416317.541636,ADAPTIVEQF,TRACKING,150,13.138260,18.473899,0.024414,-0.011203,5.046103,0.000000,0.000000,5.000000,0.053357,0,0
1784416317.567853,ADAPTIVEQF,TRACKING,155,16.562355,48.115733,0.024414,-0.011203,5.046103,0.000000,0.000000,5.000000,0.053357,0,0
1784416317.591637,ADAPTIVEQF,TRACKING,150,16.113808,23.302329,0.023020,-0.014706,5.046452,0.000000,0.000000,5.000000,0.053888,0,0
1784416317.616637,ADAPTIVEQF,TRACKING,150,13.128690,21.897593,0.021610,-0.017711,5.045317,0.000000,0.000000,5.000000,0.053238,0,0
1784416317.641637,ADAPTIVEQF,TRACKING,150,17.100929,22.513862,0.020172,-0.020382,5.042534,0.000000,0.000000,5.000000,0.051298,0,0
1784416317.666638,ADAPTIVEQF,TRACKING,150,13.081414,43.494595,0.020172,-0.020382,5.042534,0.000000,0.000000,5.000000,0.051298,0,0
1784416317.691638,ADAPTIVEQF,TRACKING,155,15.524929,27.417804,0.015819,-0.023579,5.043203,0.000000,0.000000,5.000000,0.051698,0,0
1784416317.716854,ADAPTIVEQF,TRACKING,150,16.124297,25.784508,0.012681,-0.025855,5.044680,0.000000,0.000000,5.000000,0.053157,0,0
1784416317.741638,ADAPTIVEQF,TRACKING,152,17.266150,22.678980,0.009907,-0.027853,5.045706,0.000000,0.000000,5.000000,0.054433,0,0
1784416317.766638,ADAPTIVEQF,TRACKING,150,13.083110,43.495924,0.009907,-0.027853,5.045706,0.000000,0.000000,5.000000,0.054433,0,0
1784416317.791641,ADAPTIVEQF,TRACKING,150,16.107255,27.992754,0.006911,-0.029215,5.048682,0.000000,0.000000,5.000000,0.057194,0,0
1784416317.816639,ADAPTIVEQF,TRACKING,150,14.156141,23.014626,0.002545,-0.029314,5.055190,0.000000,0.000000,5.000000,0.062544,0,0
1784416317.841639,ADAPTIVEQF,TRACKING,155,15.523078,20.303597,-0.001555,-0.029238,5.061004,0.000000,0.000000,5.000000,0.067666,0,0
1784416317.866640,ADAPTIVEQF,TRACKING,150,17.127318,46.908514,-0.001555,-0.029238,5.061004,0.000000,0.000000,5.000000,0.067666,0,0
1784416317.891640,ADAPTIVEQF,TRACKING,150,17.120246,24.957605,-0.006337,-0.028917,5.066019,0.000000,0.000000,5.000000,0.072352,0,0
1784416317.918853,ADAPTIVEQF,TRACKING,150,13.115649,23.172459,-0.010596,-0.028284,5.068342,0.000000,0.000000,5.000000,0.074718,0,0
1784416317.941640,ADAPTIVEQF,TRACKING,150,13.850071,17.633906,-0.015347,-0.027372,5.069282,0.000000,0.000000,5.000000,0.076057,0,0
1784416317.968854,ADAPTIVEQF,TRACKING,153,13.377029,44.374884,-0.015347,-0.027372,5.069282,0.000000,0.000000,5.000000,0.076057,0,0
1784416317.991853,ADAPTIVEQF,TRACKING,168,17.633278,27.211230,-0.019893,-0.026347,5.069332,0.000000,0.000000,5.000000,0.076791,0,0
1784416318.016641,ADAPTIVEQF,TRACKING,158,16.788995,23.907284,-0.024209,-0.025219,5.068792,0.000000,0.000000,5.000000,0.077165,0,0
1784416318.041641,ADAPTIVEQF,TRACKING,150,17.128125,22.536692,-0.029626,-0.024905,5.065525,0.000000,0.000000,5.000000,0.076102,0,0
1784416318.066642,ADAPTIVEQF,TRACKING,150,13.087367,43.496164,-0.029626,-0.024905,5.065525,0.000000,0.000000,5.000000,0.076102,0,0
1784416318.091642,ADAPTIVEQF,TRACKING,150,17.135561,27.903770,-0.036432,-0.024473,5.061227,0.000000,0.000000,5.000000,0.075332,0,0
1784416318.116643,ADAPTIVEQF,TRACKING,150,13.086862,20.917787,-0.041366,-0.023770,5.057560,0.000000,0.000000,5.000000,0.074761,0,0
1784416318.141643,ADAPTIVEQF,TRACKING,155,15.540208,20.880510,-0.045819,-0.022769,5.053851,0.000000,0.000000,5.000000,0.074282,0,0
1784416318.166853,ADAPTIVEQF,TRACKING,150,16.128040,46.679366,-0.045819,-0.022769,5.053851,0.000000,0.000000,5.000000,0.074282,0,0
1784416318.191643,ADAPTIVEQF,TRACKING,152,17.277708,25.903206,-0.049269,-0.021942,5.050648,0.000000,0.000000,5.000000,0.073987,0,0
1784416318.216643,ADAPTIVEQF,TRACKING,150,13.082888,20.775909,-0.052320,-0.020757,5.047551,0.000000,0.000000,5.000000,0.073684,0,0
1784416318.241643,ADAPTIVEQF,TRACKING,150,15.094984,20.630473,-0.055033,-0.019248,5.044790,0.000000,0.000000,5.000000,0.073521,0,0
1784416318.266644,ADAPTIVEQF,TRACKING,150,16.068592,46.604771,-0.055033,-0.019248,5.044790,0.000000,0.000000,5.000000,0.073521,0,0
1784416318.291645,ADAPTIVEQF,TRACKING,152,14.239357,23.142066,-0.057383,-0.017692,5.044863,0.000000,0.000000,5.000000,0.074957,0,0
1784416318.316645,ADAPTIVEQF,TRACKING,150,13.104334,18.880743,-0.058272,-0.016836,5.046251,0.000000,0.000000,5.000000,0.076277,0,0
1784416318.341645,ADAPTIVEQF,TRACKING,156,17.640937,22.776963,-0.058700,-0.015754,5.046910,0.000000,0.000000,5.000000,0.076775,0,0
1784416318.366645,ADAPTIVEQF,TRACKING,152,13.253029,43.387294,-0.058700,-0.015754,5.046910,0.000000,0.000000,5.000000,0.076775,0,0
1784416318.391853,ADAPTIVEQF,TRACKING,156,16.591187,28.514244,-0.058652,-0.014393,5.046893,0.000000,0.000000,5.000000,0.076460,0,0
1784416318.416646,ADAPTIVEQF,TRACKING,150,15.143787,23.313354,-0.058283,-0.013633,5.044970,0.000000,0.000000,5.000000,0.074866,0,0
1784416318.441646,ADAPTIVEQF,TRACKING,152,16.286936,21.633350,-0.057679,-0.013400,5.041629,0.000000,0.000000,5.000000,0.072384,0,0
1784416318.466646,ADAPTIVEQF,TRACKING,150,17.107785,47.453188,-0.057679,-0.013400,5.041629,0.000000,0.000000,5.000000,0.072384,0,0
1784416318.491647,ADAPTIVEQF,TRACKING,150,13.458387,21.322891,-0.056494,-0.012730,5.037744,0.000000,0.000000,5.000000,0.069124,0,0
1784416318.516647,ADAPTIVEQF,TRACKING,150,17.595336,28.374967,-0.054988,-0.011866,5.035652,0.000000,0.000000,5.000000,0.066599,0,0
1784416318.541647,ADAPTIVEQF,TRACKING,150,16.266423,21.635015,-0.053695,-0.010412,5.035594,0.000000,0.000000,5.000000,0.065257,0,0
1784416318.566648,ADAPTIVEQF,TRACKING,150,13.434619,43.802616,-0.053695,-0.010412,5.035594,0.000000,0.000000,5.000000,0.065257,0,0
1784416318.591649,ADAPTIVEQF,TRACKING,150,15.331480,26.861266,-0.052259,-0.008694,5.036817,0.000000,0.000000,5.000000,0.064514,0,0
1784416318.616648,ADAPTIVEQF,TRACKING,150,14.118072,23.752734,-0.050491,-0.006919,5.038456,0.000000,0.000000,5.000000,0.063845,0,0
1784416318.641661,ADAPTIVEQF,TRACKING,157,9.325451,14.619388,-0.048477,-0.005288,5.038552,0.000000,0.000000,5.000000,0.062163,0,0
1784416318.666765,ADAPTIVEQF,TRACKING,175,11.093851,41.492531,-0.048477,-0.005288,5.038552,0.000000,0.000000,5.000000,0.062163,0,0
1784416318.691831,ADAPTIVEQF,TRACKING,207,13.623869,27.516452,-0.045984,-0.005276,5.043166,0.000000,0.000000,5.000000,0.063290,0,0
1784416318.716707,ADAPTIVEQF,TRACKING,238,14.564027,25.727362,-0.043816,-0.005093,5.046473,0.000000,0.000000,5.000000,0.064074,0,0
1784416318.741698,ADAPTIVEQF,TRACKING,236,14.193063,19.508150,-0.041619,-0.004773,5.048896,0.000000,0.000000,5.000000,0.064388,0,0
1784416318.766778,ADAPTIVEQF,TRACKING,240,14.343676,44.740316,-0.041619,-0.004773,5.048896,0.000000,0.000000,5.000000,0.064388,0,0
1784416318.791780,ADAPTIVEQF,TRACKING,248,15.001683,25.570470,-0.039335,-0.004534,5.052167,0.000000,0.000000,5.000000,0.065493,0,0
1784416318.816795,ADAPTIVEQF,TRACKING,249,14.467219,24.404605,-0.036812,-0.004827,5.056866,0.000000,0.000000,5.000000,0.067913,0,0
1784416318.841791,ADAPTIVEQF,TRACKING,252,14.673713,20.180835,-0.034114,-0.004891,5.060154,0.000000,0.000000,5.000000,0.069326,0,0
1784416318.866771,ADAPTIVEQF,TRACKING,254,14.800138,45.289502,-0.034114,-0.004891,5.060154,0.000000,0.000000,5.000000,0.069326,0,0
1784416318.891696,ADAPTIVEQF,TRACKING,257,14.918402,24.973970,-0.030390,-0.004637,5.062792,0.000000,0.000000,5.000000,0.069914,0,0
1784416318.916764,ADAPTIVEQF,TRACKING,257,14.928560,25.009985,-0.028080,-0.004046,5.065067,0.000000,0.000000,5.000000,0.070983,0,0
1784416318.941788,ADAPTIVEQF,TRACKING,258,14.972102,20.464549,-0.026395,-0.003215,5.067887,0.000000,0.000000,5.000000,0.072909,0,0
1784416318.966783,ADAPTIVEQF,TRACKING,258,15.251452,45.740412,-0.026395,-0.003215,5.067887,0.000000,0.000000,5.000000,0.072909,0,0
1784416318.991780,ADAPTIVEQF,TRACKING,256,15.168069,24.838409,-0.024522,-0.002387,5.069807,0.000000,0.000000,5.000000,0.074027,0,0
1784416319.016722,ADAPTIVEQF,TRACKING,255,15.106807,24.809240,-0.022506,-0.001537,5.070422,0.000000,0.000000,5.000000,0.073947,0,0
1784416319.041716,ADAPTIVEQF,TRACKING,253,15.035580,20.472791,-0.020963,0.001007,5.071035,0.000000,0.000000,5.000000,0.074071,0,0
1784416319.066781,ADAPTIVEQF,TRACKING,252,14.963445,45.467332,-0.020963,0.001007,5.071035,0.000000,0.000000,5.000000,0.074071,0,0
1784416319.091784,ADAPTIVEQF,TRACKING,252,14.930050,24.885032,-0.019057,0.004864,5.071407,0.000000,0.000000,5.000000,0.074066,0,0
1784416319.116709,ADAPTIVEQF,TRACKING,252,14.916456,24.836022,-0.017332,0.007784,5.070529,0.000000,0.000000,5.000000,0.073043,0,0
1784416319.141791,ADAPTIVEQF,TRACKING,253,15.771988,21.355056,-0.015409,0.010628,5.068863,0.000000,0.000000,5.000000,0.071362,0,0
1784416319.166767,ADAPTIVEQF,TRACKING,248,14.756203,45.315840,-0.015409,0.010628,5.068863,0.000000,0.000000,5.000000,0.071362,0,0
1784416319.191772,ADAPTIVEQF,TRACKING,248,14.758076,24.919011,-0.014641,0.012529,5.067958,0.000000,0.000000,5.000000,0.070638,0,0
1784416319.216726,ADAPTIVEQF,TRACKING,248,15.206440,25.311888,-0.013769,0.014374,5.066652,0.000000,0.000000,5.000000,0.069561,0,0
1784416319.241767,ADAPTIVEQF,TRACKING,249,14.805352,20.383421,-0.012778,0.016207,5.064018,0.000000,0.000000,5.000000,0.067262,0,0
1784416319.266778,ADAPTIVEQF,TRACKING,249,14.517087,45.108636,-0.012778,0.016207,5.064018,0.000000,0.000000,5.000000,0.067262,0,0
1784416319.291731,ADAPTIVEQF,TRACKING,251,14.685692,25.044968,-0.012000,0.018354,5.059143,0.000000,0.000000,5.000000,0.063077,0,0
1784416319.316773,ADAPTIVEQF,TRACKING,255,14.853038,25.142170,-0.011888,0.019920,5.054699,0.000000,0.000000,5.000000,0.059415,0,0
1784416319.341666,ADAPTIVEQF,TRACKING,257,15.157014,20.454837,-0.011604,0.021452,5.049323,0.000000,0.000000,5.000000,0.055024,0,0
1784416319.366772,ADAPTIVEQF,TRACKING,256,15.212171,45.616568,-0.011604,0.021452,5.049323,0.000000,0.000000,5.000000,0.055024,0,0
1784416319.391772,ADAPTIVEQF,TRACKING,254,15.072190,24.623536,-0.011183,0.022926,5.044727,0.000000,0.000000,5.000000,0.051490,0,0
1784416319.416795,ADAPTIVEQF,TRACKING,253,15.001494,24.878649,-0.010009,0.024616,5.041914,0.000000,0.000000,5.000000,0.049628,0,0
1784416319.441704,ADAPTIVEQF,TRACKING,252,14.942650,20.321782,-0.008179,0.026470,5.039042,0.000000,0.000000,5.000000,0.047873,0,0
1784416319.466707,ADAPTIVEQF,TRACKING,252,15.029954,45.414523,-0.008179,0.026470,5.039042,0.000000,0.000000,5.000000,0.047873,0,0
1784416319.491785,ADAPTIVEQF,TRACKING,252,15.047529,25.013362,-0.006013,0.028482,5.034319,0.000000,0.000000,5.000000,0.045002,0,0
1784416319.516716,ADAPTIVEQF,TRACKING,251,14.945912,24.752767,-0.004374,0.029832,5.030230,0.000000,0.000000,5.000000,0.042696,0,0
1784416319.541705,ADAPTIVEQF,TRACKING,251,14.957386,20.366202,-0.003247,0.032966,5.027776,0.000000,0.000000,5.000000,0.043230,0,0
1784416319.566714,ADAPTIVEQF,TRACKING,251,14.969721,45.387617,-0.003247,0.032966,5.027776,0.000000,0.000000,5.000000,0.043230,0,0
1784416319.591792,ADAPTIVEQF,TRACKING,251,15.177664,25.191678,-0.002328,0.036255,5.026265,0.000000,0.000000,5.000000,0.044830,0,0
1784416319.616732,ADAPTIVEQF,TRACKING,250,14.932088,24.596485,-0.001437,0.039058,5.025492,0.000000,0.000000,5.000000,0.046663,0,0
1784416319.641710,ADAPTIVEQF,TRACKING,250,14.865085,20.267449,-0.000538,0.041444,5.025245,0.000000,0.000000,5.000000,0.048530,0,0
1784416319.666784,ADAPTIVEQF,TRACKING,250,14.882802,45.360161,-0.000538,0.041444,5.025245,0.000000,0.000000,5.000000,0.048530,0,0
1784416319.691715,ADAPTIVEQF,TRACKING,251,14.942395,24.908616,-0.002248,0.042378,5.030267,0.000000,0.000000,5.000000,0.052125,0,0
1784416319.716710,ADAPTIVEQF,TRACKING,252,15.608671,25.589682,-0.003452,0.042814,5.034134,0.000000,0.000000,5.000000,0.054864,0,0
1784416319.741670,ADAPTIVEQF,TRACKING,248,14.780054,20.111208,-0.004544,0.042937,5.037266,0.000000,0.000000,5.000000,0.057035,0,0
1784416319.766738,ADAPTIVEQF,TRACKING,248,14.835090,45.235090,-0.004544,0.042937,5.037266,0.000000,0.000000,5.000000,0.057035,0,0
1784416319.791736,ADAPTIVEQF,TRACKING,248,15.200081,25.283793,-0.005877,0.042748,5.039425,0.000000,0.000000,5.000000,0.058449,0,0
1784416319.816803,ADAPTIVEQF,TRACKING,249,14.772753,24.562999,-0.007932,0.042383,5.043420,0.000000,0.000000,5.000000,0.061193,0,0
1784416319.841709,ADAPTIVEQF,TRACKING,249,15.002928,20.395783,-0.009805,0.041797,5.047147,0.000000,0.000000,5.000000,0.063765,0,0
1784416319.866794,ADAPTIVEQF,TRACKING,248,14.756479,45.234958,-0.009805,0.041797,5.047147,0.000000,0.000000,5.000000,0.063765,0,0
1784416319.891786,ADAPTIVEQF,TRACKING,251,15.143847,25.280807,-0.011930,0.040773,5.050394,0.000000,0.000000,5.000000,0.065911,0,0
1784416319.916717,ADAPTIVEQF,TRACKING,249,14.851536,24.561297,-0.012472,0.039788,5.051703,0.000000,0.000000,5.000000,0.066422,0,0
1784416319.941699,ADAPTIVEQF,TRACKING,250,14.864298,20.268655,-0.012011,0.038578,5.052478,0.000000,0.000000,5.000000,0.066230,0,0
1784416319.966782,ADAPTIVEQF,TRACKING,250,14.975193,45.462604,-0.012011,0.038578,5.052478,0.000000,0.000000,5.000000,0.066230,0,0
1784416319.991718,ADAPTIVEQF,TRACKING,251,15.571894,25.459460,-0.011493,0.037257,5.053053,0.000000,0.000000,5.000000,0.065839,0,0
1784416320.016717,ADAPTIVEQF,TRACKING,248,14.751743,24.081345,-0.010899,0.035811,5.053204,0.000000,0.000000,5.000000,0.065052,0,0
1784416320.041704,ADAPTIVEQF,TRACKING,248,14.791852,20.058412,-0.010464,0.033537,5.054257,0.000000,0.000000,5.000000,0.064638,0,0
1784416320.066712,ADAPTIVEQF,TRACKING,248,14.745326,45.019189,-0.010464,0.033537,5.054257,0.000000,0.000000,5.000000,0.064638,0,0
1784416320.091777,ADAPTIVEQF,TRACKING,251,14.894655,25.143482,-0.009862,0.030253,5.055752,0.000000,0.000000,5.000000,0.064193,0,0
1784416320.116723,ADAPTIVEQF,TRACKING,252,14.876781,24.856728,-0.009276,0.027420,5.055784,0.000000,0.000000,5.000000,0.062847,0,0
1784416320.141796,ADAPTIVEQF,TRACKING,253,15.080630,20.511991,-0.008608,0.024431,5.055075,0.000000,0.000000,5.000000,0.060863,0,0
1784416320.166718,ADAPTIVEQF,TRACKING,252,14.912718,45.267099,-0.008608,0.024431,5.055075,0.000000,0.000000,5.000000,0.060863,0,0
1784416320.191784,ADAPTIVEQF,TRACKING,253,15.162278,25.211500,-0.009063,0.022262,5.052511,0.000000,0.000000,5.000000,0.057751,0,0
1784416320.216722,ADAPTIVEQF,TRACKING,251,15.018471,24.706891,-0.009343,0.020004,5.049269,0.000000,0.000000,5.000000,0.053989,0,0
1784416320.241725,ADAPTIVEQF,TRACKING,251,14.960778,20.359898,-0.009475,0.017686,5.045395,0.000000,0.000000,5.000000,0.049631,0,0
1784416320.266682,ADAPTIVEQF,TRACKING,250,14.882560,45.240487,-0.009475,0.017686,5.045395,0.000000,0.000000,5.000000,0.049631,0,0
1784416320.291683,ADAPTIVEQF,TRACKING,251,15.357551,25.397027,-0.010441,0.013992,5.041267,0.000000,0.000000,5.000000,0.044809,0,0
1784416320.316739,ADAPTIVEQF,TRACKING,249,14.747857,24.355271,-0.012070,0.010138,5.038477,0.000000,0.000000,5.000000,0.041581,0,0
1784416320.341712,ADAPTIVEQF,TRACKING,250,14.946764,20.397878,-0.013381,0.006406,5.034470,0.000000,0.000000,5.000000,0.037527,0,0
1784416320.366783,ADAPTIVEQF,TRACKING,249,14.732103,45.253672,-0.013381,0.006406,5.034470,0.000000,0.000000,5.000000,0.037527,0,0
1784416320.391808,ADAPTIVEQF,TRACKING,252,14.898066,25.108124,-0.014459,0.002934,5.030281,0.000000,0.000000,5.000000,0.033684,0,0
1784416320.416801,ADAPTIVEQF,TRACKING,252,15.025736,25.021312,-0.015431,0.000737,5.026539,0.000000,0.000000,5.000000,0.030708,0,0
1784416320.441670,ADAPTIVEQF,TRACKING,252,15.033849,20.382439,-0.016247,-0.000348,5.022730,0.000000,0.000000,5.000000,0.027942,0,0
1784416320.466733,ADAPTIVEQF,TRACKING,252,14.986546,45.399816,-0.016247,-0.000348,5.022730,0.000000,0.000000,5.000000,0.027942,0,0
1784416320.491728,ADAPTIVEQF,TRACKING,251,14.996319,24.905783,-0.016708,-0.001664,5.018695,0.000000,0.000000,5.000000,0.025128,0,0
1784416320.516738,ADAPTIVEQF,TRACKING,251,14.987531,24.894793,-0.016768,-0.002634,5.015702,0.000000,0.000000,5.000000,0.023123,0,0
1784416320.541717,ADAPTIVEQF,TRACKING,251,14.943004,20.276717,-0.016531,-0.002344,5.012546,0.000000,0.000000,5.000000,0.020884,0,0
1784416320.566793,ADAPTIVEQF,TRACKING,251,14.998075,45.408049,-0.016531,-0.002344,5.012546,0.000000,0.000000,5.000000,0.020884,0,0
1784416320.591747,ADAPTIVEQF,TRACKING,251,15.311802,25.186107,-0.016113,-0.001767,5.009637,0.000000,0.000000,5.000000,0.018858,0,0
1784416320.616794,ADAPTIVEQF,TRACKING,249,14.799868,24.456882,-0.015584,-0.001242,5.006717,0.000000,0.000000,5.000000,0.017015,0,0
1784416320.641791,ADAPTIVEQF,TRACKING,249,14.817063,20.325903,-0.014946,-0.000821,5.002950,0.000000,0.000000,5.000000,0.015256,0,0
1784416320.666790,ADAPTIVEQF,TRACKING,250,14.790348,45.299797,-0.014946,-0.000821,5.002950,0.000000,0.000000,5.000000,0.015256,0,0
1784416320.691793,ADAPTIVEQF,TRACKING,252,15.025374,25.144393,-0.014883,-0.001492,4.999786,0.000000,0.000000,5.000000,0.014959,0,0
1784416320.716798,ADAPTIVEQF,TRACKING,252,14.958135,24.850747,-0.014674,-0.001984,4.996963,0.000000,0.000000,5.000000,0.015116,0,0
1784416320.741791,ADAPTIVEQF,TRACKING,252,14.976336,20.449598,-0.014252,-0.002490,4.994813,0.000000,0.000000,5.000000,0.015370,0,0
1784416320.766784,ADAPTIVEQF,TRACKING,252,15.011318,45.477117,-0.014252,-0.002490,4.994813,0.000000,0.000000,5.000000,0.015370,0,0
1784416320.791723,ADAPTIVEQF,TRACKING,252,14.973055,24.817730,-0.014041,-0.002345,4.993821,0.000000,0.000000,5.000000,0.015518,0,0
1784416320.816734,ADAPTIVEQF,TRACKING,252,14.981767,24.942632,-0.014686,-0.000358,4.992583,0.000000,0.000000,5.000000,0.016457,0,0
1784416320.841744,ADAPTIVEQF,TRACKING,252,14.978260,20.479973,-0.015170,0.001415,4.990914,0.000000,0.000000,5.000000,0.017739,0,0
1784416320.866799,ADAPTIVEQF,TRACKING,252,15.051488,45.608728,-0.015170,0.001415,4.990914,0.000000,0.000000,5.000000,0.017739,0,0
1784416320.891787,ADAPTIVEQF,TRACKING,251,15.128629,24.987762,-0.015633,0.003443,4.989311,0.000000,0.000000,5.000000,0.019248,0,0
1784416320.916805,ADAPTIVEQF,TRACKING,250,14.903545,24.713120,-0.016365,0.004160,4.990463,0.000000,0.000000,5.000000,0.019393,0,0
1784416320.941723,ADAPTIVEQF,TRACKING,250,14.831269,20.229182,-0.017393,0.004155,4.993766,0.000000,0.000000,5.000000,0.018938,0,0
1784416320.966798,ADAPTIVEQF,TRACKING,251,15.336441,45.810403,-0.017393,0.004155,4.993766,0.000000,0.000000,5.000000,0.018938,0,0
1784416320.991738,ADAPTIVEQF,TRACKING,249,15.097966,24.611232,-0.018330,0.004293,4.997390,0.000000,0.000000,5.000000,0.019006,0,0
1784416321.016724,ADAPTIVEQF,TRACKING,248,16.370841,26.161648,-0.019143,0.004548,5.000635,0.000000,0.000000,5.000000,0.019687,0,0
1784416321.041731,ADAPTIVEQF,TRACKING,239,14.515251,20.041269,-0.020229,0.006171,5.003332,0.000000,0.000000,5.000000,0.021410,0,0
1784416321.066729,ADAPTIVEQF,TRACKING,240,14.309560,44.835744,-0.020229,0.006171,5.003332,0.000000,0.000000,5.000000,0.021410,0,0
1784416321.091796,ADAPTIVEQF,TRACKING,241,14.405582,25.070609,-0.021501,0.008482,5.007111,0.000000,0.000000,5.000000,0.024182,0,0
1784416321.116801,ADAPTIVEQF,TRACKING,249,14.787915,25.291629,-0.022295,0.010105,5.010017,0.000000,0.000000,5.000000,0.026448,0,0
1784416321.141810,ADAPTIVEQF,TRACKING,251,14.944464,20.461537,-0.022867,0.011553,5.012163,0.000000,0.000000,5.000000,0.028360,0,0
1784416321.166692,ADAPTIVEQF,TRACKING,251,14.973633,45.372740,-0.022867,0.011553,5.012163,0.000000,0.000000,5.000000,0.028360,0,0
1784416321.191804,ADAPTIVEQF,TRACKING,251,15.206353,25.268901,-0.025011,0.012760,5.015679,0.000000,0.000000,5.000000,0.032159,0,0
1784416321.216741,ADAPTIVEQF,TRACKING,250,14.474798,24.131256,-0.026740,0.013806,5.018211,0.000000,0.000000,5.000000,0.035175,0,0
1784416321.241688,ADAPTIVEQF,TRACKING,252,14.845828,20.274668,-0.028037,0.014744,5.020548,0.000000,0.000000,5.000000,0.037758,0,0
1784416321.266727,ADAPTIVEQF,TRACKING,253,14.694761,45.160790,-0.028037,0.014744,5.020548,0.000000,0.000000,5.000000,0.037758,0,0
1784416321.291800,ADAPTIVEQF,TRACKING,257,15.027593,25.330696,-0.029000,0.016439,5.022455,0.000000,0.000000,5.000000,0.040193,0,0
1784416321.316804,ADAPTIVEQF,TRACKING,256,14.870434,24.773153,-0.029306,0.018366,5.023153,0.000000,0.000000,5.000000,0.041620,0,0
1784416321.341717,ADAPTIVEQF,TRACKING,257,15.061265,20.536858,-0.029416,0.020037,5.023684,0.000000,0.000000,5.000000,0.042752,0,0
1784416321.366740,ADAPTIVEQF,TRACKING,256,14.925231,45.427699,-0.029416,0.020037,5.023684,0.000000,0.000000,5.000000,0.042752,0,0
1784416321.391829,ADAPTIVEQF,TRACKING,257,15.006243,25.059257,-0.029324,0.021429,5.023174,0.000000,0.000000,5.000000,0.043083,0,0
1784416321.416746,ADAPTIVEQF,TRACKING,256,14.873716,24.706028,-0.029913,0.021790,5.021591,0.000000,0.000000,5.000000,0.042846,0,0
1784416321.441720,ADAPTIVEQF,TRACKING,257,14.846373,20.355979,-0.031099,0.021200,5.019500,0.000000,0.000000,5.000000,0.042389,0,0
1784416321.466799,ADAPTIVEQF,TRACKING,258,14.968925,45.559240,-0.031099,0.021200,5.019500,0.000000,0.000000,5.000000,0.042389,0,0
1784416321.491792,ADAPTIVEQF,TRACKING,258,15.005873,24.948868,-0.032047,0.020318,5.017413,0.000000,0.000000,5.000000,0.041750,0,0
1784416321.516796,ADAPTIVEQF,TRACKING,258,14.964546,24.887966,-0.032406,0.019552,5.015522,0.000000,0.000000,5.000000,0.040907,0,0
1784416321.541799,ADAPTIVEQF,TRACKING,258,15.053656,20.515133,-0.032448,0.019107,5.015419,0.000000,0.000000,5.000000,0.040691,0,0
1784416321.566804,ADAPTIVEQF,TRACKING,257,14.946033,45.416395,-0.032448,0.019107,5.015419,0.000000,0.000000,5.000000,0.040691,0,0
1784416321.591805,ADAPTIVEQF,TRACKING,257,14.973823,24.951157,-0.032151,0.018767,5.016664,0.000000,0.000000,5.000000,0.040787,0,0
1784416321.616742,ADAPTIVEQF,TRACKING,257,14.895912,24.781491,-0.031608,0.018431,5.018789,0.000000,0.000000,5.000000,0.041132,0,0
1784416321.641804,ADAPTIVEQF,TRACKING,258,15.025322,20.442707,-0.030917,0.018063,5.021450,0.000000,0.000000,5.000000,0.041740,0,0
1784416321.666811,ADAPTIVEQF,TRACKING,257,14.835855,45.261802,-0.030917,0.018063,5.021450,0.000000,0.000000,5.000000,0.041740,0,0
1784416321.691805,ADAPTIVEQF,TRACKING,258,15.013876,25.098147,-0.029326,0.015133,5.026152,0.000000,0.000000,5.000000,0.042106,0,0
1784416321.716690,ADAPTIVEQF,TRACKING,258,14.899740,24.692109,-0.028003,0.013027,5.028174,0.000000,0.000000,5.000000,0.041805,0,0
1784416321.741735,ADAPTIVEQF,TRACKING,259,14.979520,20.401754,-0.026621,0.011089,5.029263,0.000000,0.000000,5.000000,0.041085,0,0
1784416321.766739,ADAPTIVEQF,TRACKING,258,15.007068,45.432950,-0.026621,0.011089,5.029263,0.000000,0.000000,5.000000,0.041085,0,0
1784416321.791691,ADAPTIVEQF,TRACKING,258,14.923060,24.792742,-0.025459,0.009375,5.031065,0.000000,0.000000,5.000000,0.041244,0,0
1784416321.816738,ADAPTIVEQF,TRACKING,258,14.914116,24.954692,-0.024991,0.008137,5.034915,0.000000,0.000000,5.000000,0.043701,0,0
1784416321.841739,ADAPTIVEQF,TRACKING,258,15.009174,20.407899,-0.024311,0.006970,5.037370,0.000000,0.000000,5.000000,0.045123,0,0
1784416321.866804,ADAPTIVEQF,TRACKING,258,14.986169,45.452663,-0.024311,0.006970,5.037370,0.000000,0.000000,5.000000,0.045123,0,0
1784416321.891805,ADAPTIVEQF,TRACKING,258,14.936864,24.879472,-0.023182,0.005407,5.039230,0.000000,0.000000,5.000000,0.045887,0,0
1784416321.916740,ADAPTIVEQF,TRACKING,258,14.890251,24.822600,-0.022111,0.004682,5.041957,0.000000,0.000000,5.000000,0.047657,0,0
1784416321.941728,ADAPTIVEQF,TRACKING,259,14.985433,20.419634,-0.020889,0.004466,5.045724,0.000000,0.000000,5.000000,0.050468,0,0
1784416321.966799,ADAPTIVEQF,TRACKING,259,15.029096,45.534597,-0.020889,0.004466,5.045724,0.000000,0.000000,5.000000,0.050468,0,0
1784416321.991701,ADAPTIVEQF,TRACKING,259,15.860818,25.659461,-0.019540,0.004188,5.048826,0.000000,0.000000,5.000000,0.052757,0,0
1784416322.016810,ADAPTIVEQF,TRACKING,254,15.148915,24.314791,-0.017981,0.003756,5.051343,0.000000,0.000000,5.000000,0.054530,0,0
1784416322.041798,ADAPTIVEQF,TRACKING,251,14.913362,20.427513,-0.018483,0.003051,5.052486,0.000000,0.000000,5.000000,0.055729,0,0
1784416322.066797,ADAPTIVEQF,TRACKING,249,14.859950,45.375750,-0.018483,0.003051,5.052486,0.000000,0.000000,5.000000,0.055729,0,0
1784416322.091813,ADAPTIVEQF,TRACKING,251,14.581899,24.659345,-0.019576,0.002019,5.053588,0.000000,0.000000,5.000000,0.057087,0,0
1784416322.116812,ADAPTIVEQF,TRACKING,253,14.656920,25.002801,-0.020125,0.001175,5.053448,0.000000,0.000000,5.000000,0.057123,0,0
1784416322.141803,ADAPTIVEQF,TRACKING,256,14.790026,20.224200,-0.020399,0.000263,5.052833,0.000000,0.000000,5.000000,0.056634,0,0
1784416322.166800,ADAPTIVEQF,TRACKING,258,15.014190,45.447182,-0.020399,0.000263,5.052833,0.000000,0.000000,5.000000,0.056634,0,0
1784416322.191772,ADAPTIVEQF,TRACKING,258,14.993704,24.871802,-0.022376,-0.000073,5.052261,0.000000,0.000000,5.000000,0.056850,0,0
1784416322.216825,ADAPTIVEQF,TRACKING,258,15.108214,25.093707,-0.023973,-0.000412,5.050846,0.000000,0.000000,5.000000,0.056216,0,0
1784416322.241808,ADAPTIVEQF,TRACKING,257,15.751752,21.142444,-0.025297,-0.000712,5.048266,0.000000,0.000000,5.000000,0.054499,0,0
1784416322.266798,ADAPTIVEQF,TRACKING,252,14.606675,44.987629,-0.025297,-0.000712,5.048266,0.000000,0.000000,5.000000,0.054499,0,0
1784416322.291809,ADAPTIVEQF,TRACKING,253,15.008678,25.335602,-0.026341,-0.000233,5.044981,0.000000,0.000000,5.000000,0.052126,0,0
1784416322.316817,ADAPTIVEQF,TRACKING,251,14.611128,24.537654,-0.026590,0.000964,5.041951,0.000000,0.000000,5.000000,0.049677,0,0
1784416322.341736,ADAPTIVEQF,TRACKING,256,14.750765,20.160446,-0.026663,0.002121,5.037818,0.000000,0.000000,5.000000,0.046321,0,0
1784416322.366807,ADAPTIVEQF,TRACKING,256,14.890274,45.373726,-0.026663,0.002121,5.037818,0.000000,0.000000,5.000000,0.046321,0,0
1784416322.391790,ADAPTIVEQF,TRACKING,258,14.993053,25.006625,-0.026512,0.003212,5.032836,0.000000,0.000000,5.000000,0.042325,0,0
1784416322.416816,ADAPTIVEQF,TRACKING,258,14.972987,24.935425,-0.027110,0.003534,5.028469,0.000000,0.000000,5.000000,0.039471,0,0
1784416322.441807,ADAPTIVEQF,TRACKING,258,14.902122,20.335537,-0.028454,0.003126,5.026031,0.000000,0.000000,5.000000,0.038691,0,0
1784416322.466806,ADAPTIVEQF,TRACKING,258,15.060194,45.494553,-0.028454,0.003126,5.026031,0.000000,0.000000,5.000000,0.038691,0,0
1784416322.491813,ADAPTIVEQF,TRACKING,258,14.947734,24.813857,-0.029887,0.002575,5.023381,0.000000,0.000000,5.000000,0.038033,0,0
1784416322.516822,ADAPTIVEQF,TRACKING,258,15.242328,25.230928,-0.030876,0.002094,5.020811,0.000000,0.000000,5.000000,0.037293,0,0
1784416322.541810,ADAPTIVEQF,TRACKING,256,15.181453,20.580692,-0.033161,0.000824,5.020857,0.000000,0.000000,5.000000,0.039183,0,0
1784416322.566737,ADAPTIVEQF,TRACKING,255,14.875509,45.203471,-0.033161,0.000824,5.020857,0.000000,0.000000,5.000000,0.039183,0,0
1784416322.591806,ADAPTIVEQF,TRACKING,254,14.844772,24.968215,-0.035605,-0.000481,5.022062,0.000000,0.000000,5.000000,0.041889,0,0
1784416322.616821,ADAPTIVEQF,TRACKING,255,14.949198,25.038360,-0.037706,-0.001666,5.023230,0.000000,0.000000,5.000000,0.044319,0,0
1784416322.641814,ADAPTIVEQF,TRACKING,256,15.262908,20.673040,-0.039472,-0.002777,5.023816,0.000000,0.000000,5.000000,0.046184,0,0
1784416322.666806,ADAPTIVEQF,TRACKING,254,14.908027,45.311117,-0.039472,-0.002777,5.023816,0.000000,0.000000,5.000000,0.046184,0,0
1784416322.691813,ADAPTIVEQF,TRACKING,254,15.093503,25.114687,-0.041839,-0.004116,5.023798,0.000000,0.000000,5.000000,0.048309,0,0
1784416322.716829,ADAPTIVEQF,TRACKING,253,14.683437,24.533788,-0.043505,-0.005083,5.023268,0.000000,0.000000,5.000000,0.049598,0,0
1784416322.741737,ADAPTIVEQF,TRACKING,255,14.742366,20.103017,-0.044916,-0.005977,5.022001,0.000000,0.000000,5.000000,0.050371,0,0
1784416322.766803,ADAPTIVEQF,TRACKING,256,14.876559,45.302186,-0.044916,-0.005977,5.022001,0.000000,0.000000,5.000000,0.050371,0,0
1784416322.791705,ADAPTIVEQF,TRACKING,258,15.032793,24.990813,-0.046214,-0.006587,5.020383,0.000000,0.000000,5.000000,0.050937,0,0
1784416322.816833,ADAPTIVEQF,TRACKING,258,14.953421,24.968661,-0.047798,-0.006455,5.018336,0.000000,0.000000,5.000000,0.051599,0,0
1784416322.841741,ADAPTIVEQF,TRACKING,258,15.021509,20.427970,-0.049143,-0.006339,5.016356,0.000000,0.000000,5.000000,0.052179,0,0
1784416322.866814,ADAPTIVEQF,TRACKING,257,14.998013,45.480471,-0.049143,-0.006339,5.016356,0.000000,0.000000,5.000000,0.052179,0,0
1784416322.891743,ADAPTIVEQF,TRACKING,257,14.854765,24.705749,-0.050421,-0.006152,5.014149,0.000000,0.000000,5.000000,0.052729,0,0
1784416322.916752,ADAPTIVEQF,TRACKING,258,15.030837,25.113836,-0.051647,-0.005439,5.013322,0.000000,0.000000,5.000000,0.053614,0,0
1784416322.941740,ADAPTIVEQF,TRACKING,258,14.986369,20.404443,-0.053094,-0.004244,5.012489,0.000000,0.000000,5.000000,0.054708,0,0
1784416322.966819,ADAPTIVEQF,TRACKING,258,14.969522,45.469375,-0.053094,-0.004244,5.012489,0.000000,0.000000,5.000000,0.054708,0,0
1784416322.991807,ADAPTIVEQF,TRACKING,258,15.386816,25.326694,-0.054177,-0.003133,5.012121,0.000000,0.000000,5.000000,0.055605,0,0
1784416323.016717,ADAPTIVEQF,TRACKING,256,36.826187,46.271140,-0.054917,-0.002082,5.012171,0.000000,0.000000,5.000000,0.056288,1,0
1784416323.053636,ADAPTIVEQF,TRACKING,172,22.293684,68.651191,-0.054917,-0.002082,5.012171,0.000000,0.000000,5.000000,0.056288,0,0
1784416323.075990,ADAPTIVEQF,TRACKING,150,12.271911,12.287438,-0.055147,0.000335,5.013304,0.000000,0.000000,5.000000,0.056730,0,0
1784416323.091811,ADAPTIVEQF,TRACKING,150,8.912207,12.432422,-0.054851,0.003630,5.014226,0.000000,0.000000,5.000000,0.056782,0,0
1784416323.116824,ADAPTIVEQF,TRACKING,166,9.887566,22.513967,-0.054224,0.006047,5.015202,0.000000,0.000000,5.000000,0.056638,0,0
1784416323.141746,ADAPTIVEQF,TRACKING,224,14.836398,20.210574,-0.053346,0.008294,5.016954,0.000000,0.000000,5.000000,0.056587,0,0
1784416323.166749,ADAPTIVEQF,TRACKING,242,14.650170,45.025440,-0.053346,0.008294,5.016954,0.000000,0.000000,5.000000,0.056587,0,0
1784416323.191812,ADAPTIVEQF,TRACKING,241,14.414258,24.741050,-0.052731,0.012689,5.019018,0.000000,0.000000,5.000000,0.057474,0,0
1784416323.216755,ADAPTIVEQF,TRACKING,241,14.322474,24.769466,-0.051765,0.016826,5.021283,0.000000,0.000000,5.000000,0.058444,0,0
1784416323.241818,ADAPTIVEQF,TRACKING,250,14.912232,20.426972,-0.050496,0.020763,5.024002,0.000000,0.000000,5.000000,0.059640,0,0
1784416323.266746,ADAPTIVEQF,TRACKING,251,14.904988,45.347589,-0.050496,0.020763,5.024002,0.000000,0.000000,5.000000,0.059640,0,0
1784416323.291821,ADAPTIVEQF,TRACKING,252,15.027410,25.131282,-0.049312,0.026206,5.028270,0.000000,0.000000,5.000000,0.062591,0,0
1784416323.316757,ADAPTIVEQF,TRACKING,251,14.837468,24.648684,-0.048979,0.031232,5.032012,0.000000,0.000000,5.000000,0.066327,0,0
1784416323.341751,ADAPTIVEQF,TRACKING,252,14.666787,19.971191,-0.048334,0.035935,5.034722,0.000000,0.000000,5.000000,0.069521,0,0
1784416323.366820,ADAPTIVEQF,TRACKING,254,14.824686,45.200380,-0.048334,0.035935,5.034722,0.000000,0.000000,5.000000,0.069521,0,0
1784416323.391743,ADAPTIVEQF,TRACKING,256,15.680947,25.704088,-0.047363,0.040342,5.037019,0.000000,0.000000,5.000000,0.072395,0,0
1784416323.416805,ADAPTIVEQF,TRACKING,253,14.681626,23.990286,-0.047421,0.043560,5.040690,0.000000,0.000000,5.000000,0.076171,0,0
1784416323.441752,ADAPTIVEQF,TRACKING,253,14.650975,19.939149,-0.048394,0.045656,5.044743,0.000000,0.000000,5.000000,0.080177,0,0
1784416323.466834,ADAPTIVEQF,TRACKING,253,14.776370,45.148129,-0.048394,0.045656,5.044743,0.000000,0.000000,5.000000,0.080177,0,0
1784416323.491757,ADAPTIVEQF,TRACKING,258,15.029869,25.064705,-0.048962,0.048001,5.049349,0.000000,0.000000,5.000000,0.084479,0,0
1784416323.516762,ADAPTIVEQF,TRACKING,257,15.000500,24.874032,-0.049010,0.049641,5.052333,0.000000,0.000000,5.000000,0.087207,0,0
1784416323.541743,ADAPTIVEQF,TRACKING,257,14.934326,20.354425,-0.049793,0.050740,5.054957,0.000000,0.000000,5.000000,0.089856,0,0
1784416323.566750,ADAPTIVEQF,TRACKING,257,14.925042,45.350955,-0.049793,0.050740,5.054957,0.000000,0.000000,5.000000,0.089856,0,0
1784416323.591758,ADAPTIVEQF,TRACKING,257,15.260093,25.267185,-0.050458,0.051545,5.056476,0.000000,0.000000,5.000000,0.091610,0,0
1784416323.616762,ADAPTIVEQF,TRACKING,256,15.216787,24.884129,-0.050678,0.052140,5.057222,0.000000,0.000000,5.000000,0.092527,0,0
1784416323.641826,ADAPTIVEQF,TRACKING,254,15.049143,20.476554,-0.051165,0.052915,5.057939,0.000000,0.000000,5.000000,0.093674,0,0
1784416323.666836,ADAPTIVEQF,TRACKING,252,15.064195,45.504135,-0.051165,0.052915,5.057939,0.000000,0.000000,5.000000,0.093674,0,0
1784416323.691826,ADAPTIVEQF,TRACKING,252,14.987003,24.834258,-0.053412,0.054451,5.057273,0.000000,0.000000,5.000000,0.095384,0,0
1784416323.716759,ADAPTIVEQF,TRACKING,252,15.529148,25.401051,-0.055080,0.055716,5.054718,0.000000,0.000000,5.000000,0.095562,0,0
1784416323.741749,ADAPTIVEQF,TRACKING,248,14.965007,20.289480,-0.056261,0.056775,5.051414,0.000000,0.000000,5.000000,0.095037,0,0
1784416323.766817,ADAPTIVEQF,TRACKING,248,14.727927,45.119514,-0.056261,0.056775,5.051414,0.000000,0.000000,5.000000,0.095037,0,0
1784416323.791835,ADAPTIVEQF,TRACKING,248,14.803442,25.019829,-0.057064,0.057721,5.048920,0.000000,0.000000,5.000000,0.094769,0,0
1784416323.816838,ADAPTIVEQF,TRACKING,250,14.852263,24.954255,-0.057726,0.058670,5.048111,0.000000,0.000000,5.000000,0.095337,0,0
1784416323.841819,ADAPTIVEQF,TRACKING,252,14.938439,20.477438,-0.057962,0.059259,5.048176,0.000000,0.000000,5.000000,0.095876,0,0
1784416323.866825,ADAPTIVEQF,TRACKING,252,15.062344,45.607563,-0.057962,0.059259,5.048176,0.000000,0.000000,5.000000,0.095876,0,0
1784416323.891827,ADAPTIVEQF,TRACKING,252,15.006998,24.862844,-0.057854,0.059506,5.047329,0.000000,0.000000,5.000000,0.095541,0,0
1784416323.916758,ADAPTIVEQF,TRACKING,251,15.554176,25.388928,-0.058628,0.059917,5.047047,0.000000,0.000000,5.000000,0.096128,0,0
1784416323.941833,ADAPTIVEQF,TRACKING,248,14.911301,20.244636,-0.060184,0.060511,5.047337,0.000000,0.000000,5.000000,0.097594,0,0
1784416323.966736,ADAPTIVEQF,TRACKING,247,14.703675,44.942540,-0.060184,0.060511,5.047337,0.000000,0.000000,5.000000,0.097594,0,0
1784416323.991848,ADAPTIVEQF,TRACKING,247,15.121402,25.419996,-0.061433,0.060708,5.046800,0.000000,0.000000,5.000000,0.098233,0,0
1784416324.016763,ADAPTIVEQF,TRACKING,248,15.315502,24.881069,-0.062367,0.060547,5.046397,0.000000,0.000000,5.000000,0.098530,0,0
1784416324.041749,ADAPTIVEQF,TRACKING,246,14.714466,20.096510,-0.063194,0.060383,5.047346,0.000000,0.000000,5.000000,0.099404,0,0
1784416324.066835,ADAPTIVEQF,TRACKING,246,15.138785,45.609374,-0.063194,0.060383,5.047346,0.000000,0.000000,5.000000,0.099404,0,0
1784416324.091830,ADAPTIVEQF,TRACKING,245,14.551556,24.303133,-0.063903,0.059844,5.048361,0.000000,0.000000,5.000000,0.100018,0,0
1784416324.116776,ADAPTIVEQF,TRACKING,248,14.816217,25.112590,-0.064119,0.059010,5.048652,0.000000,0.000000,5.000000,0.099802,0,0
1784416324.141763,ADAPTIVEQF,TRACKING,249,15.121480,20.452583,-0.064078,0.057951,5.047431,0.000000,0.000000,5.000000,0.098560,0,0
1784416324.166831,ADAPTIVEQF,TRACKING,250,14.971001,45.372094,-0.064078,0.057951,5.047431,0.000000,0.000000,5.000000,0.098560,0,0
1784416324.191832,ADAPTIVEQF,TRACKING,249,15.291005,25.205752,-0.065840,0.054689,5.046943,0.000000,0.000000,5.000000,0.097618,0,0
1784416324.216763,ADAPTIVEQF,TRACKING,247,14.945121,24.476253,-0.067159,0.051324,5.046372,0.000000,0.000000,5.000000,0.096410,0,0
1784416324.241759,ADAPTIVEQF,TRACKING,247,18.712560,23.894549,-0.068098,0.047799,5.046030,0.000000,0.000000,5.000000,0.095083,0,0
1784416324.266863,ADAPTIVEQF,TRACKING,227,13.538140,43.825330,-0.068098,0.047799,5.046030,0.000000,0.000000,5.000000,0.095083,0,0
1784416324.291838,ADAPTIVEQF,TRACKING,229,13.893221,25.190882,-0.068604,0.042722,5.047209,0.000000,0.000000,5.000000,0.093597,0,0
1784416324.316772,ADAPTIVEQF,TRACKING,229,13.847340,24.774382,-0.068482,0.038050,5.049893,0.000000,0.000000,5.000000,0.092881,0,0
1784416324.341749,ADAPTIVEQF,TRACKING,248,15.514843,20.941102,-0.067951,0.033387,5.052068,0.000000,0.000000,5.000000,0.091886,0,0
1784416324.366779,ADAPTIVEQF,TRACKING,244,14.925763,45.382779,-0.067951,0.033387,5.052068,0.000000,0.000000,5.000000,0.091886,0,0
1784416324.391895,ADAPTIVEQF,TRACKING,244,14.830842,24.940363,-0.066976,0.028655,5.054312,0.000000,0.000000,5.000000,0.090866,0,0
1784416324.416826,ADAPTIVEQF,TRACKING,243,14.773007,24.768214,-0.065858,0.024594,5.055526,0.000000,0.000000,5.000000,0.089584,0,0
1784416324.441980,ADAPTIVEQF,TRACKING,246,14.523274,20.019866,-0.064588,0.021142,5.055801,0.000000,0.000000,5.000000,0.087933,0,0
1784416324.466764,ADAPTIVEQF,TRACKING,249,14.794914,45.076212,-0.064588,0.021142,5.055801,0.000000,0.000000,5.000000,0.087933,0,0
1784416324.491808,ADAPTIVEQF,TRACKING,251,14.886231,25.047226,-0.062357,0.016699,5.055680,0.000000,0.000000,5.000000,0.085250,0,0
1784416324.516772,ADAPTIVEQF,TRACKING,253,15.025654,25.026928,-0.060240,0.012947,5.054407,0.000000,0.000000,5.000000,0.082199,0,0
1784416324.541720,ADAPTIVEQF,TRACKING,252,14.855035,20.293243,-0.057554,0.007255,5.055454,0.000000,0.000000,5.000000,0.080251,0,0
1784416324.566846,ADAPTIVEQF,TRACKING,253,15.327483,45.903044,-0.057554,0.007255,5.055454,0.000000,0.000000,5.000000,0.080251,0,0
1784416324.591726,ADAPTIVEQF,TRACKING,251,15.253128,24.701522,-0.054566,0.001174,5.057047,0.000000,0.000000,5.000000,0.078951,0,0
1784416324.616835,ADAPTIVEQF,TRACKING,249,14.789047,24.564102,-0.051433,-0.004620,5.057306,0.000000,0.000000,5.000000,0.077141,0,0
1784416324.641727,ADAPTIVEQF,TRACKING,248,14.824346,20.183489,-0.048158,-0.010128,5.055802,0.000000,0.000000,5.000000,0.074402,0,0
1784416324.666778,ADAPTIVEQF,TRACKING,250,14.982021,45.394543,-0.048158,-0.010128,5.055802,0.000000,0.000000,5.000000,0.074402,0,0
1784416324.691730,ADAPTIVEQF,TRACKING,251,15.040309,24.905105,-0.042940,-0.014686,5.054040,0.000000,0.000000,5.000000,0.070568,0,0
1784416324.716765,ADAPTIVEQF,TRACKING,250,14.880655,24.769721,-0.038695,-0.018134,5.052860,0.000000,0.000000,5.000000,0.067973,0,0
1784416324.741771,ADAPTIVEQF,TRACKING,250,14.857006,20.278070,-0.034365,-0.021433,5.051959,0.000000,0.000000,5.000000,0.065879,0,0
1784416324.766836,ADAPTIVEQF,TRACKING,251,14.957063,45.440721,-0.034365,-0.021433,5.051959,0.000000,0.000000,5.000000,0.065879,0,0
1784416324.791841,ADAPTIVEQF,TRACKING,252,14.998198,24.963531,-0.029964,-0.024368,5.050791,0.000000,0.000000,5.000000,0.063807,0,0
1784416324.816837,ADAPTIVEQF,TRACKING,252,15.063276,24.950584,-0.025509,-0.026657,5.050125,0.000000,0.000000,5.000000,0.062240,0,0
1784416324.841830,ADAPTIVEQF,TRACKING,251,14.917260,20.406779,-0.020957,-0.028823,5.048590,0.000000,0.000000,5.000000,0.060257,0,0
1784416324.866856,ADAPTIVEQF,TRACKING,251,14.978439,45.497043,-0.020957,-0.028823,5.048590,0.000000,0.000000,5.000000,0.060257,0,0
1784416324.891829,ADAPTIVEQF,TRACKING,251,15.011552,24.908754,-0.015218,-0.031376,5.044984,0.000000,0.000000,5.000000,0.056918,0,0
1784416324.916837,ADAPTIVEQF,TRACKING,251,14.942940,24.863351,-0.011165,-0.033648,5.043285,0.000000,0.000000,5.000000,0.055950,0,0
1784416324.941769,ADAPTIVEQF,TRACKING,251,15.209684,20.764106,-0.007660,-0.036203,5.042407,0.000000,0.000000,5.000000,0.056282,0,0
1784416324.966773,ADAPTIVEQF,TRACKING,250,15.395271,45.957028,-0.007660,-0.036203,5.042407,0.000000,0.000000,5.000000,0.056282,0,0
1784416324.991733,ADAPTIVEQF,TRACKING,247,18.197995,27.638832,-0.004139,-0.038598,5.042172,0.000000,0.000000,5.000000,0.057319,0,0
1784416325.016741,ADAPTIVEQF,TRACKING,229,18.648739,25.286124,-0.000570,-0.040802,5.042689,0.000000,0.000000,5.000000,0.059055,0,0
1784416325.041844,ADAPTIVEQF,TRACKING,207,13.248720,18.789117,0.003271,-0.041348,5.045416,0.000000,0.000000,5.000000,0.061506,0,0
1784416325.066776,ADAPTIVEQF,TRACKING,205,12.916124,43.386241,0.003271,-0.041348,5.045416,0.000000,0.000000,5.000000,0.061506,0,0
1784416325.091732,ADAPTIVEQF,TRACKING,215,13.211748,25.162692,0.008046,-0.041274,5.049409,0.000000,0.000000,5.000000,0.064881,0,0
1784416325.116845,ADAPTIVEQF,TRACKING,238,14.733477,26.471920,0.011729,-0.041101,5.051379,0.000000,0.000000,5.000000,0.066833,0,0
1784416325.141751,ADAPTIVEQF,TRACKING,241,14.211956,19.481859,0.015286,-0.040817,5.053210,0.000000,0.000000,5.000000,0.068782,0,0
1784416325.166861,ADAPTIVEQF,TRACKING,246,14.452590,44.834813,0.015286,-0.040817,5.053210,0.000000,0.000000,5.000000,0.068782,0,0
1784416325.191847,ADAPTIVEQF,TRACKING,250,14.726199,25.172309,0.017123,-0.041211,5.057418,0.000000,0.000000,5.000000,0.072721,0,0
1784416325.216859,ADAPTIVEQF,TRACKING,254,14.772020,24.968134,0.018936,-0.041406,5.060217,0.000000,0.000000,5.000000,0.075493,0,0
1784416325.241865,ADAPTIVEQF,TRACKING,255,14.817161,20.252224,0.020603,-0.041344,5.061922,0.000000,0.000000,5.000000,0.077253,0,0
1784416325.266845,ADAPTIVEQF,TRACKING,256,14.876177,45.297139,0.020603,-0.041344,5.061922,0.000000,0.000000,5.000000,0.077253,0,0
1784416325.291829,ADAPTIVEQF,TRACKING,258,15.094403,25.106743,0.021544,-0.042427,5.064006,0.000000,0.000000,5.000000,0.079756,0,0
1784416325.316860,ADAPTIVEQF,TRACKING,257,14.912598,24.781491,0.021106,-0.044612,5.065619,0.000000,0.000000,5.000000,0.082107,0,0
1784416325.341873,ADAPTIVEQF,TRACKING,257,15.055416,20.485428,0.020626,-0.046412,5.066928,0.000000,0.000000,5.000000,0.084017,0,0
1784416325.366836,ADAPTIVEQF,TRACKING,256,14.970757,45.363058,0.020626,-0.046412,5.066928,0.000000,0.000000,5.000000,0.084017,0,0
1784416325.391775,ADAPTIVEQF,TRACKING,257,15.032047,24.904065,0.020051,-0.047868,5.066851,0.000000,0.000000,5.000000,0.084631,0,0
1784416325.416857,ADAPTIVEQF,TRACKING,256,14.948344,24.891550,0.019570,-0.048978,5.066904,0.000000,0.000000,5.000000,0.085194,0,0
1784416325.441768,ADAPTIVEQF,TRACKING,256,15.220902,20.649376,0.019172,-0.049847,5.067658,0.000000,0.000000,5.000000,0.086197,0,0
1784416325.466856,ADAPTIVEQF,TRACKING,255,15.219217,45.738415,0.019172,-0.049847,5.067658,0.000000,0.000000,5.000000,0.086197,0,0
1784416325.491841,ADAPTIVEQF,TRACKING,253,15.059276,24.736875,0.018683,-0.050690,5.067795,0.000000,0.000000,5.000000,0.086687,0,0
1784416325.516770,ADAPTIVEQF,TRACKING,251,14.585578,24.364033,0.018329,-0.051087,5.067116,0.000000,0.000000,5.000000,0.086316,0,0
1784416325.541837,ADAPTIVEQF,TRACKING,253,15.127422,20.677955,0.018572,-0.052097,5.068066,0.000000,0.000000,5.000000,0.087704,0,0
1784416325.566848,ADAPTIVEQF,TRACKING,253,15.122439,45.690961,0.018572,-0.052097,5.068066,0.000000,0.000000,5.000000,0.087704,0,0
1784416325.591854,ADAPTIVEQF,TRACKING,253,14.967933,24.754914,0.019025,-0.053161,5.068173,0.000000,0.000000,5.000000,0.088519,0,0
1784416325.616781,ADAPTIVEQF,TRACKING,251,14.994373,24.879765,0.019465,-0.053999,5.066976,0.000000,0.000000,5.000000,0.088207,0,0
1784416325.641765,ADAPTIVEQF,TRACKING,251,14.911706,20.325905,0.019829,-0.054631,5.065574,0.000000,0.000000,5.000000,0.087622,0,0
1784416325.666775,ADAPTIVEQF,TRACKING,252,15.312185,45.738523,0.019829,-0.054631,5.065574,0.000000,0.000000,5.000000,0.087622,0,0
1784416325.691779,ADAPTIVEQF,TRACKING,250,15.176519,24.759136,0.020290,-0.057139,5.066920,0.000000,0.000000,5.000000,0.090304,0,0
1784416325.716855,ADAPTIVEQF,TRACKING,248,15.114253,24.915501,0.020550,-0.058736,5.067686,0.000000,0.000000,5.000000,0.091944,0,0
1784416325.741840,ADAPTIVEQF,TRACKING,246,15.044078,20.586694,0.020738,-0.059942,5.067680,0.000000,0.000000,5.000000,0.092756,0,0
1784416325.766864,ADAPTIVEQF,TRACKING,246,15.528866,46.098594,0.020738,-0.059942,5.067680,0.000000,0.000000,5.000000,0.092756,0,0
1784416325.791863,ADAPTIVEQF,TRACKING,242,14.418058,23.624217,0.020838,-0.060166,5.067743,0.000000,0.000000,5.000000,0.092969,0,0
1784416325.816877,ADAPTIVEQF,TRACKING,244,14.151687,24.658028,0.020831,-0.058226,5.069525,0.000000,0.000000,5.000000,0.093048,0,0
1784416325.841867,ADAPTIVEQF,TRACKING,249,14.701068,20.292955,0.020786,-0.056058,5.070540,0.000000,0.000000,5.000000,0.092468,0,0
1784416325.866792,ADAPTIVEQF,TRACKING,254,14.999268,45.516494,0.020786,-0.056058,5.070540,0.000000,0.000000,5.000000,0.092468,0,0
1784416325.891844,ADAPTIVEQF,TRACKING,255,14.921629,24.836269,0.020633,-0.052947,5.070754,0.000000,0.000000,5.000000,0.090748,0,0
1784416325.916860,ADAPTIVEQF,TRACKING,254,14.720986,24.729176,0.019266,-0.049064,5.072562,0.000000,0.000000,5.000000,0.089687,0,0
1784416325.941774,ADAPTIVEQF,TRACKING,256,15.069921,20.600892,0.016836,-0.044010,5.075640,0.000000,0.000000,5.000000,0.089117,0,0
1784416325.966790,ADAPTIVEQF,TRACKING,256,14.995057,45.544688,0.016836,-0.044010,5.075640,0.000000,0.000000,5.000000,0.089117,0,0
1784416325.991860,ADAPTIVEQF,TRACKING,256,15.427306,25.413173,0.014592,-0.038984,5.076637,0.000000,0.000000,5.000000,0.087212,0,0
1784416326.016792,ADAPTIVEQF,TRACKING,253,15.600057,25.022898,0.012457,-0.033968,5.076561,0.000000,0.000000,5.000000,0.084679,0,0
1784416326.041865,ADAPTIVEQF,TRACKING,249,15.077169,20.685285,0.011361,-0.028726,5.078123,0.000000,0.000000,5.000000,0.084008,0,0
1784416326.066870,ADAPTIVEQF,TRACKING,246,15.093492,45.709998,0.011361,-0.028726,5.078123,0.000000,0.000000,5.000000,0.084008,0,0
1784416326.091798,ADAPTIVEQF,TRACKING,245,15.053969,24.782036,0.010406,-0.021907,5.080204,0.000000,0.000000,5.000000,0.083791,0,0
1784416326.116871,ADAPTIVEQF,TRACKING,245,15.029512,24.934707,0.009742,-0.016650,5.081193,0.000000,0.000000,5.000000,0.083453,0,0
1784416326.141795,ADAPTIVEQF,TRACKING,244,14.962460,20.400406,0.009189,-0.011564,5.081921,0.000000,0.000000,5.000000,0.083241,0,0
1784416326.166882,ADAPTIVEQF,TRACKING,244,14.917640,45.442573,0.009189,-0.011564,5.081921,0.000000,0.000000,5.000000,0.083241,0,0
1784416326.191755,ADAPTIVEQF,TRACKING,244,14.889695,24.730092,0.008341,-0.004066,5.082372,0.000000,0.000000,5.000000,0.082893,0,0
1784416326.216792,ADAPTIVEQF,TRACKING,245,14.960884,25.007596,0.007613,0.003068,5.081322,0.000000,0.000000,5.000000,0.081735,0,0
1784416326.241736,ADAPTIVEQF,TRACKING,245,15.195839,20.364256,0.006912,0.009795,5.078884,0.000000,0.000000,5.000000,0.079790,0,0
1784416326.266793,ADAPTIVEQF,TRACKING,244,14.430657,44.657166,0.006912,0.009795,5.078884,0.000000,0.000000,5.000000,0.079790,0,0
1784416326.291792,ADAPTIVEQF,TRACKING,246,14.281257,24.734152,0.006392,0.017473,5.075482,0.000000,0.000000,5.000000,0.077741,0,0
1784416326.316792,ADAPTIVEQF,TRACKING,251,14.511151,25.141232,0.006356,0.023033,5.072251,0.000000,0.000000,5.000000,0.076100,0,0
1784416326.341777,ADAPTIVEQF,TRACKING,257,14.847664,20.308401,0.006308,0.028290,5.068702,0.000000,0.000000,5.000000,0.074566,0,0
1784416326.366797,ADAPTIVEQF,TRACKING,259,15.105500,45.585296,0.006308,0.028290,5.068702,0.000000,0.000000,5.000000,0.074566,0,0
1784416326.391852,ADAPTIVEQF,TRACKING,258,14.996303,24.871853,0.006221,0.033157,5.065040,0.000000,0.000000,5.000000,0.073268,0,0
1784416326.416776,ADAPTIVEQF,TRACKING,258,15.529082,25.383330,0.006370,0.036347,5.061422,0.000000,0.000000,5.000000,0.071655,0,0
1784416326.441757,ADAPTIVEQF,TRACKING,254,15.446568,20.819125,0.006675,0.038041,5.057431,0.000000,0.000000,5.000000,0.069210,0,0
1784416326.466780,ADAPTIVEQF,TRACKING,251,15.372744,45.768983,0.006675,0.038041,5.057431,0.000000,0.000000,5.000000,0.069210,0,0
1784416326.491952,ADAPTIVEQF,TRACKING,246,15.100636,24.829099,0.006898,0.039972,5.051003,0.000000,0.000000,5.000000,0.065167,0,0
1784416326.516797,ADAPTIVEQF,TRACKING,245,15.086230,24.736934,0.006976,0.041344,5.045401,0.000000,0.000000,5.000000,0.061800,0,0
1784416326.541972,ADAPTIVEQF,TRACKING,244,15.264567,20.774322,0.006779,0.040657,5.042099,0.000000,0.000000,5.000000,0.058917,0,0
1784416326.566785,ADAPTIVEQF,TRACKING,242,14.972796,45.295573,0.006779,0.040657,5.042099,0.000000,0.000000,5.000000,0.058917,0,0
1784416326.591803,ADAPTIVEQF,TRACKING,241,15.037802,24.978074,0.006484,0.039277,5.039747,0.000000,0.000000,5.000000,0.056254,0,0
1784416326.616802,ADAPTIVEQF,TRACKING,240,14.875940,24.728435,0.006155,0.037814,5.037851,0.000000,0.000000,5.000000,0.053857,0,0
1784416326.641743,ADAPTIVEQF,TRACKING,241,14.980669,20.221440,0.005756,0.036249,5.036160,0.000000,0.000000,5.000000,0.051524,0,0
1784416326.666756,ADAPTIVEQF,TRACKING,241,14.217165,44.471102,0.005756,0.036249,5.036160,0.000000,0.000000,5.000000,0.051524,0,0
1784416326.691792,ADAPTIVEQF,TRACKING,245,14.290278,25.009684,0.007168,0.036166,5.034847,0.000000,0.000000,5.000000,0.050731,0,0
1784416326.716861,ADAPTIVEQF,TRACKING,250,14.550167,25.255387,0.008072,0.035794,5.033516,0.000000,0.000000,5.000000,0.049696,0,0
1784416326.741869,ADAPTIVEQF,TRACKING,256,14.877368,20.500092,0.008796,0.035294,5.031163,0.000000,0.000000,5.000000,0.047897,0,0
1784416326.766865,ADAPTIVEQF,TRACKING,257,14.919237,45.540539,0.008796,0.035294,5.031163,0.000000,0.000000,5.000000,0.047897,0,0
1784416326.791875,ADAPTIVEQF,TRACKING,258,14.988391,24.999258,0.009197,0.034936,5.028889,0.000000,0.000000,5.000000,0.046256,0,0
1784416326.816746,ADAPTIVEQF,TRACKING,258,14.976529,24.789468,0.009003,0.034736,5.028354,0.000000,0.000000,5.000000,0.045734,0,0
1784416326.841789,ADAPTIVEQF,TRACKING,258,15.757282,21.088352,0.008629,0.034265,5.027971,0.000000,0.000000,5.000000,0.045066,0,0
1784416326.866873,ADAPTIVEQF,TRACKING,253,15.422404,45.836968,0.008629,0.034265,5.027971,0.000000,0.000000,5.000000,0.045066,0,0
1784416326.891783,ADAPTIVEQF,TRACKING,249,15.590530,25.005206,0.008271,0.033793,5.026830,0.000000,0.000000,5.000000,0.043934,0,0
1784416326.916790,ADAPTIVEQF,TRACKING,243,14.892039,24.233540,0.007931,0.033740,5.026327,0.000000,0.000000,5.000000,0.043525,0,0
1784416326.941775,ADAPTIVEQF,TRACKING,243,15.254390,20.639281,0.007615,0.034062,5.026149,0.000000,0.000000,5.000000,0.043612,0,0
1784416326.966801,ADAPTIVEQF,TRACKING,241,14.870760,45.283861,0.007615,0.034062,5.026149,0.000000,0.000000,5.000000,0.043612,0,0
1784416326.991806,ADAPTIVEQF,TRACKING,242,15.124460,25.145035,0.007274,0.034113,5.025802,0.000000,0.000000,5.000000,0.043386,0,0
1784416327.016800,ADAPTIVEQF,TRACKING,240,14.803048,24.396066,0.006893,0.033898,5.026296,0.000000,0.000000,5.000000,0.043452,0,0
1784416327.041762,ADAPTIVEQF,TRACKING,242,15.033074,20.287357,0.006313,0.032444,5.028264,0.000000,0.000000,5.000000,0.043489,0,0
1784416327.066768,ADAPTIVEQF,TRACKING,241,14.627649,44.888823,0.006313,0.032444,5.028264,0.000000,0.000000,5.000000,0.043489,0,0
1784416327.091883,ADAPTIVEQF,TRACKING,243,14.273081,24.640668,0.005629,0.030070,5.030182,0.000000,0.000000,5.000000,0.042975,0,0
1784416327.116887,ADAPTIVEQF,TRACKING,247,14.358574,24.980870,0.005136,0.028018,5.031151,0.000000,0.000000,5.000000,0.042211,0,0
1784416327.141786,ADAPTIVEQF,TRACKING,253,14.813930,20.382860,0.004621,0.025923,5.031275,0.000000,0.000000,5.000000,0.040884,0,0
1784416327.166796,ADAPTIVEQF,TRACKING,256,14.947982,45.530507,0.004621,0.025923,5.031275,0.000000,0.000000,5.000000,0.040884,0,0
1784416327.191870,ADAPTIVEQF,TRACKING,257,21.137278,31.176365,0.005167,0.024893,5.033165,0.000000,0.000000,5.000000,0.041789,0,0
1784416327.216764,ADAPTIVEQF,TRACKING,225,13.874765,17.511639,0.005591,0.023758,5.034863,0.000000,0.000000,5.000000,0.042557,0,0
1784416327.241793,ADAPTIVEQF,TRACKING,222,13.337491,18.704212,0.005860,0.022574,5.036101,0.000000,0.000000,5.000000,0.042979,0,0
1784416327.266751,ADAPTIVEQF,TRACKING,220,13.645060,43.968598,0.005860,0.022574,5.036101,0.000000,0.000000,5.000000,0.042979,0,0
1784416327.291768,ADAPTIVEQF,TRACKING,244,14.859877,26.141325,0.006581,0.021841,5.036338,0.000000,0.000000,5.000000,0.042904,0,0
1784416327.316884,ADAPTIVEQF,TRACKING,245,14.938956,25.124405,0.007680,0.022118,5.036322,0.000000,0.000000,5.000000,0.043214,0,0
1784416327.341765,ADAPTIVEQF,TRACKING,244,15.129184,20.398749,0.008659,0.022392,5.035852,0.000000,0.000000,5.000000,0.043148,0,0
1784416327.366819,ADAPTIVEQF,TRACKING,244,14.974276,45.298198,0.008659,0.022392,5.035852,0.000000,0.000000,5.000000,0.043148,0,0
1784416327.391876,ADAPTIVEQF,TRACKING,244,14.976835,24.923082,0.009542,0.022590,5.034958,0.000000,0.000000,5.000000,0.042702,0,0
1784416327.416786,ADAPTIVEQF,TRACKING,243,14.747745,24.578158,0.008928,0.021276,5.035391,0.000000,0.000000,5.000000,0.042248,0,0
1784416327.441788,ADAPTIVEQF,TRACKING,245,15.484320,20.732399,0.006933,0.018576,5.037682,0.000000,0.000000,5.000000,0.042580,0,0
1784416327.466891,ADAPTIVEQF,TRACKING,242,14.840944,45.182494,0.006933,0.018576,5.037682,0.000000,0.000000,5.000000,0.042580,0,0
1784416327.491796,ADAPTIVEQF,TRACKING,242,15.310923,25.247911,0.004628,0.015175,5.039985,0.000000,0.000000,5.000000,0.043018,0,0
1784416327.516804,ADAPTIVEQF,TRACKING,239,14.218710,23.699458,0.002842,0.012492,5.041760,0.000000,0.000000,5.000000,0.043681,0,0
1784416327.541792,ADAPTIVEQF,TRACKING,244,14.931946,20.356029,0.001017,0.009332,5.046224,0.000000,0.000000,5.000000,0.047168,0,0
1784416327.566805,ADAPTIVEQF,TRACKING,244,14.323296,44.762728,0.001017,0.009332,5.046224,0.000000,0.000000,5.000000,0.047168,0,0
1784416327.591867,ADAPTIVEQF,TRACKING,250,14.570155,25.217690,-0.000737,0.006036,5.049368,0.000000,0.000000,5.000000,0.049741,0,0
1784416327.616880,ADAPTIVEQF,TRACKING,252,14.560926,24.930369,-0.002425,0.002729,5.050364,0.000000,0.000000,5.000000,0.050496,0,0
1784416327.641878,ADAPTIVEQF,TRACKING,257,14.880236,20.546264,-0.004026,-0.000539,5.050851,0.000000,0.000000,5.000000,0.051013,0,0
1784416327.666874,ADAPTIVEQF,TRACKING,258,14.994460,45.657409,-0.004026,-0.000539,5.050851,0.000000,0.000000,5.000000,0.051013,0,0
1784416327.691836,ADAPTIVEQF,TRACKING,258,15.196727,25.093043,-0.002373,-0.004991,5.051096,0.000000,0.000000,5.000000,0.051394,0,0
1784416327.716886,ADAPTIVEQF,TRACKING,257,15.556277,25.332915,-0.001206,-0.008398,5.050061,0.000000,0.000000,5.000000,0.050775,0,0
1784416327.741874,ADAPTIVEQF,TRACKING,253,15.426523,20.972217,-0.000173,-0.011464,5.048445,0.000000,0.000000,5.000000,0.049784,0,0
1784416327.766873,ADAPTIVEQF,TRACKING,249,15.191297,45.736393,-0.000173,-0.011464,5.048445,0.000000,0.000000,5.000000,0.049784,0,0
1784416327.791772,ADAPTIVEQF,TRACKING,246,15.778206,25.376016,0.000630,-0.014467,5.046569,0.000000,0.000000,5.000000,0.048768,0,0
1784416327.816900,ADAPTIVEQF,TRACKING,241,14.604761,23.843031,0.000966,-0.017856,5.044807,0.000000,0.000000,5.000000,0.048244,0,0
1784416327.841877,ADAPTIVEQF,TRACKING,242,15.104874,20.663093,0.001290,-0.020982,5.042508,0.000000,0.000000,5.000000,0.047422,0,0
1784416327.866822,ADAPTIVEQF,TRACKING,240,14.907679,45.413313,0.001290,-0.020982,5.042508,0.000000,0.000000,5.000000,0.047422,0,0
1784416327.891888,ADAPTIVEQF,TRACKING,243,14.831325,24.858249,0.001778,-0.024324,5.037977,0.000000,0.000000,5.000000,0.045134,0,0
1784416327.916887,ADAPTIVEQF,TRACKING,242,14.366516,24.422646,0.002149,-0.025066,5.033807,0.000000,0.000000,5.000000,0.042141,0,0
1784416327.941766,ADAPTIVEQF,TRACKING,246,14.701245,20.087748,0.002452,-0.024202,5.031847,0.000000,0.000000,5.000000,0.040075,0,0
1784416327.966811,ADAPTIVEQF,TRACKING,249,14.731685,45.162272,0.002452,-0.024202,5.031847,0.000000,0.000000,5.000000,0.040075,0,0
1784416327.991800,ADAPTIVEQF,TRACKING,252,15.078172,25.252761,0.002701,-0.023383,5.030789,0.000000,0.000000,5.000000,0.038756,0,0
1784416328.016900,ADAPTIVEQF,TRACKING,251,14.548741,24.484784,0.002944,-0.022692,5.029958,0.000000,0.000000,5.000000,0.037697,0,0
1784416328.041874,ADAPTIVEQF,TRACKING,254,15.434110,20.933922,0.003734,-0.022399,5.031409,0.000000,0.000000,5.000000,0.038758,0,0
1784416328.066872,ADAPTIVEQF,TRACKING,252,14.787113,45.285876,0.003734,-0.022399,5.031409,0.000000,0.000000,5.000000,0.038758,0,0
1784416328.091878,ADAPTIVEQF,TRACKING,253,14.705188,24.838482,0.004897,-0.022116,5.034527,0.000000,0.000000,5.000000,0.041294,0,0
1784416328.116884,ADAPTIVEQF,TRACKING,253,15.122579,25.359452,0.005732,-0.021928,5.036242,0.000000,0.000000,5.000000,0.042746,0,0
1784416328.141809,ADAPTIVEQF,TRACKING,254,15.520329,21.089538,0.006482,-0.021674,5.037188,0.000000,0.000000,5.000000,0.043528,0,0
1784416328.166879,ADAPTIVEQF,TRACKING,251,16.088823,46.729618,0.006482,-0.021674,5.037188,0.000000,0.000000,5.000000,0.043528,0,0
1784416328.191813,ADAPTIVEQF,TRACKING,243,14.919455,23.671381,0.008192,-0.020434,5.041109,0.000000,0.000000,5.000000,0.046632,0,0
1784416328.216903,ADAPTIVEQF,TRACKING,241,14.713239,24.777072,0.009020,-0.019690,5.043090,0.000000,0.000000,5.000000,0.048227,0,0
1784416328.241801,ADAPTIVEQF,TRACKING,241,14.742276,19.969174,0.009924,-0.018694,5.044459,0.000000,0.000000,5.000000,0.049240,0,0
1784416328.266821,ADAPTIVEQF,TRACKING,245,14.929130,45.178104,0.009924,-0.018694,5.044459,0.000000,0.000000,5.000000,0.049240,0,0
1784416328.291816,ADAPTIVEQF,TRACKING,245,16.332395,26.288624,0.010927,-0.017531,5.045382,0.000000,0.000000,5.000000,0.049863,0,0
1784416328.316813,ADAPTIVEQF,TRACKING,238,14.574575,23.119349,0.011727,-0.016894,5.045912,0.000000,0.000000,5.000000,0.050307,0,0
1784416328.341913,ADAPTIVEQF,TRACKING,238,14.360819,19.916868,0.012342,-0.016181,5.046686,0.000000,0.000000,5.000000,0.050928,0,0
1784416328.366780,ADAPTIVEQF,TRACKING,239,14.063851,44.504435,0.012342,-0.016181,5.046686,0.000000,0.000000,5.000000,0.050928,0,0
1784416328.391805,ADAPTIVEQF,TRACKING,249,14.465652,25.294738,0.012847,-0.015411,5.047630,0.000000,0.000000,5.000000,0.051683,0,0
1784416328.416916,ADAPTIVEQF,TRACKING,253,14.716054,25.286110,0.012814,-0.013803,5.050229,0.000000,0.000000,5.000000,0.053643,0,0
1784416328.441797,ADAPTIVEQF,TRACKING,256,14.838992,20.359749,0.012300,-0.011326,5.054094,0.000000,0.000000,5.000000,0.056619,0,0
1784416328.466807,ADAPTIVEQF,TRACKING,258,15.034457,45.571617,0.012300,-0.011326,5.054094,0.000000,0.000000,5.000000,0.056619,0,0
1784416328.491876,ADAPTIVEQF,TRACKING,258,14.987812,24.914134,0.011719,-0.008166,5.058566,0.000000,0.000000,5.000000,0.060283,0,0
1784416328.516807,ADAPTIVEQF,TRACKING,258,15.359750,25.231942,0.011349,-0.005561,5.060825,0.000000,0.000000,5.000000,0.062124,0,0
1784416328.542064,ADAPTIVEQF,TRACKING,255,15.741937,21.468067,0.011945,-0.002771,5.063615,0.000000,0.000000,5.000000,0.064786,0,0
1784416328.566877,ADAPTIVEQF,TRACKING,250,15.411770,45.951277,0.011945,-0.002771,5.063615,0.000000,0.000000,5.000000,0.064786,0,0
1784416328.592004,ADAPTIVEQF,TRACKING,246,15.164744,24.808645,0.012817,-0.000011,5.066373,0.000000,0.000000,5.000000,0.067599,0,0
1784416328.616898,ADAPTIVEQF,TRACKING,243,14.847231,24.487166,0.013667,0.002628,5.068959,0.000000,0.000000,5.000000,0.070350,0,0
1784416328.641807,ADAPTIVEQF,TRACKING,244,15.231265,20.705711,0.014413,0.005135,5.070086,0.000000,0.000000,5.000000,0.071737,0,0
1784416328.666820,ADAPTIVEQF,TRACKING,243,14.873874,45.363031,0.014413,0.005135,5.070086,0.000000,0.000000,5.000000,0.071737,0,0
1784416328.691777,ADAPTIVEQF,TRACKING,243,15.192324,25.165146,0.014751,0.006623,5.072878,0.000000,0.000000,5.000000,0.074651,0,0
1784416328.716815,ADAPTIVEQF,TRACKING,241,14.720427,24.471810,0.014879,0.007802,5.074222,0.000000,0.000000,5.000000,0.076099,0,0
1784416328.741796,ADAPTIVEQF,TRACKING,243,14.913111,20.374486,0.014886,0.008963,5.075383,0.000000,0.000000,5.000000,0.077360,0,0
1784416328.766816,ADAPTIVEQF,TRACKING,243,14.446096,44.928057,0.014886,0.008963,5.075383,0.000000,0.000000,5.000000,0.077360,0,0
1784416328.791887,ADAPTIVEQF,TRACKING,247,14.429700,24.954964,0.014336,0.010064,5.077308,0.000000,0.000000,5.000000,0.079267,0,0
1784416328.816880,ADAPTIVEQF,TRACKING,251,14.496921,24.982641,0.012452,0.011129,5.080977,0.000000,0.000000,5.000000,0.082681,0,0
1784416328.841883,ADAPTIVEQF,TRACKING,256,14.818221,20.468793,0.010668,0.012150,5.083940,0.000000,0.000000,5.000000,0.085483,0,0
1784416328.866889,ADAPTIVEQF,TRACKING,258,14.994971,45.654106,0.010668,0.012150,5.083940,0.000000,0.000000,5.000000,0.085483,0,0
1784416328.891883,ADAPTIVEQF,TRACKING,258,14.954868,24.883623,0.008781,0.013484,5.085772,0.000000,0.000000,5.000000,0.087268,0,0
1784416328.916938,ADAPTIVEQF,TRACKING,258,14.991268,25.015622,0.007718,0.014626,5.086642,0.000000,0.000000,5.000000,0.088206,0,0
1784416328.941810,ADAPTIVEQF,TRACKING,258,14.918023,20.431323,0.007067,0.015745,5.086478,0.000000,0.000000,5.000000,0.088183,0,0
1784416328.966882,ADAPTIVEQF,TRACKING,258,15.030849,45.618389,0.007067,0.015745,5.086478,0.000000,0.000000,5.000000,0.088183,0,0
1784416328.991888,ADAPTIVEQF,TRACKING,258,14.946404,24.851413,0.006541,0.016707,5.084527,0.000000,0.000000,5.000000,0.086410,0,0
1784416329.016893,ADAPTIVEQF,TRACKING,258,14.879663,24.856454,0.006118,0.017473,5.082129,0.000000,0.000000,5.000000,0.084190,0,0
1784416329.041811,ADAPTIVEQF,TRACKING,258,14.973806,20.543853,0.006499,0.018425,5.082379,0.000000,0.000000,5.000000,0.084665,0,0
1784416329.066902,ADAPTIVEQF,TRACKING,259,15.594722,46.258556,0.006499,0.018425,5.082379,0.000000,0.000000,5.000000,0.084665,0,0
1784416329.091809,ADAPTIVEQF,TRACKING,255,15.492782,24.730488,0.007233,0.019518,5.082584,0.000000,0.000000,5.000000,0.085167,0,0
1784416329.116812,ADAPTIVEQF,TRACKING,251,15.297997,24.738232,0.007735,0.020258,5.081827,0.000000,0.000000,5.000000,0.084652,0,0
1784416329.141819,ADAPTIVEQF,TRACKING,247,15.168694,20.561283,0.008073,0.020924,5.080896,0.000000,0.000000,5.000000,0.083947,0,0
1784416329.166829,ADAPTIVEQF,TRACKING,245,15.119475,45.525912,0.008073,0.020924,5.080896,0.000000,0.000000,5.000000,0.083947,0,0
1784416329.191897,ADAPTIVEQF,TRACKING,244,15.006742,24.833295,0.009801,0.022849,5.081360,0.000000,0.000000,5.000000,0.085074,0,0
1784416329.216821,ADAPTIVEQF,TRACKING,243,14.877149,24.696622,0.011296,0.024685,5.080341,0.000000,0.000000,5.000000,0.084804,0,0
1784416329.241813,ADAPTIVEQF,TRACKING,243,15.204383,20.672619,0.012568,0.026436,5.078509,0.000000,0.000000,5.000000,0.083788,0,0
1784416329.266820,ADAPTIVEQF,TRACKING,242,14.803161,45.278819,0.012568,0.026436,5.078509,0.000000,0.000000,5.000000,0.083788,0,0
1784416329.291893,ADAPTIVEQF,TRACKING,243,14.846538,24.992320,0.014308,0.030243,5.078494,0.000000,0.000000,5.000000,0.085327,0,0
1784416329.316827,ADAPTIVEQF,TRACKING,243,14.647604,24.620618,0.015989,0.035097,5.079278,0.000000,0.000000,5.000000,0.088162,0,0
1784416329.341769,ADAPTIVEQF,TRACKING,246,14.561980,19.915342,0.017493,0.039479,5.078313,0.000000,0.000000,5.000000,0.089429,0,0
1784416329.366904,ADAPTIVEQF,TRACKING,249,14.522259,45.012608,0.017493,0.039479,5.078313,0.000000,0.000000,5.000000,0.089429,0,0
1784416329.391892,ADAPTIVEQF,TRACKING,253,14.717131,25.106390,0.018872,0.043404,5.076258,0.000000,0.000000,5.000000,0.089751,0,0
1784416329.416902,ADAPTIVEQF,TRACKING,256,14.796043,24.989822,0.020554,0.046864,5.073875,0.000000,0.000000,5.000000,0.089868,0,0
1784416329.441809,ADAPTIVEQF,TRACKING,258,14.891671,20.208919,0.022497,0.049879,5.070827,0.000000,0.000000,5.000000,0.089502,0,0
1784416329.466821,ADAPTIVEQF,TRACKING,259,14.961239,45.293114,0.022497,0.049879,5.070827,0.000000,0.000000,5.000000,0.089502,0,0
1784416329.491886,ADAPTIVEQF,TRACKING,259,15.470654,25.496284,0.024674,0.053067,5.067654,0.000000,0.000000,5.000000,0.089454,0,0
1784416329.516825,ADAPTIVEQF,TRACKING,256,15.896430,25.300104,0.026220,0.055126,5.065694,0.000000,0.000000,5.000000,0.089678,0,0
1784416329.541809,ADAPTIVEQF,TRACKING,250,15.189552,20.666185,0.027821,0.057873,5.062428,0.000000,0.000000,5.000000,0.089557,0,0
1784416329.566816,ADAPTIVEQF,TRACKING,246,15.325644,45.814033,0.027821,0.057873,5.062428,0.000000,0.000000,5.000000,0.089557,0,0
1784416329.591894,ADAPTIVEQF,TRACKING,243,14.937722,24.577669,0.029358,0.060366,5.058316,0.000000,0.000000,5.000000,0.088919,0,0
1784416329.616904,ADAPTIVEQF,TRACKING,243,14.881616,24.839610,0.030764,0.062343,5.055476,0.000000,0.000000,5.000000,0.088942,0,0
1784416329.641821,ADAPTIVEQF,TRACKING,243,14.840112,20.316187,0.032091,0.063949,5.053345,0.000000,0.000000,5.000000,0.089247,0,0
1784416329.666820,ADAPTIVEQF,TRACKING,244,14.890666,45.367685,0.032091,0.063949,5.053345,0.000000,0.000000,5.000000,0.089247,0,0
1784416329.691896,ADAPTIVEQF,TRACKING,245,14.921178,25.025061,0.033201,0.062027,5.054362,0.000000,0.000000,5.000000,0.088909,0,0
1784416329.716897,ADAPTIVEQF,TRACKING,245,15.265337,25.256243,0.033873,0.060547,5.054851,0.000000,0.000000,5.000000,0.088442,0,0
1784416329.741815,ADAPTIVEQF,TRACKING,244,14.216410,19.780591,0.034438,0.059006,5.054632,0.000000,0.000000,5.000000,0.087478,0,0
1784416329.766819,ADAPTIVEQF,TRACKING,247,14.293158,44.862303,0.034438,0.059006,5.054632,0.000000,0.000000,5.000000,0.087478,0,0
1784416329.791814,ADAPTIVEQF,TRACKING,252,14.669374,25.296743,0.035338,0.057089,5.053837,0.000000,0.000000,5.000000,0.086061,0,0
1784416329.816914,ADAPTIVEQF,TRACKING,258,15.343705,25.683656,0.037386,0.054179,5.054446,0.000000,0.000000,5.000000,0.085425,0,0
1784416329.841890,ADAPTIVEQF,TRACKING,256,14.750349,20.403443,0.039070,0.051072,5.054677,0.000000,0.000000,5.000000,0.084407,0,0
1784416329.866899,ADAPTIVEQF,TRACKING,256,14.810444,45.473677,0.039070,0.051072,5.054677,0.000000,0.000000,5.000000,0.084407,0,0
1784416329.891900,ADAPTIVEQF,TRACKING,257,14.800295,24.920177,0.040825,0.047051,5.053677,0.000000,0.000000,5.000000,0.082229,0,0
1784416329.916911,ADAPTIVEQF,TRACKING,260,15.102797,25.235005,0.042482,0.043032,5.054702,0.000000,0.000000,5.000000,0.081540,0,0
1784416329.941823,ADAPTIVEQF,TRACKING,259,15.283394,20.751776,0.044362,0.038371,5.056893,0.000000,0.000000,5.000000,0.081714,0,0
1784416329.966824,ADAPTIVEQF,TRACKING,257,14.931238,45.403797,0.044362,0.038371,5.056893,0.000000,0.000000,5.000000,0.081714,0,0
1784416329.991889,ADAPTIVEQF,TRACKING,256,14.911728,24.972186,0.045884,0.033780,5.058568,0.000000,0.000000,5.000000,0.081711,0,0
1784416330.016903,ADAPTIVEQF,TRACKING,256,14.866092,24.891009,0.047029,0.029247,5.059844,0.000000,0.000000,5.000000,0.081537,0,0
1784416330.041885,ADAPTIVEQF,TRACKING,258,14.895102,20.552023,0.048148,0.025100,5.063313,0.000000,0.000000,5.000000,0.083407,0,0
1784416330.066905,ADAPTIVEQF,TRACKING,258,14.893410,45.572958,0.048148,0.025100,5.063313,0.000000,0.000000,5.000000,0.083407,0,0
1784416330.091901,ADAPTIVEQF,TRACKING,259,14.985684,25.007174,0.049254,0.019978,5.067088,0.000000,0.000000,5.000000,0.085591,0,0
1784416330.116915,ADAPTIVEQF,TRACKING,259,15.064532,25.028590,0.049819,0.015966,5.068248,0.000000,0.000000,5.000000,0.085992,0,0
1784416330.141894,ADAPTIVEQF,TRACKING,258,14.984408,20.493440,0.050100,0.012015,5.069329,0.000000,0.000000,5.000000,0.086377,0,0
1784416330.166890,ADAPTIVEQF,TRACKING,258,14.966478,45.472645,0.050100,0.012015,5.069329,0.000000,0.000000,5.000000,0.086377,0,0
1784416330.191883,ADAPTIVEQF,TRACKING,258,14.968983,24.922554,0.048230,0.010082,5.073573,0.000000,0.000000,5.000000,0.088548,0,0
1784416330.216832,ADAPTIVEQF,TRACKING,258,14.930521,24.842264,0.046264,0.007993,5.076209,0.000000,0.000000,5.000000,0.089510,0,0
1784416330.241822,ADAPTIVEQF,TRACKING,258,14.907269,20.348030,0.044196,0.005884,5.077737,0.000000,0.000000,5.000000,0.089616,0,0
1784416330.266933,ADAPTIVEQF,TRACKING,259,15.010222,45.565452,0.044196,0.005884,5.077737,0.000000,0.000000,5.000000,0.089616,0,0
1784416330.291897,ADAPTIVEQF,TRACKING,259,15.073388,24.955697,0.040915,0.001951,5.078425,0.000000,0.000000,5.000000,0.088478,0,0
1784416330.316907,ADAPTIVEQF,TRACKING,258,15.142793,25.015827,0.037596,-0.002386,5.078140,0.000000,0.000000,5.000000,0.086747,0,0
1784416330.341820,ADAPTIVEQF,TRACKING,257,15.223812,20.671662,0.034286,-0.006468,5.077041,0.000000,0.000000,5.000000,0.084573,0,0
1784416330.366827,ADAPTIVEQF,TRACKING,255,15.244657,45.698225,0.034286,-0.006468,5.077041,0.000000,0.000000,5.000000,0.084573,0,0
1784416330.391927,ADAPTIVEQF,TRACKING,253,15.066109,24.848600,0.030925,-0.010225,5.075194,0.000000,0.000000,5.000000,0.081946,0,0
1784416330.416834,ADAPTIVEQF,TRACKING,252,14.988584,24.752681,0.028353,-0.013470,5.075221,0.000000,0.000000,5.000000,0.081507,0,0
1784416330.441812,ADAPTIVEQF,TRACKING,251,14.851754,20.324124,0.026501,-0.016290,5.076420,0.000000,0.000000,5.000000,0.082509,0,0
1784416330.466832,ADAPTIVEQF,TRACKING,252,15.014220,45.509449,0.026501,-0.016290,5.076420,0.000000,0.000000,5.000000,0.082509,0,0
1784416330.491846,ADAPTIVEQF,TRACKING,252,14.897245,24.808492,0.023944,-0.019415,5.077596,0.000000,0.000000,5.000000,0.083495,0,0
1784416330.516845,ADAPTIVEQF,TRACKING,252,15.308196,25.312558,0.021717,-0.021636,5.077797,0.000000,0.000000,5.000000,0.083619,0,0
1784416330.541904,ADAPTIVEQF,TRACKING,250,15.136020,20.728373,0.019330,-0.023224,5.078737,0.000000,0.000000,5.000000,0.084336,0,0
1784416330.566906,ADAPTIVEQF,TRACKING,249,14.680443,45.276866,0.019330,-0.023224,5.078737,0.000000,0.000000,5.000000,0.084336,0,0
1784416330.591910,ADAPTIVEQF,TRACKING,249,14.550927,24.756212,0.016864,-0.024507,5.079413,0.000000,0.000000,5.000000,0.084802,0,0
1784416330.616922,ADAPTIVEQF,TRACKING,252,14.664908,25.027701,0.014370,-0.025617,5.080477,0.000000,0.000000,5.000000,0.085670,0,0
1784416330.641838,ADAPTIVEQF,TRACKING,256,14.866756,20.477433,0.011872,-0.026566,5.080944,0.000000,0.000000,5.000000,0.086015,0,0
1784416330.666843,ADAPTIVEQF,TRACKING,257,14.983581,45.606503,0.011872,-0.026566,5.080944,0.000000,0.000000,5.000000,0.086015,0,0
1784416330.691905,ADAPTIVEQF,TRACKING,257,14.969605,24.930789,0.008349,-0.030920,5.081287,0.000000,0.000000,5.000000,0.087369,0,0
1784416330.716927,ADAPTIVEQF,TRACKING,257,15.022834,24.989655,0.005560,-0.033929,5.081809,0.000000,0.000000,5.000000,0.088740,0,0
1784416330.741827,ADAPTIVEQF,TRACKING,257,15.304935,20.813572,0.002799,-0.036568,5.081512,0.000000,0.000000,5.000000,0.089382,0,0
1784416330.766913,ADAPTIVEQF,TRACKING,255,15.603490,46.201698,0.002799,-0.036568,5.081512,0.000000,0.000000,5.000000,0.089382,0,0
1784416330.791925,ADAPTIVEQF,TRACKING,251,15.025886,24.287372,-0.000313,-0.038970,5.080197,0.000000,0.000000,5.000000,0.089164,0,0
1784416330.816922,ADAPTIVEQF,TRACKING,249,14.989894,24.839691,-0.004439,-0.041295,5.079135,0.000000,0.000000,5.000000,0.089372,0,0
1784416330.841900,ADAPTIVEQF,TRACKING,248,14.726817,20.257671,-0.008270,-0.043240,5.077845,0.000000,0.000000,5.000000,0.089431,0,0
1784416330.866901,ADAPTIVEQF,TRACKING,250,14.997831,45.530967,-0.008270,-0.043240,5.077845,0.000000,0.000000,5.000000,0.089431,0,0
1784416330.891830,ADAPTIVEQF,TRACKING,250,15.153076,24.974235,-0.012737,-0.045327,5.074790,0.000000,0.000000,5.000000,0.088376,0,0
1784416330.916858,ADAPTIVEQF,TRACKING,250,15.213331,24.980094,-0.015917,-0.046658,5.072892,0.000000,0.000000,5.000000,0.087997,0,0
1784416330.941830,ADAPTIVEQF,TRACKING,247,14.698181,20.100689,-0.018786,-0.047699,5.071478,0.000000,0.000000,5.000000,0.087962,0,0
1784416330.966990,ADAPTIVEQF,TRACKING,248,14.645609,45.214915,-0.018786,-0.047699,5.071478,0.000000,0.000000,5.000000,0.087962,0,0
1784416330.991907,ADAPTIVEQF,TRACKING,250,14.590920,24.744255,-0.021565,-0.048582,5.069787,0.000000,0.000000,5.000000,0.087724,0,0
1784416331.016912,ADAPTIVEQF,TRACKING,254,14.771225,25.098550,-0.024238,-0.049142,5.068286,0.000000,0.000000,5.000000,0.087552,0,0
1784416331.041914,ADAPTIVEQF,TRACKING,256,15.002361,20.662819,-0.025830,-0.048067,5.067729,0.000000,0.000000,5.000000,0.086976,0,0
1784416331.066903,ADAPTIVEQF,TRACKING,256,14.928069,45.580657,-0.025830,-0.048067,5.067729,0.000000,0.000000,5.000000,0.086976,0,0
1784416331.091913,ADAPTIVEQF,TRACKING,257,14.977739,24.973603,-0.027255,-0.045903,5.065881,0.000000,0.000000,5.000000,0.084795,0,0
1784416331.116910,ADAPTIVEQF,TRACKING,256,15.251613,25.188021,-0.028230,-0.044059,5.063009,0.000000,0.000000,5.000000,0.081904,0,0
1784416331.141917,ADAPTIVEQF,TRACKING,255,15.133876,20.753227,-0.029011,-0.042057,5.059763,0.000000,0.000000,5.000000,0.078626,0,0
1784416331.166902,ADAPTIVEQF,TRACKING,253,14.966644,45.572005,-0.029011,-0.042057,5.059763,0.000000,0.000000,5.000000,0.078626,0,0
1784416331.191897,ADAPTIVEQF,TRACKING,252,14.558294,24.500539,-0.031125,-0.036275,5.057936,0.000000,0.000000,5.000000,0.075108,0,0
1784416331.216930,ADAPTIVEQF,TRACKING,255,14.778370,25.169334,-0.032923,-0.030641,5.054998,0.000000,0.000000,5.000000,0.071046,0,0
1784416331.241910,ADAPTIVEQF,TRACKING,257,14.901050,20.545575,-0.034549,-0.025193,5.052520,0.000000,0.000000,5.000000,0.067725,0,0
1784416331.266905,ADAPTIVEQF,TRACKING,259,15.081935,45.723670,-0.034549,-0.025193,5.052520,0.000000,0.000000,5.000000,0.067725,0,0
1784416331.291936,ADAPTIVEQF,TRACKING,258,15.341817,25.215603,-0.036586,-0.017423,5.052482,0.000000,0.000000,5.000000,0.066306,0,0
1784416331.316910,ADAPTIVEQF,TRACKING,256,14.907267,24.439522,-0.038299,-0.010082,5.055047,0.000000,0.000000,5.000000,0.067813,0,0
1784416331.341824,ADAPTIVEQF,TRACKING,255,15.149298,20.633651,-0.039866,-0.003035,5.056722,0.000000,0.000000,5.000000,0.069397,0,0
1784416331.366926,ADAPTIVEQF,TRACKING,254,14.768775,45.357055,-0.039866,-0.003035,5.056722,0.000000,0.000000,5.000000,0.069397,0,0
1784416331.391856,ADAPTIVEQF,TRACKING,255,15.261194,25.343180,-0.041295,0.003599,5.057510,0.000000,0.000000,5.000000,0.070892,0,0
1784416331.416931,ADAPTIVEQF,TRACKING,253,14.762155,24.499302,-0.042950,0.010125,5.059633,0.000000,0.000000,5.000000,0.074184,0,0
1784416331.441826,ADAPTIVEQF,TRACKING,255,14.721301,20.103915,-0.044758,0.016635,5.063084,0.000000,0.000000,5.000000,0.079117,0,0
1784416331.466835,ADAPTIVEQF,TRACKING,255,14.853052,45.247734,-0.044758,0.016635,5.063084,0.000000,0.000000,5.000000,0.079117,0,0
1784416331.491837,ADAPTIVEQF,TRACKING,258,14.981422,25.046659,-0.046667,0.024312,5.065032,0.000000,0.000000,5.000000,0.083655,0,0
1784416331.516845,ADAPTIVEQF,TRACKING,258,14.974594,24.914453,-0.047840,0.030133,5.065536,0.000000,0.000000,5.000000,0.086554,0,0
1784416331.541799,ADAPTIVEQF,TRACKING,258,14.887990,20.366576,-0.047563,0.034714,5.070185,0.000000,0.000000,5.000000,0.091614,0,0
1784416331.566854,ADAPTIVEQF,TRACKING,258,14.945452,45.480629,-0.047563,0.034714,5.070185,0.000000,0.000000,5.000000,0.091614,0,0
1784416331.591836,ADAPTIVEQF,TRACKING,259,15.097469,25.047694,-0.046703,0.038766,5.074878,0.000000,0.000000,5.000000,0.096388,0,0
1784416331.616848,ADAPTIVEQF,TRACKING,258,15.483330,25.325525,-0.045620,0.042529,5.078073,0.000000,0.000000,5.000000,0.099927,0,0
1784416331.641920,ADAPTIVEQF,TRACKING,255,14.871103,20.446912,-0.044370,0.045950,5.079582,0.000000,0.000000,5.000000,0.102047,0,0
1784416331.666922,ADAPTIVEQF,TRACKING,254,14.729681,45.308337,-0.044370,0.045950,5.079582,0.000000,0.000000,5.000000,0.102047,0,0
1784416331.691911,ADAPTIVEQF,TRACKING,255,14.773735,24.953455,-0.044237,0.050771,5.086328,0.000000,0.000000,5.000000,0.109485,0,0
1784416331.716841,ADAPTIVEQF,TRACKING,258,14.992572,25.061241,-0.043816,0.054178,5.089709,0.000000,0.000000,5.000000,0.113590,0,0
1784416331.741918,ADAPTIVEQF,TRACKING,258,15.029839,20.592510,-0.043159,0.057077,5.092873,0.000000,0.000000,5.000000,0.117242,0,0
1784416331.766914,ADAPTIVEQF,TRACKING,258,15.057420,45.617702,-0.043159,0.057077,5.092873,0.000000,0.000000,5.000000,0.117242,0,0
1784416331.791935,ADAPTIVEQF,TRACKING,257,14.981586,24.870897,-0.042114,0.059644,5.097187,0.000000,0.000000,5.000000,0.121558,0,0
1784416331.816907,ADAPTIVEQF,TRACKING,257,15.258530,25.174536,-0.040444,0.062122,5.103560,0.000000,0.000000,5.000000,0.127356,0,0
1784416331.841925,ADAPTIVEQF,TRACKING,255,15.194388,20.957429,-0.038671,0.064213,5.108097,0.000000,0.000000,5.000000,0.131543,0,0
1784416331.866945,ADAPTIVEQF,TRACKING,253,15.066919,45.849576,-0.038671,0.064213,5.108097,0.000000,0.000000,5.000000,0.131543,0,0
1784416331.891922,ADAPTIVEQF,TRACKING,252,15.032160,24.859450,-0.036242,0.066347,5.111347,0.000000,0.000000,5.000000,0.134586,0,0
1784416331.916858,ADAPTIVEQF,TRACKING,251,14.882541,24.709006,-0.033613,0.068033,5.113737,0.000000,0.000000,5.000000,0.136728,0,0
1784416331.941835,ADAPTIVEQF,TRACKING,252,15.046486,20.595131,-0.030389,0.069656,5.116015,0.000000,0.000000,5.000000,0.138690,0,0
1784416331.966856,ADAPTIVEQF,TRACKING,251,14.924131,45.496979,-0.030389,0.069656,5.116015,0.000000,0.000000,5.000000,0.138690,0,0
1784416331.991920,ADAPTIVEQF,TRACKING,252,15.005062,25.051666,-0.027155,0.070804,5.116415,0.000000,0.000000,5.000000,0.138935,0,0
1784416332.016960,ADAPTIVEQF,TRACKING,251,14.901011,24.853810,-0.023894,0.071516,5.114369,0.000000,0.000000,5.000000,0.136988,0,0
1784416332.041854,ADAPTIVEQF,TRACKING,252,14.961014,20.475780,-0.020368,0.072411,5.114949,0.000000,0.000000,5.000000,0.137374,0,0
1784416332.066938,ADAPTIVEQF,TRACKING,252,15.028493,45.628956,-0.020368,0.072411,5.114949,0.000000,0.000000,5.000000,0.137374,0,0
1784416332.091927,ADAPTIVEQF,TRACKING,252,15.152331,25.027362,-0.015858,0.073212,5.115162,0.000000,0.000000,5.000000,0.137382,0,0
1784416332.116807,ADAPTIVEQF,TRACKING,251,15.117546,24.759365,-0.012245,0.073468,5.113807,0.000000,0.000000,5.000000,0.136013,0,0
1784416332.141853,ADAPTIVEQF,TRACKING,250,14.608787,20.009756,-0.008654,0.073438,5.111560,0.000000,0.000000,5.000000,0.133842,0,0
1784416332.166858,ADAPTIVEQF,TRACKING,251,14.757384,45.164308,-0.008654,0.073438,5.111560,0.000000,0.000000,5.000000,0.133842,0,0
1784416332.191861,ADAPTIVEQF,TRACKING,253,14.795127,24.920132,-0.004800,0.073597,5.110829,0.000000,0.000000,5.000000,0.133126,0,0
1784416332.216957,ADAPTIVEQF,TRACKING,256,14.899764,25.101984,-0.001071,0.073468,5.108812,0.000000,0.000000,5.000000,0.131297,0,0
1784416332.241937,ADAPTIVEQF,TRACKING,256,14.829025,20.465779,0.002498,0.073086,5.106256,0.000000,0.000000,5.000000,0.128989,0,0
1784416332.266931,ADAPTIVEQF,TRACKING,257,15.106594,45.739081,0.002498,0.073086,5.106256,0.000000,0.000000,5.000000,0.128989,0,0
1784416332.291935,ADAPTIVEQF,TRACKING,257,15.048660,24.841524,0.006234,0.072082,5.105336,0.000000,0.000000,5.000000,0.127791,0,0
1784416332.316948,ADAPTIVEQF,TRACKING,256,14.919456,24.758567,0.008491,0.070904,5.105296,0.000000,0.000000,5.000000,0.127227,0,0
1784416332.341842,ADAPTIVEQF,TRACKING,256,14.947334,20.391699,0.010725,0.069503,5.103275,0.000000,0.000000,5.000000,0.124946,0,0
1784416332.366873,ADAPTIVEQF,TRACKING,256,15.420442,45.899664,0.010725,0.069503,5.103275,0.000000,0.000000,5.000000,0.124946,0,0
1784416332.391948,ADAPTIVEQF,TRACKING,254,14.807840,24.349398,0.012876,0.067852,5.099854,0.000000,0.000000,5.000000,0.121411,0,0
1784416332.416960,ADAPTIVEQF,TRACKING,254,14.960546,25.047131,0.014417,0.065665,5.097016,0.000000,0.000000,5.000000,0.118033,0,0
1784416332.441860,ADAPTIVEQF,TRACKING,253,15.027807,20.357674,0.015394,0.062963,5.095228,0.000000,0.000000,5.000000,0.115194,0,0
1784416332.466859,ADAPTIVEQF,TRACKING,254,15.206004,45.537005,0.015394,0.062963,5.095228,0.000000,0.000000,5.000000,0.115194,0,0
1784416332.491929,ADAPTIVEQF,TRACKING,252,15.460521,25.223914,0.016513,0.059302,5.092250,0.000000,0.000000,5.000000,0.110903,0,0
1784416332.517000,ADAPTIVEQF,TRACKING,249,14.967482,24.472010,0.017352,0.056298,5.088853,0.000000,0.000000,5.000000,0.106609,0,0
1784416332.541860,ADAPTIVEQF,TRACKING,248,14.803075,20.409051,0.016461,0.051911,5.086757,0.000000,0.000000,5.000000,0.102433,0,0
1784416332.566936,ADAPTIVEQF,TRACKING,248,14.931562,45.615157,0.016461,0.051911,5.086757,0.000000,0.000000,5.000000,0.102433,0,0
1784416332.591935,ADAPTIVEQF,TRACKING,249,14.814777,24.774101,0.015075,0.047011,5.084157,0.000000,0.000000,5.000000,0.097569,0,0
1784416332.616871,ADAPTIVEQF,TRACKING,250,15.043105,25.074532,0.013818,0.042026,5.080770,0.000000,0.000000,5.000000,0.092092,0,0
1784416332.641819,ADAPTIVEQF,TRACKING,250,15.773943,21.238776,0.012756,0.036916,5.076561,0.000000,0.000000,5.000000,0.085948,0,0
1784416332.666902,ADAPTIVEQF,TRACKING,246,14.883158,45.443992,0.012756,0.036916,5.076561,0.000000,0.000000,5.000000,0.085948,0,0
1784416332.691961,ADAPTIVEQF,TRACKING,244,14.519758,24.549643,0.006530,0.029505,5.074825,0.000000,0.000000,5.000000,0.080697,0,0
1784416332.716956,ADAPTIVEQF,TRACKING,245,14.298836,24.679866,0.002214,0.023625,5.072781,0.000000,0.000000,5.000000,0.076551,0,0
1784416332.741839,ADAPTIVEQF,TRACKING,252,14.941730,20.462587,-0.001535,0.017826,5.069864,0.000000,0.000000,5.000000,0.072118,0,0
1784416332.766923,ADAPTIVEQF,TRACKING,254,14.918920,45.527216,-0.001535,0.017826,5.069864,0.000000,0.000000,5.000000,0.072118,0,0
1784416332.791939,ADAPTIVEQF,TRACKING,255,14.823536,24.814249,-0.004917,0.012437,5.065577,0.000000,0.000000,5.000000,0.066926,0,0
1784416332.816947,ADAPTIVEQF,TRACKING,255,14.720677,24.782297,-0.008153,0.007956,5.060272,0.000000,0.000000,5.000000,0.061339,0,0
1784416332.841933,ADAPTIVEQF,TRACKING,257,14.990072,20.651589,-0.011043,0.003577,5.054980,0.000000,0.000000,5.000000,0.056192,0,0
1784416332.866931,ADAPTIVEQF,TRACKING,258,15.116621,45.777747,-0.011043,0.003577,5.054980,0.000000,0.000000,5.000000,0.056192,0,0
1784416332.891826,ADAPTIVEQF,TRACKING,257,15.035762,24.708594,-0.014275,-0.001697,5.048340,0.000000,0.000000,5.000000,0.050433,0,0
1784416332.916872,ADAPTIVEQF,TRACKING,256,15.266397,25.178738,-0.016538,-0.003605,5.044168,0.000000,0.000000,5.000000,0.047301,0,0
1784416332.941948,ADAPTIVEQF,TRACKING,254,15.200508,20.823018,-0.018567,-0.003482,5.041629,0.000000,0.000000,5.000000,0.045714,0,0
1784416332.966934,ADAPTIVEQF,TRACKING,252,14.980000,45.585424,-0.018567,-0.003482,5.041629,0.000000,0.000000,5.000000,0.045714,0,0
1784416332.991975,ADAPTIVEQF,TRACKING,251,14.896685,24.884322,-0.020384,-0.003493,5.038527,0.000000,0.000000,5.000000,0.043727,0,0
1784416333.016941,ADAPTIVEQF,TRACKING,251,14.980866,24.970663,-0.021995,-0.003592,5.036128,0.000000,0.000000,5.000000,0.042449,0,0
1784416333.041934,ADAPTIVEQF,TRACKING,252,15.064934,20.819544,-0.023875,-0.003239,5.035098,0.000000,0.000000,5.000000,0.042572,0,0
1784416333.066923,ADAPTIVEQF,TRACKING,251,14.875356,45.620579,-0.023875,-0.003239,5.035098,0.000000,0.000000,5.000000,0.042572,0,0
1784416333.091824,ADAPTIVEQF,TRACKING,251,15.801896,25.724011,-0.026210,-0.002909,5.034722,0.000000,0.000000,5.000000,0.043601,0,0
1784416333.116881,ADAPTIVEQF,TRACKING,247,14.932173,24.090579,-0.027905,-0.002665,5.034973,0.000000,0.000000,5.000000,0.044821,0,0
1784416333.141864,ADAPTIVEQF,TRACKING,246,14.691301,20.179574,-0.029429,-0.002337,5.035356,0.000000,0.000000,5.000000,0.046060,0,0
1784416333.166936,ADAPTIVEQF,TRACKING,245,14.671367,45.234851,-0.029429,-0.002337,5.035356,0.000000,0.000000,5.000000,0.046060,0,0
1784416333.191944,ADAPTIVEQF,TRACKING,249,14.430201,24.662030,-0.032367,-0.001076,5.038910,0.000000,0.000000,5.000000,0.050624,0,0
1784416333.216941,ADAPTIVEQF,TRACKING,253,14.598685,25.083721,-0.035073,0.000124,5.042253,0.000000,0.000000,5.000000,0.054913,0,0
1784416333.241954,ADAPTIVEQF,TRACKING,256,14.887061,20.570344,-0.037556,0.001290,5.044960,0.000000,0.000000,5.000000,0.058596,0,0
1784416333.266942,ADAPTIVEQF,TRACKING,258,15.022695,45.694661,-0.037556,0.001290,5.044960,0.000000,0.000000,5.000000,0.058596,0,0
1784416333.291965,ADAPTIVEQF,TRACKING,258,15.132044,25.058092,-0.041066,0.003023,5.047852,0.000000,0.000000,5.000000,0.063129,0,0
1784416333.316882,ADAPTIVEQF,TRACKING,257,15.247886,24.959499,-0.044409,0.004713,5.051398,0.000000,0.000000,5.000000,0.068089,0,0
1784416333.341873,ADAPTIVEQF,TRACKING,255,15.060488,20.741548,-0.047392,0.006317,5.053538,0.000000,0.000000,5.000000,0.071779,0,0
1784416333.366866,ADAPTIVEQF,TRACKING,254,15.079587,45.754282,-0.047392,0.006317,5.053538,0.000000,0.000000,5.000000,0.071779,0,0
1784416333.391852,ADAPTIVEQF,TRACKING,253,15.087718,24.910689,-0.050020,0.007810,5.055777,0.000000,0.000000,5.000000,0.075326,0,0
1784416333.416853,ADAPTIVEQF,TRACKING,252,14.998666,24.834084,-0.051498,0.010085,5.057799,0.000000,0.000000,5.000000,0.078067,0,0
1784416333.441868,ADAPTIVEQF,TRACKING,252,14.985992,20.559789,-0.051899,0.012989,5.058349,0.000000,0.000000,5.000000,0.079163,0,0
1784416333.466871,ADAPTIVEQF,TRACKING,251,14.928647,45.508217,-0.051899,0.012989,5.058349,0.000000,0.000000,5.000000,0.079163,0,0
1784416333.491861,ADAPTIVEQF,TRACKING,252,15.189408,25.169475,-0.052215,0.015995,5.056868,0.000000,0.000000,5.000000,0.078843,0,0
1784416333.516873,ADAPTIVEQF,TRACKING,251,14.746253,24.482293,-0.052255,0.017996,5.053896,0.000000,0.000000,5.000000,0.077196,0,0
1784416333.541867,ADAPTIVEQF,TRACKING,252,14.892750,20.521366,-0.052053,0.020405,5.052335,0.000000,0.000000,5.000000,0.076582,0,0
1784416333.566921,ADAPTIVEQF,TRACKING,252,15.571673,46.274436,-0.052053,0.020405,5.052335,0.000000,0.000000,5.000000,0.076582,0,0
1784416333.591937,ADAPTIVEQF,TRACKING,250,14.992128,24.333382,-0.051677,0.022721,5.051072,0.000000,0.000000,5.000000,0.076125,0,0
1784416333.616996,ADAPTIVEQF,TRACKING,248,14.669149,24.675817,-0.051137,0.024717,5.048870,0.000000,0.000000,5.000000,0.074928,0,0
1784416333.641868,ADAPTIVEQF,TRACKING,248,14.672265,20.133277,-0.050390,0.026392,5.046779,0.000000,0.000000,5.000000,0.073648,0,0
1784416333.666925,ADAPTIVEQF,TRACKING,252,15.069697,45.606929,-0.050390,0.026392,5.046779,0.000000,0.000000,5.000000,0.073648,0,0
1784416333.691837,ADAPTIVEQF,TRACKING,252,17.726115,27.478648,-0.049186,0.029857,5.051198,0.000000,0.000000,5.000000,0.077019,0,0
1784416333.716955,ADAPTIVEQF,TRACKING,237,14.457224,21.587855,-0.047977,0.032147,5.054439,0.000000,0.000000,5.000000,0.079365,0,0
1784416333.741951,ADAPTIVEQF,TRACKING,235,13.740616,19.331702,-0.046521,0.034114,5.057072,0.000000,0.000000,5.000000,0.081149,0,0
1784416333.766946,ADAPTIVEQF,TRACKING,237,13.846061,44.429684,-0.046521,0.034114,5.057072,0.000000,0.000000,5.000000,0.081149,0,0
1784416333.791968,ADAPTIVEQF,TRACKING,252,15.016129,26.089159,-0.045191,0.036010,5.058808,0.000000,0.000000,5.000000,0.082446,0,0
1784416333.816943,ADAPTIVEQF,TRACKING,254,14.735301,24.589713,-0.044788,0.038108,5.061927,0.000000,0.000000,5.000000,0.085399,0,0
1784416333.841848,ADAPTIVEQF,TRACKING,255,15.142092,20.640808,-0.044218,0.039925,5.063922,0.000000,0.000000,5.000000,0.087380,0,0
1784416333.866871,ADAPTIVEQF,TRACKING,254,14.875101,45.391406,-0.044218,0.039925,5.063922,0.000000,0.000000,5.000000,0.087380,0,0
1784416333.891870,ADAPTIVEQF,TRACKING,255,14.886342,24.917517,-0.043312,0.041793,5.064231,0.000000,0.000000,5.000000,0.088024,0,0
1784416333.916953,ADAPTIVEQF,TRACKING,255,14.783700,24.875925,-0.043229,0.041535,5.064640,0.000000,0.000000,5.000000,0.088160,0,0
1784416333.941869,ADAPTIVEQF,TRACKING,257,15.073902,20.727508,-0.043641,0.039863,5.066983,0.000000,0.000000,5.000000,0.089333,0,0
1784416333.966943,ADAPTIVEQF,TRACKING,257,15.061378,45.791036,-0.043641,0.039863,5.066983,0.000000,0.000000,5.000000,0.089333,0,0
1784416333.991933,ADAPTIVEQF,TRACKING,256,14.993609,24.835352,-0.043730,0.038217,5.068292,0.000000,0.000000,5.000000,0.089647,0,0
1784416334.016955,ADAPTIVEQF,TRACKING,255,15.642258,25.574033,-0.043530,0.036574,5.068810,0.000000,0.000000,5.000000,0.089260,0,0
1784416334.041937,ADAPTIVEQF,TRACKING,252,14.567663,20.195403,-0.043545,0.035256,5.070963,0.000000,0.000000,5.000000,0.090415,0,0
1784416334.066942,ADAPTIVEQF,TRACKING,253,14.662268,45.297803,-0.043545,0.035256,5.070963,0.000000,0.000000,5.000000,0.090415,0,0
1784416334.091946,ADAPTIVEQF,TRACKING,254,15.025498,25.298686,-0.043405,0.033642,5.072978,0.000000,0.000000,5.000000,0.091332,0,0
1784416334.116935,ADAPTIVEQF,TRACKING,257,14.965768,24.819078,-0.043050,0.032229,5.073164,0.000000,0.000000,5.000000,0.090802,0,0
1784416334.141954,ADAPTIVEQF,TRACKING,256,14.905155,20.625849,-0.042473,0.030705,5.072140,0.000000,0.000000,5.000000,0.089168,0,0
1784416334.166947,ADAPTIVEQF,TRACKING,256,14.961550,45.675870,-0.042473,0.030705,5.072140,0.000000,0.000000,5.000000,0.089168,0,0
1784416334.191931,ADAPTIVEQF,TRACKING,257,15.048077,24.988853,-0.040933,0.028474,5.073664,0.000000,0.000000,5.000000,0.088953,0,0
1784416334.216941,ADAPTIVEQF,TRACKING,256,14.867188,24.749955,-0.039232,0.026145,5.074089,0.000000,0.000000,5.000000,0.087817,0,0
1784416334.241947,ADAPTIVEQF,TRACKING,257,14.909726,20.440616,-0.037312,0.023882,5.073180,0.000000,0.000000,5.000000,0.085545,0,0
1784416334.266943,ADAPTIVEQF,TRACKING,257,14.973006,45.502626,-0.037312,0.023882,5.073180,0.000000,0.000000,5.000000,0.085545,0,0
1784416334.291947,ADAPTIVEQF,TRACKING,258,15.122903,25.083430,-0.035065,0.019694,5.072653,0.000000,0.000000,5.000000,0.083042,0,0
1784416334.316953,ADAPTIVEQF,TRACKING,257,15.283413,25.095132,-0.033576,0.014820,5.072809,0.000000,0.000000,5.000000,0.081536,0,0
1784416334.341947,ADAPTIVEQF,TRACKING,255,15.294192,20.840687,-0.031918,0.010163,5.071260,0.000000,0.000000,5.000000,0.078741,0,0
1784416334.366930,ADAPTIVEQF,TRACKING,252,14.967399,45.497946,-0.031918,0.010163,5.071260,0.000000,0.000000,5.000000,0.078741,0,0
1784416334.391932,ADAPTIVEQF,TRACKING,251,14.983108,24.948883,-0.030079,0.005726,5.069571,0.000000,0.000000,5.000000,0.076011,0,0
1784416334.416941,ADAPTIVEQF,TRACKING,251,14.914311,24.698571,-0.027833,0.001838,5.068724,0.000000,0.000000,5.000000,0.074169,0,0
1784416334.441940,ADAPTIVEQF,TRACKING,252,15.054529,20.532573,-0.025191,-0.001541,5.069227,0.000000,0.000000,5.000000,0.073684,0,0
1784416334.466943,ADAPTIVEQF,TRACKING,251,15.013674,45.493494,-0.025191,-0.001541,5.069227,0.000000,0.000000,5.000000,0.073684,0,0
1784416334.491940,ADAPTIVEQF,TRACKING,251,14.973824,24.884370,-0.021647,-0.005517,5.069808,0.000000,0.000000,5.000000,0.073295,0,0
1784416334.516951,ADAPTIVEQF,TRACKING,251,15.019453,24.990652,-0.018600,-0.008530,5.070050,0.000000,0.000000,5.000000,0.072977,0,0
1784416334.541935,ADAPTIVEQF,TRACKING,250,14.895666,20.450500,-0.016901,-0.011880,5.073364,0.000000,0.000000,5.000000,0.076217,0,0
1784416334.566948,ADAPTIVEQF,TRACKING,251,14.979801,45.546887,-0.016901,-0.011880,5.073364,0.000000,0.000000,5.000000,0.076217,0,0
1784416334.591949,ADAPTIVEQF,TRACKING,251,15.006076,24.953632,-0.015439,-0.015235,5.076161,0.000000,0.000000,5.000000,0.079190,0,0
1784416334.616954,ADAPTIVEQF,TRACKING,251,14.896977,24.816380,-0.013736,-0.018763,5.077617,0.000000,0.000000,5.000000,0.081026,0,0
1784416334.641883,ADAPTIVEQF,TRACKING,251,15.000653,20.650459,-0.011897,-0.022198,5.078405,0.000000,0.000000,5.000000,0.082351,0,0
1784416334.666945,ADAPTIVEQF,TRACKING,251,14.983564,45.695835,-0.011897,-0.022198,5.078405,0.000000,0.000000,5.000000,0.082351,0,0
1784416334.691941,ADAPTIVEQF,TRACKING,251,14.751753,24.674551,-0.009659,-0.027898,5.081318,0.000000,0.000000,5.000000,0.086512,0,0
1784416334.716977,ADAPTIVEQF,TRACKING,252,14.601638,24.809421,-0.007840,-0.032211,5.081444,0.000000,0.000000,5.000000,0.087933,0,0
1784416334.741948,ADAPTIVEQF,TRACKING,255,15.004250,20.614036,-0.006036,-0.036321,5.081166,0.000000,0.000000,5.000000,0.089127,0,0
1784416334.766937,ADAPTIVEQF,TRACKING,256,15.331056,45.929202,-0.006036,-0.036321,5.081166,0.000000,0.000000,5.000000,0.089127,0,0
1784416334.791952,ADAPTIVEQF,TRACKING,254,15.608050,25.199896,-0.004525,-0.040276,5.082518,0.000000,0.000000,5.000000,0.091934,0,0
1784416334.816837,ADAPTIVEQF,TRACKING,249,15.313024,24.501589,-0.003828,-0.044122,5.087552,0.000000,0.000000,5.000000,0.098116,0,0
1784416334.841942,ADAPTIVEQF,TRACKING,246,14.997369,20.612863,-0.003105,-0.047687,5.091550,0.000000,0.000000,5.000000,0.103272,0,0
1784416334.866938,ADAPTIVEQF,TRACKING,244,14.723011,45.362330,-0.003105,-0.047687,5.091550,0.000000,0.000000,5.000000,0.103272,0,0
1784416334.891960,ADAPTIVEQF,TRACKING,246,14.974844,25.053321,-0.002122,-0.051787,5.093718,0.000000,0.000000,5.000000,0.107095,0,0
1784416334.916889,ADAPTIVEQF,TRACKING,247,15.138082,24.981772,-0.001500,-0.054215,5.095603,0.000000,0.000000,5.000000,0.109916,0,0
1784416334.941979,ADAPTIVEQF,TRACKING,246,15.080102,20.661775,-0.001039,-0.055857,5.098146,0.000000,0.000000,5.000000,0.112933,0,0
1784416334.966844,ADAPTIVEQF,TRACKING,245,15.070219,45.520116,-0.001039,-0.055857,5.098146,0.000000,0.000000,5.000000,0.112933,0,0
1784416334.991967,ADAPTIVEQF,TRACKING,244,14.855330,24.804074,-0.000478,-0.057268,5.099291,0.000000,0.000000,5.000000,0.114624,0,0
1784416335.016995,ADAPTIVEQF,TRACKING,244,14.675324,24.722949,0.000108,-0.058472,5.098697,0.000000,0.000000,5.000000,0.114717,0,0
1784416335.041891,ADAPTIVEQF,TRACKING,246,14.936826,20.434548,-0.000055,-0.060072,5.097284,0.000000,0.000000,5.000000,0.114337,0,0
1784416335.066886,ADAPTIVEQF,TRACKING,247,15.198877,45.690941,-0.000055,-0.060072,5.097284,0.000000,0.000000,5.000000,0.114337,0,0
1784416335.091962,ADAPTIVEQF,TRACKING,246,14.954048,24.683162,-0.000484,-0.061833,5.094872,0.000000,0.000000,5.000000,0.113244,0,0
1784416335.116941,ADAPTIVEQF,TRACKING,245,14.227474,24.142946,-0.000803,-0.062800,5.093669,0.000000,0.000000,5.000000,0.112776,0,0
1784416335.141952,ADAPTIVEQF,TRACKING,249,14.538952,20.173128,-0.000988,-0.063346,5.091697,0.000000,0.000000,5.000000,0.111454,0,0
1784416335.166951,ADAPTIVEQF,TRACKING,253,15.001656,45.633344,-0.000988,-0.063346,5.091697,0.000000,0.000000,5.000000,0.111454,0,0
1784416335.191945,ADAPTIVEQF,TRACKING,256,14.839990,24.751740,-0.000568,-0.062453,5.091722,0.000000,0.000000,5.000000,0.110967,0,0
1784416335.216949,ADAPTIVEQF,TRACKING,256,14.933763,25.019577,0.000023,-0.061224,5.090152,0.000000,0.000000,5.000000,0.108976,0,0
1784416335.241953,ADAPTIVEQF,TRACKING,256,14.846663,20.583649,0.000830,-0.059785,5.087167,0.000000,0.000000,5.000000,0.105703,0,0
1784416335.266945,ADAPTIVEQF,TRACKING,258,14.992158,45.722657,0.000830,-0.059785,5.087167,0.000000,0.000000,5.000000,0.105703,0,0
1784416335.291958,ADAPTIVEQF,TRACKING,257,14.873516,24.827219,0.003979,-0.057657,5.082355,0.000000,0.000000,5.000000,0.100611,0,0
1784416335.316961,ADAPTIVEQF,TRACKING,258,15.433705,25.499025,0.008560,-0.055925,5.080076,0.000000,0.000000,5.000000,0.098046,0,0
1784416335.341870,ADAPTIVEQF,TRACKING,255,15.614498,21.111395,0.012969,-0.054070,5.078662,0.000000,0.000000,5.000000,0.096330,0,0
1784416335.366842,ADAPTIVEQF,TRACKING,251,15.297188,45.765595,0.012969,-0.054070,5.078662,0.000000,0.000000,5.000000,0.096330,0,0
1784416335.391947,ADAPTIVEQF,TRACKING,247,15.108570,24.837067,0.017155,-0.052084,5.076650,0.000000,0.000000,5.000000,0.094245,0,0
1784416335.416842,ADAPTIVEQF,TRACKING,245,14.789126,24.471161,0.020663,-0.049746,5.077060,0.000000,0.000000,5.000000,0.094021,0,0
1784416335.441872,ADAPTIVEQF,TRACKING,246,15.074473,20.600103,0.023511,-0.047113,5.079489,0.000000,0.000000,5.000000,0.095347,0,0
1784416335.466843,ADAPTIVEQF,TRACKING,246,15.121881,45.619362,0.023511,-0.047113,5.079489,0.000000,0.000000,5.000000,0.095347,0,0
1784416335.491874,ADAPTIVEQF,TRACKING,245,14.821779,24.633012,0.026660,-0.043914,5.080246,0.000000,0.000000,5.000000,0.095282,0,0
1784416335.516965,ADAPTIVEQF,TRACKING,245,14.211060,24.348022,0.028828,-0.041478,5.079981,0.000000,0.000000,5.000000,0.094596,0,0
1784416335.541957,ADAPTIVEQF,TRACKING,250,14.521319,20.131454,0.031352,-0.038667,5.080174,0.000000,0.000000,5.000000,0.094371,0,0
1784416335.566951,ADAPTIVEQF,TRACKING,254,14.990314,45.593581,0.031352,-0.038667,5.080174,0.000000,0.000000,5.000000,0.094371,0,0
1784416335.591974,ADAPTIVEQF,TRACKING,256,14.958261,24.906228,0.033698,-0.035776,5.080554,0.000000,0.000000,5.000000,0.094364,0,0
1784416335.616953,ADAPTIVEQF,TRACKING,256,14.822199,24.769957,0.035701,-0.032908,5.079103,0.000000,0.000000,5.000000,0.092816,0,0
1784416335.641951,ADAPTIVEQF,TRACKING,256,14.784080,20.441542,0.037457,-0.030068,5.075314,0.000000,0.000000,5.000000,0.089327,0,0
1784416335.666949,ADAPTIVEQF,TRACKING,258,14.949378,45.605088,0.037457,-0.030068,5.075314,0.000000,0.000000,5.000000,0.089327,0,0
1784416335.691983,ADAPTIVEQF,TRACKING,259,15.814259,25.828452,0.038200,-0.027766,5.075159,0.000000,0.000000,5.000000,0.088764,0,0
1784416335.716882,ADAPTIVEQF,TRACKING,254,15.438379,24.440391,0.038653,-0.025711,5.074275,0.000000,0.000000,5.000000,0.087589,0,0
1784416335.741952,ADAPTIVEQF,TRACKING,250,15.234678,20.766965,0.039015,-0.023485,5.072524,0.000000,0.000000,5.000000,0.085635,0,0
1784416335.766891,ADAPTIVEQF,TRACKING,246,15.063320,45.533846,0.039015,-0.023485,5.072524,0.000000,0.000000,5.000000,0.085635,0,0
1784416335.791972,ADAPTIVEQF,TRACKING,245,14.948050,24.877916,0.039368,-0.021009,5.071094,0.000000,0.000000,5.000000,0.083938,0,0
1784416335.816904,ADAPTIVEQF,TRACKING,245,15.051951,24.932744,0.039907,-0.018136,5.073059,0.000000,0.000000,5.000000,0.085200,0,0
1784416335.841959,ADAPTIVEQF,TRACKING,244,14.810288,20.412285,0.040387,-0.014638,5.074101,0.000000,0.000000,5.000000,0.085653,0,0
1784416335.866893,ADAPTIVEQF,TRACKING,245,17.124058,47.659412,0.040387,-0.014638,5.074101,0.000000,0.000000,5.000000,0.085653,0,0
1784416335.891971,ADAPTIVEQF,TRACKING,234,14.369353,22.195533,0.040647,-0.011904,5.074252,0.000000,0.000000,5.000000,0.085482,0,0
1784416335.916976,ADAPTIVEQF,TRACKING,234,13.611800,24.128563,0.040953,-0.008919,5.076578,0.000000,0.000000,5.000000,0.087298,0,0
1784416335.941884,ADAPTIVEQF,TRACKING,237,14.326461,19.951704,0.041271,-0.005718,5.079460,0.000000,0.000000,5.000000,0.089721,0,0
1784416335.966892,ADAPTIVEQF,TRACKING,249,14.718268,45.351242,0.041271,-0.005718,5.079460,0.000000,0.000000,5.000000,0.089721,0,0
1784416335.991957,ADAPTIVEQF,TRACKING,253,14.865524,25.125517,0.041396,-0.002633,5.081053,0.000000,0.000000,5.000000,0.091050,0,0
1784416336.016952,ADAPTIVEQF,TRACKING,252,14.591144,24.633946,0.041418,0.000352,5.080887,0.000000,0.000000,5.000000,0.090875,0,0
1784416336.041873,ADAPTIVEQF,TRACKING,256,14.759814,20.291187,0.039494,0.002662,5.080624,0.000000,0.000000,5.000000,0.089817,0,0
1784416336.066971,ADAPTIVEQF,TRACKING,258,15.564852,46.197320,0.039494,0.002662,5.080624,0.000000,0.000000,5.000000,0.089817,0,0
1784416336.091964,ADAPTIVEQF,TRACKING,255,15.772852,25.126213,0.036493,0.005257,5.080079,0.000000,0.000000,5.000000,0.088159,0,0
1784416336.116956,ADAPTIVEQF,TRACKING,250,15.241281,24.394297,0.034230,0.007307,5.078250,0.000000,0.000000,5.000000,0.085721,0,0
1784416336.141957,ADAPTIVEQF,TRACKING,245,14.974113,20.777673,0.031982,0.009464,5.075935,0.000000,0.000000,5.000000,0.082937,0,0
1784416336.166952,ADAPTIVEQF,TRACKING,244,14.925690,45.723938,0.031982,0.009464,5.075935,0.000000,0.000000,5.000000,0.082937,0,0
1784416336.191971,ADAPTIVEQF,TRACKING,245,15.122601,25.130980,0.030376,0.012575,5.074825,0.000000,0.000000,5.000000,0.081729,0,0
1784416336.216974,ADAPTIVEQF,TRACKING,244,14.892918,24.676539,0.028745,0.015579,5.072715,0.000000,0.000000,5.000000,0.079728,0,0
1784416336.241895,ADAPTIVEQF,TRACKING,244,14.870140,20.466947,0.027078,0.018462,5.070168,0.000000,0.000000,5.000000,0.077444,0,0
1784416336.266898,ADAPTIVEQF,TRACKING,244,14.989462,45.588216,0.027078,0.018462,5.070168,0.000000,0.000000,5.000000,0.077444,0,0
1784416336.291995,ADAPTIVEQF,TRACKING,245,14.968074,24.980674,0.024861,0.021975,5.066527,0.000000,0.000000,5.000000,0.074343,0,0
1784416336.316974,ADAPTIVEQF,TRACKING,245,14.958058,24.866344,0.023020,0.024704,5.063508,0.000000,0.000000,5.000000,0.071927,0,0
1784416336.341884,ADAPTIVEQF,TRACKING,245,15.164213,20.599165,0.021169,0.027217,5.060711,0.000000,0.000000,5.000000,0.069819,0,0
1784416336.366967,ADAPTIVEQF,TRACKING,244,14.319218,44.837344,0.021169,0.027217,5.060711,0.000000,0.000000,5.000000,0.069819,0,0
1784416336.391983,ADAPTIVEQF,TRACKING,247,14.498732,25.110421,0.019281,0.029522,5.058146,0.000000,0.000000,5.000000,0.068002,0,0
1784416336.416958,ADAPTIVEQF,TRACKING,251,14.606165,25.007536,0.017067,0.031625,5.059613,0.000000,0.000000,5.000000,0.069607,0,0
1784416336.441883,ADAPTIVEQF,TRACKING,256,14.890608,20.491768,0.014664,0.033627,5.062833,0.000000,0.000000,5.000000,0.072758,0,0
1784416336.466890,ADAPTIVEQF,TRACKING,257,14.907458,45.514223,0.014664,0.033627,5.062833,0.000000,0.000000,5.000000,0.072758,0,0
1784416336.491988,ADAPTIVEQF,TRACKING,258,15.907580,26.020352,0.011928,0.035795,5.063384,0.000000,0.000000,5.000000,0.073764,0,0
1784416336.516962,ADAPTIVEQF,TRACKING,253,15.344421,24.331747,0.009952,0.037226,5.061449,0.000000,0.000000,5.000000,0.072532,0,0
1784416336.541971,ADAPTIVEQF,TRACKING,249,15.299413,21.029013,0.007379,0.038397,5.061260,0.000000,0.000000,5.000000,0.072674,0,0
1784416336.566958,ADAPTIVEQF,TRACKING,244,14.817129,45.535220,0.007379,0.038397,5.061260,0.000000,0.000000,5.000000,0.072674,0,0
1784416336.591974,ADAPTIVEQF,TRACKING,246,15.015870,25.141349,0.004687,0.039265,5.061893,0.000000,0.000000,5.000000,0.073446,0,0
1784416336.616959,ADAPTIVEQF,TRACKING,245,14.990732,24.846970,0.002155,0.039982,5.061621,0.000000,0.000000,5.000000,0.073487,0,0
1784416336.641902,ADAPTIVEQF,TRACKING,245,14.995210,20.599904,-0.000221,0.040621,5.059794,0.000000,0.000000,5.000000,0.072287,0,0
1784416336.666967,ADAPTIVEQF,TRACKING,245,15.000720,45.667425,-0.000221,0.040621,5.059794,0.000000,0.000000,5.000000,0.072287,0,0
1784416336.691985,ADAPTIVEQF,TRACKING,245,14.991480,24.916285,-0.002361,0.043669,5.063460,0.000000,0.000000,5.000000,0.077070,0,0
1784416336.716989,ADAPTIVEQF,TRACKING,245,15.016369,24.924237,-0.003916,0.045623,5.066247,0.000000,0.000000,5.000000,0.080533,0,0
1784416336.741966,ADAPTIVEQF,TRACKING,244,14.127548,19.757899,-0.005381,0.047238,5.068871,0.000000,0.000000,5.000000,0.083687,0,0
1784416336.766962,ADAPTIVEQF,TRACKING,249,14.561850,45.188046,-0.005381,0.047238,5.068871,0.000000,0.000000,5.000000,0.083687,0,0
1784416336.791973,ADAPTIVEQF,TRACKING,253,14.685547,25.041989,-0.006444,0.048572,5.072465,0.000000,0.000000,5.000000,0.087475,0,0
1784416336.816973,ADAPTIVEQF,TRACKING,257,14.861325,25.085885,-0.006558,0.049692,5.080207,0.000000,0.000000,5.000000,0.094581,0,0
1784416336.841976,ADAPTIVEQF,TRACKING,258,14.969363,20.504870,-0.006705,0.050659,5.085464,0.000000,0.000000,5.000000,0.099576,0,0
1784416336.866963,ADAPTIVEQF,TRACKING,258,15.168468,45.690717,-0.006705,0.050659,5.085464,0.000000,0.000000,5.000000,0.099576,0,0
1784416336.892155,ADAPTIVEQF,TRACKING,257,15.895546,25.849494,-0.006954,0.051493,5.089947,0.000000,0.000000,5.000000,0.103877,0,0
1784416336.916967,ADAPTIVEQF,TRACKING,251,15.298614,24.150802,-0.008650,0.050762,5.093790,0.000000,0.000000,5.000000,0.106996,0,0
1784416336.942174,ADAPTIVEQF,TRACKING,247,15.309752,21.163678,-0.011704,0.048809,5.096290,0.000000,0.000000,5.000000,0.108587,0,0
1784416336.966963,ADAPTIVEQF,TRACKING,243,14.928004,45.571334,-0.011704,0.048809,5.096290,0.000000,0.000000,5.000000,0.108587,0,0
1784416336.991980,ADAPTIVEQF,TRACKING,244,15.043397,25.060978,-0.014575,0.046765,5.097158,0.000000,0.000000,5.000000,0.108807,0,0
1784416337.016966,ADAPTIVEQF,TRACKING,243,14.843674,24.717019,-0.017297,0.044629,5.097591,0.000000,0.000000,5.000000,0.108697,0,0
1784416337.041981,ADAPTIVEQF,TRACKING,244,14.986962,20.768499,-0.020587,0.042495,5.098599,0.000000,0.000000,5.000000,0.109323,0,0
1784416337.066902,ADAPTIVEQF,TRACKING,244,14.910634,45.613384,-0.020587,0.042495,5.098599,0.000000,0.000000,5.000000,0.109323,0,0
1784416337.091984,ADAPTIVEQF,TRACKING,245,15.313293,25.386298,-0.024710,0.039737,5.098054,0.000000,0.000000,5.000000,0.108647,0,0
1784416337.116976,ADAPTIVEQF,TRACKING,243,14.804643,24.388341,-0.027839,0.037361,5.096930,0.000000,0.000000,5.000000,0.107547,0,0
1784416337.141870,ADAPTIVEQF,TRACKING,243,14.187542,19.690965,-0.030826,0.034844,5.095679,0.000000,0.000000,5.000000,0.106390,0,0
1784416337.166965,ADAPTIVEQF,TRACKING,247,14.424642,45.021208,-0.030826,0.034844,5.095679,0.000000,0.000000,5.000000,0.106390,0,0
1784416337.191993,ADAPTIVEQF,TRACKING,253,14.769205,25.285950,-0.032375,0.029107,5.096589,0.000000,0.000000,5.000000,0.105947,0,0
1784416337.216910,ADAPTIVEQF,TRACKING,256,14.878151,24.922448,-0.033804,0.023560,5.096328,0.000000,0.000000,5.000000,0.104770,0,0
1784416337.241973,ADAPTIVEQF,TRACKING,257,14.834429,20.553705,-0.035103,0.018189,5.094511,0.000000,0.000000,5.000000,0.102447,0,0
1784416337.266980,ADAPTIVEQF,TRACKING,258,15.071614,45.799820,-0.035103,0.018189,5.094511,0.000000,0.000000,5.000000,0.102447,0,0
1784416337.292098,ADAPTIVEQF,TRACKING,258,15.614951,25.591004,-0.036421,0.010654,5.090550,0.000000,0.000000,5.000000,0.098180,0,0
1784416337.316898,ADAPTIVEQF,TRACKING,254,15.498600,24.611018,-0.037142,0.003834,5.088833,0.000000,0.000000,5.000000,0.096361,0,0
1784416337.341872,ADAPTIVEQF,TRACKING,250,15.584956,21.279098,-0.037588,-0.002722,5.085833,0.000000,0.000000,5.000000,0.093742,0,0
1784416337.366989,ADAPTIVEQF,TRACKING,244,14.954252,45.762685,-0.037588,-0.002722,5.085833,0.000000,0.000000,5.000000,0.093742,0,0
1784416337.391875,ADAPTIVEQF,TRACKING,243,15.150998,25.014150,-0.037743,-0.008940,5.081556,0.000000,0.000000,5.000000,0.090310,0,0
1784416337.416981,ADAPTIVEQF,TRACKING,241,14.835346,24.679008,-0.037276,-0.015073,5.078382,0.000000,0.000000,5.000000,0.088093,0,0
1784416337.441872,ADAPTIVEQF,TRACKING,242,14.939942,20.422592,-0.036178,-0.020918,5.076310,0.000000,0.000000,5.000000,0.087003,0,0
1784416337.466917,ADAPTIVEQF,TRACKING,242,14.818170,45.344578,-0.036178,-0.020918,5.076310,0.000000,0.000000,5.000000,0.087003,0,0
1784416337.491979,ADAPTIVEQF,TRACKING,243,14.156773,24.284770,-0.034640,-0.027724,5.072790,0.000000,0.000000,5.000000,0.085246,0,0
1784416337.516971,ADAPTIVEQF,TRACKING,248,14.483351,25.222703,-0.033284,-0.032903,5.070123,0.000000,0.000000,5.000000,0.084307,0,0
1784416337.541900,ADAPTIVEQF,TRACKING,252,14.779473,20.428806,-0.031795,-0.037224,5.070182,0.000000,0.000000,5.000000,0.085569,0,0
1784416337.566914,ADAPTIVEQF,TRACKING,256,14.811047,45.474230,-0.031795,-0.037224,5.070182,0.000000,0.000000,5.000000,0.085569,0,0
1784416337.591969,ADAPTIVEQF,TRACKING,257,15.021302,25.192926,-0.030255,-0.041175,5.070550,0.000000,0.000000,5.000000,0.087110,0,0
1784416337.616968,ADAPTIVEQF,TRACKING,257,15.527202,25.430170,-0.028657,-0.045019,5.068702,0.000000,0.000000,5.000000,0.086994,0,0
1784416337.641921,ADAPTIVEQF,TRACKING,254,15.445550,21.129385,-0.027001,-0.048783,5.065320,0.000000,0.000000,5.000000,0.085881,0,0
1784416337.666975,ADAPTIVEQF,TRACKING,250,15.224994,45.963844,-0.027001,-0.048783,5.065320,0.000000,0.000000,5.000000,0.085881,0,0
1784416337.691906,ADAPTIVEQF,TRACKING,247,14.962887,24.596190,-0.024940,-0.053369,5.065130,0.000000,0.000000,5.000000,0.087819,0,0
1784416337.716937,ADAPTIVEQF,TRACKING,246,15.030484,25.034147,-0.023153,-0.056904,5.064063,0.000000,0.000000,5.000000,0.088759,0,0
1784416337.741860,ADAPTIVEQF,TRACKING,246,15.174519,20.700739,-0.021289,-0.060255,5.062233,0.000000,0.000000,5.000000,0.089202,0,0
1784416337.766977,ADAPTIVEQF,TRACKING,245,15.022826,45.664586,-0.021289,-0.060255,5.062233,0.000000,0.000000,5.000000,0.089202,0,0
1784416337.791910,ADAPTIVEQF,TRACKING,244,15.078517,24.895298,-0.019441,-0.063575,5.060822,0.000000,0.000000,5.000000,0.090106,0,0
1784416337.816982,ADAPTIVEQF,TRACKING,243,14.247716,24.133282,-0.017734,-0.067135,5.062151,0.000000,0.000000,5.000000,0.093190,0,0
1784416337.841978,ADAPTIVEQF,TRACKING,247,14.460630,20.090888,-0.016107,-0.070416,5.061936,0.000000,0.000000,5.000000,0.095153,0,0
1784416337.866981,ADAPTIVEQF,TRACKING,251,14.684869,45.316754,-0.016107,-0.070416,5.061936,0.000000,0.000000,5.000000,0.095153,0,0
1784416337.891967,ADAPTIVEQF,TRACKING,256,14.890070,25.102235,-0.014113,-0.074004,5.061578,0.000000,0.000000,5.000000,0.097302,0,0
1784416337.916935,ADAPTIVEQF,TRACKING,256,15.079987,25.090010,-0.012866,-0.075461,5.062912,0.000000,0.000000,5.000000,0.099084,0,0
1784416337.941907,ADAPTIVEQF,TRACKING,256,15.670154,21.275693,-0.011899,-0.075703,5.064909,0.000000,0.000000,5.000000,0.100428,0,0
1784416337.966979,ADAPTIVEQF,TRACKING,252,15.659984,46.339513,-0.011899,-0.075703,5.064909,0.000000,0.000000,5.000000,0.100428,0,0
1784416337.991987,ADAPTIVEQF,TRACKING,246,15.078966,24.141299,-0.010867,-0.075754,5.065301,0.000000,0.000000,5.000000,0.100603,0,0
1784416338.016970,ADAPTIVEQF,TRACKING,243,14.821704,24.623730,-0.009818,-0.075551,5.065086,0.000000,0.000000,5.000000,0.100202,0,0
1784416338.041881,ADAPTIVEQF,TRACKING,243,14.870951,20.451405,-0.009521,-0.075770,5.067438,0.000000,0.000000,5.000000,0.101881,0,0
1784416338.066979,ADAPTIVEQF,TRACKING,245,15.003725,45.664593,-0.009521,-0.075770,5.067438,0.000000,0.000000,5.000000,0.101881,0,0
1784416338.091997,ADAPTIVEQF,TRACKING,245,14.239595,24.165396,-0.009355,-0.075776,5.070344,0.000000,0.000000,5.000000,0.103817,0,0
1784416338.116926,ADAPTIVEQF,TRACKING,249,14.600266,25.177278,-0.009120,-0.075363,5.071806,0.000000,0.000000,5.000000,0.104494,0,0
1784416338.141981,ADAPTIVEQF,TRACKING,252,14.872830,20.443552,-0.008859,-0.074529,5.072934,0.000000,0.000000,5.000000,0.104654,0,0
1784416338.166911,ADAPTIVEQF,TRACKING,256,14.897055,45.397743,-0.008859,-0.074529,5.072934,0.000000,0.000000,5.000000,0.104654,0,0
1784416338.191968,ADAPTIVEQF,TRACKING,255,14.981925,25.058602,-0.007290,-0.073374,5.075085,0.000000,0.000000,5.000000,0.105237,0,0
1784416338.216975,ADAPTIVEQF,TRACKING,255,14.757346,24.709246,-0.005791,-0.071849,5.077107,0.000000,0.000000,5.000000,0.105552,0,0
1784416338.241975,ADAPTIVEQF,TRACKING,257,14.991508,20.722847,-0.004236,-0.069865,5.078140,0.000000,0.000000,5.000000,0.104904,0,0
1784416338.266976,ADAPTIVEQF,TRACKING,257,15.014784,45.749523,-0.004236,-0.069865,5.078140,0.000000,0.000000,5.000000,0.104904,0,0
1784416338.291909,ADAPTIVEQF,TRACKING,257,15.018871,24.861205,-0.002956,-0.066994,5.079334,0.000000,0.000000,5.000000,0.103879,0,0
1784416338.316995,ADAPTIVEQF,TRACKING,256,14.881490,24.874879,-0.002696,-0.064525,5.079776,0.000000,0.000000,5.000000,0.102640,0,0
1784416338.341904,ADAPTIVEQF,TRACKING,257,15.019323,20.680565,-0.002408,-0.061895,5.078715,0.000000,0.000000,5.000000,0.100164,0,0
1784416338.366874,ADAPTIVEQF,TRACKING,257,17.729365,48.363080,-0.002408,-0.061895,5.078715,0.000000,0.000000,5.000000,0.100164,0,0
1784416338.391896,ADAPTIVEQF,TRACKING,242,33.339038,40.519072,-0.002058,-0.059152,5.077327,0.000000,0.000000,5.000000,0.097379,1,0
1784416338.425429,ADAPTIVEQF,TRACKING,169,13.724404,54.429272,-0.002058,-0.059152,5.077327,0.000000,0.000000,5.000000,0.097379,0,0
1784416338.441926,ADAPTIVEQF,TRACKING,156,12.847669,15.474119,-0.001443,-0.054000,5.082552,0.000000,0.000000,5.000000,0.098656,0,0
1784416338.466934,ADAPTIVEQF,TRACKING,150,9.237220,36.874116,-0.001443,-0.054000,5.082552,0.000000,0.000000,5.000000,0.098656,0,0
1784416338.491942,ADAPTIVEQF,TRACKING,199,15.281275,30.961246,-0.001287,-0.050463,5.084458,0.000000,0.000000,5.000000,0.098394,0,0
1784416338.516925,ADAPTIVEQF,TRACKING,203,12.669870,22.259440,-0.001245,-0.047316,5.084819,0.000000,0.000000,5.000000,0.097132,0,0
1784416338.541902,ADAPTIVEQF,TRACKING,224,14.055476,19.654120,-0.001334,-0.043211,5.084381,0.000000,0.000000,5.000000,0.094811,0,0
1784416338.566921,ADAPTIVEQF,TRACKING,222,13.828910,44.446355,-0.001334,-0.043211,5.084381,0.000000,0.000000,5.000000,0.094811,0,0
1784416338.591882,ADAPTIVEQF,TRACKING,240,14.874743,25.904347,-0.001486,-0.038727,5.083443,0.000000,0.000000,5.000000,0.092004,0,0
1784416338.617002,ADAPTIVEQF,TRACKING,240,14.378033,24.549648,-0.001618,-0.034163,5.082022,0.000000,0.000000,5.000000,0.088867,0,0
1784416338.641914,ADAPTIVEQF,TRACKING,244,14.517209,20.159851,-0.001702,-0.029625,5.079674,0.000000,0.000000,5.000000,0.085021,0,0
1784416338.666908,ADAPTIVEQF,TRACKING,248,15.034794,45.671176,-0.001702,-0.029625,5.079674,0.000000,0.000000,5.000000,0.085021,0,0
1784416338.691909,ADAPTIVEQF,TRACKING,249,14.841429,24.727927,-0.004454,-0.024391,5.075116,0.000000,0.000000,5.000000,0.079102,0,0
1784416338.717085,ADAPTIVEQF,TRACKING,250,14.909503,25.155026,-0.006426,-0.020255,5.070813,0.000000,0.000000,5.000000,0.073933,0,0
1784416338.741904,ADAPTIVEQF,TRACKING,250,14.913619,20.393435,-0.008253,-0.016303,5.066084,0.000000,0.000000,5.000000,0.068564,0,0
1784416338.767046,ADAPTIVEQF,TRACKING,251,16.517150,47.143143,-0.008253,-0.016303,5.066084,0.000000,0.000000,5.000000,0.068564,0,0
1784416338.792042,ADAPTIVEQF,TRACKING,243,15.114228,23.459438,-0.009934,-0.012271,5.062376,0.000000,0.000000,5.000000,0.064343,0,0
1784416338.816922,ADAPTIVEQF,TRACKING,239,14.888394,24.545625,-0.011485,-0.008235,5.062364,0.000000,0.000000,5.000000,0.063945,0,0
1784416338.841924,ADAPTIVEQF,TRACKING,236,14.243662,19.728320,-0.012954,-0.004353,5.061141,0.000000,0.000000,5.000000,0.062650,0,0
1784416338.866976,ADAPTIVEQF,TRACKING,243,14.292753,44.827485,-0.012954,-0.004353,5.061141,0.000000,0.000000,5.000000,0.062650,0,0
1784416338.891916,ADAPTIVEQF,TRACKING,247,14.401536,24.950388,-0.014736,0.000209,5.059145,0.000000,0.000000,5.000000,0.060954,0,0
1784416338.916866,ADAPTIVEQF,TRACKING,253,18.276907,28.751284,-0.016203,0.003287,5.058276,0.000000,0.000000,5.000000,0.060575,0,0
1784416338.941928,ADAPTIVEQF,TRACKING,237,14.895411,20.373660,-0.017741,0.005877,5.058468,0.000000,0.000000,5.000000,0.061382,0,0
1784416338.966987,ADAPTIVEQF,TRACKING,232,13.516279,44.051271,-0.017741,0.005877,5.058468,0.000000,0.000000,5.000000,0.061382,0,0
1784416338.991978,ADAPTIVEQF,TRACKING,232,13.799912,25.148180,-0.019253,0.008268,5.058633,0.000000,0.000000,5.000000,0.062265,0,0
1784416339.016874,ADAPTIVEQF,TRACKING,249,14.736378,25.734872,-0.020645,0.010426,5.058536,0.000000,0.000000,5.000000,0.062939,0,0
1784416339.041905,ADAPTIVEQF,TRACKING,254,14.741431,20.379879,-0.022107,0.015172,5.059918,0.000000,0.000000,5.000000,0.065643,0,0
1784416339.066922,ADAPTIVEQF,TRACKING,254,14.800502,45.457689,-0.022107,0.015172,5.059918,0.000000,0.000000,5.000000,0.065643,0,0
1784416339.091974,ADAPTIVEQF,TRACKING,256,15.031851,25.190362,-0.023767,0.021688,5.061105,0.000000,0.000000,5.000000,0.069059,0,0
1784416339.116909,ADAPTIVEQF,TRACKING,257,14.907622,24.717224,-0.024849,0.026467,5.061121,0.000000,0.000000,5.000000,0.071090,0,0
1784416339.141909,ADAPTIVEQF,TRACKING,257,14.999452,20.526032,-0.025743,0.030859,5.060111,0.000000,0.000000,5.000000,0.072307,0,0
1784416339.166914,ADAPTIVEQF,TRACKING,257,14.884057,45.418322,-0.025743,0.030859,5.060111,0.000000,0.000000,5.000000,0.072307,0,0
1784416339.191981,ADAPTIVEQF,TRACKING,258,15.037794,25.120169,-0.026122,0.035459,5.062483,0.000000,0.000000,5.000000,0.076445,0,0
1784416339.216926,ADAPTIVEQF,TRACKING,257,14.875793,24.695981,-0.026251,0.039716,5.063885,0.000000,0.000000,5.000000,0.079673,0,0
1784416339.241961,ADAPTIVEQF,TRACKING,258,15.095405,20.737140,-0.026062,0.043639,5.064213,0.000000,0.000000,5.000000,0.081896,0,0
1784416339.266964,ADAPTIVEQF,TRACKING,257,14.859072,45.504042,-0.026062,0.043639,5.064213,0.000000,0.000000,5.000000,0.081896,0,0
1784416339.291970,ADAPTIVEQF,TRACKING,258,14.964028,25.016620,-0.026023,0.048114,5.065256,0.000000,0.000000,5.000000,0.085150,0,0
1784416339.316915,ADAPTIVEQF,TRACKING,258,14.978084,24.898396,-0.026309,0.051415,5.067849,0.000000,0.000000,5.000000,0.089102,0,0
1784416339.341974,ADAPTIVEQF,TRACKING,258,15.023094,20.730593,-0.026296,0.054446,5.068936,0.000000,0.000000,5.000000,0.091695,0,0
1784416339.367001,ADAPTIVEQF,TRACKING,258,15.001937,45.737807,-0.026296,0.054446,5.068936,0.000000,0.000000,5.000000,0.091695,0,0
1784416339.391978,ADAPTIVEQF,TRACKING,257,15.076482,24.911821,-0.025982,0.057123,5.069582,0.000000,0.000000,5.000000,0.093700,0,0
1784416339.416971,ADAPTIVEQF,TRACKING,257,14.987373,24.831633,-0.025110,0.059982,5.071260,0.000000,0.000000,5.000000,0.096470,0,0
1784416339.441974,ADAPTIVEQF,TRACKING,256,14.798459,20.430140,-0.023739,0.062980,5.073534,0.000000,0.000000,5.000000,0.099686,0,0
1784416339.466927,ADAPTIVEQF,TRACKING,257,14.914411,45.505527,-0.023739,0.062980,5.073534,0.000000,0.000000,5.000000,0.099686,0,0
1784416339.492006,ADAPTIVEQF,TRACKING,258,14.960331,24.984915,-0.022025,0.066306,5.073981,0.000000,0.000000,5.000000,0.101758,0,0
1784416339.516907,ADAPTIVEQF,TRACKING,258,14.925247,24.769279,-0.020688,0.068558,5.072079,0.000000,0.000000,5.000000,0.101605,0,0
1784416339.541918,ADAPTIVEQF,TRACKING,258,14.970502,20.379007,-0.018609,0.070590,5.072352,0.000000,0.000000,5.000000,0.102782,0,0
1784416339.566990,ADAPTIVEQF,TRACKING,258,14.900659,45.383198,-0.018609,0.070590,5.072352,0.000000,0.000000,5.000000,0.102782,0,0
1784416339.591962,ADAPTIVEQF,TRACKING,259,15.014307,24.998035,-0.016287,0.072317,5.073106,0.000000,0.000000,5.000000,0.104113,0,0
1784416339.616977,ADAPTIVEQF,TRACKING,258,15.065945,24.992540,-0.013946,0.073696,5.073395,0.000000,0.000000,5.000000,0.104940,0,0
1784416339.641971,ADAPTIVEQF,TRACKING,258,14.984438,20.620743,-0.011579,0.074717,5.072299,0.000000,0.000000,5.000000,0.104613,0,0
1784416339.667006,ADAPTIVEQF,TRACKING,257,14.925774,45.599038,-0.011579,0.074717,5.072299,0.000000,0.000000,5.000000,0.104613,0,0
1784416339.691974,ADAPTIVEQF,TRACKING,257,14.901058,24.870540,-0.008808,0.074079,5.075673,0.000000,0.000000,5.000000,0.106262,0,0
1784416339.716973,ADAPTIVEQF,TRACKING,258,14.967611,24.997620,-0.006555,0.073268,5.077134,0.000000,0.000000,5.000000,0.106587,0,0
1784416339.741980,ADAPTIVEQF,TRACKING,258,14.969105,20.570956,-0.004289,0.072234,5.076653,0.000000,0.000000,5.000000,0.105413,0,0
1784416339.766984,ADAPTIVEQF,TRACKING,258,14.974133,45.582134,-0.004289,0.072234,5.076653,0.000000,0.000000,5.000000,0.105413,0,0
1784416339.791983,ADAPTIVEQF,TRACKING,258,15.024063,24.967557,-0.001743,0.070873,5.075791,0.000000,0.000000,5.000000,0.103780,0,0
1784416339.816926,ADAPTIVEQF,TRACKING,258,15.081315,24.933874,0.001571,0.068879,5.077258,0.000000,0.000000,5.000000,0.103516,0,0
1784416339.841926,ADAPTIVEQF,TRACKING,257,14.941717,20.550353,0.004778,0.066685,5.079155,0.000000,0.000000,5.000000,0.103612,0,0
1784416339.866911,ADAPTIVEQF,TRACKING,257,14.962074,45.552516,0.004778,0.066685,5.079155,0.000000,0.000000,5.000000,0.103612,0,0
1784416339.891920,ADAPTIVEQF,TRACKING,257,15.379612,25.330112,0.008656,0.063719,5.080976,0.000000,0.000000,5.000000,0.103403,0,0
1784416339.916875,ADAPTIVEQF,TRACKING,255,15.231651,24.701757,0.012497,0.060618,5.082370,0.000000,0.000000,5.000000,0.103032,0,0
1784416339.941916,ADAPTIVEQF,TRACKING,253,15.295815,20.687330,0.016950,0.056884,5.083453,0.000000,0.000000,5.000000,0.102408,0,0
1784416339.966997,ADAPTIVEQF,TRACKING,249,14.946195,45.419514,0.016950,0.056884,5.083453,0.000000,0.000000,5.000000,0.102408,0,0
1784416339.991923,ADAPTIVEQF,TRACKING,249,15.918781,25.802559,0.021066,0.053098,5.083634,0.000000,0.000000,5.000000,0.101281,0,0
1784416340.016996,ADAPTIVEQF,TRACKING,244,14.523513,23.571067,0.024843,0.049244,5.083446,0.000000,0.000000,5.000000,0.100027,0,0
1784416340.041913,ADAPTIVEQF,TRACKING,245,14.753244,20.067663,0.028098,0.043825,5.086191,0.000000,0.000000,5.000000,0.100693,0,0
1784416340.066920,ADAPTIVEQF,TRACKING,245,14.539772,44.861033,0.028098,0.043825,5.086191,0.000000,0.000000,5.000000,0.100693,0,0
1784416340.091974,ADAPTIVEQF,TRACKING,251,15.098947,25.522901,0.031998,0.036375,5.089020,0.000000,0.000000,5.000000,0.101349,0,0
1784416340.116974,ADAPTIVEQF,TRACKING,250,15.033949,24.848480,0.034999,0.030510,5.089186,0.000000,0.000000,5.000000,0.100548,0,0
1784416340.141968,ADAPTIVEQF,TRACKING,250,14.422069,20.112744,0.037888,0.024778,5.088705,0.000000,0.000000,5.000000,0.099589,0,0
1784416340.166980,ADAPTIVEQF,TRACKING,252,14.689398,45.395350,0.037888,0.024778,5.088705,0.000000,0.000000,5.000000,0.099589,0,0
1784416340.191981,ADAPTIVEQF,TRACKING,255,14.833173,25.039891,0.042286,0.020129,5.091479,0.000000,0.000000,5.000000,0.102770,0,0
1784416340.216973,ADAPTIVEQF,TRACKING,258,15.410127,25.488510,0.046370,0.015503,5.092557,0.000000,0.000000,5.000000,0.104677,0,0
1784416340.241882,ADAPTIVEQF,TRACKING,255,15.240107,20.793465,0.050212,0.011093,5.092464,0.000000,0.000000,5.000000,0.105801,0,0
1784416340.266978,ADAPTIVEQF,TRACKING,253,15.128135,45.771726,0.050212,0.011093,5.092464,0.000000,0.000000,5.000000,0.105801,0,0
1784416340.291869,ADAPTIVEQF,TRACKING,250,14.912431,24.591585,0.053880,0.005079,5.093241,0.000000,0.000000,5.000000,0.107809,0,0
1784416340.316970,ADAPTIVEQF,TRACKING,251,14.957607,25.062151,0.055623,-0.000339,5.095195,0.000000,0.000000,5.000000,0.110255,0,0
1784416340.342003,ADAPTIVEQF,TRACKING,251,15.082876,20.643367,0.057203,-0.005421,5.095747,0.000000,0.000000,5.000000,0.111665,0,0
1784416340.366969,ADAPTIVEQF,TRACKING,250,14.936010,45.461429,0.057203,-0.005421,5.095747,0.000000,0.000000,5.000000,0.111665,0,0
1784416340.391871,ADAPTIVEQF,TRACKING,250,14.882470,24.754566,0.058634,-0.010253,5.095401,0.000000,0.000000,5.000000,0.112448,0,0
1784416340.416973,ADAPTIVEQF,TRACKING,250,14.950413,25.089828,0.059979,-0.015922,5.096381,0.000000,0.000000,5.000000,0.114631,0,0
1784416340.441864,ADAPTIVEQF,TRACKING,251,14.723640,20.273112,0.061209,-0.022309,5.097274,0.000000,0.000000,5.000000,0.117075,0,0
1784416340.467026,ADAPTIVEQF,TRACKING,252,14.992621,45.703587,0.061209,-0.022309,5.097274,0.000000,0.000000,5.000000,0.117075,0,0
1784416340.491927,ADAPTIVEQF,TRACKING,252,15.022933,24.825268,0.062431,-0.029891,5.097279,0.000000,0.000000,5.000000,0.119391,0,0
1784416340.516952,ADAPTIVEQF,TRACKING,253,14.947304,24.848154,0.063216,-0.035659,5.096899,0.000000,0.000000,5.000000,0.121067,0,0
1784416340.541928,ADAPTIVEQF,TRACKING,252,14.897916,20.488675,0.063800,-0.039463,5.097020,0.000000,0.000000,5.000000,0.122640,0,0
1784416340.567011,ADAPTIVEQF,TRACKING,253,14.977545,45.651808,0.063800,-0.039463,5.097020,0.000000,0.000000,5.000000,0.122640,0,0
1784416340.591974,ADAPTIVEQF,TRACKING,253,14.998535,24.901243,0.064166,-0.042624,5.096083,0.000000,0.000000,5.000000,0.123150,0,0
1784416340.616932,ADAPTIVEQF,TRACKING,253,15.064734,24.942160,0.064242,-0.045686,5.093490,0.000000,0.000000,5.000000,0.122289,0,0
1784416340.641980,ADAPTIVEQF,TRACKING,252,15.083412,20.654959,0.064008,-0.048592,5.089539,0.000000,0.000000,5.000000,0.120314,0,0
1784416340.667064,ADAPTIVEQF,TRACKING,251,14.958535,45.613195,0.064008,-0.048592,5.089539,0.000000,0.000000,5.000000,0.120314,0,0
1784416340.691886,ADAPTIVEQF,TRACKING,251,16.515920,26.301992,0.062403,-0.053708,5.085723,0.000000,0.000000,5.000000,0.118858,0,0
1784416340.716941,ADAPTIVEQF,TRACKING,242,14.408924,22.857093,0.060871,-0.057310,5.081004,0.000000,0.000000,5.000000,0.116411,0,0
1784416340.741907,ADAPTIVEQF,TRACKING,243,14.516715,20.117057,0.059121,-0.060427,5.076254,0.000000,0.000000,5.000000,0.113848,0,0
1784416340.767004,ADAPTIVEQF,TRACKING,243,14.455875,45.152196,0.059121,-0.060427,5.076254,0.000000,0.000000,5.000000,0.113848,0,0
1784416340.791979,ADAPTIVEQF,TRACKING,251,15.019129,25.449735,0.056441,-0.063427,5.072779,0.000000,0.000000,5.000000,0.111828,0,0
1784416340.816910,ADAPTIVEQF,TRACKING,251,15.033321,24.869616,0.051612,-0.067111,5.071487,0.000000,0.000000,5.000000,0.110806,0,0
1784416340.841933,ADAPTIVEQF,TRACKING,251,14.876482,20.442248,0.046738,-0.070274,5.070332,0.000000,0.000000,5.000000,0.109861,0,0
1784416340.867010,ADAPTIVEQF,TRACKING,251,14.995666,45.637788,0.046738,-0.070274,5.070332,0.000000,0.000000,5.000000,0.109861,0,0
1784416340.891903,ADAPTIVEQF,TRACKING,251,15.090850,24.913216,0.040563,-0.073528,5.068645,0.000000,0.000000,5.000000,0.108461,0,0
1784416340.916925,ADAPTIVEQF,TRACKING,251,14.921843,24.766902,0.035685,-0.075959,5.068652,0.000000,0.000000,5.000000,0.108426,0,0
1784416340.941899,ADAPTIVEQF,TRACKING,250,14.978620,20.540916,0.030853,-0.078213,5.070305,0.000000,0.000000,5.000000,0.109599,0,0
1784416340.966913,ADAPTIVEQF,TRACKING,250,15.238029,45.816954,0.030853,-0.078213,5.070305,0.000000,0.000000,5.000000,0.109599,0,0
1784416340.991939,ADAPTIVEQF,TRACKING,249,15.480129,25.142611,0.026006,-0.080112,5.071079,0.000000,0.000000,5.000000,0.110211,0,0
1784416341.016992,ADAPTIVEQF,TRACKING,245,14.898719,24.386504,0.021197,-0.081685,5.070390,0.000000,0.000000,5.000000,0.109894,0,0
1784416341.041978,ADAPTIVEQF,TRACKING,244,14.526113,20.108514,0.015929,-0.083743,5.071313,0.000000,0.000000,5.000000,0.111140,0,0
1784416341.067017,ADAPTIVEQF,TRACKING,246,14.244477,44.865930,0.015929,-0.083743,5.071313,0.000000,0.000000,5.000000,0.111140,0,0
1784416341.092009,ADAPTIVEQF,TRACKING,252,14.789660,25.426713,0.009198,-0.086047,5.071817,0.000000,0.000000,5.000000,0.112456,0,0
1784416341.117019,ADAPTIVEQF,TRACKING,255,14.802595,24.945755,0.003883,-0.087351,5.071354,0.000000,0.000000,5.000000,0.112857,0,0
1784416341.141969,ADAPTIVEQF,TRACKING,257,14.954966,20.540599,-0.001321,-0.088231,5.070879,0.000000,0.000000,5.000000,0.113182,0,0
1784416341.167017,ADAPTIVEQF,TRACKING,257,14.937254,45.570447,-0.001321,-0.088231,5.070879,0.000000,0.000000,5.000000,0.113182,0,0
1784416341.191977,ADAPTIVEQF,TRACKING,258,15.013734,24.942566,-0.007736,-0.087377,5.074044,0.000000,0.000000,5.000000,0.114792,0,0
1784416341.217044,ADAPTIVEQF,TRACKING,257,15.007551,24.986653,-0.013879,-0.086191,5.076344,0.000000,0.000000,5.000000,0.115974,0,0
1784416341.241966,ADAPTIVEQF,TRACKING,257,14.876534,20.550885,-0.019747,-0.084766,5.076968,0.000000,0.000000,5.000000,0.116187,0,0
1784416341.266913,ADAPTIVEQF,TRACKING,257,14.875151,45.498437,-0.019747,-0.084766,5.076968,0.000000,0.000000,5.000000,0.116187,0,0
1784416341.291978,ADAPTIVEQF,TRACKING,258,15.007571,25.104323,-0.026754,-0.082933,5.078460,0.000000,0.000000,5.000000,0.117259,0,0
1784416341.316913,ADAPTIVEQF,TRACKING,258,15.848793,25.702151,-0.032046,-0.081494,5.081305,0.000000,0.000000,5.000000,0.119494,0,0
1784416341.341968,ADAPTIVEQF,TRACKING,253,14.683211,20.279895,-0.037034,-0.079706,5.083115,0.000000,0.000000,5.000000,0.120965,0,0
1784416341.367014,ADAPTIVEQF,TRACKING,253,15.100270,45.745214,-0.037034,-0.079706,5.083115,0.000000,0.000000,5.000000,0.120965,0,0
1784416341.391983,ADAPTIVEQF,TRACKING,251,14.821437,24.580634,-0.041665,-0.077530,5.083347,0.000000,0.000000,5.000000,0.121218,0,0
1784416341.416970,ADAPTIVEQF,TRACKING,254,14.745763,24.815413,-0.045490,-0.074574,5.084548,0.000000,0.000000,5.000000,0.121569,0,0
1784416341.441916,ADAPTIVEQF,TRACKING,254,14.678372,20.173908,-0.048635,-0.070953,5.086648,0.000000,0.000000,5.000000,0.122097,0,0
1784416341.467028,ADAPTIVEQF,TRACKING,257,15.164994,45.775156,-0.048635,-0.070953,5.086648,0.000000,0.000000,5.000000,0.122097,0,0
1784416341.491987,ADAPTIVEQF,TRACKING,257,14.929513,24.605028,-0.052327,-0.066022,5.086644,0.000000,0.000000,5.000000,0.120847,0,0
1784416341.516919,ADAPTIVEQF,TRACKING,257,15.046022,24.956904,-0.054929,-0.061896,5.085194,0.000000,0.000000,5.000000,0.118771,0,0
1784416341.541980,ADAPTIVEQF,TRACKING,256,14.945760,20.618915,-0.057945,-0.056109,5.085267,0.000000,0.000000,5.000000,0.117372,0,0
1784416341.567015,ADAPTIVEQF,TRACKING,257,14.912602,45.622607,-0.057945,-0.056109,5.085267,0.000000,0.000000,5.000000,0.117372,0,0
1784416341.591982,ADAPTIVEQF,TRACKING,257,15.046116,25.012477,-0.060842,-0.049818,5.086195,0.000000,0.000000,5.000000,0.116676,0,0
1784416341.616951,ADAPTIVEQF,TRACKING,257,14.939836,24.772135,-0.063432,-0.043612,5.086985,0.000000,0.000000,5.000000,0.116155,0,0
1784416341.641966,ADAPTIVEQF,TRACKING,257,15.069008,20.827857,-0.065720,-0.037395,5.086707,0.000000,0.000000,5.000000,0.115046,0,0
1784416341.667016,ADAPTIVEQF,TRACKING,256,14.967264,45.776968,-0.065720,-0.037395,5.086707,0.000000,0.000000,5.000000,0.115046,0,0
1784416341.691976,ADAPTIVEQF,TRACKING,256,14.864485,24.755463,-0.068622,-0.029787,5.089617,0.000000,0.000000,5.000000,0.116736,0,0
1784416341.716875,ADAPTIVEQF,TRACKING,256,15.026167,24.981619,-0.070572,-0.023696,5.090604,0.000000,0.000000,5.000000,0.117265,0,0
1784416341.741913,ADAPTIVEQF,TRACKING,256,14.988930,20.636921,-0.072148,-0.017663,5.091177,0.000000,0.000000,5.000000,0.117603,0,0
1784416341.766972,ADAPTIVEQF,TRACKING,256,14.894103,45.600815,-0.072148,-0.017663,5.091177,0.000000,0.000000,5.000000,0.117603,0,0
1784416341.791975,ADAPTIVEQF,TRACKING,256,14.826422,24.851474,-0.073395,-0.011756,5.092148,0.000000,0.000000,5.000000,0.118390,0,0
1784416341.816975,ADAPTIVEQF,TRACKING,257,14.937097,25.020562,-0.074447,-0.006055,5.094416,0.000000,0.000000,5.000000,0.120389,0,0
1784416341.841967,ADAPTIVEQF,TRACKING,258,14.931483,20.674123,-0.075172,-0.000340,5.095610,0.000000,0.000000,5.000000,0.121624,0,0
1784416341.866917,ADAPTIVEQF,TRACKING,258,14.968832,45.663563,-0.075172,-0.000340,5.095610,0.000000,0.000000,5.000000,0.121624,0,0
1784416341.892011,ADAPTIVEQF,TRACKING,258,15.037957,25.070154,-0.075692,0.006830,5.095090,0.000000,0.000000,5.000000,0.121729,0,0
1784416341.916971,ADAPTIVEQF,TRACKING,258,14.986264,24.832436,-0.075613,0.012068,5.094604,0.000000,0.000000,5.000000,0.121708,0,0
1784416341.941964,ADAPTIVEQF,TRACKING,258,15.065462,20.747504,-0.075110,0.016819,5.094297,0.000000,0.000000,5.000000,0.121722,0,0
1784416341.967036,ADAPTIVEQF,TRACKING,257,15.021450,45.778349,-0.075110,0.016819,5.094297,0.000000,0.000000,5.000000,0.121722,0,0
1784416341.991980,ADAPTIVEQF,TRACKING,257,15.145288,24.974380,-0.074370,0.021558,5.092401,0.000000,0.000000,5.000000,0.120556,0,0
1784416342.017026,ADAPTIVEQF,TRACKING,256,14.864633,24.684924,-0.073393,0.026303,5.089164,0.000000,0.000000,5.000000,0.118443,0,0
1784416342.041974,ADAPTIVEQF,TRACKING,256,14.830756,20.550393,-0.072630,0.032397,5.090009,0.000000,0.000000,5.000000,0.120110,0,0
1784416342.067020,ADAPTIVEQF,TRACKING,257,15.155847,45.924655,-0.072630,0.032397,5.090009,0.000000,0.000000,5.000000,0.120110,0,0
1784416342.091993,ADAPTIVEQF,TRACKING,257,15.586003,25.299145,-0.071485,0.040248,5.091502,0.000000,0.000000,5.000000,0.122892,0,0
1784416342.117008,ADAPTIVEQF,TRACKING,253,14.761222,24.089217,-0.070312,0.046209,5.091074,0.000000,0.000000,5.000000,0.123989,0,0
1784416342.141915,ADAPTIVEQF,TRACKING,252,14.689285,20.185337,-0.068868,0.051830,5.090036,0.000000,0.000000,5.000000,0.124642,0,0
1784416342.166976,ADAPTIVEQF,TRACKING,253,14.822088,45.381837,-0.068868,0.051830,5.090036,0.000000,0.000000,5.000000,0.124642,0,0
1784416342.191966,ADAPTIVEQF,TRACKING,256,14.927757,25.008037,-0.067972,0.056125,5.095294,0.000000,0.000000,5.000000,0.129812,0,0
1784416342.216874,ADAPTIVEQF,TRACKING,256,14.948396,24.832349,-0.066713,0.060037,5.099592,0.000000,0.000000,5.000000,0.134066,0,0
1784416342.241976,ADAPTIVEQF,TRACKING,256,14.846085,20.518694,-0.065099,0.063587,5.102898,0.000000,0.000000,5.000000,0.137365,0,0
1784416342.266969,ADAPTIVEQF,TRACKING,257,14.995101,45.662678,-0.065099,0.063587,5.102898,0.000000,0.000000,5.000000,0.137365,0,0
1784416342.291987,ADAPTIVEQF,TRACKING,257,14.909150,24.850748,-0.062807,0.066321,5.107901,0.000000,0.000000,5.000000,0.141371,0,0
1784416342.316903,ADAPTIVEQF,TRACKING,258,14.947748,24.883011,-0.060696,0.066767,5.111931,0.000000,0.000000,5.000000,0.143772,0,0
1784416342.341908,ADAPTIVEQF,TRACKING,258,15.082401,20.392005,-0.058210,0.066977,5.115983,0.000000,0.000000,5.000000,0.146036,0,0
1784416342.366926,ADAPTIVEQF,TRACKING,258,15.029821,45.356550,-0.058210,0.066977,5.115983,0.000000,0.000000,5.000000,0.146036,0,0
1784416342.391984,ADAPTIVEQF,TRACKING,257,14.978958,24.924016,-0.055474,0.066872,5.119181,0.000000,0.000000,5.000000,0.147490,0,0
1784416342.416990,ADAPTIVEQF,TRACKING,257,15.035862,24.978723,-0.052429,0.065523,5.121417,0.000000,0.000000,5.000000,0.147594,0,0
1784416342.441915,ADAPTIVEQF,TRACKING,257,15.694058,21.235363,-0.049139,0.063064,5.123544,0.000000,0.000000,5.000000,0.147156,0,0
1784416342.466943,ADAPTIVEQF,TRACKING,253,14.832056,45.403244,-0.049139,0.063064,5.123544,0.000000,0.000000,5.000000,0.147156,0,0
1784416342.491907,ADAPTIVEQF,TRACKING,252,15.217284,25.206881,-0.044703,0.059879,5.124981,0.000000,0.000000,5.000000,0.145616,0,0
1784416342.516914,ADAPTIVEQF,TRACKING,249,14.425410,24.126598,-0.040838,0.057230,5.125738,0.000000,0.000000,5.000000,0.144059,0,0
1784416342.541907,ADAPTIVEQF,TRACKING,254,15.375278,20.979776,-0.038026,0.056274,5.128354,0.000000,0.000000,5.000000,0.145215,0,0
1784416342.566927,ADAPTIVEQF,TRACKING,251,14.596538,45.220245,-0.038026,0.056274,5.128354,0.000000,0.000000,5.000000,0.145215,0,0
1784416342.591908,ADAPTIVEQF,TRACKING,254,14.876832,25.177984,-0.035302,0.055622,5.130186,0.000000,0.000000,5.000000,0.145906,0,0
1784416342.616916,ADAPTIVEQF,TRACKING,253,14.663809,24.714042,-0.032314,0.054700,5.130403,0.000000,0.000000,5.000000,0.145056,0,0
1784416342.641909,ADAPTIVEQF,TRACKING,257,15.458055,20.993951,-0.029175,0.053566,5.129570,0.000000,0.000000,5.000000,0.143209,0,0
1784416342.666921,ADAPTIVEQF,TRACKING,254,14.665696,45.214643,-0.029175,0.053566,5.129570,0.000000,0.000000,5.000000,0.143209,0,0
1784416342.691906,ADAPTIVEQF,TRACKING,255,14.784511,25.006297,-0.023370,0.049559,5.127059,0.000000,0.000000,5.000000,0.138370,0,0
1784416342.716916,ADAPTIVEQF,TRACKING,255,14.943618,25.073300,-0.018828,0.046372,5.123243,0.000000,0.000000,5.000000,0.133018,0,0
1784416342.741911,ADAPTIVEQF,TRACKING,258,15.657930,21.193084,-0.014404,0.043192,5.118691,0.000000,0.000000,5.000000,0.127125,0,0
1784416342.766991,ADAPTIVEQF,TRACKING,253,15.268323,45.882185,-0.014404,0.043192,5.118691,0.000000,0.000000,5.000000,0.127125,0,0
1784416342.791923,ADAPTIVEQF,TRACKING,250,14.652691,24.228739,-0.009749,0.040048,5.114126,0.000000,0.000000,5.000000,0.121341,0,0
1784416342.816934,ADAPTIVEQF,TRACKING,250,15.218911,25.467243,-0.004160,0.037086,5.111415,0.000000,0.000000,5.000000,0.117499,0,0
1784416342.841923,ADAPTIVEQF,TRACKING,250,21.365561,26.742634,0.001208,0.034198,5.107069,0.000000,0.000000,5.000000,0.112405,0,0
1784416342.866984,ADAPTIVEQF,TRACKING,219,13.111034,43.546295,0.001208,0.034198,5.107069,0.000000,0.000000,5.000000,0.112405,0,0
1784416342.891964,ADAPTIVEQF,TRACKING,218,12.728010,24.496050,0.007560,0.030794,5.098861,0.000000,0.000000,5.000000,0.103821,0,0
1784416342.916925,ADAPTIVEQF,TRACKING,220,13.637987,25.796011,0.013117,0.028398,5.092230,0.000000,0.000000,5.000000,0.097390,0,0
1784416342.941914,ADAPTIVEQF,TRACKING,249,16.053214,21.470525,0.019005,0.026215,5.087968,0.000000,0.000000,5.000000,0.093738,0,0
1784416342.966938,ADAPTIVEQF,TRACKING,243,14.316475,44.760311,0.019005,0.026215,5.087968,0.000000,0.000000,5.000000,0.093738,0,0
1784416342.991976,ADAPTIVEQF,TRACKING,242,14.087382,24.712827,0.024471,0.024003,5.083210,0.000000,0.000000,5.000000,0.089994,0,0
1784416343.016962,ADAPTIVEQF,TRACKING,247,14.470264,25.283299,0.029519,0.021673,5.076667,0.000000,0.000000,5.000000,0.084964,0,0
1784416343.041909,ADAPTIVEQF,TRACKING,256,14.809989,20.469317,0.033583,0.018338,5.073864,0.000000,0.000000,5.000000,0.083187,0,0
1784416343.066929,ADAPTIVEQF,TRACKING,257,14.977065,45.658509,0.033583,0.018338,5.073864,0.000000,0.000000,5.000000,0.083187,0,0
1784416343.091966,ADAPTIVEQF,TRACKING,257,14.896299,24.862750,0.037949,0.013831,5.072445,0.000000,0.000000,5.000000,0.082944,0,0
1784416343.116923,ADAPTIVEQF,TRACKING,258,15.096240,25.094173,0.041158,0.010267,5.071674,0.000000,0.000000,5.000000,0.083286,0,0
1784416343.141967,ADAPTIVEQF,TRACKING,257,14.955689,20.685837,0.044138,0.006661,5.070980,0.000000,0.000000,5.000000,0.083849,0,0
1784416343.166973,ADAPTIVEQF,TRACKING,257,15.007541,45.746529,0.044138,0.006661,5.070980,0.000000,0.000000,5.000000,0.083849,0,0
1784416343.191979,ADAPTIVEQF,TRACKING,256,15.003502,24.906261,0.047507,0.004922,5.073670,0.000000,0.000000,5.000000,0.087798,0,0
1784416343.216975,ADAPTIVEQF,TRACKING,256,14.863345,24.761362,0.050657,0.003260,5.075383,0.000000,0.000000,5.000000,0.090881,0,0
1784416343.241923,ADAPTIVEQF,TRACKING,257,14.918541,20.442571,0.053536,0.001698,5.076771,0.000000,0.000000,5.000000,0.093610,0,0
1784416343.266980,ADAPTIVEQF,TRACKING,257,14.936007,45.519655,0.053536,0.001698,5.076771,0.000000,0.000000,5.000000,0.093610,0,0
1784416343.291970,ADAPTIVEQF,TRACKING,258,15.075172,25.040623,0.055012,-0.001814,5.080416,0.000000,0.000000,5.000000,0.097450,0,0
1784416343.316925,ADAPTIVEQF,TRACKING,257,15.084481,24.872139,0.053986,-0.006357,5.085165,0.000000,0.000000,5.000000,0.101034,0,0
1784416343.341925,ADAPTIVEQF,TRACKING,256,14.938637,20.568754,0.052954,-0.010582,5.088956,0.000000,0.000000,5.000000,0.104064,0,0
1784416343.366973,ADAPTIVEQF,TRACKING,256,14.939051,45.616447,0.052954,-0.010582,5.088956,0.000000,0.000000,5.000000,0.104064,0,0
1784416343.391984,ADAPTIVEQF,TRACKING,256,14.874189,24.864741,0.051912,-0.014538,5.091009,0.000000,0.000000,5.000000,0.105778,0,0
1784416343.416936,ADAPTIVEQF,TRACKING,257,14.937457,24.909900,0.050867,-0.017652,5.094250,0.000000,0.000000,5.000000,0.108546,0,0
1784416343.441923,ADAPTIVEQF,TRACKING,257,15.217566,20.743462,0.049761,-0.019972,5.097808,0.000000,0.000000,5.000000,0.111541,0,0
1784416343.467027,ADAPTIVEQF,TRACKING,256,14.841543,45.475732,0.049761,-0.019972,5.097808,0.000000,0.000000,5.000000,0.111541,0,0
1784416343.491934,ADAPTIVEQF,TRACKING,256,15.618063,25.554705,0.048106,-0.022754,5.101869,0.000000,0.000000,5.000000,0.114931,0,0
1784416343.516970,ADAPTIVEQF,TRACKING,252,14.556999,23.877459,0.046504,-0.024814,5.105100,0.000000,0.000000,5.000000,0.117577,0,0
1784416343.541923,ADAPTIVEQF,TRACKING,254,14.702332,20.260099,0.045123,-0.025702,5.111454,0.000000,0.000000,5.000000,0.122958,0,0
1784416343.566987,ADAPTIVEQF,TRACKING,254,14.774901,45.398060,0.045123,-0.025702,5.111454,0.000000,0.000000,5.000000,0.122958,0,0
1784416343.591975,ADAPTIVEQF,TRACKING,258,14.910217,25.023857,0.043732,-0.026239,5.115302,0.000000,0.000000,5.000000,0.126077,0,0
1784416343.616973,ADAPTIVEQF,TRACKING,258,14.911463,24.919350,0.042160,-0.026703,5.116841,0.000000,0.000000,5.000000,0.127053,0,0
1784416343.641973,ADAPTIVEQF,TRACKING,258,15.073885,20.515931,0.040487,-0.027027,5.117777,0.000000,0.000000,5.000000,0.127440,0,0
1784416343.666937,ADAPTIVEQF,TRACKING,258,16.008735,46.418403,0.040487,-0.027027,5.117777,0.000000,0.000000,5.000000,0.127440,0,0
1784416343.691978,ADAPTIVEQF,TRACKING,252,14.677417,23.605792,0.035525,-0.028315,5.118599,0.000000,0.000000,5.000000,0.127002,0,0
1784416343.717021,ADAPTIVEQF,TRACKING,251,14.539350,24.815297,0.031682,-0.029202,5.116459,0.000000,0.000000,5.000000,0.124174,0,0
1784416343.741965,ADAPTIVEQF,TRACKING,252,14.647760,20.380588,0.027955,-0.029980,5.112098,0.000000,0.000000,5.000000,0.119358,0,0
1784416343.766942,ADAPTIVEQF,TRACKING,258,15.220235,45.931719,0.027955,-0.029980,5.112098,0.000000,0.000000,5.000000,0.119358,0,0
1784416343.791978,ADAPTIVEQF,TRACKING,257,15.351086,25.063339,0.024772,-0.030268,5.107169,0.000000,0.000000,5.000000,0.114084,0,0
1784416343.816978,ADAPTIVEQF,TRACKING,254,15.252505,24.816634,0.022793,-0.029508,5.105016,0.000000,0.000000,5.000000,0.111439,0,0
1784416343.841933,ADAPTIVEQF,TRACKING,251,15.035297,20.509913,0.020811,-0.028696,5.102627,0.000000,0.000000,5.000000,0.108577,0,0
1784416343.867004,ADAPTIVEQF,TRACKING,250,14.515974,45.060893,0.020811,-0.028696,5.102627,0.000000,0.000000,5.000000,0.108577,0,0
1784416343.891968,ADAPTIVEQF,TRACKING,252,14.642099,25.009559,0.018271,-0.027778,5.098787,0.000000,0.000000,5.000000,0.104232,0,0
1784416343.916982,ADAPTIVEQF,TRACKING,255,14.886221,25.171649,0.015684,-0.027125,5.098944,0.000000,0.000000,5.000000,0.103787,0,0
1784416343.941973,ADAPTIVEQF,TRACKING,257,14.932919,20.521409,0.012641,-0.026441,5.101039,0.000000,0.000000,5.000000,0.105204,0,0
1784416343.966997,ADAPTIVEQF,TRACKING,257,15.001327,45.618389,0.012641,-0.026441,5.101039,0.000000,0.000000,5.000000,0.105204,0,0
1784416343.991973,ADAPTIVEQF,TRACKING,257,15.013682,24.846325,0.009680,-0.025649,5.102018,0.000000,0.000000,5.000000,0.105638,0,0
1784416344.016969,ADAPTIVEQF,TRACKING,257,15.002606,24.908475,0.006809,-0.024672,5.102604,0.000000,0.000000,5.000000,0.105748,0,0
1784416344.041938,ADAPTIVEQF,TRACKING,256,14.949626,20.591136,0.004423,-0.024994,5.105994,0.000000,0.000000,5.000000,0.108991,0,0
1784416344.066972,ADAPTIVEQF,TRACKING,256,14.802742,45.479050,0.004423,-0.024994,5.105994,0.000000,0.000000,5.000000,0.108991,0,0
1784416344.091973,ADAPTIVEQF,TRACKING,257,14.940302,25.043892,0.001645,-0.025564,5.109690,0.000000,0.000000,5.000000,0.112642,0,0
1784416344.116937,ADAPTIVEQF,TRACKING,258,15.548923,25.495003,-0.000556,-0.025604,5.110130,0.000000,0.000000,5.000000,0.113069,0,0
1784416344.141929,ADAPTIVEQF,TRACKING,255,14.749122,20.330099,-0.002771,-0.025356,5.108622,0.000000,0.000000,5.000000,0.111576,0,0
1784416344.166944,ADAPTIVEQF,TRACKING,255,14.863502,45.460919,-0.002771,-0.025356,5.108622,0.000000,0.000000,5.000000,0.111576,0,0
1784416344.191936,ADAPTIVEQF,TRACKING,255,14.868229,24.903382,-0.004613,-0.021811,5.111031,0.000000,0.000000,5.000000,0.113247,0,0
1784416344.216933,ADAPTIVEQF,TRACKING,257,14.966896,24.996254,-0.006423,-0.018338,5.111591,0.000000,0.000000,5.000000,0.113270,0,0
1784416344.241971,ADAPTIVEQF,TRACKING,257,15.011606,20.678174,-0.008190,-0.014986,5.110561,0.000000,0.000000,5.000000,0.111872,0,0
1784416344.266945,ADAPTIVEQF,TRACKING,257,14.929224,45.571035,-0.008190,-0.014986,5.110561,0.000000,0.000000,5.000000,0.111872,0,0
1784416344.291941,ADAPTIVEQF,TRACKING,257,15.010169,24.973382,-0.010368,-0.011452,5.109989,0.000000,0.000000,5.000000,0.111068,0,0
1784416344.316937,ADAPTIVEQF,TRACKING,257,14.946010,24.840170,-0.012092,-0.009378,5.110266,0.000000,0.000000,5.000000,0.111322,0,0
1784416344.341974,ADAPTIVEQF,TRACKING,257,15.044538,20.798954,-0.013593,-0.007371,5.108395,0.000000,0.000000,5.000000,0.109492,0,0
1784416344.366996,ADAPTIVEQF,TRACKING,256,14.994333,45.771849,-0.013593,-0.007371,5.108395,0.000000,0.000000,5.000000,0.109492,0,0
1784416344.391985,ADAPTIVEQF,TRACKING,256,15.002260,24.910956,-0.014822,-0.005300,5.104485,0.000000,0.000000,5.000000,0.105664,0,0
1784416344.416970,ADAPTIVEQF,TRACKING,256,14.863373,24.750575,-0.015993,-0.003660,5.101272,0.000000,0.000000,5.000000,0.102592,0,0
1784416344.441932,ADAPTIVEQF,TRACKING,256,14.927530,20.524946,-0.017149,-0.002483,5.099078,0.000000,0.000000,5.000000,0.100581,0,0
1784416344.466944,ADAPTIVEQF,TRACKING,257,15.011299,45.623075,-0.017149,-0.002483,5.099078,0.000000,0.000000,5.000000,0.100581,0,0
1784416344.491970,ADAPTIVEQF,TRACKING,257,15.003684,24.910979,-0.018355,-0.000605,5.095979,0.000000,0.000000,5.000000,0.097720,0,0
1784416344.516943,ADAPTIVEQF,TRACKING,256,14.809897,24.696903,-0.019165,0.001159,5.093528,0.000000,0.000000,5.000000,0.095479,0,0
1784416344.541977,ADAPTIVEQF,TRACKING,257,14.956488,20.541291,-0.020922,0.001646,5.092107,0.000000,0.000000,5.000000,0.094468,0,0
1784416344.567038,ADAPTIVEQF,TRACKING,257,14.909742,45.554974,-0.020922,0.001646,5.092107,0.000000,0.000000,5.000000,0.094468,0,0
1784416344.591971,ADAPTIVEQF,TRACKING,258,15.005970,24.942982,-0.022829,0.001888,5.089790,0.000000,0.000000,5.000000,0.092666,0,0
1784416344.617064,ADAPTIVEQF,TRACKING,258,14.906337,24.908813,-0.024543,0.002271,5.085905,0.000000,0.000000,5.000000,0.089371,0,0
1784416344.641978,ADAPTIVEQF,TRACKING,258,15.073787,20.690504,-0.026124,0.002733,5.080708,0.000000,0.000000,5.000000,0.084875,0,0
1784416344.667080,ADAPTIVEQF,TRACKING,258,15.061873,45.780447,-0.026124,0.002733,5.080708,0.000000,0.000000,5.000000,0.084875,0,0
1784416344.691973,ADAPTIVEQF,TRACKING,257,15.030385,24.758462,-0.027908,0.001901,5.078195,0.000000,0.000000,5.000000,0.083048,0,0
1784416344.717062,ADAPTIVEQF,TRACKING,256,14.985383,24.959438,-0.029261,0.001336,5.074788,0.000000,0.000000,5.000000,0.080319,0,0
1784416344.741965,ADAPTIVEQF,TRACKING,256,15.218293,20.810658,-0.030561,0.000852,5.071441,0.000000,0.000000,5.000000,0.077708,0,0
1784416344.767000,ADAPTIVEQF,TRACKING,255,15.161782,45.789859,-0.030561,0.000852,5.071441,0.000000,0.000000,5.000000,0.077708,0,0
1784416344.791971,ADAPTIVEQF,TRACKING,253,14.773625,24.491534,-0.031757,0.000260,5.068629,0.000000,0.000000,5.000000,0.075620,0,0
1784416344.816977,ADAPTIVEQF,TRACKING,253,15.359358,25.507388,-0.032837,-0.000711,5.068635,0.000000,0.000000,5.000000,0.076090,0,0
1784416344.841981,ADAPTIVEQF,TRACKING,252,15.167268,20.615765,-0.033929,-0.001601,5.067050,0.000000,0.000000,5.000000,0.075162,0,0
1784416344.867046,ADAPTIVEQF,TRACKING,250,14.574851,45.088927,-0.033929,-0.001601,5.067050,0.000000,0.000000,5.000000,0.075162,0,0
1784416344.891945,ADAPTIVEQF,TRACKING,251,14.789202,25.014129,-0.035175,-0.002644,5.062735,0.000000,0.000000,5.000000,0.071971,0,0
1784416344.916967,ADAPTIVEQF,TRACKING,253,14.805537,24.955596,-0.036542,-0.003268,5.059041,0.000000,0.000000,5.000000,0.069511,0,0
1784416344.941936,ADAPTIVEQF,TRACKING,256,15.137885,20.638496,-0.038214,-0.003629,5.056023,0.000000,0.000000,5.000000,0.067912,0,0
1784416344.966957,ADAPTIVEQF,TRACKING,254,14.736487,45.261824,-0.038214,-0.003629,5.056023,0.000000,0.000000,5.000000,0.067912,0,0
1784416344.991950,ADAPTIVEQF,TRACKING,256,15.011449,25.124468,-0.039652,-0.003952,5.052398,0.000000,0.000000,5.000000,0.065829,0,0
1784416345.016976,ADAPTIVEQF,TRACKING,255,15.073869,25.005008,-0.040827,-0.004250,5.048472,0.000000,0.000000,5.000000,0.063518,0,0
1784416345.041976,ADAPTIVEQF,TRACKING,256,14.852858,20.477544,-0.041907,-0.004074,5.047425,0.000000,0.000000,5.000000,0.063419,0,0
1784416345.067050,ADAPTIVEQF,TRACKING,256,15.468824,46.171212,-0.041907,-0.004074,5.047425,0.000000,0.000000,5.000000,0.063419,0,0
1784416345.091984,ADAPTIVEQF,TRACKING,253,14.756462,24.122222,-0.042897,-0.003654,5.046674,0.000000,0.000000,5.000000,0.063498,0,0
1784416345.116982,ADAPTIVEQF,TRACKING,254,14.673435,24.838930,-0.043387,-0.003237,5.046315,0.000000,0.000000,5.000000,0.063545,0,0
1784416345.141965,ADAPTIVEQF,TRACKING,254,14.707802,20.209151,-0.043688,-0.002785,5.046949,0.000000,0.000000,5.000000,0.064192,0,0
1784416345.166949,ADAPTIVEQF,TRACKING,258,15.568358,46.056588,-0.043688,-0.002785,5.046949,0.000000,0.000000,5.000000,0.064192,0,0
1784416345.191969,ADAPTIVEQF,TRACKING,255,14.742258,24.107749,-0.044091,-0.001943,5.051031,0.000000,0.000000,5.000000,0.067468,0,0
1784416345.216979,ADAPTIVEQF,TRACKING,255,14.791199,24.983860,-0.044297,-0.001157,5.053450,0.000000,0.000000,5.000000,0.069430,0,0
1784416345.241945,ADAPTIVEQF,TRACKING,255,14.725900,20.335122,-0.044209,-0.000497,5.055431,0.000000,0.000000,5.000000,0.070904,0,0
1784416345.266984,ADAPTIVEQF,TRACKING,259,14.977100,45.628526,-0.044209,-0.000497,5.055431,0.000000,0.000000,5.000000,0.070904,0,0
1784416345.291967,ADAPTIVEQF,TRACKING,259,15.046309,24.974576,-0.044380,0.000126,5.060815,0.000000,0.000000,5.000000,0.075286,0,0
1784416345.316995,ADAPTIVEQF,TRACKING,259,15.059521,24.969348,-0.045034,0.000472,5.067149,0.000000,0.000000,5.000000,0.080854,0,0
1784416345.341969,ADAPTIVEQF,TRACKING,258,14.912186,20.566744,-0.045493,0.000731,5.071729,0.000000,0.000000,5.000000,0.084943,0,0
1784416345.366975,ADAPTIVEQF,TRACKING,258,14.973071,45.635784,-0.045493,0.000731,5.071729,0.000000,0.000000,5.000000,0.084943,0,0
1784416345.391971,ADAPTIVEQF,TRACKING,258,14.937849,24.880058,-0.045721,0.000967,5.075986,0.000000,0.000000,5.000000,0.088686,0,0
1784416345.416973,ADAPTIVEQF,TRACKING,259,15.031309,25.024370,-0.046228,0.001005,5.080588,0.000000,0.000000,5.000000,0.092911,0,0
1784416345.441947,ADAPTIVEQF,TRACKING,258,14.958276,20.474541,-0.046940,0.000846,5.084306,0.000000,0.000000,5.000000,0.096497,0,0
1784416345.466990,ADAPTIVEQF,TRACKING,258,15.027497,45.589509,-0.046940,0.000846,5.084306,0.000000,0.000000,5.000000,0.096497,0,0
1784416345.491971,ADAPTIVEQF,TRACKING,258,15.002504,24.859337,-0.047343,0.000629,5.085325,0.000000,0.000000,5.000000,0.097581,0,0
1784416345.516975,ADAPTIVEQF,TRACKING,258,14.954618,24.864324,-0.047326,0.000467,5.085142,0.000000,0.000000,5.000000,0.097412,0,0
1784416345.541977,ADAPTIVEQF,TRACKING,258,14.916756,20.485086,-0.048357,0.001514,5.086602,0.000000,0.000000,5.000000,0.099200,0,0
1784416345.567001,ADAPTIVEQF,TRACKING,258,14.963683,45.558782,-0.048357,0.001514,5.086602,0.000000,0.000000,5.000000,0.099200,0,0
1784416345.591976,ADAPTIVEQF,TRACKING,258,14.960048,24.884319,-0.049388,0.002811,5.087331,0.000000,0.000000,5.000000,0.100368,0,0
1784416345.616971,ADAPTIVEQF,TRACKING,258,15.015660,24.979902,-0.049952,0.004009,5.086843,0.000000,0.000000,5.000000,0.100264,0,0
1784416345.641965,ADAPTIVEQF,TRACKING,258,15.006740,20.713599,-0.050103,0.005130,5.085828,0.000000,0.000000,5.000000,0.099515,0,0
1784416345.666971,ADAPTIVEQF,TRACKING,258,15.036429,45.751574,-0.050103,0.005130,5.085828,0.000000,0.000000,5.000000,0.099515,0,0
1784416345.691988,ADAPTIVEQF,TRACKING,257,14.927353,24.819651,-0.050719,0.003752,5.088387,0.000000,0.000000,5.000000,0.101974,0,0
1784416345.716976,ADAPTIVEQF,TRACKING,257,14.993766,24.986317,-0.050867,0.002775,5.089139,0.000000,0.000000,5.000000,0.102669,0,0
1784416345.741971,ADAPTIVEQF,TRACKING,257,15.016399,20.655715,-0.050699,0.001905,5.090239,0.000000,0.000000,5.000000,0.103523,0,0
1784416345.766961,ADAPTIVEQF,TRACKING,257,14.935369,45.567467,-0.050699,0.001905,5.090239,0.000000,0.000000,5.000000,0.103523,0,0
1784416345.791976,ADAPTIVEQF,TRACKING,257,15.129834,25.103897,-0.050117,0.001105,5.092834,0.000000,0.000000,5.000000,0.105504,0,0
1784416345.816971,ADAPTIVEQF,TRACKING,256,14.892825,24.659505,-0.048878,0.000043,5.098590,0.000000,0.000000,5.000000,0.110041,0,0
1784416345.841946,ADAPTIVEQF,TRACKING,256,14.858395,20.569668,-0.047511,-0.000915,5.102910,0.000000,0.000000,5.000000,0.113352,0,0
1784416345.866957,ADAPTIVEQF,TRACKING,257,15.021088,45.746641,-0.047511,-0.000915,5.102910,0.000000,0.000000,5.000000,0.113352,0,0
1784416345.891989,ADAPTIVEQF,TRACKING,257,15.143908,25.050619,-0.045693,-0.002022,5.106282,0.000000,0.000000,5.000000,0.115706,0,0
1784416345.916997,ADAPTIVEQF,TRACKING,256,14.995064,24.757709,-0.043946,-0.002249,5.108458,0.000000,0.000000,5.000000,0.117044,0,0
1784416345.941966,ADAPTIVEQF,TRACKING,255,14.859699,20.427123,-0.041940,-0.001843,5.111059,0.000000,0.000000,5.000000,0.118729,0,0
1784416345.966963,ADAPTIVEQF,TRACKING,256,15.086280,45.653216,-0.041940,-0.001843,5.111059,0.000000,0.000000,5.000000,0.118729,0,0
1784416345.991952,ADAPTIVEQF,TRACKING,256,14.922835,24.725189,-0.039902,-0.001436,5.112471,0.000000,0.000000,5.000000,0.119348,0,0
1784416346.016951,ADAPTIVEQF,TRACKING,256,14.856397,24.845664,-0.037864,-0.001016,5.112534,0.000000,0.000000,5.000000,0.118737,0,0
1784416346.041988,ADAPTIVEQF,TRACKING,256,14.835996,20.507171,-0.035570,-0.002520,5.114334,0.000000,0.000000,5.000000,0.119766,0,0
1784416346.066962,ADAPTIVEQF,TRACKING,258,15.043206,45.690726,-0.035570,-0.002520,5.114334,0.000000,0.000000,5.000000,0.119766,0,0
1784416346.091952,ADAPTIVEQF,TRACKING,258,16.028730,25.891238,-0.032690,-0.004937,5.115530,0.000000,0.000000,5.000000,0.120168,0,0
1784416346.116951,ADAPTIVEQF,TRACKING,252,14.609381,23.494259,-0.030446,-0.006629,5.114367,0.000000,0.000000,5.000000,0.118536,0,0
1784416346.141955,ADAPTIVEQF,TRACKING,252,14.670713,20.138056,-0.028223,-0.008122,5.112836,0.000000,0.000000,5.000000,0.116595,0,0
1784416346.166963,ADAPTIVEQF,TRACKING,252,14.672942,45.149088,-0.028223,-0.008122,5.112836,0.000000,0.000000,5.000000,0.116595,0,0
1784416346.191966,ADAPTIVEQF,TRACKING,258,15.032000,25.266425,-0.027132,-0.008965,5.114798,0.000000,0.000000,5.000000,0.118300,0,0
1784416346.216955,ADAPTIVEQF,TRACKING,257,14.878704,24.755314,-0.026006,-0.009614,5.114937,0.000000,0.000000,5.000000,0.118234,0,0
1784416346.241951,ADAPTIVEQF,TRACKING,258,14.937663,20.510611,-0.024871,-0.010087,5.112854,0.000000,0.000000,5.000000,0.116001,0,0
1784416346.266956,ADAPTIVEQF,TRACKING,258,15.023946,45.603152,-0.024871,-0.010087,5.112854,0.000000,0.000000,5.000000,0.116001,0,0
1784416346.291961,ADAPTIVEQF,TRACKING,258,15.144666,25.028551,-0.024064,-0.009522,5.111321,0.000000,0.000000,5.000000,0.114289,0,0
1784416346.316955,ADAPTIVEQF,TRACKING,257,14.930678,24.684666,-0.023978,-0.007897,5.111662,0.000000,0.000000,5.000000,0.114480,0,0
1784416346.341956,ADAPTIVEQF,TRACKING,257,14.945225,20.591385,-0.023744,-0.006304,5.111178,0.000000,0.000000,5.000000,0.113860,0,0
1784416346.366959,ADAPTIVEQF,TRACKING,257,14.989400,45.640666,-0.023744,-0.006304,5.111178,0.000000,0.000000,5.000000,0.113860,0,0
1784416346.391986,ADAPTIVEQF,TRACKING,257,15.012072,24.953653,-0.023329,-0.004736,5.108879,0.000000,0.000000,5.000000,0.111451,0,0
1784416346.416967,ADAPTIVEQF,TRACKING,257,15.639382,25.535808,-0.023279,-0.002528,5.108782,0.000000,0.000000,5.000000,0.111273,0,0
1784416346.441972,ADAPTIVEQF,TRACKING,253,14.732086,20.280165,-0.023493,0.000237,5.110600,0.000000,0.000000,5.000000,0.113067,0,0
1784416346.466964,ADAPTIVEQF,TRACKING,253,14.832554,45.376141,-0.023493,0.000237,5.110600,0.000000,0.000000,5.000000,0.113067,0,0
1784416346.491958,ADAPTIVEQF,TRACKING,253,14.775209,24.818310,-0.023430,0.003490,5.109832,0.000000,0.000000,5.000000,0.112357,0,0
1784416346.516961,ADAPTIVEQF,TRACKING,256,14.877993,25.022223,-0.023128,0.005821,5.107160,0.000000,0.000000,5.000000,0.109781,0,0
1784416346.541969,ADAPTIVEQF,TRACKING,256,15.049093,20.725208,-0.022815,0.008820,5.107068,0.000000,0.000000,5.000000,0.109827,0,0
1784416346.566967,ADAPTIVEQF,TRACKING,256,14.901764,45.578433,-0.022815,0.008820,5.107068,0.000000,0.000000,5.000000,0.109827,0,0
1784416346.591960,ADAPTIVEQF,TRACKING,256,14.942785,24.929126,-0.022476,0.011853,5.106776,0.000000,0.000000,5.000000,0.109758,0,0
1784416346.616964,ADAPTIVEQF,TRACKING,256,14.865737,24.850872,-0.022110,0.014609,5.104828,0.000000,0.000000,5.000000,0.108126,0,0
1784416346.641965,ADAPTIVEQF,TRACKING,257,14.899835,20.544620,-0.021713,0.017030,5.101275,0.000000,0.000000,5.000000,0.104967,0,0
1784416346.666963,ADAPTIVEQF,TRACKING,258,14.920219,45.564394,-0.021713,0.017030,5.101275,0.000000,0.000000,5.000000,0.104967,0,0
1784416346.691972,ADAPTIVEQF,TRACKING,258,15.902840,25.902674,-0.019430,0.017630,5.103618,0.000000,0.000000,5.000000,0.106888,0,0
1784416346.716969,ADAPTIVEQF,TRACKING,253,15.278028,24.272177,-0.017671,0.018055,5.102793,0.000000,0.000000,5.000000,0.105852,0,0
1784416346.741961,ADAPTIVEQF,TRACKING,250,14.444347,20.146650,-0.016028,0.018401,5.100668,0.000000,0.000000,5.000000,0.103584,0,0
1784416346.766984,ADAPTIVEQF,TRACKING,250,15.107316,45.840777,-0.016028,0.018401,5.100668,0.000000,0.000000,5.000000,0.103584,0,0
1784416346.791975,ADAPTIVEQF,TRACKING,251,14.624923,24.410880,-0.014377,0.018995,5.099392,0.000000,0.000000,5.000000,0.102207,0,0
1784416346.816962,ADAPTIVEQF,TRACKING,254,14.794019,25.075722,-0.012284,0.020790,5.099145,0.000000,0.000000,5.000000,0.102044,0,0
1784416346.841977,ADAPTIVEQF,TRACKING,254,14.806272,20.575563,-0.010237,0.022350,5.097641,0.000000,0.000000,5.000000,0.100688,0,0
1784416346.866972,ADAPTIVEQF,TRACKING,257,14.955388,45.720938,-0.010237,0.022350,5.097641,0.000000,0.000000,5.000000,0.100688,0,0
1784416346.891967,ADAPTIVEQF,TRACKING,257,15.063961,25.006808,-0.008199,0.023709,5.094890,0.000000,0.000000,5.000000,0.098150,0,0
1784416346.916985,ADAPTIVEQF,TRACKING,256,14.922725,24.804432,-0.005921,0.025246,5.094607,0.000000,0.000000,5.000000,0.098097,0,0
1784416346.941955,ADAPTIVEQF,TRACKING,256,14.905019,20.611440,-0.004327,0.026388,5.097451,0.000000,0.000000,5.000000,0.101053,0,0
1784416346.967023,ADAPTIVEQF,TRACKING,256,14.938971,45.717380,-0.004327,0.026388,5.097451,0.000000,0.000000,5.000000,0.101053,0,0
1784416346.991975,ADAPTIVEQF,TRACKING,257,15.029612,24.937561,-0.002727,0.027322,5.099777,0.000000,0.000000,5.000000,0.103486,0,0
1784416347.016980,ADAPTIVEQF,TRACKING,257,14.960275,24.856500,-0.001115,0.028052,5.101032,0.000000,0.000000,5.000000,0.104860,0,0
1784416347.041986,ADAPTIVEQF,TRACKING,257,15.000800,20.612843,-0.000379,0.028605,5.102414,0.000000,0.000000,5.000000,0.106334,0,0
1784416347.066973,ADAPTIVEQF,TRACKING,257,15.513275,46.112446,-0.000379,0.028605,5.102414,0.000000,0.000000,5.000000,0.106334,0,0
1784416347.091983,ADAPTIVEQF,TRACKING,254,14.813580,24.213352,0.000225,0.029001,5.104006,0.000000,0.000000,5.000000,0.107974,0,0
1784416347.117079,ADAPTIVEQF,TRACKING,254,15.363921,25.572828,0.001056,0.029386,5.104516,0.000000,0.000000,5.000000,0.108574,0,0
1784416347.141968,ADAPTIVEQF,TRACKING,251,14.499339,20.239962,0.001715,0.029600,5.102992,0.000000,0.000000,5.000000,0.107174,0,0
1784416347.167073,ADAPTIVEQF,TRACKING,254,14.944751,45.793441,0.001715,0.029600,5.102992,0.000000,0.000000,5.000000,0.107174,0,0
1784416347.191981,ADAPTIVEQF,TRACKING,254,14.883436,24.755702,0.003633,0.028690,5.104452,0.000000,0.000000,5.000000,0.108381,0,0
1784416347.216998,ADAPTIVEQF,TRACKING,256,15.610160,25.668619,0.005377,0.027648,5.105297,0.000000,0.000000,5.000000,0.108999,0,0
1784416347.241966,ADAPTIVEQF,TRACKING,252,15.173416,20.783189,0.006970,0.026603,5.105434,0.000000,0.000000,5.000000,0.108961,0,0
1784416347.266974,ADAPTIVEQF,TRACKING,250,14.513553,45.132682,0.006970,0.026603,5.105434,0.000000,0.000000,5.000000,0.108961,0,0
1784416347.291965,ADAPTIVEQF,TRACKING,251,16.263768,26.660127,0.008485,0.025516,5.104815,0.000000,0.000000,5.000000,0.108209,0,0
1784416347.316974,ADAPTIVEQF,TRACKING,245,14.234037,22.865215,0.010318,0.024014,5.105776,0.000000,0.000000,5.000000,0.108957,0,0
1784416347.341971,ADAPTIVEQF,TRACKING,248,14.372023,19.949217,0.011488,0.022729,5.105860,0.000000,0.000000,5.000000,0.108880,0,0
1784416347.366988,ADAPTIVEQF,TRACKING,248,14.515558,45.112969,0.011488,0.022729,5.105860,0.000000,0.000000,5.000000,0.108880,0,0
1784416347.391975,ADAPTIVEQF,TRACKING,257,15.849379,26.206238,0.012451,0.021386,5.105078,0.000000,0.000000,5.000000,0.107952,0,0
1784416347.416991,ADAPTIVEQF,TRACKING,252,14.714961,23.782848,0.013868,0.021201,5.104926,0.000000,0.000000,5.000000,0.107941,0,0
1784416347.441961,ADAPTIVEQF,TRACKING,251,14.709454,20.213436,0.015716,0.022043,5.104928,0.000000,0.000000,5.000000,0.108364,0,0
1784416347.466979,ADAPTIVEQF,TRACKING,251,15.806707,46.331959,0.015716,0.022043,5.104928,0.000000,0.000000,5.000000,0.108364,0,0
1784416347.491974,ADAPTIVEQF,TRACKING,250,14.548365,23.618749,0.017390,0.022711,5.103916,0.000000,0.000000,5.000000,0.107781,0,0
1784416347.516982,ADAPTIVEQF,TRACKING,250,14.548043,24.922701,0.019316,0.023328,5.101898,0.000000,0.000000,5.000000,0.106304,0,0
1784416347.541971,ADAPTIVEQF,TRACKING,250,14.587653,20.222069,0.019306,0.022308,5.103276,0.000000,0.000000,5.000000,0.107407,0,0
1784416347.566980,ADAPTIVEQF,TRACKING,257,15.156447,45.802826,0.019306,0.022308,5.103276,0.000000,0.000000,5.000000,0.107407,0,0
1784416347.591982,ADAPTIVEQF,TRACKING,256,14.910934,24.660833,0.018906,0.020878,5.104756,0.000000,0.000000,5.000000,0.108477,0,0
1784416347.616973,ADAPTIVEQF,TRACKING,256,15.013061,25.023002,0.018637,0.019544,5.103843,0.000000,0.000000,5.000000,0.107297,0,0
1784416347.641971,ADAPTIVEQF,TRACKING,255,14.700857,20.428355,0.018452,0.018289,5.101489,0.000000,0.000000,5.000000,0.104761,0,0
1784416347.666979,ADAPTIVEQF,TRACKING,257,15.527162,46.266160,0.018452,0.018289,5.101489,0.000000,0.000000,5.000000,0.104761,0,0
1784416347.691970,ADAPTIVEQF,TRACKING,254,14.805112,24.159994,0.018112,0.019277,5.103518,0.000000,0.000000,5.000000,0.106844,0,0
1784416347.716972,ADAPTIVEQF,TRACKING,255,15.339903,25.445054,0.017784,0.020412,5.104817,0.000000,0.000000,5.000000,0.108257,0,0
1784416347.741969,ADAPTIVEQF,TRACKING,251,14.607651,20.135436,0.017572,0.021225,5.103853,0.000000,0.000000,5.000000,0.107447,0,0
1784416347.766992,ADAPTIVEQF,TRACKING,254,14.815344,45.369641,0.017572,0.021225,5.103853,0.000000,0.000000,5.000000,0.107447,0,0
1784416347.791981,ADAPTIVEQF,TRACKING,254,14.798032,24.854151,0.017081,0.022692,5.101773,0.000000,0.000000,5.000000,0.105662,0,0
1784416347.816973,ADAPTIVEQF,TRACKING,257,14.968841,25.061271,0.015734,0.026117,5.101019,0.000000,0.000000,5.000000,0.105521,0,0
1784416347.841973,ADAPTIVEQF,TRACKING,257,15.071609,20.782074,0.014550,0.029027,5.099185,0.000000,0.000000,5.000000,0.104364,0,0
1784416347.866982,ADAPTIVEQF,TRACKING,256,15.013091,45.735085,0.014550,0.029027,5.099185,0.000000,0.000000,5.000000,0.104364,0,0
1784416347.891969,ADAPTIVEQF,TRACKING,256,14.886824,24.756604,0.013496,0.031458,5.095504,0.000000,0.000000,5.000000,0.101453,0,0
1784416347.916971,ADAPTIVEQF,TRACKING,256,14.933834,24.966689,0.013209,0.035199,5.089764,0.000000,0.000000,5.000000,0.097319,0,0
1784416347.941976,ADAPTIVEQF,TRACKING,256,14.893000,20.517342,0.013936,0.039298,5.086881,0.000000,0.000000,5.000000,0.096368,0,0
1784416347.966988,ADAPTIVEQF,TRACKING,257,14.994981,45.632499,0.013936,0.039298,5.086881,0.000000,0.000000,5.000000,0.096368,0,0
1784416347.991976,ADAPTIVEQF,TRACKING,257,15.033096,24.914874,0.014523,0.042873,5.084320,0.000000,0.000000,5.000000,0.095702,0,0
1784416348.016978,ADAPTIVEQF,TRACKING,257,14.901429,24.794300,0.015069,0.046016,5.081267,0.000000,0.000000,5.000000,0.094598,0,0
1784416348.041993,ADAPTIVEQF,TRACKING,257,14.905892,20.638051,0.015630,0.048491,5.080583,0.000000,0.000000,5.000000,0.095338,0,0
1784416348.066990,ADAPTIVEQF,TRACKING,257,14.932920,45.664715,0.015630,0.048491,5.080583,0.000000,0.000000,5.000000,0.095338,0,0
1784416348.091966,ADAPTIVEQF,TRACKING,258,15.709748,25.667871,0.016160,0.050476,5.080661,0.000000,0.000000,5.000000,0.096515,0,0
1784416348.117020,ADAPTIVEQF,TRACKING,254,14.767654,24.012817,0.016800,0.052422,5.079001,0.000000,0.000000,5.000000,0.096289,0,0
1784416348.141981,ADAPTIVEQF,TRACKING,254,14.777003,20.393663,0.017291,0.053632,5.075917,0.000000,0.000000,5.000000,0.094545,0,0
1784416348.167093,ADAPTIVEQF,TRACKING,253,14.733926,45.464963,0.017291,0.053632,5.075917,0.000000,0.000000,5.000000,0.094545,0,0
1784416348.192104,ADAPTIVEQF,TRACKING,257,14.952374,25.129485,0.018132,0.055816,5.075998,0.000000,0.000000,5.000000,0.096020,0,0
1784416348.216986,ADAPTIVEQF,TRACKING,257,15.160957,25.004272,0.018966,0.057656,5.075047,0.000000,0.000000,5.000000,0.096519,0,0
1784416348.241979,ADAPTIVEQF,TRACKING,256,15.107611,20.702712,0.019755,0.059174,5.073133,0.000000,0.000000,5.000000,0.096126,0,0
1784416348.266982,ADAPTIVEQF,TRACKING,255,15.156086,45.754454,0.019755,0.059174,5.073133,0.000000,0.000000,5.000000,0.096126,0,0
1784416348.291981,ADAPTIVEQF,TRACKING,253,14.731935,24.470236,0.020225,0.060043,5.071747,0.000000,0.000000,5.000000,0.095718,0,0
1784416348.316980,ADAPTIVEQF,TRACKING,254,14.824890,24.991344,0.019837,0.059601,5.072133,0.000000,0.000000,5.000000,0.095650,0,0
1784416348.341972,ADAPTIVEQF,TRACKING,255,14.808584,20.507035,0.019487,0.059023,5.071679,0.000000,0.000000,5.000000,0.094875,0,0
1784416348.366991,ADAPTIVEQF,TRACKING,257,15.065704,45.785543,0.019487,0.059023,5.071679,0.000000,0.000000,5.000000,0.094875,0,0
1784416348.391981,ADAPTIVEQF,TRACKING,257,15.520174,25.333422,0.019026,0.058207,5.071163,0.000000,0.000000,5.000000,0.093884,0,0
1784416348.416988,ADAPTIVEQF,TRACKING,254,14.786212,24.176560,0.018517,0.056646,5.071058,0.000000,0.000000,5.000000,0.092741,0,0
1784416348.441990,ADAPTIVEQF,TRACKING,253,14.822792,20.433985,0.017990,0.054349,5.072049,0.000000,0.000000,5.000000,0.092025,0,0
1784416348.466993,ADAPTIVEQF,TRACKING,253,14.769800,45.389216,0.017990,0.054349,5.072049,0.000000,0.000000,5.000000,0.092025,0,0
1784416348.491983,ADAPTIVEQF,TRACKING,256,15.369258,25.463463,0.017351,0.052103,5.072868,0.000000,0.000000,5.000000,0.091244,0,0
1784416348.516993,ADAPTIVEQF,TRACKING,254,14.809662,24.318645,0.016368,0.049175,5.073157,0.000000,0.000000,5.000000,0.089655,0,0
1784416348.541982,ADAPTIVEQF,TRACKING,254,14.966060,20.517026,0.014569,0.045687,5.076694,0.000000,0.000000,5.000000,0.090452,0,0
1784416348.567088,ADAPTIVEQF,TRACKING,253,14.790497,45.446541,0.014569,0.045687,5.076694,0.000000,0.000000,5.000000,0.090452,0,0
1784416348.591987,ADAPTIVEQF,TRACKING,256,15.530383,25.547327,0.012484,0.041867,5.079886,0.000000,0.000000,5.000000,0.091053,0,0
1784416348.617082,ADAPTIVEQF,TRACKING,252,14.648028,24.120065,0.010415,0.038227,5.082687,0.000000,0.000000,5.000000,0.091689,0,0
1784416348.641984,ADAPTIVEQF,TRACKING,253,14.708646,20.337725,0.008366,0.034538,5.085515,0.000000,0.000000,5.000000,0.092604,0,0
1784416348.666991,ADAPTIVEQF,TRACKING,254,14.870042,45.509087,0.008366,0.034538,5.085515,0.000000,0.000000,5.000000,0.092604,0,0
1784416348.691988,ADAPTIVEQF,TRACKING,257,15.372307,25.389807,0.005080,0.030872,5.091962,0.000000,0.000000,5.000000,0.097139,0,0
1784416348.716987,ADAPTIVEQF,TRACKING,254,15.378656,24.908711,0.001206,0.026273,5.097285,0.000000,0.000000,5.000000,0.100777,0,0
1784416348.741986,ADAPTIVEQF,TRACKING,251,14.559396,20.167333,-0.001729,0.022593,5.100273,0.000000,0.000000,5.000000,0.102801,0,0
1784416348.767097,ADAPTIVEQF,TRACKING,252,14.710180,45.430713,-0.001729,0.022593,5.100273,0.000000,0.000000,5.000000,0.102801,0,0
1784416348.791996,ADAPTIVEQF,TRACKING,254,14.899450,24.999765,-0.004792,0.018949,5.103385,0.000000,0.000000,5.000000,0.105217,0,0
1784416348.816994,ADAPTIVEQF,TRACKING,257,15.319483,25.321343,-0.008578,0.015432,5.109867,0.000000,0.000000,5.000000,0.111276,0,0
1784416348.841978,ADAPTIVEQF,TRACKING,254,15.616674,21.219932,-0.012042,0.011898,5.115017,0.000000,0.000000,5.000000,0.116256,0,0
1784416348.866990,ADAPTIVEQF,TRACKING,250,15.066413,45.681428,-0.012042,0.011898,5.115017,0.000000,0.000000,5.000000,0.116256,0,0
1784416348.891983,ADAPTIVEQF,TRACKING,248,14.625007,24.451129,-0.015244,0.008307,5.118309,0.000000,0.000000,5.000000,0.119576,0,0
1784416348.916986,ADAPTIVEQF,TRACKING,249,14.407605,24.701046,-0.019692,0.003551,5.121531,0.000000,0.000000,5.000000,0.123167,0,0
1784416348.941979,ADAPTIVEQF,TRACKING,254,14.832137,20.547738,-0.023797,-0.000492,5.123199,0.000000,0.000000,5.000000,0.125477,0,0
1784416348.966981,ADAPTIVEQF,TRACKING,256,14.969407,45.689712,-0.023797,-0.000492,5.123199,0.000000,0.000000,5.000000,0.125477,0,0
1784416348.991998,ADAPTIVEQF,TRACKING,257,15.125348,25.065084,-0.027547,-0.004496,5.122993,0.000000,0.000000,5.000000,0.126120,0,0
1784416349.017094,ADAPTIVEQF,TRACKING,256,14.998996,24.831568,-0.030911,-0.008416,5.121891,0.000000,0.000000,5.000000,0.126031,0,0
1784416349.041988,ADAPTIVEQF,TRACKING,255,14.845634,20.428516,-0.034205,-0.011062,5.120652,0.000000,0.000000,5.000000,0.125894,0,0
1784416349.067030,ADAPTIVEQF,TRACKING,256,19.850741,50.485721,-0.034205,-0.011062,5.120652,0.000000,0.000000,5.000000,0.125894,0,0
1784416349.092000,ADAPTIVEQF,TRACKING,231,15.473570,20.463646,-0.037168,-0.013388,5.118807,0.000000,0.000000,5.000000,0.125203,0,0
1784416349.116997,ADAPTIVEQF,TRACKING,221,13.180061,22.435573,-0.040284,-0.016307,5.116149,0.000000,0.000000,5.000000,0.124013,0,0
1784416349.141979,ADAPTIVEQF,TRACKING,220,13.411328,19.002668,-0.042384,-0.018701,5.111449,0.000000,0.000000,5.000000,0.120694,0,0
1784416349.167038,ADAPTIVEQF,TRACKING,239,14.712443,45.367236,-0.042384,-0.018701,5.111449,0.000000,0.000000,5.000000,0.120694,0,0
1784416349.192001,ADAPTIVEQF,TRACKING,247,15.064895,25.187313,-0.043934,-0.019557,5.106748,0.000000,0.000000,5.000000,0.117080,0,0
1784416349.216999,ADAPTIVEQF,TRACKING,245,14.249650,24.087289,-0.045237,-0.020599,5.101215,0.000000,0.000000,5.000000,0.112762,0,0
1784416349.241991,ADAPTIVEQF,TRACKING,249,14.479916,20.237789,-0.046271,-0.021800,5.095484,0.000000,0.000000,5.000000,0.108322,0,0
1784416349.266996,ADAPTIVEQF,TRACKING,253,14.958195,45.722929,-0.046271,-0.021800,5.095484,0.000000,0.000000,5.000000,0.108322,0,0
1784416349.291993,ADAPTIVEQF,TRACKING,256,14.821105,24.747044,-0.047098,-0.023408,5.090121,0.000000,0.000000,5.000000,0.104345,0,0
1784416349.316993,ADAPTIVEQF,TRACKING,256,14.870975,24.952759,-0.047776,-0.026666,5.087184,0.000000,0.000000,5.000000,0.102930,0,0
1784416349.341992,ADAPTIVEQF,TRACKING,256,14.912520,20.611320,-0.048195,-0.029108,5.083050,0.000000,0.000000,5.000000,0.100336,0,0
1784416349.367000,ADAPTIVEQF,TRACKING,258,15.123093,45.831375,-0.048195,-0.029108,5.083050,0.000000,0.000000,5.000000,0.100336,0,0
1784416349.391992,ADAPTIVEQF,TRACKING,257,14.891011,24.658162,-0.048424,-0.031284,5.078727,0.000000,0.000000,5.000000,0.097579,0,0
1784416349.416995,ADAPTIVEQF,TRACKING,257,14.937314,24.963331,-0.048820,-0.033193,5.078064,0.000000,0.000000,5.000000,0.097873,0,0
1784416349.441988,ADAPTIVEQF,TRACKING,257,14.949542,20.527800,-0.049305,-0.034993,5.079792,0.000000,0.000000,5.000000,0.100111,0,0
1784416349.467109,ADAPTIVEQF,TRACKING,258,15.205870,45.909579,-0.049305,-0.034993,5.079792,0.000000,0.000000,5.000000,0.100111,0,0
1784416349.492000,ADAPTIVEQF,TRACKING,256,14.908883,24.474762,-0.049496,-0.036676,5.079774,0.000000,0.000000,5.000000,0.100791,0,0
1784416349.516999,ADAPTIVEQF,TRACKING,256,14.860521,24.859227,-0.049327,-0.038564,5.079340,0.000000,0.000000,5.000000,0.101071,0,0
1784416349.541986,ADAPTIVEQF,TRACKING,256,14.934456,20.653350,-0.048684,-0.039498,5.082682,0.000000,0.000000,5.000000,0.103762,0,0
1784416349.566997,ADAPTIVEQF,TRACKING,257,15.037389,45.769716,-0.048684,-0.039498,5.082682,0.000000,0.000000,5.000000,0.103762,0,0
1784416349.591993,ADAPTIVEQF,TRACKING,257,15.014859,24.893662,-0.047773,-0.040142,5.085870,0.000000,0.000000,5.000000,0.106147,0,0
1784416349.616994,ADAPTIVEQF,TRACKING,256,14.931368,24.846802,-0.046703,-0.040676,5.087209,0.000000,0.000000,5.000000,0.106963,0,0
1784416349.641977,ADAPTIVEQF,TRACKING,256,14.900412,20.589880,-0.045505,-0.041178,5.086590,0.000000,0.000000,5.000000,0.106132,0,0
1784416349.666996,ADAPTIVEQF,TRACKING,257,14.860092,45.568065,-0.045505,-0.041178,5.086590,0.000000,0.000000,5.000000,0.106132,0,0
1784416349.691994,ADAPTIVEQF,TRACKING,258,14.888179,24.952409,-0.045236,-0.045469,5.090575,0.000000,0.000000,5.000000,0.110984,0,0
1784416349.716995,ADAPTIVEQF,TRACKING,259,15.142162,25.183666,-0.044489,-0.050202,5.094949,0.000000,0.000000,5.000000,0.116253,0,0
1784416349.741996,ADAPTIVEQF,TRACKING,258,15.325081,20.896519,-0.043527,-0.053494,5.098670,0.000000,0.000000,5.000000,0.120382,0,0
1784416349.767001,ADAPTIVEQF,TRACKING,256,14.919080,45.494941,-0.043527,-0.053494,5.098670,0.000000,0.000000,5.000000,0.120382,0,0
1784416349.791995,ADAPTIVEQF,TRACKING,255,14.937379,24.920904,-0.042530,-0.056301,5.102911,0.000000,0.000000,5.000000,0.124778,0,0
1784416349.816997,ADAPTIVEQF,TRACKING,255,14.800617,24.788215,-0.041818,-0.058526,5.109194,0.000000,0.000000,5.000000,0.130757,0,0
1784416349.841996,ADAPTIVEQF,TRACKING,257,14.984972,20.588468,-0.040944,-0.060566,5.114158,0.000000,0.000000,5.000000,0.135560,0,0
1784416349.867002,ADAPTIVEQF,TRACKING,257,14.874732,45.487333,-0.040944,-0.060566,5.114158,0.000000,0.000000,5.000000,0.135560,0,0
1784416349.891978,ADAPTIVEQF,TRACKING,258,15.046348,25.066181,-0.039970,-0.062432,5.117812,0.000000,0.000000,5.000000,0.139194,0,0
1784416349.917006,ADAPTIVEQF,TRACKING,257,15.344608,25.241693,-0.039171,-0.063705,5.121906,0.000000,0.000000,5.000000,0.143017,0,0
1784416349.941993,ADAPTIVEQF,TRACKING,255,14.807873,20.496846,-0.039026,-0.063627,5.125316,0.000000,0.000000,5.000000,0.145861,0,0
1784416349.967010,ADAPTIVEQF,TRACKING,255,14.947804,45.656693,-0.039026,-0.063627,5.125316,0.000000,0.000000,5.000000,0.145861,0,0
1784416349.992005,ADAPTIVEQF,TRACKING,255,14.980681,24.919940,-0.038624,-0.063430,5.126854,0.000000,0.000000,5.000000,0.146993,0,0
1784416350.016998,ADAPTIVEQF,TRACKING,256,15.050074,24.978771,-0.038102,-0.063059,5.125865,0.000000,0.000000,5.000000,0.145843,0,0
1784416350.041998,ADAPTIVEQF,TRACKING,255,15.304792,21.044968,-0.036304,-0.061850,5.123068,0.000000,0.000000,5.000000,0.142440,0,0
1784416350.067008,ADAPTIVEQF,TRACKING,253,15.059271,45.812643,-0.036304,-0.061850,5.123068,0.000000,0.000000,5.000000,0.142440,0,0
1784416350.091999,ADAPTIVEQF,TRACKING,252,14.689545,24.511505,-0.033997,-0.060239,5.118495,0.000000,0.000000,5.000000,0.137206,0,0
1784416350.117001,ADAPTIVEQF,TRACKING,253,14.886419,25.118899,-0.030883,-0.057970,5.111727,0.000000,0.000000,5.000000,0.129604,0,0
1784416350.142000,ADAPTIVEQF,TRACKING,254,14.743034,20.325247,-0.028152,-0.056066,5.105695,0.000000,0.000000,5.000000,0.122912,0,0
1784416350.167009,ADAPTIVEQF,TRACKING,256,15.124183,45.718324,-0.028152,-0.056066,5.105695,0.000000,0.000000,5.000000,0.122912,0,0
1784416350.192002,ADAPTIVEQF,TRACKING,255,15.179925,24.945417,-0.025060,-0.056113,5.104090,0.000000,0.000000,5.000000,0.120878,0,0
1784416350.217011,ADAPTIVEQF,TRACKING,254,14.746901,24.474425,-0.021969,-0.055852,5.100636,0.000000,0.000000,5.000000,0.117174,0,0
1784416350.241999,ADAPTIVEQF,TRACKING,254,14.814342,20.514908,-0.018905,-0.055342,5.095312,0.000000,0.000000,5.000000,0.111823,0,0
1784416350.267002,ADAPTIVEQF,TRACKING,255,14.839736,45.542726,-0.018905,-0.055342,5.095312,0.000000,0.000000,5.000000,0.111823,0,0
1784416350.292001,ADAPTIVEQF,TRACKING,257,15.293589,25.361721,-0.015824,-0.054521,5.090823,0.000000,0.000000,5.000000,0.107106,0,0
1784416350.317006,ADAPTIVEQF,TRACKING,255,14.763973,24.402626,-0.011989,-0.052906,5.087899,0.000000,0.000000,5.000000,0.103291,0,0
1784416350.342003,ADAPTIVEQF,TRACKING,256,14.971098,20.495675,-0.008974,-0.051525,5.084770,0.000000,0.000000,5.000000,0.099606,0,0
1784416350.367001,ADAPTIVEQF,TRACKING,255,14.966981,45.490614,-0.008974,-0.051525,5.084770,0.000000,0.000000,5.000000,0.099606,0,0
1784416350.392002,ADAPTIVEQF,TRACKING,257,15.015041,24.957787,-0.006016,-0.050111,5.080503,0.000000,0.000000,5.000000,0.095016,0,0
1784416350.417006,ADAPTIVEQF,TRACKING,256,14.900761,24.802439,-0.002369,-0.048042,5.076955,0.000000,0.000000,5.000000,0.090751,0,0
1784416350.442002,ADAPTIVEQF,TRACKING,256,14.930040,20.392935,0.001747,-0.045462,5.074594,0.000000,0.000000,5.000000,0.087374,0,0
1784416350.467056,ADAPTIVEQF,TRACKING,257,14.996935,45.516982,0.001747,-0.045462,5.074594,0.000000,0.000000,5.000000,0.087374,0,0
1784416350.492005,ADAPTIVEQF,TRACKING,257,15.080157,24.926044,0.005624,-0.042922,5.071326,0.000000,0.000000,5.000000,0.083435,0,0
1784416350.517001,ADAPTIVEQF,TRACKING,256,15.411477,25.235690,0.010205,-0.039817,5.066758,0.000000,0.000000,5.000000,0.078398,0,0
1784416350.542003,ADAPTIVEQF,TRACKING,253,14.782037,20.327022,0.013546,-0.037982,5.065814,0.000000,0.000000,5.000000,0.077185,0,0
1784416350.567050,ADAPTIVEQF,TRACKING,253,14.861041,45.456636,0.013546,-0.037982,5.065814,0.000000,0.000000,5.000000,0.077185,0,0
1784416350.592005,ADAPTIVEQF,TRACKING,253,14.707750,24.710852,0.016918,-0.036255,5.065320,0.000000,0.000000,5.000000,0.076599,0,0
1784416350.617005,ADAPTIVEQF,TRACKING,256,14.903138,25.116929,0.020366,-0.034314,5.064237,0.000000,0.000000,5.000000,0.075621,0,0
1784416350.642005,ADAPTIVEQF,TRACKING,257,14.932972,20.574174,0.023768,-0.032176,5.062981,0.000000,0.000000,5.000000,0.074610,0,0
1784416350.667110,ADAPTIVEQF,TRACKING,257,15.115031,45.863157,0.023768,-0.032176,5.062981,0.000000,0.000000,5.000000,0.074610,0,0
1784416350.692012,ADAPTIVEQF,TRACKING,256,14.931905,24.604773,0.028736,-0.030701,5.065549,0.000000,0.000000,5.000000,0.077879,0,0
1784416350.717005,ADAPTIVEQF,TRACKING,256,14.900671,24.865682,0.034542,-0.028662,5.068288,0.000000,0.000000,5.000000,0.081719,0,0
1784416350.742006,ADAPTIVEQF,TRACKING,256,14.913531,20.540458,0.038865,-0.026839,5.069684,0.000000,0.000000,5.000000,0.084182,0,0
1784416350.767006,ADAPTIVEQF,TRACKING,257,15.069927,45.699301,0.038865,-0.026839,5.069684,0.000000,0.000000,5.000000,0.084182,0,0
1784416350.792005,ADAPTIVEQF,TRACKING,256,15.032557,24.863564,0.042826,-0.024965,5.070621,0.000000,0.000000,5.000000,0.086282,0,0
1784416350.817006,ADAPTIVEQF,TRACKING,256,14.941862,24.827733,0.046223,-0.023309,5.073324,0.000000,0.000000,5.000000,0.089757,0,0
1784416350.842004,ADAPTIVEQF,TRACKING,256,14.728086,20.495545,0.049363,-0.021598,5.076214,0.000000,0.000000,5.000000,0.093337,0,0
1784416350.867008,ADAPTIVEQF,TRACKING,257,14.968910,45.743319,0.049363,-0.021598,5.076214,0.000000,0.000000,5.000000,0.093337,0,0
1784416350.892007,ADAPTIVEQF,TRACKING,258,14.972906,24.917781,0.052205,-0.019842,5.079110,0.000000,0.000000,5.000000,0.096837,0,0
1784416350.917006,ADAPTIVEQF,TRACKING,258,14.944931,24.875648,0.056579,-0.018302,5.081876,0.000000,0.000000,5.000000,0.101192,0,0
1784416350.941997,ADAPTIVEQF,TRACKING,258,15.612631,21.381649,0.061119,-0.017725,5.083094,0.000000,0.000000,5.000000,0.104662,0,0
1784416350.967010,ADAPTIVEQF,TRACKING,254,14.774887,45.556999,0.061119,-0.017725,5.083094,0.000000,0.000000,5.000000,0.104662,0,0
1784416350.992009,ADAPTIVEQF,TRACKING,254,14.818151,24.929397,0.065251,-0.016900,5.083471,0.000000,0.000000,5.000000,0.107288,0,0
1784416351.017008,ADAPTIVEQF,TRACKING,254,15.025508,25.118482,0.068962,-0.015812,5.083502,0.000000,0.000000,5.000000,0.109445,0,0
1784416351.042008,ADAPTIVEQF,TRACKING,256,15.196784,20.898860,0.073610,-0.014852,5.086867,0.000000,0.000000,5.000000,0.114826,0,0
1784416351.067023,ADAPTIVEQF,TRACKING,254,14.990906,45.708436,0.073610,-0.014852,5.086867,0.000000,0.000000,5.000000,0.114826,0,0
1784416351.092010,ADAPTIVEQF,TRACKING,253,15.058908,24.965797,0.078224,-0.013760,5.090003,0.000000,0.000000,5.000000,0.120037,0,0
1784416351.117009,ADAPTIVEQF,TRACKING,252,15.135934,24.991234,0.083317,-0.012250,5.090573,0.000000,0.000000,5.000000,0.123674,0,0
1784416351.142004,ADAPTIVEQF,TRACKING,251,14.896853,20.604794,0.086847,-0.011071,5.089266,0.000000,0.000000,5.000000,0.125033,0,0
1784416351.167010,ADAPTIVEQF,TRACKING,251,15.967132,46.683546,0.086847,-0.011071,5.089266,0.000000,0.000000,5.000000,0.125033,0,0
1784416351.192013,ADAPTIVEQF,TRACKING,245,14.503327,23.440516,0.090036,-0.008211,5.089295,0.000000,0.000000,5.000000,0.127073,0,0
1784416351.217010,ADAPTIVEQF,TRACKING,247,14.602377,25.002218,0.092730,-0.005490,5.087698,0.000000,0.000000,5.000000,0.127749,0,0
1784416351.242009,ADAPTIVEQF,TRACKING,247,14.658774,20.202717,0.094894,-0.002931,5.084611,0.000000,0.000000,5.000000,0.127171,0,0
1784416351.267007,ADAPTIVEQF,TRACKING,253,14.977101,45.518793,0.094894,-0.002931,5.084611,0.000000,0.000000,5.000000,0.127171,0,0
1784416351.292011,ADAPTIVEQF,TRACKING,253,14.991410,24.943291,0.096159,-0.000353,5.081797,0.000000,0.000000,5.000000,0.126243,0,0
1784416351.317014,ADAPTIVEQF,TRACKING,253,15.541412,25.455985,0.096005,0.003568,5.080760,0.000000,0.000000,5.000000,0.125506,0,0
1784416351.342016,ADAPTIVEQF,TRACKING,250,14.973334,20.701417,0.095509,0.006358,5.079178,0.000000,0.000000,5.000000,0.124224,0,0
1784416351.367013,ADAPTIVEQF,TRACKING,249,14.743091,45.468291,0.095509,0.006358,5.079178,0.000000,0.000000,5.000000,0.124224,0,0
1784416351.392024,ADAPTIVEQF,TRACKING,249,14.781010,24.955417,0.094708,0.008886,5.076193,0.000000,0.000000,5.000000,0.121877,0,0
1784416351.417019,ADAPTIVEQF,TRACKING,252,14.603844,24.714790,0.091150,0.011636,5.074155,0.000000,0.000000,5.000000,0.118079,0,0
1784416351.442026,ADAPTIVEQF,TRACKING,254,15.059594,20.489845,0.085217,0.014653,5.073371,0.000000,0.000000,5.000000,0.113402,0,0
1784416351.467026,ADAPTIVEQF,TRACKING,254,15.579395,46.008028,0.085217,0.014653,5.073371,0.000000,0.000000,5.000000,0.113402,0,0
1784416351.492026,ADAPTIVEQF,TRACKING,251,14.741165,24.050175,0.079472,0.017380,5.071333,0.000000,0.000000,5.000000,0.108195,0,0
1784416351.517021,ADAPTIVEQF,TRACKING,250,14.532404,24.668222,0.072373,0.020442,5.069272,0.000000,0.000000,5.000000,0.102246,0,0
1784416351.542017,ADAPTIVEQF,TRACKING,252,14.716562,20.297347,0.066092,0.023592,5.071815,0.000000,0.000000,5.000000,0.100410,0,0
1784416351.567070,ADAPTIVEQF,TRACKING,256,15.478365,46.114422,0.066092,0.023592,5.071815,0.000000,0.000000,5.000000,0.100410,0,0
1784416351.592032,ADAPTIVEQF,TRACKING,254,14.944185,24.288921,0.059666,0.026769,5.075365,0.000000,0.000000,5.000000,0.099782,0,0
1784416351.617025,ADAPTIVEQF,TRACKING,253,16.070090,26.029427,0.053351,0.029616,5.077292,0.000000,0.000000,5.000000,0.098476,0,0
1784416351.642028,ADAPTIVEQF,TRACKING,246,18.806991,24.508212,0.047113,0.032128,5.078282,0.000000,0.000000,5.000000,0.096850,0,0
1784416351.667027,ADAPTIVEQF,TRACKING,226,14.123449,44.824460,0.047113,0.032128,5.078282,0.000000,0.000000,5.000000,0.096850,0,0
1784416351.692029,ADAPTIVEQF,TRACKING,222,13.262491,24.019678,0.040811,0.033291,5.081584,0.000000,0.000000,5.000000,0.097107,0,0
1784416351.717032,ADAPTIVEQF,TRACKING,226,13.734377,25.372408,0.033116,0.034695,5.084152,0.000000,0.000000,5.000000,0.096860,0,0
1784416351.742018,ADAPTIVEQF,TRACKING,245,15.623715,21.274888,0.027151,0.035862,5.085115,0.000000,0.000000,5.000000,0.096270,0,0
1784416351.767075,ADAPTIVEQF,TRACKING,244,14.335280,45.043955,0.027151,0.035862,5.085115,0.000000,0.000000,5.000000,0.096270,0,0
1784416351.792031,ADAPTIVEQF,TRACKING,245,14.401751,24.886842,0.021427,0.036832,5.086145,0.000000,0.000000,5.000000,0.096108,0,0
1784416351.817024,ADAPTIVEQF,TRACKING,248,14.567091,25.039715,0.015935,0.037148,5.090915,0.000000,0.000000,5.000000,0.099496,0,0
1784416351.842020,ADAPTIVEQF,TRACKING,255,17.144504,22.823179,0.010699,0.037513,5.094717,0.000000,0.000000,5.000000,0.102435,0,0
1784416351.867027,ADAPTIVEQF,TRACKING,243,14.419918,45.106417,0.010699,0.037513,5.094717,0.000000,0.000000,5.000000,0.102435,0,0
1784416351.892024,ADAPTIVEQF,TRACKING,242,14.146749,24.603075,0.005672,0.037956,5.096040,0.000000,0.000000,5.000000,0.103424,0,0
1784416351.917033,ADAPTIVEQF,TRACKING,243,14.302199,25.067257,0.000089,0.038166,5.098412,0.000000,0.000000,5.000000,0.105554,0,0
1784416351.942008,ADAPTIVEQF,TRACKING,254,14.803647,20.497762,-0.003709,0.037788,5.101991,0.000000,0.000000,5.000000,0.108830,0,0
1784416351.967026,ADAPTIVEQF,TRACKING,256,14.811707,45.527003,-0.003709,0.037788,5.101991,0.000000,0.000000,5.000000,0.108830,0,0
1784416351.992024,ADAPTIVEQF,TRACKING,257,14.818031,24.876113,-0.007379,0.037453,5.104455,0.000000,0.000000,5.000000,0.111212,0,0
1784416352.017026,ADAPTIVEQF,TRACKING,258,15.075042,25.163939,-0.010853,0.037063,5.105043,0.000000,0.000000,5.000000,0.111917,0,0
1784416352.042018,ADAPTIVEQF,TRACKING,258,15.044595,20.570024,-0.015568,0.037266,5.106518,0.000000,0.000000,5.000000,0.113917,0,0
1784416352.067025,ADAPTIVEQF,TRACKING,258,15.134084,45.668101,-0.015568,0.037266,5.106518,0.000000,0.000000,5.000000,0.113917,0,0
1784416352.092031,ADAPTIVEQF,TRACKING,256,14.989131,24.746489,-0.020465,0.037565,5.107285,0.000000,0.000000,5.000000,0.115499,0,0
1784416352.117028,ADAPTIVEQF,TRACKING,256,14.942215,24.838922,-0.026027,0.037751,5.107260,0.000000,0.000000,5.000000,0.116650,0,0
1784416352.142029,ADAPTIVEQF,TRACKING,256,14.935822,20.455496,-0.030085,0.037699,5.106072,0.000000,0.000000,5.000000,0.116523,0,0
1784416352.167027,ADAPTIVEQF,TRACKING,256,14.903545,45.420062,-0.030085,0.037699,5.106072,0.000000,0.000000,5.000000,0.116523,0,0
1784416352.192026,ADAPTIVEQF,TRACKING,257,15.221258,25.215269,-0.034916,0.038344,5.105751,0.000000,0.000000,5.000000,0.117782,0,0
1784416352.217022,ADAPTIVEQF,TRACKING,255,14.838619,24.520495,-0.039478,0.038836,5.103673,0.000000,0.000000,5.000000,0.117536,0,0
1784416352.242020,ADAPTIVEQF,TRACKING,256,14.798190,20.462314,-0.043759,0.039174,5.100838,0.000000,0.000000,5.000000,0.116696,0,0
1784416352.267029,ADAPTIVEQF,TRACKING,256,14.901770,45.576631,-0.043759,0.039174,5.100838,0.000000,0.000000,5.000000,0.116696,0,0
1784416352.292026,ADAPTIVEQF,TRACKING,258,15.038304,25.038302,-0.047694,0.039562,5.099349,0.000000,0.000000,5.000000,0.117090,0,0
1784416352.317026,ADAPTIVEQF,TRACKING,258,15.215116,25.090753,-0.051841,0.040492,5.101089,0.000000,0.000000,5.000000,0.120607,0,0
1784416352.342026,ADAPTIVEQF,TRACKING,256,15.006211,20.667689,-0.054760,0.040949,5.100422,0.000000,0.000000,5.000000,0.121492,0,0
1784416352.367030,ADAPTIVEQF,TRACKING,255,15.726421,46.394768,-0.054760,0.040949,5.100422,0.000000,0.000000,5.000000,0.121492,0,0
1784416352.392051,ADAPTIVEQF,TRACKING,251,18.178868,27.350392,-0.057315,0.041175,5.098156,0.000000,0.000000,5.000000,0.120893,0,0
1784416352.417030,ADAPTIVEQF,TRACKING,233,13.752336,20.408976,-0.059539,0.040524,5.096207,0.000000,0.000000,5.000000,0.120178,0,0
1784416352.442014,ADAPTIVEQF,TRACKING,233,13.774879,19.481202,-0.061494,0.039026,5.094288,0.000000,0.000000,5.000000,0.119142,0,0
1784416352.467036,ADAPTIVEQF,TRACKING,236,13.885064,44.616034,-0.061494,0.039026,5.094288,0.000000,0.000000,5.000000,0.119142,0,0
1784416352.492030,ADAPTIVEQF,TRACKING,254,15.071569,26.066804,-0.063151,0.037363,5.090836,0.000000,0.000000,5.000000,0.116769,0,0
1784416352.517046,ADAPTIVEQF,TRACKING,253,14.785352,24.638327,-0.064715,0.035072,5.086006,0.000000,0.000000,5.000000,0.113204,0,0
1784416352.542024,ADAPTIVEQF,TRACKING,254,14.778154,20.468673,-0.066612,0.032304,5.085657,0.000000,0.000000,5.000000,0.113215,0,0
1784416352.567028,ADAPTIVEQF,TRACKING,255,15.344997,46.040127,-0.066612,0.032304,5.085657,0.000000,0.000000,5.000000,0.113215,0,0
1784416352.592142,ADAPTIVEQF,TRACKING,254,14.657889,24.323918,-0.068377,0.029301,5.085710,0.000000,0.000000,5.000000,0.113491,0,0
1784416352.617030,ADAPTIVEQF,TRACKING,255,14.862287,24.996728,-0.069694,0.026353,5.083735,0.000000,0.000000,5.000000,0.112087,0,0
1784416352.642030,ADAPTIVEQF,TRACKING,255,15.138458,20.823375,-0.070620,0.023473,5.079763,0.000000,0.000000,5.000000,0.109089,0,0
1784416352.667032,ADAPTIVEQF,TRACKING,256,14.943737,45.631765,-0.070620,0.023473,5.079763,0.000000,0.000000,5.000000,0.109089,0,0
1784416352.692027,ADAPTIVEQF,TRACKING,255,14.916141,24.871307,-0.071472,0.022499,5.078835,0.000000,0.000000,5.000000,0.108763,0,0
1784416352.717031,ADAPTIVEQF,TRACKING,255,15.131844,25.137987,-0.071999,0.021022,5.077404,0.000000,0.000000,5.000000,0.107783,0,0
1784416352.742026,ADAPTIVEQF,TRACKING,255,14.779044,20.554420,-0.072032,0.019521,5.077134,0.000000,0.000000,5.000000,0.107328,0,0
1784416352.767033,ADAPTIVEQF,TRACKING,255,14.975102,45.760065,-0.072032,0.019521,5.077134,0.000000,0.000000,5.000000,0.107328,0,0
1784416352.792029,ADAPTIVEQF,TRACKING,255,14.891308,24.808142,-0.071849,0.017568,5.078932,0.000000,0.000000,5.000000,0.108172,0,0
1784416352.817048,ADAPTIVEQF,TRACKING,257,15.774981,25.812478,-0.071737,0.014656,5.082633,0.000000,0.000000,5.000000,0.110405,0,0
1784416352.842030,ADAPTIVEQF,TRACKING,252,14.692623,20.359570,-0.071391,0.011716,5.084020,0.000000,0.000000,5.000000,0.110875,0,0
1784416352.867034,ADAPTIVEQF,TRACKING,252,14.676932,45.348879,-0.071391,0.011716,5.084020,0.000000,0.000000,5.000000,0.110875,0,0
1784416352.892032,ADAPTIVEQF,TRACKING,252,14.857384,25.076425,-0.070864,0.008727,5.084570,0.000000,0.000000,5.000000,0.110680,0,0
1784416352.917032,ADAPTIVEQF,TRACKING,256,15.005393,25.049494,-0.070873,0.005611,5.084795,0.000000,0.000000,5.000000,0.110656,0,0
1784416352.942027,ADAPTIVEQF,TRACKING,255,14.847207,20.615599,-0.071698,0.003806,5.085720,0.000000,0.000000,5.000000,0.111817,0,0
1784416352.967042,ADAPTIVEQF,TRACKING,255,14.947965,45.734155,-0.071698,0.003806,5.085720,0.000000,0.000000,5.000000,0.111817,0,0
1784416352.992040,ADAPTIVEQF,TRACKING,256,15.053835,24.992356,-0.072197,0.001937,5.084813,0.000000,0.000000,5.000000,0.111397,0,0
1784416353.017036,ADAPTIVEQF,TRACKING,256,15.914764,25.769270,-0.072377,0.000041,5.080920,0.000000,0.000000,5.000000,0.108566,0,0
1784416353.042030,ADAPTIVEQF,TRACKING,250,14.472658,20.221160,-0.072220,-0.003308,5.079133,0.000000,0.000000,5.000000,0.107185,0,0
1784416353.067033,ADAPTIVEQF,TRACKING,251,14.595857,45.348341,-0.072220,-0.003308,5.079133,0.000000,0.000000,5.000000,0.107185,0,0
1784416353.092035,ADAPTIVEQF,TRACKING,252,14.779675,25.085698,-0.071730,-0.006999,5.078377,0.000000,0.000000,5.000000,0.106476,0,0
1784416353.117032,ADAPTIVEQF,TRACKING,257,15.166257,25.288533,-0.070679,-0.011359,5.078453,0.000000,0.000000,5.000000,0.106205,0,0
1784416353.142039,ADAPTIVEQF,TRACKING,255,14.796059,20.468203,-0.069492,-0.014553,5.077912,0.000000,0.000000,5.000000,0.105410,0,0
1784416353.167133,ADAPTIVEQF,TRACKING,256,14.925123,45.693252,-0.069492,-0.014553,5.077912,0.000000,0.000000,5.000000,0.105410,0,0
1784416353.192037,ADAPTIVEQF,TRACKING,256,14.971975,24.852347,-0.068203,-0.015813,5.082558,0.000000,0.000000,5.000000,0.108247,0,0
1784416353.217032,ADAPTIVEQF,TRACKING,257,15.203585,25.144107,-0.066613,-0.017038,5.085369,0.000000,0.000000,5.000000,0.109615,0,0
1784416353.242035,ADAPTIVEQF,TRACKING,255,15.177933,20.925033,-0.064737,-0.018276,5.086619,0.000000,0.000000,5.000000,0.109671,0,0
1784416353.267037,ADAPTIVEQF,TRACKING,254,14.987591,45.738019,-0.064737,-0.018276,5.086619,0.000000,0.000000,5.000000,0.109671,0,0
1784416353.292038,ADAPTIVEQF,TRACKING,253,14.718072,24.633780,-0.062651,-0.018848,5.087907,0.000000,0.000000,5.000000,0.109581,0,0
1784416353.317038,ADAPTIVEQF,TRACKING,254,15.033402,25.224483,-0.060003,-0.017478,5.091952,0.000000,0.000000,5.000000,0.111180,0,0
1784416353.342041,ADAPTIVEQF,TRACKING,255,14.852356,20.506716,-0.057581,-0.016470,5.092793,0.000000,0.000000,5.000000,0.110441,0,0
1784416353.367038,ADAPTIVEQF,TRACKING,256,15.219745,45.870650,-0.057581,-0.016470,5.092793,0.000000,0.000000,5.000000,0.110441,0,0
1784416353.392039,ADAPTIVEQF,TRACKING,254,14.797441,24.479146,-0.054946,-0.015537,5.091652,0.000000,0.000000,5.000000,0.107984,0,0
1784416353.417061,ADAPTIVEQF,TRACKING,255,15.144195,25.241386,-0.052042,-0.013408,5.092179,0.000000,0.000000,5.000000,0.106701,0,0
1784416353.442076,ADAPTIVEQF,TRACKING,254,14.828514,20.080105,-0.048887,-0.010194,5.095109,0.000000,0.000000,5.000000,0.107422,0,0
1784416353.467046,ADAPTIVEQF,TRACKING,255,16.013616,46.236876,-0.048887,-0.010194,5.095109,0.000000,0.000000,5.000000,0.107422,0,0
1784416353.492043,ADAPTIVEQF,TRACKING,249,14.924285,23.795166,-0.045640,-0.007246,5.096560,0.000000,0.000000,5.000000,0.107048,0,0
1784416353.517048,ADAPTIVEQF,TRACKING,248,14.659542,24.646565,-0.041557,-0.003815,5.096242,0.000000,0.000000,5.000000,0.104901,0,0
1784416353.542036,ADAPTIVEQF,TRACKING,247,14.305426,19.949762,-0.039529,0.000214,5.098142,0.000000,0.000000,5.000000,0.105804,0,0
1784416353.567043,ADAPTIVEQF,TRACKING,254,15.042174,45.696546,-0.039529,0.000214,5.098142,0.000000,0.000000,5.000000,0.105804,0,0
1784416353.592121,ADAPTIVEQF,TRACKING,255,14.928553,24.857686,-0.037675,0.004395,5.098943,0.000000,0.000000,5.000000,0.105964,0,0
1784416353.617042,ADAPTIVEQF,TRACKING,256,15.222973,25.133093,-0.035581,0.008198,5.097802,0.000000,0.000000,5.000000,0.104395,0,0
1784416353.642038,ADAPTIVEQF,TRACKING,253,14.752692,20.496483,-0.033408,0.011654,5.095468,0.000000,0.000000,5.000000,0.101814,0,0
1784416353.667044,ADAPTIVEQF,TRACKING,255,14.875237,45.626458,-0.033408,0.011654,5.095468,0.000000,0.000000,5.000000,0.101814,0,0
1784416353.692044,ADAPTIVEQF,TRACKING,255,14.709391,24.723342,-0.029613,0.015175,5.098435,0.000000,0.000000,5.000000,0.103907,0,0
1784416353.717042,ADAPTIVEQF,TRACKING,258,15.048314,25.255759,-0.025022,0.019153,5.101502,0.000000,0.000000,5.000000,0.106281,0,0
1784416353.742040,ADAPTIVEQF,TRACKING,258,14.940686,20.699259,-0.021399,0.022056,5.103183,0.000000,0.000000,5.000000,0.107662,0,0
1784416353.767045,ADAPTIVEQF,TRACKING,258,15.006557,45.772277,-0.021399,0.022056,5.103183,0.000000,0.000000,5.000000,0.107662,0,0
1784416353.792039,ADAPTIVEQF,TRACKING,258,14.973115,24.863642,-0.018206,0.025135,5.103519,0.000000,0.000000,5.000000,0.108072,0,0
1784416353.817040,ADAPTIVEQF,TRACKING,258,15.064406,25.011714,-0.016170,0.029049,5.105655,0.000000,0.000000,5.000000,0.110763,0,0
1784416353.842044,ADAPTIVEQF,TRACKING,257,14.946861,20.776210,-0.014022,0.032711,5.107082,0.000000,0.000000,5.000000,0.112842,0,0
1784416353.867040,ADAPTIVEQF,TRACKING,257,15.422716,46.248795,-0.014022,0.032711,5.107082,0.000000,0.000000,5.000000,0.112842,0,0
1784416353.892045,ADAPTIVEQF,TRACKING,254,14.753228,24.244750,-0.011766,0.036141,5.107613,0.000000,0.000000,5.000000,0.114127,0,0
1784416353.917044,ADAPTIVEQF,TRACKING,255,14.894686,25.036570,-0.008982,0.040101,5.107549,0.000000,0.000000,5.000000,0.115132,0,0
1784416353.942042,ADAPTIVEQF,TRACKING,254,14.780545,20.515984,-0.006892,0.043000,5.108282,0.000000,0.000000,5.000000,0.116711,0,0
1784416353.967050,ADAPTIVEQF,TRACKING,257,14.921191,45.666098,-0.006892,0.043000,5.108282,0.000000,0.000000,5.000000,0.116711,0,0
1784416353.992047,ADAPTIVEQF,TRACKING,257,14.927137,24.901933,-0.004778,0.045568,5.108421,0.000000,0.000000,5.000000,0.117704,0,0
1784416354.017045,ADAPTIVEQF,TRACKING,258,14.965849,24.949926,-0.002627,0.047780,5.107316,0.000000,0.000000,5.000000,0.117501,0,0
1784416354.042040,ADAPTIVEQF,TRACKING,258,15.019572,20.641376,0.000194,0.050111,5.108697,0.000000,0.000000,5.000000,0.119692,0,0
1784416354.067047,ADAPTIVEQF,TRACKING,258,14.957938,45.589007,0.000194,0.050111,5.108697,0.000000,0.000000,5.000000,0.119692,0,0
1784416354.092051,ADAPTIVEQF,TRACKING,258,14.997696,24.944290,0.003255,0.052205,5.109487,0.000000,0.000000,5.000000,0.121339,0,0
1784416354.117043,ADAPTIVEQF,TRACKING,258,15.214879,25.123678,0.006961,0.054299,5.106163,0.000000,0.000000,5.000000,0.119446,0,0
1784416354.142044,ADAPTIVEQF,TRACKING,257,15.002715,20.736967,0.009718,0.055534,5.101861,0.000000,0.000000,5.000000,0.116422,0,0
1784416354.167048,ADAPTIVEQF,TRACKING,256,14.983806,45.722994,0.009718,0.055534,5.101861,0.000000,0.000000,5.000000,0.116422,0,0
1784416354.192161,ADAPTIVEQF,TRACKING,255,14.820516,24.848484,0.011147,0.056395,5.101954,0.000000,0.000000,5.000000,0.117044,0,0
1784416354.217177,ADAPTIVEQF,TRACKING,257,15.138524,25.253304,0.012531,0.056997,5.101860,0.000000,0.000000,5.000000,0.117393,0,0
1784416354.242045,ADAPTIVEQF,TRACKING,256,14.895438,20.665330,0.013921,0.057399,5.100757,0.000000,0.000000,5.000000,0.116792,0,0
1784416354.267050,ADAPTIVEQF,TRACKING,256,14.909606,45.685182,0.013921,0.057399,5.100757,0.000000,0.000000,5.000000,0.116792,0,0
1784416354.292059,ADAPTIVEQF,TRACKING,256,15.733118,25.733433,0.014695,0.057496,5.098370,0.000000,0.000000,5.000000,0.114884,0,0
1784416354.317053,ADAPTIVEQF,TRACKING,252,14.882953,24.014958,0.013298,0.056910,5.100185,0.000000,0.000000,5.000000,0.115985,0,0
1784416354.342088,ADAPTIVEQF,TRACKING,251,14.573749,20.386158,0.012493,0.056319,5.102237,0.000000,0.000000,5.000000,0.117389,0,0
1784416354.367052,ADAPTIVEQF,TRACKING,251,14.590159,45.367556,0.012493,0.056319,5.102237,0.000000,0.000000,5.000000,0.117389,0,0
1784416354.392048,ADAPTIVEQF,TRACKING,256,14.828362,25.131592,0.011878,0.055569,5.103284,0.000000,0.000000,5.000000,0.117884,0,0
1784416354.417047,ADAPTIVEQF,TRACKING,258,15.092002,25.178028,0.012047,0.054198,5.105259,0.000000,0.000000,5.000000,0.119004,0,0
1784416354.442056,ADAPTIVEQF,TRACKING,257,15.562428,21.206997,0.012855,0.052240,5.107275,0.000000,0.000000,5.000000,0.120009,0,0
1784416354.467083,ADAPTIVEQF,TRACKING,254,16.071523,46.743887,0.012855,0.052240,5.107275,0.000000,0.000000,5.000000,0.120009,0,0
1784416354.492051,ADAPTIVEQF,TRACKING,246,14.343190,23.087015,0.013631,0.050093,5.107208,0.000000,0.000000,5.000000,0.119116,0,0
1784416354.517046,ADAPTIVEQF,TRACKING,247,14.340708,24.887242,0.014543,0.047102,5.105199,0.000000,0.000000,5.000000,0.116177,0,0
1784416354.542044,ADAPTIVEQF,TRACKING,250,14.582202,20.431093,0.015551,0.042839,5.105744,0.000000,0.000000,5.000000,0.115147,0,0
1784416354.567049,ADAPTIVEQF,TRACKING,257,15.027898,45.884059,0.015551,0.042839,5.105744,0.000000,0.000000,5.000000,0.115147,0,0
1784416354.592053,ADAPTIVEQF,TRACKING,257,15.052826,24.934514,0.016493,0.037936,5.107253,0.000000,0.000000,5.000000,0.114954,0,0
1784416354.617057,ADAPTIVEQF,TRACKING,256,14.864062,24.720292,0.017302,0.033007,5.107817,0.000000,0.000000,5.000000,0.114076,0,0
1784416354.642042,ADAPTIVEQF,TRACKING,256,14.814059,20.557226,0.018081,0.028114,5.106313,0.000000,0.000000,5.000000,0.111444,0,0
1784416354.667051,ADAPTIVEQF,TRACKING,257,15.023375,45.775815,0.018081,0.028114,5.106313,0.000000,0.000000,5.000000,0.111444,0,0
1784416354.692053,ADAPTIVEQF,TRACKING,258,15.059080,24.944677,0.018427,0.024016,5.104980,0.000000,0.000000,5.000000,0.109257,0,0
1784416354.717056,ADAPTIVEQF,TRACKING,257,14.905672,24.769103,0.018942,0.018956,5.102151,0.000000,0.000000,5.000000,0.105608,0,0
1784416354.742053,ADAPTIVEQF,TRACKING,257,14.998692,20.705223,0.019436,0.014942,5.099088,0.000000,0.000000,5.000000,0.102076,0,0
1784416354.767055,ADAPTIVEQF,TRACKING,257,15.009499,45.719537,0.019436,0.014942,5.099088,0.000000,0.000000,5.000000,0.102076,0,0
1784416354.792057,ADAPTIVEQF,TRACKING,257,15.005088,24.897802,0.019822,0.010699,5.094461,0.000000,0.000000,5.000000,0.097110,0,0
1784416354.817057,ADAPTIVEQF,TRACKING,256,14.924880,24.827127,0.019788,0.005677,5.090374,0.000000,0.000000,5.000000,0.092689,0,0
1784416354.842042,ADAPTIVEQF,TRACKING,257,15.374004,20.937353,0.019736,0.000731,5.085582,0.000000,0.000000,5.000000,0.087831,0,0
1784416354.867048,ADAPTIVEQF,TRACKING,254,14.746399,45.314219,0.019736,0.000731,5.085582,0.000000,0.000000,5.000000,0.087831,0,0
1784416354.892057,ADAPTIVEQF,TRACKING,255,14.872304,25.039490,0.019703,-0.004135,5.080088,0.000000,0.000000,5.000000,0.082580,0,0
1784416354.917057,ADAPTIVEQF,TRACKING,255,14.968585,24.986721,0.019555,-0.008268,5.074205,0.000000,0.000000,5.000000,0.077183,0,0
1784416354.942052,ADAPTIVEQF,TRACKING,257,15.014351,20.679331,0.019371,-0.009695,5.070567,0.000000,0.000000,5.000000,0.073817,0,0
1784416354.967058,ADAPTIVEQF,TRACKING,256,15.306058,45.977562,0.019371,-0.009695,5.070567,0.000000,0.000000,5.000000,0.073817,0,0
1784416354.992063,ADAPTIVEQF,TRACKING,254,15.066502,24.639116,0.019181,-0.011305,5.066124,0.000000,0.000000,5.000000,0.069772,0,0
1784416355.017062,ADAPTIVEQF,TRACKING,253,17.567011,27.401276,0.019029,-0.013078,5.061159,0.000000,0.000000,5.000000,0.065372,0,0
1784416355.042076,ADAPTIVEQF,TRACKING,238,15.421685,20.958722,0.017353,-0.013836,5.059674,0.000000,0.000000,5.000000,0.063668,0,0
1784416355.067082,ADAPTIVEQF,TRACKING,232,20.311462,50.854858,0.017353,-0.013836,5.059674,0.000000,0.000000,5.000000,0.063668,0,0
1784416355.092057,ADAPTIVEQF,TRACKING,202,12.115240,16.657103,0.015251,-0.014411,5.059780,0.000000,0.000000,5.000000,0.063355,0,0
1784416355.117058,ADAPTIVEQF,TRACKING,211,12.920042,25.710901,0.012763,-0.015369,5.060261,0.000000,0.000000,5.000000,0.063486,0,0
1784416355.142056,ADAPTIVEQF,TRACKING,215,13.266725,18.896668,0.010887,-0.016319,5.059093,0.000000,0.000000,5.000000,0.062265,0,0
1784416355.167059,ADAPTIVEQF,TRACKING,246,15.320241,45.954461,0.010887,-0.016319,5.059093,0.000000,0.000000,5.000000,0.062265,0,0
1784416355.192061,ADAPTIVEQF,TRACKING,242,14.826078,24.393710,0.006938,-0.016277,5.060494,0.000000,0.000000,5.000000,0.063029,0,0
1784416355.217060,ADAPTIVEQF,TRACKING,242,14.776440,24.831721,0.003144,-0.016450,5.059801,0.000000,0.000000,5.000000,0.062102,0,0
1784416355.242049,ADAPTIVEQF,TRACKING,243,14.613338,20.497022,-0.000515,-0.016746,5.057705,0.000000,0.000000,5.000000,0.060088,0,0
1784416355.267054,ADAPTIVEQF,TRACKING,246,14.728450,45.617152,-0.000515,-0.016746,5.057705,0.000000,0.000000,5.000000,0.060088,0,0
1784416355.292059,ADAPTIVEQF,TRACKING,248,14.468702,24.636798,-0.003525,-0.017037,5.056612,0.000000,0.000000,5.000000,0.059225,0,0
1784416355.317054,ADAPTIVEQF,TRACKING,252,14.734909,25.170668,-0.005313,-0.017310,5.058072,0.000000,0.000000,5.000000,0.060829,0,0
1784416355.342062,ADAPTIVEQF,TRACKING,254,14.833645,20.579979,-0.006813,-0.017567,5.058070,0.000000,0.000000,5.000000,0.061051,0,0
1784416355.367059,ADAPTIVEQF,TRACKING,256,14.905600,45.647437,-0.006813,-0.017567,5.058070,0.000000,0.000000,5.000000,0.061051,0,0
1784416355.392062,ADAPTIVEQF,TRACKING,257,14.946426,24.951743,-0.008327,-0.017848,5.057677,0.000000,0.000000,5.000000,0.060947,0,0
1784416355.417157,ADAPTIVEQF,TRACKING,257,14.953574,25.015111,-0.009912,-0.018421,5.058858,0.000000,0.000000,5.000000,0.062465,0,0
1784416355.442055,ADAPTIVEQF,TRACKING,257,15.029838,20.670926,-0.011507,-0.019181,5.061657,0.000000,0.000000,5.000000,0.065589,0,0
1784416355.467063,ADAPTIVEQF,TRACKING,257,14.940872,45.591755,-0.011507,-0.019181,5.061657,0.000000,0.000000,5.000000,0.065589,0,0
1784416355.492058,ADAPTIVEQF,TRACKING,257,14.950107,24.893604,-0.013025,-0.019983,5.063048,0.000000,0.000000,5.000000,0.067410,0,0
1784416355.517056,ADAPTIVEQF,TRACKING,257,14.932021,24.888619,-0.014809,-0.020917,5.062970,0.000000,0.000000,5.000000,0.067986,0,0
1784416355.542055,ADAPTIVEQF,TRACKING,258,14.931291,20.726970,-0.016844,-0.022268,5.066917,0.000000,0.000000,5.000000,0.072509,0,0
1784416355.567055,ADAPTIVEQF,TRACKING,258,14.990968,45.786409,-0.016844,-0.022268,5.066917,0.000000,0.000000,5.000000,0.072509,0,0
1784416355.592055,ADAPTIVEQF,TRACKING,258,15.007076,24.932571,-0.018937,-0.023798,5.071107,0.000000,0.000000,5.000000,0.077338,0,0
1784416355.617056,ADAPTIVEQF,TRACKING,258,14.971995,24.887375,-0.020762,-0.025282,5.073863,0.000000,0.000000,5.000000,0.080783,0,0
1784416355.642056,ADAPTIVEQF,TRACKING,258,14.978264,20.652234,-0.022316,-0.026702,5.074872,0.000000,0.000000,5.000000,0.082565,0,0
1784416355.667067,ADAPTIVEQF,TRACKING,258,15.026563,45.713239,-0.022316,-0.026702,5.074872,0.000000,0.000000,5.000000,0.082565,0,0
1784416355.692063,ADAPTIVEQF,TRACKING,258,15.484798,25.347657,-0.024261,-0.028109,5.076840,0.000000,0.000000,5.000000,0.085341,0,0
1784416355.717057,ADAPTIVEQF,TRACKING,255,14.770610,24.185903,-0.026283,-0.029750,5.077192,0.000000,0.000000,5.000000,0.086801,0,0
1784416355.742055,ADAPTIVEQF,TRACKING,255,14.724733,20.499050,-0.027609,-0.031014,5.075948,0.000000,0.000000,5.000000,0.086558,0,0
1784416355.767058,ADAPTIVEQF,TRACKING,256,14.892590,45.669170,-0.027609,-0.031014,5.075948,0.000000,0.000000,5.000000,0.086558,0,0
1784416355.792073,ADAPTIVEQF,TRACKING,258,15.059560,25.098841,-0.028656,-0.031903,5.074454,0.000000,0.000000,5.000000,0.085921,0,0
1784416355.817062,ADAPTIVEQF,TRACKING,258,14.970184,24.804682,-0.029564,-0.031912,5.074005,0.000000,0.000000,5.000000,0.085844,0,0
1784416355.842061,ADAPTIVEQF,TRACKING,257,14.983095,20.523673,-0.030269,-0.031910,5.073158,0.000000,0.000000,5.000000,0.085361,0,0
1784416355.867066,ADAPTIVEQF,TRACKING,257,15.009530,45.555780,-0.030269,-0.031910,5.073158,0.000000,0.000000,5.000000,0.085361,0,0
1784416355.892087,ADAPTIVEQF,TRACKING,257,14.945295,24.853845,-0.030793,-0.031826,5.072458,0.000000,0.000000,5.000000,0.084919,0,0
1784416355.917056,ADAPTIVEQF,TRACKING,257,14.921138,24.861380,-0.031018,-0.031974,5.074427,0.000000,0.000000,5.000000,0.086740,0,0
1784416355.942070,ADAPTIVEQF,TRACKING,257,14.919530,20.482309,-0.030794,-0.032294,5.078515,0.000000,0.000000,5.000000,0.090309,0,0
1784416355.967071,ADAPTIVEQF,TRACKING,258,15.046978,45.611589,-0.030794,-0.032294,5.078515,0.000000,0.000000,5.000000,0.090309,0,0
1784416355.992064,ADAPTIVEQF,TRACKING,257,14.846987,24.676563,-0.030528,-0.032400,5.080956,0.000000,0.000000,5.000000,0.092388,0,0
1784416356.017061,ADAPTIVEQF,TRACKING,258,14.930398,24.980747,-0.030186,-0.032350,5.082134,0.000000,0.000000,5.000000,0.093294,0,0
1784416356.042066,ADAPTIVEQF,TRACKING,258,14.941091,20.646491,-0.029895,-0.030981,5.088628,0.000000,0.000000,5.000000,0.098532,0,0
1784416356.067065,ADAPTIVEQF,TRACKING,259,15.055628,45.759371,-0.029895,-0.030981,5.088628,0.000000,0.000000,5.000000,0.098532,0,0
1784416356.092066,ADAPTIVEQF,TRACKING,258,14.959379,24.800571,-0.029551,-0.029101,5.095855,0.000000,0.000000,5.000000,0.104443,0,0
1784416356.117068,ADAPTIVEQF,TRACKING,258,15.083099,25.040015,-0.029011,-0.026567,5.102211,0.000000,0.000000,5.000000,0.109519,0,0
1784416356.142058,ADAPTIVEQF,TRACKING,257,14.918564,20.771247,-0.028493,-0.024369,5.104992,0.000000,0.000000,5.000000,0.111485,0,0
1784416356.167065,ADAPTIVEQF,TRACKING,257,15.486106,46.346436,-0.028493,-0.024369,5.104992,0.000000,0.000000,5.000000,0.111485,0,0
1784416356.192067,ADAPTIVEQF,TRACKING,254,15.392135,24.817818,-0.027093,-0.022505,5.108872,0.000000,0.000000,5.000000,0.114427,0,0
1784416356.217063,ADAPTIVEQF,TRACKING,251,14.590294,24.091260,-0.025660,-0.020459,5.111135,0.000000,0.000000,5.000000,0.115879,0,0
1784416356.242063,ADAPTIVEQF,TRACKING,251,14.570441,20.265182,-0.024128,-0.018249,5.112147,0.000000,0.000000,5.000000,0.116156,0,0
1784416356.267064,ADAPTIVEQF,TRACKING,254,14.808340,45.502991,-0.024128,-0.018249,5.112147,0.000000,0.000000,5.000000,0.116156,0,0
1784416356.292063,ADAPTIVEQF,TRACKING,257,14.994259,25.106718,-0.022709,-0.015579,5.112998,0.000000,0.000000,5.000000,0.116306,0,0
1784416356.317063,ADAPTIVEQF,TRACKING,257,14.906942,24.835500,-0.021696,-0.010899,5.114716,0.000000,0.000000,5.000000,0.117257,0,0
1784416356.342069,ADAPTIVEQF,TRACKING,257,14.954768,20.626817,-0.020770,-0.007212,5.115293,0.000000,0.000000,5.000000,0.117370,0,0
1784416356.367065,ADAPTIVEQF,TRACKING,257,14.959188,45.624622,-0.020770,-0.007212,5.115293,0.000000,0.000000,5.000000,0.117370,0,0
1784416356.392064,ADAPTIVEQF,TRACKING,258,14.927080,24.880330,-0.019781,-0.003635,5.114921,0.000000,0.000000,5.000000,0.116668,0,0
1784416356.417065,ADAPTIVEQF,TRACKING,258,14.970439,24.965003,-0.018020,0.000506,5.115438,0.000000,0.000000,5.000000,0.116838,0,0
1784416356.442055,ADAPTIVEQF,TRACKING,258,15.092376,20.639920,-0.015593,0.005123,5.116080,0.000000,0.000000,5.000000,0.117234,0,0
1784416356.467079,ADAPTIVEQF,TRACKING,258,15.161124,45.735253,-0.015593,0.005123,5.116080,0.000000,0.000000,5.000000,0.117234,0,0
1784416356.492069,ADAPTIVEQF,TRACKING,256,14.814010,24.536702,-0.013240,0.009480,5.116100,0.000000,0.000000,5.000000,0.117237,0,0
1784416356.517066,ADAPTIVEQF,TRACKING,256,14.932907,25.032354,-0.010307,0.014560,5.115132,0.000000,0.000000,5.000000,0.116506,0,0
1784416356.542067,ADAPTIVEQF,TRACKING,257,14.847433,20.522039,-0.008458,0.018206,5.114970,0.000000,0.000000,5.000000,0.116709,0,0
1784416356.567067,ADAPTIVEQF,TRACKING,258,15.094527,45.768770,-0.008458,0.018206,5.114970,0.000000,0.000000,5.000000,0.116709,0,0
1784416356.592068,ADAPTIVEQF,TRACKING,257,14.871484,24.671222,-0.006802,0.021512,5.114824,0.000000,0.000000,5.000000,0.117019,0,0
1784416356.617067,ADAPTIVEQF,TRACKING,258,14.936087,24.973354,-0.005205,0.024531,5.113950,0.000000,0.000000,5.000000,0.116677,0,0
1784416356.642071,ADAPTIVEQF,TRACKING,258,15.077526,20.794729,-0.003634,0.027342,5.111771,0.000000,0.000000,5.000000,0.115124,0,0
1784416356.667073,ADAPTIVEQF,TRACKING,258,14.918405,45.636062,-0.003634,0.027342,5.111771,0.000000,0.000000,5.000000,0.115124,0,0
1784416356.692074,ADAPTIVEQF,TRACKING,258,14.918309,24.901934,-0.003048,0.031966,5.113523,0.000000,0.000000,5.000000,0.117977,0,0
1784416356.717078,ADAPTIVEQF,TRACKING,258,15.016417,25.008003,-0.002262,0.037305,5.114682,0.000000,0.000000,5.000000,0.120618,0,0
1784416356.742069,ADAPTIVEQF,TRACKING,258,14.897389,20.753432,-0.001553,0.041283,5.113423,0.000000,0.000000,5.000000,0.120713,0,0
1784416356.767069,ADAPTIVEQF,TRACKING,258,14.988276,45.844169,-0.001553,0.041283,5.113423,0.000000,0.000000,5.000000,0.120713,0,0
1784416356.792081,ADAPTIVEQF,TRACKING,258,15.226617,25.160294,-0.000678,0.045263,5.110371,0.000000,0.000000,5.000000,0.119293,0,0
1784416356.817179,ADAPTIVEQF,TRACKING,257,14.942869,24.710596,0.000470,0.049835,5.107493,0.000000,0.000000,5.000000,0.118484,0,0
1784416356.842080,ADAPTIVEQF,TRACKING,256,15.028410,20.624482,0.001570,0.053936,5.104393,0.000000,0.000000,5.000000,0.117514,0,0
1784416356.867202,ADAPTIVEQF,TRACKING,255,14.903210,45.620906,0.001570,0.053936,5.104393,0.000000,0.000000,5.000000,0.117514,0,0
1784416356.892070,ADAPTIVEQF,TRACKING,256,14.853960,24.725586,0.002506,0.057605,5.102577,0.000000,0.000000,5.000000,0.117672,0,0
1784416356.917174,ADAPTIVEQF,TRACKING,256,15.801063,25.974503,0.003241,0.062164,5.101156,0.000000,0.000000,5.000000,0.118775,0,0
1784416356.942072,ADAPTIVEQF,TRACKING,252,15.407808,21.221335,0.003508,0.065934,5.099525,0.000000,0.000000,5.000000,0.119435,0,0
1784416356.967182,ADAPTIVEQF,TRACKING,248,14.426976,45.352253,0.003508,0.065934,5.099525,0.000000,0.000000,5.000000,0.119435,0,0
1784416356.992078,ADAPTIVEQF,TRACKING,248,15.043659,25.405224,0.003873,0.069278,5.096385,0.000000,0.000000,5.000000,0.118762,0,0
1784416357.017078,ADAPTIVEQF,TRACKING,250,14.511706,24.367441,0.004348,0.072089,5.092113,0.000000,0.000000,5.000000,0.117050,0,0
1784416357.042078,ADAPTIVEQF,TRACKING,254,15.640979,21.376203,0.005091,0.073901,5.090214,0.000000,0.000000,5.000000,0.116730,0,0
1784416357.067086,ADAPTIVEQF,TRACKING,249,14.439623,45.184422,0.005091,0.073901,5.090214,0.000000,0.000000,5.000000,0.116730,0,0
1784416357.092080,ADAPTIVEQF,TRACKING,253,14.807015,25.266623,0.005825,0.075136,5.088398,0.000000,0.000000,5.000000,0.116161,0,0
1784416357.117077,ADAPTIVEQF,TRACKING,252,14.647132,24.751803,0.006581,0.076174,5.087020,0.000000,0.000000,5.000000,0.115837,0,0
1784416357.142073,ADAPTIVEQF,TRACKING,257,15.084207,20.902593,0.007043,0.076704,5.084802,0.000000,0.000000,5.000000,0.114562,0,0
1784416357.167071,ADAPTIVEQF,TRACKING,256,15.044926,45.860430,0.007043,0.076704,5.084802,0.000000,0.000000,5.000000,0.114562,0,0
1784416357.192074,ADAPTIVEQF,TRACKING,256,14.917249,24.776847,0.007707,0.076441,5.086764,0.000000,0.000000,5.000000,0.115891,0,0
1784416357.217074,ADAPTIVEQF,TRACKING,256,14.898546,24.888455,0.008348,0.076012,5.086986,0.000000,0.000000,5.000000,0.115819,0,0
1784416357.242077,ADAPTIVEQF,TRACKING,256,14.972988,20.651404,0.008975,0.075445,5.086607,0.000000,0.000000,5.000000,0.115209,0,0
1784416357.267083,ADAPTIVEQF,TRACKING,257,14.883408,45.570003,0.008975,0.075445,5.086607,0.000000,0.000000,5.000000,0.115209,0,0
1784416357.292083,ADAPTIVEQF,TRACKING,257,15.161214,25.170485,0.008743,0.074434,5.087986,0.000000,0.000000,5.000000,0.115579,0,0
1784416357.317086,ADAPTIVEQF,TRACKING,256,15.806242,25.540323,0.005566,0.071826,5.096439,0.000000,0.000000,5.000000,0.120377,0,0
1784416357.342078,ADAPTIVEQF,TRACKING,251,14.833561,20.368959,0.003197,0.069664,5.100676,0.000000,0.000000,5.000000,0.122470,0,0
1784416357.367083,ADAPTIVEQF,TRACKING,250,14.630536,45.169113,0.003197,0.069664,5.100676,0.000000,0.000000,5.000000,0.122470,0,0
1784416357.392087,ADAPTIVEQF,TRACKING,250,14.650050,24.914094,0.000909,0.067384,5.103157,0.000000,0.000000,5.000000,0.123218,0,0
1784416357.417085,ADAPTIVEQF,TRACKING,255,15.015311,25.264711,-0.001840,0.065346,5.105870,0.000000,0.000000,5.000000,0.124426,0,0
1784416357.442065,ADAPTIVEQF,TRACKING,255,14.833099,20.478970,-0.004956,0.063377,5.108736,0.000000,0.000000,5.000000,0.125955,0,0
1784416357.467081,ADAPTIVEQF,TRACKING,256,14.850726,45.514321,-0.004956,0.063377,5.108736,0.000000,0.000000,5.000000,0.125955,0,0
1784416357.492081,ADAPTIVEQF,TRACKING,257,14.932441,24.964926,-0.007859,0.061168,5.110402,0.000000,0.000000,5.000000,0.126459,0,0
1784416357.517080,ADAPTIVEQF,TRACKING,258,14.992990,24.962466,-0.011067,0.058145,5.109538,0.000000,0.000000,5.000000,0.124506,0,0
1784416357.542076,ADAPTIVEQF,TRACKING,258,14.876440,20.627846,-0.012370,0.053422,5.109453,0.000000,0.000000,5.000000,0.122421,0,0
1784416357.567079,ADAPTIVEQF,TRACKING,258,14.977870,45.731165,-0.012370,0.053422,5.109453,0.000000,0.000000,5.000000,0.122421,0,0
1784416357.592076,ADAPTIVEQF,TRACKING,258,14.967431,24.905412,-0.013279,0.048031,5.107697,0.000000,0.000000,5.000000,0.118668,0,0
1784416357.617077,ADAPTIVEQF,TRACKING,259,15.589632,25.553719,-0.014130,0.042719,5.104350,0.000000,0.000000,5.000000,0.113638,0,0
1784416357.642078,ADAPTIVEQF,TRACKING,255,14.962253,20.720064,-0.014966,0.037418,5.100694,0.000000,0.000000,5.000000,0.108459,0,0
1784416357.667078,ADAPTIVEQF,TRACKING,254,14.774521,45.532564,-0.014966,0.037418,5.100694,0.000000,0.000000,5.000000,0.108459,0,0
1784416357.692077,ADAPTIVEQF,TRACKING,254,14.872067,25.017015,-0.016028,0.034095,5.100004,0.000000,0.000000,5.000000,0.106865,0,0
1784416357.717115,ADAPTIVEQF,TRACKING,256,14.937512,25.029743,-0.017158,0.029784,5.095665,0.000000,0.000000,5.000000,0.101653,0,0
1784416357.742084,ADAPTIVEQF,TRACKING,257,14.939598,20.758627,-0.017861,0.026255,5.091078,0.000000,0.000000,5.000000,0.096455,0,0
1784416357.767082,ADAPTIVEQF,TRACKING,257,14.943821,45.759702,-0.017861,0.026255,5.091078,0.000000,0.000000,5.000000,0.096455,0,0
1784416357.792085,ADAPTIVEQF,TRACKING,257,14.927639,24.903991,-0.018509,0.022332,5.087900,0.000000,0.000000,5.000000,0.092562,0,0
1784416357.817118,ADAPTIVEQF,TRACKING,258,15.037584,25.052599,-0.019390,0.017473,5.086499,0.000000,0.000000,5.000000,0.090352,0,0
1784416357.842082,ADAPTIVEQF,TRACKING,257,15.009881,20.678004,-0.020182,0.012800,5.083371,0.000000,0.000000,5.000000,0.086729,0,0
1784416357.867086,ADAPTIVEQF,TRACKING,257,16.218289,46.891260,-0.020182,0.012800,5.083371,0.000000,0.000000,5.000000,0.086729,0,0
1784416357.892093,ADAPTIVEQF,TRACKING,250,14.522726,23.188132,-0.020880,0.008254,5.079260,0.000000,0.000000,5.000000,0.082379,0,0
1784416357.917088,ADAPTIVEQF,TRACKING,250,14.532387,24.903407,-0.021085,0.003417,5.075272,0.000000,0.000000,5.000000,0.078244,0,0
1784416357.942080,ADAPTIVEQF,TRACKING,250,14.578399,20.230530,-0.020610,0.000403,5.073555,0.000000,0.000000,5.000000,0.076389,0,0
1784416357.967089,ADAPTIVEQF,TRACKING,257,15.013991,45.675756,-0.020610,0.000403,5.073555,0.000000,0.000000,5.000000,0.076389,0,0
1784416357.992087,ADAPTIVEQF,TRACKING,257,14.941516,24.834646,-0.020141,-0.002587,5.071301,0.000000,0.000000,5.000000,0.074136,0,0
1784416358.017085,ADAPTIVEQF,TRACKING,257,15.699714,25.663992,-0.019665,-0.005547,5.068930,0.000000,0.000000,5.000000,0.071894,0,0
1784416358.042084,ADAPTIVEQF,TRACKING,253,14.608758,20.337286,-0.019923,-0.010819,5.069918,0.000000,0.000000,5.000000,0.073501,0,0
1784416358.067088,ADAPTIVEQF,TRACKING,254,14.689329,45.423524,-0.019923,-0.010819,5.069918,0.000000,0.000000,5.000000,0.073501,0,0
1784416358.092085,ADAPTIVEQF,TRACKING,254,15.106793,25.333349,-0.020290,-0.016607,5.071758,0.000000,0.000000,5.000000,0.076398,0,0
1784416358.117088,ADAPTIVEQF,TRACKING,257,15.363275,25.170696,-0.020545,-0.023308,5.072104,0.000000,0.000000,5.000000,0.078514,0,0
1784416358.142135,ADAPTIVEQF,TRACKING,254,14.958986,20.743941,-0.020559,-0.028243,5.070301,0.000000,0.000000,5.000000,0.078502,0,0
1784416358.167087,ADAPTIVEQF,TRACKING,252,14.666840,45.403248,-0.020559,-0.028243,5.070301,0.000000,0.000000,5.000000,0.078502,0,0
1784416358.192086,ADAPTIVEQF,TRACKING,254,14.865619,25.091297,-0.019462,-0.031613,5.072889,0.000000,0.000000,5.000000,0.081798,0,0
1784416358.217085,ADAPTIVEQF,TRACKING,256,15.352459,25.394533,-0.018310,-0.034732,5.073815,0.000000,0.000000,5.000000,0.083608,0,0
1784416358.242087,ADAPTIVEQF,TRACKING,254,14.773349,20.558231,-0.017137,-0.037588,5.072856,0.000000,0.000000,5.000000,0.083752,0,0
1784416358.267206,ADAPTIVEQF,TRACKING,254,14.783186,45.687734,-0.017137,-0.037588,5.072856,0.000000,0.000000,5.000000,0.083752,0,0
1784416358.292086,ADAPTIVEQF,TRACKING,255,15.109489,25.114472,-0.015544,-0.040155,5.071794,0.000000,0.000000,5.000000,0.083717,0,0
1784416358.317086,ADAPTIVEQF,TRACKING,256,15.318708,25.122068,-0.012385,-0.042677,5.070888,0.000000,0.000000,5.000000,0.083664,0,0
1784416358.342082,ADAPTIVEQF,TRACKING,253,15.307305,20.918619,-0.010052,-0.044405,5.070171,0.000000,0.000000,5.000000,0.083647,0,0
1784416358.367203,ADAPTIVEQF,TRACKING,250,15.393088,46.124144,-0.010052,-0.044405,5.070171,0.000000,0.000000,5.000000,0.083647,0,0
1784416358.392107,ADAPTIVEQF,TRACKING,247,24.143179,33.537792,-0.007853,-0.045951,5.068064,0.000000,0.000000,5.000000,0.082498,0,0
1784416358.417093,ADAPTIVEQF,TRACKING,204,12.659239,13.327894,-0.005452,-0.047465,5.066401,0.000000,0.000000,5.000000,0.081803,0,0
