epoch_sec,mode,phase,N,mppi_call_ms,state_to_command_latency_ms,pos_x,pos_y,pos_z,target_x,target_y,target_z,pos_error_m,deadline_miss
1784410440.046216,CONST200,TAKEOFF,0,0.000000,30.786138,0.274530,0.121287,0.975270,0.274530,0.121287,1.016562,0.041292,0
1784410440.096203,CONST200,TAKEOFF,0,0.000000,12.709844,0.275326,0.118150,0.978719,0.274530,0.121287,1.083620,0.104952,0
1784410440.146200,CONST200,TAKEOFF,0,0.000000,30.545747,0.275646,0.116686,0.980481,0.274530,0.121287,1.150695,0.170280,0
1784410440.196214,CONST200,TAKEOFF,0,0.000000,12.696517,0.279314,0.115495,0.992992,0.274530,0.121287,1.217794,0.224927,0
1784410440.246189,CONST200,TAKEOFF,0,0.000000,30.464104,0.281121,0.115193,0.998993,0.274530,0.121287,1.284838,0.285986,0
1784410440.296166,CONST200,TAKEOFF,0,0.000000,11.907630,0.286314,0.113244,1.008799,0.274530,0.121287,1.351887,0.343384,0
1784410440.346207,CONST200,TAKEOFF,0,0.000000,30.872418,0.289600,0.111754,1.012723,0.274530,0.121287,1.419020,0.406688,0
1784410440.396181,CONST200,TAKEOFF,0,0.000000,12.667287,0.295900,0.108598,1.019467,0.274530,0.121287,1.486064,0.467259,0
1784410440.446198,CONST200,TAKEOFF,0,0.000000,29.930909,0.297041,0.106754,1.016174,0.274530,0.121287,1.553166,0.537660,0
1784410440.496187,CONST200,TAKEOFF,0,0.000000,12.651210,0.299114,0.103620,1.011134,0.274530,0.121287,1.620230,0.609847,0
1784410440.546196,CONST200,TAKEOFF,0,0.000000,30.641284,0.300146,0.102658,1.009321,0.274530,0.121287,1.687321,0.678740,0
1784410440.596188,CONST200,TAKEOFF,0,0.000000,12.641014,0.302632,0.101789,1.006823,0.274530,0.121287,1.754389,0.748348,0
1784410440.646200,CONST200,TAKEOFF,0,0.000000,30.301184,0.303656,0.101556,1.006048,0.274530,0.121287,1.821484,0.816195,0
1784410440.696197,CONST200,TAKEOFF,0,0.000000,12.218430,0.303696,0.099706,1.009445,0.274530,0.121287,1.888559,0.879862,0
1784410440.746203,CONST200,TAKEOFF,0,0.000000,30.487458,0.303662,0.098973,1.011472,0.274530,0.121287,1.955645,0.944886,0
1784410440.796172,CONST200,TAKEOFF,0,0.000000,12.610461,0.301400,0.099787,1.016688,0.274530,0.121287,2.022682,1.006583,0
1784410440.846203,CONST200,TAKEOFF,0,0.000000,30.594223,0.299311,0.101284,1.019161,0.274530,0.121287,2.089803,1.071115,0
1784410440.896195,CONST200,TAKEOFF,0,0.000000,12.669154,0.295291,0.104409,1.023880,0.274530,0.121287,2.156871,1.133307,0
1784410440.946195,CONST200,TAKEOFF,0,0.000000,30.564123,0.292225,0.106332,1.025256,0.274530,0.121287,2.223951,1.198918,0
1784410440.996189,CONST200,TAKEOFF,0,0.000000,12.628535,0.286042,0.110606,1.028807,0.274530,0.121287,2.291021,1.262312,0
1784410441.046199,CONST200,TAKEOFF,0,0.000000,30.322077,0.283582,0.113138,1.032084,0.274530,0.121287,2.358113,1.326085,0
1784410441.096174,CONST200,TAKEOFF,0,0.000000,12.553916,0.279142,0.118992,1.041560,0.274530,0.121287,2.425157,1.383607,0
1784410441.146199,CONST200,TAKEOFF,0,0.000000,30.619874,0.277154,0.121649,1.045989,0.274530,0.121287,2.492270,1.446284,0
1784410441.196193,CONST200,TAKEOFF,0,0.000000,12.645803,0.273439,0.125090,1.050221,0.274530,0.121287,2.559341,1.509126,0
1784410441.246193,CONST200,TAKEOFF,0,0.000000,30.551799,0.271994,0.126343,1.051474,0.274530,0.121287,2.626420,1.574957,0
1784410441.296199,CONST200,TAKEOFF,0,0.000000,12.599057,0.270302,0.131875,1.055180,0.274530,0.121287,2.693506,1.638366,0
1784410441.346191,CONST200,TAKEOFF,0,0.000000,30.591060,0.269974,0.135939,1.057470,0.274530,0.121287,2.760575,1.703175,0
1784410441.396163,CONST200,TAKEOFF,0,0.000000,12.545080,0.269497,0.144885,1.062253,0.274530,0.121287,2.827616,1.765528,0
1784410441.446184,CONST200,TAKEOFF,0,0.000000,30.450450,0.269974,0.149041,1.062651,0.274530,0.121287,2.894723,1.832288,0
1784410441.496177,CONST200,TAKEOFF,0,0.000000,12.415409,0.271080,0.156939,1.064084,0.274530,0.121287,2.961792,1.898046,0
1784410441.546188,CONST200,TAKEOFF,0,0.000000,30.562731,0.271188,0.160640,1.063880,0.274530,0.121287,3.028886,1.965403,0
1784410441.596204,CONST200,TAKEOFF,0,0.000000,12.509892,0.270515,0.168197,1.062152,0.274530,0.121287,3.095986,2.034379,0
1784410441.646189,CONST200,TAKEOFF,0,0.000000,30.709394,0.270397,0.171398,1.061798,0.274530,0.121287,3.163046,2.101849,0
1784410441.696173,CONST200,TAKEOFF,0,0.000000,12.521494,0.266586,0.177213,1.059539,0.274530,0.121287,3.230102,2.171298,0
1784410441.746198,CONST200,TAKEOFF,0,0.000000,30.599920,0.264649,0.179916,1.058729,0.274530,0.121287,3.297215,2.239276,0
1784410441.796190,CONST200,TAKEOFF,0,0.000000,12.468982,0.259403,0.186249,1.058774,0.274530,0.121287,3.364284,2.306475,0
1784410441.846184,CONST200,TAKEOFF,0,0.000000,30.567680,0.256582,0.189169,1.059485,0.274530,0.121287,3.431354,2.372908,0
1784410441.896193,CONST200,TAKEOFF,0,0.000000,12.560607,0.251073,0.194393,1.061050,0.274530,0.121287,3.498444,2.438603,0
1784410441.946193,CONST200,TAKEOFF,0,0.000000,30.623672,0.247169,0.195682,1.060405,0.274530,0.121287,3.565524,2.506373,0
1784410441.996179,CONST200,TAKEOFF,0,0.000000,12.404488,0.239213,0.198324,1.060299,0.274530,0.121287,3.632584,2.573680,0
1784410442.046201,CONST200,TAKEOFF,0,0.000000,30.188481,0.236327,0.198963,1.059677,0.274530,0.121287,3.699692,2.641433,0
1784410442.096171,CONST200,TAKEOFF,0,0.000000,12.607597,0.231579,0.199205,1.057757,0.274530,0.121287,3.766731,2.710435,0
1784410442.146202,CONST200,TAKEOFF,0,0.000000,30.566419,0.229358,0.199325,1.057310,0.274530,0.121287,3.833851,2.778004,0
1784410442.196181,CONST200,TAKEOFF,0,0.000000,12.528702,0.229850,0.203878,1.060436,0.274530,0.121287,3.900901,2.842017,0
1784410442.246193,CONST200,TAKEOFF,0,0.000000,30.523976,0.230526,0.206107,1.062289,0.274530,0.121287,3.967997,2.907278,0
1784410442.296184,CONST200,TAKEOFF,0,0.000000,12.414953,0.232199,0.209476,1.067226,0.274530,0.121287,4.035063,2.969448,0
1784410442.346207,CONST200,TAKEOFF,0,0.000000,30.403969,0.233137,0.210726,1.070149,0.274530,0.121287,4.102174,3.033626,0
1784410442.396191,CONST200,TAKEOFF,0,0.000000,12.444993,0.234711,0.213247,1.076395,0.274530,0.121287,4.169231,3.094459,0
1784410442.446210,CONST200,TAKEOFF,0,0.000000,30.513442,0.236104,0.213331,1.077985,0.274530,0.121287,4.236335,3.159924,0
1784410442.496196,CONST200,TAKEOFF,0,0.000000,12.207586,0.238283,0.213659,1.081500,0.274530,0.121287,4.303394,3.223422,0
1784410442.546214,CONST200,TAKEOFF,0,0.000000,30.523072,0.239598,0.213790,1.080823,0.274530,0.121287,4.370498,3.291161,0
1784410442.596195,CONST200,TAKEOFF,0,0.000000,12.427962,0.242966,0.213918,1.075129,0.274530,0.121287,4.437551,3.363846,0
1784410442.646199,CONST200,TAKEOFF,0,0.000000,30.539703,0.244230,0.214076,1.073152,0.274530,0.121287,4.504635,3.432871,0
1784410442.696187,CONST200,TAKEOFF,0,0.000000,12.496918,0.247124,0.211220,1.073545,0.274530,0.121287,4.571698,3.499416,0
1784410442.746183,CONST200,TAKEOFF,0,0.000000,30.290001,0.248346,0.209809,1.074164,0.274530,0.121287,4.638772,3.565803,0
1784410442.796198,CONST200,TAKEOFF,0,0.000000,12.429249,0.248464,0.206724,1.078403,0.274530,0.121287,4.705871,3.628568,0
1784410442.846179,CONST200,TAKEOFF,0,0.000000,30.525401,0.247291,0.205315,1.081534,0.274530,0.121287,4.772925,3.692448,0
1784410442.896177,CONST200,TAKEOFF,0,0.000000,12.426011,0.244946,0.203165,1.087397,0.274530,0.121287,4.839998,3.753611,0
1784410442.946208,CONST200,TAKEOFF,0,0.000000,30.588446,0.244168,0.202936,1.089170,0.274530,0.121287,4.907120,3.818944,0
1784410442.996184,CONST200,TAKEOFF,0,0.000000,12.501511,0.242310,0.202637,1.093550,0.274530,0.121287,4.974167,3.881603,0
1784410443.046196,CONST200,WAITING,0,0.000000,30.264217,0.241577,0.203296,1.093809,0.274530,0.121287,5.000000,3.907190,0
1784410443.096187,CONST200,WAITING,0,0.000000,11.954262,0.240174,0.206071,1.091854,0.000000,0.000000,5.000000,3.920938,0
1784410443.146205,CONST200,TRACKING,200,20.264041,50.794425,0.239405,0.207473,1.091332,0.000000,0.000000,5.000000,3.921485,0
1784410443.196177,CONST200,TRACKING,200,20.517760,33.020574,0.236585,0.206361,1.091288,0.000000,0.000000,5.000000,3.921300,0
1784410443.246206,CONST200,TRACKING,200,20.293469,49.618736,0.235245,0.205673,1.091606,0.000000,0.000000,5.000000,3.920866,0
1784410443.296199,CONST200,TRACKING,200,19.943653,32.573207,0.230157,0.204036,1.091199,0.000000,0.000000,5.000000,3.920884,0
1784410443.346174,CONST200,TRACKING,200,20.590560,50.517263,0.226632,0.203066,1.090534,0.000000,0.000000,5.000000,3.921291,0
1784410443.396175,CONST200,TRACKING,200,20.242735,32.752818,0.219054,0.201028,1.090057,0.000000,0.000000,5.000000,3.921231,0
1784410443.446220,CONST200,TRACKING,200,20.494684,50.195734,0.215525,0.198949,1.089878,0.000000,0.000000,5.000000,3.921108,0
1784410443.496184,CONST200,TRACKING,200,20.309006,32.907702,0.208985,0.195414,1.090301,0.000000,0.000000,5.000000,3.920154,0
1784410443.546197,CONST200,TRACKING,200,17.551175,47.157150,0.206537,0.193814,1.090627,0.000000,0.000000,5.000000,3.919620,0
1784410443.596191,CONST200,TRACKING,200,16.281992,28.794467,0.202426,0.190597,1.091783,0.000000,0.000000,5.000000,3.918094,0
1784410443.646195,CONST200,TRACKING,200,20.408350,51.104868,0.200517,0.189468,1.092545,0.000000,0.000000,5.000000,3.917182,0
1784410443.696162,CONST200,TRACKING,200,21.408598,33.741220,0.199535,0.190445,1.099155,0.000000,0.000000,5.000000,3.910585,0
1784410443.746209,CONST200,TRACKING,200,21.617618,50.160323,0.199041,0.191063,1.102688,0.000000,0.000000,5.000000,3.907066,0
1784410443.796190,CONST200,TRACKING,200,20.806034,33.174968,0.199015,0.191529,1.103438,0.000000,0.000000,5.000000,3.906339,0
1784410443.846279,CONST200,TRACKING,200,20.224555,49.408103,0.199677,0.191325,1.100381,0.000000,0.000000,5.000000,3.909412,0
1784410443.896179,CONST200,TRACKING,200,20.168529,32.531705,0.200390,0.191384,1.095411,0.000000,0.000000,5.000000,3.914409,0
1784410443.946198,CONST200,TRACKING,200,19.510072,49.246186,0.200948,0.193023,1.091838,0.000000,0.000000,5.000000,3.918082,0
1784410443.996170,CONST200,TRACKING,200,20.153801,32.645256,0.201498,0.196292,1.085867,0.000000,0.000000,5.000000,3.924228,0
1784410444.046193,CONST200,TRACKING,200,21.076584,50.843822,0.202479,0.198751,1.087329,0.000000,0.000000,5.000000,3.922945,0
1784410444.096152,CONST200,TRACKING,200,20.101175,32.557934,0.205844,0.205203,1.096724,0.000000,0.000000,5.000000,3.914082,0
1784410444.146205,CONST200,TRACKING,200,20.095004,49.955836,0.207115,0.208232,1.101097,0.000000,0.000000,5.000000,3.909949,0
1784410444.196190,CONST200,TRACKING,200,22.433339,34.832466,0.207679,0.212577,1.112572,0.000000,0.000000,5.000000,3.898771,0
1784410444.246194,CONST200,TRACKING,200,20.589943,48.049457,0.207487,0.214184,1.117502,0.000000,0.000000,5.000000,3.893933,0
1784410444.296182,CONST200,TRACKING,200,20.230733,32.797615,0.206795,0.216001,1.122303,0.000000,0.000000,5.000000,3.889210,0
1784410444.346201,CONST200,TRACKING,200,20.588775,50.267898,0.206310,0.216263,1.122581,0.000000,0.000000,5.000000,3.888922,0
1784410444.396218,CONST200,TRACKING,200,20.479252,32.990399,0.204938,0.216206,1.123054,0.000000,0.000000,5.000000,3.888375,0
1784410444.446210,CONST200,TRACKING,200,20.489188,49.889668,0.204339,0.213089,1.120592,0.000000,0.000000,5.000000,3.890626,0
1784410444.496171,CONST200,TRACKING,200,19.703462,32.292044,0.202925,0.207675,1.116891,0.000000,0.000000,5.000000,3.893950,0
1784410444.546203,CONST200,TRACKING,200,19.667418,49.875928,0.202869,0.204242,1.113984,0.000000,0.000000,5.000000,3.896664,0
1784410444.596211,CONST200,TRACKING,200,18.978387,31.620053,0.204199,0.195413,1.105894,0.000000,0.000000,5.000000,3.904349,0
1784410444.646205,CONST200,TRACKING,200,18.503393,49.320084,0.204663,0.192095,1.103043,0.000000,0.000000,5.000000,3.907053,0
1784410444.696209,CONST200,TRACKING,200,19.977459,32.340517,0.205922,0.189258,1.097832,0.000000,0.000000,5.000000,3.912178,0
1784410444.746194,CONST200,TRACKING,200,19.903560,49.812853,0.206389,0.188374,1.095770,0.000000,0.000000,5.000000,3.914217,0
1784410444.796177,CONST200,TRACKING,200,20.037189,32.537712,0.207212,0.184171,1.094034,0.000000,0.000000,5.000000,3.915792,0
1784410444.846199,CONST200,TRACKING,200,20.209003,50.090446,0.207482,0.181220,1.094454,0.000000,0.000000,5.000000,3.915249,0
1784410444.896187,CONST200,TRACKING,200,17.477252,29.673379,0.208486,0.176644,1.094928,0.000000,0.000000,5.000000,3.914621,0
1784410444.946182,CONST200,TRACKING,200,20.147868,50.858319,0.210733,0.175480,1.092384,0.000000,0.000000,5.000000,3.917227,0
1784410444.996150,CONST200,TRACKING,200,20.254155,32.847198,0.214925,0.173259,1.088257,0.000000,0.000000,5.000000,3.921472,0
1784410445.046201,CONST200,TRACKING,200,18.680567,48.360319,0.217449,0.172433,1.086267,0.000000,0.000000,5.000000,3.923560,0
1784410445.096184,CONST200,TRACKING,200,21.310525,33.764831,0.223221,0.171011,1.082419,0.000000,0.000000,5.000000,3.927660,0
1784410445.146195,CONST200,TRACKING,200,18.909254,47.508626,0.224911,0.170204,1.081530,0.000000,0.000000,5.000000,3.928608,0
1784410445.196163,CONST200,TRACKING,200,20.161147,32.726669,0.224189,0.166542,1.080205,0.000000,0.000000,5.000000,3.929731,0
1784410445.246194,CONST200,TRACKING,200,20.310131,50.070767,0.222938,0.164692,1.080183,0.000000,0.000000,5.000000,3.929605,0
1784410445.296166,CONST200,TRACKING,200,21.087725,33.655208,0.221730,0.161199,1.082168,0.000000,0.000000,5.000000,3.927411,0
1784410445.346196,CONST200,TRACKING,200,19.016033,47.858933,0.221277,0.159512,1.084834,0.000000,0.000000,5.000000,3.924657,0
1784410445.396175,CONST200,TRACKING,200,19.989634,32.648835,0.217531,0.155497,1.098239,0.000000,0.000000,5.000000,3.910912,0
1784410445.446201,CONST200,TRACKING,200,19.793612,49.734237,0.213305,0.154016,1.107621,0.000000,0.000000,5.000000,3.901261,0
1784410445.496199,CONST200,TRACKING,200,20.026097,32.694100,0.204929,0.148884,1.132863,0.000000,0.000000,5.000000,3.875424,0
1784410445.546173,CONST200,TRACKING,200,20.160041,50.003128,0.201387,0.144974,1.147412,0.000000,0.000000,5.000000,3.860571,0
1784410445.596167,CONST200,TRACKING,200,20.279403,32.778886,0.195191,0.133660,1.186642,0.000000,0.000000,5.000000,3.820689,0
1784410445.646214,CONST200,TRACKING,200,19.477643,49.139143,0.193025,0.128314,1.207249,0.000000,0.000000,5.000000,3.799826,0
1784410445.696187,CONST200,TRACKING,200,19.820561,32.462128,0.189337,0.112172,1.259087,0.000000,0.000000,5.000000,3.747380,0
1784410445.746208,CONST200,TRACKING,200,20.484850,50.563519,0.187694,0.104223,1.288716,0.000000,0.000000,5.000000,3.717489,0
1784410445.796192,CONST200,TRACKING,200,19.713699,32.368600,0.184354,0.087248,1.358111,0.000000,0.000000,5.000000,3.647596,0
1784410445.846209,CONST200,TRACKING,200,19.942780,50.132723,0.182744,0.079780,1.389417,0.000000,0.000000,5.000000,3.616085,0
1784410445.896196,CONST200,TRACKING,200,19.855753,32.580453,0.179319,0.065341,1.456533,0.000000,0.000000,5.000000,3.548603,0
1784410445.946222,CONST200,TRACKING,200,20.361016,50.409543,0.178420,0.059086,1.491171,0.000000,0.000000,5.000000,3.513859,0
1784410445.996206,CONST200,TRACKING,200,19.801349,32.551624,0.177087,0.044673,1.573052,0.000000,0.000000,5.000000,3.431811,0
1784410446.046201,CONST200,TRACKING,200,19.957889,50.008042,0.177633,0.037512,1.609292,0.000000,0.000000,5.000000,3.395565,0
1784410446.096193,CONST200,TRACKING,200,19.818970,32.471172,0.180149,0.021913,1.681476,0.000000,0.000000,5.000000,3.323482,0
1784410446.146227,CONST200,TRACKING,200,19.871674,49.981474,0.180836,0.014032,1.718506,0.000000,0.000000,5.000000,3.286503,0
1784410446.196195,CONST200,TRACKING,200,18.419898,31.060392,0.182739,-0.004304,1.799925,0.000000,0.000000,5.000000,3.205292,0
1784410446.246206,CONST200,TRACKING,200,21.093783,51.812377,0.183385,-0.012900,1.837123,0.000000,0.000000,5.000000,3.168216,0
1784410446.296139,CONST200,TRACKING,200,15.736035,28.493872,0.183395,-0.030617,1.913982,0.000000,0.000000,5.000000,3.091614,0
1784410446.346146,CONST200,TRACKING,200,19.380900,50.255373,0.182582,-0.039587,1.954832,0.000000,0.000000,5.000000,3.050894,0
1784410446.396140,CONST200,TRACKING,200,13.682979,26.519474,0.180715,-0.059756,2.049484,0.000000,0.000000,5.000000,2.956648,0
1784410446.446115,CONST200,TRACKING,200,14.428939,45.205265,0.182110,-0.071725,2.090141,0.000000,0.000000,5.000000,2.916435,0
1784410446.496143,CONST200,TRACKING,200,16.162710,29.046250,0.183015,-0.092865,2.173961,0.000000,0.000000,5.000000,2.833481,0
1784410446.546143,CONST200,TRACKING,200,18.922071,49.735504,0.182466,-0.101631,2.215425,0.000000,0.000000,5.000000,2.792397,0
1784410446.596159,CONST200,TRACKING,200,18.609972,24.970765,0.179297,-0.117209,2.309528,0.000000,0.000000,5.000000,2.698986,0
1784410446.646129,CONST200,TRACKING,200,13.379369,44.185251,0.177394,-0.122882,2.352472,0.000000,0.000000,5.000000,2.656308,0
1784410446.696139,CONST200,TRACKING,200,18.557468,31.379501,0.171136,-0.130775,2.443759,0.000000,0.000000,5.000000,2.565299,0
1784410446.746183,CONST200,TRACKING,200,18.078574,43.942073,0.168543,-0.134449,2.490327,0.000000,0.000000,5.000000,2.518917,0
1784410446.796151,CONST200,TRACKING,200,14.319182,24.656972,0.164893,-0.142795,2.593931,0.000000,0.000000,5.000000,2.415936,0
1784410446.846143,CONST200,TRACKING,200,17.197766,43.265875,0.164410,-0.146381,2.638838,0.000000,0.000000,5.000000,2.371402,0
1784410446.896150,CONST200,TRACKING,200,15.934183,28.785377,0.165233,-0.152015,2.729758,0.000000,0.000000,5.000000,2.281317,0
1784410446.946141,CONST200,TRACKING,200,16.342892,46.729295,0.167095,-0.152620,2.774576,0.000000,0.000000,5.000000,2.236901,0
1784410446.996133,CONST200,TRACKING,200,14.566512,27.423314,0.170891,-0.153636,2.875995,0.000000,0.000000,5.000000,2.136400,0
1784410447.046136,CONST200,TRACKING,200,14.922184,44.053418,0.172459,-0.153805,2.922921,0.000000,0.000000,5.000000,2.089894,0
1784410447.096182,CONST200,TRACKING,200,15.763166,28.633076,0.175305,-0.153668,3.019899,0.000000,0.000000,5.000000,1.993777,0
1784410447.146172,CONST200,TRACKING,200,17.804222,48.708749,0.176157,-0.153624,3.069025,0.000000,0.000000,5.000000,1.945070,0
1784410447.196189,CONST200,TRACKING,200,19.745216,32.444440,0.180248,-0.151271,3.182903,0.000000,0.000000,5.000000,1.832270,0
1784410447.246169,CONST200,TRACKING,200,18.743190,48.875792,0.181880,-0.150241,3.233852,0.000000,0.000000,5.000000,1.781834,0
1784410447.296166,CONST200,TRACKING,200,19.662085,32.348496,0.183770,-0.148631,3.336479,0.000000,0.000000,5.000000,1.680227,0
1784410447.346176,CONST200,TRACKING,200,17.325932,47.556479,0.184111,-0.147984,3.387828,0.000000,0.000000,5.000000,1.629385,0
1784410447.396158,CONST200,TRACKING,200,15.879560,28.655320,0.184215,-0.146718,3.502517,0.000000,0.000000,5.000000,1.515888,0
1784410447.446182,CONST200,TRACKING,200,18.739637,49.443714,0.184721,-0.146867,3.550272,0.000000,0.000000,5.000000,1.468810,0
1784410447.496179,CONST200,TRACKING,200,17.876201,30.443192,0.184615,-0.146335,3.645914,0.000000,0.000000,5.000000,1.374426,0
1784410447.546198,CONST200,TRACKING,200,19.126070,49.982208,0.185012,-0.144382,3.694592,0.000000,0.000000,5.000000,1.326336,0
1784410447.596210,CONST200,TRACKING,200,18.429893,31.166031,0.186657,-0.135819,3.806867,0.000000,0.000000,5.000000,1.215259,0
1784410447.646193,CONST200,TRACKING,200,18.817549,49.616986,0.186553,-0.131213,3.856549,0.000000,0.000000,5.000000,1.165975,0
1784410447.696181,CONST200,TRACKING,200,18.440639,31.193882,0.189931,-0.118008,3.958228,0.000000,0.000000,5.000000,1.065500,0
1784410447.746172,CONST200,TRACKING,200,18.106221,48.992659,0.190793,-0.110723,4.008516,0.000000,0.000000,5.000000,1.015727,0
1784410447.796197,CONST200,TRACKING,200,19.202315,31.868607,0.191003,-0.092265,4.122823,0.000000,0.000000,5.000000,0.902461,0
1784410447.846199,CONST200,TRACKING,200,19.567349,50.267649,0.190519,-0.083130,4.173995,0.000000,0.000000,5.000000,0.851758,0
1784410447.896205,CONST200,TRACKING,200,19.411857,32.025768,0.187889,-0.064319,4.273996,0.000000,0.000000,5.000000,0.752675,0
1784410447.946216,CONST200,TRACKING,200,18.233018,48.730431,0.185209,-0.053502,4.321512,0.000000,0.000000,5.000000,0.705344,0
1784410447.996184,CONST200,TRACKING,200,20.077860,32.752652,0.177453,-0.031180,4.425884,0.000000,0.000000,5.000000,0.601723,0
1784410448.046228,CONST200,TRACKING,200,20.063123,49.937620,0.173560,-0.021954,4.470397,0.000000,0.000000,5.000000,0.557749,0
1784410448.096202,CONST200,TRACKING,200,18.624700,31.203569,0.164599,-0.004445,4.560437,0.000000,0.000000,5.000000,0.469391,0
1784410448.146199,CONST200,TRACKING,200,19.134592,49.912082,0.159340,0.003820,4.604971,0.000000,0.000000,5.000000,0.425972,0
1784410448.196178,CONST200,TRACKING,200,18.771507,31.476662,0.144138,0.017899,4.689221,0.000000,0.000000,5.000000,0.343044,0
1784410448.246196,CONST200,TRACKING,200,19.630394,50.449880,0.136437,0.023866,4.721349,0.000000,0.000000,5.000000,0.311177,0
1784410448.296204,CONST200,TRACKING,200,19.008489,31.823566,0.118344,0.035195,4.782745,2.000000,0.000000,5.000000,1.894483,0
1784410448.346198,CONST200,TRACKING,200,20.376859,51.178611,0.108369,0.040476,4.810493,2.000000,0.000000,5.000000,1.901531,0
1784410448.396184,CONST200,TRACKING,200,18.847471,31.529861,0.085945,0.052484,4.863022,2.000000,0.000000,5.000000,1.919668,0
1784410448.446217,CONST200,TRACKING,200,19.941281,50.634996,0.075515,0.059783,4.885082,2.000000,0.000000,5.000000,1.928840,0
1784410448.496176,CONST200,TRACKING,200,19.554269,32.229297,0.054419,0.072997,4.917549,2.000000,0.000000,5.000000,1.948695,0
1784410448.546201,CONST200,TRACKING,200,19.820771,50.205677,0.042701,0.078835,4.929692,2.000000,0.000000,5.000000,1.960147,0
1784410448.596279,CONST200,TRACKING,200,19.005221,31.730983,0.016747,0.089954,4.952226,2.000000,0.000000,5.000000,1.985867,0
1784410448.646286,CONST200,TRACKING,200,20.483572,51.355152,0.007496,0.093912,4.957573,2.000000,0.000000,5.000000,1.995167,0
1784410448.696219,CONST200,TRACKING,200,18.991114,31.634502,-0.007378,0.101101,4.960711,2.000000,0.000000,5.000000,2.010307,0
1784410448.746196,CONST200,TRACKING,200,20.168075,51.017883,-0.010405,0.103883,4.961761,2.000000,0.000000,5.000000,2.013451,0
1784410448.796206,CONST200,TRACKING,200,18.261111,30.896182,-0.004532,0.104434,4.961260,2.000000,0.000000,5.000000,2.007624,0
1784410448.846207,CONST200,TRACKING,200,19.940059,50.900986,0.004814,0.102077,4.963149,2.000000,0.000000,5.000000,1.998135,0
1784410448.896199,CONST200,TRACKING,200,19.068132,31.663170,0.033443,0.097376,4.966046,2.000000,0.000000,5.000000,1.969259,0
1784410448.946216,CONST200,TRACKING,200,21.076742,51.910436,0.054433,0.094424,4.963596,2.000000,0.000000,5.000000,1.948197,0
1784410448.996191,CONST200,TRACKING,200,21.475969,34.244059,0.108485,0.088670,4.951795,2.000000,0.000000,5.000000,1.894205,0
1784410449.046303,CONST200,TRACKING,200,20.551362,49.086509,0.138655,0.087184,4.945351,2.000000,0.000000,5.000000,1.864187,0
1784410449.096202,CONST200,TRACKING,200,19.463896,32.104650,0.208671,0.086352,4.926844,2.000000,0.000000,5.000000,1.794901,0
1784410449.146276,CONST200,TRACKING,200,19.514467,50.029147,0.245926,0.086038,4.917402,2.000000,0.000000,5.000000,1.758125,0
1784410449.196174,CONST200,TRACKING,200,19.518197,32.239042,0.343358,0.083901,4.893645,2.000000,0.000000,5.000000,1.662172,0
1784410449.246205,CONST200,TRACKING,200,20.229440,50.650380,0.389272,0.082328,4.882533,2.000000,0.000000,5.000000,1.617103,0
1784410449.296195,CONST200,TRACKING,200,21.149767,33.840546,0.486375,0.074253,4.859817,2.000000,0.000000,5.000000,1.521915,0
1784410449.346215,CONST200,TRACKING,200,20.650536,49.435060,0.537535,0.067561,4.850224,2.000000,0.000000,5.000000,1.471666,0
1784410449.396187,CONST200,TRACKING,200,18.848664,30.775420,0.655637,0.050793,4.831565,2.000000,0.000000,5.000000,1.355825,0
1784410449.446207,CONST200,TRACKING,200,19.606875,50.393575,0.711102,0.040951,4.823608,2.000000,0.000000,5.000000,1.301557,0
1784410449.496208,CONST200,TRACKING,200,18.298523,30.932014,0.823826,0.020997,4.816245,2.000000,0.000000,5.000000,1.190627,0
1784410449.546205,CONST200,TRACKING,200,19.431948,50.276047,0.881260,0.011526,4.813590,2.000000,0.000000,5.000000,1.134222,0
1784410449.596201,CONST200,TRACKING,200,19.245994,31.818643,1.011752,-0.009049,4.802766,2.000000,0.000000,5.000000,1.007778,0
1784410449.646205,CONST200,TRACKING,200,19.588699,50.237331,1.069756,-0.018306,4.796530,2.000000,0.000000,5.000000,0.952412,0
1784410449.696200,CONST200,TRACKING,200,15.417683,28.111734,1.189826,-0.036999,4.785654,2.000000,0.000000,5.000000,0.838866,0
1784410449.746205,CONST200,TRACKING,200,16.376379,47.090611,1.250119,-0.045903,4.780347,2.000000,0.000000,5.000000,0.782737,0
1784410449.796153,CONST200,TRACKING,200,20.035281,32.814811,1.386599,-0.062891,4.760055,2.000000,0.000000,5.000000,0.661657,0
1784410449.846224,CONST200,TRACKING,200,20.847583,50.787062,1.447837,-0.068805,4.751046,2.000000,0.000000,5.000000,0.609587,0
1784410449.896191,CONST200,TRACKING,200,19.441205,32.090501,1.570535,-0.078716,4.741601,2.000000,0.000000,5.000000,0.507353,0
1784410449.946214,CONST200,TRACKING,200,20.665701,51.147966,1.633087,-0.082717,4.740954,2.000000,0.000000,5.000000,0.456697,0
1784410449.996156,CONST200,TRACKING,200,19.475709,32.085785,1.772247,-0.088858,4.750654,2.000000,0.000000,5.000000,0.349200,0
1784410450.046197,CONST200,TRACKING,200,16.701112,47.156880,1.832998,-0.089274,4.761651,2.000000,0.000000,5.000000,0.304417,0
1784410450.096188,CONST200,TRACKING,200,19.392650,32.127534,1.951723,-0.086816,4.783923,2.000000,2.000000,5.000000,2.098528,0
1784410450.146211,CONST200,TRACKING,200,19.445819,49.923981,2.008852,-0.085050,4.796690,2.000000,2.000000,5.000000,2.094958,0
1784410450.196229,CONST200,TRACKING,200,17.693455,30.140874,2.127180,-0.074176,4.826233,2.000000,2.000000,5.000000,2.085324,0
1784410450.246223,CONST200,TRACKING,200,20.718986,51.405845,2.177293,-0.068673,4.838254,2.000000,2.000000,5.000000,2.082547,0
1784410450.296207,CONST200,TRACKING,200,18.934133,31.595367,2.275533,-0.058245,4.849533,2.000000,2.000000,5.000000,2.082050,0
1784410450.346209,CONST200,TRACKING,200,19.548398,50.362418,2.323188,-0.053289,4.849133,2.000000,2.000000,5.000000,2.084036,0
1784410450.396205,CONST200,TRACKING,200,19.712457,32.387344,2.423658,-0.041320,4.842818,2.000000,2.000000,5.000000,2.090737,0
1784410450.446259,CONST200,TRACKING,200,19.750641,49.988035,2.463926,-0.037708,4.843490,2.000000,2.000000,5.000000,2.095704,0
1784410450.496165,CONST200,TRACKING,200,18.857718,30.245853,2.538555,-0.023076,4.846237,2.000000,2.000000,5.000000,2.099171,0
1784410450.546207,CONST200,TRACKING,200,20.067557,50.922773,2.571022,-0.011348,4.849451,2.000000,2.000000,5.000000,2.096247,0
1784410450.596199,CONST200,TRACKING,200,19.015503,31.636737,2.632469,0.026933,4.862834,2.000000,2.000000,5.000000,2.076494,0
1784410450.646206,CONST200,TRACKING,200,19.667829,50.493509,2.657055,0.048339,4.868134,2.000000,2.000000,5.000000,2.063515,0
1784410450.696200,CONST200,TRACKING,200,17.669764,30.379095,2.697870,0.111965,4.870515,2.000000,2.000000,5.000000,2.017043,0
1784410450.746201,CONST200,TRACKING,200,19.629952,50.382591,2.715827,0.146846,4.869328,2.000000,2.000000,5.000000,1.990895,0
1784410450.796191,CONST200,TRACKING,200,19.768702,32.357620,2.747598,0.236018,4.870289,2.000000,2.000000,5.000000,1.920251,0
1784410450.846211,CONST200,TRACKING,200,18.548693,48.691700,2.757368,0.280447,4.873701,2.000000,2.000000,5.000000,1.883194,0
1784410450.896189,CONST200,TRACKING,200,19.272654,31.907656,2.768559,0.372673,4.888753,2.000000,2.000000,5.000000,1.803122,0
1784410450.946208,CONST200,TRACKING,200,19.990147,50.641531,2.767290,0.421115,4.900525,2.000000,2.000000,5.000000,1.758268,0
1784410450.996175,CONST200,TRACKING,200,19.357412,31.973314,2.758321,0.530125,4.924741,2.000000,2.000000,5.000000,1.655671,0
1784410451.046168,CONST200,TRACKING,200,17.224381,47.745120,2.750166,0.580261,4.933253,2.000000,2.000000,5.000000,1.607129,0
1784410451.096178,CONST200,TRACKING,200,19.716996,32.379471,2.727309,0.683194,4.946219,2.000000,2.000000,5.000000,1.505274,0
1784410451.146213,CONST200,TRACKING,200,16.702936,46.942764,2.714820,0.734376,4.951631,2.000000,2.000000,5.000000,1.454342,0
1784410451.196176,CONST200,TRACKING,200,19.442521,32.052495,2.679758,0.848194,4.964123,2.000000,2.000000,5.000000,1.337914,0
1784410451.246212,CONST200,TRACKING,200,20.029899,50.532569,2.662553,0.898924,4.971014,2.000000,2.000000,5.000000,1.285374,0
1784410451.296191,CONST200,TRACKING,200,17.855940,30.445317,2.626794,1.000470,4.977297,2.000000,2.000000,5.000000,1.180020,0
1784410451.346201,CONST200,TRACKING,200,19.604242,50.299941,2.608601,1.051320,4.975968,2.000000,2.000000,5.000000,1.127371,0
1784410451.396211,CONST200,TRACKING,200,19.824566,32.553588,2.567525,1.167459,4.969496,2.000000,2.000000,5.000000,1.008037,0
1784410451.446212,CONST200,TRACKING,200,18.884234,48.906048,2.551752,1.223427,4.960586,2.000000,2.000000,5.000000,0.953441,0
1784410451.496210,CONST200,TRACKING,200,19.028529,31.701094,2.517923,1.334885,4.943631,2.000000,2.000000,5.000000,0.844866,0
1784410451.546212,CONST200,TRACKING,200,19.286879,50.134954,2.501763,1.391628,4.936405,2.000000,2.000000,5.000000,0.791155,0
1784410451.596218,CONST200,TRACKING,200,19.047205,31.534266,2.466429,1.521226,4.923909,2.000000,2.000000,5.000000,0.672734,0
1784410451.646204,CONST200,TRACKING,200,19.202853,50.026618,2.449328,1.578302,4.919603,2.000000,2.000000,5.000000,0.621441,0
1784410451.696219,CONST200,TRACKING,200,19.156292,31.887489,2.416008,1.698266,4.911364,2.000000,2.000000,5.000000,0.521500,0
1784410451.746201,CONST200,TRACKING,200,20.218282,50.947081,2.397813,1.757301,4.908013,2.000000,2.000000,5.000000,0.474994,0
1784410451.796206,CONST200,TRACKING,200,18.933378,31.476532,2.351274,1.884524,4.900114,2.000000,2.000000,5.000000,0.383021,0
1784410451.846211,CONST200,TRACKING,200,21.593210,52.328007,2.328561,1.938644,4.896052,2.000000,2.000000,5.000000,0.350031,0
1784410451.896221,CONST200,TRACKING,200,18.186640,30.825796,2.281976,2.043397,4.887800,2.000000,2.000000,5.000000,0.306566,0
1784410451.946208,CONST200,TRACKING,200,19.058244,49.978997,2.256404,2.091238,4.888712,0.000000,2.000000,5.000000,2.260988,0
1784410451.996214,CONST200,TRACKING,200,17.796765,30.520719,2.198583,2.194583,4.897991,0.000000,2.000000,5.000000,2.209533,0
1784410452.046220,CONST200,TRACKING,200,17.972938,48.852657,2.173887,2.238107,4.902886,0.000000,2.000000,5.000000,2.189043,0
1784410452.096232,CONST200,TRACKING,200,20.291915,32.778349,2.125599,2.318761,4.914381,0.000000,2.000000,5.000000,2.151072,0
1784410452.146254,CONST200,TRACKING,200,21.182985,50.807721,2.100133,2.355157,4.922940,0.000000,2.000000,5.000000,2.131346,0
1784410452.196217,CONST200,TRACKING,200,19.472699,32.267499,2.040428,2.427620,4.934922,0.000000,2.000000,5.000000,2.085771,0
1784410452.246222,CONST200,TRACKING,200,19.875047,50.299578,2.012242,2.457122,4.936086,0.000000,2.000000,5.000000,2.064500,0
1784410452.296212,CONST200,TRACKING,200,20.208558,32.912486,1.952960,2.507231,4.933045,0.000000,2.000000,5.000000,2.018866,0
1784410452.346222,CONST200,TRACKING,200,19.743003,49.442292,1.920666,2.527235,4.935590,0.000000,2.000000,5.000000,1.992758,0
1784410452.396201,CONST200,TRACKING,200,19.907967,32.419267,1.841007,2.565142,4.951794,0.000000,2.000000,5.000000,1.926399,0
1784410452.446224,CONST200,TRACKING,200,19.147086,49.162380,1.804434,2.578473,4.956312,0.000000,2.000000,5.000000,1.895395,0
1784410452.496215,CONST200,TRACKING,200,19.580154,32.192773,1.728473,2.598966,4.964999,0.000000,2.000000,5.000000,1.829646,0
1784410452.546223,CONST200,TRACKING,200,20.473940,50.788922,1.689257,2.603548,4.968894,0.000000,2.000000,5.000000,1.794109,0
1784410452.596224,CONST200,TRACKING,200,19.797960,32.466574,1.598693,2.601828,4.974374,0.000000,2.000000,5.000000,1.708413,0
1784410452.646226,CONST200,TRACKING,200,19.421403,49.509845,1.557359,2.598485,4.974998,0.000000,2.000000,5.000000,1.668585,0
1784410452.696223,CONST200,TRACKING,200,19.028940,31.666023,1.472969,2.580432,4.971293,0.000000,2.000000,5.000000,1.583466,0
1784410452.746262,CONST200,TRACKING,200,19.526218,50.415816,1.429745,2.569454,4.967691,0.000000,2.000000,5.000000,1.539316,0
1784410452.796226,CONST200,TRACKING,200,19.092417,31.786246,1.329955,2.537892,4.956391,0.000000,2.000000,5.000000,1.435273,0
1784410452.846228,CONST200,TRACKING,200,19.541723,50.334020,1.284664,2.520671,4.949795,0.000000,2.000000,5.000000,1.387076,0
1784410452.896238,CONST200,TRACKING,200,17.739915,30.411575,1.192580,2.483976,4.936232,0.000000,2.000000,5.000000,1.288621,0
1784410452.946233,CONST200,TRACKING,200,19.735945,50.520741,1.146831,2.462773,4.928100,0.000000,2.000000,5.000000,1.238769,0
1784410452.996222,CONST200,TRACKING,200,18.802838,31.372081,1.041079,2.414449,4.915659,0.000000,2.000000,5.000000,1.123711,0
1784410453.046227,CONST200,TRACKING,200,19.704110,50.372654,0.992769,2.391676,4.909891,0.000000,2.000000,5.000000,1.071037,0
1784410453.096233,CONST200,TRACKING,200,18.994048,31.640343,0.893894,2.344887,4.897298,0.000000,2.000000,5.000000,0.963608,0
1784410453.146228,CONST200,TRACKING,200,19.709723,50.579449,0.843620,2.322438,4.892400,0.000000,2.000000,5.000000,0.909526,0
1784410453.196207,CONST200,TRACKING,200,19.466731,32.082636,0.728984,2.279069,4.880153,0.000000,2.000000,5.000000,0.789722,0
1784410453.246230,CONST200,TRACKING,200,18.266792,48.729621,0.677141,2.260863,4.879281,0.000000,2.000000,5.000000,0.735624,0
1784410453.296213,CONST200,TRACKING,200,19.718782,32.332766,0.572651,2.225823,4.884427,0.000000,2.000000,5.000000,0.626324,0
1784410453.346229,CONST200,TRACKING,200,19.835739,50.021799,0.520123,2.208913,4.886693,0.000000,2.000000,5.000000,0.571849,0
1784410453.396228,CONST200,TRACKING,200,18.941163,31.573847,0.401447,2.171338,4.884371,0.000000,2.000000,5.000000,0.451538,0
1784410453.446278,CONST200,TRACKING,200,19.217074,49.972673,0.349489,2.157147,4.882508,0.000000,2.000000,5.000000,0.400802,0
1784410453.496269,CONST200,TRACKING,200,19.306441,32.103675,0.245486,2.127056,4.890495,0.000000,0.000000,5.000000,2.143973,0
1784410453.546272,CONST200,TRACKING,200,19.936510,50.475640,0.193416,2.111424,4.896567,0.000000,0.000000,5.000000,2.122786,0
1784410453.596222,CONST200,TRACKING,200,18.824377,31.550280,0.076873,2.076774,4.915244,0.000000,0.000000,5.000000,2.079924,0
1784410453.646225,CONST200,TRACKING,200,19.784090,50.612827,0.026014,2.062177,4.921641,0.000000,0.000000,5.000000,2.063829,0
1784410453.696222,CONST200,TRACKING,200,18.425856,31.234671,-0.070494,2.039215,4.936093,0.000000,0.000000,5.000000,2.041433,0
1784410453.746233,CONST200,TRACKING,200,18.296823,49.061781,-0.117049,2.027676,4.945046,0.000000,0.000000,5.000000,2.031795,0
1784410453.796210,CONST200,TRACKING,200,19.899625,32.646519,-0.217785,2.005477,4.964143,0.000000,0.000000,5.000000,2.017586,0
1784410453.846227,CONST200,TRACKING,200,19.946381,49.960202,-0.260456,1.996654,4.972235,0.000000,0.000000,5.000000,2.013761,0
1784410453.896230,CONST200,TRACKING,200,19.845811,32.496501,-0.340843,1.971920,4.983914,0.000000,0.000000,5.000000,2.001225,0
1784410453.946288,CONST200,TRACKING,200,19.613382,49.696707,-0.374965,1.955761,4.988007,0.000000,0.000000,5.000000,1.991418,0
1784410453.996217,CONST200,TRACKING,200,19.778999,32.477070,-0.447614,1.910186,4.994249,0.000000,0.000000,5.000000,1.961938,0
1784410454.046228,CONST200,TRACKING,200,20.140057,50.266146,-0.477456,1.884306,4.997105,0.000000,0.000000,5.000000,1.943857,0
1784410454.096229,CONST200,TRACKING,200,19.548088,32.259009,-0.532993,1.823508,5.000408,0.000000,0.000000,5.000000,1.899806,0
1784410454.146231,CONST200,TRACKING,200,19.708397,50.059302,-0.558851,1.790337,5.000891,0.000000,0.000000,5.000000,1.875532,0
1784410454.196214,CONST200,TRACKING,200,19.846122,32.509591,-0.603698,1.703556,5.001272,0.000000,0.000000,5.000000,1.807361,0
1784410454.246235,CONST200,TRACKING,200,18.893033,48.974132,-0.619497,1.662253,5.003452,0.000000,0.000000,5.000000,1.773943,0
1784410454.296225,CONST200,TRACKING,200,19.568133,32.174443,-0.644632,1.574859,5.001364,0.000000,0.000000,5.000000,1.701686,0
1784410454.346233,CONST200,TRACKING,200,19.807811,50.150164,-0.654014,1.528969,4.998033,0.000000,0.000000,5.000000,1.662975,0
1784410454.396230,CONST200,TRACKING,200,19.664805,32.396605,-0.668580,1.423834,4.994982,0.000000,0.000000,5.000000,1.573000,0
1784410454.446232,CONST200,TRACKING,200,19.665420,49.892767,-0.672601,1.377560,4.991523,0.000000,0.000000,5.000000,1.533015,0
1784410454.496212,CONST200,TRACKING,200,20.330296,33.103556,-0.675102,1.283120,4.988264,0.000000,0.000000,5.000000,1.449930,0
1784410454.546230,CONST200,TRACKING,200,19.453500,49.041721,-0.671278,1.235045,4.989024,0.000000,0.000000,5.000000,1.405728,0
1784410454.596235,CONST200,TRACKING,200,19.145917,31.884257,-0.653847,1.125652,4.988305,0.000000,0.000000,5.000000,1.301824,0
1784410454.646230,CONST200,TRACKING,200,19.817177,50.563707,-0.645080,1.076437,4.984994,0.000000,0.000000,5.000000,1.255018,0
1784410454.696220,CONST200,TRACKING,200,19.981158,32.731052,-0.622717,0.972308,4.982907,0.000000,0.000000,5.000000,1.154752,0
1784410454.746242,CONST200,TRACKING,200,19.511753,49.453035,-0.609959,0.919214,4.986529,0.000000,0.000000,5.000000,1.103261,0
1784410454.796212,CONST200,TRACKING,200,19.843747,32.608717,-0.578302,0.797562,4.993331,0.000000,0.000000,5.000000,0.985182,0
1784410454.846243,CONST200,TRACKING,200,19.093074,49.171073,-0.563132,0.742710,4.993645,0.000000,0.000000,5.000000,0.932082,0
1784410454.896220,CONST200,TRACKING,200,19.741403,32.518206,-0.531589,0.632457,4.989259,0.000000,0.000000,5.000000,0.826259,0
1784410454.946290,CONST200,TRACKING,200,20.213234,50.453514,-0.514297,0.574681,4.986465,0.000000,0.000000,5.000000,0.771325,0
1784410454.996219,CONST200,TRACKING,200,21.618003,34.330356,-0.472456,0.446292,4.984943,0.000000,0.000000,5.000000,0.650091,0
1784410455.046250,CONST200,TRACKING,200,19.824382,48.135012,-0.452729,0.389309,4.984309,0.000000,0.000000,5.000000,0.597304,0
1784410455.096219,CONST200,TRACKING,200,19.579526,32.294175,-0.411285,0.275966,4.984720,0.000000,0.000000,5.000000,0.495526,0
1784410455.146234,CONST200,TRACKING,200,19.467005,49.784798,-0.389360,0.220685,4.988142,0.000000,0.000000,5.000000,0.447709,0
1784410455.196212,CONST200,TRACKING,200,19.652640,32.359507,-0.335348,0.099170,4.992386,0.000000,0.000000,5.000000,0.349787,0
1784410455.246235,CONST200,TRACKING,200,19.281756,49.563448,-0.310661,0.046835,4.992339,0.000000,0.000000,5.000000,0.314265,0
1784410455.296236,CONST200,TRACKING,200,19.404773,32.096767,-0.260877,-0.056715,4.984839,0.000000,0.000000,5.000000,0.267400,0
1784410455.346285,CONST200,TRACKING,200,19.160949,49.701223,-0.235805,-0.107178,4.980783,0.000000,0.000000,5.000000,0.259732,0
1784410455.396336,CONST200,TRACKING,200,19.435266,32.242040,-0.179471,-0.214582,4.971647,0.000000,0.000000,5.000000,0.281175,0
1784410455.446271,CONST200,TRACKING,200,19.513836,49.901012,-0.156090,-0.258913,4.966724,0.000000,0.000000,5.000000,0.304151,0
1784410455.496231,CONST200,TRACKING,200,18.615347,31.356471,-0.108202,-0.340804,4.967497,0.000000,0.000000,5.000000,0.359043,0
1784410455.546236,CONST200,TRACKING,200,18.085981,48.954119,-0.083233,-0.377389,4.967953,0.000000,0.000000,5.000000,0.387785,0
1784410455.596216,CONST200,TRACKING,200,19.949088,32.647944,-0.025778,-0.449325,4.967419,0.000000,0.000000,5.000000,0.451241,0
1784410455.646313,CONST200,TRACKING,200,19.010701,49.055264,-0.000903,-0.477808,4.967138,0.000000,0.000000,5.000000,0.478937,0
1784410455.696238,CONST200,TRACKING,200,19.411198,32.048688,0.045933,-0.524346,4.963605,0.000000,0.000000,5.000000,0.527611,0
1784410455.746356,CONST200,TRACKING,200,19.215245,49.826736,0.068180,-0.543399,4.962419,0.000000,0.000000,5.000000,0.548947,0
1784410455.796260,CONST200,TRACKING,200,19.659575,32.395168,0.113511,-0.573598,4.964589,0.000000,0.000000,5.000000,0.585793,0
1784410455.846243,CONST200,TRACKING,200,19.321877,49.534331,0.131449,-0.581537,4.966887,0.000000,0.000000,5.000000,0.597128,0
1784410455.896233,CONST200,TRACKING,200,19.936611,32.529028,0.164651,-0.590705,4.968435,0.000000,0.000000,5.000000,0.614035,0
1784410455.946238,CONST200,TRACKING,200,18.130446,48.097983,0.178438,-0.590560,4.966317,0.000000,0.000000,5.000000,0.617847,0
1784410455.996224,CONST200,TRACKING,200,20.063376,32.776395,0.206889,-0.582879,4.960181,0.000000,0.000000,5.000000,0.619787,0
1784410456.046273,CONST200,TRACKING,200,19.056194,48.949851,0.217602,-0.572904,4.956193,0.000000,0.000000,5.000000,0.614401,0
1784410456.096231,CONST200,TRACKING,200,19.619633,32.352584,0.234442,-0.540682,4.950947,0.000000,0.000000,5.000000,0.591360,0
1784410456.146239,CONST200,TRACKING,200,19.054960,49.325147,0.241373,-0.522512,4.947998,0.000000,0.000000,5.000000,0.577913,0
1784410456.196214,CONST200,TRACKING,200,20.006306,32.684205,0.246341,-0.472355,4.938954,0.000000,0.000000,5.000000,0.536218,0
1784410456.246238,CONST200,TRACKING,200,19.182348,49.114535,0.245860,-0.447195,4.939177,0.000000,0.000000,5.000000,0.513936,0
1784410456.296242,CONST200,TRACKING,200,19.252719,31.796415,0.243478,-0.390498,4.937892,0.000000,0.000000,5.000000,0.464357,0
1784410456.346240,CONST200,TRACKING,200,19.278885,49.923477,0.241755,-0.359652,4.935699,0.000000,0.000000,5.000000,0.438098,0
1784410456.396244,CONST200,TRACKING,200,19.408790,32.191973,0.235331,-0.289604,4.929719,0.000000,0.000000,5.000000,0.379724,0
1784410456.446237,CONST200,TRACKING,200,19.611041,50.116701,0.230504,-0.257419,4.925482,0.000000,0.000000,5.000000,0.353482,0
1784410456.496248,CONST200,TRACKING,200,19.377436,32.107507,0.218563,-0.193582,4.920449,0.000000,0.000000,5.000000,0.302609,0
1784410456.546246,CONST200,TRACKING,200,19.571263,50.104557,0.210843,-0.162344,4.917586,0.000000,0.000000,5.000000,0.278572,0
1784410456.596246,CONST200,TRACKING,200,19.411258,32.038546,0.190267,-0.093434,4.910596,0.000000,0.000000,5.000000,0.230053,0
1784410456.646242,CONST200,TRACKING,200,19.424434,49.918885,0.180690,-0.063176,4.908546,0.000000,0.000000,5.000000,0.212141,0
1784410456.696249,CONST200,TRACKING,200,19.203953,31.715079,0.156710,-0.003138,4.907784,0.000000,0.000000,5.000000,0.181857,0
1784410456.746239,CONST200,TRACKING,200,19.430834,50.121360,0.144356,0.026037,4.909225,0.000000,0.000000,5.000000,0.172501,0
1784410456.796245,CONST200,TRACKING,200,19.187326,31.907635,0.115151,0.090707,4.915725,0.000000,0.000000,5.000000,0.169085,0
1784410456.846242,CONST200,TRACKING,200,19.236482,49.929295,0.101597,0.118854,4.919547,0.000000,0.000000,5.000000,0.175843,0
1784410456.896252,CONST200,TRACKING,200,19.261249,31.954258,0.075098,0.171371,4.928519,0.000000,0.000000,5.000000,0.200293,0
1784410456.946247,CONST200,TRACKING,200,19.609799,50.238804,0.062616,0.196115,4.932786,0.000000,0.000000,5.000000,0.216563,0
1784410456.996261,CONST200,TRACKING,200,19.550468,32.293322,0.034426,0.246045,4.942284,0.000000,0.000000,5.000000,0.255058,0
1784410457.046258,CONST200,TRACKING,200,19.917589,50.231805,0.021631,0.265379,4.945817,0.000000,0.000000,5.000000,0.271716,0
1784410457.096240,CONST200,TRACKING,200,20.256991,32.849157,-0.004091,0.298465,4.952321,0.000000,0.000000,5.000000,0.302277,0
1784410457.146245,CONST200,TRACKING,200,19.322368,48.941433,-0.016471,0.312773,4.954675,0.000000,0.000000,5.000000,0.316469,0
1784410457.196233,CONST200,TRACKING,200,20.279774,32.932894,-0.045333,0.339084,4.957614,0.000000,0.000000,5.000000,0.344717,0
1784410457.246243,CONST200,TRACKING,200,20.539764,50.145114,-0.057502,0.348292,4.959547,0.000000,0.000000,5.000000,0.355317,0
1784410457.296251,CONST200,TRACKING,200,19.447963,31.971276,-0.080273,0.359383,4.968046,0.000000,0.000000,5.000000,0.369623,0
1784410457.346240,CONST200,TRACKING,200,19.162853,49.572138,-0.091065,0.361573,4.973162,0.000000,0.000000,5.000000,0.373829,0
1784410457.396247,CONST200,TRACKING,200,19.504058,31.928474,-0.113549,0.361272,4.983759,0.000000,0.000000,5.000000,0.379044,0
1784410457.446256,CONST200,TRACKING,200,19.922612,50.311360,-0.123807,0.358599,4.987796,0.000000,0.000000,5.000000,0.379566,0
1784410457.496224,CONST200,TRACKING,200,19.615322,32.311836,-0.141753,0.349449,4.994559,0.000000,0.000000,5.000000,0.377145,0
1784410457.546243,CONST200,TRACKING,200,19.747767,50.042067,-0.149239,0.341971,4.998876,0.000000,0.000000,5.000000,0.373119,0
1784410457.596259,CONST200,TRACKING,200,20.622276,33.148576,-0.162776,0.319187,5.010225,0.000000,0.000000,5.000000,0.358443,0
1784410457.646247,CONST200,TRACKING,200,19.898539,49.143992,-0.167751,0.307758,5.013596,0.000000,0.000000,5.000000,0.350771,0
1784410457.696231,CONST200,TRACKING,200,20.171515,32.822732,-0.173869,0.280052,5.009707,0.000000,0.000000,5.000000,0.329778,0
1784410457.746252,CONST200,TRACKING,200,19.151826,48.866473,-0.175787,0.265397,5.006568,0.000000,0.000000,5.000000,0.318402,0
1784410457.796240,CONST200,TRACKING,200,19.414149,32.120432,-0.178162,0.231748,5.005781,0.000000,0.000000,5.000000,0.292374,0
1784410457.846248,CONST200,TRACKING,200,19.867889,50.332592,-0.178669,0.216581,5.006561,0.000000,0.000000,5.000000,0.280843,0
1784410457.896249,CONST200,TRACKING,200,19.334747,31.804056,-0.177425,0.184288,5.007760,0.000000,0.000000,5.000000,0.255933,0
1784410457.946250,CONST200,TRACKING,200,19.590931,50.131546,-0.173944,0.166041,5.007491,0.000000,0.000000,5.000000,0.240587,0
1784410457.996230,CONST200,TRACKING,200,19.547197,32.016316,-0.164002,0.124877,5.003828,0.000000,0.000000,5.000000,0.206169,0
1784410458.046246,CONST200,TRACKING,200,21.106342,51.459125,-0.157631,0.105705,5.002312,0.000000,0.000000,5.000000,0.189806,0
1784410458.096229,CONST200,TRACKING,200,19.909500,32.445820,-0.142314,0.066431,4.997954,0.000000,0.000000,5.000000,0.157069,0
1784410458.146253,CONST200,TRACKING,200,21.501650,51.478201,-0.134393,0.047180,4.996335,0.000000,0.000000,5.000000,0.142481,0
1784410458.196269,CONST200,TRACKING,200,18.987015,31.525757,-0.116998,0.012917,4.990118,0.000000,0.000000,5.000000,0.118123,0
1784410458.246247,CONST200,TRACKING,200,20.106696,50.897514,-0.109179,-0.001337,4.986273,0.000000,0.000000,5.000000,0.110047,0
1784410458.296225,CONST200,TRACKING,200,20.321025,32.919387,-0.092093,-0.029352,4.972808,0.000000,0.000000,5.000000,0.100410,0
1784410458.346260,CONST200,TRACKING,200,19.653863,49.236148,-0.082930,-0.042939,4.964407,0.000000,0.000000,5.000000,0.099940,0
1784410458.396259,CONST200,TRACKING,200,20.302659,32.838375,-0.062393,-0.071936,4.952029,0.000000,0.000000,5.000000,0.106625,0
1784410458.446247,CONST200,TRACKING,200,20.036385,49.587993,-0.053073,-0.083699,4.948750,0.000000,0.000000,5.000000,0.111575,0
1784410458.496237,CONST200,TRACKING,200,19.726291,32.337455,-0.034174,-0.105463,4.948575,0.000000,0.000000,5.000000,0.122208,0
1784410458.546256,CONST200,TRACKING,200,19.906250,50.076701,-0.025230,-0.114117,4.949610,0.000000,0.000000,5.000000,0.127273,0
1784410458.596241,CONST200,TRACKING,200,20.376952,32.947759,-0.005974,-0.129362,4.952518,0.000000,0.000000,5.000000,0.137931,0
1784410458.646253,CONST200,TRACKING,200,19.880644,49.404997,0.002735,-0.135488,4.957753,0.000000,0.000000,5.000000,0.141948,0
1784410458.696248,CONST200,TRACKING,200,20.321666,32.753711,0.025843,-0.146840,4.966209,0.000000,0.000000,5.000000,0.152878,0
1784410458.746253,CONST200,TRACKING,200,21.264671,50.844372,0.036818,-0.151775,4.970360,0.000000,0.000000,5.000000,0.158965,0
1784410458.796238,CONST200,TRACKING,200,22.101269,34.666894,0.057611,-0.159061,4.986077,0.000000,0.000000,5.000000,0.169744,0
1784410458.846252,CONST200,TRACKING,200,19.833395,47.650268,0.065243,-0.160963,4.992645,0.000000,0.000000,5.000000,0.173839,0
1784410458.896249,CONST200,TRACKING,200,19.590017,32.087064,0.078132,-0.163202,5.001810,0.000000,0.000000,5.000000,0.180950,0
1784410458.946249,CONST200,TRACKING,200,19.260803,49.549736,0.080265,-0.161854,5.003742,0.000000,0.000000,5.000000,0.180702,0
1784410458.996255,CONST200,TRACKING,200,22.153613,34.542894,0.084191,-0.158017,5.007583,0.000000,0.000000,5.000000,0.179206,0
1784410459.046256,CONST200,TRACKING,200,20.687347,48.423268,0.085459,-0.155525,5.007941,0.000000,0.000000,5.000000,0.177635,0
1784410459.096265,CONST200,TRACKING,200,21.717218,34.216230,0.087409,-0.149308,5.004962,0.000000,0.000000,5.000000,0.173083,0
1784410459.146264,CONST200,TRACKING,200,21.499963,49.683197,0.088251,-0.146052,5.002085,0.000000,0.000000,5.000000,0.170657,0
1784410459.196254,CONST200,TRACKING,200,16.170597,28.495601,0.085279,-0.139243,4.998199,0.000000,0.000000,5.000000,0.163292,0
1784410459.246254,CONST200,TRACKING,200,17.048749,47.961701,0.083354,-0.135184,5.000533,0.000000,0.000000,5.000000,0.158818,0
1784410459.296231,CONST200,TRACKING,200,20.588803,33.073069,0.078138,-0.122033,5.004905,0.000000,0.000000,5.000000,0.144989,0
1784410459.346255,CONST200,TRACKING,200,20.876186,50.221097,0.074754,-0.113510,5.004857,0.000000,0.000000,5.000000,0.136001,0
1784410459.396235,CONST200,TRACKING,200,21.471142,33.967727,0.065902,-0.093517,5.003381,0.000000,0.000000,5.000000,0.114455,0
1784410459.446277,CONST200,TRACKING,200,20.264309,48.735161,0.060459,-0.083923,5.000725,0.000000,0.000000,5.000000,0.103435,0
1784410459.496240,CONST200,TRACKING,200,19.924619,32.458619,0.049931,-0.064667,4.993534,0.000000,0.000000,5.000000,0.081955,0
1784410459.546251,CONST200,TRACKING,200,20.231659,50.210832,0.044168,-0.055107,4.987664,0.000000,0.000000,5.000000,0.071692,0
1784410459.596253,CONST200,TRACKING,200,20.737736,33.213312,0.030382,-0.033354,4.973992,0.000000,0.000000,5.000000,0.052076,0
1784410459.646260,CONST200,TRACKING,200,19.728469,48.889468,0.024673,-0.023844,4.968866,0.000000,0.000000,5.000000,0.046332,0
1784410459.696239,CONST200,TRACKING,200,20.147164,32.766621,0.016752,-0.004314,4.957223,0.000000,0.000000,5.000000,0.046142,0
1784410459.746260,CONST200,TRACKING,200,20.620860,50.396595,0.013131,0.005122,4.950967,0.000000,0.000000,5.000000,0.051018,0
1784410459.796232,CONST200,TRACKING,200,20.058009,32.546851,0.006925,0.026022,4.941428,0.000000,0.000000,5.000000,0.064466,0
1784410459.846258,CONST200,TRACKING,200,19.870703,49.731660,0.005233,0.035134,4.937986,0.000000,0.000000,5.000000,0.071467,0
1784410459.896246,CONST200,TRACKING,200,19.407286,31.888237,0.001717,0.051982,4.933962,0.000000,0.000000,5.000000,0.084060,0
1784410459.946260,CONST200,TRACKING,200,19.768825,50.276053,-0.001366,0.060307,4.934825,0.000000,0.000000,5.000000,0.088806,0
1784410459.996259,CONST200,TRACKING,200,19.791485,32.360700,-0.007599,0.076939,4.937163,0.000000,0.000000,5.000000,0.099629,0
1784410460.046258,CONST200,TRACKING,200,19.713717,49.794755,-0.010693,0.082096,4.937337,0.000000,0.000000,5.000000,0.103830,0
1784410460.096231,CONST200,TRACKING,200,19.607525,32.197718,-0.017023,0.088729,4.937770,0.000000,0.000000,5.000000,0.109705,0
1784410460.146258,CONST200,TRACKING,200,20.229698,50.535574,-0.019534,0.091617,4.938565,0.000000,0.000000,5.000000,0.112024,0
1784410460.196250,CONST200,TRACKING,200,20.415404,33.200927,-0.020281,0.095791,4.943188,0.000000,0.000000,5.000000,0.113202,0
1784410460.246264,CONST200,TRACKING,200,20.156919,49.638891,-0.019784,0.096918,4.945779,0.000000,0.000000,5.000000,0.112802,0
1784410460.296261,CONST200,TRACKING,200,20.767692,33.444200,-0.017737,0.097909,4.951680,0.000000,0.000000,5.000000,0.110615,0
1784410460.346269,CONST200,TRACKING,200,20.049027,49.169612,-0.016165,0.097773,4.954256,0.000000,0.000000,5.000000,0.109148,0
1784410460.396248,CONST200,TRACKING,200,19.882310,32.505895,-0.012791,0.095229,4.957878,0.000000,0.000000,5.000000,0.104912,0
1784410460.446267,CONST200,TRACKING,200,19.879191,49.890825,-0.012733,0.092360,4.960569,0.000000,0.000000,5.000000,0.101229,0
1784410460.496245,CONST200,TRACKING,200,20.650345,33.206103,-0.012197,0.085820,4.967296,0.000000,0.000000,5.000000,0.092646,0
1784410460.546283,CONST200,TRACKING,200,19.675864,48.952169,-0.013283,0.081812,4.968046,0.000000,0.000000,5.000000,0.088830,0
1784410460.596262,CONST200,TRACKING,200,20.177612,32.751569,-0.017787,0.071368,4.966063,0.000000,0.000000,5.000000,0.081003,0
1784410460.646279,CONST200,TRACKING,200,19.533417,49.268017,-0.019225,0.066641,4.964774,0.000000,0.000000,5.000000,0.077791,0
1784410460.696262,CONST200,TRACKING,200,19.774188,32.330525,-0.021316,0.056102,4.963668,0.000000,0.000000,5.000000,0.070156,0
1784410460.746255,CONST200,TRACKING,200,19.009588,49.115519,-0.022325,0.050667,4.964414,0.000000,0.000000,5.000000,0.065817,0
1784410460.796237,CONST200,TRACKING,200,19.472512,32.035947,-0.025327,0.038536,4.964933,0.000000,0.000000,5.000000,0.057932,0
1784410460.846282,CONST200,TRACKING,200,19.878661,50.362369,-0.027102,0.033069,4.965843,0.000000,0.000000,5.000000,0.054725,0
1784410460.896240,CONST200,TRACKING,200,19.582567,32.090679,-0.030999,0.022250,4.973305,0.000000,0.000000,5.000000,0.046569,0
1784410460.946274,CONST200,TRACKING,200,19.951881,50.308050,-0.034975,0.017828,4.978198,0.000000,0.000000,5.000000,0.044904,0
1784410460.996273,CONST200,TRACKING,200,21.521547,34.027893,-0.042258,0.007615,4.985595,0.000000,0.000000,5.000000,0.045290,0
1784410461.046273,CONST200,TRACKING,200,22.103720,50.471285,-0.044542,0.003680,4.986415,0.000000,0.000000,5.000000,0.046712,0
1784410461.096271,CONST200,TRACKING,200,19.461756,32.193458,-0.047502,-0.003364,4.987068,0.000000,0.000000,5.000000,0.049346,0
1784410461.146263,CONST200,TRACKING,200,19.843528,50.232403,-0.048551,-0.007218,4.987668,0.000000,0.000000,5.000000,0.050611,0
1784410461.196264,CONST200,TRACKING,200,20.153034,32.856975,-0.048059,-0.014511,4.988229,0.000000,0.000000,5.000000,0.051563,0
1784410461.246266,CONST200,TRACKING,200,22.050192,51.788976,-0.047425,-0.017835,4.987096,0.000000,0.000000,5.000000,0.052285,0
1784410461.296277,CONST200,TRACKING,200,19.734949,32.432245,-0.045338,-0.024794,4.989954,0.000000,0.000000,5.000000,0.052642,0
1784410461.346257,CONST200,TRACKING,200,18.523516,48.642990,-0.043729,-0.028127,4.993582,0.000000,0.000000,5.000000,0.052388,0
1784410461.396266,CONST200,TRACKING,200,19.643925,32.235392,-0.039398,-0.034573,5.001759,0.000000,0.000000,5.000000,0.052446,0
1784410461.446261,CONST200,TRACKING,200,19.445196,49.686606,-0.037458,-0.036081,5.002507,0.000000,0.000000,5.000000,0.052069,0
1784410461.496249,CONST200,TRACKING,200,19.821516,32.493628,-0.032410,-0.038581,5.002456,0.000000,0.000000,5.000000,0.050447,0
1784410461.546264,CONST200,TRACKING,200,19.656255,49.744834,-0.030345,-0.040006,4.999780,0.000000,0.000000,5.000000,0.050213,0
1784410461.596279,CONST200,TRACKING,200,20.174944,32.776256,-0.026681,-0.043531,4.996610,0.000000,0.000000,5.000000,0.051169,0
1784410461.646282,CONST200,TRACKING,200,19.199513,48.921257,-0.024486,-0.044895,4.996107,0.000000,0.000000,5.000000,0.051287,0
1784410461.696266,CONST200,TRACKING,200,20.355949,33.061707,-0.018277,-0.048919,4.984268,0.000000,0.000000,5.000000,0.054540,0
1784410461.746264,CONST200,TRACKING,200,19.557860,49.038235,-0.015036,-0.050765,4.978119,0.000000,0.000000,5.000000,0.057288,0
1784410461.796244,CONST200,TRACKING,200,19.238061,31.819142,-0.007415,-0.054895,4.962331,0.000000,0.000000,5.000000,0.066988,0
1784410461.846281,CONST200,TRACKING,200,22.218635,52.927235,-0.003729,-0.056757,4.955259,0.000000,0.000000,5.000000,0.072367,0
1784410461.896289,CONST200,TRACKING,200,19.443106,32.058687,0.004065,-0.059910,4.945012,0.000000,0.000000,5.000000,0.081421,0
1784410461.946262,CONST200,TRACKING,200,20.469314,50.900388,0.008866,-0.060572,4.940488,0.000000,0.000000,5.000000,0.085377,0
1784410461.996276,CONST200,TRACKING,200,18.805743,31.456946,0.018574,-0.061183,4.932140,0.000000,0.000000,5.000000,0.093238,0
1784410462.046268,CONST200,TRACKING,200,18.879712,49.749859,0.022819,-0.060750,4.928368,0.000000,0.000000,5.000000,0.096656,0
1784410462.096246,CONST200,TRACKING,200,19.229053,31.904222,0.031460,-0.058945,4.921033,0.000000,0.000000,5.000000,0.103440,0
1784410462.146269,CONST200,TRACKING,200,19.182072,49.891556,0.035585,-0.057938,4.918351,0.000000,0.000000,5.000000,0.106253,0
1784410462.196243,CONST200,TRACKING,200,19.176927,31.741725,0.043918,-0.056484,4.913343,0.000000,0.000000,5.000000,0.112377,0
1784410462.246269,CONST200,TRACKING,200,19.494615,50.242306,0.047316,-0.055624,4.912474,0.000000,0.000000,5.000000,0.113990,0
1784410462.296267,CONST200,TRACKING,200,19.165914,31.870649,0.053259,-0.051438,4.918545,0.000000,0.000000,5.000000,0.110079,0
1784410462.346286,CONST200,TRACKING,200,18.695846,49.442124,0.055778,-0.048142,4.921983,0.000000,0.000000,5.000000,0.107310,0
1784410462.396258,CONST200,TRACKING,200,19.470988,32.118407,0.060117,-0.039259,4.926144,0.000000,0.000000,5.000000,0.103005,0
1784410462.446292,CONST200,TRACKING,200,20.103920,50.571855,0.061007,-0.032307,4.925889,0.000000,0.000000,5.000000,0.101282,0
1784410462.496280,CONST200,TRACKING,200,19.160961,31.769556,0.061921,-0.018750,4.925033,0.000000,0.000000,5.000000,0.099025,0
1784410462.546277,CONST200,TRACKING,200,19.722445,50.460562,0.061584,-0.011107,4.925643,0.000000,0.000000,5.000000,0.097185,0
1784410462.596257,CONST200,TRACKING,200,19.692730,32.415768,0.059812,0.007397,4.927294,0.000000,0.000000,5.000000,0.094437,0
1784410462.646270,CONST200,TRACKING,200,19.803003,50.016381,0.058930,0.014966,4.928635,0.000000,0.000000,5.000000,0.093753,0
1784410462.696303,CONST200,TRACKING,200,18.350878,31.166522,0.057370,0.025321,4.931793,0.000000,0.000000,5.000000,0.092654,0
1784410462.746270,CONST200,TRACKING,200,18.264211,49.214479,0.056515,0.029673,4.934242,0.000000,0.000000,5.000000,0.091643,0
1784410462.796277,CONST200,TRACKING,200,18.935007,31.681234,0.053774,0.034722,4.943847,0.000000,0.000000,5.000000,0.085149,0
1784410462.846277,CONST200,TRACKING,200,19.608816,50.487192,0.052276,0.034881,4.948100,0.000000,0.000000,5.000000,0.081506,0
1784410462.896272,CONST200,TRACKING,200,18.607418,31.274029,0.049258,0.035023,4.960967,0.000000,0.000000,5.000000,0.071948,0
1784410462.946281,CONST200,TRACKING,200,18.493755,49.368458,0.047580,0.034800,4.970175,0.000000,0.000000,5.000000,0.066064,0
1784410462.996254,CONST200,TRACKING,200,18.778854,31.519859,0.043227,0.034190,4.987828,0.000000,0.000000,5.000000,0.056442,0
1784410463.046273,CONST200,TRACKING,200,19.617058,50.458205,0.041030,0.034766,4.995407,0.000000,0.000000,5.000000,0.053974,0
1784410463.096285,CONST200,TRACKING,200,19.116615,31.818762,0.036280,0.037270,5.008094,0.000000,0.000000,5.000000,0.052638,0
1784410463.146265,CONST200,TRACKING,200,19.509170,50.263996,0.033825,0.038185,5.013918,0.000000,0.000000,5.000000,0.052877,0
1784410463.196266,CONST200,TRACKING,200,20.017924,32.886204,0.028864,0.036597,5.019452,0.000000,0.000000,5.000000,0.050506,0
1784410463.247150,CONST200,TRACKING,200,25.062144,55.737060,0.026679,0.035308,5.020252,0.000000,0.000000,5.000000,0.048668,0
1784410463.296236,CONST200,TRACKING,200,19.308698,32.169045,0.021787,0.031639,5.012328,0.000000,0.000000,5.000000,0.040345,0
1784410463.346236,CONST200,TRACKING,200,25.284381,55.890248,0.019091,0.029247,5.005518,0.000000,0.000000,5.000000,0.035360,0
1784410463.396235,CONST200,TRACKING,200,24.075395,37.046237,0.013175,0.023037,4.997111,0.000000,0.000000,5.000000,0.026695,0
1784410463.446235,CONST200,TRACKING,200,23.678570,49.554467,0.011111,0.020152,4.995215,0.000000,0.000000,5.000000,0.023505,0
1784410463.496205,CONST200,TRACKING,200,25.185286,36.246899,0.006787,0.014132,4.993236,0.000000,0.000000,5.000000,0.017074,0
1784410463.546236,CONST200,TRACKING,200,21.214411,46.008874,0.004230,0.011388,4.994633,0.000000,0.000000,5.000000,0.013281,0
1784410463.596236,CONST200,TRACKING,200,22.022425,34.980200,-0.002286,0.006246,4.996855,0.000000,0.000000,5.000000,0.007357,0
1784410463.646235,CONST200,TRACKING,200,25.344928,53.269790,-0.004902,0.004125,4.997085,0.000000,0.000000,5.000000,0.007038,0
1784410463.696236,CONST200,TRACKING,200,24.351014,37.357311,-0.012181,0.000643,5.001097,0.000000,0.000000,5.000000,0.012247,0
1784410463.746236,CONST200,TRACKING,200,26.171877,51.778221,-0.015235,-0.000982,5.003625,0.000000,0.000000,5.000000,0.015691,0
1784410463.796236,CONST200,TRACKING,200,19.259087,32.222146,-0.019409,-0.005587,5.013268,0.000000,0.000000,5.000000,0.024165,0
1784410463.846237,CONST200,TRACKING,200,26.900221,57.601045,-0.020386,-0.008082,5.015591,0.000000,0.000000,5.000000,0.026907,0
1784410463.896237,CONST200,TRACKING,200,21.916541,34.836892,-0.021795,-0.012740,5.015419,0.000000,0.000000,5.000000,0.029582,0
1784410463.946237,CONST200,TRACKING,200,23.216051,51.240510,-0.021869,-0.015078,5.015725,0.000000,0.000000,5.000000,0.030869,0
1784410463.996243,CONST200,TRACKING,200,19.444353,32.355961,-0.021671,-0.019496,5.016165,0.000000,0.000000,5.000000,0.033332,0
1784410464.046237,CONST200,TRACKING,200,24.514970,55.017495,-0.020175,-0.022323,5.014313,0.000000,0.000000,5.000000,0.033320,0
1784410464.096238,CONST200,TRACKING,200,26.070271,38.991175,-0.015102,-0.029383,5.006950,0.000000,0.000000,5.000000,0.033760,0
1784410464.146237,CONST200,TRACKING,200,19.566152,43.446401,-0.012884,-0.032354,5.002055,0.000000,0.000000,5.000000,0.034886,0
1784410464.196237,CONST200,TRACKING,200,22.053119,34.971308,-0.011228,-0.034847,4.992360,0.000000,0.000000,5.000000,0.037400,0
1784410464.248126,CONST200,TRACKING,200,24.334090,54.121558,-0.010818,-0.035133,4.989999,0.000000,0.000000,5.000000,0.038097,0
1784410464.296237,CONST200,TRACKING,200,22.840832,35.726882,-0.008285,-0.034540,4.985690,0.000000,0.000000,5.000000,0.038294,0
1784410464.346238,CONST200,TRACKING,200,24.656557,48.766365,-0.006285,-0.033847,4.983037,0.000000,0.000000,5.000000,0.038378,0
1784410464.396240,CONST200,TRACKING,200,20.924143,33.940289,-0.002483,-0.031462,4.980515,0.000000,0.000000,5.000000,0.037091,0
1784410464.446238,CONST200,TRACKING,200,22.450163,51.465210,-0.001936,-0.029327,4.979913,0.000000,0.000000,5.000000,0.035599,0
1784410464.496240,CONST200,TRACKING,200,24.206642,37.069957,-0.000475,-0.024851,4.975806,0.000000,0.000000,5.000000,0.034686,0
1784410464.546239,CONST200,TRACKING,200,23.477439,49.203425,-0.000583,-0.021993,4.973838,0.000000,0.000000,5.000000,0.034183,0
1784410464.596239,CONST200,TRACKING,200,22.221916,35.109258,-0.002751,-0.014661,4.974931,0.000000,0.000000,5.000000,0.029172,0
1784410464.646239,CONST200,TRACKING,200,24.455020,52.173188,-0.003805,-0.011622,4.976134,0.000000,0.000000,5.000000,0.026816,0
1784410464.696241,CONST200,TRACKING,200,23.374424,36.257863,-0.007791,-0.000837,4.978318,0.000000,0.000000,5.000000,0.023054,0
1784410464.746244,CONST200,TRACKING,200,22.480796,49.058719,-0.009932,0.004534,4.977522,0.000000,0.000000,5.000000,0.024989,0
1784410464.796241,CONST200,TRACKING,200,24.203285,37.131795,-0.017050,0.016223,4.972383,0.000000,0.000000,5.000000,0.036285,0
1784410464.846240,CONST200,TRACKING,200,22.211712,47.958072,-0.021045,0.021268,4.968653,0.000000,0.000000,5.000000,0.043334,0
1784410464.896241,CONST200,TRACKING,200,24.048215,37.008042,-0.027601,0.030374,4.962583,0.000000,0.000000,5.000000,0.055537,0
1784410464.946242,CONST200,TRACKING,200,23.637577,49.546278,-0.030252,0.032879,4.962014,0.000000,0.000000,5.000000,0.058644,0
1784410464.996242,CONST200,TRACKING,200,23.309995,36.206823,-0.034912,0.038172,4.961599,0.000000,0.000000,5.000000,0.064425,0
1784410465.046241,CONST200,TRACKING,200,22.294990,48.939900,-0.036678,0.040214,4.963803,0.000000,0.000000,5.000000,0.065366,0
1784410465.096242,CONST200,TRACKING,200,24.586713,37.586935,-0.039920,0.043926,4.968597,0.000000,0.000000,5.000000,0.067151,0
1784410465.146241,CONST200,TRACKING,200,23.497762,48.873301,-0.041334,0.045682,4.970937,0.000000,0.000000,5.000000,0.068118,0
1784410465.196243,CONST200,TRACKING,200,25.212253,38.161280,-0.045065,0.048962,4.975187,0.000000,0.000000,5.000000,0.071020,0
1784410465.246242,CONST200,TRACKING,200,24.425530,49.162327,-0.046643,0.050368,4.976572,0.000000,0.000000,5.000000,0.072535,0
1784410465.296242,CONST200,TRACKING,200,21.379825,34.254641,-0.050017,0.053317,4.986081,0.000000,0.000000,5.000000,0.074419,0
1784410465.346243,CONST200,TRACKING,200,26.159962,54.723696,-0.051770,0.054683,4.991585,0.000000,0.000000,5.000000,0.075770,0
1784410465.396243,CONST200,TRACKING,200,22.390221,35.373381,-0.054562,0.056838,5.001535,0.000000,0.000000,5.000000,0.078803,0
1784410465.446242,CONST200,TRACKING,200,24.631906,52.191206,-0.054580,0.057172,5.004927,0.000000,0.000000,5.000000,0.079195,0
1784410465.496243,CONST200,TRACKING,200,23.613874,33.729496,-0.054559,0.056762,5.009258,0.000000,0.000000,5.000000,0.079274,0
1784410465.546245,CONST200,TRACKING,200,22.017544,48.352165,-0.055654,0.056393,5.008409,0.000000,0.000000,5.000000,0.079675,0
1784410465.596243,CONST200,TRACKING,200,23.698084,36.513965,-0.059225,0.055282,5.007689,0.000000,0.000000,5.000000,0.081381,0
1784410465.646244,CONST200,TRACKING,200,22.774858,49.041875,-0.059922,0.054629,5.008268,0.000000,0.000000,5.000000,0.081506,0
1784410465.696244,CONST200,TRACKING,200,24.669461,36.787564,-0.063746,0.051641,5.008875,0.000000,0.000000,5.000000,0.082517,0
1784410465.748126,CONST200,TRACKING,200,21.787781,48.953567,-0.065051,0.050185,5.008674,0.000000,0.000000,5.000000,0.082616,0
1784410465.796243,CONST200,TRACKING,200,24.256094,36.373185,-0.065289,0.046869,5.006953,0.000000,0.000000,5.000000,0.080670,0
1784410465.846244,CONST200,TRACKING,200,22.765789,48.473029,-0.064243,0.045368,5.004304,0.000000,0.000000,5.000000,0.078765,0
1784410465.896244,CONST200,TRACKING,200,22.922249,35.712130,-0.060624,0.041870,4.997052,0.000000,0.000000,5.000000,0.073736,0
1784410465.946244,CONST200,TRACKING,200,24.969587,52.011154,-0.056730,0.038259,4.991453,0.000000,0.000000,5.000000,0.068958,0
1784410465.996244,CONST200,TRACKING,200,22.830422,35.542503,-0.047853,0.029493,4.981685,0.000000,0.000000,5.000000,0.059120,0
1784410466.046245,CONST200,TRACKING,200,23.923262,51.050821,-0.044904,0.025145,4.981870,0.000000,0.000000,5.000000,0.054565,0
1784410466.096245,CONST200,TRACKING,200,24.936163,37.730854,-0.041008,0.016065,4.986858,0.000000,0.000000,5.000000,0.045961,0
1784410466.146245,CONST200,TRACKING,200,22.510427,47.527403,-0.039003,0.011671,4.989516,0.000000,0.000000,5.000000,0.042040,0
1784410466.196245,CONST200,TRACKING,200,21.943377,34.660584,-0.034120,0.002586,4.999408,0.000000,0.000000,5.000000,0.034223,0
1784410466.246247,CONST200,TRACKING,200,23.128726,51.139493,-0.031789,-0.001269,5.002315,0.000000,0.000000,5.000000,0.031898,0
1784410466.296246,CONST200,TRACKING,200,23.378297,36.145037,-0.027266,-0.009361,5.001470,0.000000,0.000000,5.000000,0.028865,0
1784410466.346247,CONST200,TRACKING,200,24.045359,50.624710,-0.025076,-0.013582,5.000464,0.000000,0.000000,5.000000,0.028522,0
1784410466.396247,CONST200,TRACKING,200,23.714098,36.433839,-0.019432,-0.023120,4.999269,0.000000,0.000000,5.000000,0.030211,0
1784410466.446247,CONST200,TRACKING,200,22.760913,48.998876,-0.016367,-0.028316,4.997218,0.000000,0.000000,5.000000,0.032824,0
1784410466.496247,CONST200,TRACKING,200,24.051671,34.171901,-0.010041,-0.037619,4.989667,0.000000,0.000000,5.000000,0.040284,0
1784410466.546247,CONST200,TRACKING,200,19.996814,45.901584,-0.006886,-0.042325,4.985487,0.000000,0.000000,5.000000,0.045271,0
1784410466.596247,CONST200,TRACKING,200,23.745102,36.736113,0.000166,-0.052713,4.980796,0.000000,0.000000,5.000000,0.056103,0
1784410466.646250,CONST200,TRACKING,200,24.802526,51.018799,0.003334,-0.056787,4.980217,0.000000,0.000000,5.000000,0.060226,0
1784410466.696247,CONST200,TRACKING,200,22.860434,35.819848,0.009674,-0.071167,4.981166,0.000000,0.000000,5.000000,0.074250,0
1784410466.746248,CONST200,TRACKING,200,24.081031,51.173156,0.012688,-0.078100,4.979576,0.000000,0.000000,5.000000,0.081717,0
1784410466.796248,CONST200,TRACKING,200,19.863855,32.574527,0.017807,-0.092568,4.979609,0.000000,0.000000,5.000000,0.096446,0
1784410466.846248,CONST200,TRACKING,200,20.789354,47.875787,0.019250,-0.098430,4.982085,0.000000,0.000000,5.000000,0.101882,0
1784410466.896249,CONST200,TRACKING,200,25.244737,38.047513,0.021843,-0.108416,4.988008,0.000000,0.000000,5.000000,0.111243,0
1784410466.946249,CONST200,TRACKING,200,24.267943,48.982918,0.022791,-0.112373,4.992129,0.000000,0.000000,5.000000,0.114930,0
1784410466.996248,CONST200,TRACKING,200,23.041463,35.829376,0.024815,-0.119233,5.000144,0.000000,0.000000,5.000000,0.121788,0
1784410467.046250,CONST200,TRACKING,200,21.702819,48.617027,0.024218,-0.121191,5.000978,0.000000,0.000000,5.000000,0.123591,0
1784410467.096249,CONST200,TRACKING,200,22.966878,35.867424,0.020496,-0.122933,4.998709,0.000000,0.000000,5.000000,0.124636,0
1784410467.146250,CONST200,TRACKING,200,34.109989,61.103650,0.018760,-0.122723,4.997469,0.000000,0.000000,5.000000,0.124175,0
1784410467.196251,CONST200,TRACKING,200,33.047754,45.162664,0.016844,-0.119252,4.992760,0.000000,0.000000,5.000000,0.120653,0
1784410467.248128,CONST200,TRACKING,200,30.816212,49.576000,0.016119,-0.116644,4.990378,0.000000,0.000000,5.000000,0.118145,0
1784410467.296251,CONST200,TRACKING,200,24.232625,37.155369,0.013839,-0.110452,4.989408,0.000000,0.000000,5.000000,0.111819,0
1784410467.346251,CONST200,TRACKING,200,24.095756,49.809625,0.012365,-0.107098,4.988799,0.000000,0.000000,5.000000,0.108390,0
1784410467.396252,CONST200,TRACKING,200,26.023459,38.716889,0.007901,-0.098515,4.985476,0.000000,0.000000,5.000000,0.099893,0
1784410467.446252,CONST200,TRACKING,200,22.193365,46.102755,0.004129,-0.093005,4.982431,0.000000,0.000000,5.000000,0.094740,0
1784410467.496252,CONST200,TRACKING,200,23.800664,36.472517,-0.002758,-0.082216,4.977680,0.000000,0.000000,5.000000,0.085236,0
1784410467.546252,CONST200,TRACKING,200,21.642514,47.792220,-0.005971,-0.076579,4.976391,0.000000,0.000000,5.000000,0.080358,0
1784410467.596252,CONST200,TRACKING,200,25.964134,38.544778,-0.012742,-0.062932,4.973252,0.000000,0.000000,5.000000,0.069558,0
1784410467.646252,CONST200,TRACKING,200,20.541076,44.527589,-0.015563,-0.056599,4.971237,0.000000,0.000000,5.000000,0.065368,0
1784410467.696252,CONST200,TRACKING,200,21.978022,33.101959,-0.020729,-0.040576,4.964551,0.000000,0.000000,5.000000,0.057729,0
1784410467.746253,CONST200,TRACKING,200,19.642170,47.627798,-0.023023,-0.032195,4.960749,0.000000,0.000000,5.000000,0.055742,0
1784410467.796252,CONST200,TRACKING,200,23.721551,35.847204,-0.026010,-0.011464,4.958948,0.000000,0.000000,5.000000,0.049932,0
1784410467.846253,CONST200,TRACKING,200,24.737009,50.982408,-0.026294,-0.001389,4.960002,0.000000,0.000000,5.000000,0.047887,0
1784410467.896254,CONST200,TRACKING,200,23.095062,35.793975,-0.025946,0.018353,4.959879,0.000000,0.000000,5.000000,0.051183,0
1784410467.946253,CONST200,TRACKING,200,24.784925,51.618438,-0.024589,0.028309,4.960921,0.000000,0.000000,5.000000,0.054159,0
1784410467.996253,CONST200,TRACKING,200,23.160748,35.840245,-0.021655,0.049444,4.962082,0.000000,0.000000,5.000000,0.065965,0
1784410468.046254,CONST200,TRACKING,200,21.937142,48.720290,-0.022452,0.059372,4.961456,0.000000,0.000000,5.000000,0.074261,0
1784410468.096254,CONST200,TRACKING,200,22.765181,35.675172,-0.026988,0.079566,4.964067,0.000000,0.000000,5.000000,0.091380,0
1784410468.146254,CONST200,TRACKING,200,24.296595,51.483808,-0.028603,0.088584,4.966862,0.000000,0.000000,5.000000,0.098810,0
1784410468.196254,CONST200,TRACKING,200,26.612903,39.433675,-0.030321,0.106830,4.978253,0.000000,0.000000,5.000000,0.113159,0
1784410468.246255,CONST200,TRACKING,200,21.298518,44.606180,-0.030827,0.113716,4.984250,0.000000,0.000000,5.000000,0.118868,0
1784410468.296255,CONST200,TRACKING,200,24.115454,36.998402,-0.031187,0.122112,4.996550,0.000000,0.000000,5.000000,0.126079,0
1784410468.346255,CONST200,TRACKING,200,22.847265,48.686000,-0.030906,0.124060,5.001571,0.000000,0.000000,5.000000,0.127861,0
1784410468.396256,CONST200,TRACKING,200,20.715606,33.757645,-0.029169,0.126904,5.009126,0.000000,0.000000,5.000000,0.130532,0
1784410468.446256,CONST200,TRACKING,200,23.878468,53.110050,-0.027665,0.128048,5.009588,0.000000,0.000000,5.000000,0.131353,0
1784410468.496257,CONST200,TRACKING,200,22.920392,35.727978,-0.024299,0.128820,5.007650,0.000000,0.000000,5.000000,0.131314,0
1784410468.546257,CONST200,TRACKING,200,21.283128,48.327908,-0.021838,0.128406,5.007888,0.000000,0.000000,5.000000,0.130488,0
1784410468.596256,CONST200,TRACKING,200,22.898804,35.724443,-0.015229,0.125484,5.015189,0.000000,0.000000,5.000000,0.127314,0
1784410468.646258,CONST200,TRACKING,200,23.965445,51.029039,-0.012428,0.123571,5.018102,0.000000,0.000000,5.000000,0.125507,0
1784410468.696256,CONST200,TRACKING,200,24.993423,37.772095,-0.007821,0.117960,5.023757,0.000000,0.000000,5.000000,0.120582,0
1784410468.746257,CONST200,TRACKING,200,22.908772,47.870163,-0.005496,0.114950,5.024863,0.000000,0.000000,5.000000,0.117736,0
1784410468.796258,CONST200,TRACKING,200,20.952821,33.783886,-0.001408,0.107525,5.020751,0.000000,0.000000,5.000000,0.109518,0
1784410468.846259,CONST200,TRACKING,200,24.988581,53.992934,-0.000249,0.103768,5.017311,0.000000,0.000000,5.000000,0.105202,0
1784410468.896262,CONST200,TRACKING,200,21.802064,34.712175,0.001979,0.096085,5.013926,0.000000,0.000000,5.000000,0.097110,0
1784410468.946258,CONST200,TRACKING,200,23.463855,51.606957,0.003034,0.092983,5.017952,0.000000,0.000000,5.000000,0.094748,0
1784410468.996258,CONST200,TRACKING,200,22.673762,35.543767,0.005213,0.084366,5.025573,0.000000,0.000000,5.000000,0.088311,0
1784410469.047125,CONST200,TRACKING,200,20.843251,48.988921,0.005516,0.080024,5.024761,0.000000,0.000000,5.000000,0.083948,0
1784410469.096258,CONST200,TRACKING,200,21.736784,34.466955,0.005231,0.069212,5.017313,0.000000,0.000000,5.000000,0.071536,0
1784410469.148126,CONST200,TRACKING,200,21.979938,52.055693,0.005404,0.065320,5.015156,0.000000,0.000000,5.000000,0.067273,0
1784410469.196259,CONST200,TRACKING,200,24.259857,37.197323,0.008139,0.050037,5.007337,0.000000,0.000000,5.000000,0.051222,0
1784410469.246260,CONST200,TRACKING,200,22.786351,48.477204,0.009880,0.042689,5.003463,0.000000,0.000000,5.000000,0.043954,0
1784410469.296260,CONST200,TRACKING,200,22.231014,35.152190,0.016939,0.027721,4.992590,0.000000,0.000000,5.000000,0.033321,0
1784410469.346261,CONST200,TRACKING,200,23.178372,50.904768,0.021741,0.020039,4.987267,0.000000,0.000000,5.000000,0.032193,0
1784410469.396260,CONST200,TRACKING,200,21.676996,34.469239,0.030453,0.001998,4.980809,0.000000,0.000000,5.000000,0.036051,0
1784410469.447125,CONST200,TRACKING,200,22.680056,51.804617,0.031781,-0.007473,4.983717,0.000000,0.000000,5.000000,0.036483,0
1784410469.496260,CONST200,TRACKING,200,25.051714,37.178341,0.033774,-0.025569,4.990556,0.000000,0.000000,5.000000,0.043401,0
1784410469.546262,CONST200,TRACKING,200,21.282957,46.160727,0.034656,-0.033678,4.993895,0.000000,0.000000,5.000000,0.048709,0
1784410469.596261,CONST200,TRACKING,200,22.115895,34.965565,0.036608,-0.049551,5.002141,0.000000,0.000000,5.000000,0.061645,0
1784410469.646261,CONST200,TRACKING,200,24.903290,52.742913,0.037121,-0.055636,5.006117,0.000000,0.000000,5.000000,0.067163,0
1784410469.696261,CONST200,TRACKING,200,23.110992,35.977235,0.036897,-0.064212,5.014468,0.000000,0.000000,5.000000,0.075458,0
1784410469.747125,CONST200,TRACKING,200,22.900407,50.615172,0.036284,-0.068568,5.018516,0.000000,0.000000,5.000000,0.079756,0
1784410469.796262,CONST200,TRACKING,200,20.113834,30.249437,0.033613,-0.072393,5.026692,0.000000,0.000000,5.000000,0.084161,0
1784410469.846262,CONST200,TRACKING,200,21.829811,51.678146,0.031618,-0.073015,5.031051,0.000000,0.000000,5.000000,0.085411,0
1784410469.896262,CONST200,TRACKING,200,23.080183,35.836652,0.027020,-0.073472,5.036581,0.000000,0.000000,5.000000,0.086409,0
1784410469.946263,CONST200,TRACKING,200,24.749268,51.602392,0.025627,-0.072970,5.037489,0.000000,0.000000,5.000000,0.085946,0
1784410469.996262,CONST200,TRACKING,200,22.752196,35.525159,0.021531,-0.071297,5.041535,0.000000,0.000000,5.000000,0.085276,0
1784410470.046263,CONST200,TRACKING,200,21.400047,48.600121,0.020833,-0.070549,5.043173,0.000000,0.000000,5.000000,0.085294,0
1784410470.096264,CONST200,TRACKING,200,22.908860,35.572663,0.021261,-0.068766,5.044014,0.000000,0.000000,5.000000,0.084368,0
1784410470.146264,CONST200,TRACKING,200,24.327829,51.356594,0.021446,-0.067464,5.042416,0.000000,0.000000,5.000000,0.082525,0
1784410470.196264,CONST200,TRACKING,200,26.401739,39.095444,0.019893,-0.062267,5.038134,0.000000,0.000000,5.000000,0.075678,0
1784410470.246264,CONST200,TRACKING,200,20.725491,44.265645,0.019042,-0.059391,5.037946,0.000000,0.000000,5.000000,0.073005,0
1784410470.296264,CONST200,TRACKING,200,20.248125,30.384781,0.016416,-0.054110,5.041390,0.000000,0.000000,5.000000,0.070075,0
1784410470.346265,CONST200,TRACKING,200,22.428688,52.137307,0.014784,-0.051746,5.042396,0.000000,0.000000,5.000000,0.068510,0
1784410470.396265,CONST200,TRACKING,200,24.373886,37.318334,0.011302,-0.045881,5.039687,0.000000,0.000000,5.000000,0.061708,0
1784410470.446266,CONST200,TRACKING,200,23.914436,49.493921,0.008973,-0.042357,5.040892,0.000000,0.000000,5.000000,0.059554,0
1784410470.496265,CONST200,TRACKING,200,24.490239,37.412783,0.005086,-0.035130,5.044130,0.000000,0.000000,5.000000,0.056634,0
1784410470.546266,CONST200,TRACKING,200,19.771501,45.198749,0.004057,-0.031359,5.046135,0.000000,0.000000,5.000000,0.055931,0
1784410470.596267,CONST200,TRACKING,200,24.607261,36.748463,0.003599,-0.022332,5.047786,0.000000,0.000000,5.000000,0.052870,0
1784410470.646267,CONST200,TRACKING,200,23.473805,48.812621,0.003654,-0.017934,5.047502,0.000000,0.000000,5.000000,0.050906,0
1784410470.696275,CONST200,TRACKING,200,24.350767,37.299737,0.008569,-0.007718,5.050995,0.000000,0.000000,5.000000,0.052283,0
1784410470.746267,CONST200,TRACKING,200,24.394474,49.980608,0.011231,-0.002570,5.052702,0.000000,0.000000,5.000000,0.053947,0
1784410470.796266,CONST200,TRACKING,200,20.485945,30.625017,0.016819,0.008069,5.052522,0.000000,0.000000,5.000000,0.055736,0
1784410470.846267,CONST200,TRACKING,200,22.294308,51.770292,0.019161,0.012311,5.052911,0.000000,0.000000,5.000000,0.057605,0
1784410470.896267,CONST200,TRACKING,200,22.828990,35.775386,0.023592,0.019691,5.053772,0.000000,0.000000,5.000000,0.061934,0
1784410470.946268,CONST200,TRACKING,200,25.075254,52.184873,0.025686,0.021571,5.050499,0.000000,0.000000,5.000000,0.060623,0
1784410470.996268,CONST200,TRACKING,200,23.939919,36.957329,0.028639,0.025762,5.043471,0.000000,0.000000,5.000000,0.058083,0
1784410471.046270,CONST200,TRACKING,200,22.490246,48.487938,0.029388,0.026495,5.042061,0.000000,0.000000,5.000000,0.057747,0
1784410471.096268,CONST200,TRACKING,200,21.146699,33.974329,0.030734,0.026540,5.038884,0.000000,0.000000,5.000000,0.056222,0
1784410471.146268,CONST200,TRACKING,200,22.919403,51.725043,0.031452,0.027192,5.036532,0.000000,0.000000,5.000000,0.055346,0
1784410471.196268,CONST200,TRACKING,200,25.005304,37.936331,0.030117,0.028928,5.037084,0.000000,0.000000,5.000000,0.055849,0
1784410471.246269,CONST200,TRACKING,200,24.305162,49.241123,0.029566,0.030204,5.037457,0.000000,0.000000,5.000000,0.056475,0
1784410471.296269,CONST200,TRACKING,200,20.093318,33.057158,0.029749,0.035134,5.037239,0.000000,0.000000,5.000000,0.059212,0
1784410471.346270,CONST200,TRACKING,200,22.453348,52.304256,0.030268,0.038536,5.036069,0.000000,0.000000,5.000000,0.060845,0
1784410471.396269,CONST200,TRACKING,200,23.867727,36.854051,0.031154,0.045318,5.030415,0.000000,0.000000,5.000000,0.062844,0
1784410471.446270,CONST200,TRACKING,200,25.276610,51.354293,0.031615,0.048811,5.029158,0.000000,0.000000,5.000000,0.065056,0
1784410471.496271,CONST200,TRACKING,200,23.867800,36.879153,0.032527,0.053440,5.028522,0.000000,0.000000,5.000000,0.068756,0
1784410471.546270,CONST200,TRACKING,200,21.837776,47.909436,0.032595,0.053387,5.029488,0.000000,0.000000,5.000000,0.069153,0
1784410471.596275,CONST200,TRACKING,200,20.118426,33.027303,0.032217,0.049467,5.031598,0.000000,0.000000,5.000000,0.066958,0
1784410471.646272,CONST200,TRACKING,200,25.301983,55.135799,0.032073,0.047738,5.032483,0.000000,0.000000,5.000000,0.066050,0
1784410471.696271,CONST200,TRACKING,200,24.282117,37.182727,0.030005,0.042028,5.035711,0.000000,0.000000,5.000000,0.062785,0
1784410471.746271,CONST200,TRACKING,200,22.908944,48.580518,0.028900,0.039266,5.037262,0.000000,0.000000,5.000000,0.061364,0
1784410471.796271,CONST200,TRACKING,200,21.034218,33.697825,0.026023,0.030851,5.033992,0.000000,0.000000,5.000000,0.052767,0
1784410471.846272,CONST200,TRACKING,200,22.982411,51.903237,0.024489,0.025882,5.030420,0.000000,0.000000,5.000000,0.046850,0
1784410471.896272,CONST200,TRACKING,200,23.515512,36.353338,0.020478,0.016786,5.021694,0.000000,0.000000,5.000000,0.034231,0
1784410471.946272,CONST200,TRACKING,200,24.401834,50.803807,0.017049,0.011790,5.019337,0.000000,0.000000,5.000000,0.028348,0
1784410471.996272,CONST200,TRACKING,200,24.591999,36.734801,0.009679,0.002453,5.012887,0.000000,0.000000,5.000000,0.016302,0
1784410472.046272,CONST200,TRACKING,200,21.908426,47.270831,0.006639,-0.000446,5.010040,0.000000,0.000000,5.000000,0.012045,0
1784410472.096273,CONST200,TRACKING,200,20.002598,32.672067,0.000931,-0.004187,5.007205,0.000000,0.000000,5.000000,0.008385,0
1784410472.146272,CONST200,TRACKING,200,25.167268,55.128617,-0.001680,-0.005659,5.007272,0.000000,0.000000,5.000000,0.009367,0
1784410472.196273,CONST200,TRACKING,200,24.477194,37.356554,-0.007203,-0.002340,5.006533,0.000000,0.000000,5.000000,0.010002,0
1784410472.246273,CONST200,TRACKING,200,24.492766,49.961355,-0.009479,-0.000442,5.006683,0.000000,0.000000,5.000000,0.011606,0
1784410472.296273,CONST200,TRACKING,200,22.299684,35.273947,-0.013727,0.003382,5.011431,0.000000,0.000000,5.000000,0.018180,0
1784410472.346275,CONST200,TRACKING,200,20.956833,48.599884,-0.015744,0.005286,5.014633,0.000000,0.000000,5.000000,0.022134,0
1784410472.396275,CONST200,TRACKING,200,23.177150,35.964868,-0.020285,0.008803,5.018484,0.000000,0.000000,5.000000,0.028820,0
1784410472.447124,CONST200,TRACKING,200,22.894027,50.489487,-0.021878,0.010514,5.020088,0.000000,0.000000,5.000000,0.031507,0
1784410472.496275,CONST200,TRACKING,200,23.274790,34.421050,-0.025513,0.013768,5.023722,0.000000,0.000000,5.000000,0.037459,0
1784410472.546276,CONST200,TRACKING,200,18.827455,45.488054,-0.026477,0.013700,5.026347,0.000000,0.000000,5.000000,0.039785,0
1784410472.596274,CONST200,TRACKING,200,22.785551,35.603011,-0.028959,0.012310,5.032912,0.000000,0.000000,5.000000,0.045534,0
1784410472.646278,CONST200,TRACKING,200,24.124706,51.292823,-0.029908,0.011702,5.033679,0.000000,0.000000,5.000000,0.046537,0
1784410472.696275,CONST200,TRACKING,200,26.358652,39.266329,-0.034974,0.010251,5.033012,0.000000,0.000000,5.000000,0.049174,0
1784410472.746275,CONST200,TRACKING,200,21.826223,45.420047,-0.037776,0.009249,5.033983,0.000000,0.000000,5.000000,0.051647,0
1784410472.796275,CONST200,TRACKING,200,23.263341,36.023040,-0.045482,0.002963,5.038736,0.000000,0.000000,5.000000,0.059815,0
1784410472.846276,CONST200,TRACKING,200,22.238006,48.917071,-0.049315,-0.001703,5.040286,0.000000,0.000000,5.000000,0.063701,0
1784410472.896277,CONST200,TRACKING,200,24.063661,36.621462,-0.055590,-0.009562,5.036629,0.000000,0.000000,5.000000,0.067256,0
1784410472.946281,CONST200,TRACKING,200,26.363579,52.255164,-0.057814,-0.011458,5.031408,0.000000,0.000000,5.000000,0.066785,0
1784410472.996282,CONST200,TRACKING,200,23.039569,35.620932,-0.061869,-0.015083,5.020163,0.000000,0.000000,5.000000,0.066796,0
1784410473.046277,CONST200,TRACKING,200,22.404779,49.297152,-0.063718,-0.017408,5.017594,0.000000,0.000000,5.000000,0.068357,0
1784410473.096277,CONST200,TRACKING,200,24.138927,37.109355,-0.067489,-0.023292,5.013576,0.000000,0.000000,5.000000,0.072674,0
1784410473.146277,CONST200,TRACKING,200,24.560608,50.375616,-0.069042,-0.025804,5.012424,0.000000,0.000000,5.000000,0.074746,0
1784410473.196277,CONST200,TRACKING,200,23.505147,36.447815,-0.072981,-0.032064,5.012953,0.000000,0.000000,5.000000,0.080760,0
1784410473.246278,CONST200,TRACKING,200,24.472262,50.915467,-0.074493,-0.034424,5.015654,0.000000,0.000000,5.000000,0.083542,0
1784410473.296278,CONST200,TRACKING,200,19.902987,30.053323,-0.077286,-0.041134,5.020607,0.000000,0.000000,5.000000,0.089943,0
1784410473.346279,CONST200,TRACKING,200,24.534668,54.584565,-0.078282,-0.045283,5.025017,0.000000,0.000000,5.000000,0.093832,0
1784410473.396279,CONST200,TRACKING,200,23.727553,36.385106,-0.077888,-0.052165,5.034659,0.000000,0.000000,5.000000,0.099945,0
1784410473.446287,CONST200,TRACKING,200,25.142692,51.372866,-0.074941,-0.053594,5.036723,0.000000,0.000000,5.000000,0.099182,0
1784410473.496280,CONST200,TRACKING,200,23.060696,35.789483,-0.068487,-0.055338,5.038695,0.000000,0.000000,5.000000,0.096177,0
1784410473.546280,CONST200,TRACKING,200,23.487624,50.351883,-0.063545,-0.055977,5.038499,0.000000,0.000000,5.000000,0.093025,0
1784410473.596280,CONST200,TRACKING,200,22.703298,35.119721,-0.049321,-0.057205,5.037155,0.000000,0.000000,5.000000,0.084176,0
1784410473.646280,CONST200,TRACKING,200,24.185975,51.428242,-0.043147,-0.057488,5.035222,0.000000,0.000000,5.000000,0.080045,0
1784410473.696280,CONST200,TRACKING,200,26.120568,38.842061,-0.030808,-0.057368,5.031455,0.000000,0.000000,5.000000,0.072316,0
1784410473.746280,CONST200,TRACKING,200,22.045232,45.877015,-0.024603,-0.056885,5.028312,0.000000,0.000000,5.000000,0.068138,0
1784410473.796280,CONST200,TRACKING,200,21.138462,33.963483,-0.010774,-0.056341,5.021727,0.000000,0.000000,5.000000,0.061338,0
1784410473.846281,CONST200,TRACKING,200,26.195540,54.997325,-0.004807,-0.056384,5.018536,0.000000,0.000000,5.000000,0.059547,0
1784410473.896282,CONST200,TRACKING,200,22.500381,35.238763,0.006866,-0.054816,5.012221,0.000000,0.000000,5.000000,0.056580,0
1784410473.949126,CONST200,TRACKING,200,20.865739,51.150795,0.012763,-0.052841,5.010097,0.000000,0.000000,5.000000,0.055291,0
1784410473.996281,CONST200,TRACKING,200,25.713641,36.867696,0.024721,-0.047775,5.003013,0.000000,0.000000,5.000000,0.053877,0
1784410474.046282,CONST200,TRACKING,200,21.212579,45.451766,0.030160,-0.045509,4.999785,0.000000,0.000000,5.000000,0.054596,0
1784410474.096282,CONST200,TRACKING,200,22.211226,35.016872,0.041412,-0.040843,4.995483,0.000000,0.000000,5.000000,0.058340,0
1784410474.146281,CONST200,TRACKING,200,25.053338,52.803031,0.046640,-0.038312,4.992517,0.000000,0.000000,5.000000,0.060820,0
1784410474.196283,CONST200,TRACKING,200,24.103168,36.809374,0.059863,-0.030386,4.995018,0.000000,0.000000,5.000000,0.067318,0
1784410474.246282,CONST200,TRACKING,200,23.890062,49.728594,0.065406,-0.026571,4.997873,0.000000,0.000000,5.000000,0.070629,0
1784410474.296284,CONST200,TRACKING,200,20.852486,33.503791,0.075158,-0.019177,5.009814,0.000000,0.000000,5.000000,0.078185,0
1784410474.346285,CONST200,TRACKING,200,23.233944,52.292192,0.080459,-0.014647,5.017445,0.000000,0.000000,5.000000,0.083621,0
1784410474.396283,CONST200,TRACKING,200,23.821852,35.975233,0.087819,-0.007327,5.025999,0.000000,0.000000,5.000000,0.091879,0
1784410474.446283,CONST200,TRACKING,200,25.445745,51.569485,0.091239,-0.005195,5.029477,0.000000,0.000000,5.000000,0.096023,0
1784410474.496286,CONST200,TRACKING,200,24.584531,37.125454,0.097367,-0.000374,5.031404,0.000000,0.000000,5.000000,0.102307,0
1784410474.546284,CONST200,TRACKING,200,20.217781,45.580550,0.100005,0.001973,5.032049,0.000000,0.000000,5.000000,0.105034,0
1784410474.596283,CONST200,TRACKING,200,22.454208,33.610542,0.104282,0.007068,5.035786,0.000000,0.000000,5.000000,0.110478,0
1784410474.646285,CONST200,TRACKING,200,24.226999,51.717723,0.105444,0.009517,5.036635,0.000000,0.000000,5.000000,0.112032,0
1784410474.696285,CONST200,TRACKING,200,22.737558,35.556664,0.106107,0.013399,5.038781,0.000000,0.000000,5.000000,0.113764,0
1784410474.749133,CONST200,TRACKING,200,24.475715,54.539148,0.105792,0.015255,5.040020,0.000000,0.000000,5.000000,0.114133,0
1784410474.796285,CONST200,TRACKING,200,19.992898,32.778095,0.103863,0.018745,5.042320,0.000000,0.000000,5.000000,0.113710,0
1784410474.846294,CONST200,TRACKING,200,25.218531,55.181932,0.102601,0.020015,5.041902,0.000000,0.000000,5.000000,0.112620,0
1784410474.896286,CONST200,TRACKING,200,24.097257,36.800817,0.099710,0.021563,5.037985,0.000000,0.000000,5.000000,0.108857,0
1784410474.946286,CONST200,TRACKING,200,22.116233,47.963832,0.097999,0.020703,5.033871,0.000000,0.000000,5.000000,0.105734,0
1784410474.996286,CONST200,TRACKING,200,24.931526,37.695059,0.092704,0.019631,5.027579,0.000000,0.000000,5.000000,0.098691,0
1784410475.046286,CONST200,TRACKING,200,20.692947,45.699806,0.089318,0.018975,5.025802,0.000000,0.000000,5.000000,0.094887,0
1784410475.096286,CONST200,TRACKING,200,24.680816,37.441572,0.081268,0.017425,5.017796,0.000000,0.000000,5.000000,0.084999,0
1784410475.146286,CONST200,TRACKING,200,23.535166,48.809951,0.077099,0.017059,5.013097,0.000000,0.000000,5.000000,0.080043,0
1784410475.196286,CONST200,TRACKING,200,24.221516,36.928993,0.062933,0.013447,5.005557,0.000000,0.000000,5.000000,0.064593,0
1784410475.246291,CONST200,TRACKING,200,24.549580,50.283513,0.056239,0.011748,5.004773,0.000000,0.000000,5.000000,0.057651,0
1784410475.296287,CONST200,TRACKING,200,22.837898,35.740868,0.042878,0.007206,5.007290,0.000000,0.000000,5.000000,0.044087,0
1784410475.346288,CONST200,TRACKING,200,22.706320,49.822782,0.036183,0.004387,5.009351,0.000000,0.000000,5.000000,0.037629,0
1784410475.396287,CONST200,TRACKING,200,22.735055,35.667196,0.021370,-0.001268,5.013413,0.000000,0.000000,5.000000,0.025262,0
1784410475.448127,CONST200,TRACKING,200,24.535483,53.592514,0.014994,-0.003048,5.016903,0.000000,0.000000,5.000000,0.022800,0
1784410475.496288,CONST200,TRACKING,200,22.832765,35.766754,0.002138,-0.006259,5.019683,0.000000,0.000000,5.000000,0.020765,0
1784410475.546289,CONST200,TRACKING,200,21.894566,49.024856,-0.004337,-0.007628,5.019028,0.000000,0.000000,5.000000,0.020954,0
1784410475.596288,CONST200,TRACKING,200,22.970216,33.131543,-0.018519,-0.009608,5.017453,0.000000,0.000000,5.000000,0.027201,0
1784410475.646289,CONST200,TRACKING,200,21.831876,48.812226,-0.024571,-0.010233,5.020113,0.000000,0.000000,5.000000,0.033361,0
1784410475.696289,CONST200,TRACKING,200,25.955857,38.798499,-0.034378,-0.006230,5.027043,0.000000,0.000000,5.000000,0.044181,0
1784410475.746291,CONST200,TRACKING,200,24.094408,48.097166,-0.038965,-0.004069,5.029108,0.000000,0.000000,5.000000,0.048806,0
1784410475.796289,CONST200,TRACKING,200,20.119865,32.986851,-0.047097,0.001023,5.030725,0.000000,0.000000,5.000000,0.056242,0
1784410475.846290,CONST200,TRACKING,200,24.807329,54.633127,-0.049752,0.003483,5.032905,0.000000,0.000000,5.000000,0.059750,0
1784410475.896292,CONST200,TRACKING,200,23.436331,36.243572,-0.055048,0.008234,5.038055,0.000000,0.000000,5.000000,0.067426,0
1784410475.946290,CONST200,TRACKING,200,25.245258,51.744468,-0.057251,0.010540,5.041357,0.000000,0.000000,5.000000,0.071408,0
1784410475.996290,CONST200,TRACKING,200,23.897506,36.650810,-0.061845,0.015876,5.038962,0.000000,0.000000,5.000000,0.074799,0
1784410476.046293,CONST200,TRACKING,200,21.947109,48.000901,-0.062212,0.018247,5.033408,0.000000,0.000000,5.000000,0.072934,0
1784410476.096291,CONST200,TRACKING,200,21.795544,34.453000,-0.060395,0.022520,5.027255,0.000000,0.000000,5.000000,0.069983,0
1784410476.146291,CONST200,TRACKING,200,24.559097,52.708697,-0.059764,0.024235,5.026147,0.000000,0.000000,5.000000,0.069590,0
1784410476.196292,CONST200,TRACKING,200,26.300159,39.023068,-0.057166,0.025262,5.031652,0.000000,0.000000,5.000000,0.070057,0
1784410476.246292,CONST200,TRACKING,200,22.742151,46.398957,-0.055660,0.025234,5.034890,0.000000,0.000000,5.000000,0.070372,0
1784410476.296292,CONST200,TRACKING,200,21.336250,34.081268,-0.052001,0.023021,5.038098,0.000000,0.000000,5.000000,0.068451,0
1784410476.346293,CONST200,TRACKING,200,26.747524,55.359375,-0.049781,0.020980,5.038894,0.000000,0.000000,5.000000,0.066566,0
1784410476.396293,CONST200,TRACKING,200,22.306394,34.920351,-0.043451,0.016434,5.044034,0.000000,0.000000,5.000000,0.064008,0
1784410476.446293,CONST200,TRACKING,200,24.351413,51.999416,-0.038971,0.013634,5.049729,0.000000,0.000000,5.000000,0.064635,0
1784410476.496293,CONST200,TRACKING,200,22.626538,35.524781,-0.030256,0.008389,5.060079,0.000000,0.000000,5.000000,0.067789,0
1784410476.548126,CONST200,TRACKING,200,21.733453,50.875767,-0.025797,0.005357,5.063423,0.000000,0.000000,5.000000,0.068678,0
1784410476.596293,CONST200,TRACKING,200,24.940646,36.107109,-0.015846,-0.002470,5.074264,0.000000,0.000000,5.000000,0.075976,0
1784410476.646297,CONST200,TRACKING,200,22.803779,47.827689,-0.011703,-0.005638,5.079160,0.000000,0.000000,5.000000,0.080219,0
1784410476.696293,CONST200,TRACKING,200,23.952765,36.751725,-0.006182,-0.009580,5.089892,0.000000,0.000000,5.000000,0.090613,0
1784410476.746294,CONST200,TRACKING,200,23.794629,49.803565,-0.003707,-0.010992,5.093960,0.000000,0.000000,5.000000,0.094673,0
1784410476.796294,CONST200,TRACKING,200,21.848793,34.765480,0.003047,-0.012962,5.097563,0.000000,0.000000,5.000000,0.098468,0
1784410476.846294,CONST200,TRACKING,200,22.880037,50.996801,0.006595,-0.013326,5.096107,0.000000,0.000000,5.000000,0.097250,0
1784410476.896302,CONST200,TRACKING,200,25.098201,37.919510,0.012200,-0.014248,5.088347,0.000000,0.000000,5.000000,0.090317,0
1784410476.946294,CONST200,TRACKING,200,24.902211,49.757999,0.013249,-0.014636,5.079117,0.000000,0.000000,5.000000,0.081543,0
1784410476.996295,CONST200,TRACKING,200,20.780732,33.588068,0.015067,-0.015905,5.055029,0.000000,0.000000,5.000000,0.059230,0
1784410477.046296,CONST200,TRACKING,200,24.226261,51.386354,0.016370,-0.016612,5.047391,0.000000,0.000000,5.000000,0.052819,0
1784410477.096296,CONST200,TRACKING,200,23.018733,35.733648,0.019724,-0.018055,5.033553,0.000000,0.000000,5.000000,0.042904,0
1784410477.146296,CONST200,TRACKING,200,25.206767,52.126987,0.020980,-0.018727,5.028035,0.000000,0.000000,5.000000,0.039709,0
1784410477.196297,CONST200,TRACKING,200,24.426014,37.152188,0.022329,-0.018753,5.014483,0.000000,0.000000,5.000000,0.032558,0
1784410477.246297,CONST200,TRACKING,200,23.436572,48.959365,0.022659,-0.018675,5.006699,0.000000,0.000000,5.000000,0.030118,0
1784410477.296298,CONST200,TRACKING,200,22.946997,35.877695,0.024252,-0.018170,4.991391,0.000000,0.000000,5.000000,0.031503,0
1784410477.346302,CONST200,TRACKING,200,20.645228,47.632050,0.025302,-0.017727,4.986647,0.000000,0.000000,5.000000,0.033656,0
1784410477.396297,CONST200,TRACKING,200,22.651813,35.511965,0.026710,-0.016608,4.980520,0.000000,0.000000,5.000000,0.036996,0
1784410477.449127,CONST200,TRACKING,200,24.295363,54.421325,0.026469,-0.015279,4.980946,0.000000,0.000000,5.000000,0.036016,0
1784410477.496300,CONST200,TRACKING,200,23.145014,35.862485,0.025959,-0.012504,4.988216,0.000000,0.000000,5.000000,0.031130,0
1784410477.546301,CONST200,TRACKING,200,22.202447,49.020592,0.025728,-0.011307,4.992491,0.000000,0.000000,5.000000,0.029089,0
1784410477.596299,CONST200,TRACKING,200,21.113548,33.972362,0.024900,-0.009270,5.002113,0.000000,0.000000,5.000000,0.026653,0
1784410477.646300,CONST200,TRACKING,200,25.990204,54.829981,0.024227,-0.008458,5.005070,0.000000,0.000000,5.000000,0.026157,0
1784410477.696300,CONST200,TRACKING,200,22.038720,34.540344,0.020754,-0.003341,5.016428,0.000000,0.000000,5.000000,0.026679,0
1784410477.746301,CONST200,TRACKING,200,23.672028,51.581453,0.019229,-0.001358,5.020900,0.000000,0.000000,5.000000,0.028432,0
1784410477.796301,CONST200,TRACKING,200,22.207323,35.107822,0.018252,-0.000704,5.025754,0.000000,0.000000,5.000000,0.031574,0
1784410477.846302,CONST200,TRACKING,200,24.882170,52.631403,0.018667,-0.001711,5.027423,0.000000,0.000000,5.000000,0.033217,0
1784410477.896302,CONST200,TRACKING,200,22.060455,34.987721,0.019340,-0.003161,5.030497,0.000000,0.000000,5.000000,0.036250,0
1784410477.946304,CONST200,TRACKING,200,25.851694,53.752564,0.020094,-0.003197,5.033948,0.000000,0.000000,5.000000,0.039579,0
1784410477.996304,CONST200,TRACKING,200,24.370924,37.218384,0.020263,-0.002708,5.034138,0.000000,0.000000,5.000000,0.039791,0
1784410478.046304,CONST200,TRACKING,200,20.519360,46.100434,0.020213,-0.002311,5.029441,0.000000,0.000000,5.000000,0.035787,0
1784410478.096303,CONST200,TRACKING,200,22.973771,35.874007,0.019788,-0.001785,5.018231,0.000000,0.000000,5.000000,0.026965,0
1784410478.146306,CONST200,TRACKING,200,24.119622,51.102669,0.019165,-0.001694,5.013472,0.000000,0.000000,5.000000,0.023488,0
1784410478.196305,CONST200,TRACKING,200,25.816733,38.833672,0.016021,-0.003330,5.010286,0.000000,0.000000,5.000000,0.019328,0
1784410478.246306,CONST200,TRACKING,200,22.158101,46.294365,0.014393,-0.004484,5.010216,0.000000,0.000000,5.000000,0.018211,0
1784410478.296302,CONST200,TRACKING,200,23.138870,35.844863,0.011291,-0.008651,5.012966,0.000000,0.000000,5.000000,0.019247,0
1784410478.346303,CONST200,TRACKING,200,20.781087,47.596595,0.009871,-0.011278,5.015072,0.000000,0.000000,5.000000,0.021255,0
1784410478.396303,CONST200,TRACKING,200,22.724922,35.723719,0.006337,-0.016171,5.017805,0.000000,0.000000,5.000000,0.024873,0
1784410478.446303,CONST200,TRACKING,200,23.697373,50.924167,0.005859,-0.017727,5.017379,0.000000,0.000000,5.000000,0.025507,0
1784410478.496303,CONST200,TRACKING,200,24.753855,37.797744,0.004357,-0.020232,5.013545,0.000000,0.000000,5.000000,0.024734,0
1784410478.546307,CONST200,TRACKING,200,20.105309,45.315797,0.002982,-0.020194,5.011106,0.000000,0.000000,5.000000,0.023238,0
1784410478.596305,CONST200,TRACKING,200,21.801056,34.760571,-0.001213,-0.017464,5.007506,0.000000,0.000000,5.000000,0.019048,0
1784410478.646308,CONST200,TRACKING,200,22.245273,48.389281,-0.002933,-0.016071,5.005436,0.000000,0.000000,5.000000,0.017218,0
1784410478.696304,CONST200,TRACKING,200,22.460175,33.637171,-0.003548,-0.010681,5.002415,0.000000,0.000000,5.000000,0.011511,0
1784410478.746305,CONST200,TRACKING,200,24.126539,51.615299,-0.003823,-0.007935,5.001308,0.000000,0.000000,5.000000,0.008904,0
1784410478.796305,CONST200,TRACKING,200,19.880087,32.742806,-0.004378,-0.003075,5.001525,0.000000,0.000000,5.000000,0.005563,0
1784410478.846308,CONST200,TRACKING,200,24.275421,54.356731,-0.004387,-0.001272,5.003958,0.000000,0.000000,5.000000,0.006044,0
1784410478.896308,CONST200,TRACKING,200,24.014090,36.607458,-0.004762,0.002458,5.010233,0.000000,0.000000,5.000000,0.011551,0
1784410478.946312,CONST200,TRACKING,200,26.265295,52.201871,-0.004700,0.003277,5.015882,0.000000,0.000000,5.000000,0.016884,0
1784410478.996310,CONST200,TRACKING,200,21.888760,34.785680,-0.004445,0.005309,5.025217,0.000000,0.000000,5.000000,0.026150,0
1784410479.046308,CONST200,TRACKING,200,23.107819,51.167707,-0.003974,0.006684,5.030912,0.000000,0.000000,5.000000,0.031875,0
1784410479.096306,CONST200,TRACKING,200,20.888860,33.717304,-0.002559,0.009744,5.044022,0.000000,0.000000,5.000000,0.045160,0
1784410479.146314,CONST200,TRACKING,200,22.696762,51.767079,-0.001675,0.011133,5.046622,0.000000,0.000000,5.000000,0.047962,0
1784410479.196309,CONST200,TRACKING,200,23.718584,36.760417,0.003987,0.015357,5.045367,0.000000,0.000000,5.000000,0.048062,0
1784410479.246310,CONST200,TRACKING,200,25.221441,51.451357,0.006699,0.017301,5.043923,0.000000,0.000000,5.000000,0.047680,0
1784410479.296307,CONST200,TRACKING,200,20.788948,33.452116,0.013421,0.021127,5.042810,0.000000,0.000000,5.000000,0.049590,0
1784410479.346317,CONST200,TRACKING,200,21.721855,50.879304,0.016781,0.022652,5.043716,0.000000,0.000000,5.000000,0.052017,0
1784410479.396309,CONST200,TRACKING,200,23.533359,36.292969,0.023652,0.025953,5.042656,0.000000,0.000000,5.000000,0.055250,0
1784410479.446308,CONST200,TRACKING,200,23.672244,50.094945,0.027251,0.028302,5.041725,0.000000,0.000000,5.000000,0.057311,0
1784410479.496313,CONST200,TRACKING,200,26.127501,39.103775,0.033914,0.032969,5.043401,0.000000,0.000000,5.000000,0.064193,0
1784410479.546309,CONST200,TRACKING,200,17.775656,41.589359,0.036842,0.035830,5.047199,0.000000,0.000000,5.000000,0.069777,0
1784410479.596308,CONST200,TRACKING,200,19.773449,32.567324,0.042590,0.042883,5.060682,0.000000,0.000000,5.000000,0.085646,0
1784410479.646309,CONST200,TRACKING,200,23.329035,50.502266,0.044838,0.045660,5.065915,0.000000,0.000000,5.000000,0.091870,0
1784410479.696310,CONST200,TRACKING,200,21.690004,34.410321,0.051855,0.052893,5.069062,0.000000,0.000000,5.000000,0.101273,0
1784410479.749126,CONST200,TRACKING,200,24.193705,55.272134,0.055137,0.056247,5.070370,0.000000,0.000000,5.000000,0.105621,0
1784410479.796309,CONST200,TRACKING,200,22.724554,35.675176,0.061195,0.060878,5.072653,0.000000,0.000000,5.000000,0.112824,0
1784410479.846310,CONST200,TRACKING,200,24.184238,51.417015,0.063331,0.061683,5.071859,0.000000,0.000000,5.000000,0.113926,0
1784410479.896312,CONST200,TRACKING,200,23.256130,36.148706,0.067389,0.063751,5.067765,0.000000,0.000000,5.000000,0.114880,0
1784410479.946313,CONST200,TRACKING,200,25.457241,52.163685,0.070218,0.066814,5.067333,0.000000,0.000000,5.000000,0.118018,0
1784410479.996311,CONST200,TRACKING,200,24.382387,37.207090,0.074757,0.071869,5.065508,0.000000,0.000000,5.000000,0.122658,0
1784410480.046311,CONST200,TRACKING,200,19.576110,45.145600,0.074853,0.073438,5.065682,0.000000,0.000000,5.000000,0.123735,0
1784410480.096311,CONST200,TRACKING,200,23.966338,36.984202,0.072046,0.075588,5.066661,0.000000,0.000000,5.000000,0.123886,0
1784410480.146311,CONST200,TRACKING,200,23.878978,49.864629,0.070300,0.076286,5.066127,0.000000,0.000000,5.000000,0.123022,0
1784410480.196311,CONST200,TRACKING,200,23.917495,36.642455,0.062272,0.074148,5.066106,0.000000,0.000000,5.000000,0.117242,0
1784410480.246311,CONST200,TRACKING,200,24.951236,50.996686,0.058137,0.073022,5.067030,0.000000,0.000000,5.000000,0.114914,0
1784410480.296312,CONST200,TRACKING,200,20.740320,33.442873,0.050475,0.070536,5.073399,0.000000,0.000000,5.000000,0.113624,0
1784410480.346313,CONST200,TRACKING,200,25.300858,54.515366,0.046876,0.068936,5.078719,0.000000,0.000000,5.000000,0.114657,0
1784410480.396312,CONST200,TRACKING,200,20.754130,33.730703,0.038170,0.065088,5.081726,0.000000,0.000000,5.000000,0.111232,0
1784410480.446316,CONST200,TRACKING,200,20.973836,47.168004,0.032238,0.063401,5.079402,0.000000,0.000000,5.000000,0.106601,0
1784410480.496312,CONST200,TRACKING,200,21.720478,34.614883,0.020473,0.059412,5.074860,0.000000,0.000000,5.000000,0.097739,0
1784410480.547126,CONST200,TRACKING,200,23.769470,52.814853,0.014811,0.058724,5.072453,0.000000,0.000000,5.000000,0.094431,0
1784410480.596313,CONST200,TRACKING,200,22.663399,35.603541,0.002218,0.059390,5.065203,0.000000,0.000000,5.000000,0.088225,0
1784410480.646319,CONST200,TRACKING,200,23.835910,51.140691,-0.003538,0.059195,5.062132,0.000000,0.000000,5.000000,0.085890,0
1784410480.696313,CONST200,TRACKING,200,25.039017,38.050083,-0.013461,0.054406,5.060386,0.000000,0.000000,5.000000,0.082388,0
1784410480.746313,CONST200,TRACKING,200,23.833931,48.754465,-0.018494,0.051481,5.060494,0.000000,0.000000,5.000000,0.081559,0
1784410480.796313,CONST200,TRACKING,200,22.140360,35.167261,-0.029560,0.045089,5.057203,0.000000,0.000000,5.000000,0.078607,0
1784410480.846314,CONST200,TRACKING,200,23.838302,51.641699,-0.034081,0.042328,5.056556,0.000000,0.000000,5.000000,0.078433,0
1784410480.896316,CONST200,TRACKING,200,21.721316,34.803926,-0.042430,0.036632,5.053843,0.000000,0.000000,5.000000,0.077726,0
1784410480.946315,CONST200,TRACKING,200,22.761631,50.995133,-0.045924,0.033608,5.053061,0.000000,0.000000,5.000000,0.077807,0
1784410480.996313,CONST200,TRACKING,200,21.885102,34.588174,-0.053785,0.026755,5.048430,0.000000,0.000000,5.000000,0.077163,0
1784410481.046314,CONST200,TRACKING,200,21.948987,50.016973,-0.056786,0.023010,5.046257,0.000000,0.000000,5.000000,0.076772,0
1784410481.096315,CONST200,TRACKING,200,23.630483,36.632432,-0.061639,0.014323,5.045233,0.000000,0.000000,5.000000,0.077785,0
1784410481.146319,CONST200,TRACKING,200,21.701828,48.030624,-0.063649,0.009744,5.046396,0.000000,0.000000,5.000000,0.079365,0
1784410481.196315,CONST200,TRACKING,200,25.234916,38.047797,-0.067062,0.001863,5.061233,0.000000,0.000000,5.000000,0.090831,0
1784410481.246315,CONST200,TRACKING,200,23.935404,48.649453,-0.068066,-0.001809,5.068754,0.000000,0.000000,5.000000,0.096764,0
1784410481.296316,CONST200,TRACKING,200,22.030328,35.035631,-0.069927,-0.011852,5.082384,0.000000,0.000000,5.000000,0.108708,0
1784410481.346316,CONST200,TRACKING,200,21.597338,49.523407,-0.070923,-0.017953,5.088027,0.000000,0.000000,5.000000,0.114461,0
1784410481.396316,CONST200,TRACKING,200,24.100901,36.749444,-0.072404,-0.030561,5.101103,0.000000,0.000000,5.000000,0.128055,0
1784410481.447125,CONST200,TRACKING,200,24.346588,51.001044,-0.072061,-0.035728,5.107133,0.000000,0.000000,5.000000,0.133965,0
1784410481.496316,CONST200,TRACKING,200,24.188905,36.897314,-0.070714,-0.044960,5.110812,0.000000,0.000000,5.000000,0.138929,0
1784410481.546317,CONST200,TRACKING,200,22.867511,48.629940,-0.068437,-0.049533,5.110274,0.000000,0.000000,5.000000,0.138916,0
1784410481.596316,CONST200,TRACKING,200,19.700310,32.612349,-0.063170,-0.055392,5.107261,0.000000,0.000000,5.000000,0.136248,0
1784410481.647126,CONST200,TRACKING,200,23.520575,54.574226,-0.060441,-0.058047,5.103358,0.000000,0.000000,5.000000,0.133062,0
1784410481.696318,CONST200,TRACKING,200,21.810742,32.002809,-0.053555,-0.062822,5.095330,0.000000,0.000000,5.000000,0.126105,0
1784410481.746321,CONST200,TRACKING,200,23.745797,51.883085,-0.049886,-0.065016,5.089292,0.000000,0.000000,5.000000,0.121197,0
1784410481.796317,CONST200,TRACKING,200,21.900667,34.780742,-0.039671,-0.070410,5.075983,0.000000,0.000000,5.000000,0.110927,0
1784410481.846317,CONST200,TRACKING,200,22.848713,50.907880,-0.034178,-0.072905,5.070274,0.000000,0.000000,5.000000,0.106872,0
1784410481.896318,CONST200,TRACKING,200,24.195475,37.087347,-0.021886,-0.075848,5.052701,0.000000,0.000000,5.000000,0.094918,0
1784410481.946318,CONST200,TRACKING,200,25.962615,51.725907,-0.018139,-0.074822,5.047624,0.000000,0.000000,5.000000,0.090528,0
1784410481.996318,CONST200,TRACKING,200,21.821069,34.714239,-0.007095,-0.071172,5.033768,0.000000,0.000000,5.000000,0.079096,0
1784410482.046320,CONST200,TRACKING,200,22.131722,50.263689,-0.001663,-0.068714,5.032447,0.000000,0.000000,5.000000,0.076008,0
1784410482.096318,CONST200,TRACKING,200,20.717873,33.501660,0.010032,-0.062835,5.034271,0.000000,0.000000,5.000000,0.072273,0
1784410482.148126,CONST200,TRACKING,200,23.633729,54.671999,0.015456,-0.059880,5.034083,0.000000,0.000000,5.000000,0.070613,0
1784410482.196320,CONST200,TRACKING,200,23.371487,36.195976,0.027568,-0.048224,5.036232,0.000000,0.000000,5.000000,0.066320,0
1784410482.246321,CONST200,TRACKING,200,24.735828,51.319193,0.032639,-0.042650,5.036458,0.000000,0.000000,5.000000,0.064912,0
1784410482.296320,CONST200,TRACKING,200,20.164815,33.196862,0.041213,-0.031882,5.036447,0.000000,0.000000,5.000000,0.063587,0
1784410482.346324,CONST200,TRACKING,200,22.748415,52.524008,0.044739,-0.026615,5.037708,0.000000,0.000000,5.000000,0.064280,0
1784410482.396319,CONST200,TRACKING,200,22.834263,35.681283,0.052355,-0.015620,5.041471,0.000000,0.000000,5.000000,0.068592,0
1784410482.446321,CONST200,TRACKING,200,21.149264,48.249332,0.056744,-0.011103,5.042836,0.000000,0.000000,5.000000,0.071959,0
1784410482.496321,CONST200,TRACKING,200,22.692938,35.784268,0.064648,-0.002117,5.045678,0.000000,0.000000,5.000000,0.079185,0
1784410482.549126,CONST200,TRACKING,200,20.685098,50.728107,0.069109,0.001953,5.049553,0.000000,0.000000,5.000000,0.085061,0
1784410482.596321,CONST200,TRACKING,200,24.833692,36.026677,0.079415,0.010399,5.059202,0.000000,0.000000,5.000000,0.099598,0
1784410482.646322,CONST200,TRACKING,200,22.955327,48.075653,0.083228,0.014161,5.061821,0.000000,0.000000,5.000000,0.104639,0
1784410482.696321,CONST200,TRACKING,200,21.707359,34.492588,0.090296,0.022983,5.068582,0.000000,0.000000,5.000000,0.115694,0
1784410482.748128,CONST200,TRACKING,200,23.898083,53.940771,0.092810,0.026722,5.068832,0.000000,0.000000,5.000000,0.118599,0
1784410482.796322,CONST200,TRACKING,200,20.809753,33.678112,0.096436,0.034081,5.067255,0.000000,0.000000,5.000000,0.122412,0
1784410482.846323,CONST200,TRACKING,200,21.698624,50.837216,0.097606,0.037515,5.066517,0.000000,0.000000,5.000000,0.123931,0
1784410482.896325,CONST200,TRACKING,200,21.282784,31.478683,0.099337,0.043253,5.066555,0.000000,0.000000,5.000000,0.127154,0
1784410482.947127,CONST200,TRACKING,200,20.787220,50.252023,0.100217,0.045737,5.067603,0.000000,0.000000,5.000000,0.129249,0
1784410482.996324,CONST200,TRACKING,200,22.664301,35.413555,0.101201,0.051104,5.063269,0.000000,0.000000,5.000000,0.129831,0
1784410483.049127,CONST200,TRACKING,200,24.032400,54.102580,0.102355,0.053564,5.060773,0.000000,0.000000,5.000000,0.130534,0
1784410483.096323,CONST200,TRACKING,200,22.160750,35.153265,0.105432,0.058057,5.058784,0.000000,0.000000,5.000000,0.133948,0
1784410483.146323,CONST200,TRACKING,200,23.907034,51.706884,0.106068,0.059631,5.057277,0.000000,0.000000,5.000000,0.134488,0
1784410483.196324,CONST200,TRACKING,200,23.791375,36.738651,0.107512,0.063662,5.053052,0.000000,0.000000,5.000000,0.135744,0
1784410483.246326,CONST200,TRACKING,200,21.041243,47.183188,0.107540,0.064857,5.050762,0.000000,0.000000,5.000000,0.135455,0
1784410483.296331,CONST200,TRACKING,200,22.685650,35.713627,0.104957,0.065128,5.040297,0.000000,0.000000,5.000000,0.129929,0
1784410483.347127,CONST200,TRACKING,200,23.750319,51.809892,0.102664,0.064390,5.032482,0.000000,0.000000,5.000000,0.125463,0
1784410483.396326,CONST200,TRACKING,200,22.687590,35.779581,0.096982,0.062096,5.017450,0.000000,0.000000,5.000000,0.116473,0
1784410483.449126,CONST200,TRACKING,200,21.089555,51.162618,0.092602,0.060109,5.013327,0.000000,0.000000,5.000000,0.111202,0
1784410483.496326,CONST200,TRACKING,200,20.008928,32.810015,0.083339,0.056298,5.009857,0.000000,0.000000,5.000000,0.101055,0
1784410483.549126,CONST200,TRACKING,200,20.928821,53.680479,0.079090,0.053576,5.009331,0.000000,0.000000,5.000000,0.095982,0
1784410483.596325,CONST200,TRACKING,200,21.767170,32.964995,0.069850,0.045569,5.010695,0.000000,0.000000,5.000000,0.084083,0
1784410483.646327,CONST200,TRACKING,200,23.085048,51.278413,0.065386,0.042140,5.009811,0.000000,0.000000,5.000000,0.078405,0
1784410483.696327,CONST200,TRACKING,200,21.682736,34.483956,0.054506,0.035857,5.010869,0.000000,0.000000,5.000000,0.066142,0
1784410483.746327,CONST200,TRACKING,200,20.863624,49.138112,0.049002,0.032548,5.010818,0.000000,0.000000,5.000000,0.059813,0
1784410483.796327,CONST200,TRACKING,200,24.247403,36.446152,0.037392,0.023812,5.005808,0.000000,0.000000,5.000000,0.044709,0
1784410483.846328,CONST200,TRACKING,200,23.022307,48.736860,0.032568,0.019424,5.001695,0.000000,0.000000,5.000000,0.037959,0
1784410483.896328,CONST200,TRACKING,200,24.872515,36.073223,0.023424,0.010961,4.996765,0.000000,0.000000,5.000000,0.026064,0
1784410483.946328,CONST200,TRACKING,200,19.895895,44.980110,0.020383,0.006397,4.998331,0.000000,0.000000,5.000000,0.021428,0
1784410483.996327,CONST200,TRACKING,200,23.710587,36.713764,0.012456,-0.003477,5.006244,0.000000,0.000000,5.000000,0.014361,0
1784410484.046327,CONST200,TRACKING,200,21.656287,47.899915,0.009563,-0.008202,5.012496,0.000000,0.000000,5.000000,0.017744,0
1784410484.096328,CONST200,TRACKING,200,25.650126,38.646303,0.005155,-0.018370,5.026474,0.000000,0.000000,5.000000,0.032633,0
1784410484.146329,CONST200,TRACKING,200,23.596783,47.904522,0.002685,-0.023165,5.031429,0.000000,0.000000,5.000000,0.039135,0
1784410484.196328,CONST200,TRACKING,200,18.971104,32.002670,-0.004495,-0.033897,5.037696,0.000000,0.000000,5.000000,0.050895,0
1784410484.249127,CONST200,TRACKING,200,20.621009,54.396844,-0.007853,-0.038201,5.039762,0.000000,0.000000,5.000000,0.055696,0
1784410484.296329,CONST200,TRACKING,200,25.157579,38.065289,-0.014270,-0.045586,5.048949,0.000000,0.000000,5.000000,0.068394,0
1784410484.346330,CONST200,TRACKING,200,24.382779,49.180469,-0.017323,-0.048822,5.054650,0.000000,0.000000,5.000000,0.075301,0
1784410484.396329,CONST200,TRACKING,200,22.586069,35.538309,-0.024149,-0.054932,5.062870,0.000000,0.000000,5.000000,0.086910,0
1784410484.446331,CONST200,TRACKING,200,20.837723,48.206288,-0.027451,-0.055315,5.065918,0.000000,0.000000,5.000000,0.090324,0
1784410484.496330,CONST200,TRACKING,200,21.985228,34.933034,-0.033538,-0.056217,5.070517,0.000000,0.000000,5.000000,0.096217,0
1784410484.546331,CONST200,TRACKING,200,23.614092,51.581196,-0.036617,-0.057201,5.069586,0.000000,0.000000,5.000000,0.097237,0
1784410484.596330,CONST200,TRACKING,200,24.674312,37.640734,-0.043091,-0.059782,5.063678,0.000000,0.000000,5.000000,0.097394,0
1784410484.646331,CONST200,TRACKING,200,22.720431,48.007970,-0.045361,-0.060417,5.061775,0.000000,0.000000,5.000000,0.097591,0
1784410484.696331,CONST200,TRACKING,200,21.244958,34.029137,-0.047966,-0.061041,5.054605,0.000000,0.000000,5.000000,0.094913,0
1784410484.746331,CONST200,TRACKING,200,22.671524,51.380065,-0.048493,-0.061053,5.052379,0.000000,0.000000,5.000000,0.093929,0
1784410484.796331,CONST200,TRACKING,200,23.773984,36.748758,-0.048870,-0.059834,5.045035,0.000000,0.000000,5.000000,0.089423,0
1784410484.846331,CONST200,TRACKING,200,25.019254,51.199464,-0.048474,-0.058618,5.043624,0.000000,0.000000,5.000000,0.087686,0
1784410484.896332,CONST200,TRACKING,200,24.202529,37.128497,-0.047438,-0.056219,5.039247,0.000000,0.000000,5.000000,0.083374,0
1784410484.946334,CONST200,TRACKING,200,19.730078,45.475744,-0.046067,-0.055530,5.036055,0.000000,0.000000,5.000000,0.080658,0
1784410484.996333,CONST200,TRACKING,200,20.761346,33.781581,-0.043205,-0.052893,5.025356,0.000000,0.000000,5.000000,0.072851,0
1784410485.047125,CONST200,TRACKING,200,24.109164,54.085891,-0.041339,-0.050768,5.021901,0.000000,0.000000,5.000000,0.069036,0
1784410485.096332,CONST200,TRACKING,200,25.852278,38.893435,-0.036780,-0.045134,5.022093,0.000000,0.000000,5.000000,0.062273,0
1784410485.146333,CONST200,TRACKING,200,23.709151,47.797543,-0.034750,-0.042249,5.023229,0.000000,0.000000,5.000000,0.059432,0
1784410485.196333,CONST200,TRACKING,200,18.956953,32.028755,-0.028838,-0.036677,5.023695,0.000000,0.000000,5.000000,0.052328,0
1784410485.249126,CONST200,TRACKING,200,18.770559,52.566912,-0.025967,-0.034156,5.023818,0.000000,0.000000,5.000000,0.049073,0
1784410485.296334,CONST200,TRACKING,200,22.587189,33.795397,-0.017951,-0.027891,5.025062,0.000000,0.000000,5.000000,0.041572,0
1784410485.347126,CONST200,TRACKING,200,24.279420,52.430846,-0.013251,-0.024034,5.025025,0.000000,0.000000,5.000000,0.037142,0
1784410485.396333,CONST200,TRACKING,200,23.198678,36.168243,-0.003896,-0.014429,5.024293,0.000000,0.000000,5.000000,0.028522,0
1784410485.447125,CONST200,TRACKING,200,21.370244,48.923930,-0.000720,-0.008712,5.028961,0.000000,0.000000,5.000000,0.030251,0
1784410485.496335,CONST200,TRACKING,200,24.087423,37.119853,0.005098,0.002390,5.034539,0.000000,0.000000,5.000000,0.034995,0
1784410485.546335,CONST200,TRACKING,200,23.117397,48.958120,0.007425,0.008060,5.038356,0.000000,0.000000,5.000000,0.039891,0
1784410485.596335,CONST200,TRACKING,200,22.634381,35.577519,0.011576,0.020811,5.047383,0.000000,0.000000,5.000000,0.053031,0
1784410485.646335,CONST200,TRACKING,200,26.147129,53.470056,0.013302,0.026193,5.046805,0.000000,0.000000,5.000000,0.055261,0
1784410485.696336,CONST200,TRACKING,200,21.867316,34.763100,0.016717,0.041486,5.046374,0.000000,0.000000,5.000000,0.064429,0
1784410485.746336,CONST200,TRACKING,200,25.954781,54.039570,0.018214,0.048781,5.047505,0.000000,0.000000,5.000000,0.070485,0
1784410485.796335,CONST200,TRACKING,200,21.048068,34.164556,0.019195,0.066495,5.052891,0.000000,0.000000,5.000000,0.087106,0
1784410485.847125,CONST200,TRACKING,200,23.374761,53.069860,0.018480,0.074981,5.055465,0.000000,0.000000,5.000000,0.095079,0
1784410485.896336,CONST200,TRACKING,200,23.246310,36.032062,0.017081,0.090150,5.057879,0.000000,0.000000,5.000000,0.108484,0
1784410485.947125,CONST200,TRACKING,200,23.396326,50.892836,0.016091,0.098073,5.060188,0.000000,0.000000,5.000000,0.116189,0
1784410485.996336,CONST200,TRACKING,200,22.783533,35.713582,0.014121,0.113010,5.059618,0.000000,0.000000,5.000000,0.128549,0
1784410486.047126,CONST200,TRACKING,200,24.087486,52.045066,0.013455,0.117148,5.059844,0.000000,0.000000,5.000000,0.132235,0
1784410486.096337,CONST200,TRACKING,200,22.929260,35.862432,0.012562,0.121510,5.057094,0.000000,0.000000,5.000000,0.134842,0
1784410486.147125,CONST200,TRACKING,200,23.823545,51.632260,0.012168,0.123155,5.054828,0.000000,0.000000,5.000000,0.135357,0
1784410486.196338,CONST200,TRACKING,200,22.716307,35.707492,0.011894,0.128324,5.052174,0.000000,0.000000,5.000000,0.139034,0
1784410486.247126,CONST200,TRACKING,200,23.567338,51.593036,0.011827,0.130163,5.050202,0.000000,0.000000,5.000000,0.140009,0
1784410486.296338,CONST200,TRACKING,200,23.389899,36.348474,0.011797,0.133552,5.045355,0.000000,0.000000,5.000000,0.141536,0
1784410486.347126,CONST200,TRACKING,200,23.760466,51.113426,0.011735,0.134715,5.047720,0.000000,0.000000,5.000000,0.143398,0
1784410486.396338,CONST200,TRACKING,200,22.751448,35.645634,0.010658,0.134369,5.052121,0.000000,0.000000,5.000000,0.144517,0
1784410486.446339,CONST200,TRACKING,200,20.687947,45.493873,0.007707,0.132349,5.054559,0.000000,0.000000,5.000000,0.143361,0
1784410486.496340,CONST200,TRACKING,200,21.590363,34.627629,0.001729,0.126461,5.055794,0.000000,0.000000,5.000000,0.138233,0
1784410486.546341,CONST200,TRACKING,200,26.226743,54.595673,-0.001264,0.122384,5.054638,0.000000,0.000000,5.000000,0.134033,0
1784410486.596340,CONST200,TRACKING,200,21.787198,34.709212,-0.007625,0.110343,5.052858,0.000000,0.000000,5.000000,0.122588,0
1784410486.646341,CONST200,TRACKING,200,26.173365,54.337780,-0.010357,0.104182,5.051309,0.000000,0.000000,5.000000,0.116592,0
1784410486.696341,CONST200,TRACKING,200,18.689032,31.336980,-0.017305,0.089650,5.048641,0.000000,0.000000,5.000000,0.103453,0
1784410486.746343,CONST200,TRACKING,200,25.817358,56.580125,-0.020972,0.082103,5.045745,0.000000,0.000000,5.000000,0.096298,0
1784410486.796340,CONST200,TRACKING,200,23.656210,36.683940,-0.029503,0.065535,5.036811,0.000000,0.000000,5.000000,0.080749,0
1784410486.846342,CONST200,TRACKING,200,21.545271,47.834406,-0.033342,0.058458,5.031186,0.000000,0.000000,5.000000,0.074172,0
1784410486.896341,CONST200,TRACKING,200,23.785405,36.635258,-0.040773,0.044119,5.020776,0.000000,0.000000,5.000000,0.063566,0
1784410486.946344,CONST200,TRACKING,200,22.847911,48.988638,-0.045758,0.037299,5.014044,0.000000,0.000000,5.000000,0.060681,0
1784410486.996341,CONST200,TRACKING,200,23.877303,36.092955,-0.055157,0.022454,5.002070,0.000000,0.000000,5.000000,0.059589,0
1784410487.046343,CONST200,TRACKING,200,23.593332,49.654539,-0.057595,0.016092,4.998102,0.000000,0.000000,5.000000,0.059831,0
1784410487.096342,CONST200,TRACKING,200,24.093899,36.308434,-0.060074,0.003408,4.986865,0.000000,0.000000,5.000000,0.061587,0
1784410487.146343,CONST200,TRACKING,200,24.079973,49.936039,-0.061124,-0.002839,4.979292,0.000000,0.000000,5.000000,0.064599,0
1784410487.196342,CONST200,TRACKING,200,23.218390,36.257940,-0.065590,-0.015599,4.963763,0.000000,0.000000,5.000000,0.076540,0
1784410487.246343,CONST200,TRACKING,200,21.897444,48.626378,-0.067361,-0.021091,4.959167,0.000000,0.000000,5.000000,0.081546,0
1784410487.296343,CONST200,TRACKING,200,24.061764,36.886640,-0.069628,-0.029245,4.951255,0.000000,0.000000,5.000000,0.089885,0
1784410487.346344,CONST200,TRACKING,200,24.581570,50.430847,-0.070042,-0.032099,4.950715,0.000000,0.000000,5.000000,0.091462,0
1784410487.396343,CONST200,TRACKING,200,21.895752,33.113691,-0.069060,-0.038578,4.957695,0.000000,0.000000,5.000000,0.089706,0
1784410487.448125,CONST200,TRACKING,200,20.871227,50.721244,-0.065888,-0.041401,4.965462,0.000000,0.000000,5.000000,0.085136,0
1784410487.496343,CONST200,TRACKING,200,24.038970,36.845384,-0.059226,-0.046933,4.981978,0.000000,0.000000,5.000000,0.077687,0
1784410487.546345,CONST200,TRACKING,200,22.589713,48.482825,-0.055850,-0.049899,4.990400,0.000000,0.000000,5.000000,0.075507,0
1784410487.596344,CONST200,TRACKING,200,23.033403,35.877934,-0.048229,-0.056095,5.006772,0.000000,0.000000,5.000000,0.074287,0
1784410487.647125,CONST200,TRACKING,200,24.901539,52.586351,-0.044482,-0.058386,5.014294,0.000000,0.000000,5.000000,0.074779,0
1784410487.696345,CONST200,TRACKING,200,21.003180,33.914905,-0.035242,-0.062923,5.027960,0.000000,0.000000,5.000000,0.077350,0
1784410487.746345,CONST200,TRACKING,200,23.059048,51.998807,-0.030404,-0.064928,5.032623,0.000000,0.000000,5.000000,0.078767,0
1784410487.796345,CONST200,TRACKING,200,23.105802,35.991452,-0.019882,-0.072514,5.037079,0.000000,0.000000,5.000000,0.083836,0
1784410487.847126,CONST200,TRACKING,200,22.949186,50.538369,-0.015429,-0.077235,5.036315,0.000000,0.000000,5.000000,0.086730,0
1784410487.896346,CONST200,TRACKING,200,21.859891,34.957468,-0.006090,-0.084572,5.031135,0.000000,0.000000,5.000000,0.090326,0
1784410487.946347,CONST200,TRACKING,200,22.898530,50.981061,-0.000334,-0.086201,5.027216,0.000000,0.000000,5.000000,0.090396,0
1784410487.996346,CONST200,TRACKING,200,20.584889,33.388759,0.012531,-0.088125,5.016962,0.000000,0.000000,5.000000,0.090613,0
1784410488.047125,CONST200,TRACKING,200,23.679739,53.833487,0.019080,-0.088992,5.011543,0.000000,0.000000,5.000000,0.091744,0
1784410488.096346,CONST200,TRACKING,200,23.638757,36.705521,0.033281,-0.090245,4.998783,0.000000,0.000000,5.000000,0.096194,0
1784410488.150126,CONST200,TRACKING,200,20.776467,50.842268,0.039851,-0.089985,4.993790,0.000000,0.000000,5.000000,0.098610,0
1784410488.196347,CONST200,TRACKING,200,17.596038,30.585840,0.052872,-0.081714,4.990235,0.000000,0.000000,5.000000,0.097816,0
1784410488.246348,CONST200,TRACKING,200,23.651984,54.492847,0.058178,-0.077118,4.988944,0.000000,0.000000,5.000000,0.097232,0
1784410488.296348,CONST200,TRACKING,200,25.445874,38.152737,0.068087,-0.066371,4.984520,0.000000,0.000000,5.000000,0.096336,0
1784410488.346348,CONST200,TRACKING,200,24.111414,48.614332,0.072615,-0.060464,4.982565,0.000000,0.000000,5.000000,0.096087,0
1784410488.396348,CONST200,TRACKING,200,23.054217,35.806030,0.081742,-0.047066,4.978122,0.000000,0.000000,5.000000,0.096828,0
1784410488.447125,CONST200,TRACKING,200,20.799861,48.467804,0.085339,-0.039850,4.977943,0.000000,0.000000,5.000000,0.096733,0
1784410488.496349,CONST200,TRACKING,200,23.070118,36.055561,0.091345,-0.026024,4.978635,0.000000,0.000000,5.000000,0.097353,0
1784410488.547126,CONST200,TRACKING,200,23.961976,51.570206,0.093479,-0.019140,4.978499,0.000000,0.000000,5.000000,0.097811,0
1784410488.596350,CONST200,TRACKING,200,23.284967,36.049225,0.096452,-0.004052,4.974499,0.000000,0.000000,5.000000,0.099848,0
1784410488.647126,CONST200,TRACKING,200,22.693288,50.108263,0.097314,0.002162,4.973133,0.000000,0.000000,5.000000,0.100978,0
1784410488.696349,CONST200,TRACKING,200,22.595568,33.817546,0.095223,0.014174,4.976364,0.000000,0.000000,5.000000,0.099131,0
1784410488.746350,CONST200,TRACKING,200,23.887782,51.242373,0.093662,0.019782,4.978874,0.000000,0.000000,5.000000,0.098031,0
1784410488.796350,CONST200,TRACKING,200,22.134392,35.051274,0.089745,0.030948,4.980911,0.000000,0.000000,5.000000,0.096832,0
1784410488.849126,CONST200,TRACKING,200,24.020882,54.609922,0.087909,0.035220,4.979539,0.000000,0.000000,5.000000,0.096887,0
1784410488.896350,CONST200,TRACKING,200,22.428408,35.363156,0.083489,0.043324,4.980255,0.000000,0.000000,5.000000,0.096110,0
1784410488.946350,CONST200,TRACKING,200,20.600736,48.075871,0.080741,0.047250,4.985097,0.000000,0.000000,5.000000,0.094730,0
1784410488.996351,CONST200,TRACKING,200,24.975897,38.040034,0.073734,0.055241,4.996062,0.000000,0.000000,5.000000,0.092217,0
1784410489.046351,CONST200,TRACKING,200,23.856498,48.833789,0.069871,0.059736,5.002108,0.000000,0.000000,5.000000,0.091950,0
1784410489.096351,CONST200,TRACKING,200,21.623412,34.631111,0.061259,0.070134,5.015071,0.000000,0.000000,5.000000,0.094333,0
1784410489.148126,CONST200,TRACKING,200,21.567020,51.674238,0.056926,0.074660,5.020222,0.000000,0.000000,5.000000,0.096040,0
1784410489.196351,CONST200,TRACKING,200,21.088523,34.044461,0.047193,0.085543,5.029331,0.000000,0.000000,5.000000,0.102006,0
1784410489.247126,CONST200,TRACKING,200,23.941613,53.589310,0.042891,0.089843,5.030733,0.000000,0.000000,5.000000,0.104192,0
1784410489.296352,CONST200,TRACKING,200,23.603039,36.636175,0.034546,0.096904,5.033180,0.000000,0.000000,5.000000,0.108096,0
1784410489.346353,CONST200,TRACKING,200,22.286357,48.631195,0.030504,0.099747,5.033121,0.000000,0.000000,5.000000,0.109439,0
1784410489.396353,CONST200,TRACKING,200,20.976386,30.201793,0.021082,0.104090,5.033515,0.000000,0.000000,5.000000,0.111366,0
1784410489.448125,CONST200,TRACKING,200,21.047730,51.806351,0.016419,0.104859,5.033906,0.000000,0.000000,5.000000,0.111420,0
1784410489.496353,CONST200,TRACKING,200,22.109600,34.710937,0.007512,0.105303,5.032003,0.000000,0.000000,5.000000,0.110315,0
1784410489.548126,CONST200,TRACKING,200,24.014366,53.623242,0.003834,0.106419,5.028890,0.000000,0.000000,5.000000,0.110337,0
1784410489.596359,CONST200,TRACKING,200,24.168525,36.987514,-0.003238,0.110023,5.023589,0.000000,0.000000,5.000000,0.112570,0
1784410489.646355,CONST200,TRACKING,200,23.528254,49.294407,-0.006443,0.110781,5.020512,0.000000,0.000000,5.000000,0.112848,0
1784410489.696354,CONST200,TRACKING,200,21.798896,34.373823,-0.012529,0.113814,5.020393,0.000000,0.000000,5.000000,0.116303,0
1784410489.746354,CONST200,TRACKING,200,24.059727,52.201092,-0.016355,0.114495,5.021461,0.000000,0.000000,5.000000,0.117632,0
1784410489.796354,CONST200,TRACKING,200,23.171202,35.900917,-0.021497,0.111878,5.025558,0.000000,0.000000,5.000000,0.116757,0
1784410489.847125,CONST200,TRACKING,200,23.593147,51.141344,-0.023488,0.108913,5.028832,0.000000,0.000000,5.000000,0.115087,0
1784410489.896355,CONST200,TRACKING,200,26.123042,38.905308,-0.027254,0.101134,5.031065,0.000000,0.000000,5.000000,0.109252,0
1784410489.946355,CONST200,TRACKING,200,19.272201,43.098687,-0.029629,0.094873,5.033464,0.000000,0.000000,5.000000,0.104874,0
1784410489.996355,CONST200,TRACKING,200,23.904676,36.804180,-0.034566,0.081275,5.034481,0.000000,0.000000,5.000000,0.094812,0
1784410490.046356,CONST200,TRACKING,200,22.594026,48.638855,-0.037655,0.075076,5.035006,0.000000,0.000000,5.000000,0.090993,0
1784410490.096356,CONST200,TRACKING,200,22.401529,33.629963,-0.045282,0.062158,5.033889,0.000000,0.000000,5.000000,0.084039,0
1784410490.149126,CONST200,TRACKING,200,24.074747,54.386233,-0.048735,0.055536,5.033913,0.000000,0.000000,5.000000,0.081298,0
1784410490.196356,CONST200,TRACKING,200,19.066651,31.848081,-0.053424,0.041439,5.035012,0.000000,0.000000,5.000000,0.076138,0
1784410490.247130,CONST200,TRACKING,200,22.823399,54.473970,-0.054713,0.034706,5.034832,0.000000,0.000000,5.000000,0.073562,0
1784410490.296357,CONST200,TRACKING,200,22.365005,33.595531,-0.056402,0.017874,5.030379,0.000000,0.000000,5.000000,0.066510,0
1784410490.349126,CONST200,TRACKING,200,24.811814,55.158396,-0.056913,0.008063,5.026521,0.000000,0.000000,5.000000,0.063304,0
1784410490.396357,CONST200,TRACKING,200,23.512995,36.509573,-0.057950,-0.014112,5.021868,0.000000,0.000000,5.000000,0.063526,0
1784410490.446357,CONST200,TRACKING,200,22.297151,48.738664,-0.058796,-0.024525,5.020247,0.000000,0.000000,5.000000,0.066845,0
1784410490.496358,CONST200,TRACKING,200,23.002249,35.767348,-0.059654,-0.043958,5.017630,0.000000,0.000000,5.000000,0.076169,0
1784410490.546358,CONST200,TRACKING,200,23.192558,50.134157,-0.059818,-0.052033,5.018529,0.000000,0.000000,5.000000,0.081419,0
1784410490.596359,CONST200,TRACKING,200,24.151219,36.999784,-0.059572,-0.066958,5.025506,0.000000,0.000000,5.000000,0.093181,0
1784410490.647125,CONST200,TRACKING,200,24.633515,51.193262,-0.059169,-0.073112,5.027637,0.000000,0.000000,5.000000,0.098031,0
1784410490.696359,CONST200,TRACKING,200,22.220759,34.925218,-0.059624,-0.087966,5.030332,0.000000,0.000000,5.000000,0.110513,0
1784410490.746359,CONST200,TRACKING,200,23.347719,51.081088,-0.059428,-0.094830,5.030738,0.000000,0.000000,5.000000,0.116057,0
1784410490.796359,CONST200,TRACKING,200,23.162085,36.096802,-0.059497,-0.106679,5.028011,0.000000,0.000000,5.000000,0.125319,0
1784410490.847125,CONST200,TRACKING,200,24.595442,52.155126,-0.060039,-0.110312,5.026715,0.000000,0.000000,5.000000,0.128402,0
1784410490.896361,CONST200,TRACKING,200,23.939114,36.835323,-0.060543,-0.116038,5.022530,0.000000,0.000000,5.000000,0.132807,0
1784410490.946360,CONST200,TRACKING,200,22.954447,48.952791,-0.060902,-0.117652,5.021268,0.000000,0.000000,5.000000,0.134177,0
1784410490.996361,CONST200,TRACKING,200,21.912019,34.530512,-0.060979,-0.119364,5.017564,0.000000,0.000000,5.000000,0.135184,0
1784410491.046360,CONST200,TRACKING,200,24.111848,52.145159,-0.060309,-0.119052,5.014740,0.000000,0.000000,5.000000,0.134268,0
1784410491.096361,CONST200,TRACKING,200,23.151037,36.044812,-0.057752,-0.116094,5.012960,0.000000,0.000000,5.000000,0.130312,0
1784410491.147125,CONST200,TRACKING,200,24.249384,51.801639,-0.056185,-0.113959,5.012598,0.000000,0.000000,5.000000,0.127679,0
1784410491.196362,CONST200,TRACKING,200,21.375199,33.943788,-0.050614,-0.106401,5.012971,0.000000,0.000000,5.000000,0.118538,0
1784410491.246366,CONST200,TRACKING,200,22.938071,51.513950,-0.047975,-0.102308,5.011377,0.000000,0.000000,5.000000,0.113569,0
1784410491.296361,CONST200,TRACKING,200,24.992784,37.694347,-0.043845,-0.094895,5.007264,0.000000,0.000000,5.000000,0.104787,0
1784410491.346362,CONST200,TRACKING,200,24.155159,49.106190,-0.042193,-0.091641,5.005318,0.000000,0.000000,5.000000,0.101028,0
1784410491.396361,CONST200,TRACKING,200,22.947480,35.896794,-0.038323,-0.084054,4.998661,0.000000,0.000000,5.000000,0.092387,0
1784410491.446362,CONST200,TRACKING,200,21.935763,48.942654,-0.036633,-0.081328,4.999124,0.000000,0.000000,5.000000,0.089202,0
1784410491.496362,CONST200,TRACKING,200,21.903225,34.565716,-0.032281,-0.074692,5.000550,0.000000,0.000000,5.000000,0.081371,0
1784410491.547125,CONST200,TRACKING,200,26.004361,54.797024,-0.030074,-0.071628,5.000261,0.000000,0.000000,5.000000,0.077686,0
1784410491.596362,CONST200,TRACKING,200,22.200748,35.156378,-0.025069,-0.064945,4.998667,0.000000,0.000000,5.000000,0.069628,0
1784410491.646363,CONST200,TRACKING,200,24.019157,51.770098,-0.022646,-0.061168,4.999048,0.000000,0.000000,5.000000,0.065232,0
1784410491.696363,CONST200,TRACKING,200,22.636176,35.404424,-0.020410,-0.049142,4.995049,0.000000,0.000000,5.000000,0.053442,0
1784410491.746364,CONST200,TRACKING,200,20.649305,47.964848,-0.019012,-0.042615,4.991711,0.000000,0.000000,5.000000,0.047395,0
1784410491.796363,CONST200,TRACKING,200,25.168642,37.857064,-0.012034,-0.027527,4.984803,0.000000,0.000000,5.000000,0.033667,0
1784410491.846364,CONST200,TRACKING,200,24.091609,48.882271,-0.007424,-0.021032,4.985417,0.000000,0.000000,5.000000,0.026648,0
1784410491.896367,CONST200,TRACKING,200,23.447150,35.913752,0.000938,-0.008536,4.986076,0.000000,0.000000,5.000000,0.016359,0
1784410491.946366,CONST200,TRACKING,200,22.431376,48.939614,0.005334,-0.001464,4.985760,0.000000,0.000000,5.000000,0.015277,0
1784410491.996365,CONST200,TRACKING,200,21.174629,33.931742,0.013857,0.013213,4.986673,0.000000,0.000000,5.000000,0.023329,0
1784410492.048126,CONST200,TRACKING,200,24.083168,54.624426,0.015504,0.020676,4.984650,0.000000,0.000000,5.000000,0.030059,0
1784410492.096365,CONST200,TRACKING,200,24.115821,37.095850,0.015667,0.037112,4.979966,0.000000,0.000000,5.000000,0.044990,0
1784410492.146366,CONST200,TRACKING,200,23.152017,48.994125,0.016115,0.044698,4.981032,0.000000,0.000000,5.000000,0.051160,0
1784410492.196365,CONST200,TRACKING,200,23.122825,35.938030,0.019676,0.064480,4.983900,0.000000,0.000000,5.000000,0.069311,0
1784410492.246367,CONST200,TRACKING,200,21.424004,48.227632,0.021352,0.072950,4.983690,0.000000,0.000000,5.000000,0.077741,0
1784410492.296365,CONST200,TRACKING,200,20.956291,30.195857,0.022455,0.088423,4.981435,0.000000,0.000000,5.000000,0.093100,0
1784410492.348133,CONST200,TRACKING,200,24.231229,54.991832,0.021983,0.095333,4.980186,0.000000,0.000000,5.000000,0.099821,0
1784410492.396366,CONST200,TRACKING,200,22.468320,35.143929,0.020492,0.108269,4.976342,0.000000,0.000000,5.000000,0.112702,0
1784410492.449127,CONST200,TRACKING,200,20.750265,50.990358,0.019320,0.112641,4.974295,0.000000,0.000000,5.000000,0.117141,0
1784410492.496367,CONST200,TRACKING,200,21.246831,33.950589,0.017254,0.119641,4.972874,0.000000,0.000000,5.000000,0.123884,0
1784410492.546367,CONST200,TRACKING,200,24.302683,53.005479,0.016550,0.122501,4.973795,0.000000,0.000000,5.000000,0.126361,0
1784410492.596367,CONST200,TRACKING,200,23.737561,36.617835,0.015297,0.127539,4.978544,0.000000,0.000000,5.000000,0.130233,0
1784410492.646369,CONST200,TRACKING,200,22.382066,45.603691,0.014646,0.129102,4.981061,0.000000,0.000000,5.000000,0.131303,0
1784410492.696367,CONST200,TRACKING,200,20.875838,33.609723,0.012086,0.133535,4.982419,0.000000,0.000000,5.000000,0.135229,0
1784410492.746368,CONST200,TRACKING,200,21.948134,51.034377,0.010514,0.135099,4.983218,0.000000,0.000000,5.000000,0.136543,0
1784410492.796368,CONST200,TRACKING,200,23.888163,36.130127,0.006052,0.136682,4.986983,0.000000,0.000000,5.000000,0.137434,0
1784410492.846369,CONST200,TRACKING,200,24.974029,51.051709,0.003741,0.136724,4.988582,0.000000,0.000000,5.000000,0.137251,0
1784410492.896378,CONST200,TRACKING,200,24.011760,36.734909,-0.001865,0.135465,4.990057,0.000000,0.000000,5.000000,0.135843,0
1784410492.946369,CONST200,TRACKING,200,20.106786,46.040869,-0.006684,0.134348,4.989990,0.000000,0.000000,5.000000,0.134886,0
1784410492.996369,CONST200,TRACKING,200,22.148584,35.123730,-0.017276,0.128947,4.989532,0.000000,0.000000,5.000000,0.130520,0
1784410493.049126,CONST200,TRACKING,200,20.932940,51.486263,-0.021922,0.124362,4.990700,0.000000,0.000000,5.000000,0.126622,0
1784410493.096372,CONST200,TRACKING,200,21.042291,34.059821,-0.030412,0.112083,4.994781,0.000000,0.000000,5.000000,0.116252,0
1784410493.147129,CONST200,TRACKING,200,24.501647,54.178477,-0.033922,0.105540,4.997359,0.000000,0.000000,5.000000,0.110889,0
1784410493.196371,CONST200,TRACKING,200,22.815753,35.581979,-0.035533,0.088683,5.004438,0.000000,0.000000,5.000000,0.095640,0
1784410493.246371,CONST200,TRACKING,200,19.024899,46.142379,-0.035447,0.081073,5.009239,0.000000,0.000000,5.000000,0.088965,0
1784410493.296412,CONST200,TRACKING,200,11.944347,23.236729,-0.035236,0.064409,5.017532,0.000000,0.000000,5.000000,0.075482,0
1784410493.346418,CONST200,TRACKING,200,19.474536,50.370096,-0.035200,0.055476,5.018754,0.000000,0.000000,5.000000,0.068325,0
1784410493.396413,CONST200,TRACKING,200,18.655842,31.339354,-0.034796,0.036602,5.023288,0.000000,0.000000,5.000000,0.055613,0
1784410493.446417,CONST200,TRACKING,200,19.779321,50.458930,-0.033412,0.030603,5.028115,0.000000,0.000000,5.000000,0.053323,0
1784410493.496410,CONST200,TRACKING,200,19.097065,31.263606,-0.031314,0.018638,5.035171,0.000000,0.000000,5.000000,0.050645,0
1784410493.546422,CONST200,TRACKING,200,20.560793,51.169088,-0.030823,0.012322,5.036129,0.000000,0.000000,5.000000,0.049062,0
1784410493.596410,CONST200,TRACKING,200,19.599819,32.175208,-0.030737,-0.002682,5.036471,0.000000,0.000000,5.000000,0.047771,0
1784410493.646425,CONST200,TRACKING,200,20.373672,50.685366,-0.030833,-0.009373,5.036599,0.000000,0.000000,5.000000,0.048765,0
1784410493.696407,CONST200,TRACKING,200,19.066880,31.780412,-0.028392,-0.024105,5.031616,0.000000,0.000000,5.000000,0.048854,0
1784410493.746426,CONST200,TRACKING,200,19.609696,50.468482,-0.027086,-0.031112,5.029453,0.000000,0.000000,5.000000,0.050687,0
1784410493.796405,CONST200,TRACKING,200,18.943036,31.576707,-0.023903,-0.042872,5.026834,0.000000,0.000000,5.000000,0.055942,0
1784410493.846407,CONST200,TRACKING,200,13.336809,44.272714,-0.022245,-0.046226,5.026753,0.000000,0.000000,5.000000,0.057857,0
1784410493.896411,CONST200,TRACKING,200,19.905788,32.518765,-0.017839,-0.051632,5.027164,0.000000,0.000000,5.000000,0.061008,0
1784410493.946415,CONST200,TRACKING,200,19.795691,49.797860,-0.012917,-0.052789,5.030279,0.000000,0.000000,5.000000,0.062212,0
1784410493.996433,CONST200,TRACKING,200,19.608758,32.456391,-0.003028,-0.054832,5.036653,0.000000,0.000000,5.000000,0.066024,0
1784410494.046425,CONST200,TRACKING,200,19.789056,50.057523,0.000979,-0.055005,5.036788,0.000000,0.000000,5.000000,0.066180,0
1784410494.096399,CONST200,TRACKING,200,19.954246,32.660616,0.008482,-0.053534,5.036369,0.000000,0.000000,5.000000,0.065272,0
1784410494.146412,CONST200,TRACKING,200,19.331602,49.283048,0.011995,-0.052502,5.034347,0.000000,0.000000,5.000000,0.063876,0
1784410494.196396,CONST200,TRACKING,200,20.443587,33.215182,0.024336,-0.046395,5.025013,0.000000,0.000000,5.000000,0.058055,0
1784410494.246424,CONST200,TRACKING,200,19.422362,48.905057,0.029852,-0.043527,5.022823,0.000000,0.000000,5.000000,0.057503,0
1784410494.296438,CONST200,TRACKING,200,19.970505,32.729677,0.042635,-0.038322,5.017393,0.000000,0.000000,5.000000,0.059907,0
1784410494.346421,CONST200,TRACKING,200,19.428813,49.329024,0.049728,-0.035901,5.012334,0.000000,0.000000,5.000000,0.062561,0
1784410494.396415,CONST200,TRACKING,200,22.001389,34.716593,0.063721,-0.029960,5.007042,0.000000,0.000000,5.000000,0.070764,0
1784410494.446420,CONST200,TRACKING,200,19.672561,47.566787,0.070293,-0.025774,5.006660,0.000000,0.000000,5.000000,0.075165,0
1784410494.496401,CONST200,TRACKING,200,20.766843,33.482029,0.081895,-0.018525,5.005702,0.000000,0.000000,5.000000,0.084157,0
1784410494.546432,CONST200,TRACKING,200,18.783743,47.960911,0.085927,-0.015731,5.006813,0.000000,0.000000,5.000000,0.087620,0
1784410494.596405,CONST200,TRACKING,200,19.537422,32.243220,0.091777,-0.010816,5.013679,0.000000,0.000000,5.000000,0.093419,0
1784410494.646428,CONST200,TRACKING,200,19.691075,50.085826,0.093964,-0.008806,5.014817,0.000000,0.000000,5.000000,0.095532,0
1784410494.696410,CONST200,TRACKING,200,19.666584,32.450596,0.098624,-0.008406,5.017331,0.000000,0.000000,5.000000,0.100487,0
1784410494.746419,CONST200,TRACKING,200,19.628747,49.843826,0.100577,-0.008300,5.017066,0.000000,0.000000,5.000000,0.102351,0
1784410494.796413,CONST200,TRACKING,200,17.968325,30.818180,0.103143,-0.007145,5.017825,0.000000,0.000000,5.000000,0.104916,0
1784410494.846420,CONST200,TRACKING,200,19.651643,50.657697,0.103395,-0.006144,5.022733,0.000000,0.000000,5.000000,0.106043,0
1784410494.896405,CONST200,TRACKING,200,19.191046,31.934625,0.103455,-0.003282,5.031692,0.000000,0.000000,5.000000,0.108250,0
1784410494.946425,CONST200,TRACKING,200,20.605529,51.341385,0.103753,-0.000324,5.036627,0.000000,0.000000,5.000000,0.110029,0
1784410494.996411,CONST200,TRACKING,200,18.839788,31.608235,0.102822,0.005323,5.043897,0.000000,0.000000,5.000000,0.111927,0
1784410495.046422,CONST200,TRACKING,200,19.192241,50.044015,0.102311,0.007795,5.044070,0.000000,0.000000,5.000000,0.111671,0
1784410495.096411,CONST200,TRACKING,200,18.768437,31.662966,0.101154,0.012849,5.039032,0.000000,0.000000,5.000000,0.109182,0
1784410495.146419,CONST200,TRACKING,200,19.593286,50.703923,0.099884,0.015165,5.036177,0.000000,0.000000,5.000000,0.107310,0
1784410495.196420,CONST200,TRACKING,200,19.037939,31.767414,0.095134,0.018246,5.021519,0.000000,0.000000,5.000000,0.099230,0
1784410495.246439,CONST200,TRACKING,200,19.598884,50.476623,0.092358,0.019227,5.013002,0.000000,0.000000,5.000000,0.095229,0
1784410495.296407,CONST200,TRACKING,200,19.214961,31.990953,0.087200,0.024076,4.996975,0.000000,0.000000,5.000000,0.090513,0
1784410495.346437,CONST200,TRACKING,200,19.774284,50.484486,0.084741,0.027444,4.990204,0.000000,0.000000,5.000000,0.089612,0
1784410495.396425,CONST200,TRACKING,200,19.539455,32.377069,0.077995,0.032888,4.975480,0.000000,0.000000,5.000000,0.088125,0
1784410495.446431,CONST200,TRACKING,200,19.306364,49.653023,0.075410,0.033892,4.968134,0.000000,0.000000,5.000000,0.088604,0
1784410495.496441,CONST200,TRACKING,200,19.199031,32.046223,0.069025,0.034979,4.956681,0.000000,0.000000,5.000000,0.088682,0
1784410495.546444,CONST200,TRACKING,200,19.274328,49.982518,0.065832,0.034056,4.953187,0.000000,0.000000,5.000000,0.087665,0
1784410495.596434,CONST200,TRACKING,200,19.027865,31.901940,0.059060,0.029422,4.952795,0.000000,0.000000,5.000000,0.081130,0
1784410495.646431,CONST200,TRACKING,200,19.033435,49.899426,0.056032,0.027367,4.954563,0.000000,0.000000,5.000000,0.077157,0
1784410495.696437,CONST200,TRACKING,200,19.502752,32.439161,0.050298,0.023995,4.962882,0.000000,0.000000,5.000000,0.066958,0
1784410495.746440,CONST200,TRACKING,200,18.987220,49.369712,0.047378,0.022237,4.969217,0.000000,0.000000,5.000000,0.060719,0
1784410495.796456,CONST200,TRACKING,200,19.518577,32.430912,0.041199,0.019685,4.983093,0.000000,0.000000,5.000000,0.048689,0
1784410495.846437,CONST200,TRACKING,200,19.138371,49.494339,0.038741,0.019382,4.990366,0.000000,0.000000,5.000000,0.044377,0
1784410495.896444,CONST200,TRACKING,200,19.008219,31.829983,0.034131,0.018892,5.004521,0.000000,0.000000,5.000000,0.039272,0
1784410495.946439,CONST200,TRACKING,200,18.819735,49.692695,0.033237,0.020075,5.009642,0.000000,0.000000,5.000000,0.040008,0
1784410495.996440,CONST200,TRACKING,200,18.572129,31.512372,0.030134,0.021075,5.017108,0.000000,0.000000,5.000000,0.040558,0
1784410496.046454,CONST200,TRACKING,200,18.428840,49.482021,0.027940,0.020440,5.020788,0.000000,0.000000,5.000000,0.040381,0
1784410496.096436,CONST200,TRACKING,200,17.998574,30.877942,0.022821,0.017518,5.025990,0.000000,0.000000,5.000000,0.038771,0
1784410496.146444,CONST200,TRACKING,200,19.184682,50.172514,0.020311,0.015534,5.026722,0.000000,0.000000,5.000000,0.036985,0
1784410496.196426,CONST200,TRACKING,200,19.589566,32.472224,0.019331,0.010039,5.025007,0.000000,0.000000,5.000000,0.033163,0
1784410496.246455,CONST200,TRACKING,200,19.799017,50.135037,0.019244,0.007549,5.022754,0.000000,0.000000,5.000000,0.030742,0
1784410496.296441,CONST200,TRACKING,200,18.758077,31.683578,0.020528,0.003348,5.013614,0.000000,0.000000,5.000000,0.024859,0
1784410496.346446,CONST200,TRACKING,200,19.243225,50.328925,0.021846,0.001786,5.007153,0.000000,0.000000,5.000000,0.023057,0
1784410496.396463,CONST200,TRACKING,200,19.108450,32.019567,0.024629,0.000150,4.999562,0.000000,0.000000,5.000000,0.024634,0
1784410496.446449,CONST200,TRACKING,200,19.196089,49.965676,0.028365,0.001487,4.997560,0.000000,0.000000,5.000000,0.028509,0
1784410496.496422,CONST200,TRACKING,200,19.545609,32.450764,0.034928,0.003232,4.994837,0.000000,0.000000,5.000000,0.035455,0
1784410496.546442,CONST200,TRACKING,200,18.039618,48.412453,0.037572,0.003462,4.993120,0.000000,0.000000,5.000000,0.038353,0
1784410496.596445,CONST200,TRACKING,200,19.125158,31.948520,0.041571,0.003347,4.992782,0.000000,0.000000,5.000000,0.042325,0
1784410496.646453,CONST200,TRACKING,200,19.718593,50.493770,0.042439,0.003456,4.992634,0.000000,0.000000,5.000000,0.043212,0
1784410496.696440,CONST200,TRACKING,200,18.645752,31.574485,0.043772,0.004689,4.995739,0.000000,0.000000,5.000000,0.044228,0
1784410496.746448,CONST200,TRACKING,200,19.545653,50.466667,0.043850,0.005203,4.998395,0.000000,0.000000,5.000000,0.044187,0
1784410496.796462,CONST200,TRACKING,200,19.012691,31.834817,0.042136,0.008059,5.002542,0.000000,0.000000,5.000000,0.042975,0
1784410496.846456,CONST200,TRACKING,200,16.439745,47.311637,0.040715,0.010267,5.003635,0.000000,0.000000,5.000000,0.042147,0
1784410496.896447,CONST200,TRACKING,200,18.699329,31.670189,0.038230,0.013488,5.004074,0.000000,0.000000,5.000000,0.040744,0
1784410496.946458,CONST200,TRACKING,200,18.808506,49.761390,0.038624,0.013427,5.002514,0.000000,0.000000,5.000000,0.040968,0
1784410496.996457,CONST200,TRACKING,200,20.263148,33.123755,0.038617,0.013784,4.995433,0.000000,0.000000,5.000000,0.041257,0
1784410497.046503,CONST200,TRACKING,200,17.879586,47.558321,0.037689,0.014770,4.993685,0.000000,0.000000,5.000000,0.040969,0
1784410497.096435,CONST200,TRACKING,200,19.383214,32.234676,0.034275,0.017590,4.989914,0.000000,0.000000,5.000000,0.039824,0
1784410497.146466,CONST200,TRACKING,200,19.826021,50.379831,0.032317,0.018738,4.986910,0.000000,0.000000,5.000000,0.039583,0
1784410497.196431,CONST200,TRACKING,200,19.371059,32.267877,0.029265,0.023085,4.989069,0.000000,0.000000,5.000000,0.038843,0
1784410497.246482,CONST200,TRACKING,200,18.798294,49.387090,0.027720,0.024935,4.991455,0.000000,0.000000,5.000000,0.038251,0
1784410497.296441,CONST200,TRACKING,200,19.615690,32.562542,0.023160,0.032279,4.999166,0.000000,0.000000,5.000000,0.039737,0
1784410497.346458,CONST200,TRACKING,200,20.620883,50.909106,0.020241,0.037557,5.002915,0.000000,0.000000,5.000000,0.042764,0
1784410497.396473,CONST200,TRACKING,200,19.085830,32.015073,0.013497,0.048751,5.008442,0.000000,0.000000,5.000000,0.051285,0
1784410497.446485,CONST200,TRACKING,200,18.872911,49.700274,0.010755,0.055564,5.010415,0.000000,0.000000,5.000000,0.057546,0
1784410497.496472,CONST200,TRACKING,200,18.472789,31.376045,0.005143,0.067389,5.011686,0.000000,0.000000,5.000000,0.068588,0
1784410497.546473,CONST200,TRACKING,200,19.121243,50.187640,0.002455,0.073158,5.010602,0.000000,0.000000,5.000000,0.073963,0
1784410497.596450,CONST200,TRACKING,200,19.300648,32.106626,-0.003892,0.085467,5.015032,0.000000,0.000000,5.000000,0.086866,0
1784410497.646474,CONST200,TRACKING,200,15.616500,46.222880,-0.007059,0.089929,5.019168,0.000000,0.000000,5.000000,0.092219,0
1784410497.696481,CONST200,TRACKING,200,18.433060,31.403737,-0.014578,0.098033,5.029293,0.000000,0.000000,5.000000,0.103350,0
1784410497.746466,CONST200,TRACKING,200,19.491800,50.600659,-0.018253,0.101384,5.032010,0.000000,0.000000,5.000000,0.107873,0
1784410497.796462,CONST200,TRACKING,200,18.515165,31.461928,-0.024586,0.105180,5.031058,0.000000,0.000000,5.000000,0.112392,0
1784410497.846493,CONST200,TRACKING,200,19.109095,50.081092,-0.026379,0.105040,5.029342,0.000000,0.000000,5.000000,0.112206,0
1784410497.896465,CONST200,TRACKING,200,18.867483,31.750572,-0.029181,0.102884,5.025599,0.000000,0.000000,5.000000,0.109964,0
1784410497.946483,CONST200,TRACKING,200,19.976846,51.024195,-0.030114,0.099520,5.028108,0.000000,0.000000,5.000000,0.107709,0
1784410497.996481,CONST200,TRACKING,200,18.974996,31.897717,-0.032231,0.091836,5.032360,0.000000,0.000000,5.000000,0.102567,0
1784410498.046479,CONST200,TRACKING,200,20.084984,51.000875,-0.033019,0.087747,5.034181,0.000000,0.000000,5.000000,0.099791,0
1784410498.096462,CONST200,TRACKING,200,19.598922,32.604423,-0.033738,0.078400,5.034766,0.000000,0.000000,5.000000,0.092160,0
1784410498.146472,CONST200,TRACKING,200,19.927015,50.227612,-0.033800,0.073849,5.034859,0.000000,0.000000,5.000000,0.088382,0
1784410498.196498,CONST200,TRACKING,200,18.436410,31.335676,-0.033478,0.065993,5.039177,0.000000,0.000000,5.000000,0.083730,0
1784410498.246500,CONST200,TRACKING,200,19.062774,50.040829,-0.032958,0.062345,5.040280,0.000000,0.000000,5.000000,0.081213,0
1784410498.296466,CONST200,TRACKING,200,19.775323,32.710162,-0.031534,0.053527,5.042020,0.000000,0.000000,5.000000,0.075002,0
1784410498.346475,CONST200,TRACKING,200,19.037269,49.173071,-0.030668,0.048297,5.044685,0.000000,0.000000,5.000000,0.072594,0
1784410498.396458,CONST200,TRACKING,200,19.258037,32.158030,-0.027455,0.035586,5.044114,0.000000,0.000000,5.000000,0.062978,0
1784410498.446512,CONST200,TRACKING,200,19.798946,50.482284,-0.024607,0.028635,5.040733,0.000000,0.000000,5.000000,0.055540,0
1784410498.496485,CONST200,TRACKING,200,19.027403,31.926508,-0.019539,0.015121,5.033596,0.000000,0.000000,5.000000,0.041703,0
1784410498.546487,CONST200,TRACKING,200,19.744319,50.626015,-0.017094,0.008856,5.031959,0.000000,0.000000,5.000000,0.037309,0
1784410498.596485,CONST200,TRACKING,200,18.883938,31.835056,-0.011569,-0.004204,5.029398,0.000000,0.000000,5.000000,0.031871,0
1784410498.646487,CONST200,TRACKING,200,19.105991,50.117550,-0.009143,-0.009771,5.026721,0.000000,0.000000,5.000000,0.029884,0
1784410498.696493,CONST200,TRACKING,200,19.324828,32.280264,-0.003096,-0.021123,5.021788,0.000000,0.000000,5.000000,0.030503,0
1784410498.746503,CONST200,TRACKING,200,19.692062,50.258931,-0.000090,-0.026965,5.017674,0.000000,0.000000,5.000000,0.032241,0
1784410498.796515,CONST200,TRACKING,200,18.653193,31.465183,0.006125,-0.041889,5.010029,0.000000,0.000000,5.000000,0.043506,0
1784410498.846490,CONST200,TRACKING,200,19.213147,50.354032,0.008463,-0.049105,5.007313,0.000000,0.000000,5.000000,0.050363,0
1784410498.896505,CONST200,TRACKING,200,19.034078,32.055493,0.012881,-0.062298,5.002256,0.000000,0.000000,5.000000,0.063656,0
1784410498.946505,CONST200,TRACKING,200,19.017568,49.883016,0.014469,-0.067779,5.001675,0.000000,0.000000,5.000000,0.069327,0
1784410498.996505,CONST200,TRACKING,200,19.283107,32.238840,0.017649,-0.079119,5.003168,0.000000,0.000000,5.000000,0.081125,0
1784410499.046488,CONST200,TRACKING,200,20.165976,50.765542,0.019044,-0.083771,5.003268,0.000000,0.000000,5.000000,0.085971,0
1784410499.096492,CONST200,TRACKING,200,19.282545,32.242765,0.021467,-0.092214,5.006259,0.000000,0.000000,5.000000,0.094886,0
1784410499.146522,CONST200,TRACKING,200,18.977280,49.621610,0.022183,-0.095905,5.008666,0.000000,0.000000,5.000000,0.098817,0
1784410499.196512,CONST200,TRACKING,200,17.931670,30.892247,0.019593,-0.100733,5.018610,0.000000,0.000000,5.000000,0.104295,0
1784410499.246500,CONST200,TRACKING,200,18.556101,49.762319,0.018127,-0.101981,5.023614,0.000000,0.000000,5.000000,0.106237,0
1784410499.296501,CONST200,TRACKING,200,19.904881,32.720517,0.015078,-0.104165,5.031546,0.000000,0.000000,5.000000,0.109877,0
1784410499.346508,CONST200,TRACKING,200,19.665330,49.674086,0.013501,-0.105033,5.033624,0.000000,0.000000,5.000000,0.111107,0
1784410499.396510,CONST200,TRACKING,200,19.236226,32.173916,0.010327,-0.105440,5.032409,0.000000,0.000000,5.000000,0.110791,0
1784410499.446491,CONST200,TRACKING,200,19.469887,50.104005,0.010239,-0.103520,5.031913,0.000000,0.000000,5.000000,0.108810,0
1784410499.496517,CONST200,TRACKING,200,19.085177,31.802556,0.009465,-0.098770,5.030479,0.000000,0.000000,5.000000,0.103798,0
1784410499.546521,CONST200,TRACKING,200,19.382754,50.197445,0.009358,-0.096475,5.029565,0.000000,0.000000,5.000000,0.101337,0
1784410499.596502,CONST200,TRACKING,200,18.897638,31.897993,0.009771,-0.091449,5.021835,0.000000,0.000000,5.000000,0.094526,0
1784410499.646531,CONST200,TRACKING,200,19.119696,50.152254,0.009910,-0.088886,5.016842,0.000000,0.000000,5.000000,0.091009,0
1784410499.696520,CONST200,TRACKING,200,19.158232,31.983141,0.014467,-0.081571,5.012843,0.000000,0.000000,5.000000,0.083833,0
1784410499.746521,CONST200,TRACKING,200,19.663210,50.403760,0.016731,-0.077714,5.012671,0.000000,0.000000,5.000000,0.080498,0
1784410499.796497,CONST200,TRACKING,200,19.184748,31.799617,0.020642,-0.070981,5.017895,0.000000,0.000000,5.000000,0.076057,0
1784410499.846526,CONST200,TRACKING,200,19.145630,49.894079,0.021642,-0.068958,5.022443,0.000000,0.000000,5.000000,0.075679,0
1784410499.896523,CONST200,TRACKING,200,18.835172,31.832902,0.022308,-0.063583,5.028734,0.000000,0.000000,5.000000,0.073254,0
1784410499.946512,CONST200,TRACKING,200,18.915063,49.970234,0.021755,-0.059330,5.030344,0.000000,0.000000,5.000000,0.070101,0
1784410499.996475,CONST200,TRACKING,200,18.725004,31.748440,0.019166,-0.049669,5.029263,0.000000,0.000000,5.000000,0.060751,0
1784410500.046525,CONST200,TRACKING,200,19.694907,50.901016,0.015397,-0.045373,5.029183,0.000000,0.000000,5.000000,0.056101,0
1784410500.096491,CONST200,TRACKING,200,19.373381,32.283474,0.003778,-0.036763,5.031792,0.000000,0.000000,5.000000,0.048749,0
1784410500.146527,CONST200,TRACKING,200,19.486040,50.044947,-0.001805,-0.032244,5.035439,0.000000,0.000000,5.000000,0.047946,0
1784410500.196514,CONST200,TRACKING,200,19.590455,32.509600,-0.013525,-0.019333,5.037223,0.000000,0.000000,5.000000,0.044071,0
1784410500.246504,CONST200,TRACKING,200,19.296672,49.582258,-0.018284,-0.013373,5.034695,0.000000,0.000000,5.000000,0.041436,0
1784410500.296486,CONST200,TRACKING,200,19.304792,32.263892,-0.028113,-0.002341,5.029690,0.000000,0.000000,5.000000,0.040955,0
1784410500.346533,CONST200,TRACKING,200,19.634547,50.265336,-0.033142,0.002656,5.028081,0.000000,0.000000,5.000000,0.043520,0
1784410500.396542,CONST200,TRACKING,200,19.276818,32.229056,-0.043234,0.013656,5.021629,0.000000,0.000000,5.000000,0.050234,0
1784410500.446575,CONST200,TRACKING,200,19.182589,49.803995,-0.045773,0.019555,5.016944,0.000000,0.000000,5.000000,0.052580,0
1784410500.496508,CONST200,TRACKING,200,19.062719,32.054196,-0.050481,0.030159,5.006527,0.000000,0.000000,5.000000,0.059164,0
1784410500.546536,CONST200,TRACKING,200,18.243344,49.121705,-0.052580,0.033955,5.000668,0.000000,0.000000,5.000000,0.062594,0
1784410500.596550,CONST200,TRACKING,200,19.116656,32.033356,-0.056517,0.039900,4.990728,0.000000,0.000000,5.000000,0.069801,0
1784410500.646538,CONST200,TRACKING,200,19.034990,49.791753,-0.057856,0.042360,4.987562,0.000000,0.000000,5.000000,0.072776,0
1784410500.696536,CONST200,TRACKING,200,19.175516,32.154165,-0.062818,0.047484,4.982650,0.000000,0.000000,5.000000,0.080634,0
1784410500.746534,CONST200,TRACKING,200,16.791374,47.516078,-0.064741,0.049483,4.980467,0.000000,0.000000,5.000000,0.083794,0
1784410500.796539,CONST200,TRACKING,200,18.974658,31.871371,-0.067072,0.054058,4.974335,0.000000,0.000000,5.000000,0.089887,0
1784410500.846510,CONST200,TRACKING,200,18.036642,48.916565,-0.067247,0.056166,4.971450,0.000000,0.000000,5.000000,0.092151,0
1784410500.896529,CONST200,TRACKING,200,19.449773,32.384694,-0.066132,0.058596,4.970850,0.000000,0.000000,5.000000,0.093041,0
1784410500.946558,CONST200,TRACKING,200,19.478048,49.959295,-0.063261,0.058261,4.975715,0.000000,0.000000,5.000000,0.089365,0
1784410500.996532,CONST200,TRACKING,200,19.360319,32.354002,-0.057178,0.057003,4.984699,0.000000,0.000000,5.000000,0.082176,0
1784410501.046540,CONST200,TRACKING,200,19.354452,49.899450,-0.055131,0.055959,4.988642,0.000000,0.000000,5.000000,0.079372,0
1784410501.096554,CONST200,TRACKING,200,18.228111,31.342059,-0.051839,0.052464,4.997544,0.000000,0.000000,5.000000,0.073795,0
1784410501.146548,CONST200,TRACKING,200,19.241516,50.453562,-0.049907,0.050436,5.001488,0.000000,0.000000,5.000000,0.070970,0
1784410501.196541,CONST200,TRACKING,200,19.183386,32.145704,-0.041403,0.048337,5.006855,0.000000,0.000000,5.000000,0.064013,0
1784410501.246535,CONST200,TRACKING,200,17.796851,48.509475,-0.037073,0.047595,5.006332,0.000000,0.000000,5.000000,0.060662,0
1784410501.296532,CONST200,TRACKING,200,19.297041,32.221202,-0.029736,0.046348,5.007787,0.000000,0.000000,5.000000,0.055615,0
1784410501.346554,CONST200,TRACKING,200,19.966522,50.598439,-0.026672,0.045719,5.009157,0.000000,0.000000,5.000000,0.053717,0
1784410501.396549,CONST200,TRACKING,200,18.904220,31.781687,-0.019366,0.043401,5.009259,0.000000,0.000000,5.000000,0.048419,0
1784410501.446541,CONST200,TRACKING,200,19.676566,50.665585,-0.014746,0.041643,5.010788,0.000000,0.000000,5.000000,0.045475,0
1784410501.496533,CONST200,TRACKING,200,19.180326,32.139620,-0.006567,0.037728,5.017702,0.000000,0.000000,5.000000,0.042189,0
1784410501.546554,CONST200,TRACKING,200,19.437312,50.195636,-0.003154,0.037355,5.023263,0.000000,0.000000,5.000000,0.044119,0
1784410501.596542,CONST200,TRACKING,200,19.820368,32.809107,0.003677,0.039119,5.036211,0.000000,0.000000,5.000000,0.053433,0
1784410501.646562,CONST200,TRACKING,200,19.866123,49.955040,0.006747,0.039384,5.039147,0.000000,0.000000,5.000000,0.055939,0
1784410501.696533,CONST200,TRACKING,200,19.437225,32.414659,0.012157,0.041651,5.045351,0.000000,0.000000,5.000000,0.062764,0
1784410501.746555,CONST200,TRACKING,200,18.919023,49.396446,0.015033,0.042304,5.047596,0.000000,0.000000,5.000000,0.065429,0
1784410501.796529,CONST200,TRACKING,200,18.720627,31.618775,0.021997,0.039834,5.052410,0.000000,0.000000,5.000000,0.069407,0
1784410501.846540,CONST200,TRACKING,200,19.412914,50.586966,0.025282,0.037057,5.054580,0.000000,0.000000,5.000000,0.070649,0
1784410501.896537,CONST200,TRACKING,200,19.430429,32.504212,0.032036,0.030443,5.055700,0.000000,0.000000,5.000000,0.071103,0
1784410501.946531,CONST200,TRACKING,200,19.711048,50.180505,0.036206,0.023660,5.058236,0.000000,0.000000,5.000000,0.072541,0
1784410501.996554,CONST200,TRACKING,200,18.957540,31.927099,0.044073,0.010049,5.063673,0.000000,0.000000,5.000000,0.078087,0
1784410502.046561,CONST200,TRACKING,200,19.296454,50.247792,0.047229,0.005490,5.064234,0.000000,0.000000,5.000000,0.079917,0
1784410502.096556,CONST200,TRACKING,200,18.635229,31.731855,0.053241,-0.001406,5.062618,0.000000,0.000000,5.000000,0.082205,0
1784410502.146535,CONST200,TRACKING,200,19.809397,51.017901,0.055633,-0.004703,5.062266,0.000000,0.000000,5.000000,0.083632,0
1784410502.196556,CONST200,TRACKING,200,18.941936,31.981655,0.058100,-0.014309,5.068583,0.000000,0.000000,5.000000,0.091017,0
1784410502.246578,CONST200,TRACKING,200,20.146385,51.116794,0.058597,-0.018602,5.073452,0.000000,0.000000,5.000000,0.095785,0
1784410502.296515,CONST200,TRACKING,200,19.415092,32.358151,0.057361,-0.025371,5.078825,0.000000,0.000000,5.000000,0.100734,0
1784410502.346566,CONST200,TRACKING,200,17.979921,48.476616,0.055949,-0.027987,5.077960,0.000000,0.000000,5.000000,0.099957,0
1784410502.396541,CONST200,TRACKING,200,19.301956,32.241441,0.052688,-0.033725,5.075848,0.000000,0.000000,5.000000,0.098317,0
1784410502.446576,CONST200,TRACKING,200,19.258801,49.866198,0.050767,-0.034986,5.074007,0.000000,0.000000,5.000000,0.096324,0
1784410502.496574,CONST200,TRACKING,200,19.862481,32.831628,0.046219,-0.037370,5.067554,0.000000,0.000000,5.000000,0.089979,0
1784410502.546568,CONST200,TRACKING,200,19.375931,49.402837,0.043377,-0.039013,5.066185,0.000000,0.000000,5.000000,0.088226,0
1784410502.596568,CONST200,TRACKING,200,19.369073,32.425081,0.036729,-0.043292,5.059231,0.000000,0.000000,5.000000,0.082046,0
1784410502.646571,CONST200,TRACKING,200,19.755257,50.282171,0.033897,-0.044926,5.054134,0.000000,0.000000,5.000000,0.078088,0
1784410502.696535,CONST200,TRACKING,200,19.393925,32.338567,0.028354,-0.047337,5.035684,0.000000,0.000000,5.000000,0.065712,0
1784410502.746572,CONST200,TRACKING,200,20.021753,50.557706,0.025616,-0.048349,5.027581,0.000000,0.000000,5.000000,0.061274,0
1784410502.796535,CONST200,TRACKING,200,19.199715,32.266044,0.019230,-0.049032,5.014667,0.000000,0.000000,5.000000,0.054672,0
1784410502.846568,CONST200,TRACKING,200,19.944447,50.669409,0.016455,-0.048789,5.007396,0.000000,0.000000,5.000000,0.052017,0
1784410502.896578,CONST200,TRACKING,200,17.849275,30.909317,0.010428,-0.047249,4.992009,0.000000,0.000000,5.000000,0.049042,0
1784410502.946576,CONST200,TRACKING,200,19.286592,50.555936,0.006933,-0.045810,4.982335,0.000000,0.000000,5.000000,0.049585,0
1784410502.996553,CONST200,TRACKING,200,19.426370,32.439789,-0.000668,-0.042471,4.960806,0.000000,0.000000,5.000000,0.057796,0
1784410503.046571,CONST200,TRACKING,200,18.579358,49.056562,-0.004436,-0.041163,4.954386,0.000000,0.000000,5.000000,0.061601,0
1784410503.096564,CONST200,TRACKING,200,19.544506,32.596944,-0.012091,-0.038856,4.949152,0.000000,0.000000,5.000000,0.065127,0
1784410503.146600,CONST200,TRACKING,200,20.095400,50.478777,-0.015468,-0.037768,4.946301,0.000000,0.000000,5.000000,0.067448,0
1784410503.196566,CONST200,TRACKING,200,19.277566,32.288275,-0.022199,-0.036440,4.944102,0.000000,0.000000,5.000000,0.070323,0
1784410503.246589,CONST200,TRACKING,200,19.857040,50.501535,-0.024781,-0.035857,4.945412,0.000000,0.000000,5.000000,0.069855,0
1784410503.296539,CONST200,TRACKING,200,19.049735,31.974646,-0.028385,-0.036816,4.950337,0.000000,0.000000,5.000000,0.068026,0
1784410503.346555,CONST200,TRACKING,200,19.839801,50.709798,-0.029454,-0.038084,4.953798,0.000000,0.000000,5.000000,0.066727,0
1784410503.396566,CONST200,TRACKING,200,19.427812,32.345543,-0.031054,-0.039133,4.961886,0.000000,0.000000,5.000000,0.062836,0
1784410503.446584,CONST200,TRACKING,200,17.623493,48.092836,-0.030662,-0.038912,4.964223,0.000000,0.000000,5.000000,0.061109,0
1784410503.496581,CONST200,TRACKING,200,19.568056,32.539324,-0.030134,-0.037293,4.973223,0.000000,0.000000,5.000000,0.054917,0
1784410503.546582,CONST200,TRACKING,200,19.905846,50.238553,-0.030497,-0.036234,4.979871,0.000000,0.000000,5.000000,0.051460,0
1784410503.596585,CONST200,TRACKING,200,19.621811,32.706821,-0.032410,-0.033696,4.996338,0.000000,0.000000,5.000000,0.046896,0
1784410503.646580,CONST200,TRACKING,200,18.810510,49.081768,-0.033124,-0.032403,5.002307,0.000000,0.000000,5.000000,0.046395,0
1784410503.696578,CONST200,TRACKING,200,19.168214,32.074841,-0.034686,-0.024001,5.009082,0.000000,0.000000,5.000000,0.043147,0
1784410503.746557,CONST200,TRACKING,200,19.303338,50.009940,-0.035255,-0.019855,5.011662,0.000000,0.000000,5.000000,0.042109,0
1784410503.796566,CONST200,TRACKING,200,19.096482,32.012578,-0.035815,-0.012196,5.017069,0.000000,0.000000,5.000000,0.041507,0
1784410503.846596,CONST200,TRACKING,200,21.615075,52.442504,-0.035767,-0.009448,5.017124,0.000000,0.000000,5.000000,0.040765,0
1784410503.896598,CONST200,TRACKING,200,19.480256,32.526583,-0.035448,-0.005029,5.022297,0.000000,0.000000,5.000000,0.042178,0
1784410503.946585,CONST200,TRACKING,200,20.204176,50.572452,-0.035597,-0.004560,5.025657,0.000000,0.000000,5.000000,0.044116,0
1784410503.996581,CONST200,TRACKING,200,19.009215,32.056373,-0.035724,-0.003230,5.029937,0.000000,0.000000,5.000000,0.046721,0
1784410504.046559,CONST200,TRACKING,200,13.880716,44.747815,-0.036359,-0.002391,5.030688,0.000000,0.000000,5.000000,0.047638,0
1784410504.096560,CONST200,TRACKING,200,19.578812,32.586248,-0.038531,-0.000555,5.029403,0.000000,0.000000,5.000000,0.048471,0
1784410504.146605,CONST200,TRACKING,200,19.397291,49.757214,-0.039284,0.000332,5.026606,0.000000,0.000000,5.000000,0.047447,0
1784410504.196596,CONST200,TRACKING,200,18.911040,31.965701,-0.035248,0.007206,5.016862,0.000000,0.000000,5.000000,0.039733,0
1784410504.246572,CONST200,TRACKING,200,19.681403,50.645197,-0.032849,0.010500,5.010718,0.000000,0.000000,5.000000,0.036113,0
1784410504.296592,CONST200,TRACKING,200,18.962775,31.958524,-0.026568,0.012982,5.003411,0.000000,0.000000,5.000000,0.029766,0
1784410504.346569,CONST200,TRACKING,200,19.315382,50.224371,-0.022731,0.012513,5.000934,0.000000,0.000000,5.000000,0.025965,0
1784410504.396565,CONST200,TRACKING,200,19.418488,32.437140,-0.014814,0.011025,4.992991,0.000000,0.000000,5.000000,0.019751,0
1784410504.446590,CONST200,TRACKING,200,18.108263,48.596275,-0.013358,0.009722,4.991266,0.000000,0.000000,5.000000,0.018688,0
1784410504.496585,CONST200,TRACKING,200,19.460835,32.487491,-0.010037,0.007435,4.992021,0.000000,0.000000,5.000000,0.014822,0
1784410504.546602,CONST200,TRACKING,200,20.007787,50.454134,-0.007762,0.005958,4.994146,0.000000,0.000000,5.000000,0.011403,0
1784410504.596594,CONST200,TRACKING,200,19.925184,32.772933,-0.001740,0.002268,5.000763,0.000000,0.000000,5.000000,0.002959,0
1784410504.646612,CONST200,TRACKING,200,18.405253,48.385042,0.000980,0.000848,5.002539,0.000000,0.000000,5.000000,0.002851,0
1784410504.696604,CONST200,TRACKING,200,19.683139,32.674989,0.003254,-0.001577,5.004696,0.000000,0.000000,5.000000,0.005927,0
1784410504.746601,CONST200,TRACKING,200,18.763552,48.975750,0.004486,-0.002782,5.004714,0.000000,0.000000,5.000000,0.007077,0
1784410504.796572,CONST200,TRACKING,200,19.203272,32.201093,0.009096,-0.008354,5.007760,0.000000,0.000000,5.000000,0.014586,0
1784410504.846590,CONST200,TRACKING,200,18.239440,48.949137,0.011729,-0.012298,5.010481,0.000000,0.000000,5.000000,0.019966,0
1784410504.896598,CONST200,TRACKING,200,19.013315,31.977337,0.016195,-0.019225,5.016819,0.000000,0.000000,5.000000,0.030244,0
1784410504.946600,CONST200,TRACKING,200,18.031292,48.917093,0.018196,-0.020999,5.019611,0.000000,0.000000,5.000000,0.034009,0
1784410504.996585,CONST200,TRACKING,200,19.936052,32.981250,0.022538,-0.024797,5.023869,0.000000,0.000000,5.000000,0.041141,0
1784410505.046620,CONST200,TRACKING,200,17.980711,47.987154,0.024059,-0.026369,5.024925,0.000000,0.000000,5.000000,0.043536,0
1784410505.096593,CONST200,TRACKING,200,19.588716,32.579050,0.026336,-0.028963,5.023329,0.000000,0.000000,5.000000,0.045571,0
1784410505.146610,CONST200,TRACKING,200,16.060119,46.382329,0.027476,-0.030241,5.022063,0.000000,0.000000,5.000000,0.046435,0
1784410505.196588,CONST200,TRACKING,200,19.930349,32.912393,0.033578,-0.036474,5.023516,0.000000,0.000000,5.000000,0.054871,0
1784410505.246608,CONST200,TRACKING,200,19.351591,49.346108,0.036447,-0.039094,5.024573,0.000000,0.000000,5.000000,0.058827,0
1784410505.296607,CONST200,TRACKING,200,18.589303,31.604046,0.041417,-0.044211,5.028653,0.000000,0.000000,5.000000,0.067014,0
1784410505.346612,CONST200,TRACKING,200,16.622272,47.881040,0.043435,-0.046732,5.030569,0.000000,0.000000,5.000000,0.070746,0
1784410505.396622,CONST200,TRACKING,200,19.672213,32.545172,0.046755,-0.051109,5.034843,0.000000,0.000000,5.000000,0.077539,0
1784410505.446617,CONST200,TRACKING,200,19.740926,49.965662,0.047638,-0.052543,5.035203,0.000000,0.000000,5.000000,0.079180,0
1784410505.496619,CONST200,TRACKING,200,18.613408,31.572605,0.049284,-0.055070,5.035441,0.000000,0.000000,5.000000,0.081961,0
1784410505.546605,CONST200,TRACKING,200,18.223184,49.448487,0.049647,-0.055667,5.033006,0.000000,0.000000,5.000000,0.081567,0
1784410505.596592,CONST200,TRACKING,200,20.593233,33.659098,0.049229,-0.055617,5.032789,0.000000,0.000000,5.000000,0.081190,0
1784410505.646616,CONST200,TRACKING,200,19.241535,48.540883,0.048840,-0.055253,5.033195,0.000000,0.000000,5.000000,0.080871,0
1784410505.696616,CONST200,TRACKING,200,19.203569,32.146933,0.049910,-0.053590,5.033356,0.000000,0.000000,5.000000,0.080471,0
1784410505.746616,CONST200,TRACKING,200,19.182349,49.886637,0.049964,-0.052378,5.034004,0.000000,0.000000,5.000000,0.079975,0
1784410505.796625,CONST200,TRACKING,200,18.044422,31.025150,0.048487,-0.047824,5.032304,0.000000,0.000000,5.000000,0.075377,0
1784410505.846616,CONST200,TRACKING,200,19.895644,51.000933,0.047308,-0.045204,5.029488,0.000000,0.000000,5.000000,0.071770,0
1784410505.896624,CONST200,TRACKING,200,16.848025,30.106271,0.044640,-0.040754,5.024980,0.000000,0.000000,5.000000,0.065403,0
1784410505.946621,CONST200,TRACKING,200,19.775987,50.913095,0.042164,-0.039648,5.021687,0.000000,0.000000,5.000000,0.061807,0
1784410505.996611,CONST200,TRACKING,200,16.012617,29.120270,0.036935,-0.036659,5.015309,0.000000,0.000000,5.000000,0.054244,0
1784410506.046603,CONST200,TRACKING,200,17.998803,49.103737,0.033940,-0.033090,5.013349,0.000000,0.000000,5.000000,0.049245,0
1784410506.096616,CONST200,TRACKING,200,15.868261,28.954202,0.026881,-0.022503,5.005942,0.000000,0.000000,5.000000,0.035557,0
1784410506.146598,CONST200,TRACKING,200,17.394620,48.520498,0.023679,-0.017531,4.999761,0.000000,0.000000,5.000000,0.029463,0
1784410506.196617,CONST200,TRACKING,200,20.490853,33.427093,0.016726,-0.007118,4.989364,0.000000,0.000000,5.000000,0.021061,0
1784410506.246628,CONST200,TRACKING,200,21.049676,50.447146,0.013779,-0.002851,4.983684,0.000000,0.000000,5.000000,0.021545,0
1784410506.296604,CONST200,TRACKING,200,19.871724,32.915554,0.009607,0.004338,4.968386,0.000000,0.000000,5.000000,0.033325,0
1784410506.346627,CONST200,TRACKING,200,20.489667,50.554332,0.008160,0.007183,4.964125,0.000000,0.000000,5.000000,0.037486,0
1784410506.396642,CONST200,TRACKING,200,18.943680,31.865738,0.004930,0.012300,4.963505,0.000000,0.000000,5.000000,0.038826,0
1784410506.446646,CONST200,TRACKING,200,20.012221,50.966237,0.003178,0.013104,4.965930,0.000000,0.000000,5.000000,0.036641,0
1784410506.496611,CONST200,TRACKING,200,19.047889,31.907738,0.000260,0.014636,4.969110,0.000000,0.000000,5.000000,0.034184,0
1784410506.546628,CONST200,TRACKING,200,20.337684,51.196277,-0.000842,0.014919,4.968651,0.000000,0.000000,5.000000,0.034728,0
1784410506.596638,CONST200,TRACKING,200,18.485310,31.341266,-0.002822,0.014722,4.965573,0.000000,0.000000,5.000000,0.037549,0
1784410506.646629,CONST200,TRACKING,200,20.228783,51.578282,-0.003739,0.014706,4.962467,0.000000,0.000000,5.000000,0.040485,0
1784410506.696604,CONST200,TRACKING,200,18.542192,31.459634,-0.011188,0.016077,4.960742,0.000000,0.000000,5.000000,0.043872,0
1784410506.746618,CONST200,TRACKING,200,18.828819,50.164419,-0.015045,0.016481,4.964273,0.000000,0.000000,5.000000,0.042123,0
1784410506.796629,CONST200,TRACKING,200,18.048564,31.142796,-0.024197,0.015177,4.976449,0.000000,0.000000,5.000000,0.037020,0
1784410506.846636,CONST200,TRACKING,200,18.903337,50.117666,-0.028373,0.013481,4.985106,0.000000,0.000000,5.000000,0.034765,0
1784410506.896619,CONST200,TRACKING,200,19.988518,33.015061,-0.035777,0.009930,4.997786,0.000000,0.000000,5.000000,0.037195,0
1784410506.946655,CONST200,TRACKING,200,18.336070,48.243774,-0.038396,0.007182,5.003295,0.000000,0.000000,5.000000,0.039201,0
1784410506.996602,CONST200,TRACKING,200,20.717234,33.649495,-0.043172,0.001740,5.013661,0.000000,0.000000,5.000000,0.045315,0
1784410507.046655,CONST200,TRACKING,200,19.266627,48.464861,-0.044573,-0.001136,5.017597,0.000000,0.000000,5.000000,0.047935,0
1784410507.096630,CONST200,TRACKING,200,19.875751,32.747089,-0.046202,-0.007377,5.022281,0.000000,0.000000,5.000000,0.051821,0
1784410507.146650,CONST200,TRACKING,200,18.802936,48.818751,-0.046826,-0.010027,5.023475,0.000000,0.000000,5.000000,0.053332,0
1784410507.196596,CONST200,TRACKING,200,18.231946,30.054241,-0.047675,-0.014569,5.021661,0.000000,0.000000,5.000000,0.054354,0
1784410507.246647,CONST200,TRACKING,200,20.219048,51.476559,-0.047680,-0.016095,5.019640,0.000000,0.000000,5.000000,0.054020,0
1784410507.296615,CONST200,TRACKING,200,19.623002,32.493478,-0.046801,-0.018926,5.015179,0.000000,0.000000,5.000000,0.052715,0
1784410507.346634,CONST200,TRACKING,200,19.294953,49.586669,-0.045971,-0.020207,5.012888,0.000000,0.000000,5.000000,0.051844,0
1784410507.396634,CONST200,TRACKING,200,19.430874,32.339438,-0.043123,-0.022152,5.013605,0.000000,0.000000,5.000000,0.050352,0
1784410507.446643,CONST200,TRACKING,200,20.558868,51.011881,-0.041680,-0.023649,5.013559,0.000000,0.000000,5.000000,0.049803,0
1784410507.496597,CONST200,TRACKING,200,19.578562,32.475398,-0.038222,-0.026098,5.009269,0.000000,0.000000,5.000000,0.047201,0
1784410507.546643,CONST200,TRACKING,200,20.719560,51.060571,-0.035912,-0.027043,5.005315,0.000000,0.000000,5.000000,0.045269,0
1784410507.596635,CONST200,TRACKING,200,20.360428,33.269394,-0.029831,-0.028560,4.994337,0.000000,0.000000,5.000000,0.041685,0
1784410507.646668,CONST200,TRACKING,200,20.871878,50.447989,-0.027251,-0.028719,4.991033,0.000000,0.000000,5.000000,0.040593,0
1784410507.696666,CONST200,TRACKING,200,20.184847,33.132688,-0.024189,-0.029114,4.991935,0.000000,0.000000,5.000000,0.038702,0
1784410507.746661,CONST200,TRACKING,200,19.966340,49.676758,-0.022740,-0.029034,4.992679,0.000000,0.000000,5.000000,0.037599,0
1784410507.796652,CONST200,TRACKING,200,20.332437,33.025341,-0.021025,-0.028163,4.993923,0.000000,0.000000,5.000000,0.035667,0
1784410507.846655,CONST200,TRACKING,200,18.523677,48.097863,-0.021008,-0.027560,4.993684,0.000000,0.000000,5.000000,0.035225,0
1784410507.896644,CONST200,TRACKING,200,17.172356,30.126759,-0.020513,-0.025851,4.990934,0.000000,0.000000,5.000000,0.034224,0
1784410507.946647,CONST200,TRACKING,200,20.251818,51.253496,-0.020536,-0.024030,4.990077,0.000000,0.000000,5.000000,0.033130,0
1784410507.996646,CONST200,TRACKING,200,19.628417,32.636930,-0.020426,-0.019457,4.990907,0.000000,0.000000,5.000000,0.029639,0
1784410508.046629,CONST200,TRACKING,200,20.516681,50.729165,-0.019856,-0.017522,4.993761,0.000000,0.000000,5.000000,0.027207,0
1784410508.096642,CONST200,TRACKING,200,19.991173,32.841197,-0.017623,-0.014142,4.999874,0.000000,0.000000,5.000000,0.022596,0
1784410508.146659,CONST200,TRACKING,200,19.942585,49.807295,-0.016539,-0.012617,5.002441,0.000000,0.000000,5.000000,0.020945,0
1784410508.196627,CONST200,TRACKING,200,19.743162,32.691706,-0.016691,-0.016113,5.005446,0.000000,0.000000,5.000000,0.023831,0
1784410508.246656,CONST200,TRACKING,200,20.484949,50.618971,-0.016766,-0.018137,5.006370,0.000000,0.000000,5.000000,0.025507,0
1784410508.296638,CONST200,TRACKING,200,19.457684,32.387163,-0.016337,-0.020869,5.007542,0.000000,0.000000,5.000000,0.027555,0
1784410508.346629,CONST200,TRACKING,200,21.039221,51.457638,-0.015859,-0.021565,5.008961,0.000000,0.000000,5.000000,0.028229,0
1784410508.396645,CONST200,TRACKING,200,20.640058,33.374871,-0.014792,-0.021057,5.009071,0.000000,0.000000,5.000000,0.027285,0
1784410508.446667,CONST200,TRACKING,200,20.099056,49.381939,-0.015555,-0.017698,5.009245,0.000000,0.000000,5.000000,0.025311,0
1784410508.496666,CONST200,TRACKING,200,19.808691,32.591165,-0.016403,-0.011192,5.011896,0.000000,0.000000,5.000000,0.023148,0
1784410508.546659,CONST200,TRACKING,200,19.353169,49.428741,-0.016760,-0.008150,5.013792,0.000000,0.000000,5.000000,0.023185,0
1784410508.596672,CONST200,TRACKING,200,19.777398,32.196406,-0.017444,-0.002091,5.017803,0.000000,0.000000,5.000000,0.025013,0
1784410508.646675,CONST200,TRACKING,200,19.927569,50.033847,-0.017602,0.000215,5.019332,0.000000,0.000000,5.000000,0.026146,0
1784410508.696647,CONST200,TRACKING,200,21.128020,33.790557,-0.017970,0.007534,5.021832,0.000000,0.000000,5.000000,0.029263,0
1784410508.746665,CONST200,TRACKING,200,21.129522,49.924839,-0.017984,0.011077,5.020654,0.000000,0.000000,5.000000,0.029542,0
1784410508.796666,CONST200,TRACKING,200,19.663857,32.533020,-0.020807,0.019330,5.017078,0.000000,0.000000,5.000000,0.033140,0
1784410508.846677,CONST200,TRACKING,200,19.740971,49.978074,-0.023345,0.023227,5.015013,0.000000,0.000000,5.000000,0.036192,0
1784410508.896675,CONST200,TRACKING,200,19.869855,32.723051,-0.027234,0.030244,5.010616,0.000000,0.000000,5.000000,0.042061,0
1784410508.946669,CONST200,TRACKING,200,20.399956,50.399084,-0.028119,0.032557,5.007833,0.000000,0.000000,5.000000,0.043726,0
1784410508.996662,CONST200,TRACKING,200,19.839034,32.677765,-0.028883,0.037737,4.998801,0.000000,0.000000,5.000000,0.047537,0
1784410509.046669,CONST200,TRACKING,200,20.246085,50.305930,-0.028887,0.039330,4.995560,0.000000,0.000000,5.000000,0.049000,0
1784410509.096680,CONST200,TRACKING,200,20.916610,33.894146,-0.028340,0.041050,4.987895,0.000000,0.000000,5.000000,0.051330,0
1784410509.146670,CONST200,TRACKING,200,19.710753,48.680537,-0.027795,0.041987,4.983328,0.000000,0.000000,5.000000,0.053041,0
1784410509.196676,CONST200,TRACKING,200,19.794732,32.745244,-0.023683,0.044146,4.980933,0.000000,0.000000,5.000000,0.053604,0
1784410509.246686,CONST200,TRACKING,200,20.409701,50.534141,-0.021784,0.045206,4.981723,0.000000,0.000000,5.000000,0.053406,0
1784410509.296674,CONST200,TRACKING,200,18.464825,31.529028,-0.020433,0.045518,4.981986,0.000000,0.000000,5.000000,0.053046,0
1784410509.346675,CONST200,TRACKING,200,19.955962,51.107355,-0.020688,0.044798,4.982475,0.000000,0.000000,5.000000,0.052364,0
1784410509.396655,CONST200,TRACKING,200,18.742456,31.721363,-0.021413,0.043961,4.986073,0.000000,0.000000,5.000000,0.050843,0
1784410509.446681,CONST200,TRACKING,200,21.102008,52.284139,-0.023566,0.044689,4.988096,0.000000,0.000000,5.000000,0.051905,0
1784410509.496687,CONST200,TRACKING,200,19.483178,32.533750,-0.027159,0.045801,4.990929,0.000000,0.000000,5.000000,0.054015,0
1784410509.546689,CONST200,TRACKING,200,17.003773,47.420021,-0.029119,0.045740,4.994634,0.000000,0.000000,5.000000,0.054487,0
1784410509.596756,CONST200,TRACKING,200,19.384594,32.330494,-0.033405,0.044859,5.002847,0.000000,0.000000,5.000000,0.056002,0
1784410509.646682,CONST200,TRACKING,200,18.638606,49.050989,-0.034797,0.044665,5.006003,0.000000,0.000000,5.000000,0.056937,0
1784410509.696676,CONST200,TRACKING,200,18.702804,31.672713,-0.035241,0.039001,5.012928,0.000000,0.000000,5.000000,0.054130,0
1784410509.746679,CONST200,TRACKING,200,20.237285,51.426138,-0.034985,0.035972,5.015552,0.000000,0.000000,5.000000,0.052534,0
1784410509.796684,CONST200,TRACKING,200,20.332241,33.289037,-0.034922,0.027764,5.019286,0.000000,0.000000,5.000000,0.048604,0
1784410509.846694,CONST200,TRACKING,200,20.016604,49.578496,-0.035100,0.023204,5.022030,0.000000,0.000000,5.000000,0.047495,0
1784410509.896659,CONST200,TRACKING,200,18.697183,31.634427,-0.034652,0.013717,5.027658,0.000000,0.000000,5.000000,0.046410,0
1784410509.946660,CONST200,TRACKING,200,19.186863,50.386546,-0.033622,0.006631,5.031327,0.000000,0.000000,5.000000,0.046430,0
1784410509.996655,CONST200,TRACKING,200,19.740200,32.714025,-0.030665,-0.007994,5.037086,0.000000,0.000000,5.000000,0.048781,0
1784410510.046662,CONST200,TRACKING,200,20.246623,50.410098,-0.029071,-0.012182,5.039487,0.000000,0.000000,5.000000,0.050525,0
1784410510.096656,CONST200,TRACKING,200,20.101148,33.098870,-0.025553,-0.017000,5.043611,0.000000,0.000000,5.000000,0.053328,0
1784410510.146680,CONST200,TRACKING,200,19.499676,49.285859,-0.023672,-0.019538,5.045582,0.000000,0.000000,5.000000,0.054953,0
1784410510.196686,CONST200,TRACKING,200,20.120887,33.049285,-0.017664,-0.027676,5.046764,0.000000,0.000000,5.000000,0.057139,0
1784410510.246691,CONST200,TRACKING,200,20.049695,49.829828,-0.014739,-0.031304,5.045910,0.000000,0.000000,5.000000,0.057489,0
1784410510.296704,CONST200,TRACKING,200,20.436846,33.602588,-0.009700,-0.035588,5.045205,0.000000,0.000000,5.000000,0.058344,0
1784410510.346689,CONST200,TRACKING,200,16.478027,45.902746,-0.007549,-0.036398,5.046313,0.000000,0.000000,5.000000,0.059386,0
1784410510.396689,CONST200,TRACKING,200,19.619460,32.615939,-0.003354,-0.037542,5.048691,0.000000,0.000000,5.000000,0.061575,0
1784410510.446686,CONST200,TRACKING,200,20.299101,50.564476,-0.004182,-0.037895,5.049092,0.000000,0.000000,5.000000,0.062158,0
1784410510.496678,CONST200,TRACKING,200,19.469762,32.594886,-0.004647,-0.038537,5.050726,0.000000,0.000000,5.000000,0.063874,0
1784410510.546688,CONST200,TRACKING,200,19.565107,49.991410,-0.003746,-0.038626,5.049514,0.000000,0.000000,5.000000,0.062910,0
1784410510.596678,CONST200,TRACKING,200,19.568438,32.612676,-0.000195,-0.038376,5.046232,0.000000,0.000000,5.000000,0.060085,0
1784410510.646700,CONST200,TRACKING,200,19.624872,49.981905,0.001318,-0.038168,5.043562,0.000000,0.000000,5.000000,0.057933,0
1784410510.696653,CONST200,TRACKING,200,19.553643,32.586284,0.003716,-0.039818,5.041341,0.000000,0.000000,5.000000,0.057518,0
1784410510.746677,CONST200,TRACKING,200,20.315960,50.689969,0.004825,-0.040280,5.040324,0.000000,0.000000,5.000000,0.057199,0
1784410510.796667,CONST200,TRACKING,200,19.483405,32.521741,0.005504,-0.040248,5.036686,0.000000,0.000000,5.000000,0.054736,0
1784410510.846690,CONST200,TRACKING,200,19.522027,49.961728,0.004981,-0.039802,5.035815,0.000000,0.000000,5.000000,0.053775,0
1784410510.896698,CONST200,TRACKING,200,19.394020,32.486493,0.003825,-0.038044,5.032527,0.000000,0.000000,5.000000,0.050200,0
1784410510.946700,CONST200,TRACKING,200,20.237649,50.692873,0.002780,-0.035860,5.030805,0.000000,0.000000,5.000000,0.047356,0
1784410510.996685,CONST200,TRACKING,200,19.849857,32.949332,0.001497,-0.031023,5.022524,0.000000,0.000000,5.000000,0.038367,0
1784410511.046697,CONST200,TRACKING,200,19.467413,49.509484,0.001351,-0.029390,5.017441,0.000000,0.000000,5.000000,0.034202,0
1784410511.096703,CONST200,TRACKING,200,19.140933,32.153919,0.001463,-0.026821,5.007052,0.000000,0.000000,5.000000,0.027771,0
1784410511.146706,CONST200,TRACKING,200,19.886901,50.655257,0.001532,-0.025446,5.001759,0.000000,0.000000,5.000000,0.025552,0
1784410511.196682,CONST200,TRACKING,200,19.270677,32.338469,0.001064,-0.023321,4.984196,0.000000,0.000000,5.000000,0.028192,0
1784410511.246714,CONST200,TRACKING,200,19.250067,49.888322,0.000940,-0.021964,4.979015,0.000000,0.000000,5.000000,0.030392,0
1784410511.296679,CONST200,TRACKING,200,17.405869,30.508597,0.000919,-0.018949,4.975961,0.000000,0.000000,5.000000,0.030623,0
1784410511.346713,CONST200,TRACKING,200,18.371159,49.550438,0.000915,-0.017364,4.974929,0.000000,0.000000,5.000000,0.030510,0
1784410511.396677,CONST200,TRACKING,200,19.329312,32.348505,0.000273,-0.012606,4.976428,0.000000,0.000000,5.000000,0.026733,0
1784410511.446707,CONST200,TRACKING,200,18.723484,49.304484,-0.002250,-0.009538,4.977970,0.000000,0.000000,5.000000,0.024111,0
1784410511.496688,CONST200,TRACKING,200,19.142123,32.294389,-0.006236,-0.003455,4.978694,0.000000,0.000000,5.000000,0.022467,0
1784410511.546706,CONST200,TRACKING,200,19.477516,50.266249,-0.008290,-0.001308,4.980409,0.000000,0.000000,5.000000,0.021313,0
1784410511.596689,CONST200,TRACKING,200,18.917342,31.878122,-0.012587,0.001648,4.988842,0.000000,0.000000,5.000000,0.016901,0
1784410511.646715,CONST200,TRACKING,200,19.355507,50.370043,-0.013763,0.003004,4.992344,0.000000,0.000000,5.000000,0.016033,0
1784410511.696694,CONST200,TRACKING,200,19.888903,33.063818,-0.016220,0.002622,5.003154,0.000000,0.000000,5.000000,0.016731,0
1784410511.746713,CONST200,TRACKING,200,19.089521,49.122450,-0.017128,0.002612,5.008824,0.000000,0.000000,5.000000,0.019444,0
1784410511.796692,CONST200,TRACKING,200,19.474278,32.592967,-0.016776,0.003627,5.019080,0.000000,0.000000,5.000000,0.025664,0
1784410511.846718,CONST200,TRACKING,200,18.868791,49.330075,-0.015531,0.004278,5.023182,0.000000,0.000000,5.000000,0.028230,0
1784410511.896729,CONST200,TRACKING,200,20.401807,33.573402,-0.012399,0.005902,5.026430,0.000000,0.000000,5.000000,0.029784,0
1784410511.946732,CONST200,TRACKING,200,21.077017,50.555145,-0.009348,0.008423,5.025605,0.000000,0.000000,5.000000,0.028530,0
1784410511.996702,CONST200,TRACKING,200,20.987489,34.245354,-0.003224,0.013493,5.018969,0.000000,0.000000,5.000000,0.023501,0
1784410512.046722,CONST200,TRACKING,200,20.557225,49.486162,-0.001138,0.014988,5.014763,0.000000,0.000000,5.000000,0.021069,0
1784410512.096717,CONST200,TRACKING,200,18.386148,31.644936,0.001763,0.016925,5.004420,0.000000,0.000000,5.000000,0.017581,0
1784410512.146713,CONST200,TRACKING,200,19.405035,50.683071,0.003019,0.017818,4.997848,0.000000,0.000000,5.000000,0.018200,0
1784410512.196695,CONST200,TRACKING,200,19.837270,32.973674,0.004110,0.014342,4.991493,0.000000,0.000000,5.000000,0.017174,0
1784410512.246722,CONST200,TRACKING,200,19.531187,49.623759,0.004358,0.012382,4.991732,0.000000,0.000000,5.000000,0.015514,0
1784410512.296701,CONST200,TRACKING,200,19.785991,32.916623,0.002940,0.009122,4.999291,0.000000,0.000000,5.000000,0.009610,0
1784410512.346721,CONST200,TRACKING,200,19.155220,49.284716,0.001450,0.007764,5.005418,0.000000,0.000000,5.000000,0.009578,0
1784410512.396702,CONST200,TRACKING,200,22.005891,34.932827,-0.001051,0.005170,5.015703,0.000000,0.000000,5.000000,0.016566,0
1784410512.446725,CONST200,TRACKING,200,20.275714,48.193608,-0.002349,0.004778,5.023803,0.000000,0.000000,5.000000,0.024391,0
1784410512.496710,CONST200,TRACKING,200,20.838514,34.072823,-0.004901,0.003578,5.034006,0.000000,0.000000,5.000000,0.034543,0
1784410512.546723,CONST200,TRACKING,200,19.209346,48.277712,-0.008194,0.001608,5.036815,0.000000,0.000000,5.000000,0.037750,0
1784410512.596733,CONST200,TRACKING,200,19.192453,32.416291,-0.019270,-0.005302,5.037839,0.000000,0.000000,5.000000,0.042793,0
1784410512.646702,CONST200,TRACKING,200,19.337878,50.008551,-0.023714,-0.008210,5.037996,0.000000,0.000000,5.000000,0.045536,0
1784410512.696696,CONST200,TRACKING,200,18.098377,31.236076,-0.030037,-0.015009,5.039101,0.000000,0.000000,5.000000,0.051540,0
1784410512.746730,CONST200,TRACKING,200,19.287152,50.599160,-0.032655,-0.018119,5.040326,0.000000,0.000000,5.000000,0.054962,0
1784410512.796731,CONST200,TRACKING,200,18.742815,31.929876,-0.038186,-0.023562,5.038945,0.000000,0.000000,5.000000,0.059414,0
1784410512.846726,CONST200,TRACKING,200,18.432912,49.581674,-0.040564,-0.025060,5.035686,0.000000,0.000000,5.000000,0.059556,0
1784410512.896735,CONST200,TRACKING,200,18.885118,32.007342,-0.044079,-0.026940,5.028096,0.000000,0.000000,5.000000,0.058806,0
1784410512.946744,CONST200,TRACKING,200,19.352381,50.332549,-0.045682,-0.027121,5.024756,0.000000,0.000000,5.000000,0.058611,0
1784410512.996716,CONST200,TRACKING,200,21.341217,34.481798,-0.047940,-0.027773,5.015233,0.000000,0.000000,5.000000,0.057460,0
1784410513.046733,CONST200,TRACKING,200,21.775952,50.346885,-0.048771,-0.028839,5.011633,0.000000,0.000000,5.000000,0.057841,0
1784410513.096745,CONST200,TRACKING,200,21.228070,34.334015,-0.049999,-0.032517,5.005793,0.000000,0.000000,5.000000,0.059923,0
1784410513.146734,CONST200,TRACKING,200,18.816982,47.471894,-0.050099,-0.034520,5.003582,0.000000,0.000000,5.000000,0.060945,0
1784410513.196723,CONST200,TRACKING,200,20.556109,33.728020,-0.047834,-0.043986,5.002292,0.000000,0.000000,5.000000,0.065024,0
1784410513.246734,CONST200,TRACKING,200,19.815815,49.175812,-0.046227,-0.048102,5.001952,0.000000,0.000000,5.000000,0.066742,0
1784410513.296727,CONST200,TRACKING,200,19.095647,32.279300,-0.042810,-0.056629,4.998553,0.000000,0.000000,5.000000,0.071004,0
1784410513.346761,CONST200,TRACKING,200,19.830883,50.656124,-0.040947,-0.060888,4.995066,0.000000,0.000000,5.000000,0.073542,0
1784410513.396747,CONST200,TRACKING,200,18.805151,32.115577,-0.036202,-0.068029,4.985954,0.000000,0.000000,5.000000,0.078331,0
1784410513.446739,CONST200,TRACKING,200,19.206633,50.293229,-0.034107,-0.067987,4.986153,0.000000,0.000000,5.000000,0.077313,0
1784410513.496735,CONST200,TRACKING,200,18.693736,31.839145,-0.029920,-0.066894,4.990997,0.000000,0.000000,5.000000,0.073831,0
1784410513.546734,CONST200,TRACKING,200,19.123371,50.327681,-0.027767,-0.065073,4.996955,0.000000,0.000000,5.000000,0.070815,0
1784410513.596742,CONST200,TRACKING,200,18.886720,32.022513,-0.022787,-0.059389,5.007885,0.000000,0.000000,5.000000,0.064098,0
1784410513.646754,CONST200,TRACKING,200,19.607436,50.632360,-0.020456,-0.057111,5.011806,0.000000,0.000000,5.000000,0.061802,0
1784410513.696740,CONST200,TRACKING,200,19.042078,32.201595,-0.017536,-0.052226,5.016219,0.000000,0.000000,5.000000,0.057429,0
1784410513.746745,CONST200,TRACKING,200,19.874731,50.729316,-0.015736,-0.049638,5.017003,0.000000,0.000000,5.000000,0.054778,0
1784410513.796742,CONST200,TRACKING,200,18.884985,32.001908,-0.009961,-0.042346,5.012315,0.000000,0.000000,5.000000,0.045211,0
1784410513.846746,CONST200,TRACKING,200,19.664883,50.687418,-0.006564,-0.038325,5.008770,0.000000,0.000000,5.000000,0.039859,0
1784410513.896745,CONST200,TRACKING,200,18.873277,32.075620,0.001629,-0.030290,5.002050,0.000000,0.000000,5.000000,0.030403,0
1784410513.946756,CONST200,TRACKING,200,19.956264,50.986971,0.008260,-0.026326,4.998775,0.000000,0.000000,5.000000,0.027619,0
1784410513.996741,CONST200,TRACKING,200,19.200518,32.420133,0.022280,-0.017569,4.995576,0.000000,0.000000,5.000000,0.028717,0
1784410514.046756,CONST200,TRACKING,200,19.274842,49.974633,0.027487,-0.013079,4.993914,0.000000,0.000000,5.000000,0.031043,0
1784410514.096758,CONST200,TRACKING,200,18.053058,31.298080,0.036287,-0.003240,4.990079,0.000000,0.000000,5.000000,0.037758,0
1784410514.146767,CONST200,TRACKING,200,18.431319,49.815057,0.040560,0.001381,4.988397,0.000000,0.000000,5.000000,0.042210,0
1784410514.196756,CONST200,TRACKING,200,17.988014,31.281098,0.051417,0.012276,4.986392,0.000000,0.000000,5.000000,0.054586,0
1784410514.246763,CONST200,TRACKING,200,18.943834,50.257255,0.055963,0.016971,4.985051,0.000000,0.000000,5.000000,0.060360,0
1784410514.296762,CONST200,TRACKING,200,18.616003,31.676805,0.064989,0.025498,4.981688,0.000000,0.000000,5.000000,0.072173,0
1784410514.346769,CONST200,TRACKING,200,18.401557,49.681048,0.069384,0.029483,4.981189,0.000000,0.000000,5.000000,0.077700,0
1784410514.396835,CONST200,TRACKING,200,19.023488,32.131205,0.077300,0.038146,4.986217,0.000000,0.000000,5.000000,0.087295,0
1784410514.446771,CONST200,TRACKING,200,19.604875,50.402167,0.078738,0.041635,4.988188,0.000000,0.000000,5.000000,0.089848,0
1784410514.496729,CONST200,TRACKING,200,19.161090,32.387521,0.081058,0.047974,4.988835,0.000000,0.000000,5.000000,0.094850,0
1784410514.546764,CONST200,TRACKING,200,19.848382,50.622420,0.082544,0.048825,4.988219,0.000000,0.000000,5.000000,0.096624,0
1784410514.596761,CONST200,TRACKING,200,18.780662,31.886702,0.085654,0.046412,4.991767,0.000000,0.000000,5.000000,0.097768,0
1784410514.646758,CONST200,TRACKING,200,19.244262,50.354077,0.086289,0.045492,4.994292,0.000000,0.000000,5.000000,0.097714,0
1784410514.696737,CONST200,TRACKING,200,19.091206,32.318853,0.087966,0.041624,4.999192,0.000000,0.000000,5.000000,0.097320,0
1784410514.746764,CONST200,TRACKING,200,19.347979,50.196575,0.088118,0.039874,5.001534,0.000000,0.000000,5.000000,0.096732,0
1784410514.796743,CONST200,TRACKING,200,18.977935,32.267308,0.088528,0.036810,5.001030,0.000000,0.000000,5.000000,0.095881,0
1784410514.846758,CONST200,TRACKING,200,19.473414,50.420791,0.088720,0.035696,5.001136,0.000000,0.000000,5.000000,0.095639,0
1784410514.896752,CONST200,TRACKING,200,19.008642,32.195952,0.087336,0.033786,5.007655,0.000000,0.000000,5.000000,0.093955,0
1784410514.946768,CONST200,TRACKING,200,19.954765,50.862222,0.084968,0.033855,5.010808,0.000000,0.000000,5.000000,0.092101,0
1784410514.996759,CONST200,TRACKING,200,20.013789,33.173020,0.079962,0.033667,5.013804,0.000000,0.000000,5.000000,0.087852,0
1784410515.046773,CONST200,TRACKING,200,22.455523,52.350178,0.077563,0.033313,5.013148,0.000000,0.000000,5.000000,0.085432,0
1784410515.096753,CONST200,TRACKING,200,18.907714,32.043351,0.072023,0.031705,5.006950,0.000000,0.000000,5.000000,0.078999,0
1784410515.146770,CONST200,TRACKING,200,19.807212,50.819111,0.069053,0.030631,5.001734,0.000000,0.000000,5.000000,0.075562,0
1784410515.196746,CONST200,TRACKING,200,19.114867,32.354139,0.061898,0.026667,4.995062,0.000000,0.000000,5.000000,0.067579,0
1784410515.246770,CONST200,TRACKING,200,19.591446,50.395318,0.058682,0.024469,4.994503,0.000000,0.000000,5.000000,0.063817,0
1784410515.296759,CONST200,TRACKING,200,19.020561,32.039402,0.052444,0.023116,4.999413,0.000000,0.000000,5.000000,0.057316,0
1784410515.346773,CONST200,TRACKING,200,19.594407,50.470918,0.049398,0.023627,5.006005,0.000000,0.000000,5.000000,0.055086,0
1784410515.396751,CONST200,TRACKING,200,18.950541,32.184995,0.042868,0.022976,5.019746,0.000000,0.000000,5.000000,0.052493,0
1784410515.446772,CONST200,TRACKING,200,19.892049,50.872608,0.040842,0.020514,5.021280,0.000000,0.000000,5.000000,0.050416,0
1784410515.496754,CONST200,TRACKING,200,18.945691,32.227937,0.036421,0.016111,5.023192,0.000000,0.000000,5.000000,0.046086,0
1784410515.546775,CONST200,TRACKING,200,19.968656,50.956956,0.033303,0.013825,5.025511,0.000000,0.000000,5.000000,0.044170,0
1784410515.596764,CONST200,TRACKING,200,19.165350,32.391000,0.024971,0.009134,5.030468,0.000000,0.000000,5.000000,0.040439,0
1784410515.646775,CONST200,TRACKING,200,19.582942,50.321354,0.021563,0.007450,5.031965,0.000000,0.000000,5.000000,0.039271,0
1784410515.696779,CONST200,TRACKING,200,18.626755,31.774752,0.014717,0.002543,5.034115,0.000000,0.000000,5.000000,0.037241,0
1784410515.746781,CONST200,TRACKING,200,19.600553,50.875844,0.011496,-0.000038,5.033345,0.000000,0.000000,5.000000,0.035271,0
1784410515.796779,CONST200,TRACKING,200,19.051650,32.050629,0.005234,-0.005904,5.034905,0.000000,0.000000,5.000000,0.035786,0
1784410515.846779,CONST200,TRACKING,200,19.453435,50.305898,0.002827,-0.008366,5.035707,0.000000,0.000000,5.000000,0.036783,0
1784410515.896779,CONST200,TRACKING,200,18.866585,31.926561,-0.002024,-0.012446,5.039918,0.000000,0.000000,5.000000,0.041863,0
1784410515.946777,CONST200,TRACKING,200,19.377394,50.413515,-0.004287,-0.013616,5.043453,0.000000,0.000000,5.000000,0.045738,0
1784410515.996756,CONST200,TRACKING,200,19.167902,32.379289,-0.009536,-0.015393,5.043269,0.000000,0.000000,5.000000,0.046905,0
1784410516.046776,CONST200,TRACKING,200,19.679589,50.439642,-0.012044,-0.016087,5.044025,0.000000,0.000000,5.000000,0.048395,0
1784410516.096784,CONST200,TRACKING,200,18.679299,31.800386,-0.016784,-0.017789,5.048259,0.000000,0.000000,5.000000,0.054102,0
1784410516.146785,CONST200,TRACKING,200,19.228725,50.447077,-0.018762,-0.018455,5.048018,0.000000,0.000000,5.000000,0.054757,0
1784410516.196786,CONST200,TRACKING,200,19.320694,32.606489,-0.025876,-0.017346,5.048645,0.000000,0.000000,5.000000,0.057765,0
1784410516.246785,CONST200,TRACKING,200,19.309375,49.870296,-0.028907,-0.016605,5.048111,0.000000,0.000000,5.000000,0.058532,0
1784410516.296765,CONST200,TRACKING,200,19.135014,32.380540,-0.034167,-0.014656,5.042398,0.000000,0.000000,5.000000,0.056389,0
1784410516.346783,CONST200,TRACKING,200,19.470346,50.255249,-0.036505,-0.013538,5.036838,0.000000,0.000000,5.000000,0.053599,0
1784410516.396813,CONST200,TRACKING,200,19.284431,32.585080,-0.041081,-0.011595,5.023807,0.000000,0.000000,5.000000,0.048876,0
1784410516.446789,CONST200,TRACKING,200,19.302647,49.857933,-0.042203,-0.012036,5.019507,0.000000,0.000000,5.000000,0.048025,0
1784410516.496786,CONST200,TRACKING,200,19.346150,32.558830,-0.044109,-0.012499,5.010636,0.000000,0.000000,5.000000,0.047064,0
1784410516.546790,CONST200,TRACKING,200,19.369237,49.918846,-0.044728,-0.012419,5.006198,0.000000,0.000000,5.000000,0.046832,0
1784410516.596771,CONST200,TRACKING,200,19.572070,32.859199,-0.045006,-0.011752,5.001355,0.000000,0.000000,5.000000,0.046534,0
1784410516.646785,CONST200,TRACKING,200,19.213675,49.562793,-0.044484,-0.011361,4.999277,0.000000,0.000000,5.000000,0.045917,0
1784410516.696787,CONST200,TRACKING,200,18.880129,32.172261,-0.042332,-0.013820,4.993801,0.000000,0.000000,5.000000,0.044960,0
1784410516.746763,CONST200,TRACKING,200,19.446124,50.443716,-0.041005,-0.014953,4.993043,0.000000,0.000000,5.000000,0.044197,0
1784410516.796746,CONST200,TRACKING,200,19.468196,32.612919,-0.036039,-0.017133,4.994458,0.000000,0.000000,5.000000,0.040288,0
1784410516.846790,CONST200,TRACKING,200,19.433001,49.912754,-0.032996,-0.017755,4.994382,0.000000,0.000000,5.000000,0.037888,0
1784410516.896796,CONST200,TRACKING,200,19.095527,32.156889,-0.027555,-0.018334,4.994632,0.000000,0.000000,5.000000,0.033529,0
1784410516.946792,CONST200,TRACKING,200,19.447190,50.233796,-0.024901,-0.019797,4.995444,0.000000,0.000000,5.000000,0.032136,0
1784410516.996774,CONST200,TRACKING,200,19.251960,32.415078,-0.020233,-0.021965,5.008051,0.000000,0.000000,5.000000,0.030930,0
1784410517.046803,CONST200,TRACKING,200,19.672150,50.337764,-0.019670,-0.023447,5.017129,0.000000,0.000000,5.000000,0.035072,0
1784410517.096795,CONST200,TRACKING,200,20.048150,33.074356,-0.020399,-0.027335,5.032842,0.000000,0.000000,5.000000,0.047349,0
1784410517.146791,CONST200,TRACKING,200,15.939847,45.784843,-0.020055,-0.028966,5.036189,0.000000,0.000000,5.000000,0.050506,0
1784410517.196778,CONST200,TRACKING,200,12.545741,25.894687,-0.015560,-0.030594,5.048128,0.000000,0.000000,5.000000,0.059114,0
1784410517.246780,CONST200,TRACKING,200,12.732978,44.150937,-0.012977,-0.030873,5.052324,0.000000,0.000000,5.000000,0.062124,0
1784410517.296777,CONST200,TRACKING,200,15.295932,28.663255,-0.006931,-0.032262,5.056866,0.000000,0.000000,5.000000,0.065747,0
1784410517.346800,CONST200,TRACKING,200,19.809572,51.280677,-0.003710,-0.033230,5.056757,0.000000,0.000000,5.000000,0.065874,0
1784410517.396760,CONST200,TRACKING,200,18.293056,31.594568,0.003202,-0.034470,5.056619,0.000000,0.000000,5.000000,0.066363,0
1784410517.446800,CONST200,TRACKING,200,19.069227,50.381895,0.007036,-0.035780,5.058320,0.000000,0.000000,5.000000,0.068781,0
1784410517.496784,CONST200,TRACKING,200,18.322943,31.470249,0.014161,-0.036992,5.063508,0.000000,0.000000,5.000000,0.074847,0
1784410517.546800,CONST200,TRACKING,200,20.077481,51.485919,0.017536,-0.037156,5.064199,0.000000,0.000000,5.000000,0.076221,0
1784410517.596785,CONST200,TRACKING,200,19.390974,32.621139,0.024564,-0.036341,5.057737,0.000000,0.000000,5.000000,0.072509,0
1784410517.646808,CONST200,TRACKING,200,19.718509,50.259691,0.027248,-0.035690,5.054778,0.000000,0.000000,5.000000,0.070830,0
1784410517.696805,CONST200,TRACKING,200,19.811274,33.044967,0.031494,-0.034089,5.049980,0.000000,0.000000,5.000000,0.068206,0
1784410517.746813,CONST200,TRACKING,200,19.589582,49.659433,0.033400,-0.033048,5.046926,0.000000,0.000000,5.000000,0.066407,0
1784410517.796796,CONST200,TRACKING,200,19.953252,33.203790,0.038845,-0.032177,5.039732,0.000000,0.000000,5.000000,0.064210,0
1784410517.846811,CONST200,TRACKING,200,19.589788,49.543323,0.041819,-0.032529,5.036399,0.000000,0.000000,5.000000,0.064280,0
1784410517.896793,CONST200,TRACKING,200,18.997023,32.281372,0.046509,-0.031673,5.028488,0.000000,0.000000,5.000000,0.063070,0
1784410517.946812,CONST200,TRACKING,200,19.530618,50.446220,0.046007,-0.029218,5.023040,0.000000,0.000000,5.000000,0.059171,0
1784410517.996826,CONST200,TRACKING,200,18.951530,32.186749,0.044853,-0.023480,5.005571,0.000000,0.000000,5.000000,0.050933,0
1784410518.046821,CONST200,TRACKING,200,19.563820,50.493123,0.044507,-0.020140,4.998026,0.000000,0.000000,5.000000,0.048892,0
1784410518.096803,CONST200,TRACKING,200,23.565005,36.790794,0.043943,-0.012001,4.985413,0.000000,0.000000,5.000000,0.047831,0
1784410518.146816,CONST200,TRACKING,200,19.431580,45.660098,0.043420,-0.008065,4.979593,0.000000,0.000000,5.000000,0.048650,0
1784410518.196784,CONST200,TRACKING,200,18.207141,31.443156,0.041957,-0.000121,4.973155,0.000000,0.000000,5.000000,0.049810,0
1784410518.246817,CONST200,TRACKING,200,19.798109,51.207489,0.041289,0.003339,4.972393,0.000000,0.000000,5.000000,0.049780,0
1784410518.296813,CONST200,TRACKING,200,18.948611,32.067220,0.039130,0.011315,4.976070,0.000000,0.000000,5.000000,0.047242,0
1784410518.346823,CONST200,TRACKING,200,19.778888,50.725163,0.037718,0.015705,4.977855,0.000000,0.000000,5.000000,0.046473,0
1784410518.396819,CONST200,TRACKING,200,18.800192,31.895613,0.035143,0.024739,4.982163,0.000000,0.000000,5.000000,0.046532,0
1784410518.446803,CONST200,TRACKING,200,19.256266,50.336561,0.034742,0.028438,4.984540,0.000000,0.000000,5.000000,0.047484,0
1784410518.496820,CONST200,TRACKING,200,18.690864,31.945881,0.034038,0.035058,4.990331,0.000000,0.000000,5.000000,0.049811,0
1784410518.546815,CONST200,TRACKING,200,19.484264,50.683746,0.033697,0.037852,4.996508,0.000000,0.000000,5.000000,0.050798,0
1784410518.596792,CONST200,TRACKING,200,19.028618,32.191309,0.032814,0.043304,5.016586,0.000000,0.000000,5.000000,0.056808,0
1784410518.646827,CONST200,TRACKING,200,19.333245,50.236916,0.032245,0.045644,5.023877,0.000000,0.000000,5.000000,0.060772,0
1784410518.696813,CONST200,TRACKING,200,18.459309,31.759729,0.032896,0.051582,5.035315,0.000000,0.000000,5.000000,0.070640,0
1784410518.746822,CONST200,TRACKING,200,18.788060,50.212148,0.033208,0.054357,5.036834,0.000000,0.000000,5.000000,0.073581,0
1784410518.796818,CONST200,TRACKING,200,18.162313,31.433229,0.032639,0.060561,5.036857,0.000000,0.000000,5.000000,0.078048,0
1784410518.846840,CONST200,TRACKING,200,18.831112,50.260477,0.031866,0.063231,5.036439,0.000000,0.000000,5.000000,0.079633,0
1784410518.896828,CONST200,TRACKING,200,18.625343,31.816143,0.030249,0.066857,5.035398,0.000000,0.000000,5.000000,0.081473,0
1784410518.946801,CONST200,TRACKING,200,19.107022,50.338819,0.029259,0.067790,5.036644,0.000000,0.000000,5.000000,0.082428,0
1784410518.996815,CONST200,TRACKING,200,19.387681,32.716959,0.027378,0.068634,5.041272,0.000000,0.000000,5.000000,0.084638,0
1784410519.046823,CONST200,TRACKING,200,17.062056,47.593214,0.025802,0.069641,5.043012,0.000000,0.000000,5.000000,0.085824,0
1784410519.096829,CONST200,TRACKING,200,19.388600,32.659899,0.021085,0.072594,5.042276,0.000000,0.000000,5.000000,0.086612,0
1784410519.146832,CONST200,TRACKING,200,19.291452,49.802933,0.018812,0.073583,5.041309,0.000000,0.000000,5.000000,0.086457,0
1784410519.196815,CONST200,TRACKING,200,18.793763,32.183580,0.010273,0.071756,5.035410,0.000000,0.000000,5.000000,0.080674,0
1784410519.246829,CONST200,TRACKING,200,19.837424,50.946795,0.006123,0.070019,5.032511,0.000000,0.000000,5.000000,0.077441,0
1784410519.296827,CONST200,TRACKING,200,18.548226,31.811899,-0.001646,0.065989,5.024679,0.000000,0.000000,5.000000,0.070472,0
1784410519.346802,CONST200,TRACKING,200,19.615704,50.933861,-0.005233,0.063786,5.018772,0.000000,0.000000,5.000000,0.066697,0
1784410519.396818,CONST200,TRACKING,200,19.360065,32.695391,-0.012612,0.058489,5.002515,0.000000,0.000000,5.000000,0.059886,0
1784410519.446841,CONST200,TRACKING,200,19.574433,50.134985,-0.014963,0.056546,4.996952,0.000000,0.000000,5.000000,0.058572,0
1784410519.496833,CONST200,TRACKING,200,19.519588,32.661085,-0.019409,0.051971,4.991058,0.000000,0.000000,5.000000,0.056193,0
1784410519.546808,CONST200,TRACKING,200,20.019195,50.376643,-0.021194,0.049024,4.990981,0.000000,0.000000,5.000000,0.054165,0
1784410519.596830,CONST200,TRACKING,200,19.446761,32.874763,-0.024607,0.041003,4.996154,0.000000,0.000000,5.000000,0.047974,0
1784410519.646834,CONST200,TRACKING,200,19.399488,49.849434,-0.026209,0.037136,4.999182,0.000000,0.000000,5.000000,0.045461,0
1784410519.696789,CONST200,TRACKING,200,20.209544,33.460578,-0.032753,0.031702,5.003203,0.000000,0.000000,5.000000,0.045695,0
1784410519.746834,CONST200,TRACKING,200,18.428291,48.161068,-0.035891,0.028962,5.004452,0.000000,0.000000,5.000000,0.046333,0
1784410519.796837,CONST200,TRACKING,200,19.502901,32.768998,-0.041086,0.023080,5.001461,0.000000,0.000000,5.000000,0.047147,0
1784410519.846836,CONST200,TRACKING,200,20.210104,50.594879,-0.042613,0.020622,5.000755,0.000000,0.000000,5.000000,0.047347,0
1784410519.896829,CONST200,TRACKING,200,45.062620,58.281643,-0.045415,0.015995,5.004712,0.000000,0.000000,5.000000,0.048379,0
1784410519.946817,CONST200,TRACKING,200,22.332720,26.997603,-0.046040,0.016416,5.008637,0.000000,0.000000,5.000000,0.049637,0
1784410519.996845,CONST200,TRACKING,200,12.633204,25.852055,-0.047449,0.016873,5.013261,0.000000,0.000000,5.000000,0.052077,0
1784410520.046839,CONST200,TRACKING,200,19.638786,51.010066,-0.048141,0.017690,5.013736,0.000000,0.000000,5.000000,0.053096,0
1784410520.096805,CONST200,TRACKING,200,19.119428,32.360510,-0.049179,0.019804,5.014320,0.000000,0.000000,5.000000,0.054917,0
1784410520.146847,CONST200,TRACKING,200,19.194396,50.004799,-0.049231,0.020124,5.012740,0.000000,0.000000,5.000000,0.054690,0
1784410520.196800,CONST200,TRACKING,200,19.406278,32.628836,-0.046506,0.018280,5.006042,0.000000,0.000000,5.000000,0.050334,0
1784410520.246844,CONST200,TRACKING,200,19.498030,50.050241,-0.044946,0.017013,5.004056,0.000000,0.000000,5.000000,0.048229,0
1784410520.296823,CONST200,TRACKING,200,19.859118,33.034243,-0.041513,0.014939,5.000399,0.000000,0.000000,5.000000,0.044121,0
1784410520.346845,CONST200,TRACKING,200,19.445157,49.506050,-0.039583,0.013853,4.998055,0.000000,0.000000,5.000000,0.041982,0
1784410520.396846,CONST200,TRACKING,200,19.573652,32.693456,-0.034728,0.011763,4.999304,0.000000,0.000000,5.000000,0.036673,0
1784410520.446862,CONST200,TRACKING,200,20.043496,50.386424,-0.031615,0.012864,4.999474,0.000000,0.000000,5.000000,0.034136,0
1784410520.496836,CONST200,TRACKING,200,19.897354,33.136202,-0.025766,0.014396,4.999147,0.000000,0.000000,5.000000,0.029527,0
1784410520.546845,CONST200,TRACKING,200,19.488209,49.502346,-0.024179,0.015983,5.000710,0.000000,0.000000,5.000000,0.028993,0
1784410520.596846,CONST200,TRACKING,200,19.567926,32.866337,-0.023067,0.021239,5.005882,0.000000,0.000000,5.000000,0.031902,0
1784410520.646842,CONST200,TRACKING,200,19.590479,49.920428,-0.022465,0.023290,5.007163,0.000000,0.000000,5.000000,0.033142,0
1784410520.696840,CONST200,TRACKING,200,19.246241,32.477439,-0.017720,0.025566,5.011180,0.000000,0.000000,5.000000,0.033055,0
1784410520.746849,CONST200,TRACKING,200,19.893459,50.530162,-0.014952,0.026545,5.013149,0.000000,0.000000,5.000000,0.033183,0
1784410520.796860,CONST200,TRACKING,200,19.405832,32.620506,-0.008290,0.029860,5.016451,0.000000,0.000000,5.000000,0.035086,0
1784410520.846826,CONST200,TRACKING,200,19.693097,50.148611,-0.005195,0.031946,5.017413,0.000000,0.000000,5.000000,0.036753,0
1784410520.896844,CONST200,TRACKING,200,19.582534,33.009832,0.000893,0.036254,5.019348,0.000000,0.000000,5.000000,0.041104,0
1784410520.946829,CONST200,TRACKING,200,19.072432,49.376034,0.003912,0.039623,5.022138,0.000000,0.000000,5.000000,0.045556,0
1784410520.996857,CONST200,TRACKING,200,19.644161,32.742861,0.009547,0.046371,5.026263,0.000000,0.000000,5.000000,0.054140,0
1784410521.046873,CONST200,TRACKING,200,18.323805,48.584795,0.011117,0.048764,5.026921,0.000000,0.000000,5.000000,0.056801,0
1784410521.096868,CONST200,TRACKING,200,19.785318,33.017239,0.012704,0.052736,5.024083,0.000000,0.000000,5.000000,0.059351,0
1784410521.146864,CONST200,TRACKING,200,19.779927,49.885632,0.013118,0.054152,5.022069,0.000000,0.000000,5.000000,0.059930,0
1784410521.196834,CONST200,TRACKING,200,20.496838,33.713976,0.010850,0.058023,5.016075,0.000000,0.000000,5.000000,0.061179,0
1784410521.246852,CONST200,TRACKING,200,17.507927,46.935198,0.009554,0.059150,5.012568,0.000000,0.000000,5.000000,0.061221,0
1784410521.296830,CONST200,TRACKING,200,20.609082,33.862963,0.006360,0.058353,5.002955,0.000000,0.000000,5.000000,0.058773,0
1784410521.346865,CONST200,TRACKING,200,18.856605,48.161463,0.004620,0.056613,4.999290,0.000000,0.000000,5.000000,0.056806,0
1784410521.396879,CONST200,TRACKING,200,20.372670,33.613603,0.001549,0.052007,4.997406,0.000000,0.000000,5.000000,0.052095,0
1784410521.446871,CONST200,TRACKING,200,19.178978,48.670104,0.000082,0.050602,5.001915,0.000000,0.000000,5.000000,0.050638,0
1784410521.496882,CONST200,TRACKING,200,20.234352,33.410188,-0.002415,0.047272,5.010077,0.000000,0.000000,5.000000,0.048395,0
1784410521.546840,CONST200,TRACKING,200,17.910468,47.510511,-0.003914,0.045137,5.010234,0.000000,0.000000,5.000000,0.046448,0
1784410521.596848,CONST200,TRACKING,200,19.728263,33.051598,-0.007898,0.039580,5.009074,0.000000,0.000000,5.000000,0.041368,0
1784410521.646865,CONST200,TRACKING,200,19.726105,49.910598,-0.009562,0.037335,5.009019,0.000000,0.000000,5.000000,0.039582,0
1784410521.696879,CONST200,TRACKING,200,18.907610,36.263895,-0.015815,0.032028,5.013472,0.000000,0.000000,5.000000,0.038176,0
1784410521.746868,CONST200,TRACKING,200,19.327674,50.312198,-0.018882,0.029286,5.016376,0.000000,0.000000,5.000000,0.038502,0
1784410521.796873,CONST200,TRACKING,200,19.143369,36.492804,-0.023447,0.024288,5.015955,0.000000,0.000000,5.000000,0.037339,0
1784410521.846867,CONST200,TRACKING,200,19.900216,50.643809,-0.024976,0.021413,5.013453,0.000000,0.000000,5.000000,0.035543,0
1784410521.896879,CONST200,TRACKING,200,19.179327,36.567398,-0.026802,0.015323,5.009590,0.000000,0.000000,5.000000,0.032328,0
1784410521.946883,CONST200,TRACKING,200,19.506581,50.230969,-0.026406,0.009556,5.007472,0.000000,0.000000,5.000000,0.029059,0
1784410521.996875,CONST200,TRACKING,200,19.191469,36.545769,-0.025367,-0.001924,5.004264,0.000000,0.000000,5.000000,0.025795,0
1784410522.046867,CONST200,TRACKING,200,19.976342,50.667843,-0.024887,-0.008878,5.002077,0.000000,0.000000,5.000000,0.026505,0
1784410522.096853,CONST200,TRACKING,200,19.554953,36.878214,-0.024565,-0.019279,4.996769,0.000000,0.000000,5.000000,0.031394,0
1784410522.146875,CONST200,TRACKING,200,19.708724,50.077196,-0.024403,-0.024452,4.996511,0.000000,0.000000,5.000000,0.034722,0
1784410522.196874,CONST200,TRACKING,200,19.524963,36.767598,-0.025266,-0.032462,4.998104,0.000000,0.000000,5.000000,0.041179,0
1784410522.246875,CONST200,TRACKING,200,19.757068,50.115489,-0.026117,-0.037102,4.997563,0.000000,0.000000,5.000000,0.045438,0
1784410522.296868,CONST200,TRACKING,200,20.113624,37.522409,-0.029440,-0.046147,5.001128,0.000000,0.000000,5.000000,0.054750,0
1784410522.346863,CONST200,TRACKING,200,19.057089,48.837465,-0.031855,-0.051175,5.003431,0.000000,0.000000,5.000000,0.060377,0
1784410522.396891,CONST200,TRACKING,200,19.340220,36.722489,-0.036070,-0.059851,5.012740,0.000000,0.000000,5.000000,0.071032,0
1784410522.446872,CONST200,TRACKING,200,18.901195,49.426799,-0.037679,-0.068914,5.018556,0.000000,0.000000,5.000000,0.080705,0
1784410522.496861,CONST200,TRACKING,200,16.362205,33.680213,-0.039830,-0.080815,5.025352,0.000000,0.000000,5.000000,0.093596,0
1784410522.546885,CONST200,TRACKING,200,19.643878,51.137346,-0.040428,-0.084983,5.027689,0.000000,0.000000,5.000000,0.098098,0
1784410522.596899,CONST200,TRACKING,200,18.283410,35.626648,-0.040942,-0.090340,5.027646,0.000000,0.000000,5.000000,0.102965,0
1784410522.646885,CONST200,TRACKING,200,19.910364,51.407076,-0.040928,-0.092903,5.027219,0.000000,0.000000,5.000000,0.105105,0
1784410522.696867,CONST200,TRACKING,200,19.735088,37.125350,-0.040022,-0.094945,5.029770,0.000000,0.000000,5.000000,0.107250,0
1784410522.746887,CONST200,TRACKING,200,19.021585,49.151294,-0.038933,-0.095302,5.031312,0.000000,0.000000,5.000000,0.107604,0
1784410522.796881,CONST200,TRACKING,200,19.557944,36.914164,-0.036741,-0.094597,5.036047,0.000000,0.000000,5.000000,0.107694,0
1784410522.846874,CONST200,TRACKING,200,19.581372,49.914902,-0.035963,-0.093281,5.038227,0.000000,0.000000,5.000000,0.107033,0
1784410522.896881,CONST200,TRACKING,200,19.692854,37.061757,-0.033506,-0.090273,5.038622,0.000000,0.000000,5.000000,0.103748,0
1784410522.946899,CONST200,TRACKING,200,19.751037,49.957923,-0.029678,-0.087450,5.039017,0.000000,0.000000,5.000000,0.100253,0
1784410522.996890,CONST200,TRACKING,200,19.784130,37.146386,-0.022302,-0.081336,5.036592,0.000000,0.000000,5.000000,0.091934,0
1784410523.046860,CONST200,TRACKING,200,19.398172,49.460333,-0.017331,-0.077215,5.035405,0.000000,0.000000,5.000000,0.086695,0
1784410523.096887,CONST200,TRACKING,200,19.865475,37.276689,-0.008699,-0.070221,5.033846,0.000000,0.000000,5.000000,0.078436,0
1784410523.146887,CONST200,TRACKING,200,19.388027,49.402640,-0.004600,-0.066405,5.031414,0.000000,0.000000,5.000000,0.073605,0
1784410523.196900,CONST200,TRACKING,200,19.935504,37.363200,0.004905,-0.059379,5.032922,0.000000,0.000000,5.000000,0.068072,0
1784410523.246895,CONST200,TRACKING,200,20.933184,50.863218,0.010687,-0.054726,5.033484,0.000000,0.000000,5.000000,0.065041,0
1784410523.296900,CONST200,TRACKING,200,19.909645,37.352926,0.016331,-0.045647,5.033710,0.000000,0.000000,5.000000,0.059048,0
1784410523.346903,CONST200,TRACKING,200,19.013622,48.973023,0.017578,-0.040685,5.036046,0.000000,0.000000,5.000000,0.057127,0
1784410523.396906,CONST200,TRACKING,200,19.467060,36.859369,0.020329,-0.030860,5.041964,0.000000,0.000000,5.000000,0.055916,0
1784410523.446895,CONST200,TRACKING,200,18.087493,48.495593,0.022822,-0.024376,5.045860,0.000000,0.000000,5.000000,0.056729,0
1784410523.496902,CONST200,TRACKING,200,20.572648,37.815429,0.026938,-0.013656,5.046554,0.000000,0.000000,5.000000,0.055493,0
1784410523.546877,CONST200,TRACKING,200,19.478953,48.746115,0.028620,-0.007400,5.045349,0.000000,0.000000,5.000000,0.054133,0
1784410523.596903,CONST200,TRACKING,200,20.167966,37.481489,0.030794,0.006647,5.039370,0.000000,0.000000,5.000000,0.050423,0
1784410523.646977,CONST200,TRACKING,200,19.526241,49.282074,0.031615,0.015396,5.035536,0.000000,0.000000,5.000000,0.049994,0
1784410523.696878,CONST200,TRACKING,200,20.114633,37.459445,0.032747,0.030434,5.029743,0.000000,0.000000,5.000000,0.053696,0
1784410523.746902,CONST200,TRACKING,200,16.933904,46.705226,0.033083,0.037490,5.027632,0.000000,0.000000,5.000000,0.057127,0
1784410523.796858,CONST200,TRACKING,200,20.287405,37.642124,0.034062,0.050200,5.022042,0.000000,0.000000,5.000000,0.064546,0
1784410523.846908,CONST200,TRACKING,200,19.808754,49.439068,0.035015,0.057505,5.017227,0.000000,0.000000,5.000000,0.069496,0
1784410523.896885,CONST200,TRACKING,200,18.981885,36.477867,0.036100,0.067327,5.015030,0.000000,0.000000,5.000000,0.077859,0
1784410523.946872,CONST200,TRACKING,200,20.466252,51.350334,0.036122,0.071460,5.016376,0.000000,0.000000,5.000000,0.081728,0
1784410523.996877,CONST200,TRACKING,200,20.024033,37.249862,0.035858,0.079433,5.019979,0.000000,0.000000,5.000000,0.089412,0
1784410524.046895,CONST200,TRACKING,200,19.504341,49.367515,0.034479,0.081135,5.022594,0.000000,0.000000,5.000000,0.091007,0
1784410524.096899,CONST200,TRACKING,200,20.643577,38.031996,0.029997,0.081421,5.033172,0.000000,0.000000,5.000000,0.092896,0
1784410524.146899,CONST200,TRACKING,200,15.467033,44.712317,0.027964,0.081330,5.038043,0.000000,0.000000,5.000000,0.094042,0
1784410524.196860,CONST200,TRACKING,200,21.700304,39.058879,0.025466,0.083953,5.047142,0.000000,0.000000,5.000000,0.099594,0
1784410524.246907,CONST200,TRACKING,200,19.992658,48.232108,0.024305,0.085369,5.052476,0.000000,0.000000,5.000000,0.103113,0
1784410524.296881,CONST200,TRACKING,200,18.917744,36.325889,0.021841,0.085455,5.054676,0.000000,0.000000,5.000000,0.103774,0
1784410524.346907,CONST200,TRACKING,200,20.784330,51.771321,0.020186,0.084711,5.055284,0.000000,0.000000,5.000000,0.103149,0
1784410524.396920,CONST200,TRACKING,200,20.740314,38.124595,0.016667,0.083123,5.052739,0.000000,0.000000,5.000000,0.099843,0
1784410524.446903,CONST200,TRACKING,200,20.929577,50.056781,0.016227,0.084109,5.046485,0.000000,0.000000,5.000000,0.097460,0
1784410524.496908,CONST200,TRACKING,200,21.432636,38.850124,0.015558,0.084626,5.040177,0.000000,0.000000,5.000000,0.094962,0
1784410524.546906,CONST200,TRACKING,200,20.189094,48.642802,0.014925,0.083351,5.036743,0.000000,0.000000,5.000000,0.092305,0
1784410524.596913,CONST200,TRACKING,200,21.244177,38.613848,0.013074,0.078242,5.027185,0.000000,0.000000,5.000000,0.083856,0
1784410524.646924,CONST200,TRACKING,200,19.897892,48.553982,0.012040,0.074991,5.019937,0.000000,0.000000,5.000000,0.078524,0
1784410524.696912,CONST200,TRACKING,200,20.660007,38.095532,0.008489,0.069708,5.008149,0.000000,0.000000,5.000000,0.070694,0
1784410524.746913,CONST200,TRACKING,200,20.660952,49.898726,0.006764,0.066882,5.003500,0.000000,0.000000,5.000000,0.067314,0
1784410524.796915,CONST200,TRACKING,200,20.633599,38.083259,0.004305,0.061898,4.996140,0.000000,0.000000,5.000000,0.062168,0
1784410524.846902,CONST200,TRACKING,200,12.342336,41.445725,0.003585,0.059619,4.992637,0.000000,0.000000,5.000000,0.060179,0
1784410524.896905,CONST200,TRACKING,200,18.011250,35.521553,0.003297,0.055202,4.985644,0.000000,0.000000,5.000000,0.057134,0
1784410524.946919,CONST200,TRACKING,200,20.791236,52.287351,0.004716,0.051567,4.983037,0.000000,0.000000,5.000000,0.054490,0
1784410524.996920,CONST200,TRACKING,200,21.396307,38.801462,0.007540,0.044533,4.979033,0.000000,0.000000,5.000000,0.049796,0
1784410525.046930,CONST200,TRACKING,200,21.714556,50.224868,0.008885,0.041385,4.976713,0.000000,0.000000,5.000000,0.048311,0
1784410525.097010,CONST200,TRACKING,200,22.021056,39.679872,0.010633,0.038017,4.976956,0.000000,0.000000,5.000000,0.045709,0
1784410525.146996,CONST200,TRACKING,200,19.681718,47.536411,0.011730,0.036016,4.979394,0.000000,0.000000,5.000000,0.043120,0
1784410525.196893,CONST200,TRACKING,200,19.662659,37.070138,0.013973,0.031749,4.985591,0.000000,0.000000,5.000000,0.037561,0
1784410525.246894,CONST200,TRACKING,200,20.073968,50.318498,0.015350,0.029113,4.989147,0.000000,0.000000,5.000000,0.034655,0
1784410525.296923,CONST200,TRACKING,200,20.662380,38.157810,0.019159,0.024000,4.990080,0.000000,0.000000,5.000000,0.032272,0
1784410525.346921,CONST200,TRACKING,200,20.274832,49.512737,0.021682,0.021029,4.990023,0.000000,0.000000,5.000000,0.031810,0
1784410525.396931,CONST200,TRACKING,200,21.383087,38.907149,0.026438,0.015186,4.992715,0.000000,0.000000,5.000000,0.031347,0
1784410525.446930,CONST200,TRACKING,200,19.703590,48.217851,0.030152,0.012255,4.991286,0.000000,0.000000,5.000000,0.033693,0
1784410525.496941,CONST200,TRACKING,200,20.356746,37.865043,0.035596,0.007418,4.988869,0.000000,0.000000,5.000000,0.038027,0
1784410525.546926,CONST200,TRACKING,200,19.758338,49.287926,0.038188,0.005545,4.988392,0.000000,0.000000,5.000000,0.040296,0
1784410525.596932,CONST200,TRACKING,200,21.035931,38.396545,0.042555,0.003012,4.984709,0.000000,0.000000,5.000000,0.045319,0
1784410525.646920,CONST200,TRACKING,200,20.423200,49.255444,0.044338,0.001421,4.984581,0.000000,0.000000,5.000000,0.046964,0
1784410525.696908,CONST200,TRACKING,200,15.714608,32.905347,0.043582,0.001050,4.981243,0.000000,0.000000,5.000000,0.047459,0
1784410525.746933,CONST200,TRACKING,200,18.581581,49.720704,0.042615,0.000963,4.981318,0.000000,0.000000,5.000000,0.046540,0
1784410525.796931,CONST200,TRACKING,200,20.731617,38.230051,0.038678,0.000504,4.985425,0.000000,0.000000,5.000000,0.041336,0
1784410525.846927,CONST200,TRACKING,200,19.789273,48.957641,0.034733,-0.000007,4.988258,0.000000,0.000000,5.000000,0.036664,0
1784410525.896958,CONST200,TRACKING,200,20.350457,37.897362,0.028174,-0.000577,4.988647,0.000000,0.000000,5.000000,0.030382,0
1784410525.946922,CONST200,TRACKING,200,20.143878,49.646957,0.024839,-0.000692,4.984886,0.000000,0.000000,5.000000,0.029084,0
1784410525.996918,CONST200,TRACKING,200,17.829108,35.296550,0.018375,-0.000632,4.979239,0.000000,0.000000,5.000000,0.027733,0
1784410526.046929,CONST200,TRACKING,200,20.270387,51.636671,0.014780,-0.000995,4.975456,0.000000,0.000000,5.000000,0.028668,0
1784410526.096933,CONST200,TRACKING,200,20.163781,37.623480,0.009733,-0.002258,4.973410,0.000000,0.000000,5.000000,0.028406,0
1784410526.146908,CONST200,TRACKING,200,20.457539,50.134503,0.007176,-0.002713,4.975099,0.000000,0.000000,5.000000,0.026056,0
1784410526.196946,CONST200,TRACKING,200,20.461879,37.938693,0.001862,-0.001785,4.981899,0.000000,0.000000,5.000000,0.018284,0
1784410526.246931,CONST200,TRACKING,200,20.233658,49.651775,-0.001491,-0.001011,4.987312,0.000000,0.000000,5.000000,0.012815,0
1784410526.296925,CONST200,TRACKING,200,18.987544,36.210777,-0.006765,-0.000105,4.992933,0.000000,0.000000,5.000000,0.009784,0
1784410526.346944,CONST200,TRACKING,200,19.973536,50.899606,-0.009334,0.000333,4.992800,0.000000,0.000000,5.000000,0.011793,0
1784410526.396940,CONST200,TRACKING,200,21.065198,38.474604,-0.013723,0.001427,4.992166,0.000000,0.000000,5.000000,0.015866,0
1784410526.446937,CONST200,TRACKING,200,19.673280,48.491501,-0.016660,0.003784,4.991572,0.000000,0.000000,5.000000,0.019050,0
1784410526.496946,CONST200,TRACKING,200,20.616099,38.029591,-0.020570,0.007577,4.988896,0.000000,0.000000,5.000000,0.024573,0
1784410526.546937,CONST200,TRACKING,200,19.036590,48.312141,-0.022343,0.010071,4.986065,0.000000,0.000000,5.000000,0.028192,0
1784410526.596940,CONST200,TRACKING,200,20.570174,38.001315,-0.025694,0.016069,4.981019,0.000000,0.000000,5.000000,0.035759,0
1784410526.646939,CONST200,TRACKING,200,19.974675,49.291299,-0.027791,0.020026,4.982023,0.000000,0.000000,5.000000,0.038685,0
1784410526.696912,CONST200,TRACKING,200,19.561682,37.002331,-0.028492,0.027430,4.992437,0.000000,0.000000,5.000000,0.040267,0
1784410526.746948,CONST200,TRACKING,200,20.368997,50.720439,-0.028683,0.030750,4.998774,0.000000,0.000000,5.000000,0.042069,0
1784410526.796961,CONST200,TRACKING,200,19.811911,37.277238,-0.029751,0.036191,5.011252,0.000000,0.000000,5.000000,0.048182,0
1784410526.846946,CONST200,TRACKING,200,16.875616,46.946383,-0.030931,0.038870,5.017503,0.000000,0.000000,5.000000,0.052668,0
1784410526.896937,CONST200,TRACKING,200,19.757385,37.223025,-0.032653,0.041939,5.022311,0.000000,0.000000,5.000000,0.057645,0
1784410526.946943,CONST200,TRACKING,200,19.342352,49.478549,-0.034035,0.041732,5.022665,0.000000,0.000000,5.000000,0.058426,0
1784410526.996949,CONST200,TRACKING,200,21.247565,38.697115,-0.035716,0.041224,5.021664,0.000000,0.000000,5.000000,0.058689,0
1784410527.046947,CONST200,TRACKING,200,21.598258,50.252098,-0.036239,0.041891,5.019591,0.000000,0.000000,5.000000,0.058753,0
1784410527.096952,CONST200,TRACKING,200,19.223160,36.491652,-0.036789,0.044864,5.016633,0.000000,0.000000,5.000000,0.060356,0
1784410527.146939,CONST200,TRACKING,200,19.394880,50.051400,-0.036731,0.045968,5.013744,0.000000,0.000000,5.000000,0.060425,0
1784410527.196959,CONST200,TRACKING,200,19.413387,36.771096,-0.039112,0.047391,5.005970,0.000000,0.000000,5.000000,0.061736,0
1784410527.246951,CONST200,TRACKING,200,19.904720,50.376707,-0.040644,0.047314,5.000450,0.000000,0.000000,5.000000,0.062375,0
1784410527.296952,CONST200,TRACKING,200,19.237668,36.675246,-0.043660,0.045833,4.996109,0.000000,0.000000,5.000000,0.063419,0
1784410527.347035,CONST200,TRACKING,200,19.798076,50.538996,-0.045390,0.044635,4.996559,0.000000,0.000000,5.000000,0.063752,0
1784410527.397032,CONST200,TRACKING,200,19.268458,36.391315,-0.047686,0.041476,5.001742,0.000000,0.000000,5.000000,0.063224,0
1784410527.446971,CONST200,TRACKING,200,19.925122,50.495908,-0.046886,0.039759,5.002341,0.000000,0.000000,5.000000,0.061519,0
1784410527.496960,CONST200,TRACKING,200,19.366196,36.817070,-0.044896,0.036817,5.000644,0.000000,0.000000,5.000000,0.058065,0
1784410527.546962,CONST200,TRACKING,200,20.457294,50.982998,-0.043581,0.034992,5.000236,0.000000,0.000000,5.000000,0.055891,0
1784410527.596956,CONST200,TRACKING,200,19.157637,36.464408,-0.040130,0.030576,5.002691,0.000000,0.000000,5.000000,0.050523,0
1784410527.646959,CONST200,TRACKING,200,19.396655,50.129388,-0.037229,0.027526,5.004732,0.000000,0.000000,5.000000,0.046541,0
1784410527.696964,CONST200,TRACKING,200,19.380080,36.880027,-0.034890,0.024144,5.009257,0.000000,0.000000,5.000000,0.043428,0
1784410527.746953,CONST200,TRACKING,200,19.598987,50.112263,-0.033525,0.022449,5.010920,0.000000,0.000000,5.000000,0.041799,0
1784410527.796953,CONST200,TRACKING,200,19.397076,36.829196,-0.031183,0.019200,5.014624,0.000000,0.000000,5.000000,0.039431,0
1784410527.846962,CONST200,TRACKING,200,19.308225,49.824984,-0.030522,0.017489,5.021634,0.000000,0.000000,5.000000,0.041298,0
1784410527.896950,CONST200,TRACKING,200,19.558177,37.017549,-0.028744,0.015329,5.032794,0.000000,0.000000,5.000000,0.046224,0
1784410527.946952,CONST200,TRACKING,200,18.490724,48.818676,-0.028287,0.014893,5.035123,0.000000,0.000000,5.000000,0.047493,0
1784410527.996956,CONST200,TRACKING,200,18.767982,36.208597,-0.026397,0.014060,5.034807,0.000000,0.000000,5.000000,0.045891,0
1784410528.046957,CONST200,TRACKING,200,19.737287,50.867765,-0.024518,0.014092,5.033486,0.000000,0.000000,5.000000,0.043830,0
1784410528.096976,CONST200,TRACKING,200,19.426355,36.807588,-0.020301,0.015203,5.036117,0.000000,0.000000,5.000000,0.044133,0
1784410528.146973,CONST200,TRACKING,200,19.620659,50.067123,-0.018262,0.015580,5.038808,0.000000,0.000000,5.000000,0.045633,0
1784410528.196970,CONST200,TRACKING,200,19.234922,36.597940,-0.012909,0.017901,5.043248,0.000000,0.000000,5.000000,0.048554,0
1784410528.246957,CONST200,TRACKING,200,19.667511,50.316099,-0.009421,0.019215,5.043590,0.000000,0.000000,5.000000,0.048560,0
1784410528.296956,CONST200,TRACKING,200,19.404152,36.868599,-0.003916,0.019135,5.042332,0.000000,0.000000,5.000000,0.046621,0
1784410528.346968,CONST200,TRACKING,200,19.299742,49.810406,-0.001380,0.018283,5.041487,0.000000,0.000000,5.000000,0.045358,0
1784410528.396970,CONST200,TRACKING,200,19.273433,36.663550,0.002994,0.016615,5.038990,0.000000,0.000000,5.000000,0.042489,0
1784410528.446984,CONST200,TRACKING,200,19.547724,50.190855,0.004874,0.015843,5.035712,0.000000,0.000000,5.000000,0.039371,0
1784410528.496961,CONST200,TRACKING,200,19.105294,36.474355,0.007108,0.014527,5.028820,0.000000,0.000000,5.000000,0.033048,0
1784410528.546981,CONST200,TRACKING,200,19.175018,49.972622,0.007719,0.011920,5.025802,0.000000,0.000000,5.000000,0.029451,0
1784410528.596959,CONST200,TRACKING,200,19.550313,36.963552,0.008522,0.003703,5.022246,0.000000,0.000000,5.000000,0.024109,0
1784410528.646970,CONST200,TRACKING,200,19.320972,49.676260,0.009185,-0.001113,5.020789,0.000000,0.000000,5.000000,0.022755,0
1784410528.696971,CONST200,TRACKING,200,19.144637,36.299000,0.003848,-0.006455,5.025520,0.000000,0.000000,5.000000,0.026604,0
1784410528.746979,CONST200,TRACKING,200,19.496608,50.239041,0.000903,-0.008727,5.028333,0.000000,0.000000,5.000000,0.029660,0
1784410528.796966,CONST200,TRACKING,200,19.721147,37.000548,-0.005510,-0.011555,5.029796,0.000000,0.000000,5.000000,0.032430,0
1784410528.847054,CONST200,TRACKING,200,19.379051,49.641966,-0.009921,-0.011887,5.030155,0.000000,0.000000,5.000000,0.033897,0
1784410528.896992,CONST200,TRACKING,200,19.554473,36.883252,-0.015919,-0.013149,5.027565,0.000000,0.000000,5.000000,0.034440,0
1784410528.946977,CONST200,TRACKING,200,19.171821,49.489378,-0.017682,-0.014561,5.024316,0.000000,0.000000,5.000000,0.033405,0
1784410528.997008,CONST200,TRACKING,200,20.314314,37.696099,-0.020967,-0.017538,5.016116,0.000000,0.000000,5.000000,0.031732,0
1784410529.046987,CONST200,TRACKING,200,18.373166,47.933007,-0.022992,-0.020178,5.013567,0.000000,0.000000,5.000000,0.033465,0
1784410529.096995,CONST200,TRACKING,200,19.779519,37.082712,-0.025863,-0.025665,5.007735,0.000000,0.000000,5.000000,0.037248,0
1784410529.146983,CONST200,TRACKING,200,18.650303,48.746438,-0.026821,-0.028087,5.003104,0.000000,0.000000,5.000000,0.038960,0
1784410529.196954,CONST200,TRACKING,200,19.500590,36.930751,-0.031436,-0.031743,5.000138,0.000000,0.000000,5.000000,0.044676,0
1784410529.246992,CONST200,TRACKING,200,19.433614,49.887807,-0.034302,-0.033538,5.001580,0.000000,0.000000,5.000000,0.047999,0
1784410529.296973,CONST200,TRACKING,200,19.364182,36.761912,-0.036479,-0.037226,5.007648,0.000000,0.000000,5.000000,0.052679,0
1784410529.346989,CONST200,TRACKING,200,19.622777,50.173574,-0.036491,-0.039546,5.012218,0.000000,0.000000,5.000000,0.055180,0
1784410529.397071,CONST200,TRACKING,200,19.032184,36.539076,-0.035750,-0.044264,5.020517,0.000000,0.000000,5.000000,0.060484,0
1784410529.446990,CONST200,TRACKING,200,19.244157,50.011824,-0.032701,-0.047606,5.022063,0.000000,0.000000,5.000000,0.061827,0
1784410529.496998,CONST200,TRACKING,200,19.847935,37.151592,-0.027916,-0.051635,5.024509,0.000000,0.000000,5.000000,0.063610,0
1784410529.546978,CONST200,TRACKING,200,19.614583,49.640190,-0.025878,-0.052339,5.023692,0.000000,0.000000,5.000000,0.063011,0
1784410529.596977,CONST200,TRACKING,200,18.725882,36.141678,-0.022461,-0.051916,5.017811,0.000000,0.000000,5.000000,0.059304,0
1784410529.647070,CONST200,TRACKING,200,19.394277,50.654398,-0.020172,-0.051457,5.013023,0.000000,0.000000,5.000000,0.056783,0
1784410529.696987,CONST200,TRACKING,200,18.950140,36.326962,-0.017797,-0.052840,5.001481,0.000000,0.000000,5.000000,0.055776,0
1784410529.746984,CONST200,TRACKING,200,19.107484,50.045591,-0.016599,-0.053074,4.996353,0.000000,0.000000,5.000000,0.055728,0
1784410529.796991,CONST200,TRACKING,200,18.977020,36.303345,-0.015460,-0.051787,4.984494,0.000000,0.000000,5.000000,0.056226,0
1784410529.847082,CONST200,TRACKING,200,19.054024,50.058605,-0.015796,-0.049775,4.977582,0.000000,0.000000,5.000000,0.056829,0
1784410529.896993,CONST200,TRACKING,200,18.625225,35.819329,-0.016535,-0.046193,4.968754,0.000000,0.000000,5.000000,0.058168,0
1784410529.947004,CONST200,TRACKING,200,18.481892,49.765627,-0.018651,-0.043744,4.962853,0.000000,0.000000,5.000000,0.060344,0
1784410529.996998,CONST200,TRACKING,200,17.911452,35.350039,-0.022227,-0.038284,4.961584,0.000000,0.000000,5.000000,0.058614,0
1784410530.047003,CONST200,TRACKING,200,18.645912,49.785656,-0.024902,-0.035212,4.966982,0.000000,0.000000,5.000000,0.054315,0
1784410530.096993,CONST200,TRACKING,200,18.168813,35.409778,-0.030586,-0.031161,4.975256,0.000000,0.000000,5.000000,0.050187,0
1784410530.146997,CONST200,TRACKING,200,20.001475,51.516859,-0.033179,-0.028698,4.979725,0.000000,0.000000,5.000000,0.048327,0
1784410530.197069,CONST200,TRACKING,200,18.770225,36.173130,-0.041216,-0.023865,4.988830,0.000000,0.000000,5.000000,0.048919,0
1784410530.246990,CONST200,TRACKING,200,20.143570,51.185392,-0.046165,-0.020518,4.994005,0.000000,0.000000,5.000000,0.050874,0
1784410530.296996,CONST200,TRACKING,200,18.913789,36.241470,-0.054100,-0.015794,4.998381,0.000000,0.000000,5.000000,0.056382,0
1784410530.347002,CONST200,TRACKING,200,18.080609,49.063287,-0.058126,-0.013874,4.998049,0.000000,0.000000,5.000000,0.059790,0
1784410530.396995,CONST200,TRACKING,200,19.369793,36.606721,-0.064928,-0.009833,4.997914,0.000000,0.000000,5.000000,0.065702,0
1784410530.447001,CONST200,TRACKING,200,19.538170,50.071996,-0.068587,-0.007186,4.996812,0.000000,0.000000,5.000000,0.069036,0
1784410530.496998,CONST200,TRACKING,200,19.256971,36.689182,-0.072765,-0.003282,5.003006,0.000000,0.000000,5.000000,0.072901,0
1784410530.547000,CONST200,TRACKING,200,20.301496,50.941631,-0.073922,-0.001634,5.006913,0.000000,0.000000,5.000000,0.074262,0
1784410530.596998,CONST200,TRACKING,200,19.252547,36.667584,-0.074770,0.001139,5.010918,0.000000,0.000000,5.000000,0.075572,0
1784410530.647015,CONST200,TRACKING,200,20.337950,51.012354,-0.074344,0.002630,5.013328,0.000000,0.000000,5.000000,0.075575,0
1784410530.697005,CONST200,TRACKING,200,19.081610,36.498434,-0.074899,0.001449,5.013524,0.000000,0.000000,5.000000,0.076124,0
1784410530.747002,CONST200,TRACKING,200,19.933985,50.721581,-0.074758,0.000971,5.012586,0.000000,0.000000,5.000000,0.075816,0
1784410530.796988,CONST200,TRACKING,200,19.360484,36.786028,-0.072241,-0.000251,5.006176,0.000000,0.000000,5.000000,0.072505,0
1784410530.847021,CONST200,TRACKING,200,20.051170,50.633306,-0.068961,-0.001345,4.999070,0.000000,0.000000,5.000000,0.068981,0
1784410530.896991,CONST200,TRACKING,200,19.422374,36.850366,-0.065327,-0.002071,4.991010,0.000000,0.000000,5.000000,0.065976,0
1784410530.947017,CONST200,TRACKING,200,18.528532,49.028262,-0.066421,-0.002198,4.987407,0.000000,0.000000,5.000000,0.067640,0
1784410530.997005,CONST200,TRACKING,200,16.585308,33.995638,-0.067624,-0.001767,4.978462,0.000000,0.000000,5.000000,0.070994,0
1784410531.047024,CONST200,TRACKING,200,19.927475,51.484616,-0.067821,-0.001515,4.974930,0.000000,0.000000,5.000000,0.072322,0
1784410531.097008,CONST200,TRACKING,200,19.368472,36.752585,-0.067360,-0.001230,4.969421,0.000000,0.000000,5.000000,0.073986,0
1784410531.147021,CONST200,TRACKING,200,21.228529,51.764210,-0.066672,-0.000684,4.964562,0.000000,0.000000,5.000000,0.075508,0
1784410531.197018,CONST200,TRACKING,200,20.440922,37.843827,-0.064419,0.002596,4.960099,0.000000,0.000000,5.000000,0.075820,0
1784410531.247017,CONST200,TRACKING,200,21.207740,50.656620,-0.062271,0.004839,4.961841,0.000000,0.000000,5.000000,0.073193,0
1784410531.296994,CONST200,TRACKING,200,19.119009,36.547446,-0.057733,0.008820,4.963452,0.000000,0.000000,5.000000,0.068896,0
1784410531.347025,CONST200,TRACKING,200,19.842067,50.651557,-0.054868,0.011091,4.962340,0.000000,0.000000,5.000000,0.067467,0
1784410531.397015,CONST200,TRACKING,200,19.131401,36.418289,-0.048317,0.014855,4.960523,0.000000,0.000000,5.000000,0.064138,0
1784410531.447016,CONST200,TRACKING,200,19.081458,49.851892,-0.042402,0.018486,4.956152,0.000000,0.000000,5.000000,0.063737,0
1784410531.497001,CONST200,TRACKING,200,18.604229,36.011924,-0.032540,0.022982,4.950588,0.000000,0.000000,5.000000,0.063471,0
1784410531.547019,CONST200,TRACKING,200,19.733473,51.042300,-0.026958,0.024905,4.950891,0.000000,0.000000,5.000000,0.061309,0
1784410531.597007,CONST200,TRACKING,200,19.501550,36.941657,-0.015198,0.028417,4.959937,0.000000,0.000000,5.000000,0.051415,0
1784410531.646991,CONST200,TRACKING,200,19.589770,49.976849,-0.007972,0.030408,4.964184,0.000000,0.000000,5.000000,0.047655,0
1784410531.697005,CONST200,TRACKING,200,18.609692,36.139802,0.001882,0.031787,4.970695,0.000000,0.000000,5.000000,0.043275,0
1784410531.747035,CONST200,TRACKING,200,19.490009,50.814419,0.006691,0.032250,4.973895,0.000000,0.000000,5.000000,0.042027,0
1784410531.797013,CONST200,TRACKING,200,19.240087,36.687121,0.014698,0.032480,4.980530,0.000000,0.000000,5.000000,0.040621,0
1784410531.847036,CONST200,TRACKING,200,19.334033,50.017180,0.018078,0.032263,4.984909,0.000000,0.000000,5.000000,0.039943,0
1784410531.897029,CONST200,TRACKING,200,18.935379,36.282037,0.022755,0.031525,4.991992,0.000000,0.000000,5.000000,0.039695,0
1784410531.947026,CONST200,TRACKING,200,19.650571,50.602377,0.024180,0.029977,4.993115,0.000000,0.000000,5.000000,0.039124,0
1784410531.997022,CONST200,TRACKING,200,18.875934,36.256971,0.027325,0.026910,4.994123,0.000000,0.000000,5.000000,0.038798,0
1784410532.047035,CONST200,TRACKING,200,19.954910,50.980862,0.028464,0.025388,4.992888,0.000000,0.000000,5.000000,0.038798,0
1784410532.097024,CONST200,TRACKING,200,18.918742,36.279119,0.028505,0.023424,4.990603,0.000000,0.000000,5.000000,0.038073,0
1784410532.147104,CONST200,TRACKING,200,19.679211,50.739030,0.028771,0.022067,4.991586,0.000000,0.000000,5.000000,0.037223,0
1784410532.197003,CONST200,TRACKING,200,19.469091,36.881997,0.026849,0.017611,4.995728,0.000000,0.000000,5.000000,0.032393,0
1784410532.247024,CONST200,TRACKING,200,19.424685,49.887237,0.025690,0.014546,4.996437,0.000000,0.000000,5.000000,0.029736,0
1784410532.297014,CONST200,TRACKING,200,19.486944,36.894471,0.023111,0.010683,4.995013,0.000000,0.000000,5.000000,0.025944,0
1784410532.347023,CONST200,TRACKING,200,19.241986,49.674152,0.021514,0.009384,4.995139,0.000000,0.000000,5.000000,0.023970,0
1784410532.397040,CONST200,TRACKING,200,19.376834,36.803783,0.019229,0.007736,4.993484,0.000000,0.000000,5.000000,0.021727,0
1784410532.447026,CONST200,TRACKING,200,19.243888,49.727307,0.019783,0.010408,4.990190,0.000000,0.000000,5.000000,0.024411,0
1784410532.497026,CONST200,TRACKING,200,18.962528,36.416637,0.020174,0.013839,4.986485,0.000000,0.000000,5.000000,0.027950,0
1784410532.547005,CONST200,TRACKING,200,19.100011,50.018400,0.019883,0.014039,4.986535,0.000000,0.000000,5.000000,0.027816,0
1784410532.597026,CONST200,TRACKING,200,19.189028,36.640194,0.018717,0.012507,4.991988,0.000000,0.000000,5.000000,0.023895,0
1784410532.647028,CONST200,TRACKING,200,19.199181,49.909251,0.018181,0.011632,4.994944,0.000000,0.000000,5.000000,0.022168,0
1784410532.697029,CONST200,TRACKING,200,18.629890,36.025784,0.016289,0.011131,5.003573,0.000000,0.000000,5.000000,0.020050,0
1784410532.747034,CONST200,TRACKING,200,19.162345,50.433283,0.015430,0.010998,5.009717,0.000000,0.000000,5.000000,0.021294,0
1784410532.797035,CONST200,TRACKING,200,18.934402,36.369687,0.014327,0.011050,5.014059,0.000000,0.000000,5.000000,0.022913,0
1784410532.847142,CONST200,TRACKING,200,19.248355,50.299542,0.014043,0.011449,5.014044,0.000000,0.000000,5.000000,0.022924,0
1784410532.897040,CONST200,TRACKING,200,19.235395,36.641619,0.013752,0.012177,5.010764,0.000000,0.000000,5.000000,0.021290,0
1784410532.947059,CONST200,TRACKING,200,20.702841,51.390772,0.012994,0.013163,5.007985,0.000000,0.000000,5.000000,0.020146,0
1784410532.997040,CONST200,TRACKING,200,19.885758,37.321417,0.011901,0.014839,5.002149,0.000000,0.000000,5.000000,0.019142,0
1784410533.047061,CONST200,TRACKING,200,21.199386,51.224090,0.010915,0.015628,5.000685,0.000000,0.000000,5.000000,0.019075,0
1784410533.097044,CONST200,TRACKING,200,18.771086,36.231112,0.008332,0.016187,5.001585,0.000000,0.000000,5.000000,0.018275,0
1784410533.147009,CONST200,TRACKING,200,19.450386,50.544366,0.007181,0.016259,5.003326,0.000000,0.000000,5.000000,0.018083,0
