epoch_sec,mode,phase,N,mppi_call_ms,state_to_command_latency_ms,pos_x,pos_y,pos_z,target_x,target_y,target_z,pos_error_m,deadline_miss
1784303831.738665,CONST330,TAKEOFF,0,0.000000,0.123318,-0.572019,0.313340,4.530406,-0.544295,0.306684,4.560850,0.041710,0
1784303831.788716,CONST330,TAKEOFF,0,0.000000,17.619114,-0.599993,0.320082,4.505185,-0.544295,0.306684,4.568266,0.085211,0
1784303831.838696,CONST330,TAKEOFF,0,0.000000,35.971507,-0.628178,0.326908,4.480925,-0.544295,0.306684,4.575671,0.128149,0
1784303831.888708,CONST330,TAKEOFF,0,0.000000,17.012606,-0.690215,0.342731,4.441540,-0.544295,0.306684,4.583081,0.206460,0
1784303831.938725,CONST330,TAKEOFF,0,0.000000,35.514823,-0.717648,0.349358,4.436137,-0.544295,0.306684,4.590492,0.236004,0
1784303831.988674,CONST330,TAKEOFF,0,0.000000,17.415722,-0.768335,0.361974,4.432781,-0.544295,0.306684,4.597892,0.283748,0
1784303832.038660,CONST330,TAKEOFF,0,0.000000,0.136892,-0.816169,0.374871,4.442818,-0.544295,0.306684,4.605299,0.323983,0
1784303832.088709,CONST330,TAKEOFF,0,0.000000,18.015262,-0.834558,0.380105,4.450412,-0.544295,0.306684,4.612714,0.340566,0
1784303832.138719,CONST330,TAKEOFF,0,0.000000,35.391121,-0.851821,0.385065,4.458003,-0.544295,0.306684,4.620124,0.356370,0
1784303832.188704,CONST330,TAKEOFF,0,0.000000,17.298496,-0.881378,0.390690,4.475402,-0.544295,0.306684,4.627530,0.379242,0
1784303832.238722,CONST330,TAKEOFF,0,0.000000,35.176004,-0.894301,0.392390,4.484276,-0.544295,0.306684,4.634941,0.390577,0
1784303832.288695,CONST330,TAKEOFF,0,0.000000,17.065468,-0.919543,0.395791,4.502465,-0.544295,0.306684,4.642345,0.410265,0
1784303832.338722,CONST330,TAKEOFF,0,0.000000,35.333327,-0.928828,0.396823,4.509793,-0.544295,0.306684,4.649757,0.419024,0
1784303832.388701,CONST330,TAKEOFF,0,0.000000,17.555415,-0.945764,0.399130,4.522872,-0.544295,0.306684,4.657163,0.433310,0
1784303832.438728,CONST330,TAKEOFF,0,0.000000,35.172306,-0.953458,0.399771,4.531046,-0.544295,0.306684,4.664575,0.440351,0
1784303832.488707,CONST330,TAKEOFF,0,0.000000,17.577171,-0.969057,0.401318,4.548641,-0.544295,0.306684,4.671980,0.452317,0
1784303832.538710,CONST330,TAKEOFF,0,0.000000,35.198643,-0.974658,0.401859,4.556427,-0.544295,0.306684,4.679388,0.457591,0
1784303832.588714,CONST330,TAKEOFF,0,0.000000,17.638523,-0.981282,0.401546,4.575578,-0.544295,0.306684,4.686798,0.460789,0
1784303832.638686,CONST330,TAKEOFF,0,0.000000,34.536869,-0.984257,0.401695,4.583852,-0.544295,0.306684,4.694202,0.463433,0
1784303832.688698,CONST330,TAKEOFF,0,0.000000,16.629729,-0.988139,0.400664,4.602517,-0.544295,0.306684,4.701611,0.464381,0
1784303832.738699,CONST330,TAKEOFF,0,0.000000,36.124036,-0.989177,0.400129,4.610113,-0.544295,0.306684,4.709020,0.465225,0
1784303832.788716,CONST330,TAKEOFF,0,0.000000,17.575570,-0.991030,0.400073,4.622349,-0.544295,0.306684,4.716431,0.465988,0
1784303832.838697,CONST330,TAKEOFF,0,0.000000,35.529831,-0.991998,0.400882,4.626431,-0.544295,0.306684,4.723836,0.467760,0
1784303832.888702,CONST330,TAKEOFF,0,0.000000,17.845087,-0.993805,0.403100,4.634104,-0.544295,0.306684,4.731245,0.469885,0
1784303832.938711,CONST330,TAKEOFF,0,0.000000,35.459743,-0.993792,0.403041,4.638895,-0.544295,0.306684,4.738655,0.470409,0
1784303832.988698,CONST330,TAKEOFF,0,0.000000,17.580215,-0.993737,0.403170,4.647130,-0.544295,0.306684,4.746061,0.470208,0
1784303833.038669,CONST330,TAKEOFF,0,0.000000,0.316469,-0.990346,0.404420,4.659556,-0.544295,0.306684,4.753465,0.466190,0
1784303833.088708,CONST330,TAKEOFF,0,0.000000,17.798152,-0.987865,0.405330,4.665940,-0.544295,0.306684,4.760879,0.464219,0
1784303833.138736,CONST330,TAKEOFF,0,0.000000,35.278980,-0.985548,0.406266,4.671748,-0.544295,0.306684,4.768291,0.462538,0
1784303833.188731,CONST330,TAKEOFF,0,0.000000,16.883138,-0.979566,0.408089,4.683700,-0.544295,0.306684,4.775699,0.456298,0
1784303833.238708,CONST330,TAKEOFF,0,0.000000,35.464384,-0.976370,0.409029,4.689408,-0.544295,0.306684,4.783104,0.453809,0
1784303833.288723,CONST330,TAKEOFF,0,0.000000,17.636912,-0.971123,0.412951,4.702842,-0.544295,0.306684,4.790514,0.448510,0
1784303833.338728,CONST330,TAKEOFF,0,0.000000,35.449100,-0.970017,0.416010,4.709966,-0.544295,0.306684,4.797923,0.448250,0
1784303833.388706,CONST330,TAKEOFF,0,0.000000,17.478573,-0.967888,0.421562,4.722309,-0.544295,0.306684,4.805328,0.446677,0
1784303833.438722,CONST330,TAKEOFF,0,0.000000,34.853587,-0.966124,0.424200,4.729738,-0.544295,0.306684,4.812739,0.445690,0
1784303833.488714,CONST330,TAKEOFF,0,0.000000,16.878121,-0.962257,0.429635,4.745380,-0.544295,0.306684,4.820146,0.442040,0
1784303833.538692,CONST330,TAKEOFF,0,0.000000,35.872367,-0.960545,0.431690,4.751230,-0.544295,0.306684,4.827551,0.441265,0
1784303833.588708,CONST330,TAKEOFF,0,0.000000,17.721741,-0.956314,0.435049,4.761111,-0.544295,0.306684,4.834961,0.437826,0
1784303833.638661,CONST330,TAKEOFF,0,0.000000,0.048341,-0.951873,0.438251,4.770462,-0.544295,0.306684,4.842363,0.434281,0
1784303833.688718,CONST330,TAKEOFF,0,0.000000,17.678384,-0.949829,0.439280,4.774680,-0.544295,0.306684,4.849779,0.433220,0
1784303833.738719,CONST330,TAKEOFF,0,0.000000,35.874903,-0.947993,0.440250,4.778490,-0.544295,0.306684,4.857188,0.432441,0
1784303833.788753,CONST330,TAKEOFF,0,0.000000,17.404496,-0.945252,0.440566,4.786424,-0.544295,0.306684,4.864601,0.429887,0
1784303833.838763,CONST330,TAKEOFF,0,0.000000,34.786690,-0.944912,0.438569,4.791800,-0.544295,0.306684,4.872011,0.429326,0
1784303833.888739,CONST330,TAKEOFF,0,0.000000,17.427259,-0.944140,0.435036,4.802184,-0.544295,0.306684,4.879416,0.426984,0
1784303833.938723,CONST330,TAKEOFF,0,0.000000,35.215609,-0.944049,0.435840,4.808763,-0.544295,0.306684,4.886821,0.427291,0
1784303833.988696,CONST330,TAKEOFF,0,0.000000,17.532850,-0.943693,0.437252,4.820158,-0.544295,0.306684,4.894226,0.426676,0
1784303834.038757,CONST330,TAKEOFF,0,0.000000,35.763477,-0.943410,0.437851,4.825083,-0.544295,0.306684,4.901643,0.427036,0
1784303834.088706,CONST330,TAKEOFF,0,0.000000,17.597909,-0.940232,0.438350,4.833259,-0.544295,0.306684,4.909044,0.424082,0
1784303834.138720,CONST330,TAKEOFF,0,0.000000,35.594136,-0.938898,0.438585,4.836350,-0.544295,0.306684,4.916454,0.423706,0
1784303834.188701,CONST330,TAKEOFF,0,0.000000,16.659714,-0.934617,0.439951,4.840995,-0.544295,0.306684,4.923859,0.420687,0
1784303834.238733,CONST330,TAKEOFF,0,0.000000,35.458610,-0.932160,0.440865,4.842810,-0.544295,0.306684,4.931272,0.419845,0
1784303834.288723,CONST330,TAKEOFF,0,0.000000,16.274588,-0.927403,0.442573,4.847032,-0.544295,0.306684,4.938679,0.416698,0
1784303834.338707,CONST330,TAKEOFF,0,0.000000,35.652648,-0.925619,0.443020,4.849219,-0.544295,0.306684,4.946085,0.416388,0
1784303834.388701,CONST330,TAKEOFF,0,0.000000,18.012683,-0.922339,0.443969,4.853302,-0.544295,0.306684,4.953492,0.414492,0
1784303834.438786,CONST330,TAKEOFF,0,0.000000,35.413526,-0.919908,0.443098,4.857878,-0.544295,0.306684,4.960913,0.412686,0
1784303834.488778,CONST330,TAKEOFF,0,0.000000,17.436678,-0.914303,0.440751,4.868912,-0.544295,0.306684,4.968320,0.405908,0
1784303834.538700,CONST330,TAKEOFF,0,0.000000,35.142071,-0.912071,0.439738,4.873567,-0.544295,0.306684,4.975717,0.404224,0
1784303834.588726,CONST330,TAKEOFF,0,0.000000,17.328667,-0.908381,0.437382,4.883354,-0.544295,0.306684,4.983129,0.399494,0
1784303834.638748,CONST330,TAKEOFF,0,0.000000,34.960231,-0.906653,0.436421,4.887785,-0.544295,0.306684,4.990540,0.398364,0
1784303834.688698,CONST330,TAKEOFF,0,0.000000,16.638928,-0.901568,0.436297,4.899728,-0.544295,0.306684,4.997941,0.392543,0
1784303834.738716,CONST330,WAITING,0,0.000000,35.921167,-0.899120,0.436630,4.905081,-0.544295,0.306684,5.000000,0.389610,0
1784303834.788730,CONST330,WAITING,0,0.000000,17.512497,-0.894600,0.436893,4.915474,0.000000,0.000000,5.000000,0.999164,0
1784303834.838727,CONST330,TRACKING,330,35.014839,70.717816,-0.892623,0.436383,4.921193,0.000000,0.000000,5.000000,0.996703,0
1784303834.888674,CONST330,TRACKING,330,23.114622,37.835555,-0.888514,0.435745,4.932217,0.000000,0.000000,5.000000,0.991930,0
1784303834.938707,CONST330,TRACKING,330,31.117242,31.319558,-0.887194,0.435346,4.937378,0.000000,0.000000,5.000000,0.990233,0
1784303834.988677,CONST330,TRACKING,330,28.156584,46.589704,-0.886552,0.435243,4.938983,0.000000,0.000000,5.000000,0.989513,0
1784303835.038673,CONST330,TRACKING,330,45.964378,46.170781,-0.886037,0.436147,4.942215,0.000000,0.000000,5.000000,0.989255,0
1784303835.088655,CONST330,TRACKING,330,18.872293,22.752140,-0.884616,0.436576,4.944452,0.000000,0.000000,5.000000,0.988043,0
1784303835.138613,CONST330,TRACKING,330,30.809501,30.864106,-0.876284,0.436773,4.949411,0.000000,0.000000,5.000000,0.980410,0
1784303835.188678,CONST330,TRACKING,330,31.317778,50.181418,-0.869665,0.439004,4.951418,0.000000,0.000000,5.000000,0.975398,0
1784303835.238688,CONST330,TRACKING,330,25.262880,43.820627,-0.860984,0.440309,4.951932,0.000000,0.000000,5.000000,0.968234,0
1784303835.288712,CONST330,TRACKING,330,40.594462,59.241956,-0.834288,0.438590,4.948715,0.000000,0.000000,5.000000,0.943942,0
1784303835.338656,CONST330,TRACKING,330,21.085989,21.924232,-0.801081,0.430500,4.948607,0.000000,0.000000,5.000000,0.910880,0
1784303835.388716,CONST330,TRACKING,330,26.274013,45.144435,-0.774171,0.423030,4.956963,0.000000,0.000000,5.000000,0.883260,0
1784303835.438661,CONST330,TRACKING,330,25.676799,25.995467,-0.714716,0.407304,4.981098,0.000000,0.000000,5.000000,0.822844,0
1784303835.488674,CONST330,TRACKING,330,25.555470,44.444063,-0.683326,0.398530,4.992136,0.000000,0.000000,5.000000,0.791089,0
1784303835.538694,CONST330,TRACKING,330,27.251608,51.592095,-0.650251,0.389238,5.004836,0.000000,0.000000,5.000000,0.757863,0
1784303835.588704,CONST330,TRACKING,330,24.619354,43.203311,-0.578620,0.369439,5.034726,0.000000,0.000000,5.000000,0.687380,0
1784303835.638650,CONST330,TRACKING,330,34.034550,34.070577,-0.496493,0.342216,5.057524,0.000000,0.000000,5.000000,0.605745,0
1784303835.688693,CONST330,TRACKING,330,37.293496,53.135503,-0.459481,0.326712,5.067419,0.000000,0.000000,5.000000,0.567811,0
1784303835.738654,CONST330,TRACKING,330,23.248844,23.777859,-0.384086,0.293586,5.084280,0.000000,0.000000,5.000000,0.490732,0
1784303835.788712,CONST330,TRACKING,330,29.450868,48.439609,-0.345670,0.276698,5.090522,0.000000,0.000000,5.000000,0.451933,0
1784303835.838656,CONST330,TRACKING,330,26.626888,27.084255,-0.257990,0.238313,5.095428,0.000000,0.000000,5.000000,0.363948,0
1784303835.888693,CONST330,TRACKING,330,25.820442,44.584729,-0.218754,0.221010,5.092706,0.000000,0.000000,5.000000,0.324489,0
1784303835.938642,CONST330,TRACKING,330,24.217885,48.303621,-0.177660,0.200139,5.087778,2.000000,0.000000,5.000000,2.188599,0
1784303835.988678,CONST330,TRACKING,330,26.335504,45.226679,-0.096420,0.158781,5.079621,2.000000,0.000000,5.000000,2.103931,0
1784303836.038670,CONST330,TRACKING,330,39.692707,40.338429,-0.006633,0.114443,5.077593,2.000000,0.000000,5.000000,2.011391,0
1784303836.088662,CONST330,TRACKING,330,19.829027,29.943757,0.032541,0.095398,5.073577,2.000000,0.000000,5.000000,1.971144,0
1784303836.138662,CONST330,TRACKING,330,53.205068,53.372942,0.107980,0.056805,5.068505,2.000000,0.000000,5.000000,1.894112,1
1784303836.192065,CONST330,TRACKING,330,19.830120,73.389698,0.107980,0.056805,5.068505,2.000000,0.000000,5.000000,1.894112,0
1784303836.238675,CONST330,TRACKING,330,24.852636,25.205846,0.226600,-0.008649,5.061201,2.000000,0.000000,5.000000,1.774477,0
1784303836.288692,CONST330,TRACKING,330,29.080269,47.636995,0.264096,-0.027644,5.061759,2.000000,0.000000,5.000000,1.737223,0
1784303836.338696,CONST330,TRACKING,330,33.175989,53.962082,0.302506,-0.046028,5.062751,2.000000,0.000000,5.000000,1.699277,0
1784303836.388683,CONST330,TRACKING,330,23.524962,40.117591,0.382671,-0.080252,5.059528,2.000000,0.000000,5.000000,1.620412,0
1784303836.438704,CONST330,TRACKING,330,26.503559,52.855282,0.425558,-0.097519,5.057376,2.000000,0.000000,5.000000,1.578503,0
1784303836.488699,CONST330,TRACKING,330,35.196422,53.953806,0.526587,-0.133350,5.052581,2.000000,0.000000,5.000000,1.480369,0
1784303836.538650,CONST330,TRACKING,330,21.372520,21.850271,0.621808,-0.159358,5.046091,2.000000,0.000000,5.000000,1.388140,0
1784303836.588707,CONST330,TRACKING,330,25.589281,44.227793,0.670843,-0.170789,5.040970,2.000000,0.000000,5.000000,1.340711,0
1784303836.638832,CONST330,TRACKING,330,23.428412,47.841560,0.720651,-0.181465,5.036269,2.000000,0.000000,5.000000,1.292664,0
1784303836.688681,CONST330,TRACKING,330,30.342281,48.978698,0.838663,-0.206567,5.029564,2.000000,0.000000,5.000000,1.179936,0
1784303836.738853,CONST330,TRACKING,330,22.519622,22.950127,0.947065,-0.225694,5.024117,2.000000,0.000000,5.000000,1.077122,0
1784303836.788701,CONST330,TRACKING,330,24.567873,43.340303,1.003240,-0.233622,5.022027,2.000000,0.000000,5.000000,1.024010,0
1784303836.838688,CONST330,TRACKING,330,24.053547,24.702323,1.133907,-0.247529,5.024096,2.000000,0.000000,5.000000,0.901093,0
1784303836.888672,CONST330,TRACKING,330,21.842688,40.731482,1.192367,-0.252326,5.026573,2.000000,0.000000,5.000000,0.846549,0
1784303836.938674,CONST330,TRACKING,330,26.200629,54.244450,1.249290,-0.252174,5.028531,2.000000,0.000000,5.000000,0.792446,0
1784303836.988679,CONST330,TRACKING,330,21.491730,40.309119,1.363445,-0.251000,5.029530,2.000000,0.000000,5.000000,0.684891,0
1784303837.039101,CONST330,TRACKING,330,29.530966,58.337008,1.420563,-0.249649,5.028780,2.000000,0.000000,5.000000,0.631585,0
1784303837.088687,CONST330,TRACKING,330,31.733064,50.613798,1.549558,-0.249337,5.027201,2.000000,0.000000,5.000000,0.515564,0
1784303837.138687,CONST330,TRACKING,330,30.208233,48.363581,1.606814,-0.247962,5.026585,2.000000,0.000000,5.000000,0.465605,0
1784303837.188675,CONST330,TRACKING,330,21.892778,40.780070,1.722652,-0.244692,5.023615,2.000000,0.000000,5.000000,0.370613,0
1784303837.239220,CONST330,TRACKING,330,26.071846,54.587914,1.780689,-0.242520,5.019337,2.000000,0.000000,5.000000,0.327547,0
1784303837.288706,CONST330,TRACKING,330,22.304851,41.427141,1.908411,-0.234346,5.012156,2.000000,2.000000,5.000000,2.236255,0
1784303837.338673,CONST330,TRACKING,330,36.676960,36.729288,2.016696,-0.223231,5.015401,2.000000,2.000000,5.000000,2.223347,0
1784303837.388709,CONST330,TRACKING,330,19.803166,33.033852,2.069108,-0.216810,5.016853,2.000000,2.000000,5.000000,2.217951,0
1784303837.438681,CONST330,TRACKING,330,24.717977,25.268873,2.178644,-0.200773,5.034738,2.000000,2.000000,5.000000,2.208284,0
1784303837.488712,CONST330,TRACKING,330,30.585008,49.512662,2.223585,-0.191877,5.046405,2.000000,2.000000,5.000000,2.203740,0
1784303837.539362,CONST330,TRACKING,330,29.133631,49.078154,2.265568,-0.180848,5.061662,2.000000,2.000000,5.000000,2.197824,0
1784303837.588694,CONST330,TRACKING,330,34.430533,53.556467,2.342058,-0.152314,5.090843,2.000000,2.000000,5.000000,2.181218,0
1784303837.638718,CONST330,TRACKING,330,20.384181,35.795989,2.379102,-0.135864,5.101341,2.000000,2.000000,5.000000,2.171613,0
1784303837.688688,CONST330,TRACKING,330,28.508202,47.454239,2.454565,-0.091058,5.123925,2.000000,2.000000,5.000000,2.143481,0
1784303837.738644,CONST330,TRACKING,330,21.104595,21.157608,2.515923,-0.041400,5.143807,2.000000,2.000000,5.000000,2.110490,0
1784303837.788809,CONST330,TRACKING,330,25.023674,44.004622,2.544647,-0.013228,5.151458,2.000000,2.000000,5.000000,2.091093,0
1784303837.838686,CONST330,TRACKING,330,34.065755,34.408606,2.603704,0.057304,5.162128,2.000000,2.000000,5.000000,2.040787,0
1784303837.888712,CONST330,TRACKING,330,34.403598,50.144823,2.627889,0.090738,5.162607,2.000000,2.000000,5.000000,2.016424,0
1784303837.938681,CONST330,TRACKING,330,27.795795,28.707193,2.666033,0.165564,5.157826,2.000000,2.000000,5.000000,1.957975,0
1784303837.988668,CONST330,TRACKING,330,22.869832,41.888633,2.682505,0.204568,5.153425,2.000000,2.000000,5.000000,1.926896,0
1784303838.039121,CONST330,TRACKING,330,25.282559,52.744769,2.696937,0.244654,5.148786,2.000000,2.000000,5.000000,1.894491,0
1784303838.088723,CONST330,TRACKING,330,35.820285,54.913803,2.716833,0.338342,5.135742,2.000000,2.000000,5.000000,1.814768,0
1784303838.138683,CONST330,TRACKING,330,20.474279,21.063277,2.725933,0.425553,5.121378,2.000000,2.000000,5.000000,1.737986,0
1784303838.188683,CONST330,TRACKING,330,27.051852,45.789514,2.724664,0.471315,5.110069,2.000000,2.000000,5.000000,1.695326,0
1784303838.238718,CONST330,TRACKING,330,44.161320,67.022899,2.722092,0.517672,5.098440,2.000000,2.000000,5.000000,1.651788,0
1784303838.288702,CONST330,TRACKING,330,20.355943,26.016554,2.707489,0.626803,5.077644,2.000000,2.000000,5.000000,1.546686,0
1784303838.338732,CONST330,TRACKING,330,24.675466,54.237259,2.696352,0.678015,5.069530,2.000000,2.000000,5.000000,1.495789,0
1784303838.388703,CONST330,TRACKING,330,52.778677,71.368139,2.672148,0.781080,5.051862,2.000000,2.000000,5.000000,1.392925,1
1784303838.441736,CONST330,TRACKING,330,22.880324,94.493191,2.672148,0.781080,5.051862,2.000000,2.000000,5.000000,1.392925,0
1784303838.488703,CONST330,TRACKING,330,31.040180,49.374642,2.614446,0.949555,5.024875,2.000000,2.000000,5.000000,1.217209,0
1784303838.538720,CONST330,TRACKING,330,28.439603,47.272765,2.594975,1.001857,5.017266,2.000000,2.000000,5.000000,1.162146,0
1784303838.588693,CONST330,TRACKING,330,36.127571,55.196482,2.553294,1.107552,5.009768,2.000000,2.000000,5.000000,1.050091,0
1784303838.638689,CONST330,TRACKING,330,20.402825,21.147531,2.500677,1.223864,5.008216,2.000000,2.000000,5.000000,0.923651,0
1784303838.688680,CONST330,TRACKING,330,28.459749,47.412543,2.474410,1.273050,5.010386,2.000000,2.000000,5.000000,0.868118,0
1784303838.738706,CONST330,TRACKING,330,29.020587,50.435060,2.447853,1.322392,5.012459,2.000000,2.000000,5.000000,0.812330,0
1784303838.788690,CONST330,TRACKING,330,26.224844,45.361059,2.393708,1.420884,5.013389,2.000000,2.000000,5.000000,0.700400,0
1784303838.838691,CONST330,TRACKING,330,32.973354,56.618378,2.365530,1.469748,5.012764,2.000000,2.000000,5.000000,0.644160,0
1784303838.888738,CONST330,TRACKING,330,21.153104,38.035755,2.302425,1.580794,5.017114,2.000000,2.000000,5.000000,0.517192,0
1784303838.938710,CONST330,TRACKING,330,43.426078,72.100026,2.273019,1.631225,5.020946,2.000000,2.000000,5.000000,0.459318,0
1784303838.988689,CONST330,TRACKING,330,36.338321,42.493447,2.216218,1.732017,5.024952,2.000000,2.000000,5.000000,0.345236,0
1784303839.038694,CONST330,TRACKING,330,28.373883,29.021396,2.156432,1.844961,5.034198,0.000000,2.000000,5.000000,2.162269,0
1784303839.088692,CONST330,TRACKING,330,24.846375,43.426734,2.130981,1.894467,5.039507,0.000000,2.000000,5.000000,2.133959,0
1784303839.138667,CONST330,TRACKING,330,23.149258,23.595757,2.080925,1.990975,5.050141,0.000000,2.000000,5.000000,2.081549,0
1784303839.188684,CONST330,TRACKING,330,24.698774,43.420013,2.056884,2.037150,5.057220,0.000000,2.000000,5.000000,2.058015,0
1784303839.238658,CONST330,TRACKING,330,22.304824,22.698952,2.002720,2.138427,5.066871,0.000000,2.000000,5.000000,2.008611,0
1784303839.288683,CONST330,TRACKING,330,28.154677,46.961014,1.979802,2.181485,5.069431,0.000000,2.000000,5.000000,1.989315,0
1784303839.338686,CONST330,TRACKING,330,23.758000,24.474497,1.930947,2.262358,5.073064,0.000000,2.000000,5.000000,1.950058,0
1784303839.389202,CONST330,TRACKING,330,36.036987,55.019113,1.902930,2.298499,5.079302,0.000000,2.000000,5.000000,1.927831,0
1784303839.438693,CONST330,TRACKING,330,20.482895,21.251283,1.832045,2.365409,5.104248,0.000000,2.000000,5.000000,1.871037,0
1784303839.488681,CONST330,TRACKING,330,23.659276,42.306932,1.797922,2.391718,5.113774,0.000000,2.000000,5.000000,1.843614,0
1784303839.538688,CONST330,TRACKING,330,24.642168,50.858909,1.760727,2.415065,5.121525,0.000000,2.000000,5.000000,1.813065,0
1784303839.588722,CONST330,TRACKING,330,25.737766,44.710797,1.673484,2.449568,5.131972,0.000000,2.000000,5.000000,1.737837,0
1784303839.638702,CONST330,TRACKING,330,22.964198,47.061666,1.629022,2.465498,5.133002,0.000000,2.000000,5.000000,1.699438,0
1784303839.688689,CONST330,TRACKING,330,35.013036,54.041635,1.527097,2.494000,5.133195,0.000000,2.000000,5.000000,1.610529,0
1784303839.738663,CONST330,TRACKING,330,21.591593,36.373221,1.480451,2.503909,5.133779,0.000000,2.000000,5.000000,1.569572,0
1784303839.788683,CONST330,TRACKING,330,24.217081,42.610432,1.383987,2.521809,5.136511,0.000000,2.000000,5.000000,1.485375,0
1784303839.838681,CONST330,TRACKING,330,33.129639,58.792920,1.333821,2.532039,5.137953,0.000000,2.000000,5.000000,1.442627,0
1784303839.888669,CONST330,TRACKING,330,20.373830,36.958042,1.219346,2.549789,5.136852,0.000000,2.000000,5.000000,1.344545,0
1784303839.938700,CONST330,TRACKING,330,27.265998,56.777541,1.165747,2.551273,5.136953,0.000000,2.000000,5.000000,1.296774,0
1784303839.988738,CONST330,TRACKING,330,27.153990,46.218460,1.057954,2.551759,5.132352,0.000000,2.000000,5.000000,1.200509,0
1784303840.038658,CONST330,TRACKING,330,22.822610,45.472960,1.004024,2.551184,5.125251,0.000000,2.000000,5.000000,1.152196,0
1784303840.088696,CONST330,TRACKING,330,20.664299,39.185435,0.879873,2.546854,5.102724,0.000000,2.000000,5.000000,1.041047,0
1784303840.138661,CONST330,TRACKING,330,27.219401,27.277326,0.769792,2.539384,5.080263,0.000000,2.000000,5.000000,0.943375,0
1784303840.188706,CONST330,TRACKING,330,27.182239,46.248490,0.714603,2.533226,5.072717,0.000000,2.000000,5.000000,0.894581,0
1784303840.238662,CONST330,TRACKING,330,21.905560,22.627352,0.591597,2.514763,5.055938,0.000000,2.000000,5.000000,0.786192,0
1784303840.288699,CONST330,TRACKING,330,20.930757,39.947106,0.537447,2.504607,5.049899,0.000000,2.000000,5.000000,0.738896,0
1784303840.338699,CONST330,TRACKING,330,25.530339,54.470929,0.483584,2.493350,5.043204,0.000000,2.000000,5.000000,0.692181,0
1784303840.388709,CONST330,TRACKING,330,32.300558,51.268062,0.376667,2.467674,5.024704,0.000000,2.000000,5.000000,0.601005,0
1784303840.438998,CONST330,TRACKING,330,22.942990,40.713360,0.324668,2.453339,5.015102,0.000000,2.000000,5.000000,0.557812,0
1784303840.488685,CONST330,TRACKING,330,25.230373,44.287509,0.210143,2.415973,5.002015,0.000000,2.000000,5.000000,0.466045,0
1784303840.538711,CONST330,TRACKING,330,32.310984,56.978619,0.160453,2.397099,4.999701,0.000000,2.000000,5.000000,0.428291,0
1784303840.588685,CONST330,TRACKING,330,23.985615,41.492428,0.064555,2.355686,4.994979,0.000000,2.000000,5.000000,0.361532,0
1784303840.638691,CONST330,TRACKING,330,26.526222,52.396448,0.017567,2.333895,4.991793,0.000000,2.000000,5.000000,0.334458,0
1784303840.688686,CONST330,TRACKING,330,22.115934,41.344917,-0.082649,2.276684,4.987957,0.000000,0.000000,5.000000,2.278216,0
1784303840.738716,CONST330,TRACKING,330,25.498081,53.214964,-0.124704,2.249547,4.987712,0.000000,0.000000,5.000000,2.253035,0
1784303840.788723,CONST330,TRACKING,330,36.942823,55.781478,-0.202548,2.193788,4.991546,0.000000,0.000000,5.000000,2.203135,0
1784303840.838685,CONST330,TRACKING,330,23.466474,24.259794,-0.277647,2.127480,5.012115,0.000000,0.000000,5.000000,2.145555,0
1784303840.888716,CONST330,TRACKING,330,24.605406,43.428183,-0.308421,2.098568,5.022888,0.000000,0.000000,5.000000,2.121235,0
1784303840.938706,CONST330,TRACKING,330,27.570526,52.757684,-0.335815,2.072068,5.033570,0.000000,0.000000,5.000000,2.099373,0
1784303840.988696,CONST330,TRACKING,330,24.743270,43.538385,-0.387487,2.018150,5.043216,0.000000,0.000000,5.000000,2.055466,0
1784303841.038697,CONST330,TRACKING,330,29.860674,30.393962,-0.435152,1.956928,5.053416,0.000000,0.000000,5.000000,2.005437,0
1784303841.088745,CONST330,TRACKING,330,25.433167,43.887486,-0.453879,1.929359,5.053375,0.000000,0.000000,5.000000,1.982746,0
1784303841.138656,CONST330,TRACKING,330,29.035448,29.285022,-0.487542,1.869016,5.047290,0.000000,0.000000,5.000000,1.932137,0
1784303841.188702,CONST330,TRACKING,330,21.781517,40.072301,-0.500582,1.834548,5.047673,0.000000,0.000000,5.000000,1.902214,0
1784303841.238686,CONST330,TRACKING,330,21.179205,21.775310,-0.527698,1.750344,5.049122,0.000000,0.000000,5.000000,1.828820,0
1784303841.288702,CONST330,TRACKING,330,20.627172,39.503584,-0.537672,1.708506,5.052793,0.000000,0.000000,5.000000,1.791890,0
1784303841.338653,CONST330,TRACKING,330,24.356206,25.304381,-0.554885,1.620003,5.060463,0.000000,0.000000,5.000000,1.713465,0
1784303841.388713,CONST330,TRACKING,330,22.466435,41.216284,-0.562258,1.574445,5.061686,0.000000,0.000000,5.000000,1.672966,0
1784303841.438656,CONST330,TRACKING,330,22.102592,22.551538,-0.575014,1.465546,5.071319,0.000000,0.000000,5.000000,1.575929,0
1784303841.488709,CONST330,TRACKING,330,26.003426,44.481039,-0.578420,1.415925,5.075864,0.000000,0.000000,5.000000,1.531394,0
1784303841.538704,CONST330,TRACKING,330,21.470268,45.335847,-0.580030,1.366347,5.079810,0.000000,0.000000,5.000000,1.486508,0
1784303841.588703,CONST330,TRACKING,330,26.880757,45.706888,-0.577292,1.268771,5.086099,0.000000,0.000000,5.000000,1.396588,0
1784303841.638656,CONST330,TRACKING,330,23.922603,24.158877,-0.567880,1.155963,5.087662,0.000000,0.000000,5.000000,1.290900,0
1784303841.688712,CONST330,TRACKING,330,26.275094,45.150510,-0.559592,1.103849,5.089855,0.000000,0.000000,5.000000,1.240846,0
1784303841.738662,CONST330,TRACKING,330,22.751750,23.092771,-0.540499,0.998940,5.091774,0.000000,0.000000,5.000000,1.139493,0
1784303841.788700,CONST330,TRACKING,330,29.371125,48.156900,-0.530109,0.946500,5.092024,0.000000,0.000000,5.000000,1.088736,0
1784303841.838655,CONST330,TRACKING,330,24.477763,24.692914,-0.504158,0.828234,5.092849,0.000000,0.000000,5.000000,0.974047,0
1784303841.888720,CONST330,TRACKING,330,25.617186,44.508932,-0.491190,0.775342,5.092227,0.000000,0.000000,5.000000,0.922458,0
1784303841.938661,CONST330,TRACKING,330,26.007011,26.212085,-0.456865,0.670281,5.091542,0.000000,0.000000,5.000000,0.816322,0
1784303841.988711,CONST330,TRACKING,330,23.346637,42.199568,-0.438691,0.617406,5.093836,0.000000,0.000000,5.000000,0.763181,0
1784303842.038688,CONST330,TRACKING,330,22.997152,23.799518,-0.392450,0.498905,5.100388,0.000000,0.000000,5.000000,0.642651,0
1784303842.088712,CONST330,TRACKING,330,32.434768,51.318820,-0.370221,0.446557,5.102046,0.000000,0.000000,5.000000,0.588974,0
1784303842.138685,CONST330,TRACKING,330,21.171716,21.824963,-0.325285,0.342543,5.097612,0.000000,0.000000,5.000000,0.482363,0
1784303842.188719,CONST330,TRACKING,330,25.824978,44.713524,-0.301868,0.291097,5.094980,0.000000,0.000000,5.000000,0.429980,0
1784303842.238656,CONST330,TRACKING,330,25.038670,25.260745,-0.248716,0.177584,5.088612,0.000000,0.000000,5.000000,0.318195,0
1784303842.288711,CONST330,TRACKING,330,26.438564,45.296448,-0.225681,0.127076,5.081572,0.000000,0.000000,5.000000,0.271540,0
1784303842.338655,CONST330,TRACKING,330,23.980906,24.206732,-0.179994,0.028425,5.061824,0.000000,0.000000,5.000000,0.192427,0
1784303842.388706,CONST330,TRACKING,330,53.610650,72.383465,-0.157095,-0.019110,5.052586,0.000000,0.000000,5.000000,0.166761,1
1784303842.442555,CONST330,TRACKING,330,51.538079,124.151364,-0.157095,-0.019110,5.052586,0.000000,0.000000,5.000000,0.166761,1
1784303842.494272,CONST330,TRACKING,330,23.339443,23.378409,-0.133839,-0.063209,5.045574,0.000000,0.000000,5.000000,0.154871,0
1784303842.538685,CONST330,TRACKING,330,23.631883,24.021188,-0.039449,-0.233010,5.025493,0.000000,0.000000,5.000000,0.237697,0
1784303842.588717,CONST330,TRACKING,330,30.894487,49.770647,-0.019669,-0.269290,5.020059,0.000000,0.000000,5.000000,0.270752,0
1784303842.638686,CONST330,TRACKING,330,27.218501,28.075288,0.023019,-0.346063,5.003275,0.000000,0.000000,5.000000,0.346843,0
1784303842.688735,CONST330,TRACKING,330,35.300593,54.048807,0.039617,-0.377875,4.994247,0.000000,0.000000,5.000000,0.379990,0
1784303842.738685,CONST330,TRACKING,330,21.591300,22.326764,0.071599,-0.435186,4.978969,0.000000,0.000000,5.000000,0.441538,0
1784303842.788723,CONST330,TRACKING,330,24.892686,43.831506,0.085596,-0.460317,4.974863,0.000000,0.000000,5.000000,0.468883,0
1784303842.838639,CONST330,TRACKING,330,22.598937,22.648528,0.112983,-0.508995,4.968452,0.000000,0.000000,5.000000,0.522337,0
1784303842.888687,CONST330,TRACKING,330,21.549162,40.445498,0.124460,-0.527439,4.964368,0.000000,0.000000,5.000000,0.543095,0
1784303842.938668,CONST330,TRACKING,330,34.064416,34.516360,0.141813,-0.555192,4.963916,0.000000,0.000000,5.000000,0.574152,0
1784303842.988701,CONST330,TRACKING,330,42.606116,58.422650,0.149753,-0.565608,4.964480,0.000000,0.000000,5.000000,0.586174,0
1784303843.038712,CONST330,TRACKING,330,38.592492,38.909938,0.167417,-0.577825,4.967737,0.000000,0.000000,5.000000,0.602455,0
1784303843.088673,CONST330,TRACKING,330,22.037684,33.287451,0.174880,-0.579102,4.968537,0.000000,0.000000,5.000000,0.605749,0
1784303843.138650,CONST330,TRACKING,330,29.733663,57.552118,0.181624,-0.578500,4.969026,0.000000,0.000000,5.000000,0.607132,0
1784303843.188759,CONST330,TRACKING,330,26.317719,44.126889,0.191922,-0.566455,4.972235,0.000000,0.000000,5.000000,0.598728,0
1784303843.238710,CONST330,TRACKING,330,42.587565,66.083598,0.195687,-0.556315,4.975203,0.000000,0.000000,5.000000,0.590250,0
1784303843.288702,CONST330,TRACKING,330,20.401346,27.591947,0.202229,-0.523796,4.989234,0.000000,0.000000,5.000000,0.561582,0
1784303843.338715,CONST330,TRACKING,330,28.139515,57.645680,0.204743,-0.504251,4.997568,0.000000,0.000000,5.000000,0.544237,0
1784303843.388722,CONST330,TRACKING,330,23.659199,42.482238,0.207437,-0.462553,5.008343,0.000000,0.000000,5.000000,0.507006,0
1784303843.438704,CONST330,TRACKING,330,37.596630,37.978906,0.208362,-0.403818,5.011280,0.000000,0.000000,5.000000,0.454544,0
1784303843.488703,CONST330,TRACKING,330,31.984080,44.227596,0.207684,-0.376846,5.010045,0.000000,0.000000,5.000000,0.430403,0
1784303843.538704,CONST330,TRACKING,330,23.991523,41.854236,0.205941,-0.349021,5.009159,0.000000,0.000000,5.000000,0.405353,0
1784303843.588715,CONST330,TRACKING,330,25.082932,43.940571,0.198594,-0.289491,5.008287,0.000000,0.000000,5.000000,0.351160,0
1784303843.638655,CONST330,TRACKING,330,24.044576,24.290733,0.187534,-0.221147,5.009838,0.000000,0.000000,5.000000,0.290124,0
1784303843.688714,CONST330,TRACKING,330,25.371940,44.481299,0.182227,-0.189644,5.010417,0.000000,0.000000,5.000000,0.263211,0
1784303843.738692,CONST330,TRACKING,330,26.229220,50.697879,0.176405,-0.158259,5.009742,0.000000,0.000000,5.000000,0.237191,0
1784303843.788729,CONST330,TRACKING,330,23.991473,42.778775,0.163203,-0.096605,5.005683,0.000000,0.000000,5.000000,0.189737,0
1784303843.838653,CONST330,TRACKING,330,22.313321,22.694877,0.145893,-0.029913,5.001116,0.000000,0.000000,5.000000,0.148932,0
1784303843.888707,CONST330,TRACKING,330,22.244039,40.975645,0.137501,-0.000769,5.000439,0.000000,0.000000,5.000000,0.137503,0
1784303843.938716,CONST330,TRACKING,330,27.805014,55.423943,0.128184,0.027425,5.004047,0.000000,0.000000,5.000000,0.131147,0
1784303843.988690,CONST330,TRACKING,330,25.134811,43.637418,0.108517,0.082115,5.009996,0.000000,0.000000,5.000000,0.136450,0
1784303844.038721,CONST330,TRACKING,330,25.517604,50.289303,0.098257,0.108258,5.012901,0.000000,0.000000,5.000000,0.146767,0
1784303844.088714,CONST330,TRACKING,330,26.224850,45.200486,0.069756,0.161095,5.024670,0.000000,0.000000,5.000000,0.177274,0
1784303844.138697,CONST330,TRACKING,330,26.702023,50.316509,0.057451,0.182873,5.027899,0.000000,0.000000,5.000000,0.193705,0
1784303844.188715,CONST330,TRACKING,330,34.415823,52.829548,0.034766,0.222318,5.031976,0.000000,0.000000,5.000000,0.227280,0
1784303844.238687,CONST330,TRACKING,330,22.068392,22.688563,0.010870,0.260838,5.032118,0.000000,0.000000,5.000000,0.263033,0
1784303844.288758,CONST330,TRACKING,330,37.692715,55.787470,0.000306,0.275924,5.031074,0.000000,0.000000,5.000000,0.277668,0
1784303844.338681,CONST330,TRACKING,330,25.279067,37.361687,-0.010121,0.289640,5.030119,0.000000,0.000000,5.000000,0.291378,0
1784303844.388716,CONST330,TRACKING,330,23.699813,42.546278,-0.030119,0.312341,5.033520,0.000000,0.000000,5.000000,0.315575,0
1784303844.438617,CONST330,TRACKING,330,32.140654,32.187705,-0.051163,0.327815,5.040849,0.000000,0.000000,5.000000,0.334288,0
1784303844.488706,CONST330,TRACKING,330,27.981192,45.824880,-0.060005,0.332404,5.042608,0.000000,0.000000,5.000000,0.340453,0
1784303844.538657,CONST330,TRACKING,330,24.731481,24.907714,-0.075432,0.335656,5.048389,0.000000,0.000000,5.000000,0.347414,0
1784303844.588714,CONST330,TRACKING,330,40.817353,59.235445,-0.082372,0.334818,5.051195,0.000000,0.000000,5.000000,0.348582,0
1784303844.638682,CONST330,TRACKING,330,20.068431,20.867572,-0.096713,0.327478,5.053766,0.000000,0.000000,5.000000,0.345668,0
1784303844.688710,CONST330,TRACKING,330,22.101951,40.864399,-0.102597,0.320742,5.054477,0.000000,0.000000,5.000000,0.341130,0
1784303844.738655,CONST330,TRACKING,330,22.890408,23.145460,-0.112589,0.304855,5.054561,0.000000,0.000000,5.000000,0.329529,0
1784303844.788709,CONST330,TRACKING,330,35.176759,54.013469,-0.116485,0.294552,5.054620,0.000000,0.000000,5.000000,0.321423,0
1784303844.838657,CONST330,TRACKING,330,34.611869,49.117468,-0.119494,0.282339,5.055903,0.000000,0.000000,5.000000,0.311640,0
1784303844.888706,CONST330,TRACKING,330,30.427155,45.645909,-0.124215,0.252960,5.055970,0.000000,0.000000,5.000000,0.287317,0
1784303844.938601,CONST330,TRACKING,330,23.508402,23.544803,-0.128254,0.218218,5.049371,0.000000,0.000000,5.000000,0.257887,0
1784303844.988712,CONST330,TRACKING,330,25.131000,44.025978,-0.129152,0.200480,5.045398,0.000000,0.000000,5.000000,0.242762,0
1784303845.038668,CONST330,TRACKING,330,25.074488,25.881003,-0.126187,0.158343,5.030819,0.000000,0.000000,5.000000,0.204806,0
1784303845.088686,CONST330,TRACKING,330,23.691880,42.035551,-0.123131,0.138931,5.022639,0.000000,0.000000,5.000000,0.187017,0
1784303845.138655,CONST330,TRACKING,330,23.473076,23.720232,-0.115767,0.099324,5.010433,0.000000,0.000000,5.000000,0.152892,0
1784303845.188681,CONST330,TRACKING,330,29.239702,47.942330,-0.111421,0.077493,5.007091,0.000000,0.000000,5.000000,0.135905,0
1784303845.238681,CONST330,TRACKING,330,32.203393,52.751700,-0.106489,0.056032,5.004365,0.000000,0.000000,5.000000,0.120410,0
1784303845.288717,CONST330,TRACKING,330,28.307017,45.964224,-0.092826,0.010506,4.995265,0.000000,0.000000,5.000000,0.093539,0
1784303845.338664,CONST330,TRACKING,330,39.048158,39.208172,-0.077611,-0.026205,4.988321,0.000000,0.000000,5.000000,0.082744,0
1784303845.388734,CONST330,TRACKING,330,21.448897,32.327747,-0.069828,-0.043821,4.985815,0.000000,0.000000,5.000000,0.083651,0
1784303845.438653,CONST330,TRACKING,330,21.396922,21.695683,-0.052705,-0.081242,4.985744,0.000000,0.000000,5.000000,0.097884,0
1784303845.488730,CONST330,TRACKING,330,35.938649,54.760482,-0.045033,-0.096829,4.985868,0.000000,0.000000,5.000000,0.107719,0
1784303845.538706,CONST330,TRACKING,330,27.713651,41.554492,-0.037376,-0.111852,4.985474,0.000000,0.000000,5.000000,0.118822,0
1784303845.588719,CONST330,TRACKING,330,30.755742,49.639345,-0.022185,-0.140184,4.985260,0.000000,0.000000,5.000000,0.142692,0
1784303845.638609,CONST330,TRACKING,330,24.451532,24.481637,-0.006099,-0.167810,4.987787,0.000000,0.000000,5.000000,0.168364,0
1784303845.688725,CONST330,TRACKING,330,47.264979,66.082389,0.000012,-0.178941,4.990383,0.000000,0.000000,5.000000,0.179199,0
1784303845.738682,CONST330,TRACKING,330,20.117202,22.464111,0.005961,-0.189145,4.992846,0.000000,0.000000,5.000000,0.189374,0
1784303845.788709,CONST330,TRACKING,330,41.475446,60.003382,0.017963,-0.205148,5.001087,0.000000,0.000000,5.000000,0.205936,0
1784303845.838665,CONST330,TRACKING,330,45.988451,46.409930,0.032329,-0.214415,5.016078,0.000000,0.000000,5.000000,0.217434,0
1784303845.888681,CONST330,TRACKING,330,38.311201,42.025113,0.038300,-0.217564,5.020698,0.000000,0.000000,5.000000,0.221877,0
1784303845.938650,CONST330,TRACKING,330,39.117410,39.210111,0.050702,-0.221580,5.038120,0.000000,0.000000,5.000000,0.230481,0
1784303845.988670,CONST330,TRACKING,330,28.568403,39.250665,0.056362,-0.222407,5.045457,0.000000,0.000000,5.000000,0.233897,0
1784303846.038699,CONST330,TRACKING,330,43.793863,65.122061,0.061775,-0.222498,5.051364,0.000000,0.000000,5.000000,0.236559,0
1784303846.088686,CONST330,TRACKING,330,20.332788,26.360712,0.071726,-0.215964,5.068442,0.000000,0.000000,5.000000,0.237633,0
1784303846.138683,CONST330,TRACKING,330,23.352743,52.914935,0.076008,-0.212289,5.073352,0.000000,0.000000,5.000000,0.237117,0
1784303846.188717,CONST330,TRACKING,330,25.283216,44.209080,0.084541,-0.201688,5.081858,0.000000,0.000000,5.000000,0.233508,0
1784303846.238689,CONST330,TRACKING,330,33.438548,34.095626,0.093028,-0.186779,5.083723,0.000000,0.000000,5.000000,0.224833,0
1784303846.288716,CONST330,TRACKING,330,27.877058,44.295701,0.095538,-0.178766,5.084572,0.000000,0.000000,5.000000,0.219630,0
1784303846.338689,CONST330,TRACKING,330,21.311095,22.181883,0.098547,-0.160875,5.086605,0.000000,0.000000,5.000000,0.207588,0
1784303846.388709,CONST330,TRACKING,330,49.321565,67.768507,0.099453,-0.151536,5.086819,0.000000,0.000000,5.000000,0.200977,0
1784303846.438650,CONST330,TRACKING,330,20.477614,20.747342,0.101185,-0.128452,5.085469,0.000000,0.000000,5.000000,0.184508,0
1784303846.488708,CONST330,TRACKING,330,27.597533,46.177255,0.101472,-0.118007,5.082149,0.000000,0.000000,5.000000,0.175985,0
1784303846.538721,CONST330,TRACKING,330,26.063365,48.292742,0.100681,-0.107449,5.078053,0.000000,0.000000,5.000000,0.166656,0
1784303846.588716,CONST330,TRACKING,330,25.070565,43.863017,0.094547,-0.085631,5.068298,0.000000,0.000000,5.000000,0.144694,0
1784303846.638669,CONST330,TRACKING,330,31.317382,31.570654,0.087960,-0.059804,5.051598,0.000000,0.000000,5.000000,0.118219,0
1784303846.688717,CONST330,TRACKING,330,23.475697,42.114671,0.085691,-0.047096,5.044514,0.000000,0.000000,5.000000,0.107436,0
1784303846.738696,CONST330,TRACKING,330,24.147344,50.526721,0.083203,-0.034416,5.037507,0.000000,0.000000,5.000000,0.097539,0
1784303846.788711,CONST330,TRACKING,330,24.806912,43.219813,0.077230,-0.008712,5.024477,0.000000,0.000000,5.000000,0.081483,0
1784303846.838656,CONST330,TRACKING,330,25.450199,25.768596,0.067698,0.021423,5.012491,0.000000,0.000000,5.000000,0.072097,0
1784303846.888689,CONST330,TRACKING,330,24.818591,43.491350,0.063502,0.034137,5.007709,0.000000,0.000000,5.000000,0.072507,0
1784303846.938628,CONST330,TRACKING,330,23.053255,48.033466,0.060197,0.047476,5.007157,0.000000,0.000000,5.000000,0.076999,0
1784303846.988706,CONST330,TRACKING,330,28.099942,46.539453,0.053399,0.072324,5.009289,0.000000,0.000000,5.000000,0.090379,0
1784303847.038694,CONST330,TRACKING,330,21.840293,22.435994,0.045209,0.095702,5.013556,0.000000,0.000000,5.000000,0.106707,0
1784303847.088712,CONST330,TRACKING,330,27.554268,46.443695,0.041405,0.104680,5.014165,0.000000,0.000000,5.000000,0.113459,0
1784303847.138650,CONST330,TRACKING,330,20.343742,20.594393,0.033366,0.119773,5.016181,0.000000,0.000000,5.000000,0.125382,0
1784303847.188740,CONST330,TRACKING,330,28.206156,46.983360,0.028504,0.123729,5.019051,0.000000,0.000000,5.000000,0.128391,0
1784303847.238666,CONST330,TRACKING,330,28.994256,29.594252,0.017764,0.131283,5.024218,0.000000,0.000000,5.000000,0.134674,0
1784303847.288716,CONST330,TRACKING,330,25.676382,44.702141,0.012824,0.133248,5.027108,0.000000,0.000000,5.000000,0.136581,0
1784303847.338658,CONST330,TRACKING,330,26.186008,26.481615,0.003295,0.135659,5.032392,0.000000,0.000000,5.000000,0.139511,0
1784303847.388742,CONST330,TRACKING,330,26.839269,45.688042,-0.000990,0.136307,5.034735,0.000000,0.000000,5.000000,0.140667,0
1784303847.438659,CONST330,TRACKING,330,24.925068,25.222658,-0.011462,0.138448,5.036166,0.000000,0.000000,5.000000,0.143552,0
1784303847.488715,CONST330,TRACKING,330,26.376969,45.254595,-0.015549,0.138787,5.035384,0.000000,0.000000,5.000000,0.144068,0
1784303847.538700,CONST330,TRACKING,330,26.653550,50.124572,-0.019232,0.138494,5.033061,0.000000,0.000000,5.000000,0.143679,0
1784303847.588727,CONST330,TRACKING,330,26.735159,45.682123,-0.025477,0.135483,5.028162,0.000000,0.000000,5.000000,0.140705,0
1784303847.638717,CONST330,TRACKING,330,26.236279,49.361354,-0.028362,0.133488,5.026017,0.000000,0.000000,5.000000,0.138926,0
1784303847.688710,CONST330,TRACKING,330,26.559324,45.553419,-0.033220,0.125200,5.019398,0.000000,0.000000,5.000000,0.130977,0
1784303847.738656,CONST330,TRACKING,330,24.850101,25.210825,-0.036862,0.115832,5.012119,0.000000,0.000000,5.000000,0.122158,0
1784303847.788713,CONST330,TRACKING,330,25.112797,44.141092,-0.039326,0.110682,5.008717,0.000000,0.000000,5.000000,0.117784,0
1784303847.838656,CONST330,TRACKING,330,24.849289,25.256659,-0.045795,0.097902,5.000630,0.000000,0.000000,5.000000,0.108085,0
1784303847.888724,CONST330,TRACKING,330,28.946075,47.860439,-0.048297,0.091943,4.995629,0.000000,0.000000,5.000000,0.103948,0
1784303847.938658,CONST330,TRACKING,330,24.581397,24.841723,-0.054306,0.078824,4.987779,0.000000,0.000000,5.000000,0.096497,0
1784303847.988701,CONST330,TRACKING,330,25.558879,44.433339,-0.056901,0.072312,4.984142,0.000000,0.000000,5.000000,0.093371,0
1784303848.038687,CONST330,TRACKING,330,37.552626,38.228044,-0.062458,0.056985,4.981682,0.000000,0.000000,5.000000,0.086509,0
1784303848.088728,CONST330,TRACKING,330,22.431070,34.713460,-0.064679,0.050062,4.980855,0.000000,0.000000,5.000000,0.084001,0
1784303848.138724,CONST330,TRACKING,330,31.933517,59.316252,-0.066633,0.043246,4.979234,0.000000,0.000000,5.000000,0.082106,0
1784303848.188710,CONST330,TRACKING,330,20.910224,38.829638,-0.070102,0.030492,4.974642,0.000000,0.000000,5.000000,0.080542,0
1784303848.238729,CONST330,TRACKING,330,27.317857,56.280532,-0.071352,0.024594,4.973437,0.000000,0.000000,5.000000,0.080010,0
1784303848.288723,CONST330,TRACKING,330,25.877941,44.787444,-0.071169,0.011463,4.973303,0.000000,0.000000,5.000000,0.076871,0
1784303848.338659,CONST330,TRACKING,330,25.435667,25.644973,-0.067251,-0.000444,4.975912,0.000000,0.000000,5.000000,0.071436,0
1784303848.388723,CONST330,TRACKING,330,27.342872,46.084789,-0.065004,-0.005996,4.978528,0.000000,0.000000,5.000000,0.068720,0
1784303848.438653,CONST330,TRACKING,330,21.913627,22.344013,-0.058888,-0.013602,4.985229,0.000000,0.000000,5.000000,0.062217,0
1784303848.488721,CONST330,TRACKING,330,27.978257,46.720661,-0.055833,-0.016741,4.986960,0.000000,0.000000,5.000000,0.059730,0
1784303848.538726,CONST330,TRACKING,330,40.565665,62.469168,-0.052370,-0.019182,4.988431,0.000000,0.000000,5.000000,0.056959,0
1784303848.588714,CONST330,TRACKING,330,21.497190,30.742810,-0.043720,-0.020308,4.997605,0.000000,0.000000,5.000000,0.048266,0
1784303848.638623,CONST330,TRACKING,330,26.561243,26.622274,-0.033946,-0.022059,5.006240,0.000000,0.000000,5.000000,0.040962,0
1784303848.688719,CONST330,TRACKING,330,25.987689,44.807709,-0.029547,-0.023287,5.010620,0.000000,0.000000,5.000000,0.039091,0
1784303848.738699,CONST330,TRACKING,330,26.475596,50.323670,-0.024953,-0.024590,5.015469,0.000000,0.000000,5.000000,0.038296,0
1784303848.788714,CONST330,TRACKING,330,34.395919,52.817875,-0.014570,-0.026019,5.026427,0.000000,0.000000,5.000000,0.039846,0
1784303848.838687,CONST330,TRACKING,330,21.131880,22.163328,-0.000367,-0.023917,5.035726,0.000000,0.000000,5.000000,0.042994,0
1784303848.888701,CONST330,TRACKING,330,33.022061,51.889616,0.005660,-0.023343,5.037107,0.000000,0.000000,5.000000,0.044202,0
1784303848.938683,CONST330,TRACKING,330,24.652314,25.170848,0.016364,-0.021462,5.043897,0.000000,0.000000,5.000000,0.051530,0
1784303848.988689,CONST330,TRACKING,330,24.660100,43.529078,0.021386,-0.020483,5.046423,0.000000,0.000000,5.000000,0.055064,0
1784303849.038661,CONST330,TRACKING,330,29.188289,29.325303,0.029982,-0.020703,5.052405,0.000000,0.000000,5.000000,0.063827,0
1784303849.088712,CONST330,TRACKING,330,23.112747,42.206675,0.032934,-0.021515,5.053479,0.000000,0.000000,5.000000,0.066389,0
1784303849.138723,CONST330,TRACKING,330,30.542033,57.268635,0.035745,-0.022314,5.053156,0.000000,0.000000,5.000000,0.067832,0
1784303849.188683,CONST330,TRACKING,330,24.333162,43.303484,0.043943,-0.023952,5.049922,0.000000,0.000000,5.000000,0.070689,0
1784303849.238696,CONST330,TRACKING,330,36.688640,62.191631,0.048460,-0.024788,5.047968,0.000000,0.000000,5.000000,0.072551,0
1784303849.288688,CONST330,TRACKING,330,22.500500,35.623574,0.054847,-0.027893,5.044173,0.000000,0.000000,5.000000,0.075746,0
1784303849.338670,CONST330,TRACKING,330,25.862260,26.049050,0.055719,-0.032554,5.037781,0.000000,0.000000,5.000000,0.074778,0
1784303849.388726,CONST330,TRACKING,330,24.864537,43.718172,0.055991,-0.034737,5.033786,0.000000,0.000000,5.000000,0.074048,0
1784303849.438660,CONST330,TRACKING,330,26.924803,27.165048,0.053319,-0.049391,5.028298,0.000000,0.000000,5.000000,0.077994,0
1784303849.488696,CONST330,TRACKING,330,25.703436,44.632661,0.051780,-0.055394,5.025029,0.000000,0.000000,5.000000,0.079851,0
1784303849.538709,CONST330,TRACKING,330,26.867529,51.062928,0.049721,-0.061089,5.021916,0.000000,0.000000,5.000000,0.081758,0
1784303849.588687,CONST330,TRACKING,330,24.613552,43.362646,0.043697,-0.072483,5.017319,0.000000,0.000000,5.000000,0.086390,0
1784303849.638656,CONST330,TRACKING,330,24.666976,24.962017,0.035238,-0.082959,5.015884,0.000000,0.000000,5.000000,0.091522,0
1784303849.688715,CONST330,TRACKING,330,29.489968,48.503941,0.029882,-0.087500,5.018071,0.000000,0.000000,5.000000,0.094212,0
1784303849.738689,CONST330,TRACKING,330,23.381455,23.851880,0.019819,-0.095033,5.018157,0.000000,0.000000,5.000000,0.098761,0
1784303849.788709,CONST330,TRACKING,330,24.640601,43.847063,0.014794,-0.097626,5.015094,0.000000,0.000000,5.000000,0.099888,0
1784303849.838663,CONST330,TRACKING,330,26.479417,27.102390,0.003508,-0.100558,5.004922,0.000000,0.000000,5.000000,0.100739,0
1784303849.888716,CONST330,TRACKING,330,24.439081,43.267554,-0.001292,-0.100914,5.000768,0.000000,0.000000,5.000000,0.100925,0
1784303849.938669,CONST330,TRACKING,330,23.250004,24.228772,-0.007596,-0.098639,4.991448,0.000000,0.000000,5.000000,0.099300,0
1784303849.988682,CONST330,TRACKING,330,26.517101,45.643158,-0.010547,-0.097016,4.987164,0.000000,0.000000,5.000000,0.098429,0
1784303850.038661,CONST330,TRACKING,330,25.881782,26.543673,-0.013248,-0.089894,4.979929,0.000000,0.000000,5.000000,0.093055,0
1784303850.088735,CONST330,TRACKING,330,28.795466,47.953163,-0.013339,-0.085622,4.978120,0.000000,0.000000,5.000000,0.089374,0
1784303850.138663,CONST330,TRACKING,330,30.893378,31.246258,-0.013692,-0.076597,4.979647,0.000000,0.000000,5.000000,0.080429,0
1784303850.188683,CONST330,TRACKING,330,30.705626,49.724164,-0.014344,-0.071447,4.983883,0.000000,0.000000,5.000000,0.074633,0
1784303850.238692,CONST330,TRACKING,330,22.842361,23.908245,-0.015581,-0.059582,4.993325,0.000000,0.000000,5.000000,0.061946,0
1784303850.288722,CONST330,TRACKING,330,27.717216,46.861913,-0.016506,-0.054982,4.997521,0.000000,0.000000,5.000000,0.057459,0
1784303850.338683,CONST330,TRACKING,330,25.357278,26.474243,-0.018200,-0.045657,5.005392,0.000000,0.000000,5.000000,0.049445,0
1784303850.388695,CONST330,TRACKING,330,26.000051,45.448250,-0.018719,-0.040561,5.008434,0.000000,0.000000,5.000000,0.045462,0
1784303850.438700,CONST330,TRACKING,330,25.641864,26.904470,-0.021713,-0.029561,5.009906,0.000000,0.000000,5.000000,0.037992,0
1784303850.488706,CONST330,TRACKING,330,26.303948,45.850528,-0.022982,-0.024203,5.008974,0.000000,0.000000,5.000000,0.034561,0
1784303850.538656,CONST330,TRACKING,330,22.295977,23.512874,-0.024602,-0.009713,5.008177,0.000000,0.000000,5.000000,0.027685,0
1784303850.588717,CONST330,TRACKING,330,24.739131,44.108958,-0.025035,-0.001742,5.008032,0.000000,0.000000,5.000000,0.026350,0
1784303850.638666,CONST330,TRACKING,330,22.736129,24.108600,-0.025454,0.016102,5.006435,0.000000,0.000000,5.000000,0.030799,0
1784303850.688693,CONST330,TRACKING,330,23.899830,43.290855,-0.025476,0.024819,5.006887,0.000000,0.000000,5.000000,0.036228,0
1784303850.738733,CONST330,TRACKING,330,25.752973,27.118759,-0.024469,0.040534,5.005651,0.000000,0.000000,5.000000,0.047683,0
1784303850.788685,CONST330,TRACKING,330,35.555267,55.023480,-0.023004,0.047495,5.005633,0.000000,0.000000,5.000000,0.053073,0
1784303850.838660,CONST330,TRACKING,330,23.724713,25.163030,-0.018295,0.061034,5.005843,0.000000,0.000000,5.000000,0.063984,0
1784303850.888712,CONST330,TRACKING,330,22.884340,42.384425,-0.016209,0.066095,5.006547,0.000000,0.000000,5.000000,0.068368,0
1784303850.938682,CONST330,TRACKING,330,25.330176,26.610132,-0.009725,0.074921,5.016036,0.000000,0.000000,5.000000,0.077232,0
1784303850.988697,CONST330,TRACKING,330,27.455952,46.810324,-0.006932,0.078809,5.020968,0.000000,0.000000,5.000000,0.081845,0
1784303851.038699,CONST330,TRACKING,330,23.376154,24.828611,-0.004120,0.083390,5.029917,0.000000,0.000000,5.000000,0.088690,0
1784303851.088730,CONST330,TRACKING,330,24.364206,43.835626,-0.003999,0.083952,5.033391,0.000000,0.000000,5.000000,0.090438,0
1784303851.138659,CONST330,TRACKING,330,26.064505,27.145691,-0.004301,0.084761,5.039323,0.000000,0.000000,5.000000,0.093538,0
1784303851.188715,CONST330,TRACKING,330,21.261565,40.741878,-0.005846,0.084990,5.043471,0.000000,0.000000,5.000000,0.095641,0
1784303851.238672,CONST330,TRACKING,330,24.204644,25.404329,-0.008327,0.085012,5.049025,0.000000,0.000000,5.000000,0.098488,0
1784303851.288705,CONST330,TRACKING,330,31.873070,51.371292,-0.009775,0.083813,5.050530,0.000000,0.000000,5.000000,0.098353,0
1784303851.338679,CONST330,TRACKING,330,27.496762,28.824349,-0.012495,0.080512,5.052953,0.000000,0.000000,5.000000,0.097172,0
1784303851.388715,CONST330,TRACKING,330,25.295072,44.817446,-0.013572,0.078687,5.054175,0.000000,0.000000,5.000000,0.096493,0
1784303851.438663,CONST330,TRACKING,330,44.842343,46.117122,-0.012240,0.070167,5.061642,0.000000,0.000000,5.000000,0.094196,0
1784303851.488671,CONST330,TRACKING,330,18.930837,23.966541,-0.011238,0.066113,5.062722,0.000000,0.000000,5.000000,0.091822,0
1784303851.538661,CONST330,TRACKING,330,26.622404,27.791402,-0.008792,0.056899,5.068069,0.000000,0.000000,5.000000,0.089153,0
1784303851.588706,CONST330,TRACKING,330,25.331317,44.702943,-0.007450,0.052029,5.071375,0.000000,0.000000,5.000000,0.088639,0
1784303851.638687,CONST330,TRACKING,330,28.554115,29.818302,-0.003775,0.041212,5.075771,0.000000,0.000000,5.000000,0.086336,0
1784303851.688725,CONST330,TRACKING,330,22.064288,41.642480,-0.001511,0.036546,5.078703,0.000000,0.000000,5.000000,0.086788,0
1784303851.738665,CONST330,TRACKING,330,22.683180,23.857482,0.002544,0.027645,5.080056,0.000000,0.000000,5.000000,0.084733,0
1784303851.788694,CONST330,TRACKING,330,23.720319,43.121546,0.004340,0.023547,5.081974,0.000000,0.000000,5.000000,0.085399,0
1784303851.838681,CONST330,TRACKING,330,35.666827,37.028143,0.007698,0.015195,5.088560,0.000000,0.000000,5.000000,0.090183,0
1784303851.888705,CONST330,TRACKING,330,26.138321,40.265483,0.008877,0.011676,5.089562,0.000000,0.000000,5.000000,0.090755,0
1784303851.938666,CONST330,TRACKING,330,31.510793,32.854738,0.006801,0.010621,5.093139,0.000000,0.000000,5.000000,0.093989,0
1784303851.988672,CONST330,TRACKING,330,28.428351,46.780058,0.005913,0.009856,5.092487,0.000000,0.000000,5.000000,0.093198,0
1784303852.038685,CONST330,TRACKING,330,27.749739,29.088809,0.006771,0.008492,5.088937,0.000000,0.000000,5.000000,0.089598,0
1784303852.088677,CONST330,TRACKING,330,23.106850,42.548486,0.008101,0.007896,5.086493,0.000000,0.000000,5.000000,0.087230,0
1784303852.138676,CONST330,TRACKING,330,25.945072,27.122903,0.011489,0.006197,5.081757,0.000000,0.000000,5.000000,0.082792,0
1784303852.188722,CONST330,TRACKING,330,22.378859,41.878342,0.014365,0.004763,5.080258,0.000000,0.000000,5.000000,0.081672,0
1784303852.238696,CONST330,TRACKING,330,27.626278,28.860237,0.020458,0.001551,5.072408,0.000000,0.000000,5.000000,0.075259,0
1784303852.288825,CONST330,TRACKING,330,22.786519,42.451914,0.023934,0.000626,5.072083,0.000000,0.000000,5.000000,0.075956,0
1784303852.338682,CONST330,TRACKING,330,42.760217,43.909485,0.030760,-0.000949,5.073650,0.000000,0.000000,5.000000,0.079821,0
1784303852.388661,CONST330,TRACKING,330,19.301832,26.387024,0.033604,-0.001748,5.073662,0.000000,0.000000,5.000000,0.080984,0
1784303852.438666,CONST330,TRACKING,330,31.529747,32.683655,0.039913,-0.001974,5.072667,0.000000,0.000000,5.000000,0.082930,0
1784303852.488687,CONST330,TRACKING,330,25.837197,44.202147,0.042408,-0.001850,5.071592,0.000000,0.000000,5.000000,0.083230,0
1784303852.538666,CONST330,TRACKING,330,28.694660,29.793576,0.048052,-0.002006,5.069968,0.000000,0.000000,5.000000,0.084903,0
1784303852.588712,CONST330,TRACKING,330,26.068816,45.604445,0.050748,-0.002272,5.067461,0.000000,0.000000,5.000000,0.084448,0
1784303852.638681,CONST330,TRACKING,330,34.272090,35.582408,0.055369,-0.004045,5.065328,0.000000,0.000000,5.000000,0.085731,0
1784303852.688680,CONST330,TRACKING,330,32.591978,48.174465,0.056888,-0.006042,5.065886,0.000000,0.000000,5.000000,0.087257,0
1784303852.738655,CONST330,TRACKING,330,30.959577,32.270978,0.059094,-0.010519,5.061250,0.000000,0.000000,5.000000,0.085757,0
1784303852.788697,CONST330,TRACKING,330,38.800960,57.767728,0.059352,-0.014132,5.056786,0.000000,0.000000,5.000000,0.083349,0
1784303852.838687,CONST330,TRACKING,330,30.587632,31.916994,0.057972,-0.024380,5.051075,0.000000,0.000000,5.000000,0.081017,0
1784303852.888684,CONST330,TRACKING,330,22.621384,41.894079,0.056890,-0.028454,5.049075,0.000000,0.000000,5.000000,0.080339,0
1784303852.938695,CONST330,TRACKING,330,34.000393,35.265042,0.054108,-0.041316,5.049258,0.000000,0.000000,5.000000,0.084030,0
1784303852.988679,CONST330,TRACKING,330,28.276723,44.140904,0.052356,-0.046871,5.048015,0.000000,0.000000,5.000000,0.085108,0
1784303853.038660,CONST330,TRACKING,330,42.869206,44.161776,0.047729,-0.057561,5.045855,0.000000,0.000000,5.000000,0.087715,0
1784303853.088677,CONST330,TRACKING,330,20.926454,27.937297,0.045337,-0.061531,5.045454,0.000000,0.000000,5.000000,0.088925,0
1784303853.138688,CONST330,TRACKING,330,42.814200,43.992825,0.039879,-0.067711,5.044739,0.000000,0.000000,5.000000,0.090425,0
1784303853.188719,CONST330,TRACKING,330,23.899582,30.964923,0.035729,-0.069250,5.048329,0.000000,0.000000,5.000000,0.091694,0
1784303853.238712,CONST330,TRACKING,330,39.935095,41.133611,0.026411,-0.071435,5.056991,0.000000,0.000000,5.000000,0.095124,0
1784303853.288896,CONST330,TRACKING,330,31.844245,41.854206,0.022266,-0.068839,5.062963,0.000000,0.000000,5.000000,0.095911,0
1784303853.338698,CONST330,TRACKING,330,29.087425,30.287577,0.014197,-0.061770,5.075344,0.000000,0.000000,5.000000,0.098458,0
1784303853.388672,CONST330,TRACKING,330,28.762303,48.310502,0.010254,-0.058367,5.079213,0.000000,0.000000,5.000000,0.098927,0
1784303853.438673,CONST330,TRACKING,330,25.680917,26.832723,0.000079,-0.045411,5.078238,0.000000,0.000000,5.000000,0.090462,0
1784303853.488697,CONST330,TRACKING,330,26.636636,46.035172,-0.004190,-0.039610,5.077175,0.000000,0.000000,5.000000,0.086848,0
1784303853.538669,CONST330,TRACKING,330,35.944221,37.152809,-0.010901,-0.029963,5.076864,0.000000,0.000000,5.000000,0.083214,0
1784303853.588841,CONST330,TRACKING,330,19.968986,34.039554,-0.013690,-0.025726,5.075685,0.000000,0.000000,5.000000,0.081101,0
1784303853.638685,CONST330,TRACKING,330,33.882128,35.210918,-0.020530,-0.016174,5.068546,0.000000,0.000000,5.000000,0.073360,0
1784303853.688674,CONST330,TRACKING,330,26.174123,42.080184,-0.024727,-0.011583,5.066877,0.000000,0.000000,5.000000,0.072236,0
1784303853.738679,CONST330,TRACKING,330,31.214202,32.358623,-0.032673,-0.002777,5.061779,0.000000,0.000000,5.000000,0.069942,0
1784303853.788682,CONST330,TRACKING,330,23.659239,42.340794,-0.036474,0.001336,5.060290,0.000000,0.000000,5.000000,0.070477,0
1784303853.838692,CONST330,TRACKING,330,38.793436,39.913018,-0.044605,0.010092,5.057009,0.000000,0.000000,5.000000,0.073085,0
1784303853.888675,CONST330,TRACKING,330,19.910012,30.908857,-0.047921,0.013810,5.054452,0.000000,0.000000,5.000000,0.073839,0
1784303853.938716,CONST330,TRACKING,330,27.248674,28.488643,-0.054352,0.017346,5.053629,0.000000,0.000000,5.000000,0.078302,0
1784303853.988677,CONST330,TRACKING,330,25.594848,45.015143,-0.057251,0.019291,5.052851,0.000000,0.000000,5.000000,0.080268,0
1784303854.038692,CONST330,TRACKING,330,25.235828,26.436993,-0.062606,0.024874,5.050102,0.000000,0.000000,5.000000,0.083955,0
1784303854.088693,CONST330,TRACKING,330,23.725591,43.228321,-0.064142,0.027627,5.046956,0.000000,0.000000,5.000000,0.084156,0
1784303854.138712,CONST330,TRACKING,330,34.728227,35.968455,-0.065285,0.032455,5.040424,0.000000,0.000000,5.000000,0.083364,0
1784303854.188687,CONST330,TRACKING,330,27.262852,42.332298,-0.064570,0.034326,5.038830,0.000000,0.000000,5.000000,0.082797,0
1784303854.238669,CONST330,TRACKING,330,26.866229,28.026862,-0.061984,0.037851,5.033095,0.000000,0.000000,5.000000,0.079813,0
1784303854.288676,CONST330,TRACKING,330,21.666472,41.141513,-0.059504,0.038163,5.030082,0.000000,0.000000,5.000000,0.076825,0
1784303854.338667,CONST330,TRACKING,330,25.686790,26.688736,-0.053247,0.038247,5.022976,0.000000,0.000000,5.000000,0.069469,0
1784303854.388684,CONST330,TRACKING,330,23.414648,42.972562,-0.049731,0.038392,5.020468,0.000000,0.000000,5.000000,0.066076,0
1784303854.438691,CONST330,TRACKING,330,28.224482,29.457594,-0.042810,0.034037,5.024529,0.000000,0.000000,5.000000,0.059941,0
1784303854.488713,CONST330,TRACKING,330,28.785924,48.347482,-0.039549,0.032157,5.027153,0.000000,0.000000,5.000000,0.057753,0
1784303854.538699,CONST330,TRACKING,330,21.466609,22.547605,-0.030876,0.031290,5.028908,0.000000,0.000000,5.000000,0.052612,0
1784303854.588698,CONST330,TRACKING,330,39.013741,58.556853,-0.025990,0.031384,5.028206,0.000000,0.000000,5.000000,0.049559,0
1784303854.638693,CONST330,TRACKING,330,19.361549,20.733784,-0.015185,0.031277,5.027753,0.000000,0.000000,5.000000,0.044487,0
1784303854.688712,CONST330,TRACKING,330,23.614249,43.233630,-0.010794,0.031699,5.029346,0.000000,0.000000,5.000000,0.044525,0
1784303854.738671,CONST330,TRACKING,330,25.154557,26.454820,-0.003077,0.031560,5.033586,0.000000,0.000000,5.000000,0.046190,0
1784303854.788702,CONST330,TRACKING,330,22.200302,41.653051,-0.000549,0.030453,5.035961,0.000000,0.000000,5.000000,0.047126,0
1784303854.839195,CONST330,TRACKING,330,20.231219,22.087813,0.002549,0.026057,5.034770,0.000000,0.000000,5.000000,0.043525,0
1784303854.888712,CONST330,TRACKING,330,20.705119,40.113619,0.003518,0.023936,5.032259,0.000000,0.000000,5.000000,0.040322,0
1784303854.938686,CONST330,TRACKING,330,88.983984,90.131384,0.005717,0.021077,5.024741,0.000000,0.000000,5.000000,0.033001,1
1784303855.027848,CONST330,TRACKING,330,86.577279,176.881590,0.005717,0.021077,5.024741,0.000000,0.000000,5.000000,0.033001,1
1784303855.114602,CONST330,TRACKING,330,77.033361,77.058861,0.006672,0.019312,5.021693,0.000000,0.000000,5.000000,0.029800,1
1784303855.193556,CONST330,TRACKING,330,59.733429,59.753181,0.008777,0.014167,5.016824,0.000000,0.000000,5.000000,0.023681,1
1784303855.256401,CONST330,TRACKING,330,83.686966,83.703812,0.010782,0.009663,5.013679,0.000000,0.000000,5.000000,0.019919,1
1784303855.343931,CONST330,TRACKING,330,68.978474,69.001133,0.021852,0.002581,5.014334,0.000000,0.000000,5.000000,0.026261,1
1784303855.413462,CONST330,TRACKING,330,89.818296,89.841359,0.029708,-0.000556,5.019331,0.000000,0.000000,5.000000,0.035447,1
1784303855.505288,CONST330,TRACKING,330,89.332458,89.357895,0.036385,-0.002083,5.027709,0.000000,0.000000,5.000000,0.045782,1
1784303855.594799,CONST330,TRACKING,330,97.686628,97.714528,0.039777,-0.001207,5.045564,0.000000,0.000000,5.000000,0.060496,1
1784303855.692665,CONST330,TRACKING,330,88.009304,88.043806,0.042380,-0.002320,5.067292,0.000000,0.000000,5.000000,0.079560,1
1784303855.785548,CONST330,TRACKING,330,89.734538,89.762579,0.040859,-0.004121,5.081697,0.000000,0.000000,5.000000,0.091438,1
1784303855.875482,CONST330,TRACKING,330,73.844728,73.879200,0.034469,-0.002575,5.090898,0.000000,0.000000,5.000000,0.097248,1
1784303855.950804,CONST330,TRACKING,330,29.027063,29.054429,0.029432,0.001392,5.096158,0.000000,0.000000,5.000000,0.100571,0
1784303855.988652,CONST330,TRACKING,330,70.056203,78.694263,0.015020,0.008579,5.097392,0.000000,0.000000,5.000000,0.098916,1
1784303856.058868,CONST330,TRACKING,330,66.951177,145.799142,0.015020,0.008579,5.097392,0.000000,0.000000,5.000000,0.098916,1
1784303856.128442,CONST330,TRACKING,330,56.195305,56.225096,0.012355,0.009366,5.094006,0.000000,0.000000,5.000000,0.095275,1
1784303856.188400,CONST330,TRACKING,330,68.822310,68.850542,0.010143,0.009953,5.089600,0.000000,0.000000,5.000000,0.090720,1
1784303856.259418,CONST330,TRACKING,330,84.938091,84.969622,0.006447,0.010320,5.085057,0.000000,0.000000,5.000000,0.085923,1
1784303856.348848,CONST330,TRACKING,330,68.820125,68.852466,0.003778,0.009843,5.083829,0.000000,0.000000,5.000000,0.084490,1
1784303856.417874,CONST330,TRACKING,330,70.651486,70.685876,0.002023,0.009132,5.082566,0.000000,0.000000,5.000000,0.083094,1
1784303856.488685,CONST330,TRACKING,330,43.300931,43.333056,0.000437,0.008302,5.078498,0.000000,0.000000,5.000000,0.078937,0
1784303856.539322,CONST330,TRACKING,330,59.597157,66.742136,0.002687,0.002349,5.079132,0.000000,0.000000,5.000000,0.079213,1
1784303856.599100,CONST330,TRACKING,330,62.659777,62.690885,0.003246,0.002449,5.083278,0.000000,0.000000,5.000000,0.083377,1
1784303856.661972,CONST330,TRACKING,330,31.056083,31.090549,0.003793,0.002468,5.085020,0.000000,0.000000,5.000000,0.085140,0
1784303856.693251,CONST330,TRACKING,330,30.717058,30.750750,0.004297,0.002285,5.083764,0.000000,0.000000,5.000000,0.083905,0
1784303856.738649,CONST330,TRACKING,330,64.256463,64.581548,0.005275,-0.003763,5.074301,0.000000,0.000000,5.000000,0.074583,1
1784303856.803025,CONST330,TRACKING,330,76.403105,141.103049,0.005275,-0.003763,5.074301,0.000000,0.000000,5.000000,0.074583,1
1784303856.880265,CONST330,TRACKING,330,56.001861,56.033912,0.004503,-0.005308,5.071581,0.000000,0.000000,5.000000,0.071919,1
1784303856.936815,CONST330,TRACKING,330,79.465477,79.496831,0.002817,-0.006585,5.069666,0.000000,0.000000,5.000000,0.070034,1
1784303857.022796,CONST330,TRACKING,330,65.547728,65.578417,-0.000670,-0.009628,5.064983,0.000000,0.000000,5.000000,0.065696,1
1784303857.089848,CONST330,TRACKING,330,79.467099,79.499139,-0.004567,-0.008632,5.063074,0.000000,0.000000,5.000000,0.063825,1
1784303857.169524,CONST330,TRACKING,330,85.016321,85.051286,-0.010731,-0.010021,5.058095,0.000000,0.000000,5.000000,0.059922,1
1784303857.260040,CONST330,TRACKING,330,63.142229,63.178708,-0.014012,-0.012560,5.056661,0.000000,0.000000,5.000000,0.059704,1
1784303857.323500,CONST330,TRACKING,330,43.151227,43.191623,-0.019582,-0.013722,5.056078,0.000000,0.000000,5.000000,0.060963,0
1784303857.366842,CONST330,TRACKING,330,28.740851,28.771629,-0.022791,-0.013923,5.055654,0.000000,0.000000,5.000000,0.061730,0
1784303857.395790,CONST330,TRACKING,330,28.863992,28.897347,-0.026425,-0.014027,5.054029,0.000000,0.000000,5.000000,0.061759,0
1784303857.440345,CONST330,TRACKING,330,68.659844,84.059882,-0.040786,-0.017431,5.063194,0.000000,0.000000,5.000000,0.077206,1
1784303857.509198,CONST330,TRACKING,330,84.811839,84.843627,-0.043916,-0.018093,5.066757,0.000000,0.000000,5.000000,0.081930,1
1784303857.600076,CONST330,TRACKING,330,83.735849,83.773032,-0.046215,-0.018366,5.068004,0.000000,0.000000,5.000000,0.084248,1
1784303857.684773,CONST330,TRACKING,330,87.335954,88.031154,-0.047828,-0.015664,5.061584,0.000000,0.000000,5.000000,0.079532,1
1784303857.775517,CONST330,TRACKING,330,85.928432,85.975034,-0.045750,-0.009360,5.041516,0.000000,0.000000,5.000000,0.062484,1
1784303857.861648,CONST330,TRACKING,330,84.291529,84.327724,-0.043245,-0.007542,5.032565,0.000000,0.000000,5.000000,0.054658,1
1784303857.949888,CONST330,TRACKING,330,60.257981,60.293285,-0.036547,-0.007000,5.022213,0.000000,0.000000,5.000000,0.043337,1
1784303858.010397,CONST330,TRACKING,330,55.750789,55.788120,-0.029594,-0.006607,5.013041,0.000000,0.000000,5.000000,0.033008,1
1784303858.069405,CONST330,TRACKING,330,53.007268,53.034070,-0.025977,-0.004517,5.010258,0.000000,0.000000,5.000000,0.028292,1
1784303858.125731,CONST330,TRACKING,330,53.530183,53.555552,-0.018708,0.000084,5.003122,0.000000,0.000000,5.000000,0.018967,1
1784303858.184348,CONST330,TRACKING,330,57.586773,57.611450,-0.011901,0.007504,5.000163,0.000000,0.000000,5.000000,0.014070,1
1784303858.242097,CONST330,TRACKING,330,41.047934,41.078461,-0.005629,0.014469,4.998785,0.000000,0.000000,5.000000,0.015573,0
1784303858.290331,CONST330,TRACKING,330,59.664414,66.675270,0.021656,0.028226,5.019324,0.000000,0.000000,5.000000,0.040486,1
1784303858.350149,CONST330,TRACKING,330,59.766687,126.590443,0.021656,0.028226,5.019324,0.000000,0.000000,5.000000,0.040486,1
1784303858.410107,CONST330,TRACKING,330,64.738917,64.769367,0.027958,0.028768,5.026691,0.000000,0.000000,5.000000,0.048183,1
1784303858.474966,CONST330,TRACKING,330,28.154144,28.179749,0.033782,0.029361,5.034372,0.000000,0.000000,5.000000,0.056433,0
1784303858.503272,CONST330,TRACKING,330,34.556132,34.586162,0.039239,0.030036,5.041320,0.000000,0.000000,5.000000,0.064414,0
1784303858.540027,CONST330,TRACKING,330,32.181708,32.210391,0.043543,0.028972,5.049597,0.000000,0.000000,5.000000,0.072078,0
1784303858.591339,CONST330,TRACKING,330,55.735895,74.337804,0.061559,0.028771,5.078668,0.000000,0.000000,5.000000,0.103952,1
1784303858.651390,CONST330,TRACKING,330,67.205905,145.856057,0.061559,0.028771,5.078668,0.000000,0.000000,5.000000,0.103952,1
1784303858.722431,CONST330,TRACKING,330,59.537953,59.592386,0.064220,0.029294,5.083172,0.000000,0.000000,5.000000,0.109087,1
1784303858.784113,CONST330,TRACKING,330,56.628984,56.663233,0.066250,0.030065,5.091113,0.000000,0.000000,5.000000,0.116595,1
1784303858.844435,CONST330,TRACKING,330,56.839320,56.867772,0.066448,0.031505,5.111092,0.000000,0.000000,5.000000,0.133226,1
1784303858.906949,CONST330,TRACKING,330,55.672158,55.702433,0.064917,0.032306,5.130802,0.000000,0.000000,5.000000,0.149556,1
1784303858.965100,CONST330,TRACKING,330,82.777835,82.809358,0.063244,0.032193,5.140158,0.000000,0.000000,5.000000,0.157100,1
1784303859.048035,CONST330,TRACKING,330,78.331221,78.360128,0.055739,0.030694,5.154232,0.000000,0.000000,5.000000,0.166843,1
1784303859.127886,CONST330,TRACKING,330,56.604499,56.630971,0.049115,0.027967,5.160013,0.000000,0.000000,5.000000,0.169701,1
1784303859.188399,CONST330,TRACKING,330,73.471581,73.500390,0.038034,0.022293,5.167391,0.000000,0.000000,5.000000,0.173099,1
1784303859.262024,CONST330,TRACKING,330,89.980724,90.014521,0.027197,0.016176,5.166041,0.000000,0.000000,5.000000,0.169029,1
1784303859.355399,CONST330,TRACKING,330,90.456699,90.502503,0.010096,0.012708,5.164710,0.000000,0.000000,5.000000,0.165508,1
1784303859.446027,CONST330,TRACKING,330,106.889627,106.922247,-0.005607,0.006953,5.149960,0.000000,0.000000,5.000000,0.150226,1
1784303859.553114,CONST330,TRACKING,330,65.733752,65.773365,-0.017085,0.000876,5.130055,0.000000,0.000000,5.000000,0.131176,1
1784303859.622450,CONST330,TRACKING,330,74.741343,74.775205,-0.023618,-0.004013,5.109658,0.000000,0.000000,5.000000,0.112245,1
1784303859.700769,CONST330,TRACKING,330,89.525825,89.554051,-0.026991,-0.009506,5.085215,0.000000,0.000000,5.000000,0.089891,1
1784303859.793420,CONST330,TRACKING,330,68.147757,68.178639,-0.029645,-0.019006,5.053724,0.000000,0.000000,5.000000,0.064236,1
1784303859.864818,CONST330,TRACKING,330,58.228580,58.263298,-0.031285,-0.024098,5.035458,0.000000,0.000000,5.000000,0.053072,1
1784303859.923233,CONST330,TRACKING,330,60.371040,60.401743,-0.031901,-0.030157,5.009706,0.000000,0.000000,5.000000,0.044959,1
1784303859.984273,CONST330,TRACKING,330,66.154769,66.178983,-0.031790,-0.039073,4.986228,0.000000,0.000000,5.000000,0.052220,1
1784303860.053427,CONST330,TRACKING,330,90.522594,90.551699,-0.034291,-0.045842,4.967799,0.000000,0.000000,5.000000,0.065683,1
1784303860.147438,CONST330,TRACKING,330,58.430906,58.462464,-0.040103,-0.051952,4.948068,0.000000,0.000000,5.000000,0.083691,1
1784303860.207426,CONST330,TRACKING,330,68.026973,68.057416,-0.043342,-0.053652,4.952124,0.000000,0.000000,5.000000,0.083960,1
1784303860.275613,CONST330,TRACKING,330,58.611060,58.641188,-0.045554,-0.053887,4.962417,0.000000,0.000000,5.000000,0.079947,1
1784303860.334399,CONST330,TRACKING,330,65.097390,65.129949,-0.046487,-0.053245,4.969533,0.000000,0.000000,5.000000,0.076969,1
1784303860.399719,CONST330,TRACKING,330,89.570833,89.605680,-0.047475,-0.052097,4.982580,0.000000,0.000000,5.000000,0.072605,1
1784303860.494406,CONST330,TRACKING,330,92.872880,92.905986,-0.048196,-0.051266,5.008295,0.000000,0.000000,5.000000,0.070851,1
1784303860.587451,CONST330,TRACKING,330,68.505889,68.536548,-0.046314,-0.048164,5.043546,0.000000,0.000000,5.000000,0.079756,1
1784303860.659427,CONST330,TRACKING,330,60.079441,60.109896,-0.044132,-0.045984,5.067142,0.000000,0.000000,5.000000,0.092576,1
1784303860.719683,CONST330,TRACKING,330,60.823637,60.854816,-0.039390,-0.046132,5.091644,0.000000,0.000000,5.000000,0.109902,1
1784303860.780675,CONST330,TRACKING,330,77.871441,77.904127,-0.031552,-0.043185,5.113181,0.000000,0.000000,5.000000,0.125181,1
1784303860.862364,CONST330,TRACKING,330,92.785632,92.818251,-0.021579,-0.036286,5.127393,0.000000,0.000000,5.000000,0.134206,1
1784303860.957912,CONST330,TRACKING,330,79.699210,79.728992,-0.008758,-0.028125,5.149887,0.000000,0.000000,5.000000,0.152754,1
1784303861.041414,CONST330,TRACKING,330,87.138143,87.166377,0.003374,-0.020953,5.175036,0.000000,0.000000,5.000000,0.176318,1
1784303861.128753,CONST330,TRACKING,330,87.428826,87.458786,0.009267,-0.016363,5.183276,0.000000,0.000000,5.000000,0.184238,1
1784303861.216374,CONST330,TRACKING,330,95.031720,95.060047,0.022095,-0.009952,5.174891,0.000000,0.000000,5.000000,0.176561,1
1784303861.311575,CONST330,TRACKING,330,80.662291,80.694512,0.034538,-0.006321,5.163806,0.000000,0.000000,5.000000,0.167527,1
1784303861.392496,CONST330,TRACKING,330,68.502631,68.545000,0.042998,-0.004537,5.154409,0.000000,0.000000,5.000000,0.160349,1
1784303861.461230,CONST330,TRACKING,330,63.780688,63.818573,0.051113,0.003232,5.139949,0.000000,0.000000,5.000000,0.149026,1
1784303861.527457,CONST330,TRACKING,330,61.267804,61.305873,0.058243,0.012152,5.114524,0.000000,0.000000,5.000000,0.129057,1
1784303861.590367,CONST330,TRACKING,330,62.206439,62.242859,0.061389,0.021949,5.085433,0.000000,0.000000,5.000000,0.107467,1
1784303861.654469,CONST330,TRACKING,330,61.220508,61.255416,0.064348,0.030179,5.056179,0.000000,0.000000,5.000000,0.090595,1
1784303861.720166,CONST330,TRACKING,330,62.954049,62.995156,0.068815,0.035780,5.033284,0.000000,0.000000,5.000000,0.084401,1
1784303861.786526,CONST330,TRACKING,330,95.791859,95.835744,0.072782,0.040247,5.010813,0.000000,0.000000,5.000000,0.083869,1
1784303861.882532,CONST330,TRACKING,330,72.033926,72.069933,0.075294,0.043716,4.992287,0.000000,0.000000,5.000000,0.087405,1
1784303861.954938,CONST330,TRACKING,330,65.758907,65.798443,0.075787,0.041664,4.995786,0.000000,0.000000,5.000000,0.086587,1
1784303862.023319,CONST330,TRACKING,330,96.675107,96.730656,0.074558,0.038046,4.998367,0.000000,0.000000,5.000000,0.083721,1
1784303862.124220,CONST330,TRACKING,330,90.525911,90.562151,0.066799,0.025852,5.008666,0.000000,0.000000,5.000000,0.072150,1
1784303862.218457,CONST330,TRACKING,330,101.964106,102.001783,0.057274,0.011354,5.022398,0.000000,0.000000,5.000000,0.062537,1
1784303862.320662,CONST330,TRACKING,330,87.284338,87.323602,0.044870,-0.003469,5.030403,0.000000,0.000000,5.000000,0.054311,1
1784303862.411450,CONST330,TRACKING,330,62.372285,62.409532,0.029848,-0.018430,5.052591,0.000000,0.000000,5.000000,0.063217,1
1784303862.474032,CONST330,TRACKING,330,62.482555,62.522082,0.021501,-0.024295,5.074350,0.000000,0.000000,5.000000,0.081120,1
1784303862.540466,CONST330,TRACKING,330,89.609132,89.647957,0.010526,-0.029353,5.092195,0.000000,0.000000,5.000000,0.097326,1
1784303862.636549,CONST330,TRACKING,330,90.344057,90.393802,-0.003795,-0.034980,5.106846,0.000000,0.000000,5.000000,0.112491,1
1784303862.730479,CONST330,TRACKING,330,58.420364,58.460091,-0.020687,-0.051175,5.136560,0.000000,0.000000,5.000000,0.147294,1
1784303862.793463,CONST330,TRACKING,330,62.427302,62.465085,-0.031934,-0.064703,5.154139,0.000000,0.000000,5.000000,0.170191,1
1784303862.858008,CONST330,TRACKING,330,69.280694,69.319550,-0.039168,-0.078088,5.164874,0.000000,0.000000,5.000000,0.186588,1
1784303862.927502,CONST330,TRACKING,330,92.751077,92.788418,-0.047328,-0.090999,5.169940,0.000000,0.000000,5.000000,0.198495,1
1784303863.020499,CONST330,TRACKING,330,97.767029,97.810016,-0.061296,-0.110984,5.179886,0.000000,0.000000,5.000000,0.220076,1
1784303863.122300,CONST330,TRACKING,330,83.868565,83.910801,-0.071085,-0.127633,5.182819,0.000000,0.000000,5.000000,0.234021,1
1784303863.207077,CONST330,TRACKING,330,75.791802,75.831747,-0.079787,-0.138733,5.172154,0.000000,0.000000,5.000000,0.235053,1
1784303863.283531,CONST330,TRACKING,330,73.058683,73.095452,-0.084292,-0.141509,5.156976,0.000000,0.000000,5.000000,0.227533,1
1784303863.359447,CONST330,TRACKING,330,71.770983,71.808137,-0.086755,-0.140773,5.137262,0.000000,0.000000,5.000000,0.214906,1
1784303863.431439,CONST330,TRACKING,330,76.167445,76.204929,-0.086383,-0.137200,5.114561,0.000000,0.000000,5.000000,0.198520,1
1784303863.513565,CONST330,TRACKING,330,74.031547,74.078307,-0.080422,-0.130241,5.091322,0.000000,0.000000,5.000000,0.178241,1
1784303863.589967,CONST330,TRACKING,330,76.340607,76.378726,-0.079562,-0.126461,5.088007,0.000000,0.000000,5.000000,0.173401,1
1784303863.667515,CONST330,TRACKING,330,74.027367,74.071268,-0.078022,-0.121705,5.078230,0.000000,0.000000,5.000000,0.164377,1
1784303863.745323,CONST330,TRACKING,330,70.785623,70.824979,-0.075055,-0.111117,5.055959,0.000000,0.000000,5.000000,0.145299,1
1784303863.818125,CONST330,TRACKING,330,72.641304,72.683412,-0.069812,-0.100678,5.036484,0.000000,0.000000,5.000000,0.127832,1
1784303863.892455,CONST330,TRACKING,330,70.834266,71.878722,-0.063471,-0.089209,5.022615,0.000000,0.000000,5.000000,0.111795,1
1784303863.964496,CONST330,TRACKING,330,91.779250,91.816847,-0.056724,-0.081152,5.013424,0.000000,0.000000,5.000000,0.099918,1
1784303864.060462,CONST330,TRACKING,330,82.716426,82.755877,-0.045441,-0.066267,5.004556,0.000000,0.000000,5.000000,0.080480,1
1784303864.143418,CONST330,TRACKING,330,95.787808,95.827276,-0.035091,-0.051153,4.999549,0.000000,0.000000,5.000000,0.062034,1
1784303864.239987,CONST330,TRACKING,330,101.709894,101.745930,-0.021279,-0.039547,5.013722,0.000000,0.000000,5.000000,0.046958,1
1784303864.341907,CONST330,TRACKING,330,94.821560,94.858772,-0.010397,-0.029716,5.029838,0.000000,0.000000,5.000000,0.043375,1
1784303864.437629,CONST330,TRACKING,330,97.107720,97.148124,0.002859,-0.021285,5.048170,0.000000,0.000000,5.000000,0.052741,1
1784303864.534967,CONST330,TRACKING,330,97.661228,97.698446,0.012046,-0.016804,5.049755,0.000000,0.000000,5.000000,0.053880,1
1784303864.633346,CONST330,TRACKING,330,99.149947,99.185255,0.028352,-0.015763,5.050942,0.000000,0.000000,5.000000,0.060394,1
1784303864.732707,CONST330,TRACKING,330,87.812808,87.850383,0.042508,-0.011725,5.064067,0.000000,0.000000,5.000000,0.077775,1
1784303864.820792,CONST330,TRACKING,330,71.799549,71.841911,0.051876,-0.002710,5.074407,0.000000,0.000000,5.000000,0.090746,1
1784303864.898417,CONST330,TRACKING,330,61.016597,61.054119,0.056844,0.006902,5.074759,0.000000,0.000000,5.000000,0.094169,1
1784303864.963439,CONST330,TRACKING,330,72.954570,72.994370,0.065017,0.011754,5.075199,0.000000,0.000000,5.000000,0.100101,1
1784303865.037792,CONST330,TRACKING,330,61.052224,61.094393,0.074830,0.023174,5.069955,0.000000,0.000000,5.000000,0.105026,1
1784303865.102476,CONST330,TRACKING,330,65.673803,65.709568,0.079071,0.037809,5.070540,0.000000,0.000000,5.000000,0.112506,1
1784303865.169453,CONST330,TRACKING,330,72.145089,72.185033,0.080480,0.045575,5.079010,0.000000,0.000000,5.000000,0.121642,1
1784303865.245496,CONST330,TRACKING,330,62.771725,62.811063,0.080675,0.050602,5.092082,0.000000,0.000000,5.000000,0.132469,1
1784303865.310360,CONST330,TRACKING,330,64.574673,64.611039,0.082602,0.056009,5.105059,0.000000,0.000000,5.000000,0.144905,1
1784303865.378454,CONST330,TRACKING,330,67.810473,67.848195,0.084186,0.060079,5.112670,0.000000,0.000000,5.000000,0.152942,1
1784303865.449569,CONST330,TRACKING,330,72.521535,72.563078,0.084749,0.059022,5.125613,0.000000,0.000000,5.000000,0.162618,1
1784303865.523193,CONST330,TRACKING,330,68.753688,68.790078,0.084260,0.056574,5.133970,0.000000,0.000000,5.000000,0.168072,1
1784303865.592183,CONST330,TRACKING,330,70.610844,70.651272,0.083346,0.052065,5.147307,0.000000,0.000000,5.000000,0.177078,1
1784303865.663003,CONST330,TRACKING,330,69.250282,69.289860,0.081232,0.048678,5.157118,0.000000,0.000000,5.000000,0.183451,1
1784303865.734430,CONST330,TRACKING,330,66.029402,66.069162,0.079847,0.047247,5.163677,0.000000,0.000000,5.000000,0.188143,1
1784303865.800730,CONST330,TRACKING,330,69.499335,69.541093,0.077549,0.045503,5.163005,0.000000,0.000000,5.000000,0.186159,1
1784303865.870414,CONST330,TRACKING,330,65.640098,65.677385,0.068505,0.039311,5.163943,0.000000,0.000000,5.000000,0.181977,1
1784303865.943019,CONST330,TRACKING,330,68.331588,68.368543,0.059525,0.032541,5.167405,0.000000,0.000000,5.000000,0.180628,1
1784303866.013706,CONST330,TRACKING,330,73.642502,73.679510,0.049971,0.025678,5.166287,0.000000,0.000000,5.000000,0.175522,1
1784303866.088062,CONST330,TRACKING,330,82.215397,82.250663,0.042778,0.021004,5.163081,0.000000,0.000000,5.000000,0.169901,1
1784303866.176485,CONST330,TRACKING,330,103.918280,103.953677,0.030281,0.014972,5.134835,0.000000,0.000000,5.000000,0.139002,1
1784303866.280592,CONST330,TRACKING,330,68.907518,68.944115,0.018109,0.009726,5.109943,0.000000,0.000000,5.000000,0.111849,1
1784303866.349760,CONST330,TRACKING,330,64.624313,64.666511,0.010865,0.004660,5.099049,0.000000,0.000000,5.000000,0.099752,1
1784303866.414653,CONST330,TRACKING,330,66.926364,66.969950,0.001150,-0.002064,5.093456,0.000000,0.000000,5.000000,0.093486,1
1784303866.483508,CONST330,TRACKING,330,66.374266,66.416038,-0.008492,-0.010213,5.093981,0.000000,0.000000,5.000000,0.094915,1
1784303866.553652,CONST330,TRACKING,330,67.547721,67.584572,-0.018705,-0.016262,5.092461,0.000000,0.000000,5.000000,0.095726,1
1784303866.622147,CONST330,TRACKING,330,65.611815,65.647750,-0.031664,-0.020647,5.084328,0.000000,0.000000,5.000000,0.092413,1
1784303866.691492,CONST330,TRACKING,330,83.151686,83.189695,-0.041857,-0.021892,5.072220,0.000000,0.000000,5.000000,0.086296,1
1784303866.774834,CONST330,TRACKING,330,94.350802,94.387379,-0.056357,-0.021480,5.061339,0.000000,0.000000,5.000000,0.086023,1
1784303866.870636,CONST330,TRACKING,330,97.959109,97.996526,-0.065742,-0.023678,5.054577,0.000000,0.000000,5.000000,0.088664,1
1784303866.969358,CONST330,TRACKING,330,95.272542,95.310015,-0.072022,-0.025602,5.054441,0.000000,0.000000,5.000000,0.093843,1
1784303867.068455,CONST330,TRACKING,330,90.563530,90.601674,-0.076607,-0.025263,5.054534,0.000000,0.000000,5.000000,0.097369,1
1784303867.165268,CONST330,TRACKING,330,93.322778,93.360373,-0.084387,-0.022511,5.053162,0.000000,0.000000,5.000000,0.102245,1
1784303867.259255,CONST330,TRACKING,330,98.303140,98.337907,-0.095198,-0.027377,5.070575,0.000000,0.000000,5.000000,0.121627,1
1784303867.362253,CONST330,TRACKING,330,88.748275,88.785669,-0.097096,-0.028299,5.096789,0.000000,0.000000,5.000000,0.139988,1
1784303867.457928,CONST330,TRACKING,330,97.042107,97.079330,-0.093059,-0.031002,5.119105,0.000000,0.000000,5.000000,0.154296,1
1784303867.555179,CONST330,TRACKING,330,96.978288,97.013978,-0.085145,-0.036998,5.136179,0.000000,0.000000,5.000000,0.164813,1
1784303867.652400,CONST330,TRACKING,330,98.438379,98.478818,-0.076339,-0.045596,5.154304,0.000000,0.000000,5.000000,0.178091,1
1784303867.757451,CONST330,TRACKING,330,93.438687,93.475498,-0.065624,-0.051633,5.161029,0.000000,0.000000,5.000000,0.181391,1
1784303867.854455,CONST330,TRACKING,330,100.135208,100.170348,-0.054705,-0.057338,5.157845,0.000000,0.000000,5.000000,0.176622,1
1784303867.954798,CONST330,TRACKING,330,102.474343,102.510251,-0.043752,-0.062919,5.150851,0.000000,0.000000,5.000000,0.169201,1
1784303868.058853,CONST330,TRACKING,330,94.487242,94.523710,-0.030194,-0.068200,5.142308,0.000000,0.000000,5.000000,0.160669,1
1784303868.159469,CONST330,TRACKING,330,95.546748,95.580789,-0.015107,-0.072650,5.136122,0.000000,0.000000,5.000000,0.155034,1
1784303868.261534,CONST330,TRACKING,330,94.196791,94.243661,-0.003075,-0.075330,5.127722,0.000000,0.000000,5.000000,0.148314,1
1784303868.355984,CONST330,TRACKING,330,92.578467,92.620101,0.009169,-0.080045,5.128981,0.000000,0.000000,5.000000,0.152077,1
1784303868.452460,CONST330,TRACKING,330,90.739974,90.779087,0.018547,-0.083963,5.121940,0.000000,0.000000,5.000000,0.149208,1
1784303868.552016,CONST330,TRACKING,330,127.120104,127.156011,0.023138,-0.086285,5.108165,0.000000,0.000000,5.000000,0.140286,1
1784303868.680331,CONST330,TRACKING,330,101.869505,101.905801,0.026203,-0.083191,5.092563,0.000000,0.000000,5.000000,0.127182,1
1784303868.788459,CONST330,TRACKING,330,88.813242,88.848475,0.027140,-0.072290,5.071168,0.000000,0.000000,5.000000,0.105011,1
1784303868.884506,CONST330,TRACKING,330,98.110041,98.144870,0.025797,-0.061054,5.059788,0.000000,0.000000,5.000000,0.089262,1
1784303868.985389,CONST330,TRACKING,330,97.878642,98.169325,0.020407,-0.046880,5.051255,0.000000,0.000000,5.000000,0.072397,1
1784303869.089582,CONST330,TRACKING,330,73.948842,73.986123,0.012239,-0.035268,5.049994,0.000000,0.000000,5.000000,0.062394,1
1784303869.163768,CONST330,TRACKING,330,76.789232,76.829443,0.006440,-0.026889,5.053757,0.000000,0.000000,5.000000,0.060451,1
1784303869.241384,CONST330,TRACKING,330,70.790826,70.927553,-0.007647,-0.008298,5.072663,0.000000,0.000000,5.000000,0.073534,1
1784303869.312958,CONST330,TRACKING,330,68.038928,68.076255,-0.018113,0.003144,5.081831,0.000000,0.000000,5.000000,0.083871,1
1784303869.382450,CONST330,TRACKING,330,70.388610,70.424944,-0.029582,0.015552,5.083061,0.000000,0.000000,5.000000,0.089532,1
1784303869.456521,CONST330,TRACKING,330,73.279372,73.323961,-0.039510,0.024241,5.084834,0.000000,0.000000,5.000000,0.096672,1
1784303869.530043,CONST330,TRACKING,330,72.378721,72.420997,-0.048207,0.032749,5.090078,0.000000,0.000000,5.000000,0.107287,1
1784303869.605126,CONST330,TRACKING,330,66.511467,66.548692,-0.058981,0.041335,5.091517,0.000000,0.000000,5.000000,0.116459,1
1784303869.674024,CONST330,TRACKING,330,91.721496,91.761020,-0.064148,0.045334,5.089862,0.000000,0.000000,5.000000,0.119354,1
1784303869.766451,CONST330,TRACKING,330,76.706417,76.742651,-0.068012,0.048035,5.089142,0.000000,0.000000,5.000000,0.121981,1
1784303869.843372,CONST330,TRACKING,330,66.309405,66.347448,-0.072339,0.053133,5.096131,0.000000,0.000000,5.000000,0.131519,1
1784303869.912354,CONST330,TRACKING,330,68.102480,68.139110,-0.073847,0.056979,5.100393,0.000000,0.000000,5.000000,0.137035,1
1784303869.982435,CONST330,TRACKING,330,69.787713,69.827354,-0.073978,0.062531,5.097800,0.000000,0.000000,5.000000,0.137651,1
1784303870.054144,CONST330,TRACKING,330,75.583978,75.628308,-0.072388,0.067734,5.093511,0.000000,0.000000,5.000000,0.136280,1
1784303870.129973,CONST330,TRACKING,330,55.165981,55.206864,-0.069257,0.073709,5.087569,0.000000,0.000000,5.000000,0.133783,1
1784303870.190084,CONST330,TRACKING,330,61.613011,61.655135,-0.066399,0.080106,5.083474,0.000000,0.000000,5.000000,0.133393,1
1784303870.255520,CONST330,TRACKING,330,40.153362,40.191967,-0.064024,0.087097,5.077745,0.000000,0.000000,5.000000,0.133152,0
1784303870.295944,CONST330,TRACKING,330,30.938458,30.972333,-0.062385,0.091625,5.072421,0.000000,0.000000,5.000000,0.132408,0
1784303870.342324,CONST330,TRACKING,330,73.657778,87.627283,-0.052039,0.109694,5.065112,0.000000,0.000000,5.000000,0.137769,1
1784303870.419611,CONST330,TRACKING,330,55.307465,55.337659,-0.049042,0.112434,5.062158,0.000000,0.000000,5.000000,0.137514,1
1784303870.478478,CONST330,TRACKING,330,67.089475,67.129215,-0.046354,0.114074,5.059854,0.000000,0.000000,5.000000,0.136909,1
1784303870.547210,CONST330,TRACKING,330,81.609677,81.638467,-0.042555,0.114528,5.060918,0.000000,0.000000,5.000000,0.136523,1
1784303870.629048,CONST330,TRACKING,330,57.799309,57.832779,-0.034218,0.114201,5.065832,0.000000,0.000000,5.000000,0.136186,1
1784303870.688394,CONST330,TRACKING,330,59.634136,59.662819,-0.026626,0.113083,5.069134,0.000000,0.000000,5.000000,0.135189,1
1784303870.751428,CONST330,TRACKING,330,75.431864,75.465596,-0.020082,0.110747,5.069449,0.000000,0.000000,5.000000,0.132255,1
1784303870.829136,CONST330,TRACKING,330,81.284251,81.323454,-0.014033,0.107228,5.070866,0.000000,0.000000,5.000000,0.129293,1
1784303870.910605,CONST330,TRACKING,330,82.424700,82.465946,-0.006259,0.100125,5.077744,0.000000,0.000000,5.000000,0.126918,1
1784303870.993230,CONST330,TRACKING,330,74.930994,74.972915,0.001661,0.093002,5.083664,0.000000,0.000000,5.000000,0.125107,1
1784303871.068344,CONST330,TRACKING,330,99.099643,99.129887,0.009528,0.085929,5.084869,0.000000,0.000000,5.000000,0.121150,1
1784303871.167941,CONST330,TRACKING,330,67.701660,68.091189,0.023528,0.072384,5.089214,0.000000,0.000000,5.000000,0.117269,1
1784303871.236438,CONST330,TRACKING,330,64.539510,64.574288,0.031092,0.054757,5.075246,0.000000,0.000000,5.000000,0.098117,1
1784303871.304390,CONST330,TRACKING,330,92.378766,92.408795,0.036569,0.031344,5.061934,0.000000,0.000000,5.000000,0.078457,1
1784303871.408443,CONST330,TRACKING,330,91.162904,91.194039,0.040700,0.002568,5.066773,0.000000,0.000000,5.000000,0.078242,1
1784303871.500154,CONST330,TRACKING,330,85.120090,85.149822,0.044963,-0.011670,5.069511,0.000000,0.000000,5.000000,0.083604,1
1784303871.585457,CONST330,TRACKING,330,90.103876,90.132360,0.051904,-0.037499,5.079831,0.000000,0.000000,5.000000,0.102339,1
1784303871.677492,CONST330,TRACKING,330,86.148442,86.176424,0.056695,-0.061278,5.090409,0.000000,0.000000,5.000000,0.123057,1
1784303871.767465,CONST330,TRACKING,330,86.449992,86.475884,0.058926,-0.075629,5.092826,0.000000,0.000000,5.000000,0.133450,1
1784303871.857802,CONST330,TRACKING,330,88.103495,88.128535,0.059098,-0.095007,5.097978,0.000000,0.000000,5.000000,0.148723,1
1784303871.949830,CONST330,TRACKING,330,94.859639,94.888788,0.055662,-0.105784,5.096894,0.000000,0.000000,5.000000,0.153873,1
1784303872.049412,CONST330,TRACKING,330,104.443966,104.472561,0.047051,-0.114703,5.094554,0.000000,0.000000,5.000000,0.155920,1
1784303872.157474,CONST330,TRACKING,330,94.716350,94.751342,0.036000,-0.123037,5.098564,0.000000,0.000000,5.000000,0.161706,1
1784303872.260199,CONST330,TRACKING,330,89.747262,89.775635,0.026442,-0.126209,5.093541,0.000000,0.000000,5.000000,0.159304,1
1784303872.353743,CONST330,TRACKING,330,83.403836,83.440628,0.014572,-0.129257,5.084009,0.000000,0.000000,5.000000,0.154846,1
1784303872.443441,CONST330,TRACKING,330,85.390833,85.423011,0.004722,-0.127272,5.076878,0.000000,0.000000,5.000000,0.148764,1
1784303872.532479,CONST330,TRACKING,330,97.802956,97.847541,-0.000353,-0.122926,5.074207,0.000000,0.000000,5.000000,0.143588,1
1784303872.633397,CONST330,TRACKING,330,100.841791,100.867394,-0.003992,-0.110308,5.077340,0.000000,0.000000,5.000000,0.134778,1
1784303872.737396,CONST330,TRACKING,330,85.828404,85.853247,-0.008452,-0.090817,5.085956,0.000000,0.000000,5.000000,0.125329,1
1784303872.832386,CONST330,TRACKING,330,111.973909,111.997338,-0.010071,-0.080497,5.078260,0.000000,0.000000,5.000000,0.112721,1
1784303872.944537,CONST330,TRACKING,330,99.954997,99.982251,-0.011457,-0.057009,5.058233,0.000000,0.000000,5.000000,0.082294,1
1784303873.049382,CONST330,TRACKING,330,86.787739,86.809788,-0.011562,-0.032666,5.046238,0.000000,0.000000,5.000000,0.057782,1
1784303873.142257,CONST330,TRACKING,330,84.237456,84.259557,-0.012047,-0.008420,5.039115,0.000000,0.000000,5.000000,0.041786,1
1784303873.227394,CONST330,TRACKING,330,85.604214,85.625328,-0.018542,0.008503,5.037102,0.000000,0.000000,5.000000,0.042340,1
1784303873.316745,CONST330,TRACKING,330,82.293067,82.314510,-0.027184,0.032011,5.029134,0.000000,0.000000,5.000000,0.051113,1
1784303873.405336,CONST330,TRACKING,330,89.426511,89.449354,-0.034197,0.060964,5.026071,0.000000,0.000000,5.000000,0.074604,1
1784303873.499418,CONST330,TRACKING,330,78.601012,78.630396,-0.034989,0.083566,5.037060,0.000000,0.000000,5.000000,0.097883,1
1784303873.584421,CONST330,TRACKING,330,88.531121,88.557277,-0.025172,0.121761,5.056908,0.000000,0.000000,5.000000,0.136740,1
1784303873.673248,CONST330,TRACKING,330,89.158340,89.190069,-0.013366,0.154258,5.077169,0.000000,0.000000,5.000000,0.173001,1
1784303873.762584,CONST330,TRACKING,330,89.948235,89.975779,-0.006204,0.172955,5.093081,0.000000,0.000000,5.000000,0.196509,1
1784303873.852788,CONST330,TRACKING,330,94.234450,94.277922,0.003518,0.198171,5.124192,0.000000,0.000000,5.000000,0.233897,1
1784303873.947500,CONST330,TRACKING,330,89.126076,89.154103,0.012032,0.211636,5.145634,0.000000,0.000000,5.000000,0.257184,1
1784303874.041682,CONST330,TRACKING,330,85.896304,85.924067,0.021464,0.217710,5.145978,0.000000,0.000000,5.000000,0.262998,1
1784303874.131403,CONST330,TRACKING,330,90.470226,90.494524,0.028191,0.217462,5.145027,0.000000,0.000000,5.000000,0.262902,1
1784303874.224461,CONST330,TRACKING,330,88.657196,88.687365,0.038019,0.219056,5.148903,0.000000,0.000000,5.000000,0.267587,1
1784303874.317404,CONST330,TRACKING,330,95.001358,95.030320,0.044407,0.218892,5.139561,0.000000,0.000000,5.000000,0.263369,1
1784303874.412616,CONST330,TRACKING,330,99.138917,99.180634,0.048627,0.212584,5.123056,0.000000,0.000000,5.000000,0.250398,1
1784303874.511927,CONST330,TRACKING,330,93.369946,93.399942,0.050116,0.200310,5.098749,0.000000,0.000000,5.000000,0.228882,1
1784303874.607708,CONST330,TRACKING,330,92.290283,92.321112,0.055127,0.176777,5.080775,0.000000,0.000000,5.000000,0.202024,1
1784303874.700167,CONST330,TRACKING,330,90.775645,90.804529,0.057173,0.159727,5.067013,0.000000,0.000000,5.000000,0.182407,1
1784303874.791152,CONST330,TRACKING,330,84.862300,84.897757,0.057262,0.125549,5.047817,0.000000,0.000000,5.000000,0.146041,1
1784303874.882420,CONST330,TRACKING,330,84.365959,84.393230,0.054022,0.087389,5.030427,0.000000,0.000000,5.000000,0.107149,1
1784303874.974411,CONST330,TRACKING,330,91.894182,91.921469,0.049659,0.045762,5.012682,0.000000,0.000000,5.000000,0.068710,1
1784303875.066463,CONST330,TRACKING,330,94.879049,94.907514,0.045002,0.017066,4.999383,0.000000,0.000000,5.000000,0.048134,1
1784303875.161967,CONST330,TRACKING,330,76.872504,76.903155,0.036241,-0.028819,4.974422,0.000000,0.000000,5.000000,0.052898,1
1784303875.239351,CONST330,TRACKING,330,127.029799,127.058717,0.026529,-0.077886,4.962801,0.000000,0.000000,5.000000,0.090298,1
1784303875.369493,CONST330,TRACKING,330,113.789275,113.826510,0.023937,-0.118504,4.969066,0.000000,0.000000,5.000000,0.124793,1
1784303875.486464,CONST330,TRACKING,330,113.024349,113.057171,0.019838,-0.182694,4.968663,0.000000,0.000000,5.000000,0.186421,1
1784303875.603403,CONST330,TRACKING,330,115.470434,115.498618,0.007492,-0.233776,4.977342,0.000000,0.000000,5.000000,0.234991,1
1784303875.719089,CONST330,TRACKING,330,109.743895,109.774786,0.001461,-0.252180,4.995699,0.000000,0.000000,5.000000,0.252221,1
1784303875.832424,CONST330,TRACKING,330,117.763856,117.792446,-0.007584,-0.262724,5.014947,0.000000,0.000000,5.000000,0.263258,1
1784303875.950348,CONST330,TRACKING,330,83.738625,83.769771,-0.021752,-0.262062,5.027291,0.000000,0.000000,5.000000,0.264376,1
1784303876.034240,CONST330,TRACKING,330,88.183166,88.212425,-0.029391,-0.255296,5.040755,0.000000,0.000000,5.000000,0.260194,1
1784303876.123123,CONST330,TRACKING,330,27.853130,27.886198,-0.036281,-0.248813,5.070907,0.000000,0.000000,5.000000,0.261251,0
1784303876.151530,CONST330,TRACKING,330,28.748040,28.776949,-0.038738,-0.244985,5.080298,0.000000,0.000000,5.000000,0.260703,0
1784303876.191330,CONST330,TRACKING,330,59.850937,70.084204,-0.051318,-0.211458,5.121894,0.000000,0.000000,5.000000,0.249412,1
1784303876.253451,CONST330,TRACKING,330,62.001917,134.350662,-0.051318,-0.211458,5.121894,0.000000,0.000000,5.000000,0.249412,1
1784303876.315619,CONST330,TRACKING,330,30.241635,30.270853,-0.052752,-0.203586,5.130673,0.000000,0.000000,5.000000,0.247600,0
1784303876.346038,CONST330,TRACKING,330,32.792794,32.825670,-0.054022,-0.193101,5.140203,0.000000,0.000000,5.000000,0.244670,0
1784303876.390328,CONST330,TRACKING,330,67.455273,78.021067,-0.058124,-0.159937,5.156474,0.000000,0.000000,5.000000,0.231176,1
1784303876.457990,CONST330,TRACKING,330,59.587224,137.809093,-0.058124,-0.159937,5.156474,0.000000,0.000000,5.000000,0.231176,1
1784303876.518103,CONST330,TRACKING,330,53.954780,53.983623,-0.059091,-0.152639,5.159553,0.000000,0.000000,5.000000,0.228577,1
1784303876.577788,CONST330,TRACKING,330,61.743262,61.775524,-0.060274,-0.142247,5.162098,0.000000,0.000000,5.000000,0.223926,1
1784303876.639698,CONST330,TRACKING,330,36.957445,36.988687,-0.062051,-0.123611,5.158750,0.000000,0.000000,5.000000,0.210551,0
1784303876.691319,CONST330,TRACKING,330,61.566954,74.825052,-0.065257,-0.070681,5.135266,0.000000,0.000000,5.000000,0.165986,1
1784303876.756418,CONST330,TRACKING,330,58.796044,137.150553,-0.065257,-0.070681,5.135266,0.000000,0.000000,5.000000,0.165986,1
1784303876.815364,CONST330,TRACKING,330,30.983043,31.010631,-0.066055,-0.061712,5.129414,0.000000,0.000000,5.000000,0.157859,0
1784303876.847734,CONST330,TRACKING,330,31.857318,31.883326,-0.066398,-0.052365,5.122354,0.000000,0.000000,5.000000,0.148732,0
1784303876.889303,CONST330,TRACKING,330,74.088883,83.492727,-0.062831,-0.009271,5.095321,0.000000,0.000000,5.000000,0.114542,1
1784303876.963561,CONST330,TRACKING,330,67.057383,150.717554,-0.062831,-0.009271,5.095321,0.000000,0.000000,5.000000,0.114542,1
1784303877.034427,CONST330,TRACKING,330,62.190497,62.224296,-0.059986,0.000982,5.092533,0.000000,0.000000,5.000000,0.110280,1
1784303877.101454,CONST330,TRACKING,330,55.640844,55.671322,-0.054242,0.021167,5.084815,0.000000,0.000000,5.000000,0.102877,1
1784303877.158046,CONST330,TRACKING,330,80.088574,80.121403,-0.051507,0.030644,5.081576,0.000000,0.000000,5.000000,0.101226,1
1784303877.238347,CONST330,TRACKING,330,60.509088,60.545151,-0.043702,0.057692,5.066543,0.000000,0.000000,5.000000,0.098317,1
1784303877.302432,CONST330,TRACKING,330,80.943817,80.975841,-0.034571,0.073860,5.051192,0.000000,0.000000,5.000000,0.096287,1
1784303877.389778,CONST330,TRACKING,330,91.584324,91.616553,-0.022403,0.091010,5.033443,0.000000,0.000000,5.000000,0.099515,1
1784303877.481594,CONST330,TRACKING,330,89.777126,89.815641,-0.002551,0.114069,5.034786,0.000000,0.000000,5.000000,0.119282,1
1784303877.571972,CONST330,TRACKING,330,79.584601,79.617305,0.020456,0.127373,5.038621,0.000000,0.000000,5.000000,0.134662,1
1784303877.651712,CONST330,TRACKING,330,79.293658,79.324060,0.033276,0.131770,5.033322,0.000000,0.000000,5.000000,0.139932,1
1784303877.733464,CONST330,TRACKING,330,74.977039,75.009838,0.046294,0.130353,5.031718,0.000000,0.000000,5.000000,0.141919,1
1784303877.808654,CONST330,TRACKING,330,80.644431,80.679791,0.063300,0.126124,5.043614,0.000000,0.000000,5.000000,0.147704,1
1784303877.892480,CONST330,TRACKING,330,70.577629,70.617641,0.071790,0.123334,5.049462,0.000000,0.000000,5.000000,0.151035,1
1784303877.969464,CONST330,TRACKING,330,61.773108,61.808983,0.077217,0.120704,5.064275,0.000000,0.000000,5.000000,0.157045,1
1784303878.032834,CONST330,TRACKING,330,59.774525,59.808081,0.083137,0.117444,5.081073,0.000000,0.000000,5.000000,0.165160,1
1784303878.092886,CONST330,TRACKING,330,53.917059,53.955697,0.090225,0.109887,5.095228,0.000000,0.000000,5.000000,0.171126,1
1784303878.151746,CONST330,TRACKING,330,65.385221,65.415761,0.096170,0.101757,5.104528,0.000000,0.000000,5.000000,0.174726,1
1784303878.217329,CONST330,TRACKING,330,91.957240,91.989418,0.101934,0.089972,5.117772,0.000000,0.000000,5.000000,0.179876,1
1784303878.309518,CONST330,TRACKING,330,89.373265,89.406288,0.103793,0.068941,5.129239,0.000000,0.000000,5.000000,0.179523,1
1784303878.401589,CONST330,TRACKING,330,117.081540,117.125146,0.101210,0.050344,5.133308,0.000000,0.000000,5.000000,0.174783,1
1784303878.518880,CONST330,TRACKING,330,46.705350,46.745498,0.092432,0.005644,5.138422,0.000000,0.000000,5.000000,0.166542,0
1784303878.565810,CONST330,TRACKING,330,37.127472,37.167741,0.088867,-0.007070,5.138036,0.000000,0.000000,5.000000,0.164321,0
1784303878.603083,CONST330,TRACKING,330,49.564573,49.597092,0.080029,-0.034068,5.129665,0.000000,0.000000,5.000000,0.156136,0
1784303878.652866,CONST330,TRACKING,330,55.932652,55.973832,0.075780,-0.044952,5.124411,0.000000,0.000000,5.000000,0.152451,1
1784303878.708970,CONST330,TRACKING,330,34.876973,34.908068,0.066883,-0.062937,5.115055,0.000000,0.000000,5.000000,0.147214,0
1784303878.744030,CONST330,TRACKING,330,37.210633,37.244399,0.062218,-0.071630,5.108512,0.000000,0.000000,5.000000,0.144142,0
1784303878.791309,CONST330,TRACKING,330,91.987824,101.775052,0.035998,-0.105075,5.076874,0.000000,0.000000,5.000000,0.135079,1
1784303878.883486,CONST330,TRACKING,330,36.683541,138.644493,0.035998,-0.105075,5.076874,0.000000,0.000000,5.000000,0.135079,0
1784303878.920375,CONST330,TRACKING,330,36.621018,36.660955,0.030693,-0.110590,5.072483,0.000000,0.000000,5.000000,0.135742,0
1784303878.957153,CONST330,TRACKING,330,36.903862,36.934954,0.023716,-0.117002,5.066060,0.000000,0.000000,5.000000,0.136440,0
1784303878.994219,CONST330,TRACKING,330,35.917282,35.949569,0.017968,-0.121593,5.061255,0.000000,0.000000,5.000000,0.137331,0
1784303879.041313,CONST330,TRACKING,330,83.900019,92.919192,-0.005496,-0.132700,5.065051,0.000000,0.000000,5.000000,0.147889,1
1784303879.130047,CONST330,TRACKING,330,64.373278,64.406429,-0.012788,-0.133468,5.066253,0.000000,0.000000,5.000000,0.149555,1
1784303879.194643,CONST330,TRACKING,330,61.104340,61.143126,-0.018343,-0.133464,5.066392,0.000000,0.000000,5.000000,0.150190,1
1784303879.257814,CONST330,TRACKING,330,33.640527,33.670145,-0.023678,-0.132924,5.066762,0.000000,0.000000,5.000000,0.150621,0
1784303879.292063,CONST330,TRACKING,330,31.668248,31.699414,-0.029871,-0.130101,5.069085,0.000000,0.000000,5.000000,0.150304,0
1784303879.338937,CONST330,TRACKING,330,66.414849,80.527282,-0.062213,-0.102112,5.080042,0.000000,0.000000,5.000000,0.143889,1
1784303879.405603,CONST330,TRACKING,330,61.492824,61.525581,-0.067556,-0.095820,5.080246,0.000000,0.000000,5.000000,0.142073,1
1784303879.467322,CONST330,TRACKING,330,37.221564,37.265374,-0.072707,-0.089435,5.079809,0.000000,0.000000,5.000000,0.140194,0
1784303879.504846,CONST330,TRACKING,330,46.992620,47.029158,-0.078274,-0.084413,5.081043,0.000000,0.000000,5.000000,0.140785,0
1784303879.558340,CONST330,TRACKING,330,92.703719,99.071654,-0.084836,-0.077814,5.082009,0.000000,0.000000,5.000000,0.141342,1
1784303879.651275,CONST330,TRACKING,330,90.992055,91.029861,-0.094724,-0.066666,5.084433,0.000000,0.000000,5.000000,0.143338,1
1784303879.745949,CONST330,TRACKING,330,94.894928,94.933183,-0.107129,-0.049861,5.093816,0.000000,0.000000,5.000000,0.150878,1
1784303879.844458,CONST330,TRACKING,330,95.287367,95.326175,-0.123928,-0.028404,5.093991,0.000000,0.000000,5.000000,0.158112,1
1784303879.940508,CONST330,TRACKING,330,98.157787,98.196718,-0.138514,-0.007839,5.089138,0.000000,0.000000,5.000000,0.164903,1
1784303880.038863,CONST330,TRACKING,330,92.773788,92.810266,-0.150359,0.018486,5.080866,0.000000,0.000000,5.000000,0.171723,1
1784303880.134891,CONST330,TRACKING,330,86.009646,86.047917,-0.154822,0.038564,5.077493,0.000000,0.000000,5.000000,0.177375,1
1784303880.224497,CONST330,TRACKING,330,68.260397,68.300020,-0.156131,0.070677,5.069906,0.000000,0.000000,5.000000,0.185092,1
1784303880.293757,CONST330,TRACKING,330,63.414061,63.452553,-0.152393,0.089145,5.059290,0.000000,0.000000,5.000000,0.186241,1
1784303880.357392,CONST330,TRACKING,330,71.494594,71.532194,-0.143620,0.108328,5.051072,0.000000,0.000000,5.000000,0.187002,1
1784303880.429093,CONST330,TRACKING,330,98.609039,98.647017,-0.132385,0.126571,5.038208,0.000000,0.000000,5.000000,0.187098,1
1784303880.531464,CONST330,TRACKING,330,98.627354,98.665764,-0.115335,0.144938,5.027640,0.000000,0.000000,5.000000,0.187279,1
1784303880.630323,CONST330,TRACKING,330,84.370200,84.411907,-0.094338,0.159458,5.019254,0.000000,0.000000,5.000000,0.186271,1
1784303880.714912,CONST330,TRACKING,330,73.333840,73.373942,-0.075846,0.168046,5.025371,0.000000,0.000000,5.000000,0.186107,1
1784303880.788601,CONST330,TRACKING,330,94.716713,94.759300,-0.059968,0.172809,5.032850,0.000000,0.000000,5.000000,0.185845,1
1784303880.883480,CONST330,TRACKING,330,94.107253,94.143079,-0.036556,0.177723,5.039849,0.000000,0.000000,5.000000,0.185768,1
1784303880.977734,CONST330,TRACKING,330,95.016803,95.053582,-0.012500,0.173593,5.053290,0.000000,0.000000,5.000000,0.182018,1
1784303881.079513,CONST330,TRACKING,330,93.157606,93.202151,0.018685,0.161698,5.069746,0.000000,0.000000,5.000000,0.177087,1
1784303881.173613,CONST330,TRACKING,330,97.334253,97.368462,0.054675,0.137233,5.095848,0.000000,0.000000,5.000000,0.176094,1
1784303881.271194,CONST330,TRACKING,330,91.294699,91.332255,0.084837,0.105643,5.121876,0.000000,0.000000,5.000000,0.182240,1
1784303881.367004,CONST330,TRACKING,330,70.318421,70.356850,0.101216,0.080182,5.135653,0.000000,0.000000,5.000000,0.187285,1
1784303881.437533,CONST330,TRACKING,330,65.231524,65.271889,0.126889,0.036644,5.147373,0.000000,0.000000,5.000000,0.197895,1
1784303881.506523,CONST330,TRACKING,330,70.395932,70.434857,0.141336,0.008727,5.153406,0.000000,0.000000,5.000000,0.208771,1
1784303881.577794,CONST330,TRACKING,330,63.241602,63.279129,0.158478,-0.024577,5.166259,0.000000,0.000000,5.000000,0.231001,1
1784303881.641196,CONST330,TRACKING,330,56.660087,56.696463,0.171780,-0.052604,5.167049,0.000000,0.000000,5.000000,0.245318,1
1784303881.698053,CONST330,TRACKING,330,31.866029,31.910423,0.177507,-0.066888,5.165977,0.000000,0.000000,5.000000,0.252054,0
1784303881.738659,CONST330,TRACKING,330,95.489501,96.518033,0.192648,-0.147635,5.159170,0.000000,0.000000,5.000000,0.290249,1
1784303881.836860,CONST330,TRACKING,330,90.249838,189.474150,0.192648,-0.147635,5.159170,0.000000,0.000000,5.000000,0.290249,1
1784303881.930798,CONST330,TRACKING,330,88.323553,88.356345,0.194475,-0.158104,5.153896,0.000000,0.000000,5.000000,0.294111,1
1784303882.024012,CONST330,TRACKING,330,93.164579,93.198202,0.197019,-0.187975,5.138707,0.000000,0.000000,5.000000,0.305599,1
1784303882.117571,CONST330,TRACKING,330,100.595355,100.628037,0.193683,-0.212894,5.124221,0.000000,0.000000,5.000000,0.313477,1
1784303882.218424,CONST330,TRACKING,330,92.886661,92.928951,0.186409,-0.236988,5.090429,0.000000,0.000000,5.000000,0.314784,1
1784303882.311478,CONST330,TRACKING,330,87.633964,87.666249,0.175232,-0.247966,5.049872,0.000000,0.000000,5.000000,0.307702,1
1784303882.404441,CONST330,TRACKING,330,92.073034,92.103729,0.157551,-0.245544,5.015701,0.000000,0.000000,5.000000,0.292165,1
1784303882.496694,CONST330,TRACKING,330,91.969779,92.000318,0.141548,-0.238222,5.004246,0.000000,0.000000,5.000000,0.277135,1
1784303882.589320,CONST330,TRACKING,330,83.735521,83.773497,0.109382,-0.213389,4.993602,0.000000,0.000000,5.000000,0.239875,1
1784303882.673716,CONST330,TRACKING,330,64.166290,64.194704,0.072710,-0.183784,4.995860,0.000000,0.000000,5.000000,0.197688,1
1784303882.739413,CONST330,TRACKING,330,63.872690,63.903466,0.043585,-0.159042,5.000087,0.000000,0.000000,5.000000,0.164906,1
1784303882.803756,CONST330,TRACKING,330,60.561896,60.592351,0.016256,-0.133833,5.002631,0.000000,0.000000,5.000000,0.134842,1
1784303882.864591,CONST330,TRACKING,330,77.074625,77.104517,0.002780,-0.120619,5.002512,0.000000,0.000000,5.000000,0.120677,1
1784303882.941852,CONST330,TRACKING,330,89.255841,89.288770,-0.038352,-0.077416,5.007529,0.000000,0.000000,5.000000,0.086722,1
1784303883.033394,CONST330,TRACKING,330,87.213112,87.248569,-0.068256,-0.043512,5.015169,0.000000,0.000000,5.000000,0.082355,1
1784303883.124463,CONST330,TRACKING,330,91.960145,91.990478,-0.108129,0.008302,5.032583,0.000000,0.000000,5.000000,0.113236,1
1784303883.216572,CONST330,TRACKING,330,67.131839,67.161497,-0.139497,0.066018,5.054405,0.000000,0.000000,5.000000,0.163639,1
1784303883.283884,CONST330,TRACKING,330,70.150710,70.180170,-0.155892,0.098258,5.065410,0.000000,0.000000,5.000000,0.195539,1
1784303883.355760,CONST330,TRACKING,330,63.106985,63.139982,-0.170156,0.124949,5.071613,0.000000,0.000000,5.000000,0.222921,1
1784303883.421801,CONST330,TRACKING,330,72.891475,72.921285,-0.183106,0.154785,5.075275,0.000000,0.000000,5.000000,0.251301,1
1784303883.496089,CONST330,TRACKING,330,78.061639,78.172892,-0.192239,0.181459,5.071834,0.000000,0.000000,5.000000,0.273941,1
1784303883.574354,CONST330,TRACKING,330,32.953762,32.985315,-0.204772,0.225888,5.060463,0.000000,0.000000,5.000000,0.310826,0
1784303883.607864,CONST330,TRACKING,330,33.864098,33.896266,-0.207483,0.238624,5.058804,0.000000,0.000000,5.000000,0.321634,0
1784303883.641921,CONST330,TRACKING,330,32.283554,32.319932,-0.209865,0.251045,5.058386,0.000000,0.000000,5.000000,0.332379,0
1784303883.689475,CONST330,TRACKING,330,61.969146,77.023599,-0.217224,0.305387,5.055667,0.000000,0.000000,5.000000,0.378875,1
1784303883.754350,CONST330,TRACKING,330,67.024725,146.948898,-0.217224,0.305387,5.055667,0.000000,0.000000,5.000000,0.378875,1
1784303883.822436,CONST330,TRACKING,330,63.644700,63.681020,-0.216616,0.311751,5.052899,0.000000,0.000000,5.000000,0.383288,1
1784303883.889502,CONST330,TRACKING,330,74.269180,74.306963,-0.215192,0.317085,5.049962,0.000000,0.000000,5.000000,0.386454,1
1784303883.963948,CONST330,TRACKING,330,70.726935,70.757192,-0.214057,0.320972,5.048121,0.000000,0.000000,5.000000,0.388792,1
1784303884.035427,CONST330,TRACKING,330,69.457177,69.490372,-0.208585,0.320726,5.046328,0.000000,0.000000,5.000000,0.385382,1
1784303884.105140,CONST330,TRACKING,330,60.107614,60.139366,-0.194618,0.309778,5.040638,0.000000,0.000000,5.000000,0.368090,1
1784303884.165441,CONST330,TRACKING,330,62.204168,62.235395,-0.188868,0.305208,5.034690,0.000000,0.000000,5.000000,0.360592,1
1784303884.227862,CONST330,TRACKING,330,80.439752,80.472423,-0.173609,0.294986,5.023643,0.000000,0.000000,5.000000,0.343097,1
1784303884.312518,CONST330,TRACKING,330,59.466919,59.508270,-0.153593,0.274063,5.017472,0.000000,0.000000,5.000000,0.314653,1
1784303884.376434,CONST330,TRACKING,330,61.564334,61.594031,-0.136865,0.254384,5.010521,0.000000,0.000000,5.000000,0.289057,1
1784303884.438188,CONST330,TRACKING,330,68.029063,68.063807,-0.120794,0.233230,5.009645,0.000000,0.000000,5.000000,0.262831,1
1784303884.506444,CONST330,TRACKING,330,96.676098,96.710865,-0.102052,0.209097,5.011294,0.000000,0.000000,5.000000,0.232946,1
1784303884.603338,CONST330,TRACKING,330,78.264370,78.303984,-0.079416,0.174829,5.019527,0.000000,0.000000,5.000000,0.193011,1
1784303884.681758,CONST330,TRACKING,330,73.116441,73.150382,-0.046649,0.127210,5.026449,0.000000,0.000000,5.000000,0.138050,1
1784303884.755069,CONST330,TRACKING,330,72.093981,72.128536,-0.023342,0.094289,5.031768,0.000000,0.000000,5.000000,0.102198,1
1784303884.833366,CONST330,TRACKING,330,82.164993,82.205768,0.001764,0.055122,5.042091,0.000000,0.000000,5.000000,0.069377,1
1784303884.915648,CONST330,TRACKING,330,67.613633,67.632979,0.033035,0.003109,5.050951,0.000000,0.000000,5.000000,0.060803,1
1784303884.983517,CONST330,TRACKING,330,23.597378,23.641285,0.054893,-0.032992,5.061682,0.000000,0.000000,5.000000,0.088918,0
1784303885.007238,CONST330,TRACKING,330,19.630103,19.652495,0.064651,-0.049277,5.068690,0.000000,0.000000,5.000000,0.106425,0
1784303885.038690,CONST330,TRACKING,330,21.457490,22.868682,0.114511,-0.140232,5.095979,0.000000,0.000000,5.000000,0.204914,0
1784303885.088710,CONST330,TRACKING,330,27.232527,46.472591,0.123899,-0.157570,5.096544,0.000000,0.000000,5.000000,0.222486,0
1784303885.138662,CONST330,TRACKING,330,24.421901,25.642751,0.142055,-0.190202,5.097460,0.000000,0.000000,5.000000,0.256621,0
1784303885.188725,CONST330,TRACKING,330,25.143056,44.473336,0.150896,-0.205143,5.097024,0.000000,0.000000,5.000000,0.272520,0
1784303885.238673,CONST330,TRACKING,330,27.020795,28.254089,0.168611,-0.236642,5.090236,0.000000,0.000000,5.000000,0.304255,0
1784303885.288722,CONST330,TRACKING,330,28.601743,48.027077,0.174573,-0.247926,5.088059,0.000000,0.000000,5.000000,0.315749,0
1784303885.338665,CONST330,TRACKING,330,25.565552,26.803252,0.184399,-0.267177,5.080187,0.000000,0.000000,5.000000,0.334389,0
1784303885.388698,CONST330,TRACKING,330,24.362979,43.824525,0.188384,-0.275009,5.076626,0.000000,0.000000,5.000000,0.342038,0
1784303885.438690,CONST330,TRACKING,330,35.425881,36.610275,0.189294,-0.284016,5.071634,0.000000,0.000000,5.000000,0.348753,0
1784303885.488718,CONST330,TRACKING,330,33.371430,47.828395,0.188981,-0.286363,5.066917,0.000000,0.000000,5.000000,0.349565,0
1784303885.538665,CONST330,TRACKING,330,41.320575,42.624934,0.182848,-0.286237,5.060474,0.000000,0.000000,5.000000,0.344995,0
1784303885.588721,CONST330,TRACKING,330,40.280483,48.766039,0.177982,-0.284181,5.057955,0.000000,0.000000,5.000000,0.340287,0
1784303885.638667,CONST330,TRACKING,330,19.540102,20.939545,0.164048,-0.275638,5.054206,0.000000,0.000000,5.000000,0.325310,0
1784303885.688719,CONST330,TRACKING,330,22.919456,42.303532,0.155104,-0.270064,5.053610,0.000000,0.000000,5.000000,0.316016,0
1784303885.738660,CONST330,TRACKING,330,23.672485,24.989480,0.137023,-0.256230,5.052347,0.000000,0.000000,5.000000,0.295244,0
1784303885.788716,CONST330,TRACKING,330,24.797230,44.120714,0.128437,-0.247825,5.052939,0.000000,0.000000,5.000000,0.284105,0
1784303885.838688,CONST330,TRACKING,330,22.242240,23.516350,0.109098,-0.226658,5.047128,0.000000,0.000000,5.000000,0.255924,0
1784303885.888729,CONST330,TRACKING,330,27.307087,46.730111,0.100446,-0.216378,5.042784,0.000000,0.000000,5.000000,0.242362,0
1784303885.938664,CONST330,TRACKING,330,26.189452,27.381117,0.082123,-0.186876,5.038120,0.000000,0.000000,5.000000,0.207653,0
1784303885.988707,CONST330,TRACKING,330,30.240400,49.662330,0.072913,-0.171927,5.037282,0.000000,0.000000,5.000000,0.190434,0
1784303886.038670,CONST330,TRACKING,330,24.411391,25.687044,0.051906,-0.135066,5.039739,0.000000,0.000000,5.000000,0.150055,0
1784303886.088722,CONST330,TRACKING,330,40.622132,60.078772,0.042788,-0.118378,5.040999,0.000000,0.000000,5.000000,0.132382,0
1784303886.138692,CONST330,TRACKING,330,27.339134,28.858623,0.025234,-0.085055,5.047972,0.000000,0.000000,5.000000,0.100858,0
1784303886.188707,CONST330,TRACKING,330,32.550989,52.003166,0.016916,-0.068042,5.055120,0.000000,0.000000,5.000000,0.089186,0
1784303886.238664,CONST330,TRACKING,330,25.480995,26.650765,-0.001002,-0.030842,5.066656,0.000000,0.000000,5.000000,0.073452,0
1784303886.288732,CONST330,TRACKING,330,39.342171,58.618134,-0.007175,-0.012497,5.071923,0.000000,0.000000,5.000000,0.073353,0
1784303886.338694,CONST330,TRACKING,330,28.468062,29.830694,-0.017956,0.023757,5.080281,0.000000,0.000000,5.000000,0.085626,0
1784303886.388734,CONST330,TRACKING,330,34.332469,53.877506,-0.023029,0.040787,5.083984,0.000000,0.000000,5.000000,0.096162,0
1784303886.438688,CONST330,TRACKING,330,22.154675,23.463184,-0.033967,0.082120,5.095488,0.000000,0.000000,5.000000,0.130443,0
1784303886.488714,CONST330,TRACKING,330,24.505675,43.798690,-0.038572,0.099066,5.097835,0.000000,0.000000,5.000000,0.144476,0
1784303886.538705,CONST330,TRACKING,330,21.884615,23.183992,-0.045829,0.132358,5.104179,0.000000,0.000000,5.000000,0.174563,0
1784303886.588695,CONST330,TRACKING,330,25.969705,45.515002,-0.048832,0.147981,5.108193,0.000000,0.000000,5.000000,0.189707,0
1784303886.638696,CONST330,TRACKING,330,23.342183,24.684209,-0.054935,0.179201,5.111707,0.000000,0.000000,5.000000,0.218196,0
1784303886.688720,CONST330,TRACKING,330,26.685609,46.067099,-0.057212,0.191400,5.111898,0.000000,0.000000,5.000000,0.228973,0
1784303886.738693,CONST330,TRACKING,330,21.540657,22.886556,-0.060783,0.213233,5.104765,0.000000,0.000000,5.000000,0.245232,0
1784303886.788721,CONST330,TRACKING,330,26.155556,45.510467,-0.062849,0.222896,5.101558,0.000000,0.000000,5.000000,0.252876,0
1784303886.838663,CONST330,TRACKING,330,23.826972,24.975566,-0.066918,0.240982,5.094968,0.000000,0.000000,5.000000,0.267525,0
1784303886.888702,CONST330,TRACKING,330,29.409586,48.815490,-0.068286,0.247317,5.090428,0.000000,0.000000,5.000000,0.272040,0
1784303886.938702,CONST330,TRACKING,330,19.874169,21.323157,-0.071463,0.255067,5.088590,0.000000,0.000000,5.000000,0.279310,0
1784303886.988711,CONST330,TRACKING,330,28.639522,47.922566,-0.072322,0.257323,5.087229,0.000000,0.000000,5.000000,0.281167,0
1784303887.038703,CONST330,TRACKING,330,21.175551,22.616965,-0.073453,0.257113,5.089029,0.000000,0.000000,5.000000,0.281830,0
1784303887.088721,CONST330,TRACKING,330,27.813791,46.959967,-0.073392,0.255121,5.089253,0.000000,0.000000,5.000000,0.280070,0
1784303887.138665,CONST330,TRACKING,330,38.932350,40.255144,-0.072657,0.248122,5.083102,0.000000,0.000000,5.000000,0.271568,0
1784303887.188698,CONST330,TRACKING,330,24.045607,34.955895,-0.072502,0.242554,5.077624,0.000000,0.000000,5.000000,0.264792,0
1784303887.238668,CONST330,TRACKING,330,24.443759,25.715024,-0.071406,0.227284,5.060087,0.000000,0.000000,5.000000,0.245698,0
1784303887.288715,CONST330,TRACKING,330,25.146947,44.552072,-0.070528,0.219280,5.053480,0.000000,0.000000,5.000000,0.236470,0
1784303887.338700,CONST330,TRACKING,330,33.929625,35.302158,-0.067796,0.201247,5.041709,0.000000,0.000000,5.000000,0.216417,0
1784303887.388731,CONST330,TRACKING,330,43.943161,59.847204,-0.066077,0.191327,5.036265,0.000000,0.000000,5.000000,0.205639,0
1784303887.438692,CONST330,TRACKING,330,24.197116,25.470428,-0.064263,0.164431,5.029365,0.000000,0.000000,5.000000,0.178968,0
1784303887.488707,CONST330,TRACKING,330,35.332373,54.527964,-0.062795,0.151835,5.026327,0.000000,0.000000,5.000000,0.166404,0
1784303887.538706,CONST330,TRACKING,330,39.530327,40.879512,-0.061593,0.125924,5.022936,0.000000,0.000000,5.000000,0.142044,0
1784303887.588719,CONST330,TRACKING,330,22.061585,32.424418,-0.061119,0.112705,5.022540,0.000000,0.000000,5.000000,0.130176,0
1784303887.638690,CONST330,TRACKING,330,25.616824,26.918991,-0.059004,0.082258,5.020921,0.000000,0.000000,5.000000,0.103371,0
1784303887.688735,CONST330,TRACKING,330,26.485710,45.817545,-0.058728,0.068155,5.019606,0.000000,0.000000,5.000000,0.092078,0
1784303887.738661,CONST330,TRACKING,330,22.166579,23.552092,-0.056452,0.040430,5.017134,0.000000,0.000000,5.000000,0.071519,0
1784303887.788692,CONST330,TRACKING,330,23.692734,43.080354,-0.054621,0.028034,5.018418,0.000000,0.000000,5.000000,0.064098,0
1784303887.838662,CONST330,TRACKING,330,22.195340,23.465485,-0.049079,0.000790,5.022839,0.000000,0.000000,5.000000,0.054138,0
1784303887.888733,CONST330,TRACKING,330,24.481723,43.819377,-0.046120,-0.011398,5.024532,0.000000,0.000000,5.000000,0.053468,0
1784303887.938692,CONST330,TRACKING,330,24.931252,26.207989,-0.044002,-0.040810,5.037637,0.000000,0.000000,5.000000,0.070839,0
1784303887.988728,CONST330,TRACKING,330,36.393531,55.777095,-0.042484,-0.054684,5.043793,0.000000,0.000000,5.000000,0.081933,0
1784303888.038663,CONST330,TRACKING,330,21.049099,22.381454,-0.038855,-0.080618,5.053299,0.000000,0.000000,5.000000,0.104162,0
1784303888.088715,CONST330,TRACKING,330,27.564690,46.985280,-0.036892,-0.090604,5.053193,0.000000,0.000000,5.000000,0.111353,0
1784303888.138718,CONST330,TRACKING,330,28.200478,29.455253,-0.032266,-0.107681,5.051235,0.000000,0.000000,5.000000,0.123536,0
1784303888.188707,CONST330,TRACKING,330,33.401746,52.799435,-0.029916,-0.113850,5.051844,0.000000,0.000000,5.000000,0.128626,0
1784303888.238693,CONST330,TRACKING,330,28.494823,29.878286,-0.023623,-0.125819,5.053639,0.000000,0.000000,5.000000,0.138800,0
1784303888.288716,CONST330,TRACKING,330,26.888956,46.301411,-0.020419,-0.130666,5.056086,0.000000,0.000000,5.000000,0.143653,0
1784303888.338713,CONST330,TRACKING,330,26.916021,28.141387,-0.013578,-0.139627,5.059202,0.000000,0.000000,5.000000,0.152266,0
1784303888.388722,CONST330,TRACKING,330,25.617355,45.091597,-0.010099,-0.143489,5.060503,0.000000,0.000000,5.000000,0.156050,0
1784303888.438664,CONST330,TRACKING,330,23.122338,24.409396,-0.001208,-0.144447,5.065186,0.000000,0.000000,5.000000,0.158479,0
1784303888.488727,CONST330,TRACKING,330,24.735284,44.128802,0.002802,-0.144538,5.064975,0.000000,0.000000,5.000000,0.158496,0
1784303888.538668,CONST330,TRACKING,330,25.703956,27.001695,0.011751,-0.141167,5.064718,0.000000,0.000000,5.000000,0.155739,0
1784303888.588734,CONST330,TRACKING,330,26.376041,45.866392,0.016374,-0.138250,5.064147,0.000000,0.000000,5.000000,0.153284,0
1784303888.638698,CONST330,TRACKING,330,24.247712,25.639716,0.026264,-0.130245,5.063160,0.000000,0.000000,5.000000,0.147115,0
1784303888.688739,CONST330,TRACKING,330,28.653762,48.131827,0.030124,-0.125469,5.064240,0.000000,0.000000,5.000000,0.144141,0
1784303888.738659,CONST330,TRACKING,330,20.200139,21.543375,0.037292,-0.115224,5.065056,0.000000,0.000000,5.000000,0.137476,0
1784303888.788743,CONST330,TRACKING,330,27.392033,46.683767,0.039297,-0.109526,5.069943,0.000000,0.000000,5.000000,0.135765,0
1784303888.838708,CONST330,TRACKING,330,35.357966,36.680519,0.042703,-0.095754,5.079584,0.000000,0.000000,5.000000,0.131628,0
1784303888.888737,CONST330,TRACKING,330,22.747232,37.307705,0.044212,-0.089394,5.080654,0.000000,0.000000,5.000000,0.128261,0
1784303888.938706,CONST330,TRACKING,330,22.752031,23.996386,0.047582,-0.069288,5.087510,0.000000,0.000000,5.000000,0.121337,0
1784303888.988703,CONST330,TRACKING,330,28.257833,47.665521,0.049137,-0.059371,5.089534,0.000000,0.000000,5.000000,0.118134,0
1784303889.038673,CONST330,TRACKING,330,28.493556,29.791379,0.049626,-0.033505,5.099687,0.000000,0.000000,5.000000,0.116288,0
1784303889.088735,CONST330,TRACKING,330,26.598384,46.061364,0.049360,-0.021844,5.101778,0.000000,0.000000,5.000000,0.115205,0
1784303889.138691,CONST330,TRACKING,330,24.674446,26.059859,0.049162,-0.001227,5.099588,0.000000,0.000000,5.000000,0.111068,0
1784303889.188727,CONST330,TRACKING,330,26.827272,46.381247,0.049156,0.006692,5.098761,0.000000,0.000000,5.000000,0.110521,0
1784303889.238694,CONST330,TRACKING,330,36.367519,37.533170,0.049316,0.023515,5.095686,0.000000,0.000000,5.000000,0.110185,0
1784303889.288703,CONST330,TRACKING,330,24.918811,38.437119,0.050534,0.029983,5.095067,0.000000,0.000000,5.000000,0.111760,0
1784303889.338692,CONST330,TRACKING,330,30.044869,31.363926,0.052788,0.041863,5.093076,0.000000,0.000000,5.000000,0.114901,0
1784303889.388721,CONST330,TRACKING,330,30.883353,50.447414,0.053583,0.047486,5.090848,0.000000,0.000000,5.000000,0.115670,0
1784303889.438700,CONST330,TRACKING,330,28.485896,29.785288,0.049686,0.056194,5.086710,0.000000,0.000000,5.000000,0.114653,0
1784303889.488749,CONST330,TRACKING,330,35.456254,54.988651,0.048145,0.059729,5.082497,0.000000,0.000000,5.000000,0.112655,0
1784303889.538665,CONST330,TRACKING,330,27.615640,29.076575,0.044691,0.065487,5.079493,0.000000,0.000000,5.000000,0.112272,0
1784303889.588732,CONST330,TRACKING,330,27.489833,47.000665,0.042650,0.067839,5.080344,0.000000,0.000000,5.000000,0.113474,0
1784303889.638697,CONST330,TRACKING,330,25.274643,26.586854,0.035938,0.073164,5.082789,0.000000,0.000000,5.000000,0.116183,0
1784303889.688724,CONST330,TRACKING,330,30.941449,50.411312,0.030459,0.076301,5.084099,0.000000,0.000000,5.000000,0.117568,0
1784303889.738693,CONST330,TRACKING,330,33.154609,34.323642,0.020808,0.081047,5.081586,0.000000,0.000000,5.000000,0.116867,0
1784303889.788720,CONST330,TRACKING,330,35.221847,51.972650,0.016187,0.084376,5.081686,0.000000,0.000000,5.000000,0.118550,0
1784303889.838662,CONST330,TRACKING,330,29.223198,30.636990,0.006299,0.090335,5.079595,0.000000,0.000000,5.000000,0.120563,0
1784303889.888730,CONST330,TRACKING,330,37.553228,57.100333,0.002095,0.091987,5.075472,0.000000,0.000000,5.000000,0.119004,0
1784303889.938689,CONST330,TRACKING,330,24.045472,25.463778,-0.008771,0.094392,5.067999,0.000000,0.000000,5.000000,0.116665,0
1784303889.988724,CONST330,TRACKING,330,35.310883,54.867463,-0.013860,0.094760,5.060915,0.000000,0.000000,5.000000,0.113500,0
1784303890.038692,CONST330,TRACKING,330,22.041295,23.474468,-0.023996,0.095802,5.047781,0.000000,0.000000,5.000000,0.109712,0
1784303890.088726,CONST330,TRACKING,330,34.738249,54.178998,-0.028211,0.095910,5.045092,0.000000,0.000000,5.000000,0.109672,0
1784303890.138693,CONST330,TRACKING,330,29.132215,30.555194,-0.036464,0.095121,5.044188,0.000000,0.000000,5.000000,0.111042,0
1784303890.188717,CONST330,TRACKING,330,30.856067,50.281065,-0.040611,0.094542,5.046383,0.000000,0.000000,5.000000,0.112867,0
1784303890.238692,CONST330,TRACKING,330,34.621066,35.980556,-0.048851,0.091883,5.046708,0.000000,0.000000,5.000000,0.114064,0
1784303890.288712,CONST330,TRACKING,330,29.433368,44.716739,-0.051933,0.088538,5.047019,0.000000,0.000000,5.000000,0.112902,0
1784303890.338696,CONST330,TRACKING,330,33.420235,34.835635,-0.057285,0.080275,5.043817,0.000000,0.000000,5.000000,0.107914,0
1784303890.388710,CONST330,TRACKING,330,27.332355,43.774335,-0.059578,0.075830,5.042310,0.000000,0.000000,5.000000,0.105309,0
1784303890.438692,CONST330,TRACKING,330,29.393108,30.682000,-0.066136,0.065513,5.043363,0.000000,0.000000,5.000000,0.102695,0
1784303890.488717,CONST330,TRACKING,330,30.110167,49.464316,-0.068383,0.060613,5.042960,0.000000,0.000000,5.000000,0.100974,0
1784303890.538695,CONST330,TRACKING,330,33.113672,34.253180,-0.074641,0.051209,5.040605,0.000000,0.000000,5.000000,0.099209,0
1784303890.588693,CONST330,TRACKING,330,24.517916,41.271963,-0.077930,0.046642,5.038703,0.000000,0.000000,5.000000,0.098724,0
1784303890.638670,CONST330,TRACKING,330,26.683532,27.917600,-0.083009,0.035203,5.034235,0.000000,0.000000,5.000000,0.096445,0
1784303890.688729,CONST330,TRACKING,330,32.351663,51.820828,-0.083867,0.028736,5.033679,0.000000,0.000000,5.000000,0.094835,0
1784303890.738692,CONST330,TRACKING,330,31.100086,32.510046,-0.084184,0.016689,5.028628,0.000000,0.000000,5.000000,0.090471,0
1784303890.788728,CONST330,TRACKING,330,24.798081,43.602515,-0.084272,0.012088,5.026949,0.000000,0.000000,5.000000,0.089298,0
1784303890.838668,CONST330,TRACKING,330,26.255043,27.409611,-0.083232,0.002595,5.024530,0.000000,0.000000,5.000000,0.086811,0
1784303890.888724,CONST330,TRACKING,330,26.546469,46.075952,-0.082117,-0.001733,5.022961,0.000000,0.000000,5.000000,0.085285,0
1784303890.938703,CONST330,TRACKING,330,26.183056,27.381949,-0.081701,-0.007633,5.028116,0.000000,0.000000,5.000000,0.086740,0
1784303890.988671,CONST330,TRACKING,330,25.733175,45.074996,-0.080786,-0.010595,5.028346,0.000000,0.000000,5.000000,0.086268,0
1784303891.038666,CONST330,TRACKING,330,25.197886,26.431969,-0.075807,-0.015309,5.030493,0.000000,0.000000,5.000000,0.083132,0
1784303891.088730,CONST330,TRACKING,330,26.704500,46.246671,-0.072559,-0.016951,5.032146,0.000000,0.000000,5.000000,0.081152,0
1784303891.138668,CONST330,TRACKING,330,26.013284,27.311626,-0.064947,-0.020287,5.036849,0.000000,0.000000,5.000000,0.077379,0
1784303891.188730,CONST330,TRACKING,330,40.498075,60.005216,-0.060729,-0.021878,5.042017,0.000000,0.000000,5.000000,0.077020,0
1784303891.238710,CONST330,TRACKING,330,30.826358,32.077311,-0.050469,-0.024912,5.049647,0.000000,0.000000,5.000000,0.075050,0
1784303891.288711,CONST330,TRACKING,330,24.182424,43.240775,-0.043592,-0.025826,5.053495,0.000000,0.000000,5.000000,0.073682,0
1784303891.338669,CONST330,TRACKING,330,27.070892,28.192877,-0.028570,-0.027554,5.060702,0.000000,0.000000,5.000000,0.072528,0
1784303891.388700,CONST330,TRACKING,330,26.682694,46.086915,-0.021227,-0.028484,5.063991,0.000000,0.000000,5.000000,0.073190,0
1784303891.438697,CONST330,TRACKING,330,39.898940,41.103587,-0.006168,-0.026505,5.074843,0.000000,0.000000,5.000000,0.079637,0
1784303891.488688,CONST330,TRACKING,330,21.643158,31.571249,0.000565,-0.025962,5.077116,0.000000,0.000000,5.000000,0.081371,0
1784303891.538684,CONST330,TRACKING,330,30.351124,31.402577,0.014887,-0.024502,5.079456,0.000000,0.000000,5.000000,0.084471,0
1784303891.588719,CONST330,TRACKING,330,27.670461,47.190891,0.022161,-0.023652,5.079940,0.000000,0.000000,5.000000,0.086261,0
1784303891.638665,CONST330,TRACKING,330,24.824453,26.179228,0.039087,-0.022185,5.078431,0.000000,0.000000,5.000000,0.090396,0
1784303891.688711,CONST330,TRACKING,330,32.904091,52.373413,0.048000,-0.022095,5.077740,0.000000,0.000000,5.000000,0.093998,0
1784303891.738694,CONST330,TRACKING,330,37.659084,39.046285,0.064258,-0.021657,5.069969,0.000000,0.000000,5.000000,0.097436,0
1784303891.788717,CONST330,TRACKING,330,33.380654,45.530477,0.071995,-0.020854,5.068087,0.000000,0.000000,5.000000,0.101262,0
1784303891.838665,CONST330,TRACKING,330,25.196028,26.542788,0.087186,-0.018554,5.067596,0.000000,0.000000,5.000000,0.111870,0
1784303891.888721,CONST330,TRACKING,330,28.583231,47.996130,0.093068,-0.017468,5.066607,0.000000,0.000000,5.000000,0.115773,0
1784303891.938698,CONST330,TRACKING,330,25.160430,26.383563,0.097378,-0.015498,5.072230,0.000000,0.000000,5.000000,0.122229,0
1784303891.988684,CONST330,TRACKING,330,32.877547,52.334483,0.099112,-0.014420,5.071393,0.000000,0.000000,5.000000,0.122996,0
1784303892.038691,CONST330,TRACKING,330,29.798858,31.198232,0.101655,-0.011415,5.066543,0.000000,0.000000,5.000000,0.122033,0
1784303892.088715,CONST330,TRACKING,330,36.401587,55.895842,0.101950,-0.010107,5.064391,0.000000,0.000000,5.000000,0.121005,0
1784303892.138696,CONST330,TRACKING,330,23.142750,24.544601,0.100857,-0.007100,5.060385,0.000000,0.000000,5.000000,0.117766,0
1784303892.188717,CONST330,TRACKING,330,40.293020,59.846753,0.099455,-0.004676,5.060358,0.000000,0.000000,5.000000,0.116431,0
1784303892.238660,CONST330,TRACKING,330,21.775422,23.207052,0.095864,0.000704,5.058206,0.000000,0.000000,5.000000,0.112153,0
1784303892.288691,CONST330,TRACKING,330,42.142337,61.561419,0.091682,0.001003,5.056280,0.000000,0.000000,5.000000,0.107582,0
1784303892.338682,CONST330,TRACKING,330,22.607923,23.883361,0.081462,0.000813,5.050076,0.000000,0.000000,5.000000,0.095626,0
1784303892.388693,CONST330,TRACKING,330,29.585119,48.964528,0.076232,0.000885,5.045832,0.000000,0.000000,5.000000,0.088953,0
1784303892.438695,CONST330,TRACKING,330,26.258334,27.649334,0.066193,0.003069,5.045164,0.000000,0.000000,5.000000,0.080192,0
1784303892.488696,CONST330,TRACKING,330,32.215517,51.668425,0.061455,0.004079,5.046285,0.000000,0.000000,5.000000,0.077043,0
1784303892.538679,CONST330,TRACKING,330,29.912213,31.039804,0.050009,0.007499,5.056503,0.000000,0.000000,5.000000,0.075827,0
1784303892.588712,CONST330,TRACKING,330,33.364120,52.806122,0.043932,0.009547,5.061819,0.000000,0.000000,5.000000,0.076437,0
1784303892.638697,CONST330,TRACKING,330,35.389879,36.848953,0.030922,0.014311,5.067823,0.000000,0.000000,5.000000,0.075901,0
1784303892.688723,CONST330,TRACKING,330,27.778407,42.278351,0.025489,0.016943,5.072628,0.000000,0.000000,5.000000,0.078814,0
1784303892.738707,CONST330,TRACKING,330,23.505970,24.948288,0.014101,0.021932,5.080331,0.000000,0.000000,5.000000,0.084457,0
1784303892.788727,CONST330,TRACKING,330,28.735085,48.248512,0.009905,0.025810,5.082738,0.000000,0.000000,5.000000,0.087235,0
1784303892.838693,CONST330,TRACKING,330,24.844248,26.133342,0.001174,0.034322,5.087375,0.000000,0.000000,5.000000,0.093881,0
1784303892.888731,CONST330,TRACKING,330,28.913771,48.229720,-0.002878,0.037533,5.088698,0.000000,0.000000,5.000000,0.096355,0
1784303892.938665,CONST330,TRACKING,330,29.246037,30.501625,-0.011953,0.042489,5.092597,0.000000,0.000000,5.000000,0.102578,0
1784303892.988702,CONST330,TRACKING,330,31.199258,50.772161,-0.016401,0.044414,5.093045,0.000000,0.000000,5.000000,0.104398,0
1784303893.038690,CONST330,TRACKING,330,24.240575,25.609084,-0.023597,0.047664,5.092478,0.000000,0.000000,5.000000,0.106681,0
1784303893.088729,CONST330,TRACKING,330,28.959980,48.324931,-0.026051,0.048563,5.092275,0.000000,0.000000,5.000000,0.107478,0
1784303893.138662,CONST330,TRACKING,330,23.441353,24.679327,-0.031468,0.049967,5.088377,0.000000,0.000000,5.000000,0.106290,0
1784303893.188703,CONST330,TRACKING,330,30.178485,49.579930,-0.035156,0.050847,5.085369,0.000000,0.000000,5.000000,0.105400,0
1784303893.238696,CONST330,TRACKING,330,26.840827,28.291048,-0.042591,0.051151,5.075361,0.000000,0.000000,5.000000,0.100547,0
1784303893.288727,CONST330,TRACKING,330,36.672282,56.208452,-0.045450,0.052146,5.071956,0.000000,0.000000,5.000000,0.099812,0
1784303893.338661,CONST330,TRACKING,330,30.715702,32.079724,-0.050677,0.053479,5.062532,0.000000,0.000000,5.000000,0.096635,0
1784303893.388735,CONST330,TRACKING,330,39.110724,58.363806,-0.053015,0.053434,5.055999,0.000000,0.000000,5.000000,0.093817,0
1784303893.438663,CONST330,TRACKING,330,29.278550,30.675646,-0.058925,0.048984,5.048904,0.000000,0.000000,5.000000,0.090902,0
1784303893.488711,CONST330,TRACKING,330,21.681924,41.214269,-0.060951,0.046622,5.045974,0.000000,0.000000,5.000000,0.089455,0
1784303893.538707,CONST330,TRACKING,330,34.474440,35.677341,-0.063339,0.038376,5.047858,0.000000,0.000000,5.000000,0.088176,0
1784303893.588717,CONST330,TRACKING,330,21.424587,36.837821,-0.063988,0.033437,5.051083,0.000000,0.000000,5.000000,0.088442,0
1784303893.638707,CONST330,TRACKING,330,26.389106,27.672939,-0.065539,0.023049,5.059606,0.000000,0.000000,5.000000,0.091539,0
1784303893.688737,CONST330,TRACKING,330,25.822342,45.324948,-0.067081,0.019133,5.064377,0.000000,0.000000,5.000000,0.094923,0
1784303893.738670,CONST330,TRACKING,330,27.108541,28.364702,-0.068787,0.011251,5.070798,0.000000,0.000000,5.000000,0.099351,0
1784303893.788714,CONST330,TRACKING,330,40.265641,59.666399,-0.069518,0.007210,5.074901,0.000000,0.000000,5.000000,0.102445,0
1784303893.838708,CONST330,TRACKING,330,21.493954,23.039509,-0.070226,-0.001596,5.079716,0.000000,0.000000,5.000000,0.106249,0
1784303893.888718,CONST330,TRACKING,330,28.352874,47.853715,-0.070012,-0.005268,5.081600,0.000000,0.000000,5.000000,0.107648,0
1784303893.938706,CONST330,TRACKING,330,29.206131,30.354548,-0.065121,-0.007064,5.086777,0.000000,0.000000,5.000000,0.108724,0
1784303893.988709,CONST330,TRACKING,330,31.464941,50.981768,-0.062566,-0.008130,5.087575,0.000000,0.000000,5.000000,0.107935,0
1784303894.038692,CONST330,TRACKING,330,22.472529,23.884929,-0.053843,-0.009229,5.089823,0.000000,0.000000,5.000000,0.105130,0
1784303894.088727,CONST330,TRACKING,330,25.883054,45.399389,-0.049300,-0.009710,5.090072,0.000000,0.000000,5.000000,0.103139,0
1784303894.138701,CONST330,TRACKING,330,26.506756,27.826764,-0.040151,-0.010698,5.089841,0.000000,0.000000,5.000000,0.098985,0
1784303894.188735,CONST330,TRACKING,330,31.018484,50.561077,-0.035662,-0.010899,5.091654,0.000000,0.000000,5.000000,0.098950,0
1784303894.238698,CONST330,TRACKING,330,33.714781,35.185290,-0.025575,-0.011858,5.090787,0.000000,0.000000,5.000000,0.095063,0
1784303894.288723,CONST330,TRACKING,330,24.288483,40.494581,-0.018914,-0.012177,5.091478,0.000000,0.000000,5.000000,0.094203,0
1784303894.338677,CONST330,TRACKING,330,31.641959,32.931129,-0.005288,-0.012590,5.087766,0.000000,0.000000,5.000000,0.088822,0
1784303894.388722,CONST330,TRACKING,330,24.791673,43.071247,0.000929,-0.012704,5.082783,0.000000,0.000000,5.000000,0.083757,0
1784303894.438696,CONST330,TRACKING,330,26.648266,27.813723,0.014506,-0.009590,5.080323,0.000000,0.000000,5.000000,0.082184,0
1784303894.488691,CONST330,TRACKING,330,35.287864,54.741086,0.020018,-0.008219,5.079836,0.000000,0.000000,5.000000,0.082717,0
1784303894.538693,CONST330,TRACKING,330,23.238935,24.576234,0.029286,-0.005409,5.081373,0.000000,0.000000,5.000000,0.086652,0
1784303894.588721,CONST330,TRACKING,330,28.271636,47.778811,0.033364,-0.004145,5.082460,0.000000,0.000000,5.000000,0.089051,0
1784303894.638673,CONST330,TRACKING,330,37.699843,38.897830,0.042518,-0.002054,5.086775,0.000000,0.000000,5.000000,0.096654,0
1784303894.688695,CONST330,TRACKING,330,30.155828,42.288587,0.046911,-0.001266,5.090290,0.000000,0.000000,5.000000,0.101757,0
1784303894.738697,CONST330,TRACKING,330,22.148942,23.520912,0.054496,0.000138,5.095415,0.000000,0.000000,5.000000,0.109881,0
1784303894.788736,CONST330,TRACKING,330,38.962207,58.498459,0.058198,0.000906,5.097230,0.000000,0.000000,5.000000,0.113320,0
1784303894.838693,CONST330,TRACKING,330,51.835344,53.170103,0.066018,0.002898,5.095140,0.000000,0.000000,5.000000,0.115838,1
1784303894.890714,CONST330,TRACKING,330,22.981431,76.332180,0.066018,0.002898,5.095140,0.000000,0.000000,5.000000,0.115838,0
1784303894.938712,CONST330,TRACKING,330,32.303180,33.563554,0.078344,0.006524,5.095934,0.000000,0.000000,5.000000,0.124031,0
1784303894.988712,CONST330,TRACKING,330,25.053630,42.621068,0.082431,0.007773,5.096007,0.000000,0.000000,5.000000,0.126778,0
1784303895.038668,CONST330,TRACKING,330,36.668489,37.856664,0.091172,0.010117,5.092381,0.000000,0.000000,5.000000,0.130188,0
1784303895.088699,CONST330,TRACKING,330,26.973748,40.231985,0.094528,0.011073,5.089807,0.000000,0.000000,5.000000,0.130856,0
1784303895.138698,CONST330,TRACKING,330,33.504029,34.829411,0.099243,0.013681,5.087914,0.000000,0.000000,5.000000,0.133286,0
1784303895.188711,CONST330,TRACKING,330,31.957655,48.301260,0.100007,0.016020,5.089294,0.000000,0.000000,5.000000,0.135024,0
1784303895.238662,CONST330,TRACKING,330,27.474288,28.843090,0.100771,0.020526,5.088971,0.000000,0.000000,5.000000,0.135985,0
1784303895.288696,CONST330,TRACKING,330,32.020420,51.479220,0.099676,0.021859,5.093599,0.000000,0.000000,5.000000,0.138470,0
1784303895.338690,CONST330,TRACKING,330,45.635871,47.066422,0.096145,0.023925,5.099851,0.000000,0.000000,5.000000,0.140664,0
1784303895.388678,CONST330,TRACKING,330,21.898234,26.074546,0.093998,0.024775,5.099147,0.000000,0.000000,5.000000,0.138851,0
1784303895.438707,CONST330,TRACKING,330,35.132741,36.239014,0.087151,0.028251,5.093909,0.000000,0.000000,5.000000,0.131196,0
1784303895.488696,CONST330,TRACKING,330,32.077202,46.807353,0.083480,0.029335,5.090801,0.000000,0.000000,5.000000,0.126784,0
1784303895.538695,CONST330,TRACKING,330,45.775778,47.113545,0.075553,0.028877,5.088278,0.000000,0.000000,5.000000,0.119730,0
1784303895.588676,CONST330,TRACKING,330,22.803101,26.818952,0.071315,0.027905,5.086480,0.000000,0.000000,5.000000,0.115513,0
1784303895.638665,CONST330,TRACKING,330,25.224456,26.440993,0.060755,0.025241,5.076874,0.000000,0.000000,5.000000,0.101182,0
1784303895.688727,CONST330,TRACKING,330,32.605126,52.087211,0.055324,0.024103,5.073196,0.000000,0.000000,5.000000,0.094865,0
1784303895.738681,CONST330,TRACKING,330,22.229137,23.633386,0.044126,0.021909,5.066967,0.000000,0.000000,5.000000,0.083136,0
1784303895.788697,CONST330,TRACKING,330,25.591352,45.070619,0.038906,0.020581,5.065303,0.000000,0.000000,5.000000,0.078751,0
1784303895.838703,CONST330,TRACKING,330,44.476035,45.763176,0.027422,0.017713,5.060871,0.000000,0.000000,5.000000,0.069073,0
1784303895.888711,CONST330,TRACKING,330,32.533402,37.827354,0.022275,0.016361,5.059646,0.000000,0.000000,5.000000,0.065738,0
1784303895.938668,CONST330,TRACKING,330,30.173262,31.571875,0.012839,0.014319,5.061155,0.000000,0.000000,5.000000,0.064108,0
1784303895.988698,CONST330,TRACKING,330,48.557729,68.027665,0.008337,0.013381,5.059719,0.000000,0.000000,5.000000,0.061765,0
1784303896.038668,CONST330,TRACKING,330,24.492383,25.753781,0.000849,0.012804,5.056490,0.000000,0.000000,5.000000,0.057930,0
1784303896.088689,CONST330,TRACKING,330,25.840756,45.179440,-0.001868,0.012767,5.054986,0.000000,0.000000,5.000000,0.056480,0
1784303896.138687,CONST330,TRACKING,330,42.918937,44.035804,-0.005558,0.013090,5.053858,0.000000,0.000000,5.000000,0.055704,0
1784303896.188673,CONST330,TRACKING,330,19.386222,26.318084,-0.005219,0.014391,5.054812,0.000000,0.000000,5.000000,0.056909,0
1784303896.238723,CONST330,TRACKING,330,40.358287,41.656613,-0.005417,0.016355,5.052354,0.000000,0.000000,5.000000,0.055116,0
1784303896.288694,CONST330,TRACKING,330,32.289798,41.671389,-0.005213,0.018174,5.051803,0.000000,0.000000,5.000000,0.055145,0
1784303896.338699,CONST330,TRACKING,330,27.368020,28.593900,-0.004777,0.021746,5.046431,0.000000,0.000000,5.000000,0.051493,0
1784303896.388701,CONST330,TRACKING,330,33.024143,52.536609,-0.004636,0.023266,5.041439,0.000000,0.000000,5.000000,0.047749,0
1784303896.438694,CONST330,TRACKING,330,38.904087,40.424267,-0.009785,0.027546,5.034454,0.000000,0.000000,5.000000,0.045185,0
1784303896.488700,CONST330,TRACKING,330,54.689388,65.609420,-0.011619,0.028974,5.033620,0.000000,0.000000,5.000000,0.045878,1
1784303896.543582,CONST330,TRACKING,330,18.733065,84.526747,-0.011619,0.028974,5.033620,0.000000,0.000000,5.000000,0.045878,0
1784303896.588709,CONST330,TRACKING,330,30.616580,50.111057,-0.019255,0.034706,5.040252,0.000000,0.000000,5.000000,0.056529,0
1784303896.638694,CONST330,TRACKING,330,26.713437,28.094587,-0.024530,0.039588,5.046111,0.000000,0.000000,5.000000,0.065537,0
1784303896.688721,CONST330,TRACKING,330,26.643084,46.115676,-0.026983,0.043217,5.048681,0.000000,0.000000,5.000000,0.070467,0
1784303896.738692,CONST330,TRACKING,330,25.296937,26.614037,-0.030785,0.049277,5.055719,0.000000,0.000000,5.000000,0.080502,0
1784303896.788695,CONST330,TRACKING,330,27.807592,47.189561,-0.031054,0.051255,5.061407,0.000000,0.000000,5.000000,0.085803,0
1784303896.838670,CONST330,TRACKING,330,25.925984,27.165129,-0.030622,0.054056,5.073658,0.000000,0.000000,5.000000,0.096360,0
1784303896.888720,CONST330,TRACKING,330,25.603541,44.834367,-0.030358,0.054528,5.076515,0.000000,0.000000,5.000000,0.098739,0
1784303896.938699,CONST330,TRACKING,330,31.472147,32.763147,-0.030996,0.057124,5.083652,0.000000,0.000000,5.000000,0.105932,0
1784303896.988692,CONST330,TRACKING,330,37.916798,56.314443,-0.031232,0.057911,5.083697,0.000000,0.000000,5.000000,0.106463,0
1784303897.038664,CONST330,TRACKING,330,28.679128,30.055206,-0.029289,0.060272,5.079005,0.000000,0.000000,5.000000,0.103597,0
1784303897.088712,CONST330,TRACKING,330,26.203914,45.681696,-0.027809,0.061214,5.078171,0.000000,0.000000,5.000000,0.103107,0
1784303897.138697,CONST330,TRACKING,330,25.384601,26.665468,-0.025329,0.060219,5.081591,0.000000,0.000000,5.000000,0.104523,0
1784303897.188718,CONST330,TRACKING,330,27.324369,46.817957,-0.024748,0.056613,5.087783,0.000000,0.000000,5.000000,0.107347,0
1784303897.238666,CONST330,TRACKING,330,23.642241,24.893673,-0.023546,0.048788,5.095178,0.000000,0.000000,5.000000,0.109515,0
1784303897.288721,CONST330,TRACKING,330,33.318216,52.654310,-0.022330,0.046776,5.097301,0.000000,0.000000,5.000000,0.110246,0
1784303897.338688,CONST330,TRACKING,330,24.411201,25.785343,-0.019825,0.043127,5.100889,0.000000,0.000000,5.000000,0.111497,0
1784303897.388726,CONST330,TRACKING,330,24.845144,44.354091,-0.018877,0.040909,5.100241,0.000000,0.000000,5.000000,0.109901,0
1784303897.438706,CONST330,TRACKING,330,25.829863,27.121460,-0.016596,0.040566,5.088480,0.000000,0.000000,5.000000,0.098741,0
1784303897.488717,CONST330,TRACKING,330,40.133793,59.555618,-0.015739,0.039634,5.080951,0.000000,0.000000,5.000000,0.091496,0
1784303897.538667,CONST330,TRACKING,330,20.739816,22.096438,-0.016423,0.039115,5.066681,0.000000,0.000000,5.000000,0.079032,0
1784303897.588691,CONST330,TRACKING,330,28.284783,47.650041,-0.017231,0.038873,5.060999,0.000000,0.000000,5.000000,0.074356,0
1784303897.638666,CONST330,TRACKING,330,29.082290,30.316637,-0.017694,0.036865,5.051272,0.000000,0.000000,5.000000,0.065581,0
1784303897.688682,CONST330,TRACKING,330,22.023681,41.501525,-0.017158,0.035548,5.048526,0.000000,0.000000,5.000000,0.062553,0
1784303897.738666,CONST330,TRACKING,330,24.786542,26.123718,-0.015910,0.032082,5.041696,0.000000,0.000000,5.000000,0.054963,0
1784303897.788682,CONST330,TRACKING,330,28.210792,47.675259,-0.015462,0.029129,5.039021,0.000000,0.000000,5.000000,0.051090,0
1784303897.838718,CONST330,TRACKING,330,31.112441,32.291891,-0.014422,0.021486,5.028201,0.000000,0.000000,5.000000,0.038274,0
1784303897.888675,CONST330,TRACKING,330,21.524782,40.237595,-0.013950,0.018003,5.025472,0.000000,0.000000,5.000000,0.034169,0
1784303897.938688,CONST330,TRACKING,330,22.352046,23.703155,-0.009560,0.013196,5.024050,0.000000,0.000000,5.000000,0.029050,0
1784303897.988696,CONST330,TRACKING,330,38.237434,57.695385,-0.007416,0.010488,5.022819,0.000000,0.000000,5.000000,0.026186,0
1784303898.038682,CONST330,TRACKING,330,23.265446,24.465512,-0.004848,0.005180,5.027461,0.000000,0.000000,5.000000,0.028363,0
1784303898.088692,CONST330,TRACKING,330,29.838284,49.342942,-0.004355,0.003069,5.030983,0.000000,0.000000,5.000000,0.031438,0
1784303898.138683,CONST330,TRACKING,330,24.430011,25.791509,-0.002577,-0.001683,5.038361,0.000000,0.000000,5.000000,0.038484,0
1784303898.188687,CONST330,TRACKING,330,23.114993,42.523353,-0.000162,-0.004748,5.042892,0.000000,0.000000,5.000000,0.043154,0
1784303898.238667,CONST330,TRACKING,330,23.588473,24.988467,0.004004,-0.010715,5.047091,0.000000,0.000000,5.000000,0.048460,0
1784303898.288721,CONST330,TRACKING,330,28.942954,48.495531,0.005598,-0.011577,5.047831,0.000000,0.000000,5.000000,0.049530,0
1784303898.338666,CONST330,TRACKING,330,39.927855,41.276552,0.008477,-0.012521,5.048240,0.000000,0.000000,5.000000,0.050554,0
1784303898.388678,CONST330,TRACKING,330,21.944727,31.856894,0.009748,-0.013177,5.047765,0.000000,0.000000,5.000000,0.050499,0
1784303898.438725,CONST330,TRACKING,330,30.467919,31.656519,0.008474,-0.014580,5.054596,0.000000,0.000000,5.000000,0.057141,0
1784303898.488686,CONST330,TRACKING,330,25.773032,45.153456,0.008175,-0.015416,5.056223,0.000000,0.000000,5.000000,0.058869,0
1784303898.538668,CONST330,TRACKING,330,37.608827,38.813478,0.009716,-0.018771,5.058422,0.000000,0.000000,5.000000,0.062128,0
1784303898.588686,CONST330,TRACKING,330,25.778184,38.011891,0.010957,-0.020713,5.057673,0.000000,0.000000,5.000000,0.062252,0
1784303898.638679,CONST330,TRACKING,330,24.545469,25.793800,0.013025,-0.024064,5.048130,0.000000,0.000000,5.000000,0.055365,0
1784303898.688725,CONST330,TRACKING,330,31.910881,51.369726,0.013493,-0.024753,5.043304,0.000000,0.000000,5.000000,0.051673,0
1784303898.738691,CONST330,TRACKING,330,27.275977,28.669750,0.013847,-0.025404,5.036856,0.000000,0.000000,5.000000,0.046856,0
1784303898.788685,CONST330,TRACKING,330,26.813818,46.328592,0.012874,-0.025451,5.035056,0.000000,0.000000,5.000000,0.045193,0
1784303898.838683,CONST330,TRACKING,330,25.640383,26.970026,0.009826,-0.024672,5.031955,0.000000,0.000000,5.000000,0.041550,0
1784303898.888726,CONST330,TRACKING,330,25.994833,45.538319,0.008420,-0.024033,5.029552,0.000000,0.000000,5.000000,0.039010,0
1784303898.938670,CONST330,TRACKING,330,23.660083,24.957514,0.006373,-0.020011,5.026188,0.000000,0.000000,5.000000,0.033569,0
1784303898.988698,CONST330,TRACKING,330,23.677560,43.201539,0.005715,-0.018239,5.024995,0.000000,0.000000,5.000000,0.031466,0
1784303899.038719,CONST330,TRACKING,330,25.403330,26.541965,0.006546,-0.015323,5.030982,0.000000,0.000000,5.000000,0.035178,0
1784303899.088710,CONST330,TRACKING,330,32.416428,51.854369,0.007197,-0.014235,5.033080,0.000000,0.000000,5.000000,0.036725,0
1784303899.140186,CONST330,TRACKING,330,33.400231,36.268639,0.007320,-0.013134,5.034952,0.000000,0.000000,5.000000,0.038049,0
1784303899.188673,CONST330,TRACKING,330,36.265812,51.164747,0.006241,-0.014011,5.035604,0.000000,0.000000,5.000000,0.038767,0
1784303899.238705,CONST330,TRACKING,330,29.671283,30.823396,0.003836,-0.014998,5.035189,0.000000,0.000000,5.000000,0.038443,0
1784303899.288682,CONST330,TRACKING,330,21.337836,40.893070,0.002361,-0.015010,5.035944,0.000000,0.000000,5.000000,0.039023,0
1784303899.338750,CONST330,TRACKING,330,31.148206,32.428602,-0.000706,-0.014824,5.039572,0.000000,0.000000,5.000000,0.042264,0
1784303899.388688,CONST330,TRACKING,330,39.401240,58.072557,-0.002171,-0.014664,5.042135,0.000000,0.000000,5.000000,0.044666,0
1784303899.438696,CONST330,TRACKING,330,25.900614,27.283760,-0.006672,-0.019721,5.052757,0.000000,0.000000,5.000000,0.056716,0
1784303899.488697,CONST330,TRACKING,330,38.988615,58.471057,-0.008288,-0.021791,5.057643,0.000000,0.000000,5.000000,0.062180,0
1784303899.538688,CONST330,TRACKING,330,24.795195,26.105117,-0.009700,-0.026494,5.064411,0.000000,0.000000,5.000000,0.070320,0
1784303899.588691,CONST330,TRACKING,330,31.953368,51.463197,-0.009679,-0.028862,5.066303,0.000000,0.000000,5.000000,0.072958,0
1784303899.638674,CONST330,TRACKING,330,24.254555,25.553954,-0.009390,-0.034379,5.067327,0.000000,0.000000,5.000000,0.076178,0
1784303899.688709,CONST330,TRACKING,330,30.215738,49.684770,-0.009495,-0.037848,5.067061,0.000000,0.000000,5.000000,0.077587,0
1784303899.738675,CONST330,TRACKING,330,23.153629,24.537925,-0.009362,-0.043643,5.062589,0.000000,0.000000,5.000000,0.076875,0
1784303899.788709,CONST330,TRACKING,330,31.434597,50.882600,-0.010139,-0.045946,5.061666,0.000000,0.000000,5.000000,0.077567,0
1784303899.838695,CONST330,TRACKING,330,21.475451,22.909854,-0.011895,-0.049603,5.059937,0.000000,0.000000,5.000000,0.078704,0
1784303899.888704,CONST330,TRACKING,330,30.369954,49.690428,-0.012269,-0.050576,5.058949,0.000000,0.000000,5.000000,0.078635,0
1784303899.938695,CONST330,TRACKING,330,34.073001,35.227677,-0.010355,-0.052560,5.059000,0.000000,0.000000,5.000000,0.079692,0
1784303899.988706,CONST330,TRACKING,330,20.927850,36.725129,-0.009212,-0.053212,5.058106,0.000000,0.000000,5.000000,0.079327,0
1784303900.038685,CONST330,TRACKING,330,25.726163,26.848771,-0.006043,-0.053138,5.061821,0.000000,0.000000,5.000000,0.081744,0
1784303900.088707,CONST330,TRACKING,330,25.203153,44.786509,-0.004581,-0.052633,5.062284,0.000000,0.000000,5.000000,0.081673,0
1784303900.138675,CONST330,TRACKING,330,28.815569,29.791838,-0.000909,-0.052747,5.059069,0.000000,0.000000,5.000000,0.079198,0
1784303900.188699,CONST330,TRACKING,330,30.575900,50.116191,0.002075,-0.054440,5.059409,0.000000,0.000000,5.000000,0.080607,0
1784303900.238698,CONST330,TRACKING,330,21.986988,23.354776,0.007743,-0.057352,5.057602,0.000000,0.000000,5.000000,0.081653,0
1784303900.288713,CONST330,TRACKING,330,27.622961,47.165190,0.011019,-0.056910,5.056129,0.000000,0.000000,5.000000,0.080689,0
1784303900.338714,CONST330,TRACKING,330,33.776975,34.941255,0.018049,-0.054532,5.051937,0.000000,0.000000,5.000000,0.077440,0
1784303900.388698,CONST330,TRACKING,330,26.707139,42.758139,0.021541,-0.052968,5.049398,0.000000,0.000000,5.000000,0.075563,0
1784303900.438706,CONST330,TRACKING,330,30.678686,31.991587,0.026868,-0.053116,5.048532,0.000000,0.000000,5.000000,0.076803,0
1784303900.488714,CONST330,TRACKING,330,23.807371,42.986569,0.028971,-0.052718,5.048113,0.000000,0.000000,5.000000,0.077028,0
1784303900.538673,CONST330,TRACKING,330,39.034432,40.197384,0.031277,-0.053568,5.054699,0.000000,0.000000,5.000000,0.082703,0
1784303900.588716,CONST330,TRACKING,330,19.014245,29.863924,0.031801,-0.054304,5.058940,0.000000,0.000000,5.000000,0.086221,0
1784303900.638720,CONST330,TRACKING,330,49.428671,50.730701,0.032479,-0.054907,5.063643,0.000000,0.000000,5.000000,0.090112,0
1784303900.688659,CONST330,TRACKING,330,19.354429,19.675304,0.032466,-0.054615,5.063044,0.000000,0.000000,5.000000,0.089506,0
1784303900.738713,CONST330,TRACKING,330,31.516739,32.666277,0.031892,-0.053427,5.051569,0.000000,0.000000,5.000000,0.080814,0
1784303900.788733,CONST330,TRACKING,330,33.710780,52.087805,0.031434,-0.053174,5.044400,0.000000,0.000000,5.000000,0.076072,0
1784303900.838689,CONST330,TRACKING,330,35.124142,36.499224,0.029285,-0.052636,5.033103,0.000000,0.000000,5.000000,0.068731,0
1784303900.888728,CONST330,TRACKING,330,19.954001,34.712108,0.027793,-0.052365,5.028703,0.000000,0.000000,5.000000,0.065867,0
1784303900.938685,CONST330,TRACKING,330,32.345556,33.253972,0.027044,-0.051742,5.020386,0.000000,0.000000,5.000000,0.061840,0
1784303900.988686,CONST330,TRACKING,330,25.307558,42.784843,0.026382,-0.051195,5.016808,0.000000,0.000000,5.000000,0.059995,0
1784303901.038676,CONST330,TRACKING,330,21.764127,23.116351,0.022288,-0.052420,5.009295,0.000000,0.000000,5.000000,0.057715,0
1784303901.088699,CONST330,TRACKING,330,24.070349,43.613500,0.019904,-0.053271,5.005944,0.000000,0.000000,5.000000,0.057177,0
1784303901.138719,CONST330,TRACKING,330,49.839393,51.180497,0.016112,-0.051977,5.003338,0.000000,0.000000,5.000000,0.054520,0
1784303901.188801,CONST330,TRACKING,330,23.509843,74.924361,0.016112,-0.051977,5.003338,0.000000,0.000000,5.000000,0.054520,0
1784303901.238681,CONST330,TRACKING,330,27.171580,28.246887,0.014050,-0.040222,5.001008,0.000000,0.000000,5.000000,0.042617,0
1784303901.288730,CONST330,TRACKING,330,22.290916,41.729163,0.011762,-0.037350,5.002892,0.000000,0.000000,5.000000,0.039264,0
1784303901.338687,CONST330,TRACKING,330,24.245937,25.460711,0.006617,-0.031450,5.006254,0.000000,0.000000,5.000000,0.032742,0
1784303901.388719,CONST330,TRACKING,330,25.254867,44.841646,0.004230,-0.028189,5.007242,0.000000,0.000000,5.000000,0.029410,0
1784303901.438672,CONST330,TRACKING,330,25.382190,26.474857,0.003031,-0.021605,5.017837,0.000000,0.000000,5.000000,0.028180,0
1784303901.488701,CONST330,TRACKING,330,28.585358,48.104162,0.002480,-0.018702,5.021348,0.000000,0.000000,5.000000,0.028489,0
1784303901.538691,CONST330,TRACKING,330,26.294691,27.732967,0.002946,-0.013580,5.030594,0.000000,0.000000,5.000000,0.033602,0
1784303901.588740,CONST330,TRACKING,330,24.102408,43.737292,0.003607,-0.011096,5.035179,0.000000,0.000000,5.000000,0.037064,0
1784303901.638922,CONST330,TRACKING,330,22.595202,24.175198,0.004845,-0.004665,5.044574,0.000000,0.000000,5.000000,0.045078,0
1784303901.688725,CONST330,TRACKING,330,35.391878,54.982348,0.005010,-0.001488,5.049569,0.000000,0.000000,5.000000,0.049844,0
1784303901.738729,CONST330,TRACKING,330,40.889869,42.025025,0.004856,0.004595,5.055373,0.000000,0.000000,5.000000,0.055775,0
1784303901.788710,CONST330,TRACKING,330,21.461807,30.358287,0.005288,0.008692,5.058062,0.000000,0.000000,5.000000,0.058946,0
1784303901.838724,CONST330,TRACKING,330,33.180780,34.302649,0.006582,0.017620,5.060593,0.000000,0.000000,5.000000,0.063445,0
1784303901.888716,CONST330,TRACKING,330,30.238108,46.795344,0.007290,0.021136,5.060925,0.000000,0.000000,5.000000,0.064898,0
1784303901.938700,CONST330,TRACKING,330,20.530258,21.739055,0.005864,0.026326,5.068248,0.000000,0.000000,5.000000,0.073384,0
1784303901.988705,CONST330,TRACKING,330,38.585687,58.149952,0.005371,0.028839,5.069225,0.000000,0.000000,5.000000,0.075184,0
1784303902.038694,CONST330,TRACKING,330,22.451804,23.559582,0.000006,0.031311,5.068720,0.000000,0.000000,5.000000,0.075517,0
1784303902.088726,CONST330,TRACKING,330,22.903815,42.482678,-0.003096,0.031542,5.069194,0.000000,0.000000,5.000000,0.076107,0
1784303902.138707,CONST330,TRACKING,330,32.680612,33.826122,-0.008188,0.030194,5.069982,0.000000,0.000000,5.000000,0.076656,0
1784303902.188709,CONST330,TRACKING,330,27.512963,44.673335,-0.009881,0.027280,5.071592,0.000000,0.000000,5.000000,0.077248,0
1784303902.238662,CONST330,TRACKING,330,27.532255,28.726105,-0.013425,0.021309,5.075018,0.000000,0.000000,5.000000,0.079133,0
1784303902.288709,CONST330,TRACKING,330,30.586327,50.101588,-0.015182,0.016277,5.077218,0.000000,0.000000,5.000000,0.080362,0
1784303902.338671,CONST330,TRACKING,330,32.781411,33.892007,-0.018811,0.005941,5.078540,0.000000,0.000000,5.000000,0.080979,0
1784303902.388707,CONST330,TRACKING,330,27.924641,45.064593,-0.020388,0.001543,5.075368,0.000000,0.000000,5.000000,0.078093,0
1784303902.438726,CONST330,TRACKING,330,45.042454,46.546744,-0.024110,-0.006199,5.064826,0.000000,0.000000,5.000000,0.069441,0
1784303902.488683,CONST330,TRACKING,330,22.218689,26.938171,-0.025439,-0.009105,5.060818,0.000000,0.000000,5.000000,0.066549,0
1784303902.538729,CONST330,TRACKING,330,47.119625,48.374605,-0.023383,-0.014385,5.057699,0.000000,0.000000,5.000000,0.063897,0
1784303902.588705,CONST330,TRACKING,330,34.906202,37.570215,-0.020995,-0.016857,5.057065,0.000000,0.000000,5.000000,0.063098,0
1784303902.639145,CONST330,TRACKING,330,56.228939,57.957620,-0.014612,-0.023439,5.058251,0.000000,0.000000,5.000000,0.064468,1
1784303902.695622,CONST330,TRACKING,330,39.021987,97.218723,-0.014612,-0.023439,5.058251,0.000000,0.000000,5.000000,0.064468,0
1784303902.738677,CONST330,TRACKING,330,26.850802,28.138093,-0.003932,-0.036263,5.062203,0.000000,0.000000,5.000000,0.072109,0
1784303902.788711,CONST330,TRACKING,330,49.975640,69.588030,0.000482,-0.040356,5.061141,0.000000,0.000000,5.000000,0.073260,0
1784303902.838857,CONST330,TRACKING,330,29.715352,99.459944,0.000482,-0.040356,5.061141,0.000000,0.000000,5.000000,0.073260,0
1784303902.888686,CONST330,TRACKING,330,22.809289,42.287252,0.012945,-0.050672,5.052070,0.000000,0.000000,5.000000,0.073801,0
1784303902.938686,CONST330,TRACKING,330,25.629603,26.806560,0.015056,-0.054809,5.044366,0.000000,0.000000,5.000000,0.072105,0
1784303902.988714,CONST330,TRACKING,330,30.930625,50.386072,0.016019,-0.056397,5.041274,0.000000,0.000000,5.000000,0.071699,0
1784303903.039041,CONST330,TRACKING,330,43.261825,44.846776,0.019852,-0.059866,5.037519,0.000000,0.000000,5.000000,0.073387,0
1784303903.088736,CONST330,TRACKING,330,19.571754,25.885348,0.021794,-0.061019,5.037478,0.000000,0.000000,5.000000,0.074853,0
1784303903.139125,CONST330,TRACKING,330,30.945518,32.284975,0.025361,-0.061663,5.037426,0.000000,0.000000,5.000000,0.076461,0
1784303903.188738,CONST330,TRACKING,330,25.551969,44.116118,0.026887,-0.060772,5.037503,0.000000,0.000000,5.000000,0.076306,0
1784303903.238695,CONST330,TRACKING,330,27.934596,29.353988,0.030590,-0.057220,5.037202,0.000000,0.000000,5.000000,0.074792,0
1784303903.288708,CONST330,TRACKING,330,39.662749,59.151185,0.033452,-0.054414,5.040608,0.000000,0.000000,5.000000,0.075690,0
1784303903.338720,CONST330,TRACKING,330,32.451842,33.962298,0.039305,-0.047425,5.046682,0.000000,0.000000,5.000000,0.077287,0
1784303903.388696,CONST330,TRACKING,330,27.814043,45.110906,0.041748,-0.043529,5.047040,0.000000,0.000000,5.000000,0.076488,0
1784303903.438693,CONST330,TRACKING,330,27.397837,28.681022,0.049796,-0.033909,5.044756,0.000000,0.000000,5.000000,0.075051,0
1784303903.488724,CONST330,TRACKING,330,22.669451,42.123290,0.052627,-0.029614,5.044004,0.000000,0.000000,5.000000,0.074719,0
1784303903.538737,CONST330,TRACKING,330,24.119203,25.337781,0.056423,-0.018404,5.046246,0.000000,0.000000,5.000000,0.075239,0
1784303903.588705,CONST330,TRACKING,330,43.693708,63.216102,0.057579,-0.012409,5.048064,0.000000,0.000000,5.000000,0.076023,0
1784303903.638696,CONST330,TRACKING,330,25.917843,27.180860,0.059349,-0.000805,5.046862,0.000000,0.000000,5.000000,0.075624,0
1784303903.688697,CONST330,TRACKING,330,22.600572,42.126152,0.060303,0.002449,5.043689,0.000000,0.000000,5.000000,0.074506,0
1784303903.738691,CONST330,TRACKING,330,27.522294,28.479961,0.061599,0.008179,5.033714,0.000000,0.000000,5.000000,0.070696,0
1784303903.788721,CONST330,TRACKING,330,20.741603,40.295784,0.060695,0.012841,5.031630,0.000000,0.000000,5.000000,0.069636,0
1784303903.838670,CONST330,TRACKING,330,24.638272,24.849614,0.057106,0.023454,5.030427,0.000000,0.000000,5.000000,0.068826,0
1784303903.888731,CONST330,TRACKING,330,30.752917,50.332046,0.055166,0.027883,5.030591,0.000000,0.000000,5.000000,0.068968,0
1784303903.938699,CONST330,TRACKING,330,21.928041,22.379620,0.053214,0.030744,5.040205,0.000000,0.000000,5.000000,0.073440,0
1784303903.988676,CONST330,TRACKING,330,26.675243,46.210342,0.051966,0.032273,5.043581,0.000000,0.000000,5.000000,0.075109,0
1784303904.038696,CONST330,TRACKING,330,21.933307,22.428455,0.050635,0.035428,5.049387,0.000000,0.000000,5.000000,0.079109,0
1784303904.088686,CONST330,TRACKING,330,26.765812,46.210183,0.049969,0.036602,5.051966,0.000000,0.000000,5.000000,0.080852,0
1784303904.138674,CONST330,TRACKING,330,23.877448,25.038480,0.048013,0.037265,5.053030,0.000000,0.000000,5.000000,0.080660,0
1784303904.188707,CONST330,TRACKING,330,36.067080,55.640560,0.047162,0.035834,5.050773,0.000000,0.000000,5.000000,0.078014,0
1784303904.238723,CONST330,TRACKING,330,38.659247,39.995987,0.044511,0.033242,5.041844,0.000000,0.000000,5.000000,0.069550,0
1784303904.288675,CONST330,TRACKING,330,34.570675,45.727327,0.044649,0.032579,5.037047,0.000000,0.000000,5.000000,0.066539,0
1784303904.338696,CONST330,TRACKING,330,20.082532,21.429420,0.045007,0.031889,5.029088,0.000000,0.000000,5.000000,0.062359,0
1784303904.388720,CONST330,TRACKING,330,22.483734,42.036647,0.044634,0.031632,5.026293,0.000000,0.000000,5.000000,0.060697,0
1784303904.438683,CONST330,TRACKING,330,22.507529,23.675923,0.043885,0.028337,5.021637,0.000000,0.000000,5.000000,0.056542,0
1784303904.488730,CONST330,TRACKING,330,32.239249,51.746056,0.043005,0.026848,5.019592,0.000000,0.000000,5.000000,0.054352,0
1784303904.538705,CONST330,TRACKING,330,21.412169,22.347143,0.041176,0.026297,5.015488,0.000000,0.000000,5.000000,0.051253,0
1784303904.588702,CONST330,TRACKING,330,24.426193,43.926477,0.040096,0.026669,5.013243,0.000000,0.000000,5.000000,0.049943,0
1784303904.638673,CONST330,TRACKING,330,22.999177,24.024167,0.036736,0.026107,5.012575,0.000000,0.000000,5.000000,0.046789,0
1784303904.688709,CONST330,TRACKING,330,40.377695,59.920525,0.035071,0.024517,5.017006,0.000000,0.000000,5.000000,0.046047,0
1784303904.738706,CONST330,TRACKING,330,40.474212,41.495355,0.031131,0.021236,5.025085,0.000000,0.000000,5.000000,0.045270,0
1784303904.788723,CONST330,TRACKING,330,23.816287,33.216270,0.029530,0.017962,5.030916,0.000000,0.000000,5.000000,0.046373,0
1784303904.838690,CONST330,TRACKING,330,46.753555,47.959877,0.025448,0.010378,5.047064,0.000000,0.000000,5.000000,0.054501,0
1784303904.888739,CONST330,TRACKING,330,20.402614,23.515478,0.023228,0.007377,5.054600,0.000000,0.000000,5.000000,0.059792,0
1784303904.938767,CONST330,TRACKING,330,56.826586,57.806861,0.023432,0.001408,5.070815,0.000000,0.000000,5.000000,0.074604,1
1784303904.995781,CONST330,TRACKING,330,22.465413,80.448367,0.023432,0.001408,5.070815,0.000000,0.000000,5.000000,0.074604,0
1784303905.038706,CONST330,TRACKING,330,37.876169,38.966617,0.020926,-0.009995,5.083904,0.000000,0.000000,5.000000,0.087050,0
1784303905.088732,CONST330,TRACKING,330,25.502150,37.492947,0.019383,-0.013939,5.086192,0.000000,0.000000,5.000000,0.089438,0
1784303905.138667,CONST330,TRACKING,330,28.314298,29.560166,0.014611,-0.021711,5.088563,0.000000,0.000000,5.000000,0.092348,0
1784303905.188746,CONST330,TRACKING,330,27.865382,47.257601,0.011152,-0.026595,5.091011,0.000000,0.000000,5.000000,0.095470,0
1784303905.238696,CONST330,TRACKING,330,24.773944,25.464411,0.002692,-0.036494,5.096687,0.000000,0.000000,5.000000,0.103380,0
1784303905.288724,CONST330,TRACKING,330,37.059069,56.285263,-0.003203,-0.041289,5.099074,0.000000,0.000000,5.000000,0.107381,0
1784303905.338694,CONST330,TRACKING,330,31.380709,32.499792,-0.015540,-0.050470,5.099420,0.000000,0.000000,5.000000,0.112575,0
1784303905.388730,CONST330,TRACKING,330,28.126365,46.651605,-0.021249,-0.054647,5.095980,0.000000,0.000000,5.000000,0.112472,0
1784303905.438725,CONST330,TRACKING,330,42.866078,44.203439,-0.032181,-0.062665,5.081660,0.000000,0.000000,5.000000,0.107846,0
1784303905.488742,CONST330,TRACKING,330,34.839631,41.802415,-0.036495,-0.065824,5.075079,0.000000,0.000000,5.000000,0.106309,0
1784303905.538896,CONST330,TRACKING,330,29.631255,30.976226,-0.042168,-0.074378,5.064459,0.000000,0.000000,5.000000,0.107076,0
1784303905.588714,CONST330,TRACKING,330,41.830977,61.367933,-0.044179,-0.078786,5.059764,0.000000,0.000000,5.000000,0.108309,0
1784303905.638701,CONST330,TRACKING,330,21.815481,23.027102,-0.047570,-0.087296,5.049140,0.000000,0.000000,5.000000,0.110897,0
1784303905.688733,CONST330,TRACKING,330,30.748792,50.319405,-0.047776,-0.091523,5.046317,0.000000,0.000000,5.000000,0.113156,0
1784303905.739107,CONST330,TRACKING,330,38.268086,39.772542,-0.048121,-0.097804,5.040311,0.000000,0.000000,5.000000,0.116216,0
1784303905.788754,CONST330,TRACKING,330,21.290696,32.527020,-0.047865,-0.098669,5.040948,0.000000,0.000000,5.000000,0.117062,0
1784303905.838716,CONST330,TRACKING,330,27.841024,28.922318,-0.046757,-0.097673,5.042078,0.000000,0.000000,5.000000,0.116176,0
1784303905.888708,CONST330,TRACKING,330,36.522908,55.959469,-0.046144,-0.096312,5.041209,0.000000,0.000000,5.000000,0.114470,0
1784303905.938698,CONST330,TRACKING,330,26.649476,27.765261,-0.040050,-0.093499,5.039488,0.000000,0.000000,5.000000,0.109112,0
1784303905.988727,CONST330,TRACKING,330,22.771414,42.030138,-0.037022,-0.091411,5.038042,0.000000,0.000000,5.000000,0.105706,0
1784303906.038678,CONST330,TRACKING,330,34.068500,34.790437,-0.029007,-0.086461,5.038464,0.000000,0.000000,5.000000,0.098976,0
1784303906.088728,CONST330,TRACKING,330,23.505421,39.304454,-0.025358,-0.083903,5.039403,0.000000,0.000000,5.000000,0.096101,0
1784303906.138719,CONST330,TRACKING,330,35.692855,36.162637,-0.017745,-0.077101,5.039894,0.000000,0.000000,5.000000,0.088606,0
1784303906.188736,CONST330,TRACKING,330,25.938920,40.104177,-0.013257,-0.072463,5.040965,0.000000,0.000000,5.000000,0.084289,0
1784303906.238700,CONST330,TRACKING,330,30.691957,31.411122,-0.003777,-0.061256,5.043046,0.000000,0.000000,5.000000,0.074964,0
1784303906.288725,CONST330,TRACKING,330,20.673493,39.837709,0.001703,-0.056242,5.043146,0.000000,0.000000,5.000000,0.070906,0
1784303906.338676,CONST330,TRACKING,330,26.279081,26.962645,0.012596,-0.046425,5.041834,0.000000,0.000000,5.000000,0.063750,0
1784303906.388730,CONST330,TRACKING,330,39.826017,59.362129,0.017621,-0.041389,5.040091,0.000000,0.000000,5.000000,0.060257,0
1784303906.438694,CONST330,TRACKING,330,29.026222,30.317835,0.030462,-0.031702,5.040565,0.000000,0.000000,5.000000,0.059821,0
1784303906.488694,CONST330,TRACKING,330,25.735770,45.255897,0.035632,-0.027288,5.041085,0.000000,0.000000,5.000000,0.060846,0
1784303906.538726,CONST330,TRACKING,330,31.663782,32.468413,0.047849,-0.021991,5.045422,0.000000,0.000000,5.000000,0.069543,0
1784303906.588737,CONST330,TRACKING,330,42.226773,60.436968,0.053878,-0.020147,5.048987,0.000000,0.000000,5.000000,0.075554,0
1784303906.638696,CONST330,TRACKING,330,32.719657,33.901412,0.064622,-0.016023,5.054391,0.000000,0.000000,5.000000,0.085972,0
1784303906.688746,CONST330,TRACKING,330,30.749558,47.940503,0.068010,-0.015045,5.056318,0.000000,0.000000,5.000000,0.089573,0
1784303906.738715,CONST330,TRACKING,330,23.600700,24.655451,0.073444,-0.012132,5.057621,0.000000,0.000000,5.000000,0.094135,0
1784303906.788686,CONST330,TRACKING,330,47.080579,66.302467,0.075915,-0.010801,5.059489,0.000000,0.000000,5.000000,0.097050,0
1784303906.838701,CONST330,TRACKING,330,50.300221,51.656420,0.080392,-0.007059,5.062433,0.000000,0.000000,5.000000,0.102033,1
1784303906.889256,CONST330,TRACKING,330,42.154684,94.056767,0.080392,-0.007059,5.062433,0.000000,0.000000,5.000000,0.102033,0
1784303906.938699,CONST330,TRACKING,330,28.340741,29.365741,0.088308,0.002620,5.062823,0.000000,0.000000,5.000000,0.108406,0
1784303906.988704,CONST330,TRACKING,330,36.663827,55.996186,0.090647,0.005852,5.065163,0.000000,0.000000,5.000000,0.111791,0
1784303907.038695,CONST330,TRACKING,330,23.360139,24.519143,0.096575,0.012856,5.070929,0.000000,0.000000,5.000000,0.120511,0
1784303907.088728,CONST330,TRACKING,330,27.692664,47.215793,0.098963,0.015680,5.070964,0.000000,0.000000,5.000000,0.122782,0
1784303907.138694,CONST330,TRACKING,330,22.298329,23.270126,0.101736,0.021012,5.067666,0.000000,0.000000,5.000000,0.123978,0
1784303907.188730,CONST330,TRACKING,330,27.249418,46.324501,0.101949,0.023540,5.068576,0.000000,0.000000,5.000000,0.125102,0
1784303907.238698,CONST330,TRACKING,330,41.735166,42.850110,0.101032,0.029473,5.070150,0.000000,0.000000,5.000000,0.126480,0
1784303907.288726,CONST330,TRACKING,330,19.985146,28.130103,0.098074,0.033072,5.071014,0.000000,0.000000,5.000000,0.125520,0
1784303907.338692,CONST330,TRACKING,330,22.998467,24.028281,0.090131,0.040436,5.070719,0.000000,0.000000,5.000000,0.121490,0
1784303907.388724,CONST330,TRACKING,330,25.266953,44.498298,0.085824,0.043849,5.068799,0.000000,0.000000,5.000000,0.118414,0
1784303907.438669,CONST330,TRACKING,330,36.305190,37.624364,0.074932,0.052359,5.069531,0.000000,0.000000,5.000000,0.114851,0
1784303907.488714,CONST330,TRACKING,330,22.110603,35.739900,0.069646,0.055395,5.070056,0.000000,0.000000,5.000000,0.113256,0
1784303907.538699,CONST330,TRACKING,330,22.495196,23.578921,0.057248,0.062257,5.069341,0.000000,0.000000,5.000000,0.109368,0
1784303907.588730,CONST330,TRACKING,330,23.403506,42.664839,0.050669,0.065531,5.067557,0.000000,0.000000,5.000000,0.106891,0
1784303907.638694,CONST330,TRACKING,330,22.744716,23.801127,0.036270,0.070409,5.060703,0.000000,0.000000,5.000000,0.099788,0
1784303907.688709,CONST330,TRACKING,330,25.311806,44.803174,0.030052,0.070872,5.060357,0.000000,0.000000,5.000000,0.097821,0
1784303907.738697,CONST330,TRACKING,330,21.113273,22.215998,0.017751,0.071403,5.060433,0.000000,0.000000,5.000000,0.095213,0
1784303907.788720,CONST330,TRACKING,330,31.606982,50.838568,0.012527,0.071472,5.061210,0.000000,0.000000,5.000000,0.094931,0
1784303907.838722,CONST330,TRACKING,330,27.117837,28.191635,0.000911,0.070850,5.062508,0.000000,0.000000,5.000000,0.094487,0
1784303907.888744,CONST330,TRACKING,330,35.703471,54.890582,-0.004395,0.070206,5.061103,0.000000,0.000000,5.000000,0.093176,0
1784303907.938682,CONST330,TRACKING,330,20.426226,21.690987,-0.016181,0.068679,5.059141,0.000000,0.000000,5.000000,0.092066,0
1784303907.988713,CONST330,TRACKING,330,25.785710,45.128316,-0.021694,0.067448,5.058102,0.000000,0.000000,5.000000,0.091628,0
1784303908.038680,CONST330,TRACKING,330,22.027569,23.298607,-0.034214,0.060516,5.053855,0.000000,0.000000,5.000000,0.087938,0
1784303908.088721,CONST330,TRACKING,330,30.092551,49.369204,-0.039650,0.056555,5.052329,0.000000,0.000000,5.000000,0.086654,0
1784303908.138705,CONST330,TRACKING,330,27.180398,28.283309,-0.049481,0.048517,5.047203,0.000000,0.000000,5.000000,0.083847,0
1784303908.188731,CONST330,TRACKING,330,24.064714,43.414138,-0.053791,0.044497,5.041625,0.000000,0.000000,5.000000,0.081278,0
1784303908.238696,CONST330,TRACKING,330,23.193986,24.467974,-0.062258,0.035804,5.027695,0.000000,0.000000,5.000000,0.076974,0
1784303908.288726,CONST330,TRACKING,330,25.466368,44.956413,-0.064823,0.031675,5.025571,0.000000,0.000000,5.000000,0.076545,0
1784303908.338691,CONST330,TRACKING,330,22.061492,23.189350,-0.068599,0.023282,5.025910,0.000000,0.000000,5.000000,0.076936,0
1784303908.388718,CONST330,TRACKING,330,21.177251,40.401291,-0.070021,0.019154,5.027790,0.000000,0.000000,5.000000,0.077731,0
1784303908.438678,CONST330,TRACKING,330,37.734876,38.683471,-0.065961,0.009825,5.039798,0.000000,0.000000,5.000000,0.077661,0
1784303908.488720,CONST330,TRACKING,330,38.018528,50.170656,-0.063856,0.005915,5.044425,0.000000,0.000000,5.000000,0.078014,0
1784303908.538698,CONST330,TRACKING,330,24.261470,25.484012,-0.055464,0.000836,5.053360,0.000000,0.000000,5.000000,0.076969,0
1784303908.588713,CONST330,TRACKING,330,26.871340,46.414890,-0.050285,-0.001001,5.057383,0.000000,0.000000,5.000000,0.076304,0
1784303908.638704,CONST330,TRACKING,330,27.843759,29.070715,-0.038720,-0.006193,5.061448,0.000000,0.000000,5.000000,0.072893,0
1784303908.688735,CONST330,TRACKING,330,40.094008,59.637832,-0.032999,-0.009824,5.060001,0.000000,0.000000,5.000000,0.069178,0
1784303908.738697,CONST330,TRACKING,330,32.657419,33.914829,-0.021770,-0.016038,5.056476,0.000000,0.000000,5.000000,0.062616,0
1784303908.788724,CONST330,TRACKING,330,24.051417,41.207622,-0.016201,-0.019658,5.054020,0.000000,0.000000,5.000000,0.059725,0
1784303908.838705,CONST330,TRACKING,330,41.396689,42.288098,-0.004301,-0.027420,5.048265,0.000000,0.000000,5.000000,0.055677,0
1784303908.888711,CONST330,TRACKING,330,34.051313,42.453350,0.000717,-0.030401,5.043973,0.000000,0.000000,5.000000,0.053464,0
1784303908.938697,CONST330,TRACKING,330,21.350120,22.418027,0.005619,-0.029975,5.041328,0.000000,0.000000,5.000000,0.051363,0
1784303908.988727,CONST330,TRACKING,330,31.814216,51.266741,0.008109,-0.029826,5.039032,0.000000,0.000000,5.000000,0.049787,0
1784303909.038704,CONST330,TRACKING,330,22.067370,22.611765,0.013759,-0.030290,5.034193,0.000000,0.000000,5.000000,0.047707,0
1784303909.088734,CONST330,TRACKING,330,31.352980,50.918448,0.016044,-0.030534,5.033377,0.000000,0.000000,5.000000,0.047997,0
1784303909.138669,CONST330,TRACKING,330,23.453328,24.591663,0.020496,-0.030992,5.030750,0.000000,0.000000,5.000000,0.048230,0
1784303909.188731,CONST330,TRACKING,330,24.649115,43.657402,0.023210,-0.031430,5.029650,0.000000,0.000000,5.000000,0.049047,0
1784303909.238608,CONST330,TRACKING,330,28.099687,28.157670,0.028787,-0.031263,5.024302,0.000000,0.000000,5.000000,0.048956,0
1784303909.288723,CONST330,TRACKING,330,22.700656,41.952272,0.031582,-0.031035,5.023814,0.000000,0.000000,5.000000,0.050276,0
1784303909.338698,CONST330,TRACKING,330,23.125093,24.185914,0.036814,-0.030168,5.021334,0.000000,0.000000,5.000000,0.052159,0
1784303909.388726,CONST330,TRACKING,330,30.176589,49.431702,0.039163,-0.029556,5.018611,0.000000,0.000000,5.000000,0.052476,0
1784303909.438707,CONST330,TRACKING,330,26.238134,26.917915,0.039321,-0.028278,5.025392,0.000000,0.000000,5.000000,0.054686,0
1784303909.488730,CONST330,TRACKING,330,27.008006,46.225467,0.039038,-0.027571,5.027941,0.000000,0.000000,5.000000,0.055361,0
1784303909.538665,CONST330,TRACKING,330,22.170732,23.206179,0.038147,-0.024697,5.033020,0.000000,0.000000,5.000000,0.056173,0
1784303909.588730,CONST330,TRACKING,330,25.402087,44.701776,0.037519,-0.022914,5.035296,0.000000,0.000000,5.000000,0.056379,0
1784303909.638680,CONST330,TRACKING,330,27.742027,28.300483,0.034900,-0.018365,5.038571,0.000000,0.000000,5.000000,0.055163,0
1784303909.688688,CONST330,TRACKING,330,25.624780,44.797729,0.032450,-0.015626,5.041320,0.000000,0.000000,5.000000,0.054814,0
1784303909.738696,CONST330,TRACKING,330,22.978585,24.015965,0.027641,-0.009690,5.045810,0.000000,0.000000,5.000000,0.054374,0
1784303909.788720,CONST330,TRACKING,330,41.188075,60.416612,0.025497,-0.005077,5.049030,0.000000,0.000000,5.000000,0.055496,0
1784303909.838699,CONST330,TRACKING,330,35.998328,37.205984,0.020690,0.005549,5.052929,0.000000,0.000000,5.000000,0.057099,0
1784303909.888748,CONST330,TRACKING,330,22.884409,36.740659,0.018533,0.009929,5.051914,0.000000,0.000000,5.000000,0.056010,0
1784303909.938721,CONST330,TRACKING,330,32.993031,34.288967,0.014833,0.020548,5.059915,0.000000,0.000000,5.000000,0.065054,0
1784303909.988727,CONST330,TRACKING,330,31.239785,48.091745,0.012794,0.025425,5.063370,0.000000,0.000000,5.000000,0.069468,0
1784303910.038994,CONST330,TRACKING,330,29.353080,30.770840,0.006392,0.032201,5.069388,0.000000,0.000000,5.000000,0.076763,0
1784303910.088730,CONST330,TRACKING,330,24.368888,43.951336,0.003397,0.034516,5.070018,0.000000,0.000000,5.000000,0.078137,0
1784303910.138696,CONST330,TRACKING,330,23.912982,25.021635,-0.001921,0.038731,5.071419,0.000000,0.000000,5.000000,0.081268,0
1784303910.188726,CONST330,TRACKING,330,22.911908,42.084949,-0.004160,0.040025,5.074218,0.000000,0.000000,5.000000,0.084425,0
1784303910.238698,CONST330,TRACKING,330,28.923779,29.869666,-0.009327,0.043113,5.077201,0.000000,0.000000,5.000000,0.088914,0
1784303910.288732,CONST330,TRACKING,330,23.728646,43.121267,-0.012168,0.045973,5.078303,0.000000,0.000000,5.000000,0.091613,0
1784303910.338696,CONST330,TRACKING,330,34.987133,36.383713,-0.018067,0.051833,5.082034,0.000000,0.000000,5.000000,0.098705,0
1784303910.388737,CONST330,TRACKING,330,39.350816,54.222254,-0.020888,0.054303,5.083471,0.000000,0.000000,5.000000,0.101747,0
1784303910.438700,CONST330,TRACKING,330,27.759190,29.156515,-0.028065,0.056248,5.094547,0.000000,0.000000,5.000000,0.113537,0
1784303910.488727,CONST330,TRACKING,330,58.034154,77.567970,-0.030560,0.056938,5.095977,0.000000,0.000000,5.000000,0.115704,1
1784303910.546952,CONST330,TRACKING,330,21.612815,99.362761,-0.030560,0.056938,5.095977,0.000000,0.000000,5.000000,0.115704,0
1784303910.588733,CONST330,TRACKING,330,21.833750,41.083499,-0.042616,0.060792,5.095957,0.000000,0.000000,5.000000,0.121324,0
1784303910.638703,CONST330,TRACKING,330,29.239413,30.231849,-0.050441,0.061884,5.100161,0.000000,0.000000,5.000000,0.128086,0
1784303910.688734,CONST330,TRACKING,330,44.168224,63.751222,-0.052023,0.060900,5.101142,0.000000,0.000000,5.000000,0.129016,0
1784303910.738695,CONST330,TRACKING,330,19.836918,21.169819,-0.054768,0.059121,5.098021,0.000000,0.000000,5.000000,0.126897,0
1784303910.788725,CONST330,TRACKING,330,24.477013,43.522353,-0.056155,0.057944,5.094953,0.000000,0.000000,5.000000,0.124607,0
1784303910.838699,CONST330,TRACKING,330,41.945359,43.086946,-0.058864,0.054401,5.084089,0.000000,0.000000,5.000000,0.116169,0
1784303910.888731,CONST330,TRACKING,330,21.791297,29.746426,-0.059789,0.052307,5.078617,0.000000,0.000000,5.000000,0.111765,0
1784303910.938690,CONST330,TRACKING,330,31.410352,32.664836,-0.058822,0.046389,5.068988,0.000000,0.000000,5.000000,0.101840,0
1784303910.988721,CONST330,TRACKING,330,51.261601,69.724497,-0.057989,0.043361,5.063098,0.000000,0.000000,5.000000,0.096043,1
1784303911.040170,CONST330,TRACKING,330,21.535351,91.436562,-0.057989,0.043361,5.063098,0.000000,0.000000,5.000000,0.096043,0
1784303911.088727,CONST330,TRACKING,330,29.126905,48.449067,-0.054872,0.030502,5.039459,0.000000,0.000000,5.000000,0.074151,0
1784303911.138707,CONST330,TRACKING,330,31.408773,32.444091,-0.051564,0.023116,5.031949,0.000000,0.000000,5.000000,0.064915,0
1784303911.188721,CONST330,TRACKING,330,32.658815,51.040293,-0.048422,0.020903,5.030965,0.000000,0.000000,5.000000,0.061159,0
1784303911.238698,CONST330,TRACKING,330,19.577478,20.846904,-0.042260,0.015677,5.029645,0.000000,0.000000,5.000000,0.053950,0
1784303911.288726,CONST330,TRACKING,330,33.476825,52.736073,-0.040293,0.012235,5.029911,0.000000,0.000000,5.000000,0.051652,0
1784303911.338693,CONST330,TRACKING,330,22.271540,23.466886,-0.036683,0.005161,5.028253,0.000000,0.000000,5.000000,0.046588,0
1784303911.388724,CONST330,TRACKING,330,28.739553,48.009773,-0.034833,0.001925,5.028833,0.000000,0.000000,5.000000,0.045259,0
1784303911.438673,CONST330,TRACKING,330,32.331799,33.437729,-0.034762,-0.004219,5.031048,0.000000,0.000000,5.000000,0.046799,0
1784303911.488718,CONST330,TRACKING,330,33.223464,50.769801,-0.034500,-0.006713,5.033039,0.000000,0.000000,5.000000,0.048237,0
1784303911.538685,CONST330,TRACKING,330,24.113245,25.152277,-0.031015,-0.010433,5.036843,0.000000,0.000000,5.000000,0.049276,0
1784303911.588712,CONST330,TRACKING,330,32.242619,51.867370,-0.028645,-0.011832,5.037324,0.000000,0.000000,5.000000,0.048515,0
1784303911.638776,CONST330,TRACKING,330,32.400250,33.496751,-0.023495,-0.014026,5.031771,0.000000,0.000000,5.000000,0.041930,0
1784303911.688735,CONST330,TRACKING,330,21.359285,38.701245,-0.020730,-0.014120,5.028150,0.000000,0.000000,5.000000,0.037703,0
1784303911.738681,CONST330,TRACKING,330,25.345567,25.931175,-0.015413,-0.014587,5.023548,0.000000,0.000000,5.000000,0.031699,0
1784303911.788699,CONST330,TRACKING,330,52.010225,71.375904,-0.012871,-0.016005,5.027322,0.000000,0.000000,5.000000,0.034181,1
1784303911.840877,CONST330,TRACKING,330,19.899329,91.430620,-0.012871,-0.016005,5.027322,0.000000,0.000000,5.000000,0.034181,0
1784303911.888697,CONST330,TRACKING,330,32.042625,51.464811,-0.004796,-0.021695,5.032112,0.000000,0.000000,5.000000,0.039049,0
1784303911.938697,CONST330,TRACKING,330,21.880706,22.820034,0.000905,-0.024174,5.034967,0.000000,0.000000,5.000000,0.042519,0
1784303911.988722,CONST330,TRACKING,330,21.622583,41.068568,0.003477,-0.025500,5.036999,0.000000,0.000000,5.000000,0.045070,0
1784303912.038928,CONST330,TRACKING,330,23.557779,24.866068,0.008043,-0.030953,5.043435,0.000000,0.000000,5.000000,0.053939,0
1784303912.088692,CONST330,TRACKING,330,23.461443,42.692619,0.009748,-0.033795,5.046407,0.000000,0.000000,5.000000,0.058230,0
1784303912.138703,CONST330,TRACKING,330,31.226248,32.053638,0.013951,-0.039684,5.053344,0.000000,0.000000,5.000000,0.067934,0
1784303912.188739,CONST330,TRACKING,330,33.888602,52.596535,0.017505,-0.042929,5.055434,0.000000,0.000000,5.000000,0.072265,0
1784303912.238717,CONST330,TRACKING,330,42.126580,43.175316,0.024644,-0.048918,5.055551,0.000000,0.000000,5.000000,0.078014,0
1784303912.288734,CONST330,TRACKING,330,19.804424,27.532373,0.026809,-0.052474,5.055582,0.000000,0.000000,5.000000,0.081003,0
1784303912.338698,CONST330,TRACKING,330,29.620250,30.356929,0.029875,-0.058950,5.052094,0.000000,0.000000,5.000000,0.084151,0
1784303912.388720,CONST330,TRACKING,330,21.357808,40.951407,0.030903,-0.061449,5.048761,0.000000,0.000000,5.000000,0.084313,0
1784303912.438719,CONST330,TRACKING,330,29.411660,30.760180,0.032210,-0.064582,5.047682,0.000000,0.000000,5.000000,0.086498,0
1784303912.488696,CONST330,TRACKING,330,24.383326,43.736717,0.032454,-0.065386,5.048010,0.000000,0.000000,5.000000,0.087370,0
1784303912.538718,CONST330,TRACKING,330,25.790734,27.135525,0.032372,-0.065462,5.052031,0.000000,0.000000,5.000000,0.089669,0
1784303912.588732,CONST330,TRACKING,330,31.113690,50.683185,0.032220,-0.064908,5.053069,0.000000,0.000000,5.000000,0.089820,0
1784303912.638676,CONST330,TRACKING,330,30.950282,32.264753,0.032752,-0.063115,5.053984,0.000000,0.000000,5.000000,0.089278,0
1784303912.688741,CONST330,TRACKING,330,21.975203,40.962671,0.034357,-0.062827,5.055499,0.000000,0.000000,5.000000,0.090597,0
1784303912.738706,CONST330,TRACKING,330,29.536447,30.418320,0.036903,-0.061623,5.051442,0.000000,0.000000,5.000000,0.088349,0
1784303912.788715,CONST330,TRACKING,330,34.190003,53.536804,0.040018,-0.061374,5.048797,0.000000,0.000000,5.000000,0.088030,0
1784303912.838726,CONST330,TRACKING,330,21.501826,22.436888,0.046554,-0.060500,5.040565,0.000000,0.000000,5.000000,0.086447,0
1784303912.888698,CONST330,TRACKING,330,46.309426,65.543693,0.048681,-0.059727,5.038729,0.000000,0.000000,5.000000,0.086239,0
1784303912.938709,CONST330,TRACKING,330,20.739134,22.118990,0.050218,-0.056827,5.037006,0.000000,0.000000,5.000000,0.084384,0
1784303912.988712,CONST330,TRACKING,330,30.039981,49.306905,0.050746,-0.055056,5.036664,0.000000,0.000000,5.000000,0.083370,0
1784303913.038695,CONST330,TRACKING,330,43.696931,44.875543,0.054357,-0.050407,5.040719,0.000000,0.000000,5.000000,0.084579,0
1784303913.088710,CONST330,TRACKING,330,25.801198,31.934407,0.055963,-0.048085,5.043192,0.000000,0.000000,5.000000,0.085496,0
1784303913.138703,CONST330,TRACKING,330,32.919365,33.850699,0.056673,-0.041589,5.052429,0.000000,0.000000,5.000000,0.087694,0
1784303913.188728,CONST330,TRACKING,330,31.894307,48.841251,0.055163,-0.036088,5.058646,0.000000,0.000000,5.000000,0.088231,0
1784303913.238720,CONST330,TRACKING,330,32.596244,33.417626,0.051347,-0.023561,5.069405,0.000000,0.000000,5.000000,0.089491,0
1784303913.288738,CONST330,TRACKING,330,21.669152,38.939828,0.049111,-0.017170,5.071693,0.000000,0.000000,5.000000,0.088581,0
1784303913.338918,CONST330,TRACKING,330,39.520566,41.107797,0.043897,-0.004179,5.072094,0.000000,0.000000,5.000000,0.084510,0
1784303913.388721,CONST330,TRACKING,330,19.696296,29.853100,0.040383,0.003506,5.071327,0.000000,0.000000,5.000000,0.082040,0
1784303913.438691,CONST330,TRACKING,330,42.000044,43.290701,0.034542,0.015033,5.075849,0.000000,0.000000,5.000000,0.084689,0
1784303913.488724,CONST330,TRACKING,330,26.544271,34.428142,0.031567,0.020575,5.076514,0.000000,0.000000,5.000000,0.085289,0
1784303913.538703,CONST330,TRACKING,330,24.349755,25.458592,0.025126,0.031367,5.076437,0.000000,0.000000,5.000000,0.086359,0
1784303913.588726,CONST330,TRACKING,330,27.376509,46.558677,0.021938,0.036406,5.076404,0.000000,0.000000,5.000000,0.087431,0
1784303913.638707,CONST330,TRACKING,330,34.860151,36.010197,0.014795,0.046780,5.072253,0.000000,0.000000,5.000000,0.087337,0
1784303913.688707,CONST330,TRACKING,330,22.657663,37.660917,0.011652,0.050935,5.072961,0.000000,0.000000,5.000000,0.089741,0
1784303913.738719,CONST330,TRACKING,330,22.705241,23.901720,0.005641,0.058368,5.070793,0.000000,0.000000,5.000000,0.091926,0
1784303913.788726,CONST330,TRACKING,330,24.345808,43.688509,0.004272,0.060684,5.071299,0.000000,0.000000,5.000000,0.093724,0
1784303913.838711,CONST330,TRACKING,330,22.644562,23.775332,0.001670,0.064521,5.072659,0.000000,0.000000,5.000000,0.097186,0
1784303913.888731,CONST330,TRACKING,330,20.529000,39.839062,0.000168,0.065937,5.071088,0.000000,0.000000,5.000000,0.096960,0
1784303913.938706,CONST330,TRACKING,330,21.572726,22.644077,-0.002813,0.065788,5.073767,0.000000,0.000000,5.000000,0.098881,0
1784303913.988733,CONST330,TRACKING,330,21.888497,41.053442,-0.004304,0.065519,5.075702,0.000000,0.000000,5.000000,0.100210,0
1784303914.038705,CONST330,TRACKING,330,31.276506,32.467786,-0.006938,0.062349,5.079300,0.000000,0.000000,5.000000,0.101114,0
1784303914.088734,CONST330,TRACKING,330,20.961867,39.564790,-0.007915,0.060410,5.080355,0.000000,0.000000,5.000000,0.100841,0
1784303914.138703,CONST330,TRACKING,330,22.767606,23.970161,-0.009820,0.055084,5.079060,0.000000,0.000000,5.000000,0.096856,0
1784303914.188730,CONST330,TRACKING,330,29.266324,48.613658,-0.010835,0.050795,5.076789,0.000000,0.000000,5.000000,0.092705,0
1784303914.238697,CONST330,TRACKING,330,26.980532,28.117022,-0.012861,0.041361,5.073410,0.000000,0.000000,5.000000,0.085236,0
1784303914.288732,CONST330,TRACKING,330,35.606979,54.931343,-0.014370,0.037891,5.071941,0.000000,0.000000,5.000000,0.082570,0
1784303914.338698,CONST330,TRACKING,330,38.113873,39.331588,-0.017434,0.031239,5.066390,0.000000,0.000000,5.000000,0.075415,0
1784303914.388724,CONST330,TRACKING,330,20.667029,32.456408,-0.018775,0.027754,5.061284,0.000000,0.000000,5.000000,0.069846,0
1784303914.438694,CONST330,TRACKING,330,26.137103,27.472913,-0.020973,0.021751,5.050849,0.000000,0.000000,5.000000,0.059149,0
1784303914.488734,CONST330,TRACKING,330,24.191245,43.567742,-0.021920,0.018817,5.046444,0.000000,0.000000,5.000000,0.054696,0
1784303914.538718,CONST330,TRACKING,330,24.665894,25.869290,-0.022592,0.012628,5.041472,0.000000,0.000000,5.000000,0.048886,0
1784303914.588732,CONST330,TRACKING,330,29.482863,48.733760,-0.022401,0.009336,5.039433,0.000000,0.000000,5.000000,0.046302,0
1784303914.638699,CONST330,TRACKING,330,25.245802,26.493103,-0.021034,0.002255,5.034492,0.000000,0.000000,5.000000,0.040463,0
1784303914.688737,CONST330,TRACKING,330,25.988187,45.295399,-0.019722,-0.000618,5.034513,0.000000,0.000000,5.000000,0.039755,0
1784303914.738715,CONST330,TRACKING,330,30.399346,31.272768,-0.017094,-0.006769,5.032731,0.000000,0.000000,5.000000,0.037541,0
1784303914.788733,CONST330,TRACKING,330,21.977006,41.312636,-0.015838,-0.008998,5.030201,0.000000,0.000000,5.000000,0.035270,0
1784303914.838687,CONST330,TRACKING,330,21.350321,22.391109,-0.013193,-0.013743,5.026437,0.000000,0.000000,5.000000,0.032586,0
1784303914.888719,CONST330,TRACKING,330,20.836066,40.202257,-0.011996,-0.015893,5.025512,0.000000,0.000000,5.000000,0.032363,0
1784303914.938699,CONST330,TRACKING,330,31.929644,33.097178,-0.012172,-0.027642,5.022732,0.000000,0.000000,5.000000,0.037802,0
1784303914.988759,CONST330,TRACKING,330,26.413722,44.368567,-0.012151,-0.032973,5.021227,0.000000,0.000000,5.000000,0.041054,0
1784303915.038699,CONST330,TRACKING,330,22.412434,23.502092,-0.011518,-0.042950,5.023652,0.000000,0.000000,5.000000,0.050367,0
1784303915.088719,CONST330,TRACKING,330,22.267230,41.625811,-0.011086,-0.046906,5.024832,0.000000,0.000000,5.000000,0.054218,0
1784303915.138697,CONST330,TRACKING,330,23.556079,24.631567,-0.011409,-0.054501,5.024798,0.000000,0.000000,5.000000,0.060955,0
1784303915.188731,CONST330,TRACKING,330,24.083194,43.380682,-0.013088,-0.058129,5.025576,0.000000,0.000000,5.000000,0.064842,0
1784303915.238690,CONST330,TRACKING,330,24.293485,25.366926,-0.015586,-0.065553,5.027409,0.000000,0.000000,5.000000,0.072742,0
1784303915.288699,CONST330,TRACKING,330,23.656843,42.948565,-0.018232,-0.068563,5.028354,0.000000,0.000000,5.000000,0.076402,0
1784303915.338667,CONST330,TRACKING,330,19.728422,20.960105,-0.024034,-0.073463,5.030038,0.000000,0.000000,5.000000,0.082926,0
1784303915.388722,CONST330,TRACKING,330,21.394878,40.611985,-0.026643,-0.075253,5.029539,0.000000,0.000000,5.000000,0.085120,0
1784303915.438689,CONST330,TRACKING,330,23.370602,24.325106,-0.032502,-0.075365,5.034135,0.000000,0.000000,5.000000,0.088890,0
1784303915.488719,CONST330,TRACKING,330,27.167489,46.508726,-0.034966,-0.074837,5.035783,0.000000,0.000000,5.000000,0.090020,0
1784303915.538693,CONST330,TRACKING,330,23.185687,24.315722,-0.038454,-0.072417,5.038110,0.000000,0.000000,5.000000,0.090417,0
1784303915.588725,CONST330,TRACKING,330,21.062164,40.380778,-0.039775,-0.070730,5.037638,0.000000,0.000000,5.000000,0.089451,0
1784303915.638677,CONST330,TRACKING,330,25.667444,26.118981,-0.041908,-0.066735,5.038856,0.000000,0.000000,5.000000,0.087861,0
1784303915.688755,CONST330,TRACKING,330,22.377889,41.715781,-0.042291,-0.065489,5.041560,0.000000,0.000000,5.000000,0.088344,0
1784303915.738697,CONST330,TRACKING,330,28.633714,29.556104,-0.042720,-0.061952,5.045941,0.000000,0.000000,5.000000,0.088168,0
1784303915.788738,CONST330,TRACKING,330,22.692774,42.174450,-0.042697,-0.059928,5.047515,0.000000,0.000000,5.000000,0.087591,0
1784303915.838688,CONST330,TRACKING,330,21.559311,22.613739,-0.042007,-0.055029,5.050984,0.000000,0.000000,5.000000,0.085978,0
1784303915.888725,CONST330,TRACKING,330,22.778651,42.067490,-0.041468,-0.052765,5.052921,0.000000,0.000000,5.000000,0.085466,0
1784303915.938695,CONST330,TRACKING,330,28.730700,30.022890,-0.041070,-0.043948,5.049192,0.000000,0.000000,5.000000,0.077705,0
1784303915.988720,CONST330,TRACKING,330,34.521084,53.949821,-0.040664,-0.039713,5.046410,0.000000,0.000000,5.000000,0.073380,0
1784303916.038706,CONST330,TRACKING,330,21.675263,23.034444,-0.040691,-0.029098,5.043215,0.000000,0.000000,5.000000,0.066106,0
1784303916.088717,CONST330,TRACKING,330,23.877999,43.156041,-0.040638,-0.024120,5.040578,0.000000,0.000000,5.000000,0.062288,0
1784303916.138702,CONST330,TRACKING,330,23.501944,24.508315,-0.039863,-0.014730,5.034123,0.000000,0.000000,5.000000,0.054502,0
1784303916.188729,CONST330,TRACKING,330,24.055717,43.415611,-0.039190,-0.011309,5.029791,0.000000,0.000000,5.000000,0.050510,0
1784303916.238703,CONST330,TRACKING,330,24.486490,25.535744,-0.037123,-0.003447,5.016083,0.000000,0.000000,5.000000,0.040603,0
1784303916.288734,CONST330,TRACKING,330,32.050476,51.273595,-0.034856,0.000374,5.008901,0.000000,0.000000,5.000000,0.035977,0
1784303916.338691,CONST330,TRACKING,330,23.567851,24.818275,-0.029672,0.007863,4.998397,0.000000,0.000000,5.000000,0.030738,0
1784303916.388749,CONST330,TRACKING,330,36.282726,55.524037,-0.027047,0.011341,4.993812,0.000000,0.000000,5.000000,0.029974,0
1784303916.438661,CONST330,TRACKING,330,20.668383,21.937845,-0.018876,0.019849,4.992550,0.000000,0.000000,5.000000,0.028386,0
1784303916.488729,CONST330,TRACKING,330,26.019313,45.595347,-0.015143,0.023395,4.989978,0.000000,0.000000,5.000000,0.029615,0
1784303916.538684,CONST330,TRACKING,330,24.761127,25.973097,-0.009034,0.031102,4.987906,0.000000,0.000000,5.000000,0.034572,0
1784303916.588719,CONST330,TRACKING,330,42.815243,62.177674,-0.006329,0.034972,4.987305,0.000000,0.000000,5.000000,0.037740,0
1784303916.638687,CONST330,TRACKING,330,27.178512,28.302531,-0.001123,0.042320,4.990085,0.000000,0.000000,5.000000,0.043481,0
1784303916.688721,CONST330,TRACKING,330,36.141428,55.307934,-0.000281,0.044286,4.996026,0.000000,0.000000,5.000000,0.044465,0
1784303916.738705,CONST330,TRACKING,330,19.322625,20.648964,0.001962,0.047736,5.004949,0.000000,0.000000,5.000000,0.048032,0
1784303916.788717,CONST330,TRACKING,330,20.536043,39.887547,0.002324,0.050087,5.009301,0.000000,0.000000,5.000000,0.050996,0
1784303916.838702,CONST330,TRACKING,330,19.647206,21.039672,0.002822,0.054689,5.015983,0.000000,0.000000,5.000000,0.057047,0
1784303916.888715,CONST330,TRACKING,330,27.093041,46.474938,0.003316,0.056170,5.018128,0.000000,0.000000,5.000000,0.059116,0
1784303916.938697,CONST330,TRACKING,330,19.621933,21.023619,0.002241,0.060838,5.024880,0.000000,0.000000,5.000000,0.065767,0
1784303916.988707,CONST330,TRACKING,330,30.783288,50.083830,0.001842,0.062587,5.027323,0.000000,0.000000,5.000000,0.068316,0
1784303917.038698,CONST330,TRACKING,330,20.993110,22.283923,0.002844,0.061593,5.026517,0.000000,0.000000,5.000000,0.067119,0
1784303917.088743,CONST330,TRACKING,330,26.890643,46.102321,0.003782,0.060121,5.023292,0.000000,0.000000,5.000000,0.064586,0
1784303917.138667,CONST330,TRACKING,330,23.860684,25.150862,0.006320,0.056277,5.014087,0.000000,0.000000,5.000000,0.058357,0
1784303917.188724,CONST330,TRACKING,330,26.156030,45.414549,0.008230,0.053284,5.008965,0.000000,0.000000,5.000000,0.054656,0
1784303917.238703,CONST330,TRACKING,330,20.498947,21.844479,0.012823,0.047094,4.996014,0.000000,0.000000,5.000000,0.048971,0
1784303917.288723,CONST330,TRACKING,330,24.819118,43.902006,0.013293,0.044237,4.992676,0.000000,0.000000,5.000000,0.046768,0
1784303917.338697,CONST330,TRACKING,330,25.311675,26.501584,0.013242,0.038311,4.988153,0.000000,0.000000,5.000000,0.042231,0
1784303917.388720,CONST330,TRACKING,330,25.435472,44.746941,0.013086,0.035096,4.987540,0.000000,0.000000,5.000000,0.039474,0
1784303917.438681,CONST330,TRACKING,330,44.112194,45.313337,0.004998,0.030248,4.990014,0.000000,0.000000,5.000000,0.032244,0
1784303917.488688,CONST330,TRACKING,330,19.315593,25.014410,0.001839,0.027737,4.990993,0.000000,0.000000,5.000000,0.029221,0
1784303917.538701,CONST330,TRACKING,330,29.774236,31.120174,-0.004158,0.024617,4.994794,0.000000,0.000000,5.000000,0.025503,0
1784303917.588727,CONST330,TRACKING,330,27.631822,47.052857,-0.006951,0.023301,4.996713,0.000000,0.000000,5.000000,0.024537,0
1784303917.638698,CONST330,TRACKING,330,31.130000,32.203744,-0.012935,0.020122,4.999450,0.000000,0.000000,5.000000,0.023927,0
1784303917.688738,CONST330,TRACKING,330,22.726636,41.499925,-0.015846,0.019673,5.001686,0.000000,0.000000,5.000000,0.025317,0
1784303917.738667,CONST330,TRACKING,330,22.510192,23.809167,-0.021729,0.017814,5.004714,0.000000,0.000000,5.000000,0.028490,0
1784303917.788727,CONST330,TRACKING,330,22.524786,41.897372,-0.023206,0.016437,5.007189,0.000000,0.000000,5.000000,0.029333,0
1784303917.838670,CONST330,TRACKING,330,24.329774,25.581381,-0.025709,0.012643,5.014328,0.000000,0.000000,5.000000,0.032033,0
1784303917.888732,CONST330,TRACKING,330,25.026539,44.383655,-0.026832,0.010749,5.017581,0.000000,0.000000,5.000000,0.033832,0
1784303917.938688,CONST330,TRACKING,330,21.640510,22.960132,-0.029367,0.003574,5.025613,0.000000,0.000000,5.000000,0.039131,0
1784303917.988727,CONST330,TRACKING,330,22.314058,41.727117,-0.030288,0.000101,5.029580,0.000000,0.000000,5.000000,0.042336,0
1784303918.038695,CONST330,TRACKING,330,29.914926,31.180345,-0.033060,-0.006364,5.035910,0.000000,0.000000,5.000000,0.049223,0
1784303918.088729,CONST330,TRACKING,330,32.757259,52.188118,-0.034153,-0.008800,5.036389,0.000000,0.000000,5.000000,0.050676,0
1784303918.138702,CONST330,TRACKING,330,30.100691,31.247592,-0.036900,-0.013148,5.039671,0.000000,0.000000,5.000000,0.055752,0
1784303918.188726,CONST330,TRACKING,330,36.707937,56.202424,-0.039921,-0.015245,5.041694,0.000000,0.000000,5.000000,0.059703,0
1784303918.238699,CONST330,TRACKING,330,21.557577,22.878441,-0.045081,-0.019305,5.044425,0.000000,0.000000,5.000000,0.066171,0
1784303918.288699,CONST330,TRACKING,330,33.597097,52.963503,-0.047630,-0.019939,5.045656,0.000000,0.000000,5.000000,0.068925,0
1784303918.338673,CONST330,TRACKING,330,26.100066,27.073907,-0.052611,-0.020622,5.047619,0.000000,0.000000,5.000000,0.073897,0
1784303918.388703,CONST330,TRACKING,330,23.775486,43.146880,-0.054835,-0.020996,5.049741,0.000000,0.000000,5.000000,0.076954,0
1784303918.438668,CONST330,TRACKING,330,44.011705,45.131216,-0.059945,-0.022188,5.051984,0.000000,0.000000,5.000000,0.082389,0
1784303918.488733,CONST330,TRACKING,330,20.622602,26.516085,-0.061687,-0.022908,5.051168,0.000000,0.000000,5.000000,0.083356,0
1784303918.538700,CONST330,TRACKING,330,24.715233,25.727462,-0.065539,-0.024358,5.049715,0.000000,0.000000,5.000000,0.085792,0
1784303918.588727,CONST330,TRACKING,330,24.621386,43.952897,-0.067266,-0.025023,5.048828,0.000000,0.000000,5.000000,0.086805,0
1784303918.638706,CONST330,TRACKING,330,31.336108,32.458975,-0.068848,-0.026842,5.051686,0.000000,0.000000,5.000000,0.090178,0
1784303918.688709,CONST330,TRACKING,330,32.016957,50.518001,-0.067827,-0.028282,5.054448,0.000000,0.000000,5.000000,0.091460,0
1784303918.738693,CONST330,TRACKING,330,33.788874,35.049585,-0.065314,-0.030439,5.054165,0.000000,0.000000,5.000000,0.090146,0
1784303918.788726,CONST330,TRACKING,330,22.750340,38.868574,-0.065261,-0.029837,5.053350,0.000000,0.000000,5.000000,0.089418,0
1784303918.838699,CONST330,TRACKING,330,31.197380,32.510766,-0.064927,-0.027502,5.049135,0.000000,0.000000,5.000000,0.085942,0
1784303918.888736,CONST330,TRACKING,330,27.326740,46.005394,-0.064261,-0.026461,5.045700,0.000000,0.000000,5.000000,0.083176,0
1784303918.938704,CONST330,TRACKING,330,27.666325,28.902773,-0.061221,-0.026079,5.047870,0.000000,0.000000,5.000000,0.081974,0
1784303918.988752,CONST330,TRACKING,330,31.225929,50.611058,-0.059368,-0.025630,5.048961,0.000000,0.000000,5.000000,0.081109,0
1784303919.038705,CONST330,TRACKING,330,22.413382,23.680452,-0.053731,-0.024164,5.055065,0.000000,0.000000,5.000000,0.080641,0
1784303919.088705,CONST330,TRACKING,330,24.904603,44.108439,-0.050834,-0.023264,5.057647,0.000000,0.000000,5.000000,0.080302,0
1784303919.138694,CONST330,TRACKING,330,25.364414,26.642681,-0.044667,-0.020332,5.062381,0.000000,0.000000,5.000000,0.079373,0
1784303919.188753,CONST330,TRACKING,330,38.634561,58.038106,-0.041548,-0.017980,5.063428,0.000000,0.000000,5.000000,0.077927,0
1784303919.238699,CONST330,TRACKING,330,49.990501,51.269587,-0.034259,-0.012434,5.061583,0.000000,0.000000,5.000000,0.071559,0
1784303919.288907,CONST330,TRACKING,330,21.002764,72.484222,-0.034259,-0.012434,5.061583,0.000000,0.000000,5.000000,0.071559,0
1784303919.338670,CONST330,TRACKING,330,39.505968,40.588790,-0.023471,-0.002180,5.064600,0.000000,0.000000,5.000000,0.068766,0
1784303919.388730,CONST330,TRACKING,330,20.615601,31.025251,-0.019735,0.000899,5.065816,0.000000,0.000000,5.000000,0.068717,0
1784303919.438701,CONST330,TRACKING,330,32.133973,33.231643,-0.012529,0.004683,5.062874,0.000000,0.000000,5.000000,0.064281,0
1784303919.488695,CONST330,TRACKING,330,21.168015,38.884105,-0.009256,0.006264,5.058240,0.000000,0.000000,5.000000,0.059303,0
1784303919.538703,CONST330,TRACKING,330,31.252897,32.462386,-0.004022,0.006502,5.042767,0.000000,0.000000,5.000000,0.043445,0
1784303919.588747,CONST330,TRACKING,330,38.863122,57.526901,-0.001717,0.005912,5.035638,0.000000,0.000000,5.000000,0.036166,0
1784303919.638665,CONST330,TRACKING,330,22.008145,23.326506,0.003411,0.006046,5.022093,0.000000,0.000000,5.000000,0.023158,0
1784303919.688703,CONST330,TRACKING,330,26.759056,45.942259,0.004959,0.007753,5.016829,0.000000,0.000000,5.000000,0.019181,0
1784303919.738700,CONST330,TRACKING,330,25.503377,26.771863,0.007894,0.010671,5.004375,0.000000,0.000000,5.000000,0.013976,0
1784303919.788731,CONST330,TRACKING,330,24.831350,44.115119,0.010386,0.011799,4.999322,0.000000,0.000000,5.000000,0.015734,0
1784303919.838672,CONST330,TRACKING,330,25.601316,26.894872,0.016774,0.013761,4.992243,0.000000,0.000000,5.000000,0.023042,0
1784303919.888694,CONST330,TRACKING,330,22.798779,42.283364,0.019748,0.014441,4.990060,0.000000,0.000000,5.000000,0.026407,0
1784303919.938700,CONST330,TRACKING,330,25.615223,26.807988,0.025020,0.016635,4.987498,0.000000,0.000000,5.000000,0.032542,0
1784303919.988740,CONST330,TRACKING,330,26.479352,45.770916,0.027629,0.017562,4.986227,0.000000,0.000000,5.000000,0.035517,0
1784303920.038669,CONST330,TRACKING,330,24.970572,26.205802,0.034660,0.021074,4.981953,0.000000,0.000000,5.000000,0.044397,0
1784303920.088723,CONST330,TRACKING,330,23.834897,43.170654,0.037740,0.022673,4.980117,0.000000,0.000000,5.000000,0.048308,0
1784303920.138713,CONST330,TRACKING,330,24.824029,26.114644,0.042899,0.025391,4.976066,0.000000,0.000000,5.000000,0.055298,0
1784303920.188728,CONST330,TRACKING,330,32.939260,52.144096,0.044797,0.026810,4.975493,0.000000,0.000000,5.000000,0.057672,0
1784303920.238701,CONST330,TRACKING,330,28.116772,29.205708,0.048443,0.029029,4.975015,0.000000,0.000000,5.000000,0.061755,0
1784303920.288728,CONST330,TRACKING,330,32.778380,52.139559,0.049016,0.031450,4.972923,0.000000,0.000000,5.000000,0.064225,0
1784303920.338666,CONST330,TRACKING,330,22.393759,23.675628,0.049025,0.036483,4.967772,0.000000,0.000000,5.000000,0.069088,0
1784303920.388725,CONST330,TRACKING,330,26.411790,45.820942,0.048540,0.038682,4.966705,0.000000,0.000000,5.000000,0.070435,0
1784303920.438664,CONST330,TRACKING,330,21.050844,22.310730,0.045761,0.040518,4.967357,0.000000,0.000000,5.000000,0.069292,0
1784303920.488727,CONST330,TRACKING,330,20.770472,40.165979,0.044339,0.041107,4.968622,0.000000,0.000000,5.000000,0.068120,0
1784303920.538698,CONST330,TRACKING,330,24.909631,26.094505,0.041481,0.042445,4.975721,0.000000,0.000000,5.000000,0.064123,0
1784303920.588741,CONST330,TRACKING,330,27.189673,46.567900,0.039916,0.042836,4.980597,0.000000,0.000000,5.000000,0.061683,0
1784303920.638693,CONST330,TRACKING,330,24.123805,25.455159,0.036080,0.041567,4.989151,0.000000,0.000000,5.000000,0.056100,0
1784303920.688721,CONST330,TRACKING,330,23.268326,42.585841,0.034305,0.039134,4.991347,0.000000,0.000000,5.000000,0.052756,0
1784303920.738694,CONST330,TRACKING,330,22.863339,24.134221,0.030445,0.034157,4.994821,0.000000,0.000000,5.000000,0.046048,0
1784303920.788739,CONST330,TRACKING,330,26.838166,46.187562,0.028080,0.032132,4.997253,0.000000,0.000000,5.000000,0.042761,0
1784303920.838693,CONST330,TRACKING,330,22.711701,24.044998,0.023021,0.028378,5.001946,0.000000,0.000000,5.000000,0.036593,0
1784303920.888721,CONST330,TRACKING,330,25.783276,45.018822,0.020995,0.026712,5.004202,0.000000,0.000000,5.000000,0.034235,0
1784303920.938704,CONST330,TRACKING,330,33.077345,34.346218,0.016121,0.026634,5.008641,0.000000,0.000000,5.000000,0.032310,0
1784303920.988716,CONST330,TRACKING,330,30.949020,47.749046,0.013633,0.026362,5.011580,0.000000,0.000000,5.000000,0.031857,0
1784303921.038667,CONST330,TRACKING,330,34.685169,35.885348,0.008778,0.023930,5.012955,0.000000,0.000000,5.000000,0.028593,0
1784303921.088727,CONST330,TRACKING,330,29.639077,44.903479,0.006605,0.022577,5.011395,0.000000,0.000000,5.000000,0.026138,0
1784303921.138716,CONST330,TRACKING,330,32.257034,33.238775,0.000787,0.019621,5.011527,0.000000,0.000000,5.000000,0.022770,0
1784303921.188722,CONST330,TRACKING,330,28.192530,45.680924,-0.003355,0.017647,5.013821,0.000000,0.000000,5.000000,0.022665,0
1784303921.238702,CONST330,TRACKING,330,22.727470,24.028993,-0.012154,0.013357,5.015271,0.000000,0.000000,5.000000,0.023650,0
1784303921.288727,CONST330,TRACKING,330,27.085180,46.422268,-0.016872,0.011428,5.017943,0.000000,0.000000,5.000000,0.027152,0
1784303921.338668,CONST330,TRACKING,330,23.544691,24.795263,-0.026149,0.007734,5.024029,0.000000,0.000000,5.000000,0.036345,0
1784303921.388724,CONST330,TRACKING,330,32.789330,52.157640,-0.030417,0.005936,5.027561,0.000000,0.000000,5.000000,0.041473,0
1784303921.438701,CONST330,TRACKING,330,30.461392,31.706269,-0.038421,0.005365,5.031597,0.000000,0.000000,5.000000,0.050033,0
1784303921.488738,CONST330,TRACKING,330,33.768375,53.178492,-0.041619,0.004890,5.032399,0.000000,0.000000,5.000000,0.052969,0
1784303921.538704,CONST330,TRACKING,330,21.569405,22.973955,-0.046161,0.005609,5.036004,0.000000,0.000000,5.000000,0.058810,0
1784303921.588718,CONST330,TRACKING,330,27.856503,47.253560,-0.047861,0.006282,5.036787,0.000000,0.000000,5.000000,0.060691,0
1784303921.638705,CONST330,TRACKING,330,21.033740,22.280359,-0.050129,0.007832,5.037466,0.000000,0.000000,5.000000,0.063071,0
1784303921.688729,CONST330,TRACKING,330,27.070822,46.421301,-0.049821,0.009040,5.039307,0.000000,0.000000,5.000000,0.064101,0
1784303921.738701,CONST330,TRACKING,330,24.282037,25.639788,-0.049126,0.011121,5.042554,0.000000,0.000000,5.000000,0.065939,0
1784303921.788732,CONST330,TRACKING,330,25.753855,45.168554,-0.048247,0.012612,5.044871,0.000000,0.000000,5.000000,0.067084,0
1784303921.838699,CONST330,TRACKING,330,25.114017,26.350247,-0.045710,0.016031,5.047510,0.000000,0.000000,5.000000,0.067850,0
1784303921.888743,CONST330,TRACKING,330,27.952621,47.417550,-0.044557,0.017463,5.049173,0.000000,0.000000,5.000000,0.068617,0
1784303921.938671,CONST330,TRACKING,330,23.910514,25.206497,-0.043262,0.017499,5.050517,0.000000,0.000000,5.000000,0.068773,0
1784303921.988710,CONST330,TRACKING,330,25.109938,44.397531,-0.042579,0.017974,5.049423,0.000000,0.000000,5.000000,0.067666,0
1784303922.038700,CONST330,TRACKING,330,26.224952,27.536669,-0.042598,0.023891,5.048502,0.000000,0.000000,5.000000,0.068832,0
1784303922.088732,CONST330,TRACKING,330,21.090678,40.392296,-0.042651,0.027376,5.047393,0.000000,0.000000,5.000000,0.069387,0
1784303922.138687,CONST330,TRACKING,330,23.254839,24.541337,-0.040729,0.034099,5.041702,0.000000,0.000000,5.000000,0.067533,0
1784303922.188732,CONST330,TRACKING,330,25.161074,44.548701,-0.037714,0.037578,5.036767,0.000000,0.000000,5.000000,0.064701,0
1784303922.238676,CONST330,TRACKING,330,26.272233,27.458585,-0.030480,0.044595,5.027601,0.000000,0.000000,5.000000,0.060659,0
1784303922.288728,CONST330,TRACKING,330,24.162312,43.466768,-0.025439,0.045861,5.022118,0.000000,0.000000,5.000000,0.056917,0
1784303922.338675,CONST330,TRACKING,330,26.158674,27.214767,-0.014741,0.047320,5.008890,0.000000,0.000000,5.000000,0.050354,0
1784303922.388737,CONST330,TRACKING,330,24.766361,44.065757,-0.007703,0.048122,4.999743,0.000000,0.000000,5.000000,0.048736,0
1784303922.438701,CONST330,TRACKING,330,27.128274,28.196034,0.007389,0.049547,4.989753,0.000000,0.000000,5.000000,0.051132,0
1784303922.488735,CONST330,TRACKING,330,23.095160,42.505893,0.014231,0.049959,4.986398,0.000000,0.000000,5.000000,0.053698,0
1784303922.538697,CONST330,TRACKING,330,24.660636,26.102992,0.027325,0.049440,4.984375,0.000000,0.000000,5.000000,0.058610,0
1784303922.588739,CONST330,TRACKING,330,27.448133,46.763692,0.033573,0.048789,4.985526,0.000000,0.000000,5.000000,0.060968,0
1784303922.638700,CONST330,TRACKING,330,21.874129,23.320536,0.045780,0.046746,4.987062,0.000000,0.000000,5.000000,0.066696,0
1784303922.688695,CONST330,TRACKING,330,32.915485,52.294204,0.049882,0.045185,4.987148,0.000000,0.000000,5.000000,0.068521,0
1784303922.738695,CONST330,TRACKING,330,24.447752,25.715386,0.057858,0.041804,4.988169,0.000000,0.000000,5.000000,0.072354,0
1784303922.788720,CONST330,TRACKING,330,31.665797,51.091666,0.059780,0.038932,4.991936,0.000000,0.000000,5.000000,0.071795,0
1784303922.838688,CONST330,TRACKING,330,23.631452,24.989389,0.062399,0.031306,4.999784,0.000000,0.000000,5.000000,0.069812,0
1784303922.888745,CONST330,TRACKING,330,28.832809,48.218784,0.063289,0.027731,5.002078,0.000000,0.000000,5.000000,0.069130,0
1784303922.938672,CONST330,TRACKING,330,38.566065,39.724044,0.068345,0.018434,5.004513,0.000000,0.000000,5.000000,0.070931,0
1784303922.988725,CONST330,TRACKING,330,32.177243,43.540799,0.070363,0.013808,5.005540,0.000000,0.000000,5.000000,0.071918,0
1784303923.038669,CONST330,TRACKING,330,24.251899,25.543854,0.071511,-0.003538,5.006398,0.000000,0.000000,5.000000,0.071883,0
1784303923.088729,CONST330,TRACKING,330,32.482623,51.982039,0.071188,-0.012203,5.006618,0.000000,0.000000,5.000000,0.072529,0
1784303923.138698,CONST330,TRACKING,330,24.005485,25.267048,0.069705,-0.028990,5.010683,0.000000,0.000000,5.000000,0.076246,0
1784303923.188742,CONST330,TRACKING,330,27.863802,47.014212,0.068188,-0.037838,5.014342,0.000000,0.000000,5.000000,0.079291,0
1784303923.238698,CONST330,TRACKING,330,26.735210,27.827893,0.063796,-0.055972,5.021277,0.000000,0.000000,5.000000,0.087496,0
1784303923.288740,CONST330,TRACKING,330,34.331547,53.742935,0.060464,-0.063813,5.024840,0.000000,0.000000,5.000000,0.091351,0
1784303923.338683,CONST330,TRACKING,330,30.324039,31.512014,0.053035,-0.078384,5.031683,0.000000,0.000000,5.000000,0.099803,0
1784303923.388747,CONST330,TRACKING,330,30.389348,49.804947,0.049256,-0.084966,5.035069,0.000000,0.000000,5.000000,0.104285,0
1784303923.438669,CONST330,TRACKING,330,25.261742,26.667911,0.037376,-0.096236,5.045623,0.000000,0.000000,5.000000,0.112871,0
1784303923.488724,CONST330,TRACKING,330,25.683539,45.021206,0.032263,-0.100904,5.048152,0.000000,0.000000,5.000000,0.116366,0
1784303923.538707,CONST330,TRACKING,330,25.140567,26.168378,0.025253,-0.112502,5.050764,0.000000,0.000000,5.000000,0.125981,0
1784303923.588743,CONST330,TRACKING,330,33.042136,52.461065,0.022573,-0.118313,5.052572,0.000000,0.000000,5.000000,0.131421,0
1784303923.638703,CONST330,TRACKING,330,25.749353,26.880955,0.016099,-0.128065,5.055031,0.000000,0.000000,5.000000,0.140315,0
1784303923.688737,CONST330,TRACKING,330,33.350775,52.735746,0.012861,-0.130619,5.053112,0.000000,0.000000,5.000000,0.141589,0
1784303923.738684,CONST330,TRACKING,330,22.416706,23.723403,0.006754,-0.133960,5.046927,0.000000,0.000000,5.000000,0.142102,0
1784303923.788723,CONST330,TRACKING,330,25.125474,44.345780,0.004692,-0.134816,5.042379,0.000000,0.000000,5.000000,0.141398,0
1784303923.838708,CONST330,TRACKING,330,33.818545,35.103964,0.000997,-0.134766,5.033206,0.000000,0.000000,5.000000,0.138800,0
1784303923.888761,CONST330,TRACKING,330,21.369068,37.464736,-0.000607,-0.133983,5.030310,0.000000,0.000000,5.000000,0.137370,0
1784303923.938704,CONST330,TRACKING,330,35.528042,36.661753,-0.000206,-0.130262,5.026185,0.000000,0.000000,5.000000,0.132868,0
1784303923.988713,CONST330,TRACKING,330,34.694425,48.986630,0.000017,-0.127529,5.023912,0.000000,0.000000,5.000000,0.129752,0
1784303924.038667,CONST330,TRACKING,330,25.134458,26.436580,0.000954,-0.114576,5.015592,0.000000,0.000000,5.000000,0.115636,0
1784303924.088735,CONST330,TRACKING,330,22.782957,42.092781,0.001450,-0.107439,5.011006,0.000000,0.000000,5.000000,0.108011,0
1784303924.138711,CONST330,TRACKING,330,28.025934,29.308385,0.002407,-0.092629,5.002899,0.000000,0.000000,5.000000,0.092706,0
1784303924.188730,CONST330,TRACKING,330,30.207176,49.614922,0.002788,-0.084679,4.998840,0.000000,0.000000,5.000000,0.084733,0
1784303924.238712,CONST330,TRACKING,330,32.641645,33.561823,0.003819,-0.067039,4.989876,0.000000,0.000000,5.000000,0.067907,0
1784303924.288730,CONST330,TRACKING,330,27.869562,45.090299,0.004353,-0.061612,4.988950,0.000000,0.000000,5.000000,0.062747,0
1784303924.338687,CONST330,TRACKING,330,47.398671,48.571112,0.004968,-0.051544,4.989638,0.000000,0.000000,5.000000,0.052809,0
1784303924.388700,CONST330,TRACKING,330,24.817704,27.202881,0.005019,-0.046121,4.989837,0.000000,0.000000,5.000000,0.047493,0
1784303924.438700,CONST330,TRACKING,330,28.695635,29.870826,0.003175,-0.030696,4.991827,0.000000,0.000000,5.000000,0.031923,0
1784303924.488720,CONST330,TRACKING,330,32.916645,52.367296,0.002467,-0.023726,4.992877,0.000000,0.000000,5.000000,0.024895,0
1784303924.538699,CONST330,TRACKING,330,29.781323,31.045999,0.001807,-0.008994,4.997530,0.000000,0.000000,5.000000,0.009500,0
1784303924.588721,CONST330,TRACKING,330,30.271183,49.662944,0.001911,-0.001425,4.999364,0.000000,0.000000,5.000000,0.002467,0
1784303924.638689,CONST330,TRACKING,330,22.465107,23.761591,0.003689,0.015853,5.004086,0.000000,0.000000,5.000000,0.016782,0
1784303924.688723,CONST330,TRACKING,330,35.150528,54.484575,0.005890,0.024473,5.005742,0.000000,0.000000,5.000000,0.025819,0
1784303924.738702,CONST330,TRACKING,330,27.216241,28.604104,0.010029,0.040820,5.006433,0.000000,0.000000,5.000000,0.042523,0
1784303924.788730,CONST330,TRACKING,330,31.082307,50.360081,0.014238,0.048491,5.005704,0.000000,0.000000,5.000000,0.050859,0
1784303924.838677,CONST330,TRACKING,330,27.585817,28.892574,0.024814,0.064678,5.001514,0.000000,0.000000,5.000000,0.069291,0
1784303924.888721,CONST330,TRACKING,330,24.824706,44.294199,0.029193,0.071472,4.999075,0.000000,0.000000,5.000000,0.077210,0
1784303924.938706,CONST330,TRACKING,330,19.890772,21.220958,0.036946,0.088080,5.004838,0.000000,0.000000,5.000000,0.095637,0
1784303924.988686,CONST330,TRACKING,330,27.211092,46.392576,0.040405,0.095603,5.007256,0.000000,0.000000,5.000000,0.104044,0
1784303925.038683,CONST330,TRACKING,330,25.072530,26.271016,0.046891,0.106990,5.014442,0.000000,0.000000,5.000000,0.117704,0
1784303925.088724,CONST330,TRACKING,330,23.013730,42.316961,0.049133,0.110523,5.018488,0.000000,0.000000,5.000000,0.122357,0
1784303925.138673,CONST330,TRACKING,330,25.560918,26.681562,0.052151,0.115694,5.026450,0.000000,0.000000,5.000000,0.129632,0
1784303925.188738,CONST330,TRACKING,330,27.901056,47.193777,0.052900,0.116974,5.028883,0.000000,0.000000,5.000000,0.131588,0
1784303925.238695,CONST330,TRACKING,330,23.691064,25.056176,0.054119,0.118891,5.032513,0.000000,0.000000,5.000000,0.134614,0
1784303925.288726,CONST330,TRACKING,330,26.003216,45.313373,0.053815,0.116755,5.033145,0.000000,0.000000,5.000000,0.132764,0
1784303925.338700,CONST330,TRACKING,330,25.790217,26.895134,0.052532,0.110676,5.031575,0.000000,0.000000,5.000000,0.126514,0
1784303925.388737,CONST330,TRACKING,330,26.678632,46.088154,0.051620,0.107620,5.031717,0.000000,0.000000,5.000000,0.123502,0
1784303925.438699,CONST330,TRACKING,330,25.277597,26.581087,0.046346,0.098576,5.027714,0.000000,0.000000,5.000000,0.112397,0
1784303925.488737,CONST330,TRACKING,330,23.860595,43.345409,0.043828,0.094613,5.024262,0.000000,0.000000,5.000000,0.107057,0
1784303925.538706,CONST330,TRACKING,330,25.275136,26.394841,0.040047,0.085984,5.011288,0.000000,0.000000,5.000000,0.095522,0
1784303925.588729,CONST330,TRACKING,330,29.761801,49.193790,0.038321,0.081361,5.004433,0.000000,0.000000,5.000000,0.090043,0
1784303925.638685,CONST330,TRACKING,330,23.555099,25.065016,0.033212,0.070458,4.992959,0.000000,0.000000,5.000000,0.078211,0
1784303925.688730,CONST330,TRACKING,330,24.879901,44.275213,0.030005,0.065541,4.988790,0.000000,0.000000,5.000000,0.072949,0
1784303925.738700,CONST330,TRACKING,330,24.269092,25.579457,0.024052,0.055745,4.978637,0.000000,0.000000,5.000000,0.064362,0
1784303925.788734,CONST330,TRACKING,330,26.299005,45.708316,0.021424,0.048439,4.973810,0.000000,0.000000,5.000000,0.059086,0
1784303925.838707,CONST330,TRACKING,330,23.057793,24.496578,0.015755,0.031570,4.963266,0.000000,0.000000,5.000000,0.050934,0
1784303925.888728,CONST330,TRACKING,330,25.194148,44.574145,0.013142,0.024705,4.960180,0.000000,0.000000,5.000000,0.048669,0
1784303925.938705,CONST330,TRACKING,330,25.111584,26.443818,0.008630,0.016587,4.962582,0.000000,0.000000,5.000000,0.041830,0
1784303925.988706,CONST330,TRACKING,330,27.375765,46.844930,0.005977,0.012460,4.964228,0.000000,0.000000,5.000000,0.038348,0
1784303926.038675,CONST330,TRACKING,330,21.902882,23.300409,-0.002053,0.002377,4.968963,0.000000,0.000000,5.000000,0.031196,0
1784303926.088725,CONST330,TRACKING,330,21.503488,40.922758,-0.005759,-0.002228,4.972701,0.000000,0.000000,5.000000,0.027989,0
1784303926.138708,CONST330,TRACKING,330,23.273512,24.635036,-0.012619,-0.011186,4.982587,0.000000,0.000000,5.000000,0.024240,0
1784303926.188730,CONST330,TRACKING,330,27.022608,46.427560,-0.016584,-0.015695,4.988825,0.000000,0.000000,5.000000,0.025421,0
1784303926.238704,CONST330,TRACKING,330,24.624597,25.905873,-0.024515,-0.025146,4.998488,0.000000,0.000000,5.000000,0.035151,0
1784303926.288740,CONST330,TRACKING,330,26.122347,45.491209,-0.026506,-0.030508,5.001522,0.000000,0.000000,5.000000,0.040443,0
1784303926.338699,CONST330,TRACKING,330,24.785117,26.081901,-0.029281,-0.040785,5.011755,0.000000,0.000000,5.000000,0.051566,0
1784303926.388731,CONST330,TRACKING,330,26.660294,46.131976,-0.030508,-0.045240,5.016096,0.000000,0.000000,5.000000,0.056890,0
1784303926.438697,CONST330,TRACKING,330,23.881750,25.234828,-0.027122,-0.055139,5.019272,0.000000,0.000000,5.000000,0.064399,0
1784303926.488727,CONST330,TRACKING,330,25.847056,45.232684,-0.025779,-0.058895,5.019232,0.000000,0.000000,5.000000,0.067105,0
1784303926.538698,CONST330,TRACKING,330,24.255314,25.546757,-0.022956,-0.069040,5.020431,0.000000,0.000000,5.000000,0.075571,0
1784303926.588725,CONST330,TRACKING,330,26.686610,46.242967,-0.021539,-0.074509,5.020734,0.000000,0.000000,5.000000,0.080283,0
1784303926.638702,CONST330,TRACKING,330,22.680651,24.042606,-0.019190,-0.085564,5.018106,0.000000,0.000000,5.000000,0.089540,0
1784303926.688736,CONST330,TRACKING,330,25.744787,45.245064,-0.019122,-0.090348,5.015229,0.000000,0.000000,5.000000,0.093597,0
1784303926.738701,CONST330,TRACKING,330,24.995523,26.238198,-0.018855,-0.098291,5.010578,0.000000,0.000000,5.000000,0.100641,0
1784303926.788738,CONST330,TRACKING,330,26.481786,45.987230,-0.018948,-0.102359,5.007761,0.000000,0.000000,5.000000,0.104387,0
1784303926.838699,CONST330,TRACKING,330,24.746907,26.048172,-0.018982,-0.109609,5.000509,0.000000,0.000000,5.000000,0.111242,0
1784303926.888733,CONST330,TRACKING,330,27.102383,46.487331,-0.018681,-0.111709,4.996554,0.000000,0.000000,5.000000,0.113313,0
1784303926.938699,CONST330,TRACKING,330,23.896876,25.306649,-0.018148,-0.113479,4.990382,0.000000,0.000000,5.000000,0.115323,0
1784303926.988723,CONST330,TRACKING,330,26.457599,45.901144,-0.017490,-0.113438,4.987627,0.000000,0.000000,5.000000,0.115443,0
1784303927.038669,CONST330,TRACKING,330,24.687296,26.029828,-0.011272,-0.110335,4.979830,0.000000,0.000000,5.000000,0.112729,0
1784303927.088739,CONST330,TRACKING,330,26.105309,45.539350,-0.007799,-0.107988,4.975816,0.000000,0.000000,5.000000,0.110937,0
1784303927.138703,CONST330,TRACKING,330,22.863073,24.261714,-0.001705,-0.102717,4.969581,0.000000,0.000000,5.000000,0.107140,0
1784303927.188733,CONST330,TRACKING,330,27.701750,47.125981,0.000896,-0.100429,4.968397,0.000000,0.000000,5.000000,0.105288,0
1784303927.238669,CONST330,TRACKING,330,24.413232,25.615992,0.006628,-0.093814,4.967282,0.000000,0.000000,5.000000,0.099576,0
1784303927.288736,CONST330,TRACKING,330,28.215466,47.723742,0.010027,-0.092903,4.969646,0.000000,0.000000,5.000000,0.098249,0
1784303927.338666,CONST330,TRACKING,330,22.300523,23.636313,0.017505,-0.091266,4.976610,0.000000,0.000000,5.000000,0.095828,0
1784303927.388737,CONST330,TRACKING,330,27.202433,46.595814,0.021225,-0.089653,4.979707,0.000000,0.000000,5.000000,0.094340,0
1784303927.438706,CONST330,TRACKING,330,24.502704,25.846956,0.030596,-0.082341,4.980828,0.000000,0.000000,5.000000,0.089910,0
1784303927.488723,CONST330,TRACKING,330,26.561576,46.024062,0.034385,-0.078875,4.979999,0.000000,0.000000,5.000000,0.088338,0
1784303927.538701,CONST330,TRACKING,330,25.071131,26.313167,0.041698,-0.073988,4.977368,0.000000,0.000000,5.000000,0.087893,0
1784303927.588740,CONST330,TRACKING,330,27.234449,46.708113,0.045020,-0.071952,4.976116,0.000000,0.000000,5.000000,0.088172,0
1784303927.638699,CONST330,TRACKING,330,24.585487,25.888541,0.050606,-0.066476,4.970602,0.000000,0.000000,5.000000,0.088568,0
1784303927.688721,CONST330,TRACKING,330,26.656014,46.051968,0.051418,-0.063762,4.967597,0.000000,0.000000,5.000000,0.088087,0
1784303927.738698,CONST330,TRACKING,330,25.305200,26.597635,0.052100,-0.057940,4.968231,0.000000,0.000000,5.000000,0.084147,0
1784303927.788738,CONST330,TRACKING,330,28.125824,47.568135,0.050899,-0.054053,4.970131,0.000000,0.000000,5.000000,0.080029,0
1784303927.838698,CONST330,TRACKING,330,25.663080,27.035747,0.046626,-0.043940,4.977245,0.000000,0.000000,5.000000,0.067989,0
1784303927.888742,CONST330,TRACKING,330,26.734937,46.236166,0.044503,-0.039043,4.981234,0.000000,0.000000,5.000000,0.062105,0
1784303927.938707,CONST330,TRACKING,330,24.594479,25.953073,0.036195,-0.034284,4.982283,0.000000,0.000000,5.000000,0.052909,0
1784303927.988718,CONST330,TRACKING,330,26.160436,45.600078,0.032261,-0.031521,4.981599,0.000000,0.000000,5.000000,0.048713,0
1784303928.038705,CONST330,TRACKING,330,23.753984,25.135611,0.024156,-0.025916,4.980261,0.000000,0.000000,5.000000,0.040556,0
1784303928.088747,CONST330,TRACKING,330,22.716362,42.237280,0.020574,-0.023630,4.979624,0.000000,0.000000,5.000000,0.037374,0
1784303928.138700,CONST330,TRACKING,330,25.133835,26.441490,0.011574,-0.017947,4.977801,0.000000,0.000000,5.000000,0.030803,0
1784303928.188733,CONST330,TRACKING,330,26.782333,46.321224,0.004549,-0.014015,4.977015,0.000000,0.000000,5.000000,0.027302,0
1784303928.238671,CONST330,TRACKING,330,24.745847,25.961704,-0.010396,-0.005053,4.976296,0.000000,0.000000,5.000000,0.026372,0
1784303928.288737,CONST330,TRACKING,330,32.532788,52.086410,-0.017224,-0.001271,4.976561,0.000000,0.000000,5.000000,0.029115,0
1784303928.338695,CONST330,TRACKING,330,26.501128,27.982499,-0.029919,0.006508,4.977743,0.000000,0.000000,5.000000,0.037854,0
1784303928.388730,CONST330,TRACKING,330,26.925934,46.411121,-0.035587,0.010544,4.977550,0.000000,0.000000,5.000000,0.043378,0
1784303928.438699,CONST330,TRACKING,330,25.342102,26.723361,-0.048238,0.019079,4.976769,0.000000,0.000000,5.000000,0.056839,0
1784303928.488723,CONST330,TRACKING,330,26.714720,46.141910,-0.053115,0.022821,4.975710,0.000000,0.000000,5.000000,0.062705,0
1784303928.538697,CONST330,TRACKING,330,24.461334,25.792243,-0.060077,0.028999,4.973724,0.000000,0.000000,5.000000,0.071698,0
1784303928.588737,CONST330,TRACKING,330,25.383567,44.809397,-0.062566,0.031428,4.972100,0.000000,0.000000,5.000000,0.075370,0
1784303928.638675,CONST330,TRACKING,330,30.581480,31.772577,-0.068208,0.034943,4.968189,0.000000,0.000000,5.000000,0.082978,0
1784303928.688724,CONST330,TRACKING,330,26.730936,46.077699,-0.072096,0.034900,4.966455,0.000000,0.000000,5.000000,0.086839,0
1784303928.738706,CONST330,TRACKING,330,25.465047,26.811327,-0.078505,0.034708,4.965707,0.000000,0.000000,5.000000,0.092432,0
1784303928.788733,CONST330,TRACKING,330,29.357452,48.889787,-0.079945,0.033155,4.966457,0.000000,0.000000,5.000000,0.092820,0
1784303928.838698,CONST330,TRACKING,330,23.166149,24.580232,-0.081789,0.029012,4.969548,0.000000,0.000000,5.000000,0.091970,0
1784303928.888716,CONST330,TRACKING,330,25.349880,44.817343,-0.082392,0.027255,4.971416,0.000000,0.000000,5.000000,0.091369,0
1784303928.938717,CONST330,TRACKING,330,24.477858,25.922449,-0.085888,0.018073,4.976117,0.000000,0.000000,5.000000,0.090961,0
1784303928.988701,CONST330,TRACKING,330,25.273426,44.762837,-0.087041,0.013903,4.978992,0.000000,0.000000,5.000000,0.090613,0
1784303929.038668,CONST330,TRACKING,330,19.824529,21.263984,-0.088837,0.007662,4.982665,0.000000,0.000000,5.000000,0.090836,0
1784303929.088731,CONST330,TRACKING,330,25.835389,45.357461,-0.089022,0.005651,4.983312,0.000000,0.000000,5.000000,0.090749,0
1784303929.138702,CONST330,TRACKING,330,26.184644,27.606610,-0.088485,0.002244,4.986215,0.000000,0.000000,5.000000,0.089580,0
1784303929.188722,CONST330,TRACKING,330,29.603285,49.070924,-0.088241,0.000905,4.987613,0.000000,0.000000,5.000000,0.089111,0
1784303929.238704,CONST330,TRACKING,330,25.632899,27.140149,-0.086066,-0.002075,4.989828,0.000000,0.000000,5.000000,0.086690,0
1784303929.288719,CONST330,TRACKING,330,25.631844,45.202128,-0.085813,-0.006001,4.992444,0.000000,0.000000,5.000000,0.086354,0
1784303929.338672,CONST330,TRACKING,330,24.411350,25.725241,-0.084708,-0.014851,4.997093,0.000000,0.000000,5.000000,0.086049,0
1784303929.388726,CONST330,TRACKING,330,24.837396,44.378099,-0.083437,-0.018852,4.998205,0.000000,0.000000,5.000000,0.085559,0
1784303929.438669,CONST330,TRACKING,330,24.107697,25.405537,-0.079345,-0.030072,4.998349,0.000000,0.000000,5.000000,0.084868,0
1784303929.488730,CONST330,TRACKING,330,27.429656,46.928543,-0.077151,-0.034342,4.998127,0.000000,0.000000,5.000000,0.084470,0
1784303929.538672,CONST330,TRACKING,330,25.110292,26.294693,-0.070305,-0.037985,4.998634,0.000000,0.000000,5.000000,0.079922,0
1784303929.588735,CONST330,TRACKING,330,25.436110,44.859826,-0.066076,-0.038472,4.999032,0.000000,0.000000,5.000000,0.076466,0
1784303929.638721,CONST330,TRACKING,330,30.504123,31.931282,-0.055873,-0.042772,5.000278,0.000000,0.000000,5.000000,0.070366,0
1784303929.688722,CONST330,TRACKING,330,22.216089,41.590700,-0.051422,-0.049577,5.001154,0.000000,0.000000,5.000000,0.071438,0
1784303929.738675,CONST330,TRACKING,330,29.646895,30.929377,-0.042078,-0.060848,4.997492,0.000000,0.000000,5.000000,0.074023,0
1784303929.788727,CONST330,TRACKING,330,29.183131,48.785120,-0.036750,-0.066032,4.996282,0.000000,0.000000,5.000000,0.075661,0
1784303929.838703,CONST330,TRACKING,330,26.735445,28.229784,-0.024635,-0.076176,4.994555,0.000000,0.000000,5.000000,0.080246,0
1784303929.888739,CONST330,TRACKING,330,35.395650,54.826691,-0.019359,-0.079814,4.992951,0.000000,0.000000,5.000000,0.082430,0
1784303929.938667,CONST330,TRACKING,330,26.113027,27.466655,-0.008358,-0.089163,4.994291,0.000000,0.000000,5.000000,0.089735,0
1784303929.988708,CONST330,TRACKING,330,25.842986,45.206824,-0.002929,-0.092760,4.995062,0.000000,0.000000,5.000000,0.092937,0
1784303930.038708,CONST330,TRACKING,330,21.775139,23.216363,0.010214,-0.101913,4.995274,0.000000,0.000000,5.000000,0.102532,0
1784303930.088733,CONST330,TRACKING,330,26.040758,45.405469,0.016172,-0.105583,4.995115,0.000000,0.000000,5.000000,0.106926,0
1784303930.138672,CONST330,TRACKING,330,24.731101,26.082589,0.028768,-0.110371,4.994889,0.000000,0.000000,5.000000,0.114173,0
1784303930.188738,CONST330,TRACKING,330,24.935355,44.415107,0.036738,-0.111163,4.997058,0.000000,0.000000,5.000000,0.117113,0
1784303930.238697,CONST330,TRACKING,330,24.913671,26.233357,0.053254,-0.111034,5.005265,0.000000,0.000000,5.000000,0.123257,0
1784303930.288754,CONST330,TRACKING,330,22.698914,42.303444,0.059021,-0.109726,5.005445,0.000000,0.000000,5.000000,0.124711,0
1784303930.338703,CONST330,TRACKING,330,24.330485,25.634478,0.069071,-0.105879,5.002627,0.000000,0.000000,5.000000,0.126444,0
1784303930.388737,CONST330,TRACKING,330,26.003077,45.478847,0.073565,-0.103533,5.002253,0.000000,0.000000,5.000000,0.127027,0
1784303930.438709,CONST330,TRACKING,330,25.620994,26.972461,0.083248,-0.099734,4.999644,0.000000,0.000000,5.000000,0.129912,0
1784303930.488720,CONST330,TRACKING,330,25.516208,44.964805,0.086864,-0.097290,4.997777,0.000000,0.000000,5.000000,0.130444,0
1784303930.538701,CONST330,TRACKING,330,21.747604,23.208108,0.096088,-0.093754,4.992576,0.000000,0.000000,5.000000,0.134454,0
1784303930.588737,CONST330,TRACKING,330,26.054946,45.597309,0.100831,-0.091813,4.989550,0.000000,0.000000,5.000000,0.136769,0
1784303930.638702,CONST330,TRACKING,330,26.486860,27.805420,0.109144,-0.086343,4.982568,0.000000,0.000000,5.000000,0.140255,0
1784303930.688723,CONST330,TRACKING,330,39.520919,59.042038,0.111352,-0.084897,4.979584,0.000000,0.000000,5.000000,0.141505,0
1784303930.738705,CONST330,TRACKING,330,32.500153,33.996369,0.114381,-0.079868,4.979762,0.000000,0.000000,5.000000,0.140966,0
1784303930.788730,CONST330,TRACKING,330,23.943943,41.350694,0.116387,-0.076617,4.980361,0.000000,0.000000,5.000000,0.140719,0
1784303930.838675,CONST330,TRACKING,330,25.207292,26.523518,0.119570,-0.068033,4.977759,0.000000,0.000000,5.000000,0.139356,0
1784303930.888720,CONST330,TRACKING,330,27.408403,46.817860,0.120049,-0.063791,4.974813,0.000000,0.000000,5.000000,0.138259,0
1784303930.938700,CONST330,TRACKING,330,24.137026,25.450228,0.115201,-0.056688,4.974617,0.000000,0.000000,5.000000,0.130878,0
1784303930.988709,CONST330,TRACKING,330,31.167519,50.633633,0.112139,-0.052912,4.976804,0.000000,0.000000,5.000000,0.126146,0
1784303931.038701,CONST330,TRACKING,330,23.718966,25.121389,0.101895,-0.046093,4.981406,0.000000,0.000000,5.000000,0.113371,0
1784303931.088738,CONST330,TRACKING,330,26.700984,46.078371,0.096680,-0.043159,4.982086,0.000000,0.000000,5.000000,0.107381,0
1784303931.138672,CONST330,TRACKING,330,28.993377,30.351886,0.084863,-0.036255,4.981454,0.000000,0.000000,5.000000,0.094128,0
1784303931.188777,CONST330,TRACKING,330,33.951303,53.530467,0.077119,-0.032437,4.979069,0.000000,0.000000,5.000000,0.086241,0
1784303931.238717,CONST330,TRACKING,330,25.844505,27.237037,0.059315,-0.023825,4.976182,0.000000,0.000000,5.000000,0.068214,0
1784303931.288739,CONST330,TRACKING,330,40.624946,60.126913,0.052391,-0.019133,4.977635,0.000000,0.000000,5.000000,0.060093,0
1784303931.338703,CONST330,TRACKING,330,31.777298,33.066397,0.038626,-0.009504,4.980802,0.000000,0.000000,5.000000,0.044169,0
1784303931.388729,CONST330,TRACKING,330,33.171024,51.316164,0.031566,-0.004824,4.983089,0.000000,0.000000,5.000000,0.036133,0
1784303931.438692,CONST330,TRACKING,330,28.925243,30.301667,0.014209,0.008191,4.981767,0.000000,0.000000,5.000000,0.024524,0
1784303931.488730,CONST330,TRACKING,330,37.481510,57.084175,0.006602,0.013917,4.980979,0.000000,0.000000,5.000000,0.024476,0
1784303931.538704,CONST330,TRACKING,330,20.957564,22.105314,-0.009466,0.024328,4.976157,0.000000,0.000000,5.000000,0.035355,0
1784303931.588731,CONST330,TRACKING,330,22.750014,41.894081,-0.017399,0.029063,4.973389,0.000000,0.000000,5.000000,0.043076,0
1784303931.638676,CONST330,TRACKING,330,29.080001,29.930644,-0.033430,0.037430,4.966781,0.000000,0.000000,5.000000,0.060183,0
1784303931.688721,CONST330,TRACKING,330,31.075063,50.407975,-0.039217,0.038553,4.962947,0.000000,0.000000,5.000000,0.066311,0
1784303931.738703,CONST330,TRACKING,330,21.185201,22.270258,-0.049895,0.040801,4.955757,0.000000,0.000000,5.000000,0.078178,0
1784303931.788734,CONST330,TRACKING,330,31.130046,50.374575,-0.055102,0.042308,4.952874,0.000000,0.000000,5.000000,0.083947,0
1784303931.838726,CONST330,TRACKING,330,24.315582,25.463696,-0.065576,0.045328,4.949491,0.000000,0.000000,5.000000,0.094372,0
1784303931.888724,CONST330,TRACKING,330,27.363188,46.536150,-0.069584,0.046280,4.948600,0.000000,0.000000,5.000000,0.098111,0
1784303931.938692,CONST330,TRACKING,330,24.903860,26.092004,-0.074962,0.041840,4.946871,0.000000,0.000000,5.000000,0.100959,0
1784303931.988746,CONST330,TRACKING,330,24.695544,43.966871,-0.077181,0.039446,4.948171,0.000000,0.000000,5.000000,0.100991,0
1784303932.038702,CONST330,TRACKING,330,34.205412,35.281015,-0.079761,0.030188,4.945561,0.000000,0.000000,5.000000,0.101177,0
1784303932.088742,CONST330,TRACKING,330,21.271537,36.939567,-0.080164,0.025441,4.943623,0.000000,0.000000,5.000000,0.101252,0
1784303932.138699,CONST330,TRACKING,330,26.210753,27.445382,-0.080797,0.015143,4.940165,0.000000,0.000000,5.000000,0.101675,0
1784303932.188749,CONST330,TRACKING,330,23.018729,42.273500,-0.081708,0.008657,4.937607,0.000000,0.000000,5.000000,0.103170,0
1784303932.238708,CONST330,TRACKING,330,31.896743,32.985099,-0.082332,-0.005122,4.934466,0.000000,0.000000,5.000000,0.105354,0
1784303932.288734,CONST330,TRACKING,330,21.275782,39.260527,-0.081651,-0.009106,4.931292,0.000000,0.000000,5.000000,0.107101,0
1784303932.338675,CONST330,TRACKING,330,25.251432,26.420083,-0.079484,-0.015227,4.929444,0.000000,0.000000,5.000000,0.107367,0
1784303932.388734,CONST330,TRACKING,330,29.158408,48.668287,-0.078190,-0.017835,4.930652,0.000000,0.000000,5.000000,0.106024,0
1784303932.438700,CONST330,TRACKING,330,20.567036,21.982749,-0.071938,-0.025522,4.934577,0.000000,0.000000,5.000000,0.100532,0
1784303932.488721,CONST330,TRACKING,330,27.561938,47.045906,-0.068858,-0.028399,4.937953,0.000000,0.000000,5.000000,0.096942,0
1784303932.538703,CONST330,TRACKING,330,29.411838,30.792682,-0.062206,-0.034721,4.943793,0.000000,0.000000,5.000000,0.090743,0
1784303932.588722,CONST330,TRACKING,330,29.161761,48.499242,-0.058552,-0.037806,4.949354,0.000000,0.000000,5.000000,0.086155,0
1784303932.638728,CONST330,TRACKING,330,30.896498,32.210438,-0.049858,-0.043908,4.960626,0.000000,0.000000,5.000000,0.077227,0
1784303932.688735,CONST330,TRACKING,330,28.899591,47.871064,-0.045825,-0.046399,4.964157,0.000000,0.000000,5.000000,0.074415,0
1784303932.738688,CONST330,TRACKING,330,28.951126,30.300465,-0.037646,-0.050022,4.971241,0.000000,0.000000,5.000000,0.068895,0
1784303932.788727,CONST330,TRACKING,330,36.208453,55.788101,-0.034785,-0.051213,4.975228,0.000000,0.000000,5.000000,0.066681,0
1784303932.838710,CONST330,TRACKING,330,28.837938,30.200614,-0.029084,-0.052755,4.983915,0.000000,0.000000,5.000000,0.062352,0
1784303932.888731,CONST330,TRACKING,330,24.420142,43.958861,-0.026432,-0.052835,4.988467,0.000000,0.000000,5.000000,0.060193,0
1784303932.938675,CONST330,TRACKING,330,25.586373,26.787174,-0.022991,-0.050450,4.993135,0.000000,0.000000,5.000000,0.055865,0
1784303932.988720,CONST330,TRACKING,330,28.905386,48.339863,-0.020873,-0.049105,4.996957,0.000000,0.000000,5.000000,0.053444,0
1784303933.038681,CONST330,TRACKING,330,21.582192,23.066887,-0.018274,-0.043160,4.997959,0.000000,0.000000,5.000000,0.046914,0
1784303933.088729,CONST330,TRACKING,330,40.217173,59.659921,-0.017352,-0.040011,4.994750,0.000000,0.000000,5.000000,0.043927,0
1784303933.138746,CONST330,TRACKING,330,25.822841,27.313582,-0.014275,-0.034362,4.989181,0.000000,0.000000,5.000000,0.038751,0
1784303933.188725,CONST330,TRACKING,330,33.366502,52.816223,-0.011447,-0.032374,4.986680,0.000000,0.000000,5.000000,0.036831,0
1784303933.238667,CONST330,TRACKING,330,24.801038,26.225971,-0.005214,-0.027368,4.982215,0.000000,0.000000,5.000000,0.033053,0
1784303933.288722,CONST330,TRACKING,330,48.415323,67.886229,-0.002748,-0.023984,4.979125,0.000000,0.000000,5.000000,0.031915,0
1784303933.338678,CONST330,TRACKING,330,21.714735,23.050684,0.001816,-0.015790,4.973616,0.000000,0.000000,5.000000,0.030802,0
1784303933.388728,CONST330,TRACKING,330,24.533340,43.816894,0.003848,-0.011298,4.971951,0.000000,0.000000,5.000000,0.030482,0
1784303933.438690,CONST330,TRACKING,330,22.016303,23.482000,0.006886,-0.004612,4.971434,0.000000,0.000000,5.000000,0.029744,0
1784303933.488730,CONST330,TRACKING,330,23.626305,43.032343,0.007861,-0.001554,4.971621,0.000000,0.000000,5.000000,0.029489,0
1784303933.538673,CONST330,TRACKING,330,28.309528,29.571397,0.004431,0.003434,4.969742,0.000000,0.000000,5.000000,0.030773,0
1784303933.588728,CONST330,TRACKING,330,26.734290,46.244878,0.001528,0.005599,4.968451,0.000000,0.000000,5.000000,0.032078,0
1784303933.638686,CONST330,TRACKING,330,48.140092,49.411377,-0.003129,0.010199,4.968064,0.000000,0.000000,5.000000,0.033671,0
1784303933.688679,CONST330,TRACKING,330,21.181089,22.867356,-0.003573,0.012235,4.967867,0.000000,0.000000,5.000000,0.034568,0
1784303933.738689,CONST330,TRACKING,330,34.263528,35.458661,-0.004568,0.016134,4.965345,0.000000,0.000000,5.000000,0.038499,0
1784303933.788733,CONST330,TRACKING,330,31.644608,47.307205,-0.004895,0.017260,4.962664,0.000000,0.000000,5.000000,0.041422,0
1784303933.838737,CONST330,TRACKING,330,35.169275,36.418710,-0.005593,0.019141,4.956841,0.000000,0.000000,5.000000,0.047544,0
1784303933.888691,CONST330,TRACKING,330,30.436575,45.116407,-0.006020,0.019834,4.955583,0.000000,0.000000,5.000000,0.049015,0
1784303933.938714,CONST330,TRACKING,330,45.946239,47.417432,-0.009914,0.025480,4.953176,0.000000,0.000000,5.000000,0.054221,0
1784303933.988689,CONST330,TRACKING,330,27.935189,31.689136,-0.011869,0.028036,4.952825,0.000000,0.000000,5.000000,0.056146,0
1784303934.038707,CONST330,TRACKING,330,30.056631,31.427499,-0.014977,0.036919,4.956127,0.000000,0.000000,5.000000,0.059264,0
1784303934.088715,CONST330,TRACKING,330,41.937852,61.486941,-0.016170,0.041048,4.958888,0.000000,0.000000,5.000000,0.060304,0
1784303934.138691,CONST330,TRACKING,330,21.898515,23.326711,-0.019999,0.047893,4.967225,0.000000,0.000000,5.000000,0.061383,0
1784303934.188711,CONST330,TRACKING,330,24.203011,43.591091,-0.023742,0.050605,4.971296,0.000000,0.000000,5.000000,0.062836,0
1784303934.238730,CONST330,TRACKING,330,34.844264,35.951576,-0.031127,0.055813,4.978517,0.000000,0.000000,5.000000,0.067421,0
1784303934.288685,CONST330,TRACKING,330,20.007729,35.000906,-0.034230,0.058865,4.980525,0.000000,0.000000,5.000000,0.070824,0
1784303934.338675,CONST330,TRACKING,330,41.684892,42.832908,-0.039566,0.064545,4.981816,0.000000,0.000000,5.000000,0.077860,0
1784303934.388781,CONST330,TRACKING,330,20.508684,28.770165,-0.041674,0.066816,4.982317,0.000000,0.000000,5.000000,0.080708,0
1784303934.438686,CONST330,TRACKING,330,26.674001,27.821504,-0.042956,0.065491,4.985591,0.000000,0.000000,5.000000,0.079636,0
1784303934.488707,CONST330,TRACKING,330,25.378822,44.789884,-0.043145,0.064681,4.987600,0.000000,0.000000,5.000000,0.078733,0
1784303934.538693,CONST330,TRACKING,330,25.817806,27.057626,-0.041726,0.061058,4.992153,0.000000,0.000000,5.000000,0.074369,0
1784303934.588731,CONST330,TRACKING,330,27.211802,46.721171,-0.040488,0.058749,4.995871,0.000000,0.000000,5.000000,0.071469,0
1784303934.638705,CONST330,TRACKING,330,30.942183,32.072441,-0.037339,0.053059,5.002553,0.000000,0.000000,5.000000,0.064930,0
1784303934.689802,CONST330,TRACKING,330,23.949935,43.983728,-0.035685,0.049956,5.003935,0.000000,0.000000,5.000000,0.061518,0
1784303934.738702,CONST330,TRACKING,330,34.146604,35.337022,-0.031946,0.043877,5.005744,0.000000,0.000000,5.000000,0.054578,0
1784303934.788696,CONST330,TRACKING,330,26.120584,41.788587,-0.029566,0.041940,5.003579,0.000000,0.000000,5.000000,0.051438,0
1784303934.838674,CONST330,TRACKING,330,42.679834,44.000217,-0.024200,0.038093,4.995193,0.000000,0.000000,5.000000,0.045385,0
1784303934.888686,CONST330,TRACKING,330,22.785823,29.948576,-0.021896,0.036249,4.991255,0.000000,0.000000,5.000000,0.043243,0
1784303934.938703,CONST330,TRACKING,330,26.936120,28.096770,-0.013471,0.030588,4.979223,0.000000,0.000000,5.000000,0.039355,0
1784303934.988703,CONST330,TRACKING,330,30.479216,49.844869,-0.009428,0.027705,4.973701,0.000000,0.000000,5.000000,0.039345,0
1784303935.038687,CONST330,TRACKING,330,25.822455,27.238843,0.002561,0.018477,4.966272,0.000000,0.000000,5.000000,0.038543,0
1784303935.088711,CONST330,TRACKING,330,25.375130,44.909101,0.008402,0.013894,4.964125,0.000000,0.000000,5.000000,0.039378,0
1784303935.138704,CONST330,TRACKING,330,38.143074,39.442857,0.020405,0.003555,4.962433,0.000000,0.000000,5.000000,0.042899,0
1784303935.188687,CONST330,TRACKING,330,20.960081,32.623765,0.026984,-0.003322,4.961679,0.000000,0.000000,5.000000,0.046986,0
1784303935.238714,CONST330,TRACKING,330,26.123737,27.386068,0.040681,-0.016951,4.957850,0.000000,0.000000,5.000000,0.060983,0
1784303935.288694,CONST330,TRACKING,330,28.224270,47.698178,0.046370,-0.021703,4.956612,0.000000,0.000000,5.000000,0.067110,0
1784303935.338691,CONST330,TRACKING,330,24.723998,25.997219,0.056638,-0.029715,4.954867,0.000000,0.000000,5.000000,0.078281,0
1784303935.388704,CONST330,TRACKING,330,29.506628,48.899143,0.061075,-0.033227,4.956169,0.000000,0.000000,5.000000,0.082191,0
1784303935.438676,CONST330,TRACKING,330,23.847972,25.135489,0.070777,-0.032158,4.961914,0.000000,0.000000,5.000000,0.086568,0
1784303935.488727,CONST330,TRACKING,330,21.464914,40.988983,0.074385,-0.031942,4.965054,0.000000,0.000000,5.000000,0.088173,0
1784303935.538676,CONST330,TRACKING,330,42.546391,43.723550,0.081182,-0.031641,4.967975,0.000000,0.000000,5.000000,0.092829,0
1784303935.588695,CONST330,TRACKING,330,25.129337,32.428431,0.084012,-0.031504,4.968925,0.000000,0.000000,5.000000,0.094954,0
1784303935.638718,CONST330,TRACKING,330,40.973762,42.121340,0.086581,-0.032482,4.968699,0.000000,0.000000,5.000000,0.097627,0
1784303935.688731,CONST330,TRACKING,330,23.505359,32.350568,0.084199,-0.034905,4.967209,0.000000,0.000000,5.000000,0.096866,0
1784303935.738701,CONST330,TRACKING,330,37.663210,38.924959,0.079032,-0.039001,4.966250,0.000000,0.000000,5.000000,0.094373,0
1784303935.788725,CONST330,TRACKING,330,37.871246,50.015706,0.076104,-0.039269,4.967080,0.000000,0.000000,5.000000,0.091748,0
1784303935.838704,CONST330,TRACKING,330,18.685875,19.998383,0.069231,-0.038560,4.966708,0.000000,0.000000,5.000000,0.085954,0
1784303935.888737,CONST330,TRACKING,330,39.344660,58.777184,0.066072,-0.038180,4.965883,0.000000,0.000000,5.000000,0.083589,0
1784303935.938675,CONST330,TRACKING,330,20.032953,21.507514,0.061193,-0.035723,4.965319,0.000000,0.000000,5.000000,0.078889,0
1784303935.988732,CONST330,TRACKING,330,31.226032,50.611423,0.058624,-0.034020,4.965612,0.000000,0.000000,5.000000,0.076004,0
1784303936.038727,CONST330,TRACKING,330,51.617068,52.897479,0.050234,-0.030862,4.963984,0.000000,0.000000,5.000000,0.069087,1
1784303936.090557,CONST330,TRACKING,330,21.676449,74.780570,0.050234,-0.030862,4.963984,0.000000,0.000000,5.000000,0.069087,0
1784303936.138716,CONST330,TRACKING,330,37.660625,38.937624,0.037202,-0.026523,4.959232,0.000000,0.000000,5.000000,0.061233,0
1784303936.188735,CONST330,TRACKING,330,34.114215,46.351315,0.032592,-0.024881,4.957191,0.000000,0.000000,5.000000,0.059279,0
1784303936.238704,CONST330,TRACKING,330,41.187117,42.367363,0.022678,-0.022088,4.953105,0.000000,0.000000,5.000000,0.056580,0
1784303936.288733,CONST330,TRACKING,330,29.685508,38.246815,0.017851,-0.021108,4.947692,0.000000,0.000000,5.000000,0.059163,0
1784303936.338703,CONST330,TRACKING,330,43.949853,45.126523,0.008500,-0.019803,4.938622,0.000000,0.000000,5.000000,0.065051,0
1784303936.388695,CONST330,TRACKING,330,31.301410,37.187322,0.004258,-0.019456,4.935646,0.000000,0.000000,5.000000,0.067365,0
1784303936.438710,CONST330,TRACKING,330,44.823185,46.093745,-0.001854,-0.016820,4.931858,0.000000,0.000000,5.000000,0.070212,0
1784303936.488697,CONST330,TRACKING,330,25.118543,30.081997,-0.004542,-0.015914,4.932489,0.000000,0.000000,5.000000,0.069510,0
1784303936.538692,CONST330,TRACKING,330,34.330768,35.449517,-0.008437,-0.012512,4.934505,0.000000,0.000000,5.000000,0.067212,0
1784303936.588722,CONST330,TRACKING,330,27.300106,42.791807,-0.010153,-0.010453,4.936380,0.000000,0.000000,5.000000,0.065268,0
1784303936.638726,CONST330,TRACKING,330,33.219934,34.608854,-0.013823,-0.006062,4.940211,0.000000,0.000000,5.000000,0.061665,0
1784303936.688741,CONST330,TRACKING,330,29.317812,45.954303,-0.014617,-0.003983,4.940274,0.000000,0.000000,5.000000,0.061617,0
1784303936.738710,CONST330,TRACKING,330,43.515860,44.846041,-0.016323,0.000655,4.943947,0.000000,0.000000,5.000000,0.058385,0
1784303936.788725,CONST330,TRACKING,330,32.782552,39.029918,-0.017524,0.004700,4.946666,0.000000,0.000000,5.000000,0.056336,0
1784303936.838724,CONST330,TRACKING,330,36.558028,37.957246,-0.020627,0.013887,4.956789,0.000000,0.000000,5.000000,0.049854,0
1784303936.888720,CONST330,TRACKING,330,29.376649,42.681324,-0.022256,0.017426,4.963094,0.000000,0.000000,5.000000,0.046487,0
1784303936.938706,CONST330,TRACKING,330,30.821683,31.988593,-0.030739,0.017628,4.975088,0.000000,0.000000,5.000000,0.043316,0
1784303936.988761,CONST330,TRACKING,330,42.958290,62.024459,-0.034523,0.017657,4.980762,0.000000,0.000000,5.000000,0.043286,0
1784303937.038700,CONST330,TRACKING,330,28.844871,30.221949,-0.040897,0.013325,4.991777,0.000000,0.000000,5.000000,0.043792,0
1784303937.088732,CONST330,TRACKING,330,25.833684,45.336438,-0.042975,0.010578,4.995338,0.000000,0.000000,5.000000,0.044503,0
1784303937.138735,CONST330,TRACKING,330,29.935773,31.086398,-0.046369,0.005464,4.996233,0.000000,0.000000,5.000000,0.046841,0
1784303937.188732,CONST330,TRACKING,330,51.682738,71.244922,-0.047921,0.003097,4.994487,0.000000,0.000000,5.000000,0.048336,1
1784303937.240575,CONST330,TRACKING,330,21.636409,93.028371,-0.047921,0.003097,4.994487,0.000000,0.000000,5.000000,0.048336,0
1784303937.288738,CONST330,TRACKING,330,40.921853,60.205560,-0.052348,-0.002220,4.994972,0.000000,0.000000,5.000000,0.052636,0
1784303937.338666,CONST330,TRACKING,330,21.851809,23.194875,-0.054377,-0.001957,5.000959,0.000000,0.000000,5.000000,0.054420,0
1784303937.388738,CONST330,TRACKING,330,38.247035,57.658706,-0.055336,-0.001778,5.003509,0.000000,0.000000,5.000000,0.055475,0
1784303937.438705,CONST330,TRACKING,330,24.390594,25.863179,-0.056887,-0.001773,5.003489,0.000000,0.000000,5.000000,0.057021,0
1784303937.488731,CONST330,TRACKING,330,39.776282,59.307770,-0.057220,-0.001913,5.001869,0.000000,0.000000,5.000000,0.057283,0
1784303937.538704,CONST330,TRACKING,330,21.792752,23.171734,-0.057435,-0.003661,5.000444,0.000000,0.000000,5.000000,0.057554,0
1784303937.588747,CONST330,TRACKING,330,29.362846,48.793878,-0.057317,-0.004866,5.002026,0.000000,0.000000,5.000000,0.057559,0
1784303937.638706,CONST330,TRACKING,330,23.497093,24.874896,-0.056251,-0.008437,5.004002,0.000000,0.000000,5.000000,0.057021,0
1784303937.688734,CONST330,TRACKING,330,25.787573,45.235619,-0.055556,-0.011324,5.003169,0.000000,0.000000,5.000000,0.056787,0
1784303937.738690,CONST330,TRACKING,330,30.467753,31.639861,-0.053414,-0.016030,5.000693,0.000000,0.000000,5.000000,0.055772,0
1784303937.788733,CONST330,TRACKING,330,26.654996,46.100743,-0.049213,-0.016395,4.996028,0.000000,0.000000,5.000000,0.052024,0
1784303937.838710,CONST330,TRACKING,330,24.424625,25.832147,-0.038046,-0.015910,4.981771,0.000000,0.000000,5.000000,0.045088,0
1784303937.888729,CONST330,TRACKING,330,24.537775,44.017792,-0.033305,-0.015764,4.975790,0.000000,0.000000,5.000000,0.044089,0
1784303937.938702,CONST330,TRACKING,330,23.795695,24.977332,-0.022842,-0.011602,4.961806,0.000000,0.000000,5.000000,0.045991,0
1784303937.988715,CONST330,TRACKING,330,25.720372,45.141313,-0.017848,-0.009697,4.955702,0.000000,0.000000,5.000000,0.048733,0
1784303938.038675,CONST330,TRACKING,330,24.829729,26.092519,-0.008367,-0.009729,4.944519,0.000000,0.000000,5.000000,0.056946,0
1784303938.088732,CONST330,TRACKING,330,22.449451,41.849887,-0.004572,-0.010269,4.942348,0.000000,0.000000,5.000000,0.058738,0
1784303938.138674,CONST330,TRACKING,330,29.834010,31.088565,0.002339,-0.011091,4.938639,0.000000,0.000000,5.000000,0.062399,0
1784303938.188731,CONST330,TRACKING,330,22.361862,41.636665,0.005144,-0.011759,4.935599,0.000000,0.000000,5.000000,0.065668,0
1784303938.238704,CONST330,TRACKING,330,28.742587,30.044903,0.011314,-0.012639,4.932448,0.000000,0.000000,5.000000,0.069650,0
1784303938.288733,CONST330,TRACKING,330,25.124627,44.587038,0.013579,-0.013869,4.932580,0.000000,0.000000,5.000000,0.070159,0
1784303938.338698,CONST330,TRACKING,330,41.263285,42.751702,0.017684,-0.016354,4.932400,0.000000,0.000000,5.000000,0.071763,0
1784303938.388740,CONST330,TRACKING,330,23.039991,31.604693,0.019551,-0.017276,4.933627,0.000000,0.000000,5.000000,0.071317,0
1784303938.438702,CONST330,TRACKING,330,26.458611,27.967292,0.025954,-0.013290,4.932954,0.000000,0.000000,5.000000,0.073112,0
1784303938.488734,CONST330,TRACKING,330,33.658050,53.149716,0.028629,-0.011580,4.933270,0.000000,0.000000,5.000000,0.073530,0
1784303938.538697,CONST330,TRACKING,330,27.263711,28.631570,0.032666,-0.006393,4.931605,0.000000,0.000000,5.000000,0.076064,0
1784303938.588714,CONST330,TRACKING,330,44.315697,63.610974,0.034156,-0.003385,4.930748,0.000000,0.000000,5.000000,0.077292,0
1784303938.638664,CONST330,TRACKING,330,19.558450,20.900626,0.036794,0.002824,4.932565,0.000000,0.000000,5.000000,0.076872,0
1784303938.688743,CONST330,TRACKING,330,29.107839,48.534098,0.037744,0.004869,4.934929,0.000000,0.000000,5.000000,0.075383,0
1784303938.738701,CONST330,TRACKING,330,22.384811,23.829632,0.039314,0.009329,4.941380,0.000000,0.000000,5.000000,0.071197,0
1784303938.788741,CONST330,TRACKING,330,37.708981,57.127516,0.040451,0.014350,4.945357,0.000000,0.000000,5.000000,0.069484,0
1784303938.838703,CONST330,TRACKING,330,32.279654,33.363444,0.042884,0.026558,4.955520,0.000000,0.000000,5.000000,0.067252,0
1784303938.888726,CONST330,TRACKING,330,22.073086,39.698220,0.043725,0.031354,4.958951,0.000000,0.000000,5.000000,0.067676,0
1784303938.938711,CONST330,TRACKING,330,33.097818,34.215363,0.046943,0.039398,4.965607,0.000000,0.000000,5.000000,0.070276,0
1784303938.988719,CONST330,TRACKING,330,27.583675,44.361928,0.047966,0.042807,4.969338,0.000000,0.000000,5.000000,0.071228,0
1784303939.038697,CONST330,TRACKING,330,26.000831,27.178540,0.047548,0.048457,4.974470,0.000000,0.000000,5.000000,0.072531,0
1784303939.088726,CONST330,TRACKING,330,32.173129,51.527547,0.046766,0.050333,4.976680,0.000000,0.000000,5.000000,0.072556,0
1784303939.138708,CONST330,TRACKING,330,28.222849,29.463785,0.044084,0.052731,4.979113,0.000000,0.000000,5.000000,0.071835,0
1784303939.188734,CONST330,TRACKING,330,35.011716,54.474859,0.041356,0.052383,4.980361,0.000000,0.000000,5.000000,0.069570,0
1784303939.238727,CONST330,TRACKING,330,30.230441,31.297926,0.035181,0.050928,4.986762,0.000000,0.000000,5.000000,0.063298,0
1784303939.288720,CONST330,TRACKING,330,22.895222,42.338387,0.033377,0.051156,4.988191,0.000000,0.000000,5.000000,0.062213,0
1784303939.338689,CONST330,TRACKING,330,30.803499,32.052577,0.029910,0.051063,4.988764,0.000000,0.000000,5.000000,0.060235,0
1784303939.388720,CONST330,TRACKING,330,25.947527,45.053787,0.027963,0.050393,4.988301,0.000000,0.000000,5.000000,0.058807,0
1784303939.438699,CONST330,TRACKING,330,47.928478,48.976302,0.018465,0.045862,4.984566,0.000000,0.000000,5.000000,0.051793,0
1784303939.488675,CONST330,TRACKING,330,20.365633,22.221545,0.014681,0.043690,4.983814,0.000000,0.000000,5.000000,0.048850,0
1784303939.538709,CONST330,TRACKING,330,31.358565,32.389838,0.009412,0.038689,4.980619,0.000000,0.000000,5.000000,0.044284,0
1784303939.588708,CONST330,TRACKING,330,27.045339,45.568696,0.007321,0.035891,4.979564,0.000000,0.000000,5.000000,0.041945,0
1784303939.638717,CONST330,TRACKING,330,32.262262,33.626520,0.002373,0.028453,4.980446,0.000000,0.000000,5.000000,0.034605,0
1784303939.688728,CONST330,TRACKING,330,25.585119,43.218292,-0.000204,0.024046,4.980483,0.000000,0.000000,5.000000,0.030970,0
1784303939.738676,CONST330,TRACKING,330,25.677778,26.924867,-0.005710,0.015493,4.980101,0.000000,0.000000,5.000000,0.025857,0
1784303939.788735,CONST330,TRACKING,330,24.586924,44.047127,-0.007937,0.011420,4.982850,0.000000,0.000000,5.000000,0.022080,0
