epoch_sec,mode,phase,N,mppi_call_ms,state_to_command_latency_ms,pos_x,pos_y,pos_z,target_x,target_y,target_z,pos_error_m,deadline_miss
1784320145.284898,CONST330,TAKEOFF,0,0.000000,22.739381,0.008709,0.040528,1.340142,0.008709,0.040528,1.367877,0.027735,0
1784320145.334857,CONST330,TAKEOFF,0,0.000000,4.499022,0.003006,0.045508,1.342570,0.008709,0.040528,1.428822,0.086584,0
1784320145.384895,CONST330,TAKEOFF,0,0.000000,22.745935,-0.000349,0.047508,1.343773,0.008709,0.040528,1.489866,0.146540,0
1784320145.434890,CONST330,TAKEOFF,0,0.000000,4.578655,-0.007158,0.051265,1.345672,0.008709,0.040528,1.550857,0.206077,0
1784320145.484887,CONST330,TAKEOFF,0,0.000000,22.715082,-0.009855,0.052530,1.346099,0.008709,0.040528,1.611852,0.266670,0
1784320145.534899,CONST330,TAKEOFF,0,0.000000,4.535389,-0.014858,0.054978,1.346807,0.008709,0.040528,1.672865,0.327227,0
1784320145.584887,CONST330,TAKEOFF,0,0.000000,22.525516,-0.017727,0.054806,1.345178,0.008709,0.040528,1.733846,0.389828,0
1784320145.634881,CONST330,TAKEOFF,0,0.000000,4.542421,-0.023939,0.053781,1.340844,0.008709,0.040528,1.794838,0.455360,0
1784320145.684899,CONST330,TAKEOFF,0,0.000000,22.658474,-0.026432,0.053495,1.339276,0.008709,0.040528,1.855857,0.517938,0
1784320145.734858,CONST330,TAKEOFF,0,0.000000,4.668534,-0.033131,0.053850,1.342259,0.008709,0.040528,1.916804,0.576221,0
1784320145.784888,CONST330,TAKEOFF,0,0.000000,22.681900,-0.036163,0.054130,1.343643,0.008709,0.040528,1.977838,0.635926,0
1784320145.834898,CONST330,TAKEOFF,0,0.000000,4.711888,-0.040254,0.057296,1.350088,0.008709,0.040528,2.038849,0.690702,0
1784320145.884861,CONST330,TAKEOFF,0,0.000000,22.581799,-0.041478,0.059115,1.353380,0.008709,0.040528,2.099801,0.748337,0
1784320145.934903,CONST330,TAKEOFF,0,0.000000,4.589497,-0.044588,0.064376,1.358615,0.008709,0.040528,2.160850,0.804357,0
1784320145.984901,CONST330,TAKEOFF,0,0.000000,22.678183,-0.047373,0.069163,1.360116,0.008709,0.040528,2.221846,0.864028,0
1784320146.034862,CONST330,TAKEOFF,0,0.000000,4.517241,-0.052930,0.078812,1.363240,0.008709,0.040528,2.282795,0.922413,0
1784320146.084893,CONST330,TAKEOFF,0,0.000000,22.633326,-0.053966,0.079613,1.364464,0.008709,0.040528,2.343830,0.982147,0
1784320146.134900,CONST330,TAKEOFF,0,0.000000,4.494362,-0.055832,0.081260,1.366663,0.008709,0.040528,2.404837,1.040976,0
1784320146.184897,CONST330,TAKEOFF,0,0.000000,22.726499,-0.056710,0.082065,1.367670,0.008709,0.040528,2.465831,1.100891,0
1784320146.234895,CONST330,TAKEOFF,0,0.000000,4.741477,-0.061905,0.077305,1.368348,0.008709,0.040528,2.526825,1.161210,0
1784320146.284903,CONST330,TAKEOFF,0,0.000000,22.750216,-0.064009,0.075515,1.368693,0.008709,0.040528,2.587833,1.221808,0
1784320146.334898,CONST330,TAKEOFF,0,0.000000,4.642123,-0.065815,0.071454,1.370371,0.008709,0.040528,2.648825,1.280998,0
1784320146.384898,CONST330,TAKEOFF,0,0.000000,22.662485,-0.066117,0.069376,1.371479,0.008709,0.040528,2.709823,1.340744,0
1784320146.434895,CONST330,TAKEOFF,0,0.000000,4.721316,-0.065029,0.064904,1.372853,0.008709,0.040528,2.770816,1.400119,0
1784320146.484900,CONST330,TAKEOFF,0,0.000000,22.721996,-0.063084,0.062877,1.372668,0.008709,0.040528,2.831820,1.461088,0
1784320146.534876,CONST330,TAKEOFF,0,0.000000,4.556843,-0.059705,0.059359,1.372649,0.008709,0.040528,2.892791,1.521798,0
1784320146.584903,CONST330,TAKEOFF,0,0.000000,22.667396,-0.057145,0.056307,1.375158,0.008709,0.040528,2.953819,1.580113,0
1784320146.634891,CONST330,TAKEOFF,0,0.000000,4.569351,-0.051287,0.049390,1.381986,0.008709,0.040528,3.014801,1.633941,0
1784320146.684897,CONST330,TAKEOFF,0,0.000000,22.635475,-0.048930,0.046711,1.384789,0.008709,0.040528,3.075807,1.692011,0
1784320146.734890,CONST330,TAKEOFF,0,0.000000,4.671707,-0.045838,0.044321,1.384927,0.008709,0.040528,3.136796,1.752722,0
1784320146.784897,CONST330,TAKEOFF,0,0.000000,22.696267,-0.044501,0.043261,1.385238,0.008709,0.040528,3.197802,1.813347,0
1784320146.834884,CONST330,TAKEOFF,0,0.000000,4.629170,-0.043658,0.039643,1.393695,0.008709,0.040528,3.258784,1.865825,0
1784320146.884898,CONST330,TAKEOFF,0,0.000000,22.629737,-0.043767,0.037953,1.398718,0.008709,0.040528,3.319798,1.921798,0
1784320146.934891,CONST330,TAKEOFF,0,0.000000,4.694670,-0.044014,0.034961,1.407149,0.008709,0.040528,3.380788,1.974350,0
1784320146.984903,CONST330,TAKEOFF,0,0.000000,22.642219,-0.044092,0.033535,1.409962,0.008709,0.040528,3.441800,2.032536,0
1784320147.034861,CONST330,TAKEOFF,0,0.000000,4.596537,-0.044579,0.030683,1.416072,0.008709,0.040528,3.502746,2.087377,0
1784320147.084900,CONST330,TAKEOFF,0,0.000000,22.752785,-0.044455,0.028930,1.418538,0.008709,0.040528,3.563792,2.145944,0
1784320147.134898,CONST330,TAKEOFF,0,0.000000,4.682382,-0.044366,0.025930,1.423401,0.008709,0.040528,3.624786,2.202074,0
1784320147.184900,CONST330,TAKEOFF,0,0.000000,22.767313,-0.044363,0.024706,1.425806,0.008709,0.040528,3.685787,2.260659,0
1784320147.234893,CONST330,TAKEOFF,0,0.000000,4.662523,-0.044721,0.022499,1.430735,0.008709,0.040528,3.746777,2.316728,0
1784320147.284909,CONST330,TAKEOFF,0,0.000000,22.703639,-0.044937,0.021651,1.432970,0.008709,0.040528,3.807793,2.375504,0
1784320147.334869,CONST330,TAKEOFF,0,0.000000,4.635834,-0.046896,0.017625,1.437423,0.008709,0.040528,3.868742,2.432063,0
1784320147.384902,CONST330,TAKEOFF,0,0.000000,22.852103,-0.048258,0.015209,1.439617,0.008709,0.040528,3.929780,2.490943,0
1784320147.434901,CONST330,TAKEOFF,0,0.000000,4.522563,-0.051363,0.009547,1.444571,0.008709,0.040528,3.990777,2.547103,0
1784320147.484903,CONST330,TAKEOFF,0,0.000000,22.645602,-0.052854,0.006554,1.446779,0.008709,0.040528,4.051777,2.605947,0
1784320147.534903,CONST330,TAKEOFF,0,0.000000,4.632151,-0.055746,0.001143,1.451037,0.008709,0.040528,4.112773,2.662808,0
1784320147.584909,CONST330,TAKEOFF,0,0.000000,22.540659,-0.056862,-0.000759,1.453999,0.008709,0.040528,4.173779,2.720884,0
1784320147.634897,CONST330,TAKEOFF,0,0.000000,4.531501,-0.059226,-0.004120,1.460972,0.008709,0.040528,4.234762,2.774982,0
1784320147.684908,CONST330,TAKEOFF,0,0.000000,22.673694,-0.060284,-0.005321,1.463939,0.008709,0.040528,4.295773,2.833045,0
1784320147.734905,CONST330,TAKEOFF,0,0.000000,4.675869,-0.065654,-0.004693,1.470516,0.008709,0.040528,4.356767,2.887563,0
1784320147.784913,CONST330,TAKEOFF,0,0.000000,22.586346,-0.068222,-0.004438,1.473712,0.008709,0.040528,4.417774,2.945411,0
1784320147.834915,CONST330,TAKEOFF,0,0.000000,4.648288,-0.074425,-0.005312,1.475666,0.008709,0.040528,4.478775,3.004608,0
1784320147.884911,CONST330,TAKEOFF,0,0.000000,22.655430,-0.077114,-0.006030,1.475717,0.008709,0.040528,4.539768,3.065606,0
1784320147.934893,CONST330,TAKEOFF,0,0.000000,4.606547,-0.081933,-0.007110,1.476348,0.008709,0.040528,4.600742,3.126072,0
1784320147.984906,CONST330,TAKEOFF,0,0.000000,22.657755,-0.083888,-0.007203,1.476777,0.008709,0.040528,4.661757,3.186683,0
1784320148.034908,CONST330,TAKEOFF,0,0.000000,4.650568,-0.088299,-0.007276,1.478402,0.008709,0.040528,4.722756,3.246156,0
1784320148.084898,CONST330,TAKEOFF,0,0.000000,22.663201,-0.090322,-0.006852,1.474440,0.008709,0.040528,4.783741,3.311122,0
1784320148.134896,CONST330,TAKEOFF,0,0.000000,4.644276,-0.094313,-0.006115,1.468274,0.008709,0.040528,4.844737,3.378356,0
1784320148.184904,CONST330,TAKEOFF,0,0.000000,22.655501,-0.096275,-0.005807,1.465964,0.008709,0.040528,4.905744,3.441694,0
1784320148.234867,CONST330,TAKEOFF,0,0.000000,4.626865,-0.103806,-0.002740,1.467114,0.008709,0.040528,4.966697,3.501658,0
1784320148.284915,CONST330,WAITING,0,0.000000,22.751635,-0.107061,-0.001449,1.467926,0.008709,0.040528,5.000000,3.534220,0
1784320148.334899,CONST330,WAITING,0,0.000000,4.620854,-0.113774,0.002949,1.469599,0.000000,0.000000,5.000000,3.532235,0
1784320148.384926,CONST330,TRACKING,330,28.510561,51.155713,-0.117136,0.005536,1.470562,0.000000,0.000000,5.000000,3.531386,0
1784320148.434902,CONST330,TRACKING,330,23.478753,28.151637,-0.124008,0.010901,1.471628,0.000000,0.000000,5.000000,3.530567,0
1784320148.484917,CONST330,TRACKING,330,24.791930,47.480767,-0.126576,0.013250,1.471011,0.000000,0.000000,5.000000,3.531283,0
1784320148.534903,CONST330,TRACKING,330,24.035319,28.695557,-0.131749,0.017647,1.470634,0.000000,0.000000,5.000000,3.531868,0
1784320148.584929,CONST330,TRACKING,330,24.811125,47.511346,-0.135167,0.018094,1.468321,0.000000,0.000000,5.000000,3.534311,0
1784320148.634918,CONST330,TRACKING,330,24.254390,28.737864,-0.143271,0.018072,1.463081,0.000000,0.000000,5.000000,3.539865,0
1784320148.684912,CONST330,TRACKING,330,25.243600,47.996261,-0.146805,0.018164,1.461507,0.000000,0.000000,5.000000,3.541584,0
1784320148.734931,CONST330,TRACKING,330,24.629259,29.181459,-0.151464,0.011732,1.460502,0.000000,0.000000,5.000000,3.542757,0
1784320148.784913,CONST330,TRACKING,330,24.746209,47.504233,-0.153810,0.008998,1.460419,0.000000,0.000000,5.000000,3.542932,0
1784320148.834921,CONST330,TRACKING,330,24.300191,28.677913,-0.159853,0.000697,1.458370,0.000000,0.000000,5.000000,3.545235,0
1784320148.884917,CONST330,TRACKING,330,24.949407,47.778154,-0.162756,-0.003078,1.457401,0.000000,0.000000,5.000000,3.546337,0
1784320148.934888,CONST330,TRACKING,330,24.637721,29.223658,-0.167204,-0.009253,1.457119,0.000000,0.000000,5.000000,3.546836,0
1784320148.984913,CONST330,TRACKING,330,24.934475,47.658775,-0.167470,-0.011197,1.458348,0.000000,0.000000,5.000000,3.545627,0
1784320149.034920,CONST330,TRACKING,330,24.653601,29.272963,-0.168806,-0.014737,1.461596,0.000000,0.000000,5.000000,3.542459,0
1784320149.084917,CONST330,TRACKING,330,24.872066,47.635760,-0.168527,-0.014361,1.460729,0.000000,0.000000,5.000000,3.543311,0
1784320149.134892,CONST330,TRACKING,330,24.421796,29.080722,-0.168786,-0.013220,1.460025,0.000000,0.000000,5.000000,3.544022,0
1784320149.184920,CONST330,TRACKING,330,24.983521,47.762954,-0.169266,-0.012552,1.460127,0.000000,0.000000,5.000000,3.543940,0
1784320149.234877,CONST330,TRACKING,330,24.651711,29.285064,-0.170713,-0.013654,1.465132,0.000000,0.000000,5.000000,3.539015,0
1784320149.284920,CONST330,TRACKING,330,24.855696,47.668121,-0.171671,-0.014063,1.467429,0.000000,0.000000,5.000000,3.536768,0
1784320149.334928,CONST330,TRACKING,330,24.281189,28.907844,-0.172486,-0.014991,1.470780,0.000000,0.000000,5.000000,3.533464,0
1784320149.384937,CONST330,TRACKING,330,25.040612,47.859563,-0.172716,-0.015471,1.472245,0.000000,0.000000,5.000000,3.532015,0
1784320149.434913,CONST330,TRACKING,330,23.121878,27.674545,-0.171425,-0.017757,1.475890,0.000000,0.000000,5.000000,3.528322,0
1784320149.485001,CONST330,TRACKING,330,25.180822,47.992036,-0.168974,-0.019819,1.477531,0.000000,0.000000,5.000000,3.526575,0
1784320149.534993,CONST330,TRACKING,330,24.357200,28.968668,-0.164987,-0.023428,1.481068,0.000000,0.000000,5.000000,3.522876,0
1784320149.584954,CONST330,TRACKING,330,24.882679,47.692850,-0.162775,-0.024941,1.481784,0.000000,0.000000,5.000000,3.522068,0
1784320149.635017,CONST330,TRACKING,330,24.700878,29.332980,-0.158500,-0.027903,1.483236,0.000000,0.000000,5.000000,3.520445,0
1784320149.684928,CONST330,TRACKING,330,25.077227,47.842017,-0.157081,-0.028943,1.484183,0.000000,0.000000,5.000000,3.519443,0
1784320149.734893,CONST330,TRACKING,330,24.453531,28.954444,-0.153937,-0.026098,1.486470,0.000000,0.000000,5.000000,3.516998,0
1784320149.784943,CONST330,TRACKING,330,25.120989,47.904390,-0.152712,-0.024756,1.487797,0.000000,0.000000,5.000000,3.515608,0
1784320149.834920,CONST330,TRACKING,330,24.196107,28.835197,-0.147147,-0.022683,1.483328,0.000000,0.000000,5.000000,3.519822,0
1784320149.884929,CONST330,TRACKING,330,24.961302,47.738795,-0.144426,-0.021935,1.480351,0.000000,0.000000,5.000000,3.522679,0
1784320149.934929,CONST330,TRACKING,330,24.754326,29.345548,-0.139828,-0.021232,1.473380,0.000000,0.000000,5.000000,3.529455,0
1784320149.984923,CONST330,TRACKING,330,24.671942,47.395564,-0.137735,-0.021970,1.467194,0.000000,0.000000,5.000000,3.535558,0
1784320150.034902,CONST330,TRACKING,330,24.766595,29.390380,-0.134046,-0.023348,1.456160,0.000000,0.000000,5.000000,3.546451,0
1784320150.084997,CONST330,TRACKING,330,23.201875,46.078581,-0.132866,-0.023073,1.450203,0.000000,0.000000,5.000000,3.552357,0
1784320150.134993,CONST330,TRACKING,330,24.539253,29.185645,-0.130921,-0.022695,1.440565,0.000000,0.000000,5.000000,3.561914,0
1784320150.185018,CONST330,TRACKING,330,25.081406,48.079735,-0.130223,-0.022520,1.436760,0.000000,0.000000,5.000000,3.565690,0
1784320150.234915,CONST330,TRACKING,330,24.669327,29.313102,-0.127900,-0.022377,1.427380,0.000000,0.000000,5.000000,3.574979,0
1784320150.284931,CONST330,TRACKING,330,24.903046,47.756303,-0.127191,-0.022398,1.424226,0.000000,0.000000,5.000000,3.578105,0
1784320150.334915,CONST330,TRACKING,330,24.655533,29.357090,-0.123755,-0.022884,1.417627,0.000000,0.000000,5.000000,3.584583,0
1784320150.384935,CONST330,TRACKING,330,24.686954,47.498309,-0.121663,-0.023008,1.414460,0.000000,0.000000,5.000000,3.587677,0
1784320150.434916,CONST330,TRACKING,330,25.004931,29.401695,-0.116602,-0.021828,1.407850,0.000000,0.000000,5.000000,3.594109,0
1784320150.484937,CONST330,TRACKING,330,24.849967,47.655734,-0.114353,-0.020395,1.404462,0.000000,0.000000,5.000000,3.597413,0
1784320150.534931,CONST330,TRACKING,330,24.384507,28.932025,-0.109570,-0.017879,1.402319,0.000000,0.000000,5.000000,3.599394,0
1784320150.585015,CONST330,TRACKING,330,25.257554,48.132607,-0.106329,-0.017037,1.404336,0.000000,0.000000,5.000000,3.597277,0
1784320150.634913,CONST330,TRACKING,330,22.828346,27.409692,-0.097049,-0.015890,1.417998,0.000000,0.000000,5.000000,3.583352,0
1784320150.684926,CONST330,TRACKING,330,25.326287,48.053299,-0.092337,-0.015860,1.428267,0.000000,0.000000,5.000000,3.572961,0
1784320150.734897,CONST330,TRACKING,330,24.601763,29.108408,-0.076864,-0.014181,1.458538,0.000000,0.000000,5.000000,3.542325,0
1784320150.784935,CONST330,TRACKING,330,24.714314,47.496807,-0.068427,-0.014681,1.477504,0.000000,0.000000,5.000000,3.523191,0
1784320150.834898,CONST330,TRACKING,330,24.620046,29.131558,-0.046440,-0.020852,1.529390,0.000000,0.000000,5.000000,3.470983,0
1784320150.884907,CONST330,TRACKING,330,24.699055,47.503183,-0.036235,-0.024719,1.555915,0.000000,0.000000,5.000000,3.444364,0
1784320150.934896,CONST330,TRACKING,330,24.282197,28.864688,-0.015168,-0.032926,1.612835,0.000000,0.000000,5.000000,3.387359,0
1784320150.984938,CONST330,TRACKING,330,24.780602,47.382344,-0.003589,-0.037380,1.644455,0.000000,0.000000,5.000000,3.355755,0
1784320151.034902,CONST330,TRACKING,330,24.829291,29.348356,0.022698,-0.046558,1.721828,0.000000,0.000000,5.000000,3.278582,0
1784320151.084929,CONST330,TRACKING,330,24.748390,47.598521,0.034396,-0.049805,1.762079,0.000000,0.000000,5.000000,3.238487,0
1784320151.134907,CONST330,TRACKING,330,24.680088,29.434917,0.058360,-0.056496,1.845152,0.000000,0.000000,5.000000,3.155893,0
1784320151.185005,CONST330,TRACKING,330,25.027760,47.865571,0.070480,-0.060112,1.887671,0.000000,0.000000,5.000000,3.113707,0
1784320151.234828,CONST330,TRACKING,330,23.896004,28.637185,0.097009,-0.061749,1.983584,0.000000,0.000000,5.000000,3.018607,0
1784320151.284879,CONST330,TRACKING,330,21.556155,44.395039,0.108791,-0.062803,2.025959,0.000000,0.000000,5.000000,2.976692,0
1784320151.334899,CONST330,TRACKING,330,22.348642,27.250992,0.135595,-0.065889,2.112329,0.000000,0.000000,5.000000,2.891604,0
1784320151.384876,CONST330,TRACKING,330,22.232226,44.846287,0.149001,-0.067300,2.156259,0.000000,0.000000,5.000000,2.848437,0
1784320151.434914,CONST330,TRACKING,330,23.187023,28.106362,0.173737,-0.069748,2.255522,0.000000,0.000000,5.000000,2.750856,0
1784320151.484879,CONST330,TRACKING,330,23.161405,44.269320,0.181419,-0.070947,2.300749,0.000000,0.000000,5.000000,2.706271,0
1784320151.534877,CONST330,TRACKING,330,21.541145,26.418434,0.194430,-0.072667,2.390563,0.000000,0.000000,5.000000,2.617680,0
1784320151.584917,CONST330,TRACKING,330,23.418324,46.113911,0.199415,-0.072054,2.433375,0.000000,0.000000,5.000000,2.575368,0
1784320151.634875,CONST330,TRACKING,330,21.320565,26.194740,0.209059,-0.070577,2.529523,0.000000,0.000000,5.000000,2.480311,0
1784320151.684891,CONST330,TRACKING,330,23.989231,46.780079,0.213209,-0.070461,2.573183,0.000000,0.000000,5.000000,2.437183,0
1784320151.734885,CONST330,TRACKING,330,23.655616,28.412663,0.224489,-0.070771,2.663401,0.000000,0.000000,5.000000,2.348425,0
1784320151.784923,CONST330,TRACKING,330,22.061307,44.886672,0.229733,-0.071318,2.708493,0.000000,0.000000,5.000000,2.304098,0
1784320151.834918,CONST330,TRACKING,330,24.321826,29.136929,0.237343,-0.073074,2.805872,0.000000,0.000000,5.000000,2.208137,0
1784320151.884917,CONST330,TRACKING,330,20.998323,41.245667,0.239582,-0.074213,2.848795,0.000000,0.000000,5.000000,2.165777,0
1784320151.934913,CONST330,TRACKING,330,22.620842,27.396796,0.242128,-0.077408,2.935331,0.000000,0.000000,5.000000,2.080259,0
1784320151.984881,CONST330,TRACKING,330,21.932891,40.863588,0.241603,-0.079924,2.979343,0.000000,0.000000,5.000000,2.036619,0
1784320152.034916,CONST330,TRACKING,330,24.690400,29.461058,0.238058,-0.085165,3.078699,0.000000,0.000000,5.000000,1.937866,0
1784320152.084936,CONST330,TRACKING,330,23.405060,46.195751,0.234448,-0.089696,3.123324,0.000000,0.000000,5.000000,1.893390,0
1784320152.134921,CONST330,TRACKING,330,22.616287,27.347369,0.225520,-0.097263,3.214607,0.000000,0.000000,5.000000,1.802206,0
1784320152.184932,CONST330,TRACKING,330,23.427162,46.289181,0.220629,-0.100279,3.261015,0.000000,0.000000,5.000000,1.755791,0
1784320152.234895,CONST330,TRACKING,330,22.342088,27.119014,0.206264,-0.110397,3.366419,0.000000,0.000000,5.000000,1.650248,0
1784320152.284903,CONST330,TRACKING,330,23.164391,46.031345,0.199736,-0.113951,3.413770,0.000000,0.000000,5.000000,1.602812,0
1784320152.334890,CONST330,TRACKING,330,22.136886,26.954218,0.190132,-0.117730,3.510595,0.000000,0.000000,5.000000,1.506100,0
1784320152.384902,CONST330,TRACKING,330,24.586434,47.477592,0.186074,-0.118494,3.559402,0.000000,0.000000,5.000000,1.457390,0
1784320152.434933,CONST330,TRACKING,330,23.368120,27.992216,0.174643,-0.117583,3.669363,0.000000,0.000000,5.000000,1.347190,0
1784320152.484951,CONST330,TRACKING,330,24.694678,47.507003,0.168096,-0.115269,3.718886,0.000000,0.000000,5.000000,1.297226,0
1784320152.534940,CONST330,TRACKING,330,24.201495,28.778424,0.154328,-0.109209,3.818234,0.000000,0.000000,5.000000,1.196794,0
1784320152.584913,CONST330,TRACKING,330,24.443238,47.235966,0.147813,-0.104579,3.868742,0.000000,0.000000,5.000000,1.145658,0
1784320152.634910,CONST330,TRACKING,330,23.910729,28.638589,0.133331,-0.092827,3.981234,0.000000,0.000000,5.000000,1.031638,0
1784320152.685009,CONST330,TRACKING,330,24.663491,47.516029,0.126812,-0.087421,4.030283,0.000000,0.000000,5.000000,0.981873,0
1784320152.734924,CONST330,TRACKING,330,22.820658,27.552440,0.112842,-0.081568,4.119286,0.000000,0.000000,5.000000,0.891652,0
1784320152.784948,CONST330,TRACKING,330,24.557413,47.438027,0.105675,-0.078156,4.164057,0.000000,0.000000,5.000000,0.846213,0
1784320152.834939,CONST330,TRACKING,330,23.616892,28.210402,0.091343,-0.067047,4.262979,0.000000,0.000000,5.000000,0.745681,0
1784320152.884946,CONST330,TRACKING,330,24.465312,47.314347,0.084954,-0.061422,4.306638,0.000000,0.000000,5.000000,0.701242,0
1784320152.934910,CONST330,TRACKING,330,24.087424,28.573719,0.070963,-0.049745,4.391349,0.000000,0.000000,5.000000,0.614790,0
1784320152.985018,CONST330,TRACKING,330,24.619957,47.424066,0.061561,-0.041769,4.441519,0.000000,0.000000,5.000000,0.563414,0
1784320153.035020,CONST330,TRACKING,330,23.763956,28.366276,0.047094,-0.029481,4.520412,0.000000,0.000000,5.000000,0.482796,0
1784320153.084946,CONST330,TRACKING,330,24.383796,47.220258,0.040924,-0.025778,4.561582,0.000000,0.000000,5.000000,0.441078,0
1784320153.135013,CONST330,TRACKING,330,23.766771,28.485045,0.028096,-0.018699,4.642570,0.000000,0.000000,5.000000,0.359019,0
1784320153.184946,CONST330,TRACKING,330,24.015798,46.790501,0.021793,-0.015363,4.681472,0.000000,0.000000,5.000000,0.319642,0
1784320153.234914,CONST330,TRACKING,330,23.806883,28.528866,0.005982,-0.001845,4.758347,2.000000,0.000000,5.000000,2.008609,0
1784320153.284918,CONST330,TRACKING,330,24.407340,47.240405,-0.001005,0.003795,4.787256,2.000000,0.000000,5.000000,2.012286,0
1784320153.334909,CONST330,TRACKING,330,24.161188,28.813319,-0.012439,0.013707,4.831899,2.000000,0.000000,5.000000,2.019495,0
1784320153.384939,CONST330,TRACKING,330,24.787851,47.544863,-0.017340,0.018279,4.850932,2.000000,0.000000,5.000000,2.022923,0
1784320153.434933,CONST330,TRACKING,330,24.597133,29.149192,-0.026928,0.028000,4.887593,2.000000,0.000000,5.000000,2.030236,0
1784320153.484959,CONST330,TRACKING,330,25.037747,47.762915,-0.030004,0.031988,4.902391,2.000000,0.000000,5.000000,2.032601,0
1784320153.534958,CONST330,TRACKING,330,24.707340,29.299945,-0.032984,0.039983,4.934738,2.000000,0.000000,5.000000,2.034425,0
1784320153.584941,CONST330,TRACKING,330,24.600572,47.434095,-0.033407,0.043317,4.949146,2.000000,0.000000,5.000000,2.034504,0
1784320153.634939,CONST330,TRACKING,330,24.294865,28.930234,-0.027696,0.050771,4.978454,2.000000,0.000000,5.000000,2.028446,0
1784320153.684940,CONST330,TRACKING,330,24.616649,47.429172,-0.022478,0.054216,4.986248,2.000000,0.000000,5.000000,2.023251,0
1784320153.734956,CONST330,TRACKING,330,23.993103,28.612152,-0.004639,0.058969,5.001782,2.000000,0.000000,5.000000,2.005507,0
1784320153.784943,CONST330,TRACKING,330,24.473900,47.261740,0.007212,0.060985,5.006389,2.000000,0.000000,5.000000,1.993731,0
1784320153.834946,CONST330,TRACKING,330,24.019078,28.767755,0.047711,0.068555,5.006598,2.000000,0.000000,5.000000,1.953503,0
1784320153.884922,CONST330,TRACKING,330,24.710398,47.510323,0.069875,0.072270,5.002959,2.000000,0.000000,5.000000,1.931479,0
1784320153.935023,CONST330,TRACKING,330,24.814277,29.517934,0.120619,0.078750,4.984071,2.000000,0.000000,5.000000,1.881098,0
1784320153.984955,CONST330,TRACKING,330,24.455847,47.346186,0.151720,0.081186,4.967960,2.000000,0.000000,5.000000,1.850339,0
1784320154.034946,CONST330,TRACKING,330,24.062132,28.660117,0.228151,0.087096,4.936502,2.000000,0.000000,5.000000,1.775125,0
1784320154.084945,CONST330,TRACKING,330,23.872226,46.650557,0.266101,0.093418,4.920606,2.000000,0.000000,5.000000,1.738228,0
1784320154.134951,CONST330,TRACKING,330,24.018450,28.606640,0.345152,0.105155,4.885309,2.000000,0.000000,5.000000,1.662147,0
1784320154.184941,CONST330,TRACKING,330,24.638960,47.428858,0.386478,0.110396,4.867850,2.000000,0.000000,5.000000,1.622684,0
1784320154.234902,CONST330,TRACKING,330,24.011509,28.669268,0.496178,0.115983,4.833552,2.000000,0.000000,5.000000,1.517445,0
1784320154.284949,CONST330,TRACKING,330,24.539576,47.351320,0.546681,0.117676,4.822608,2.000000,0.000000,5.000000,1.468826,0
1784320154.334921,CONST330,TRACKING,330,24.231015,28.808847,0.651531,0.116709,4.808325,2.000000,0.000000,5.000000,1.367014,0
1784320154.384945,CONST330,TRACKING,330,24.602273,47.450955,0.705081,0.114502,4.801749,2.000000,0.000000,5.000000,1.315002,0
1784320154.434946,CONST330,TRACKING,330,24.136855,28.819158,0.827173,0.107925,4.785049,2.000000,0.000000,5.000000,1.197236,0
1784320154.484947,CONST330,TRACKING,330,24.245703,46.970345,0.882477,0.104433,4.779403,2.000000,0.000000,5.000000,1.143865,0
1784320154.534918,CONST330,TRACKING,330,23.777236,28.358700,0.994228,0.095011,4.774260,2.000000,0.000000,5.000000,1.035163,0
1784320154.585020,CONST330,TRACKING,330,23.858215,46.547612,1.051686,0.089080,4.774652,2.000000,0.000000,5.000000,0.978783,0
1784320154.634948,CONST330,TRACKING,330,23.805983,28.322714,1.182067,0.073889,4.780287,2.000000,0.000000,5.000000,0.850146,0
1784320154.685035,CONST330,TRACKING,330,24.408148,47.283977,1.240014,0.066596,4.783739,2.000000,0.000000,5.000000,0.792958,0
1784320154.734931,CONST330,TRACKING,330,24.209682,28.786904,1.359808,0.045763,4.793889,2.000000,0.000000,5.000000,0.674108,0
1784320154.784962,CONST330,TRACKING,330,24.714140,47.545767,1.419372,0.035351,4.800039,2.000000,0.000000,5.000000,0.615112,0
1784320154.835023,CONST330,TRACKING,330,23.809099,28.354089,1.548862,0.010349,4.815028,2.000000,0.000000,5.000000,0.487696,0
1784320154.884963,CONST330,TRACKING,330,25.214083,47.986186,1.605292,-0.000604,4.820282,2.000000,0.000000,5.000000,0.433697,0
1784320154.935032,CONST330,TRACKING,330,24.497006,29.137364,1.718209,-0.020575,4.832542,2.000000,0.000000,5.000000,0.328438,0
1784320154.984928,CONST330,TRACKING,330,24.130316,47.016275,1.775172,-0.029290,4.840879,2.000000,2.000000,5.000000,2.047898,0
1784320155.034925,CONST330,TRACKING,330,24.235039,28.720257,1.901201,-0.047712,4.860198,2.000000,2.000000,5.000000,2.054856,0
1784320155.084970,CONST330,TRACKING,330,24.443145,47.234366,1.954832,-0.055233,4.873237,2.000000,2.000000,5.000000,2.059633,0
1784320155.134946,CONST330,TRACKING,330,24.131685,28.778840,2.058307,-0.068250,4.906981,2.000000,2.000000,5.000000,2.071161,0
1784320155.184925,CONST330,TRACKING,330,24.781341,47.583465,2.108063,-0.073614,4.921119,2.000000,2.000000,5.000000,2.077925,0
1784320155.234917,CONST330,TRACKING,330,23.986532,28.688309,2.219691,-0.084321,4.939627,2.000000,2.000000,5.000000,2.096736,0
1784320155.285028,CONST330,TRACKING,330,24.952807,47.901368,2.266485,-0.086747,4.943494,2.000000,2.000000,5.000000,2.104453,0
1784320155.335025,CONST330,TRACKING,330,24.788288,29.488596,2.355265,-0.091044,4.938258,2.000000,2.000000,5.000000,2.121908,0
1784320155.384956,CONST330,TRACKING,330,24.593135,47.490191,2.395642,-0.089508,4.937713,2.000000,2.000000,5.000000,2.127547,0
1784320155.434904,CONST330,TRACKING,330,24.660089,29.335294,2.474835,-0.070480,4.939333,2.000000,2.000000,5.000000,2.125097,0
1784320155.484957,CONST330,TRACKING,330,24.480969,47.353773,2.505052,-0.055088,4.936241,2.000000,2.000000,5.000000,2.117198,0
1784320155.534904,CONST330,TRACKING,330,24.788195,29.468247,2.561178,-0.018821,4.922585,2.000000,2.000000,5.000000,2.096796,0
1784320155.585027,CONST330,TRACKING,330,24.808932,47.718375,2.583627,0.005821,4.911346,2.000000,2.000000,5.000000,2.079719,0
1784320155.635043,CONST330,TRACKING,330,24.390683,29.043340,2.626018,0.070676,4.884435,2.000000,2.000000,5.000000,2.031636,0
1784320155.684932,CONST330,TRACKING,330,24.474218,47.273920,2.641981,0.102613,4.873994,2.000000,2.000000,5.000000,2.007011,0
1784320155.734948,CONST330,TRACKING,330,23.758014,28.218142,2.664315,0.179107,4.849413,2.000000,2.000000,5.000000,1.944130,0
1784320155.784961,CONST330,TRACKING,330,24.847058,47.642027,2.673162,0.219309,4.838498,2.000000,2.000000,5.000000,1.910521,0
1784320155.834961,CONST330,TRACKING,330,23.449911,28.238119,2.680162,0.315469,4.815001,2.000000,2.000000,5.000000,1.826058,0
1784320155.884969,CONST330,TRACKING,330,24.653969,47.496917,2.679410,0.359856,4.804828,2.000000,2.000000,5.000000,1.785990,0
1784320155.934952,CONST330,TRACKING,330,23.777100,28.522383,2.672190,0.449795,4.788373,2.000000,2.000000,5.000000,1.702869,0
1784320155.984933,CONST330,TRACKING,330,24.746194,47.555700,2.665280,0.494241,4.779780,2.000000,2.000000,5.000000,1.660844,0
1784320156.034957,CONST330,TRACKING,330,23.609277,28.295196,2.646923,0.597703,4.764744,2.000000,2.000000,5.000000,1.562143,0
1784320156.085030,CONST330,TRACKING,330,24.148391,47.063318,2.634561,0.645173,4.759684,2.000000,2.000000,5.000000,1.515247,0
1784320156.135041,CONST330,TRACKING,330,23.808721,28.671770,2.608099,0.743558,4.764103,2.000000,2.000000,5.000000,1.415655,0
1784320156.185032,CONST330,TRACKING,330,24.674971,47.512475,2.590770,0.806736,4.770759,2.000000,2.000000,5.000000,1.351089,0
1784320156.234938,CONST330,TRACKING,330,24.078193,28.814279,2.562017,0.909774,4.773128,2.000000,2.000000,5.000000,1.247368,0
1784320156.285036,CONST330,TRACKING,330,24.959393,47.854803,2.547151,0.961611,4.772453,2.000000,2.000000,5.000000,1.195577,0
1784320156.335046,CONST330,TRACKING,330,24.133827,28.825623,2.516405,1.066030,4.765161,2.000000,2.000000,5.000000,1.092760,0
1784320156.385033,CONST330,TRACKING,330,24.118533,47.082791,2.500506,1.118689,4.760715,2.000000,2.000000,5.000000,1.041380,0
1784320156.434960,CONST330,TRACKING,330,24.074226,28.714893,2.462987,1.237167,4.756806,2.000000,2.000000,5.000000,0.924886,0
1784320156.484964,CONST330,TRACKING,330,24.515366,47.341701,2.445665,1.289342,4.757880,2.000000,2.000000,5.000000,0.873083,0
1784320156.534953,CONST330,TRACKING,330,24.075589,28.707942,2.409254,1.394573,4.766716,2.000000,2.000000,5.000000,0.767107,0
1784320156.584962,CONST330,TRACKING,330,24.601138,47.398357,2.388173,1.445878,4.774410,2.000000,2.000000,5.000000,0.713176,0
1784320156.634930,CONST330,TRACKING,330,23.810699,28.414668,2.338368,1.560522,4.789626,2.000000,2.000000,5.000000,0.593204,0
1784320156.684967,CONST330,TRACKING,330,24.248001,47.033426,2.315614,1.611349,4.795596,2.000000,2.000000,5.000000,0.540780,0
1784320156.734925,CONST330,TRACKING,330,23.579517,27.951056,2.270268,1.712614,4.807463,2.000000,2.000000,5.000000,0.438983,0
1784320156.784935,CONST330,TRACKING,330,24.393346,47.272137,2.247359,1.762424,4.818301,2.000000,2.000000,5.000000,0.388128,0
1784320156.834953,CONST330,TRACKING,330,23.976059,28.687150,2.198445,1.872443,4.847427,0.000000,2.000000,5.000000,2.207421,0
1784320156.884963,CONST330,TRACKING,330,24.544854,47.358357,2.177197,1.920523,4.860725,0.000000,2.000000,5.000000,2.183095,0
1784320156.934961,CONST330,TRACKING,330,24.070012,28.648002,2.134680,2.014803,4.878841,0.000000,2.000000,5.000000,2.138167,0
1784320156.984969,CONST330,TRACKING,330,24.735144,47.491364,2.113747,2.060277,4.882330,0.000000,2.000000,5.000000,2.117878,0
1784320157.034951,CONST330,TRACKING,330,24.128431,28.744343,2.066524,2.159115,4.891741,0.000000,2.000000,5.000000,2.075466,0
1784320157.084972,CONST330,TRACKING,330,24.582410,47.322639,2.045966,2.199760,4.900817,0.000000,2.000000,5.000000,2.058086,0
1784320157.134960,CONST330,TRACKING,330,24.537858,29.219994,2.003402,2.277575,4.918756,0.000000,2.000000,5.000000,2.024170,0
1784320157.184968,CONST330,TRACKING,330,24.325825,47.145539,1.980770,2.314643,4.927025,0.000000,2.000000,5.000000,2.006932,0
1784320157.234957,CONST330,TRACKING,330,24.296517,28.833102,1.927240,2.386200,4.947865,0.000000,2.000000,5.000000,1.966246,0
1784320157.284972,CONST330,TRACKING,330,24.616881,47.487248,1.900946,2.415939,4.956461,0.000000,2.000000,5.000000,1.946406,0
1784320157.334939,CONST330,TRACKING,330,23.935793,28.529235,1.842909,2.468701,4.970732,0.000000,2.000000,5.000000,1.901802,0
1784320157.384957,CONST330,TRACKING,330,24.970271,47.885852,1.811471,2.492358,4.975392,0.000000,2.000000,5.000000,1.877352,0
1784320157.435061,CONST330,TRACKING,330,24.681573,29.433795,1.734909,2.537543,4.975203,0.000000,2.000000,5.000000,1.816446,0
1784320157.484976,CONST330,TRACKING,330,24.381858,47.194569,1.698100,2.552898,4.969052,0.000000,2.000000,5.000000,1.786112,0
1784320157.534957,CONST330,TRACKING,330,24.525557,29.160626,1.620354,2.578737,4.956602,0.000000,2.000000,5.000000,1.721153,0
1784320157.584976,CONST330,TRACKING,330,24.965438,47.848013,1.577413,2.587010,4.953308,0.000000,2.000000,5.000000,1.683744,0
1784320157.634962,CONST330,TRACKING,330,24.265448,28.717288,1.475205,2.598520,4.949771,0.000000,2.000000,5.000000,1.592789,0
1784320157.684968,CONST330,TRACKING,330,24.148480,47.054430,1.427955,2.600924,4.951124,0.000000,2.000000,5.000000,1.550018,0
1784320157.734964,CONST330,TRACKING,330,24.098050,28.680978,1.324723,2.598045,4.950585,0.000000,2.000000,5.000000,1.454301,0
1784320157.784960,CONST330,TRACKING,330,24.799303,47.585429,1.272725,2.595085,4.949045,0.000000,2.000000,5.000000,1.405899,0
1784320157.834963,CONST330,TRACKING,330,23.699662,28.496424,1.155995,2.575337,4.946340,0.000000,2.000000,5.000000,1.292369,0
1784320157.884970,CONST330,TRACKING,330,24.540873,47.351753,1.103890,2.563302,4.945492,0.000000,2.000000,5.000000,1.240505,0
1784320157.935042,CONST330,TRACKING,330,24.054219,28.713710,0.998222,2.536640,4.942443,0.000000,2.000000,5.000000,1.134787,0
1784320157.984968,CONST330,TRACKING,330,24.523679,47.352876,0.944074,2.521311,4.940381,0.000000,2.000000,5.000000,1.080091,0
1784320158.034953,CONST330,TRACKING,330,23.697622,28.428008,0.821646,2.485258,4.937701,0.000000,2.000000,5.000000,0.956273,0
1784320158.084969,CONST330,TRACKING,330,24.200954,46.984384,0.768210,2.467413,4.934641,0.000000,2.000000,5.000000,0.901606,0
1784320158.134972,CONST330,TRACKING,330,23.840667,28.537557,0.661093,2.430431,4.929918,0.000000,2.000000,5.000000,0.791976,0
1784320158.185046,CONST330,TRACKING,330,24.528523,47.269442,0.607432,2.410987,4.930974,0.000000,2.000000,5.000000,0.736647,0
1784320158.234946,CONST330,TRACKING,330,24.380140,29.177265,0.485548,2.362749,4.933555,0.000000,2.000000,5.000000,0.609720,0
1784320158.284940,CONST330,TRACKING,330,24.318685,47.134708,0.431682,2.340850,4.934819,0.000000,2.000000,5.000000,0.553874,0
1784320158.334947,CONST330,TRACKING,330,24.083500,28.825247,0.325362,2.295241,4.941564,0.000000,2.000000,5.000000,0.443218,0
1784320158.384965,CONST330,TRACKING,330,24.204976,47.010595,0.272868,2.271859,4.944727,0.000000,2.000000,5.000000,0.389127,0
1784320158.434959,CONST330,TRACKING,330,24.343662,29.078903,0.156601,2.219333,4.946321,0.000000,0.000000,5.000000,2.225499,0
1784320158.484975,CONST330,TRACKING,330,24.157656,47.053116,0.106132,2.196222,4.943704,0.000000,0.000000,5.000000,2.199505,0
1784320158.534973,CONST330,TRACKING,330,23.770476,28.394497,0.007348,2.149972,4.938664,0.000000,0.000000,5.000000,2.150859,0
1784320158.584974,CONST330,TRACKING,330,24.666910,47.570577,-0.042850,2.127784,4.933897,0.000000,0.000000,5.000000,2.129242,0
1784320158.634939,CONST330,TRACKING,330,24.031855,28.632969,-0.152006,2.078248,4.934454,0.000000,0.000000,5.000000,2.084830,0
1784320158.685050,CONST330,TRACKING,330,24.936888,47.860527,-0.198115,2.055917,4.936329,0.000000,0.000000,5.000000,2.066421,0
1784320158.734952,CONST330,TRACKING,330,24.366813,28.984702,-0.285356,2.018688,4.938456,0.000000,0.000000,5.000000,2.039686,0
1784320158.785048,CONST330,TRACKING,330,25.245199,48.107811,-0.326097,1.997985,4.939606,0.000000,0.000000,5.000000,2.025322,0
1784320158.835061,CONST330,TRACKING,330,24.432156,29.269458,-0.406488,1.947127,4.940924,0.000000,0.000000,5.000000,1.989982,0
1784320158.885050,CONST330,TRACKING,330,24.646774,47.573625,-0.437985,1.921680,4.942430,0.000000,0.000000,5.000000,1.971801,0
1784320158.934978,CONST330,TRACKING,330,24.382610,29.171562,-0.491807,1.863699,4.946421,0.000000,0.000000,5.000000,1.928243,0
1784320158.985045,CONST330,TRACKING,330,24.778661,47.734319,-0.512119,1.830876,4.946062,0.000000,0.000000,5.000000,1.901915,0
1784320159.035039,CONST330,TRACKING,330,24.556162,29.378027,-0.553495,1.751067,4.944959,0.000000,0.000000,5.000000,1.837287,0
1784320159.084967,CONST330,TRACKING,330,24.011216,46.874278,-0.568349,1.709405,4.943389,0.000000,0.000000,5.000000,1.802302,0
1784320159.134949,CONST330,TRACKING,330,24.119076,28.849383,-0.593564,1.623376,4.939235,0.000000,0.000000,5.000000,1.729555,0
1784320159.184973,CONST330,TRACKING,330,25.563436,48.397152,-0.603898,1.579071,4.937419,0.000000,0.000000,5.000000,1.691767,0
1784320159.234953,CONST330,TRACKING,330,24.263846,29.014874,-0.611928,1.474244,4.934640,0.000000,0.000000,5.000000,1.597537,0
1784320159.284976,CONST330,TRACKING,330,24.469856,47.304841,-0.613950,1.426617,4.933028,0.000000,0.000000,5.000000,1.554560,0
1784320159.334985,CONST330,TRACKING,330,24.214078,28.962663,-0.608957,1.329681,4.935034,0.000000,0.000000,5.000000,1.463934,0
1784320159.384972,CONST330,TRACKING,330,25.150541,47.974974,-0.603297,1.280341,4.938612,0.000000,0.000000,5.000000,1.416690,0
1784320159.434959,CONST330,TRACKING,330,24.208506,28.901604,-0.586191,1.166170,4.950925,0.000000,0.000000,5.000000,1.306132,0
1784320159.484968,CONST330,TRACKING,330,24.288009,47.073157,-0.576165,1.113760,4.958316,0.000000,0.000000,5.000000,1.254658,0
1784320159.535049,CONST330,TRACKING,330,23.691845,28.340253,-0.553568,1.008731,4.971225,0.000000,0.000000,5.000000,1.151001,0
1784320159.584991,CONST330,TRACKING,330,24.320151,47.124556,-0.539035,0.955579,4.974602,0.000000,0.000000,5.000000,1.097422,0
1784320159.634972,CONST330,TRACKING,330,23.908796,28.703664,-0.502474,0.835612,4.979998,0.000000,0.000000,5.000000,0.975258,0
1784320159.684950,CONST330,TRACKING,330,24.140570,46.905461,-0.485403,0.782363,4.980960,0.000000,0.000000,5.000000,0.920907,0
1784320159.734952,CONST330,TRACKING,330,24.041934,28.629444,-0.445591,0.678467,4.972025,0.000000,0.000000,5.000000,0.812189,0
1784320159.784950,CONST330,TRACKING,330,24.005676,46.856845,-0.425427,0.626250,4.966833,0.000000,0.000000,5.000000,0.757811,0
1784320159.834966,CONST330,TRACKING,330,24.339705,28.883799,-0.377160,0.507285,4.958366,0.000000,0.000000,5.000000,0.633499,0
1784320159.884979,CONST330,TRACKING,330,24.178598,47.084426,-0.354883,0.454412,4.955051,0.000000,0.000000,5.000000,0.578318,0
1784320159.934974,CONST330,TRACKING,330,23.936720,28.642946,-0.308626,0.347829,4.951248,0.000000,0.000000,5.000000,0.467560,0
1784320159.984976,CONST330,TRACKING,330,24.197069,47.047729,-0.284252,0.292760,4.946662,0.000000,0.000000,5.000000,0.411525,0
1784320160.034931,CONST330,TRACKING,330,23.491048,28.261831,-0.228865,0.171009,4.936201,0.000000,0.000000,5.000000,0.292735,0
1784320160.084984,CONST330,TRACKING,330,23.453715,46.358729,-0.203058,0.118601,4.933694,0.000000,0.000000,5.000000,0.244326,0
1784320160.134965,CONST330,TRACKING,330,23.622105,28.395180,-0.151325,0.016597,4.930366,0.000000,0.000000,5.000000,0.167403,0
1784320160.184985,CONST330,TRACKING,330,24.476940,47.325545,-0.125596,-0.032837,4.928286,0.000000,0.000000,5.000000,0.148308,0
1784320160.234930,CONST330,TRACKING,330,24.433709,29.198048,-0.062037,-0.140322,4.924994,0.000000,0.000000,5.000000,0.170777,0
1784320160.284985,CONST330,TRACKING,330,24.144498,47.039687,-0.034905,-0.185246,4.925749,0.000000,0.000000,5.000000,0.202602,0
1784320160.334964,CONST330,TRACKING,330,23.855890,28.560259,0.015102,-0.265208,4.929615,0.000000,0.000000,5.000000,0.274805,0
1784320160.384972,CONST330,TRACKING,330,24.402164,47.297689,0.038435,-0.301368,4.931889,0.000000,0.000000,5.000000,0.311350,0
1784320160.434967,CONST330,TRACKING,330,24.325360,28.974183,0.087802,-0.374236,4.940103,0.000000,0.000000,5.000000,0.389037,0
1784320160.485057,CONST330,TRACKING,330,24.584903,47.510118,0.108251,-0.402121,4.945408,0.000000,0.000000,5.000000,0.420000,0
1784320160.535061,CONST330,TRACKING,330,23.735140,28.560005,0.146179,-0.452090,4.959173,0.000000,0.000000,5.000000,0.476886,0
1784320160.585054,CONST330,TRACKING,330,24.275101,47.154396,0.161874,-0.472304,4.963966,0.000000,0.000000,5.000000,0.500572,0
1784320160.634991,CONST330,TRACKING,330,23.874707,28.614907,0.192850,-0.511006,4.970084,0.000000,0.000000,5.000000,0.547004,0
1784320160.684982,CONST330,TRACKING,330,24.253131,47.067436,0.205197,-0.525503,4.972099,0.000000,0.000000,5.000000,0.564835,0
1784320160.734973,CONST330,TRACKING,330,23.828887,28.540921,0.223631,-0.549740,4.980756,0.000000,0.000000,5.000000,0.593797,0
1784320160.785079,CONST330,TRACKING,330,24.583979,47.536572,0.231166,-0.558115,4.986173,0.000000,0.000000,5.000000,0.604253,0
1784320160.834989,CONST330,TRACKING,330,24.124350,28.701837,0.243999,-0.566532,4.990967,0.000000,0.000000,5.000000,0.616909,0
1784320160.884948,CONST330,TRACKING,330,23.981312,46.858399,0.248121,-0.566495,4.990670,0.000000,0.000000,5.000000,0.618521,0
1784320160.934962,CONST330,TRACKING,330,23.997496,28.745148,0.252576,-0.558086,4.989175,0.000000,0.000000,5.000000,0.612676,0
1784320160.984994,CONST330,TRACKING,330,24.676735,47.562053,0.252111,-0.548367,4.984572,0.000000,0.000000,5.000000,0.603742,0
1784320161.034960,CONST330,TRACKING,330,23.884516,28.510317,0.248519,-0.521957,4.974062,0.000000,0.000000,5.000000,0.578682,0
1784320161.084986,CONST330,TRACKING,330,24.416138,47.265157,0.244563,-0.505382,4.967788,0.000000,0.000000,5.000000,0.562370,0
1784320161.134978,CONST330,TRACKING,330,24.026570,28.614037,0.234379,-0.469010,4.958529,0.000000,0.000000,5.000000,0.525951,0
1784320161.184980,CONST330,TRACKING,330,24.270953,47.087470,0.228166,-0.449454,4.954023,0.000000,0.000000,5.000000,0.506144,0
1784320161.234988,CONST330,TRACKING,330,23.962121,28.723545,0.209354,-0.398308,4.942741,0.000000,0.000000,5.000000,0.453605,0
1784320161.284982,CONST330,TRACKING,330,24.444064,47.298275,0.199779,-0.374125,4.939196,0.000000,0.000000,5.000000,0.428461,0
1784320161.334988,CONST330,TRACKING,330,23.890738,28.503323,0.177961,-0.322067,4.931038,0.000000,0.000000,5.000000,0.374370,0
1784320161.384995,CONST330,TRACKING,330,23.833595,46.715731,0.165932,-0.294558,4.928257,0.000000,0.000000,5.000000,0.345608,0
1784320161.435050,CONST330,TRACKING,330,23.995477,28.736753,0.138109,-0.230663,4.922947,0.000000,0.000000,5.000000,0.279672,0
1784320161.484989,CONST330,TRACKING,330,24.451568,47.321534,0.125574,-0.201388,4.922108,0.000000,0.000000,5.000000,0.249786,0
1784320161.534993,CONST330,TRACKING,330,23.968494,28.653751,0.099226,-0.143086,4.922758,0.000000,0.000000,5.000000,0.190488,0
1784320161.584980,CONST330,TRACKING,330,24.399755,47.268304,0.085427,-0.112347,4.924541,0.000000,0.000000,5.000000,0.160043,0
1784320161.634953,CONST330,TRACKING,330,24.048061,28.808015,0.053707,-0.043251,4.927817,0.000000,0.000000,5.000000,0.099827,0
1784320161.684987,CONST330,TRACKING,330,24.118447,46.973690,0.039564,-0.013204,4.928932,0.000000,0.000000,5.000000,0.082403,0
1784320161.735059,CONST330,TRACKING,330,24.301440,29.019567,0.009492,0.047834,4.930674,0.000000,0.000000,5.000000,0.084760,0
1784320161.784987,CONST330,TRACKING,330,24.434506,47.276172,-0.005393,0.077250,4.932875,0.000000,0.000000,5.000000,0.102481,0
1784320161.834971,CONST330,TRACKING,330,24.224884,28.949018,-0.039030,0.136799,4.940193,0.000000,0.000000,5.000000,0.154318,0
1784320161.884987,CONST330,TRACKING,330,24.489089,47.356943,-0.053667,0.161172,4.944798,0.000000,0.000000,5.000000,0.178616,0
1784320161.934971,CONST330,TRACKING,330,23.890899,28.634026,-0.080353,0.206172,4.957017,0.000000,0.000000,5.000000,0.225413,0
1784320161.984983,CONST330,TRACKING,330,24.094576,46.939100,-0.091141,0.225380,4.964839,0.000000,0.000000,5.000000,0.245641,0
1784320162.034989,CONST330,TRACKING,330,23.936034,28.558718,-0.113970,0.264849,4.977513,0.000000,0.000000,5.000000,0.289205,0
1784320162.084960,CONST330,TRACKING,330,23.804849,46.551350,-0.121346,0.281755,4.978827,0.000000,0.000000,5.000000,0.307505,0
1784320162.134983,CONST330,TRACKING,330,24.243679,28.963844,-0.134704,0.311099,4.982015,0.000000,0.000000,5.000000,0.339487,0
1784320162.184979,CONST330,TRACKING,330,24.166317,47.082251,-0.140682,0.323326,4.984215,0.000000,0.000000,5.000000,0.352959,0
1784320162.235065,CONST330,TRACKING,330,24.082135,28.843814,-0.147580,0.340274,4.984663,0.000000,0.000000,5.000000,0.371216,0
1784320162.284991,CONST330,TRACKING,330,24.045836,46.868592,-0.149769,0.345168,4.985439,0.000000,0.000000,5.000000,0.376542,0
1784320162.334960,CONST330,TRACKING,330,23.967396,28.506666,-0.153099,0.346119,4.994468,0.000000,0.000000,5.000000,0.378508,0
1784320162.384982,CONST330,TRACKING,330,24.867725,47.789606,-0.154117,0.343615,4.999119,0.000000,0.000000,5.000000,0.376596,0
1784320162.435098,CONST330,TRACKING,330,24.307966,28.976864,-0.152807,0.333213,5.004619,0.000000,0.000000,5.000000,0.366609,0
1784320162.484953,CONST330,TRACKING,330,23.721872,46.573486,-0.150009,0.325887,5.007058,0.000000,0.000000,5.000000,0.358824,0
1784320162.534971,CONST330,TRACKING,330,24.253621,28.706422,-0.143536,0.308465,5.010107,0.000000,0.000000,5.000000,0.340376,0
1784320162.584967,CONST330,TRACKING,330,24.200262,46.950510,-0.140145,0.296967,5.008928,0.000000,0.000000,5.000000,0.328497,0
1784320162.634968,CONST330,TRACKING,330,23.892324,28.413332,-0.131604,0.267740,5.001247,0.000000,0.000000,5.000000,0.298338,0
1784320162.684985,CONST330,TRACKING,330,23.974187,46.826383,-0.127296,0.253782,4.997571,0.000000,0.000000,5.000000,0.283929,0
1784320162.734985,CONST330,TRACKING,330,23.769556,28.307737,-0.111686,0.218785,4.987528,0.000000,0.000000,5.000000,0.245960,0
1784320162.784991,CONST330,TRACKING,330,24.303504,47.188680,-0.103747,0.201018,4.983272,0.000000,0.000000,5.000000,0.226829,0
1784320162.834989,CONST330,TRACKING,330,23.905740,28.503132,-0.084651,0.157046,4.981558,0.000000,0.000000,5.000000,0.179358,0
1784320162.884986,CONST330,TRACKING,330,24.220465,47.113326,-0.076046,0.136751,4.981684,0.000000,0.000000,5.000000,0.157541,0
1784320162.934967,CONST330,TRACKING,330,24.247322,28.895764,-0.058737,0.096012,4.980729,0.000000,0.000000,5.000000,0.114192,0
1784320162.984997,CONST330,TRACKING,330,24.170025,47.019974,-0.049631,0.075155,4.982938,0.000000,0.000000,5.000000,0.091666,0
1784320163.034987,CONST330,TRACKING,330,23.613216,28.211110,-0.030307,0.029835,4.986601,0.000000,0.000000,5.000000,0.044589,0
1784320163.085068,CONST330,TRACKING,330,24.521634,47.465578,-0.020103,0.008996,4.989550,0.000000,0.000000,5.000000,0.024377,0
1784320163.134996,CONST330,TRACKING,330,23.838198,28.409308,-0.001181,-0.030294,4.995866,0.000000,0.000000,5.000000,0.030597,0
1784320163.184998,CONST330,TRACKING,330,24.472486,47.334235,0.007616,-0.048854,4.999201,0.000000,0.000000,5.000000,0.049451,0
1784320163.234932,CONST330,TRACKING,330,23.959239,28.537900,0.029909,-0.091581,5.007274,0.000000,0.000000,5.000000,0.096615,0
1784320163.284998,CONST330,TRACKING,330,24.125670,47.003758,0.039140,-0.109249,5.008572,0.000000,0.000000,5.000000,0.116365,0
1784320163.334991,CONST330,TRACKING,330,24.014484,28.614262,0.056863,-0.141476,5.003754,0.000000,0.000000,5.000000,0.152522,0
1784320163.385000,CONST330,TRACKING,330,24.147533,47.042232,0.065130,-0.155983,4.999664,0.000000,0.000000,5.000000,0.169035,0
1784320163.434973,CONST330,TRACKING,330,24.453657,29.057517,0.081692,-0.185459,4.987721,0.000000,0.000000,5.000000,0.203026,0
1784320163.485001,CONST330,TRACKING,330,24.098766,47.030005,0.088145,-0.197474,4.979431,0.000000,0.000000,5.000000,0.217230,0
1784320163.534944,CONST330,TRACKING,330,24.397426,29.007958,0.099254,-0.218127,4.965914,0.000000,0.000000,5.000000,0.242059,0
1784320163.585075,CONST330,TRACKING,330,24.645709,47.544159,0.104291,-0.228117,4.959385,0.000000,0.000000,5.000000,0.254094,0
1784320163.634984,CONST330,TRACKING,330,24.158509,28.817837,0.113637,-0.247161,4.947852,0.000000,0.000000,5.000000,0.276986,0
1784320163.685006,CONST330,TRACKING,330,24.350814,47.254877,0.116712,-0.253657,4.945320,0.000000,0.000000,5.000000,0.284523,0
1784320163.734990,CONST330,TRACKING,330,24.007069,28.457992,0.117679,-0.260245,4.947610,0.000000,0.000000,5.000000,0.290380,0
1784320163.784995,CONST330,TRACKING,330,24.040254,46.872717,0.117471,-0.262083,4.949271,0.000000,0.000000,5.000000,0.291651,0
1784320163.834969,CONST330,TRACKING,330,24.116034,28.812124,0.113306,-0.265401,4.954835,0.000000,0.000000,5.000000,0.292089,0
1784320163.884987,CONST330,TRACKING,330,24.362149,47.224098,0.110490,-0.265419,4.959242,0.000000,0.000000,5.000000,0.290373,0
1784320163.935003,CONST330,TRACKING,330,24.209871,28.848198,0.104337,-0.260030,4.966817,0.000000,0.000000,5.000000,0.282140,0
1784320163.985002,CONST330,TRACKING,330,24.418598,47.333246,0.100856,-0.253199,4.968871,0.000000,0.000000,5.000000,0.274319,0
1784320164.034994,CONST330,TRACKING,330,23.794455,28.372792,0.091855,-0.234941,4.971300,0.000000,0.000000,5.000000,0.253886,0
1784320164.084959,CONST330,TRACKING,330,24.163125,47.026213,0.085613,-0.222285,4.970428,0.000000,0.000000,5.000000,0.240031,0
1784320164.134991,CONST330,TRACKING,330,24.249918,29.081098,0.072710,-0.195913,4.970290,0.000000,0.000000,5.000000,0.211072,0
1784320164.184994,CONST330,TRACKING,330,24.617262,47.421902,0.066271,-0.182375,4.970511,0.000000,0.000000,5.000000,0.196270,0
1784320164.234983,CONST330,TRACKING,330,23.918974,28.518534,0.048442,-0.147409,4.965054,0.000000,0.000000,5.000000,0.159051,0
1784320164.285001,CONST330,TRACKING,330,24.409595,47.364058,0.041037,-0.131957,4.962515,0.000000,0.000000,5.000000,0.143185,0
1784320164.334997,CONST330,TRACKING,330,24.165007,28.899723,0.029006,-0.096037,4.956012,0.000000,0.000000,5.000000,0.109542,0
1784320164.384975,CONST330,TRACKING,330,24.404674,47.217795,0.023738,-0.077117,4.952025,0.000000,0.000000,5.000000,0.093873,0
1784320164.435008,CONST330,TRACKING,330,23.953701,28.552274,0.012743,-0.035301,4.949726,0.000000,0.000000,5.000000,0.062738,0
1784320164.484977,CONST330,TRACKING,330,24.098821,46.950423,0.008393,-0.016568,4.952430,0.000000,0.000000,5.000000,0.051067,0
1784320164.534994,CONST330,TRACKING,330,24.142238,28.910666,-0.000836,0.019654,4.958510,0.000000,0.000000,5.000000,0.045917,0
1784320164.585089,CONST330,TRACKING,330,24.089058,46.928054,-0.005605,0.038952,4.960311,0.000000,0.000000,5.000000,0.055892,0
1784320164.635001,CONST330,TRACKING,330,23.949442,28.546188,-0.016752,0.081159,4.964992,0.000000,0.000000,5.000000,0.089961,0
1784320164.685000,CONST330,TRACKING,330,22.992929,45.946347,-0.021682,0.098760,4.967789,0.000000,0.000000,5.000000,0.106119,0
1784320164.734984,CONST330,TRACKING,330,24.375621,29.025876,-0.032438,0.137599,4.977346,0.000000,0.000000,5.000000,0.143175,0
1784320164.784990,CONST330,TRACKING,330,24.298908,47.128656,-0.037317,0.155639,4.981479,0.000000,0.000000,5.000000,0.161118,0
1784320164.835011,CONST330,TRACKING,330,24.555240,29.222122,-0.043577,0.194277,4.984072,0.000000,0.000000,5.000000,0.199741,0
1784320164.885007,CONST330,TRACKING,330,24.942865,47.874639,-0.045355,0.209900,4.984582,0.000000,0.000000,5.000000,0.215296,0
1784320164.934952,CONST330,TRACKING,330,24.473208,29.224628,-0.048087,0.235999,4.986306,0.000000,0.000000,5.000000,0.241237,0
1784320164.984966,CONST330,TRACKING,330,24.302285,47.071673,-0.048533,0.245214,4.986673,0.000000,0.000000,5.000000,0.250326,0
1784320165.035005,CONST330,TRACKING,330,23.561969,28.378799,-0.048870,0.262098,4.986242,0.000000,0.000000,5.000000,0.266970,0
1784320165.085010,CONST330,TRACKING,330,24.486116,47.371239,-0.048699,0.266635,4.987726,0.000000,0.000000,5.000000,0.271323,0
1784320165.135008,CONST330,TRACKING,330,23.912680,28.523697,-0.047831,0.272585,4.991794,0.000000,0.000000,5.000000,0.276872,0
1784320165.185007,CONST330,TRACKING,330,24.476396,47.369021,-0.047164,0.274153,4.992632,0.000000,0.000000,5.000000,0.278278,0
1784320165.235001,CONST330,TRACKING,330,24.111591,28.793239,-0.041902,0.274741,4.987720,0.000000,0.000000,5.000000,0.278189,0
1784320165.285086,CONST330,TRACKING,330,24.694177,47.565391,-0.039652,0.273498,4.985191,0.000000,0.000000,5.000000,0.276754,0
1784320165.335095,CONST330,TRACKING,330,23.952245,28.696792,-0.036420,0.267482,4.977848,0.000000,0.000000,5.000000,0.270857,0
1784320165.385014,CONST330,TRACKING,330,24.941351,47.840570,-0.035188,0.262933,4.975170,0.000000,0.000000,5.000000,0.266436,0
1784320165.434961,CONST330,TRACKING,330,24.411883,28.999075,-0.030945,0.247111,4.970240,0.000000,0.000000,5.000000,0.250812,0
1784320165.484981,CONST330,TRACKING,330,23.962237,46.845753,-0.027768,0.236709,4.967607,0.000000,0.000000,5.000000,0.240523,0
1784320165.534981,CONST330,TRACKING,330,24.062421,28.663691,-0.021620,0.214774,4.962886,0.000000,0.000000,5.000000,0.219027,0
1784320165.585003,CONST330,TRACKING,330,23.919959,46.776391,-0.017504,0.202535,4.961679,0.000000,0.000000,5.000000,0.206871,0
1784320165.635077,CONST330,TRACKING,330,24.121755,28.971852,-0.007677,0.173045,4.961564,0.000000,0.000000,5.000000,0.177428,0
1784320165.685077,CONST330,TRACKING,330,24.444789,47.335932,-0.003313,0.159347,4.963357,0.000000,0.000000,5.000000,0.163539,0
1784320165.735084,CONST330,TRACKING,330,24.275590,28.965746,0.004219,0.119762,4.970926,0.000000,0.000000,5.000000,0.123312,0
1784320165.785086,CONST330,TRACKING,330,24.230854,47.109882,0.007958,0.100413,4.974184,0.000000,0.000000,5.000000,0.103983,0
1784320165.834986,CONST330,TRACKING,330,23.677924,28.363835,0.015953,0.055500,4.975535,0.000000,0.000000,5.000000,0.062716,0
1784320165.885014,CONST330,TRACKING,330,24.901706,47.702234,0.019211,0.035627,4.975545,0.000000,0.000000,5.000000,0.047291,0
1784320165.935089,CONST330,TRACKING,330,23.783621,28.565948,0.024343,-0.003659,4.977613,0.000000,0.000000,5.000000,0.033274,0
1784320165.985083,CONST330,TRACKING,330,24.792907,47.634103,0.025745,-0.023994,4.978373,0.000000,0.000000,5.000000,0.041307,0
1784320166.035096,CONST330,TRACKING,330,24.402116,29.173421,0.028983,-0.065954,4.981313,0.000000,0.000000,5.000000,0.074425,0
1784320166.085001,CONST330,TRACKING,330,23.754034,46.667107,0.028280,-0.084297,4.984648,0.000000,0.000000,5.000000,0.090230,0
1784320166.135005,CONST330,TRACKING,330,24.290452,28.904397,0.027032,-0.117971,4.991328,0.000000,0.000000,5.000000,0.121339,0
1784320166.185009,CONST330,TRACKING,330,24.490300,47.412874,0.026375,-0.133487,4.996381,0.000000,0.000000,5.000000,0.136116,0
1784320166.235078,CONST330,TRACKING,330,24.231113,28.959357,0.023056,-0.170627,4.999075,0.000000,0.000000,5.000000,0.172180,0
1784320166.285011,CONST330,TRACKING,330,24.208309,47.151838,0.021532,-0.185755,4.998213,0.000000,0.000000,5.000000,0.187007,0
1784320166.335101,CONST330,TRACKING,330,24.379253,29.057504,0.017839,-0.214258,4.995989,0.000000,0.000000,5.000000,0.215036,0
1784320166.385007,CONST330,TRACKING,330,24.191115,47.007919,0.015660,-0.226948,4.997757,0.000000,0.000000,5.000000,0.227499,0
1784320166.434991,CONST330,TRACKING,330,24.309129,28.962265,0.010854,-0.250851,5.002677,0.000000,0.000000,5.000000,0.251100,0
1784320166.485007,CONST330,TRACKING,330,24.292594,47.214715,0.009156,-0.259843,5.003353,0.000000,0.000000,5.000000,0.260026,0
1784320166.535004,CONST330,TRACKING,330,23.956777,28.601046,0.005711,-0.274062,5.003683,0.000000,0.000000,5.000000,0.274146,0
1784320166.585082,CONST330,TRACKING,330,24.604041,47.530294,0.003890,-0.277477,5.004151,0.000000,0.000000,5.000000,0.277535,0
1784320166.635087,CONST330,TRACKING,330,23.878049,28.582923,-0.000179,-0.279854,5.004685,0.000000,0.000000,5.000000,0.279893,0
1784320166.685022,CONST330,TRACKING,330,24.396269,47.311558,-0.001825,-0.279249,5.004287,0.000000,0.000000,5.000000,0.279288,0
1784320166.735004,CONST330,TRACKING,330,23.813003,28.442930,-0.006044,-0.273733,5.011024,0.000000,0.000000,5.000000,0.274022,0
1784320166.785019,CONST330,TRACKING,330,24.526609,47.367579,-0.007857,-0.269251,5.015153,0.000000,0.000000,5.000000,0.269791,0
1784320166.834961,CONST330,TRACKING,330,23.903819,28.553291,-0.011330,-0.253820,5.026425,0.000000,0.000000,5.000000,0.255443,0
1784320166.885087,CONST330,TRACKING,330,24.708176,47.580486,-0.012672,-0.245194,5.032162,0.000000,0.000000,5.000000,0.247619,0
1784320166.935016,CONST330,TRACKING,330,23.871804,28.630238,-0.015444,-0.226996,5.039610,0.000000,0.000000,5.000000,0.230943,0
1784320166.985018,CONST330,TRACKING,330,24.205182,47.094966,-0.017198,-0.218120,5.040405,0.000000,0.000000,5.000000,0.222496,0
1784320167.034982,CONST330,TRACKING,330,24.049688,28.617135,-0.020344,-0.195411,5.043659,0.000000,0.000000,5.000000,0.201259,0
1784320167.085082,CONST330,TRACKING,330,24.425871,47.352447,-0.021575,-0.183863,5.043041,0.000000,0.000000,5.000000,0.190063,0
1784320167.135093,CONST330,TRACKING,330,24.955015,29.837971,-0.023300,-0.159530,5.039805,0.000000,0.000000,5.000000,0.166064,0
1784320167.185083,CONST330,TRACKING,330,24.415641,47.424410,-0.023954,-0.146831,5.036505,0.000000,0.000000,5.000000,0.153185,0
1784320167.234998,CONST330,TRACKING,330,23.946204,28.665239,-0.024363,-0.116634,5.030427,0.000000,0.000000,5.000000,0.122975,0
1784320167.285015,CONST330,TRACKING,330,24.406905,47.270926,-0.024606,-0.102944,5.027521,0.000000,0.000000,5.000000,0.109363,0
1784320167.335012,CONST330,TRACKING,330,23.886678,28.352261,-0.023975,-0.073657,5.023613,0.000000,0.000000,5.000000,0.080980,0
1784320167.385015,CONST330,TRACKING,330,24.458780,47.378315,-0.023407,-0.058567,5.021111,0.000000,0.000000,5.000000,0.066510,0
1784320167.434991,CONST330,TRACKING,330,23.479984,28.303229,-0.021995,-0.023021,5.016706,0.000000,0.000000,5.000000,0.035956,0
1784320167.485008,CONST330,TRACKING,330,24.063033,46.875000,-0.021274,-0.005891,5.015151,0.000000,0.000000,5.000000,0.026774,0
1784320167.535015,CONST330,TRACKING,330,24.070867,28.648436,-0.020208,0.026958,5.012428,0.000000,0.000000,5.000000,0.035910,0
1784320167.585092,CONST330,TRACKING,330,24.418327,47.419084,-0.018353,0.042631,5.011690,0.000000,0.000000,5.000000,0.047863,0
1784320167.635095,CONST330,TRACKING,330,24.184625,28.847967,-0.012754,0.076115,5.007763,0.000000,0.000000,5.000000,0.077565,0
1784320167.685014,CONST330,TRACKING,330,24.248623,47.128887,-0.010017,0.090007,5.005523,0.000000,0.000000,5.000000,0.090731,0
1784320167.735016,CONST330,TRACKING,330,24.304381,29.081461,-0.004628,0.116663,4.999673,0.000000,0.000000,5.000000,0.116755,0
1784320167.785015,CONST330,TRACKING,330,24.359564,47.304755,-0.002073,0.128913,4.996433,0.000000,0.000000,5.000000,0.128979,0
1784320167.835098,CONST330,TRACKING,330,24.089199,28.817816,0.005925,0.152542,4.993160,0.000000,0.000000,5.000000,0.152811,0
1784320167.885016,CONST330,TRACKING,330,24.564457,47.439430,0.009842,0.161719,4.992678,0.000000,0.000000,5.000000,0.162184,0
1784320167.935090,CONST330,TRACKING,330,23.956958,28.614801,0.017019,0.179083,4.994948,0.000000,0.000000,5.000000,0.179961,0
1784320167.985090,CONST330,TRACKING,330,24.563563,47.428374,0.020019,0.188260,4.998635,0.000000,0.000000,5.000000,0.189327,0
1784320168.035092,CONST330,TRACKING,330,24.253495,29.022530,0.026180,0.205590,5.007036,0.000000,0.000000,5.000000,0.207370,0
1784320168.085085,CONST330,TRACKING,330,23.833394,46.813332,0.029692,0.209299,5.008279,0.000000,0.000000,5.000000,0.211557,0
1784320168.135095,CONST330,TRACKING,330,24.327678,29.221857,0.036184,0.214708,5.007595,0.000000,0.000000,5.000000,0.217868,0
1784320168.185099,CONST330,TRACKING,330,24.309388,47.325106,0.039190,0.216275,5.007017,0.000000,0.000000,5.000000,0.219909,0
1784320168.235016,CONST330,TRACKING,330,23.856675,28.680397,0.046252,0.210222,5.009468,0.000000,0.000000,5.000000,0.215458,0
1784320168.284993,CONST330,TRACKING,330,24.122505,46.984904,0.048650,0.206436,5.012130,0.000000,0.000000,5.000000,0.212437,0
1784320168.334990,CONST330,TRACKING,330,26.836801,31.650535,0.050983,0.196954,5.017401,0.000000,0.000000,5.000000,0.204189,0
1784320168.384984,CONST330,TRACKING,330,30.966992,53.869033,0.051312,0.191398,5.018596,0.000000,0.000000,5.000000,0.199028,0
1784320168.434958,CONST330,TRACKING,330,31.029406,35.846181,0.050981,0.176196,5.015312,0.000000,0.000000,5.000000,0.184062,0
1784320168.484978,CONST330,TRACKING,330,35.097972,53.972296,0.050424,0.167880,5.010738,0.000000,0.000000,5.000000,0.175618,0
1784320168.534960,CONST330,TRACKING,330,32.169130,37.118968,0.048633,0.150006,5.002955,0.000000,0.000000,5.000000,0.157721,0
1784320168.584960,CONST330,TRACKING,330,32.179197,49.954851,0.046100,0.141022,4.998706,0.000000,0.000000,5.000000,0.148371,0
1784320168.634960,CONST330,TRACKING,330,32.189231,37.104602,0.039548,0.119701,4.991374,0.000000,0.000000,5.000000,0.126359,0
1784320168.684961,CONST330,TRACKING,330,31.321663,49.094067,0.036625,0.109644,4.989774,0.000000,0.000000,5.000000,0.116051,0
1784320168.734960,CONST330,TRACKING,330,34.247211,37.894863,0.029864,0.088877,4.984997,0.000000,0.000000,5.000000,0.094953,0
1784320168.784961,CONST330,TRACKING,330,31.215092,46.923458,0.026259,0.078041,4.984105,0.000000,0.000000,5.000000,0.083860,0
1784320168.834960,CONST330,TRACKING,330,34.201257,39.161332,0.014428,0.055162,4.982319,0.000000,0.000000,5.000000,0.059696,0
1784320168.884960,CONST330,TRACKING,330,31.153460,46.909705,0.008546,0.045097,4.981888,0.000000,0.000000,5.000000,0.049344,0
1784320168.934960,CONST330,TRACKING,330,34.178026,39.120362,-0.002972,0.025250,4.978502,0.000000,0.000000,5.000000,0.033295,0
1784320168.984962,CONST330,TRACKING,330,31.144416,46.915112,-0.008373,0.016045,4.975471,0.000000,0.000000,5.000000,0.030483,0
1784320169.034961,CONST330,TRACKING,330,34.009372,38.927503,-0.020427,-0.004375,4.968220,0.000000,0.000000,5.000000,0.038031,0
1784320169.084962,CONST330,TRACKING,330,33.410730,49.364241,-0.025441,-0.012550,4.965933,0.000000,0.000000,5.000000,0.044332,0
1784320169.134961,CONST330,TRACKING,330,30.936258,35.895042,-0.034842,-0.028163,4.960649,0.000000,0.000000,5.000000,0.059630,0
1784320169.184962,CONST330,TRACKING,330,33.257294,52.289191,-0.039207,-0.035629,4.958228,0.000000,0.000000,5.000000,0.067465,0
1784320169.234962,CONST330,TRACKING,330,33.219913,38.144231,-0.050617,-0.050978,4.957509,0.000000,0.000000,5.000000,0.083465,0
1784320169.284962,CONST330,TRACKING,330,33.210134,49.948471,-0.055199,-0.057361,4.958399,0.000000,0.000000,5.000000,0.089821,0
1784320169.334963,CONST330,TRACKING,330,33.186369,38.110897,-0.065062,-0.068701,4.964214,0.000000,0.000000,5.000000,0.101161,0
1784320169.384963,CONST330,TRACKING,330,31.422208,48.202424,-0.069804,-0.073869,4.967978,0.000000,0.000000,5.000000,0.106558,0
1784320169.434963,CONST330,TRACKING,330,33.227332,37.883146,-0.079683,-0.083171,4.978665,0.000000,0.000000,5.000000,0.117141,0
1784320169.484964,CONST330,TRACKING,330,33.171430,49.893791,-0.084130,-0.085632,4.985835,0.000000,0.000000,5.000000,0.120877,0
1784320169.534964,CONST330,TRACKING,330,33.285950,38.193862,-0.091210,-0.089678,5.000046,0.000000,0.000000,5.000000,0.127911,0
1784320169.584965,CONST330,TRACKING,330,33.136747,49.806223,-0.093913,-0.090480,5.005810,0.000000,0.000000,5.000000,0.130537,0
1784320169.634964,CONST330,TRACKING,330,33.184683,38.100668,-0.098677,-0.091506,5.014013,0.000000,0.000000,5.000000,0.135303,0
1784320169.684965,CONST330,TRACKING,330,33.158788,49.936934,-0.100190,-0.091903,5.016302,0.000000,0.000000,5.000000,0.136931,0
1784320169.734966,CONST330,TRACKING,330,30.933354,35.844433,-0.098874,-0.091499,5.021487,0.000000,0.000000,5.000000,0.136418,0
1784320169.784966,CONST330,TRACKING,330,33.170187,52.177390,-0.097879,-0.090908,5.023838,0.000000,0.000000,5.000000,0.135694,0
1784320169.834965,CONST330,TRACKING,330,33.233775,38.202861,-0.095032,-0.085742,5.029137,0.000000,0.000000,5.000000,0.131269,0
1784320169.884966,CONST330,TRACKING,330,33.147179,49.873114,-0.093457,-0.082666,5.030190,0.000000,0.000000,5.000000,0.128372,0
1784320169.934966,CONST330,TRACKING,330,33.197098,38.097520,-0.090272,-0.075695,5.030404,0.000000,0.000000,5.000000,0.121668,0
1784320169.984967,CONST330,TRACKING,330,33.341719,50.103388,-0.089075,-0.071329,5.030267,0.000000,0.000000,5.000000,0.118061,0
1784320170.034966,CONST330,TRACKING,330,33.956616,38.889206,-0.085185,-0.061102,5.028062,0.000000,0.000000,5.000000,0.108524,0
1784320170.084968,CONST330,TRACKING,330,31.181557,47.183640,-0.083903,-0.055623,5.027579,0.000000,0.000000,5.000000,0.104376,0
1784320170.134967,CONST330,TRACKING,330,46.897455,51.798789,-0.079959,-0.044577,5.026381,0.000000,0.000000,5.000000,0.095270,0
1784320170.184968,CONST330,TRACKING,330,40.176764,43.236788,-0.077407,-0.038972,5.025781,0.000000,0.000000,5.000000,0.090417,0
1784320170.234968,CONST330,TRACKING,330,34.186503,39.108868,-0.071582,-0.028311,5.034261,0.000000,0.000000,5.000000,0.084257,0
1784320170.284968,CONST330,TRACKING,330,34.208508,49.980276,-0.068669,-0.023297,5.037751,0.000000,0.000000,5.000000,0.081752,0
1784320170.334968,CONST330,TRACKING,330,34.186465,39.115852,-0.063849,-0.011302,5.042946,0.000000,0.000000,5.000000,0.077774,0
1784320170.384969,CONST330,TRACKING,330,31.143445,46.919290,-0.061317,-0.004782,5.043635,0.000000,0.000000,5.000000,0.075410,0
1784320170.434969,CONST330,TRACKING,330,34.209574,39.134272,-0.052764,0.009553,5.043533,0.000000,0.000000,5.000000,0.069068,0
1784320170.484969,CONST330,TRACKING,330,31.226596,46.950661,-0.047365,0.015722,5.043353,0.000000,0.000000,5.000000,0.066107,0
1784320170.534969,CONST330,TRACKING,330,34.170006,39.054573,-0.036120,0.027578,5.042817,0.000000,0.000000,5.000000,0.062438,0
1784320170.584970,CONST330,TRACKING,330,31.219650,47.013486,-0.030899,0.034199,5.042956,0.000000,0.000000,5.000000,0.063005,0
1784320170.634969,CONST330,TRACKING,330,33.943276,38.890748,-0.019231,0.049211,5.042200,0.000000,0.000000,5.000000,0.067619,0
1784320170.684970,CONST330,TRACKING,330,33.358338,49.375390,-0.013899,0.055579,5.041403,0.000000,0.000000,5.000000,0.070685,0
1784320170.734970,CONST330,TRACKING,330,31.000997,35.961920,-0.003167,0.066413,5.037007,0.000000,0.000000,5.000000,0.076094,0
1784320170.786299,CONST330,TRACKING,330,34.318223,54.604777,0.002394,0.071277,5.035257,0.000000,0.000000,5.000000,0.079556,0
1784320170.834970,CONST330,TRACKING,330,30.193872,35.129489,0.013177,0.082460,5.035476,0.000000,0.000000,5.000000,0.090729,0
1784320170.884971,CONST330,TRACKING,330,30.147950,49.919409,0.017421,0.087010,5.035956,0.000000,0.000000,5.000000,0.095744,0
1784320170.934971,CONST330,TRACKING,330,33.250469,37.915112,0.025214,0.094272,5.041862,0.000000,0.000000,5.000000,0.106185,0
1784320170.984972,CONST330,TRACKING,330,33.232126,49.940766,0.029150,0.096867,5.047373,0.000000,0.000000,5.000000,0.111701,0
1784320171.034972,CONST330,TRACKING,330,33.143329,38.100221,0.037237,0.101714,5.054947,0.000000,0.000000,5.000000,0.121456,0
1784320171.084971,CONST330,TRACKING,330,32.365492,49.184697,0.041963,0.104104,5.056206,0.000000,0.000000,5.000000,0.125529,0
1784320171.134972,CONST330,TRACKING,330,32.192175,37.070534,0.050764,0.107818,5.054597,0.000000,0.000000,5.000000,0.131082,0
1784320171.185298,CONST330,TRACKING,330,34.194931,52.286645,0.054843,0.109029,5.054076,0.000000,0.000000,5.000000,0.133489,0
1784320171.234973,CONST330,TRACKING,330,32.221616,36.900705,0.062709,0.110543,5.051936,0.000000,0.000000,5.000000,0.137293,0
1784320171.284972,CONST330,TRACKING,330,32.191482,49.931567,0.065706,0.110470,5.052042,0.000000,0.000000,5.000000,0.138670,0
1784320171.334973,CONST330,TRACKING,330,35.180686,39.929864,0.069760,0.104732,5.054062,0.000000,0.000000,5.000000,0.136960,0
1784320171.384974,CONST330,TRACKING,330,30.302275,45.070156,0.070575,0.102012,5.054146,0.000000,0.000000,5.000000,0.135348,0
1784320171.434973,CONST330,TRACKING,330,32.222666,34.884352,0.073289,0.094511,5.049349,0.000000,0.000000,5.000000,0.129379,0
1784320171.484974,CONST330,TRACKING,330,34.324430,52.050915,0.075001,0.091573,5.046914,0.000000,0.000000,5.000000,0.127325,0
1784320171.534974,CONST330,TRACKING,330,31.214223,36.105566,0.077624,0.084333,5.043143,0.000000,0.000000,5.000000,0.122470,0
1784320171.584975,CONST330,TRACKING,330,33.423745,52.171646,0.079731,0.078256,5.041128,0.000000,0.000000,5.000000,0.119049,0
1784320171.634974,CONST330,TRACKING,330,33.074233,38.040059,0.083803,0.062556,5.036449,0.000000,0.000000,5.000000,0.110746,0
1784320171.684974,CONST330,TRACKING,330,33.147180,50.032137,0.084832,0.055457,5.035109,0.000000,0.000000,5.000000,0.107259,0
1784320171.734974,CONST330,TRACKING,330,33.155689,37.982901,0.087182,0.039991,5.033148,0.000000,0.000000,5.000000,0.101483,0
1784320171.784975,CONST330,TRACKING,330,33.203592,50.004820,0.087668,0.032622,5.032374,0.000000,0.000000,5.000000,0.098985,0
1784320171.834975,CONST330,TRACKING,330,30.154259,35.059385,0.088858,0.017861,5.028883,0.000000,0.000000,5.000000,0.095127,0
1784320171.884975,CONST330,TRACKING,330,33.177949,52.985862,0.089091,0.011613,5.027553,0.000000,0.000000,5.000000,0.093974,0
1784320171.934976,CONST330,TRACKING,330,33.216105,38.025891,0.088587,-0.000204,5.024144,0.000000,0.000000,5.000000,0.091819,0
1784320171.984976,CONST330,TRACKING,330,33.194839,49.928009,0.087768,-0.005362,5.020298,0.000000,0.000000,5.000000,0.090244,0
1784320172.034976,CONST330,TRACKING,330,33.220927,37.993283,0.084519,-0.016920,5.011039,0.000000,0.000000,5.000000,0.086900,0
1784320172.084977,CONST330,TRACKING,330,33.233912,49.974499,0.081510,-0.019356,5.007311,0.000000,0.000000,5.000000,0.084095,0
1784320172.134977,CONST330,TRACKING,330,32.971143,37.679970,0.074295,-0.024352,5.002429,0.000000,0.000000,5.000000,0.078222,0
1784320172.184977,CONST330,TRACKING,330,33.196430,50.192448,0.070436,-0.026580,5.001869,0.000000,0.000000,5.000000,0.075308,0
1784320172.234977,CONST330,TRACKING,330,33.209639,37.991929,0.055655,-0.024748,5.003291,0.000000,0.000000,5.000000,0.060998,0
1784320172.284978,CONST330,TRACKING,330,33.132320,49.886778,0.049003,-0.024105,5.003772,0.000000,0.000000,5.000000,0.054741,0
1784320172.334978,CONST330,TRACKING,330,30.214433,35.038230,0.033479,-0.022170,5.007305,0.000000,0.000000,5.000000,0.040813,0
1784320172.384979,CONST330,TRACKING,330,33.197889,52.945683,0.023350,-0.020782,5.010108,0.000000,0.000000,5.000000,0.032853,0
1784320172.434978,CONST330,TRACKING,330,33.198116,37.773318,0.006455,-0.018210,5.014522,0.000000,0.000000,5.000000,0.024169,0
1784320172.484980,CONST330,TRACKING,330,33.175853,49.930508,-0.002808,-0.016523,5.017820,0.000000,0.000000,5.000000,0.024463,0
1784320172.534979,CONST330,TRACKING,330,33.195907,37.935466,-0.020200,-0.013519,5.026286,0.000000,0.000000,5.000000,0.035801,0
1784320172.584980,CONST330,TRACKING,330,33.287022,50.046951,-0.029004,-0.011158,5.032002,0.000000,0.000000,5.000000,0.044608,0
1784320172.634979,CONST330,TRACKING,330,33.111439,37.980692,-0.047789,-0.005483,5.040816,0.000000,0.000000,5.000000,0.063086,0
1784320172.684979,CONST330,TRACKING,330,33.202298,50.052967,-0.055465,-0.003154,5.043518,0.000000,0.000000,5.000000,0.070570,0
1784320172.734981,CONST330,TRACKING,330,33.177136,38.147244,-0.069444,0.001787,5.045532,0.000000,0.000000,5.000000,0.083059,0
1784320172.784981,CONST330,TRACKING,330,33.192272,49.957508,-0.075649,0.004042,5.045541,0.000000,0.000000,5.000000,0.088391,0
1784320172.834980,CONST330,TRACKING,330,30.132211,34.883903,-0.086797,0.009606,5.042214,0.000000,0.000000,5.000000,0.096995,0
1784320172.886298,CONST330,TRACKING,330,34.129298,55.275338,-0.090608,0.012060,5.039009,0.000000,0.000000,5.000000,0.099382,0
1784320172.934981,CONST330,TRACKING,330,30.992524,35.876328,-0.094701,0.016245,5.034481,0.000000,0.000000,5.000000,0.102083,0
1784320172.984982,CONST330,TRACKING,330,32.190780,51.148155,-0.094044,0.017611,5.031353,0.000000,0.000000,5.000000,0.100685,0
1784320173.034982,CONST330,TRACKING,330,33.185441,38.010861,-0.092177,0.021015,5.019455,0.000000,0.000000,5.000000,0.096524,0
1784320173.084982,CONST330,TRACKING,330,35.187003,51.961575,-0.089706,0.024130,5.012869,0.000000,0.000000,5.000000,0.093781,0
1784320173.134981,CONST330,TRACKING,330,31.122282,36.093409,-0.084439,0.029945,5.000034,0.000000,0.000000,5.000000,0.089591,0
1784320173.184982,CONST330,TRACKING,330,32.224096,51.073276,-0.081591,0.032367,4.995080,0.000000,0.000000,5.000000,0.087915,0
1784320173.234982,CONST330,TRACKING,330,35.214645,40.034495,-0.071074,0.035440,4.994332,0.000000,0.000000,5.000000,0.079622,0
1784320173.284982,CONST330,TRACKING,330,32.149247,46.900277,-0.066199,0.036304,4.995036,0.000000,0.000000,5.000000,0.075663,0
1784320173.334982,CONST330,TRACKING,330,32.173681,37.033082,-0.054264,0.038819,5.000616,0.000000,0.000000,5.000000,0.066722,0
1784320173.384983,CONST330,TRACKING,330,34.302692,52.098898,-0.047897,0.039961,5.004331,0.000000,0.000000,5.000000,0.062528,0
1784320173.434984,CONST330,TRACKING,330,31.207722,35.958640,-0.032380,0.039333,5.006406,0.000000,0.000000,5.000000,0.051347,0
1784320173.484984,CONST330,TRACKING,330,33.962601,52.720138,-0.024183,0.036820,5.006088,0.000000,0.000000,5.000000,0.044470,0
1784320173.534984,CONST330,TRACKING,330,31.148747,36.010598,-0.008970,0.031516,5.004778,0.000000,0.000000,5.000000,0.033114,0
1784320173.584984,CONST330,TRACKING,330,34.177631,52.986813,0.000441,0.028123,5.002387,0.000000,0.000000,5.000000,0.028227,0
1784320173.634984,CONST330,TRACKING,330,31.201460,36.067262,0.014862,0.022821,5.001071,0.000000,0.000000,5.000000,0.027255,0
1784320173.687299,CONST330,TRACKING,330,31.200018,52.278023,0.021658,0.020251,5.001013,0.000000,0.000000,5.000000,0.029668,0
1784320173.734985,CONST330,TRACKING,330,34.042891,38.957509,0.032797,0.013774,5.004092,0.000000,0.000000,5.000000,0.035806,0
1784320173.784986,CONST330,TRACKING,330,31.187560,47.109804,0.037960,0.010526,5.005725,0.000000,0.000000,5.000000,0.039806,0
1784320173.834985,CONST330,TRACKING,330,34.177807,37.853425,0.049945,0.003949,5.012456,0.000000,0.000000,5.000000,0.051626,0
1784320173.884986,CONST330,TRACKING,330,31.206442,46.989365,0.054802,0.001053,5.015220,0.000000,0.000000,5.000000,0.056886,0
1784320173.934986,CONST330,TRACKING,330,34.207397,39.103754,0.063598,-0.006418,5.019879,0.000000,0.000000,5.000000,0.066941,0
1784320173.984986,CONST330,TRACKING,330,31.152644,46.905223,0.068138,-0.012135,5.024962,0.000000,0.000000,5.000000,0.073574,0
1784320174.034987,CONST330,TRACKING,330,33.982105,38.894229,0.076255,-0.024238,5.036605,0.000000,0.000000,5.000000,0.087990,0
1784320174.084987,CONST330,TRACKING,330,34.178960,50.164626,0.076690,-0.031807,5.042050,0.000000,0.000000,5.000000,0.093065,0
1784320174.134987,CONST330,TRACKING,330,31.175153,36.080345,0.076753,-0.045269,5.050577,0.000000,0.000000,5.000000,0.102462,0
1784320174.184987,CONST330,TRACKING,330,34.253971,53.048376,0.076393,-0.051068,5.052798,0.000000,0.000000,5.000000,0.105979,0
1784320174.234987,CONST330,TRACKING,330,31.212295,36.131519,0.073380,-0.064557,5.061498,0.000000,0.000000,5.000000,0.115474,0
1784320174.284987,CONST330,TRACKING,330,34.133129,52.887832,0.071624,-0.069396,5.065269,0.000000,0.000000,5.000000,0.119188,0
1784320174.334987,CONST330,TRACKING,330,31.199299,36.083141,0.065037,-0.076295,5.073571,0.000000,0.000000,5.000000,0.124352,0
1784320174.384989,CONST330,TRACKING,330,34.200994,52.964941,0.060901,-0.078870,5.077115,0.000000,0.000000,5.000000,0.126000,0
1784320174.434990,CONST330,TRACKING,330,31.248342,36.244500,0.051679,-0.084661,5.081402,0.000000,0.000000,5.000000,0.128314,0
1784320174.487301,CONST330,TRACKING,330,31.201864,52.208097,0.047690,-0.087488,5.081131,0.000000,0.000000,5.000000,0.128494,0
1784320174.534989,CONST330,TRACKING,330,34.208548,38.913914,0.039788,-0.092211,5.078006,0.000000,0.000000,5.000000,0.127164,0
1784320174.584991,CONST330,TRACKING,330,31.224276,46.968257,0.035365,-0.094980,5.075727,0.000000,0.000000,5.000000,0.126517,0
1784320174.634990,CONST330,TRACKING,330,34.141270,38.966390,0.025053,-0.099989,5.070963,0.000000,0.000000,5.000000,0.125145,0
1784320174.684991,CONST330,TRACKING,330,33.355667,49.171293,0.020424,-0.101321,5.067047,0.000000,0.000000,5.000000,0.123201,0
1784320174.734991,CONST330,TRACKING,330,33.958715,38.916852,0.014290,-0.104221,5.058444,0.000000,0.000000,5.000000,0.120341,0
1784320174.784991,CONST330,TRACKING,330,31.223806,47.208660,0.010789,-0.104887,5.054846,0.000000,0.000000,5.000000,0.118851,0
1784320174.834991,CONST330,TRACKING,330,34.169602,38.894221,0.000718,-0.105825,5.046516,0.000000,0.000000,5.000000,0.115599,0
1784320174.884992,CONST330,TRACKING,330,31.177925,46.965650,-0.004125,-0.105923,5.042425,0.000000,0.000000,5.000000,0.114178,0
1784320174.934991,CONST330,TRACKING,330,34.232329,39.002715,-0.014271,-0.104946,5.030834,0.000000,0.000000,5.000000,0.110309,0
1784320174.984992,CONST330,TRACKING,330,31.160854,46.883365,-0.020184,-0.103186,5.026413,0.000000,0.000000,5.000000,0.108408,0
1784320175.034991,CONST330,TRACKING,330,33.885293,38.859583,-0.032016,-0.098467,5.021720,0.000000,0.000000,5.000000,0.105795,0
1784320175.084992,CONST330,TRACKING,330,31.269231,47.346381,-0.037434,-0.098362,5.022633,0.000000,0.000000,5.000000,0.107651,0
1784320175.134993,CONST330,TRACKING,330,34.223865,37.902641,-0.048383,-0.095899,5.022718,0.000000,0.000000,5.000000,0.109789,0
1784320175.184993,CONST330,TRACKING,330,31.209517,46.948437,-0.051772,-0.094453,5.022437,0.000000,0.000000,5.000000,0.110024,0
1784320175.234992,CONST330,TRACKING,330,34.048280,38.786060,-0.056655,-0.088078,5.028465,0.000000,0.000000,5.000000,0.108526,0
1784320175.284994,CONST330,TRACKING,330,31.162083,47.072995,-0.058473,-0.084770,5.031595,0.000000,0.000000,5.000000,0.107719,0
1784320175.334993,CONST330,TRACKING,330,34.172264,39.024035,-0.061393,-0.079902,5.042749,0.000000,0.000000,5.000000,0.109457,0
1784320175.384994,CONST330,TRACKING,330,34.272406,50.066152,-0.062658,-0.077100,5.050117,0.000000,0.000000,5.000000,0.111276,0
1784320175.434995,CONST330,TRACKING,330,31.200142,36.071940,-0.061826,-0.072282,5.059553,0.000000,0.000000,5.000000,0.112222,0
1784320175.484995,CONST330,TRACKING,330,33.993687,52.750915,-0.059694,-0.069919,5.063417,0.000000,0.000000,5.000000,0.111686,0
1784320175.534994,CONST330,TRACKING,330,31.168571,36.133929,-0.055474,-0.064342,5.067947,0.000000,0.000000,5.000000,0.108784,0
1784320175.584995,CONST330,TRACKING,330,34.217845,53.008519,-0.053332,-0.060931,5.069600,0.000000,0.000000,5.000000,0.106776,0
1784320175.634995,CONST330,TRACKING,330,31.202348,36.163607,-0.048183,-0.051975,5.070788,0.000000,0.000000,5.000000,0.100170,0
1784320175.684995,CONST330,TRACKING,330,34.183208,52.942092,-0.045744,-0.047547,5.068876,0.000000,0.000000,5.000000,0.095378,0
1784320175.734996,CONST330,TRACKING,330,34.199027,39.051882,-0.039192,-0.040794,5.067849,0.000000,0.000000,5.000000,0.088338,0
1784320175.784996,CONST330,TRACKING,330,31.185635,46.927085,-0.035667,-0.036855,5.067128,0.000000,0.000000,5.000000,0.084478,0
1784320175.834995,CONST330,TRACKING,330,34.181692,39.002826,-0.025589,-0.027135,5.064032,0.000000,0.000000,5.000000,0.074103,0
1784320175.884996,CONST330,TRACKING,330,31.168339,46.956024,-0.020723,-0.022529,5.061954,0.000000,0.000000,5.000000,0.069104,0
1784320175.934996,CONST330,TRACKING,330,34.193569,39.127181,-0.010913,-0.012541,5.054371,0.000000,0.000000,5.000000,0.056856,0
1784320175.984996,CONST330,TRACKING,330,31.174872,46.944207,-0.005946,-0.006915,5.047978,0.000000,0.000000,5.000000,0.048837,0
1784320176.034997,CONST330,TRACKING,330,33.988798,38.745462,0.004947,0.005121,5.035543,0.000000,0.000000,5.000000,0.036250,0
1784320176.084997,CONST330,TRACKING,330,34.290333,50.261850,0.009625,0.013413,5.032211,0.000000,0.000000,5.000000,0.036195,0
1784320176.134997,CONST330,TRACKING,330,31.154747,36.011618,0.018530,0.028115,5.028740,0.000000,0.000000,5.000000,0.044270,0
1784320176.184998,CONST330,TRACKING,330,33.991149,52.801454,0.022673,0.034693,5.028965,0.000000,0.000000,5.000000,0.050563,0
1784320176.234998,CONST330,TRACKING,330,31.199693,36.094777,0.031598,0.050545,5.040307,0.000000,0.000000,5.000000,0.071958,0
1784320176.284998,CONST330,TRACKING,330,34.194863,52.954704,0.035452,0.056959,5.042977,0.000000,0.000000,5.000000,0.079676,0
1784320176.334998,CONST330,TRACKING,330,31.154941,35.928340,0.042414,0.066286,5.043346,0.000000,0.000000,5.000000,0.089842,0
1784320176.387302,CONST330,TRACKING,330,31.208579,52.322822,0.045473,0.069809,5.043323,0.000000,0.000000,5.000000,0.093904,0
1784320176.434999,CONST330,TRACKING,330,34.195278,39.012617,0.050957,0.077634,5.039683,0.000000,0.000000,5.000000,0.100987,0
1784320176.485000,CONST330,TRACKING,330,31.256858,47.004505,0.052368,0.081309,5.037126,0.000000,0.000000,5.000000,0.103595,0
1784320176.534999,CONST330,TRACKING,330,34.104707,38.864641,0.054523,0.087542,5.032395,0.000000,0.000000,5.000000,0.108101,0
1784320176.584999,CONST330,TRACKING,330,31.436356,47.290557,0.053950,0.090075,5.030573,0.000000,0.000000,5.000000,0.109357,0
1784320176.635000,CONST330,TRACKING,330,34.202439,37.893644,0.051672,0.092961,5.026893,0.000000,0.000000,5.000000,0.109704,0
1784320176.685001,CONST330,TRACKING,330,31.165477,46.919862,0.050150,0.093968,5.025841,0.000000,0.000000,5.000000,0.109603,0
1784320176.735000,CONST330,TRACKING,330,34.220300,39.129415,0.044031,0.094217,5.019770,0.000000,0.000000,5.000000,0.105861,0
1784320176.785001,CONST330,TRACKING,330,31.189172,46.931023,0.041123,0.093853,5.015834,0.000000,0.000000,5.000000,0.103683,0
1784320176.835001,CONST330,TRACKING,330,34.059829,38.915522,0.032769,0.090253,5.011318,0.000000,0.000000,5.000000,0.096682,0
1784320176.885001,CONST330,TRACKING,330,34.243405,50.147486,0.028669,0.087939,5.009929,0.000000,0.000000,5.000000,0.093026,0
1784320176.935001,CONST330,TRACKING,330,31.210847,36.022621,0.020572,0.082725,5.005986,0.000000,0.000000,5.000000,0.085454,0
1784320176.985002,CONST330,TRACKING,330,34.090162,52.843036,0.015538,0.079484,5.005931,0.000000,0.000000,5.000000,0.081205,0
1784320177.035002,CONST330,TRACKING,330,31.171437,36.143092,0.007555,0.073042,5.006080,0.000000,0.000000,5.000000,0.073683,0
1784320177.085002,CONST330,TRACKING,330,34.197908,52.991638,0.002678,0.066943,5.009646,0.000000,0.000000,5.000000,0.067687,0
1784320177.135002,CONST330,TRACKING,330,31.196027,36.150942,-0.006224,0.054322,5.017852,0.000000,0.000000,5.000000,0.057518,0
1784320177.185002,CONST330,TRACKING,330,34.206583,52.979774,-0.010196,0.047764,5.022271,0.000000,0.000000,5.000000,0.053678,0
1784320177.235003,CONST330,TRACKING,330,34.183905,39.063479,-0.016546,0.029218,5.032780,0.000000,0.000000,5.000000,0.046926,0
1784320177.285003,CONST330,TRACKING,330,31.176041,46.953415,-0.019240,0.021249,5.036537,0.000000,0.000000,5.000000,0.046440,0
1784320177.335003,CONST330,TRACKING,330,34.174096,39.124362,-0.025584,0.006686,5.046152,0.000000,0.000000,5.000000,0.053191,0
1784320177.385004,CONST330,TRACKING,330,31.185179,46.973953,-0.028881,0.000114,5.050436,0.000000,0.000000,5.000000,0.058120,0
1784320177.435004,CONST330,TRACKING,330,34.194135,38.945296,-0.036841,-0.012437,5.054782,0.000000,0.000000,5.000000,0.067179,0
1784320177.485004,CONST330,TRACKING,330,31.192294,46.953673,-0.040916,-0.016794,5.056681,0.000000,0.000000,5.000000,0.071895,0
1784320177.535004,CONST330,TRACKING,330,34.003757,39.000522,-0.048101,-0.024778,5.056997,0.000000,0.000000,5.000000,0.078589,0
1784320177.585005,CONST330,TRACKING,330,34.168528,50.123617,-0.050926,-0.029212,5.057956,0.000000,0.000000,5.000000,0.082497,0
1784320177.635004,CONST330,TRACKING,330,31.177529,36.087920,-0.056123,-0.038338,5.058867,0.000000,0.000000,5.000000,0.089916,0
1784320177.685005,CONST330,TRACKING,330,33.973413,52.764960,-0.058143,-0.041831,5.058051,0.000000,0.000000,5.000000,0.092197,0
1784320177.735005,CONST330,TRACKING,330,31.183958,36.068390,-0.059479,-0.048405,5.055061,0.000000,0.000000,5.000000,0.094406,0
1784320177.785006,CONST330,TRACKING,330,34.176471,52.959056,-0.059875,-0.051308,5.051560,0.000000,0.000000,5.000000,0.094212,0
1784320177.835006,CONST330,TRACKING,330,31.163499,36.034066,-0.059638,-0.053766,5.046196,0.000000,0.000000,5.000000,0.092636,0
1784320177.885006,CONST330,TRACKING,330,34.198717,52.985993,-0.059082,-0.053873,5.042878,0.000000,0.000000,5.000000,0.090728,0
1784320177.935006,CONST330,TRACKING,330,34.198234,39.177992,-0.056902,-0.055313,5.036351,0.000000,0.000000,5.000000,0.087285,0
1784320177.985007,CONST330,TRACKING,330,31.228071,46.982685,-0.055198,-0.057884,5.034537,0.000000,0.000000,5.000000,0.087122,0
1784320178.035007,CONST330,TRACKING,330,34.186085,39.139941,-0.050029,-0.062245,5.030478,0.000000,0.000000,5.000000,0.085476,0
1784320178.085006,CONST330,TRACKING,330,31.179810,46.957007,-0.048851,-0.064013,5.030505,0.000000,0.000000,5.000000,0.086108,0
1784320178.135008,CONST330,TRACKING,330,34.189336,38.906895,-0.045260,-0.066697,5.026331,0.000000,0.000000,5.000000,0.084795,0
1784320178.185008,CONST330,TRACKING,330,31.204816,46.983551,-0.043192,-0.067290,5.025390,0.000000,0.000000,5.000000,0.083894,0
1784320178.235008,CONST330,TRACKING,330,33.936214,38.924160,-0.038013,-0.067141,5.026626,0.000000,0.000000,5.000000,0.081620,0
1784320178.285009,CONST330,TRACKING,330,33.389463,49.417760,-0.035451,-0.066326,5.027279,0.000000,0.000000,5.000000,0.080000,0
1784320178.335008,CONST330,TRACKING,330,31.075315,35.993243,-0.029026,-0.060029,5.030055,0.000000,0.000000,5.000000,0.073139,0
1784320178.386300,CONST330,TRACKING,330,31.840767,52.021953,-0.025533,-0.055567,5.032451,0.000000,0.000000,5.000000,0.069229,0
1784320178.435009,CONST330,TRACKING,330,33.208132,37.961526,-0.018531,-0.043852,5.035942,0.000000,0.000000,5.000000,0.059650,0
1784320178.485010,CONST330,TRACKING,330,33.194528,49.940321,-0.015934,-0.037435,5.036185,0.000000,0.000000,5.000000,0.054449,0
1784320178.535010,CONST330,TRACKING,330,33.167209,37.972655,-0.010598,-0.025068,5.038216,0.000000,0.000000,5.000000,0.046916,0
1784320178.585011,CONST330,TRACKING,330,33.217645,50.017748,-0.007030,-0.018866,5.039095,0.000000,0.000000,5.000000,0.043974,0
1784320178.635009,CONST330,TRACKING,330,33.165232,37.987901,0.001003,-0.004864,5.039691,0.000000,0.000000,5.000000,0.040001,0
1784320178.685010,CONST330,TRACKING,330,33.178365,49.981436,0.004280,0.001302,5.038456,0.000000,0.000000,5.000000,0.038715,0
1784320178.735011,CONST330,TRACKING,330,31.086225,35.862029,0.007373,0.014096,5.036539,0.000000,0.000000,5.000000,0.039852,0
1784320178.785011,CONST330,TRACKING,330,33.180833,52.049540,0.008883,0.019483,5.035411,0.000000,0.000000,5.000000,0.041382,0
1784320178.835011,CONST330,TRACKING,330,33.165772,38.134830,0.013141,0.034122,5.037097,0.000000,0.000000,5.000000,0.052088,0
1784320178.885011,CONST330,TRACKING,330,33.203672,50.004764,0.015424,0.041525,5.037102,0.000000,0.000000,5.000000,0.057782,0
1784320178.935011,CONST330,TRACKING,330,33.196847,38.070220,0.019655,0.055357,5.035374,0.000000,0.000000,5.000000,0.068572,0
1784320178.985012,CONST330,TRACKING,330,32.277573,49.039978,0.021560,0.061815,5.035396,0.000000,0.000000,5.000000,0.074423,0
1784320179.035012,CONST330,TRACKING,330,32.197313,37.028437,0.024868,0.074447,5.030825,0.000000,0.000000,5.000000,0.084326,0
1784320179.085012,CONST330,TRACKING,330,35.175248,52.945667,0.025342,0.079342,5.029144,0.000000,0.000000,5.000000,0.088242,0
1784320179.135012,CONST330,TRACKING,330,32.150143,36.959600,0.026010,0.087871,5.026207,0.000000,0.000000,5.000000,0.095313,0
1784320179.185012,CONST330,TRACKING,330,32.170476,49.983498,0.026255,0.091445,5.024492,0.000000,0.000000,5.000000,0.098242,0
1784320179.235013,CONST330,TRACKING,330,32.123184,37.114700,0.023622,0.096646,5.020879,0.000000,0.000000,5.000000,0.101658,0
1784320179.285013,CONST330,TRACKING,330,35.207240,53.054510,0.022278,0.098125,5.020798,0.000000,0.000000,5.000000,0.102749,0
1784320179.335013,CONST330,TRACKING,330,31.022067,35.960135,0.017881,0.103670,5.021531,0.000000,0.000000,5.000000,0.107382,0
1784320179.385014,CONST330,TRACKING,330,32.191585,51.140189,0.015340,0.106811,5.021054,0.000000,0.000000,5.000000,0.109942,0
1784320179.435014,CONST330,TRACKING,330,35.184489,40.173295,0.010982,0.111818,5.016091,0.000000,0.000000,5.000000,0.113503,0
1784320179.485014,CONST330,TRACKING,330,32.208952,46.977011,0.009876,0.113003,5.014221,0.000000,0.000000,5.000000,0.114322,0
1784320179.535014,CONST330,TRACKING,330,32.233821,37.215339,0.007216,0.113808,5.010354,0.000000,0.000000,5.000000,0.114505,0
1784320179.585015,CONST330,TRACKING,330,34.307898,52.037276,0.005843,0.114995,5.009614,0.000000,0.000000,5.000000,0.115544,0
1784320179.635014,CONST330,TRACKING,330,31.194197,36.213846,0.002218,0.116483,5.007708,0.000000,0.000000,5.000000,0.116759,0
1784320179.685016,CONST330,TRACKING,330,34.232862,53.010746,0.000560,0.116160,5.005730,0.000000,0.000000,5.000000,0.116303,0
1784320179.735016,CONST330,TRACKING,330,31.183003,36.031291,-0.006236,0.115135,5.005084,0.000000,0.000000,5.000000,0.115416,0
1784320179.785016,CONST330,TRACKING,330,34.185110,52.960722,-0.009179,0.113783,5.006192,0.000000,0.000000,5.000000,0.114320,0
1784320179.835016,CONST330,TRACKING,330,31.172190,36.156097,-0.011437,0.108372,5.007164,0.000000,0.000000,5.000000,0.109209,0
1784320179.885016,CONST330,TRACKING,330,34.175010,52.973631,-0.011548,0.105200,5.007631,0.000000,0.000000,5.000000,0.106107,0
1784320179.935016,CONST330,TRACKING,330,34.210782,39.078310,-0.012294,0.098535,5.007224,0.000000,0.000000,5.000000,0.099561,0
1784320179.985018,CONST330,TRACKING,330,31.185798,46.934800,-0.013746,0.095411,5.008871,0.000000,0.000000,5.000000,0.096803,0
1784320180.035017,CONST330,TRACKING,330,34.234227,39.199203,-0.016110,0.086663,5.011240,0.000000,0.000000,5.000000,0.088861,0
1784320180.085018,CONST330,TRACKING,330,31.165452,46.889291,-0.015513,0.083624,5.011238,0.000000,0.000000,5.000000,0.085790,0
1784320180.135017,CONST330,TRACKING,330,34.196646,39.149562,-0.014527,0.076117,5.009389,0.000000,0.000000,5.000000,0.078058,0
1784320180.185018,CONST330,TRACKING,330,33.893604,49.667335,-0.014135,0.071796,5.007287,0.000000,0.000000,5.000000,0.073537,0
1784320180.235019,CONST330,TRACKING,330,31.229960,36.115918,-0.014536,0.060252,5.007565,0.000000,0.000000,5.000000,0.062441,0
1784320180.285020,CONST330,TRACKING,330,34.261041,52.990661,-0.014253,0.054908,5.008498,0.000000,0.000000,5.000000,0.057361,0
1784320180.335019,CONST330,TRACKING,330,31.181302,36.075621,-0.012005,0.044279,5.011438,0.000000,0.000000,5.000000,0.047282,0
1784320180.385021,CONST330,TRACKING,330,34.000014,52.776235,-0.010125,0.037862,5.013790,0.000000,0.000000,5.000000,0.041547,0
1784320180.435023,CONST330,TRACKING,330,31.171161,35.914067,-0.006746,0.027993,5.024569,0.000000,0.000000,5.000000,0.037852,0
1784320180.485020,CONST330,TRACKING,330,34.219501,52.979945,-0.004642,0.023167,5.032531,0.000000,0.000000,5.000000,0.040206,0
1784320180.535019,CONST330,TRACKING,330,34.144422,39.072462,0.000358,0.011976,5.044266,0.000000,0.000000,5.000000,0.045859,0
1784320180.585020,CONST330,TRACKING,330,31.198039,47.006202,0.003519,0.007121,5.046590,0.000000,0.000000,5.000000,0.047262,0
1784320180.635020,CONST330,TRACKING,330,34.178137,39.028258,0.012214,-0.007620,5.051600,0.000000,0.000000,5.000000,0.053570,0
1784320180.685021,CONST330,TRACKING,330,31.183053,46.948590,0.015723,-0.014030,5.051522,0.000000,0.000000,5.000000,0.055665,0
1784320180.735021,CONST330,TRACKING,330,34.172682,39.049266,0.019320,-0.029881,5.049701,0.000000,0.000000,5.000000,0.061125,0
1784320180.785021,CONST330,TRACKING,330,31.197189,46.975465,0.021426,-0.038780,5.047607,0.000000,0.000000,5.000000,0.065034,0
1784320180.835021,CONST330,TRACKING,330,34.102666,38.888152,0.024801,-0.048359,5.044662,0.000000,0.000000,5.000000,0.070345,0
1784320180.885021,CONST330,TRACKING,330,31.160241,47.018639,0.026423,-0.052125,5.043472,0.000000,0.000000,5.000000,0.072836,0
1784320180.935021,CONST330,TRACKING,330,34.160858,37.876723,0.029026,-0.058941,5.042339,0.000000,0.000000,5.000000,0.078161,0
1784320180.985023,CONST330,TRACKING,330,31.161576,46.957883,0.029564,-0.062669,5.045971,0.000000,0.000000,5.000000,0.083155,0
1784320181.035022,CONST330,TRACKING,330,34.234849,39.043373,0.029703,-0.068003,5.049134,0.000000,0.000000,5.000000,0.088999,0
1784320181.085023,CONST330,TRACKING,330,31.173981,46.885700,0.027778,-0.068925,5.051684,0.000000,0.000000,5.000000,0.090518,0
1784320181.135023,CONST330,TRACKING,330,34.167346,39.122480,0.024096,-0.070051,5.050171,0.000000,0.000000,5.000000,0.089470,0
1784320181.185024,CONST330,TRACKING,330,33.996161,49.789468,0.022373,-0.070106,5.048117,0.000000,0.000000,5.000000,0.087924,0
1784320181.235023,CONST330,TRACKING,330,31.181791,36.007032,0.019827,-0.066131,5.050354,0.000000,0.000000,5.000000,0.085451,0
1784320181.285024,CONST330,TRACKING,330,34.125208,52.893978,0.018611,-0.064188,5.051150,0.000000,0.000000,5.000000,0.084159,0
1784320181.335023,CONST330,TRACKING,330,31.147103,36.044372,0.018437,-0.061382,5.056480,0.000000,0.000000,5.000000,0.085427,0
1784320181.385026,CONST330,TRACKING,330,34.032558,52.845524,0.018808,-0.059725,5.058914,0.000000,0.000000,5.000000,0.085975,0
1784320181.435024,CONST330,TRACKING,330,31.217155,36.103884,0.018223,-0.055506,5.066406,0.000000,0.000000,5.000000,0.088447,0
1784320181.487300,CONST330,TRACKING,330,31.185609,52.192026,0.017237,-0.052408,5.070744,0.000000,0.000000,5.000000,0.089713,0
1784320181.535024,CONST330,TRACKING,330,34.134951,38.950344,0.014422,-0.045008,5.073381,0.000000,0.000000,5.000000,0.087284,0
1784320181.585026,CONST330,TRACKING,330,31.177994,47.000469,0.012704,-0.040755,5.076376,0.000000,0.000000,5.000000,0.087497,0
1784320181.635025,CONST330,TRACKING,330,34.054744,38.721118,0.008751,-0.031994,5.080072,0.000000,0.000000,5.000000,0.086671,0
1784320181.685025,CONST330,TRACKING,330,34.186065,50.101208,0.006687,-0.027617,5.079373,0.000000,0.000000,5.000000,0.084306,0
1784320181.735028,CONST330,TRACKING,330,31.209427,36.125330,0.000557,-0.017148,5.077547,0.000000,0.000000,5.000000,0.079422,0
1784320181.785027,CONST330,TRACKING,330,34.068360,52.799668,-0.001987,-0.012129,5.076899,0.000000,0.000000,5.000000,0.077875,0
1784320181.835026,CONST330,TRACKING,330,31.152536,36.129239,-0.006983,0.001380,5.075155,0.000000,0.000000,5.000000,0.075491,0
1784320181.885027,CONST330,TRACKING,330,34.206279,53.010097,-0.008937,0.007604,5.072516,0.000000,0.000000,5.000000,0.073459,0
1784320181.935026,CONST330,TRACKING,330,31.204827,35.975160,-0.011229,0.022285,5.062971,0.000000,0.000000,5.000000,0.067735,0
1784320181.985029,CONST330,TRACKING,330,34.147550,52.878578,-0.010880,0.027918,5.059155,0.000000,0.000000,5.000000,0.066311,0
1784320182.035027,CONST330,TRACKING,330,34.228781,39.154683,-0.010448,0.043698,5.050658,0.000000,0.000000,5.000000,0.067712,0
1784320182.085028,CONST330,TRACKING,330,31.161565,46.890065,-0.007857,0.049609,5.049062,0.000000,0.000000,5.000000,0.070213,0
1784320182.135027,CONST330,TRACKING,330,34.173519,39.139916,-0.003236,0.060073,5.042852,0.000000,0.000000,5.000000,0.073862,0
1784320182.185030,CONST330,TRACKING,330,31.173882,46.960599,-0.000992,0.064484,5.039748,0.000000,0.000000,5.000000,0.075757,0
1784320182.235028,CONST330,TRACKING,330,34.198203,39.075072,0.000246,0.075699,5.032441,0.000000,0.000000,5.000000,0.082358,0
1784320182.285029,CONST330,TRACKING,330,31.172673,46.938494,0.000907,0.079846,5.028924,0.000000,0.000000,5.000000,0.084929,0
1784320182.335028,CONST330,TRACKING,330,34.179684,38.940719,0.002587,0.084901,5.023687,0.000000,0.000000,5.000000,0.088181,0
1784320182.385028,CONST330,TRACKING,330,31.175505,46.965056,0.003670,0.086862,5.020168,0.000000,0.000000,5.000000,0.089248,0
1784320182.435029,CONST330,TRACKING,330,31.202249,36.024263,0.007098,0.089832,5.013351,0.000000,0.000000,5.000000,0.091095,0
1784320182.485030,CONST330,TRACKING,330,34.189200,52.948111,0.010104,0.091343,5.010813,0.000000,0.000000,5.000000,0.092534,0
1784320182.535029,CONST330,TRACKING,330,34.180425,39.196288,0.015066,0.092969,5.006431,0.000000,0.000000,5.000000,0.094402,0
1784320182.585030,CONST330,TRACKING,330,31.171162,46.942689,0.017190,0.093736,5.002914,0.000000,0.000000,5.000000,0.095344,0
1784320182.635030,CONST330,TRACKING,330,34.136212,39.111165,0.021172,0.094006,4.992118,0.000000,0.000000,5.000000,0.096682,0
1784320182.685030,CONST330,TRACKING,330,31.189850,47.011292,0.022761,0.093281,4.987044,0.000000,0.000000,5.000000,0.096888,0
1784320182.735031,CONST330,TRACKING,330,34.196530,39.055390,0.020916,0.084409,4.985844,0.000000,0.000000,5.000000,0.088107,0
1784320182.785034,CONST330,TRACKING,330,31.173948,46.924674,0.020318,0.080095,4.987394,0.000000,0.000000,5.000000,0.083588,0
1784320182.835031,CONST330,TRACKING,330,34.090363,38.974082,0.018894,0.071300,4.991739,0.000000,0.000000,5.000000,0.074222,0
1784320182.885032,CONST330,TRACKING,330,33.372905,49.249359,0.017936,0.066668,4.992956,0.000000,0.000000,5.000000,0.069397,0
1784320182.935031,CONST330,TRACKING,330,31.054133,36.060372,0.014444,0.054835,4.998197,0.000000,0.000000,5.000000,0.056734,0
1784320182.985033,CONST330,TRACKING,330,33.175606,52.079304,0.011215,0.046138,5.001681,0.000000,0.000000,5.000000,0.047511,0
1784320183.035044,CONST330,TRACKING,330,33.146532,38.036267,0.003821,0.027545,5.011114,0.000000,0.000000,5.000000,0.029947,0
1784320183.085032,CONST330,TRACKING,330,33.208068,50.016280,0.001061,0.019143,5.019558,0.000000,0.000000,5.000000,0.027388,0
1784320183.135032,CONST330,TRACKING,330,33.166829,37.908857,-0.004203,0.003401,5.032382,0.000000,0.000000,5.000000,0.032830,0
1784320183.185033,CONST330,TRACKING,330,32.272098,49.074658,-0.006746,-0.004042,5.037218,0.000000,0.000000,5.000000,0.038039,0
1784320183.235034,CONST330,TRACKING,330,32.238046,37.164994,-0.016645,-0.018698,5.040893,0.000000,0.000000,5.000000,0.047947,0
1784320183.285034,CONST330,TRACKING,330,35.315242,53.024016,-0.020700,-0.025152,5.041605,0.000000,0.000000,5.000000,0.052840,0
1784320183.335033,CONST330,TRACKING,330,30.918347,35.923493,-0.028090,-0.038144,5.045172,0.000000,0.000000,5.000000,0.065457,0
1784320183.385035,CONST330,TRACKING,330,32.178923,51.225600,-0.031443,-0.044550,5.047195,0.000000,0.000000,5.000000,0.072116,0
1784320183.435034,CONST330,TRACKING,330,32.164415,37.090263,-0.037013,-0.058632,5.051229,0.000000,0.000000,5.000000,0.086209,0
1784320183.485035,CONST330,TRACKING,330,35.366460,53.162819,-0.038358,-0.064885,5.052658,0.000000,0.000000,5.000000,0.091947,0
1784320183.535034,CONST330,TRACKING,330,30.919343,35.927390,-0.040768,-0.076242,5.052831,0.000000,0.000000,5.000000,0.101321,0
1784320183.585035,CONST330,TRACKING,330,32.166985,51.215128,-0.042181,-0.080200,5.051901,0.000000,0.000000,5.000000,0.104427,0
1784320183.635035,CONST330,TRACKING,330,35.186680,39.944043,-0.044999,-0.086972,5.047923,0.000000,0.000000,5.000000,0.109021,0
1784320183.685037,CONST330,TRACKING,330,32.229331,47.007982,-0.046065,-0.089349,5.044091,0.000000,0.000000,5.000000,0.109769,0
1784320183.735036,CONST330,TRACKING,330,32.193386,37.113072,-0.047780,-0.085032,5.036536,0.000000,0.000000,5.000000,0.104155,0
1784320183.785038,CONST330,TRACKING,330,32.187830,49.955084,-0.048525,-0.082712,5.034266,0.000000,0.000000,5.000000,0.101834,0
1784320183.835036,CONST330,TRACKING,330,35.190973,40.016618,-0.050514,-0.076065,5.029914,0.000000,0.000000,5.000000,0.096085,0
1784320183.885037,CONST330,TRACKING,330,32.176827,46.953772,-0.051262,-0.072616,5.029044,0.000000,0.000000,5.000000,0.093511,0
1784320183.935037,CONST330,TRACKING,330,32.208096,37.014208,-0.052484,-0.064381,5.028650,0.000000,0.000000,5.000000,0.087865,0
1784320183.985038,CONST330,TRACKING,330,32.172201,49.885848,-0.053538,-0.059225,5.027999,0.000000,0.000000,5.000000,0.084604,0
1784320184.035037,CONST330,TRACKING,330,32.161117,37.115370,-0.054650,-0.047363,5.025660,0.000000,0.000000,5.000000,0.076736,0
1784320184.085299,CONST330,TRACKING,330,34.166521,52.232313,-0.053030,-0.039579,5.025249,0.000000,0.000000,5.000000,0.070825,0
1784320184.135037,CONST330,TRACKING,330,32.205325,37.080360,-0.048871,-0.024545,5.024677,0.000000,0.000000,5.000000,0.059998,0
1784320184.185038,CONST330,TRACKING,330,32.217039,49.979456,-0.045950,-0.015315,5.023975,0.000000,0.000000,5.000000,0.054044,0
1784320184.235038,CONST330,TRACKING,330,35.206011,40.081587,-0.042511,-0.000120,5.023457,0.000000,0.000000,5.000000,0.048553,0
1784320184.285039,CONST330,TRACKING,330,32.137419,46.898775,-0.040688,0.007097,5.022205,0.000000,0.000000,5.000000,0.046893,0
1784320184.335039,CONST330,TRACKING,330,32.185802,37.044501,-0.038294,0.024501,5.022196,0.000000,0.000000,5.000000,0.050591,0
1784320184.385040,CONST330,TRACKING,330,32.177694,49.944706,-0.037182,0.035797,5.023542,0.000000,0.000000,5.000000,0.056729,0
1784320184.435040,CONST330,TRACKING,330,35.220733,40.090399,-0.036119,0.053037,5.026250,0.000000,0.000000,5.000000,0.069330,0
1784320184.485040,CONST330,TRACKING,330,32.230519,46.956685,-0.036134,0.061674,5.026664,0.000000,0.000000,5.000000,0.076291,0
1784320184.535041,CONST330,TRACKING,330,32.189926,37.094805,-0.035664,0.076972,5.025678,0.000000,0.000000,5.000000,0.088634,0
1784320184.585042,CONST330,TRACKING,330,32.130595,49.908533,-0.037420,0.085777,5.024073,0.000000,0.000000,5.000000,0.096630,0
1784320184.635040,CONST330,TRACKING,330,32.144978,36.974719,-0.040388,0.098164,5.019712,0.000000,0.000000,5.000000,0.107963,0
1784320184.685299,CONST330,TRACKING,330,34.186901,52.267091,-0.041601,0.103566,5.017169,0.000000,0.000000,5.000000,0.112922,0
1784320184.735042,CONST330,TRACKING,330,32.204469,37.133496,-0.039736,0.113743,5.018023,0.000000,0.000000,5.000000,0.121824,0
1784320184.785041,CONST330,TRACKING,330,32.188053,49.917330,-0.038300,0.118957,5.015893,0.000000,0.000000,5.000000,0.125978,0
1784320184.835041,CONST330,TRACKING,330,35.194593,40.020504,-0.034066,0.125041,5.015587,0.000000,0.000000,5.000000,0.130532,0
1784320184.885041,CONST330,TRACKING,330,32.192005,46.954013,-0.031633,0.127070,5.016355,0.000000,0.000000,5.000000,0.131965,0
1784320184.935041,CONST330,TRACKING,330,32.226674,37.046818,-0.026894,0.129511,5.020328,0.000000,0.000000,5.000000,0.133827,0
1784320184.985044,CONST330,TRACKING,330,32.175268,49.892619,-0.024546,0.130596,5.020110,0.000000,0.000000,5.000000,0.134396,0
1784320185.035043,CONST330,TRACKING,330,35.172679,40.158286,-0.018885,0.131008,5.018509,0.000000,0.000000,5.000000,0.133650,0
1784320185.085043,CONST330,TRACKING,330,32.141812,46.930176,-0.015777,0.129494,5.021368,0.000000,0.000000,5.000000,0.132190,0
1784320185.135043,CONST330,TRACKING,330,32.189491,36.995083,-0.009282,0.125385,5.024741,0.000000,0.000000,5.000000,0.128140,0
1784320185.185046,CONST330,TRACKING,330,34.419089,52.192834,-0.005893,0.122735,5.025874,0.000000,0.000000,5.000000,0.125571,0
1784320185.235044,CONST330,TRACKING,330,31.116508,36.010600,-0.004114,0.116831,5.024980,0.000000,0.000000,5.000000,0.119542,0
1784320185.285043,CONST330,TRACKING,330,32.179849,51.021918,-0.003068,0.113113,5.024063,0.000000,0.000000,5.000000,0.115685,0
1784320185.335044,CONST330,TRACKING,330,35.144059,39.965661,0.001762,0.101125,5.031046,0.000000,0.000000,5.000000,0.105798,0
1784320185.385045,CONST330,TRACKING,330,32.242915,47.065378,0.003643,0.096341,5.034255,0.000000,0.000000,5.000000,0.102315,0
1784320185.435044,CONST330,TRACKING,330,32.199910,37.097276,0.008381,0.077571,5.038256,0.000000,0.000000,5.000000,0.086896,0
1784320185.485045,CONST330,TRACKING,330,32.175949,49.922334,0.010000,0.066093,5.039334,0.000000,0.000000,5.000000,0.077560,0
1784320185.535045,CONST330,TRACKING,330,35.215950,40.062103,0.013185,0.043637,5.040975,0.000000,0.000000,5.000000,0.061294,0
1784320185.585046,CONST330,TRACKING,330,32.147151,46.887601,0.015090,0.033684,5.042169,0.000000,0.000000,5.000000,0.056041,0
1784320185.635045,CONST330,TRACKING,330,32.151473,37.117052,0.019350,0.012805,5.044756,0.000000,0.000000,5.000000,0.050414,0
1784320185.685047,CONST330,TRACKING,330,34.276033,52.092059,0.021088,0.004094,5.047145,0.000000,0.000000,5.000000,0.051809,0
1784320185.735046,CONST330,TRACKING,330,31.159213,36.084385,0.028623,-0.014082,5.052919,0.000000,0.000000,5.000000,0.061790,0
1784320185.785048,CONST330,TRACKING,330,34.203777,53.009068,0.032061,-0.022662,5.053618,0.000000,0.000000,5.000000,0.066456,0
1784320185.835046,CONST330,TRACKING,330,31.183582,36.053173,0.040784,-0.038420,5.052364,0.000000,0.000000,5.000000,0.076690,0
1784320185.885047,CONST330,TRACKING,330,34.196886,52.974420,0.044280,-0.044476,5.052719,0.000000,0.000000,5.000000,0.081964,0
1784320185.935047,CONST330,TRACKING,330,31.188320,36.125811,0.050783,-0.055652,5.053055,0.000000,0.000000,5.000000,0.092146,0
1784320185.985049,CONST330,TRACKING,330,34.131463,52.911881,0.054668,-0.060559,5.052073,0.000000,0.000000,5.000000,0.096787,0
1784320186.035048,CONST330,TRACKING,330,31.172642,36.138747,0.062602,-0.071118,5.046717,0.000000,0.000000,5.000000,0.105637,0
1784320186.085049,CONST330,TRACKING,330,34.176059,52.961919,0.064344,-0.075401,5.040409,0.000000,0.000000,5.000000,0.107044,0
1784320186.135047,CONST330,TRACKING,330,34.201646,39.180994,0.067056,-0.083081,5.027604,0.000000,0.000000,5.000000,0.110276,0
1784320186.185048,CONST330,TRACKING,330,31.168774,46.930011,0.067805,-0.086320,5.023042,0.000000,0.000000,5.000000,0.112159,0
1784320186.235049,CONST330,TRACKING,330,34.206120,39.211942,0.069453,-0.089071,5.015339,0.000000,0.000000,5.000000,0.113986,0
1784320186.285049,CONST330,TRACKING,330,31.232802,46.977609,0.069624,-0.089918,5.011408,0.000000,0.000000,5.000000,0.114293,0
1784320186.335049,CONST330,TRACKING,330,34.155987,39.033142,0.066198,-0.089163,5.003014,0.000000,0.000000,5.000000,0.111091,0
1784320186.385050,CONST330,TRACKING,330,31.167583,46.981750,0.063763,-0.088174,5.000684,0.000000,0.000000,5.000000,0.108816,0
1784320186.435049,CONST330,TRACKING,330,34.109314,38.984571,0.058180,-0.084778,4.999612,0.000000,0.000000,5.000000,0.102822,0
1784320186.485050,CONST330,TRACKING,330,34.171272,50.025814,0.055009,-0.082137,4.999578,0.000000,0.000000,5.000000,0.098857,0
1784320186.535050,CONST330,TRACKING,330,31.211091,36.090948,0.048875,-0.076617,5.000207,0.000000,0.000000,5.000000,0.090879,0
1784320186.585051,CONST330,TRACKING,330,34.123481,52.867380,0.048172,-0.073597,5.003514,0.000000,0.000000,5.000000,0.088031,0
1784320186.635050,CONST330,TRACKING,330,31.163858,35.921197,0.047278,-0.066481,5.009828,0.000000,0.000000,5.000000,0.082168,0
1784320186.685051,CONST330,TRACKING,330,34.188788,52.992947,0.046470,-0.063204,5.010852,0.000000,0.000000,5.000000,0.079196,0
1784320186.735052,CONST330,TRACKING,330,31.176143,36.036002,0.042136,-0.055951,5.000169,0.000000,0.000000,5.000000,0.070043,0
1784320186.785052,CONST330,TRACKING,330,34.148307,52.934743,0.039733,-0.052295,4.994063,0.000000,0.000000,5.000000,0.065945,0
1784320186.835051,CONST330,TRACKING,330,34.149734,39.030521,0.035415,-0.042073,4.983608,0.000000,0.000000,5.000000,0.057386,0
1784320186.885052,CONST330,TRACKING,330,31.177052,46.986183,0.033497,-0.037315,4.979503,0.000000,0.000000,5.000000,0.054172,0
1784320186.935051,CONST330,TRACKING,330,34.205528,39.174562,0.028691,-0.027810,4.971495,0.000000,0.000000,5.000000,0.049083,0
1784320186.985054,CONST330,TRACKING,330,31.150628,46.882076,0.025497,-0.022633,4.967618,0.000000,0.000000,5.000000,0.047020,0
1784320187.035053,CONST330,TRACKING,330,34.177829,38.996576,0.017910,-0.011735,4.961457,0.000000,0.000000,5.000000,0.044091,0
1784320187.085053,CONST330,TRACKING,330,31.156615,46.938614,0.011061,-0.008312,4.961177,0.000000,0.000000,5.000000,0.041215,0
1784320187.135053,CONST330,TRACKING,330,33.991574,38.966180,-0.001338,-0.001383,4.963101,0.000000,0.000000,5.000000,0.036949,0
1784320187.185053,CONST330,TRACKING,330,33.297074,49.258761,-0.006913,0.002139,4.964572,0.000000,0.000000,5.000000,0.036159,0
1784320187.235053,CONST330,TRACKING,330,31.075246,35.899243,-0.014991,0.010698,4.967519,0.000000,0.000000,5.000000,0.037339,0
1784320187.285054,CONST330,TRACKING,330,33.179579,52.068781,-0.018436,0.014303,4.967913,0.000000,0.000000,5.000000,0.039674,0
1784320187.335053,CONST330,TRACKING,330,33.198732,38.049853,-0.024758,0.021734,4.971788,0.000000,0.000000,5.000000,0.043373,0
1784320187.385054,CONST330,TRACKING,330,33.160909,49.925857,-0.027657,0.025450,4.975055,0.000000,0.000000,5.000000,0.045110,0
1784320187.435055,CONST330,TRACKING,330,33.207599,38.143532,-0.033191,0.034686,4.984059,0.000000,0.000000,5.000000,0.050585,0
1784320187.485055,CONST330,TRACKING,330,32.255004,48.992971,-0.035052,0.039561,4.989809,0.000000,0.000000,5.000000,0.053829,0
1784320187.535055,CONST330,TRACKING,330,32.175309,37.002654,-0.038903,0.049255,5.001124,0.000000,0.000000,5.000000,0.062775,0
1784320187.585056,CONST330,TRACKING,330,35.248089,53.034038,-0.039113,0.051987,5.006336,0.000000,0.000000,5.000000,0.065365,0
1784320187.635056,CONST330,TRACKING,330,32.201151,37.078663,-0.040220,0.059582,5.020290,0.000000,0.000000,5.000000,0.074695,0
1784320187.685055,CONST330,TRACKING,330,32.158776,49.924287,-0.040857,0.062783,5.025948,0.000000,0.000000,5.000000,0.079274,0
1784320187.735056,CONST330,TRACKING,330,32.172450,37.116255,-0.039333,0.065580,5.036957,0.000000,0.000000,5.000000,0.084933,0
1784320187.785058,CONST330,TRACKING,330,35.197112,52.970747,-0.038685,0.066757,5.039660,0.000000,0.000000,5.000000,0.086752,0
1784320187.835056,CONST330,TRACKING,330,30.987596,35.969932,-0.035740,0.068571,5.045417,0.000000,0.000000,5.000000,0.089678,0
1784320187.885057,CONST330,TRACKING,330,32.204715,51.183193,-0.034102,0.068729,5.050280,0.000000,0.000000,5.000000,0.091732,0
1784320187.935057,CONST330,TRACKING,330,35.163678,40.077703,-0.030459,0.066340,5.056292,0.000000,0.000000,5.000000,0.092182,0
1784320187.985058,CONST330,TRACKING,330,32.211187,46.999294,-0.027874,0.062595,5.055513,0.000000,0.000000,5.000000,0.088186,0
1784320188.035058,CONST330,TRACKING,330,32.184836,37.106538,-0.022288,0.053924,5.047125,0.000000,0.000000,5.000000,0.075003,0
1784320188.085058,CONST330,TRACKING,330,32.178040,49.961673,-0.020609,0.048922,5.041668,0.000000,0.000000,5.000000,0.067485,0
1784320188.135058,CONST330,TRACKING,330,35.227269,40.252264,-0.017054,0.039441,5.032068,0.000000,0.000000,5.000000,0.053617,0
1784320188.185059,CONST330,TRACKING,330,32.174205,46.913551,-0.015309,0.035002,5.027158,0.000000,0.000000,5.000000,0.046873,0
1784320188.235059,CONST330,TRACKING,330,32.196840,37.010843,-0.011246,0.027772,5.016942,0.000000,0.000000,5.000000,0.034421,0
1784320188.285059,CONST330,TRACKING,330,32.172936,49.938307,-0.009576,0.024529,5.012266,0.000000,0.000000,5.000000,0.029049,0
1784320188.335059,CONST330,TRACKING,330,32.178292,36.951025,-0.003756,0.015938,4.998988,0.000000,0.000000,5.000000,0.016406,0
1784320188.385299,CONST330,TRACKING,330,34.166710,52.187672,-0.000272,0.011116,4.992458,0.000000,0.000000,5.000000,0.013436,0
1784320188.435060,CONST330,TRACKING,330,32.195430,37.057760,0.008984,0.001271,4.980040,0.000000,0.000000,5.000000,0.021926,0
1784320188.485060,CONST330,TRACKING,330,32.152580,49.906690,0.014320,-0.002455,4.975990,0.000000,0.000000,5.000000,0.028063,0
1784320188.535060,CONST330,TRACKING,330,35.214439,40.161947,0.023776,-0.009376,4.969898,0.000000,0.000000,5.000000,0.039488,0
1784320188.585061,CONST330,TRACKING,330,32.170088,46.910483,0.028051,-0.012586,4.968442,0.000000,0.000000,5.000000,0.044058,0
1784320188.635060,CONST330,TRACKING,330,32.220107,37.128349,0.036746,-0.019088,4.972499,0.000000,0.000000,5.000000,0.049708,0
1784320188.685061,CONST330,TRACKING,330,32.206590,49.951859,0.040309,-0.021879,4.974380,0.000000,0.000000,5.000000,0.052534,0
1784320188.735061,CONST330,TRACKING,330,35.191736,40.078104,0.045057,-0.025836,4.981967,0.000000,0.000000,5.000000,0.054980,0
1784320188.785062,CONST330,TRACKING,330,32.164679,46.933152,0.047154,-0.027509,4.985492,0.000000,0.000000,5.000000,0.056487,0
1784320188.835061,CONST330,TRACKING,330,32.176439,37.213235,0.050905,-0.026794,4.991498,0.000000,0.000000,5.000000,0.058150,0
1784320188.885062,CONST330,TRACKING,330,34.275260,52.069552,0.052201,-0.025485,4.993936,0.000000,0.000000,5.000000,0.058405,0
1784320188.935062,CONST330,TRACKING,330,31.135369,36.049032,0.054124,-0.022339,4.998847,0.000000,0.000000,5.000000,0.058564,0
1784320188.985065,CONST330,TRACKING,330,34.021366,52.852337,0.054547,-0.019982,5.003228,0.000000,0.000000,5.000000,0.058182,0
1784320189.035063,CONST330,TRACKING,330,31.188394,36.206980,0.054858,-0.015428,5.012465,0.000000,0.000000,5.000000,0.058333,0
1784320189.085063,CONST330,TRACKING,330,34.196673,52.968318,0.056450,-0.010855,5.017857,0.000000,0.000000,5.000000,0.060194,0
1784320189.135063,CONST330,TRACKING,330,31.183819,36.101457,0.058615,-0.002960,5.028180,0.000000,0.000000,5.000000,0.065105,0
1784320189.185065,CONST330,TRACKING,330,34.171233,52.954457,0.059062,0.001690,5.034292,0.000000,0.000000,5.000000,0.068316,0
1784320189.235063,CONST330,TRACKING,330,34.204544,39.178962,0.056607,0.010217,5.046618,0.000000,0.000000,5.000000,0.074040,0
1784320189.285064,CONST330,TRACKING,330,31.147524,46.879831,0.055184,0.014121,5.052503,0.000000,0.000000,5.000000,0.077468,0
1784320189.335063,CONST330,TRACKING,330,34.163607,39.017480,0.053408,0.020726,5.061648,0.000000,0.000000,5.000000,0.084158,0
1784320189.385065,CONST330,TRACKING,330,31.218759,47.026038,0.052344,0.024223,5.065742,0.000000,0.000000,5.000000,0.087456,0
1784320189.435065,CONST330,TRACKING,330,34.217842,39.076673,0.048962,0.031691,5.068889,0.000000,0.000000,5.000000,0.090262,0
1784320189.485065,CONST330,TRACKING,330,31.197939,46.931963,0.046248,0.036904,5.070067,0.000000,0.000000,5.000000,0.091708,0
1784320189.535065,CONST330,TRACKING,330,34.114425,39.016891,0.040453,0.046000,5.068139,0.000000,0.000000,5.000000,0.091626,0
1784320189.585065,CONST330,TRACKING,330,33.257420,49.105127,0.036140,0.052671,5.067969,0.000000,0.000000,5.000000,0.093274,0
1784320189.635066,CONST330,TRACKING,330,31.027983,35.923303,0.028960,0.062579,5.065552,0.000000,0.000000,5.000000,0.095141,0
1784320189.686299,CONST330,TRACKING,330,34.268777,54.425123,0.025424,0.066971,5.062570,0.000000,0.000000,5.000000,0.095113,0
1784320189.735066,CONST330,TRACKING,330,30.180802,35.189676,0.015042,0.078560,5.051844,0.000000,0.000000,5.000000,0.095319,0
1784320189.786299,CONST330,TRACKING,330,34.159222,55.175345,0.010100,0.083689,5.045887,0.000000,0.000000,5.000000,0.095976,0
1784320189.835066,CONST330,TRACKING,330,33.159425,37.859103,-0.000899,0.095090,5.035319,0.000000,0.000000,5.000000,0.101442,0
1784320189.885067,CONST330,TRACKING,330,30.212398,47.022371,-0.005694,0.099635,5.030272,0.000000,0.000000,5.000000,0.104288,0
1784320189.935067,CONST330,TRACKING,330,33.209834,38.119989,-0.014799,0.106238,5.023335,0.000000,0.000000,5.000000,0.109773,0
1784320189.985069,CONST330,TRACKING,330,33.189154,49.941875,-0.019002,0.107943,5.019554,0.000000,0.000000,5.000000,0.111333,0
1784320190.035068,CONST330,TRACKING,330,33.246946,38.219107,-0.027255,0.110416,5.013262,0.000000,0.000000,5.000000,0.114501,0
1784320190.085068,CONST330,TRACKING,330,33.242208,49.955944,-0.028247,0.110670,5.011420,0.000000,0.000000,5.000000,0.114787,0
1784320190.135068,CONST330,TRACKING,330,33.196740,38.117080,-0.029948,0.109788,5.004985,0.000000,0.000000,5.000000,0.113909,0
1784320190.185069,CONST330,TRACKING,330,33.154722,49.928116,-0.030726,0.108698,4.999203,0.000000,0.000000,5.000000,0.112961,0
1784320190.235069,CONST330,TRACKING,330,31.065147,35.978147,-0.030364,0.105386,4.987418,0.000000,0.000000,5.000000,0.110392,0
1784320190.285071,CONST330,TRACKING,330,33.142037,52.038476,-0.030295,0.103291,4.982080,0.000000,0.000000,5.000000,0.109123,0
1784320190.335069,CONST330,TRACKING,330,33.179811,38.029098,-0.029762,0.096337,4.974194,0.000000,0.000000,5.000000,0.104080,0
1784320190.385071,CONST330,TRACKING,330,32.141956,48.930304,-0.029346,0.091942,4.972291,0.000000,0.000000,5.000000,0.100411,0
1784320190.435070,CONST330,TRACKING,330,33.207447,38.139214,-0.027807,0.080964,4.970327,0.000000,0.000000,5.000000,0.090603,0
1784320190.485070,CONST330,TRACKING,330,33.208563,49.951439,-0.026354,0.075349,4.969450,0.000000,0.000000,5.000000,0.085471,0
1784320190.535070,CONST330,TRACKING,330,33.217214,38.042655,-0.023347,0.063678,4.968594,0.000000,0.000000,5.000000,0.074742,0
1784320190.585071,CONST330,TRACKING,330,33.149601,49.883174,-0.022517,0.059752,4.968745,0.000000,0.000000,5.000000,0.071093,0
1784320190.635071,CONST330,TRACKING,330,33.153632,38.097077,-0.020416,0.051259,4.970070,0.000000,0.000000,5.000000,0.062770,0
1784320190.685071,CONST330,TRACKING,330,33.147527,49.960422,-0.019134,0.047121,4.969705,0.000000,0.000000,5.000000,0.059197,0
1784320190.735072,CONST330,TRACKING,330,31.026077,36.049196,-0.019023,0.034561,4.973731,0.000000,0.000000,5.000000,0.047397,0
1784320190.785072,CONST330,TRACKING,330,33.153441,52.087137,-0.018768,0.028227,4.975769,0.000000,0.000000,5.000000,0.041667,0
1784320190.835072,CONST330,TRACKING,330,33.177703,38.164801,-0.019940,0.011244,4.984005,0.000000,0.000000,5.000000,0.027926,0
1784320190.885072,CONST330,TRACKING,330,33.115064,49.894266,-0.020655,0.003086,4.988486,0.000000,0.000000,5.000000,0.023847,0
1784320190.935072,CONST330,TRACKING,330,33.179560,38.051424,-0.020982,-0.017799,4.998471,0.000000,0.000000,5.000000,0.027557,0
1784320190.985075,CONST330,TRACKING,330,32.167159,48.959713,-0.020298,-0.028883,5.001554,0.000000,0.000000,5.000000,0.035336,0
1784320191.035073,CONST330,TRACKING,330,32.171610,37.228118,-0.018885,-0.049419,5.003043,0.000000,0.000000,5.000000,0.052992,0
1784320191.085299,CONST330,TRACKING,330,34.156555,52.174422,-0.020343,-0.057524,4.999891,0.000000,0.000000,5.000000,0.061016,0
1784320191.135073,CONST330,TRACKING,330,32.218391,37.063211,-0.022411,-0.072078,4.993074,0.000000,0.000000,5.000000,0.075799,0
1784320191.185073,CONST330,TRACKING,330,32.239842,49.986143,-0.023055,-0.078551,4.989139,0.000000,0.000000,5.000000,0.082582,0
1784320191.235073,CONST330,TRACKING,330,35.205536,40.207743,-0.024548,-0.090016,4.990205,0.000000,0.000000,5.000000,0.093816,0
1784320191.285074,CONST330,TRACKING,330,32.185749,46.936154,-0.024912,-0.094459,4.991483,0.000000,0.000000,5.000000,0.098060,0
1784320191.335074,CONST330,TRACKING,330,32.160400,37.161812,-0.025363,-0.099107,4.993068,0.000000,0.000000,5.000000,0.102536,0
1784320191.385075,CONST330,TRACKING,330,34.230926,52.036963,-0.025499,-0.100192,4.994484,0.000000,0.000000,5.000000,0.103533,0
1784320191.435076,CONST330,TRACKING,330,31.201613,36.190445,-0.025041,-0.101476,4.998206,0.000000,0.000000,5.000000,0.104536,0
1784320191.485077,CONST330,TRACKING,330,34.075722,52.831129,-0.024334,-0.101384,5.000575,0.000000,0.000000,5.000000,0.104265,0
1784320191.535075,CONST330,TRACKING,330,31.168805,36.045651,-0.022842,-0.100045,5.003614,0.000000,0.000000,5.000000,0.102683,0
1784320191.585076,CONST330,TRACKING,330,34.163416,52.956595,-0.020759,-0.097163,5.006271,0.000000,0.000000,5.000000,0.099553,0
1784320191.635076,CONST330,TRACKING,330,31.157955,36.082165,-0.015292,-0.088848,5.013355,0.000000,0.000000,5.000000,0.091138,0
1784320191.687299,CONST330,TRACKING,330,31.162771,52.195016,-0.012905,-0.084989,5.016035,0.000000,0.000000,5.000000,0.087446,0
1784320191.735076,CONST330,TRACKING,330,34.089049,39.156664,-0.008801,-0.073937,5.023210,0.000000,0.000000,5.000000,0.077993,0
1784320191.785076,CONST330,TRACKING,330,31.228831,47.102134,-0.006926,-0.068407,5.027670,0.000000,0.000000,5.000000,0.074116,0
1784320191.835077,CONST330,TRACKING,330,34.158939,37.928574,-0.005127,-0.055318,5.038626,0.000000,0.000000,5.000000,0.067663,0
1784320191.885079,CONST330,TRACKING,330,31.166162,46.972473,-0.004713,-0.049358,5.041460,0.000000,0.000000,5.000000,0.064632,0
1784320191.935077,CONST330,TRACKING,330,34.161733,39.126845,-0.004111,-0.035794,5.045834,0.000000,0.000000,5.000000,0.058300,0
1784320191.985080,CONST330,TRACKING,330,31.191265,46.996823,-0.004304,-0.026980,5.047141,0.000000,0.000000,5.000000,0.054486,0
1784320192.035080,CONST330,TRACKING,330,33.997688,38.945755,-0.004331,-0.008274,5.048033,0.000000,0.000000,5.000000,0.048933,0
1784320192.085078,CONST330,TRACKING,330,33.278026,49.243474,-0.003991,0.001737,5.044626,0.000000,0.000000,5.000000,0.044838,0
1784320192.135078,CONST330,TRACKING,330,30.966904,35.790988,-0.002927,0.020146,5.034235,0.000000,0.000000,5.000000,0.039830,0
1784320192.186299,CONST330,TRACKING,330,34.405211,54.622715,-0.002120,0.028544,5.029459,0.000000,0.000000,5.000000,0.041074,0
1784320192.235078,CONST330,TRACKING,330,30.182484,35.163696,0.001454,0.043135,5.018750,0.000000,0.000000,5.000000,0.047057,0
1784320192.286298,CONST330,TRACKING,330,34.209687,55.217144,0.003066,0.049027,5.014440,0.000000,0.000000,5.000000,0.051201,0
1784320192.335079,CONST330,TRACKING,330,33.187641,38.064632,0.007684,0.056247,5.009346,0.000000,0.000000,5.000000,0.057533,0
1784320192.385080,CONST330,TRACKING,330,30.204356,46.982439,0.010207,0.058594,5.007735,0.000000,0.000000,5.000000,0.059978,0
1784320192.435081,CONST330,TRACKING,330,33.252506,38.211945,0.014708,0.063896,5.004391,0.000000,0.000000,5.000000,0.065714,0
1784320192.485080,CONST330,TRACKING,330,32.319656,49.013523,0.015954,0.066380,5.003110,0.000000,0.000000,5.000000,0.068341,0
1784320192.535081,CONST330,TRACKING,330,32.238353,35.010958,0.018318,0.070282,5.002424,0.000000,0.000000,5.000000,0.072670,0
1784320192.585081,CONST330,TRACKING,330,34.342053,52.064676,0.018982,0.071572,5.003713,0.000000,0.000000,5.000000,0.074140,0
1784320192.635082,CONST330,TRACKING,330,31.188220,35.904718,0.019640,0.073468,5.008234,0.000000,0.000000,5.000000,0.076492,0
1784320192.685081,CONST330,TRACKING,330,33.285458,52.061338,0.019830,0.073946,5.008955,0.000000,0.000000,5.000000,0.077081,0
1784320192.735081,CONST330,TRACKING,330,33.080880,38.029895,0.016832,0.076904,5.002501,0.000000,0.000000,5.000000,0.078764,0
1784320192.785082,CONST330,TRACKING,330,33.189947,50.070906,0.015636,0.077627,5.000014,0.000000,0.000000,5.000000,0.079186,0
1784320192.835082,CONST330,TRACKING,330,33.120868,37.953649,0.012815,0.076100,4.997604,0.000000,0.000000,5.000000,0.077209,0
1784320192.885082,CONST330,TRACKING,330,33.143352,49.990074,0.011491,0.074444,4.995557,0.000000,0.000000,5.000000,0.075456,0
1784320192.935082,CONST330,TRACKING,330,30.156813,35.044759,0.008820,0.069766,4.987942,0.000000,0.000000,5.000000,0.071348,0
1784320192.985085,CONST330,TRACKING,330,33.194639,53.011547,0.007917,0.066423,4.981411,0.000000,0.000000,5.000000,0.069428,0
1784320193.035083,CONST330,TRACKING,330,33.159322,38.072871,0.005741,0.058320,4.970367,0.000000,0.000000,5.000000,0.065668,0
1784320193.085083,CONST330,TRACKING,330,33.163280,49.972042,0.003870,0.053279,4.969747,0.000000,0.000000,5.000000,0.061392,0
1784320193.135083,CONST330,TRACKING,330,33.176306,38.004160,-0.000352,0.042205,4.972259,0.000000,0.000000,5.000000,0.050507,0
1784320193.185084,CONST330,TRACKING,330,32.428882,49.222184,-0.001728,0.038584,4.973652,0.000000,0.000000,5.000000,0.046754,0
1784320193.235084,CONST330,TRACKING,330,33.193257,38.130636,-0.011782,0.020916,4.977802,0.000000,0.000000,5.000000,0.032696,0
1784320193.285084,CONST330,TRACKING,330,33.122178,49.890227,-0.015867,0.013441,4.978468,0.000000,0.000000,5.000000,0.029934,0
1784320193.335084,CONST330,TRACKING,330,33.202901,38.097956,-0.025740,0.000166,4.978145,0.000000,0.000000,5.000000,0.033767,0
1784320193.385087,CONST330,TRACKING,330,33.197460,49.942633,-0.030978,-0.006037,4.979525,0.000000,0.000000,5.000000,0.037621,0
1784320193.435085,CONST330,TRACKING,330,33.208764,37.754446,-0.040570,-0.020224,4.985871,0.000000,0.000000,5.000000,0.047482,0
1784320193.485086,CONST330,TRACKING,330,33.197831,49.945515,-0.043511,-0.026955,4.989121,0.000000,0.000000,5.000000,0.052327,0
1784320193.535086,CONST330,TRACKING,330,30.181356,35.085736,-0.049079,-0.039439,4.994056,0.000000,0.000000,5.000000,0.063242,0
1784320193.586299,CONST330,TRACKING,330,34.322314,55.316559,-0.051419,-0.045000,4.995441,0.000000,0.000000,5.000000,0.068481,0
1784320193.635086,CONST330,TRACKING,330,30.147523,35.081376,-0.055567,-0.055851,4.997972,0.000000,0.000000,5.000000,0.078811,0
1784320193.685087,CONST330,TRACKING,330,33.173905,52.992099,-0.056895,-0.060005,4.999599,0.000000,0.000000,5.000000,0.082691,0
1784320193.735088,CONST330,TRACKING,330,33.231907,38.154627,-0.056946,-0.065291,5.009112,0.000000,0.000000,5.000000,0.087114,0
1784320193.785087,CONST330,TRACKING,330,33.238156,49.949837,-0.056647,-0.067215,5.014072,0.000000,0.000000,5.000000,0.089022,0
1784320193.835088,CONST330,TRACKING,330,33.229523,38.113938,-0.053555,-0.069545,5.022279,0.000000,0.000000,5.000000,0.090560,0
1784320193.885087,CONST330,TRACKING,330,32.279838,49.002370,-0.051574,-0.069895,5.024495,0.000000,0.000000,5.000000,0.090251,0
1784320193.935088,CONST330,TRACKING,330,32.179494,37.102762,-0.046993,-0.069313,5.027413,0.000000,0.000000,5.000000,0.088115,0
1784320193.985299,CONST330,TRACKING,330,34.219751,52.213288,-0.044189,-0.067806,5.028306,0.000000,0.000000,5.000000,0.085742,0
1784320194.035088,CONST330,TRACKING,330,32.193282,37.084073,-0.037688,-0.063971,5.025698,0.000000,0.000000,5.000000,0.078569,0
1784320194.085088,CONST330,TRACKING,330,32.155613,49.922616,-0.036163,-0.061420,5.024368,0.000000,0.000000,5.000000,0.075326,0
1784320194.135089,CONST330,TRACKING,330,35.212990,40.235598,-0.031955,-0.055749,5.022658,0.000000,0.000000,5.000000,0.068135,0
1784320194.185090,CONST330,TRACKING,330,32.184145,46.936376,-0.029412,-0.052579,5.023376,0.000000,0.000000,5.000000,0.064622,0
1784320194.235089,CONST330,TRACKING,330,32.154519,37.220754,-0.021173,-0.044625,5.024388,0.000000,0.000000,5.000000,0.055086,0
1784320194.285089,CONST330,TRACKING,330,32.151546,49.959280,-0.017351,-0.041058,5.022984,0.000000,0.000000,5.000000,0.050150,0
1784320194.335089,CONST330,TRACKING,330,35.178840,40.222509,-0.008176,-0.032752,5.017668,0.000000,0.000000,5.000000,0.038101,0
1784320194.385090,CONST330,TRACKING,330,32.186455,46.970915,-0.003361,-0.028398,5.015274,0.000000,0.000000,5.000000,0.032420,0
1784320194.435090,CONST330,TRACKING,330,32.236054,37.306789,0.007929,-0.018346,5.011713,0.000000,0.000000,5.000000,0.023166,0
1784320194.485090,CONST330,TRACKING,330,34.175784,51.894452,0.013466,-0.013334,5.011183,0.000000,0.000000,5.000000,0.022004,0
1784320194.535091,CONST330,TRACKING,330,31.184455,36.271398,0.023946,-0.004014,5.007305,0.000000,0.000000,5.000000,0.025355,0
1784320194.585091,CONST330,TRACKING,330,34.158992,52.941734,0.029114,-0.001062,5.005003,0.000000,0.000000,5.000000,0.029560,0
1784320194.635090,CONST330,TRACKING,330,31.128610,36.093780,0.040158,0.004771,4.999811,0.000000,0.000000,5.000000,0.040441,0
1784320194.685091,CONST330,TRACKING,330,34.148873,52.992533,0.044597,0.007588,4.997859,0.000000,0.000000,5.000000,0.045289,0
1784320194.735092,CONST330,TRACKING,330,31.170938,36.204252,0.055305,0.015915,4.988803,0.000000,0.000000,5.000000,0.058628,0
1784320194.785093,CONST330,TRACKING,330,34.233685,53.027404,0.059992,0.019718,4.985208,0.000000,0.000000,5.000000,0.064859,0
1784320194.835093,CONST330,TRACKING,330,34.155332,39.212602,0.070733,0.027912,4.985311,0.000000,0.000000,5.000000,0.077447,0
1784320194.885092,CONST330,TRACKING,330,31.192652,47.006393,0.075237,0.031353,4.986337,0.000000,0.000000,5.000000,0.082646,0
1784320194.935092,CONST330,TRACKING,330,34.177054,39.035270,0.082814,0.038006,4.987106,0.000000,0.000000,5.000000,0.092027,0
1784320194.985094,CONST330,TRACKING,330,31.219724,47.013031,0.084611,0.040265,4.985057,0.000000,0.000000,5.000000,0.094887,0
1784320195.035094,CONST330,TRACKING,330,34.153919,39.122536,0.086697,0.044274,4.980734,0.000000,0.000000,5.000000,0.099236,0
1784320195.085093,CONST330,TRACKING,330,31.168615,46.971449,0.087301,0.044147,4.978101,0.000000,0.000000,5.000000,0.100249,0
1784320195.135093,CONST330,TRACKING,330,34.037145,38.980650,0.087206,0.043697,4.972160,0.000000,0.000000,5.000000,0.101437,0
1784320195.185094,CONST330,TRACKING,330,33.452057,49.385221,0.086726,0.043443,4.968455,0.000000,0.000000,5.000000,0.101999,0
1784320195.235094,CONST330,TRACKING,330,31.192957,36.259365,0.079765,0.043936,4.962433,0.000000,0.000000,5.000000,0.098509,0
1784320195.285095,CONST330,TRACKING,330,34.201121,52.954522,0.076638,0.043924,4.961599,0.000000,0.000000,5.000000,0.096319,0
1784320195.335095,CONST330,TRACKING,330,34.170170,39.071817,0.071504,0.043012,4.961702,0.000000,0.000000,5.000000,0.091813,0
1784320195.385095,CONST330,TRACKING,330,31.225148,47.019668,0.069030,0.042201,4.961839,0.000000,0.000000,5.000000,0.089456,0
1784320195.435095,CONST330,TRACKING,330,34.228460,39.104505,0.059850,0.039049,4.964890,0.000000,0.000000,5.000000,0.079622,0
1784320195.485096,CONST330,TRACKING,330,31.206830,46.918637,0.053504,0.036799,4.969340,0.000000,0.000000,5.000000,0.071812,0
1784320195.535095,CONST330,TRACKING,330,34.231448,39.294424,0.041358,0.032232,4.980245,0.000000,0.000000,5.000000,0.056033,0
1784320195.585096,CONST330,TRACKING,330,31.203779,46.938172,0.035842,0.030008,4.987876,0.000000,0.000000,5.000000,0.048292,0
1784320195.635096,CONST330,TRACKING,330,33.940756,38.974264,0.023990,0.025225,5.001518,0.000000,0.000000,5.000000,0.034844,0
1784320195.685097,CONST330,TRACKING,330,34.144597,50.155064,0.018688,0.023264,5.007320,0.000000,0.000000,5.000000,0.030725,0
1784320195.735097,CONST330,TRACKING,330,31.190149,36.175224,0.010060,0.016626,5.015630,0.000000,0.000000,5.000000,0.024939,0
1784320195.785097,CONST330,TRACKING,330,34.131250,52.899710,0.005387,0.013575,5.018709,0.000000,0.000000,5.000000,0.023735,0
1784320195.835097,CONST330,TRACKING,330,31.216889,36.176902,-0.005864,0.007694,5.027004,0.000000,0.000000,5.000000,0.028684,0
1784320195.885098,CONST330,TRACKING,330,34.203617,52.950989,-0.010906,0.005330,5.031161,0.000000,0.000000,5.000000,0.033442,0
1784320195.935098,CONST330,TRACKING,330,31.198931,36.148189,-0.021302,0.000235,5.039097,0.000000,0.000000,5.000000,0.044524,0
1784320195.985100,CONST330,TRACKING,330,34.182296,52.951129,-0.027094,-0.002875,5.044603,0.000000,0.000000,5.000000,0.052267,0
1784320196.035099,CONST330,TRACKING,330,34.153244,39.132011,-0.039155,-0.009590,5.054633,0.000000,0.000000,5.000000,0.067896,0
1784320196.085099,CONST330,TRACKING,330,31.199440,47.011791,-0.044297,-0.012815,5.056911,0.000000,0.000000,5.000000,0.073248,0
1784320196.135098,CONST330,TRACKING,330,34.191869,39.220264,-0.053613,-0.018643,5.058457,0.000000,0.000000,5.000000,0.081481,0
1784320196.185100,CONST330,TRACKING,330,31.228775,47.003560,-0.057853,-0.021310,5.057546,0.000000,0.000000,5.000000,0.084337,0
1784320196.235100,CONST330,TRACKING,330,33.198035,38.113577,-0.064810,-0.029451,5.054875,0.000000,0.000000,5.000000,0.089884,0
1784320196.285100,CONST330,TRACKING,330,33.160184,49.909812,-0.067670,-0.032946,5.052823,0.000000,0.000000,5.000000,0.091951,0
1784320196.335099,CONST330,TRACKING,330,33.168066,38.015999,-0.072935,-0.038621,5.046354,0.000000,0.000000,5.000000,0.094656,0
1784320196.385100,CONST330,TRACKING,330,32.196401,48.993667,-0.075246,-0.041085,5.041795,0.000000,0.000000,5.000000,0.095377,0
1784320196.435101,CONST330,TRACKING,330,34.159274,39.105412,-0.078482,-0.047054,5.032133,0.000000,0.000000,5.000000,0.096985,0
1784320196.485101,CONST330,TRACKING,330,33.182363,48.975292,-0.078939,-0.050039,5.027802,0.000000,0.000000,5.000000,0.097510,0
1784320196.535100,CONST330,TRACKING,330,32.166214,37.088771,-0.079100,-0.055093,5.021663,0.000000,0.000000,5.000000,0.098799,0
1784320196.585101,CONST330,TRACKING,330,32.167225,49.963767,-0.078038,-0.058617,5.021219,0.000000,0.000000,5.000000,0.099880,0
1784320196.635101,CONST330,TRACKING,330,34.139117,39.193925,-0.074110,-0.065718,5.022811,0.000000,0.000000,5.000000,0.101644,0
1784320196.685102,CONST330,TRACKING,330,33.199836,49.027833,-0.071904,-0.068129,5.023436,0.000000,0.000000,5.000000,0.101789,0
1784320196.735102,CONST330,TRACKING,330,30.119603,35.110030,-0.066486,-0.069085,5.022721,0.000000,0.000000,5.000000,0.098536,0
1784320196.785103,CONST330,TRACKING,330,35.471664,55.307934,-0.063359,-0.069008,5.021808,0.000000,0.000000,5.000000,0.096188,0
1784320196.835102,CONST330,TRACKING,330,31.013202,35.996626,-0.052433,-0.067838,5.018717,0.000000,0.000000,5.000000,0.087759,0
1784320196.885103,CONST330,TRACKING,330,34.110027,53.061028,-0.046840,-0.066817,5.018033,0.000000,0.000000,5.000000,0.083568,0
1784320196.935103,CONST330,TRACKING,330,31.114446,36.085091,-0.037126,-0.063753,5.016478,0.000000,0.000000,5.000000,0.075593,0
1784320196.985103,CONST330,TRACKING,330,35.283331,54.141070,-0.033485,-0.060981,5.014538,0.000000,0.000000,5.000000,0.071072,0
1784320197.035103,CONST330,TRACKING,330,31.215268,36.103006,-0.027358,-0.056196,5.009918,0.000000,0.000000,5.000000,0.063284,0
1784320197.085103,CONST330,TRACKING,330,33.197176,51.947928,-0.023563,-0.054252,5.008858,0.000000,0.000000,5.000000,0.059807,0
1784320197.135105,CONST330,TRACKING,330,32.147953,36.969331,-0.014840,-0.049449,5.006279,0.000000,0.000000,5.000000,0.052008,0
1784320197.185104,CONST330,TRACKING,330,34.214635,52.028931,-0.011333,-0.047132,5.005731,0.000000,0.000000,5.000000,0.048813,0
1784320197.235104,CONST330,TRACKING,330,33.934895,38.905645,-0.006776,-0.042624,5.007225,0.000000,0.000000,5.000000,0.043760,0
1784320197.285105,CONST330,TRACKING,330,30.177710,46.204942,-0.004550,-0.040098,5.010030,0.000000,0.000000,5.000000,0.041583,0
1784320197.335105,CONST330,TRACKING,330,35.134313,40.160153,-0.000782,-0.033797,5.014281,0.000000,0.000000,5.000000,0.036699,0
1784320197.385105,CONST330,TRACKING,330,32.159127,46.982771,0.000835,-0.030255,5.014162,0.000000,0.000000,5.000000,0.033416,0
1784320197.435105,CONST330,TRACKING,330,31.160887,36.164241,0.003067,-0.022647,5.016953,0.000000,0.000000,5.000000,0.028456,0
1784320197.485106,CONST330,TRACKING,330,33.171534,51.971074,0.003108,-0.019843,5.018885,0.000000,0.000000,5.000000,0.027569,0
1784320197.535106,CONST330,TRACKING,330,35.165129,40.083617,0.003612,-0.014136,5.020977,0.000000,0.000000,5.000000,0.025552,0
1784320197.585107,CONST330,TRACKING,330,31.182723,45.974196,0.003000,-0.010436,5.021045,0.000000,0.000000,5.000000,0.023681,0
1784320197.635106,CONST330,TRACKING,330,33.178474,38.132852,0.002137,-0.004797,5.022707,0.000000,0.000000,5.000000,0.023306,0
1784320197.685107,CONST330,TRACKING,330,32.230153,49.012501,0.001982,-0.001899,5.023314,0.000000,0.000000,5.000000,0.023475,0
1784320197.735106,CONST330,TRACKING,330,34.155682,39.177838,-0.000201,0.002619,5.025226,0.000000,0.000000,5.000000,0.025362,0
1784320197.785107,CONST330,TRACKING,330,33.186139,48.990852,-0.001040,0.005175,5.025282,0.000000,0.000000,5.000000,0.025827,0
1784320197.835109,CONST330,TRACKING,330,32.202696,37.282468,-0.002053,0.009556,5.019673,0.000000,0.000000,5.000000,0.021968,0
1784320197.885108,CONST330,TRACKING,330,34.205446,51.966924,-0.002153,0.011279,5.017082,0.000000,0.000000,5.000000,0.020583,0
1784320197.935108,CONST330,TRACKING,330,30.159573,35.240408,-0.001992,0.014597,5.016153,0.000000,0.000000,5.000000,0.021862,0
1784320197.985109,CONST330,TRACKING,330,35.202159,55.010715,-0.002062,0.015807,5.016725,0.000000,0.000000,5.000000,0.023105,0
1784320198.035109,CONST330,TRACKING,330,31.184400,36.069723,-0.001771,0.018589,5.015897,0.000000,0.000000,5.000000,0.024523,0
1784320198.085109,CONST330,TRACKING,330,33.202252,51.981364,-0.001164,0.019429,5.014430,0.000000,0.000000,5.000000,0.024229,0
1784320198.135108,CONST330,TRACKING,330,32.204674,37.175310,0.000418,0.020958,5.014086,0.000000,0.000000,5.000000,0.025256,0
1784320198.185109,CONST330,TRACKING,330,34.239702,52.002762,0.001417,0.022572,5.014819,0.000000,0.000000,5.000000,0.027039,0
1784320198.235109,CONST330,TRACKING,330,33.043464,38.029171,0.001958,0.028690,5.019890,0.000000,0.000000,5.000000,0.034965,0
1784320198.285110,CONST330,TRACKING,330,32.175657,49.099450,0.002319,0.031278,5.023595,0.000000,0.000000,5.000000,0.039248,0
1784320198.335110,CONST330,TRACKING,330,34.183831,38.970200,0.002532,0.035103,5.026457,0.000000,0.000000,5.000000,0.044030,0
1784320198.385110,CONST330,TRACKING,330,33.195695,48.980992,0.002494,0.036292,5.025103,0.000000,0.000000,5.000000,0.044198,0
1784320198.435112,CONST330,TRACKING,330,31.093063,36.070231,0.002459,0.038303,5.022947,0.000000,0.000000,5.000000,0.044718,0
1784320198.485111,CONST330,TRACKING,330,34.104444,52.967671,0.002525,0.038999,5.022760,0.000000,0.000000,5.000000,0.045226,0
1784320198.535111,CONST330,TRACKING,330,33.163896,38.069399,0.002167,0.039954,5.023933,0.000000,0.000000,5.000000,0.046624,0
1784320198.585143,CONST330,TRACKING,330,21.580192,38.408886,0.002037,0.041105,5.025056,0.000000,0.000000,5.000000,0.048183,0
1784320198.635172,CONST330,TRACKING,330,22.607180,27.459502,0.001689,0.043565,5.024874,0.000000,0.000000,5.000000,0.050195,0
1784320198.685178,CONST330,TRACKING,330,23.954439,46.852344,0.001427,0.044311,5.025111,0.000000,0.000000,5.000000,0.050951,0
1784320198.735140,CONST330,TRACKING,330,23.890491,28.682962,0.000002,0.044992,5.019423,0.000000,0.000000,5.000000,0.049006,0
1784320198.785176,CONST330,TRACKING,330,24.360647,47.342387,-0.000666,0.045123,5.016106,0.000000,0.000000,5.000000,0.047915,0
1784320198.835253,CONST330,TRACKING,330,24.321053,29.228504,-0.003833,0.042940,5.006775,0.000000,0.000000,5.000000,0.043640,0
1784320198.885173,CONST330,TRACKING,330,24.319925,47.363062,-0.005450,0.041447,5.003685,0.000000,0.000000,5.000000,0.041966,0
1784320198.935262,CONST330,TRACKING,330,23.984537,28.973054,-0.007586,0.040206,4.996941,0.000000,0.000000,5.000000,0.041030,0
1784320198.985175,CONST330,TRACKING,330,24.360637,47.441828,-0.007542,0.042034,4.992872,0.000000,0.000000,5.000000,0.043296,0
1784320199.035128,CONST330,TRACKING,330,24.045536,28.934627,-0.006990,0.045170,4.985379,0.000000,0.000000,5.000000,0.047989,0
1784320199.085254,CONST330,TRACKING,330,24.769122,47.958462,-0.006657,0.047673,4.984990,0.000000,0.000000,5.000000,0.050422,0
1784320199.135137,CONST330,TRACKING,330,24.068245,28.858220,-0.005867,0.051302,4.987725,0.000000,0.000000,5.000000,0.053075,0
1784320199.185263,CONST330,TRACKING,330,24.442376,47.570164,-0.005378,0.052576,4.990648,0.000000,0.000000,5.000000,0.053672,0
1784320199.235250,CONST330,TRACKING,330,24.003672,28.920450,-0.002685,0.052891,4.994676,0.000000,0.000000,5.000000,0.053226,0
1784320199.285259,CONST330,TRACKING,330,24.264199,47.359315,-0.001636,0.052728,4.995827,0.000000,0.000000,5.000000,0.052918,0
1784320199.335171,CONST330,TRACKING,330,24.094510,28.922306,0.000057,0.052123,4.994720,0.000000,0.000000,5.000000,0.052389,0
1784320199.385186,CONST330,TRACKING,330,24.207488,47.291259,0.000826,0.051628,4.992826,0.000000,0.000000,5.000000,0.052130,0
1784320199.435157,CONST330,TRACKING,330,24.009036,28.936179,0.002862,0.049473,4.991774,0.000000,0.000000,5.000000,0.050234,0
1784320199.485189,CONST330,TRACKING,330,24.237548,47.284775,0.004029,0.047970,4.993537,0.000000,0.000000,5.000000,0.048571,0
1784320199.535172,CONST330,TRACKING,330,24.138607,29.074446,0.006607,0.044223,4.997427,0.000000,0.000000,5.000000,0.044788,0
1784320199.585252,CONST330,TRACKING,330,24.313688,47.453142,0.009366,0.040083,5.002777,0.000000,0.000000,5.000000,0.041256,0
1784320199.635164,CONST330,TRACKING,330,24.176697,29.075305,0.016211,0.029995,5.013885,0.000000,0.000000,5.000000,0.036815,0
1784320199.685331,CONST330,TRACKING,330,24.232282,47.407477,0.019132,0.025738,5.016902,0.000000,0.000000,5.000000,0.036251,0
1784320199.735262,CONST330,TRACKING,330,24.003054,29.057544,0.021146,0.017272,5.028253,0.000000,0.000000,5.000000,0.039290,0
1784320199.785173,CONST330,TRACKING,330,24.201549,47.233873,0.022131,0.013084,5.034322,0.000000,0.000000,5.000000,0.042883,0
1784320199.835186,CONST330,TRACKING,330,24.048292,28.890877,0.026029,-0.000505,5.047955,0.000000,0.000000,5.000000,0.054566,0
1784320199.885186,CONST330,TRACKING,330,23.720229,46.639248,0.027953,-0.007258,5.052481,0.000000,0.000000,5.000000,0.059902,0
1784320199.935258,CONST330,TRACKING,330,24.113718,29.097512,0.031911,-0.019760,5.059867,0.000000,0.000000,5.000000,0.070660,0
1784320199.985180,CONST330,TRACKING,330,24.429511,47.502687,0.034472,-0.025159,5.062508,0.000000,0.000000,5.000000,0.075687,0
1784320200.035259,CONST330,TRACKING,330,23.570190,28.559702,0.038973,-0.036282,5.065216,0.000000,0.000000,5.000000,0.084192,0
1784320200.085250,CONST330,TRACKING,330,22.753461,45.933963,0.039482,-0.037757,5.067850,0.000000,0.000000,5.000000,0.087110,0
1784320200.135255,CONST330,TRACKING,330,24.530014,29.461513,0.039804,-0.040353,5.073206,0.000000,0.000000,5.000000,0.092584,0
1784320200.185254,CONST330,TRACKING,330,23.358384,46.468724,0.039620,-0.041359,5.074476,0.000000,0.000000,5.000000,0.093952,0
1784320200.235199,CONST330,TRACKING,330,24.280975,29.259758,0.039346,-0.037099,5.075054,0.000000,0.000000,5.000000,0.092507,0
1784320200.285182,CONST330,TRACKING,330,24.365211,47.447505,0.038846,-0.035191,5.074884,0.000000,0.000000,5.000000,0.091406,0
1784320200.335135,CONST330,TRACKING,330,24.745245,29.644632,0.036024,-0.030596,5.074782,0.000000,0.000000,5.000000,0.088466,0
1784320200.385180,CONST330,TRACKING,330,24.352044,47.404542,0.033914,-0.028207,5.073112,0.000000,0.000000,5.000000,0.085389,0
1784320200.435173,CONST330,TRACKING,330,22.919727,27.854359,0.027274,-0.022554,5.063169,0.000000,0.000000,5.000000,0.072407,0
1784320200.485188,CONST330,TRACKING,330,24.932823,48.028486,0.023316,-0.019543,5.056312,0.000000,0.000000,5.000000,0.064005,0
1784320200.535189,CONST330,TRACKING,330,23.825255,28.683102,0.015840,-0.014206,5.040054,0.000000,0.000000,5.000000,0.045354,0
1784320200.585190,CONST330,TRACKING,330,25.171655,48.272963,0.012134,-0.012258,5.032296,0.000000,0.000000,5.000000,0.036613,0
1784320200.635176,CONST330,TRACKING,330,23.228158,28.225989,0.004223,-0.008722,5.019143,0.000000,0.000000,5.000000,0.021456,0
1784320200.685170,CONST330,TRACKING,330,24.920779,47.982483,0.000841,-0.007254,5.014571,0.000000,0.000000,5.000000,0.016298,0
1784320200.735167,CONST330,TRACKING,330,23.539375,28.514877,-0.003672,-0.004286,5.005960,0.000000,0.000000,5.000000,0.008208,0
1784320200.785179,CONST330,TRACKING,330,24.612044,47.731202,-0.005972,-0.002873,5.001706,0.000000,0.000000,5.000000,0.006843,0
1784320200.835166,CONST330,TRACKING,330,23.856838,28.797470,-0.012685,0.000185,4.991130,0.000000,0.000000,5.000000,0.015479,0
1784320200.885181,CONST330,TRACKING,330,25.021798,48.095917,-0.015840,0.001532,4.989168,0.000000,0.000000,5.000000,0.019251,0
1784320200.935170,CONST330,TRACKING,330,23.576752,28.511976,-0.020807,0.004270,4.986238,0.000000,0.000000,5.000000,0.025309,0
1784320200.985186,CONST330,TRACKING,330,23.734193,46.873428,-0.022256,0.005866,4.983926,0.000000,0.000000,5.000000,0.028074,0
1784320201.035159,CONST330,TRACKING,330,23.985700,28.782488,-0.025289,0.008904,4.982965,0.000000,0.000000,5.000000,0.031764,0
1784320201.085183,CONST330,TRACKING,330,24.626838,47.754358,-0.027234,0.010852,4.986934,0.000000,0.000000,5.000000,0.032096,0
1784320201.135193,CONST330,TRACKING,330,24.133597,28.981861,-0.031132,0.014686,4.995341,0.000000,0.000000,5.000000,0.034736,0
1784320201.185184,CONST330,TRACKING,330,24.034501,47.049877,-0.033012,0.016566,5.000154,0.000000,0.000000,5.000000,0.036936,0
1784320201.235264,CONST330,TRACKING,330,24.073355,29.011219,-0.037593,0.017848,5.007490,0.000000,0.000000,5.000000,0.042284,0
1784320201.285184,CONST330,TRACKING,330,24.319892,47.446186,-0.039577,0.018550,5.009477,0.000000,0.000000,5.000000,0.044724,0
1784320201.335267,CONST330,TRACKING,330,24.268129,29.139127,-0.044394,0.020265,5.008420,0.000000,0.000000,5.000000,0.049522,0
1784320201.385264,CONST330,TRACKING,330,24.095846,47.188744,-0.046805,0.021084,5.006528,0.000000,0.000000,5.000000,0.051748,0
1784320201.435265,CONST330,TRACKING,330,24.271565,29.142662,-0.050685,0.020149,5.002523,0.000000,0.000000,5.000000,0.054601,0
1784320201.485265,CONST330,TRACKING,330,24.252161,47.257674,-0.051756,0.017776,5.002575,0.000000,0.000000,5.000000,0.054784,0
1784320201.535272,CONST330,TRACKING,330,23.754706,28.629023,-0.053126,0.013404,5.001255,0.000000,0.000000,5.000000,0.054805,0
1784320201.585266,CONST330,TRACKING,330,24.318991,47.472340,-0.052922,0.010237,5.000607,0.000000,0.000000,5.000000,0.053906,0
1784320201.635267,CONST330,TRACKING,330,24.622821,29.480744,-0.051509,0.003285,4.994261,0.000000,0.000000,5.000000,0.051932,0
1784320201.685192,CONST330,TRACKING,330,23.915281,47.022534,-0.050675,0.000644,4.991018,0.000000,0.000000,5.000000,0.051469,0
1784320201.735271,CONST330,TRACKING,330,23.985451,28.918157,-0.048519,-0.010328,4.992177,0.000000,0.000000,5.000000,0.050219,0
1784320201.785267,CONST330,TRACKING,330,24.194889,47.314459,-0.047448,-0.015058,4.993199,0.000000,0.000000,5.000000,0.050242,0
1784320201.835276,CONST330,TRACKING,330,24.200024,29.095342,-0.046980,-0.024052,5.000431,0.000000,0.000000,5.000000,0.052781,0
1784320201.885267,CONST330,TRACKING,330,24.185896,47.338546,-0.047088,-0.027232,5.003696,0.000000,0.000000,5.000000,0.054521,0
1784320201.935175,CONST330,TRACKING,330,24.065038,28.695698,-0.046151,-0.031183,5.010447,0.000000,0.000000,5.000000,0.056670,0
1784320201.985273,CONST330,TRACKING,330,24.221942,47.371825,-0.044586,-0.030825,5.016551,0.000000,0.000000,5.000000,0.056674,0
1784320202.035271,CONST330,TRACKING,330,23.968449,28.937887,-0.040005,-0.030084,5.030993,0.000000,0.000000,5.000000,0.058872,0
1784320202.085268,CONST330,TRACKING,330,24.488963,47.512353,-0.035825,-0.029142,5.037773,0.000000,0.000000,5.000000,0.059661,0
1784320202.135152,CONST330,TRACKING,330,24.312890,29.306100,-0.027896,-0.026906,5.047258,0.000000,0.000000,5.000000,0.061118,0
1784320202.185266,CONST330,TRACKING,330,24.315318,47.447224,-0.024086,-0.025356,5.050826,0.000000,0.000000,5.000000,0.061695,0
1784320202.235287,CONST330,TRACKING,330,24.089787,29.148860,-0.020062,-0.020140,5.053593,0.000000,0.000000,5.000000,0.060666,0
1784320202.285270,CONST330,TRACKING,330,24.341298,47.487495,-0.018142,-0.017711,5.053118,0.000000,0.000000,5.000000,0.058859,0
1784320202.335268,CONST330,TRACKING,330,24.231416,29.171776,-0.017754,-0.013118,5.052957,0.000000,0.000000,5.000000,0.057374,0
1784320202.385277,CONST330,TRACKING,330,24.401405,47.537623,-0.018284,-0.011003,5.053927,0.000000,0.000000,5.000000,0.057996,0
1784320202.435177,CONST330,TRACKING,330,24.320093,29.163656,-0.018268,-0.006098,5.055282,0.000000,0.000000,5.000000,0.058540,0
1784320202.485204,CONST330,TRACKING,330,24.367448,47.458209,-0.017645,-0.003809,5.056837,0.000000,0.000000,5.000000,0.059635,0
1784320202.535184,CONST330,TRACKING,330,23.526380,28.461749,-0.015393,0.000450,5.054253,0.000000,0.000000,5.000000,0.056396,0
1784320202.585196,CONST330,TRACKING,330,24.447226,47.558347,-0.013473,0.002544,5.051150,0.000000,0.000000,5.000000,0.052956,0
1784320202.635170,CONST330,TRACKING,330,22.934643,27.834075,-0.008523,0.007123,5.041441,0.000000,0.000000,5.000000,0.042904,0
1784320202.685190,CONST330,TRACKING,330,24.254254,47.270781,-0.006337,0.009085,5.036211,0.000000,0.000000,5.000000,0.037867,0
1784320202.735193,CONST330,TRACKING,330,24.258876,29.104619,-0.000656,0.012035,5.019761,0.000000,0.000000,5.000000,0.023147,0
1784320202.785270,CONST330,TRACKING,330,24.346153,47.540260,0.002163,0.013570,5.012318,0.000000,0.000000,5.000000,0.018454,0
1784320202.835174,CONST330,TRACKING,330,24.082227,29.019514,0.009498,0.018585,5.002429,0.000000,0.000000,5.000000,0.021013,0
1784320202.885195,CONST330,TRACKING,330,23.774665,46.821623,0.013045,0.021207,4.999822,0.000000,0.000000,5.000000,0.024899,0
1784320202.935144,CONST330,TRACKING,330,24.414210,29.334343,0.020227,0.027670,4.993515,0.000000,0.000000,5.000000,0.034883,0
1784320202.985271,CONST330,TRACKING,330,24.210743,47.359163,0.023985,0.032844,4.989866,0.000000,0.000000,5.000000,0.041913,0
1784320203.035178,CONST330,TRACKING,330,23.943303,28.626569,0.031801,0.042543,4.987655,0.000000,0.000000,5.000000,0.054531,0
1784320203.085190,CONST330,TRACKING,330,23.180562,46.300972,0.033374,0.045131,4.983966,0.000000,0.000000,5.000000,0.058376,0
1784320203.135265,CONST330,TRACKING,330,24.442181,29.462299,0.036180,0.049133,4.975646,0.000000,0.000000,5.000000,0.065697,0
1784320203.185276,CONST330,TRACKING,330,24.608381,47.688481,0.037224,0.050523,4.973968,0.000000,0.000000,5.000000,0.067941,0
1784320203.235174,CONST330,TRACKING,330,23.813117,28.498337,0.038287,0.053291,4.974330,0.000000,0.000000,5.000000,0.070461,0
1784320203.285197,CONST330,TRACKING,330,24.377513,47.430715,0.038727,0.054128,4.973454,0.000000,0.000000,5.000000,0.071654,0
1784320203.335291,CONST330,TRACKING,330,24.013635,28.968132,0.040080,0.053632,4.972157,0.000000,0.000000,5.000000,0.072512,0
1784320203.385205,CONST330,TRACKING,330,24.263288,47.395954,0.040952,0.052717,4.971898,0.000000,0.000000,5.000000,0.072429,0
1784320203.435181,CONST330,TRACKING,330,24.545179,29.428141,0.042149,0.049951,4.971490,0.000000,0.000000,5.000000,0.071305,0
1784320203.485212,CONST330,TRACKING,330,24.284034,47.345130,0.042077,0.048108,4.972334,0.000000,0.000000,5.000000,0.069644,0
1784320203.535200,CONST330,TRACKING,330,24.050114,28.881786,0.041599,0.043724,4.975307,0.000000,0.000000,5.000000,0.065207,0
1784320203.585198,CONST330,TRACKING,330,24.657064,47.705881,0.040007,0.042045,4.978035,0.000000,0.000000,5.000000,0.062055,0
1784320203.635200,CONST330,TRACKING,330,24.178834,28.904635,0.035499,0.038297,4.983842,0.000000,0.000000,5.000000,0.054662,0
1784320203.685210,CONST330,TRACKING,330,24.402898,47.545029,0.033358,0.036480,4.986115,0.000000,0.000000,5.000000,0.051345,0
1784320203.735182,CONST330,TRACKING,330,24.554246,29.390069,0.026804,0.034066,4.982961,0.000000,0.000000,5.000000,0.046576,0
1784320203.785204,CONST330,TRACKING,330,23.797160,46.913070,0.023565,0.032570,4.981454,0.000000,0.000000,5.000000,0.044272,0
1784320203.835188,CONST330,TRACKING,330,23.584044,28.595675,0.018154,0.024418,4.984112,0.000000,0.000000,5.000000,0.034326,0
1784320203.885197,CONST330,TRACKING,330,24.056701,47.062504,0.016023,0.019690,4.986012,0.000000,0.000000,5.000000,0.028984,0
1784320203.935288,CONST330,TRACKING,330,23.962206,28.941830,0.011655,0.010525,4.991348,0.000000,0.000000,5.000000,0.017930,0
1784320203.985198,CONST330,TRACKING,330,24.288754,47.368745,0.009350,0.006309,4.997439,0.000000,0.000000,5.000000,0.011566,0
1784320204.035197,CONST330,TRACKING,330,23.239690,28.141886,0.004472,-0.002722,5.006966,0.000000,0.000000,5.000000,0.008714,0
1784320204.085205,CONST330,TRACKING,330,23.502682,46.636787,0.002563,-0.009470,5.011677,0.000000,0.000000,5.000000,0.015251,0
1784320204.135200,CONST330,TRACKING,330,23.714780,28.395488,-0.001093,-0.022144,5.022939,0.000000,0.000000,5.000000,0.031902,0
1784320204.185206,CONST330,TRACKING,330,24.257738,47.354488,-0.002853,-0.028177,5.027812,0.000000,0.000000,5.000000,0.039694,0
1784320204.235285,CONST330,TRACKING,330,23.796124,28.716658,-0.005920,-0.043267,5.039935,0.000000,0.000000,5.000000,0.059177,0
1784320204.285200,CONST330,TRACKING,330,24.316740,47.379282,-0.007242,-0.049418,5.042553,0.000000,0.000000,5.000000,0.065615,0
1784320204.335273,CONST330,TRACKING,330,24.165866,29.093831,-0.011486,-0.061729,5.047017,0.000000,0.000000,5.000000,0.078441,0
1784320204.385272,CONST330,TRACKING,330,24.232221,47.370845,-0.013869,-0.067534,5.048443,0.000000,0.000000,5.000000,0.084261,0
1784320204.435183,CONST330,TRACKING,330,24.511575,29.447211,-0.019929,-0.078347,5.048880,0.000000,0.000000,5.000000,0.094470,0
1784320204.485282,CONST330,TRACKING,330,24.349046,47.422459,-0.023547,-0.082075,5.048072,0.000000,0.000000,5.000000,0.097988,0
1784320204.535286,CONST330,TRACKING,330,24.499294,29.476030,-0.029782,-0.087988,5.044524,0.000000,0.000000,5.000000,0.103011,0
1784320204.585287,CONST330,TRACKING,330,24.412888,47.554051,-0.031203,-0.091835,5.041641,0.000000,0.000000,5.000000,0.105552,0
1784320204.635187,CONST330,TRACKING,330,24.070892,29.067213,-0.032913,-0.099369,5.035620,0.000000,0.000000,5.000000,0.110573,0
1784320204.685282,CONST330,TRACKING,330,24.258757,47.402780,-0.033557,-0.101710,5.034680,0.000000,0.000000,5.000000,0.112578,0
1784320204.735189,CONST330,TRACKING,330,24.143911,28.980486,-0.034203,-0.103413,5.028420,0.000000,0.000000,5.000000,0.112569,0
1784320204.785280,CONST330,TRACKING,330,24.222427,47.353729,-0.034497,-0.103676,5.024734,0.000000,0.000000,5.000000,0.112029,0
1784320204.835335,CONST330,TRACKING,330,24.278799,29.349938,-0.035890,-0.104203,5.020146,0.000000,0.000000,5.000000,0.112037,0
1784320204.885201,CONST330,TRACKING,330,24.384239,47.437595,-0.036249,-0.103885,5.019715,0.000000,0.000000,5.000000,0.111780,0
1784320204.935189,CONST330,TRACKING,330,24.080884,29.102382,-0.036875,-0.102766,5.023088,0.000000,0.000000,5.000000,0.111596,0
1784320204.985205,CONST330,TRACKING,330,23.840984,46.999809,-0.038160,-0.103155,5.024226,0.000000,0.000000,5.000000,0.112624,0
1784320205.035352,CONST330,TRACKING,330,24.213987,29.160050,-0.039958,-0.102424,5.021813,0.000000,0.000000,5.000000,0.112085,0
1784320205.085286,CONST330,TRACKING,330,23.762494,46.980439,-0.040421,-0.100396,5.023390,0.000000,0.000000,5.000000,0.110726,0
1784320205.135281,CONST330,TRACKING,330,24.199770,29.163011,-0.040673,-0.095763,5.025311,0.000000,0.000000,5.000000,0.107077,0
1784320205.185285,CONST330,TRACKING,330,23.769000,46.915606,-0.040460,-0.093111,5.026474,0.000000,0.000000,5.000000,0.104917,0
1784320205.235284,CONST330,TRACKING,330,24.296345,29.224593,-0.042658,-0.087893,5.035315,0.000000,0.000000,5.000000,0.103884,0
1784320205.285278,CONST330,TRACKING,330,23.513989,46.581280,-0.043201,-0.084972,5.039664,0.000000,0.000000,5.000000,0.103246,0
1784320205.335289,CONST330,TRACKING,330,24.120247,29.003934,-0.046238,-0.075420,5.047513,0.000000,0.000000,5.000000,0.100417,0
1784320205.385303,CONST330,TRACKING,330,24.761977,47.955230,-0.048003,-0.069534,5.048584,0.000000,0.000000,5.000000,0.097466,0
1784320205.435313,CONST330,TRACKING,330,24.112347,28.943619,-0.050533,-0.055839,5.045767,0.000000,0.000000,5.000000,0.088126,0
1784320205.485222,CONST330,TRACKING,330,24.355829,47.364657,-0.051029,-0.049596,5.045196,0.000000,0.000000,5.000000,0.084299,0
1784320205.535175,CONST330,TRACKING,330,23.849443,28.784053,-0.050565,-0.036929,5.045217,0.000000,0.000000,5.000000,0.077235,0
1784320205.585283,CONST330,TRACKING,330,24.395857,47.548610,-0.049443,-0.029022,5.046921,0.000000,0.000000,5.000000,0.074084,0
1784320205.635205,CONST330,TRACKING,330,24.027715,28.829502,-0.045254,-0.010618,5.051279,0.000000,0.000000,5.000000,0.069211,0
1784320205.685303,CONST330,TRACKING,330,24.162932,47.327407,-0.042925,-0.002690,5.052374,0.000000,0.000000,5.000000,0.067771,0
1784320205.735209,CONST330,TRACKING,330,24.525717,29.387135,-0.037869,0.012173,5.053671,0.000000,0.000000,5.000000,0.066805,0
1784320205.785225,CONST330,TRACKING,330,25.422098,48.593273,-0.035310,0.019450,5.053295,0.000000,0.000000,5.000000,0.066824,0
1784320205.835278,CONST330,TRACKING,330,23.365170,28.309630,-0.029838,0.036526,5.045537,0.000000,0.000000,5.000000,0.065560,0
1784320205.885251,CONST330,TRACKING,330,24.214976,47.308976,-0.027530,0.044058,5.040009,0.000000,0.000000,5.000000,0.065573,0
1784320205.935312,CONST330,TRACKING,330,24.165541,29.227130,-0.022733,0.058193,5.033205,0.000000,0.000000,5.000000,0.070751,0
1784320205.985211,CONST330,TRACKING,330,24.751623,47.876867,-0.019971,0.065226,5.030355,0.000000,0.000000,5.000000,0.074664,0
1784320206.035318,CONST330,TRACKING,330,23.941620,29.032058,-0.013411,0.079167,5.022672,0.000000,0.000000,5.000000,0.083435,0
1784320206.085279,CONST330,TRACKING,330,24.060999,47.289172,-0.010822,0.083449,5.020422,0.000000,0.000000,5.000000,0.086590,0
1784320206.135302,CONST330,TRACKING,330,24.157186,29.224099,-0.005179,0.091329,5.015875,0.000000,0.000000,5.000000,0.092843,0
1784320206.185215,CONST330,TRACKING,330,24.292701,47.431990,-0.002064,0.094970,5.013355,0.000000,0.000000,5.000000,0.095927,0
1784320206.235313,CONST330,TRACKING,330,24.309720,29.359198,0.007529,0.103521,5.011824,0.000000,0.000000,5.000000,0.104466,0
1784320206.285288,CONST330,TRACKING,330,24.347404,47.565871,0.011815,0.106777,5.011057,0.000000,0.000000,5.000000,0.107996,0
1784320206.335286,CONST330,TRACKING,330,24.011668,29.063536,0.021291,0.110443,5.010720,0.000000,0.000000,5.000000,0.112987,0
1784320206.385212,CONST330,TRACKING,330,24.480648,47.647886,0.026047,0.111278,5.009853,0.000000,0.000000,5.000000,0.114710,0
1784320206.435204,CONST330,TRACKING,330,24.156033,29.102360,0.033555,0.111183,5.008483,0.000000,0.000000,5.000000,0.116446,0
1784320206.485212,CONST330,TRACKING,330,24.387885,47.461709,0.034711,0.110000,5.009477,0.000000,0.000000,5.000000,0.115735,0
1784320206.535196,CONST330,TRACKING,330,21.883443,26.927971,0.037165,0.106682,5.012835,0.000000,0.000000,5.000000,0.113698,0
1784320206.585211,CONST330,TRACKING,330,24.523971,47.599664,0.037333,0.104369,5.014745,0.000000,0.000000,5.000000,0.111821,0
1784320206.635164,CONST330,TRACKING,330,23.824697,28.797656,0.036808,0.098121,5.015110,0.000000,0.000000,5.000000,0.105881,0
1784320206.685277,CONST330,TRACKING,330,24.212432,47.325453,0.036567,0.094911,5.012647,0.000000,0.000000,5.000000,0.102495,0
1784320206.735188,CONST330,TRACKING,330,23.264693,28.052270,0.036452,0.083821,5.009267,0.000000,0.000000,5.000000,0.091872,0
1784320206.785213,CONST330,TRACKING,330,24.291103,47.346274,0.036223,0.077925,5.008718,0.000000,0.000000,5.000000,0.086374,0
1784320206.835284,CONST330,TRACKING,330,23.682708,28.622026,0.033533,0.062229,5.006026,0.000000,0.000000,5.000000,0.070945,0
1784320206.885214,CONST330,TRACKING,330,24.388276,47.424970,0.031823,0.054966,5.005275,0.000000,0.000000,5.000000,0.063732,0
1784320206.935206,CONST330,TRACKING,330,23.597713,28.588364,0.027050,0.039750,5.008066,0.000000,0.000000,5.000000,0.048753,0
1784320206.985214,CONST330,TRACKING,330,24.530048,47.686227,0.022923,0.030654,5.009818,0.000000,0.000000,5.000000,0.039516,0
1784320207.035230,CONST330,TRACKING,330,23.422129,28.394879,0.014664,0.011203,5.010986,0.000000,0.000000,5.000000,0.021476,0
1784320207.085291,CONST330,TRACKING,330,24.438134,47.666358,0.011573,0.002208,5.013915,0.000000,0.000000,5.000000,0.018233,0
1784320207.135289,CONST330,TRACKING,330,23.489288,28.603044,0.005531,-0.015047,5.017928,0.000000,0.000000,5.000000,0.024050,0
1784320207.185216,CONST330,TRACKING,330,24.243558,47.222491,0.002651,-0.023183,5.019152,0.000000,0.000000,5.000000,0.030187,0
1784320207.235219,CONST330,TRACKING,330,23.783437,28.662972,-0.005489,-0.037863,5.017928,0.000000,0.000000,5.000000,0.042251,0
1784320207.285235,CONST330,TRACKING,330,24.200191,47.356928,-0.008624,-0.043589,5.015537,0.000000,0.000000,5.000000,0.047072,0
1784320207.335320,CONST330,TRACKING,330,24.365138,29.407110,-0.014711,-0.052714,5.012150,0.000000,0.000000,5.000000,0.056061,0
1784320207.385292,CONST330,TRACKING,330,24.282373,47.535552,-0.017683,-0.056357,5.011329,0.000000,0.000000,5.000000,0.060143,0
1784320207.435201,CONST330,TRACKING,330,24.434781,29.368006,-0.025015,-0.062886,5.010818,0.000000,0.000000,5.000000,0.068538,0
1784320207.485291,CONST330,TRACKING,330,23.226255,46.374235,-0.029007,-0.065012,5.012506,0.000000,0.000000,5.000000,0.072279,0
1784320207.535212,CONST330,TRACKING,330,24.484171,29.391762,-0.036063,-0.068460,5.012804,0.000000,0.000000,5.000000,0.078430,0
1784320207.585183,CONST330,TRACKING,330,24.271439,47.290109,-0.039197,-0.072721,5.010269,0.000000,0.000000,5.000000,0.083248,0
1784320207.635226,CONST330,TRACKING,330,23.325986,28.348909,-0.045483,-0.082203,5.007349,0.000000,0.000000,5.000000,0.094234,0
1784320207.685229,CONST330,TRACKING,330,24.247230,47.390449,-0.047929,-0.085552,5.007761,0.000000,0.000000,5.000000,0.098369,0
1784320207.735314,CONST330,TRACKING,330,23.933334,29.066374,-0.051637,-0.092016,5.012625,0.000000,0.000000,5.000000,0.106268,0
1784320207.785307,CONST330,TRACKING,330,24.294262,47.472641,-0.053078,-0.094381,5.014123,0.000000,0.000000,5.000000,0.109200,0
1784320207.835210,CONST330,TRACKING,330,23.755104,28.700858,-0.052419,-0.098088,5.020756,0.000000,0.000000,5.000000,0.113136,0
1784320207.885196,CONST330,TRACKING,330,24.142457,47.269772,-0.051231,-0.099002,5.024671,0.000000,0.000000,5.000000,0.114170,0
1784320207.935201,CONST330,TRACKING,330,23.809568,28.769178,-0.048855,-0.100053,5.030745,0.000000,0.000000,5.000000,0.115511,0
1784320207.985211,CONST330,TRACKING,330,24.655684,47.771436,-0.048010,-0.100360,5.033215,0.000000,0.000000,5.000000,0.116104,0
1784320208.035171,CONST330,TRACKING,330,24.075222,29.009702,-0.045545,-0.100088,5.035564,0.000000,0.000000,5.000000,0.115571,0
1784320208.085309,CONST330,TRACKING,330,23.932226,47.167474,-0.043282,-0.097556,5.037147,0.000000,0.000000,5.000000,0.113006,0
1784320208.135202,CONST330,TRACKING,330,23.999114,28.984229,-0.038682,-0.091801,5.037784,0.000000,0.000000,5.000000,0.106543,0
1784320208.185310,CONST330,TRACKING,330,24.383276,47.514251,-0.036270,-0.088586,5.038108,0.000000,0.000000,5.000000,0.103030,0
1784320208.235314,CONST330,TRACKING,330,24.141567,29.250586,-0.031259,-0.078431,5.037540,0.000000,0.000000,5.000000,0.092401,0
1784320208.285309,CONST330,TRACKING,330,24.239996,47.460744,-0.028824,-0.073784,5.037691,0.000000,0.000000,5.000000,0.087724,0
1784320208.335324,CONST330,TRACKING,330,24.091096,29.068095,-0.024731,-0.064488,5.034681,0.000000,0.000000,5.000000,0.077286,0
1784320208.385224,CONST330,TRACKING,330,24.013247,47.179357,-0.022692,-0.059945,5.030769,0.000000,0.000000,5.000000,0.071099,0
1784320208.435208,CONST330,TRACKING,330,24.500882,29.342362,-0.016823,-0.050355,5.022505,0.000000,0.000000,5.000000,0.057664,0
1784320208.485231,CONST330,TRACKING,330,24.246401,47.365500,-0.013520,-0.046451,5.019636,0.000000,0.000000,5.000000,0.052212,0
1784320208.535326,CONST330,TRACKING,330,23.804381,28.853432,-0.006636,-0.038810,5.014402,0.000000,0.000000,5.000000,0.041925,0
1784320208.585311,CONST330,TRACKING,330,24.441470,47.684317,-0.003716,-0.034506,5.012630,0.000000,0.000000,5.000000,0.036932,0
1784320208.635205,CONST330,TRACKING,330,23.486116,28.441583,0.002629,-0.024352,5.008783,0.000000,0.000000,5.000000,0.026021,0
1784320208.685317,CONST330,TRACKING,330,25.034864,48.218529,0.005403,-0.019745,5.007884,0.000000,0.000000,5.000000,0.021937,0
1784320208.735322,CONST330,TRACKING,330,23.492340,28.549684,0.009697,-0.010464,5.008032,0.000000,0.000000,5.000000,0.016372,0
1784320208.785240,CONST330,TRACKING,330,24.261201,47.445984,0.011785,-0.005765,5.008958,0.000000,0.000000,5.000000,0.015886,0
1784320208.835329,CONST330,TRACKING,330,23.769414,28.677412,0.014568,0.000999,5.007270,0.000000,0.000000,5.000000,0.016312,0
1784320208.885218,CONST330,TRACKING,330,24.431528,47.488893,0.015469,0.003472,5.005168,0.000000,0.000000,5.000000,0.016675,0
1784320208.935330,CONST330,TRACKING,330,24.130311,29.227214,0.017418,0.009847,5.000604,0.000000,0.000000,5.000000,0.020017,0
1784320208.985235,CONST330,TRACKING,330,24.126643,47.302506,0.018505,0.014330,4.999153,0.000000,0.000000,5.000000,0.023420,0
1784320209.035216,CONST330,TRACKING,330,24.121855,29.108616,0.020700,0.023422,4.996203,0.000000,0.000000,5.000000,0.031488,0
1784320209.085230,CONST330,TRACKING,330,24.229436,47.372496,0.019813,0.027250,4.995158,0.000000,0.000000,5.000000,0.034038,0
1784320209.135232,CONST330,TRACKING,330,24.032185,28.840217,0.018366,0.034232,4.993051,0.000000,0.000000,5.000000,0.039464,0
1784320209.185318,CONST330,TRACKING,330,24.246586,47.504559,0.017852,0.037391,4.992344,0.000000,0.000000,5.000000,0.042136,0
1784320209.235198,CONST330,TRACKING,330,24.057375,28.985498,0.018081,0.043823,4.995511,0.000000,0.000000,5.000000,0.047619,0
1784320209.285308,CONST330,TRACKING,330,23.967518,47.141140,0.018143,0.046292,4.995525,0.000000,0.000000,5.000000,0.049922,0
1784320209.335220,CONST330,TRACKING,330,24.001304,28.803540,0.015810,0.048900,4.993291,0.000000,0.000000,5.000000,0.051829,0
1784320209.385329,CONST330,TRACKING,330,24.341521,47.610270,0.014100,0.049445,4.991628,0.000000,0.000000,5.000000,0.052093,0
1784320209.435321,CONST330,TRACKING,330,24.158361,29.154531,0.010716,0.050324,4.989665,0.000000,0.000000,5.000000,0.052480,0
1784320209.485220,CONST330,TRACKING,330,23.944381,47.066616,0.009250,0.050682,4.990352,0.000000,0.000000,5.000000,0.052415,0
1784320209.535321,CONST330,TRACKING,330,24.049617,28.969125,0.006543,0.050780,4.990158,0.000000,0.000000,5.000000,0.052137,0
1784320209.585292,CONST330,TRACKING,330,24.003766,47.188461,0.006230,0.049547,4.992382,0.000000,0.000000,5.000000,0.050515,0
1784320209.635325,CONST330,TRACKING,330,24.115077,29.070734,0.005591,0.045625,4.998049,0.000000,0.000000,5.000000,0.046008,0
1784320209.685246,CONST330,TRACKING,330,24.086637,47.287055,0.005029,0.043661,5.000347,0.000000,0.000000,5.000000,0.043951,0
1784320209.735314,CONST330,TRACKING,330,24.274672,29.243747,0.000979,0.037855,5.007635,0.000000,0.000000,5.000000,0.038630,0
1784320209.785328,CONST330,TRACKING,330,24.311279,47.505994,-0.000923,0.034989,5.010890,0.000000,0.000000,5.000000,0.036656,0
1784320209.835321,CONST330,TRACKING,330,24.029719,28.946986,-0.007951,0.029363,5.018653,0.000000,0.000000,5.000000,0.035684,0
1784320209.885222,CONST330,TRACKING,330,24.406397,47.461186,-0.011252,0.026977,5.020705,0.000000,0.000000,5.000000,0.035820,0
1784320209.935343,CONST330,TRACKING,330,24.260308,29.352699,-0.016689,0.022493,5.029490,0.000000,0.000000,5.000000,0.040671,0
1784320209.985322,CONST330,TRACKING,330,24.083431,47.162677,-0.018797,0.021043,5.037898,0.000000,0.000000,5.000000,0.047248,0
1784320210.035358,CONST330,TRACKING,330,24.105762,29.221788,-0.022605,0.016890,5.052171,0.000000,0.000000,5.000000,0.059313,0
1784320210.085309,CONST330,TRACKING,330,23.853929,47.024598,-0.024088,0.014020,5.053452,0.000000,0.000000,5.000000,0.060281,0
1784320210.135321,CONST330,TRACKING,330,24.160383,29.145078,-0.026559,0.008217,5.051138,0.000000,0.000000,5.000000,0.058206,0
1784320210.185230,CONST330,TRACKING,330,24.124380,47.247216,-0.027467,0.005460,5.050668,0.000000,0.000000,5.000000,0.057892,0
1784320210.235239,CONST330,TRACKING,330,24.213625,29.195216,-0.027552,0.000102,5.054174,0.000000,0.000000,5.000000,0.060778,0
1784320210.285326,CONST330,TRACKING,330,24.152506,47.316005,-0.027270,-0.001816,5.053948,0.000000,0.000000,5.000000,0.060476,0
1784320210.335341,CONST330,TRACKING,330,23.980261,29.118037,-0.027289,-0.007100,5.054822,0.000000,0.000000,5.000000,0.061649,0
1784320210.385327,CONST330,TRACKING,330,24.383134,47.578248,-0.027279,-0.009913,5.054107,0.000000,0.000000,5.000000,0.061400,0
1784320210.435218,CONST330,TRACKING,330,25.746508,30.611742,-0.026877,-0.014720,5.053691,0.000000,0.000000,5.000000,0.061821,0
1784320210.485240,CONST330,TRACKING,330,24.093065,47.171416,-0.026864,-0.016112,5.055197,0.000000,0.000000,5.000000,0.063467,0
1784320210.535202,CONST330,TRACKING,330,22.429333,27.417301,-0.026364,-0.018968,5.056479,0.000000,0.000000,5.000000,0.065152,0
1784320210.585232,CONST330,TRACKING,330,24.355976,47.468618,-0.026732,-0.020375,5.055469,0.000000,0.000000,5.000000,0.064858,0
1784320210.635323,CONST330,TRACKING,330,24.032511,28.773637,-0.027039,-0.023269,5.049877,0.000000,0.000000,5.000000,0.061321,0
1784320210.685235,CONST330,TRACKING,330,24.352000,47.346606,-0.026646,-0.024380,5.047284,0.000000,0.000000,5.000000,0.059499,0
1784320210.735224,CONST330,TRACKING,330,23.786438,28.631290,-0.025886,-0.028031,5.048349,0.000000,0.000000,5.000000,0.061591,0
1784320210.785242,CONST330,TRACKING,330,24.094421,47.088231,-0.025515,-0.029251,5.049259,0.000000,0.000000,5.000000,0.062714,0
1784320210.835324,CONST330,TRACKING,330,24.239789,29.243893,-0.023887,-0.031384,5.052689,0.000000,0.000000,5.000000,0.065815,0
1784320210.885324,CONST330,TRACKING,330,24.205020,47.420523,-0.023057,-0.032140,5.053195,0.000000,0.000000,5.000000,0.066290,0
1784320210.935328,CONST330,TRACKING,330,24.128233,29.256484,-0.022509,-0.032687,5.054914,0.000000,0.000000,5.000000,0.067754,0
1784320210.985245,CONST330,TRACKING,330,24.163087,47.262220,-0.023789,-0.032004,5.056836,0.000000,0.000000,5.000000,0.069430,0
1784320211.035382,CONST330,TRACKING,330,24.535336,29.605843,-0.025892,-0.030243,5.055382,0.000000,0.000000,5.000000,0.068207,0
1784320211.085325,CONST330,TRACKING,330,24.178172,47.403114,-0.025749,-0.032687,5.057206,0.000000,0.000000,5.000000,0.070739,0
1784320211.135328,CONST330,TRACKING,330,24.092833,29.152362,-0.024930,-0.036513,5.059224,0.000000,0.000000,5.000000,0.073906,0
1784320211.185316,CONST330,TRACKING,330,24.507224,47.711500,-0.024219,-0.037922,5.057658,0.000000,0.000000,5.000000,0.073138,0
1784320211.235332,CONST330,TRACKING,330,24.265234,29.386887,-0.022887,-0.039899,5.057285,0.000000,0.000000,5.000000,0.073467,0
1784320211.285237,CONST330,TRACKING,330,23.973218,47.069476,-0.022008,-0.040290,5.059326,0.000000,0.000000,5.000000,0.075015,0
1784320211.335334,CONST330,TRACKING,330,24.317377,29.373510,-0.021780,-0.041913,5.064877,0.000000,0.000000,5.000000,0.080250,0
1784320211.385336,CONST330,TRACKING,330,23.991698,47.205840,-0.021866,-0.042586,5.068164,0.000000,0.000000,5.000000,0.083295,0
1784320211.435216,CONST330,TRACKING,330,24.287313,29.159772,-0.021155,-0.042180,5.074539,0.000000,0.000000,5.000000,0.088220,0
1784320211.485331,CONST330,TRACKING,330,24.505415,47.749775,-0.020400,-0.040935,5.075750,0.000000,0.000000,5.000000,0.088487,0
1784320211.535237,CONST330,TRACKING,330,23.677735,28.639215,-0.018493,-0.038693,5.074561,0.000000,0.000000,5.000000,0.086014,0
1784320211.585231,CONST330,TRACKING,330,23.844970,46.920641,-0.017602,-0.036771,5.072477,0.000000,0.000000,5.000000,0.083156,0
1784320211.635335,CONST330,TRACKING,330,24.153796,29.190510,-0.015439,-0.031945,5.063609,0.000000,0.000000,5.000000,0.072835,0
1784320211.685331,CONST330,TRACKING,330,24.101024,47.372217,-0.014314,-0.029733,5.056819,0.000000,0.000000,5.000000,0.065707,0
1784320211.735239,CONST330,TRACKING,330,24.328058,29.361045,-0.014187,-0.023711,5.043054,0.000000,0.000000,5.000000,0.051158,0
1784320211.785238,CONST330,TRACKING,330,24.274104,47.466214,-0.013861,-0.020472,5.037756,0.000000,0.000000,5.000000,0.045131,0
1784320211.835340,CONST330,TRACKING,330,24.291953,29.192148,-0.011154,-0.012907,5.029815,0.000000,0.000000,5.000000,0.034350,0
1784320211.885332,CONST330,TRACKING,330,24.247081,47.488221,-0.009496,-0.009577,5.025154,0.000000,0.000000,5.000000,0.028542,0
1784320211.935334,CONST330,TRACKING,330,24.166275,29.277669,-0.005909,-0.002773,5.017396,0.000000,0.000000,5.000000,0.018581,0
1784320211.985253,CONST330,TRACKING,330,24.293931,47.458991,-0.003681,0.000850,5.015546,0.000000,0.000000,5.000000,0.015998,0
1784320212.035330,CONST330,TRACKING,330,24.266526,29.296493,0.001288,0.008433,5.011617,0.000000,0.000000,5.000000,0.014413,0
1784320212.085245,CONST330,TRACKING,330,23.662697,46.780319,0.002221,0.009622,5.015190,0.000000,0.000000,5.000000,0.018118,0
1784320212.135323,CONST330,TRACKING,330,24.184342,29.109930,0.003927,0.012051,5.020389,0.000000,0.000000,5.000000,0.024008,0
1784320212.185321,CONST330,TRACKING,330,24.296839,47.512938,0.004716,0.013282,5.023265,0.000000,0.000000,5.000000,0.027201,0
1784320212.235332,CONST330,TRACKING,330,24.226484,29.307154,0.005154,0.016649,5.028867,0.000000,0.000000,5.000000,0.033720,0
1784320212.285380,CONST330,TRACKING,330,24.245869,47.486738,0.005542,0.018404,5.031324,0.000000,0.000000,5.000000,0.036751,0
1784320212.335353,CONST330,TRACKING,330,23.936581,29.019240,0.005533,0.023691,5.033160,0.000000,0.000000,5.000000,0.041127,0
1784320212.385331,CONST330,TRACKING,330,24.036763,47.162705,0.005440,0.026683,5.031901,0.000000,0.000000,5.000000,0.041944,0
1784320212.435248,CONST330,TRACKING,330,24.140635,28.911744,0.005608,0.033730,5.033083,0.000000,0.000000,5.000000,0.047578,0
1784320212.485342,CONST330,TRACKING,330,24.342046,47.568058,0.005932,0.037530,5.033982,0.000000,0.000000,5.000000,0.050975,0
1784320212.535341,CONST330,TRACKING,330,24.315534,29.262259,0.006735,0.043891,5.030262,0.000000,0.000000,5.000000,0.053735,0
1784320212.585345,CONST330,TRACKING,330,24.170950,47.442393,0.007789,0.046751,5.027356,0.000000,0.000000,5.000000,0.054723,0
1784320212.635236,CONST330,TRACKING,330,24.025545,28.918467,0.010608,0.052157,5.019653,0.000000,0.000000,5.000000,0.056737,0
1784320212.685331,CONST330,TRACKING,330,24.156748,47.361085,0.011878,0.054238,5.016581,0.000000,0.000000,5.000000,0.057946,0
1784320212.735334,CONST330,TRACKING,330,24.296147,29.292171,0.012148,0.054810,5.013351,0.000000,0.000000,5.000000,0.057706,0
1784320212.785240,CONST330,TRACKING,330,24.375010,47.532834,0.012337,0.055024,5.012694,0.000000,0.000000,5.000000,0.057801,0
1784320212.835229,CONST330,TRACKING,330,24.249339,29.219649,0.010653,0.057065,5.010021,0.000000,0.000000,5.000000,0.058910,0
1784320212.885253,CONST330,TRACKING,330,24.399441,47.536764,0.009523,0.057964,5.008070,0.000000,0.000000,5.000000,0.059293,0
1784320212.935197,CONST330,TRACKING,330,24.338621,29.141745,0.007268,0.056980,5.007410,0.000000,0.000000,5.000000,0.057918,0
1784320212.985335,CONST330,TRACKING,330,24.109214,47.212604,0.006060,0.053544,5.007375,0.000000,0.000000,5.000000,0.054389,0
1784320213.035223,CONST330,TRACKING,330,23.584607,28.487898,0.004311,0.046088,5.004520,0.000000,0.000000,5.000000,0.046510,0
1784320213.085246,CONST330,TRACKING,330,24.328483,47.488650,0.003041,0.041059,5.004727,0.000000,0.000000,5.000000,0.041441,0
1784320213.135351,CONST330,TRACKING,330,24.329640,29.373097,0.001093,0.031729,5.005547,0.000000,0.000000,5.000000,0.032228,0
1784320213.185340,CONST330,TRACKING,330,23.067589,46.221276,0.000229,0.027327,5.007217,0.000000,0.000000,5.000000,0.028265,0
1784320213.235346,CONST330,TRACKING,330,24.186399,29.087564,-0.001013,0.016398,5.013299,0.000000,0.000000,5.000000,0.021137,0
1784320213.285340,CONST330,TRACKING,330,24.154339,47.372014,-0.001613,0.011957,5.016240,0.000000,0.000000,5.000000,0.020231,0
1784320213.335334,CONST330,TRACKING,330,24.248406,29.202863,0.000067,0.003903,5.024318,0.000000,0.000000,5.000000,0.024630,0
1784320213.385345,CONST330,TRACKING,330,24.263077,47.549512,0.001617,0.000256,5.028397,0.000000,0.000000,5.000000,0.028444,0
1784320213.435342,CONST330,TRACKING,330,24.460186,29.401313,0.004539,-0.007779,5.034736,0.000000,0.000000,5.000000,0.035885,0
1784320213.485244,CONST330,TRACKING,330,24.370083,47.545775,0.005646,-0.011446,5.035145,0.000000,0.000000,5.000000,0.037391,0
1784320213.535342,CONST330,TRACKING,330,24.004665,29.130841,0.007965,-0.018148,5.033572,0.000000,0.000000,5.000000,0.038985,0
1784320213.585339,CONST330,TRACKING,330,24.142411,47.315422,0.009994,-0.021248,5.036741,0.000000,0.000000,5.000000,0.043603,0
1784320213.635353,CONST330,TRACKING,330,23.951803,28.883460,0.014686,-0.027291,5.045474,0.000000,0.000000,5.000000,0.055030,0
1784320213.685350,CONST330,TRACKING,330,24.327890,47.567010,0.016579,-0.029571,5.047791,0.000000,0.000000,5.000000,0.058594,0
1784320213.735341,CONST330,TRACKING,330,23.347779,28.373286,0.018136,-0.030259,5.052530,0.000000,0.000000,5.000000,0.063276,0
1784320213.785217,CONST330,TRACKING,330,24.155727,47.256199,0.018852,-0.030472,5.053286,0.000000,0.000000,5.000000,0.064213,0
1784320213.835341,CONST330,TRACKING,330,23.652423,28.549912,0.019727,-0.031181,5.056865,0.000000,0.000000,5.000000,0.067787,0
1784320213.885332,CONST330,TRACKING,330,23.969923,47.074389,0.019970,-0.031383,5.059130,0.000000,0.000000,5.000000,0.069857,0
1784320213.935356,CONST330,TRACKING,330,23.672130,28.641289,0.020729,-0.031350,5.063834,0.000000,0.000000,5.000000,0.074076,0
1784320213.985245,CONST330,TRACKING,330,24.092684,47.165498,0.021566,-0.030688,5.065756,0.000000,0.000000,5.000000,0.075701,0
1784320214.035343,CONST330,TRACKING,330,23.799789,28.727756,0.023619,-0.028836,5.064329,0.000000,0.000000,5.000000,0.074347,0
1784320214.085333,CONST330,TRACKING,330,24.064976,47.177418,0.025693,-0.027784,5.065466,0.000000,0.000000,5.000000,0.075616,0
1784320214.135246,CONST330,TRACKING,330,24.110427,29.134145,0.029012,-0.025562,5.067042,0.000000,0.000000,5.000000,0.077393,0
1784320214.185247,CONST330,TRACKING,330,24.353589,47.486019,0.030122,-0.024350,5.068003,0.000000,0.000000,5.000000,0.078260,0
1784320214.235212,CONST330,TRACKING,330,23.848233,28.827603,0.026340,-0.023844,5.073553,0.000000,0.000000,5.000000,0.081685,0
1784320214.285256,CONST330,TRACKING,330,23.456136,46.587338,0.024628,-0.023383,5.073619,0.000000,0.000000,5.000000,0.081074,0
1784320214.335266,CONST330,TRACKING,330,23.552963,28.442323,0.017973,-0.024813,5.070605,0.000000,0.000000,5.000000,0.076966,0
1784320214.385332,CONST330,TRACKING,330,24.553854,47.668710,0.013862,-0.025939,5.069868,0.000000,0.000000,5.000000,0.075805,0
1784320214.435269,CONST330,TRACKING,330,23.942285,28.913262,0.006836,-0.027353,5.066958,0.000000,0.000000,5.000000,0.072652,0
1784320214.485258,CONST330,TRACKING,330,24.252877,47.383571,0.005231,-0.027485,5.067026,0.000000,0.000000,5.000000,0.072631,0
1784320214.535342,CONST330,TRACKING,330,24.316497,29.241793,0.001648,-0.027269,5.065454,0.000000,0.000000,5.000000,0.070926,0
1784320214.585252,CONST330,TRACKING,330,24.054382,47.181864,0.000320,-0.026980,5.063404,0.000000,0.000000,5.000000,0.068906,0
1784320214.635233,CONST330,TRACKING,330,23.296812,28.265172,-0.002831,-0.025823,5.051095,0.000000,0.000000,5.000000,0.057320,0
1784320214.685263,CONST330,TRACKING,330,24.358184,47.500833,-0.004434,-0.025157,5.044074,0.000000,0.000000,5.000000,0.050942,0
1784320214.735356,CONST330,TRACKING,330,23.786143,28.493571,-0.007283,-0.017173,5.036736,0.000000,0.000000,5.000000,0.041201,0
1784320214.785342,CONST330,TRACKING,330,24.021868,47.250126,-0.008611,-0.013616,5.035440,0.000000,0.000000,5.000000,0.038930,0
1784320214.835258,CONST330,TRACKING,330,23.109569,28.042946,-0.013199,-0.005656,5.029944,0.000000,0.000000,5.000000,0.033210,0
1784320214.885254,CONST330,TRACKING,330,24.823992,47.830754,-0.015496,-0.002161,5.026218,0.000000,0.000000,5.000000,0.030532,0
1784320214.935239,CONST330,TRACKING,330,23.896226,28.912276,-0.018883,0.004210,5.019828,0.000000,0.000000,5.000000,0.027703,0
1784320214.985255,CONST330,TRACKING,330,22.275619,45.433214,-0.019153,0.007136,5.018489,0.000000,0.000000,5.000000,0.027561,0
1784320215.035346,CONST330,TRACKING,330,26.298034,31.200407,-0.019408,0.012434,5.015745,0.000000,0.000000,5.000000,0.027914,0
1784320215.085256,CONST330,TRACKING,330,23.750140,46.996888,-0.017686,0.014215,5.014857,0.000000,0.000000,5.000000,0.027122,0
1784320215.135355,CONST330,TRACKING,330,24.251717,29.351855,-0.014589,0.017259,5.015499,0.000000,0.000000,5.000000,0.027403,0
1784320215.185347,CONST330,TRACKING,330,24.226414,47.504729,-0.013161,0.018711,5.013529,0.000000,0.000000,5.000000,0.026577,0
1784320215.235243,CONST330,TRACKING,330,24.539088,29.536216,-0.012401,0.022157,5.014340,0.000000,0.000000,5.000000,0.029161,0
1784320215.285339,CONST330,TRACKING,330,24.221178,47.364784,-0.012060,0.023663,5.013673,0.000000,0.000000,5.000000,0.029872,0
1784320215.335243,CONST330,TRACKING,330,24.723879,29.788341,-0.010465,0.027129,5.012177,0.000000,0.000000,5.000000,0.031524,0
1784320215.385343,CONST330,TRACKING,330,24.340027,47.550855,-0.009477,0.028887,5.011268,0.000000,0.000000,5.000000,0.032422,0
1784320215.435242,CONST330,TRACKING,330,21.976976,26.791550,-0.007848,0.030722,5.010789,0.000000,0.000000,5.000000,0.033494,0
1784320215.485269,CONST330,TRACKING,330,24.344093,47.394272,-0.007441,0.030105,5.012415,0.000000,0.000000,5.000000,0.033404,0
1784320215.535256,CONST330,TRACKING,330,24.081929,29.154335,-0.006260,0.028625,5.016248,0.000000,0.000000,5.000000,0.033505,0
1784320215.585343,CONST330,TRACKING,330,24.269590,47.518546,-0.004620,0.027697,5.016977,0.000000,0.000000,5.000000,0.032813,0
1784320215.635269,CONST330,TRACKING,330,24.201478,29.222153,-0.000463,0.025581,5.018926,0.000000,0.000000,5.000000,0.031825,0
1784320215.685345,CONST330,TRACKING,330,24.197846,47.452291,0.001370,0.024764,5.019789,0.000000,0.000000,5.000000,0.031729,0
1784320215.735262,CONST330,TRACKING,330,23.672369,28.745319,0.006819,0.020894,5.017225,0.000000,0.000000,5.000000,0.027924,0
1784320215.785357,CONST330,TRACKING,330,23.407878,46.707451,0.009193,0.018798,5.015131,0.000000,0.000000,5.000000,0.025823,0
1784320215.835268,CONST330,TRACKING,330,24.789633,29.879814,0.017081,0.016053,5.010470,0.000000,0.000000,5.000000,0.025673,0
1784320215.885345,CONST330,TRACKING,330,24.126409,47.306366,0.020824,0.015153,5.010654,0.000000,0.000000,5.000000,0.027870,0
1784320215.935233,CONST330,TRACKING,330,24.108226,28.992138,0.028031,0.013171,5.012702,0.000000,0.000000,5.000000,0.033475,0
1784320215.985259,CONST330,TRACKING,330,23.295529,46.342548,0.031863,0.012222,5.015083,0.000000,0.000000,5.000000,0.037311,0
1784320216.035264,CONST330,TRACKING,330,23.837207,28.889519,0.039751,0.009889,5.017449,0.000000,0.000000,5.000000,0.044524,0
1784320216.085268,CONST330,TRACKING,330,24.002129,47.113955,0.042947,0.009895,5.017150,0.000000,0.000000,5.000000,0.047292,0
1784320216.135348,CONST330,TRACKING,330,24.798054,29.777684,0.048439,0.009988,5.019186,0.000000,0.000000,5.000000,0.053049,0
1784320216.185280,CONST330,TRACKING,330,24.267749,47.473220,0.050806,0.010218,5.018715,0.000000,0.000000,5.000000,0.055099,0
1784320216.235357,CONST330,TRACKING,330,24.058926,29.187847,0.053613,0.010622,5.021096,0.000000,0.000000,5.000000,0.058586,0
1784320216.285337,CONST330,TRACKING,330,24.337571,47.604779,0.054502,0.010845,5.021025,0.000000,0.000000,5.000000,0.059415,0
1784320216.335358,CONST330,TRACKING,330,23.912051,28.998571,0.056511,0.011618,5.021685,0.000000,0.000000,5.000000,0.061634,0
1784320216.385355,CONST330,TRACKING,330,24.166646,47.389694,0.057307,0.012035,5.021494,0.000000,0.000000,5.000000,0.062377,0
1784320216.435360,CONST330,TRACKING,330,24.261693,29.356529,0.057116,0.011658,5.023493,0.000000,0.000000,5.000000,0.062849,0
1784320216.485275,CONST330,TRACKING,330,24.156704,47.336214,0.056196,0.010479,5.025264,0.000000,0.000000,5.000000,0.062499,0
1784320216.535355,CONST330,TRACKING,330,23.460591,28.382114,0.054108,0.007920,5.027683,0.000000,0.000000,5.000000,0.061292,0
1784320216.585227,CONST330,TRACKING,330,24.632563,47.744566,0.052720,0.005796,5.031415,0.000000,0.000000,5.000000,0.061643,0
1784320216.635339,CONST330,TRACKING,330,24.501734,29.592368,0.049055,0.000657,5.035896,0.000000,0.000000,5.000000,0.060789,0
1784320216.685373,CONST330,TRACKING,330,23.792175,47.047046,0.047269,-0.001563,5.037291,0.000000,0.000000,5.000000,0.060228,0
1784320216.735353,CONST330,TRACKING,330,24.247121,29.269285,0.040646,-0.005432,5.037561,0.000000,0.000000,5.000000,0.055609,0
1784320216.785344,CONST330,TRACKING,330,24.383867,47.582255,0.037339,-0.007313,5.037378,0.000000,0.000000,5.000000,0.053336,0
1784320216.835354,CONST330,TRACKING,330,24.156240,29.201548,0.031969,-0.011540,5.038346,0.000000,0.000000,5.000000,0.051241,0
1784320216.885265,CONST330,TRACKING,330,24.230324,47.442552,0.029809,-0.013280,5.037141,0.000000,0.000000,5.000000,0.049440,0
1784320216.935366,CONST330,TRACKING,330,24.100456,29.058702,0.025426,-0.016011,5.034710,0.000000,0.000000,5.000000,0.045909,0
1784320216.985344,CONST330,TRACKING,330,23.886263,47.077959,0.023763,-0.016692,5.035863,0.000000,0.000000,5.000000,0.046146,0
1784320217.035361,CONST330,TRACKING,330,24.222094,29.154154,0.019956,-0.017959,5.036604,0.000000,0.000000,5.000000,0.045394,0
1784320217.085353,CONST330,TRACKING,330,24.119927,47.396310,0.016751,-0.016634,5.035943,0.000000,0.000000,5.000000,0.043002,0
1784320217.135356,CONST330,TRACKING,330,24.070292,29.039457,0.010700,-0.014156,5.033257,0.000000,0.000000,5.000000,0.037695,0
1784320217.185369,CONST330,TRACKING,330,24.328203,47.489981,0.006990,-0.013225,5.029070,0.000000,0.000000,5.000000,0.032693,0
1784320217.235367,CONST330,TRACKING,330,24.448973,29.484511,0.001056,-0.014426,5.023625,0.000000,0.000000,5.000000,0.027702,0
1784320217.285367,CONST330,TRACKING,330,23.793038,46.962761,-0.001742,-0.014686,5.021044,0.000000,0.000000,5.000000,0.025721,0
1784320217.335355,CONST330,TRACKING,330,24.191547,29.069651,-0.006376,-0.015222,5.017090,0.000000,0.000000,5.000000,0.023758,0
1784320217.385348,CONST330,TRACKING,330,24.534101,47.777152,-0.008405,-0.015311,5.014707,0.000000,0.000000,5.000000,0.022833,0
1784320217.435256,CONST330,TRACKING,330,23.470879,28.337783,-0.011539,-0.013385,5.010259,0.000000,0.000000,5.000000,0.020434,0
1784320217.485360,CONST330,TRACKING,330,24.282699,47.507254,-0.011586,-0.011016,5.008753,0.000000,0.000000,5.000000,0.018226,0
1784320217.535264,CONST330,TRACKING,330,24.150496,29.005791,-0.011683,-0.006876,5.008381,0.000000,0.000000,5.000000,0.015938,0
1784320217.585360,CONST330,TRACKING,330,23.425196,46.690632,-0.011134,-0.004157,5.011584,0.000000,0.000000,5.000000,0.016596,0
1784320217.635376,CONST330,TRACKING,330,23.912300,29.015146,-0.009615,0.002070,5.017258,0.000000,0.000000,5.000000,0.019864,0
1784320217.685349,CONST330,TRACKING,330,24.434665,47.666198,-0.008933,0.004516,5.018665,0.000000,0.000000,5.000000,0.021180,0
1784320217.735271,CONST330,TRACKING,330,24.063221,29.115886,-0.008624,0.013125,5.023257,0.000000,0.000000,5.000000,0.028063,0
1784320217.785351,CONST330,TRACKING,330,24.139691,47.427609,-0.008655,0.016921,5.024389,0.000000,0.000000,5.000000,0.030920,0
1784320217.835220,CONST330,TRACKING,330,24.361975,29.372816,-0.008208,0.020374,5.028198,0.000000,0.000000,5.000000,0.035744,0
1784320217.885273,CONST330,TRACKING,330,24.206660,47.362602,-0.007813,0.020946,5.030396,0.000000,0.000000,5.000000,0.037731,0
1784320217.935369,CONST330,TRACKING,330,24.133691,29.152258,-0.006314,0.021816,5.032962,0.000000,0.000000,5.000000,0.040029,0
1784320217.985361,CONST330,TRACKING,330,23.785370,47.038634,-0.004389,0.021874,5.035551,0.000000,0.000000,5.000000,0.041971,0
1784320218.035362,CONST330,TRACKING,330,23.310934,28.279181,-0.000851,0.021674,5.039705,0.000000,0.000000,5.000000,0.045244,0
1784320218.085341,CONST330,TRACKING,330,22.683872,45.927276,0.001891,0.021235,5.039516,0.000000,0.000000,5.000000,0.044900,0
1784320218.135368,CONST330,TRACKING,330,24.582658,29.595614,0.006375,0.020073,5.035099,0.000000,0.000000,5.000000,0.040933,0
1784320218.185356,CONST330,TRACKING,330,24.481250,47.735518,0.008201,0.019447,5.031443,0.000000,0.000000,5.000000,0.037869,0
1784320218.235289,CONST330,TRACKING,330,24.044251,29.129218,0.011102,0.013884,5.018569,0.000000,0.000000,5.000000,0.025707,0
1784320218.285341,CONST330,TRACKING,330,24.305149,47.471361,0.012316,0.011481,5.013092,0.000000,0.000000,5.000000,0.021328,0
1784320218.335352,CONST330,TRACKING,330,24.371533,29.390057,0.010693,0.006136,5.004692,0.000000,0.000000,5.000000,0.013191,0
1784320218.385261,CONST330,TRACKING,330,24.398540,47.627821,0.008719,0.003483,5.000438,0.000000,0.000000,5.000000,0.009399,0
1784320218.435382,CONST330,TRACKING,330,24.063841,29.095552,0.005905,-0.000803,4.992475,0.000000,0.000000,5.000000,0.009599,0
1784320218.485379,CONST330,TRACKING,330,24.091349,47.138919,0.005957,-0.001654,4.989887,0.000000,0.000000,5.000000,0.011853,0
1784320218.535368,CONST330,TRACKING,330,24.376393,29.384547,0.005194,-0.003455,4.983970,0.000000,0.000000,5.000000,0.017201,0
1784320218.585270,CONST330,TRACKING,330,23.906428,47.096686,0.003666,-0.004330,4.982064,0.000000,0.000000,5.000000,0.018812,0
1784320218.635361,CONST330,TRACKING,330,23.963842,28.984323,-0.000661,-0.006230,4.981979,0.000000,0.000000,5.000000,0.019079,0
1784320218.685274,CONST330,TRACKING,330,24.705982,47.767354,-0.002660,-0.007019,4.982631,0.000000,0.000000,5.000000,0.018921,0
1784320218.735367,CONST330,TRACKING,330,23.847195,28.887826,-0.006041,-0.005093,4.992297,0.000000,0.000000,5.000000,0.011035,0
1784320218.785275,CONST330,TRACKING,330,24.251221,47.343933,-0.008165,-0.003970,4.997214,0.000000,0.000000,5.000000,0.009497,0
1784320218.835379,CONST330,TRACKING,330,23.932212,28.716502,-0.014214,-0.002286,5.009806,0.000000,0.000000,5.000000,0.017419,0
1784320218.885363,CONST330,TRACKING,330,24.093182,47.267631,-0.017539,-0.001623,5.017778,0.000000,0.000000,5.000000,0.025026,0
1784320218.935372,CONST330,TRACKING,330,24.279485,29.238001,-0.023078,-0.001909,5.027545,0.000000,0.000000,5.000000,0.035985,0
1784320218.985364,CONST330,TRACKING,330,23.829493,46.922791,-0.024808,-0.004278,5.033747,0.000000,0.000000,5.000000,0.042102,0
1784320219.035363,CONST330,TRACKING,330,24.244510,29.348058,-0.027349,-0.007543,5.044850,0.000000,0.000000,5.000000,0.053070,0
1784320219.085371,CONST330,TRACKING,330,24.255971,47.431935,-0.025761,-0.007717,5.047446,0.000000,0.000000,5.000000,0.054537,0
1784320219.135376,CONST330,TRACKING,330,23.528738,28.696882,-0.023168,-0.007504,5.050035,0.000000,0.000000,5.000000,0.055647,0
1784320219.185275,CONST330,TRACKING,330,23.936122,47.117016,-0.022210,-0.007209,5.049614,0.000000,0.000000,5.000000,0.054834,0
1784320219.235376,CONST330,TRACKING,330,24.280250,29.303350,-0.021544,0.001064,5.043628,0.000000,0.000000,5.000000,0.048669,0
1784320219.285273,CONST330,TRACKING,330,24.260428,47.383620,-0.021343,0.004343,5.040111,0.000000,0.000000,5.000000,0.045643,0
1784320219.335376,CONST330,TRACKING,330,24.297484,29.396343,-0.018639,0.009638,5.036103,0.000000,0.000000,5.000000,0.041758,0
1784320219.385370,CONST330,TRACKING,330,24.099083,47.311961,-0.016738,0.011784,5.034264,0.000000,0.000000,5.000000,0.039913,0
1784320219.435257,CONST330,TRACKING,330,24.571962,29.361116,-0.011660,0.016300,5.030621,0.000000,0.000000,5.000000,0.036597,0
1784320219.485275,CONST330,TRACKING,330,24.310563,47.498608,-0.008633,0.018048,5.028720,0.000000,0.000000,5.000000,0.035002,0
1784320219.535382,CONST330,TRACKING,330,24.428033,29.487434,-0.002769,0.020739,5.028167,0.000000,0.000000,5.000000,0.035088,0
1784320219.585362,CONST330,TRACKING,330,24.371996,47.547745,-0.000043,0.020458,5.028792,0.000000,0.000000,5.000000,0.035320,0
1784320219.635373,CONST330,TRACKING,330,24.230858,29.200410,0.005480,0.018941,5.030464,0.000000,0.000000,5.000000,0.036288,0
1784320219.685359,CONST330,TRACKING,330,24.115203,47.334404,0.007823,0.018307,5.031223,0.000000,0.000000,5.000000,0.037030,0
1784320219.735364,CONST330,TRACKING,330,24.699339,29.689477,0.012730,0.017494,5.031823,0.000000,0.000000,5.000000,0.038481,0
1784320219.785415,CONST330,TRACKING,330,24.246428,47.564313,0.015100,0.017122,5.030534,0.000000,0.000000,5.000000,0.038124,0
1784320219.835381,CONST330,TRACKING,330,24.459059,29.605972,0.018870,0.018460,5.022401,0.000000,0.000000,5.000000,0.034621,0
1784320219.885370,CONST330,TRACKING,330,24.130783,47.374079,0.020172,0.019436,5.018205,0.000000,0.000000,5.000000,0.033408,0
1784320219.935374,CONST330,TRACKING,330,24.330352,29.458351,0.023293,0.019556,5.013234,0.000000,0.000000,5.000000,0.033169,0
1784320219.985360,CONST330,TRACKING,330,23.516006,46.567794,0.025541,0.017228,5.011641,0.000000,0.000000,5.000000,0.032934,0
1784320220.035374,CONST330,TRACKING,330,24.478906,29.506851,0.029472,0.012571,5.004812,0.000000,0.000000,5.000000,0.032400,0
1784320220.085354,CONST330,TRACKING,330,23.905929,47.173915,0.032493,0.010337,5.000834,0.000000,0.000000,5.000000,0.034107,0
1784320220.135272,CONST330,TRACKING,330,24.197568,29.107117,0.037742,0.006520,4.991752,0.000000,0.000000,5.000000,0.039179,0
1784320220.185385,CONST330,TRACKING,330,24.496196,47.725747,0.040082,0.004949,4.988413,0.000000,0.000000,5.000000,0.042016,0
1784320220.235240,CONST330,TRACKING,330,24.721024,29.646876,0.044858,0.003303,4.983556,0.000000,0.000000,5.000000,0.047891,0
1784320220.285301,CONST330,TRACKING,330,24.370179,47.587331,0.046612,0.002807,4.982985,0.000000,0.000000,5.000000,0.049700,0
1784320220.335391,CONST330,TRACKING,330,24.230669,29.204776,0.048621,0.003792,4.985518,0.000000,0.000000,5.000000,0.050873,0
1784320220.385374,CONST330,TRACKING,330,24.212156,47.314783,0.048973,0.004605,4.988634,0.000000,0.000000,5.000000,0.050485,0
1784320220.435266,CONST330,TRACKING,330,24.422685,29.287027,0.049771,0.005134,4.997075,0.000000,0.000000,5.000000,0.050121,0
1784320220.485306,CONST330,TRACKING,330,24.386574,47.491957,0.050436,0.004205,5.001906,0.000000,0.000000,5.000000,0.050646,0
1784320220.535272,CONST330,TRACKING,330,24.576670,29.579713,0.050765,0.002363,5.010602,0.000000,0.000000,5.000000,0.051914,0
1784320220.585362,CONST330,TRACKING,330,24.139243,47.385275,0.050347,0.002051,5.014961,0.000000,0.000000,5.000000,0.052563,0
1784320220.635254,CONST330,TRACKING,330,23.758970,28.595221,0.048411,0.001509,5.021943,0.000000,0.000000,5.000000,0.053174,0
1784320220.685291,CONST330,TRACKING,330,24.342461,47.404653,0.047065,0.001348,5.024134,0.000000,0.000000,5.000000,0.052909,0
1784320220.735241,CONST330,TRACKING,330,23.009414,27.864327,0.041179,0.001088,5.027676,0.000000,0.000000,5.000000,0.049627,0
1784320220.785304,CONST330,TRACKING,330,24.452122,47.640703,0.037887,0.000968,5.027565,0.000000,0.000000,5.000000,0.046864,0
1784320220.835377,CONST330,TRACKING,330,24.296492,29.290265,0.029410,-0.001700,5.028692,0.000000,0.000000,5.000000,0.041123,0
1784320220.885407,CONST330,TRACKING,330,24.246426,47.552794,0.025365,-0.003286,5.029590,0.000000,0.000000,5.000000,0.039112,0
1784320220.935384,CONST330,TRACKING,330,23.943312,29.079095,0.018069,-0.007851,5.031873,0.000000,0.000000,5.000000,0.037471,0
1784320220.985406,CONST330,TRACKING,330,24.385795,47.664880,0.015629,-0.012402,5.032625,0.000000,0.000000,5.000000,0.038242,0
1784320221.035389,CONST330,TRACKING,330,24.651554,29.703103,0.010095,-0.021050,5.033366,0.000000,0.000000,5.000000,0.040722,0
1784320221.085372,CONST330,TRACKING,330,23.891199,47.141191,0.007662,-0.029677,5.033912,0.000000,0.000000,5.000000,0.045710,0
1784320221.135386,CONST330,TRACKING,330,24.561406,29.670119,0.002907,-0.043978,5.035082,0.000000,0.000000,5.000000,0.056331,0
1784320221.185422,CONST330,TRACKING,330,24.069969,47.318716,0.000552,-0.049955,5.033970,0.000000,0.000000,5.000000,0.060413,0
1784320221.235267,CONST330,TRACKING,330,24.233045,29.233613,-0.003252,-0.064085,5.032653,0.000000,0.000000,5.000000,0.071998,0
1784320221.285363,CONST330,TRACKING,330,24.377993,47.662778,-0.004978,-0.069284,5.032466,0.000000,0.000000,5.000000,0.076675,0
1784320221.335389,CONST330,TRACKING,330,24.432086,29.491573,-0.006858,-0.078327,5.035079,0.000000,0.000000,5.000000,0.086097,0
1784320221.385361,CONST330,TRACKING,330,24.101778,47.336010,-0.007553,-0.082144,5.038385,0.000000,0.000000,5.000000,0.090984,0
1784320221.435286,CONST330,TRACKING,330,23.798478,28.702308,-0.008675,-0.088792,5.045861,0.000000,0.000000,5.000000,0.100312,0
1784320221.485306,CONST330,TRACKING,330,24.016703,47.243780,-0.008431,-0.090717,5.047476,0.000000,0.000000,5.000000,0.102736,0
1784320221.535379,CONST330,TRACKING,330,24.114360,29.141443,-0.008270,-0.093175,5.048321,0.000000,0.000000,5.000000,0.105285,0
1784320221.585291,CONST330,TRACKING,330,24.478373,47.692974,-0.007367,-0.092686,5.047911,0.000000,0.000000,5.000000,0.104596,0
1784320221.635277,CONST330,TRACKING,330,24.205538,29.245108,-0.005078,-0.089454,5.050719,0.000000,0.000000,5.000000,0.102957,0
1784320221.685309,CONST330,TRACKING,330,24.256306,47.424165,-0.004437,-0.087541,5.052128,0.000000,0.000000,5.000000,0.101982,0
1784320221.735268,CONST330,TRACKING,330,24.254284,29.166019,-0.002150,-0.080416,5.052635,0.000000,0.000000,5.000000,0.096134,0
1784320221.785288,CONST330,TRACKING,330,23.798833,46.876342,-0.001105,-0.076597,5.051393,0.000000,0.000000,5.000000,0.092247,0
1784320221.835390,CONST330,TRACKING,330,24.099070,29.149106,-0.000949,-0.068148,5.043525,0.000000,0.000000,5.000000,0.080867,0
1784320221.885285,CONST330,TRACKING,330,24.329376,47.497185,-0.001269,-0.064293,5.038008,0.000000,0.000000,5.000000,0.074698,0
1784320221.935370,CONST330,TRACKING,330,23.785696,28.838846,-0.001676,-0.054759,5.030597,0.000000,0.000000,5.000000,0.062750,0
1784320221.985286,CONST330,TRACKING,330,24.487821,47.707494,-0.001602,-0.047997,5.027864,0.000000,0.000000,5.000000,0.055522,0
1784320222.035379,CONST330,TRACKING,330,23.951689,29.016966,-0.001678,-0.032883,5.021744,0.000000,0.000000,5.000000,0.039458,0
1784320222.085370,CONST330,TRACKING,330,23.984172,47.211916,-0.000398,-0.026955,5.017564,0.000000,0.000000,5.000000,0.032175,0
1784320222.135284,CONST330,TRACKING,330,23.610565,28.671289,0.001623,-0.014631,5.011590,0.000000,0.000000,5.000000,0.018735,0
1784320222.185371,CONST330,TRACKING,330,23.902725,47.229117,0.002429,-0.008319,5.008083,0.000000,0.000000,5.000000,0.011851,0
1784320222.235275,CONST330,TRACKING,330,24.240167,29.329993,0.005357,0.010440,5.000004,0.000000,0.000000,5.000000,0.011734,0
1784320222.285257,CONST330,TRACKING,330,23.828833,47.031642,0.006380,0.018308,4.997456,0.000000,0.000000,5.000000,0.019554,0
1784320222.335406,CONST330,TRACKING,330,24.153487,29.136075,0.010574,0.032650,4.998954,0.000000,0.000000,5.000000,0.034336,0
1784320222.385373,CONST330,TRACKING,330,24.175054,47.410393,0.013420,0.039148,5.001664,0.000000,0.000000,5.000000,0.041417,0
1784320222.435384,CONST330,TRACKING,330,24.014443,29.006510,0.022240,0.051486,5.004687,0.000000,0.000000,5.000000,0.056279,0
1784320222.485377,CONST330,TRACKING,330,24.223452,47.550589,0.028042,0.055691,5.005405,0.000000,0.000000,5.000000,0.062586,0
1784320222.535377,CONST330,TRACKING,330,24.311351,29.288603,0.038435,0.063111,5.002916,0.000000,0.000000,5.000000,0.073951,0
1784320222.585376,CONST330,TRACKING,330,24.499453,47.688545,0.045165,0.064867,5.001933,0.000000,0.000000,5.000000,0.079065,0
1784320222.635414,CONST330,TRACKING,330,24.354845,29.371640,0.060288,0.066997,5.000942,0.000000,0.000000,5.000000,0.090134,0
1784320222.685324,CONST330,TRACKING,330,24.027481,47.126271,0.066222,0.067646,4.999989,0.000000,0.000000,5.000000,0.094664,0
1784320222.735378,CONST330,TRACKING,330,24.413753,29.474181,0.078341,0.068287,4.991888,0.000000,0.000000,5.000000,0.104241,0
1784320222.785376,CONST330,TRACKING,330,24.604725,47.854259,0.083422,0.068164,4.989202,0.000000,0.000000,5.000000,0.108269,0
1784320222.835377,CONST330,TRACKING,330,23.950848,28.929338,0.094875,0.069101,4.993965,0.000000,0.000000,5.000000,0.117527,0
1784320222.885291,CONST330,TRACKING,330,24.246587,47.367190,0.099703,0.069572,4.997517,0.000000,0.000000,5.000000,0.121602,0
1784320222.935284,CONST330,TRACKING,330,24.574089,29.565846,0.109188,0.068231,5.005576,0.000000,0.000000,5.000000,0.128874,0
1784320222.985377,CONST330,TRACKING,330,23.955304,47.162619,0.114918,0.065238,5.010320,0.000000,0.000000,5.000000,0.132547,0
1784320223.035249,CONST330,TRACKING,330,24.315792,29.214638,0.124988,0.058282,5.017748,0.000000,0.000000,5.000000,0.139046,0
1784320223.085303,CONST330,TRACKING,330,24.193775,47.433205,0.128971,0.054174,5.022089,0.000000,0.000000,5.000000,0.141621,0
1784320223.135278,CONST330,TRACKING,330,23.984120,29.017417,0.134515,0.045916,5.027135,0.000000,0.000000,5.000000,0.144703,0
1784320223.185378,CONST330,TRACKING,330,24.750696,47.988104,0.136176,0.041664,5.029305,0.000000,0.000000,5.000000,0.145391,0
1784320223.235307,CONST330,TRACKING,330,23.811002,28.797450,0.137833,0.028357,5.034270,0.000000,0.000000,5.000000,0.144833,0
1784320223.285374,CONST330,TRACKING,330,24.474236,47.629035,0.137446,0.022605,5.034790,0.000000,0.000000,5.000000,0.143572,0
1784320223.335402,CONST330,TRACKING,330,23.996605,29.171396,0.134268,0.011576,5.036133,0.000000,0.000000,5.000000,0.139526,0
1784320223.385389,CONST330,TRACKING,330,24.333905,47.608024,0.131527,0.006456,5.037971,0.000000,0.000000,5.000000,0.137051,0
1784320223.435401,CONST330,TRACKING,330,24.409780,29.577555,0.121262,-0.004060,5.044120,0.000000,0.000000,5.000000,0.129103,0
1784320223.485307,CONST330,TRACKING,330,24.218559,47.325710,0.114271,-0.008551,5.047863,0.000000,0.000000,5.000000,0.124185,0
1784320223.535403,CONST330,TRACKING,330,24.184202,29.398915,0.099557,-0.017293,5.053220,0.000000,0.000000,5.000000,0.114206,0
1784320223.585389,CONST330,TRACKING,330,24.144226,47.475261,0.092204,-0.021220,5.057375,0.000000,0.000000,5.000000,0.110651,0
1784320223.635405,CONST330,TRACKING,330,23.897862,29.033475,0.075229,-0.029148,5.063502,0.000000,0.000000,5.000000,0.102672,0
1784320223.685302,CONST330,TRACKING,330,24.186994,47.299856,0.067365,-0.032402,5.063408,0.000000,0.000000,5.000000,0.098023,0
1784320223.735401,CONST330,TRACKING,330,24.029736,29.127807,0.048926,-0.040377,5.065884,0.000000,0.000000,5.000000,0.091459,0
1784320223.785383,CONST330,TRACKING,330,24.143313,47.378524,0.039772,-0.043826,5.065637,0.000000,0.000000,5.000000,0.088379,0
1784320223.835407,CONST330,TRACKING,330,24.248861,29.439131,0.017092,-0.051211,5.060640,0.000000,0.000000,5.000000,0.081191,0
1784320223.885394,CONST330,TRACKING,330,24.394489,47.596376,0.006895,-0.053975,5.057668,0.000000,0.000000,5.000000,0.079287,0
1784320223.935405,CONST330,TRACKING,330,24.181920,29.276917,-0.011508,-0.058272,5.053013,0.000000,0.000000,5.000000,0.079614,0
1784320223.985319,CONST330,TRACKING,330,24.385658,47.631006,-0.018630,-0.060087,5.052123,0.000000,0.000000,5.000000,0.081697,0
1784320224.035324,CONST330,TRACKING,330,24.210214,29.178329,-0.034863,-0.062596,5.047030,0.000000,0.000000,5.000000,0.085706,0
1784320224.085377,CONST330,TRACKING,330,23.876977,47.220917,-0.042029,-0.063177,5.041210,0.000000,0.000000,5.000000,0.086348,0
1784320224.135310,CONST330,TRACKING,330,24.457815,29.545710,-0.056178,-0.063219,5.033127,0.000000,0.000000,5.000000,0.090830,0
1784320224.185308,CONST330,TRACKING,330,24.116978,47.327551,-0.062778,-0.062819,5.030192,0.000000,0.000000,5.000000,0.093802,0
1784320224.235393,CONST330,TRACKING,330,24.287773,29.426866,-0.079080,-0.056491,5.022605,0.000000,0.000000,5.000000,0.099779,0
1784320224.285398,CONST330,TRACKING,330,24.288709,47.539844,-0.085594,-0.053502,5.019433,0.000000,0.000000,5.000000,0.102793,0
1784320224.335406,CONST330,TRACKING,330,24.241077,29.470436,-0.096892,-0.048649,5.013820,0.000000,0.000000,5.000000,0.109296,0
1784320224.385389,CONST330,TRACKING,330,24.085544,47.293667,-0.101652,-0.046364,5.012563,0.000000,0.000000,5.000000,0.112430,0
1784320224.435401,CONST330,TRACKING,330,24.116672,28.974582,-0.109077,-0.041583,5.011299,0.000000,0.000000,5.000000,0.117280,0
1784320224.485311,CONST330,TRACKING,330,23.841900,46.756898,-0.110487,-0.039921,5.010747,0.000000,0.000000,5.000000,0.117969,0
1784320224.535408,CONST330,TRACKING,330,24.438906,29.602603,-0.112193,-0.036121,5.013132,0.000000,0.000000,5.000000,0.118594,0
1784320224.585397,CONST330,TRACKING,330,24.096260,47.382496,-0.111247,-0.034700,5.016732,0.000000,0.000000,5.000000,0.117729,0
1784320224.635405,CONST330,TRACKING,330,24.339838,29.341530,-0.107074,-0.031206,5.025481,0.000000,0.000000,5.000000,0.114403,0
1784320224.685308,CONST330,TRACKING,330,24.270616,47.496622,-0.104915,-0.029270,5.028921,0.000000,0.000000,5.000000,0.112695,0
1784320224.735381,CONST330,TRACKING,330,24.184300,29.339490,-0.098517,-0.023344,5.035254,0.000000,0.000000,5.000000,0.107207,0
1784320224.785313,CONST330,TRACKING,330,24.864417,48.112269,-0.095193,-0.020441,5.036777,0.000000,0.000000,5.000000,0.104077,0
1784320224.835405,CONST330,TRACKING,330,24.271973,29.437345,-0.087279,-0.013663,5.042247,0.000000,0.000000,5.000000,0.097924,0
1784320224.885322,CONST330,TRACKING,330,24.233528,47.476388,-0.083612,-0.010408,5.046455,0.000000,0.000000,5.000000,0.096215,0
1784320224.935291,CONST330,TRACKING,330,23.846032,28.808308,-0.075186,-0.003884,5.054565,0.000000,0.000000,5.000000,0.092981,0
1784320224.985311,CONST330,TRACKING,330,23.821958,47.039421,-0.069500,-0.001130,5.057874,0.000000,0.000000,5.000000,0.090448,0
1784320225.035399,CONST330,TRACKING,330,24.369427,29.571381,-0.057011,0.006589,5.064678,0.000000,0.000000,5.000000,0.086469,0
1784320225.085402,CONST330,TRACKING,330,23.904535,47.242073,-0.051621,0.010809,5.068081,0.000000,0.000000,5.000000,0.086120,0
1784320225.135397,CONST330,TRACKING,330,24.082928,29.055613,-0.040797,0.019430,5.070269,0.000000,0.000000,5.000000,0.083544,0
1784320225.185401,CONST330,TRACKING,330,24.179380,47.528517,-0.035349,0.023578,5.068893,0.000000,0.000000,5.000000,0.080943,0
1784320225.235309,CONST330,TRACKING,330,23.784214,28.742612,-0.021268,0.033714,5.065411,0.000000,0.000000,5.000000,0.076600,0
1784320225.285403,CONST330,TRACKING,330,24.113167,47.303492,-0.015081,0.038083,5.062337,0.000000,0.000000,5.000000,0.074590,0
1784320225.335403,CONST330,TRACKING,330,24.354989,29.335486,0.000263,0.045862,5.053378,0.000000,0.000000,5.000000,0.070374,0
1784320225.385408,CONST330,TRACKING,330,24.332170,47.596922,0.008426,0.049188,5.047254,0.000000,0.000000,5.000000,0.068727,0
1784320225.435286,CONST330,TRACKING,330,24.636409,29.650460,0.024352,0.053722,5.036529,0.000000,0.000000,5.000000,0.069379,0
1784320225.485319,CONST330,TRACKING,330,24.120149,47.104153,0.030069,0.053926,5.032944,0.000000,0.000000,5.000000,0.069982,0
1784320225.535420,CONST330,TRACKING,330,24.154439,29.265120,0.040271,0.054160,5.026774,0.000000,0.000000,5.000000,0.072609,0
1784320225.585387,CONST330,TRACKING,330,24.159156,47.448473,0.044093,0.053706,5.025771,0.000000,0.000000,5.000000,0.074112,0
1784320225.635327,CONST330,TRACKING,330,24.393286,29.324981,0.051230,0.052335,5.021307,0.000000,0.000000,5.000000,0.076272,0
1784320225.685403,CONST330,TRACKING,330,24.207161,47.544962,0.054142,0.051745,5.016457,0.000000,0.000000,5.000000,0.076679,0
1784320225.735402,CONST330,TRACKING,330,23.969383,28.975371,0.059119,0.049058,5.008534,0.000000,0.000000,5.000000,0.077295,0
1784320225.785384,CONST330,TRACKING,330,24.237854,47.527462,0.061211,0.047512,5.006302,0.000000,0.000000,5.000000,0.077743,0
1784320225.835327,CONST330,TRACKING,330,24.649301,29.443397,0.065851,0.041673,5.001698,0.000000,0.000000,5.000000,0.077948,0
1784320225.885425,CONST330,TRACKING,330,24.140176,47.226061,0.067511,0.038515,4.999386,0.000000,0.000000,5.000000,0.077727,0
1784320225.935407,CONST330,TRACKING,330,24.113616,29.319955,0.069568,0.032129,4.995155,0.000000,0.000000,5.000000,0.076782,0
1784320225.985350,CONST330,TRACKING,330,24.183784,47.325344,0.069765,0.029280,4.994678,0.000000,0.000000,5.000000,0.075848,0
1784320226.035300,CONST330,TRACKING,330,23.682755,28.770109,0.069138,0.022591,4.992185,0.000000,0.000000,5.000000,0.073154,0
1784320226.085402,CONST330,TRACKING,330,24.231119,47.514411,0.068330,0.019812,4.990802,0.000000,0.000000,5.000000,0.071736,0
1784320226.135308,CONST330,TRACKING,330,25.652378,30.733709,0.065955,0.014434,4.992733,0.000000,0.000000,5.000000,0.067906,0
1784320226.185330,CONST330,TRACKING,330,23.810254,46.984580,0.064348,0.011889,4.995425,0.000000,0.000000,5.000000,0.065597,0
1784320226.235331,CONST330,TRACKING,330,24.147889,29.074833,0.060149,0.013669,4.998445,0.000000,0.000000,5.000000,0.061702,0
1784320226.285407,CONST330,TRACKING,330,24.409631,47.713821,0.057759,0.013954,4.999332,0.000000,0.000000,5.000000,0.059425,0
1784320226.335412,CONST330,TRACKING,330,24.701969,29.807935,0.055226,0.013273,4.999061,0.000000,0.000000,5.000000,0.056806,0
1784320226.385344,CONST330,TRACKING,330,23.886950,47.123741,0.054344,0.012510,4.999224,0.000000,0.000000,5.000000,0.055770,0
1784320226.435289,CONST330,TRACKING,330,24.815844,29.865871,0.050913,0.011099,4.997806,0.000000,0.000000,5.000000,0.052154,0
1784320226.485403,CONST330,TRACKING,330,24.123638,47.414875,0.048592,0.010884,4.996391,0.000000,0.000000,5.000000,0.049927,0
1784320226.535407,CONST330,TRACKING,330,24.693367,29.818991,0.043349,0.009870,4.991016,0.000000,0.000000,5.000000,0.045357,0
1784320226.585403,CONST330,TRACKING,330,23.998313,47.335345,0.041265,0.007202,4.991168,0.000000,0.000000,5.000000,0.042810,0
1784320226.635406,CONST330,TRACKING,330,24.678644,33.906501,0.036984,0.001096,4.994440,0.000000,0.000000,5.000000,0.037415,0
1784320226.685400,CONST330,TRACKING,330,24.489728,47.762862,0.033964,-0.002227,4.995572,0.000000,0.000000,5.000000,0.034324,0
1784320226.735313,CONST330,TRACKING,330,23.981825,33.071155,0.025828,-0.008360,4.999637,0.000000,0.000000,5.000000,0.027150,0
1784320226.785394,CONST330,TRACKING,330,24.790357,48.028064,0.021800,-0.011094,5.001527,0.000000,0.000000,5.000000,0.024508,0
1784320226.835319,CONST330,TRACKING,330,24.615516,33.759163,0.013079,-0.015480,5.010363,0.000000,0.000000,5.000000,0.022761,0
1784320226.885315,CONST330,TRACKING,330,24.110899,47.261787,0.007317,-0.017663,5.017739,0.000000,0.000000,5.000000,0.026080,0
1784320226.935318,CONST330,TRACKING,330,24.682159,33.815891,-0.001120,-0.021810,5.031322,0.000000,0.000000,5.000000,0.038184,0
1784320226.985341,CONST330,TRACKING,330,24.110169,47.399631,-0.004153,-0.025493,5.038833,0.000000,0.000000,5.000000,0.046638,0
1784320227.035275,CONST330,TRACKING,330,24.426687,33.481335,-0.010075,-0.031463,5.048921,0.000000,0.000000,5.000000,0.059031,0
1784320227.085302,CONST330,TRACKING,330,23.894429,46.929755,-0.012968,-0.033155,5.051926,0.000000,0.000000,5.000000,0.062958,0
1784320227.135309,CONST330,TRACKING,330,24.173975,33.300169,-0.017155,-0.034703,5.054641,0.000000,0.000000,5.000000,0.066964,0
1784320227.185395,CONST330,TRACKING,330,24.088548,47.402090,-0.019074,-0.035303,5.054196,0.000000,0.000000,5.000000,0.067434,0
1784320227.235415,CONST330,TRACKING,330,24.143000,33.404518,-0.017266,-0.034835,5.055242,0.000000,0.000000,5.000000,0.067552,0
1784320227.285404,CONST330,TRACKING,330,24.212609,47.522733,-0.016429,-0.034186,5.054809,0.000000,0.000000,5.000000,0.066653,0
1784320227.335324,CONST330,TRACKING,330,24.216613,33.229186,-0.014558,-0.032720,5.055377,0.000000,0.000000,5.000000,0.065948,0
1784320227.385414,CONST330,TRACKING,330,24.314350,47.552231,-0.013580,-0.031734,5.055066,0.000000,0.000000,5.000000,0.064990,0
1784320227.435298,CONST330,TRACKING,330,24.142423,33.278330,-0.010652,-0.029670,5.051564,0.000000,0.000000,5.000000,0.060437,0
1784320227.485340,CONST330,TRACKING,330,24.232667,47.397931,-0.006527,-0.028679,5.049799,0.000000,0.000000,5.000000,0.057837,0
1784320227.535321,CONST330,TRACKING,330,24.269361,33.339596,0.000221,-0.026409,5.048000,0.000000,0.000000,5.000000,0.054786,0
1784320227.585341,CONST330,TRACKING,330,24.376390,47.665487,0.004606,-0.027279,5.047108,0.000000,0.000000,5.000000,0.054630,0
1784320227.635415,CONST330,TRACKING,330,24.111723,33.294444,0.013814,-0.029468,5.045288,0.000000,0.000000,5.000000,0.055769,0
1784320227.685353,CONST330,TRACKING,330,23.950230,47.209950,0.019284,-0.030082,5.041667,0.000000,0.000000,5.000000,0.054891,0
1784320227.735313,CONST330,TRACKING,330,23.997874,33.186877,0.024622,-0.034579,5.034603,0.000000,0.000000,5.000000,0.054766,0
1784320227.785405,CONST330,TRACKING,330,24.386263,47.656946,0.027014,-0.036109,5.032278,0.000000,0.000000,5.000000,0.055457,0
1784320227.835409,CONST330,TRACKING,330,23.953589,33.130588,0.033035,-0.039657,5.025409,0.000000,0.000000,5.000000,0.057529,0
1784320227.885406,CONST330,TRACKING,330,24.264875,47.537760,0.036935,-0.041566,5.019677,0.000000,0.000000,5.000000,0.058984,0
1784320227.935401,CONST330,TRACKING,330,24.402905,33.537350,0.042079,-0.043325,5.011924,0.000000,0.000000,5.000000,0.061561,0
1784320227.985325,CONST330,TRACKING,330,24.010886,47.235885,0.043925,-0.043667,5.009107,0.000000,0.000000,5.000000,0.062603,0
1784320228.035397,CONST330,TRACKING,330,24.098529,33.130632,0.046330,-0.043301,5.006027,0.000000,0.000000,5.000000,0.063701,0
1784320228.085398,CONST330,TRACKING,330,23.978030,47.305676,0.046291,-0.045863,5.007610,0.000000,0.000000,5.000000,0.065607,0
1784320228.135336,CONST330,TRACKING,330,24.100934,33.280923,0.044746,-0.049692,5.011978,0.000000,0.000000,5.000000,0.067934,0
1784320228.185411,CONST330,TRACKING,330,24.377974,47.689592,0.043676,-0.050994,5.013038,0.000000,0.000000,5.000000,0.068396,0
1784320228.235316,CONST330,TRACKING,330,24.567628,33.729586,0.042152,-0.050966,5.017348,0.000000,0.000000,5.000000,0.068377,0
1784320228.285406,CONST330,TRACKING,330,24.279993,47.585682,0.041100,-0.050024,5.020351,0.000000,0.000000,5.000000,0.067866,0
1784320228.335412,CONST330,TRACKING,330,24.259145,33.411274,0.041659,-0.047143,5.024036,0.000000,0.000000,5.000000,0.067347,0
1784320228.385411,CONST330,TRACKING,330,24.266220,47.618392,0.042370,-0.045223,5.026571,0.000000,0.000000,5.000000,0.067426,0
1784320228.435327,CONST330,TRACKING,330,24.211743,33.269009,0.042636,-0.040409,5.029750,0.000000,0.000000,5.000000,0.065846,0
1784320228.485409,CONST330,TRACKING,330,24.258973,47.430017,0.041881,-0.036586,5.030422,0.000000,0.000000,5.000000,0.063388,0
1784320228.535338,CONST330,TRACKING,330,24.007958,33.050719,0.040001,-0.029782,5.028072,0.000000,0.000000,5.000000,0.057229,0
1784320228.585410,CONST330,TRACKING,330,24.371804,47.744861,0.037857,-0.026896,5.027179,0.000000,0.000000,5.000000,0.053807,0
1784320228.635337,CONST330,TRACKING,330,24.287417,33.457174,0.032711,-0.021255,5.028232,0.000000,0.000000,5.000000,0.048154,0
1784320228.685409,CONST330,TRACKING,330,24.212433,47.489643,0.029479,-0.017597,5.029525,0.000000,0.000000,5.000000,0.045281,0
1784320228.735327,CONST330,TRACKING,330,24.020088,33.055879,0.023127,-0.013069,5.035419,0.000000,0.000000,5.000000,0.044274,0
1784320228.785398,CONST330,TRACKING,330,24.297215,47.646634,0.020225,-0.010540,5.036180,0.000000,0.000000,5.000000,0.042768,0
1784320228.835404,CONST330,TRACKING,330,24.129724,33.267709,0.012606,-0.005988,5.033946,0.000000,0.000000,5.000000,0.036703,0
1784320228.885406,CONST330,TRACKING,330,24.270982,47.529411,0.007291,-0.003167,5.031911,0.000000,0.000000,5.000000,0.032886,0
1784320228.935412,CONST330,TRACKING,330,24.215943,33.476817,-0.001559,0.000938,5.031506,0.000000,0.000000,5.000000,0.031559,0
1784320228.985398,CONST330,TRACKING,330,24.401594,47.680786,-0.006237,0.001906,5.032268,0.000000,0.000000,5.000000,0.032920,0
1784320229.035432,CONST330,TRACKING,330,24.137157,33.393319,-0.015439,0.003937,5.032940,0.000000,0.000000,5.000000,0.036591,0
1784320229.085337,CONST330,TRACKING,330,24.134253,47.398015,-0.020076,0.004558,5.034635,0.000000,0.000000,5.000000,0.040291,0
1784320229.135423,CONST330,TRACKING,330,24.344899,33.599773,-0.026041,0.005292,5.038192,0.000000,0.000000,5.000000,0.046527,0
1784320229.185416,CONST330,TRACKING,330,24.276889,47.643873,-0.028477,0.005663,5.039496,0.000000,0.000000,5.000000,0.049020,0
1784320229.235292,CONST330,TRACKING,330,24.250221,33.251893,-0.032667,0.000757,5.036819,0.000000,0.000000,5.000000,0.049227,0
1784320229.285407,CONST330,TRACKING,330,24.458816,47.752074,-0.034901,-0.001598,5.033230,0.000000,0.000000,5.000000,0.048217,0
1784320229.335416,CONST330,TRACKING,330,24.370096,33.500429,-0.038314,-0.004510,5.031428,0.000000,0.000000,5.000000,0.049759,0
1784320229.385417,CONST330,TRACKING,330,24.414508,47.715351,-0.039819,-0.005634,5.030013,0.000000,0.000000,5.000000,0.050180,0
1784320229.435416,CONST330,TRACKING,330,24.402099,33.536586,-0.041347,-0.007330,5.025285,0.000000,0.000000,5.000000,0.049017,0
1784320229.485340,CONST330,TRACKING,330,24.070402,47.282626,-0.040219,-0.008291,5.022391,0.000000,0.000000,5.000000,0.046773,0
1784320229.535420,CONST330,TRACKING,330,24.099937,33.258698,-0.038303,-0.009289,5.020440,0.000000,0.000000,5.000000,0.044398,0
1784320229.585420,CONST330,TRACKING,330,24.096668,47.395064,-0.035253,-0.009117,5.020146,0.000000,0.000000,5.000000,0.041615,0
1784320229.635424,CONST330,TRACKING,330,24.376883,33.517099,-0.028354,-0.008394,5.017603,0.000000,0.000000,5.000000,0.034413,0
1784320229.685416,CONST330,TRACKING,330,24.211382,47.418798,-0.024452,-0.007899,5.015194,0.000000,0.000000,5.000000,0.029852,0
1784320229.735331,CONST330,TRACKING,330,23.864204,32.882307,-0.016548,-0.013066,5.010275,0.000000,0.000000,5.000000,0.023455,0
1784320229.785335,CONST330,TRACKING,330,23.691778,46.812588,-0.012845,-0.015298,5.008766,0.000000,0.000000,5.000000,0.021814,0
1784320229.835355,CONST330,TRACKING,330,24.194889,33.276219,-0.005334,-0.019272,5.006511,0.000000,0.000000,5.000000,0.021030,0
1784320229.885408,CONST330,TRACKING,330,24.360323,47.663959,-0.000498,-0.021180,5.003658,0.000000,0.000000,5.000000,0.021499,0
1784320229.935327,CONST330,TRACKING,330,24.140018,33.274052,0.007859,-0.023918,5.002015,0.000000,0.000000,5.000000,0.025256,0
1784320229.985415,CONST330,TRACKING,330,24.414645,47.718655,0.012694,-0.025859,5.002343,0.000000,0.000000,5.000000,0.028902,0
1784320230.035430,CONST330,TRACKING,330,24.143662,33.214108,0.021798,-0.028648,5.000469,0.000000,0.000000,5.000000,0.036001,0
1784320230.085412,CONST330,TRACKING,330,24.075786,47.360496,0.027184,-0.029518,4.997557,0.000000,0.000000,5.000000,0.040202,0
1784320230.135345,CONST330,TRACKING,330,24.137130,33.186988,0.034676,-0.029916,4.993950,0.000000,0.000000,5.000000,0.046195,0
1784320230.185338,CONST330,TRACKING,330,24.376114,47.530373,0.037883,-0.029829,4.994217,0.000000,0.000000,5.000000,0.048562,0
1784320230.235337,CONST330,TRACKING,330,24.115624,33.176055,0.042103,-0.027198,4.995940,0.000000,0.000000,5.000000,0.050288,0
1784320230.285411,CONST330,TRACKING,330,24.381505,47.616112,0.043996,-0.026031,4.998666,0.000000,0.000000,5.000000,0.051137,0
1784320230.335341,CONST330,TRACKING,330,24.241798,33.350388,0.046779,-0.026726,5.008397,0.000000,0.000000,5.000000,0.054526,0
1784320230.385350,CONST330,TRACKING,330,24.242586,47.367315,0.048009,-0.027981,5.014268,0.000000,0.000000,5.000000,0.057370,0
1784320230.435423,CONST330,TRACKING,330,24.208942,33.304605,0.049989,-0.028427,5.017706,0.000000,0.000000,5.000000,0.060170,0
1784320230.485416,CONST330,TRACKING,330,24.337333,47.529283,0.051915,-0.027098,5.017012,0.000000,0.000000,5.000000,0.060983,0
1784320230.535420,CONST330,TRACKING,330,24.162184,33.201258,0.054053,-0.024858,5.016751,0.000000,0.000000,5.000000,0.061808,0
1784320230.585414,CONST330,TRACKING,330,23.856660,47.015522,0.053658,-0.022443,5.017499,0.000000,0.000000,5.000000,0.060738,0
1784320230.635412,CONST330,TRACKING,330,23.856597,32.962731,0.052327,-0.018830,5.015822,0.000000,0.000000,5.000000,0.057819,0
1784320230.685418,CONST330,TRACKING,330,24.025135,47.236151,0.050885,-0.016442,5.014655,0.000000,0.000000,5.000000,0.055447,0
1784320230.735422,CONST330,TRACKING,330,24.384874,33.370689,0.052370,-0.011368,5.016241,0.000000,0.000000,5.000000,0.055997,0
1784320230.785414,CONST330,TRACKING,330,24.096251,47.336630,0.052437,-0.008889,5.018124,0.000000,0.000000,5.000000,0.056188,0
1784320230.835412,CONST330,TRACKING,330,24.221421,33.297596,0.052301,-0.004451,5.022819,0.000000,0.000000,5.000000,0.057236,0
1784320230.885413,CONST330,TRACKING,330,24.276996,47.545465,0.051809,-0.001710,5.026059,0.000000,0.000000,5.000000,0.058019,0
1784320230.935428,CONST330,TRACKING,330,24.260551,33.437377,0.050486,0.001606,5.023594,0.000000,0.000000,5.000000,0.055750,0
1784320230.985416,CONST330,TRACKING,330,24.275614,47.627060,0.049918,0.001697,5.018258,0.000000,0.000000,5.000000,0.053179,0
1784320231.035330,CONST330,TRACKING,330,23.932478,33.046782,0.048101,0.001999,5.009909,0.000000,0.000000,5.000000,0.049151,0
1784320231.085413,CONST330,TRACKING,330,24.352152,47.690697,0.047068,0.003469,5.005846,0.000000,0.000000,5.000000,0.047557,0
1784320231.135424,CONST330,TRACKING,330,24.211896,33.399599,0.044509,0.006223,4.999125,0.000000,0.000000,5.000000,0.044951,0
1784320231.185411,CONST330,TRACKING,330,24.477646,47.804578,0.042667,0.007593,4.996370,0.000000,0.000000,5.000000,0.043489,0
1784320231.235313,CONST330,TRACKING,330,24.314859,33.456147,0.040450,0.010629,4.995059,0.000000,0.000000,5.000000,0.042115,0
1784320231.285424,CONST330,TRACKING,330,23.894988,47.143489,0.038632,0.012756,4.995015,0.000000,0.000000,5.000000,0.040988,0
1784320231.335353,CONST330,TRACKING,330,24.341069,33.342487,0.034518,0.014425,4.995128,0.000000,0.000000,5.000000,0.037726,0
1784320231.385420,CONST330,TRACKING,330,24.363108,47.641494,0.032242,0.014949,4.994027,0.000000,0.000000,5.000000,0.036038,0
1784320231.435417,CONST330,TRACKING,330,24.400056,33.442139,0.027218,0.016297,4.988214,0.000000,0.000000,5.000000,0.033843,0
1784320231.485427,CONST330,TRACKING,330,24.245081,47.503427,0.023094,0.017020,4.982690,0.000000,0.000000,5.000000,0.033506,0
1784320231.535424,CONST330,TRACKING,330,24.247564,33.392852,0.016693,0.017766,4.977513,0.000000,0.000000,5.000000,0.033165,0
1784320231.585427,CONST330,TRACKING,330,24.246369,47.590228,0.013407,0.019708,4.972888,0.000000,0.000000,5.000000,0.036100,0
1784320231.635330,CONST330,TRACKING,330,24.360550,33.492272,0.006790,0.022872,4.963188,0.000000,0.000000,5.000000,0.043868,0
1784320231.685342,CONST330,TRACKING,330,24.384715,47.666621,0.002805,0.023930,4.959476,0.000000,0.000000,5.000000,0.047146,0
1784320231.735348,CONST330,TRACKING,330,24.255639,33.474681,-0.001680,0.021996,4.959462,0.000000,0.000000,5.000000,0.046151,0
1784320231.785427,CONST330,TRACKING,330,24.102472,47.450454,-0.004142,0.020922,4.959578,0.000000,0.000000,5.000000,0.045704,0
1784320231.835428,CONST330,TRACKING,330,23.981029,33.149162,-0.010656,0.017652,4.960264,0.000000,0.000000,5.000000,0.044767,0
1784320231.885421,CONST330,TRACKING,330,24.045850,47.403698,-0.015353,0.015186,4.961609,0.000000,0.000000,5.000000,0.044047,0
1784320231.935439,CONST330,TRACKING,330,24.049085,33.341096,-0.024310,0.011118,4.966978,0.000000,0.000000,5.000000,0.042486,0
1784320231.985419,CONST330,TRACKING,330,24.415421,47.752150,-0.030661,0.009005,4.970045,0.000000,0.000000,5.000000,0.043801,0
1784320232.035330,CONST330,TRACKING,330,24.200538,33.381134,-0.042243,0.004729,4.974303,0.000000,0.000000,5.000000,0.049671,0
1784320232.085345,CONST330,TRACKING,330,24.347600,47.547470,-0.049674,0.004346,4.977340,0.000000,0.000000,5.000000,0.054771,0
1784320232.135345,CONST330,TRACKING,330,24.541308,33.637691,-0.060468,0.004664,4.983503,0.000000,0.000000,5.000000,0.062851,0
1784320232.185355,CONST330,TRACKING,330,23.811234,47.101091,-0.065324,0.004816,4.986051,0.000000,0.000000,5.000000,0.066970,0
1784320232.235358,CONST330,TRACKING,330,23.673777,32.724215,-0.072925,0.004534,4.991998,0.000000,0.000000,5.000000,0.073503,0
1784320232.285350,CONST330,TRACKING,330,24.067125,47.223136,-0.076650,0.004140,4.996405,0.000000,0.000000,5.000000,0.076846,0
1784320232.335457,CONST330,TRACKING,330,24.168434,33.479468,-0.078898,0.004175,5.003442,0.000000,0.000000,5.000000,0.079084,0
1784320232.385440,CONST330,TRACKING,330,24.046026,47.387836,-0.078973,0.004366,5.005912,0.000000,0.000000,5.000000,0.079314,0
1784320232.435431,CONST330,TRACKING,330,24.551711,33.757608,-0.078963,0.004417,5.008200,0.000000,0.000000,5.000000,0.079510,0
1784320232.485352,CONST330,TRACKING,330,24.296286,47.518854,-0.079355,0.004141,5.007301,0.000000,0.000000,5.000000,0.079798,0
1784320232.535403,CONST330,TRACKING,330,23.856330,33.087820,-0.079400,0.003912,5.006709,0.000000,0.000000,5.000000,0.079779,0
1784320232.585359,CONST330,TRACKING,330,24.289626,47.502393,-0.078934,0.004786,5.005932,0.000000,0.000000,5.000000,0.079301,0
1784320232.635336,CONST330,TRACKING,330,24.635320,33.691427,-0.076787,0.006902,5.004093,0.000000,0.000000,5.000000,0.077205,0
1784320232.685356,CONST330,TRACKING,330,24.103351,47.401787,-0.074653,0.008142,5.004014,0.000000,0.000000,5.000000,0.075203,0
1784320232.735349,CONST330,TRACKING,330,23.986396,33.053803,-0.073364,0.010687,5.001009,0.000000,0.000000,5.000000,0.074145,0
1784320232.785437,CONST330,TRACKING,330,24.490583,47.833033,-0.072210,0.011958,4.999996,0.000000,0.000000,5.000000,0.073194,0
1784320232.835427,CONST330,TRACKING,330,24.262148,33.452358,-0.068751,0.015379,4.997817,0.000000,0.000000,5.000000,0.070484,0
1784320232.885432,CONST330,TRACKING,330,24.366476,47.695758,-0.066127,0.017492,4.994849,0.000000,0.000000,5.000000,0.068595,0
1784320232.935350,CONST330,TRACKING,330,24.053991,33.023816,-0.060536,0.020422,4.993523,0.000000,0.000000,5.000000,0.064216,0
1784320232.985422,CONST330,TRACKING,330,24.582560,47.789470,-0.056223,0.021924,4.991860,0.000000,0.000000,5.000000,0.060893,0
1784320233.035368,CONST330,TRACKING,330,23.628253,32.745147,-0.047156,0.024807,4.987673,0.000000,0.000000,5.000000,0.054691,0
1784320233.085430,CONST330,TRACKING,330,24.549171,47.893347,-0.039709,0.024198,4.988750,0.000000,0.000000,5.000000,0.047842,0
1784320233.135422,CONST330,TRACKING,330,24.467798,33.606865,-0.027733,0.022243,4.991107,0.000000,0.000000,5.000000,0.036646,0
1784320233.185416,CONST330,TRACKING,330,24.194409,47.483602,-0.021971,0.021158,4.993982,0.000000,0.000000,5.000000,0.031090,0
1784320233.235445,CONST330,TRACKING,330,24.386352,33.603208,-0.014128,0.020538,5.002817,0.000000,0.000000,5.000000,0.025087,0
1784320233.285424,CONST330,TRACKING,330,24.249702,47.542459,-0.009186,0.019941,5.006201,0.000000,0.000000,5.000000,0.022814,0
1784320233.335336,CONST330,TRACKING,330,24.086542,33.184703,-0.001993,0.019335,5.004248,0.000000,0.000000,5.000000,0.019896,0
1784320233.385353,CONST330,TRACKING,330,24.266714,47.539543,0.001420,0.018856,5.003070,0.000000,0.000000,5.000000,0.019157,0
1784320233.435343,CONST330,TRACKING,330,25.406490,34.471439,0.007579,0.016288,5.000363,0.000000,0.000000,5.000000,0.017969,0
1784320233.485356,CONST330,TRACKING,330,24.282041,47.535867,0.010138,0.012630,4.998061,0.000000,0.000000,5.000000,0.016311,0
1784320233.535436,CONST330,TRACKING,330,24.223661,33.333856,0.014281,0.007378,4.993415,0.000000,0.000000,5.000000,0.017371,0
1784320233.585433,CONST330,TRACKING,330,24.216252,47.471305,0.015262,0.003934,4.988674,0.000000,0.000000,5.000000,0.019408,0
1784320233.635311,CONST330,TRACKING,330,24.321114,33.394384,0.016814,-0.002664,4.979143,0.000000,0.000000,5.000000,0.026923,0
1784320233.685370,CONST330,TRACKING,330,24.228889,47.414269,0.017964,-0.006169,4.974787,0.000000,0.000000,5.000000,0.031567,0
1784320233.735461,CONST330,TRACKING,330,23.853970,33.133822,0.019673,-0.009481,4.971387,0.000000,0.000000,5.000000,0.035995,0
1784320233.785434,CONST330,TRACKING,330,24.249442,47.548889,0.020500,-0.010932,4.971227,0.000000,0.000000,5.000000,0.036982,0
1784320233.835329,CONST330,TRACKING,330,24.068815,33.252147,0.021991,-0.011777,4.968498,0.000000,0.000000,5.000000,0.040183,0
1784320233.885435,CONST330,TRACKING,330,24.520826,47.855730,0.022690,-0.011667,4.964895,0.000000,0.000000,5.000000,0.043397,0
1784320233.935374,CONST330,TRACKING,330,24.067539,33.242405,0.023509,-0.010922,4.960112,0.000000,0.000000,5.000000,0.047572,0
1784320233.985428,CONST330,TRACKING,330,24.709577,48.007561,0.023861,-0.009723,4.959750,0.000000,0.000000,5.000000,0.047790,0
1784320234.035426,CONST330,TRACKING,330,24.181073,33.378108,0.024437,-0.007832,4.961526,0.000000,0.000000,5.000000,0.046246,0
1784320234.085341,CONST330,TRACKING,330,22.347058,45.558246,0.022767,-0.006855,4.961466,0.000000,0.000000,5.000000,0.045279,0
1784320234.135421,CONST330,TRACKING,330,24.531465,33.604170,0.019675,-0.004902,4.961850,0.000000,0.000000,5.000000,0.043204,0
1784320234.185422,CONST330,TRACKING,330,24.575611,47.804129,0.018196,-0.004235,4.962193,0.000000,0.000000,5.000000,0.042171,0
1784320234.235439,CONST330,TRACKING,330,24.231866,33.419558,0.018149,-0.007137,4.966360,0.000000,0.000000,5.000000,0.038884,0
1784320234.285433,CONST330,TRACKING,330,24.236931,47.540067,0.017687,-0.009170,4.972089,0.000000,0.000000,5.000000,0.034292,0
1784320234.335431,CONST330,TRACKING,330,24.288500,33.457609,0.016632,-0.011527,4.987241,0.000000,0.000000,5.000000,0.023922,0
1784320234.385438,CONST330,TRACKING,330,24.219883,47.510260,0.015993,-0.012420,4.996098,0.000000,0.000000,5.000000,0.020622,0
1784320234.435348,CONST330,TRACKING,330,24.350676,33.453601,0.014092,-0.015001,5.010304,0.000000,0.000000,5.000000,0.023017,0
1784320234.485441,CONST330,TRACKING,330,24.018036,47.360710,0.012539,-0.017332,5.016227,0.000000,0.000000,5.000000,0.026851,0
1784320234.535431,CONST330,TRACKING,330,24.584091,33.762923,0.010174,-0.020606,5.022288,0.000000,0.000000,5.000000,0.032013,0
1784320234.585435,CONST330,TRACKING,330,23.875812,47.133510,0.008800,-0.021358,5.023583,0.000000,0.000000,5.000000,0.033012,0
1784320234.635343,CONST330,TRACKING,330,24.625552,33.737937,0.006141,-0.022247,5.023520,0.000000,0.000000,5.000000,0.032952,0
1784320234.685419,CONST330,TRACKING,330,24.192106,47.466045,0.004501,-0.022784,5.022144,0.000000,0.000000,5.000000,0.032089,0
1784320234.735318,CONST330,TRACKING,330,24.692795,33.802052,0.001636,-0.026499,5.015835,0.000000,0.000000,5.000000,0.030913,0
1784320234.785367,CONST330,TRACKING,330,24.289688,47.561505,0.000241,-0.028145,5.013674,0.000000,0.000000,5.000000,0.031292,0
1784320234.835442,CONST330,TRACKING,330,24.347804,33.525706,0.000469,-0.030630,5.010702,0.000000,0.000000,5.000000,0.032449,0
1784320234.885448,CONST330,TRACKING,330,24.289800,47.614615,0.001483,-0.031841,5.008535,0.000000,0.000000,5.000000,0.032999,0
1784320234.935452,CONST330,TRACKING,330,24.479967,33.666683,0.002269,-0.033638,5.004077,0.000000,0.000000,5.000000,0.033960,0
1784320234.985419,CONST330,TRACKING,330,24.553071,47.800176,0.001804,-0.034500,5.002974,0.000000,0.000000,5.000000,0.034675,0
1784320235.035454,CONST330,TRACKING,330,24.131244,33.411995,0.000810,-0.035975,4.999438,0.000000,0.000000,5.000000,0.035988,0
1784320235.085428,CONST330,TRACKING,330,24.278596,47.548802,-0.001678,-0.035302,4.996496,0.000000,0.000000,5.000000,0.035515,0
1784320235.135435,CONST330,TRACKING,330,23.844563,33.018282,-0.005572,-0.033718,4.991698,0.000000,0.000000,5.000000,0.035169,0
1784320235.185436,CONST330,TRACKING,330,24.289774,47.602601,-0.007146,-0.033141,4.989741,0.000000,0.000000,5.000000,0.035421,0
1784320235.235361,CONST330,TRACKING,330,24.300559,33.503163,-0.011148,-0.033077,4.986612,0.000000,0.000000,5.000000,0.037385,0
1784320235.285364,CONST330,TRACKING,330,24.237928,47.394961,-0.013423,-0.032936,4.982390,0.000000,0.000000,5.000000,0.039687,0
1784320235.335361,CONST330,TRACKING,330,25.094089,34.192268,-0.016721,-0.032358,4.977128,0.000000,0.000000,5.000000,0.043009,0
1784320235.385452,CONST330,TRACKING,330,24.024542,47.387696,-0.018238,-0.031721,4.975755,0.000000,0.000000,5.000000,0.043894,0
1784320235.435362,CONST330,TRACKING,330,24.497724,33.658201,-0.021157,-0.029808,4.975636,0.000000,0.000000,5.000000,0.043929,0
1784320235.485367,CONST330,TRACKING,330,24.168675,47.473525,-0.023112,-0.028205,4.974724,0.000000,0.000000,5.000000,0.044368,0
1784320235.535342,CONST330,TRACKING,330,24.097814,33.214480,-0.025456,-0.024856,4.971767,0.000000,0.000000,5.000000,0.045419,0
1784320235.585434,CONST330,TRACKING,330,24.233901,47.569858,-0.025662,-0.023752,4.970821,0.000000,0.000000,5.000000,0.045542,0
1784320235.635355,CONST330,TRACKING,330,24.514912,33.714738,-0.025344,-0.021801,4.968164,0.000000,0.000000,5.000000,0.046164,0
1784320235.685436,CONST330,TRACKING,330,24.309302,47.700454,-0.025000,-0.020399,4.965321,0.000000,0.000000,5.000000,0.047369,0
1784320235.735315,CONST330,TRACKING,330,24.124369,33.221797,-0.023150,-0.019977,4.963714,0.000000,0.000000,5.000000,0.047451,0
1784320235.785331,CONST330,TRACKING,330,24.359041,47.505187,-0.022089,-0.019397,4.965159,0.000000,0.000000,5.000000,0.045586,0
1784320235.835346,CONST330,TRACKING,330,24.390487,33.555303,-0.018184,-0.016461,4.968302,0.000000,0.000000,5.000000,0.040080,0
1784320235.885437,CONST330,TRACKING,330,24.221568,47.579274,-0.015177,-0.013983,4.971188,0.000000,0.000000,5.000000,0.035440,0
1784320235.935320,CONST330,TRACKING,330,23.747459,32.896947,-0.010094,-0.008363,4.977272,0.000000,0.000000,5.000000,0.026237,0
1784320235.985433,CONST330,TRACKING,330,24.704078,48.080051,-0.007104,-0.002978,4.981364,0.000000,0.000000,5.000000,0.020165,0
1784320236.035477,CONST330,TRACKING,330,24.405351,33.621470,-0.001255,0.006583,4.987388,0.000000,0.000000,5.000000,0.014282,0
1784320236.085337,CONST330,TRACKING,330,23.630601,46.863928,0.002631,0.010498,4.987366,0.000000,0.000000,5.000000,0.016636,0
1784320236.135361,CONST330,TRACKING,330,24.240188,33.370640,0.008570,0.015690,4.987428,0.000000,0.000000,5.000000,0.021856,0
1784320236.185438,CONST330,TRACKING,330,24.392065,47.645282,0.011368,0.018043,4.987747,0.000000,0.000000,5.000000,0.024595,0
1784320236.235361,CONST330,TRACKING,330,24.878469,34.029988,0.018094,0.023599,4.984370,0.000000,0.000000,5.000000,0.033595,0
1784320236.285431,CONST330,TRACKING,330,23.953031,47.194127,0.021823,0.026867,4.981950,0.000000,0.000000,5.000000,0.039037,0
1784320236.335358,CONST330,TRACKING,330,24.032381,33.227619,0.026664,0.033260,4.976673,0.000000,0.000000,5.000000,0.048593,0
1784320236.385427,CONST330,TRACKING,330,24.167129,47.500535,0.028514,0.036756,4.974321,0.000000,0.000000,5.000000,0.053136,0
1784320236.435355,CONST330,TRACKING,330,24.115312,33.257052,0.031758,0.044163,4.970368,0.000000,0.000000,5.000000,0.061943,0
1784320236.485430,CONST330,TRACKING,330,23.930174,47.055250,0.034030,0.049966,4.968135,0.000000,0.000000,5.000000,0.068338,0
1784320236.535350,CONST330,TRACKING,330,24.325495,33.333031,0.036978,0.057570,4.966122,0.000000,0.000000,5.000000,0.076350,0
1784320236.585435,CONST330,TRACKING,330,24.227320,47.527168,0.036845,0.061092,4.965066,0.000000,0.000000,5.000000,0.079437,0
1784320236.635361,CONST330,TRACKING,330,24.385995,33.588120,0.035655,0.067010,4.964242,0.000000,0.000000,5.000000,0.083906,0
1784320236.685442,CONST330,TRACKING,330,24.038880,47.339957,0.034820,0.069758,4.963271,0.000000,0.000000,5.000000,0.086184,0
1784320236.735354,CONST330,TRACKING,330,24.516300,33.686041,0.028516,0.074499,4.958136,0.000000,0.000000,5.000000,0.090088,0
1784320236.785444,CONST330,TRACKING,330,23.962976,47.198610,0.025502,0.076058,4.957014,0.000000,0.000000,5.000000,0.091011,0
1784320236.835371,CONST330,TRACKING,330,24.548948,33.754975,0.018428,0.078239,4.954048,0.000000,0.000000,5.000000,0.092588,0
1784320236.885361,CONST330,TRACKING,330,24.087749,47.327910,0.013577,0.078850,4.953162,0.000000,0.000000,5.000000,0.092712,0
1784320236.935377,CONST330,TRACKING,330,23.889166,33.020620,0.005745,0.078450,4.952245,0.000000,0.000000,5.000000,0.092021,0
1784320236.985432,CONST330,TRACKING,330,24.455674,47.824199,0.001984,0.077781,4.952559,0.000000,0.000000,5.000000,0.091128,0
1784320237.035357,CONST330,TRACKING,330,24.241350,33.322460,-0.005590,0.075272,4.957375,0.000000,0.000000,5.000000,0.086683,0
1784320237.085434,CONST330,TRACKING,330,24.398941,47.763096,-0.012192,0.076936,4.960443,0.000000,0.000000,5.000000,0.087364,0
1784320237.135357,CONST330,TRACKING,330,24.229671,33.254558,-0.022680,0.079158,4.967338,0.000000,0.000000,5.000000,0.088584,0
1784320237.185429,CONST330,TRACKING,330,24.265104,47.630355,-0.027596,0.079564,4.970710,0.000000,0.000000,5.000000,0.089162,0
1784320237.235428,CONST330,TRACKING,330,24.258909,33.516297,-0.043747,0.077279,4.976985,0.000000,0.000000,5.000000,0.091736,0
1784320237.285371,CONST330,TRACKING,330,24.273746,47.581049,-0.052678,0.075308,4.979670,0.000000,0.000000,5.000000,0.094126,0
1784320237.335436,CONST330,TRACKING,330,24.247546,33.372423,-0.062328,0.070350,4.978389,0.000000,0.000000,5.000000,0.096441,0
1784320237.385444,CONST330,TRACKING,330,23.994147,47.310657,-0.065693,0.067318,4.976643,0.000000,0.000000,5.000000,0.096917,0
1784320237.435347,CONST330,TRACKING,330,24.501414,33.672926,-0.071358,0.061477,4.976720,0.000000,0.000000,5.000000,0.097022,0
1784320237.485433,CONST330,TRACKING,330,23.975965,47.330325,-0.074466,0.058748,4.976506,0.000000,0.000000,5.000000,0.097716,0
1784320237.535442,CONST330,TRACKING,330,24.289225,33.451939,-0.078402,0.053316,4.975832,0.000000,0.000000,5.000000,0.097845,0
1784320237.585431,CONST330,TRACKING,330,24.366259,47.666527,-0.080425,0.052829,4.974840,0.000000,0.000000,5.000000,0.099459,0
1784320237.635352,CONST330,TRACKING,330,24.191458,33.294854,-0.083756,0.052619,4.972794,0.000000,0.000000,5.000000,0.102587,0
1784320237.685356,CONST330,TRACKING,330,24.318443,47.561262,-0.085068,0.051857,4.972870,0.000000,0.000000,5.000000,0.103256,0
1784320237.735430,CONST330,TRACKING,330,24.369303,33.463770,-0.088598,0.050993,4.974797,0.000000,0.000000,5.000000,0.105286,0
1784320237.785392,CONST330,TRACKING,330,24.437810,47.654381,-0.089586,0.050121,4.976278,0.000000,0.000000,5.000000,0.105359,0
1784320237.835364,CONST330,TRACKING,330,23.818953,33.075582,-0.090818,0.048650,4.976665,0.000000,0.000000,5.000000,0.105637,0
1784320237.885358,CONST330,TRACKING,330,24.181223,47.463715,-0.091003,0.047613,4.976316,0.000000,0.000000,5.000000,0.105401,0
1784320237.935347,CONST330,TRACKING,330,24.461823,33.652489,-0.090453,0.043462,4.973613,0.000000,0.000000,5.000000,0.103764,0
1784320237.985435,CONST330,TRACKING,330,24.085654,47.373821,-0.089733,0.038549,4.970423,0.000000,0.000000,5.000000,0.102044,0
1784320238.035442,CONST330,TRACKING,330,23.582374,32.749037,-0.086891,0.028591,4.967381,0.000000,0.000000,5.000000,0.097116,0
1784320238.085436,CONST330,TRACKING,330,23.952949,47.227508,-0.085618,0.021391,4.966266,0.000000,0.000000,5.000000,0.094478,0
1784320238.135429,CONST330,TRACKING,330,24.649595,33.881428,-0.082261,0.009817,4.966810,0.000000,0.000000,5.000000,0.089246,0
1784320238.185430,CONST330,TRACKING,330,24.148458,47.525514,-0.079894,0.004430,4.966604,0.000000,0.000000,5.000000,0.086706,0
1784320238.235426,CONST330,TRACKING,330,23.970656,33.216601,-0.075804,-0.009418,4.962519,0.000000,0.000000,5.000000,0.085087,0
1784320238.285427,CONST330,TRACKING,330,24.249802,47.609515,-0.072396,-0.017033,4.964723,0.000000,0.000000,5.000000,0.082315,0
1784320238.335463,CONST330,TRACKING,330,24.006889,33.130349,-0.061870,-0.029063,4.971243,0.000000,0.000000,5.000000,0.074159,0
1784320238.385446,CONST330,TRACKING,330,24.585224,47.885763,-0.055297,-0.034926,4.976119,0.000000,0.000000,5.000000,0.069627,0
