epoch_sec,mode,phase,N,mppi_call_ms,state_to_command_latency_ms,pos_x,pos_y,pos_z,target_x,target_y,target_z,pos_error_m,deadline_miss
1784304044.172330,CONST330,TAKEOFF,0,0.000000,3.182257,-0.001635,0.022396,5.057560,-0.000662,0.017692,5.058126,0.004837,0
1784304044.222351,CONST330,TAKEOFF,0,0.000000,20.978327,-0.002494,0.026770,5.056484,-0.000662,0.017692,5.057144,0.009284,0
1784304044.272338,CONST330,TAKEOFF,0,0.000000,2.974119,-0.004847,0.035637,5.054510,-0.000662,0.017692,5.056163,0.018500,0
1784304044.322346,CONST330,TAKEOFF,0,0.000000,20.658630,-0.006256,0.039339,5.054255,-0.000662,0.017692,5.055181,0.022377,0
1784304044.372323,CONST330,TAKEOFF,0,0.000000,2.935224,-0.008643,0.045890,5.054312,-0.000662,0.017692,5.054200,0.029305,0
1784304044.422325,CONST330,TAKEOFF,0,0.000000,20.930986,-0.009194,0.047302,5.053691,-0.000662,0.017692,5.053219,0.030818,0
1784304044.472360,CONST330,TAKEOFF,0,0.000000,3.099123,-0.010491,0.049992,5.052153,-0.000662,0.017692,5.052237,0.033762,0
1784304044.522359,CONST330,TAKEOFF,0,0.000000,20.550218,-0.011112,0.051490,5.051891,-0.000662,0.017692,5.051256,0.035382,0
1784304044.572308,CONST330,TAKEOFF,0,0.000000,3.025945,-0.012290,0.056587,5.052755,-0.000662,0.017692,5.050275,0.040671,0
1784304044.622336,CONST330,TAKEOFF,0,0.000000,20.766447,-0.012963,0.058865,5.052956,-0.000662,0.017692,5.049293,0.043127,0
1784304044.672288,CONST330,TAKEOFF,0,0.000000,2.820836,-0.013931,0.061849,5.050409,-0.000662,0.017692,5.048313,0.046155,0
1784304044.722340,CONST330,TAKEOFF,0,0.000000,20.765541,-0.014219,0.062555,5.048151,-0.000662,0.017692,5.047331,0.046874,0
1784304044.772342,CONST330,TAKEOFF,0,0.000000,3.071678,-0.015305,0.062360,5.043514,-0.000662,0.017692,5.046349,0.047092,0
1784304044.822310,CONST330,TAKEOFF,0,0.000000,20.871948,-0.016279,0.061190,5.041575,-0.000662,0.017692,5.045369,0.046372,0
1784304044.872335,CONST330,TAKEOFF,0,0.000000,2.728414,-0.018095,0.058385,5.038472,-0.000662,0.017692,5.044387,0.044663,0
1784304044.922327,CONST330,TAKEOFF,0,0.000000,20.961733,-0.016711,0.054445,5.037522,-0.000662,0.017692,5.043406,0.040533,0
1784304044.972287,CONST330,TAKEOFF,0,0.000000,3.004348,-0.014179,0.047398,5.036294,-0.000662,0.017692,5.042425,0.033207,0
1784304045.022325,CONST330,TAKEOFF,0,0.000000,20.876786,-0.013590,0.043661,5.036320,-0.000662,0.017692,5.041443,0.029457,0
1784304045.072305,CONST330,TAKEOFF,0,0.000000,3.063063,-0.015971,0.032369,5.039261,-0.000662,0.017692,5.040462,0.021242,0
1784304045.122363,CONST330,TAKEOFF,0,0.000000,20.910584,-0.016831,0.027972,5.040192,-0.000662,0.017692,5.039480,0.019174,0
1784304045.172367,CONST330,TAKEOFF,0,0.000000,3.152699,-0.017772,0.020102,5.044649,-0.000662,0.017692,5.038498,0.018341,0
1784304045.222327,CONST330,TAKEOFF,0,0.000000,20.319256,-0.018117,0.016604,5.046968,-0.000662,0.017692,5.037518,0.019879,0
1784304045.272303,CONST330,TAKEOFF,0,0.000000,3.047448,-0.017727,0.011366,5.049425,-0.000662,0.017692,5.036537,0.022301,0
1784304045.322327,CONST330,TAKEOFF,0,0.000000,20.687631,-0.016600,0.010554,5.049693,-0.000662,0.017692,5.035555,0.022469,0
1784304045.372348,CONST330,TAKEOFF,0,0.000000,3.031595,-0.013928,0.008997,5.049950,-0.000662,0.017692,5.034573,0.022091,0
1784304045.422379,CONST330,TAKEOFF,0,0.000000,20.985740,-0.011560,0.004677,5.048718,-0.000662,0.017692,5.033591,0.022737,0
1784304045.472277,CONST330,TAKEOFF,0,0.000000,2.946920,-0.006019,-0.003833,5.045582,-0.000662,0.017692,5.032612,0.025696,0
1784304045.522313,CONST330,TAKEOFF,0,0.000000,20.917676,-0.003936,-0.008016,5.044231,-0.000662,0.017692,5.031630,0.028817,0
1784304045.572298,CONST330,TAKEOFF,0,0.000000,3.099900,-0.001933,-0.020237,5.042672,-0.000662,0.017692,5.030649,0.039810,0
1784304045.622317,CONST330,TAKEOFF,0,0.000000,20.894489,-0.000955,-0.025497,5.041668,-0.000662,0.017692,5.029667,0.044826,0
1784304045.672291,CONST330,TAKEOFF,0,0.000000,3.058271,0.001886,-0.038649,5.040572,-0.000662,0.017692,5.028686,0.057637,0
1784304045.722343,CONST330,TAKEOFF,0,0.000000,20.966576,0.003241,-0.044130,5.040368,-0.000662,0.017692,5.027704,0.063227,0
1784304045.772324,CONST330,TAKEOFF,0,0.000000,3.041263,0.005404,-0.053607,5.041035,-0.000662,0.017692,5.026723,0.072974,0
1784304045.822338,CONST330,TAKEOFF,0,0.000000,20.542005,0.006225,-0.057641,5.042268,-0.000662,0.017692,5.025741,0.077432,0
1784304045.872300,CONST330,TAKEOFF,0,0.000000,3.225141,0.008154,-0.065201,5.044088,-0.000662,0.017692,5.024761,0.085572,0
1784304045.922314,CONST330,TAKEOFF,0,0.000000,20.923604,0.008524,-0.069647,5.043878,-0.000662,0.017692,5.023779,0.090092,0
1784304045.972288,CONST330,TAKEOFF,0,0.000000,3.130347,0.009341,-0.077474,5.042460,-0.000662,0.017692,5.022798,0.097689,0
1784304046.022316,CONST330,TAKEOFF,0,0.000000,20.974530,0.009751,-0.081588,5.041823,-0.000662,0.017692,5.021816,0.101810,0
1784304046.072300,CONST330,TAKEOFF,0,0.000000,3.123853,0.010960,-0.094153,5.041739,-0.000662,0.017692,5.020835,0.114374,0
1784304046.122305,CONST330,TAKEOFF,0,0.000000,20.915150,0.011521,-0.098847,5.041461,-0.000662,0.017692,5.019854,0.119150,0
1784304046.172307,CONST330,TAKEOFF,0,0.000000,3.073711,0.012167,-0.106273,5.044297,-0.000662,0.017692,5.018873,0.127194,0
1784304046.222320,CONST330,TAKEOFF,0,0.000000,20.749027,0.012437,-0.109286,5.045577,-0.000662,0.017692,5.017891,0.130620,0
1784304046.272297,CONST330,TAKEOFF,0,0.000000,3.073592,0.013541,-0.113912,5.048252,-0.000662,0.017692,5.016910,0.136028,0
1784304046.322308,CONST330,TAKEOFF,0,0.000000,20.888979,0.014389,-0.114809,5.049331,-0.000662,0.017692,5.015929,0.137474,0
1784304046.372322,CONST330,TAKEOFF,0,0.000000,2.619844,0.015964,-0.116026,5.050633,-0.000662,0.017692,5.014947,0.139394,0
1784304046.422359,CONST330,TAKEOFF,0,0.000000,20.965129,0.015045,-0.116270,5.052086,-0.000662,0.017692,5.013965,0.140163,0
1784304046.472325,CONST330,TAKEOFF,0,0.000000,3.111819,0.013218,-0.116281,5.053652,-0.000662,0.017692,5.012984,0.140696,0
1784304046.522369,CONST330,TAKEOFF,0,0.000000,20.938616,0.012607,-0.116804,5.053480,-0.000662,0.017692,5.012002,0.141371,0
1784304046.572363,CONST330,TAKEOFF,0,0.000000,3.153129,0.011639,-0.121317,5.050945,-0.000662,0.017692,5.011021,0.145151,0
1784304046.622331,CONST330,TAKEOFF,0,0.000000,20.902593,0.011182,-0.123049,5.049572,-0.000662,0.017692,5.010040,0.146667,0
1784304046.672336,CONST330,TAKEOFF,0,0.000000,3.014907,0.009200,-0.125366,5.049126,-0.000662,0.017692,5.009059,0.148891,0
1784304046.722393,CONST330,TAKEOFF,0,0.000000,21.071595,0.008212,-0.125857,5.049188,-0.000662,0.017692,5.008076,0.149584,0
1784304046.772289,CONST330,TAKEOFF,0,0.000000,3.085638,0.005896,-0.125055,5.047635,-0.000662,0.017692,5.007097,0.148537,0
1784304046.822371,CONST330,TAKEOFF,0,0.000000,21.077769,0.004365,-0.123529,5.046350,-0.000662,0.017692,5.006114,0.146928,0
1784304046.872363,CONST330,TAKEOFF,0,0.000000,3.093225,0.001316,-0.119618,5.043816,-0.000662,0.017692,5.005133,0.142669,0
1784304046.922367,CONST330,TAKEOFF,0,0.000000,20.910318,-0.000111,-0.122486,5.044199,-0.000662,0.017692,5.004151,0.145788,0
1784304046.972370,CONST330,TAKEOFF,0,0.000000,3.115018,-0.002502,-0.126689,5.044143,-0.000662,0.017692,5.003170,0.150094,0
1784304047.022315,CONST330,TAKEOFF,0,0.000000,20.110964,-0.003678,-0.128549,5.043312,-0.000662,0.017692,5.002190,0.151943,0
1784304047.072361,CONST330,TAKEOFF,0,0.000000,3.172493,-0.006767,-0.134108,5.040508,-0.000662,0.017692,5.001207,0.156924,0
1784304047.122349,CONST330,TAKEOFF,0,0.000000,20.584798,-0.008212,-0.135824,5.039110,-0.000662,0.017692,5.000226,0.158544,0
1784304047.172350,CONST330,WAITING,0,0.000000,3.179188,-0.012308,-0.138246,5.035385,-0.000662,0.017692,5.000000,0.160326,0
1784304047.222326,CONST330,WAITING,0,0.000000,21.010789,-0.014554,-0.138796,5.033097,0.000000,0.000000,5.000000,0.143428,0
1784304047.272400,CONST330,TRACKING,330,21.515829,24.746279,-0.019826,-0.138176,5.029430,2.000000,0.000000,5.000000,2.024761,0
1784304047.322328,CONST330,TRACKING,330,22.501644,43.340671,-0.022402,-0.137015,5.029292,2.000000,0.000000,5.000000,2.027250,0
1784304047.372347,CONST330,TRACKING,330,33.584644,36.711560,-0.027023,-0.133621,5.030445,2.000000,0.000000,5.000000,2.031650,0
1784304047.422367,CONST330,TRACKING,330,23.688520,39.973944,-0.029176,-0.129977,5.031826,2.000000,0.000000,5.000000,2.033583,0
1784304047.472359,CONST330,TRACKING,330,20.845674,23.977383,-0.033668,-0.121295,5.030604,2.000000,0.000000,5.000000,2.037512,0
1784304047.522368,CONST330,TRACKING,330,20.362705,41.462190,-0.035514,-0.117338,5.031067,2.000000,0.000000,5.000000,2.039130,0
1784304047.572353,CONST330,TRACKING,330,28.958243,32.131572,-0.038508,-0.109330,5.035786,2.000000,0.000000,5.000000,2.041751,0
1784304047.622341,CONST330,TRACKING,330,21.502611,42.421897,-0.038794,-0.105123,5.038457,2.000000,0.000000,5.000000,2.041864,0
1784304047.672325,CONST330,TRACKING,330,33.947597,36.949417,-0.037929,-0.097679,5.045715,2.000000,0.000000,5.000000,2.040781,0
1784304047.722369,CONST330,TRACKING,330,24.552172,40.462119,-0.036267,-0.094566,5.048614,2.000000,0.000000,5.000000,2.039041,0
1784304047.772334,CONST330,TRACKING,330,26.270173,29.201570,-0.027921,-0.086461,5.057533,2.000000,0.000000,5.000000,2.030579,0
1784304047.822316,CONST330,TRACKING,330,22.688498,43.724176,-0.021184,-0.081246,5.062570,2.000000,0.000000,5.000000,2.023784,0
1784304047.872342,CONST330,TRACKING,330,23.750441,26.774373,-0.004089,-0.068932,5.069870,2.000000,0.000000,5.000000,2.006491,0
1784304047.922350,CONST330,TRACKING,330,25.035379,46.173202,0.004432,-0.063301,5.073900,2.000000,0.000000,5.000000,1.997939,0
1784304047.972343,CONST330,TRACKING,330,24.920108,27.845255,0.023764,-0.051735,5.082434,2.000000,0.000000,5.000000,1.978631,0
1784304048.022317,CONST330,TRACKING,330,21.397177,42.394947,0.034633,-0.046134,5.088093,2.000000,0.000000,5.000000,1.967881,0
1784304048.072367,CONST330,TRACKING,330,25.655488,28.835033,0.059906,-0.035326,5.097540,2.000000,0.000000,5.000000,1.942866,0
1784304048.122359,CONST330,TRACKING,330,22.013263,43.185416,0.071608,-0.030435,5.098857,2.000000,0.000000,5.000000,1.931164,0
1784304048.172364,CONST330,TRACKING,330,30.094523,33.278431,0.098402,-0.022545,5.103561,2.000000,0.000000,5.000000,1.904550,0
1784304048.222357,CONST330,TRACKING,330,34.928068,54.682735,0.112192,-0.018733,5.105785,2.000000,0.000000,5.000000,1.890862,0
1784304048.272341,CONST330,TRACKING,330,21.594856,24.760912,0.141984,-0.009980,5.103720,2.000000,0.000000,5.000000,1.860935,0
1784304048.322385,CONST330,TRACKING,330,26.145179,47.349256,0.154452,-0.006021,5.100923,2.000000,0.000000,5.000000,1.848315,0
1784304048.372355,CONST330,TRACKING,330,21.319083,24.409568,0.178185,0.001611,5.092774,2.000000,0.000000,5.000000,1.824176,0
1784304048.422366,CONST330,TRACKING,330,22.443175,43.586513,0.190306,0.005840,5.086603,2.000000,0.000000,5.000000,1.811775,0
1784304048.472351,CONST330,TRACKING,330,25.794383,28.939958,0.215601,0.014584,5.073165,2.000000,0.000000,5.000000,1.785958,0
1784304048.522383,CONST330,TRACKING,330,29.178679,50.229611,0.225386,0.017836,5.067290,2.000000,0.000000,5.000000,1.775979,0
1784304048.572355,CONST330,TRACKING,330,21.114107,24.295123,0.240288,0.022153,5.057885,2.000000,0.000000,5.000000,1.760803,0
1784304048.622378,CONST330,TRACKING,330,33.973726,55.090622,0.247497,0.024129,5.053412,2.000000,0.000000,5.000000,1.753483,0
1784304048.672347,CONST330,TRACKING,330,22.413614,25.504484,0.264856,0.023666,5.035757,2.000000,0.000000,5.000000,1.735673,0
1784304048.722364,CONST330,TRACKING,330,27.600822,48.715493,0.272351,0.022519,5.027109,2.000000,0.000000,5.000000,1.728009,0
1784304048.772343,CONST330,TRACKING,330,29.320537,32.494119,0.287271,0.020635,5.013785,2.000000,0.000000,5.000000,1.712909,0
1784304048.822360,CONST330,TRACKING,330,29.085999,49.656230,0.295370,0.019968,5.008263,2.000000,0.000000,5.000000,1.704767,0
1784304048.872357,CONST330,TRACKING,330,30.771029,33.935009,0.311501,0.018851,4.995286,2.000000,0.000000,5.000000,1.688610,0
1784304048.922366,CONST330,TRACKING,330,23.941805,43.067121,0.318992,0.017917,4.994716,2.000000,0.000000,5.000000,1.681112,0
1784304048.972348,CONST330,TRACKING,330,22.325520,25.409398,0.331568,0.016324,4.994533,2.000000,0.000000,5.000000,1.668521,0
1784304049.022333,CONST330,TRACKING,330,22.741091,43.738867,0.336011,0.015565,4.995091,2.000000,0.000000,5.000000,1.664069,0
1784304049.072346,CONST330,TRACKING,330,23.621207,26.724661,0.339568,0.013770,4.996441,2.000000,0.000000,5.000000,1.660493,0
1784304049.122370,CONST330,TRACKING,330,40.145568,61.223871,0.340842,0.013074,4.998696,2.000000,0.000000,5.000000,1.659210,0
1784304049.172307,CONST330,TRACKING,330,20.674457,23.796817,0.342623,0.007918,5.005543,2.000000,0.000000,5.000000,1.657405,0
1784304049.222330,CONST330,TRACKING,330,23.734372,44.719112,0.343255,0.005114,5.007777,2.000000,0.000000,5.000000,1.656771,0
1784304049.272389,CONST330,TRACKING,330,28.026141,31.034569,0.345599,0.002277,5.008996,2.000000,0.000000,5.000000,1.654427,0
1784304049.322328,CONST330,TRACKING,330,27.299517,48.445284,0.347530,0.003419,5.009744,2.000000,0.000000,5.000000,1.652502,0
1784304049.372364,CONST330,TRACKING,330,29.862726,32.997862,0.350121,0.004766,5.012619,2.000000,0.000000,5.000000,1.649934,0
1784304049.422362,CONST330,TRACKING,330,21.617929,41.629785,0.349136,0.004373,5.015972,2.000000,0.000000,5.000000,1.650947,0
1784304049.472343,CONST330,TRACKING,330,26.868145,29.718116,0.345437,0.003069,5.024430,2.000000,0.000000,5.000000,1.654746,0
1784304049.522353,CONST330,TRACKING,330,23.408391,44.330792,0.343070,0.002027,5.028868,2.000000,0.000000,5.000000,1.657183,0
1784304049.572316,CONST330,TRACKING,330,23.802496,26.907963,0.338357,-0.002069,5.037857,2.000000,0.000000,5.000000,1.662075,0
1784304049.622322,CONST330,TRACKING,330,23.021289,44.053253,0.335568,-0.003806,5.040939,2.000000,0.000000,5.000000,1.664939,0
1784304049.672313,CONST330,TRACKING,330,20.395349,22.774935,0.331772,-0.008957,5.044568,2.000000,0.000000,5.000000,1.668847,0
1784304049.722342,CONST330,TRACKING,330,25.403995,46.491903,0.330248,-0.011307,5.044143,2.000000,0.000000,5.000000,1.670373,0
1784304049.772355,CONST330,TRACKING,330,22.658331,25.838778,0.324983,-0.016500,5.045833,2.000000,0.000000,5.000000,1.675725,0
1784304049.822360,CONST330,TRACKING,330,20.359877,41.413604,0.321229,-0.019618,5.047528,2.000000,0.000000,5.000000,1.679558,0
1784304049.872336,CONST330,TRACKING,330,26.194528,29.120422,0.312963,-0.025570,5.047783,2.000000,0.000000,5.000000,1.687907,0
1784304049.922369,CONST330,TRACKING,330,21.196898,42.403310,0.309350,-0.025697,5.050395,2.000000,0.000000,5.000000,1.691596,0
1784304049.972353,CONST330,TRACKING,330,22.505963,25.522249,0.302485,-0.025658,5.055296,2.000000,0.000000,5.000000,1.698609,0
1784304050.022357,CONST330,TRACKING,330,23.575940,44.749870,0.299759,-0.025546,5.058330,2.000000,0.000000,5.000000,1.701433,0
1784304050.072337,CONST330,TRACKING,330,21.844634,24.873155,0.297365,-0.025872,5.068526,2.000000,0.000000,5.000000,1.704210,0
1784304050.122368,CONST330,TRACKING,330,22.724901,43.616686,0.295974,-0.025692,5.071171,2.000000,0.000000,5.000000,1.705706,0
1784304050.172350,CONST330,TRACKING,330,30.557754,33.654096,0.296986,-0.023864,5.079637,2.000000,0.000000,5.000000,1.705042,0
1784304050.222356,CONST330,TRACKING,330,20.854462,40.107249,0.298053,-0.022657,5.084038,2.000000,0.000000,5.000000,1.704171,0
1784304050.272342,CONST330,TRACKING,330,24.026890,27.178810,0.300587,-0.020764,5.090374,2.000000,0.000000,5.000000,1.701941,0
1784304050.322366,CONST330,TRACKING,330,25.420388,46.448726,0.301935,-0.020557,5.091736,2.000000,0.000000,5.000000,1.700666,0
1784304050.372291,CONST330,TRACKING,330,27.812872,30.748993,0.304595,-0.019806,5.092613,2.000000,0.000000,5.000000,1.698048,0
1784304050.423864,CONST330,TRACKING,330,32.797850,55.257720,0.305375,-0.018563,5.092834,2.000000,0.000000,5.000000,1.697267,0
1784304050.472348,CONST330,TRACKING,330,20.068850,23.154067,0.306988,-0.015434,5.089506,2.000000,0.000000,5.000000,1.695446,0
1784304050.522377,CONST330,TRACKING,330,19.649818,40.499822,0.307739,-0.014481,5.086160,2.000000,0.000000,5.000000,1.694515,0
1784304050.572302,CONST330,TRACKING,330,25.799898,28.745050,0.310202,-0.014319,5.078763,2.000000,0.000000,5.000000,1.691693,0
1784304050.622372,CONST330,TRACKING,330,24.200369,45.257109,0.311119,-0.014168,5.075223,2.000000,0.000000,5.000000,1.690615,0
1784304050.672351,CONST330,TRACKING,330,25.388812,28.549966,0.307558,-0.014761,5.068810,2.000000,0.000000,5.000000,1.693905,0
1784304050.722311,CONST330,TRACKING,330,35.292936,56.340562,0.304892,-0.014865,5.065636,2.000000,0.000000,5.000000,1.696443,0
1784304050.772370,CONST330,TRACKING,330,19.244251,22.281190,0.301919,-0.014150,5.060689,2.000000,0.000000,5.000000,1.699224,0
1784304050.822337,CONST330,TRACKING,330,26.800616,47.944710,0.301846,-0.013271,5.057484,2.000000,0.000000,5.000000,1.699179,0
1784304050.872354,CONST330,TRACKING,330,21.586115,24.678904,0.300012,-0.011695,5.049655,2.000000,0.000000,5.000000,1.700754,0
1784304050.922370,CONST330,TRACKING,330,26.043962,47.209705,0.297281,-0.008676,5.047694,2.000000,0.000000,5.000000,1.703408,0
1784304050.972356,CONST330,TRACKING,330,38.141824,41.146111,0.292066,-0.002992,5.043177,2.000000,0.000000,5.000000,1.708483,0
1784304051.022377,CONST330,TRACKING,330,19.284362,31.020408,0.289696,-0.000808,5.041970,2.000000,0.000000,5.000000,1.710819,0
1784304051.072291,CONST330,TRACKING,330,21.158901,24.118631,0.285219,0.000257,5.042355,2.000000,0.000000,5.000000,1.715304,0
1784304051.122379,CONST330,TRACKING,330,23.730840,44.712127,0.282859,0.000792,5.042108,2.000000,0.000000,5.000000,1.717657,0
1784304051.172334,CONST330,TRACKING,330,22.609377,25.734937,0.277423,0.001287,5.044281,2.000000,0.000000,5.000000,1.723146,0
1784304051.222375,CONST330,TRACKING,330,24.290484,45.328158,0.274754,0.001486,5.044567,2.000000,0.000000,5.000000,1.725822,0
1784304051.272353,CONST330,TRACKING,330,18.829641,22.048962,0.270358,0.001233,5.045085,2.000000,0.000000,5.000000,1.730230,0
1784304051.322347,CONST330,TRACKING,330,25.105135,46.220928,0.269406,0.000523,5.046889,2.000000,0.000000,5.000000,1.731229,0
1784304051.372333,CONST330,TRACKING,330,33.460010,36.505400,0.267438,-0.000397,5.050449,2.000000,0.000000,5.000000,1.733296,0
1784304051.422362,CONST330,TRACKING,330,21.020061,37.471812,0.265472,-0.000329,5.054228,2.000000,0.000000,5.000000,1.735375,0
1784304051.472307,CONST330,TRACKING,330,27.733570,30.689242,0.262164,-0.000127,5.059144,2.000000,0.000000,5.000000,1.738842,0
1784304051.522358,CONST330,TRACKING,330,22.698447,43.499606,0.261046,-0.000811,5.059261,2.000000,0.000000,5.000000,1.739963,0
1784304051.572309,CONST330,TRACKING,330,34.754286,37.812579,0.259383,-0.006295,5.059600,2.000000,0.000000,5.000000,1.741649,0
1784304051.622369,CONST330,TRACKING,330,30.321086,45.411194,0.259488,-0.008969,5.059262,2.000000,0.000000,5.000000,1.741544,0
1784304051.672349,CONST330,TRACKING,330,27.208253,30.200002,0.263740,-0.013335,5.063711,2.000000,0.000000,5.000000,1.737480,0
1784304051.722369,CONST330,TRACKING,330,23.617524,44.711559,0.266044,-0.014862,5.066637,2.000000,0.000000,5.000000,1.735300,0
1784304051.772367,CONST330,TRACKING,330,23.054023,26.257403,0.269367,-0.019762,5.072151,2.000000,0.000000,5.000000,1.732249,0
1784304051.822356,CONST330,TRACKING,330,26.286821,47.351306,0.270321,-0.023630,5.075104,2.000000,0.000000,5.000000,1.731470,0
1784304051.872327,CONST330,TRACKING,330,24.709313,27.634057,0.271249,-0.030874,5.078892,2.000000,0.000000,5.000000,1.730826,0
1784304051.922358,CONST330,TRACKING,330,27.309366,48.454090,0.270340,-0.033632,5.080112,2.000000,0.000000,5.000000,1.731841,0
1784304051.972375,CONST330,TRACKING,330,29.050772,32.245298,0.268370,-0.037966,5.076334,2.000000,0.000000,5.000000,1.733728,0
1784304052.022355,CONST330,TRACKING,330,21.777305,42.580296,0.267172,-0.039309,5.072432,2.000000,0.000000,5.000000,1.734786,0
1784304052.072358,CONST330,TRACKING,330,22.891538,26.143616,0.263417,-0.039547,5.067873,2.000000,0.000000,5.000000,1.738359,0
1784304052.122379,CONST330,TRACKING,330,23.114763,44.045937,0.261551,-0.039168,5.066777,2.000000,0.000000,5.000000,1.740172,0
1784304052.172383,CONST330,TRACKING,330,20.144694,23.361112,0.254341,-0.038333,5.059440,2.000000,0.000000,5.000000,1.747092,0
1784304052.222357,CONST330,TRACKING,330,24.731795,45.748580,0.250769,-0.037843,5.055995,2.000000,0.000000,5.000000,1.750536,0
1784304052.272351,CONST330,TRACKING,330,23.076867,25.874758,0.245628,-0.037654,5.049089,2.000000,0.000000,5.000000,1.755463,0
1784304052.322337,CONST330,TRACKING,330,22.804132,43.798577,0.245372,-0.038400,5.045954,2.000000,0.000000,5.000000,1.755650,0
1784304052.372366,CONST330,TRACKING,330,23.847451,27.024954,0.246657,-0.039285,5.043581,2.000000,0.000000,5.000000,1.754324,0
1784304052.422352,CONST330,TRACKING,330,25.702553,46.808650,0.249781,-0.038860,5.045711,2.000000,0.000000,5.000000,1.751247,0
1784304052.472360,CONST330,TRACKING,330,24.130999,27.332689,0.258242,-0.037324,5.045835,2.000000,0.000000,5.000000,1.742761,0
1784304052.522371,CONST330,TRACKING,330,22.514122,43.364806,0.262720,-0.036541,5.045232,2.000000,0.000000,5.000000,1.738253,0
1784304052.572351,CONST330,TRACKING,330,25.703730,28.696614,0.274517,-0.035700,5.043901,2.000000,0.000000,5.000000,1.726411,0
1784304052.622365,CONST330,TRACKING,330,21.308124,42.322451,0.280352,-0.034936,5.042680,2.000000,0.000000,5.000000,1.720532,0
1784304052.672350,CONST330,TRACKING,330,22.949026,26.117626,0.290874,-0.034569,5.042035,2.000000,0.000000,5.000000,1.709992,0
1784304052.722368,CONST330,TRACKING,330,23.609573,44.778666,0.294716,-0.034624,5.041790,2.000000,0.000000,5.000000,1.706147,0
1784304052.772350,CONST330,TRACKING,330,22.311054,25.310750,0.300580,-0.033816,5.044230,2.000000,0.000000,5.000000,1.700332,0
1784304052.822324,CONST330,TRACKING,330,23.350457,44.198430,0.302337,-0.032659,5.045691,2.000000,0.000000,5.000000,1.698592,0
1784304052.872347,CONST330,TRACKING,330,21.992873,25.144549,0.306343,-0.029943,5.044829,2.000000,0.000000,5.000000,1.694515,0
1784304052.922343,CONST330,TRACKING,330,24.751319,45.876988,0.310060,-0.028755,5.042888,2.000000,0.000000,5.000000,1.690729,0
1784304052.972343,CONST330,TRACKING,330,22.320686,25.403734,0.316919,-0.025962,5.040541,2.000000,0.000000,5.000000,1.683769,0
1784304053.022360,CONST330,TRACKING,330,22.675016,43.707532,0.320112,-0.024389,5.039672,2.000000,0.000000,5.000000,1.680534,0
1784304053.072357,CONST330,TRACKING,330,22.649414,25.809212,0.326386,-0.020790,5.036252,2.000000,0.000000,5.000000,1.674136,0
1784304053.122376,CONST330,TRACKING,330,21.790440,42.927988,0.328791,-0.019112,5.034798,2.000000,0.000000,5.000000,1.671681,0
1784304053.172346,CONST330,TRACKING,330,23.094441,26.302746,0.332068,-0.014600,5.033490,2.000000,0.000000,5.000000,1.668332,0
1784304053.222371,CONST330,TRACKING,330,25.317062,46.384477,0.333238,-0.012352,5.034013,2.000000,0.000000,5.000000,1.667154,0
1784304053.272342,CONST330,TRACKING,330,23.922360,27.038556,0.334836,-0.006950,5.036303,2.000000,0.000000,5.000000,1.665574,0
1784304053.322362,CONST330,TRACKING,330,26.648867,47.568382,0.334688,-0.004222,5.038435,2.000000,0.000000,5.000000,1.665761,0
1784304053.372290,CONST330,TRACKING,330,21.973225,25.096120,0.333370,0.000683,5.042167,2.000000,0.000000,5.000000,1.667164,0
1784304053.422311,CONST330,TRACKING,330,20.874984,41.732969,0.331967,0.001387,5.044186,2.000000,0.000000,5.000000,1.668619,0
1784304053.472320,CONST330,TRACKING,330,25.780753,28.783284,0.328250,0.003494,5.047745,2.000000,0.000000,5.000000,1.672435,0
1784304053.522312,CONST330,TRACKING,330,22.560746,43.175414,0.326220,0.005370,5.050750,2.000000,0.000000,5.000000,1.674558,0
1784304053.572291,CONST330,TRACKING,330,22.135296,25.223742,0.320928,0.012872,5.058735,2.000000,0.000000,5.000000,1.680148,0
1784304053.622315,CONST330,TRACKING,330,24.557874,45.528016,0.318504,0.016197,5.060304,2.000000,0.000000,5.000000,1.682655,0
1784304053.672455,CONST330,TRACKING,330,25.000168,27.921175,0.312325,0.024034,5.063710,2.000000,0.000000,5.000000,1.689048,0
1784304053.722358,CONST330,TRACKING,330,25.513769,46.714914,0.309386,0.027393,5.065995,2.000000,0.000000,5.000000,1.692123,0
1784304053.772301,CONST330,TRACKING,330,24.623350,27.733678,0.302284,0.033717,5.066414,2.000000,0.000000,5.000000,1.699349,0
1784304053.822408,CONST330,TRACKING,330,25.069076,46.142823,0.297813,0.036815,5.065806,2.000000,0.000000,5.000000,1.703856,0
1784304053.872357,CONST330,TRACKING,330,21.505524,24.638781,0.288755,0.042794,5.066032,2.000000,0.000000,5.000000,1.713053,0
1784304053.922313,CONST330,TRACKING,330,28.903043,49.949105,0.286676,0.043268,5.067083,2.000000,0.000000,5.000000,1.715183,0
1784304053.972309,CONST330,TRACKING,330,22.191509,25.244680,0.283739,0.043922,5.068039,2.000000,0.000000,5.000000,1.718170,0
1784304054.022318,CONST330,TRACKING,330,24.998231,46.115510,0.283301,0.044622,5.068204,2.000000,0.000000,5.000000,1.718633,0
1784304054.072290,CONST330,TRACKING,330,30.210959,33.273463,0.285104,0.048428,5.067021,2.000000,0.000000,5.000000,1.716888,0
1784304054.122310,CONST330,TRACKING,330,24.617629,44.236376,0.285956,0.049580,5.066408,2.000000,0.000000,5.000000,1.716046,0
1784304054.172311,CONST330,TRACKING,330,22.253884,25.341664,0.286080,0.053518,5.063368,2.000000,0.000000,5.000000,1.715925,0
1784304054.222518,CONST330,TRACKING,330,22.506480,43.755746,0.286152,0.055469,5.061253,2.000000,0.000000,5.000000,1.715839,0
1784304054.272310,CONST330,TRACKING,330,22.545192,25.592890,0.285947,0.057746,5.056459,2.000000,0.000000,5.000000,1.715955,0
1784304054.322330,CONST330,TRACKING,330,28.322190,49.344529,0.285038,0.057539,5.054667,2.000000,0.000000,5.000000,1.716797,0
1784304054.372308,CONST330,TRACKING,330,20.964707,23.919034,0.283915,0.056889,5.050529,2.000000,0.000000,5.000000,1.717771,0
1784304054.422316,CONST330,TRACKING,330,24.334683,45.417738,0.283849,0.055267,5.052220,2.000000,0.000000,5.000000,1.717834,0
1784304054.472331,CONST330,TRACKING,330,47.701215,50.706374,0.284297,0.051723,5.054328,2.000000,0.000000,5.000000,1.717342,0
1784304054.522323,CONST330,TRACKING,330,22.239198,24.337702,0.284645,0.049766,5.055935,2.000000,0.000000,5.000000,1.716988,0
1784304054.572349,CONST330,TRACKING,330,29.850901,33.019293,0.285572,0.044315,5.055864,2.000000,0.000000,5.000000,1.715910,0
1784304054.622313,CONST330,TRACKING,330,22.978960,42.964063,0.286025,0.041547,5.053841,2.000000,0.000000,5.000000,1.715324,0
1784304054.672318,CONST330,TRACKING,330,27.124352,30.162573,0.286906,0.036278,5.051690,2.000000,0.000000,5.000000,1.714258,0
1784304054.722373,CONST330,TRACKING,330,31.508684,52.550060,0.287325,0.034033,5.050645,2.000000,0.000000,5.000000,1.713762,0
1784304054.772352,CONST330,TRACKING,330,24.706348,27.827018,0.287679,0.029745,5.049393,2.000000,0.000000,5.000000,1.713292,0
1784304054.822327,CONST330,TRACKING,330,26.360993,47.473166,0.287246,0.027818,5.048702,2.000000,0.000000,5.000000,1.713672,0
1784304054.872357,CONST330,TRACKING,330,21.899346,25.063131,0.285711,0.023927,5.044750,2.000000,0.000000,5.000000,1.715039,0
1784304054.922326,CONST330,TRACKING,330,25.616996,46.687251,0.283310,0.021176,5.044103,2.000000,0.000000,5.000000,1.717387,0
1784304054.972363,CONST330,TRACKING,330,21.781757,24.901068,0.278686,0.016147,5.041548,2.000000,0.000000,5.000000,1.721891,0
1784304055.022385,CONST330,TRACKING,330,22.200379,43.289174,0.276115,0.014383,5.039084,2.000000,0.000000,5.000000,1.724388,0
1784304055.072355,CONST330,TRACKING,330,26.460141,29.626025,0.267572,0.014318,5.036326,2.000000,0.000000,5.000000,1.732868,0
1784304055.122353,CONST330,TRACKING,330,27.106643,48.093236,0.263823,0.014150,5.035708,2.000000,0.000000,5.000000,1.736602,0
1784304055.172356,CONST330,TRACKING,330,23.541670,26.652492,0.255446,0.010781,5.035532,2.000000,0.000000,5.000000,1.744950,0
1784304055.222315,CONST330,TRACKING,330,25.890620,46.954911,0.251410,0.008531,5.035644,2.000000,0.000000,5.000000,1.748974,0
1784304055.272341,CONST330,TRACKING,330,22.239106,25.364875,0.244764,0.004030,5.039165,2.000000,0.000000,5.000000,1.755678,0
1784304055.322328,CONST330,TRACKING,330,26.217726,47.290896,0.243439,0.002544,5.042305,2.000000,0.000000,5.000000,1.757072,0
1784304055.372348,CONST330,TRACKING,330,21.288051,24.385404,0.240820,-0.000391,5.046343,2.000000,0.000000,5.000000,1.759791,0
1784304055.422358,CONST330,TRACKING,330,23.054936,44.104293,0.240895,-0.000904,5.049814,2.000000,0.000000,5.000000,1.759810,0
1784304055.472320,CONST330,TRACKING,330,27.219148,30.325836,0.241784,-0.001907,5.055868,2.000000,0.000000,5.000000,1.759104,0
1784304055.522364,CONST330,TRACKING,330,35.778805,56.751411,0.242228,-0.002549,5.057976,2.000000,0.000000,5.000000,1.758729,0
1784304055.572346,CONST330,TRACKING,330,26.634311,29.673104,0.241822,-0.005349,5.060365,2.000000,0.000000,5.000000,1.759222,0
1784304055.622364,CONST330,TRACKING,330,26.720360,47.874597,0.241952,-0.006619,5.060926,2.000000,0.000000,5.000000,1.759116,0
1784304055.672321,CONST330,TRACKING,330,22.329446,25.385428,0.245588,-0.012293,5.063897,2.000000,0.000000,5.000000,1.755618,0
1784304055.722358,CONST330,TRACKING,330,25.187654,46.309079,0.247686,-0.015237,5.064594,2.000000,0.000000,5.000000,1.753570,0
1784304055.772357,CONST330,TRACKING,330,28.628309,31.752870,0.252463,-0.021120,5.063515,2.000000,0.000000,5.000000,1.748818,0
1784304055.822356,CONST330,TRACKING,330,21.150553,42.108562,0.255522,-0.024205,5.060178,2.000000,0.000000,5.000000,1.745683,0
1784304055.872333,CONST330,TRACKING,330,24.968489,27.979429,0.262216,-0.030407,5.045551,2.000000,0.000000,5.000000,1.738646,0
1784304055.922375,CONST330,TRACKING,330,31.418311,52.610733,0.267940,-0.031546,5.038879,2.000000,0.000000,5.000000,1.732784,0
1784304055.972308,CONST330,TRACKING,330,40.677008,43.644921,0.278353,-0.033300,5.026538,2.000000,0.000000,5.000000,1.722174,0
1784304056.022354,CONST330,TRACKING,330,20.241434,29.359565,0.283135,-0.033863,5.023278,2.000000,0.000000,5.000000,1.717357,0
1784304056.072342,CONST330,TRACKING,330,23.848777,27.082082,0.292295,-0.034467,5.023042,2.000000,0.000000,5.000000,1.708208,0
1784304056.122390,CONST330,TRACKING,330,21.789611,42.856898,0.295241,-0.034744,5.022829,2.000000,0.000000,5.000000,1.705266,0
1784304056.172356,CONST330,TRACKING,330,26.662819,29.880782,0.294309,-0.034714,5.024827,2.000000,0.000000,5.000000,1.706225,0
1784304056.222350,CONST330,TRACKING,330,22.959385,44.096828,0.293258,-0.034571,5.026485,2.000000,0.000000,5.000000,1.707297,0
1784304056.272341,CONST330,TRACKING,330,25.236897,28.413778,0.293139,-0.033448,5.026614,2.000000,0.000000,5.000000,1.707396,0
1784304056.322322,CONST330,TRACKING,330,22.518537,43.677496,0.294374,-0.032232,5.026787,2.000000,0.000000,5.000000,1.706141,0
1784304056.372291,CONST330,TRACKING,330,21.331255,24.382843,0.297731,-0.029058,5.029218,2.000000,0.000000,5.000000,1.702768,0
1784304056.422328,CONST330,TRACKING,330,28.069939,49.006470,0.300719,-0.029839,5.031013,2.000000,0.000000,5.000000,1.699826,0
1784304056.472291,CONST330,TRACKING,330,23.977096,27.087981,0.306332,-0.030001,5.032288,2.000000,0.000000,5.000000,1.694241,0
1784304056.522316,CONST330,TRACKING,330,27.511713,48.365671,0.307741,-0.029622,5.033022,2.000000,0.000000,5.000000,1.692840,0
1784304056.572329,CONST330,TRACKING,330,23.625869,26.533979,0.306893,-0.028167,5.033291,2.000000,0.000000,5.000000,1.693669,0
1784304056.622323,CONST330,TRACKING,330,23.887027,44.709592,0.306521,-0.026973,5.034734,2.000000,0.000000,5.000000,1.694050,0
1784304056.672300,CONST330,TRACKING,330,31.539536,34.462522,0.304651,-0.027087,5.042353,2.000000,0.000000,5.000000,1.696095,0
1784304056.722347,CONST330,TRACKING,330,29.280277,47.666053,0.303598,-0.027465,5.044590,2.000000,0.000000,5.000000,1.697210,0
1784304056.772312,CONST330,TRACKING,330,21.208937,24.307651,0.302161,-0.028007,5.046367,2.000000,0.000000,5.000000,1.698703,0
1784304056.822318,CONST330,TRACKING,330,23.857378,44.968421,0.301806,-0.028198,5.045910,2.000000,0.000000,5.000000,1.699049,0
1784304056.872298,CONST330,TRACKING,330,25.969594,29.091969,0.301076,-0.028326,5.046361,2.000000,0.000000,5.000000,1.699792,0
1784304056.922316,CONST330,TRACKING,330,27.404140,48.406802,0.301166,-0.030129,5.049444,2.000000,0.000000,5.000000,1.699820,0
1784304056.972329,CONST330,TRACKING,330,24.093837,27.138192,0.301160,-0.033012,5.053430,2.000000,0.000000,5.000000,1.700001,0
1784304057.022366,CONST330,TRACKING,330,24.615221,45.767829,0.301044,-0.034255,5.052373,2.000000,0.000000,5.000000,1.700108,0
1784304057.072323,CONST330,TRACKING,330,25.281015,28.219785,0.300730,-0.037172,5.048542,2.000000,0.000000,5.000000,1.700369,0
1784304057.122327,CONST330,TRACKING,330,25.595070,46.612994,0.300295,-0.038128,5.044857,2.000000,0.000000,5.000000,1.700725,0
1784304057.172310,CONST330,TRACKING,330,25.134677,28.218012,0.302556,-0.041293,5.038341,2.000000,0.000000,5.000000,1.698379,0
1784304057.222391,CONST330,TRACKING,330,32.856291,53.908244,0.303712,-0.042729,5.035916,2.000000,0.000000,5.000000,1.697206,0
1784304057.272421,CONST330,TRACKING,330,20.849824,24.037053,0.304887,-0.043209,5.026570,2.000000,0.000000,5.000000,1.695872,0
1784304057.322319,CONST330,TRACKING,330,22.212583,43.260833,0.304935,-0.041819,5.022779,2.000000,0.000000,5.000000,1.695734,0
1784304057.372722,CONST330,TRACKING,330,36.896959,40.194486,0.304126,-0.038572,5.016958,2.000000,0.000000,5.000000,1.696397,0
1784304057.422327,CONST330,TRACKING,330,25.838353,38.271046,0.303216,-0.033099,5.014384,2.000000,0.000000,5.000000,1.697168,0
1784304057.472318,CONST330,TRACKING,330,36.179265,39.104614,0.301612,-0.021740,5.011279,2.000000,0.000000,5.000000,1.698564,0
1784304057.522312,CONST330,TRACKING,330,20.892770,34.568754,0.301507,-0.017574,5.011449,2.000000,0.000000,5.000000,1.698622,0
1784304057.572359,CONST330,TRACKING,330,21.866886,25.083975,0.304445,-0.012665,5.015194,2.000000,0.000000,5.000000,1.695670,0
1784304057.622327,CONST330,TRACKING,330,21.917314,42.939226,0.305682,-0.010476,5.017137,2.000000,0.000000,5.000000,1.694437,0
1784304057.672307,CONST330,TRACKING,330,20.148103,23.267394,0.306774,-0.006504,5.021254,2.000000,0.000000,5.000000,1.693372,0
1784304057.722321,CONST330,TRACKING,330,26.874647,47.999277,0.306748,-0.005166,5.021468,2.000000,0.000000,5.000000,1.693396,0
1784304057.772320,CONST330,TRACKING,330,22.771050,25.793587,0.306655,-0.002361,5.024636,2.000000,0.000000,5.000000,1.693526,0
1784304057.822359,CONST330,TRACKING,330,22.995961,44.095779,0.306661,-0.000746,5.027200,2.000000,0.000000,5.000000,1.693558,0
1784304057.872318,CONST330,TRACKING,330,21.751693,24.791090,0.306038,0.002800,5.033597,2.000000,0.000000,5.000000,1.694297,0
1784304057.922410,CONST330,TRACKING,330,30.080462,51.312569,0.304739,0.002398,5.039849,2.000000,0.000000,5.000000,1.695731,0
1784304057.972368,CONST330,TRACKING,330,19.729851,22.903489,0.303102,0.002363,5.052683,2.000000,0.000000,5.000000,1.697717,0
1784304058.022322,CONST330,TRACKING,330,34.143488,55.254530,0.303272,0.003025,5.057451,2.000000,0.000000,5.000000,1.697704,0
1784304058.072356,CONST330,TRACKING,330,19.927134,23.110053,0.307942,0.007008,5.069923,2.000000,0.000000,5.000000,1.693517,0
1784304058.122316,CONST330,TRACKING,330,19.967294,41.022852,0.310175,0.008738,5.072716,2.000000,0.000000,5.000000,1.691411,0
1784304058.172318,CONST330,TRACKING,330,27.002184,30.156779,0.317069,0.012486,5.078395,2.000000,0.000000,5.000000,1.684802,0
1784304058.222322,CONST330,TRACKING,330,20.852605,41.901740,0.320718,0.014387,5.081004,2.000000,0.000000,5.000000,1.681296,0
1784304058.272380,CONST330,TRACKING,330,24.220085,27.289558,0.327940,0.018849,5.087179,2.000000,0.000000,5.000000,1.674437,0
1784304058.322336,CONST330,TRACKING,330,35.812373,56.854945,0.330551,0.021094,5.090284,2.000000,0.000000,5.000000,1.672021,0
1784304058.372359,CONST330,TRACKING,330,21.809688,24.943012,0.335804,0.025664,5.093497,2.000000,0.000000,5.000000,1.667018,0
1784304058.422316,CONST330,TRACKING,330,23.275423,44.330207,0.340392,0.028469,5.095804,2.000000,0.000000,5.000000,1.662615,0
1784304058.472374,CONST330,TRACKING,330,32.928311,36.103316,0.349181,0.034641,5.096483,2.000000,0.000000,5.000000,1.653999,0
1784304058.522374,CONST330,TRACKING,330,20.288576,37.172035,0.352380,0.037132,5.095332,2.000000,0.000000,5.000000,1.650793,0
1784304058.572360,CONST330,TRACKING,330,35.380377,38.403601,0.358433,0.041388,5.091442,2.000000,0.000000,5.000000,1.644632,0
1784304058.622356,CONST330,TRACKING,330,21.695583,36.153265,0.360741,0.043393,5.088709,2.000000,0.000000,5.000000,1.642231,0
1784304058.672336,CONST330,TRACKING,330,34.631850,37.624367,0.364462,0.048177,5.089464,2.000000,0.000000,5.000000,1.638692,0
1784304058.722347,CONST330,TRACKING,330,21.609864,36.773255,0.365513,0.050331,5.091404,2.000000,0.000000,5.000000,1.637815,0
1784304058.772347,CONST330,TRACKING,330,22.131919,25.221157,0.366960,0.052303,5.091374,2.000000,0.000000,5.000000,1.636430,0
1784304058.822361,CONST330,TRACKING,330,20.856430,42.014267,0.367281,0.051598,5.089585,2.000000,0.000000,5.000000,1.635989,0
1784304058.872374,CONST330,TRACKING,330,24.923227,28.164022,0.367464,0.049792,5.081659,2.000000,0.000000,5.000000,1.635335,0
1784304058.922360,CONST330,TRACKING,330,33.850538,54.952238,0.367049,0.047779,5.079135,2.000000,0.000000,5.000000,1.635565,0
1784304058.972376,CONST330,TRACKING,330,30.318709,33.453939,0.366000,0.043594,5.073667,2.000000,0.000000,5.000000,1.636240,0
1784304059.022380,CONST330,TRACKING,330,25.886738,45.440735,0.365660,0.041121,5.071546,2.000000,0.000000,5.000000,1.636422,0
1784304059.072326,CONST330,TRACKING,330,29.342646,32.280545,0.365282,0.033720,5.069096,2.000000,0.000000,5.000000,1.636525,0
1784304059.122360,CONST330,TRACKING,330,26.514995,47.065788,0.364009,0.030239,5.067484,2.000000,0.000000,5.000000,1.637662,0
1784304059.172308,CONST330,TRACKING,330,26.638556,29.730256,0.359300,0.021572,5.067722,2.000000,0.000000,5.000000,1.642239,0
1784304059.222356,CONST330,TRACKING,330,21.065555,42.017154,0.356277,0.016982,5.067646,2.000000,0.000000,5.000000,1.645202,0
1784304059.272373,CONST330,TRACKING,330,31.809165,35.016369,0.347974,0.006381,5.064801,2.000000,0.000000,5.000000,1.653309,0
1784304059.322379,CONST330,TRACKING,330,23.713020,41.696043,0.343700,0.001372,5.063303,2.000000,0.000000,5.000000,1.657510,0
1784304059.372322,CONST330,TRACKING,330,24.644895,27.585479,0.336440,-0.007848,5.060182,2.000000,0.000000,5.000000,1.664666,0
1784304059.422314,CONST330,TRACKING,330,21.473598,42.209673,0.332921,-0.014307,5.059232,2.000000,0.000000,5.000000,1.668192,0
1784304059.472315,CONST330,TRACKING,330,29.035172,32.005078,0.325025,-0.027508,5.054834,2.000000,0.000000,5.000000,1.676098,0
1784304059.522347,CONST330,TRACKING,330,22.320974,43.163800,0.321180,-0.032817,5.053654,2.000000,0.000000,5.000000,1.679998,0
1784304059.572326,CONST330,TRACKING,330,26.367734,29.471462,0.313061,-0.042287,5.055387,2.000000,0.000000,5.000000,1.688377,0
1784304059.622314,CONST330,TRACKING,330,21.110178,42.116894,0.309666,-0.046317,5.055461,2.000000,0.000000,5.000000,1.691878,0
1784304059.672291,CONST330,TRACKING,330,30.076307,33.158415,0.303494,-0.054302,5.055744,2.000000,0.000000,5.000000,1.698290,0
1784304059.722360,CONST330,TRACKING,330,21.877958,41.736574,0.301228,-0.057222,5.056372,2.000000,0.000000,5.000000,1.700670,0
1784304059.772295,CONST330,TRACKING,330,22.749569,25.847808,0.296976,-0.062090,5.058734,2.000000,0.000000,5.000000,1.705168,0
1784304059.822310,CONST330,TRACKING,330,23.083545,44.038169,0.294632,-0.064099,5.060194,2.000000,0.000000,5.000000,1.707634,0
1784304059.872302,CONST330,TRACKING,330,21.932673,25.022625,0.289839,-0.067233,5.061502,2.000000,0.000000,5.000000,1.712587,0
1784304059.922315,CONST330,TRACKING,330,23.910538,44.968509,0.286735,-0.067200,5.060765,2.000000,0.000000,5.000000,1.715659,0
1784304059.972297,CONST330,TRACKING,330,28.063634,31.088454,0.280788,-0.066710,5.054772,2.000000,0.000000,5.000000,1.721377,0
1784304060.022354,CONST330,TRACKING,330,33.925311,54.942236,0.277652,-0.066130,5.049887,2.000000,0.000000,5.000000,1.724339,0
1784304060.072313,CONST330,TRACKING,330,30.717323,33.616145,0.268758,-0.064057,5.041596,2.000000,0.000000,5.000000,1.732926,0
1784304060.122321,CONST330,TRACKING,330,29.634737,48.787863,0.265181,-0.062764,5.039260,2.000000,0.000000,5.000000,1.736398,0
1784304060.172313,CONST330,TRACKING,330,28.805304,31.785656,0.260734,-0.058639,5.039083,2.000000,0.000000,5.000000,1.740693,0
1784304060.222328,CONST330,TRACKING,330,36.998298,58.083463,0.259210,-0.056190,5.038638,2.000000,0.000000,5.000000,1.742125,0
1784304060.272296,CONST330,TRACKING,330,20.570783,23.597202,0.257678,-0.050587,5.041743,2.000000,0.000000,5.000000,1.743556,0
1784304060.322312,CONST330,TRACKING,330,26.735898,47.856498,0.257875,-0.048185,5.044079,2.000000,0.000000,5.000000,1.743348,0
1784304060.372368,CONST330,TRACKING,330,21.276024,24.277042,0.257675,-0.043153,5.044322,2.000000,0.000000,5.000000,1.743423,0
1784304060.422375,CONST330,TRACKING,330,26.729608,47.798865,0.257690,-0.041270,5.045685,2.000000,0.000000,5.000000,1.743398,0
1784304060.472369,CONST330,TRACKING,330,19.657167,22.708080,0.256978,-0.036127,5.045012,2.000000,0.000000,5.000000,1.743977,0
1784304060.522384,CONST330,TRACKING,330,23.919495,44.918929,0.256214,-0.032819,5.042650,2.000000,0.000000,5.000000,1.744616,0
1784304060.572366,CONST330,TRACKING,330,19.220200,22.334068,0.253223,-0.022094,5.040825,2.000000,0.000000,5.000000,1.747393,0
1784304060.622334,CONST330,TRACKING,330,23.100296,44.097704,0.251679,-0.017098,5.039118,2.000000,0.000000,5.000000,1.748842,0
1784304060.672371,CONST330,TRACKING,330,21.765613,24.927360,0.246457,-0.006266,5.033019,2.000000,0.000000,5.000000,1.753865,0
1784304060.722334,CONST330,TRACKING,330,28.681848,49.738243,0.244102,-0.001845,5.029088,2.000000,0.000000,5.000000,1.756140,0
1784304060.772370,CONST330,TRACKING,330,20.222165,23.386646,0.240030,0.005707,5.024558,2.000000,0.000000,5.000000,1.760151,0
1784304060.822368,CONST330,TRACKING,330,24.548833,45.662659,0.238349,0.008789,5.025178,2.000000,0.000000,5.000000,1.761852,0
1784304060.872329,CONST330,TRACKING,330,20.812005,23.897617,0.235876,0.014554,5.027958,2.000000,0.000000,5.000000,1.764406,0
1784304060.922355,CONST330,TRACKING,330,25.391353,46.522847,0.236520,0.015071,5.035710,2.000000,0.000000,5.000000,1.763906,0
1784304060.972336,CONST330,TRACKING,330,25.648072,28.615282,0.238888,0.015967,5.049152,2.000000,0.000000,5.000000,1.761871,0
1784304061.022363,CONST330,TRACKING,330,23.479391,44.600580,0.240381,0.015890,5.055261,2.000000,0.000000,5.000000,1.760558,0
1784304061.072355,CONST330,TRACKING,330,21.390311,24.610670,0.242457,0.012487,5.064017,2.000000,0.000000,5.000000,1.758753,0
1784304061.122321,CONST330,TRACKING,330,33.476231,54.512537,0.243728,0.011089,5.066411,2.000000,0.000000,5.000000,1.757562,0
1784304061.172362,CONST330,TRACKING,330,20.111238,23.214960,0.248044,0.005546,5.067045,2.000000,0.000000,5.000000,1.753248,0
1784304061.222363,CONST330,TRACKING,330,21.506267,42.501239,0.250430,0.002752,5.064515,2.000000,0.000000,5.000000,1.750761,0
1784304061.272300,CONST330,TRACKING,330,21.334144,24.315965,0.255482,-0.002614,5.056540,2.000000,0.000000,5.000000,1.745436,0
1784304061.322335,CONST330,TRACKING,330,21.980546,43.036269,0.257728,-0.004764,5.054352,2.000000,0.000000,5.000000,1.743126,0
1784304061.372391,CONST330,TRACKING,330,24.989799,28.287512,0.261592,-0.008354,5.051600,2.000000,0.000000,5.000000,1.739194,0
1784304061.422349,CONST330,TRACKING,330,23.694825,44.781829,0.262154,-0.008618,5.054439,2.000000,0.000000,5.000000,1.738720,0
1784304061.472370,CONST330,TRACKING,330,21.923261,25.023771,0.264651,-0.008839,5.061180,2.000000,0.000000,5.000000,1.736450,0
1784304061.522370,CONST330,TRACKING,330,26.625098,47.568746,0.266411,-0.009241,5.063070,2.000000,0.000000,5.000000,1.734760,0
1784304061.572344,CONST330,TRACKING,330,25.058538,28.313114,0.271441,-0.012637,5.066744,2.000000,0.000000,5.000000,1.729893,0
1784304061.622356,CONST330,TRACKING,330,22.116030,43.086111,0.273915,-0.013836,5.068773,2.000000,0.000000,5.000000,1.727510,0
1784304061.672347,CONST330,TRACKING,330,33.641716,36.816924,0.278769,-0.015579,5.070376,2.000000,0.000000,5.000000,1.722740,0
1784304061.722368,CONST330,TRACKING,330,22.243681,38.456595,0.280788,-0.016032,5.071625,2.000000,0.000000,5.000000,1.720778,0
1784304061.772360,CONST330,TRACKING,330,22.302168,25.433943,0.285044,-0.017041,5.074665,2.000000,0.000000,5.000000,1.716665,0
1784304061.822357,CONST330,TRACKING,330,20.970308,42.068968,0.287027,-0.017804,5.076696,2.000000,0.000000,5.000000,1.714781,0
1784304061.872349,CONST330,TRACKING,330,27.009721,30.136358,0.291192,-0.019439,5.078192,2.000000,0.000000,5.000000,1.710706,0
1784304061.922354,CONST330,TRACKING,330,34.265022,55.430427,0.292633,-0.020698,5.079455,2.000000,0.000000,5.000000,1.709341,0
1784304061.972423,CONST330,TRACKING,330,19.663113,22.924856,0.295556,-0.023231,5.079780,2.000000,0.000000,5.000000,1.706468,0
1784304062.022371,CONST330,TRACKING,330,23.360355,44.315185,0.297282,-0.024639,5.079712,2.000000,0.000000,5.000000,1.704761,0
1784304062.072346,CONST330,TRACKING,330,21.416034,24.570683,0.302148,-0.028688,5.084395,2.000000,0.000000,5.000000,1.700190,0
1784304062.122366,CONST330,TRACKING,330,40.951225,61.860449,0.304041,-0.029849,5.085316,2.000000,0.000000,5.000000,1.698366,0
1784304062.172358,CONST330,TRACKING,330,20.090869,23.090282,0.309913,-0.032095,5.092129,2.000000,0.000000,5.000000,1.692900,0
1784304062.222355,CONST330,TRACKING,330,31.056965,52.054508,0.313083,-0.033105,5.094255,2.000000,0.000000,5.000000,1.689872,0
1784304062.272342,CONST330,TRACKING,330,24.670796,27.506702,0.319938,-0.035933,5.094718,2.000000,0.000000,5.000000,1.683114,0
1784304062.322366,CONST330,TRACKING,330,29.824796,50.885224,0.323131,-0.037927,5.094542,2.000000,0.000000,5.000000,1.679960,0
1784304062.372322,CONST330,TRACKING,330,30.654532,33.378366,0.328276,-0.041376,5.093739,2.000000,0.000000,5.000000,1.674861,0
1784304062.422314,CONST330,TRACKING,330,21.571098,40.732705,0.331047,-0.041126,5.095488,2.000000,0.000000,5.000000,1.672188,0
1784304062.472310,CONST330,TRACKING,330,20.706458,23.791920,0.335445,-0.039966,5.097003,2.000000,0.000000,5.000000,1.667857,0
1784304062.522335,CONST330,TRACKING,330,19.813564,40.642865,0.336512,-0.039126,5.096187,2.000000,0.000000,5.000000,1.666726,0
1784304062.572331,CONST330,TRACKING,330,25.643649,28.653063,0.336431,-0.036306,5.097420,2.000000,0.000000,5.000000,1.666814,0
1784304062.622329,CONST330,TRACKING,330,31.886548,52.759429,0.336604,-0.035280,5.098128,2.000000,0.000000,5.000000,1.666662,0
1784304062.672349,CONST330,TRACKING,330,21.275530,24.370039,0.336842,-0.033644,5.096438,2.000000,0.000000,5.000000,1.666292,0
1784304062.722382,CONST330,TRACKING,330,36.888265,57.934704,0.337109,-0.032917,5.094088,2.000000,0.000000,5.000000,1.665876,0
1784304062.772399,CONST330,TRACKING,330,32.853490,36.078852,0.337494,-0.030912,5.084997,2.000000,0.000000,5.000000,1.664964,0
1784304062.822368,CONST330,TRACKING,330,24.156889,41.119435,0.337517,-0.029893,5.076753,2.000000,0.000000,5.000000,1.664523,0
1784304062.872326,CONST330,TRACKING,330,22.405611,25.539525,0.336957,-0.026912,5.055453,2.000000,0.000000,5.000000,1.664185,0
1784304062.922374,CONST330,TRACKING,330,22.098803,43.177425,0.336722,-0.026497,5.047435,2.000000,0.000000,5.000000,1.664165,0
1784304062.972307,CONST330,TRACKING,330,23.233454,26.236405,0.335143,-0.025079,5.035834,2.000000,0.000000,5.000000,1.665432,0
1784304063.022368,CONST330,TRACKING,330,25.069059,46.231581,0.334088,-0.023958,5.031766,2.000000,0.000000,5.000000,1.666387,0
1784304063.072376,CONST330,TRACKING,330,19.682031,22.782275,0.331369,-0.019742,5.027709,2.000000,0.000000,5.000000,1.668978,0
1784304063.122382,CONST330,TRACKING,330,24.555092,45.714940,0.329695,-0.017982,5.024960,2.000000,0.000000,5.000000,1.670588,0
1784304063.172355,CONST330,TRACKING,330,23.134446,26.353866,0.327837,-0.014025,5.024966,2.000000,0.000000,5.000000,1.672408,0
1784304063.222322,CONST330,TRACKING,330,26.096630,47.208724,0.326727,-0.011879,5.026888,2.000000,0.000000,5.000000,1.673531,0
1784304063.272358,CONST330,TRACKING,330,20.052530,23.185958,0.322407,-0.007184,5.031937,2.000000,0.000000,5.000000,1.677912,0
1784304063.322359,CONST330,TRACKING,330,25.438891,46.655293,0.319489,-0.005455,5.035893,2.000000,0.000000,5.000000,1.680903,0
1784304063.372355,CONST330,TRACKING,330,22.645143,25.823866,0.313721,-0.001855,5.042265,2.000000,0.000000,5.000000,1.686810,0
1784304063.422390,CONST330,TRACKING,330,23.167615,44.256448,0.309705,-0.001012,5.045454,2.000000,0.000000,5.000000,1.690906,0
1784304063.472366,CONST330,TRACKING,330,21.912830,25.109499,0.302044,0.001628,5.054559,2.000000,0.000000,5.000000,1.698833,0
1784304063.522325,CONST330,TRACKING,330,24.660456,45.630515,0.299502,0.003175,5.059017,2.000000,0.000000,5.000000,1.701525,0
1784304063.572368,CONST330,TRACKING,330,19.294619,22.511364,0.297483,0.007289,5.065035,2.000000,0.000000,5.000000,1.703775,0
1784304063.622362,CONST330,TRACKING,330,19.965247,40.956538,0.296569,0.009420,5.065850,2.000000,0.000000,5.000000,1.704729,0
1784304063.672311,CONST330,TRACKING,330,25.054705,28.080750,0.292745,0.014801,5.071455,2.000000,0.000000,5.000000,1.708813,0
1784304063.722335,CONST330,TRACKING,330,28.797388,49.960889,0.291236,0.017219,5.075053,2.000000,0.000000,5.000000,1.710498,0
1784304063.772365,CONST330,TRACKING,330,25.086170,28.185002,0.287647,0.020573,5.079593,2.000000,0.000000,5.000000,1.714325,0
1784304063.822349,CONST330,TRACKING,330,29.651097,50.639936,0.284768,0.021152,5.080275,2.000000,0.000000,5.000000,1.717240,0
1784304063.872354,CONST330,TRACKING,330,21.962965,25.080744,0.279419,0.022222,5.081262,2.000000,0.000000,5.000000,1.722642,0
1784304063.922346,CONST330,TRACKING,330,24.720747,45.853170,0.277868,0.021199,5.081549,2.000000,0.000000,5.000000,1.724192,0
1784304063.972377,CONST330,TRACKING,330,27.384545,30.475148,0.275613,0.019182,5.078526,2.000000,0.000000,5.000000,1.726281,0
1784304064.022364,CONST330,TRACKING,330,28.154381,49.345900,0.274141,0.017751,5.076927,2.000000,0.000000,5.000000,1.727664,0
1784304064.072355,CONST330,TRACKING,330,30.364086,33.416876,0.267033,0.013074,5.071304,2.000000,0.000000,5.000000,1.734483,0
1784304064.122406,CONST330,TRACKING,330,22.914366,42.482641,0.264026,0.011248,5.067857,2.000000,0.000000,5.000000,1.737336,0
1784304064.172372,CONST330,TRACKING,330,25.836260,28.786241,0.257160,0.010375,5.064038,2.000000,0.000000,5.000000,1.744047,0
1784304064.222348,CONST330,TRACKING,330,24.719505,45.824954,0.253516,0.010154,5.061460,2.000000,0.000000,5.000000,1.747595,0
1784304064.272371,CONST330,TRACKING,330,22.145617,25.260904,0.246180,0.008477,5.053351,2.000000,0.000000,5.000000,1.754651,0
1784304064.322330,CONST330,TRACKING,330,22.097744,43.136709,0.243823,0.006997,5.051460,2.000000,0.000000,5.000000,1.756945,0
1784304064.372354,CONST330,TRACKING,330,28.830048,32.015331,0.239430,0.004095,5.044745,2.000000,0.000000,5.000000,1.761143,0
1784304064.422377,CONST330,TRACKING,330,29.621806,50.699210,0.237353,0.001324,5.042947,2.000000,0.000000,5.000000,1.763171,0
1784304064.472353,CONST330,TRACKING,330,41.153471,44.280420,0.234484,-0.003581,5.034452,2.000000,0.000000,5.000000,1.765856,0
1784304064.522359,CONST330,TRACKING,330,22.631694,31.346643,0.234264,-0.005730,5.030319,2.000000,0.000000,5.000000,1.766005,0
1784304064.572346,CONST330,TRACKING,330,27.378460,30.304976,0.237558,-0.011144,5.023982,2.000000,0.000000,5.000000,1.762640,0
1784304064.622372,CONST330,TRACKING,330,45.665924,66.848676,0.238911,-0.013392,5.021355,2.000000,0.000000,5.000000,1.761269,0
1784304064.672346,CONST330,TRACKING,330,21.666084,24.655785,0.242176,-0.016849,5.016448,2.000000,0.000000,5.000000,1.757982,0
1784304064.722353,CONST330,TRACKING,330,35.681656,56.845214,0.243268,-0.017661,5.015734,2.000000,0.000000,5.000000,1.756892,0
1784304064.772334,CONST330,TRACKING,330,32.425039,35.430053,0.244526,-0.019084,5.014882,2.000000,0.000000,5.000000,1.755640,0
1784304064.822355,CONST330,TRACKING,330,30.039889,47.487592,0.245269,-0.019762,5.016531,2.000000,0.000000,5.000000,1.754920,0
1784304064.872356,CONST330,TRACKING,330,23.964670,27.162740,0.246846,-0.020190,5.021205,2.000000,0.000000,5.000000,1.753399,0
1784304064.922368,CONST330,TRACKING,330,35.707089,56.871562,0.249129,-0.019993,5.023326,2.000000,0.000000,5.000000,1.751141,0
1784304064.972342,CONST330,TRACKING,330,33.985140,36.773101,0.253249,-0.019147,5.026164,2.000000,0.000000,5.000000,1.747052,0
1784304065.022365,CONST330,TRACKING,330,20.879671,36.743159,0.254661,-0.017909,5.027297,2.000000,0.000000,5.000000,1.745644,0
1784304065.072403,CONST330,TRACKING,330,38.511152,41.583137,0.254328,-0.011237,5.029115,2.000000,0.000000,5.000000,1.745951,0
1784304065.122369,CONST330,TRACKING,330,31.631459,42.932141,0.254042,-0.008427,5.029129,2.000000,0.000000,5.000000,1.746221,0
1784304065.172349,CONST330,TRACKING,330,28.027316,30.882713,0.252639,-0.005492,5.033343,2.000000,0.000000,5.000000,1.747688,0
1784304065.222365,CONST330,TRACKING,330,31.692275,52.811887,0.251875,-0.004460,5.034760,2.000000,0.000000,5.000000,1.748476,0
1784304065.272346,CONST330,TRACKING,330,22.517737,25.254676,0.249961,-0.002723,5.036437,2.000000,0.000000,5.000000,1.750421,0
1784304065.322348,CONST330,TRACKING,330,33.923179,55.136391,0.248942,-0.002425,5.038681,2.000000,0.000000,5.000000,1.751487,0
1784304065.372332,CONST330,TRACKING,330,31.264972,34.249925,0.246758,-0.001619,5.040409,2.000000,0.000000,5.000000,1.753708,0
1784304065.422577,CONST330,TRACKING,330,31.166647,50.020467,0.244669,-0.001952,5.040842,2.000000,0.000000,5.000000,1.755808,0
1784304065.472373,CONST330,TRACKING,330,28.522857,31.691150,0.241106,-0.001973,5.042164,2.000000,0.000000,5.000000,1.759400,0
1784304065.522352,CONST330,TRACKING,330,26.341021,47.001212,0.240392,-0.002205,5.042388,2.000000,0.000000,5.000000,1.760120,0
1784304065.572352,CONST330,TRACKING,330,22.036439,25.209824,0.241156,-0.005398,5.047401,2.000000,0.000000,5.000000,1.759491,0
1784304065.622369,CONST330,TRACKING,330,21.633350,42.743960,0.241514,-0.006606,5.048393,2.000000,0.000000,5.000000,1.759165,0
1784304065.672337,CONST330,TRACKING,330,32.683340,35.810928,0.241826,-0.007077,5.056126,2.000000,0.000000,5.000000,1.759084,0
1784304065.722335,CONST330,TRACKING,330,26.311473,43.509730,0.241946,-0.006810,5.059120,2.000000,0.000000,5.000000,1.759061,0
1784304065.772323,CONST330,TRACKING,330,33.205453,36.056422,0.241374,-0.007448,5.062530,2.000000,0.000000,5.000000,1.759753,0
1784304065.822371,CONST330,TRACKING,330,23.510821,40.062390,0.240138,-0.008475,5.061848,2.000000,0.000000,5.000000,1.760969,0
1784304065.872358,CONST330,TRACKING,330,21.514846,24.614725,0.237022,-0.010107,5.059805,2.000000,0.000000,5.000000,1.764021,0
1784304065.922341,CONST330,TRACKING,330,24.772510,45.800737,0.238326,-0.010422,5.061355,2.000000,0.000000,5.000000,1.762773,0
1784304065.972354,CONST330,TRACKING,330,35.372555,38.529570,0.239725,-0.010659,5.066247,2.000000,0.000000,5.000000,1.761553,0
1784304066.022372,CONST330,TRACKING,330,21.341243,35.808166,0.239848,-0.011147,5.068946,2.000000,0.000000,5.000000,1.761537,0
1784304066.072300,CONST330,TRACKING,330,19.134111,22.231309,0.238172,-0.014946,5.072321,2.000000,0.000000,5.000000,1.763375,0
1784304066.122329,CONST330,TRACKING,330,34.913801,55.948557,0.237953,-0.016394,5.072065,2.000000,0.000000,5.000000,1.763597,0
1784304066.172384,CONST330,TRACKING,330,25.688501,28.757644,0.236338,-0.014752,5.074063,2.000000,0.000000,5.000000,1.765278,0
1784304066.222352,CONST330,TRACKING,330,26.878780,48.009210,0.235859,-0.013389,5.073968,2.000000,0.000000,5.000000,1.765742,0
1784304066.272376,CONST330,TRACKING,330,23.448831,26.676751,0.237063,-0.010248,5.072968,2.000000,0.000000,5.000000,1.764476,0
1784304066.322432,CONST330,TRACKING,330,28.550978,49.662567,0.238744,-0.008921,5.075007,2.000000,0.000000,5.000000,1.762875,0
1784304066.372336,CONST330,TRACKING,330,23.614423,26.717121,0.242349,-0.006408,5.074414,2.000000,0.000000,5.000000,1.759237,0
1784304066.422336,CONST330,TRACKING,330,24.425583,45.605315,0.244213,-0.004981,5.075754,2.000000,0.000000,5.000000,1.757428,0
1784304066.472339,CONST330,TRACKING,330,28.688048,31.623199,0.248692,-0.001136,5.078964,2.000000,0.000000,5.000000,1.753088,0
1784304066.522378,CONST330,TRACKING,330,21.165491,42.092571,0.250708,0.001185,5.081809,2.000000,0.000000,5.000000,1.751204,0
1784304066.572316,CONST330,TRACKING,330,25.030388,28.126674,0.254271,0.007951,5.087871,2.000000,0.000000,5.000000,1.747958,0
1784304066.622395,CONST330,TRACKING,330,25.766522,46.853252,0.256424,0.011074,5.089542,2.000000,0.000000,5.000000,1.745909,0
1784304066.672367,CONST330,TRACKING,330,21.565431,24.748598,0.264508,0.020166,5.096529,2.000000,0.000000,5.000000,1.738291,0
1784304066.722334,CONST330,TRACKING,330,28.287622,49.397108,0.268854,0.024192,5.099509,2.000000,0.000000,5.000000,1.734172,0
1784304066.772321,CONST330,TRACKING,330,22.537991,25.546694,0.279436,0.030263,5.107919,2.000000,0.000000,5.000000,1.724211,0
1784304066.822368,CONST330,TRACKING,330,26.857780,48.018025,0.286197,0.032236,5.113861,2.000000,0.000000,5.000000,1.717884,0
1784304066.872323,CONST330,TRACKING,330,23.069711,26.151048,0.300422,0.035850,5.120150,2.000000,0.000000,5.000000,1.704196,0
1784304066.922336,CONST330,TRACKING,330,24.827231,45.858231,0.308217,0.036506,5.121069,2.000000,0.000000,5.000000,1.696502,0
1784304066.972323,CONST330,TRACKING,330,25.695109,28.639595,0.322237,0.037408,5.115026,2.000000,0.000000,5.000000,1.682118,0
1784304067.022391,CONST330,TRACKING,330,25.688101,46.750212,0.328374,0.038037,5.108618,2.000000,0.000000,5.000000,1.675583,0
1784304067.072314,CONST330,TRACKING,330,38.435296,41.438876,0.339130,0.040899,5.096526,2.000000,0.000000,5.000000,1.664175,0
1784304067.122373,CONST330,TRACKING,330,22.198013,33.671908,0.342921,0.041913,5.092134,2.000000,0.000000,5.000000,1.660168,0
1784304067.172349,CONST330,TRACKING,330,27.452689,30.579224,0.350900,0.043093,5.082641,2.000000,0.000000,5.000000,1.651732,0
1784304067.222357,CONST330,TRACKING,330,20.146669,41.177060,0.354319,0.043619,5.076495,2.000000,0.000000,5.000000,1.648036,0
1784304067.272317,CONST330,TRACKING,330,19.373094,22.489841,0.361856,0.046087,5.059746,2.000000,0.000000,5.000000,1.639880,0
1784304067.322353,CONST330,TRACKING,330,19.407404,40.215397,0.366052,0.048035,5.051181,2.000000,0.000000,5.000000,1.635455,0
1784304067.372333,CONST330,TRACKING,330,68.053810,70.984383,0.372545,0.051104,5.039196,2.000000,0.000000,5.000000,1.628729,1
1784304067.440567,CONST330,TRACKING,330,47.318991,118.474351,0.372545,0.051104,5.039196,2.000000,0.000000,5.000000,1.628729,0
1784304067.487997,CONST330,TRACKING,330,28.766139,28.792505,0.376643,0.051083,5.038396,2.000000,0.000000,5.000000,1.624615,0
1784304067.523291,CONST330,TRACKING,330,102.007221,108.462630,0.387846,0.050386,5.027630,2.000000,0.000000,5.000000,1.613178,1
1784304067.625477,CONST330,TRACKING,330,112.612629,221.240622,0.387846,0.050386,5.027630,2.000000,0.000000,5.000000,1.613178,1
1784304067.738419,CONST330,TRACKING,330,66.948531,66.968501,0.399958,0.047211,5.021773,2.000000,0.000000,5.000000,1.600886,1
1784304067.805842,CONST330,TRACKING,330,78.308305,78.333552,0.406534,0.042832,5.023545,2.000000,0.000000,5.000000,1.594216,1
1784304067.884303,CONST330,TRACKING,330,89.982336,90.015220,0.414766,0.038324,5.024772,2.000000,0.000000,5.000000,1.585891,1
1784304067.974453,CONST330,TRACKING,330,81.752758,81.783223,0.435863,0.035922,5.022182,2.000000,0.000000,5.000000,1.564706,1
1784304068.056869,CONST330,TRACKING,330,74.214144,74.245669,0.453083,0.031683,5.013212,2.000000,0.000000,5.000000,1.547298,1
1784304068.131225,CONST330,TRACKING,330,91.772300,91.802261,0.469460,0.026128,5.001896,2.000000,0.000000,5.000000,1.530764,1
1784304068.223239,CONST330,TRACKING,330,78.838935,78.877607,0.496310,0.017987,4.983168,2.000000,0.000000,5.000000,1.503892,1
1784304068.302213,CONST330,TRACKING,330,87.147805,87.176238,0.514194,0.011414,4.974282,2.000000,0.000000,5.000000,1.486072,1
1784304068.389574,CONST330,TRACKING,330,74.949873,74.987958,0.520609,0.007470,4.972602,2.000000,0.000000,5.000000,1.479664,1
1784304068.466783,CONST330,TRACKING,330,60.226952,60.253154,0.516848,0.005604,4.973360,2.000000,0.000000,5.000000,1.483402,1
1784304068.527200,CONST330,TRACKING,330,81.182402,81.218880,0.515393,0.004340,4.976311,2.000000,0.000000,5.000000,1.484802,1
1784304068.608531,CONST330,TRACKING,330,71.453911,71.484935,0.530557,-0.000104,5.002710,2.000000,0.000000,5.000000,1.469446,1
1784304068.680165,CONST330,TRACKING,330,67.462392,67.496562,0.551663,-0.001033,5.017073,2.000000,0.000000,5.000000,1.448438,1
1784304068.747735,CONST330,TRACKING,330,62.166810,62.192121,0.578014,-0.001431,5.031384,2.000000,0.000000,5.000000,1.422333,1
1784304068.810071,CONST330,TRACKING,330,62.070766,62.099420,0.616288,-0.004286,5.049472,2.000000,0.000000,5.000000,1.384602,1
1784304068.872284,CONST330,TRACKING,330,63.975091,64.008601,0.652196,-0.007616,5.065910,2.000000,0.000000,5.000000,1.349437,1
1784304068.936389,CONST330,TRACKING,330,84.500241,84.528869,0.689998,-0.011527,5.085451,2.000000,0.000000,5.000000,1.312836,1
1784304069.021071,CONST330,TRACKING,330,64.899642,64.936358,0.728395,-0.015605,5.100800,2.000000,0.000000,5.000000,1.275689,1
1784304069.089418,CONST330,TRACKING,330,53.604564,53.644228,0.757977,-0.020797,5.108421,2.000000,0.000000,5.000000,1.246919,1
1784304069.143148,CONST330,TRACKING,330,72.224041,72.249218,0.782009,-0.025632,5.112998,2.000000,0.000000,5.000000,1.223490,1
1784304069.215471,CONST330,TRACKING,330,82.606558,82.627988,0.799534,-0.031977,5.115919,2.000000,0.000000,5.000000,1.206473,1
1784304069.304330,CONST330,TRACKING,330,82.435503,82.454663,0.807003,-0.040396,5.110715,2.000000,0.000000,5.000000,1.198804,1
1784304069.390455,CONST330,TRACKING,330,83.250486,83.281750,0.801367,-0.045948,5.102621,2.000000,0.000000,5.000000,1.203895,1
1784304069.477418,CONST330,TRACKING,330,76.665390,76.690167,0.773123,-0.049482,5.098016,2.000000,0.000000,5.000000,1.231780,1
1784304069.554889,CONST330,TRACKING,330,84.411158,84.440772,0.762026,-0.052702,5.092772,2.000000,0.000000,5.000000,1.242564,1
1784304069.639526,CONST330,TRACKING,330,90.987600,91.026951,0.758429,-0.059065,5.081488,2.000000,0.000000,5.000000,1.245643,1
1784304069.732016,CONST330,TRACKING,330,82.118349,82.145012,0.767445,-0.059532,5.074912,2.000000,0.000000,5.000000,1.236263,1
1784304069.820429,CONST330,TRACKING,330,88.155160,88.183243,0.773017,-0.060195,5.051460,2.000000,0.000000,5.000000,1.229536,1
1784304069.908728,CONST330,TRACKING,330,100.701484,100.727194,0.757177,-0.059995,5.027115,2.000000,0.000000,5.000000,1.244565,1
1784304070.009523,CONST330,TRACKING,330,81.220396,81.244081,0.717268,-0.058320,5.006828,2.000000,0.000000,5.000000,1.284075,1
1784304070.090958,CONST330,TRACKING,330,101.101366,101.135867,0.688973,-0.057205,4.997058,2.000000,0.000000,5.000000,1.312278,1
1784304070.195340,CONST330,TRACKING,330,98.197736,98.225088,0.641358,-0.054315,4.983281,2.000000,0.000000,5.000000,1.359830,1
1784304070.293703,CONST330,TRACKING,330,103.102583,103.128260,0.585674,-0.049257,4.964873,2.000000,0.000000,5.000000,1.415620,1
1784304070.396981,CONST330,TRACKING,330,59.915236,59.952278,0.531086,-0.041770,4.959123,2.000000,0.000000,5.000000,1.470076,1
1784304070.457365,CONST330,TRACKING,330,34.166757,34.212187,0.502991,-0.033851,4.952836,2.000000,0.000000,5.000000,1.498135,0
1784304070.491727,CONST330,TRACKING,330,39.520263,39.555772,0.492785,-0.030001,4.949890,2.000000,0.000000,5.000000,1.508346,0
1784304070.549987,CONST330,TRACKING,330,73.207907,73.244129,0.477536,-0.016179,4.944726,2.000000,0.000000,5.000000,1.523553,1
1784304070.629397,CONST330,TRACKING,330,72.254627,72.295054,0.465124,0.004441,4.938877,2.000000,0.000000,5.000000,1.536099,1
1784304070.701807,CONST330,TRACKING,330,71.332409,71.367643,0.453661,0.029371,4.943466,2.000000,0.000000,5.000000,1.547650,1
1784304070.773335,CONST330,TRACKING,330,64.907681,64.944212,0.452124,0.045082,4.948416,2.000000,0.000000,5.000000,1.549391,1
1784304070.845125,CONST330,TRACKING,330,56.279629,56.318313,0.457263,0.063881,4.956701,2.000000,0.000000,5.000000,1.544666,1
1784304070.901563,CONST330,TRACKING,330,64.933832,64.970844,0.473693,0.079848,4.966079,2.000000,0.000000,5.000000,1.528771,1
1784304070.970349,CONST330,TRACKING,330,85.618427,85.646082,0.501035,0.094970,4.979577,2.000000,0.000000,5.000000,1.502109,1
1784304071.056072,CONST330,TRACKING,330,82.917281,82.941070,0.543026,0.110372,4.998858,2.000000,0.000000,5.000000,1.461149,1
1784304071.139113,CONST330,TRACKING,330,100.717393,100.744075,0.609192,0.129273,5.028338,2.000000,0.000000,5.000000,1.397090,1
1784304071.240031,CONST330,TRACKING,330,97.794271,97.830561,0.683945,0.148177,5.057965,2.000000,0.000000,5.000000,1.325638,1
1784304071.337996,CONST330,TRACKING,330,90.510317,90.538429,0.752636,0.163552,5.066005,2.000000,0.000000,5.000000,1.259771,1
1784304071.428634,CONST330,TRACKING,330,83.208441,83.232657,0.793802,0.171557,5.067965,2.000000,0.000000,5.000000,1.220231,1
1784304071.513452,CONST330,TRACKING,330,88.217183,88.237903,0.838424,0.176185,5.073008,2.000000,0.000000,5.000000,1.177128,1
1784304071.601856,CONST330,TRACKING,330,90.221012,90.249646,0.882948,0.174825,5.079392,2.000000,0.000000,5.000000,1.133433,1
1784304071.692195,CONST330,TRACKING,330,86.421685,86.442415,0.904486,0.172761,5.082883,2.000000,0.000000,5.000000,1.112145,1
1784304071.778832,CONST330,TRACKING,330,82.351331,82.398519,0.940584,0.169133,5.082558,2.000000,0.000000,5.000000,1.076004,1
1784304071.867479,CONST330,TRACKING,330,85.726872,85.764067,0.980332,0.165685,5.084821,2.000000,0.000000,5.000000,1.036518,1
1784304071.957411,CONST330,TRACKING,330,83.645410,83.667413,1.029613,0.154579,5.086673,2.000000,0.000000,5.000000,0.986437,1
1784304072.047416,CONST330,TRACKING,330,84.887950,84.912572,1.070819,0.137124,5.084828,2.000000,0.000000,5.000000,0.943067,1
1784304072.132546,CONST330,TRACKING,330,91.715685,91.753407,1.088382,0.126631,5.084719,2.000000,0.000000,5.000000,0.924262,1
1784304072.224419,CONST330,TRACKING,330,86.259535,86.286392,1.105988,0.106690,5.086357,2.000000,0.000000,5.000000,0.904488,1
1784304072.310752,CONST330,TRACKING,330,84.030989,84.047809,1.107172,0.084162,5.074716,2.000000,0.000000,5.000000,0.899893,1
1784304072.400391,CONST330,TRACKING,330,86.380386,86.412085,1.106742,0.067216,5.064055,2.000000,0.000000,5.000000,0.898070,1
1784304072.493351,CONST330,TRACKING,330,81.612304,81.644136,1.112719,0.033721,5.052285,2.000000,0.000000,5.000000,0.889460,1
1784304072.581423,CONST330,TRACKING,330,77.811300,77.865663,1.127418,-0.000765,5.045427,2.000000,0.000000,5.000000,0.873764,1
1784304072.660910,CONST330,TRACKING,330,77.422600,77.454987,1.133179,-0.025680,5.037849,2.000000,0.000000,5.000000,0.868027,1
1784304072.738520,CONST330,TRACKING,330,87.159917,87.189564,1.125408,-0.055871,5.025386,2.000000,0.000000,5.000000,0.876743,1
1784304072.829423,CONST330,TRACKING,330,90.233235,90.262271,1.102502,-0.074011,5.017793,2.000000,0.000000,5.000000,0.900721,1
1784304072.919890,CONST330,TRACKING,330,93.054022,93.088481,1.068582,-0.093551,5.010275,2.000000,0.000000,5.000000,0.936161,1
1784304073.013065,CONST330,TRACKING,330,90.449718,90.476099,1.035655,-0.108192,5.001712,2.000000,0.000000,5.000000,0.970397,1
1784304073.103639,CONST330,TRACKING,330,93.147788,93.172751,1.002413,-0.120311,4.983012,2.000000,0.000000,5.000000,1.004960,1
1784304073.200392,CONST330,TRACKING,330,81.275111,81.307275,0.970277,-0.127347,4.967774,2.000000,0.000000,5.000000,1.038068,1
1784304073.285576,CONST330,TRACKING,330,63.897425,63.926406,0.908989,-0.134073,4.949667,2.000000,0.000000,5.000000,1.100370,1
1784304073.350301,CONST330,TRACKING,330,81.802198,81.840127,0.867075,-0.132759,4.942078,2.000000,0.000000,5.000000,1.142147,1
1784304073.432920,CONST330,TRACKING,330,87.542058,87.580316,0.814227,-0.129672,4.931322,2.000000,0.000000,5.000000,1.194818,1
1784304073.521189,CONST330,TRACKING,330,103.010964,103.072247,0.733013,-0.124002,4.905692,2.000000,0.000000,5.000000,1.276529,1
1784304073.633438,CONST330,TRACKING,330,92.071553,92.109371,0.644686,-0.116773,4.882727,2.000000,0.000000,5.000000,1.365381,1
1784304073.725635,CONST330,TRACKING,330,98.036873,98.065960,0.573529,-0.113746,4.869954,2.000000,0.000000,5.000000,1.436896,1
1784304073.825233,CONST330,TRACKING,330,100.401088,100.437262,0.515869,-0.106096,4.871819,2.000000,0.000000,5.000000,1.493429,1
1784304073.925858,CONST330,TRACKING,330,94.755573,94.794851,0.468462,-0.090511,4.889022,2.000000,0.000000,5.000000,1.538218,1
1784304074.020735,CONST330,TRACKING,330,83.078611,83.106245,0.413328,-0.066168,4.916395,2.000000,0.000000,5.000000,1.590250,1
1784304074.103955,CONST330,TRACKING,330,89.071920,89.097920,0.360771,-0.036789,4.952208,2.000000,0.000000,5.000000,1.640338,1
1784304074.193843,CONST330,TRACKING,330,98.845940,98.872715,0.325256,-0.016855,4.972391,2.000000,0.000000,5.000000,1.675056,1
1784304074.292816,CONST330,TRACKING,330,91.928610,91.955180,0.271973,0.014399,4.999806,2.000000,0.000000,5.000000,1.728087,1
1784304074.384847,CONST330,TRACKING,330,100.977956,100.998350,0.236500,0.042516,5.022452,2.000000,0.000000,5.000000,1.764156,1
1784304074.485920,CONST330,TRACKING,330,103.875125,103.894142,0.224117,0.071755,5.045160,2.000000,0.000000,5.000000,1.777905,1
1784304074.589900,CONST330,TRACKING,330,97.966660,97.991387,0.215601,0.098146,5.064220,2.000000,0.000000,5.000000,1.788250,1
1784304074.694388,CONST330,TRACKING,330,101.226415,101.244406,0.211445,0.121160,5.068761,2.000000,0.000000,5.000000,1.793972,1
1784304074.799415,CONST330,TRACKING,330,95.158582,95.184113,0.217651,0.134106,5.067737,2.000000,0.000000,5.000000,1.788670,1
1784304074.894727,CONST330,TRACKING,330,92.743622,92.769280,0.241182,0.143775,5.067393,2.000000,0.000000,5.000000,1.765971,1
1784304074.991451,CONST330,TRACKING,330,100.952831,100.984547,0.268376,0.146675,5.050212,2.000000,0.000000,5.000000,1.738551,1
1784304075.092536,CONST330,TRACKING,330,114.872539,114.899732,0.290746,0.139152,5.019917,2.000000,0.000000,5.000000,1.715024,1
1784304075.207595,CONST330,TRACKING,330,105.067963,105.098939,0.314183,0.113706,4.996069,2.000000,0.000000,5.000000,1.689652,1
1784304075.316774,CONST330,TRACKING,330,113.061490,113.089257,0.329989,0.098760,4.984128,2.000000,0.000000,5.000000,1.673004,1
1784304075.433420,CONST330,TRACKING,330,105.142460,105.170330,0.345453,0.087264,4.979362,2.000000,0.000000,5.000000,1.656975,1
1784304075.538645,CONST330,TRACKING,330,98.586017,98.605034,0.363633,0.071376,4.986111,2.000000,0.000000,5.000000,1.637982,1
1784304075.641734,CONST330,TRACKING,330,111.572682,111.596861,0.383776,0.055803,4.995140,2.000000,0.000000,5.000000,1.617195,1
1784304075.753507,CONST330,TRACKING,330,110.096270,110.137456,0.411480,0.042881,5.000703,2.000000,0.000000,5.000000,1.589099,1
1784304075.863776,CONST330,TRACKING,330,125.648569,125.677127,0.433928,0.023673,5.009010,2.000000,0.000000,5.000000,1.566277,1
1784304075.989644,CONST330,TRACKING,330,109.700314,109.741661,0.458472,-0.004221,5.032505,2.000000,0.000000,5.000000,1.541876,1
1784304076.099545,CONST330,TRACKING,330,76.514096,76.550935,0.483974,-0.023667,5.049137,2.000000,0.000000,5.000000,1.517007,1
1784304076.176270,CONST330,TRACKING,330,47.956263,48.003910,0.506614,-0.041988,5.055430,2.000000,0.000000,5.000000,1.495005,0
1784304076.224444,CONST330,TRACKING,330,88.347298,88.391774,0.513842,-0.050685,5.055357,2.000000,0.000000,5.000000,1.488052,1
1784304076.314454,CONST330,TRACKING,330,86.240423,86.280597,0.523603,-0.070100,5.049707,2.000000,0.000000,5.000000,1.478895,1
1784304076.402216,CONST330,TRACKING,330,74.192654,74.278303,0.531185,-0.091593,5.047740,2.000000,0.000000,5.000000,1.472442,1
1784304076.480395,CONST330,TRACKING,330,88.531800,88.577296,0.537894,-0.104640,5.047676,2.000000,0.000000,5.000000,1.466621,1
1784304076.569974,CONST330,TRACKING,330,36.475347,36.514002,0.564621,-0.126640,5.045287,2.000000,0.000000,5.000000,1.441666,0
1784304076.607557,CONST330,TRACKING,330,37.296595,37.334764,0.577291,-0.135280,5.043818,2.000000,0.000000,5.000000,1.429798,0
1784304076.645081,CONST330,TRACKING,330,38.606826,38.643036,0.587688,-0.141598,5.042230,2.000000,0.000000,5.000000,1.420021,0
1784304076.683898,CONST330,TRACKING,330,43.699524,43.738175,0.600271,-0.147431,5.040380,2.000000,0.000000,5.000000,1.408051,0
1784304076.727842,CONST330,TRACKING,330,36.078487,36.115908,0.611648,-0.152628,5.038288,2.000000,0.000000,5.000000,1.397241,0
1784304076.776336,CONST330,TRACKING,330,106.487690,113.663801,0.656813,-0.167347,5.008685,2.000000,0.000000,5.000000,1.353600,1
1784304076.883025,CONST330,TRACKING,330,79.966593,193.829587,0.656813,-0.167347,5.008685,2.000000,0.000000,5.000000,1.353600,1
1784304076.963229,CONST330,TRACKING,330,65.309026,65.348537,0.665094,-0.171348,5.002846,2.000000,0.000000,5.000000,1.345861,1
1784304077.028783,CONST330,TRACKING,330,64.694356,64.734641,0.688084,-0.178326,4.992697,2.000000,0.000000,5.000000,1.324001,1
1784304077.093757,CONST330,TRACKING,330,38.063548,38.101143,0.715480,-0.182699,4.982703,2.000000,0.000000,5.000000,1.297563,0
1784304077.132042,CONST330,TRACKING,330,38.369986,38.407712,0.730091,-0.183664,4.977938,2.000000,0.000000,5.000000,1.283312,0
1784304077.174322,CONST330,TRACKING,330,78.366340,82.056536,0.827833,-0.176948,4.969625,2.000000,0.000000,5.000000,1.185837,1
1784304077.255548,CONST330,TRACKING,330,65.568092,150.484261,0.827833,-0.176948,4.969625,2.000000,0.000000,5.000000,1.185837,1
1784304077.322280,CONST330,TRACKING,330,34.877296,34.915754,0.843136,-0.172366,4.971036,2.000000,0.000000,5.000000,1.169993,0
1784304077.372264,CONST330,TRACKING,330,48.143010,50.065366,0.929108,-0.144261,4.990165,2.000000,0.000000,5.000000,1.080610,0
1784304077.422495,CONST330,TRACKING,330,37.657167,39.508807,0.945929,-0.139633,4.994004,2.000000,0.000000,5.000000,1.063296,0
1784304077.472293,CONST330,TRACKING,330,58.686565,60.534921,0.984384,-0.128380,5.000943,2.000000,0.000000,5.000000,1.023699,1
1784304077.533995,CONST330,TRACKING,330,63.357649,126.905207,0.984384,-0.128380,5.000943,2.000000,0.000000,5.000000,1.023699,1
1784304077.597617,CONST330,TRACKING,330,55.471213,55.526886,1.001898,-0.123071,5.005296,2.000000,0.000000,5.000000,1.005675,1
1784304077.658752,CONST330,TRACKING,330,60.617657,60.643298,1.021543,-0.117317,5.009031,2.000000,0.000000,5.000000,0.985506,1
1784304077.722424,CONST330,TRACKING,330,60.030996,60.060650,1.039539,-0.111507,5.012242,2.000000,0.000000,5.000000,0.966989,1
1784304077.785011,CONST330,TRACKING,330,62.571852,62.600201,1.071343,-0.099205,5.017907,2.000000,0.000000,5.000000,0.934113,1
1784304077.848343,CONST330,TRACKING,330,58.139897,58.169611,1.101593,-0.083013,5.021211,2.000000,0.000000,5.000000,0.902483,1
1784304077.907344,CONST330,TRACKING,330,71.684253,71.711169,1.131825,-0.066089,5.024010,2.000000,0.000000,5.000000,0.871018,1
1784304077.982089,CONST330,TRACKING,330,66.360143,66.392353,1.166308,-0.047692,5.026479,2.000000,0.000000,5.000000,0.835475,1
1784304078.049283,CONST330,TRACKING,330,60.483671,60.509561,1.207776,-0.026169,5.029324,2.000000,0.000000,5.000000,0.793198,1
1784304078.113325,CONST330,TRACKING,330,57.348355,57.377363,1.245264,-0.006714,5.032936,2.000000,0.000000,5.000000,0.755484,1
1784304078.170804,CONST330,TRACKING,330,59.459690,59.489110,1.272391,0.010351,5.035510,2.000000,0.000000,5.000000,0.728549,1
1784304078.233377,CONST330,TRACKING,330,65.619421,65.651472,1.297454,0.027835,5.039879,2.000000,0.000000,5.000000,0.704227,1
1784304078.299170,CONST330,TRACKING,330,53.791750,53.824993,1.307375,0.035056,5.040280,2.000000,0.000000,5.000000,0.694680,1
1784304078.355334,CONST330,TRACKING,330,65.004838,65.028895,1.326578,0.048541,5.036792,2.000000,0.000000,5.000000,0.676170,1
1784304078.420531,CONST330,TRACKING,330,83.572759,83.604528,1.355705,0.062789,5.034054,2.000000,0.000000,5.000000,0.648242,1
1784304078.505487,CONST330,TRACKING,330,58.277160,58.304010,1.396217,0.079254,5.029377,2.000000,0.000000,5.000000,0.609671,1
1784304078.567466,CONST330,TRACKING,330,68.699766,68.736293,1.404945,0.083665,5.028561,2.000000,0.000000,5.000000,0.601587,1
1784304078.636336,CONST330,TRACKING,330,86.328299,86.356311,1.429292,0.095180,5.024082,2.000000,0.000000,5.000000,0.579091,1
1784304078.722842,CONST330,TRACKING,330,87.190590,87.223928,1.441795,0.100579,5.020914,2.000000,0.000000,5.000000,0.567579,1
1784304078.815392,CONST330,TRACKING,330,94.418128,94.451018,1.452077,0.108070,5.018645,2.000000,0.000000,5.000000,0.558790,1
1784304078.909935,CONST330,TRACKING,330,94.923245,94.950882,1.455183,0.114066,5.013741,2.000000,0.000000,5.000000,0.556799,1
1784304079.005432,CONST330,TRACKING,330,84.383988,84.414288,1.458162,0.118022,4.999996,2.000000,0.000000,5.000000,0.554543,1
1784304079.093411,CONST330,TRACKING,330,85.968613,85.993749,1.446462,0.122791,4.996509,2.000000,0.000000,5.000000,0.567005,1
1784304079.179508,CONST330,TRACKING,330,83.719017,83.742478,1.434687,0.123797,4.993002,2.000000,0.000000,5.000000,0.578752,1
1784304079.269389,CONST330,TRACKING,330,82.578884,82.599532,1.436916,0.117093,4.989883,2.000000,0.000000,5.000000,0.575219,1
1784304079.354396,CONST330,TRACKING,330,89.516976,89.541789,1.448170,0.108588,4.992810,2.000000,0.000000,5.000000,0.562459,1
1784304079.444087,CONST330,TRACKING,330,87.830237,87.860073,1.457837,0.095548,4.995646,2.000000,0.000000,5.000000,0.550536,1
1784304079.532789,CONST330,TRACKING,330,56.974495,57.007325,1.458434,0.088049,4.992379,2.000000,0.000000,5.000000,0.548730,1
1784304079.591960,CONST330,TRACKING,330,68.265841,68.296484,1.451753,0.080565,4.989397,2.000000,0.000000,5.000000,0.554236,1
1784304079.660399,CONST330,TRACKING,330,79.801816,79.831791,1.441413,0.071911,4.989169,2.000000,0.000000,5.000000,0.563301,1
1784304079.746516,CONST330,TRACKING,330,87.902040,87.941649,1.414521,0.063310,4.983911,2.000000,0.000000,5.000000,0.589111,1
1784304079.835990,CONST330,TRACKING,330,61.586285,61.615600,1.394256,0.050526,4.988701,2.000000,0.000000,5.000000,0.607953,1
1784304079.901436,CONST330,TRACKING,330,61.293750,61.321306,1.389980,0.046348,4.992057,2.000000,0.000000,5.000000,0.611829,1
1784304079.962923,CONST330,TRACKING,330,68.032384,68.061395,1.392134,0.036195,5.003954,2.000000,0.000000,5.000000,0.608955,1
1784304080.031071,CONST330,TRACKING,330,61.812607,61.836851,1.396339,0.024607,5.019043,2.000000,0.000000,5.000000,0.604463,1
1784304080.096605,CONST330,TRACKING,330,111.446242,111.483229,1.394461,0.017763,5.031804,2.000000,0.000000,5.000000,0.606634,1
1784304080.211465,CONST330,TRACKING,330,86.276939,86.312036,1.391541,0.001392,5.048240,2.000000,0.000000,5.000000,0.610370,1
1784304080.301411,CONST330,TRACKING,330,92.380113,92.408026,1.389757,-0.009059,5.054350,2.000000,0.000000,5.000000,0.612725,1
1784304080.393903,CONST330,TRACKING,330,108.272687,108.299193,1.392995,-0.016257,5.053832,2.000000,0.000000,5.000000,0.609605,1
1784304080.502352,CONST330,TRACKING,330,97.127319,97.158945,1.410072,-0.030168,5.057975,2.000000,0.000000,5.000000,0.593537,1
1784304080.606449,CONST330,TRACKING,330,92.577666,92.613206,1.433462,-0.041989,5.059518,2.000000,0.000000,5.000000,0.571201,1
1784304080.704437,CONST330,TRACKING,330,93.441095,93.473002,1.451663,-0.052627,5.048051,2.000000,0.000000,5.000000,0.552948,1
1784304080.801795,CONST330,TRACKING,330,65.998495,66.030802,1.479543,-0.057170,5.018659,2.000000,0.000000,5.000000,0.523920,1
1784304080.872421,CONST330,TRACKING,330,58.976547,59.008457,1.499411,-0.056491,5.004398,2.000000,0.000000,5.000000,0.503786,1
1784304080.935358,CONST330,TRACKING,330,63.248180,63.282004,1.523806,-0.055118,4.991457,2.000000,0.000000,5.000000,0.479449,1
1784304080.998821,CONST330,TRACKING,330,61.006297,61.046120,1.533515,-0.054263,4.984910,2.000000,0.000000,5.000000,0.469872,1
1784304081.065349,CONST330,TRACKING,330,62.565189,62.602523,1.546753,-0.050434,4.975012,2.000000,0.000000,5.000000,0.456728,1
1784304081.132672,CONST330,TRACKING,330,61.836873,61.870963,1.549149,-0.045477,4.968245,2.000000,0.000000,5.000000,0.454250,1
1784304081.194630,CONST330,TRACKING,330,63.273241,63.300590,1.532545,-0.038266,4.963186,2.000000,0.000000,5.000000,0.470461,1
1784304081.258020,CONST330,TRACKING,330,64.974083,65.002726,1.500565,-0.029231,4.957143,2.000000,0.000000,5.000000,0.502122,1
1784304081.325581,CONST330,TRACKING,330,60.267766,60.309150,1.460811,-0.022783,4.954051,2.000000,0.000000,5.000000,0.541623,1
1784304081.386083,CONST330,TRACKING,330,61.003757,61.038077,1.422247,-0.016695,4.953738,2.000000,0.000000,5.000000,0.579843,1
1784304081.448460,CONST330,TRACKING,330,62.166566,62.202632,1.382766,-0.007211,4.963135,2.000000,0.000000,5.000000,0.618376,1
1784304081.513319,CONST330,TRACKING,330,34.601669,34.637605,1.351606,0.001560,4.972225,2.000000,0.000000,5.000000,0.648991,0
1784304081.548102,CONST330,TRACKING,330,35.073350,35.107126,1.335457,0.004388,4.978368,2.000000,0.000000,5.000000,0.664909,0
1784304081.583644,CONST330,TRACKING,330,36.901367,36.938160,1.320736,0.007273,4.985064,2.000000,0.000000,5.000000,0.679468,0
1784304081.622298,CONST330,TRACKING,330,40.577503,41.092409,1.258795,0.026816,5.018709,2.000000,0.000000,5.000000,0.741926,0
1784304081.672565,CONST330,TRACKING,330,87.940783,89.747196,1.239839,0.034076,5.028543,2.000000,0.000000,5.000000,0.761459,1
1784304081.760705,CONST330,TRACKING,330,63.564187,153.506149,1.239839,0.034076,5.028543,2.000000,0.000000,5.000000,0.761459,1
1784304081.825535,CONST330,TRACKING,330,64.825649,64.869473,1.232926,0.036763,5.033290,2.000000,0.000000,5.000000,0.768676,1
1784304081.890491,CONST330,TRACKING,330,64.352540,64.382155,1.227038,0.039294,5.039002,2.000000,0.000000,5.000000,0.774943,1
1784304081.954993,CONST330,TRACKING,330,63.516849,63.547529,1.217037,0.046372,5.051927,2.000000,0.000000,5.000000,0.786052,1
1784304082.021077,CONST330,TRACKING,330,61.073246,61.270621,1.207313,0.053443,5.067029,2.000000,0.000000,5.000000,0.797309,1
1784304082.084469,CONST330,TRACKING,330,65.535481,65.571722,1.201170,0.057825,5.076618,2.000000,0.000000,5.000000,0.804577,1
1784304082.150193,CONST330,TRACKING,330,66.931359,66.961210,1.196169,0.061568,5.080115,2.000000,0.000000,5.000000,0.810157,1
1784304082.217449,CONST330,TRACKING,330,62.716141,62.749537,1.191871,0.062805,5.076345,2.000000,0.000000,5.000000,0.814153,1
1784304082.281781,CONST330,TRACKING,330,54.951568,55.091137,1.188160,0.063084,5.069334,2.000000,0.000000,5.000000,0.817234,1
1784304082.338085,CONST330,TRACKING,330,35.875732,35.918775,1.182674,0.061982,5.062335,2.000000,0.000000,5.000000,0.822040,0
1784304082.374114,CONST330,TRACKING,330,37.497703,37.527180,1.178789,0.061336,5.058061,2.000000,0.000000,5.000000,0.825543,0
1784304082.424318,CONST330,TRACKING,330,67.699081,80.229472,1.147055,0.051463,5.051572,2.000000,0.000000,5.000000,0.856051,1
1784304082.497428,CONST330,TRACKING,330,61.850376,147.487784,1.147055,0.051463,5.051572,2.000000,0.000000,5.000000,0.856051,1
1784304082.560525,CONST330,TRACKING,330,63.615462,63.657195,1.135941,0.048661,5.050635,2.000000,0.000000,5.000000,0.866908,1
1784304082.626112,CONST330,TRACKING,330,63.269573,63.311643,1.121555,0.045148,5.047553,2.000000,0.000000,5.000000,0.880889,1
1784304082.692506,CONST330,TRACKING,330,59.468780,59.509341,1.090450,0.042135,5.039691,2.000000,0.000000,5.000000,0.911390,1
1784304082.755432,CONST330,TRACKING,330,62.227830,62.260174,1.062013,0.039891,5.033488,2.000000,0.000000,5.000000,0.939432,1
1784304082.817934,CONST330,TRACKING,330,59.242714,59.276466,1.037758,0.030917,5.021657,2.000000,0.000000,5.000000,0.962983,1
1784304082.880272,CONST330,TRACKING,330,62.923946,62.959190,1.025231,0.021179,5.005830,2.000000,0.000000,5.000000,0.975017,1
1784304082.945902,CONST330,TRACKING,330,64.982409,65.020917,1.034075,0.012644,4.990682,2.000000,0.000000,5.000000,0.966053,1
1784304083.011568,CONST330,TRACKING,330,35.410558,35.441688,1.041999,0.004505,4.976627,2.000000,0.000000,5.000000,0.958297,0
1784304083.047704,CONST330,TRACKING,330,31.346488,31.377527,1.043244,0.002833,4.974500,2.000000,0.000000,5.000000,0.957100,0
1784304083.079266,CONST330,TRACKING,330,36.623963,36.662464,1.042913,0.000974,4.972525,2.000000,0.000000,5.000000,0.957482,0
1784304083.123850,CONST330,TRACKING,330,59.669381,67.465219,1.013765,-0.008889,4.978113,2.000000,0.000000,5.000000,0.986518,1
1784304083.188375,CONST330,TRACKING,330,63.211695,135.529648,1.013765,-0.008889,4.978113,2.000000,0.000000,5.000000,0.986518,1
1784304083.253552,CONST330,TRACKING,330,62.766236,62.799190,1.007255,-0.012023,4.978580,2.000000,0.000000,5.000000,0.993049,1
1784304083.317751,CONST330,TRACKING,330,63.512749,63.543663,1.001929,-0.016102,4.979221,2.000000,0.000000,5.000000,0.998417,1
1784304083.381685,CONST330,TRACKING,330,50.158760,50.203314,0.996411,-0.023050,4.979558,2.000000,0.000000,5.000000,1.004062,1
1784304083.432082,CONST330,TRACKING,330,37.548295,37.584575,0.996540,-0.026715,4.977880,2.000000,0.000000,5.000000,1.004060,0
1784304083.473107,CONST330,TRACKING,330,63.096664,66.368458,1.035428,-0.035740,4.970630,2.000000,0.000000,5.000000,0.965681,1
1784304083.536342,CONST330,TRACKING,330,51.744209,118.249232,1.035428,-0.035740,4.970630,2.000000,0.000000,5.000000,0.965681,1
1784304083.588253,CONST330,TRACKING,330,38.097353,38.129682,1.047070,-0.036285,4.967934,2.000000,0.000000,5.000000,0.954159,0
1784304083.626548,CONST330,TRACKING,330,35.367803,35.410499,1.061835,-0.036749,4.966402,2.000000,0.000000,5.000000,0.939485,0
1784304083.673170,CONST330,TRACKING,330,49.265190,53.136464,1.138147,-0.040148,4.958764,2.000000,0.000000,5.000000,0.863772,0
1784304083.722990,CONST330,TRACKING,330,34.354237,88.041599,1.138147,-0.040148,4.958764,2.000000,0.000000,5.000000,0.863772,0
1784304083.772292,CONST330,TRACKING,330,60.509436,61.710321,1.196561,-0.042061,4.957515,2.000000,0.000000,5.000000,0.805660,1
1784304083.836863,CONST330,TRACKING,330,63.734015,129.505221,1.196561,-0.042061,4.957515,2.000000,0.000000,5.000000,0.805660,1
1784304083.900862,CONST330,TRACKING,330,59.948545,59.983925,1.212706,-0.042131,4.957783,2.000000,0.000000,5.000000,0.789550,1
1784304083.963996,CONST330,TRACKING,330,64.628578,64.666023,1.229398,-0.042099,4.957238,2.000000,0.000000,5.000000,0.772935,1
1784304084.030534,CONST330,TRACKING,330,60.845299,60.884633,1.250448,-0.041901,4.954193,2.000000,0.000000,5.000000,0.752119,1
1784304084.094556,CONST330,TRACKING,330,65.709581,65.746464,1.286118,-0.043802,4.951831,2.000000,0.000000,5.000000,0.716844,1
1784304084.161436,CONST330,TRACKING,330,65.021025,65.057249,1.316654,-0.044606,4.952839,2.000000,0.000000,5.000000,0.686422,1
1784304084.226667,CONST330,TRACKING,330,66.721179,66.763569,1.341179,-0.046135,4.957644,2.000000,0.000000,5.000000,0.661791,1
1784304084.295997,CONST330,TRACKING,330,60.303127,60.336080,1.366291,-0.046016,4.962815,2.000000,0.000000,5.000000,0.636464,1
1784304084.357274,CONST330,TRACKING,330,62.026348,62.162217,1.395105,-0.044213,4.965595,2.000000,0.000000,5.000000,0.607484,1
1784304084.421744,CONST330,TRACKING,330,66.729963,66.763011,1.433317,-0.042127,4.966132,2.000000,0.000000,5.000000,0.569255,1
1784304084.488643,CONST330,TRACKING,330,91.930015,91.966913,1.472832,-0.040602,4.967263,2.000000,0.000000,5.000000,0.529742,1
1784304084.580781,CONST330,TRACKING,330,101.096983,101.133302,1.546341,-0.037307,4.968738,2.000000,0.000000,5.000000,0.456263,1
1784304084.685801,CONST330,TRACKING,330,105.396418,105.424228,1.630596,-0.035313,4.974171,2.000000,0.000000,5.000000,0.371985,1
1784304084.794438,CONST330,TRACKING,330,99.062578,99.093403,1.694804,-0.035975,4.991444,2.000000,0.000000,5.000000,0.307428,1
1784304084.893698,CONST330,TRACKING,330,94.276161,94.345949,1.735643,-0.037825,5.014891,2.000000,2.000000,5.000000,2.054954,1
1784304084.991465,CONST330,TRACKING,330,94.396334,94.433207,1.733820,-0.035540,5.028274,2.000000,2.000000,5.000000,2.053065,1
1784304085.086012,CONST330,TRACKING,330,99.658005,99.684522,1.694533,-0.033834,5.033127,2.000000,2.000000,5.000000,2.056912,1
1784304085.185826,CONST330,TRACKING,330,99.114164,99.141277,1.635769,-0.033926,5.036579,2.000000,2.000000,5.000000,2.066606,1
1784304085.285117,CONST330,TRACKING,330,98.041210,98.069413,1.561039,-0.034800,5.037687,2.000000,2.000000,5.000000,2.081951,1
1784304085.390559,CONST330,TRACKING,330,95.961049,96.010754,1.488959,-0.031643,5.030903,2.000000,2.000000,5.000000,2.095159,1
1784304085.486643,CONST330,TRACKING,330,99.154619,99.180758,1.428040,-0.024193,5.030188,2.000000,2.000000,5.000000,2.103665,1
1784304085.585988,CONST330,TRACKING,330,99.543383,99.572126,1.388287,-0.002039,5.042001,2.000000,2.000000,5.000000,2.093829,1
1784304085.685662,CONST330,TRACKING,330,99.932745,99.956515,1.353050,0.043123,5.050447,2.000000,2.000000,5.000000,2.061664,1
1784304085.785751,CONST330,TRACKING,330,111.455952,111.491506,1.314998,0.099100,5.051419,2.000000,2.000000,5.000000,2.021210,1
1784304085.903435,CONST330,TRACKING,330,113.021738,113.050968,1.231389,0.196830,5.038992,2.000000,2.000000,5.000000,1.960537,1
1784304086.020846,CONST330,TRACKING,330,88.894649,88.923716,1.161622,0.276168,5.022697,2.000000,2.000000,5.000000,1.917027,1
1784304086.114022,CONST330,TRACKING,330,89.719919,89.754999,1.090099,0.350982,5.011069,2.000000,2.000000,5.000000,1.883428,1
1784304086.203912,CONST330,TRACKING,330,90.220621,90.249546,0.985495,0.418595,4.995855,2.000000,2.000000,5.000000,1.878851,1
1784304086.300435,CONST330,TRACKING,330,89.395355,89.426679,0.912167,0.451727,4.984943,2.000000,2.000000,5.000000,1.892289,1
1784304086.393997,CONST330,TRACKING,330,94.017505,94.046491,0.794076,0.488792,4.968058,2.000000,2.000000,5.000000,1.933655,1
1784304086.491390,CONST330,TRACKING,330,88.972506,89.015995,0.664774,0.521106,4.963945,2.000000,2.000000,5.000000,1.992801,1
1784304086.583451,CONST330,TRACKING,330,90.206604,90.241743,0.538265,0.549809,4.962981,2.000000,2.000000,5.000000,2.059392,1
1784304086.678105,CONST330,TRACKING,330,95.192842,95.221273,0.395245,0.568501,4.965525,2.000000,2.000000,5.000000,2.150724,1
1784304086.773484,CONST330,TRACKING,330,89.898956,89.928933,0.260613,0.569143,4.967053,2.000000,2.000000,5.000000,2.252533,1
1784304086.863558,CONST330,TRACKING,330,89.992435,90.028236,0.159702,0.559522,4.968327,2.000000,2.000000,5.000000,2.337237,1
1784304086.953697,CONST330,TRACKING,330,89.959533,89.989337,0.035160,0.543208,4.975290,2.000000,2.000000,5.000000,2.446109,1
1784304087.043792,CONST330,TRACKING,330,89.999731,90.027502,-0.081487,0.528515,4.981525,2.000000,2.000000,5.000000,2.549156,1
1784304087.135345,CONST330,TRACKING,330,88.956834,90.420733,-0.137683,0.522292,4.984432,2.000000,2.000000,5.000000,2.598759,1
1784304087.224492,CONST330,TRACKING,330,98.015378,98.044920,-0.208510,0.506209,4.981896,2.000000,2.000000,5.000000,2.666318,1
1784304087.323513,CONST330,TRACKING,330,104.725719,104.755975,-0.254651,0.485397,4.978270,2.000000,2.000000,5.000000,2.716238,1
1784304087.428392,CONST330,TRACKING,330,99.571288,99.606222,-0.290386,0.450292,4.977304,2.000000,2.000000,5.000000,2.765497,1
1784304087.540444,CONST330,TRACKING,330,96.647721,96.691637,-0.310767,0.402123,5.010560,2.000000,2.000000,5.000000,2.809442,1
1784304087.643479,CONST330,TRACKING,330,100.752257,100.790856,-0.303789,0.376862,5.030770,2.000000,2.000000,5.000000,2.818327,1
1784304087.752460,CONST330,TRACKING,330,84.644784,84.684131,-0.275543,0.376095,5.032133,2.000000,2.000000,5.000000,2.795746,1
1784304087.838408,CONST330,TRACKING,330,81.615181,81.653470,-0.223625,0.383674,5.034071,2.000000,2.000000,5.000000,2.749214,1
1784304087.920192,CONST330,TRACKING,330,98.770259,98.809448,-0.185572,0.391434,5.024765,2.000000,2.000000,5.000000,2.713820,1
1784304088.024422,CONST330,TRACKING,330,99.117510,99.153527,-0.116044,0.404470,5.006006,2.000000,2.000000,5.000000,2.650169,1
1784304088.127451,CONST330,TRACKING,330,97.070537,97.105478,-0.048913,0.409870,4.987056,2.000000,2.000000,5.000000,2.593594,1
1784304088.224728,CONST330,TRACKING,330,76.519973,76.558392,0.032305,0.406634,4.964977,2.000000,2.000000,5.000000,2.532166,1
1784304088.301467,CONST330,TRACKING,330,46.765581,46.802917,0.083010,0.396405,4.952206,2.000000,2.000000,5.000000,2.499730,0
1784304088.348402,CONST330,TRACKING,330,33.464455,33.500418,0.133403,0.379315,4.943790,2.000000,2.000000,5.000000,2.472643,0
1784304088.382504,CONST330,TRACKING,330,33.303213,33.337999,0.158573,0.370411,4.941383,2.000000,2.000000,5.000000,2.459644,0
1784304088.425279,CONST330,TRACKING,330,65.649682,73.373224,0.288042,0.321367,4.938184,2.000000,2.000000,5.000000,2.398423,1
1784304088.494423,CONST330,TRACKING,330,63.094991,139.957882,0.288042,0.321367,4.938184,2.000000,2.000000,5.000000,2.398423,1
1784304088.561939,CONST330,TRACKING,330,63.438936,63.470696,0.314647,0.315511,4.938811,2.000000,2.000000,5.000000,2.383624,1
1784304088.630132,CONST330,TRACKING,330,68.739037,68.774881,0.348607,0.310865,4.938979,2.000000,2.000000,5.000000,2.363049,1
1784304088.699026,CONST330,TRACKING,330,102.350643,102.385330,0.405769,0.314645,4.934485,2.000000,2.000000,5.000000,2.320837,1
1784304088.801595,CONST330,TRACKING,330,64.887811,64.924520,0.538248,0.351604,4.934183,2.000000,2.000000,5.000000,2.204146,1
1784304088.866658,CONST330,TRACKING,330,68.072207,68.105626,0.570001,0.364113,4.935872,2.000000,2.000000,5.000000,2.173738,1
1784304088.934906,CONST330,TRACKING,330,40.337455,40.372436,0.662369,0.408463,4.945858,2.000000,2.000000,5.000000,2.079706,0
1784304088.975401,CONST330,TRACKING,330,33.386701,33.419404,0.691269,0.423614,4.950074,2.000000,2.000000,5.000000,2.049454,0
1784304089.024323,CONST330,TRACKING,330,73.045356,88.191883,0.819122,0.492690,4.971990,2.000000,2.000000,5.000000,1.915004,1
1784304089.097555,CONST330,TRACKING,330,80.025865,168.402362,0.819122,0.492690,4.971990,2.000000,2.000000,5.000000,1.915004,1
1784304089.182122,CONST330,TRACKING,330,68.294946,68.336098,0.838626,0.506832,4.977154,2.000000,2.000000,5.000000,1.891788,1
1784304089.250673,CONST330,TRACKING,330,67.344080,67.385230,0.884036,0.540976,4.986429,2.000000,2.000000,5.000000,1.836929,1
1784304089.321470,CONST330,TRACKING,330,61.606549,61.648220,0.924827,0.576786,4.995350,2.000000,2.000000,5.000000,1.783692,1
1784304089.388952,CONST330,TRACKING,330,66.310588,66.347785,0.963766,0.612772,5.003310,2.000000,2.000000,5.000000,1.731529,1
1784304089.458445,CONST330,TRACKING,330,69.070481,69.106855,1.009693,0.656924,5.010275,2.000000,2.000000,5.000000,1.668732,1
1784304089.528462,CONST330,TRACKING,330,98.051753,98.087334,1.039950,0.690538,5.023458,2.000000,2.000000,5.000000,1.623865,1
1784304089.626644,CONST330,TRACKING,330,102.786231,102.820908,1.064191,0.732961,5.054655,2.000000,2.000000,5.000000,1.576107,1
1784304089.729588,CONST330,TRACKING,330,91.414557,91.452405,1.056985,0.754125,5.069359,2.000000,2.000000,5.000000,1.564063,1
1784304089.824291,CONST330,TRACKING,330,69.680727,69.724398,1.037664,0.771987,5.080260,2.000000,2.000000,5.000000,1.562225,1
1784304089.894192,CONST330,TRACKING,330,67.750064,67.788167,1.021767,0.781602,5.090582,2.000000,2.000000,5.000000,1.565132,1
1784304089.965432,CONST330,TRACKING,330,74.840658,74.878864,0.999705,0.796063,5.097085,2.000000,2.000000,5.000000,1.568273,1
1784304090.040489,CONST330,TRACKING,330,71.936116,71.978089,0.968055,0.821005,5.104414,2.000000,2.000000,5.000000,1.570300,1
1784304090.115462,CONST330,TRACKING,330,67.349558,67.384734,0.951719,0.836817,5.107733,2.000000,2.000000,5.000000,1.569552,1
1784304090.183460,CONST330,TRACKING,330,68.592413,68.631882,0.932691,0.849648,5.104784,2.000000,2.000000,5.000000,1.572717,1
1784304090.255449,CONST330,TRACKING,330,70.632449,70.669567,0.914795,0.865731,5.095018,2.000000,2.000000,5.000000,1.572661,1
1784304090.328456,CONST330,TRACKING,330,70.373625,70.410814,0.910903,0.890301,5.079055,2.000000,2.000000,5.000000,1.556860,1
1784304090.403511,CONST330,TRACKING,330,63.416758,63.455502,0.909816,0.935464,5.044620,2.000000,2.000000,5.000000,1.524378,1
1784304090.470941,CONST330,TRACKING,330,72.149175,72.187756,0.912870,0.966847,5.025571,2.000000,2.000000,5.000000,1.499970,1
1784304090.543426,CONST330,TRACKING,330,70.121881,70.160497,0.920484,1.002023,5.006496,2.000000,2.000000,5.000000,1.470155,1
1784304090.613728,CONST330,TRACKING,330,72.260069,72.298320,0.932213,1.043809,4.985609,2.000000,2.000000,5.000000,1.433415,1
1784304090.691497,CONST330,TRACKING,330,51.713384,51.749099,0.946370,1.078672,4.971789,2.000000,2.000000,5.000000,1.399920,1
1784304090.743416,CONST330,TRACKING,330,37.001484,37.037848,0.965507,1.113198,4.969771,2.000000,2.000000,5.000000,1.362904,0
1784304090.781664,CONST330,TRACKING,330,37.890593,37.926655,0.975910,1.131050,4.969028,2.000000,2.000000,5.000000,1.343426,0
1784304090.823487,CONST330,TRACKING,330,75.957883,79.610496,1.027768,1.221582,4.968223,2.000000,2.000000,5.000000,1.245865,1
1784304090.900110,CONST330,TRACKING,330,64.106234,144.379056,1.027768,1.221582,4.968223,2.000000,2.000000,5.000000,1.245865,1
1784304090.964567,CONST330,TRACKING,330,38.949992,38.986769,1.038550,1.236350,4.970291,2.000000,2.000000,5.000000,1.228181,0
1784304091.003648,CONST330,TRACKING,330,32.799083,32.831581,1.050921,1.252675,4.974676,2.000000,2.000000,5.000000,1.208258,0
1784304091.036630,CONST330,TRACKING,330,32.694130,32.727755,1.056564,1.264007,4.977206,2.000000,2.000000,5.000000,1.196777,0
1784304091.073304,CONST330,TRACKING,330,63.994983,67.813966,1.099956,1.323862,4.974232,2.000000,2.000000,5.000000,1.126014,1
1784304091.142270,CONST330,TRACKING,330,64.844657,137.630420,1.099956,1.323862,4.974232,2.000000,2.000000,5.000000,1.126014,1
1784304091.207370,CONST330,TRACKING,330,71.215992,71.251622,1.110660,1.335505,4.977098,2.000000,2.000000,5.000000,1.110407,1
1784304091.278709,CONST330,TRACKING,330,71.588640,71.619494,1.122129,1.347465,4.978415,2.000000,2.000000,5.000000,1.094041,1
1784304091.354922,CONST330,TRACKING,330,65.123607,65.167661,1.147675,1.372484,4.975812,2.000000,2.000000,5.000000,1.058688,1
1784304091.421445,CONST330,TRACKING,330,88.175480,88.211985,1.181010,1.404410,4.970767,2.000000,2.000000,5.000000,1.013078,1
1784304091.509735,CONST330,TRACKING,330,82.344381,82.372681,1.235256,1.453393,4.966646,2.000000,2.000000,5.000000,0.940598,1
1784304091.595347,CONST330,TRACKING,330,90.396445,90.424105,1.272063,1.480350,4.974102,2.000000,2.000000,5.000000,0.894762,1
1784304091.685949,CONST330,TRACKING,330,94.388816,94.423178,1.343640,1.535566,4.989368,2.000000,2.000000,5.000000,0.804127,1
1784304091.780483,CONST330,TRACKING,330,86.723193,86.752350,1.409055,1.589742,5.004666,2.000000,2.000000,5.000000,0.719409,1
1784304091.870397,CONST330,TRACKING,330,95.090530,95.122255,1.462105,1.640617,5.012179,2.000000,2.000000,5.000000,0.647021,1
1784304091.965715,CONST330,TRACKING,330,104.800927,104.834005,1.489862,1.662996,5.021377,2.000000,2.000000,5.000000,0.611776,1
1784304092.074436,CONST330,TRACKING,330,98.107200,98.141421,1.541379,1.698042,5.042567,2.000000,2.000000,5.000000,0.550749,1
1784304092.172781,CONST330,TRACKING,330,92.260315,92.293839,1.566713,1.715024,5.049694,2.000000,2.000000,5.000000,0.520978,1
1784304092.266980,CONST330,TRACKING,330,90.931384,90.963679,1.576607,1.722734,5.046273,2.000000,2.000000,5.000000,0.508212,1
1784304092.362758,CONST330,TRACKING,330,89.957366,89.989609,1.582101,1.726459,5.027705,2.000000,2.000000,5.000000,0.500231,1
1784304092.453418,CONST330,TRACKING,330,104.101195,104.134316,1.579176,1.711306,4.997983,2.000000,2.000000,5.000000,0.510334,1
1784304092.557707,CONST330,TRACKING,330,91.241519,91.271398,1.571448,1.688958,4.980554,2.000000,2.000000,5.000000,0.529888,1
1784304092.649122,CONST330,TRACKING,330,87.840232,87.870284,1.558650,1.662319,4.963952,2.000000,2.000000,5.000000,0.556883,1
1784304092.740444,CONST330,TRACKING,330,88.831592,88.863663,1.543365,1.642135,4.937378,2.000000,2.000000,5.000000,0.583527,1
1784304092.832512,CONST330,TRACKING,330,92.913333,92.959035,1.533533,1.624002,4.907263,2.000000,2.000000,5.000000,0.606272,1
1784304092.925631,CONST330,TRACKING,330,94.347699,94.380599,1.512111,1.584873,4.869392,2.000000,2.000000,5.000000,0.653777,1
1784304093.022442,CONST330,TRACKING,330,90.938669,90.970573,1.475052,1.520410,4.839022,2.000000,2.000000,5.000000,0.729034,1
1784304093.113538,CONST330,TRACKING,330,97.602089,97.631673,1.425870,1.444102,4.834160,2.000000,2.000000,5.000000,0.816180,1
1784304093.211358,CONST330,TRACKING,330,66.935373,66.967101,1.371204,1.364115,4.809927,2.000000,2.000000,5.000000,0.914254,1
1784304093.278434,CONST330,TRACKING,330,41.364389,41.395407,1.333039,1.313325,4.791008,2.000000,2.000000,5.000000,0.979815,0
1784304093.323317,CONST330,TRACKING,330,73.998243,77.322119,1.202049,1.157650,4.829994,2.000000,2.000000,5.000000,1.172682,1
1784304093.397461,CONST330,TRACKING,330,62.042523,139.508995,1.202049,1.157650,4.829994,2.000000,2.000000,5.000000,1.172682,1
1784304093.462786,CONST330,TRACKING,330,63.570381,63.607750,1.175755,1.124450,4.848177,2.000000,2.000000,5.000000,1.212030,1
1784304093.526758,CONST330,TRACKING,330,43.778816,43.809584,1.149701,1.090567,4.865788,2.000000,2.000000,5.000000,1.252234,0
1784304093.574317,CONST330,TRACKING,330,73.097944,76.612934,1.005298,0.873879,4.971861,2.000000,2.000000,5.000000,1.502788,1
1784304093.647602,CONST330,TRACKING,330,35.193926,111.988459,1.005298,0.873879,4.971861,2.000000,2.000000,5.000000,1.502788,0
1784304093.682920,CONST330,TRACKING,330,35.242931,35.272748,0.985402,0.843047,4.983217,2.000000,2.000000,5.000000,1.538906,0
1784304093.724307,CONST330,TRACKING,330,42.591382,48.545491,0.939785,0.769353,5.020312,2.000000,2.000000,5.000000,1.624488,0
1784304093.772297,CONST330,TRACKING,330,75.970926,77.957015,0.919084,0.737617,5.040369,2.000000,2.000000,5.000000,1.662414,1
1784304093.851445,CONST330,TRACKING,330,63.105332,144.234136,0.919084,0.737617,5.040369,2.000000,2.000000,5.000000,1.662414,1
1784304093.914798,CONST330,TRACKING,330,29.116423,29.151843,0.911531,0.726803,5.049240,2.000000,2.000000,5.000000,1.675774,0
1784304093.944125,CONST330,TRACKING,330,30.995171,31.028936,0.905008,0.717600,5.057680,2.000000,2.000000,5.000000,1.687271,0
1784304093.976571,CONST330,TRACKING,330,29.823170,29.863109,0.898570,0.708617,5.067275,2.000000,2.000000,5.000000,1.698630,0
1784304094.026330,CONST330,TRACKING,330,91.204230,110.942558,0.880743,0.694158,5.098464,2.000000,2.000000,5.000000,1.722688,1
1784304094.117708,CONST330,TRACKING,330,87.655398,198.766504,0.880743,0.694158,5.098464,2.000000,2.000000,5.000000,1.722688,1
1784304094.209469,CONST330,TRACKING,330,78.015071,78.048991,0.878280,0.700709,5.109994,2.000000,2.000000,5.000000,1.720032,1
1784304094.287632,CONST330,TRACKING,330,91.879912,91.909168,0.875499,0.707604,5.116882,2.000000,2.000000,5.000000,1.717105,1
1784304094.379709,CONST330,TRACKING,330,67.124167,67.158136,0.869835,0.721176,5.119582,2.000000,2.000000,5.000000,1.710837,1
1784304094.452598,CONST330,TRACKING,330,30.570607,30.603777,0.871539,0.740400,5.113465,2.000000,2.000000,5.000000,1.694960,0
1784304094.483351,CONST330,TRACKING,330,33.876375,33.907032,0.871263,0.748260,5.107879,2.000000,2.000000,5.000000,1.688945,0
1784304094.522312,CONST330,TRACKING,330,71.079578,75.952389,0.856277,0.773902,5.051029,2.000000,2.000000,5.000000,1.677505,1
1784304094.593767,CONST330,TRACKING,330,87.259974,163.585996,0.856277,0.773902,5.051029,2.000000,2.000000,5.000000,1.677505,1
1784304094.684382,CONST330,TRACKING,330,86.125868,86.160384,0.849595,0.772983,5.039315,2.000000,2.000000,5.000000,1.682423,1
1784304094.773396,CONST330,TRACKING,330,87.108662,87.141798,0.820865,0.763642,5.013119,2.000000,2.000000,5.000000,1.708541,1
1784304094.860716,CONST330,TRACKING,330,73.931375,73.959475,0.782812,0.742493,4.991566,2.000000,2.000000,5.000000,1.750126,1
1784304094.938428,CONST330,TRACKING,330,62.184222,62.214217,0.743569,0.725530,4.964715,2.000000,2.000000,5.000000,1.790011,1
1784304095.000868,CONST330,TRACKING,330,71.631284,71.669825,0.732364,0.721425,4.956014,2.000000,2.000000,5.000000,1.800997,1
1784304095.073852,CONST330,TRACKING,330,65.740680,65.772581,0.698006,0.708616,4.926131,2.000000,2.000000,5.000000,1.835297,1
1784304095.139846,CONST330,TRACKING,330,54.997040,55.036664,0.678367,0.701371,4.910174,2.000000,2.000000,5.000000,1.855053,1
1784304095.195443,CONST330,TRACKING,330,36.788245,36.820527,0.668018,0.698108,4.903668,2.000000,2.000000,5.000000,1.865041,0
1784304095.232532,CONST330,TRACKING,330,33.544082,33.584535,0.656706,0.694888,4.897167,2.000000,2.000000,5.000000,1.875721,0
1784304095.272296,CONST330,TRACKING,330,47.829738,50.983651,0.629067,0.688898,4.864889,2.000000,2.000000,5.000000,1.901763,0
1784304095.323312,CONST330,TRACKING,330,64.698711,67.696971,0.624417,0.686202,4.860893,2.000000,2.000000,5.000000,1.907261,1
1784304095.388164,CONST330,TRACKING,330,61.624529,129.475737,0.624417,0.686202,4.860893,2.000000,2.000000,5.000000,1.907261,1
1784304095.450025,CONST330,TRACKING,330,62.464394,62.508007,0.619568,0.682986,4.859081,2.000000,2.000000,5.000000,1.913107,1
1784304095.512599,CONST330,TRACKING,330,47.533186,47.562103,0.615229,0.679888,4.859191,2.000000,2.000000,5.000000,1.918362,0
1784304095.560338,CONST330,TRACKING,330,39.474836,39.515196,0.609651,0.672825,4.860522,2.000000,2.000000,5.000000,1.927153,0
1784304095.599981,CONST330,TRACKING,330,36.161447,36.193427,0.605331,0.666843,4.862373,2.000000,2.000000,5.000000,1.934257,0
1784304095.636290,CONST330,TRACKING,330,35.541308,35.570437,0.599381,0.656177,4.869026,2.000000,2.000000,5.000000,1.945443,0
1784304095.675301,CONST330,TRACKING,330,69.330701,72.653017,0.618876,0.645916,4.898539,2.000000,2.000000,5.000000,1.936838,1
1784304095.744752,CONST330,TRACKING,330,72.415471,145.189767,0.618876,0.645916,4.898539,2.000000,2.000000,5.000000,1.936838,1
1784304095.819251,CONST330,TRACKING,330,30.232901,30.263780,0.626124,0.644346,4.905996,2.000000,2.000000,5.000000,1.932400,0
1784304095.850980,CONST330,TRACKING,330,33.590495,33.621717,0.633844,0.643504,4.913458,2.000000,2.000000,5.000000,1.927162,0
1784304095.884852,CONST330,TRACKING,330,31.817139,31.850433,0.642273,0.640476,4.919043,2.000000,2.000000,5.000000,1.923092,0
1784304095.924043,CONST330,TRACKING,330,65.589861,71.151450,0.693528,0.645020,4.937783,2.000000,2.000000,5.000000,1.883271,1
1784304095.990337,CONST330,TRACKING,330,62.092934,133.944636,0.693528,0.645020,4.937783,2.000000,2.000000,5.000000,1.883271,1
1784304096.053930,CONST330,TRACKING,330,43.716388,43.745015,0.709946,0.651377,4.942644,2.000000,2.000000,5.000000,1.867167,0
1784304096.097772,CONST330,TRACKING,330,37.614839,37.645245,0.726487,0.657986,4.947834,2.000000,2.000000,5.000000,1.850826,0
1784304096.135526,CONST330,TRACKING,330,36.019358,36.049027,0.743164,0.664341,4.951498,2.000000,2.000000,5.000000,1.834659,0
1784304096.172316,CONST330,TRACKING,330,37.985804,38.541336,0.843025,0.700049,4.965322,2.000000,2.000000,5.000000,1.740593,0
1784304096.223323,CONST330,TRACKING,330,54.482079,67.317968,0.865080,0.707977,4.970034,2.000000,2.000000,5.000000,1.719961,1
1784304096.277933,CONST330,TRACKING,330,33.940502,101.382033,0.865080,0.707977,4.970034,2.000000,2.000000,5.000000,1.719961,0
1784304096.324321,CONST330,TRACKING,330,61.341358,72.883901,0.935259,0.738108,4.988366,2.000000,2.000000,5.000000,1.651115,1
1784304096.387123,CONST330,TRACKING,330,63.814449,138.155824,0.935259,0.738108,4.988366,2.000000,2.000000,5.000000,1.651115,1
1784304096.454442,CONST330,TRACKING,330,99.252885,99.284358,0.957037,0.749594,4.993620,2.000000,2.000000,5.000000,1.628290,1
1784304096.553857,CONST330,TRACKING,330,85.126912,85.157896,1.005154,0.776886,5.000543,2.000000,2.000000,5.000000,1.576619,1
1784304096.641264,CONST330,TRACKING,330,72.986744,73.017417,1.091302,0.832789,5.003694,2.000000,2.000000,5.000000,1.479232,1
1784304096.718889,CONST330,TRACKING,330,71.166566,71.206527,1.146892,0.873400,5.004522,2.000000,2.000000,5.000000,1.413168,1
1784304096.790276,CONST330,TRACKING,330,64.331204,64.368149,1.194663,0.911364,5.007917,2.000000,2.000000,5.000000,1.354163,1
1784304096.854792,CONST330,TRACKING,330,61.923845,61.954734,1.239394,0.949141,5.010211,2.000000,2.000000,5.000000,1.297278,1
1784304096.921102,CONST330,TRACKING,330,71.033563,71.066938,1.265623,0.970543,5.013442,2.000000,2.000000,5.000000,1.264624,1
1784304096.997432,CONST330,TRACKING,330,78.151929,78.181330,1.278423,0.979971,5.017588,2.000000,2.000000,5.000000,1.249577,1
1784304097.075761,CONST330,TRACKING,330,73.411816,73.444823,1.284073,0.982047,5.023411,2.000000,2.000000,5.000000,1.244720,1
1784304097.149451,CONST330,TRACKING,330,62.646390,62.684041,1.285033,0.982953,5.023860,2.000000,2.000000,5.000000,1.243435,1
1784304097.213080,CONST330,TRACKING,330,87.595847,87.629765,1.279756,0.979734,5.023219,2.000000,2.000000,5.000000,1.249093,1
1784304097.304932,CONST330,TRACKING,330,86.063127,86.095216,1.275532,0.991403,5.015213,2.000000,2.000000,5.000000,1.241915,1
1784304097.394298,CONST330,TRACKING,330,33.553147,33.584898,1.273226,1.005878,5.006590,2.000000,2.000000,5.000000,1.231472,0
1784304097.427999,CONST330,TRACKING,330,20.124304,20.153915,1.272195,1.014967,5.003077,2.000000,2.000000,5.000000,1.224745,0
1784304097.472335,CONST330,TRACKING,330,25.370730,32.193548,1.278053,1.089165,4.994677,2.000000,2.000000,5.000000,1.162263,0
1784304097.522352,CONST330,TRACKING,330,25.636011,46.453385,1.276362,1.099978,4.994795,2.000000,2.000000,5.000000,1.154867,0
1784304097.572359,CONST330,TRACKING,330,36.971523,43.951893,1.268324,1.109970,4.992718,2.000000,2.000000,5.000000,1.152196,0
1784304097.622394,CONST330,TRACKING,330,37.547383,50.487935,1.261878,1.112375,4.990672,2.000000,2.000000,5.000000,1.154465,0
1784304097.672407,CONST330,TRACKING,330,20.408138,27.628218,1.239049,1.105677,4.975876,2.000000,2.000000,5.000000,1.174496,0
1784304097.722362,CONST330,TRACKING,330,21.635013,42.571648,1.220217,1.096843,4.964282,2.000000,2.000000,5.000000,1.193746,0
1784304097.772344,CONST330,TRACKING,330,38.415814,45.357765,1.185503,1.077001,4.947362,2.000000,2.000000,5.000000,1.232113,0
1784304097.822409,CONST330,TRACKING,330,24.978481,36.506408,1.166126,1.063680,4.939681,2.000000,2.000000,5.000000,1.255261,0
1784304097.872350,CONST330,TRACKING,330,34.670022,41.582069,1.125441,1.036307,4.928414,2.000000,2.000000,5.000000,1.303335,0
1784304097.922350,CONST330,TRACKING,330,21.261670,36.367950,1.095467,1.018149,4.925580,2.000000,2.000000,5.000000,1.337068,0
1784304097.972349,CONST330,TRACKING,330,32.148788,39.147293,1.046203,0.988065,4.922144,2.000000,2.000000,5.000000,1.392768,0
1784304098.022364,CONST330,TRACKING,330,22.897518,40.641416,1.021783,0.972379,4.919976,2.000000,2.000000,5.000000,1.421026,0
1784304098.072343,CONST330,TRACKING,330,33.309359,40.221537,0.973981,0.939637,4.914390,2.000000,2.000000,5.000000,1.477977,0
1784304098.122320,CONST330,TRACKING,330,22.389442,38.932050,0.944281,0.918785,4.911658,2.000000,2.000000,5.000000,1.513728,0
1784304098.172351,CONST330,TRACKING,330,26.352368,33.257185,0.894432,0.884093,4.905791,2.000000,2.000000,5.000000,1.573660,0
1784304098.222361,CONST330,TRACKING,330,35.409709,56.404487,0.869091,0.866264,4.903504,2.000000,2.000000,5.000000,1.604252,0
1784304098.272362,CONST330,TRACKING,330,22.715193,29.566953,0.816959,0.828768,4.901452,2.000000,2.000000,5.000000,1.667658,0
1784304098.322351,CONST330,TRACKING,330,23.139312,43.971279,0.782430,0.803197,4.898754,2.000000,2.000000,5.000000,1.710282,0
1784304098.372353,CONST330,TRACKING,330,36.131800,43.113659,0.726396,0.761488,4.894207,2.000000,2.000000,5.000000,1.779655,0
1784304098.422361,CONST330,TRACKING,330,19.108333,32.868176,0.696527,0.740227,4.893535,2.000000,2.000000,5.000000,1.815876,0
1784304098.472362,CONST330,TRACKING,330,30.009184,36.925988,0.637165,0.696653,4.898526,2.000000,2.000000,5.000000,1.888473,0
1784304098.522346,CONST330,TRACKING,330,23.153069,43.008719,0.600547,0.668544,4.901788,2.000000,2.000000,5.000000,1.934138,0
1784304098.572343,CONST330,TRACKING,330,33.081782,39.990229,0.543999,0.621468,4.907606,2.000000,2.000000,5.000000,2.007194,0
1784304098.622358,CONST330,TRACKING,330,22.714911,39.516657,0.516571,0.598050,4.911652,2.000000,2.000000,5.000000,2.042995,0
1784304098.672346,CONST330,TRACKING,330,45.178717,52.381884,0.462592,0.551361,4.925829,2.000000,2.000000,5.000000,2.113689,0
1784304098.722359,CONST330,TRACKING,330,20.583080,25.265160,0.429279,0.522070,4.936596,2.000000,2.000000,5.000000,2.157652,0
1784304098.772351,CONST330,TRACKING,330,24.977068,31.873673,0.376890,0.472595,4.953300,2.000000,2.000000,5.000000,2.229267,0
1784304098.822350,CONST330,TRACKING,330,34.169660,55.162544,0.350887,0.446064,4.960935,2.000000,2.000000,5.000000,2.266234,0
1784304098.872347,CONST330,TRACKING,330,38.997172,46.066524,0.299931,0.394430,4.973528,2.000000,2.000000,5.000000,2.338544,0
1784304098.922359,CONST330,TRACKING,330,19.642552,30.525799,0.268912,0.361922,4.978561,2.000000,2.000000,5.000000,2.383364,0
1784304098.972343,CONST330,TRACKING,330,27.866036,34.836363,0.221328,0.311236,4.991403,2.000000,2.000000,5.000000,2.452687,0
1784304099.022362,CONST330,TRACKING,330,30.592775,51.675083,0.198483,0.286644,4.999197,2.000000,2.000000,5.000000,2.486172,0
1784304099.072360,CONST330,TRACKING,330,25.369046,32.180924,0.155117,0.238767,5.010902,2.000000,2.000000,5.000000,2.550619,0
1784304099.122366,CONST330,TRACKING,330,28.148606,49.091477,0.129879,0.210446,5.016084,2.000000,2.000000,5.000000,2.588458,0
1784304099.172446,CONST330,TRACKING,330,26.391862,33.294196,0.088178,0.172241,5.021679,2.000000,2.000000,5.000000,2.645039,0
1784304099.222358,CONST330,TRACKING,330,29.512585,50.439202,0.068430,0.154677,5.024752,2.000000,2.000000,5.000000,2.671477,0
1784304099.272357,CONST330,TRACKING,330,33.149791,40.260561,0.032932,0.121578,5.029086,2.000000,2.000000,5.000000,2.720050,0
1784304099.322374,CONST330,TRACKING,330,29.178074,45.933908,0.013953,0.102936,5.029296,2.000000,2.000000,5.000000,2.746651,0
1784304099.372348,CONST330,TRACKING,330,26.959524,33.942146,-0.012918,0.075064,5.025567,2.000000,2.000000,5.000000,2.785296,0
1784304099.422371,CONST330,TRACKING,330,32.954030,54.007091,-0.023381,0.060690,5.020354,2.000000,2.000000,5.000000,2.802750,0
1784304099.472372,CONST330,TRACKING,330,22.466139,29.419214,-0.042490,0.033911,5.009079,2.000000,2.000000,5.000000,2.835023,0
1784304099.522364,CONST330,TRACKING,330,22.977733,43.828716,-0.053202,0.018321,5.001839,2.000000,2.000000,5.000000,2.853540,0
1784304099.572370,CONST330,TRACKING,330,25.410678,32.575351,-0.067077,-0.004870,4.996722,2.000000,2.000000,5.000000,2.879639,0
1784304099.622380,CONST330,TRACKING,330,23.086745,44.105674,-0.072387,-0.014980,4.996650,2.000000,2.000000,5.000000,2.890492,0
1784304099.672376,CONST330,TRACKING,330,24.410163,31.423194,-0.078688,-0.031821,4.990218,2.000000,2.000000,5.000000,2.906775,0
1784304099.722364,CONST330,TRACKING,330,24.411353,45.522790,-0.079957,-0.040021,4.985903,2.000000,2.000000,5.000000,2.913435,0
1784304099.772378,CONST330,TRACKING,330,23.951202,31.116111,-0.078055,-0.048787,4.980155,2.000000,2.000000,5.000000,2.918259,0
1784304099.822376,CONST330,TRACKING,330,20.949100,42.071250,-0.075239,-0.051063,4.975996,2.000000,2.000000,5.000000,2.917885,0
1784304099.872371,CONST330,TRACKING,330,21.739583,28.890675,-0.068136,-0.053506,4.966988,2.000000,2.000000,5.000000,2.914646,0
1784304099.922371,CONST330,TRACKING,330,25.100848,46.162302,-0.060841,-0.055828,4.960096,2.000000,2.000000,5.000000,2.911200,0
1784304099.972360,CONST330,TRACKING,330,21.347095,28.506671,-0.046887,-0.057067,4.952774,2.000000,2.000000,5.000000,2.902327,0
1784304100.022364,CONST330,TRACKING,330,26.027143,47.211257,-0.038524,-0.056650,4.949715,2.000000,2.000000,5.000000,2.896190,0
1784304100.072358,CONST330,TRACKING,330,19.727834,26.846461,-0.016430,-0.055521,4.949033,2.000000,2.000000,5.000000,2.879888,0
1784304100.122361,CONST330,TRACKING,330,21.975234,43.121890,-0.001934,-0.053188,4.948941,2.000000,2.000000,5.000000,2.868088,0
1784304100.172375,CONST330,TRACKING,330,21.828844,28.986794,0.023573,-0.046357,4.949162,2.000000,2.000000,5.000000,2.845422,0
1784304100.222383,CONST330,TRACKING,330,28.721570,49.740835,0.036778,-0.041770,4.948695,2.000000,2.000000,5.000000,2.832967,0
1784304100.272378,CONST330,TRACKING,330,20.076720,27.202821,0.062558,-0.029314,4.947521,2.000000,2.000000,5.000000,2.806163,0
1784304100.322328,CONST330,TRACKING,330,22.954863,44.048658,0.076875,-0.018037,4.945973,2.000000,2.000000,5.000000,2.788154,0
1784304100.372339,CONST330,TRACKING,330,27.914466,34.947912,0.099778,0.000744,4.945940,2.000000,2.000000,5.000000,2.758766,0
1784304100.422345,CONST330,TRACKING,330,47.069489,68.223912,0.111671,0.009544,4.947756,2.000000,2.000000,5.000000,2.744163,0
1784304100.472336,CONST330,TRACKING,330,28.760199,31.434180,0.135284,0.028063,4.953246,2.000000,2.000000,5.000000,2.714385,0
1784304100.522373,CONST330,TRACKING,330,25.255294,46.253184,0.150038,0.040550,4.957931,2.000000,2.000000,5.000000,2.695102,0
1784304100.572330,CONST330,TRACKING,330,20.240508,27.435768,0.174513,0.063256,4.964529,2.000000,2.000000,5.000000,2.661698,0
1784304100.622823,CONST330,TRACKING,330,30.282663,51.566668,0.186246,0.074523,4.967685,2.000000,2.000000,5.000000,2.645413,0
1784304100.672351,CONST330,TRACKING,330,20.195304,27.324844,0.207949,0.093888,4.973652,2.000000,2.000000,5.000000,2.616372,0
1784304100.722393,CONST330,TRACKING,330,20.406105,41.370020,0.220679,0.105031,4.974999,2.000000,2.000000,5.000000,2.599523,0
1784304100.772369,CONST330,TRACKING,330,20.619570,27.743336,0.238713,0.122582,4.976669,2.000000,2.000000,5.000000,2.574368,0
1784304100.822374,CONST330,TRACKING,330,22.453260,43.551797,0.246391,0.131014,4.976835,2.000000,2.000000,5.000000,2.562965,0
1784304100.872398,CONST330,TRACKING,330,27.627593,34.778550,0.260707,0.147934,4.977581,2.000000,2.000000,5.000000,2.540825,0
1784304100.922393,CONST330,TRACKING,330,34.204566,55.428957,0.270053,0.158974,4.979786,2.000000,2.000000,5.000000,2.526361,0
1784304100.972383,CONST330,TRACKING,330,22.035062,29.125854,0.284210,0.176811,4.982908,2.000000,2.000000,5.000000,2.503646,0
1784304101.022384,CONST330,TRACKING,330,20.664216,41.869771,0.290928,0.185247,4.983341,2.000000,2.000000,5.000000,2.492896,0
1784304101.072367,CONST330,TRACKING,330,21.278923,28.473589,0.303761,0.198891,4.984498,2.000000,2.000000,5.000000,2.474159,0
1784304101.122325,CONST330,TRACKING,330,21.509370,42.539154,0.310647,0.207167,4.985193,2.000000,2.000000,5.000000,2.463409,0
1784304101.172379,CONST330,TRACKING,330,20.824751,27.850769,0.320958,0.218422,4.984346,2.000000,2.000000,5.000000,2.448152,0
1784304101.222394,CONST330,TRACKING,330,27.115222,48.262600,0.325816,0.223557,4.984613,2.000000,2.000000,5.000000,2.441081,0
1784304101.272352,CONST330,TRACKING,330,22.402096,29.530138,0.333493,0.232576,4.987482,2.000000,2.000000,5.000000,2.429236,0
1784304101.322364,CONST330,TRACKING,330,27.809871,48.808941,0.335413,0.236935,4.987378,2.000000,2.000000,5.000000,2.424749,0
1784304101.372315,CONST330,TRACKING,330,29.271945,36.256418,0.338895,0.243669,4.988815,2.000000,2.000000,5.000000,2.417456,0
1784304101.422369,CONST330,TRACKING,330,20.018694,40.694837,0.340935,0.245818,4.990591,2.000000,2.000000,5.000000,2.414485,0
1784304101.472373,CONST330,TRACKING,330,23.679025,30.841607,0.344198,0.250335,4.994929,2.000000,2.000000,5.000000,2.408949,0
1784304101.522381,CONST330,TRACKING,330,22.631105,43.583218,0.345493,0.253269,4.996815,2.000000,2.000000,5.000000,2.405924,0
1784304101.572389,CONST330,TRACKING,330,22.005759,29.172730,0.346129,0.257749,4.997020,2.000000,2.000000,5.000000,2.402236,0
1784304101.622341,CONST330,TRACKING,330,29.142525,49.960920,0.345948,0.259905,4.997684,2.000000,2.000000,5.000000,2.400796,0
1784304101.672354,CONST330,TRACKING,330,22.280003,29.396992,0.342166,0.263829,4.996961,2.000000,2.000000,5.000000,2.400565,0
1784304101.722373,CONST330,TRACKING,330,27.947825,49.039275,0.338244,0.265689,4.995359,2.000000,2.000000,5.000000,2.401934,0
1784304101.772387,CONST330,TRACKING,330,26.367629,33.510863,0.328798,0.266972,4.993793,2.000000,2.000000,5.000000,2.407559,0
1784304101.822408,CONST330,TRACKING,330,33.963305,55.040951,0.322195,0.266956,4.993342,2.000000,2.000000,5.000000,2.412160,0
1784304101.872368,CONST330,TRACKING,330,22.566540,29.745803,0.308476,0.266265,4.993217,2.000000,2.000000,5.000000,2.422218,0
1784304101.922374,CONST330,TRACKING,330,20.452765,41.354017,0.298296,0.265627,4.994802,2.000000,2.000000,5.000000,2.429789,0
1784304101.972369,CONST330,TRACKING,330,33.061341,40.220471,0.281471,0.263463,4.998676,2.000000,2.000000,5.000000,2.443134,0
1784304102.022381,CONST330,TRACKING,330,23.855425,40.536629,0.273068,0.261759,5.001078,2.000000,2.000000,5.000000,2.450261,0
1784304102.072381,CONST330,TRACKING,330,22.657862,29.848279,0.255388,0.256589,5.004229,2.000000,2.000000,5.000000,2.466409,0
1784304102.122384,CONST330,TRACKING,330,39.672821,60.863914,0.244887,0.253630,5.004949,2.000000,2.000000,5.000000,2.475935,0
1784304102.172341,CONST330,TRACKING,330,25.614558,32.594712,0.228437,0.251499,5.009195,2.000000,2.000000,5.000000,2.489131,0
1784304102.222371,CONST330,TRACKING,330,26.264282,47.221268,0.220581,0.250922,5.009822,2.000000,2.000000,5.000000,2.495136,0
1784304102.272357,CONST330,TRACKING,330,34.723419,41.917798,0.205613,0.250239,5.008457,2.000000,2.000000,5.000000,2.506304,0
1784304102.322367,CONST330,TRACKING,330,26.726172,41.825619,0.196835,0.250526,5.007206,2.000000,2.000000,5.000000,2.512392,0
1784304102.372376,CONST330,TRACKING,330,24.145761,31.298295,0.183429,0.250572,5.003060,2.000000,2.000000,5.000000,2.521991,0
1784304102.422365,CONST330,TRACKING,330,24.888817,45.911714,0.175410,0.249016,4.996159,2.000000,2.000000,5.000000,2.528851,0
1784304102.472363,CONST330,TRACKING,330,23.343982,30.382281,0.159946,0.245273,4.983922,2.000000,2.000000,5.000000,2.542661,0
1784304102.522336,CONST330,TRACKING,330,26.435699,47.291643,0.150211,0.242108,4.978364,2.000000,2.000000,5.000000,2.551935,0
1784304102.572341,CONST330,TRACKING,330,22.229342,29.197142,0.133607,0.234668,4.972527,2.000000,2.000000,5.000000,2.569158,0
1784304102.622359,CONST330,TRACKING,330,27.731689,48.483848,0.126136,0.231030,4.970673,2.000000,2.000000,5.000000,2.577108,0
1784304102.672352,CONST330,TRACKING,330,28.994621,36.023193,0.110602,0.220931,4.966020,2.000000,2.000000,5.000000,2.595393,0
1784304102.722318,CONST330,TRACKING,330,20.351471,40.962941,0.101378,0.213870,4.963310,2.000000,2.000000,5.000000,2.606985,0
1784304102.772314,CONST330,TRACKING,330,26.292561,33.071770,0.087788,0.203325,4.959253,2.000000,2.000000,5.000000,2.624168,0
1784304102.822357,CONST330,TRACKING,330,24.313125,45.297830,0.081288,0.198449,4.958981,2.000000,2.000000,5.000000,2.632247,0
1784304102.872341,CONST330,TRACKING,330,25.953441,32.959955,0.070498,0.189691,4.962772,2.000000,2.000000,5.000000,2.646050,0
1784304102.922369,CONST330,TRACKING,330,27.337701,48.410693,0.064375,0.184315,4.964186,2.000000,2.000000,5.000000,2.654174,0
1784304102.972348,CONST330,TRACKING,330,22.518180,29.476062,0.057012,0.176493,4.966806,2.000000,2.000000,5.000000,2.664861,0
1784304103.022369,CONST330,TRACKING,330,30.515578,51.374359,0.054904,0.173019,4.967503,2.000000,2.000000,5.000000,2.668766,0
1784304103.072356,CONST330,TRACKING,330,30.129477,37.119426,0.054491,0.166481,4.967025,2.000000,2.000000,5.000000,2.673553,0
1784304103.122368,CONST330,TRACKING,330,24.841868,44.605003,0.055310,0.162399,4.967801,2.000000,2.000000,5.000000,2.675750,0
1784304103.172355,CONST330,TRACKING,330,25.895625,32.931798,0.052963,0.156251,4.968321,2.000000,2.000000,5.000000,2.681672,0
1784304103.222321,CONST330,TRACKING,330,30.354142,51.287131,0.051869,0.153195,4.967777,2.000000,2.000000,5.000000,2.684574,0
1784304103.272353,CONST330,TRACKING,330,37.150131,44.126842,0.051494,0.146385,4.967438,2.000000,2.000000,5.000000,2.689539,0
1784304103.322358,CONST330,TRACKING,330,21.101599,33.838578,0.052522,0.141277,4.967201,2.000000,2.000000,5.000000,2.692323,0
1784304103.372379,CONST330,TRACKING,330,24.576458,31.762372,0.055616,0.134216,4.964370,2.000000,2.000000,5.000000,2.695004,0
1784304103.422379,CONST330,TRACKING,330,22.975177,43.765127,0.059405,0.131063,4.963321,2.000000,2.000000,5.000000,2.694472,0
1784304103.472359,CONST330,TRACKING,330,22.332473,29.320120,0.067174,0.125725,4.963588,2.000000,2.000000,5.000000,2.692591,0
1784304103.522322,CONST330,TRACKING,330,23.849089,44.555216,0.071955,0.122845,4.964592,2.000000,2.000000,5.000000,2.691156,0
1784304103.572325,CONST330,TRACKING,330,30.877821,37.752187,0.079077,0.118553,4.963773,2.000000,2.000000,5.000000,2.689070,0
1784304103.622321,CONST330,TRACKING,330,21.946544,40.948631,0.082989,0.116750,4.963338,2.000000,2.000000,5.000000,2.687547,0
1784304103.672400,CONST330,TRACKING,330,23.404069,30.484694,0.092115,0.114852,4.962287,2.000000,2.000000,5.000000,2.682392,0
1784304103.722377,CONST330,TRACKING,330,25.626167,46.480049,0.098075,0.114211,4.961368,2.000000,2.000000,5.000000,2.678621,0
1784304103.772420,CONST330,TRACKING,330,24.894933,31.880479,0.105752,0.114318,4.961817,2.000000,2.000000,5.000000,2.673093,0
1784304103.822353,CONST330,TRACKING,330,24.841380,45.679334,0.108428,0.115368,4.960999,2.000000,2.000000,5.000000,2.670469,0
1784304103.872366,CONST330,TRACKING,330,26.470041,33.308890,0.114623,0.117739,4.962178,2.000000,2.000000,5.000000,2.664391,0
1784304103.922363,CONST330,TRACKING,330,30.250630,51.182143,0.119561,0.121314,4.961045,2.000000,2.000000,5.000000,2.658389,0
1784304103.972357,CONST330,TRACKING,330,22.106697,29.054050,0.128603,0.127985,4.960097,2.000000,2.000000,5.000000,2.647292,0
1784304104.022356,CONST330,TRACKING,330,33.382228,54.091930,0.133784,0.132626,4.959734,2.000000,2.000000,5.000000,2.640354,0
1784304104.072352,CONST330,TRACKING,330,27.776455,34.612974,0.145572,0.147931,4.953266,2.000000,2.000000,5.000000,2.621306,0
1784304104.122348,CONST330,TRACKING,330,23.716005,44.779748,0.152549,0.156315,4.949286,2.000000,2.000000,5.000000,2.610522,0
1784304104.172350,CONST330,TRACKING,330,24.547631,31.553957,0.162719,0.169469,4.946673,2.000000,2.000000,5.000000,2.594088,0
1784304104.222363,CONST330,TRACKING,330,30.916833,51.753506,0.167644,0.175584,4.946485,2.000000,2.000000,5.000000,2.586288,0
1784304104.272350,CONST330,TRACKING,330,28.242362,35.057144,0.177765,0.187491,4.945692,2.000000,2.000000,5.000000,2.570735,0
1784304104.322335,CONST330,TRACKING,330,25.927578,46.891307,0.184741,0.195992,4.945628,2.000000,2.000000,5.000000,2.559798,0
1784304104.372347,CONST330,TRACKING,330,20.075042,27.001113,0.194583,0.207174,4.946627,2.000000,2.000000,5.000000,2.544918,0
1784304104.422359,CONST330,TRACKING,330,24.080653,44.885700,0.197160,0.209044,4.945576,2.000000,2.000000,5.000000,2.541794,0
1784304104.472364,CONST330,TRACKING,330,21.511533,28.394113,0.201415,0.211689,4.944033,2.000000,2.000000,5.000000,2.536947,0
1784304104.522333,CONST330,TRACKING,330,26.252996,47.152937,0.203751,0.212826,4.945249,2.000000,2.000000,5.000000,2.534462,0
1784304104.572368,CONST330,TRACKING,330,32.150519,38.980288,0.207343,0.213645,4.953245,2.000000,2.000000,5.000000,2.531179,0
1784304104.622373,CONST330,TRACKING,330,20.524106,38.252526,0.209404,0.214277,4.958002,2.000000,2.000000,5.000000,2.529190,0
1784304104.672371,CONST330,TRACKING,330,20.538851,27.553123,0.214030,0.218092,4.963955,2.000000,2.000000,5.000000,2.523130,0
1784304104.722363,CONST330,TRACKING,330,23.305210,44.103076,0.216750,0.221031,4.966805,2.000000,2.000000,5.000000,2.519090,0
1784304104.772361,CONST330,TRACKING,330,31.874518,38.872720,0.220626,0.226006,4.969171,2.000000,2.000000,5.000000,2.512803,0
1784304104.822359,CONST330,TRACKING,330,21.367991,39.370942,0.222640,0.229101,4.968827,2.000000,2.000000,5.000000,2.509195,0
1784304104.872348,CONST330,TRACKING,330,28.753722,35.708308,0.226377,0.234198,4.966072,2.000000,2.000000,5.000000,2.502988,0
1784304104.922363,CONST330,TRACKING,330,22.664386,43.635253,0.227645,0.239501,4.963960,2.000000,2.000000,5.000000,2.498379,0
1784304104.972371,CONST330,TRACKING,330,36.346183,43.312769,0.228855,0.247352,4.963568,2.000000,2.000000,5.000000,2.491998,0
1784304105.022372,CONST330,TRACKING,330,20.426876,33.940586,0.229589,0.250592,4.965199,2.000000,2.000000,5.000000,2.489176,0
1784304105.072341,CONST330,TRACKING,330,26.091873,33.095862,0.232441,0.255894,4.968682,2.000000,2.000000,5.000000,2.483375,0
1784304105.122358,CONST330,TRACKING,330,23.808598,44.886801,0.233678,0.258133,4.971118,2.000000,2.000000,5.000000,2.480892,0
1784304105.172390,CONST330,TRACKING,330,30.626411,37.578190,0.235585,0.259602,4.971261,2.000000,2.000000,5.000000,2.478502,0
1784304105.222362,CONST330,TRACKING,330,25.872797,45.077141,0.236362,0.259699,4.971365,2.000000,2.000000,5.000000,2.477880,0
1784304105.272350,CONST330,TRACKING,330,33.837067,40.974517,0.236829,0.259103,4.971395,2.000000,2.000000,5.000000,2.477965,0
1784304105.322368,CONST330,TRACKING,330,22.324629,38.368381,0.235979,0.258450,4.969821,2.000000,2.000000,5.000000,2.479048,0
1784304105.372419,CONST330,TRACKING,330,25.217885,32.299128,0.233547,0.255934,4.971416,2.000000,2.000000,5.000000,2.482527,0
1784304105.422368,CONST330,TRACKING,330,35.164406,56.049933,0.231236,0.254334,4.971115,2.000000,2.000000,5.000000,2.485299,0
1784304105.472377,CONST330,TRACKING,330,23.421468,30.412134,0.226022,0.250285,4.970920,2.000000,2.000000,5.000000,2.491856,0
1784304105.522353,CONST330,TRACKING,330,24.660311,45.531278,0.222799,0.247245,4.971917,2.000000,2.000000,5.000000,2.496274,0
1784304105.572316,CONST330,TRACKING,330,30.550879,37.422616,0.218504,0.240192,4.973327,2.000000,2.000000,5.000000,2.504269,0
1784304105.622349,CONST330,TRACKING,330,24.631678,44.004195,0.216301,0.236719,4.974701,2.000000,2.000000,5.000000,2.508263,0
1784304105.672343,CONST330,TRACKING,330,23.253695,30.222642,0.214635,0.232043,4.975008,2.000000,2.000000,5.000000,2.512733,0
1784304105.722324,CONST330,TRACKING,330,34.841601,55.750926,0.214293,0.229445,4.972915,2.000000,2.000000,5.000000,2.514826,0
1784304105.772425,CONST330,TRACKING,330,27.367930,34.466079,0.213121,0.224490,4.968402,2.000000,2.000000,5.000000,2.519200,0
1784304105.822357,CONST330,TRACKING,330,25.569985,46.493760,0.212465,0.221724,4.967088,2.000000,2.000000,5.000000,2.521632,0
1784304105.872341,CONST330,TRACKING,330,31.400338,38.138540,0.211354,0.215813,4.967212,2.000000,2.000000,5.000000,2.526589,0
1784304105.922356,CONST330,TRACKING,330,20.715851,39.226042,0.211240,0.212355,4.966875,2.000000,2.000000,5.000000,2.529117,0
1784304105.972347,CONST330,TRACKING,330,31.600770,38.575357,0.211156,0.206951,4.964967,2.000000,2.000000,5.000000,2.533025,0
1784304106.022372,CONST330,TRACKING,330,22.261824,40.541180,0.211583,0.203775,4.962301,2.000000,2.000000,5.000000,2.535011,0
1784304106.072338,CONST330,TRACKING,330,25.610688,32.507261,0.215145,0.195277,4.953949,2.000000,2.000000,5.000000,2.538672,0
1784304106.122368,CONST330,TRACKING,330,35.659290,56.580504,0.216503,0.190339,4.949253,2.000000,2.000000,5.000000,2.541321,0
1784304106.172433,CONST330,TRACKING,330,24.223423,31.212851,0.217069,0.185274,4.944033,2.000000,2.000000,5.000000,2.544642,0
1784304106.222367,CONST330,TRACKING,330,31.812646,52.756480,0.216785,0.183371,4.941678,2.000000,2.000000,5.000000,2.546252,0
1784304106.272362,CONST330,TRACKING,330,23.877355,30.891677,0.214643,0.180323,4.939590,2.000000,2.000000,5.000000,2.549975,0
1784304106.322356,CONST330,TRACKING,330,29.823927,50.527459,0.211332,0.179451,4.938168,2.000000,2.000000,5.000000,2.552950,0
1784304106.372355,CONST330,TRACKING,330,20.437261,27.367688,0.205731,0.178070,4.936450,2.000000,2.000000,5.000000,2.557904,0
1784304106.422376,CONST330,TRACKING,330,27.451601,48.288281,0.200819,0.178036,4.936054,2.000000,2.000000,5.000000,2.561385,0
1784304106.472367,CONST330,TRACKING,330,24.250527,31.192259,0.191311,0.177353,4.938194,2.000000,2.000000,5.000000,2.568505,0
1784304106.522358,CONST330,TRACKING,330,27.519338,48.446692,0.185615,0.176790,4.938761,2.000000,2.000000,5.000000,2.572905,0
1784304106.572346,CONST330,TRACKING,330,33.327856,40.220397,0.176358,0.177681,4.937004,2.000000,2.000000,5.000000,2.578854,0
1784304106.622369,CONST330,TRACKING,330,23.589536,40.125677,0.172462,0.177986,4.937571,2.000000,2.000000,5.000000,2.581380,0
1784304106.672340,CONST330,TRACKING,330,24.330368,31.178295,0.166627,0.176153,4.935077,2.000000,2.000000,5.000000,2.586869,0
1784304106.722366,CONST330,TRACKING,330,24.695098,45.367824,0.163768,0.174194,4.932725,2.000000,2.000000,5.000000,2.590336,0
1784304106.772351,CONST330,TRACKING,330,20.428735,27.297735,0.161016,0.170176,4.932254,2.000000,2.000000,5.000000,2.595132,0
1784304106.822358,CONST330,TRACKING,330,24.833403,45.667475,0.160867,0.167670,4.931730,2.000000,2.000000,5.000000,2.597018,0
1784304106.872360,CONST330,TRACKING,330,24.207032,31.088113,0.160809,0.162211,4.931711,2.000000,2.000000,5.000000,2.600914,0
1784304106.922378,CONST330,TRACKING,330,22.592777,43.686075,0.161682,0.161136,4.929681,2.000000,2.000000,5.000000,2.601111,0
1784304106.972347,CONST330,TRACKING,330,22.449827,29.362806,0.163260,0.159867,4.929982,2.000000,2.000000,5.000000,2.600886,0
1784304107.022362,CONST330,TRACKING,330,26.195672,47.047457,0.164293,0.159240,4.931261,2.000000,2.000000,5.000000,2.600565,0
1784304107.072342,CONST330,TRACKING,330,23.265846,30.194559,0.167977,0.158271,4.933887,2.000000,2.000000,5.000000,2.598585,0
1784304107.122349,CONST330,TRACKING,330,27.300793,48.055013,0.170143,0.157746,4.935153,2.000000,2.000000,5.000000,2.597399,0
1784304107.172312,CONST330,TRACKING,330,22.133173,29.028458,0.172097,0.160140,4.934945,2.000000,2.000000,5.000000,2.594329,0
1784304107.222357,CONST330,TRACKING,330,24.808889,45.735384,0.172829,0.161752,4.934756,2.000000,2.000000,5.000000,2.592676,0
1784304107.272349,CONST330,TRACKING,330,25.821250,32.702788,0.173820,0.165856,4.936044,2.000000,2.000000,5.000000,2.589036,0
1784304107.322373,CONST330,TRACKING,330,22.589184,43.673363,0.173273,0.169745,4.939985,2.000000,2.000000,5.000000,2.586574,0
1784304107.372353,CONST330,TRACKING,330,25.956310,32.970000,0.172607,0.175245,4.947840,2.000000,2.000000,5.000000,2.582986,0
1784304107.422366,CONST330,TRACKING,330,22.758959,43.665187,0.169514,0.177741,4.951451,2.000000,2.000000,5.000000,2.583344,0
1784304107.472344,CONST330,TRACKING,330,26.889394,33.841353,0.163815,0.182434,4.959479,2.000000,2.000000,5.000000,2.583943,0
1784304107.522381,CONST330,TRACKING,330,21.156585,42.223231,0.160520,0.185704,4.965602,2.000000,2.000000,5.000000,2.583900,0
1784304107.572378,CONST330,TRACKING,330,24.485669,31.398690,0.156183,0.193991,4.973571,2.000000,2.000000,5.000000,2.581090,0
1784304107.622364,CONST330,TRACKING,330,23.766328,44.681676,0.153993,0.197849,4.976248,2.000000,2.000000,5.000000,2.579933,0
1784304107.672356,CONST330,TRACKING,330,25.768916,32.666798,0.149825,0.206377,4.979862,2.000000,2.000000,5.000000,2.576944,0
1784304107.722377,CONST330,TRACKING,330,25.184105,46.199928,0.147516,0.211729,4.983264,2.000000,2.000000,5.000000,2.574858,0
1784304107.772360,CONST330,TRACKING,330,25.802259,32.772007,0.144484,0.221186,4.987732,2.000000,2.000000,5.000000,2.570461,0
1784304107.822367,CONST330,TRACKING,330,26.146495,47.023022,0.143434,0.226818,4.989336,2.000000,2.000000,5.000000,2.567319,0
1784304107.872356,CONST330,TRACKING,330,21.179316,28.143234,0.141910,0.236696,4.992575,2.000000,2.000000,5.000000,2.561600,0
1784304107.922359,CONST330,TRACKING,330,24.661139,45.626925,0.144100,0.241962,4.995663,2.000000,2.000000,5.000000,2.556381,0
1784304107.972347,CONST330,TRACKING,330,25.021435,31.943362,0.148808,0.249151,5.000857,2.000000,2.000000,5.000000,2.548016,0
1784304108.022364,CONST330,TRACKING,330,24.842550,45.745734,0.151089,0.252655,5.002453,2.000000,2.000000,5.000000,2.543952,0
1784304108.072345,CONST330,TRACKING,330,27.030115,33.973418,0.154059,0.260610,4.998353,2.000000,2.000000,5.000000,2.536332,0
1784304108.122357,CONST330,TRACKING,330,24.079937,45.109745,0.156261,0.264895,4.996896,2.000000,2.000000,5.000000,2.531792,0
1784304108.172365,CONST330,TRACKING,330,25.902955,32.940159,0.160398,0.269674,4.991954,2.000000,2.000000,5.000000,2.525516,0
1784304108.222360,CONST330,TRACKING,330,25.833518,46.901569,0.162312,0.271392,4.988233,2.000000,2.000000,5.000000,2.522959,0
1784304108.272351,CONST330,TRACKING,330,27.520705,34.573782,0.165633,0.273922,4.984091,2.000000,2.000000,5.000000,2.518829,0
1784304108.322362,CONST330,TRACKING,330,23.234827,44.450631,0.167881,0.275740,4.982344,2.000000,2.000000,5.000000,2.515958,0
1784304108.372347,CONST330,TRACKING,330,28.575249,35.533597,0.171084,0.276803,4.979375,2.000000,2.000000,5.000000,2.512920,0
1784304108.422361,CONST330,TRACKING,330,28.246484,49.183287,0.173031,0.274578,4.975533,2.000000,2.000000,5.000000,2.513065,0
1784304108.472346,CONST330,TRACKING,330,19.954864,26.879032,0.176361,0.268814,4.970193,2.000000,2.000000,5.000000,2.514667,0
1784304108.522374,CONST330,TRACKING,330,24.519632,45.448478,0.177819,0.264470,4.966190,2.000000,2.000000,5.000000,2.516654,0
1784304108.572367,CONST330,TRACKING,330,22.632594,29.788440,0.178649,0.257007,4.959252,2.000000,2.000000,5.000000,2.521310,0
1784304108.622349,CONST330,TRACKING,330,19.561430,40.643803,0.179010,0.252749,4.956723,2.000000,2.000000,5.000000,2.524037,0
1784304108.672355,CONST330,TRACKING,330,25.108500,32.285684,0.179823,0.242709,4.954772,2.000000,2.000000,5.000000,2.530447,0
1784304108.722375,CONST330,TRACKING,330,22.854538,43.687388,0.180451,0.235707,4.957588,2.000000,2.000000,5.000000,2.534815,0
1784304108.772369,CONST330,TRACKING,330,21.902012,29.033776,0.180706,0.224336,4.962646,2.000000,2.000000,5.000000,2.542481,0
1784304108.822347,CONST330,TRACKING,330,23.036970,44.068906,0.180227,0.218682,4.964556,2.000000,2.000000,5.000000,2.546748,0
1784304108.872358,CONST330,TRACKING,330,23.395052,30.499913,0.179101,0.206618,4.967104,2.000000,2.000000,5.000000,2.555969,0
1784304108.922375,CONST330,TRACKING,330,23.793389,44.981511,0.177975,0.198186,4.968670,2.000000,2.000000,5.000000,2.562672,0
1784304108.972368,CONST330,TRACKING,330,22.706347,29.884099,0.175902,0.184582,4.973743,2.000000,2.000000,5.000000,2.573667,0
1784304109.022356,CONST330,TRACKING,330,27.122822,48.150748,0.174436,0.177784,4.977010,2.000000,2.000000,5.000000,2.579474,0
1784304109.072386,CONST330,TRACKING,330,21.627115,28.779824,0.168708,0.163452,4.979891,2.000000,2.000000,5.000000,2.593635,0
1784304109.122373,CONST330,TRACKING,330,21.941966,43.022537,0.165635,0.154684,4.982701,2.000000,2.000000,5.000000,2.601997,0
1784304109.172379,CONST330,TRACKING,330,21.534248,28.733418,0.161681,0.142762,4.983548,2.000000,2.000000,5.000000,2.613240,0
1784304109.222373,CONST330,TRACKING,330,23.749544,44.933786,0.159961,0.137118,4.981700,2.000000,2.000000,5.000000,2.618474,0
1784304109.272393,CONST330,TRACKING,330,21.229964,28.444945,0.156686,0.125990,4.976315,2.000000,2.000000,5.000000,2.628741,0
1784304109.322320,CONST330,TRACKING,330,23.247828,44.258465,0.154154,0.118804,4.970966,2.000000,2.000000,5.000000,2.635695,0
1784304109.372318,CONST330,TRACKING,330,21.525438,28.537682,0.149699,0.108656,4.968397,2.000000,2.000000,5.000000,2.646091,0
1784304109.422320,CONST330,TRACKING,330,22.132053,43.173041,0.147145,0.104959,4.966701,2.000000,2.000000,5.000000,2.650540,0
1784304109.472370,CONST330,TRACKING,330,23.353657,30.491732,0.142184,0.098709,4.963215,2.000000,2.000000,5.000000,2.658523,0
1784304109.522325,CONST330,TRACKING,330,23.359454,44.366285,0.139364,0.096148,4.961730,2.000000,2.000000,5.000000,2.662346,0
1784304109.572324,CONST330,TRACKING,330,24.350454,31.481366,0.136362,0.097669,4.955295,2.000000,2.000000,5.000000,2.663458,0
1784304109.622386,CONST330,TRACKING,330,20.785984,41.784183,0.135172,0.098853,4.953290,2.000000,2.000000,5.000000,2.663480,0
1784304109.672376,CONST330,TRACKING,330,21.864481,29.001122,0.136130,0.103930,4.948397,2.000000,2.000000,5.000000,2.659278,0
1784304109.722330,CONST330,TRACKING,330,23.333518,44.447857,0.137634,0.108146,4.945683,2.000000,2.000000,5.000000,2.655272,0
1784304109.772379,CONST330,TRACKING,330,24.242381,31.345092,0.139004,0.116232,4.942201,2.000000,2.000000,5.000000,2.648628,0
1784304109.822358,CONST330,TRACKING,330,22.505969,43.508466,0.139108,0.121125,4.939359,2.000000,2.000000,5.000000,2.645141,0
1784304109.872356,CONST330,TRACKING,330,22.567891,29.599126,0.139732,0.131235,4.935899,2.000000,2.000000,5.000000,2.637611,0
1784304109.922377,CONST330,TRACKING,330,23.271326,44.302653,0.141930,0.140228,4.935610,2.000000,2.000000,5.000000,2.629700,0
1784304109.972356,CONST330,TRACKING,330,24.893347,32.030309,0.147022,0.155122,4.940054,2.000000,2.000000,5.000000,2.615473,0
1784304110.022396,CONST330,TRACKING,330,23.519676,44.591250,0.150688,0.162526,4.945201,2.000000,2.000000,5.000000,2.607540,0
1784304110.072375,CONST330,TRACKING,330,19.460499,26.582261,0.161691,0.177184,4.953701,2.000000,2.000000,5.000000,2.589243,0
1784304110.122357,CONST330,TRACKING,330,29.599667,50.642352,0.168529,0.185825,4.957253,2.000000,2.000000,5.000000,2.578244,0
1784304110.172377,CONST330,TRACKING,330,20.886173,27.887100,0.183850,0.203023,4.965649,2.000000,2.000000,5.000000,2.555133,0
1784304110.222364,CONST330,TRACKING,330,27.449289,48.489498,0.191801,0.211447,4.970421,2.000000,2.000000,5.000000,2.543497,0
1784304110.272351,CONST330,TRACKING,330,21.530974,28.570103,0.207291,0.225981,4.979459,2.000000,2.000000,5.000000,2.522176,0
1784304110.322325,CONST330,TRACKING,330,29.623951,50.403121,0.217502,0.232832,4.983218,2.000000,2.000000,5.000000,2.510072,0
1784304110.372317,CONST330,TRACKING,330,23.740126,30.778292,0.231088,0.241951,4.989429,2.000000,2.000000,5.000000,2.493972,0
1784304110.422379,CONST330,TRACKING,330,23.514049,44.596405,0.237015,0.243489,4.990757,2.000000,2.000000,5.000000,2.488681,0
1784304110.472396,CONST330,TRACKING,330,19.947637,27.120185,0.247388,0.246098,4.993242,2.000000,2.000000,5.000000,2.479489,0
1784304110.522330,CONST330,TRACKING,330,24.607375,45.548985,0.252838,0.248224,4.995063,2.000000,2.000000,5.000000,2.474130,0
1784304110.572351,CONST330,TRACKING,330,23.016342,30.088912,0.259270,0.255286,4.999905,2.000000,2.000000,5.000000,2.464583,0
1784304110.622372,CONST330,TRACKING,330,23.228569,43.990842,0.262528,0.258330,5.001511,2.000000,2.000000,5.000000,2.460128,0
1784304110.672310,CONST330,TRACKING,330,20.328716,27.396793,0.270981,0.262459,5.005163,2.000000,2.000000,5.000000,2.451241,0
1784304110.722385,CONST330,TRACKING,330,22.424061,43.528351,0.276227,0.263988,5.006435,2.000000,2.000000,5.000000,2.446461,0
1784304110.772362,CONST330,TRACKING,330,20.901621,28.046392,0.282251,0.265361,5.007484,2.000000,2.000000,5.000000,2.441247,0
1784304110.822335,CONST330,TRACKING,330,22.519325,43.459520,0.284076,0.265730,5.008218,2.000000,2.000000,5.000000,2.439704,0
1784304110.872347,CONST330,TRACKING,330,20.918055,27.904396,0.285686,0.264793,5.013714,2.000000,2.000000,5.000000,2.439263,0
1784304110.922376,CONST330,TRACKING,330,22.076376,43.134124,0.286265,0.263770,5.014823,2.000000,2.000000,5.000000,2.439591,0
1784304110.972355,CONST330,TRACKING,330,23.355821,30.356140,0.286481,0.261114,5.012959,2.000000,2.000000,5.000000,2.441319,0
1784304111.022322,CONST330,TRACKING,330,23.052289,44.169292,0.285722,0.258774,5.011446,2.000000,2.000000,5.000000,2.443511,0
1784304111.072394,CONST330,TRACKING,330,21.960870,29.167686,0.280230,0.250254,5.005053,2.000000,2.000000,5.000000,2.453415,0
1784304111.122368,CONST330,TRACKING,330,23.292488,44.415785,0.277020,0.245553,5.001748,2.000000,2.000000,5.000000,2.459013,0
1784304111.172373,CONST330,TRACKING,330,22.478630,29.507896,0.271520,0.241871,4.997647,2.000000,2.000000,5.000000,2.465496,0
1784304111.222381,CONST330,TRACKING,330,22.316735,43.348577,0.268721,0.240510,4.994516,2.000000,2.000000,5.000000,2.468433,0
1784304111.272362,CONST330,TRACKING,330,23.896482,31.014888,0.263667,0.235389,4.988002,2.000000,2.000000,5.000000,2.475651,0
1784304111.322329,CONST330,TRACKING,330,27.876941,48.790499,0.261303,0.228521,4.982696,2.000000,2.000000,5.000000,2.482238,0
1784304111.372388,CONST330,TRACKING,330,22.742121,29.886250,0.256571,0.217744,4.977843,2.000000,2.000000,5.000000,2.493286,0
1784304111.422343,CONST330,TRACKING,330,25.155159,46.234264,0.255327,0.212369,4.975496,2.000000,2.000000,5.000000,2.498021,0
1784304111.472331,CONST330,TRACKING,330,32.047527,39.064279,0.252803,0.202511,4.973237,2.000000,2.000000,5.000000,2.506867,0
1784304111.522388,CONST330,TRACKING,330,23.475361,41.324437,0.251315,0.196700,4.971959,2.000000,2.000000,5.000000,2.512086,0
1784304111.572342,CONST330,TRACKING,330,31.592279,38.657478,0.250258,0.187498,4.968313,2.000000,2.000000,5.000000,2.519477,0
1784304111.622356,CONST330,TRACKING,330,23.972952,42.232158,0.249722,0.183588,4.967999,2.000000,2.000000,5.000000,2.522668,0
1784304111.672368,CONST330,TRACKING,330,24.505360,31.656646,0.248944,0.175626,4.967216,2.000000,2.000000,5.000000,2.528955,0
1784304111.722381,CONST330,TRACKING,330,35.680161,56.805766,0.248251,0.170780,4.968386,2.000000,2.000000,5.000000,2.532918,0
1784304111.772384,CONST330,TRACKING,330,25.266171,32.497044,0.245159,0.164161,4.969373,2.000000,2.000000,5.000000,2.539824,0
1784304111.822344,CONST330,TRACKING,330,32.238110,53.383424,0.242345,0.161431,4.968348,2.000000,2.000000,5.000000,2.543755,0
1784304111.872348,CONST330,TRACKING,330,29.391764,36.536911,0.236031,0.156000,4.964365,2.000000,2.000000,5.000000,2.552096,0
1784304111.922362,CONST330,TRACKING,330,26.259543,46.776426,0.230947,0.154359,4.960209,2.000000,2.000000,5.000000,2.556858,0
1784304111.972361,CONST330,TRACKING,330,45.796014,52.813805,0.222328,0.152847,4.956448,2.000000,2.000000,5.000000,2.563979,0
1784304112.022361,CONST330,TRACKING,330,24.764755,28.695753,0.218275,0.153198,4.955751,2.000000,2.000000,5.000000,2.566550,0
1784304112.072369,CONST330,TRACKING,330,25.454681,32.560809,0.211879,0.158546,4.958555,2.000000,2.000000,5.000000,2.567109,0
1784304112.122368,CONST330,TRACKING,330,27.051620,48.200287,0.207355,0.161346,4.962388,2.000000,2.000000,5.000000,2.568197,0
1784304112.172363,CONST330,TRACKING,330,22.032176,29.152533,0.196995,0.167550,4.969221,2.000000,2.000000,5.000000,2.570923,0
1784304112.222376,CONST330,TRACKING,330,24.782383,45.985423,0.191543,0.170703,4.972709,2.000000,2.000000,5.000000,2.572467,0
1784304112.272367,CONST330,TRACKING,330,21.913465,29.061905,0.181286,0.176402,4.977087,2.000000,2.000000,5.000000,2.575608,0
1784304112.322361,CONST330,TRACKING,330,35.767470,56.829424,0.175026,0.179787,4.978284,2.000000,2.000000,5.000000,2.577630,0
1784304112.372602,CONST330,TRACKING,330,22.772250,29.837486,0.166144,0.184896,4.983768,2.000000,2.000000,5.000000,2.580289,0
1784304112.422383,CONST330,TRACKING,330,22.725505,43.868909,0.164469,0.185258,4.984404,2.000000,2.000000,5.000000,2.581222,0
1784304112.472380,CONST330,TRACKING,330,26.484470,33.435775,0.161438,0.187139,4.988623,2.000000,2.000000,5.000000,2.582035,0
1784304112.522364,CONST330,TRACKING,330,20.813147,41.853531,0.161285,0.188304,4.991420,2.000000,2.000000,5.000000,2.581315,0
1784304112.572326,CONST330,TRACKING,330,24.511805,31.685983,0.165674,0.190365,4.992853,2.000000,2.000000,5.000000,2.576738,0
1784304112.622367,CONST330,TRACKING,330,22.066553,42.905006,0.167803,0.191589,4.993272,2.000000,2.000000,5.000000,2.574362,0
1784304112.672364,CONST330,TRACKING,330,23.618921,30.681554,0.173312,0.196443,4.994740,2.000000,2.000000,5.000000,2.567028,0
1784304112.722384,CONST330,TRACKING,330,22.960395,43.934833,0.177398,0.200240,4.997319,2.000000,2.000000,5.000000,2.561449,0
1784304112.772377,CONST330,TRACKING,330,24.096422,31.272306,0.184491,0.205441,4.999925,2.000000,2.000000,5.000000,2.552747,0
1784304112.822389,CONST330,TRACKING,330,32.805341,53.896139,0.188205,0.207410,4.998244,2.000000,2.000000,5.000000,2.548722,0
1784304112.872352,CONST330,TRACKING,330,19.664213,26.584173,0.195535,0.211699,4.993237,2.000000,2.000000,5.000000,2.540504,0
1784304112.922370,CONST330,TRACKING,330,23.083948,44.002738,0.199494,0.215797,4.990945,2.000000,2.000000,5.000000,2.534814,0
1784304112.972391,CONST330,TRACKING,330,21.297757,28.365745,0.204211,0.221858,4.987246,2.000000,2.000000,5.000000,2.527213,0
1784304113.022384,CONST330,TRACKING,330,19.786218,40.983382,0.206190,0.223302,4.984639,2.000000,2.000000,5.000000,2.524806,0
1784304113.072381,CONST330,TRACKING,330,23.833041,31.014449,0.210831,0.219982,4.981655,2.000000,2.000000,5.000000,2.523871,0
1784304113.122384,CONST330,TRACKING,330,21.547760,42.619600,0.212690,0.218253,4.980317,2.000000,2.000000,5.000000,2.523784,0
1784304113.172363,CONST330,TRACKING,330,22.941515,30.053516,0.213128,0.215713,4.973728,2.000000,2.000000,5.000000,2.525328,0
1784304113.222364,CONST330,TRACKING,330,24.429790,45.419060,0.213117,0.214690,4.970598,2.000000,2.000000,5.000000,2.526093,0
1784304113.272386,CONST330,TRACKING,330,22.464635,29.696045,0.213260,0.213225,4.965933,2.000000,2.000000,5.000000,2.527086,0
1784304113.322370,CONST330,TRACKING,330,28.804388,49.943658,0.213048,0.212359,4.963164,2.000000,2.000000,5.000000,2.527887,0
1784304113.372386,CONST330,TRACKING,330,19.999938,27.077112,0.212290,0.210933,4.961917,2.000000,2.000000,5.000000,2.529450,0
1784304113.422378,CONST330,TRACKING,330,34.594144,55.724638,0.212481,0.210824,4.961740,2.000000,2.000000,5.000000,2.529396,0
1784304113.472378,CONST330,TRACKING,330,20.956242,27.941062,0.212734,0.210253,4.962215,2.000000,2.000000,5.000000,2.529612,0
1784304113.522338,CONST330,TRACKING,330,23.764405,44.752676,0.213179,0.209470,4.964207,2.000000,2.000000,5.000000,2.529824,0
1784304113.572364,CONST330,TRACKING,330,23.409415,30.515020,0.213308,0.205156,4.964775,2.000000,2.000000,5.000000,2.532780,0
1784304113.622370,CONST330,TRACKING,330,21.946906,42.859886,0.213149,0.203034,4.964461,2.000000,2.000000,5.000000,2.534400,0
1784304113.672368,CONST330,TRACKING,330,24.286149,31.446310,0.215520,0.201233,4.961483,2.000000,2.000000,5.000000,2.534051,0
1784304113.722365,CONST330,TRACKING,330,22.654079,43.719409,0.217484,0.201011,4.961089,2.000000,2.000000,5.000000,2.532832,0
1784304113.772370,CONST330,TRACKING,330,30.139649,37.230358,0.220919,0.202100,4.960145,2.000000,2.000000,5.000000,2.529657,0
1784304113.822383,CONST330,TRACKING,330,28.356666,48.078790,0.223274,0.203639,4.958614,2.000000,2.000000,5.000000,2.526931,0
1784304113.872409,CONST330,TRACKING,330,23.581017,30.746453,0.227011,0.205766,4.958502,2.000000,2.000000,5.000000,2.522794,0
1784304113.922331,CONST330,TRACKING,330,23.433309,44.578367,0.229865,0.209927,4.959630,2.000000,2.000000,5.000000,2.517810,0
1784304113.972390,CONST330,TRACKING,330,20.260237,27.400854,0.233146,0.215473,4.959482,2.000000,2.000000,5.000000,2.511563,0
1784304114.022368,CONST330,TRACKING,330,23.462398,44.478763,0.234118,0.216749,4.959605,2.000000,2.000000,5.000000,2.509971,0
1784304114.072369,CONST330,TRACKING,330,24.097480,31.303859,0.235673,0.215291,4.956292,2.000000,2.000000,5.000000,2.509970,0
1784304114.122360,CONST330,TRACKING,330,22.711216,43.571632,0.236466,0.214311,4.956604,2.000000,2.000000,5.000000,2.510104,0
1784304114.172376,CONST330,TRACKING,330,26.063229,33.287681,0.236033,0.211903,4.961940,2.000000,2.000000,5.000000,2.512035,0
1784304114.222362,CONST330,TRACKING,330,23.117340,44.185137,0.235914,0.210866,4.965561,2.000000,2.000000,5.000000,2.512804,0
1784304114.272351,CONST330,TRACKING,330,20.833584,27.983462,0.236549,0.210014,4.972277,2.000000,2.000000,5.000000,2.512882,0
1784304114.322359,CONST330,TRACKING,330,24.484165,45.310386,0.237612,0.210650,4.975569,2.000000,2.000000,5.000000,2.511649,0
1784304114.372388,CONST330,TRACKING,330,24.036211,31.226334,0.238896,0.211145,4.982099,2.000000,2.000000,5.000000,2.510341,0
1784304114.422366,CONST330,TRACKING,330,35.909053,56.910182,0.239191,0.209666,4.982358,2.000000,2.000000,5.000000,2.511186,0
1784304114.472418,CONST330,TRACKING,330,31.239250,38.545264,0.239617,0.206951,4.980340,2.000000,2.000000,5.000000,2.512839,0
1784304114.522381,CONST330,TRACKING,330,23.767141,42.300098,0.240338,0.205545,4.979370,2.000000,2.000000,5.000000,2.513345,0
1784304114.572358,CONST330,TRACKING,330,24.328862,31.488476,0.244268,0.203998,4.977876,2.000000,2.000000,5.000000,2.511714,0
1784304114.622383,CONST330,TRACKING,330,32.407088,53.595353,0.245659,0.202868,4.978756,2.000000,2.000000,5.000000,2.511543,0
1784304114.672370,CONST330,TRACKING,330,24.778069,31.851064,0.246919,0.200561,4.977384,2.000000,2.000000,5.000000,2.512327,0
1784304114.722376,CONST330,TRACKING,330,30.498833,51.622955,0.247044,0.198803,4.974825,2.000000,2.000000,5.000000,2.513523,0
1784304114.772396,CONST330,TRACKING,330,34.517822,41.724833,0.247220,0.194981,4.971596,2.000000,2.000000,5.000000,2.516175,0
1784304114.822375,CONST330,TRACKING,330,22.866847,38.160614,0.247298,0.192412,4.971530,2.000000,2.000000,5.000000,2.517965,0
1784304114.872378,CONST330,TRACKING,330,27.961491,35.123158,0.246510,0.186622,4.970607,2.000000,2.000000,5.000000,2.522683,0
1784304114.922352,CONST330,TRACKING,330,23.009453,44.129217,0.245589,0.183724,4.967725,2.000000,2.000000,5.000000,2.525442,0
1784304114.972368,CONST330,TRACKING,330,38.818060,45.966644,0.242745,0.179023,4.964478,2.000000,2.000000,5.000000,2.530843,0
1784304115.022381,CONST330,TRACKING,330,26.311770,37.349564,0.240824,0.176130,4.961943,2.000000,2.000000,5.000000,2.534295,0
1784304115.072361,CONST330,TRACKING,330,22.431250,29.571021,0.236557,0.168149,4.953040,2.000000,2.000000,5.000000,2.543150,0
1784304115.122365,CONST330,TRACKING,330,30.552570,51.713059,0.232803,0.163477,4.948258,2.000000,2.000000,5.000000,2.549212,0
1784304115.172363,CONST330,TRACKING,330,22.202219,29.394524,0.226761,0.155816,4.946809,2.000000,2.000000,5.000000,2.558950,0
1784304115.222363,CONST330,TRACKING,330,34.045637,55.039793,0.223387,0.152096,4.948550,2.000000,2.000000,5.000000,2.563933,0
1784304115.272376,CONST330,TRACKING,330,24.584429,31.703468,0.214840,0.143940,4.950542,2.000000,2.000000,5.000000,2.575694,0
1784304115.322363,CONST330,TRACKING,330,23.127425,43.889322,0.207609,0.137481,4.950707,2.000000,2.000000,5.000000,2.585358,0
1784304115.372336,CONST330,TRACKING,330,25.312597,32.317853,0.196432,0.127942,4.952095,2.000000,2.000000,5.000000,2.599953,0
1784304115.422377,CONST330,TRACKING,330,21.739079,42.666637,0.191675,0.123568,4.950879,2.000000,2.000000,5.000000,2.606425,0
1784304115.472382,CONST330,TRACKING,330,23.955222,31.002775,0.182751,0.115580,4.948384,2.000000,2.000000,5.000000,2.618415,0
1784304115.522374,CONST330,TRACKING,330,26.009106,47.058767,0.177965,0.111259,4.947233,2.000000,2.000000,5.000000,2.624869,0
1784304115.572383,CONST330,TRACKING,330,23.268043,30.330484,0.172767,0.106186,4.944199,2.000000,2.000000,5.000000,2.632190,0
1784304115.622366,CONST330,TRACKING,330,22.610624,43.491471,0.170640,0.104614,4.944045,2.000000,2.000000,5.000000,2.634801,0
1784304115.672310,CONST330,TRACKING,330,22.874214,29.825900,0.169180,0.104942,4.942836,2.000000,2.000000,5.000000,2.635605,0
1784304115.722394,CONST330,TRACKING,330,22.496316,43.660767,0.169553,0.106805,4.943430,2.000000,2.000000,5.000000,2.633994,0
1784304115.772329,CONST330,TRACKING,330,25.258073,32.396041,0.170255,0.111629,4.945223,2.000000,2.000000,5.000000,2.630003,0
1784304115.822363,CONST330,TRACKING,330,43.768745,64.845436,0.170346,0.114986,4.944773,2.000000,2.000000,5.000000,2.627539,0
1784304115.872384,CONST330,TRACKING,330,19.599013,25.712266,0.172014,0.122769,4.946401,2.000000,2.000000,5.000000,2.620764,0
1784304115.922382,CONST330,TRACKING,330,26.017934,46.993185,0.177201,0.126173,4.946243,2.000000,2.000000,5.000000,2.614711,0
1784304115.972388,CONST330,TRACKING,330,22.271122,29.442585,0.186236,0.131226,4.944583,2.000000,2.000000,5.000000,2.604828,0
1784304116.022373,CONST330,TRACKING,330,28.868551,49.594114,0.190300,0.133285,4.943564,2.000000,2.000000,5.000000,2.600543,0
1784304116.072371,CONST330,TRACKING,330,19.452067,26.615904,0.197433,0.134352,4.933501,2.000000,2.000000,5.000000,2.595056,0
1784304116.122393,CONST330,TRACKING,330,27.817128,48.907437,0.201646,0.135631,4.928701,2.000000,2.000000,5.000000,2.591338,0
1784304116.172389,CONST330,TRACKING,330,19.875386,26.940390,0.207495,0.138220,4.919491,2.000000,2.000000,5.000000,2.585688,0
1784304116.222364,CONST330,TRACKING,330,24.233408,45.150372,0.210227,0.139833,4.915085,2.000000,2.000000,5.000000,2.582774,0
1784304116.272359,CONST330,TRACKING,330,22.074816,29.124011,0.215517,0.143544,4.909369,2.000000,2.000000,5.000000,2.576630,0
1784304116.322366,CONST330,TRACKING,330,22.708315,43.725697,0.218814,0.145981,4.906705,2.000000,2.000000,5.000000,2.572686,0
1784304116.372375,CONST330,TRACKING,330,23.173432,30.328977,0.223763,0.150826,4.905562,2.000000,2.000000,5.000000,2.565810,0
1784304116.422386,CONST330,TRACKING,330,23.839881,44.953657,0.226093,0.153441,4.900259,2.000000,2.000000,5.000000,2.562514,0
1784304116.472390,CONST330,TRACKING,330,22.399981,29.524227,0.229897,0.159231,4.894375,2.000000,2.000000,5.000000,2.555945,0
1784304116.522360,CONST330,TRACKING,330,26.696676,47.718692,0.231629,0.162739,4.891004,2.000000,2.000000,5.000000,2.552361,0
1784304116.572365,CONST330,TRACKING,330,21.673408,28.737455,0.234133,0.167428,4.890473,2.000000,2.000000,5.000000,2.547274,0
1784304116.622362,CONST330,TRACKING,330,23.572056,44.454637,0.235108,0.169868,4.892694,2.000000,2.000000,5.000000,2.544748,0
1784304116.672380,CONST330,TRACKING,330,22.111385,29.192773,0.234210,0.174811,4.894049,2.000000,2.000000,5.000000,2.541762,0
1784304116.722342,CONST330,TRACKING,330,27.905440,48.829006,0.232608,0.177891,4.896299,2.000000,2.000000,5.000000,2.540572,0
1784304116.772388,CONST330,TRACKING,330,21.545089,28.737066,0.229288,0.180849,4.902817,2.000000,2.000000,5.000000,2.540507,0
1784304116.822329,CONST330,TRACKING,330,26.576324,47.445087,0.227148,0.180821,4.905068,2.000000,2.000000,5.000000,2.541934,0
1784304116.872326,CONST330,TRACKING,330,20.949075,27.919176,0.223503,0.181599,4.912092,2.000000,2.000000,5.000000,2.543668,0
1784304116.922370,CONST330,TRACKING,330,22.064312,43.171507,0.222476,0.182906,4.914022,2.000000,2.000000,5.000000,2.543386,0
1784304116.972385,CONST330,TRACKING,330,24.164575,31.317999,0.221418,0.185247,4.919180,2.000000,2.000000,5.000000,2.542285,0
1784304117.022380,CONST330,TRACKING,330,22.880615,43.810665,0.220964,0.185873,4.922698,2.000000,2.000000,5.000000,2.542046,0
1784304117.072393,CONST330,TRACKING,330,23.907927,30.993845,0.220262,0.183475,4.926130,2.000000,2.000000,5.000000,2.544148,0
1784304117.122372,CONST330,TRACKING,330,21.837032,42.854790,0.219932,0.182370,4.930294,2.000000,2.000000,5.000000,2.545050,0
1784304117.172364,CONST330,TRACKING,330,24.869559,31.898382,0.223060,0.178805,4.935607,2.000000,2.000000,5.000000,2.545273,0
1784304117.222381,CONST330,TRACKING,330,23.008843,44.054589,0.224972,0.177251,4.936869,2.000000,2.000000,5.000000,2.545019,0
1784304117.272377,CONST330,TRACKING,330,21.140635,28.276613,0.226868,0.174977,4.936985,2.000000,2.000000,5.000000,2.545325,0
1784304117.322361,CONST330,TRACKING,330,24.323905,45.272820,0.225308,0.173464,4.933805,2.000000,2.000000,5.000000,2.547576,0
1784304117.372387,CONST330,TRACKING,330,25.838598,33.103979,0.222368,0.171981,4.931293,2.000000,2.000000,5.000000,2.550755,0
1784304117.422385,CONST330,TRACKING,330,22.756427,43.574045,0.220854,0.170890,4.930032,2.000000,2.000000,5.000000,2.552626,0
1784304117.472369,CONST330,TRACKING,330,21.613399,28.748106,0.217852,0.169475,4.928899,2.000000,2.000000,5.000000,2.555763,0
1784304117.522378,CONST330,TRACKING,330,23.213333,43.707268,0.216103,0.168854,4.928945,2.000000,2.000000,5.000000,2.557427,0
1784304117.572363,CONST330,TRACKING,330,21.648220,28.812444,0.214343,0.168570,4.923206,2.000000,2.000000,5.000000,2.559024,0
1784304117.622384,CONST330,TRACKING,330,23.701126,44.873462,0.213155,0.168632,4.922043,2.000000,2.000000,5.000000,2.559844,0
1784304117.672373,CONST330,TRACKING,330,22.898440,30.056479,0.210230,0.166934,4.920705,2.000000,2.000000,5.000000,2.563142,0
1784304117.722367,CONST330,TRACKING,330,24.627739,45.829691,0.207962,0.165547,4.920532,2.000000,2.000000,5.000000,2.565723,0
1784304117.772400,CONST330,TRACKING,330,32.364252,39.468189,0.204208,0.164430,4.920031,2.000000,2.000000,5.000000,2.569160,0
1784304117.822363,CONST330,TRACKING,330,21.852959,39.255983,0.202300,0.164446,4.918631,2.000000,2.000000,5.000000,2.570526,0
1784304117.872365,CONST330,TRACKING,330,21.820833,28.976766,0.198471,0.164523,4.915416,2.000000,2.000000,5.000000,2.573254,0
1784304117.922369,CONST330,TRACKING,330,31.788491,52.783271,0.195791,0.163290,4.911618,2.000000,2.000000,5.000000,2.576138,0
1784304117.972372,CONST330,TRACKING,330,20.652017,27.757237,0.191299,0.161925,4.911294,2.000000,2.000000,5.000000,2.580269,0
1784304118.022362,CONST330,TRACKING,330,20.048585,41.205918,0.189136,0.161739,4.913130,2.000000,2.000000,5.000000,2.581855,0
1784304118.072382,CONST330,TRACKING,330,25.445155,32.644544,0.184999,0.161067,4.912313,2.000000,2.000000,5.000000,2.585265,0
1784304118.122388,CONST330,TRACKING,330,30.672496,51.770875,0.182406,0.160606,4.914275,2.000000,2.000000,5.000000,2.587348,0
1784304118.172397,CONST330,TRACKING,330,40.423042,47.617031,0.177637,0.161671,4.915798,2.000000,2.000000,5.000000,2.589894,0
1784304118.222368,CONST330,TRACKING,330,20.042735,29.436431,0.175467,0.162258,4.916293,2.000000,2.000000,5.000000,2.590989,0
1784304118.273338,CONST330,TRACKING,330,30.753853,38.742938,0.171558,0.162680,4.917871,2.000000,2.000000,5.000000,2.593394,0
1784304118.322373,CONST330,TRACKING,330,24.867908,42.998691,0.169129,0.162237,4.919497,2.000000,2.000000,5.000000,2.595370,0
1784304118.372379,CONST330,TRACKING,330,23.070975,30.255917,0.165822,0.161324,4.924144,2.000000,2.000000,5.000000,2.598210,0
1784304118.422344,CONST330,TRACKING,330,23.322285,44.396034,0.165266,0.160022,4.923378,2.000000,2.000000,5.000000,2.599546,0
1784304118.472380,CONST330,TRACKING,330,34.370057,41.482738,0.164009,0.157483,4.921939,2.000000,2.000000,5.000000,2.602273,0
1784304118.522385,CONST330,TRACKING,330,22.738009,38.171872,0.163346,0.155845,4.922448,2.000000,2.000000,5.000000,2.603886,0
1784304118.572393,CONST330,TRACKING,330,38.068785,45.301665,0.163371,0.153122,4.926394,2.000000,2.000000,5.000000,2.605682,0
1784304118.622373,CONST330,TRACKING,330,19.628434,31.339176,0.163467,0.151972,4.930151,2.000000,2.000000,5.000000,2.606327,0
1784304118.672372,CONST330,TRACKING,330,23.449989,30.602288,0.165495,0.148506,4.932948,2.000000,2.000000,5.000000,2.607285,0
1784304118.722383,CONST330,TRACKING,330,26.944151,48.086141,0.166889,0.146043,4.932065,2.000000,2.000000,5.000000,2.608077,0
1784304118.772368,CONST330,TRACKING,330,23.069223,30.321730,0.166454,0.143028,4.925869,2.000000,2.000000,5.000000,2.610696,0
1784304118.822353,CONST330,TRACKING,330,24.302430,45.452564,0.164684,0.142050,4.920688,2.000000,2.000000,5.000000,2.612786,0
1784304118.872396,CONST330,TRACKING,330,23.400850,30.553237,0.161318,0.140288,4.913751,2.000000,2.000000,5.000000,2.616623,0
1784304118.922365,CONST330,TRACKING,330,24.105570,45.189879,0.159517,0.140288,4.910964,2.000000,2.000000,5.000000,2.617983,0
1784304118.972399,CONST330,TRACKING,330,20.849118,28.027571,0.157619,0.140650,4.907775,2.000000,2.000000,5.000000,2.619171,0
1784304119.022373,CONST330,TRACKING,330,34.700948,55.651734,0.157473,0.140938,4.905941,2.000000,2.000000,5.000000,2.619134,0
1784304119.072374,CONST330,TRACKING,330,21.235078,28.433029,0.159846,0.141972,4.903447,2.000000,2.000000,5.000000,2.616822,0
1784304119.122397,CONST330,TRACKING,330,28.776915,49.851168,0.161841,0.142783,4.904775,2.000000,2.000000,5.000000,2.614795,0
1784304119.172388,CONST330,TRACKING,330,24.783098,31.970831,0.168452,0.147214,4.903284,2.000000,2.000000,5.000000,2.607055,0
1784304119.222400,CONST330,TRACKING,330,23.675034,44.833824,0.172203,0.149913,4.903351,2.000000,2.000000,5.000000,2.602500,0
1784304119.272387,CONST330,TRACKING,330,19.042812,26.269434,0.179325,0.155146,4.905121,2.000000,2.000000,5.000000,2.593713,0
1784304119.322363,CONST330,TRACKING,330,23.379683,44.344144,0.183302,0.158629,4.907435,2.000000,2.000000,5.000000,2.588360,0
1784304119.372370,CONST330,TRACKING,330,25.870186,33.054387,0.188804,0.164069,4.914786,2.000000,2.000000,5.000000,2.580375,0
1784304119.422370,CONST330,TRACKING,330,24.641097,45.598002,0.190942,0.165190,4.918196,2.000000,2.000000,5.000000,2.577966,0
1784304119.472374,CONST330,TRACKING,330,23.372356,30.487830,0.195064,0.168632,4.927144,2.000000,2.000000,5.000000,2.572355,0
1784304119.522363,CONST330,TRACKING,330,24.448966,45.563250,0.197196,0.171287,4.935887,2.000000,2.000000,5.000000,2.568736,0
1784304119.572331,CONST330,TRACKING,330,19.476810,26.506649,0.198646,0.174656,4.946951,2.000000,2.000000,5.000000,2.565068,0
1784304119.622379,CONST330,TRACKING,330,23.253900,44.057778,0.199662,0.176804,4.951339,2.000000,2.000000,5.000000,2.562739,0
1784304119.672400,CONST330,TRACKING,330,22.763871,29.964624,0.203502,0.184528,4.956114,2.000000,2.000000,5.000000,2.554460,0
1784304119.722365,CONST330,TRACKING,330,24.945226,46.047627,0.206908,0.190619,4.959332,2.000000,2.000000,5.000000,2.547684,0
1784304119.772362,CONST330,TRACKING,330,25.229315,32.486295,0.213138,0.199444,4.966078,2.000000,2.000000,5.000000,2.536933,0
1784304119.822368,CONST330,TRACKING,330,23.588118,44.526945,0.216606,0.203104,4.969471,2.000000,2.000000,5.000000,2.531849,0
1784304119.872371,CONST330,TRACKING,330,24.076948,31.194168,0.224139,0.210263,4.975083,2.000000,2.000000,5.000000,2.521401,0
1784304119.922369,CONST330,TRACKING,330,23.179539,44.334708,0.232509,0.213329,4.978383,2.000000,2.000000,5.000000,2.513302,0
1784304119.972392,CONST330,TRACKING,330,20.351576,27.419555,0.245657,0.217321,4.983222,2.000000,2.000000,5.000000,2.501189,0
1784304120.022366,CONST330,TRACKING,330,34.096713,55.173809,0.251230,0.219236,4.983535,2.000000,2.000000,5.000000,2.495914,0
1784304120.072366,CONST330,TRACKING,330,28.026501,34.985324,0.259375,0.222228,4.977553,2.000000,2.000000,5.000000,2.488122,0
1784304120.122371,CONST330,TRACKING,330,19.488577,40.624656,0.264048,0.224411,4.978193,2.000000,2.000000,5.000000,2.483289,0
1784304120.172375,CONST330,TRACKING,330,22.623162,29.869028,0.268216,0.229073,4.976666,2.000000,2.000000,5.000000,2.477055,0
1784304120.222368,CONST330,TRACKING,330,24.432137,45.566608,0.269604,0.231226,4.973463,2.000000,2.000000,5.000000,2.474577,0
1784304120.272362,CONST330,TRACKING,330,22.142562,29.284588,0.271792,0.234043,4.965902,2.000000,2.000000,5.000000,2.471127,0
1784304120.322365,CONST330,TRACKING,330,22.472085,43.456133,0.272693,0.234265,4.959486,2.000000,2.000000,5.000000,2.470436,0
1784304120.372361,CONST330,TRACKING,330,25.763083,32.896419,0.273494,0.233740,4.952342,2.000000,2.000000,5.000000,2.470378,0
1784304120.422358,CONST330,TRACKING,330,25.813858,46.836430,0.271898,0.233266,4.948566,2.000000,2.000000,5.000000,2.471908,0
1784304120.472386,CONST330,TRACKING,330,28.088958,35.061283,0.268832,0.232099,4.943568,2.000000,2.000000,5.000000,2.474995,0
1784304120.522374,CONST330,TRACKING,330,28.881898,49.865807,0.266695,0.230639,4.939395,2.000000,2.000000,5.000000,2.477632,0
1784304120.572374,CONST330,TRACKING,330,20.822918,27.864098,0.261898,0.224040,4.926680,2.000000,2.000000,5.000000,2.486042,0
1784304120.622328,CONST330,TRACKING,330,24.438255,45.286901,0.259015,0.221061,4.921754,2.000000,2.000000,5.000000,2.490336,0
1784304120.672369,CONST330,TRACKING,330,34.674083,41.714040,0.251226,0.213881,4.906398,2.000000,2.000000,5.000000,2.501438,0
1784304120.722376,CONST330,TRACKING,330,21.079070,36.246492,0.245091,0.208885,4.897160,2.000000,2.000000,5.000000,2.509656,0
1784304120.772370,CONST330,TRACKING,330,28.521613,35.758013,0.231021,0.200535,4.882687,2.000000,2.000000,5.000000,2.526088,0
1784304120.822368,CONST330,TRACKING,330,23.978387,44.805775,0.221289,0.195920,4.873564,2.000000,2.000000,5.000000,2.536632,0
1784304120.872358,CONST330,TRACKING,330,32.528957,39.506970,0.202306,0.186340,4.860546,2.000000,2.000000,5.000000,2.557442,0
1784304120.922382,CONST330,TRACKING,330,22.270608,39.625529,0.190379,0.179981,4.850635,2.000000,2.000000,5.000000,2.570896,0
1784304120.972374,CONST330,TRACKING,330,21.374145,28.480181,0.171894,0.169815,4.839019,2.000000,2.000000,5.000000,2.591807,0
1784304121.022382,CONST330,TRACKING,330,26.046974,46.839351,0.162778,0.164422,4.835270,2.000000,2.000000,5.000000,2.602282,0
1784304121.072367,CONST330,TRACKING,330,22.921843,30.169220,0.144395,0.151752,4.830984,2.000000,2.000000,5.000000,2.624473,0
1784304121.122369,CONST330,TRACKING,330,23.058502,43.895589,0.134127,0.144853,4.831665,2.000000,2.000000,5.000000,2.636549,0
1784304121.172380,CONST330,TRACKING,330,30.703368,37.926086,0.119430,0.135543,4.835190,2.000000,2.000000,5.000000,2.653282,0
1784304121.222324,CONST330,TRACKING,330,20.073839,39.167813,0.113003,0.131762,4.840132,2.000000,2.000000,5.000000,2.660193,0
1784304121.272371,CONST330,TRACKING,330,20.866238,28.045283,0.102509,0.125805,4.852170,2.000000,2.000000,5.000000,2.671129,0
1784304121.322372,CONST330,TRACKING,330,23.493682,44.543686,0.098153,0.123297,4.856922,2.000000,2.000000,5.000000,2.675725,0
1784304121.372374,CONST330,TRACKING,330,23.394726,30.521185,0.092124,0.120358,4.869327,2.000000,2.000000,5.000000,2.681440,0
1784304121.422329,CONST330,TRACKING,330,22.341651,43.440807,0.088821,0.120378,4.872236,2.000000,2.000000,5.000000,2.683637,0
1784304121.472359,CONST330,TRACKING,330,25.317055,32.437523,0.082951,0.120456,4.881771,2.000000,2.000000,5.000000,2.687330,0
1784304121.522328,CONST330,TRACKING,330,26.626681,47.548343,0.079977,0.120767,4.890381,2.000000,2.000000,5.000000,2.688870,0
1784304121.572381,CONST330,TRACKING,330,22.793932,29.856474,0.076680,0.123014,4.899959,2.000000,2.000000,5.000000,2.689283,0
1784304121.622381,CONST330,TRACKING,330,25.724380,46.431645,0.075468,0.124193,4.904505,2.000000,2.000000,5.000000,2.689162,0
1784304121.672369,CONST330,TRACKING,330,22.590813,29.783471,0.075005,0.123963,4.906476,2.000000,2.000000,5.000000,2.689585,0
1784304121.722373,CONST330,TRACKING,330,28.882985,49.955534,0.075719,0.123195,4.907241,2.000000,2.000000,5.000000,2.689583,0
1784304121.772373,CONST330,TRACKING,330,22.857955,30.070477,0.077515,0.121571,4.908862,2.000000,2.000000,5.000000,2.689377,0
1784304121.822357,CONST330,TRACKING,330,22.903356,43.861367,0.078490,0.120156,4.907075,2.000000,2.000000,5.000000,2.689730,0
1784304121.872379,CONST330,TRACKING,330,28.869132,36.071210,0.081823,0.117901,4.905667,2.000000,2.000000,5.000000,2.688977,0
1784304121.922381,CONST330,TRACKING,330,24.958224,45.958836,0.085113,0.116702,4.902734,2.000000,2.000000,5.000000,2.687576,0
1784304121.972373,CONST330,TRACKING,330,22.982985,30.150898,0.091095,0.115466,4.898062,2.000000,2.000000,5.000000,2.684358,0
1784304122.022317,CONST330,TRACKING,330,21.695843,42.704156,0.094287,0.115263,4.897701,2.000000,2.000000,5.000000,2.682246,0
1784304122.072361,CONST330,TRACKING,330,21.678120,28.841677,0.100409,0.114932,4.891839,2.000000,2.000000,5.000000,2.678363,0
1784304122.122385,CONST330,TRACKING,330,20.100197,41.109738,0.104290,0.114890,4.890686,2.000000,2.000000,5.000000,2.675688,0
1784304122.172388,CONST330,TRACKING,330,24.587242,31.653351,0.110292,0.116437,4.887047,2.000000,2.000000,5.000000,2.670499,0
1784304122.222459,CONST330,TRACKING,330,21.609139,42.778999,0.113595,0.117718,4.888799,2.000000,2.000000,5.000000,2.667185,0
1784304122.272372,CONST330,TRACKING,330,21.097678,28.335557,0.121319,0.119865,4.894966,2.000000,2.000000,5.000000,2.659959,0
1784304122.322369,CONST330,TRACKING,330,20.658922,41.323406,0.127306,0.119549,4.897919,2.000000,2.000000,5.000000,2.655842,0
1784304122.372318,CONST330,TRACKING,330,20.720214,27.816595,0.137678,0.121121,4.907856,2.000000,2.000000,5.000000,2.647058,0
1784304122.422375,CONST330,TRACKING,330,22.451456,43.556701,0.144020,0.121576,4.909788,2.000000,2.000000,5.000000,2.642210,0
1784304122.472383,CONST330,TRACKING,330,21.253721,28.397640,0.156615,0.124213,4.911189,2.000000,2.000000,5.000000,2.631451,0
1784304122.522370,CONST330,TRACKING,330,21.097155,42.262774,0.164424,0.127359,4.912560,2.000000,2.000000,5.000000,2.623693,0
1784304122.572376,CONST330,TRACKING,330,23.169986,30.351432,0.176675,0.136211,4.911760,2.000000,2.000000,5.000000,2.608833,0
1784304122.622364,CONST330,TRACKING,330,22.515008,43.511022,0.182870,0.140817,4.912587,2.000000,2.000000,5.000000,2.601185,0
1784304122.672377,CONST330,TRACKING,330,24.146677,31.291211,0.196553,0.152521,4.913605,2.000000,2.000000,5.000000,2.583228,0
1784304122.722383,CONST330,TRACKING,330,21.355419,42.375272,0.205368,0.160751,4.913645,2.000000,2.000000,5.000000,2.571186,0
1784304122.772379,CONST330,TRACKING,330,23.779289,30.974151,0.220167,0.172592,4.913278,2.000000,2.000000,5.000000,2.552400,0
1784304122.822362,CONST330,TRACKING,330,21.441205,42.537064,0.228177,0.177394,4.911400,2.000000,2.000000,5.000000,2.543443,0
1784304122.872391,CONST330,TRACKING,330,22.163753,29.366687,0.243536,0.187860,4.910471,2.000000,2.000000,5.000000,2.525279,0
1784304122.922370,CONST330,TRACKING,330,25.529930,46.708091,0.253929,0.194812,4.908339,2.000000,2.000000,5.000000,2.513139,0
1784304122.972378,CONST330,TRACKING,330,23.258841,30.431840,0.269698,0.205977,4.903936,2.000000,2.000000,5.000000,2.494332,0
1784304123.022387,CONST330,TRACKING,330,34.306382,55.156541,0.278491,0.213262,4.900709,2.000000,2.000000,5.000000,2.483120,0
1784304123.072369,CONST330,TRACKING,330,21.132809,28.251462,0.288993,0.223803,4.895376,2.000000,2.000000,5.000000,2.468474,0
1784304123.122374,CONST330,TRACKING,330,21.968918,43.157582,0.295571,0.230788,4.892282,2.000000,2.000000,5.000000,2.459023,0
1784304123.172376,CONST330,TRACKING,330,20.011163,27.037041,0.303377,0.239502,4.885533,2.000000,2.000000,5.000000,2.447649,0
1784304123.222369,CONST330,TRACKING,330,22.001629,43.058590,0.306432,0.243197,4.883170,2.000000,2.000000,5.000000,2.442985,0
1784304123.272356,CONST330,TRACKING,330,23.266607,30.435986,0.311259,0.249473,4.883022,2.000000,2.000000,5.000000,2.435133,0
1784304123.322333,CONST330,TRACKING,330,23.806640,44.526668,0.313046,0.252423,4.882117,2.000000,2.000000,5.000000,2.431817,0
1784304123.372383,CONST330,TRACKING,330,33.472102,40.737663,0.316815,0.258352,4.887639,2.000000,2.000000,5.000000,2.424680,0
1784304123.422359,CONST330,TRACKING,330,21.860821,38.209397,0.320742,0.261885,4.888525,2.000000,2.000000,5.000000,2.419376,0
1784304123.472360,CONST330,TRACKING,330,23.513453,30.700039,0.327673,0.269024,4.890875,2.000000,2.000000,5.000000,2.409328,0
1784304123.522378,CONST330,TRACKING,330,23.308014,44.090324,0.331326,0.272820,4.894430,2.000000,2.000000,5.000000,2.403906,0
1784304123.572338,CONST330,TRACKING,330,22.006898,29.154864,0.337792,0.275986,4.900843,2.000000,2.000000,5.000000,2.396872,0
1784304123.622376,CONST330,TRACKING,330,22.595876,43.393636,0.339898,0.277248,4.904202,2.000000,2.000000,5.000000,2.394367,0
1784304123.672368,CONST330,TRACKING,330,22.028528,29.220884,0.342766,0.280211,4.910726,2.000000,2.000000,5.000000,2.389994,0
1784304123.722361,CONST330,TRACKING,330,25.901153,46.628373,0.343695,0.281614,4.914427,2.000000,2.000000,5.000000,2.388204,0
1784304123.772353,CONST330,TRACKING,330,24.949159,32.189015,0.342267,0.281781,4.914888,2.000000,2.000000,5.000000,2.389058,0
1784304123.822339,CONST330,TRACKING,330,24.267293,44.923463,0.339910,0.280862,4.911271,2.000000,2.000000,5.000000,2.391487,0
1784304123.872375,CONST330,TRACKING,330,22.556533,29.788668,0.334828,0.279156,4.905577,2.000000,2.000000,5.000000,2.396459,0
1784304123.922360,CONST330,TRACKING,330,20.900937,41.665662,0.329775,0.277912,4.897614,2.000000,2.000000,5.000000,2.401192,0
1784304123.972373,CONST330,TRACKING,330,24.109940,31.372266,0.320543,0.275341,4.887092,2.000000,2.000000,5.000000,2.409932,0
1784304124.022364,CONST330,TRACKING,330,19.747775,40.482720,0.315514,0.273710,4.884117,2.000000,2.000000,5.000000,2.414746,0
1784304124.072367,CONST330,TRACKING,330,23.277956,30.460157,0.304474,0.269429,4.876847,2.000000,2.000000,5.000000,2.425871,0
1784304124.122358,CONST330,TRACKING,330,22.387051,43.204696,0.297306,0.266480,4.874842,2.000000,2.000000,5.000000,2.433089,0
1784304124.172376,CONST330,TRACKING,330,24.720670,31.951858,0.282150,0.259108,4.869778,2.000000,2.000000,5.000000,2.449219,0
1784304124.222379,CONST330,TRACKING,330,22.552655,43.354743,0.274249,0.255234,4.868665,2.000000,2.000000,5.000000,2.457575,0
1784304124.272375,CONST330,TRACKING,330,21.582051,28.769800,0.258268,0.247961,4.866436,2.000000,2.000000,5.000000,2.474088,0
1784304124.322345,CONST330,TRACKING,330,25.084461,46.230795,0.247268,0.243329,4.866051,2.000000,2.000000,5.000000,2.485137,0
1784304124.372377,CONST330,TRACKING,330,23.435448,30.557546,0.230455,0.235252,4.870465,2.000000,2.000000,5.000000,2.502480,0
1784304124.422396,CONST330,TRACKING,330,22.749405,43.848880,0.221457,0.231481,4.870507,2.000000,2.000000,5.000000,2.511502,0
1784304124.472386,CONST330,TRACKING,330,26.731711,33.922033,0.204410,0.223340,4.871613,2.000000,2.000000,5.000000,2.529259,0
1784304124.522371,CONST330,TRACKING,330,21.921696,43.028078,0.194496,0.217602,4.874463,2.000000,2.000000,5.000000,2.540186,0
1784304124.572329,CONST330,TRACKING,330,24.055559,31.249918,0.180639,0.205860,4.881067,2.000000,2.000000,5.000000,2.557959,0
1784304124.622386,CONST330,TRACKING,330,23.209654,44.326243,0.173654,0.199804,4.887590,2.000000,2.000000,5.000000,2.566881,0
1784304124.672390,CONST330,TRACKING,330,22.994579,30.138937,0.160129,0.184976,4.903845,2.000000,2.000000,5.000000,2.586249,0
1784304124.722378,CONST330,TRACKING,330,26.878580,47.973676,0.152165,0.175168,4.914739,2.000000,2.000000,5.000000,2.598418,0
1784304124.772388,CONST330,TRACKING,330,21.606103,28.836546,0.142235,0.159750,4.926873,2.000000,2.000000,5.000000,2.615943,0
1784304124.822327,CONST330,TRACKING,330,23.759370,44.948567,0.139328,0.151964,4.930132,2.000000,2.000000,5.000000,2.623398,0
1784304124.872390,CONST330,TRACKING,330,23.608791,30.781150,0.134477,0.137762,4.934166,2.000000,2.000000,5.000000,2.636748,0
1784304124.922386,CONST330,TRACKING,330,36.819306,57.859077,0.133739,0.129433,4.933433,2.000000,2.000000,5.000000,2.643177,0
1784304124.972387,CONST330,TRACKING,330,20.676204,27.813224,0.133787,0.117665,4.933688,2.000000,2.000000,5.000000,2.651477,0
1784304125.022377,CONST330,TRACKING,330,28.413893,49.515268,0.134627,0.113514,4.936294,2.000000,2.000000,5.000000,2.653772,0
1784304125.072394,CONST330,TRACKING,330,20.827656,28.022841,0.138551,0.110474,4.937803,2.000000,2.000000,5.000000,2.653143,0
1784304125.122383,CONST330,TRACKING,330,21.276162,42.080003,0.140969,0.108986,4.936893,2.000000,2.000000,5.000000,2.652530,0
1784304125.172384,CONST330,TRACKING,330,22.884355,30.050000,0.146179,0.109026,4.927804,2.000000,2.000000,5.000000,2.649084,0
1784304125.222385,CONST330,TRACKING,330,21.200783,42.345837,0.149022,0.109676,4.924438,2.000000,2.000000,5.000000,2.646725,0
1784304125.272373,CONST330,TRACKING,330,22.063457,29.295053,0.155223,0.110638,4.922915,2.000000,2.000000,5.000000,2.641749,0
1784304125.322367,CONST330,TRACKING,330,22.825658,43.686437,0.159743,0.109497,4.920274,2.000000,2.000000,5.000000,2.639489,0
1784304125.372380,CONST330,TRACKING,330,24.337708,31.516557,0.166172,0.108015,4.920814,2.000000,2.000000,5.000000,2.636058,0
1784304125.422373,CONST330,TRACKING,330,24.141412,45.291477,0.169240,0.108028,4.919071,2.000000,2.000000,5.000000,2.633968,0
1784304125.472377,CONST330,TRACKING,330,24.006694,31.155153,0.175257,0.108326,4.916875,2.000000,2.000000,5.000000,2.629644,0
1784304125.522362,CONST330,TRACKING,330,22.730693,43.779706,0.179134,0.108825,4.915506,2.000000,2.000000,5.000000,2.626640,0
1784304125.572360,CONST330,TRACKING,330,24.607023,31.733930,0.186477,0.110723,4.912857,2.000000,2.000000,5.000000,2.620272,0
1784304125.622388,CONST330,TRACKING,330,19.699806,40.849060,0.190426,0.112227,4.913629,2.000000,2.000000,5.000000,2.616430,0
1784304125.672389,CONST330,TRACKING,330,26.542902,33.782454,0.199381,0.119557,4.913500,2.000000,2.000000,5.000000,2.604953,0
1784304125.722362,CONST330,TRACKING,330,37.229718,58.381591,0.205018,0.125617,4.914701,2.000000,2.000000,5.000000,2.596642,0
1784304125.772373,CONST330,TRACKING,330,24.278592,31.532955,0.213346,0.135640,4.914091,2.000000,2.000000,5.000000,2.583670,0
1784304125.822371,CONST330,TRACKING,330,27.812957,48.946444,0.216956,0.140690,4.912417,2.000000,2.000000,5.000000,2.577586,0
1784304125.872379,CONST330,TRACKING,330,21.218230,28.331401,0.223990,0.151191,4.912359,2.000000,2.000000,5.000000,2.565149,0
1784304125.922329,CONST330,TRACKING,330,23.904350,44.976606,0.227213,0.156350,4.905989,2.000000,2.000000,5.000000,2.559425,0
1784304125.972356,CONST330,TRACKING,330,23.188871,30.354907,0.232242,0.165416,4.895342,2.000000,2.000000,5.000000,2.549827,0
1784304126.022336,CONST330,TRACKING,330,24.859837,45.404277,0.233923,0.169188,4.892375,2.000000,2.000000,5.000000,2.546072,0
1784304126.072366,CONST330,TRACKING,330,22.200072,29.417790,0.235318,0.174373,4.887492,2.000000,2.000000,5.000000,2.541589,0
1784304126.122365,CONST330,TRACKING,330,26.533487,47.669856,0.235673,0.177424,4.888046,2.000000,2.000000,5.000000,2.539127,0
1784304126.172374,CONST330,TRACKING,330,21.796279,28.921524,0.233594,0.182390,4.881925,2.000000,2.000000,5.000000,2.537289,0
1784304126.222329,CONST330,TRACKING,330,24.354514,44.989780,0.232189,0.185254,4.881008,2.000000,2.000000,5.000000,2.536261,0
1784304126.272381,CONST330,TRACKING,330,21.386317,28.565193,0.230274,0.191716,4.881554,2.000000,2.000000,5.000000,2.532953,0
1784304126.322357,CONST330,TRACKING,330,27.054436,47.779530,0.230507,0.196408,4.880464,2.000000,2.000000,5.000000,2.529493,0
1784304126.372349,CONST330,TRACKING,330,25.441941,32.524882,0.230046,0.203475,4.883538,2.000000,2.000000,5.000000,2.524639,0
1784304126.422330,CONST330,TRACKING,330,25.657308,46.548432,0.229524,0.207875,4.883330,2.000000,2.000000,5.000000,2.521886,0
1784304126.472329,CONST330,TRACKING,330,24.821341,31.909373,0.228466,0.213926,4.888926,2.000000,2.000000,5.000000,2.518080,0
1784304126.522366,CONST330,TRACKING,330,27.428138,48.375315,0.227173,0.217970,4.894474,2.000000,2.000000,5.000000,2.515886,0
1784304126.572378,CONST330,TRACKING,330,24.769433,31.760111,0.223770,0.223381,4.896785,2.000000,2.000000,5.000000,2.514363,0
1784304126.622358,CONST330,TRACKING,330,32.180330,53.179919,0.222141,0.226069,4.897834,2.000000,2.000000,5.000000,2.513574,0
1784304126.672359,CONST330,TRACKING,330,26.816556,33.907535,0.221057,0.234101,4.892838,2.000000,2.000000,5.000000,2.508888,0
1784304126.722368,CONST330,TRACKING,330,33.080863,54.131989,0.220725,0.239421,4.892044,2.000000,2.000000,5.000000,2.505417,0
1784304126.772349,CONST330,TRACKING,330,25.184052,32.282002,0.219027,0.246785,4.892082,2.000000,2.000000,5.000000,2.501454,0
1784304126.822363,CONST330,TRACKING,330,23.169523,44.243337,0.217669,0.250190,4.888750,2.000000,2.000000,5.000000,2.500183,0
1784304126.872339,CONST330,TRACKING,330,28.951705,35.995982,0.213529,0.255533,4.885822,2.000000,2.000000,5.000000,2.499537,0
1784304126.922369,CONST330,TRACKING,330,32.099787,53.059127,0.210060,0.255348,4.885260,2.000000,2.000000,5.000000,2.502172,0
1784304126.972352,CONST330,TRACKING,330,22.487666,29.569062,0.203752,0.253571,4.886239,2.000000,2.000000,5.000000,2.507880,0
1784304127.022365,CONST330,TRACKING,330,27.523255,48.420294,0.199930,0.252404,4.888496,2.000000,2.000000,5.000000,2.511330,0
1784304127.072352,CONST330,TRACKING,330,24.939606,31.961569,0.189579,0.249409,4.887592,2.000000,2.000000,5.000000,2.520879,0
1784304127.122369,CONST330,TRACKING,330,27.850243,48.969182,0.182781,0.247112,4.888687,2.000000,2.000000,5.000000,2.527309,0
1784304127.172357,CONST330,TRACKING,330,22.501342,29.625095,0.172671,0.241491,4.891001,2.000000,2.000000,5.000000,2.538379,0
1784304127.222371,CONST330,TRACKING,330,21.336131,42.045826,0.167675,0.238272,4.894347,2.000000,2.000000,5.000000,2.544064,0
1784304127.272369,CONST330,TRACKING,330,25.087096,32.140210,0.156912,0.231783,4.899216,2.000000,2.000000,5.000000,2.556115,0
1784304127.322335,CONST330,TRACKING,330,25.901401,46.838786,0.149291,0.228265,4.895011,2.000000,2.000000,5.000000,2.564214,0
1784304127.372329,CONST330,TRACKING,330,20.901027,28.054112,0.138753,0.222533,4.889882,2.000000,2.000000,5.000000,2.575996,0
1784304127.422327,CONST330,TRACKING,330,30.936349,51.945747,0.136501,0.219156,4.881701,2.000000,2.000000,5.000000,2.580316,0
1784304127.472332,CONST330,TRACKING,330,20.989059,28.019188,0.131887,0.211987,4.867861,2.000000,2.000000,5.000000,2.589266,0
1784304127.522328,CONST330,TRACKING,330,28.167047,49.063407,0.128667,0.206913,4.863029,2.000000,2.000000,5.000000,2.595343,0
1784304127.572324,CONST330,TRACKING,330,19.893444,26.912462,0.122207,0.196451,4.856320,2.000000,2.000000,5.000000,2.607593,0
1784304127.622327,CONST330,TRACKING,330,24.260820,45.127748,0.119009,0.191562,4.854403,2.000000,2.000000,5.000000,2.613384,0
1784304127.672339,CONST330,TRACKING,330,32.498880,39.640363,0.113524,0.184922,4.848491,2.000000,2.000000,5.000000,2.622261,0
1784304127.722394,CONST330,TRACKING,330,25.205214,42.619736,0.110947,0.182002,4.845116,2.000000,2.000000,5.000000,2.626334,0
1784304127.772573,CONST330,TRACKING,330,37.079589,44.439826,0.110170,0.179176,4.838461,2.000000,2.000000,5.000000,2.629250,0
1784304127.822330,CONST330,TRACKING,330,23.361339,35.903293,0.111618,0.178818,4.835950,2.000000,2.000000,5.000000,2.628613,0
1784304127.872757,CONST330,TRACKING,330,31.918915,39.431512,0.114397,0.178127,4.837585,2.000000,2.000000,5.000000,2.626994,0
1784304127.922395,CONST330,TRACKING,330,26.891629,44.458994,0.114497,0.178573,4.842044,2.000000,2.000000,5.000000,2.626341,0
1784304127.972366,CONST330,TRACKING,330,22.604552,29.750033,0.113408,0.178561,4.854515,2.000000,2.000000,5.000000,2.626411,0
1784304128.022335,CONST330,TRACKING,330,22.875322,43.789498,0.112379,0.177957,4.862056,2.000000,2.000000,5.000000,2.627162,0
1784304128.072348,CONST330,TRACKING,330,22.571618,29.705131,0.108869,0.175407,4.881434,2.000000,2.000000,5.000000,2.630509,0
1784304128.122325,CONST330,TRACKING,330,23.755137,44.834898,0.106480,0.173182,4.893677,2.000000,2.000000,5.000000,2.633246,0
1784304128.172356,CONST330,TRACKING,330,22.985419,30.026858,0.099100,0.165862,4.905032,2.000000,2.000000,5.000000,2.643199,0
1784304128.222327,CONST330,TRACKING,330,35.677139,56.473892,0.095230,0.161897,4.909687,2.000000,2.000000,5.000000,2.648571,0
1784304128.272401,CONST330,TRACKING,330,20.261473,27.436681,0.087555,0.153972,4.918740,2.000000,2.000000,5.000000,2.659298,0
1784304128.322385,CONST330,TRACKING,330,20.382909,41.345471,0.081707,0.148308,4.924942,2.000000,2.000000,5.000000,2.667255,0
1784304128.372323,CONST330,TRACKING,330,22.188208,29.291233,0.074270,0.140274,4.935794,2.000000,2.000000,5.000000,2.677898,0
1784304128.422395,CONST330,TRACKING,330,28.655659,49.800328,0.071034,0.137263,4.937327,2.000000,2.000000,5.000000,2.682281,0
1784304128.472362,CONST330,TRACKING,330,28.154098,35.361981,0.065989,0.131603,4.940921,2.000000,2.000000,5.000000,2.689758,0
1784304128.522393,CONST330,TRACKING,330,21.232726,42.436256,0.063618,0.128491,4.943674,2.000000,2.000000,5.000000,2.693566,0
1784304128.572392,CONST330,TRACKING,330,34.507717,41.719063,0.059669,0.125196,4.942872,2.000000,2.000000,5.000000,2.698711,0
1784304128.622379,CONST330,TRACKING,330,19.787353,35.036999,0.058244,0.123170,4.943715,2.000000,2.000000,5.000000,2.701125,0
1784304128.672390,CONST330,TRACKING,330,27.024121,34.189693,0.057464,0.118422,4.945231,2.000000,2.000000,5.000000,2.704955,0
1784304128.722324,CONST330,TRACKING,330,24.133105,45.129694,0.058051,0.115604,4.944882,2.000000,2.000000,5.000000,2.706502,0
1784304128.772318,CONST330,TRACKING,330,20.554706,27.667817,0.060505,0.112351,4.940689,2.000000,2.000000,5.000000,2.707098,0
1784304128.822321,CONST330,TRACKING,330,20.895882,42.025206,0.062501,0.111529,4.936640,2.000000,2.000000,5.000000,2.706333,0
1784304128.872390,CONST330,TRACKING,330,24.111238,31.252964,0.067176,0.110851,4.931049,2.000000,2.000000,5.000000,2.703599,0
1784304128.922381,CONST330,TRACKING,330,25.433841,46.525438,0.074020,0.110293,4.922038,2.000000,2.000000,5.000000,2.699346,0
1784304128.972388,CONST330,TRACKING,330,21.696846,28.906824,0.086084,0.110078,4.910060,2.000000,2.000000,5.000000,2.691277,0
1784304129.022382,CONST330,TRACKING,330,22.549034,43.666655,0.091949,0.110625,4.905136,2.000000,2.000000,5.000000,2.686893,0
1784304129.072364,CONST330,TRACKING,330,21.428601,28.606091,0.102745,0.113904,4.891377,2.000000,2.000000,5.000000,2.677449,0
1784304129.122372,CONST330,TRACKING,330,29.672310,50.797926,0.109872,0.116017,4.885564,2.000000,2.000000,5.000000,2.671156,0
1784304129.172335,CONST330,TRACKING,330,21.774307,28.874515,0.121437,0.119423,4.878957,2.000000,2.000000,5.000000,2.660868,0
1784304129.222404,CONST330,TRACKING,330,23.583748,44.666842,0.127678,0.121509,4.878652,2.000000,2.000000,5.000000,2.655003,0
1784304129.272373,CONST330,TRACKING,330,22.268376,29.492243,0.141712,0.126222,4.881992,2.000000,2.000000,5.000000,2.641629,0
1784304129.322362,CONST330,TRACKING,330,24.337035,45.461251,0.152185,0.129387,4.884181,2.000000,2.000000,5.000000,2.631925,0
1784304129.372400,CONST330,TRACKING,330,23.927167,31.091746,0.168497,0.134920,4.891660,2.000000,2.000000,5.000000,2.616231,0
1784304129.422385,CONST330,TRACKING,330,27.774243,48.940307,0.176371,0.137405,4.892929,2.000000,2.000000,5.000000,2.608897,0
1784304129.472384,CONST330,TRACKING,330,26.559491,33.727564,0.191964,0.143017,4.899315,2.000000,2.000000,5.000000,2.593746,0
1784304129.522319,CONST330,TRACKING,330,26.765770,47.653462,0.201111,0.146256,4.904905,2.000000,2.000000,5.000000,2.584843,0
1784304129.572378,CONST330,TRACKING,330,25.857666,33.048855,0.214168,0.148535,4.906426,2.000000,2.000000,5.000000,2.574078,0
1784304129.622395,CONST330,TRACKING,330,36.835592,57.957305,0.219983,0.149699,4.908598,2.000000,2.000000,5.000000,2.569130,0
1784304129.672404,CONST330,TRACKING,330,23.773186,30.923545,0.230094,0.152150,4.908032,2.000000,2.000000,5.000000,2.560386,0
1784304129.722382,CONST330,TRACKING,330,30.134016,51.016022,0.233834,0.153204,4.908051,2.000000,2.000000,5.000000,2.557040,0
1784304129.772354,CONST330,TRACKING,330,22.643515,29.750689,0.242997,0.155976,4.908509,2.000000,2.000000,5.000000,2.548697,0
1784304129.822365,CONST330,TRACKING,330,23.591330,44.768407,0.249169,0.158061,4.906961,2.000000,2.000000,5.000000,2.542992,0
1784304129.872367,CONST330,TRACKING,330,33.760117,40.902248,0.259796,0.162615,4.910999,2.000000,2.000000,5.000000,2.532235,0
1784304129.922378,CONST330,TRACKING,330,26.541547,42.620914,0.261940,0.167115,4.912116,2.000000,2.000000,5.000000,2.527458,0
1784304129.972402,CONST330,TRACKING,330,23.204483,30.413511,0.263707,0.175319,4.916339,2.000000,2.000000,5.000000,2.520153,0
1784304130.022396,CONST330,TRACKING,330,28.918469,49.953751,0.264220,0.180256,4.918897,2.000000,2.000000,5.000000,2.516144,0
1784304130.072367,CONST330,TRACKING,330,22.294649,29.418763,0.263439,0.193069,4.920848,2.000000,2.000000,5.000000,2.507371,0
1784304130.122375,CONST330,TRACKING,330,24.109315,45.293816,0.262417,0.200493,4.923843,2.000000,2.000000,5.000000,2.502642,0
1784304130.172385,CONST330,TRACKING,330,23.230787,30.349008,0.262488,0.213253,4.923755,2.000000,2.000000,5.000000,2.493436,0
1784304130.222381,CONST330,TRACKING,330,24.576173,45.769768,0.262271,0.219300,4.924180,2.000000,2.000000,5.000000,2.489246,0
1784304130.272404,CONST330,TRACKING,330,26.378799,33.616701,0.261178,0.229666,4.926627,2.000000,2.000000,5.000000,2.482532,0
1784304130.322350,CONST330,TRACKING,330,27.357685,48.395755,0.261148,0.234670,4.927217,2.000000,2.000000,5.000000,2.478970,0
1784304130.372390,CONST330,TRACKING,330,20.186549,27.266287,0.260237,0.242220,4.930099,2.000000,2.000000,5.000000,2.474156,0
1784304130.422379,CONST330,TRACKING,330,29.126785,50.282444,0.256216,0.246181,4.930196,2.000000,2.000000,5.000000,2.474173,0
1784304130.472373,CONST330,TRACKING,330,28.624341,35.837998,0.247949,0.252965,4.932643,2.000000,2.000000,5.000000,2.475147,0
1784304130.522407,CONST330,TRACKING,330,22.110003,43.083107,0.242644,0.256307,4.933584,2.000000,2.000000,5.000000,2.476525,0
1784304130.572324,CONST330,TRACKING,330,20.275386,27.455325,0.232989,0.258493,4.926907,2.000000,2.000000,5.000000,2.482039,0
1784304130.622379,CONST330,TRACKING,330,28.989069,49.953777,0.228035,0.259192,4.924368,2.000000,2.000000,5.000000,2.485154,0
1784304130.672385,CONST330,TRACKING,330,24.563740,31.787585,0.215929,0.257079,4.917133,2.000000,2.000000,5.000000,2.495506,0
1784304130.722325,CONST330,TRACKING,330,27.737735,48.767652,0.207984,0.254607,4.913758,2.000000,2.000000,5.000000,2.503029,0
1784304130.772365,CONST330,TRACKING,330,21.376260,28.599653,0.197633,0.250873,4.915181,2.000000,2.000000,5.000000,2.512999,0
1784304130.822392,CONST330,TRACKING,330,21.704151,42.840500,0.193674,0.248987,4.915559,2.000000,2.000000,5.000000,2.517139,0
1784304130.872383,CONST330,TRACKING,330,30.392839,37.523226,0.184963,0.244007,4.915957,2.000000,2.000000,5.000000,2.526842,0
1784304130.922378,CONST330,TRACKING,330,21.234762,40.684889,0.178433,0.238683,4.910286,2.000000,2.000000,5.000000,2.535427,0
1784304130.972385,CONST330,TRACKING,330,27.518172,34.695496,0.168373,0.229426,4.904670,2.000000,2.000000,5.000000,2.549289,0
1784304131.022378,CONST330,TRACKING,330,23.538545,44.726045,0.164121,0.225633,4.903391,2.000000,2.000000,5.000000,2.555027,0
1784304131.072371,CONST330,TRACKING,330,30.113173,37.329165,0.158928,0.221893,4.895422,2.000000,2.000000,5.000000,2.561669,0
1784304131.122387,CONST330,TRACKING,330,25.732647,45.511263,0.156188,0.219041,4.893795,2.000000,2.000000,5.000000,2.565685,0
1784304131.172372,CONST330,TRACKING,330,24.027832,31.179534,0.151449,0.211483,4.892024,2.000000,2.000000,5.000000,2.574411,0
1784304131.222379,CONST330,TRACKING,330,21.886051,42.892055,0.149275,0.207291,4.892082,2.000000,2.000000,5.000000,2.578883,0
1784304131.272305,CONST330,TRACKING,330,27.950336,35.023486,0.146722,0.199102,4.893597,2.000000,2.000000,5.000000,2.586348,0
1784304131.322377,CONST330,TRACKING,330,23.576081,44.816833,0.147344,0.194363,4.891532,2.000000,2.000000,5.000000,2.589290,0
1784304131.372388,CONST330,TRACKING,330,21.247347,28.345982,0.147888,0.186119,4.892011,2.000000,2.000000,5.000000,2.594638,0
1784304131.422385,CONST330,TRACKING,330,22.096062,43.096755,0.148645,0.180728,4.890536,2.000000,2.000000,5.000000,2.597931,0
1784304131.472387,CONST330,TRACKING,330,23.018695,30.200706,0.149367,0.169664,4.889533,2.000000,2.000000,5.000000,2.605220,0
1784304131.522381,CONST330,TRACKING,330,27.593459,48.626178,0.149037,0.162406,4.888432,2.000000,2.000000,5.000000,2.610606,0
1784304131.572376,CONST330,TRACKING,330,23.983715,31.168878,0.145952,0.148712,4.887352,2.000000,2.000000,5.000000,2.622489,0
1784304131.622380,CONST330,TRACKING,330,20.145755,41.127451,0.144883,0.142599,4.887951,2.000000,2.000000,5.000000,2.627538,0
1784304131.672392,CONST330,TRACKING,330,21.437360,28.615738,0.147252,0.136222,4.889205,2.000000,2.000000,5.000000,2.630327,0
1784304131.722389,CONST330,TRACKING,330,21.176076,42.308467,0.150458,0.134307,4.892629,2.000000,2.000000,5.000000,2.629286,0
1784304131.772380,CONST330,TRACKING,330,21.391439,28.590257,0.155418,0.131462,4.896301,2.000000,2.000000,5.000000,2.627674,0
1784304131.822381,CONST330,TRACKING,330,22.331136,43.287905,0.158273,0.129883,4.896464,2.000000,2.000000,5.000000,2.626788,0
1784304131.872381,CONST330,TRACKING,330,25.115552,32.244383,0.162947,0.128747,4.898751,2.000000,2.000000,5.000000,2.624234,0
1784304131.922365,CONST330,TRACKING,330,21.063438,42.212627,0.168064,0.128796,4.898619,2.000000,2.000000,5.000000,2.620625,0
1784304131.972382,CONST330,TRACKING,330,29.650007,36.708908,0.176585,0.129789,4.901227,2.000000,2.000000,5.000000,2.613865,0
1784304132.022375,CONST330,TRACKING,330,31.323474,51.525856,0.180951,0.130476,4.902431,2.000000,2.000000,5.000000,2.610284,0
1784304132.072382,CONST330,TRACKING,330,23.215682,30.351810,0.190960,0.131909,4.904928,2.000000,2.000000,5.000000,2.602197,0
1784304132.122364,CONST330,TRACKING,330,22.652170,43.722740,0.196587,0.132521,4.906874,2.000000,2.000000,5.000000,2.597778,0
1784304132.172379,CONST330,TRACKING,330,21.790511,29.019195,0.204999,0.131421,4.905227,2.000000,2.000000,5.000000,2.592797,0
1784304132.222372,CONST330,TRACKING,330,21.198811,42.279501,0.208831,0.130711,4.904494,2.000000,2.000000,5.000000,2.590685,0
1784304132.272372,CONST330,TRACKING,330,20.139228,27.276436,0.215126,0.129871,4.904101,2.000000,2.000000,5.000000,2.586959,0
1784304132.322377,CONST330,TRACKING,330,21.923158,42.898427,0.217820,0.129826,4.901683,2.000000,2.000000,5.000000,2.585224,0
1784304132.372378,CONST330,TRACKING,330,23.895583,31.070597,0.221167,0.130561,4.900239,2.000000,2.000000,5.000000,2.582441,0
1784304132.422375,CONST330,TRACKING,330,22.100361,43.266268,0.222502,0.130487,4.897262,2.000000,2.000000,5.000000,2.581691,0
1784304132.472377,CONST330,TRACKING,330,23.731141,30.933890,0.224413,0.131646,4.894111,2.000000,2.000000,5.000000,2.579664,0
1784304132.522372,CONST330,TRACKING,330,22.872287,43.974963,0.225027,0.133583,4.892361,2.000000,2.000000,5.000000,2.577911,0
1784304132.572326,CONST330,TRACKING,330,23.181427,30.300916,0.225301,0.140824,4.892424,2.000000,2.000000,5.000000,2.572482,0
1784304132.622375,CONST330,TRACKING,330,26.919483,48.027964,0.225353,0.144359,4.894506,2.000000,2.000000,5.000000,2.569807,0
1784304132.672355,CONST330,TRACKING,330,23.055124,30.259906,0.227016,0.150561,4.894162,2.000000,2.000000,5.000000,2.564196,0
1784304132.722379,CONST330,TRACKING,330,25.058929,46.072231,0.228028,0.154078,4.892505,2.000000,2.000000,5.000000,2.561028,0
1784304132.772367,CONST330,TRACKING,330,22.209620,29.376063,0.225646,0.159257,4.890909,2.000000,2.000000,5.000000,2.559017,0
1784304132.822330,CONST330,TRACKING,330,23.170508,44.244158,0.222190,0.161638,4.889451,2.000000,2.000000,5.000000,2.559766,0
1784304132.872394,CONST330,TRACKING,330,23.858068,31.048929,0.214967,0.165918,4.889391,2.000000,2.000000,5.000000,2.561725,0
1784304132.922378,CONST330,TRACKING,330,33.517153,53.877216,0.210087,0.168043,4.889804,2.000000,2.000000,5.000000,2.563591,0
1784304132.972368,CONST330,TRACKING,330,20.896450,28.044680,0.201894,0.170755,4.891450,2.000000,2.000000,5.000000,2.567315,0
1784304133.022369,CONST330,TRACKING,330,22.782901,43.834962,0.196945,0.171442,4.893342,2.000000,2.000000,5.000000,2.570215,0
1784304133.072367,CONST330,TRACKING,330,25.984690,33.204461,0.182761,0.169286,4.895422,2.000000,2.000000,5.000000,2.581629,0
1784304133.122372,CONST330,TRACKING,330,29.996195,51.209443,0.174426,0.168421,4.897588,2.000000,2.000000,5.000000,2.588028,0
1784304133.172384,CONST330,TRACKING,330,21.315172,28.489442,0.162395,0.169251,4.901915,2.000000,2.000000,5.000000,2.595776,0
1784304133.222360,CONST330,TRACKING,330,23.410892,44.483928,0.156818,0.169867,4.904127,2.000000,2.000000,5.000000,2.599211,0
1784304133.272395,CONST330,TRACKING,330,28.456374,35.615883,0.145371,0.170503,4.911634,2.000000,2.000000,5.000000,2.606630,0
1784304133.322395,CONST330,TRACKING,330,32.685537,53.637696,0.136865,0.170496,4.914394,2.000000,2.000000,5.000000,2.612602,0
1784304133.372368,CONST330,TRACKING,330,24.437970,31.342250,0.124831,0.170388,4.918270,2.000000,2.000000,5.000000,2.621148,0
1784304133.422377,CONST330,TRACKING,330,23.732495,44.714611,0.120307,0.170506,4.916759,2.000000,2.000000,5.000000,2.624352,0
1784304133.472356,CONST330,TRACKING,330,39.984696,47.009501,0.112405,0.170408,4.917213,2.000000,2.000000,5.000000,2.630072,0
1784304133.522436,CONST330,TRACKING,330,19.401526,29.301994,0.107950,0.170717,4.919593,2.000000,2.000000,5.000000,2.632982,0
1784304133.572361,CONST330,TRACKING,330,32.608680,39.533151,0.101374,0.174170,4.922983,2.000000,2.000000,5.000000,2.635217,0
1784304133.622325,CONST330,TRACKING,330,32.165289,49.364476,0.098606,0.175159,4.925466,2.000000,2.000000,5.000000,2.636456,0
1784304133.672357,CONST330,TRACKING,330,23.948055,31.051970,0.095360,0.177460,4.925794,2.000000,2.000000,5.000000,2.637198,0
1784304133.722348,CONST330,TRACKING,330,35.298932,56.338136,0.094086,0.179057,4.923502,2.000000,2.000000,5.000000,2.637081,0
1784304133.772344,CONST330,TRACKING,330,32.614137,39.649937,0.092825,0.180328,4.919554,2.000000,2.000000,5.000000,2.637232,0
1784304133.822321,CONST330,TRACKING,330,25.954743,43.217777,0.092752,0.180000,4.916553,2.000000,2.000000,5.000000,2.637605,0
1784304133.872354,CONST330,TRACKING,330,24.197768,31.273767,0.092653,0.179504,4.914298,2.000000,2.000000,5.000000,2.638090,0
1784304133.922358,CONST330,TRACKING,330,28.046979,49.145133,0.094012,0.181084,4.911089,2.000000,2.000000,5.000000,2.636124,0
1784304133.972375,CONST330,TRACKING,330,41.864846,48.844651,0.096538,0.183626,4.909207,2.000000,2.000000,5.000000,2.632608,0
1784304134.022449,CONST330,TRACKING,330,20.040606,28.096995,0.097987,0.184336,4.910381,2.000000,2.000000,5.000000,2.631030,0
1784304134.072316,CONST330,TRACKING,330,27.380970,34.371867,0.101586,0.183912,4.908527,2.000000,2.000000,5.000000,2.628787,0
1784304134.122363,CONST330,TRACKING,330,31.941610,52.892050,0.104002,0.182870,4.907577,2.000000,2.000000,5.000000,2.627796,0
1784304134.172312,CONST330,TRACKING,330,26.322064,33.429896,0.107019,0.182188,4.906456,2.000000,2.000000,5.000000,2.626132,0
1784304134.222357,CONST330,TRACKING,330,28.658913,49.701476,0.108700,0.182023,4.906291,2.000000,2.000000,5.000000,2.625040,0
1784304134.272356,CONST330,TRACKING,330,31.980016,39.036675,0.113005,0.181709,4.908378,2.000000,2.000000,5.000000,2.622085,0
1784304134.322366,CONST330,TRACKING,330,34.939196,52.863714,0.116619,0.182088,4.908617,2.000000,2.000000,5.000000,2.619213,0
1784304134.372350,CONST330,TRACKING,330,21.636897,28.710913,0.121722,0.181782,4.908727,2.000000,2.000000,5.000000,2.615756,0
1784304134.422368,CONST330,TRACKING,330,24.922746,45.838454,0.122880,0.182889,4.911428,2.000000,2.000000,5.000000,2.614062,0
1784304134.472316,CONST330,TRACKING,330,30.965821,38.018994,0.124213,0.184107,4.918690,2.000000,2.000000,5.000000,2.612021,0
1784304134.522377,CONST330,TRACKING,330,26.066036,45.033196,0.124342,0.185084,4.923083,2.000000,2.000000,5.000000,2.611117,0
1784304134.572344,CONST330,TRACKING,330,26.386409,33.509422,0.123185,0.189408,4.923179,2.000000,2.000000,5.000000,2.608942,0
1784304134.622373,CONST330,TRACKING,330,28.010411,48.959783,0.122600,0.190958,4.922210,2.000000,2.000000,5.000000,2.608317,0
1784304134.672347,CONST330,TRACKING,330,27.356933,34.481746,0.120292,0.194271,4.920572,2.000000,2.000000,5.000000,2.607732,0
1784304134.722355,CONST330,TRACKING,330,28.157867,49.168868,0.118920,0.195960,4.921391,2.000000,2.000000,5.000000,2.607528,0
1784304134.772368,CONST330,TRACKING,330,27.505042,34.573781,0.118799,0.195459,4.923179,2.000000,2.000000,5.000000,2.607909,0
1784304134.822328,CONST330,TRACKING,330,25.890767,47.066200,0.119819,0.193313,4.925019,2.000000,2.000000,5.000000,2.608605,0
1784304134.872348,CONST330,TRACKING,330,38.407862,45.388074,0.121715,0.188933,4.930090,2.000000,2.000000,5.000000,2.610136,0
1784304134.922311,CONST330,TRACKING,330,23.191204,34.636072,0.124583,0.187519,4.931963,2.000000,2.000000,5.000000,2.609004,0
1784304134.972352,CONST330,TRACKING,330,27.296545,34.316193,0.129309,0.185542,4.935918,2.000000,2.000000,5.000000,2.606885,0
1784304135.022332,CONST330,TRACKING,330,28.497962,49.329474,0.131092,0.185005,4.937121,2.000000,2.000000,5.000000,2.605951,0
1784304135.072328,CONST330,TRACKING,330,42.755580,49.812516,0.132699,0.186497,4.933566,2.000000,2.000000,5.000000,2.603847,0
1784304135.122311,CONST330,TRACKING,330,21.662692,28.756480,0.133909,0.187110,4.932303,2.000000,2.000000,5.000000,2.602585,0
1784304135.172311,CONST330,TRACKING,330,41.377399,48.409231,0.138287,0.187682,4.924807,2.000000,2.000000,5.000000,2.599255,0
1784304135.222340,CONST330,TRACKING,330,21.379280,29.894089,0.140704,0.187402,4.921234,2.000000,2.000000,5.000000,2.597825,0
1784304135.272362,CONST330,TRACKING,330,24.726814,31.853142,0.144995,0.185027,4.913271,2.000000,2.000000,5.000000,2.596669,0
1784304135.322334,CONST330,TRACKING,330,20.936359,42.022736,0.146988,0.181318,4.908823,2.000000,2.000000,5.000000,2.597993,0
1784304135.372378,CONST330,TRACKING,330,21.578871,28.762167,0.149866,0.174461,4.907078,2.000000,2.000000,5.000000,2.600812,0
1784304135.422375,CONST330,TRACKING,330,20.642155,41.742408,0.150249,0.169663,4.909351,2.000000,2.000000,5.000000,2.603830,0
1784304135.472399,CONST330,TRACKING,330,24.177747,31.376202,0.151208,0.160453,4.918456,2.000000,2.000000,5.000000,2.609332,0
1784304135.522326,CONST330,TRACKING,330,27.208320,48.132088,0.151858,0.154459,4.924266,2.000000,2.000000,5.000000,2.612927,0
1784304135.572307,CONST330,TRACKING,330,20.312938,27.330623,0.153040,0.142396,4.926727,2.000000,2.000000,5.000000,2.620558,0
1784304135.622367,CONST330,TRACKING,330,21.926958,43.005201,0.154336,0.136886,4.929281,2.000000,2.000000,5.000000,2.623484,0
1784304135.672325,CONST330,TRACKING,330,24.415108,31.524176,0.156018,0.126529,4.931691,2.000000,2.000000,5.000000,2.629606,0
1784304135.722394,CONST330,TRACKING,330,29.848301,50.885971,0.156892,0.120249,4.931122,2.000000,2.000000,5.000000,2.633488,0
1784304135.772381,CONST330,TRACKING,330,21.747206,28.920618,0.160552,0.111788,4.929901,2.000000,2.000000,5.000000,2.637011,0
1784304135.822333,CONST330,TRACKING,330,25.637350,46.560839,0.164060,0.108817,4.930011,2.000000,2.000000,5.000000,2.636692,0
1784304135.872382,CONST330,TRACKING,330,21.123717,28.270033,0.171496,0.104156,4.931759,2.000000,2.000000,5.000000,2.634826,0
1784304135.922382,CONST330,TRACKING,330,25.539194,46.694971,0.177276,0.102753,4.928212,2.000000,2.000000,5.000000,2.631924,0
1784304135.972403,CONST330,TRACKING,330,24.107734,31.179027,0.186711,0.102462,4.924848,2.000000,2.000000,5.000000,2.625703,0
1784304136.022382,CONST330,TRACKING,330,26.700815,47.669239,0.191185,0.103656,4.924978,2.000000,2.000000,5.000000,2.621748,0
1784304136.072336,CONST330,TRACKING,330,25.659230,32.699479,0.198967,0.110068,4.924823,2.000000,2.000000,5.000000,2.611746,0
1784304136.122364,CONST330,TRACKING,330,27.162601,48.182563,0.203100,0.114333,4.925720,2.000000,2.000000,5.000000,2.605783,0
1784304136.172322,CONST330,TRACKING,330,45.148978,52.245205,0.209183,0.122653,4.921299,2.000000,2.000000,5.000000,2.595699,0
1784304136.222339,CONST330,TRACKING,330,28.061360,32.806621,0.211799,0.126895,4.919346,2.000000,2.000000,5.000000,2.590886,0
1784304136.272347,CONST330,TRACKING,330,20.704240,27.752946,0.214957,0.133338,4.916802,2.000000,2.000000,5.000000,2.584129,0
1784304136.322372,CONST330,TRACKING,330,22.197030,43.231532,0.214492,0.134868,4.913379,2.000000,2.000000,5.000000,2.583459,0
1784304136.372355,CONST330,TRACKING,330,28.713562,35.750638,0.212552,0.136597,4.912885,2.000000,2.000000,5.000000,2.583569,0
1784304136.422320,CONST330,TRACKING,330,21.801741,42.655522,0.210980,0.134717,4.910934,2.000000,2.000000,5.000000,2.586080,0
1784304136.472371,CONST330,TRACKING,330,34.013287,41.069486,0.208037,0.132091,4.907876,2.000000,2.000000,5.000000,2.590116,0
1784304136.522376,CONST330,TRACKING,330,22.323950,38.206564,0.207184,0.131125,4.907183,2.000000,2.000000,5.000000,2.591428,0
1784304136.572341,CONST330,TRACKING,330,34.145340,41.341087,0.209357,0.130342,4.903122,2.000000,2.000000,5.000000,2.590639,0
1784304136.622385,CONST330,TRACKING,330,33.973046,49.715527,0.210669,0.130214,4.903986,2.000000,2.000000,5.000000,2.589792,0
1784304136.672360,CONST330,TRACKING,330,23.735988,30.868984,0.212888,0.132641,4.902260,2.000000,2.000000,5.000000,2.586571,0
1784304136.722371,CONST330,TRACKING,330,28.469491,49.593201,0.213718,0.134710,4.900000,2.000000,2.000000,5.000000,2.584591,0
1784304136.772362,CONST330,TRACKING,330,30.919054,37.974315,0.212959,0.135626,4.900828,2.000000,2.000000,5.000000,2.584423,0
1784304136.822361,CONST330,TRACKING,330,32.125865,51.055361,0.211379,0.134676,4.902571,2.000000,2.000000,5.000000,2.586134,0
1784304136.872350,CONST330,TRACKING,330,26.852573,34.021854,0.208182,0.133221,4.910601,2.000000,2.000000,5.000000,2.589106,0
1784304136.922381,CONST330,TRACKING,330,33.507831,54.664797,0.204293,0.132789,4.915908,2.000000,2.000000,5.000000,2.591932,0
1784304136.972351,CONST330,TRACKING,330,26.995450,34.128364,0.197887,0.132609,4.927022,2.000000,2.000000,5.000000,2.596167,0
1784304137.022356,CONST330,TRACKING,330,31.722115,52.926499,0.195272,0.132790,4.931333,2.000000,2.000000,5.000000,2.597736,0
1784304137.072304,CONST330,TRACKING,330,31.281518,38.371690,0.191803,0.133275,4.934294,2.000000,2.000000,5.000000,2.599722,0
1784304137.122375,CONST330,TRACKING,330,20.223475,38.897744,0.189256,0.133638,4.935067,2.000000,2.000000,5.000000,2.601215,0
1784304137.172322,CONST330,TRACKING,330,36.041955,43.088184,0.185293,0.139080,4.932742,2.000000,2.000000,5.000000,2.600136,0
1784304137.222359,CONST330,TRACKING,330,22.624031,36.514980,0.183035,0.141952,4.932536,2.000000,2.000000,5.000000,2.599664,0
1784304137.272368,CONST330,TRACKING,330,28.109209,35.143194,0.177805,0.146822,4.929035,2.000000,2.000000,5.000000,2.599943,0
1784304137.322367,CONST330,TRACKING,330,27.539851,48.611643,0.173489,0.149305,4.923206,2.000000,2.000000,5.000000,2.601367,0
1784304137.372353,CONST330,TRACKING,330,26.859998,33.927180,0.166255,0.152982,4.915707,2.000000,2.000000,5.000000,2.604074,0
1784304137.422357,CONST330,TRACKING,330,25.582827,46.590445,0.162104,0.158356,4.909450,2.000000,2.000000,5.000000,2.603404,0
1784304137.472390,CONST330,TRACKING,330,36.505224,43.505981,0.154517,0.167977,4.905422,2.000000,2.000000,5.000000,2.602126,0
1784304137.522387,CONST330,TRACKING,330,30.691770,44.023593,0.150558,0.173229,4.905758,2.000000,2.000000,5.000000,2.601232,0
1784304137.572322,CONST330,TRACKING,330,32.757570,39.929568,0.145916,0.179615,4.898936,2.000000,2.000000,5.000000,2.600316,0
1784304137.622369,CONST330,TRACKING,330,33.434349,50.570619,0.144195,0.182470,4.897691,2.000000,2.000000,5.000000,2.599595,0
1784304137.672359,CONST330,TRACKING,330,23.087419,30.209422,0.143220,0.187248,4.893895,2.000000,2.000000,5.000000,2.597106,0
1784304137.722355,CONST330,TRACKING,330,26.089004,47.088347,0.142852,0.189324,4.893376,2.000000,2.000000,5.000000,2.595942,0
1784304137.772353,CONST330,TRACKING,330,22.190901,29.368283,0.141553,0.190955,4.899392,2.000000,2.000000,5.000000,2.595495,0
1784304137.822349,CONST330,TRACKING,330,27.431750,48.407821,0.140883,0.191090,4.905071,2.000000,2.000000,5.000000,2.595666,0
1784304137.872356,CONST330,TRACKING,330,21.079553,28.071662,0.138879,0.190664,4.921258,2.000000,2.000000,5.000000,2.596857,0
1784304137.922339,CONST330,TRACKING,330,22.368447,43.279724,0.138097,0.187712,4.928833,2.000000,2.000000,5.000000,2.599257,0
1784304137.972343,CONST330,TRACKING,330,25.342003,32.387123,0.137036,0.182762,4.940897,2.000000,2.000000,5.000000,2.603167,0
1784304138.022358,CONST330,TRACKING,330,26.090107,47.142412,0.136239,0.181179,4.947423,2.000000,2.000000,5.000000,2.604703,0
1784304138.072374,CONST330,TRACKING,330,23.319409,30.376133,0.132747,0.181314,4.956590,2.000000,2.000000,5.000000,2.606940,0
1784304138.122356,CONST330,TRACKING,330,21.293192,42.382610,0.131112,0.180898,4.960865,2.000000,2.000000,5.000000,2.608334,0
1784304138.172359,CONST330,TRACKING,330,26.257718,33.261974,0.128214,0.180224,4.960218,2.000000,2.000000,5.000000,2.610891,0
1784304138.222376,CONST330,TRACKING,330,23.285278,44.381525,0.127135,0.179711,4.959071,2.000000,2.000000,5.000000,2.612040,0
1784304138.272357,CONST330,TRACKING,330,22.342096,29.473950,0.126098,0.178691,4.958479,2.000000,2.000000,5.000000,2.613503,0
1784304138.322324,CONST330,TRACKING,330,25.412186,46.424670,0.125903,0.178343,4.957386,2.000000,2.000000,5.000000,2.613903,0
1784304138.372470,CONST330,TRACKING,330,19.501799,26.774466,0.126279,0.178571,4.957608,2.000000,2.000000,5.000000,2.613471,0
1784304138.422341,CONST330,TRACKING,330,20.713014,41.749080,0.125872,0.178742,4.958704,2.000000,2.000000,5.000000,2.613626,0
1784304138.472319,CONST330,TRACKING,330,22.581234,29.698832,0.125762,0.179658,4.963583,2.000000,2.000000,5.000000,2.612995,0
1784304138.522372,CONST330,TRACKING,330,28.072997,49.129834,0.126076,0.180085,4.965657,2.000000,2.000000,5.000000,2.612444,0
1784304138.572316,CONST330,TRACKING,330,22.937364,29.959156,0.127274,0.178383,4.963588,2.000000,2.000000,5.000000,2.612799,0
1784304138.622332,CONST330,TRACKING,330,22.312579,43.416186,0.128569,0.177532,4.964240,2.000000,2.000000,5.000000,2.612455,0
1784304138.672315,CONST330,TRACKING,330,19.879857,26.967536,0.135494,0.178909,4.959451,2.000000,2.000000,5.000000,2.606607,0
1784304138.722351,CONST330,TRACKING,330,25.389423,46.210426,0.141153,0.180519,4.954234,2.000000,2.000000,5.000000,2.601522,0
1784304138.772322,CONST330,TRACKING,330,21.915116,29.023907,0.149059,0.183178,4.948863,2.000000,2.000000,5.000000,2.594116,0
1784304138.822321,CONST330,TRACKING,330,23.365316,44.311051,0.152219,0.185059,4.947659,2.000000,2.000000,5.000000,2.590568,0
1784304138.872311,CONST330,TRACKING,330,22.757963,29.818646,0.158529,0.188477,4.946808,2.000000,2.000000,5.000000,2.583692,0
1784304138.923058,CONST330,TRACKING,330,24.649208,46.484190,0.160988,0.190950,4.948989,2.000000,2.000000,5.000000,2.580161,0
1784304138.972313,CONST330,TRACKING,330,20.650729,27.637129,0.164879,0.194737,4.954899,2.000000,2.000000,5.000000,2.574621,0
1784304139.022321,CONST330,TRACKING,330,22.828675,43.745808,0.167076,0.196033,4.955432,2.000000,2.000000,5.000000,2.572138,0
1784304139.072319,CONST330,TRACKING,330,21.663390,28.743709,0.171486,0.195611,4.950394,2.000000,2.000000,5.000000,2.569386,0
1784304139.122330,CONST330,TRACKING,330,22.756004,43.780830,0.174379,0.195329,4.948085,2.000000,2.000000,5.000000,2.567572,0
1784304139.172320,CONST330,TRACKING,330,24.226578,31.263026,0.180544,0.195823,4.946837,2.000000,2.000000,5.000000,2.562870,0
1784304139.222333,CONST330,TRACKING,330,23.173435,44.246672,0.183936,0.196152,4.946625,2.000000,2.000000,5.000000,2.560235,0
1784304139.272358,CONST330,TRACKING,330,22.008233,29.103002,0.190071,0.197846,4.943444,2.000000,2.000000,5.000000,2.554760,0
1784304139.322363,CONST330,TRACKING,330,27.422824,48.495739,0.192738,0.200281,4.940486,2.000000,2.000000,5.000000,2.551221,0
1784304139.372369,CONST330,TRACKING,330,27.903185,35.024922,0.197073,0.203412,4.938654,2.000000,2.000000,5.000000,2.545984,0
1784304139.422364,CONST330,TRACKING,330,24.698573,45.642449,0.198367,0.205307,4.937794,2.000000,2.000000,5.000000,2.543752,0
1784304139.472357,CONST330,TRACKING,330,26.270874,33.461474,0.201556,0.208807,4.935926,2.000000,2.000000,5.000000,2.539070,0
1784304139.522359,CONST330,TRACKING,330,27.064012,47.806519,0.204017,0.211013,4.933757,2.000000,2.000000,5.000000,2.535827,0
1784304139.572372,CONST330,TRACKING,330,36.757968,43.795517,0.209667,0.215930,4.930690,2.000000,2.000000,5.000000,2.528438,0
1784304139.622375,CONST330,TRACKING,330,19.760402,32.870679,0.212422,0.218171,4.930809,2.000000,2.000000,5.000000,2.524904,0
1784304139.672360,CONST330,TRACKING,330,22.596317,29.444749,0.217578,0.224773,4.932853,2.000000,2.000000,5.000000,2.516539,0
1784304139.722386,CONST330,TRACKING,330,20.857839,41.673488,0.220388,0.228799,4.935559,2.000000,2.000000,5.000000,2.511638,0
1784304139.772354,CONST330,TRACKING,330,23.957377,30.907923,0.223933,0.232148,4.945564,2.000000,2.000000,5.000000,2.506527,0
1784304139.822363,CONST330,TRACKING,330,30.590893,51.594967,0.225389,0.232299,4.951546,2.000000,2.000000,5.000000,2.505266,0
1784304139.872344,CONST330,TRACKING,330,34.161742,41.235982,0.228787,0.232190,4.966972,2.000000,2.000000,5.000000,2.502686,0
1784304139.922361,CONST330,TRACKING,330,21.966982,37.702029,0.233888,0.230579,4.971735,2.000000,2.000000,5.000000,2.500160,0
1784304139.972357,CONST330,TRACKING,330,29.177568,36.315483,0.242061,0.227657,4.977751,2.000000,2.000000,5.000000,2.496406,0
1784304140.022358,CONST330,TRACKING,330,24.347062,45.046980,0.245702,0.226947,4.980751,2.000000,2.000000,5.000000,2.494323,0
1784304140.072349,CONST330,TRACKING,330,27.113572,34.103658,0.253323,0.230016,4.982133,2.000000,2.000000,5.000000,2.486774,0
1784304140.122361,CONST330,TRACKING,330,24.514640,45.584102,0.257576,0.230925,4.981718,2.000000,2.000000,5.000000,2.483144,0
1784304140.172364,CONST330,TRACKING,330,22.591901,29.636080,0.261313,0.236948,4.975060,2.000000,2.000000,5.000000,2.476289,0
1784304140.222322,CONST330,TRACKING,330,27.862171,48.596507,0.262444,0.239959,4.970922,2.000000,2.000000,5.000000,2.473397,0
1784304140.272354,CONST330,TRACKING,330,24.105511,31.127172,0.263530,0.242764,4.964623,2.000000,2.000000,5.000000,2.470720,0
1784304140.322333,CONST330,TRACKING,330,28.646721,49.678380,0.263398,0.241349,4.960259,2.000000,2.000000,5.000000,2.471886,0
1784304140.372348,CONST330,TRACKING,330,28.944516,35.932236,0.261842,0.238589,4.958462,2.000000,2.000000,5.000000,2.474972,0
1784304140.422337,CONST330,TRACKING,330,22.381787,43.318542,0.260548,0.238416,4.956314,2.000000,2.000000,5.000000,2.476041,0
1784304140.472351,CONST330,TRACKING,330,32.077275,39.250927,0.257208,0.237380,4.955934,2.000000,2.000000,5.000000,2.479132,0
1784304140.522335,CONST330,TRACKING,330,27.454391,45.252841,0.254709,0.236176,4.956577,2.000000,2.000000,5.000000,2.481734,0
1784304140.572324,CONST330,TRACKING,330,22.311076,29.323135,0.249960,0.234088,4.961719,2.000000,2.000000,5.000000,2.486474,0
1784304140.622448,CONST330,TRACKING,330,39.298070,60.260719,0.247456,0.232652,4.965119,2.000000,2.000000,5.000000,2.489206,0
1784304140.672338,CONST330,TRACKING,330,23.716506,30.779525,0.243810,0.230832,4.965208,2.000000,2.000000,5.000000,2.493064,0
1784304140.722335,CONST330,TRACKING,330,25.626285,46.725198,0.241691,0.229533,4.963918,2.000000,2.000000,5.000000,2.495497,0
1784304140.772536,CONST330,TRACKING,330,22.879450,30.181261,0.235895,0.227776,4.964219,2.000000,2.000000,5.000000,2.500825,0
1784304140.822348,CONST330,TRACKING,330,24.383140,45.562525,0.231717,0.227924,4.964493,2.000000,2.000000,5.000000,2.503665,0
1784304140.872318,CONST330,TRACKING,330,22.792163,29.865417,0.223007,0.226750,4.965189,2.000000,2.000000,5.000000,2.510643,0
1784304140.922320,CONST330,TRACKING,330,22.064930,43.094058,0.215168,0.226697,4.964607,2.000000,2.000000,5.000000,2.516243,0
1784304140.972316,CONST330,TRACKING,330,21.540175,28.587200,0.203013,0.226439,4.966803,2.000000,2.000000,5.000000,2.525031,0
1784304141.022323,CONST330,TRACKING,330,23.890445,44.782351,0.197185,0.226978,4.969540,2.000000,2.000000,5.000000,2.528770,0
1784304141.072326,CONST330,TRACKING,330,28.161052,35.246861,0.183850,0.231473,4.971966,2.000000,2.000000,5.000000,2.535128,0
1784304141.122324,CONST330,TRACKING,330,24.568094,45.727930,0.176504,0.233973,4.973404,2.000000,2.000000,5.000000,2.538641,0
1784304141.172359,CONST330,TRACKING,330,33.560793,40.688774,0.170154,0.240626,4.971000,2.000000,2.000000,5.000000,2.538616,0
1784304141.222332,CONST330,TRACKING,330,25.256831,41.547324,0.167578,0.243854,4.968594,2.000000,2.000000,5.000000,2.538268,0
1784304141.272309,CONST330,TRACKING,330,23.587638,30.561494,0.160604,0.247918,4.962547,2.000000,2.000000,5.000000,2.540585,0
1784304141.322353,CONST330,TRACKING,330,28.539944,49.444335,0.153757,0.248088,4.956703,2.000000,2.000000,5.000000,2.545522,0
1784304141.372315,CONST330,TRACKING,330,22.211461,29.322348,0.143372,0.247051,4.951192,2.000000,2.000000,5.000000,2.553875,0
1784304141.422331,CONST330,TRACKING,330,24.686270,45.807020,0.138388,0.244985,4.950774,2.000000,2.000000,5.000000,2.558926,0
1784304141.472394,CONST330,TRACKING,330,22.962074,30.098302,0.129263,0.240978,4.953065,2.000000,2.000000,5.000000,2.568271,0
1784304141.522381,CONST330,TRACKING,330,22.469866,43.586046,0.123700,0.238345,4.953920,2.000000,2.000000,5.000000,2.574112,0
1784304141.572346,CONST330,TRACKING,330,29.664990,36.805591,0.114174,0.231943,4.950969,2.000000,2.000000,5.000000,2.585492,0
1784304141.622379,CONST330,TRACKING,330,23.246312,43.475306,0.110563,0.229081,4.950430,2.000000,2.000000,5.000000,2.590094,0
1784304141.672346,CONST330,TRACKING,330,26.644137,33.682785,0.105169,0.223035,4.950692,2.000000,2.000000,5.000000,2.598157,0
1784304141.722461,CONST330,TRACKING,330,23.993399,45.138620,0.102572,0.219210,4.952693,2.000000,2.000000,5.000000,2.602630,0
1784304141.772316,CONST330,TRACKING,330,29.518367,36.530805,0.099984,0.214327,4.955701,2.000000,2.000000,5.000000,2.607805,0
1784304141.822381,CONST330,TRACKING,330,25.584952,45.994253,0.099592,0.212724,4.955523,2.000000,2.000000,5.000000,2.609192,0
1784304141.872344,CONST330,TRACKING,330,25.374330,32.438164,0.099600,0.208869,4.953940,2.000000,2.000000,5.000000,2.611856,0
1784304141.922374,CONST330,TRACKING,330,24.748777,45.910049,0.098300,0.204730,4.953011,2.000000,2.000000,5.000000,2.615658,0
1784304141.972356,CONST330,TRACKING,330,28.014726,35.016891,0.097007,0.197165,4.956212,2.000000,2.000000,5.000000,2.621739,0
1784304142.022354,CONST330,TRACKING,330,23.493411,44.583334,0.097271,0.192909,4.958770,2.000000,2.000000,5.000000,2.624434,0
1784304142.072310,CONST330,TRACKING,330,33.447837,40.450890,0.100219,0.183134,4.961863,2.000000,2.000000,5.000000,2.628997,0
1784304142.122365,CONST330,TRACKING,330,21.461687,37.944821,0.102261,0.177260,4.963142,2.000000,2.000000,5.000000,2.631569,0
1784304142.172349,CONST330,TRACKING,330,28.331198,35.356505,0.104941,0.169893,4.962898,2.000000,2.000000,5.000000,2.634752,0
1784304142.222326,CONST330,TRACKING,330,21.937903,42.981095,0.106346,0.166461,4.962729,2.000000,2.000000,5.000000,2.636130,0
1784304142.272368,CONST330,TRACKING,330,26.518218,33.549525,0.109150,0.160186,4.965066,2.000000,2.000000,5.000000,2.638456,0
1784304142.322358,CONST330,TRACKING,330,39.760643,60.819557,0.110258,0.157134,4.967740,2.000000,2.000000,5.000000,2.639758,0
1784304142.372309,CONST330,TRACKING,330,22.893895,30.013365,0.113389,0.152246,4.974182,2.000000,2.000000,5.000000,2.640864,0
1784304142.422329,CONST330,TRACKING,330,27.480189,48.596649,0.114490,0.150343,4.978252,2.000000,2.000000,5.000000,2.641373,0
1784304142.472347,CONST330,TRACKING,330,32.661190,39.641635,0.117289,0.145535,4.983822,2.000000,2.000000,5.000000,2.642707,0
1784304142.522367,CONST330,TRACKING,330,24.745301,41.999817,0.119130,0.141446,4.984721,2.000000,2.000000,5.000000,2.644263,0
1784304142.572345,CONST330,TRACKING,330,28.752667,35.903528,0.121843,0.132236,4.984683,2.000000,2.000000,5.000000,2.648821,0
1784304142.622359,CONST330,TRACKING,330,22.998549,43.770926,0.123161,0.127725,4.984039,2.000000,2.000000,5.000000,2.651074,0
1784304142.672315,CONST330,TRACKING,330,27.339246,34.273541,0.123528,0.116340,4.987030,2.000000,2.000000,5.000000,2.658852,0
1784304142.722362,CONST330,TRACKING,330,25.104823,46.174181,0.122706,0.108420,4.988566,2.000000,2.000000,5.000000,2.665040,0
1784304142.772350,CONST330,TRACKING,330,31.832414,38.818235,0.119367,0.094926,4.991382,2.000000,2.000000,5.000000,2.676968,0
1784304142.822323,CONST330,TRACKING,330,21.047130,39.041487,0.116372,0.087692,4.993581,2.000000,2.000000,5.000000,2.684216,0
1784304142.872310,CONST330,TRACKING,330,26.847126,33.933342,0.110708,0.074996,4.999624,2.000000,2.000000,5.000000,2.697233,0
1784304142.922322,CONST330,TRACKING,330,22.372225,43.431654,0.104702,0.070945,5.000965,2.000000,2.000000,5.000000,2.704331,0
1784304142.972317,CONST330,TRACKING,330,29.487361,36.639766,0.095652,0.066560,5.001130,2.000000,2.000000,5.000000,2.713804,0
1784304143.022323,CONST330,TRACKING,330,24.185355,44.549189,0.091756,0.065341,4.999754,2.000000,2.000000,5.000000,2.717406,0
1784304143.072355,CONST330,TRACKING,330,24.571337,31.672346,0.084143,0.066210,4.988732,2.000000,2.000000,5.000000,2.722164,0
1784304143.122371,CONST330,TRACKING,330,26.048756,47.106932,0.080236,0.066975,4.981099,2.000000,2.000000,5.000000,2.724415,0
1784304143.172354,CONST330,TRACKING,330,38.018915,45.083905,0.073800,0.071267,4.962745,2.000000,2.000000,5.000000,2.726105,0
1784304143.222324,CONST330,TRACKING,330,20.047774,31.799024,0.070903,0.074011,4.953813,2.000000,2.000000,5.000000,2.726350,0
1784304143.272349,CONST330,TRACKING,330,25.100019,32.133673,0.065694,0.080126,4.937425,2.000000,2.000000,5.000000,2.726054,0
1784304143.322323,CONST330,TRACKING,330,38.147773,59.097171,0.062433,0.084891,4.924349,2.000000,2.000000,5.000000,2.725350,0
1784304143.372320,CONST330,TRACKING,330,23.735921,30.853649,0.057790,0.092572,4.907744,2.000000,2.000000,5.000000,2.723779,0
1784304143.422316,CONST330,TRACKING,330,22.597104,43.551469,0.055828,0.099890,4.895868,2.000000,2.000000,5.000000,2.720490,0
1784304143.472309,CONST330,TRACKING,330,22.334485,29.418824,0.052736,0.113131,4.876776,2.000000,2.000000,5.000000,2.714277,0
1784304143.522321,CONST330,TRACKING,330,26.730885,47.794814,0.051489,0.121164,4.869314,2.000000,2.000000,5.000000,2.709945,0
1784304143.572362,CONST330,TRACKING,330,30.900311,38.001969,0.051444,0.137254,4.866605,2.000000,2.000000,5.000000,2.698979,0
1784304143.622381,CONST330,TRACKING,330,24.558793,43.496155,0.052826,0.144622,4.868840,2.000000,2.000000,5.000000,2.692790,0
1784304143.672347,CONST330,TRACKING,330,24.410731,31.461474,0.058573,0.154999,4.873440,2.000000,2.000000,5.000000,2.681265,0
1784304143.722372,CONST330,TRACKING,330,23.298220,44.051040,0.063393,0.159336,4.877161,2.000000,2.000000,5.000000,2.674618,0
1784304143.772364,CONST330,TRACKING,330,25.193242,32.201799,0.073074,0.164100,4.885940,2.000000,2.000000,5.000000,2.663942,0
1784304143.822378,CONST330,TRACKING,330,26.749370,47.800197,0.078769,0.165492,4.889149,2.000000,2.000000,5.000000,2.658728,0
1784304143.872364,CONST330,TRACKING,330,24.552626,31.489483,0.090112,0.167614,4.898791,2.000000,2.000000,5.000000,2.648689,0
1784304143.922372,CONST330,TRACKING,330,27.258494,48.241326,0.098709,0.169580,4.904648,2.000000,2.000000,5.000000,2.640916,0
1784304143.972353,CONST330,TRACKING,330,24.278781,31.286600,0.112642,0.172602,4.913585,2.000000,2.000000,5.000000,2.628492,0
1784304144.022377,CONST330,TRACKING,330,22.545807,43.279136,0.119780,0.174312,4.916707,2.000000,2.000000,5.000000,2.622079,0
1784304144.072350,CONST330,TRACKING,330,29.590352,36.540463,0.135566,0.180051,4.919814,2.000000,2.000000,5.000000,2.606676,0
1784304144.122360,CONST330,TRACKING,330,24.049146,44.353070,0.145148,0.183008,4.923424,2.000000,2.000000,5.000000,2.597653,0
1784304144.172423,CONST330,TRACKING,330,24.435028,31.752896,0.160168,0.188936,4.927849,2.000000,2.000000,5.000000,2.582662,0
1784304144.222375,CONST330,TRACKING,330,26.559272,47.496567,0.167725,0.191928,4.928921,2.000000,2.000000,5.000000,2.575152,0
1784304144.272354,CONST330,TRACKING,330,23.214369,30.211908,0.181768,0.197813,4.936158,2.000000,2.000000,5.000000,2.560844,0
1784304144.322336,CONST330,TRACKING,330,25.636966,46.718737,0.188775,0.201862,4.942514,2.000000,2.000000,5.000000,2.552869,0
1784304144.372354,CONST330,TRACKING,330,24.160348,31.199236,0.199659,0.206801,4.952402,2.000000,2.000000,5.000000,2.541467,0
1784304144.422373,CONST330,TRACKING,330,26.232643,47.172191,0.204359,0.210220,4.955770,2.000000,2.000000,5.000000,2.535665,0
1784304144.472360,CONST330,TRACKING,330,22.556017,29.540188,0.213058,0.215839,4.963068,2.000000,2.000000,5.000000,2.525423,0
1784304144.522361,CONST330,TRACKING,330,25.807672,46.743546,0.217812,0.218066,4.967537,2.000000,2.000000,5.000000,2.520424,0
1784304144.572357,CONST330,TRACKING,330,20.702062,27.739562,0.223712,0.217795,4.975220,2.000000,2.000000,5.000000,2.516360,0
1784304144.622356,CONST330,TRACKING,330,21.397623,42.220775,0.226396,0.217662,4.979986,2.000000,2.000000,5.000000,2.514518,0
1784304144.672348,CONST330,TRACKING,330,23.414755,30.350719,0.228301,0.220575,4.986948,2.000000,2.000000,5.000000,2.511063,0
1784304144.722347,CONST330,TRACKING,330,25.674704,46.611757,0.228376,0.223040,4.991084,2.000000,2.000000,5.000000,2.509246,0
1784304144.772342,CONST330,TRACKING,330,24.532155,31.607710,0.227558,0.225262,4.998145,2.000000,2.000000,5.000000,2.508236,0
1784304144.822367,CONST330,TRACKING,330,32.059148,53.038069,0.226478,0.225455,4.999483,2.000000,2.000000,5.000000,2.508863,0
1784304144.872374,CONST330,TRACKING,330,34.325744,41.340627,0.224625,0.225771,5.002141,2.000000,2.000000,5.000000,2.509950,0
1784304144.922355,CONST330,TRACKING,330,21.707339,37.233392,0.221611,0.224671,5.003488,2.000000,2.000000,5.000000,2.512861,0
1784304144.972362,CONST330,TRACKING,330,27.536665,34.615012,0.217091,0.222247,5.002681,2.000000,2.000000,5.000000,2.517773,0
1784304145.022396,CONST330,TRACKING,330,30.211881,51.277823,0.214961,0.220967,5.001098,2.000000,2.000000,5.000000,2.520183,0
1784304145.072345,CONST330,TRACKING,330,26.728034,33.714509,0.210104,0.219137,4.998782,2.000000,2.000000,5.000000,2.524917,0
1784304145.122364,CONST330,TRACKING,330,22.995567,43.964235,0.206964,0.217110,4.996948,2.000000,2.000000,5.000000,2.528574,0
1784304145.172372,CONST330,TRACKING,330,32.753543,39.871293,0.198425,0.208166,4.992631,2.000000,2.000000,5.000000,2.540944,0
1784304145.222371,CONST330,TRACKING,330,25.577775,42.724558,0.193859,0.202898,4.990006,2.000000,2.000000,5.000000,2.547905,0
1784304145.272348,CONST330,TRACKING,330,30.243540,37.336057,0.185101,0.192233,4.983125,2.000000,2.000000,5.000000,2.561672,0
1784304145.322373,CONST330,TRACKING,330,30.184787,49.842948,0.179556,0.184842,4.975253,2.000000,2.000000,5.000000,2.570881,0
1784304145.372365,CONST330,TRACKING,330,21.221864,28.236966,0.170957,0.173288,4.966610,2.000000,2.000000,5.000000,2.585225,0
1784304145.422361,CONST330,TRACKING,330,22.065009,43.226760,0.167138,0.167732,4.960977,2.000000,2.000000,5.000000,2.591932,0
1784304145.472384,CONST330,TRACKING,330,21.738643,28.897456,0.160111,0.157258,4.952107,2.000000,2.000000,5.000000,2.604455,0
1784304145.522389,CONST330,TRACKING,330,21.307851,42.535328,0.155847,0.151666,4.948744,2.000000,2.000000,5.000000,2.611487,0
1784304145.572384,CONST330,TRACKING,330,27.627050,34.800862,0.147859,0.144608,4.942297,2.000000,2.000000,5.000000,2.622258,0
1784304145.622372,CONST330,TRACKING,330,30.544545,51.191980,0.144751,0.141871,4.941758,2.000000,2.000000,5.000000,2.626402,0
1784304145.672373,CONST330,TRACKING,330,32.260974,39.474570,0.139903,0.139487,4.942942,2.000000,2.000000,5.000000,2.631487,0
1784304145.722382,CONST330,TRACKING,330,22.949832,40.547238,0.137690,0.139229,4.942783,2.000000,2.000000,5.000000,2.633238,0
1784304145.772354,CONST330,TRACKING,330,29.599524,36.369382,0.135390,0.141424,4.938914,2.000000,2.000000,5.000000,2.633402,0
1784304145.822354,CONST330,TRACKING,330,25.246145,45.514705,0.134645,0.143942,4.936803,2.000000,2.000000,5.000000,2.632204,0
1784304145.872366,CONST330,TRACKING,330,33.166095,40.215759,0.134025,0.148294,4.936578,2.000000,2.000000,5.000000,2.629582,0
1784304145.922380,CONST330,TRACKING,330,21.362588,38.077724,0.131274,0.153099,4.934313,2.000000,2.000000,5.000000,2.628211,0
1784304145.972352,CONST330,TRACKING,330,31.091005,37.968695,0.127119,0.161109,4.933179,2.000000,2.000000,5.000000,2.625579,0
1784304146.022366,CONST330,TRACKING,330,23.443003,42.213154,0.125835,0.165452,4.932957,2.000000,2.000000,5.000000,2.623462,0
1784304146.072313,CONST330,TRACKING,330,24.306294,31.216234,0.125929,0.176523,4.933297,2.000000,2.000000,5.000000,2.615657,0
1784304146.122377,CONST330,TRACKING,330,22.457854,43.386784,0.126038,0.182616,4.934793,2.000000,2.000000,5.000000,2.611297,0
1784304146.172359,CONST330,TRACKING,330,25.517478,32.437999,0.126592,0.191097,4.934227,2.000000,2.000000,5.000000,2.605017,0
1784304146.222389,CONST330,TRACKING,330,33.073973,53.946759,0.127135,0.195089,4.936107,2.000000,2.000000,5.000000,2.601809,0
1784304146.272372,CONST330,TRACKING,330,29.506408,36.471672,0.129518,0.203105,4.940488,2.000000,2.000000,5.000000,2.594432,0
1784304146.322378,CONST330,TRACKING,330,27.558124,47.907228,0.132291,0.208235,4.944030,2.000000,2.000000,5.000000,2.588801,0
1784304146.372367,CONST330,TRACKING,330,24.023595,30.943629,0.136845,0.215345,4.949371,2.000000,2.000000,5.000000,2.580486,0
1784304146.422390,CONST330,TRACKING,330,31.588112,52.529697,0.136916,0.218979,4.950966,2.000000,2.000000,5.000000,2.577891,0
1784304146.472355,CONST330,TRACKING,330,24.749644,31.648921,0.137228,0.224887,4.954465,2.000000,2.000000,5.000000,2.573523,0
1784304146.522364,CONST330,TRACKING,330,24.530688,45.351300,0.137266,0.228654,4.957262,2.000000,2.000000,5.000000,2.570850,0
1784304146.572326,CONST330,TRACKING,330,27.598065,34.504162,0.136210,0.238346,4.958230,2.000000,2.000000,5.000000,2.564933,0
1784304146.622371,CONST330,TRACKING,330,23.774653,44.825796,0.135870,0.242220,4.959774,2.000000,2.000000,5.000000,2.562496,0
1784304146.672366,CONST330,TRACKING,330,29.365512,36.254554,0.134874,0.249571,4.958089,2.000000,2.000000,5.000000,2.558213,0
1784304146.722376,CONST330,TRACKING,330,21.083651,41.582056,0.134470,0.253392,4.958547,2.000000,2.000000,5.000000,2.555887,0
1784304146.772353,CONST330,TRACKING,330,26.195383,33.124192,0.134525,0.257006,4.960770,2.000000,2.000000,5.000000,2.553344,0
1784304146.822364,CONST330,TRACKING,330,28.719647,49.686525,0.134887,0.257618,4.961484,2.000000,2.000000,5.000000,2.552650,0
1784304146.872317,CONST330,TRACKING,330,31.836830,38.709148,0.137242,0.258198,4.965137,2.000000,2.000000,5.000000,2.550482,0
1784304146.922338,CONST330,TRACKING,330,22.141493,40.186654,0.141104,0.258716,4.965384,2.000000,2.000000,5.000000,2.547305,0
1784304146.972340,CONST330,TRACKING,330,27.896924,35.008530,0.148273,0.258652,4.966569,2.000000,2.000000,5.000000,2.542106,0
1784304147.022375,CONST330,TRACKING,330,22.646185,43.755436,0.151893,0.258630,4.966886,2.000000,2.000000,5.000000,2.539481,0
1784304147.072350,CONST330,TRACKING,330,26.431860,33.303999,0.159514,0.261228,4.965842,2.000000,2.000000,5.000000,2.532169,0
1784304147.122375,CONST330,TRACKING,330,37.118506,58.176577,0.164047,0.261958,4.965800,2.000000,2.000000,5.000000,2.528376,0
1784304147.172369,CONST330,TRACKING,330,32.899360,40.065187,0.170851,0.263598,4.965906,2.000000,2.000000,5.000000,2.522309,0
1784304147.222376,CONST330,TRACKING,330,20.095067,37.088105,0.174181,0.264328,4.966962,2.000000,2.000000,5.000000,2.519378,0
1784304147.272350,CONST330,TRACKING,330,26.779708,33.683195,0.180032,0.264646,4.966760,2.000000,2.000000,5.000000,2.514924,0
1784304147.322362,CONST330,TRACKING,330,26.043523,47.104936,0.182668,0.263815,4.966200,2.000000,2.000000,5.000000,2.513599,0
1784304147.372344,CONST330,TRACKING,330,25.825082,32.735532,0.186272,0.261016,4.969331,2.000000,2.000000,5.000000,2.512890,0
1784304147.422389,CONST330,TRACKING,330,35.726126,56.755729,0.187659,0.258754,4.969581,2.000000,2.000000,5.000000,2.513452,0
1784304147.472350,CONST330,TRACKING,330,21.643878,28.743581,0.190036,0.253184,4.969215,2.000000,2.000000,5.000000,2.515608,0
1784304147.522376,CONST330,TRACKING,330,30.231561,51.193282,0.191404,0.249769,4.967766,2.000000,2.000000,5.000000,2.517015,0
1784304147.572358,CONST330,TRACKING,330,29.558683,36.553058,0.193735,0.245638,4.961403,2.000000,2.000000,5.000000,2.518307,0
1784304147.622380,CONST330,TRACKING,330,19.840743,40.165174,0.194580,0.242949,4.960327,2.000000,2.000000,5.000000,2.519592,0
1784304147.672367,CONST330,TRACKING,330,26.655220,33.682987,0.195122,0.237398,4.956618,2.000000,2.000000,5.000000,2.523139,0
1784304147.722372,CONST330,TRACKING,330,23.653786,44.672254,0.194964,0.233585,4.951781,2.000000,2.000000,5.000000,2.526005,0
1784304147.772362,CONST330,TRACKING,330,29.653129,36.861014,0.192740,0.224927,4.945683,2.000000,2.000000,5.000000,2.533777,0
1784304147.822372,CONST330,TRACKING,330,32.870123,53.085858,0.190285,0.219096,4.944330,2.000000,2.000000,5.000000,2.539643,0
1784304147.872361,CONST330,TRACKING,330,34.018488,40.923779,0.185806,0.207380,4.941855,2.000000,2.000000,5.000000,2.551111,0
1784304147.922361,CONST330,TRACKING,330,33.594958,49.467238,0.184166,0.201382,4.941109,2.000000,2.000000,5.000000,2.556511,0
1784304147.972356,CONST330,TRACKING,330,35.743798,42.770491,0.182033,0.191914,4.943600,2.000000,2.000000,5.000000,2.564637,0
1784304148.022379,CONST330,TRACKING,330,20.585493,34.747361,0.181215,0.186474,4.944507,2.000000,2.000000,5.000000,2.569033,0
1784304148.072349,CONST330,TRACKING,330,39.822428,46.938994,0.181129,0.172898,4.943537,2.000000,2.000000,5.000000,2.578717,0
1784304148.122365,CONST330,TRACKING,330,20.992998,30.864177,0.180025,0.164348,4.945512,2.000000,2.000000,5.000000,2.585517,0
1784304148.172350,CONST330,TRACKING,330,25.750670,32.775473,0.172116,0.148313,4.952110,2.000000,2.000000,5.000000,2.602345,0
1784304148.222355,CONST330,TRACKING,330,37.858024,58.764497,0.167511,0.140404,4.956865,2.000000,2.000000,5.000000,2.611125,0
1784304148.272342,CONST330,TRACKING,330,22.243515,29.274772,0.158914,0.126039,4.969573,2.000000,2.000000,5.000000,2.627214,0
1784304148.322355,CONST330,TRACKING,330,25.448140,46.601708,0.153107,0.117450,4.976636,2.000000,2.000000,5.000000,2.637338,0
1784304148.372359,CONST330,TRACKING,330,27.753287,34.730438,0.145284,0.105335,4.984603,2.000000,2.000000,5.000000,2.651408,0
1784304148.422368,CONST330,TRACKING,330,25.748922,46.932742,0.144863,0.100672,4.983807,2.000000,2.000000,5.000000,2.655041,0
1784304148.472362,CONST330,TRACKING,330,27.225578,34.122742,0.144248,0.092246,4.981427,2.000000,2.000000,5.000000,2.661519,0
1784304148.522394,CONST330,TRACKING,330,41.474447,62.627691,0.143886,0.087979,4.981596,2.000000,2.000000,5.000000,2.664830,0
1784304148.572338,CONST330,TRACKING,330,29.365744,36.454330,0.142497,0.084893,4.983312,2.000000,2.000000,5.000000,2.668001,0
1784304148.622394,CONST330,TRACKING,330,35.207840,55.760176,0.142077,0.083609,4.984279,2.000000,2.000000,5.000000,2.669210,0
1784304148.672361,CONST330,TRACKING,330,28.724585,35.773348,0.140893,0.082117,4.983273,2.000000,2.000000,5.000000,2.671111,0
1784304148.722348,CONST330,TRACKING,330,33.487193,54.270947,0.139608,0.081345,4.981869,2.000000,2.000000,5.000000,2.672569,0
1784304148.772375,CONST330,TRACKING,330,24.096542,31.189838,0.137048,0.079906,4.979617,2.000000,2.000000,5.000000,2.675401,0
1784304148.822358,CONST330,TRACKING,330,33.416487,54.276649,0.135775,0.079298,4.977782,2.000000,2.000000,5.000000,2.676737,0
1784304148.872385,CONST330,TRACKING,330,38.695638,45.702160,0.132708,0.078365,4.974803,2.000000,2.000000,5.000000,2.679570,0
1784304148.922320,CONST330,TRACKING,330,22.374030,33.482865,0.126952,0.075343,4.974316,2.000000,2.000000,5.000000,2.685754,0
1784304148.972353,CONST330,TRACKING,330,32.840048,40.006220,0.116640,0.071122,4.975007,2.000000,2.000000,5.000000,2.695968,0
1784304149.022377,CONST330,TRACKING,330,22.733315,39.789957,0.111081,0.069908,4.976382,2.000000,2.000000,5.000000,2.700709,0
1784304149.072344,CONST330,TRACKING,330,26.512987,33.306818,0.097900,0.069380,4.977309,2.000000,2.000000,5.000000,2.710312,0
1784304149.122354,CONST330,TRACKING,330,30.686546,51.728329,0.091575,0.070235,4.977550,2.000000,2.000000,5.000000,2.714145,0
1784304149.172384,CONST330,TRACKING,330,36.125812,43.098465,0.083932,0.073115,4.977154,2.000000,2.000000,5.000000,2.717485,0
1784304149.222371,CONST330,TRACKING,330,26.662841,40.416787,0.081444,0.075204,4.976700,2.000000,2.000000,5.000000,2.717764,0
1784304149.272357,CONST330,TRACKING,330,30.767304,37.775694,0.079384,0.082273,4.973722,2.000000,2.000000,5.000000,2.714246,0
1784304149.322371,CONST330,TRACKING,330,37.920081,57.052623,0.080299,0.090951,4.968999,2.000000,2.000000,5.000000,2.707524,0
1784304149.372368,CONST330,TRACKING,330,27.530869,34.500465,0.082859,0.104558,4.962106,2.000000,2.000000,5.000000,2.696213,0
1784304149.422375,CONST330,TRACKING,330,46.140224,67.212566,0.084803,0.110383,4.959577,2.000000,2.000000,5.000000,2.690774,0
1784304149.472356,CONST330,TRACKING,330,30.062829,33.677383,0.089145,0.121991,4.960262,2.000000,2.000000,5.000000,2.679526,0
1784304149.522375,CONST330,TRACKING,330,26.369402,46.229394,0.092251,0.128472,4.960537,2.000000,2.000000,5.000000,2.672767,0
1784304149.572352,CONST330,TRACKING,330,34.646657,41.781731,0.097801,0.133803,4.955550,2.000000,2.000000,5.000000,2.665150,0
1784304149.622331,CONST330,TRACKING,330,27.226967,42.347782,0.100989,0.136686,4.953549,2.000000,2.000000,5.000000,2.660891,0
1784304149.672347,CONST330,TRACKING,330,22.661187,29.662945,0.106370,0.146680,4.952049,2.000000,2.000000,5.000000,2.650081,0
1784304149.722390,CONST330,TRACKING,330,28.665270,49.482193,0.109901,0.154013,4.952810,2.000000,2.000000,5.000000,2.642417,0
1784304149.772359,CONST330,TRACKING,330,26.145956,33.033647,0.117462,0.165274,4.951654,2.000000,2.000000,5.000000,2.629165,0
1784304149.822336,CONST330,TRACKING,330,30.636793,51.643005,0.122295,0.170838,4.951350,2.000000,2.000000,5.000000,2.621827,0
1784304149.872356,CONST330,TRACKING,330,34.398155,41.536410,0.132377,0.181145,4.954170,2.000000,2.000000,5.000000,2.607364,0
1784304149.922392,CONST330,TRACKING,330,37.215824,52.663624,0.139073,0.187738,4.958807,2.000000,2.000000,5.000000,2.597891,0
1784304149.972359,CONST330,TRACKING,330,39.408899,46.409645,0.149671,0.197950,4.964898,2.000000,2.000000,5.000000,2.583086,0
1784304150.022363,CONST330,TRACKING,330,19.836959,30.289746,0.154924,0.202309,4.966310,2.000000,2.000000,5.000000,2.576264,0
1784304150.072368,CONST330,TRACKING,330,38.353184,45.263506,0.166170,0.208074,4.961257,2.000000,2.000000,5.000000,2.564261,0
1784304150.122377,CONST330,TRACKING,330,24.935888,36.420438,0.172356,0.211181,4.959502,2.000000,2.000000,5.000000,2.557693,0
1784304150.172349,CONST330,TRACKING,330,46.169079,53.345428,0.175945,0.215056,4.954924,2.000000,2.000000,5.000000,2.552495,0
1784304150.222433,CONST330,TRACKING,330,23.083853,26.810969,0.177004,0.216777,4.953527,2.000000,2.000000,5.000000,2.550561,0
1784304150.272372,CONST330,TRACKING,330,37.667919,44.389947,0.178770,0.220070,4.949467,2.000000,2.000000,5.000000,2.547073,0
1784304150.322377,CONST330,TRACKING,330,34.555544,46.739665,0.178809,0.222090,4.945674,2.000000,2.000000,5.000000,2.545712,0
1784304150.372355,CONST330,TRACKING,330,24.413026,31.282913,0.179604,0.224713,4.940932,2.000000,2.000000,5.000000,2.543418,0
1784304150.422374,CONST330,TRACKING,330,35.659251,56.592250,0.177559,0.224786,4.935543,2.000000,2.000000,5.000000,2.544962,0
1784304150.472367,CONST330,TRACKING,330,28.897312,35.887907,0.175164,0.225044,4.928960,2.000000,2.000000,5.000000,2.546673,0
1784304150.522381,CONST330,TRACKING,330,37.638989,58.594841,0.174846,0.225010,4.925797,2.000000,2.000000,5.000000,2.547015,0
1784304150.572348,CONST330,TRACKING,330,37.563562,44.492863,0.176143,0.222276,4.916711,2.000000,2.000000,5.000000,2.548273,0
1784304150.622322,CONST330,TRACKING,330,22.382368,34.568039,0.177278,0.220805,4.914585,2.000000,2.000000,5.000000,2.548558,0
1784304150.672360,CONST330,TRACKING,330,31.681214,38.584238,0.180359,0.217715,4.910648,2.000000,2.000000,5.000000,2.548650,0
1784304150.722433,CONST330,TRACKING,330,21.732220,39.982077,0.182009,0.215106,4.908245,2.000000,2.000000,5.000000,2.549384,0
1784304150.772354,CONST330,TRACKING,330,37.072875,44.056704,0.183436,0.208048,4.909551,2.000000,2.000000,5.000000,2.553268,0
1784304150.822420,CONST330,TRACKING,330,19.836646,32.726669,0.183824,0.202986,4.912016,2.000000,2.000000,5.000000,2.556462,0
1784304150.872358,CONST330,TRACKING,330,26.274468,33.341665,0.185179,0.194045,4.921947,2.000000,2.000000,5.000000,2.561473,0
1784304150.922374,CONST330,TRACKING,330,25.621843,46.743612,0.186848,0.184547,4.927882,2.000000,2.000000,5.000000,2.566825,0
1784304150.972359,CONST330,TRACKING,330,20.473631,27.528159,0.189615,0.168973,4.933903,2.000000,2.000000,5.000000,2.575757,0
1784304151.022355,CONST330,TRACKING,330,28.261436,49.309716,0.191388,0.162080,4.934217,2.000000,2.000000,5.000000,2.579409,0
1784304151.072351,CONST330,TRACKING,330,22.790481,29.845540,0.197192,0.150929,4.934272,2.000000,2.000000,5.000000,2.583312,0
1784304151.122374,CONST330,TRACKING,330,25.359962,46.314731,0.200791,0.144426,4.935425,2.000000,2.000000,5.000000,2.585436,0
1784304151.172358,CONST330,TRACKING,330,26.097707,33.147188,0.207391,0.132433,4.936292,2.000000,2.000000,5.000000,2.589462,0
1784304151.222381,CONST330,TRACKING,330,22.199436,43.368224,0.210770,0.127047,4.938514,2.000000,2.000000,5.000000,2.590961,0
1784304151.272352,CONST330,TRACKING,330,19.892290,26.970912,0.216429,0.117235,4.941191,2.000000,2.000000,5.000000,2.594106,0
1784304151.322366,CONST330,TRACKING,330,24.250976,45.350030,0.218381,0.110668,4.941482,2.000000,2.000000,5.000000,2.597531,0
1784304151.372364,CONST330,TRACKING,330,27.541837,34.696476,0.221125,0.102083,4.946613,2.000000,2.000000,5.000000,2.601795,0
1784304151.422375,CONST330,TRACKING,330,27.656025,48.763737,0.221491,0.098227,4.947870,2.000000,2.000000,5.000000,2.604333,0
1784304151.472367,CONST330,TRACKING,330,25.426604,32.601649,0.222366,0.092315,4.948555,2.000000,2.000000,5.000000,2.608043,0
1784304151.522374,CONST330,TRACKING,330,28.183669,49.332291,0.222959,0.088928,4.949457,2.000000,2.000000,5.000000,2.610101,0
1784304151.572346,CONST330,TRACKING,330,35.123076,42.312126,0.223894,0.081191,4.945393,2.000000,2.000000,5.000000,2.615218,0
1784304151.622376,CONST330,TRACKING,330,20.389185,35.080328,0.223987,0.078165,4.944151,2.000000,2.000000,5.000000,2.617402,0
1784304151.672374,CONST330,TRACKING,330,34.749518,41.964426,0.223527,0.074791,4.936144,2.000000,2.000000,5.000000,2.620375,0
1784304151.722364,CONST330,TRACKING,330,24.584184,39.671562,0.222929,0.074018,4.929448,2.000000,2.000000,5.000000,2.621520,0
1784304151.772381,CONST330,TRACKING,330,22.340285,29.498640,0.219060,0.072212,4.923587,2.000000,2.000000,5.000000,2.625634,0
1784304151.822322,CONST330,TRACKING,330,25.322428,45.978013,0.214989,0.070310,4.920825,2.000000,2.000000,5.000000,2.629874,0
1784304151.872396,CONST330,TRACKING,330,31.693550,38.917387,0.206491,0.067396,4.916960,2.000000,2.000000,5.000000,2.637902,0
1784304151.922357,CONST330,TRACKING,330,28.938231,47.055984,0.201644,0.066337,4.911303,2.000000,2.000000,5.000000,2.642158,0
1784304151.972329,CONST330,TRACKING,330,25.219752,32.315554,0.193275,0.065897,4.903003,2.000000,2.000000,5.000000,2.648475,0
1784304152.022378,CONST330,TRACKING,330,23.063991,44.027341,0.187975,0.066049,4.898360,2.000000,2.000000,5.000000,2.652156,0
1784304152.072374,CONST330,TRACKING,330,22.517866,29.718661,0.172261,0.066416,4.888248,2.000000,2.000000,5.000000,2.663055,0
1784304152.122369,CONST330,TRACKING,330,24.471423,45.393939,0.163227,0.068184,4.887545,2.000000,2.000000,5.000000,2.668014,0
1784304152.172353,CONST330,TRACKING,330,32.368547,39.474304,0.149265,0.074327,4.891079,2.000000,2.000000,5.000000,2.673069,0
1784304152.222379,CONST330,TRACKING,330,21.652079,39.116424,0.143150,0.078395,4.893203,2.000000,2.000000,5.000000,2.674297,0
