epoch_sec,mode,phase,N,mppi_call_ms,state_to_command_latency_ms,pos_x,pos_y,pos_z,target_x,target_y,target_z,pos_error_m,deadline_miss
1784329828.806200,FIXED400,TAKEOFF,0,0.000000,12.522640,-0.059746,0.133222,1.319922,-0.059746,0.133222,1.335279,0.015357,0
1784329828.831187,FIXED400,TAKEOFF,0,0.000000,6.141611,-0.058251,0.132495,1.319118,-0.059746,0.133222,1.365931,0.046842,0
1784329828.856194,FIXED400,TAKEOFF,0,0.000000,31.148404,-0.058251,0.132495,1.319118,-0.059746,0.133222,1.396607,0.077506,0
1784329828.881162,FIXED400,TAKEOFF,0,0.000000,24.092277,-0.056818,0.131861,1.318577,-0.059746,0.133222,1.427234,0.108706,0
1784329828.906150,FIXED400,TAKEOFF,0,0.000000,13.368559,-0.054651,0.132791,1.319325,-0.059746,0.133222,1.457887,0.138656,0
1784329828.931179,FIXED400,TAKEOFF,0,0.000000,6.241573,-0.052623,0.133700,1.320203,-0.059746,0.133222,1.488591,0.168539,0
1784329828.956187,FIXED400,TAKEOFF,0,0.000000,31.245918,-0.052623,0.133700,1.320203,-0.059746,0.133222,1.519268,0.199192,0
1784329828.981151,FIXED400,TAKEOFF,0,0.000000,24.084166,-0.050697,0.134591,1.321225,-0.059746,0.133222,1.549891,0.228849,0
1784329829.006183,FIXED400,TAKEOFF,0,0.000000,13.271912,-0.048476,0.134703,1.321605,-0.059746,0.133222,1.580596,0.259241,0
1784329829.031172,FIXED400,TAKEOFF,0,0.000000,6.303180,-0.046846,0.133710,1.320929,-0.059746,0.133222,1.611252,0.290610,0
1784329829.056188,FIXED400,TAKEOFF,0,0.000000,31.317885,-0.046846,0.133710,1.320929,-0.059746,0.133222,1.641937,0.321268,0
1784329829.081165,FIXED400,TAKEOFF,0,0.000000,24.052231,-0.045256,0.132855,1.320565,-0.059746,0.133222,1.672578,0.352311,0
1784329829.106177,FIXED400,TAKEOFF,0,0.000000,13.318156,-0.043698,0.132112,1.320459,-0.059746,0.133222,1.703258,0.383137,0
1784329829.131145,FIXED400,TAKEOFF,0,0.000000,6.329984,-0.042594,0.131249,1.320637,-0.059746,0.133222,1.733886,0.413609,0
1784329829.156180,FIXED400,TAKEOFF,0,0.000000,31.365299,-0.042594,0.131249,1.320637,-0.059746,0.133222,1.764596,0.444295,0
1784329829.181158,FIXED400,TAKEOFF,0,0.000000,24.039439,-0.041895,0.130262,1.321076,-0.059746,0.133222,1.795237,0.474506,0
1784329829.206185,FIXED400,TAKEOFF,0,0.000000,13.285204,-0.040998,0.129137,1.321840,-0.059746,0.133222,1.825938,0.504463,0
1784329829.231181,FIXED400,TAKEOFF,0,0.000000,6.227511,-0.040273,0.128316,1.322601,-0.059746,0.133222,1.856601,0.534377,0
1784329829.256194,FIXED400,TAKEOFF,0,0.000000,31.241470,-0.040273,0.128316,1.322601,-0.059746,0.133222,1.887284,0.565040,0
1784329829.281153,FIXED400,TAKEOFF,0,0.000000,24.218835,-0.040444,0.129313,1.319660,-0.059746,0.133222,1.917901,0.598565,0
1784329829.306179,FIXED400,TAKEOFF,0,0.000000,13.377318,-0.040818,0.130772,1.315918,-0.059746,0.133222,1.948600,0.632970,0
1784329829.331178,FIXED400,TAKEOFF,0,0.000000,6.358025,-0.041102,0.132102,1.312648,-0.059746,0.133222,1.979266,0.666880,0
1784329829.356182,FIXED400,TAKEOFF,0,0.000000,31.361802,-0.041102,0.132102,1.312648,-0.059746,0.133222,2.009937,0.697539,0
1784329829.381160,FIXED400,TAKEOFF,0,0.000000,24.236106,-0.041325,0.133310,1.309813,-0.059746,0.133222,2.040579,0.730998,0
1784329829.406153,FIXED400,TAKEOFF,0,0.000000,13.234367,-0.042810,0.136385,1.309758,-0.059746,0.133222,2.071238,0.761674,0
1784329829.431182,FIXED400,TAKEOFF,0,0.000000,6.130777,-0.043795,0.138640,1.309917,-0.059746,0.133222,2.101939,0.792201,0
1784329829.456195,FIXED400,TAKEOFF,0,0.000000,31.144940,-0.043795,0.138640,1.309917,-0.059746,0.133222,2.132624,0.822879,0
1784329829.481153,FIXED400,TAKEOFF,0,0.000000,24.151576,-0.044621,0.140735,1.310260,-0.059746,0.133222,2.163238,0.853145,0
1784329829.506187,FIXED400,TAKEOFF,0,0.000000,13.339610,-0.045706,0.143617,1.309899,-0.059746,0.133222,2.193948,0.884221,0
1784329829.531179,FIXED400,TAKEOFF,0,0.000000,6.301599,-0.047982,0.148963,1.307300,-0.059746,0.133222,2.224606,0.917516,0
1784329829.556190,FIXED400,TAKEOFF,0,0.000000,31.311958,-0.047982,0.148963,1.307300,-0.059746,0.133222,2.255286,0.948190,0
1784329829.581149,FIXED400,TAKEOFF,0,0.000000,24.239072,-0.049956,0.153857,1.305116,-0.059746,0.133222,2.285903,0.981054,0
1784329829.606179,FIXED400,TAKEOFF,0,0.000000,13.305271,-0.052055,0.159422,1.302886,-0.059746,0.133222,2.316608,1.014089,0
1784329829.631173,FIXED400,TAKEOFF,0,0.000000,6.332048,-0.052826,0.161466,1.298923,-0.059746,0.133222,2.347267,1.048747,0
1784329829.656194,FIXED400,TAKEOFF,0,0.000000,31.353510,-0.052826,0.161466,1.298923,-0.059746,0.133222,2.377960,1.079429,0
1784329829.681170,FIXED400,TAKEOFF,0,0.000000,24.140268,-0.053208,0.162718,1.294645,-0.059746,0.133222,2.408598,1.114363,0
1784329829.706191,FIXED400,TAKEOFF,0,0.000000,13.167091,-0.053451,0.163867,1.290874,-0.059746,0.133222,2.439292,1.148844,0
1784329829.731160,FIXED400,TAKEOFF,0,0.000000,6.369097,-0.053561,0.164904,1.287557,-0.059746,0.133222,2.469920,1.182804,0
1784329829.756180,FIXED400,TAKEOFF,0,0.000000,31.388826,-0.053561,0.164904,1.287557,-0.059746,0.133222,2.500613,1.213485,0
1784329829.781168,FIXED400,TAKEOFF,0,0.000000,24.078637,-0.055538,0.166148,1.283253,-0.059746,0.133222,2.531266,1.248454,0
1784329829.806173,FIXED400,TAKEOFF,0,0.000000,13.198642,-0.058416,0.167624,1.278029,-0.059746,0.133222,2.561940,1.284372,0
1784329829.831190,FIXED400,TAKEOFF,0,0.000000,6.178703,-0.060415,0.168674,1.274403,-0.059746,0.133222,2.592627,1.318701,0
1784329829.856199,FIXED400,TAKEOFF,0,0.000000,31.186579,-0.060415,0.168674,1.274403,-0.059746,0.133222,2.623305,1.349368,0
1784329829.881154,FIXED400,TAKEOFF,0,0.000000,24.048597,-0.062178,0.169629,1.271224,-0.059746,0.133222,2.653918,1.383175,0
1784329829.906184,FIXED400,TAKEOFF,0,0.000000,13.345583,-0.064054,0.168125,1.270476,-0.059746,0.133222,2.684622,1.414583,0
1784329829.931180,FIXED400,TAKEOFF,0,0.000000,6.345591,-0.065704,0.166731,1.269908,-0.059746,0.133222,2.715283,1.445776,0
1784329829.956188,FIXED400,TAKEOFF,0,0.000000,31.355952,-0.065704,0.166731,1.269908,-0.059746,0.133222,2.745961,1.476446,0
1784329829.981173,FIXED400,TAKEOFF,0,0.000000,24.128272,-0.067140,0.165449,1.269517,-0.059746,0.133222,2.776610,1.507455,0
1784329830.006184,FIXED400,TAKEOFF,0,0.000000,13.385320,-0.068914,0.163342,1.270704,-0.059746,0.133222,2.807290,1.536909,0
1784329830.031187,FIXED400,TAKEOFF,0,0.000000,6.225018,-0.070399,0.161112,1.273361,-0.059746,0.133222,2.837962,1.564886,0
1784329830.056188,FIXED400,TAKEOFF,0,0.000000,31.224746,-0.070399,0.161112,1.273361,-0.059746,0.133222,2.868630,1.595549,0
1784329830.081156,FIXED400,TAKEOFF,0,0.000000,24.168121,-0.071698,0.159116,1.275933,-0.059746,0.133222,2.899259,1.623577,0
1784329830.106186,FIXED400,TAKEOFF,0,0.000000,13.343759,-0.072789,0.157320,1.278417,-0.059746,0.133222,2.929963,1.651773,0
1784329830.131175,FIXED400,TAKEOFF,0,0.000000,6.260437,-0.072941,0.154992,1.280682,-0.059746,0.133222,2.960616,1.680127,0
1784329830.156182,FIXED400,TAKEOFF,0,0.000000,31.266988,-0.072941,0.154992,1.280682,-0.059746,0.133222,2.991292,1.710800,0
1784329830.181153,FIXED400,TAKEOFF,0,0.000000,24.134299,-0.072307,0.152208,1.282803,-0.059746,0.133222,3.021924,1.739270,0
1784329830.206185,FIXED400,TAKEOFF,0,0.000000,13.358603,-0.071487,0.149237,1.285459,-0.059746,0.133222,3.052630,1.767283,0
1784329830.231187,FIXED400,TAKEOFF,0,0.000000,6.298523,-0.070786,0.147134,1.287578,-0.059746,0.133222,3.083301,1.795810,0
1784329830.256190,FIXED400,TAKEOFF,0,0.000000,31.299528,-0.070786,0.147134,1.287578,-0.059746,0.133222,3.113971,1.826479,0
1784329830.281153,FIXED400,TAKEOFF,0,0.000000,24.131313,-0.069944,0.144160,1.286404,-0.059746,0.133222,3.144593,1.858249,0
1784329830.306188,FIXED400,TAKEOFF,0,0.000000,13.348178,-0.069061,0.141124,1.284464,-0.059746,0.133222,3.175303,1.890879,0
1784329830.331175,FIXED400,TAKEOFF,0,0.000000,6.370656,-0.068127,0.138324,1.282860,-0.059746,0.133222,3.205954,1.923119,0
1784329830.356175,FIXED400,TAKEOFF,0,0.000000,31.371530,-0.068127,0.138324,1.282860,-0.059746,0.133222,3.236622,1.953787,0
1784329830.381185,FIXED400,TAKEOFF,0,0.000000,23.947937,-0.067155,0.135750,1.281559,-0.059746,0.133222,3.267301,1.985758,0
1784329830.406188,FIXED400,TAKEOFF,0,0.000000,13.352113,-0.068467,0.129012,1.277163,-0.059746,0.133222,3.297973,2.020833,0
1784329830.431197,FIXED400,TAKEOFF,0,0.000000,6.266680,-0.069355,0.124126,1.274161,-0.059746,0.133222,3.328651,2.054532,0
1784329830.456189,FIXED400,TAKEOFF,0,0.000000,31.258321,-0.069355,0.124126,1.274161,-0.059746,0.133222,3.359308,2.085188,0
1784329830.481155,FIXED400,TAKEOFF,0,0.000000,24.102119,-0.070061,0.119639,1.271567,-0.059746,0.133222,3.389934,2.118436,0
1784329830.506185,FIXED400,TAKEOFF,0,0.000000,13.306167,-0.070674,0.115961,1.269203,-0.059746,0.133222,3.420643,2.151537,0
1784329830.531182,FIXED400,TAKEOFF,0,0.000000,6.321410,-0.071332,0.113873,1.266800,-0.059746,0.133222,3.451301,2.184618,0
1784329830.556188,FIXED400,TAKEOFF,0,0.000000,31.328585,-0.071332,0.113873,1.266800,-0.059746,0.133222,3.481976,2.215291,0
1784329830.581155,FIXED400,TAKEOFF,0,0.000000,24.145716,-0.071939,0.111938,1.264724,-0.059746,0.133222,3.512603,2.248012,0
1784329830.606186,FIXED400,TAKEOFF,0,0.000000,13.317669,-0.072595,0.109808,1.262540,-0.059746,0.133222,3.543308,2.280924,0
1784329830.631176,FIXED400,TAKEOFF,0,0.000000,6.211193,-0.071597,0.108214,1.261033,-0.059746,0.133222,3.573966,2.313098,0
1784329830.656193,FIXED400,TAKEOFF,0,0.000000,31.223002,-0.071597,0.108214,1.261033,-0.059746,0.133222,3.604652,2.343782,0
1784329830.681160,FIXED400,TAKEOFF,0,0.000000,24.025134,-0.070171,0.106731,1.259722,-0.059746,0.133222,3.635280,2.375729,0
1784329830.706195,FIXED400,TAKEOFF,0,0.000000,13.204289,-0.068769,0.105383,1.258595,-0.059746,0.133222,3.665989,2.407572,0
1784329830.731189,FIXED400,TAKEOFF,0,0.000000,6.337591,-0.067400,0.104200,1.257633,-0.059746,0.133222,3.696649,2.439200,0
1784329830.756198,FIXED400,TAKEOFF,0,0.000000,31.346364,-0.067400,0.104200,1.257633,-0.059746,0.133222,3.727327,2.469876,0
1784329830.781160,FIXED400,TAKEOFF,0,0.000000,24.021952,-0.067648,0.104180,1.258334,-0.059746,0.133222,3.757948,2.499794,0
1784329830.806181,FIXED400,TAKEOFF,0,0.000000,13.398197,-0.068523,0.104645,1.259783,-0.059746,0.133222,3.788642,2.529035,0
1784329830.831185,FIXED400,TAKEOFF,0,0.000000,6.140294,-0.069110,0.105051,1.260883,-0.059746,0.133222,3.819314,2.558602,0
1784329830.856207,FIXED400,TAKEOFF,0,0.000000,31.162987,-0.069110,0.105051,1.260883,-0.059746,0.133222,3.850008,2.589294,0
1784329830.881179,FIXED400,TAKEOFF,0,0.000000,24.041298,-0.069621,0.105511,1.261948,-0.059746,0.133222,3.880642,2.618859,0
1784329830.906159,FIXED400,TAKEOFF,0,0.000000,13.293858,-0.071514,0.106370,1.263659,-0.059746,0.133222,3.911283,2.647786,0
1784329830.931183,FIXED400,TAKEOFF,0,0.000000,6.280268,-0.073288,0.107228,1.265239,-0.059746,0.133222,3.941980,2.676901,0
1784329830.956194,FIXED400,TAKEOFF,0,0.000000,31.292765,-0.073288,0.107228,1.265239,-0.059746,0.133222,3.972661,2.707580,0
1784329830.981157,FIXED400,TAKEOFF,0,0.000000,24.084726,-0.074940,0.108079,1.266711,-0.059746,0.133222,4.003282,2.736729,0
1784329831.006191,FIXED400,TAKEOFF,0,0.000000,13.397038,-0.077888,0.108343,1.265076,-0.059746,0.133222,4.033992,2.769087,0
1784329831.031194,FIXED400,TAKEOFF,0,0.000000,6.141370,-0.081196,0.107661,1.260123,-0.059746,0.133222,4.064664,2.804739,0
1784329831.056206,FIXED400,TAKEOFF,0,0.000000,31.150805,-0.081196,0.107661,1.260123,-0.059746,0.133222,4.095344,2.835418,0
1784329831.081176,FIXED400,TAKEOFF,0,0.000000,24.173812,-0.084319,0.107055,1.255626,-0.059746,0.133222,4.125976,2.870574,0
1784329831.106201,FIXED400,TAKEOFF,0,0.000000,13.293709,-0.087241,0.106567,1.251540,-0.059746,0.133222,4.156673,2.905385,0
1784329831.131198,FIXED400,TAKEOFF,0,0.000000,6.276966,-0.090641,0.106873,1.248600,-0.059746,0.133222,4.187337,2.939018,0
1784329831.156193,FIXED400,TAKEOFF,0,0.000000,31.270900,-0.090641,0.106873,1.248600,-0.059746,0.133222,4.217997,2.969676,0
1784329831.181171,FIXED400,TAKEOFF,0,0.000000,24.112034,-0.094445,0.107894,1.246672,-0.059746,0.133222,4.248639,3.002275,0
1784329831.206191,FIXED400,TAKEOFF,0,0.000000,13.269711,-0.098854,0.109116,1.244523,-0.059746,0.133222,4.279331,3.035155,0
1784329831.231187,FIXED400,TAKEOFF,0,0.000000,6.302446,-0.102119,0.110011,1.243001,-0.059746,0.133222,4.309993,3.067372,0
1784329831.256194,FIXED400,TAKEOFF,0,0.000000,31.307772,-0.102119,0.110011,1.243001,-0.059746,0.133222,4.340667,3.098043,0
1784329831.281161,FIXED400,TAKEOFF,0,0.000000,24.086611,-0.106094,0.111568,1.239604,-0.059746,0.133222,4.371296,3.132109,0
1784329831.306190,FIXED400,TAKEOFF,0,0.000000,13.364141,-0.110180,0.113232,1.235898,-0.059746,0.133222,4.401998,3.166564,0
1784329831.331181,FIXED400,TAKEOFF,0,0.000000,6.315424,-0.114086,0.114763,1.232556,-0.059746,0.133222,4.432654,3.200613,0
1784329831.356194,FIXED400,TAKEOFF,0,0.000000,31.328682,-0.114086,0.114763,1.232556,-0.059746,0.133222,4.463338,3.231292,0
1784329831.381171,FIXED400,TAKEOFF,0,0.000000,24.052002,-0.117785,0.116198,1.229536,-0.059746,0.133222,4.493977,3.265002,0
1784329831.406198,FIXED400,TAKEOFF,0,0.000000,13.362473,-0.122003,0.118073,1.224781,-0.059746,0.133222,4.524677,3.300517,0
1784329831.431163,FIXED400,TAKEOFF,0,0.000000,6.137824,-0.125186,0.119422,1.221400,-0.059746,0.133222,4.555301,3.334572,0
1784329831.456205,FIXED400,TAKEOFF,0,0.000000,31.179933,-0.125186,0.119422,1.221400,-0.059746,0.133222,4.586020,3.365285,0
1784329831.481176,FIXED400,TAKEOFF,0,0.000000,24.015025,-0.128231,0.120717,1.218349,-0.059746,0.133222,4.616652,3.399016,0
1784329831.506203,FIXED400,TAKEOFF,0,0.000000,13.329088,-0.130982,0.121850,1.214913,-0.059746,0.133222,4.647353,3.433198,0
1784329831.531188,FIXED400,TAKEOFF,0,0.000000,6.246704,-0.133190,0.122747,1.209818,-0.059746,0.133222,4.678001,3.468976,0
1784329831.556206,FIXED400,TAKEOFF,0,0.000000,31.264208,-0.133190,0.122747,1.209818,-0.059746,0.133222,4.708691,3.499660,0
1784329831.581167,FIXED400,TAKEOFF,0,0.000000,24.206168,-0.135282,0.123549,1.205156,-0.059746,0.133222,4.739310,3.534975,0
1784329831.606188,FIXED400,TAKEOFF,0,0.000000,13.292406,-0.137842,0.124495,1.199881,-0.059746,0.133222,4.770004,3.570987,0
1784329831.631160,FIXED400,TAKEOFF,0,0.000000,6.191861,-0.138939,0.125412,1.194674,-0.059746,0.133222,4.800637,3.606841,0
1784329831.656198,FIXED400,TAKEOFF,0,0.000000,31.228363,-0.138939,0.125412,1.194674,-0.059746,0.133222,4.831350,3.637547,0
1784329831.681162,FIXED400,TAKEOFF,0,0.000000,24.000846,-0.139737,0.126357,1.189443,-0.059746,0.133222,4.861973,3.673408,0
1784329831.706203,FIXED400,TAKEOFF,0,0.000000,13.254661,-0.140537,0.127216,1.184641,-0.059746,0.133222,4.892691,3.708935,0
1784329831.731195,FIXED400,TAKEOFF,0,0.000000,6.292817,-0.141331,0.128037,1.180232,-0.059746,0.133222,4.923348,3.744008,0
1784329831.756190,FIXED400,TAKEOFF,0,0.000000,31.286817,-0.141331,0.128037,1.180232,-0.059746,0.133222,4.954010,3.774663,0
1784329831.781161,FIXED400,TAKEOFF,0,0.000000,24.011721,-0.141328,0.125997,1.174808,-0.059746,0.133222,4.984641,3.810714,0
1784329831.806195,FIXED400,WAITING,0,0.000000,13.417595,-0.141049,0.122580,1.168090,-0.059746,0.133222,5.000000,3.832787,0
1784329831.831183,FIXED400,WAITING,0,0.000000,6.331647,-0.140872,0.120096,1.163190,0.000000,0.000000,5.000000,3.841273,0
1784329831.856197,FIXED400,TRACKING,400,34.102174,65.454952,-0.140872,0.120096,1.163190,0.000000,0.000000,5.000000,3.841273,1
1784329831.890424,FIXED400,TRACKING,400,23.773121,89.343863,-0.140872,0.120096,1.163190,0.000000,0.000000,5.000000,3.841273,0
1784329831.914274,FIXED400,TRACKING,400,24.074550,24.093009,-0.140617,0.117787,1.158656,0.000000,0.000000,5.000000,3.845721,0
1784329831.938436,FIXED400,TRACKING,400,24.121393,24.141533,-0.140786,0.115058,1.151125,0.000000,0.000000,5.000000,3.853167,0
1784329831.962624,FIXED400,TRACKING,400,24.230304,24.247724,-0.140963,0.112554,1.144248,0.000000,0.000000,5.000000,3.859970,0
1784329831.986912,FIXED400,TRACKING,400,24.271404,24.286509,-0.141154,0.110254,1.137933,0.000000,0.000000,5.000000,3.866218,0
1784329832.011221,FIXED400,TRACKING,400,24.597151,48.921210,-0.141154,0.110254,1.137933,0.000000,0.000000,5.000000,3.866218,0
1784329832.035865,FIXED400,TRACKING,400,24.751977,24.765629,-0.141202,0.107315,1.131315,0.000000,0.000000,5.000000,3.872748,0
1784329832.060690,FIXED400,TRACKING,400,24.842111,24.861576,-0.141040,0.104817,1.127119,0.000000,0.000000,5.000000,3.876866,0
1784329832.085600,FIXED400,TRACKING,400,24.943060,24.959227,-0.140942,0.102510,1.123231,0.000000,0.000000,5.000000,3.880684,0
1784329832.110595,FIXED400,TRACKING,400,24.916381,49.927021,-0.140942,0.102510,1.123231,0.000000,0.000000,5.000000,3.880684,0
1784329832.135582,FIXED400,TRACKING,400,24.846022,24.863889,-0.140862,0.100457,1.119650,0.000000,0.000000,5.000000,3.884205,0
1784329832.160473,FIXED400,TRACKING,400,24.895780,24.909068,-0.139640,0.098753,1.118314,0.000000,0.000000,5.000000,3.885452,0
1784329832.185428,FIXED400,TRACKING,400,24.703695,24.719195,-0.137361,0.097500,1.118901,0.000000,0.000000,5.000000,3.884753,0
1784329832.210186,FIXED400,TRACKING,400,23.865916,48.639444,-0.137361,0.097500,1.118901,0.000000,0.000000,5.000000,3.884753,0
1784329832.234101,FIXED400,TRACKING,400,23.787037,23.799216,-0.134742,0.096278,1.119477,0.000000,0.000000,5.000000,3.884055,0
1784329832.257926,FIXED400,TRACKING,400,23.890379,23.901761,-0.132825,0.095476,1.119832,0.000000,0.000000,5.000000,3.883614,0
1784329832.281871,FIXED400,TRACKING,400,23.816006,23.832188,-0.129846,0.094854,1.120667,0.000000,0.000000,5.000000,3.882664,0
1784329832.306190,FIXED400,TRACKING,400,23.739720,24.211468,-0.126700,0.094421,1.121533,0.000000,0.000000,5.000000,3.881685,0
1784329832.331293,FIXED400,TRACKING,400,23.651952,24.983443,-0.123783,0.094152,1.122241,0.000000,0.000000,5.000000,3.880877,0
1784329832.356268,FIXED400,TRACKING,400,23.881087,50.186268,-0.123783,0.094152,1.122241,0.000000,0.000000,5.000000,3.880877,0
1784329832.381282,FIXED400,TRACKING,400,24.005036,25.037746,-0.121107,0.094015,1.122785,0.000000,0.000000,5.000000,3.880245,0
1784329832.406269,FIXED400,TRACKING,400,24.173719,25.076400,-0.116957,0.095206,1.125939,0.000000,0.000000,5.000000,3.876996,0
1784329832.431273,FIXED400,TRACKING,400,23.958579,24.684975,-0.113972,0.096236,1.128112,0.000000,0.000000,5.000000,3.874761,0
1784329832.456286,FIXED400,TRACKING,400,24.110701,49.852282,-0.113972,0.096236,1.128112,0.000000,0.000000,5.000000,3.874761,0
1784329832.481271,FIXED400,TRACKING,400,24.126883,24.930693,-0.111258,0.097336,1.130000,0.000000,0.000000,5.000000,3.872823,0
1784329832.506284,FIXED400,TRACKING,400,24.204422,25.028904,-0.108662,0.098294,1.130922,0.000000,0.000000,5.000000,3.871852,0
1784329832.531285,FIXED400,TRACKING,400,23.851640,24.577964,-0.105914,0.098820,1.129624,0.000000,0.000000,5.000000,3.873086,0
1784329832.556263,FIXED400,TRACKING,400,23.998778,49.710118,-0.105914,0.098820,1.129624,0.000000,0.000000,5.000000,3.873086,0
1784329832.581265,FIXED400,TRACKING,400,24.020003,24.943383,-0.103411,0.099439,1.128337,0.000000,0.000000,5.000000,3.874320,0
1784329832.606273,FIXED400,TRACKING,400,24.267692,25.177869,-0.100708,0.100430,1.126751,0.000000,0.000000,5.000000,3.875859,0
1784329832.631286,FIXED400,TRACKING,400,23.988104,24.661185,-0.099565,0.101551,1.123623,0.000000,0.000000,5.000000,3.878985,0
1784329832.656259,FIXED400,TRACKING,400,24.154694,49.800374,-0.099565,0.101551,1.123623,0.000000,0.000000,5.000000,3.878985,0
1784329832.681273,FIXED400,TRACKING,400,23.997206,24.781660,-0.098806,0.102841,1.120062,0.000000,0.000000,5.000000,3.882558,0
1784329832.706290,FIXED400,TRACKING,400,24.142467,25.080788,-0.098128,0.104137,1.116722,0.000000,0.000000,5.000000,3.885914,0
1784329832.731270,FIXED400,TRACKING,400,24.117800,24.870485,-0.097430,0.105499,1.113582,0.000000,0.000000,5.000000,3.889071,0
1784329832.756277,FIXED400,TRACKING,400,24.163374,49.926493,-0.097430,0.105499,1.113582,0.000000,0.000000,5.000000,3.889071,0
1784329832.781164,FIXED400,TRACKING,400,24.188627,24.825127,-0.095614,0.106198,1.114225,0.000000,0.000000,5.000000,3.888402,0
1784329832.806270,FIXED400,TRACKING,400,24.153124,25.003642,-0.093122,0.106806,1.116197,0.000000,0.000000,5.000000,3.886387,0
1784329832.831260,FIXED400,TRACKING,400,24.117402,24.890993,-0.091319,0.107307,1.117487,0.000000,0.000000,5.000000,3.885069,0
1784329832.856272,FIXED400,TRACKING,400,24.178108,49.963329,-0.091319,0.107307,1.117487,0.000000,0.000000,5.000000,3.885069,0
1784329832.881283,FIXED400,TRACKING,400,24.135418,24.876258,-0.089496,0.107826,1.118543,0.000000,0.000000,5.000000,3.883986,0
1784329832.906278,FIXED400,TRACKING,400,24.184920,24.947869,-0.088234,0.107423,1.119237,0.000000,0.000000,5.000000,3.883252,0
1784329832.931308,FIXED400,TRACKING,400,23.976502,24.713980,-0.087044,0.107053,1.119762,0.000000,0.000000,5.000000,3.882690,0
1784329832.956264,FIXED400,TRACKING,400,23.994920,49.689927,-0.087044,0.107053,1.119762,0.000000,0.000000,5.000000,3.882690,0
1784329832.981273,FIXED400,TRACKING,400,23.876014,24.818005,-0.085922,0.106706,1.120115,0.000000,0.000000,5.000000,3.882303,0
1784329833.006265,FIXED400,TRACKING,400,23.776671,24.830461,-0.085159,0.105468,1.122550,0.000000,0.000000,5.000000,3.879819,0
1784329833.031265,FIXED400,TRACKING,400,23.993847,25.138499,-0.085241,0.103584,1.126663,0.000000,0.000000,5.000000,3.875659,0
1784329833.056273,FIXED400,TRACKING,400,24.049615,50.205260,-0.085241,0.103584,1.126663,0.000000,0.000000,5.000000,3.875659,0
1784329833.081239,FIXED400,TRACKING,400,24.080152,24.907505,-0.085338,0.101854,1.130264,0.000000,0.000000,5.000000,3.872017,0
1784329833.106276,FIXED400,TRACKING,400,24.003774,24.890579,-0.085421,0.100255,1.133415,0.000000,0.000000,5.000000,3.868828,0
1784329833.131270,FIXED400,TRACKING,400,24.061953,24.986634,-0.084533,0.099370,1.134468,0.000000,0.000000,5.000000,3.867733,0
1784329833.156268,FIXED400,TRACKING,400,24.002961,49.929423,-0.084533,0.099370,1.134468,0.000000,0.000000,5.000000,3.867733,0
1784329833.181278,FIXED400,TRACKING,400,24.063288,25.000915,-0.082819,0.099089,1.133694,0.000000,0.000000,5.000000,3.868462,0
1784329833.206278,FIXED400,TRACKING,400,24.064338,24.940444,-0.080922,0.098742,1.132680,0.000000,0.000000,5.000000,3.869427,0
1784329833.231278,FIXED400,TRACKING,400,23.969178,24.838409,-0.079548,0.098465,1.131828,0.000000,0.000000,5.000000,3.870242,0
1784329833.256268,FIXED400,TRACKING,400,24.131758,49.995022,-0.079548,0.098465,1.131828,0.000000,0.000000,5.000000,3.870242,0
1784329833.281289,FIXED400,TRACKING,400,23.721526,24.540715,-0.079401,0.099132,1.129059,0.000000,0.000000,5.000000,3.873024,0
1784329833.306275,FIXED400,TRACKING,400,23.692906,24.896346,-0.079708,0.100117,1.125839,0.000000,0.000000,5.000000,3.876274,0
1784329833.331293,FIXED400,TRACKING,400,23.704959,24.970431,-0.080040,0.101013,1.122799,0.000000,0.000000,5.000000,3.879342,0
1784329833.356271,FIXED400,TRACKING,400,23.940514,50.184140,-0.080040,0.101013,1.122799,0.000000,0.000000,5.000000,3.879342,0
1784329833.381271,FIXED400,TRACKING,400,23.978772,24.930966,-0.080356,0.101812,1.119896,0.000000,0.000000,5.000000,3.882271,0
1784329833.406271,FIXED400,TRACKING,400,24.130264,25.048868,-0.082085,0.104441,1.111068,0.000000,0.000000,5.000000,3.891200,0
1784329833.431275,FIXED400,TRACKING,400,24.134565,24.900671,-0.083413,0.106355,1.104581,0.000000,0.000000,5.000000,3.897763,0
1784329833.456278,FIXED400,TRACKING,400,24.101049,49.873276,-0.083413,0.106355,1.104581,0.000000,0.000000,5.000000,3.897763,0
1784329833.481262,FIXED400,TRACKING,400,23.872822,24.687614,-0.084705,0.108107,1.098524,0.000000,0.000000,5.000000,3.903892,0
1784329833.506280,FIXED400,TRACKING,400,23.994040,25.071149,-0.086293,0.109405,1.092571,0.000000,0.000000,5.000000,3.909913,0
1784329833.531270,FIXED400,TRACKING,400,24.045912,24.968641,-0.088913,0.109743,1.086139,0.000000,0.000000,5.000000,3.916409,0
1784329833.556282,FIXED400,TRACKING,400,24.169480,50.106819,-0.088913,0.109743,1.086139,0.000000,0.000000,5.000000,3.916409,0
1784329833.581268,FIXED400,TRACKING,400,24.182988,24.932851,-0.091495,0.109991,1.080134,0.000000,0.000000,5.000000,3.922477,0
1784329833.606207,FIXED400,TRACKING,400,24.164636,24.847984,-0.094676,0.110182,1.073194,0.000000,0.000000,5.000000,3.929492,0
1784329833.631278,FIXED400,TRACKING,400,24.064056,24.900897,-0.095618,0.109646,1.069854,0.000000,0.000000,5.000000,3.932838,0
1784329833.656265,FIXED400,TRACKING,400,24.130968,49.954693,-0.095618,0.109646,1.069854,0.000000,0.000000,5.000000,3.932838,0
1784329833.681207,FIXED400,TRACKING,400,24.206491,24.948473,-0.096078,0.108958,1.067248,0.000000,0.000000,5.000000,3.935434,0
1784329833.706288,FIXED400,TRACKING,400,24.101668,24.901669,-0.096538,0.108345,1.064767,0.000000,0.000000,5.000000,3.937908,0
1784329833.731293,FIXED400,TRACKING,400,24.056166,24.879667,-0.096967,0.107801,1.062418,0.000000,0.000000,5.000000,3.940251,0
1784329833.756280,FIXED400,TRACKING,400,24.022866,49.831800,-0.096967,0.107801,1.062418,0.000000,0.000000,5.000000,3.940251,0
1784329833.781271,FIXED400,TRACKING,400,23.961636,24.845533,-0.097062,0.108283,1.063038,0.000000,0.000000,5.000000,3.939646,0
1784329833.806263,FIXED400,TRACKING,400,24.132009,25.093561,-0.096043,0.109238,1.065242,0.000000,0.000000,5.000000,3.937446,0
1784329833.831277,FIXED400,TRACKING,400,23.909400,24.726116,-0.095131,0.109847,1.066767,0.000000,0.000000,5.000000,3.935916,0
1784329833.856270,FIXED400,TRACKING,400,24.182791,49.992247,-0.095131,0.109847,1.066767,0.000000,0.000000,5.000000,3.935916,0
1784329833.881277,FIXED400,TRACKING,400,24.103080,24.832706,-0.094097,0.110394,1.068310,0.000000,0.000000,5.000000,3.934365,0
1784329833.906305,FIXED400,TRACKING,400,24.099053,24.939404,-0.091846,0.111304,1.071846,0.000000,0.000000,5.000000,3.930804,0
1784329833.931274,FIXED400,TRACKING,400,24.110112,24.880463,-0.089248,0.111673,1.076209,0.000000,0.000000,5.000000,3.926394,0
1784329833.956270,FIXED400,TRACKING,400,23.959899,49.729009,-0.089248,0.111673,1.076209,0.000000,0.000000,5.000000,3.926394,0
1784329833.981281,FIXED400,TRACKING,400,23.907227,24.883776,-0.086443,0.111612,1.081332,0.000000,0.000000,5.000000,3.921210,0
1784329834.006276,FIXED400,TRACKING,400,23.997795,25.022309,-0.082057,0.111209,1.091596,0.000000,0.000000,5.000000,3.910847,0
1784329834.031267,FIXED400,TRACKING,400,23.936307,24.857555,-0.077895,0.110697,1.104166,0.000000,0.000000,5.000000,3.898185,0
1784329834.056266,FIXED400,TRACKING,400,24.119026,50.039184,-0.077895,0.110697,1.104166,0.000000,0.000000,5.000000,3.898185,0
1784329834.081270,FIXED400,TRACKING,400,23.931608,24.734988,-0.073731,0.109637,1.118040,0.000000,0.000000,5.000000,3.884208,0
1784329834.106269,FIXED400,TRACKING,400,23.955293,24.955760,-0.069440,0.108182,1.133236,0.000000,0.000000,5.000000,3.868901,0
1784329834.131267,FIXED400,TRACKING,400,23.963550,24.942481,-0.064582,0.105294,1.151157,0.000000,0.000000,5.000000,3.850825,0
1784329834.156270,FIXED400,TRACKING,400,23.886319,49.872002,-0.064582,0.105294,1.151157,0.000000,0.000000,5.000000,3.850825,0
1784329834.181274,FIXED400,TRACKING,400,24.083466,25.131547,-0.059131,0.101193,1.171601,0.000000,0.000000,5.000000,3.830193,0
1784329834.206280,FIXED400,TRACKING,400,24.102833,24.961582,-0.051724,0.096112,1.198854,0.000000,0.000000,5.000000,3.802712,0
1784329834.231311,FIXED400,TRACKING,400,24.034616,24.883903,-0.045219,0.092017,1.222253,0.000000,0.000000,5.000000,3.779138,0
1784329834.256270,FIXED400,TRACKING,400,24.049878,49.858002,-0.045219,0.092017,1.222253,0.000000,0.000000,5.000000,3.779138,0
1784329834.281279,FIXED400,TRACKING,400,24.038180,24.932256,-0.039252,0.086923,1.246393,0.000000,0.000000,5.000000,3.754819,0
1784329834.306273,FIXED400,TRACKING,400,24.033731,24.922667,-0.033394,0.081403,1.272005,0.000000,0.000000,5.000000,3.729033,0
1784329834.331272,FIXED400,TRACKING,400,24.072883,24.972537,-0.027407,0.075715,1.299142,0.000000,0.000000,5.000000,3.701734,0
1784329834.356305,FIXED400,TRACKING,400,24.018381,49.955366,-0.027407,0.075715,1.299142,0.000000,0.000000,5.000000,3.701734,0
1784329834.381195,FIXED400,TRACKING,400,24.022168,24.796568,-0.021185,0.069709,1.327766,0.000000,0.000000,5.000000,3.672957,0
1784329834.406282,FIXED400,TRACKING,400,23.953282,24.931198,-0.012069,0.063942,1.370191,0.000000,0.000000,5.000000,3.630392,0
1784329834.431274,FIXED400,TRACKING,400,23.857105,24.792842,-0.004733,0.058658,1.405039,0.000000,0.000000,5.000000,3.595442,0
1784329834.456300,FIXED400,TRACKING,400,23.932923,49.899053,-0.004733,0.058658,1.405039,0.000000,0.000000,5.000000,3.595442,0
1784329834.481200,FIXED400,TRACKING,400,23.932536,24.829413,0.002566,0.052885,1.440500,0.000000,0.000000,5.000000,3.559894,0
1784329834.506283,FIXED400,TRACKING,400,23.980244,25.064947,0.009989,0.045541,1.477916,0.000000,0.000000,5.000000,3.522393,0
1784329834.531275,FIXED400,TRACKING,400,23.938198,24.882884,0.018090,0.034583,1.518753,0.000000,0.000000,5.000000,3.481466,0
1784329834.556284,FIXED400,TRACKING,400,23.900592,49.854207,0.018090,0.034583,1.518753,0.000000,0.000000,5.000000,3.481466,0
1784329834.581281,FIXED400,TRACKING,400,23.998544,25.028726,0.025881,0.023912,1.559757,0.000000,0.000000,5.000000,3.440424,0
1784329834.606290,FIXED400,TRACKING,400,23.790816,24.739716,0.035034,0.010959,1.610898,0.000000,0.000000,5.000000,3.389301,0
1784329834.631272,FIXED400,TRACKING,400,23.826194,24.939750,0.041652,0.000694,1.651214,0.000000,0.000000,5.000000,3.349045,0
1784329834.656288,FIXED400,TRACKING,400,23.837177,49.966377,0.041652,0.000694,1.651214,0.000000,0.000000,5.000000,3.349045,0
1784329834.681298,FIXED400,TRACKING,400,23.817783,24.925575,0.047741,-0.009229,1.691582,0.000000,0.000000,5.000000,3.308775,0
1784329834.706281,FIXED400,TRACKING,400,23.737679,24.817612,0.053308,-0.018491,1.732129,0.000000,0.000000,5.000000,3.268358,0
1784329834.731275,FIXED400,TRACKING,400,23.715705,24.906619,0.058318,-0.027142,1.772867,0.000000,0.000000,5.000000,3.227774,0
1784329834.756301,FIXED400,TRACKING,400,23.843150,50.060196,0.058318,-0.027142,1.772867,0.000000,0.000000,5.000000,3.227774,0
1784329834.781163,FIXED400,TRACKING,400,24.055189,24.980990,0.062884,-0.034761,1.815398,0.000000,0.000000,5.000000,3.185412,0
1784329834.806206,FIXED400,TRACKING,400,24.127677,25.046220,0.068086,-0.043378,1.869232,0.000000,0.000000,5.000000,3.131809,0
1784329834.831163,FIXED400,TRACKING,400,24.069362,24.818503,0.071931,-0.049756,1.911994,0.000000,0.000000,5.000000,3.089244,0
1784329834.856110,FIXED400,TRACKING,400,23.889178,49.586428,0.071931,-0.049756,1.911994,0.000000,0.000000,5.000000,3.089244,0
1784329834.881210,FIXED400,TRACKING,400,24.224937,25.330253,0.075606,-0.055770,1.954487,0.000000,0.000000,5.000000,3.046962,0
1784329834.906165,FIXED400,TRACKING,400,24.285064,24.922620,0.077435,-0.059864,1.997697,0.000000,0.000000,5.000000,3.003898,0
1784329834.931172,FIXED400,TRACKING,400,24.085862,24.722672,0.079284,-0.063865,2.040497,0.000000,0.000000,5.000000,2.961253,0
1784329834.956129,FIXED400,TRACKING,400,23.755325,49.351025,0.079284,-0.063865,2.040497,0.000000,0.000000,5.000000,2.961253,0
1784329834.981122,FIXED400,TRACKING,400,23.897613,25.066767,0.081141,-0.067712,2.083162,0.000000,0.000000,5.000000,2.918752,0
1784329835.006163,FIXED400,TRACKING,400,24.012657,25.082968,0.084550,-0.072582,2.136887,0.000000,0.000000,5.000000,2.865281,0
1784329835.031203,FIXED400,TRACKING,400,24.317906,25.276274,0.088409,-0.076592,2.179558,0.000000,0.000000,5.000000,2.822867,0
1784329835.056164,FIXED400,TRACKING,400,23.729861,49.648614,0.088409,-0.076592,2.179558,0.000000,0.000000,5.000000,2.822867,0
1784329835.081172,FIXED400,TRACKING,400,23.848293,25.057735,0.091992,-0.080249,2.221675,0.000000,0.000000,5.000000,2.781006,0
1784329835.106163,FIXED400,TRACKING,400,23.944966,25.006164,0.095347,-0.083558,2.263534,0.000000,0.000000,5.000000,2.739401,0
1784329835.131215,FIXED400,TRACKING,400,24.517600,25.571753,0.097244,-0.086845,2.305676,0.000000,0.000000,5.000000,2.697476,0
1784329835.156164,FIXED400,TRACKING,400,23.981933,49.983795,0.097244,-0.086845,2.305676,0.000000,0.000000,5.000000,2.697476,0
1784329835.181212,FIXED400,TRACKING,400,23.906865,24.913415,0.097993,-0.089933,2.348436,0.000000,0.000000,5.000000,2.654898,0
1784329835.206187,FIXED400,TRACKING,400,23.764226,24.731626,0.099440,-0.092951,2.402432,0.000000,0.000000,5.000000,2.601132,0
1784329835.231164,FIXED400,TRACKING,400,23.655815,24.791346,0.100863,-0.094808,2.445649,0.000000,0.000000,5.000000,2.558099,0
1784329835.256166,FIXED400,TRACKING,400,24.168736,50.308361,0.100863,-0.094808,2.445649,0.000000,0.000000,5.000000,2.558099,0
1784329835.281210,FIXED400,TRACKING,400,24.262901,25.056914,0.102232,-0.096068,2.488959,0.000000,0.000000,5.000000,2.514956,0
1784329835.306164,FIXED400,TRACKING,400,24.287128,24.904839,0.103676,-0.096822,2.532444,0.000000,0.000000,5.000000,2.471630,0
1784329835.331165,FIXED400,TRACKING,400,24.629895,25.273688,0.105168,-0.097309,2.576107,0.000000,0.000000,5.000000,2.428125,0
1784329835.356165,FIXED400,TRACKING,400,24.353744,49.997732,0.105168,-0.097309,2.576107,0.000000,0.000000,5.000000,2.428125,0
1784329835.381204,FIXED400,TRACKING,400,24.106710,24.658057,0.106645,-0.097426,2.619780,0.000000,0.000000,5.000000,2.384599,0
1784329835.406167,FIXED400,TRACKING,400,23.655223,24.428818,0.109242,-0.094766,2.676800,0.000000,0.000000,5.000000,2.327696,0
1784329835.431167,FIXED400,TRACKING,400,23.681835,24.941467,0.111265,-0.092349,2.722505,0.000000,0.000000,5.000000,2.282081,0
1784329835.456298,FIXED400,TRACKING,400,23.660469,50.051298,0.111265,-0.092349,2.722505,0.000000,0.000000,5.000000,2.282081,0
1784329835.481212,FIXED400,TRACKING,400,23.546845,24.724319,0.113318,-0.089746,2.768113,0.000000,0.000000,5.000000,2.236564,0
1784329835.506286,FIXED400,TRACKING,400,23.523790,24.978653,0.115424,-0.086679,2.815076,0.000000,0.000000,5.000000,2.189687,0
1784329835.531284,FIXED400,TRACKING,400,23.478125,24.881126,0.117797,-0.082827,2.865490,0.000000,0.000000,5.000000,2.139362,0
1784329835.556288,FIXED400,TRACKING,400,23.608578,50.016892,0.117797,-0.082827,2.865490,0.000000,0.000000,5.000000,2.139362,0
1784329835.581214,FIXED400,TRACKING,400,23.748089,24.985592,0.119868,-0.078900,2.915531,0.000000,0.000000,5.000000,2.089402,0
1784329835.606274,FIXED400,TRACKING,400,24.233486,25.468098,0.122137,-0.074010,2.977194,0.000000,0.000000,5.000000,2.027841,0
1784329835.631202,FIXED400,TRACKING,400,24.114535,24.730043,0.124082,-0.069402,3.027868,0.000000,0.000000,5.000000,1.977250,0
1784329835.656290,FIXED400,TRACKING,400,23.791712,49.496800,0.124082,-0.069402,3.027868,0.000000,0.000000,5.000000,1.977250,0
1784329835.681283,FIXED400,TRACKING,400,23.672708,24.800049,0.125885,-0.064578,3.078377,0.000000,0.000000,5.000000,1.926825,0
1784329835.706289,FIXED400,TRACKING,400,23.753550,25.006488,0.127292,-0.059670,3.128456,0.000000,0.000000,5.000000,1.876817,0
1784329835.731284,FIXED400,TRACKING,400,23.859321,25.015901,0.128167,-0.054646,3.178347,0.000000,0.000000,5.000000,1.826974,0
1784329835.756177,FIXED400,TRACKING,400,23.482789,49.532755,0.128167,-0.054646,3.178347,0.000000,0.000000,5.000000,1.826974,0
1784329835.781228,FIXED400,TRACKING,400,24.142673,25.624606,0.127998,-0.050010,3.228566,0.000000,0.000000,5.000000,1.776756,0
1784329835.806284,FIXED400,TRACKING,400,23.296815,24.119702,0.127193,-0.044324,3.291061,0.000000,0.000000,5.000000,1.714239,0
1784329835.831298,FIXED400,TRACKING,400,23.292341,24.945924,0.126302,-0.039804,3.340189,0.000000,0.000000,5.000000,1.665086,0
1784329835.856290,FIXED400,TRACKING,400,23.286079,49.928045,0.126302,-0.039804,3.340189,0.000000,0.000000,5.000000,1.665086,0
1784329835.881230,FIXED400,TRACKING,400,23.235815,24.802618,0.125203,-0.035318,3.388724,0.000000,0.000000,5.000000,1.616519,0
1784329835.906303,FIXED400,TRACKING,400,23.331062,25.077943,0.123422,-0.032442,3.436251,0.000000,0.000000,5.000000,1.568948,0
1784329835.931285,FIXED400,TRACKING,400,23.643494,25.181845,0.121611,-0.029476,3.483733,0.000000,0.000000,5.000000,1.521421,0
1784329835.956290,FIXED400,TRACKING,400,23.179532,49.721402,0.121611,-0.029476,3.483733,0.000000,0.000000,5.000000,1.521421,0
1784329835.981219,FIXED400,TRACKING,400,23.243537,24.926391,0.119813,-0.026481,3.531127,0.000000,0.000000,5.000000,1.473989,0
1784329836.006284,FIXED400,TRACKING,400,23.520964,25.283292,0.115960,-0.023055,3.589379,0.000000,0.000000,5.000000,1.415567,0
1784329836.031309,FIXED400,TRACKING,400,23.151219,24.574429,0.111099,-0.020716,3.635068,0.000000,0.000000,5.000000,1.369603,0
1784329836.056282,FIXED400,TRACKING,400,23.198817,49.593705,0.111099,-0.020716,3.635068,0.000000,0.000000,5.000000,1.369603,0
1784329836.081287,FIXED400,TRACKING,400,23.099361,24.825568,0.106425,-0.018433,3.680745,0.000000,0.000000,5.000000,1.323669,0
1784329836.106278,FIXED400,TRACKING,400,23.184541,25.005762,0.101860,-0.016164,3.726473,0.000000,0.000000,5.000000,1.277696,0
1784329836.131284,FIXED400,TRACKING,400,23.630026,25.387598,0.097138,-0.013623,3.771879,0.000000,0.000000,5.000000,1.232032,0
1784329836.156287,FIXED400,TRACKING,400,23.116992,49.879424,0.097138,-0.013623,3.771879,0.000000,0.000000,5.000000,1.232032,0
1784329836.181307,FIXED400,TRACKING,400,22.945391,24.771622,0.092224,-0.010868,3.817044,0.000000,0.000000,5.000000,1.186595,0
1784329836.206304,FIXED400,TRACKING,400,23.457041,25.444041,0.086081,-0.007575,3.873417,0.000000,0.000000,5.000000,1.129893,0
1784329836.231286,FIXED400,TRACKING,400,22.992677,24.444132,0.081165,-0.005118,3.918469,0.000000,0.000000,5.000000,1.084585,0
1784329836.256300,FIXED400,TRACKING,400,22.980592,49.446768,0.081165,-0.005118,3.918469,0.000000,0.000000,5.000000,1.084585,0
1784329836.281226,FIXED400,TRACKING,400,23.801545,25.682592,0.077899,-0.000946,3.962747,0.000000,0.000000,5.000000,1.040174,0
1784329836.306300,FIXED400,TRACKING,400,22.977701,24.179767,0.074971,0.003533,4.007097,0.000000,0.000000,5.000000,0.995735,0
1784329836.331293,FIXED400,TRACKING,400,22.949600,24.898136,0.071791,0.007680,4.051727,0.000000,0.000000,5.000000,0.951018,0
1784329836.356287,FIXED400,TRACKING,400,22.946245,49.884655,0.071791,0.007680,4.051727,0.000000,0.000000,5.000000,0.951018,0
1784329836.381291,FIXED400,TRACKING,400,22.948156,24.914142,0.068325,0.011570,4.096394,0.000000,0.000000,5.000000,0.906259,0
1784329836.406281,FIXED400,TRACKING,400,23.996505,25.956100,0.064698,0.019598,4.154908,0.000000,0.000000,5.000000,0.847791,0
1784329836.431290,FIXED400,TRACKING,400,22.810034,23.718069,0.061514,0.025647,4.201443,0.000000,0.000000,5.000000,0.801333,0
1784329836.456292,FIXED400,TRACKING,400,22.861399,48.774894,0.061514,0.025647,4.201443,0.000000,0.000000,5.000000,0.801333,0
1784329836.481236,FIXED400,TRACKING,400,23.691506,25.704721,0.058126,0.031446,4.247838,0.000000,0.000000,5.000000,0.755059,0
1784329836.506285,FIXED400,TRACKING,400,22.906812,24.193157,0.054125,0.036990,4.293470,0.000000,0.000000,5.000000,0.709565,0
1784329836.531336,FIXED400,TRACKING,400,23.232059,25.313567,0.048724,0.042204,4.337399,0.000000,0.000000,5.000000,0.665729,0
1784329836.556302,FIXED400,TRACKING,400,22.850560,49.898150,0.048724,0.042204,4.337399,0.000000,0.000000,5.000000,0.665729,0
1784329836.581301,FIXED400,TRACKING,400,22.852235,24.936463,0.043525,0.047106,4.380747,0.000000,0.000000,5.000000,0.622566,0
1784329836.606309,FIXED400,TRACKING,400,23.372786,25.466418,0.037262,0.052778,4.433068,0.000000,0.000000,5.000000,0.570602,0
1784329836.631290,FIXED400,TRACKING,400,22.905166,24.435203,0.033658,0.058116,4.475615,0.000000,0.000000,5.000000,0.528668,0
1784329836.656312,FIXED400,TRACKING,400,22.878185,49.431087,0.033658,0.058116,4.475615,0.000000,0.000000,5.000000,0.528668,0
1784329836.681230,FIXED400,TRACKING,400,22.925516,24.895372,0.030490,0.063399,4.517737,0.000000,0.000000,5.000000,0.487367,0
1784329836.706326,FIXED400,TRACKING,400,22.841515,24.941069,0.027355,0.068199,4.558836,0.000000,0.000000,5.000000,0.447241,0
1784329836.731302,FIXED400,TRACKING,400,22.848696,24.913683,0.024225,0.072492,4.598262,0.000000,0.000000,5.000000,0.408944,0
1784329836.756292,FIXED400,TRACKING,400,22.809294,49.869082,0.024225,0.072492,4.598262,0.000000,0.000000,5.000000,0.408944,0
1784329836.781308,FIXED400,TRACKING,400,22.788893,24.908449,0.022092,0.075977,4.637139,0.000000,0.000000,5.000000,0.371387,0
1784329836.806292,FIXED400,TRACKING,400,23.769813,25.901173,0.019713,0.079730,4.682942,0.000000,0.000000,5.000000,0.327523,0
1784329836.831290,FIXED400,TRACKING,400,22.799316,24.004128,0.017748,0.082405,4.716879,2.000000,0.000000,5.000000,2.004063,0
1784329836.856312,FIXED400,TRACKING,400,23.024148,49.207711,0.017748,0.082405,4.716879,2.000000,0.000000,5.000000,2.004063,0
1784329836.881236,FIXED400,TRACKING,400,24.074377,25.850158,0.015747,0.084795,4.748553,2.000000,0.000000,5.000000,2.001918,0
1784329836.906308,FIXED400,TRACKING,400,23.327866,24.228462,0.016397,0.087145,4.773690,2.000000,0.000000,5.000000,1.998372,0
1784329836.931304,FIXED400,TRACKING,400,23.580261,25.178848,0.016923,0.089138,4.797049,2.000000,0.000000,5.000000,1.995427,0
1784329836.956300,FIXED400,TRACKING,400,23.508101,50.106214,0.016923,0.089138,4.797049,2.000000,0.000000,5.000000,1.995427,0
1784329836.981318,FIXED400,TRACKING,400,23.631587,25.055971,0.017321,0.090757,4.818213,2.000000,0.000000,5.000000,1.993062,0
1784329837.006280,FIXED400,TRACKING,400,23.600837,24.860270,0.017648,0.091114,4.840559,2.000000,0.000000,5.000000,1.990840,0
1784329837.031302,FIXED400,TRACKING,400,23.874439,25.234919,0.018234,0.089778,4.855142,2.000000,0.000000,5.000000,1.989080,0
1784329837.056318,FIXED400,TRACKING,400,23.563078,49.939003,0.018234,0.089778,4.855142,2.000000,0.000000,5.000000,1.989080,0
1784329837.081307,FIXED400,TRACKING,400,23.422632,24.773697,0.020016,0.088394,4.869198,2.000000,0.000000,5.000000,1.986267,0
1784329837.106302,FIXED400,TRACKING,400,23.808714,25.316684,0.022942,0.086983,4.880279,2.000000,0.000000,5.000000,1.982589,0
1784329837.131279,FIXED400,TRACKING,400,23.451191,24.541251,0.025574,0.084075,4.887825,2.000000,0.000000,5.000000,1.979396,0
1784329837.156317,FIXED400,TRACKING,400,26.697445,52.826579,0.025574,0.084075,4.887825,2.000000,0.000000,5.000000,1.979396,1
1784329837.183088,FIXED400,TRACKING,400,23.329463,76.227674,0.025574,0.084075,4.887825,2.000000,0.000000,5.000000,1.979396,0
1784329837.206485,FIXED400,TRACKING,400,23.299247,23.316394,0.028439,0.079819,4.892402,2.000000,0.000000,5.000000,1.976108,0
1784329837.231217,FIXED400,TRACKING,400,23.348296,24.748584,0.043348,0.070714,4.894324,2.000000,0.000000,5.000000,1.960779,0
1784329837.256346,FIXED400,TRACKING,400,23.265188,49.792118,0.043348,0.070714,4.894324,2.000000,0.000000,5.000000,1.960779,0
1784329837.281317,FIXED400,TRACKING,400,23.268402,24.892824,0.056175,0.066958,4.890225,2.000000,0.000000,5.000000,1.948073,0
1784329837.306334,FIXED400,TRACKING,400,23.346598,25.034170,0.072264,0.063367,4.884929,2.000000,0.000000,5.000000,1.932207,0
1784329837.331307,FIXED400,TRACKING,400,23.207626,24.768781,0.090784,0.059928,4.879088,2.000000,0.000000,5.000000,1.913979,0
1784329837.356316,FIXED400,TRACKING,400,23.163050,49.734038,0.090784,0.059928,4.879088,2.000000,0.000000,5.000000,1.913979,0
1784329837.381308,FIXED400,TRACKING,400,23.276471,25.009098,0.112014,0.056629,4.874180,2.000000,0.000000,5.000000,1.893021,0
1784329837.406303,FIXED400,TRACKING,400,23.290435,24.920381,0.149054,0.054344,4.868511,2.000000,0.000000,5.000000,1.856406,0
1784329837.431301,FIXED400,TRACKING,400,23.290005,24.900079,0.180558,0.052589,4.863583,2.000000,0.000000,5.000000,1.825306,0
1784329837.456316,FIXED400,TRACKING,400,23.244012,49.868403,0.180558,0.052589,4.863583,2.000000,0.000000,5.000000,1.825306,0
1784329837.481301,FIXED400,TRACKING,400,23.181724,24.853198,0.213616,0.050939,4.858073,2.000000,0.000000,5.000000,1.792737,0
1784329837.506305,FIXED400,TRACKING,400,23.181541,24.940118,0.248785,0.049606,4.852758,2.000000,0.000000,5.000000,1.758094,0
1784329837.531309,FIXED400,TRACKING,400,23.131631,24.888981,0.287191,0.048822,4.848859,2.000000,0.000000,5.000000,1.720158,0
1784329837.556302,FIXED400,TRACKING,400,23.174389,49.925274,0.287191,0.048822,4.848859,2.000000,0.000000,5.000000,1.720158,0
1784329837.581227,FIXED400,TRACKING,400,23.207597,24.861360,0.326947,0.048061,4.845032,2.000000,0.000000,5.000000,1.680902,0
1784329837.606310,FIXED400,TRACKING,400,23.288059,25.091365,0.378472,0.047146,4.840602,2.000000,0.000000,5.000000,1.630026,0
1784329837.631292,FIXED400,TRACKING,400,23.264349,24.893556,0.423086,0.045145,4.835135,2.000000,0.000000,5.000000,1.586151,0
1784329837.656301,FIXED400,TRACKING,400,23.348507,49.983466,0.423086,0.045145,4.835135,2.000000,0.000000,5.000000,1.586151,0
1784329837.681314,FIXED400,TRACKING,400,23.199778,24.793469,0.469381,0.042854,4.829411,2.000000,0.000000,5.000000,1.540692,0
1784329837.706307,FIXED400,TRACKING,400,23.497195,25.203891,0.516771,0.040750,4.825373,2.000000,0.000000,5.000000,1.494030,0
1784329837.731307,FIXED400,TRACKING,400,23.766933,25.185210,0.565061,0.038828,4.821918,2.000000,0.000000,5.000000,1.446469,0
1784329837.756303,FIXED400,TRACKING,400,23.839077,50.256435,0.565061,0.038828,4.821918,2.000000,0.000000,5.000000,1.446469,0
1784329837.781301,FIXED400,TRACKING,400,23.621605,24.687075,0.616000,0.036477,4.818351,2.000000,0.000000,5.000000,1.396346,0
1784329837.806319,FIXED400,TRACKING,400,23.702017,25.018603,0.681167,0.033594,4.812967,2.000000,0.000000,5.000000,1.332453,0
1784329837.831304,FIXED400,TRACKING,400,23.620627,24.829306,0.733941,0.031521,4.809220,2.000000,0.000000,5.000000,1.280740,0
1784329837.856308,FIXED400,TRACKING,400,23.184782,49.396746,0.733941,0.031521,4.809220,2.000000,0.000000,5.000000,1.280740,0
1784329837.881301,FIXED400,TRACKING,400,23.014919,24.716093,0.787364,0.029642,4.807153,2.000000,0.000000,5.000000,1.228232,0
1784329837.906300,FIXED400,TRACKING,400,23.084776,24.984920,0.841705,0.024590,4.806612,2.000000,0.000000,5.000000,1.174585,0
1784329837.931314,FIXED400,TRACKING,400,23.001960,24.835108,0.896492,0.019833,4.807580,2.000000,0.000000,5.000000,1.120334,0
1784329837.956310,FIXED400,TRACKING,400,22.964145,49.789993,0.896492,0.019833,4.807580,2.000000,0.000000,5.000000,1.120334,0
1784329837.981317,FIXED400,TRACKING,400,22.951763,24.925801,0.951620,0.015287,4.809957,2.000000,0.000000,5.000000,1.065575,0
1784329838.006307,FIXED400,TRACKING,400,22.904478,24.878716,1.020964,0.010448,4.812508,2.000000,0.000000,5.000000,0.996882,0
1784329838.031305,FIXED400,TRACKING,400,22.910819,24.942242,1.076803,0.007461,4.814003,2.000000,0.000000,5.000000,0.941777,0
1784329838.056309,FIXED400,TRACKING,400,22.931144,49.966400,1.076803,0.007461,4.814003,2.000000,0.000000,5.000000,0.941777,0
1784329838.081289,FIXED400,TRACKING,400,22.958988,24.926147,1.132753,0.004509,4.815791,2.000000,0.000000,5.000000,0.886606,0
1784329838.106303,FIXED400,TRACKING,400,22.948448,24.925828,1.188864,0.001673,4.818594,2.000000,0.000000,5.000000,0.831175,0
1784329838.131305,FIXED400,TRACKING,400,22.936284,24.923045,1.245990,0.000071,4.821237,2.000000,0.000000,5.000000,0.774912,0
1784329838.156302,FIXED400,TRACKING,400,22.834984,49.818727,1.245990,0.000071,4.821237,2.000000,0.000000,5.000000,0.774912,0
1784329838.181318,FIXED400,TRACKING,400,22.924931,25.043147,1.303977,-0.000427,4.823919,2.000000,0.000000,5.000000,0.717950,0
1784329838.206291,FIXED400,TRACKING,400,22.874887,24.865406,1.376270,-0.001004,4.826694,2.000000,0.000000,5.000000,0.647360,0
1784329838.231289,FIXED400,TRACKING,400,22.811131,24.875076,1.433949,-0.001446,4.829449,2.000000,0.000000,5.000000,0.591189,0
1784329838.256313,FIXED400,TRACKING,400,22.807313,49.887995,1.433949,-0.001446,4.829449,2.000000,0.000000,5.000000,0.591189,0
1784329838.281243,FIXED400,TRACKING,400,22.843091,24.901197,1.492012,-0.002555,4.834306,2.000000,0.000000,5.000000,0.534334,0
1784329838.306308,FIXED400,TRACKING,400,22.889406,25.044801,1.549986,-0.003915,4.839375,2.000000,0.000000,5.000000,0.477837,0
1784329838.331306,FIXED400,TRACKING,400,22.885809,24.934736,1.607644,-0.005334,4.844511,2.000000,0.000000,5.000000,0.422077,0
1784329838.356312,FIXED400,TRACKING,400,22.860117,49.914854,1.607644,-0.005334,4.844511,2.000000,0.000000,5.000000,0.422077,0
1784329838.381317,FIXED400,TRACKING,400,23.522530,25.571579,1.664917,-0.006804,4.850183,2.000000,0.000000,5.000000,0.367113,0
1784329838.406312,FIXED400,TRACKING,400,23.633970,25.022017,1.733072,-0.010105,4.861318,2.000000,0.000000,5.000000,0.300974,0
1784329838.431302,FIXED400,TRACKING,400,23.508336,24.764028,1.786972,-0.012662,4.869998,2.000000,2.000000,5.000000,2.028076,0
1784329838.456232,FIXED400,TRACKING,400,23.652979,49.802870,1.786972,-0.012662,4.869998,2.000000,2.000000,5.000000,2.028076,0
1784329838.481318,FIXED400,TRACKING,400,23.814552,25.163179,1.840119,-0.015160,4.879393,2.000000,2.000000,5.000000,2.025088,0
1784329838.506190,FIXED400,TRACKING,400,24.004378,24.993628,1.892276,-0.017715,4.889094,2.000000,2.000000,5.000000,2.023630,0
1784329838.531297,FIXED400,TRACKING,400,24.044481,25.083238,1.942831,-0.020547,4.902334,2.000000,2.000000,5.000000,2.023714,0
1784329838.556311,FIXED400,TRACKING,400,24.116361,50.169480,1.942831,-0.020547,4.902334,2.000000,2.000000,5.000000,2.023714,0
1784329838.581304,FIXED400,TRACKING,400,24.709352,25.504224,1.991896,-0.023236,4.916923,2.000000,2.000000,5.000000,2.024957,0
1784329838.606187,FIXED400,TRACKING,400,23.963319,24.063314,2.051207,-0.026234,4.932056,2.000000,2.000000,5.000000,2.028019,0
1784329838.631287,FIXED400,TRACKING,400,23.549118,24.612438,2.098634,-0.027872,4.940294,2.000000,2.000000,5.000000,2.031147,0
1784329838.656320,FIXED400,TRACKING,400,23.457154,49.554010,2.098634,-0.027872,4.940294,2.000000,2.000000,5.000000,2.031147,0
1784329838.681333,FIXED400,TRACKING,400,23.631512,25.114201,2.144281,-0.028312,4.947654,2.000000,2.000000,5.000000,2.034110,0
1784329838.706298,FIXED400,TRACKING,400,23.784946,25.041261,2.187352,-0.026984,4.955390,2.000000,2.000000,5.000000,2.036113,0
1784329838.731298,FIXED400,TRACKING,400,23.949064,25.092106,2.228421,-0.023777,4.961843,2.000000,2.000000,5.000000,2.036984,0
1784329838.756320,FIXED400,TRACKING,400,23.552867,49.718032,2.228421,-0.023777,4.961843,2.000000,2.000000,5.000000,2.036984,0
1784329838.781183,FIXED400,TRACKING,400,23.540652,24.762092,2.263801,-0.019172,4.965968,2.000000,2.000000,5.000000,2.036616,0
1784329838.806308,FIXED400,TRACKING,400,23.470153,24.992363,2.304310,-0.010460,4.968273,2.000000,2.000000,5.000000,2.033608,0
1784329838.831312,FIXED400,TRACKING,400,23.436462,24.900266,2.334821,-0.000433,4.969031,2.000000,2.000000,5.000000,2.028496,0
1784329838.856303,FIXED400,TRACKING,400,23.401102,49.855561,2.334821,-0.000433,4.969031,2.000000,2.000000,5.000000,2.028496,0
1784329838.881310,FIXED400,TRACKING,400,23.590528,25.102377,2.363312,0.012751,4.970038,2.000000,2.000000,5.000000,2.020409,0
1784329838.906313,FIXED400,TRACKING,400,23.680661,25.016992,2.386600,0.034591,4.969375,2.000000,2.000000,5.000000,2.003305,0
1784329838.931303,FIXED400,TRACKING,400,24.152408,25.354395,2.408323,0.058630,4.967820,2.000000,2.000000,5.000000,1.984107,0
1784329838.956242,FIXED400,TRACKING,400,24.098258,50.241298,2.408323,0.058630,4.967820,2.000000,2.000000,5.000000,1.984107,0
1784329838.981323,FIXED400,TRACKING,400,24.267408,25.172826,2.428419,0.084872,4.965787,2.000000,2.000000,5.000000,1.962761,0
1784329839.006301,FIXED400,TRACKING,400,24.145178,24.782031,2.449774,0.123073,4.961247,2.000000,2.000000,5.000000,1.930454,0
1784329839.031316,FIXED400,TRACKING,400,24.050673,24.850753,2.463427,0.158435,4.955287,2.000000,2.000000,5.000000,1.899507,0
1784329839.056309,FIXED400,TRACKING,400,23.954258,49.748354,2.463427,0.158435,4.955287,2.000000,2.000000,5.000000,1.899507,0
1784329839.081236,FIXED400,TRACKING,400,23.565687,24.448226,2.475605,0.195132,4.948808,2.000000,2.000000,5.000000,1.867182,0
1784329839.106313,FIXED400,TRACKING,400,23.474547,24.919129,2.485932,0.233434,4.943652,2.000000,2.000000,5.000000,1.833047,0
1784329839.131310,FIXED400,TRACKING,400,23.402860,24.858143,2.491959,0.274877,4.941406,2.000000,2.000000,5.000000,1.794856,0
1784329839.156339,FIXED400,TRACKING,400,23.342491,49.827094,2.491959,0.274877,4.941406,2.000000,2.000000,5.000000,1.794856,0
1784329839.181239,FIXED400,TRACKING,400,23.448370,24.939306,2.494329,0.318822,4.940115,2.000000,2.000000,5.000000,1.753370,0
1784329839.206318,FIXED400,TRACKING,400,23.417507,24.976171,2.495745,0.374835,4.938191,2.000000,2.000000,5.000000,1.700219,0
1784329839.231315,FIXED400,TRACKING,400,23.455089,24.964796,2.495635,0.420507,4.936844,2.000000,2.000000,5.000000,1.656636,0
1784329839.256308,FIXED400,TRACKING,400,23.419214,49.918561,2.495635,0.420507,4.936844,2.000000,2.000000,5.000000,1.656636,0
1784329839.281195,FIXED400,TRACKING,400,23.349084,24.745606,2.493145,0.469688,4.935947,2.000000,2.000000,5.000000,1.609084,0
1784329839.306316,FIXED400,TRACKING,400,23.291444,24.997811,2.489357,0.520160,4.934986,2.000000,2.000000,5.000000,1.560007,0
1784329839.331327,FIXED400,TRACKING,400,23.170714,24.821676,2.483462,0.583624,4.933157,2.000000,2.000000,5.000000,1.498107,0
1784329839.356323,FIXED400,TRACKING,400,23.178259,49.824857,2.483462,0.583624,4.933157,2.000000,2.000000,5.000000,1.498107,0
1784329839.381337,FIXED400,TRACKING,400,23.156126,24.891927,2.479300,0.621857,4.931568,2.000000,2.000000,5.000000,1.460715,0
1784329839.406312,FIXED400,TRACKING,400,23.271101,24.995321,2.469241,0.687323,4.931979,2.000000,2.000000,5.000000,1.395685,0
1784329839.431333,FIXED400,TRACKING,400,23.185811,24.831440,2.460264,0.739914,4.932140,2.000000,2.000000,5.000000,1.343229,0
1784329839.456308,FIXED400,TRACKING,400,23.198591,49.818015,2.460264,0.739914,4.932140,2.000000,2.000000,5.000000,1.343229,0
1784329839.481324,FIXED400,TRACKING,400,23.125541,24.876557,2.450551,0.792680,4.931988,2.000000,2.000000,5.000000,1.290443,0
1784329839.506328,FIXED400,TRACKING,400,23.126687,24.941168,2.439504,0.845902,4.931581,2.000000,2.000000,5.000000,1.236845,0
1784329839.531319,FIXED400,TRACKING,400,23.003560,24.801661,2.426024,0.899942,4.930062,2.000000,2.000000,5.000000,1.181742,0
1784329839.556329,FIXED400,TRACKING,400,23.061710,49.868880,2.426024,0.899942,4.930062,2.000000,2.000000,5.000000,1.181742,0
1784329839.581233,FIXED400,TRACKING,400,23.014063,24.786483,2.412153,0.954054,4.928518,2.000000,2.000000,5.000000,1.126492,0
1784329839.606326,FIXED400,TRACKING,400,23.030763,25.045143,2.394281,1.021841,4.927245,2.000000,2.000000,5.000000,1.057141,0
1784329839.631306,FIXED400,TRACKING,400,23.012058,24.893423,2.380829,1.076770,4.928249,2.000000,2.000000,5.000000,1.001265,0
1784329839.656312,FIXED400,TRACKING,400,23.074832,49.962768,2.380829,1.076770,4.928249,2.000000,2.000000,5.000000,1.001265,0
1784329839.681240,FIXED400,TRACKING,400,22.931454,24.704360,2.367471,1.131967,4.929968,2.000000,2.000000,5.000000,0.945209,0
1784329839.706324,FIXED400,TRACKING,400,23.021941,25.105238,2.353776,1.187183,4.931454,2.000000,2.000000,5.000000,0.889116,0
1784329839.731309,FIXED400,TRACKING,400,23.074575,24.973067,2.339700,1.242356,4.932272,2.000000,2.000000,5.000000,0.833071,0
1784329839.756306,FIXED400,TRACKING,400,23.389683,50.285359,2.339700,1.242356,4.932272,2.000000,2.000000,5.000000,0.833071,0
1784329839.781307,FIXED400,TRACKING,400,22.983083,24.505421,2.325949,1.298386,4.935462,2.000000,2.000000,5.000000,0.776318,0
1784329839.806317,FIXED400,TRACKING,400,22.939881,24.899123,2.308545,1.368743,4.940265,2.000000,2.000000,5.000000,0.705162,0
1784329839.831313,FIXED400,TRACKING,400,22.900882,24.890510,2.294205,1.424957,4.944242,2.000000,2.000000,5.000000,0.648337,0
1784329839.856303,FIXED400,TRACKING,400,22.837407,49.816552,2.294205,1.424957,4.944242,2.000000,2.000000,5.000000,0.648337,0
1784329839.881334,FIXED400,TRACKING,400,22.816857,24.918226,2.279588,1.481085,4.948491,2.000000,2.000000,5.000000,0.591689,0
1784329839.906324,FIXED400,TRACKING,400,23.030964,25.100003,2.261814,1.535422,4.955361,2.000000,2.000000,5.000000,0.535138,0
1784329839.931326,FIXED400,TRACKING,400,22.776902,24.632589,2.244173,1.589653,4.960948,2.000000,2.000000,5.000000,0.479093,0
1784329839.956304,FIXED400,TRACKING,400,22.818084,49.648649,2.244173,1.589653,4.960948,2.000000,2.000000,5.000000,0.479093,0
1784329839.981319,FIXED400,TRACKING,400,22.825520,24.956819,2.226685,1.643708,4.964822,2.000000,2.000000,5.000000,0.423754,0
1784329840.006316,FIXED400,TRACKING,400,22.981815,25.090693,2.204376,1.711351,4.967810,2.000000,2.000000,5.000000,0.355139,0
1784329840.031311,FIXED400,TRACKING,400,22.897312,24.845734,2.185884,1.765501,4.970104,2.000000,2.000000,5.000000,0.300726,0
1784329840.056312,FIXED400,TRACKING,400,22.884699,49.836271,2.185884,1.765501,4.970104,2.000000,2.000000,5.000000,0.300726,0
1784329840.081314,FIXED400,TRACKING,400,22.848852,24.902757,2.167508,1.819031,4.971984,0.000000,2.000000,5.000000,2.175230,0
1784329840.106320,FIXED400,TRACKING,400,23.235015,25.275731,2.149226,1.871804,4.973718,0.000000,2.000000,5.000000,2.153207,0
1784329840.131310,FIXED400,TRACKING,400,23.648618,25.298002,2.131226,1.924171,4.975396,0.000000,2.000000,5.000000,2.132716,0
1784329840.156305,FIXED400,TRACKING,400,23.730699,50.378277,2.131226,1.924171,4.975396,0.000000,2.000000,5.000000,2.132716,0
1784329840.181234,FIXED400,TRACKING,400,23.780205,24.884863,2.113497,1.976032,4.976252,0.000000,2.000000,5.000000,2.113766,0
1784329840.206310,FIXED400,TRACKING,400,23.688038,24.918730,2.091258,2.039190,4.977570,0.000000,2.000000,5.000000,2.091745,0
1784329840.231309,FIXED400,TRACKING,400,23.785560,25.030648,2.073235,2.088203,4.978870,0.000000,2.000000,5.000000,2.075218,0
1784329840.256321,FIXED400,TRACKING,400,23.715023,49.972600,2.073235,2.088203,4.978870,0.000000,2.000000,5.000000,2.075218,0
1784329840.281314,FIXED400,TRACKING,400,23.611430,24.797665,2.056078,2.136406,4.980723,0.000000,2.000000,5.000000,2.060688,0
1784329840.306314,FIXED400,TRACKING,400,23.633615,24.958334,2.038733,2.182994,4.983577,0.000000,2.000000,5.000000,2.046995,0
1784329840.331321,FIXED400,TRACKING,400,23.580471,24.888772,2.020467,2.227627,4.987023,0.000000,2.000000,5.000000,2.033290,0
1784329840.356338,FIXED400,TRACKING,400,23.525304,49.849789,2.020467,2.227627,4.987023,0.000000,2.000000,5.000000,2.033290,0
1784329840.381326,FIXED400,TRACKING,400,23.536713,24.904464,2.000762,2.270024,4.991934,0.000000,2.000000,5.000000,2.018917,0
1784329840.406319,FIXED400,TRACKING,400,25.036377,26.397389,1.976559,2.314766,5.004586,0.000000,2.000000,5.000000,2.001471,1
1784329840.431465,FIXED400,TRACKING,400,25.308172,51.808635,1.976559,2.314766,5.004586,0.000000,2.000000,5.000000,2.001471,1
1784329840.456898,FIXED400,TRACKING,400,23.351660,23.375418,1.955018,2.348347,5.014525,0.000000,2.000000,5.000000,1.985863,0
1784329840.481199,FIXED400,TRACKING,400,23.425321,24.312969,1.931548,2.379949,5.023765,0.000000,2.000000,5.000000,1.968706,0
1784329840.506330,FIXED400,TRACKING,400,23.309393,24.943239,1.905426,2.408957,5.031347,0.000000,2.000000,5.000000,1.949071,0
1784329840.531335,FIXED400,TRACKING,400,23.206459,24.833064,1.875086,2.433815,5.037106,0.000000,2.000000,5.000000,1.924972,0
1784329840.556322,FIXED400,TRACKING,400,23.246902,49.858281,1.875086,2.433815,5.037106,0.000000,2.000000,5.000000,1.924972,0
1784329840.581320,FIXED400,TRACKING,400,23.266753,24.954729,1.843008,2.456849,5.042353,0.000000,2.000000,5.000000,1.899259,0
1784329840.606326,FIXED400,TRACKING,400,23.366502,25.033155,1.800472,2.483083,5.048514,0.000000,2.000000,5.000000,1.864785,0
1784329840.631320,FIXED400,TRACKING,400,23.216739,24.759278,1.761469,2.497874,5.054254,0.000000,2.000000,5.000000,1.831282,0
1784329840.656331,FIXED400,TRACKING,400,23.267989,49.820194,1.761469,2.497874,5.054254,0.000000,2.000000,5.000000,1.831282,0
1784329840.681322,FIXED400,TRACKING,400,23.319012,24.956186,1.720374,2.509930,5.058826,0.000000,2.000000,5.000000,1.795320,0
1784329840.706325,FIXED400,TRACKING,400,23.256026,24.858925,1.678149,2.520467,5.062820,0.000000,2.000000,5.000000,1.758129,0
1784329840.731335,FIXED400,TRACKING,400,23.194579,24.875963,1.623781,2.531368,5.067953,0.000000,2.000000,5.000000,1.709864,0
1784329840.756344,FIXED400,TRACKING,400,23.394916,50.087641,1.623781,2.531368,5.067953,0.000000,2.000000,5.000000,1.709864,0
1784329840.781201,FIXED400,TRACKING,400,23.235624,24.607308,1.574874,2.535328,5.071354,0.000000,2.000000,5.000000,1.664901,0
1784329840.806319,FIXED400,TRACKING,400,23.380079,25.193697,1.525687,2.538316,5.072482,0.000000,2.000000,5.000000,1.619493,0
1784329840.831320,FIXED400,TRACKING,400,23.340339,24.889081,1.476142,2.540251,5.072223,0.000000,2.000000,5.000000,1.573557,0
1784329840.856315,FIXED400,TRACKING,400,23.265427,49.810148,1.476142,2.540251,5.072223,0.000000,2.000000,5.000000,1.573557,0
1784329840.881325,FIXED400,TRACKING,400,23.186953,24.823400,1.426181,2.540979,5.071207,0.000000,2.000000,5.000000,1.526998,0
1784329840.906318,FIXED400,TRACKING,400,23.364385,25.071472,1.371760,2.540086,5.066898,0.000000,2.000000,5.000000,1.475769,0
1784329840.931318,FIXED400,TRACKING,400,23.250029,24.789092,1.317206,2.538041,5.062162,0.000000,2.000000,5.000000,1.424213,0
1784329840.956322,FIXED400,TRACKING,400,23.199683,49.742859,1.317206,2.538041,5.062162,0.000000,2.000000,5.000000,1.424213,0
1784329840.981243,FIXED400,TRACKING,400,23.162106,24.813417,1.262520,2.534971,5.056776,0.000000,2.000000,5.000000,1.372361,0
1784329841.006336,FIXED400,TRACKING,400,23.188496,25.052306,1.193308,2.527657,5.049921,0.000000,2.000000,5.000000,1.305717,0
1784329841.031329,FIXED400,TRACKING,400,23.078860,24.817498,1.136994,2.518309,5.045482,0.000000,2.000000,5.000000,1.250387,0
1784329841.056331,FIXED400,TRACKING,400,23.205691,49.947137,1.136994,2.518309,5.045482,0.000000,2.000000,5.000000,1.250387,0
1784329841.081260,FIXED400,TRACKING,400,23.210199,24.849633,1.080596,2.508274,5.041184,0.000000,2.000000,5.000000,1.194875,0
1784329841.106318,FIXED400,TRACKING,400,23.167934,24.936965,1.024130,2.497566,5.036928,0.000000,2.000000,5.000000,1.139200,0
1784329841.131331,FIXED400,TRACKING,400,23.032423,24.810336,0.966564,2.485636,5.032839,0.000000,2.000000,5.000000,1.082204,0
1784329841.156317,FIXED400,TRACKING,400,23.018992,49.783187,0.966564,2.485636,5.032839,0.000000,2.000000,5.000000,1.082204,0
1784329841.181329,FIXED400,TRACKING,400,23.028200,24.959601,0.908026,2.472602,5.028790,0.000000,2.000000,5.000000,1.024057,0
1784329841.206331,FIXED400,TRACKING,400,23.115112,25.023436,0.835052,2.455671,5.023063,0.000000,2.000000,5.000000,0.951568,0
1784329841.231321,FIXED400,TRACKING,400,23.147785,24.950794,0.776811,2.441573,5.018771,0.000000,2.000000,5.000000,0.893741,0
1784329841.256326,FIXED400,TRACKING,400,23.091049,49.899286,0.776811,2.441573,5.018771,0.000000,2.000000,5.000000,0.893741,0
1784329841.281243,FIXED400,TRACKING,400,22.918110,24.676878,0.719377,2.426152,5.015031,0.000000,2.000000,5.000000,0.836263,0
1784329841.306318,FIXED400,TRACKING,400,22.870252,24.955754,0.662270,2.410087,5.011320,0.000000,2.000000,5.000000,0.779039,0
1784329841.331203,FIXED400,TRACKING,400,23.471580,25.418660,0.605273,2.393508,5.009027,0.000000,2.000000,5.000000,0.722001,0
1784329841.356357,FIXED400,TRACKING,400,22.879998,49.981543,0.605273,2.393508,5.009027,0.000000,2.000000,5.000000,0.722001,0
1784329841.381324,FIXED400,TRACKING,400,22.862739,24.852416,0.534481,2.372219,5.007693,0.000000,2.000000,5.000000,0.651364,0
1784329841.406324,FIXED400,TRACKING,400,23.342632,25.379909,0.478477,2.354793,5.010684,0.000000,2.000000,5.000000,0.595762,0
1784329841.431262,FIXED400,TRACKING,400,22.915462,24.409363,0.422793,2.336815,5.013706,0.000000,2.000000,5.000000,0.540728,0
1784329841.456325,FIXED400,TRACKING,400,22.789827,49.344072,0.422793,2.336815,5.013706,0.000000,2.000000,5.000000,0.540728,0
1784329841.481334,FIXED400,TRACKING,400,22.869588,25.016824,0.367541,2.318423,5.015132,0.000000,2.000000,5.000000,0.486527,0
1784329841.506321,FIXED400,TRACKING,400,23.062250,25.111882,0.312729,2.299712,5.016577,0.000000,2.000000,5.000000,0.433476,0
1784329841.531339,FIXED400,TRACKING,400,22.923107,24.808790,0.258253,2.281082,5.018563,0.000000,2.000000,5.000000,0.382160,0
1784329841.556337,FIXED400,TRACKING,400,22.934070,49.817242,0.258253,2.281082,5.018563,0.000000,2.000000,5.000000,0.382160,0
1784329841.581318,FIXED400,TRACKING,400,22.729376,24.702040,0.191161,2.257012,5.019949,0.000000,2.000000,5.000000,0.320930,0
1784329841.606319,FIXED400,TRACKING,400,22.850682,25.093854,0.138342,2.237312,5.019268,0.000000,0.000000,5.000000,2.241667,0
1784329841.631328,FIXED400,TRACKING,400,23.234333,25.271441,0.087642,2.215680,5.018571,0.000000,0.000000,5.000000,2.217491,0
1784329841.656328,FIXED400,TRACKING,400,23.410472,50.446698,0.087642,2.215680,5.018571,0.000000,0.000000,5.000000,2.217491,0
1784329841.681329,FIXED400,TRACKING,400,23.430699,24.929464,0.038333,2.193373,5.017831,0.000000,0.000000,5.000000,2.193780,0
1784329841.706314,FIXED400,TRACKING,400,23.540977,25.028104,-0.009936,2.171069,5.016689,0.000000,0.000000,5.000000,2.171156,0
1784329841.731308,FIXED400,TRACKING,400,23.695564,25.074887,-0.056874,2.148825,5.016141,0.000000,0.000000,5.000000,2.149639,0
1784329841.756309,FIXED400,TRACKING,400,23.793481,50.177319,-0.056874,2.148825,5.016141,0.000000,0.000000,5.000000,2.149639,0
1784329841.781206,FIXED400,TRACKING,400,24.048761,25.060843,-0.103212,2.126151,5.017865,0.000000,0.000000,5.000000,2.128729,0
1784329841.806227,FIXED400,TRACKING,400,23.604337,24.494673,-0.159132,2.097466,5.018781,0.000000,0.000000,5.000000,2.103577,0
1784329841.831197,FIXED400,TRACKING,400,23.556006,24.852844,-0.201839,2.074170,5.017319,0.000000,0.000000,5.000000,2.084040,0
1784329841.856318,FIXED400,TRACKING,400,23.612729,50.032418,-0.201839,2.074170,5.017319,0.000000,0.000000,5.000000,2.084040,0
1784329841.881242,FIXED400,TRACKING,400,23.776541,24.993287,-0.242444,2.050264,5.014803,0.000000,0.000000,5.000000,2.064602,0
1784329841.906320,FIXED400,TRACKING,400,23.690130,24.905687,-0.278803,2.029737,5.010045,0.000000,0.000000,5.000000,2.048820,0
1784329841.931255,FIXED400,TRACKING,400,23.742896,24.892443,-0.312587,2.007330,5.007280,0.000000,0.000000,5.000000,2.031536,0
1784329841.956321,FIXED400,TRACKING,400,23.636639,49.852212,-0.312587,2.007330,5.007280,0.000000,0.000000,5.000000,2.031536,0
1784329841.981324,FIXED400,TRACKING,400,23.590441,24.869424,-0.343817,1.982800,5.006476,0.000000,0.000000,5.000000,2.012399,0
1784329842.006319,FIXED400,TRACKING,400,23.518167,24.852451,-0.378078,1.948644,5.008017,0.000000,0.000000,5.000000,1.984999,0
1784329842.031311,FIXED400,TRACKING,400,23.973692,25.377906,-0.401246,1.918244,5.011181,0.000000,0.000000,5.000000,1.959791,0
1784329842.056324,FIXED400,TRACKING,400,23.697550,50.113753,-0.401246,1.918244,5.011181,0.000000,0.000000,5.000000,1.959791,0
1784329842.081210,FIXED400,TRACKING,400,24.295446,25.392593,-0.422993,1.885963,5.014074,0.000000,0.000000,5.000000,1.932868,0
1784329842.106315,FIXED400,TRACKING,400,23.607758,24.345375,-0.448240,1.843197,5.016727,0.000000,0.000000,5.000000,1.896991,0
1784329842.131391,FIXED400,TRACKING,400,23.406061,24.784232,-0.460532,1.815235,5.016399,0.000000,0.000000,5.000000,1.872815,0
1784329842.156326,FIXED400,TRACKING,400,23.531909,49.845165,-0.460532,1.815235,5.016399,0.000000,0.000000,5.000000,1.872815,0
1784329842.181312,FIXED400,TRACKING,400,23.500110,24.889906,-0.474700,1.776137,5.013937,0.000000,0.000000,5.000000,1.838532,0
1784329842.206351,FIXED400,TRACKING,400,23.427226,24.898290,-0.490350,1.725430,5.010872,0.000000,0.000000,5.000000,1.793787,0
1784329842.231207,FIXED400,TRACKING,400,23.420666,24.783545,-0.501091,1.683409,5.009151,0.000000,0.000000,5.000000,1.756428,0
1784329842.256329,FIXED400,TRACKING,400,23.375456,49.860091,-0.501091,1.683409,5.009151,0.000000,0.000000,5.000000,1.756428,0
1784329842.281327,FIXED400,TRACKING,400,23.420128,24.975189,-0.511226,1.637548,5.006193,0.000000,0.000000,5.000000,1.715504,0
1784329842.306335,FIXED400,TRACKING,400,23.498543,25.019547,-0.520178,1.590132,5.001952,0.000000,0.000000,5.000000,1.673053,0
1784329842.331326,FIXED400,TRACKING,400,23.408376,24.835315,-0.527751,1.542278,4.995990,0.000000,0.000000,5.000000,1.630079,0
1784329842.356328,FIXED400,TRACKING,400,23.364773,49.794236,-0.527751,1.542278,4.995990,0.000000,0.000000,5.000000,1.630079,0
1784329842.381262,FIXED400,TRACKING,400,23.301045,24.766051,-0.533745,1.493951,4.989234,0.000000,0.000000,5.000000,1.586470,0
1784329842.406334,FIXED400,TRACKING,400,23.470761,25.159463,-0.537096,1.428580,4.976311,0.000000,0.000000,5.000000,1.526392,0
1784329842.431329,FIXED400,TRACKING,400,23.350186,24.760910,-0.537694,1.375881,4.968438,0.000000,0.000000,5.000000,1.477552,0
1784329842.456325,FIXED400,TRACKING,400,23.319625,49.725292,-0.537694,1.375881,4.968438,0.000000,0.000000,5.000000,1.477552,0
1784329842.481338,FIXED400,TRACKING,400,23.408786,25.025685,-0.536738,1.322971,4.961328,0.000000,0.000000,5.000000,1.428228,0
1784329842.506243,FIXED400,TRACKING,400,23.404919,24.817127,-0.534173,1.268810,4.954462,0.000000,0.000000,5.000000,1.377423,0
1784329842.531343,FIXED400,TRACKING,400,23.360420,24.989846,-0.529741,1.211422,4.948091,0.000000,0.000000,5.000000,1.323202,0
1784329842.556342,FIXED400,TRACKING,400,23.404640,50.033853,-0.529741,1.211422,4.948091,0.000000,0.000000,5.000000,1.323202,0
1784329842.581335,FIXED400,TRACKING,400,23.239302,24.755774,-0.522670,1.139752,4.941785,0.000000,0.000000,5.000000,1.255232,0
1784329842.606320,FIXED400,TRACKING,400,23.294927,24.977291,-0.515932,1.082410,4.938156,0.000000,0.000000,5.000000,1.200676,0
1784329842.631340,FIXED400,TRACKING,400,23.111946,24.762035,-0.509331,1.023734,4.937623,0.000000,0.000000,5.000000,1.145138,0
1784329842.656330,FIXED400,TRACKING,400,23.057461,49.697484,-0.509331,1.023734,4.937623,0.000000,0.000000,5.000000,1.145138,0
1784329842.681333,FIXED400,TRACKING,400,23.057358,24.926068,-0.501965,0.964743,4.938694,0.000000,0.000000,5.000000,1.089246,0
1784329842.706326,FIXED400,TRACKING,400,23.045952,24.901249,-0.493422,0.905917,4.941157,0.000000,0.000000,5.000000,1.033254,0
1784329842.731343,FIXED400,TRACKING,400,22.986435,24.877106,-0.483865,0.847319,4.943892,0.000000,0.000000,5.000000,0.977355,0
1784329842.756341,FIXED400,TRACKING,400,23.021802,49.909732,-0.483865,0.847319,4.943892,0.000000,0.000000,5.000000,0.977355,0
1784329842.781250,FIXED400,TRACKING,400,22.945753,24.748638,-0.474353,0.789213,4.947293,0.000000,0.000000,5.000000,0.922305,0
1784329842.806346,FIXED400,TRACKING,400,23.063566,25.152438,-0.461645,0.717004,4.951383,0.000000,0.000000,5.000000,0.854151,0
1784329842.831362,FIXED400,TRACKING,400,23.014555,24.899917,-0.450441,0.659505,4.955132,0.000000,0.000000,5.000000,0.799911,0
1784329842.856341,FIXED400,TRACKING,400,23.041386,49.905515,-0.450441,0.659505,4.955132,0.000000,0.000000,5.000000,0.799911,0
1784329842.881254,FIXED400,TRACKING,400,23.046850,24.820856,-0.438374,0.602288,4.958637,0.000000,0.000000,5.000000,0.746078,0
1784329842.906332,FIXED400,TRACKING,400,23.127957,25.072199,-0.425837,0.543536,4.965963,0.000000,0.000000,5.000000,0.691323,0
1784329842.931344,FIXED400,TRACKING,400,23.038918,24.821893,-0.412545,0.485255,4.973513,0.000000,0.000000,5.000000,0.637469,0
1784329842.956338,FIXED400,TRACKING,400,23.095471,49.870483,-0.412545,0.485255,4.973513,0.000000,0.000000,5.000000,0.637469,0
1784329842.981375,FIXED400,TRACKING,400,22.885291,24.762604,-0.398540,0.427463,4.980332,0.000000,0.000000,5.000000,0.584762,0
1784329843.006328,FIXED400,TRACKING,400,22.888144,24.889269,-0.380646,0.355979,4.988079,0.000000,0.000000,5.000000,0.521301,0
1784329843.031341,FIXED400,TRACKING,400,22.873685,24.937152,-0.366149,0.299463,4.994578,0.000000,0.000000,5.000000,0.473046,0
1784329843.056328,FIXED400,TRACKING,400,22.895896,49.941215,-0.366149,0.299463,4.994578,0.000000,0.000000,5.000000,0.473046,0
1784329843.081322,FIXED400,TRACKING,400,22.826660,24.835969,-0.350884,0.243491,5.000291,0.000000,0.000000,5.000000,0.427093,0
1784329843.106342,FIXED400,TRACKING,400,22.898129,25.019787,-0.334873,0.188212,5.004788,0.000000,0.000000,5.000000,0.384170,0
1784329843.131352,FIXED400,TRACKING,400,22.840085,24.879945,-0.318399,0.132962,5.007487,0.000000,0.000000,5.000000,0.345127,0
1784329843.156342,FIXED400,TRACKING,400,22.892730,49.921251,-0.318399,0.132962,5.007487,0.000000,0.000000,5.000000,0.345127,0
1784329843.181209,FIXED400,TRACKING,400,22.953223,24.861238,-0.301388,0.078077,5.009336,0.000000,0.000000,5.000000,0.311477,0
1784329843.206324,FIXED400,TRACKING,400,22.940332,25.036394,-0.279129,0.011278,5.012348,0.000000,0.000000,5.000000,0.279629,0
1784329843.231340,FIXED400,TRACKING,400,23.058955,25.062940,-0.260618,-0.040613,5.014720,0.000000,0.000000,5.000000,0.264174,0
1784329843.256344,FIXED400,TRACKING,400,23.024993,50.032851,-0.260618,-0.040613,5.014720,0.000000,0.000000,5.000000,0.264174,0
1784329843.281213,FIXED400,TRACKING,400,22.863262,24.636541,-0.241352,-0.090289,5.018113,0.000000,0.000000,5.000000,0.258323,0
1784329843.306353,FIXED400,TRACKING,400,22.899339,25.112945,-0.221623,-0.138324,5.020608,0.000000,0.000000,5.000000,0.262059,0
1784329843.331346,FIXED400,TRACKING,400,22.850913,24.875586,-0.201554,-0.184660,5.022197,0.000000,0.000000,5.000000,0.274256,0
1784329843.356341,FIXED400,TRACKING,400,22.860766,49.880123,-0.201554,-0.184660,5.022197,0.000000,0.000000,5.000000,0.274256,0
1784329843.381250,FIXED400,TRACKING,400,22.869099,24.836351,-0.181207,-0.229082,5.023430,0.000000,0.000000,5.000000,0.293025,0
1784329843.406335,FIXED400,TRACKING,400,23.039361,25.183348,-0.155028,-0.279815,5.031657,0.000000,0.000000,5.000000,0.321453,0
1784329843.431349,FIXED400,TRACKING,400,22.904606,24.784235,-0.133828,-0.317989,5.037436,0.000000,0.000000,5.000000,0.347028,0
1784329843.456351,FIXED400,TRACKING,400,22.884752,49.766373,-0.133828,-0.317989,5.037436,0.000000,0.000000,5.000000,0.347028,0
1784329843.481316,FIXED400,TRACKING,400,22.895445,24.898406,-0.112467,-0.353856,5.042809,0.000000,0.000000,5.000000,0.373759,0
1784329843.506343,FIXED400,TRACKING,400,22.903562,24.965340,-0.091461,-0.387714,5.046606,0.000000,0.000000,5.000000,0.401073,0
1784329843.531329,FIXED400,TRACKING,400,23.015257,25.021122,-0.071655,-0.419744,5.048501,0.000000,0.000000,5.000000,0.428569,0
1784329843.556336,FIXED400,TRACKING,400,22.925265,49.937722,-0.071655,-0.419744,5.048501,0.000000,0.000000,5.000000,0.428569,0
1784329843.581355,FIXED400,TRACKING,400,22.975908,24.997069,-0.051870,-0.449246,5.049683,0.000000,0.000000,5.000000,0.454951,0
1784329843.606338,FIXED400,TRACKING,400,22.902710,24.840605,-0.027391,-0.482477,5.050222,0.000000,0.000000,5.000000,0.485856,0
1784329843.631336,FIXED400,TRACKING,400,22.913357,24.935951,-0.007520,-0.504938,5.051483,0.000000,0.000000,5.000000,0.507611,0
1784329843.656343,FIXED400,TRACKING,400,22.903105,49.931604,-0.007520,-0.504938,5.051483,0.000000,0.000000,5.000000,0.507611,0
1784329843.681310,FIXED400,TRACKING,400,22.912710,24.904963,0.012098,-0.524495,5.052392,0.000000,0.000000,5.000000,0.527244,0
1784329843.706330,FIXED400,TRACKING,400,22.937787,24.947640,0.031179,-0.541537,5.052703,0.000000,0.000000,5.000000,0.544988,0
1784329843.731330,FIXED400,TRACKING,400,22.923729,24.909391,0.049704,-0.556247,5.051952,0.000000,0.000000,5.000000,0.560875,0
1784329843.756337,FIXED400,TRACKING,400,22.991530,49.984555,0.049704,-0.556247,5.051952,0.000000,0.000000,5.000000,0.560875,0
1784329843.781352,FIXED400,TRACKING,400,22.930411,24.862194,0.065460,-0.566007,5.051714,0.000000,0.000000,5.000000,0.572122,0
1784329843.806312,FIXED400,TRACKING,400,22.899040,24.856036,0.083493,-0.573969,5.051218,0.000000,0.000000,5.000000,0.582267,0
1784329843.831343,FIXED400,TRACKING,400,22.972558,25.043112,0.097275,-0.577965,5.049826,0.000000,0.000000,5.000000,0.588208,0
1784329843.856373,FIXED400,TRACKING,400,22.937224,50.038579,0.097275,-0.577965,5.049826,0.000000,0.000000,5.000000,0.588208,0
1784329843.881368,FIXED400,TRACKING,400,22.973110,24.931667,0.110321,-0.579747,5.048121,0.000000,0.000000,5.000000,0.592109,0
1784329843.906340,FIXED400,TRACKING,400,23.113673,25.027410,0.121810,-0.577025,5.048972,0.000000,0.000000,5.000000,0.591772,0
1784329843.931339,FIXED400,TRACKING,400,22.938070,24.727468,0.132573,-0.572104,5.049386,0.000000,0.000000,5.000000,0.589337,0
1784329843.956264,FIXED400,TRACKING,400,22.899304,49.613646,0.132573,-0.572104,5.049386,0.000000,0.000000,5.000000,0.589337,0
1784329843.981324,FIXED400,TRACKING,400,22.838372,24.934844,0.142495,-0.565068,5.049422,0.000000,0.000000,5.000000,0.584850,0
1784329844.006339,FIXED400,TRACKING,400,22.818349,24.931495,0.153377,-0.551271,5.049429,0.000000,0.000000,5.000000,0.574341,0
1784329844.031345,FIXED400,TRACKING,400,22.873382,24.995541,0.160972,-0.535896,5.048873,0.000000,0.000000,5.000000,0.561680,0
1784329844.056329,FIXED400,TRACKING,400,22.829847,49.937188,0.160972,-0.535896,5.048873,0.000000,0.000000,5.000000,0.561680,0
1784329844.081331,FIXED400,TRACKING,400,22.836445,24.922452,0.167737,-0.519048,5.048359,0.000000,0.000000,5.000000,0.547618,0
1784329844.106339,FIXED400,TRACKING,400,22.994140,25.086755,0.173614,-0.500699,5.048252,0.000000,0.000000,5.000000,0.532136,0
1784329844.131340,FIXED400,TRACKING,400,22.902802,24.842828,0.179157,-0.480011,5.049447,0.000000,0.000000,5.000000,0.514735,0
1784329844.156358,FIXED400,TRACKING,400,22.813628,49.771666,0.179157,-0.480011,5.049447,0.000000,0.000000,5.000000,0.514735,0
1784329844.181349,FIXED400,TRACKING,400,22.859757,24.972695,0.184459,-0.457268,5.051078,0.000000,0.000000,5.000000,0.495710,0
1784329844.206373,FIXED400,TRACKING,400,23.011399,25.109606,0.190077,-0.427542,5.051587,0.000000,0.000000,5.000000,0.470725,0
1784329844.231352,FIXED400,TRACKING,400,22.937203,24.837500,0.193773,-0.402853,5.050674,0.000000,0.000000,5.000000,0.449896,0
1784329844.256352,FIXED400,TRACKING,400,23.007820,49.910051,0.193773,-0.402853,5.050674,0.000000,0.000000,5.000000,0.449896,0
1784329844.281222,FIXED400,TRACKING,400,22.895489,24.691329,0.195417,-0.377344,5.050206,0.000000,0.000000,5.000000,0.427899,0
1784329844.306338,FIXED400,TRACKING,400,22.958374,25.115599,0.195882,-0.351113,5.050125,0.000000,0.000000,5.000000,0.405170,0
1784329844.331347,FIXED400,TRACKING,400,22.933877,24.919255,0.195744,-0.324275,5.049748,0.000000,0.000000,5.000000,0.382027,0
1784329844.356343,FIXED400,TRACKING,400,22.920021,49.897272,0.195744,-0.324275,5.049748,0.000000,0.000000,5.000000,0.382027,0
1784329844.381244,FIXED400,TRACKING,400,22.938688,24.816909,0.194995,-0.296956,5.048841,0.000000,0.000000,5.000000,0.358596,0
1784329844.406345,FIXED400,TRACKING,400,22.919833,24.986976,0.193725,-0.259644,5.047091,0.000000,0.000000,5.000000,0.327356,0
1784329844.431346,FIXED400,TRACKING,400,22.953471,24.923004,0.191984,-0.229606,5.044761,0.000000,0.000000,5.000000,0.302623,0
1784329844.456334,FIXED400,TRACKING,400,22.883080,49.840106,0.191984,-0.229606,5.044761,0.000000,0.000000,5.000000,0.302623,0
1784329844.481350,FIXED400,TRACKING,400,22.853745,24.915204,0.189516,-0.199427,5.042537,0.000000,0.000000,5.000000,0.278382,0
1784329844.506334,FIXED400,TRACKING,400,22.887445,24.947325,0.185878,-0.169471,5.040375,0.000000,0.000000,5.000000,0.254757,0
1784329844.531338,FIXED400,TRACKING,400,22.868990,24.911741,0.180177,-0.140216,5.037942,0.000000,0.000000,5.000000,0.231438,0
1784329844.556347,FIXED400,TRACKING,400,22.972194,50.023702,0.180177,-0.140216,5.037942,0.000000,0.000000,5.000000,0.231438,0
1784329844.581270,FIXED400,TRACKING,400,22.868337,24.743488,0.174055,-0.111146,5.035015,0.000000,0.000000,5.000000,0.209462,0
1784329844.606344,FIXED400,TRACKING,400,22.882591,25.005361,0.165887,-0.075246,5.030431,0.000000,0.000000,5.000000,0.184679,0
1784329844.631330,FIXED400,TRACKING,400,22.792196,24.824309,0.158634,-0.046364,5.024004,0.000000,0.000000,5.000000,0.167004,0
1784329844.656335,FIXED400,TRACKING,400,22.914278,49.950223,0.158634,-0.046364,5.024004,0.000000,0.000000,5.000000,0.167004,0
1784329844.681366,FIXED400,TRACKING,400,22.774844,24.818501,0.150946,-0.017862,5.016722,0.000000,0.000000,5.000000,0.152916,0
1784329844.706332,FIXED400,TRACKING,400,22.864802,24.983711,0.143047,0.009985,5.008591,0.000000,0.000000,5.000000,0.143652,0
1784329844.731332,FIXED400,TRACKING,400,22.866837,24.929906,0.134939,0.037049,5.000556,0.000000,0.000000,5.000000,0.139934,0
1784329844.756345,FIXED400,TRACKING,400,22.845002,49.918608,0.134939,0.037049,5.000556,0.000000,0.000000,5.000000,0.139934,0
1784329844.781348,FIXED400,TRACKING,400,22.784082,24.854050,0.126159,0.061520,4.992086,0.000000,0.000000,5.000000,0.140582,0
1784329844.806364,FIXED400,TRACKING,400,22.840465,25.004622,0.114779,0.090339,4.981623,0.000000,0.000000,5.000000,0.147218,0
1784329844.831347,FIXED400,TRACKING,400,22.841379,24.919274,0.105547,0.112366,4.974470,0.000000,0.000000,5.000000,0.156263,0
1784329844.856361,FIXED400,TRACKING,400,22.863552,49.955831,0.105547,0.112366,4.974470,0.000000,0.000000,5.000000,0.156263,0
1784329844.881264,FIXED400,TRACKING,400,22.813703,24.750769,0.096240,0.133279,4.969240,0.000000,0.000000,5.000000,0.167247,0
1784329844.906335,FIXED400,TRACKING,400,22.921609,25.103375,0.087392,0.150153,4.967530,0.000000,0.000000,5.000000,0.176742,0
1784329844.931346,FIXED400,TRACKING,400,22.928635,24.909704,0.078620,0.166294,4.965578,0.000000,0.000000,5.000000,0.187135,0
1784329844.956370,FIXED400,TRACKING,400,22.857017,49.859795,0.078620,0.166294,4.965578,0.000000,0.000000,5.000000,0.187135,0
1784329844.981263,FIXED400,TRACKING,400,22.960124,24.927673,0.069973,0.181581,4.963919,0.000000,0.000000,5.000000,0.197914,0
1784329845.006321,FIXED400,TRACKING,400,22.892476,24.925156,0.059033,0.199474,4.961827,0.000000,0.000000,5.000000,0.211499,0
1784329845.031355,FIXED400,TRACKING,400,22.937834,25.018864,0.050043,0.212680,4.960363,0.000000,0.000000,5.000000,0.222054,0
1784329845.056346,FIXED400,TRACKING,400,22.893533,49.966501,0.050043,0.212680,4.960363,0.000000,0.000000,5.000000,0.222054,0
1784329845.081221,FIXED400,TRACKING,400,22.854116,24.734720,0.041107,0.224650,4.960076,0.000000,0.000000,5.000000,0.231843,0
1784329845.106350,FIXED400,TRACKING,400,22.908340,25.111580,0.032355,0.235478,4.960313,0.000000,0.000000,5.000000,0.240981,0
1784329845.131350,FIXED400,TRACKING,400,22.905528,24.922032,0.024238,0.245377,4.962055,0.000000,0.000000,5.000000,0.249474,0
1784329845.156331,FIXED400,TRACKING,400,22.906497,49.903731,0.024238,0.245377,4.962055,0.000000,0.000000,5.000000,0.249474,0
1784329845.181351,FIXED400,TRACKING,400,22.944270,24.990393,0.016712,0.254316,4.964959,0.000000,0.000000,5.000000,0.257262,0
1784329845.206317,FIXED400,TRACKING,400,22.953035,24.906785,0.007553,0.263832,4.967898,0.000000,0.000000,5.000000,0.265885,0
1784329845.231350,FIXED400,TRACKING,400,23.003662,25.008877,0.000452,0.270254,4.969704,0.000000,0.000000,5.000000,0.271947,0
1784329845.256368,FIXED400,TRACKING,400,22.952319,49.975126,0.000452,0.270254,4.969704,0.000000,0.000000,5.000000,0.271947,0
1784329845.281335,FIXED400,TRACKING,400,22.926817,24.875633,-0.006757,0.272053,4.971683,0.000000,0.000000,5.000000,0.273606,0
1784329845.306347,FIXED400,TRACKING,400,22.934694,24.944279,-0.013752,0.271866,4.974004,0.000000,0.000000,5.000000,0.273452,0
1784329845.331270,FIXED400,TRACKING,400,22.917482,24.829878,-0.020422,0.270930,4.976407,0.000000,0.000000,5.000000,0.272721,0
1784329845.356357,FIXED400,TRACKING,400,22.926871,49.928784,-0.020422,0.270930,4.976407,0.000000,0.000000,5.000000,0.272721,0
1784329845.381280,FIXED400,TRACKING,400,22.914596,24.807548,-0.026787,0.269209,4.979102,0.000000,0.000000,5.000000,0.271344,0
1784329845.406345,FIXED400,TRACKING,400,23.127426,25.187218,-0.034756,0.263918,4.987156,0.000000,0.000000,5.000000,0.266507,0
1784329845.431350,FIXED400,TRACKING,400,22.944280,24.717140,-0.040765,0.259052,4.992408,0.000000,0.000000,5.000000,0.262350,0
1784329845.456363,FIXED400,TRACKING,400,23.034414,49.818390,-0.040765,0.259052,4.992408,0.000000,0.000000,5.000000,0.262350,0
1784329845.481333,FIXED400,TRACKING,400,22.964856,24.831024,-0.046381,0.253654,4.996803,0.000000,0.000000,5.000000,0.257880,0
1784329845.506338,FIXED400,TRACKING,400,22.913311,24.889849,-0.051704,0.246605,4.999964,0.000000,0.000000,5.000000,0.251967,0
1784329845.531344,FIXED400,TRACKING,400,22.829597,24.848653,-0.056991,0.235985,5.001021,0.000000,0.000000,5.000000,0.242771,0
1784329845.556325,FIXED400,TRACKING,400,22.901223,49.900561,-0.056991,0.235985,5.001021,0.000000,0.000000,5.000000,0.242771,0
1784329845.581355,FIXED400,TRACKING,400,23.020958,25.070142,-0.061916,0.225118,5.002343,0.000000,0.000000,5.000000,0.233490,0
1784329845.606361,FIXED400,TRACKING,400,23.397171,25.304711,-0.067586,0.211240,5.003819,0.000000,0.000000,5.000000,0.221822,0
1784329845.631354,FIXED400,TRACKING,400,22.917626,24.439437,-0.069765,0.199801,5.005230,0.000000,0.000000,5.000000,0.211696,0
1784329845.656352,FIXED400,TRACKING,400,22.907844,49.428630,-0.069765,0.199801,5.005230,0.000000,0.000000,5.000000,0.211696,0
1784329845.681365,FIXED400,TRACKING,400,22.871357,24.876956,-0.071120,0.188167,5.006399,0.000000,0.000000,5.000000,0.201261,0
1784329845.706337,FIXED400,TRACKING,400,23.455400,25.474202,-0.072240,0.176457,5.007611,0.000000,0.000000,5.000000,0.190824,0
1784329845.731348,FIXED400,TRACKING,400,23.554642,25.023465,-0.073134,0.164569,5.009171,0.000000,0.000000,5.000000,0.180321,0
1784329845.756384,FIXED400,TRACKING,400,23.413851,49.922760,-0.073134,0.164569,5.009171,0.000000,0.000000,5.000000,0.180321,0
1784329845.781278,FIXED400,TRACKING,400,23.459032,24.822934,-0.073658,0.152059,5.011657,0.000000,0.000000,5.000000,0.169362,0
1784329845.806331,FIXED400,TRACKING,400,23.421405,24.936001,-0.073903,0.136110,5.013866,0.000000,0.000000,5.000000,0.155498,0
1784329845.831349,FIXED400,TRACKING,400,22.872331,24.394836,-0.073769,0.123320,5.015366,0.000000,0.000000,5.000000,0.144519,0
1784329845.856341,FIXED400,TRACKING,400,22.962109,49.477336,-0.073769,0.123320,5.015366,0.000000,0.000000,5.000000,0.144519,0
1784329845.881268,FIXED400,TRACKING,400,22.859512,24.718074,-0.073267,0.110451,5.016942,0.000000,0.000000,5.000000,0.133621,0
1784329845.906353,FIXED400,TRACKING,400,23.049354,25.193410,-0.074488,0.095918,5.015556,0.000000,0.000000,5.000000,0.122437,0
1784329845.931346,FIXED400,TRACKING,400,23.014840,24.853681,-0.075189,0.081541,5.013942,0.000000,0.000000,5.000000,0.111789,0
1784329845.956223,FIXED400,TRACKING,400,23.055039,49.769341,-0.075189,0.081541,5.013942,0.000000,0.000000,5.000000,0.111789,0
1784329845.981266,FIXED400,TRACKING,400,22.911500,24.816994,-0.075396,0.067372,5.011781,0.000000,0.000000,5.000000,0.101796,0
1784329846.006353,FIXED400,TRACKING,400,23.005597,25.118523,-0.075186,0.048277,5.007148,0.000000,0.000000,5.000000,0.089637,0
1784329846.031353,FIXED400,TRACKING,400,22.979301,24.909114,-0.074781,0.031448,5.001917,0.000000,0.000000,5.000000,0.081147,0
1784329846.056340,FIXED400,TRACKING,400,22.982745,49.899793,-0.074781,0.031448,5.001917,0.000000,0.000000,5.000000,0.081147,0
1784329846.081265,FIXED400,TRACKING,400,22.951241,24.830344,-0.074044,0.015204,4.997118,0.000000,0.000000,5.000000,0.075643,0
1784329846.106338,FIXED400,TRACKING,400,22.930901,24.981159,-0.072974,-0.000475,4.993363,0.000000,0.000000,5.000000,0.073277,0
1784329846.131347,FIXED400,TRACKING,400,22.885160,24.892250,-0.071645,-0.016839,4.990772,0.000000,0.000000,5.000000,0.074174,0
1784329846.156348,FIXED400,TRACKING,400,22.958949,49.970787,-0.071645,-0.016839,4.990772,0.000000,0.000000,5.000000,0.074174,0
1784329846.181226,FIXED400,TRACKING,400,22.923664,24.772464,-0.070136,-0.033702,4.989506,0.000000,0.000000,5.000000,0.078518,0
1784329846.206335,FIXED400,TRACKING,400,23.024811,25.146442,-0.067987,-0.053695,4.988372,0.000000,0.000000,5.000000,0.087410,0
1784329846.231355,FIXED400,TRACKING,400,22.954353,24.883319,-0.066067,-0.068744,4.987100,0.000000,0.000000,5.000000,0.096213,0
1784329846.256341,FIXED400,TRACKING,400,23.004058,49.919144,-0.066067,-0.068744,4.987100,0.000000,0.000000,5.000000,0.096213,0
1784329846.281224,FIXED400,TRACKING,400,22.976341,24.779368,-0.065062,-0.083321,4.990577,0.000000,0.000000,5.000000,0.106134,0
1784329846.306343,FIXED400,TRACKING,400,23.083026,25.151569,-0.063822,-0.100431,4.996490,0.000000,0.000000,5.000000,0.119046,0
1784329846.331356,FIXED400,TRACKING,400,22.912441,24.771070,-0.062882,-0.110017,4.999980,0.000000,0.000000,5.000000,0.126720,0
1784329846.356350,FIXED400,TRACKING,400,22.997384,49.850629,-0.062882,-0.110017,4.999980,0.000000,0.000000,5.000000,0.126720,0
1784329846.381364,FIXED400,TRACKING,400,22.892629,24.816436,-0.061395,-0.122013,5.004506,0.000000,0.000000,5.000000,0.136663,0
1784329846.406348,FIXED400,TRACKING,400,23.070045,25.069402,-0.058320,-0.135054,5.013402,0.000000,0.000000,5.000000,0.147717,0
1784329846.431358,FIXED400,TRACKING,400,22.943748,24.782939,-0.055704,-0.144526,5.019654,0.000000,0.000000,5.000000,0.156132,0
1784329846.456369,FIXED400,TRACKING,400,22.882806,49.732602,-0.055704,-0.144526,5.019654,0.000000,0.000000,5.000000,0.156132,0
1784329846.481377,FIXED400,TRACKING,400,22.889405,24.935807,-0.052904,-0.153120,5.025047,0.000000,0.000000,5.000000,0.163926,0
1784329846.506361,FIXED400,TRACKING,400,22.915124,24.942864,-0.050316,-0.161106,5.030332,0.000000,0.000000,5.000000,0.171484,0
1784329846.531357,FIXED400,TRACKING,400,22.888771,24.896332,-0.048600,-0.168980,5.036824,0.000000,0.000000,5.000000,0.179644,0
1784329846.556339,FIXED400,TRACKING,400,22.913673,49.902628,-0.048600,-0.168980,5.036824,0.000000,0.000000,5.000000,0.179644,0
1784329846.581272,FIXED400,TRACKING,400,22.895054,24.821557,-0.046755,-0.175832,5.042314,0.000000,0.000000,5.000000,0.186798,0
1784329846.606381,FIXED400,TRACKING,400,22.855142,25.003301,-0.044321,-0.182880,5.047787,0.000000,0.000000,5.000000,0.194147,0
1784329846.631350,FIXED400,TRACKING,400,22.892510,24.938393,-0.041795,-0.187486,5.052561,0.000000,0.000000,5.000000,0.199149,0
1784329846.656353,FIXED400,TRACKING,400,22.859927,49.909231,-0.041795,-0.187486,5.052561,0.000000,0.000000,5.000000,0.199149,0
1784329846.681355,FIXED400,TRACKING,400,22.889784,24.961616,-0.038934,-0.191008,5.057280,0.000000,0.000000,5.000000,0.203177,0
1784329846.706345,FIXED400,TRACKING,400,22.864640,24.879483,-0.035946,-0.193604,5.060025,0.000000,0.000000,5.000000,0.205858,0
1784329846.731384,FIXED400,TRACKING,400,22.917944,25.021528,-0.032865,-0.195230,5.061484,0.000000,0.000000,5.000000,0.207305,0
1784329846.756355,FIXED400,TRACKING,400,22.897074,49.971892,-0.032865,-0.195230,5.061484,0.000000,0.000000,5.000000,0.207305,0
1784329846.781228,FIXED400,TRACKING,400,22.876473,24.742965,-0.029449,-0.194111,5.061658,0.000000,0.000000,5.000000,0.205786,0
1784329846.806336,FIXED400,TRACKING,400,22.884893,25.045836,-0.025057,-0.190988,5.060693,0.000000,0.000000,5.000000,0.201960,0
1784329846.831227,FIXED400,TRACKING,400,22.873567,24.816843,-0.021591,-0.187770,5.059526,0.000000,0.000000,5.000000,0.198159,0
1784329846.856349,FIXED400,TRACKING,400,22.994349,50.061343,-0.021591,-0.187770,5.059526,0.000000,0.000000,5.000000,0.198159,0
1784329846.881380,FIXED400,TRACKING,400,22.896389,24.828992,-0.018162,-0.183972,5.057291,0.000000,0.000000,5.000000,0.193540,0
1784329846.906271,FIXED400,TRACKING,400,22.968643,24.861101,-0.012780,-0.176982,5.055813,0.000000,0.000000,5.000000,0.186014,0
1784329846.931377,FIXED400,TRACKING,400,22.981422,25.005756,-0.007635,-0.169673,5.053102,0.000000,0.000000,5.000000,0.177952,0
1784329846.956352,FIXED400,TRACKING,400,22.933046,49.933122,-0.007635,-0.169673,5.053102,0.000000,0.000000,5.000000,0.177952,0
1784329846.981380,FIXED400,TRACKING,400,22.954454,24.982825,-0.002661,-0.162052,5.049698,0.000000,0.000000,5.000000,0.169522,0
1784329847.006344,FIXED400,TRACKING,400,23.011672,24.953064,0.003656,-0.151428,5.046507,0.000000,0.000000,5.000000,0.158451,0
1784329847.031361,FIXED400,TRACKING,400,22.913626,24.853186,0.008878,-0.141829,5.045486,0.000000,0.000000,5.000000,0.149209,0
1784329847.056350,FIXED400,TRACKING,400,22.919003,49.846880,0.008878,-0.141829,5.045486,0.000000,0.000000,5.000000,0.149209,0
1784329847.081233,FIXED400,TRACKING,400,22.942047,24.823583,0.013821,-0.131946,5.044342,0.000000,0.000000,5.000000,0.139882,0
1784329847.106383,FIXED400,TRACKING,400,22.964193,25.087691,0.018582,-0.121833,5.042787,0.000000,0.000000,5.000000,0.130458,0
1784329847.131374,FIXED400,TRACKING,400,22.943508,24.902992,0.023849,-0.109618,5.042119,0.000000,0.000000,5.000000,0.119829,0
1784329847.156335,FIXED400,TRACKING,400,22.915723,49.835898,0.023849,-0.109618,5.042119,0.000000,0.000000,5.000000,0.119829,0
1784329847.181382,FIXED400,TRACKING,400,22.948338,25.007476,0.026728,-0.102427,5.042039,0.000000,0.000000,5.000000,0.113899,0
1784329847.206366,FIXED400,TRACKING,400,22.913969,24.883048,0.031335,-0.090351,5.040628,0.000000,0.000000,5.000000,0.103903,0
1784329847.231338,FIXED400,TRACKING,400,22.961877,24.943769,0.034822,-0.080690,5.038338,0.000000,0.000000,5.000000,0.095882,0
1784329847.256362,FIXED400,TRACKING,400,23.029611,50.036067,0.034822,-0.080690,5.038338,0.000000,0.000000,5.000000,0.095882,0
1784329847.281283,FIXED400,TRACKING,400,22.882840,24.710302,0.038042,-0.072027,5.037307,0.000000,0.000000,5.000000,0.089593,0
1784329847.306386,FIXED400,TRACKING,400,22.940297,25.094956,0.041027,-0.063631,5.037941,0.000000,0.000000,5.000000,0.084686,0
1784329847.331382,FIXED400,TRACKING,400,22.961247,24.942867,0.043783,-0.055225,5.038537,0.000000,0.000000,5.000000,0.080323,0
1784329847.356355,FIXED400,TRACKING,400,22.964097,49.919539,0.043783,-0.055225,5.038537,0.000000,0.000000,5.000000,0.080323,0
1784329847.381289,FIXED400,TRACKING,400,22.957595,24.807532,0.046288,-0.046828,5.038696,0.000000,0.000000,5.000000,0.076373,0
1784329847.406388,FIXED400,TRACKING,400,22.997442,25.028703,0.051040,-0.037364,5.039034,0.000000,0.000000,5.000000,0.074329,0
1784329847.431344,FIXED400,TRACKING,400,22.997582,24.842174,0.054491,-0.029758,5.037982,0.000000,0.000000,5.000000,0.072783,0
1784329847.456358,FIXED400,TRACKING,400,22.929365,49.787756,0.054491,-0.029758,5.037982,0.000000,0.000000,5.000000,0.072783,0
1784329847.481278,FIXED400,TRACKING,400,22.912118,24.821536,0.057635,-0.022247,5.036873,0.000000,0.000000,5.000000,0.071947,0
1784329847.506309,FIXED400,TRACKING,400,22.940158,24.990048,0.060503,-0.014564,5.036926,0.000000,0.000000,5.000000,0.072362,0
1784329847.531362,FIXED400,TRACKING,400,22.893959,24.926607,0.063132,-0.006082,5.039276,0.000000,0.000000,5.000000,0.074601,0
1784329847.556260,FIXED400,TRACKING,400,22.876043,49.807180,0.063132,-0.006082,5.039276,0.000000,0.000000,5.000000,0.074601,0
1784329847.581286,FIXED400,TRACKING,400,22.891401,24.972331,0.065444,0.002215,5.041212,0.000000,0.000000,5.000000,0.077371,0
1784329847.606234,FIXED400,TRACKING,400,23.123881,25.085383,0.067881,0.012264,5.042987,0.000000,0.000000,5.000000,0.081278,0
1784329847.631275,FIXED400,TRACKING,400,23.051000,24.895417,0.070309,0.019359,5.046406,0.000000,0.000000,5.000000,0.086439,0
1784329847.656233,FIXED400,TRACKING,400,22.949713,49.749189,0.070309,0.019359,5.046406,0.000000,0.000000,5.000000,0.086439,0
1784329847.681355,FIXED400,TRACKING,400,22.904781,24.995150,0.072692,0.026094,5.049040,0.000000,0.000000,5.000000,0.091488,0
1784329847.706282,FIXED400,TRACKING,400,22.946392,24.885239,0.074752,0.032670,5.049504,0.000000,0.000000,5.000000,0.095425,0
1784329847.731236,FIXED400,TRACKING,400,22.901466,24.837725,0.076524,0.039060,5.048597,0.000000,0.000000,5.000000,0.098709,0
1784329847.756281,FIXED400,TRACKING,400,22.903117,49.883907,0.076524,0.039060,5.048597,0.000000,0.000000,5.000000,0.098709,0
1784329847.781304,FIXED400,TRACKING,400,22.815792,24.844837,0.079547,0.044681,5.048890,0.000000,0.000000,5.000000,0.103510,0
1784329847.806234,FIXED400,TRACKING,400,22.932587,24.981868,0.083281,0.051180,5.049266,0.000000,0.000000,5.000000,0.109464,0
1784329847.831350,FIXED400,TRACKING,400,22.927413,25.047795,0.085686,0.056012,5.048368,0.000000,0.000000,5.000000,0.113221,0
1784329847.856236,FIXED400,TRACKING,400,23.005863,50.011451,0.085686,0.056012,5.048368,0.000000,0.000000,5.000000,0.113221,0
1784329847.881275,FIXED400,TRACKING,400,22.851737,24.779395,0.087638,0.060566,5.047024,0.000000,0.000000,5.000000,0.116447,0
1784329847.906303,FIXED400,TRACKING,400,22.921137,25.006746,0.087920,0.064641,5.046444,0.000000,0.000000,5.000000,0.118598,0
1784329847.931389,FIXED400,TRACKING,400,22.952471,25.004550,0.087860,0.066990,5.045368,0.000000,0.000000,5.000000,0.119437,0
1784329847.956292,FIXED400,TRACKING,400,22.940414,49.898991,0.087860,0.066990,5.045368,0.000000,0.000000,5.000000,0.119437,0
1784329847.981379,FIXED400,TRACKING,400,22.900842,24.969630,0.087465,0.069941,5.044007,0.000000,0.000000,5.000000,0.120326,0
1784329848.006317,FIXED400,TRACKING,400,22.929136,24.897940,0.086347,0.073193,5.042681,0.000000,0.000000,5.000000,0.120974,0
1784329848.031400,FIXED400,TRACKING,400,22.886515,24.969450,0.084912,0.075401,5.041831,0.000000,0.000000,5.000000,0.121017,0
1784329848.056350,FIXED400,TRACKING,400,22.861688,49.893907,0.084912,0.075401,5.041831,0.000000,0.000000,5.000000,0.121017,0
1784329848.081235,FIXED400,TRACKING,400,22.983801,24.927973,0.083136,0.077402,5.040501,0.000000,0.000000,5.000000,0.120594,0
1784329848.106276,FIXED400,TRACKING,400,22.865427,24.830220,0.080957,0.079261,5.039155,0.000000,0.000000,5.000000,0.119873,0
1784329848.131287,FIXED400,TRACKING,400,22.887891,24.982437,0.077622,0.080374,5.039052,0.000000,0.000000,5.000000,0.118365,0
1784329848.156234,FIXED400,TRACKING,400,22.913207,49.954293,0.077622,0.080374,5.039052,0.000000,0.000000,5.000000,0.118365,0
1784329848.181293,FIXED400,TRACKING,400,22.922684,25.009788,0.073291,0.080794,5.039498,0.000000,0.000000,5.000000,0.116015,0
1784329848.206267,FIXED400,TRACKING,400,22.922217,24.875395,0.067643,0.081180,5.040306,0.000000,0.000000,5.000000,0.113095,0
1784329848.231377,FIXED400,TRACKING,400,22.947892,25.065231,0.062965,0.081335,5.040629,0.000000,0.000000,5.000000,0.110593,0
1784329848.256356,FIXED400,TRACKING,400,22.896995,49.997350,0.062965,0.081335,5.040629,0.000000,0.000000,5.000000,0.110593,0
1784329848.281385,FIXED400,TRACKING,400,22.852185,24.911527,0.057720,0.080093,5.042661,0.000000,0.000000,5.000000,0.107547,0
1784329848.306370,FIXED400,TRACKING,400,22.846671,24.911947,0.052244,0.078322,5.044628,0.000000,0.000000,5.000000,0.104189,0
1784329848.331365,FIXED400,TRACKING,400,22.813929,24.896660,0.046692,0.076459,5.045206,0.000000,0.000000,5.000000,0.100348,0
1784329848.356369,FIXED400,TRACKING,400,22.924269,50.015106,0.046692,0.076459,5.045206,0.000000,0.000000,5.000000,0.100348,0
1784329848.381445,FIXED400,TRACKING,400,22.828890,24.877562,0.041031,0.074489,5.045400,0.000000,0.000000,5.000000,0.096402,0
1784329848.406357,FIXED400,TRACKING,400,23.006285,24.959986,0.033238,0.071801,5.044447,0.000000,0.000000,5.000000,0.090751,0
1784329848.431298,FIXED400,TRACKING,400,22.932682,24.763081,0.027118,0.069630,5.043391,0.000000,0.000000,5.000000,0.086409,0
1784329848.456368,FIXED400,TRACKING,400,22.972672,49.872164,0.027118,0.069630,5.043391,0.000000,0.000000,5.000000,0.086409,0
1784329848.481237,FIXED400,TRACKING,400,22.895107,24.721566,0.021133,0.067478,5.041973,0.000000,0.000000,5.000000,0.082229,0
1784329848.506359,FIXED400,TRACKING,400,23.069606,25.227269,0.013574,0.065586,5.043256,0.000000,0.000000,5.000000,0.079730,0
1784329848.531362,FIXED400,TRACKING,400,23.038523,24.898259,0.007412,0.064930,5.045986,0.000000,0.000000,5.000000,0.079910,0
1784329848.556365,FIXED400,TRACKING,400,22.899873,49.761162,0.007412,0.064930,5.045986,0.000000,0.000000,5.000000,0.079910,0
1784329848.581393,FIXED400,TRACKING,400,22.923243,24.980476,0.001423,0.064150,5.047384,0.000000,0.000000,5.000000,0.079765,0
1784329848.606365,FIXED400,TRACKING,400,23.005350,24.990143,-0.004344,0.063291,5.048223,0.000000,0.000000,5.000000,0.079687,0
1784329848.631367,FIXED400,TRACKING,400,22.979492,24.906166,-0.009554,0.062373,5.048116,0.000000,0.000000,5.000000,0.079352,0
1784329848.656369,FIXED400,TRACKING,400,22.990407,49.919057,-0.009554,0.062373,5.048116,0.000000,0.000000,5.000000,0.079352,0
1784329848.681360,FIXED400,TRACKING,400,22.882834,24.811794,-0.014435,0.061391,5.046891,0.000000,0.000000,5.000000,0.078588,0
1784329848.706374,FIXED400,TRACKING,400,23.080110,25.128293,-0.019108,0.060319,5.045078,0.000000,0.000000,5.000000,0.077689,0
1784329848.731383,FIXED400,TRACKING,400,22.984502,24.845099,-0.023529,0.059078,5.043599,0.000000,0.000000,5.000000,0.077102,0
1784329848.756361,FIXED400,TRACKING,400,22.901581,49.738006,-0.023529,0.059078,5.043599,0.000000,0.000000,5.000000,0.077102,0
1784329848.781356,FIXED400,TRACKING,400,22.883193,24.888763,-0.027184,0.056987,5.043198,0.000000,0.000000,5.000000,0.076502,0
1784329848.806346,FIXED400,TRACKING,400,22.893548,24.938632,-0.031292,0.053956,5.042056,0.000000,0.000000,5.000000,0.075227,0
1784329848.831388,FIXED400,TRACKING,400,23.041606,25.119835,-0.034380,0.051402,5.041433,0.000000,0.000000,5.000000,0.074437,0
1784329848.856369,FIXED400,TRACKING,400,22.864006,49.922688,-0.034380,0.051402,5.041433,0.000000,0.000000,5.000000,0.074437,0
1784329848.881413,FIXED400,TRACKING,400,23.024433,25.105273,-0.037322,0.048736,5.039874,0.000000,0.000000,5.000000,0.073199,0
1784329848.906372,FIXED400,TRACKING,400,22.975982,24.816629,-0.040042,0.045058,5.037071,0.000000,0.000000,5.000000,0.070766,0
1784329848.931367,FIXED400,TRACKING,400,22.979080,24.905335,-0.043199,0.040490,5.033881,0.000000,0.000000,5.000000,0.068216,0
1784329848.956350,FIXED400,TRACKING,400,22.877112,49.785421,-0.043199,0.040490,5.033881,0.000000,0.000000,5.000000,0.068216,0
1784329848.981355,FIXED400,TRACKING,400,22.828164,24.884804,-0.044947,0.037820,5.031401,0.000000,0.000000,5.000000,0.066607,0
1784329849.006370,FIXED400,TRACKING,400,22.896863,25.020903,-0.047463,0.033528,5.028456,0.000000,0.000000,5.000000,0.064704,0
1784329849.031360,FIXED400,TRACKING,400,22.895450,24.923344,-0.049133,0.030315,5.027501,0.000000,0.000000,5.000000,0.063948,0
1784329849.056364,FIXED400,TRACKING,400,22.899953,49.931622,-0.049133,0.030315,5.027501,0.000000,0.000000,5.000000,0.063948,0
1784329849.081243,FIXED400,TRACKING,400,22.888449,24.792397,-0.050569,0.027187,5.027040,0.000000,0.000000,5.000000,0.063463,0
1784329849.106382,FIXED400,TRACKING,400,22.886877,25.059865,-0.051701,0.024190,5.026861,0.000000,0.000000,5.000000,0.063085,0
1784329849.131386,FIXED400,TRACKING,400,22.761019,24.806734,-0.054543,0.021855,5.027520,0.000000,0.000000,5.000000,0.064884,0
1784329849.156381,FIXED400,TRACKING,400,22.865695,49.907373,-0.054543,0.021855,5.027520,0.000000,0.000000,5.000000,0.064884,0
1784329849.181384,FIXED400,TRACKING,400,22.876307,24.943516,-0.058868,0.020012,5.028631,0.000000,0.000000,5.000000,0.068452,0
1784329849.206367,FIXED400,TRACKING,400,23.027806,25.067569,-0.063489,0.017573,5.028138,0.000000,0.000000,5.000000,0.071634,0
1784329849.231352,FIXED400,TRACKING,400,22.763177,24.643845,-0.066617,0.015485,5.027366,0.000000,0.000000,5.000000,0.073665,0
1784329849.256375,FIXED400,TRACKING,400,22.872146,49.776422,-0.066617,0.015485,5.027366,0.000000,0.000000,5.000000,0.073665,0
1784329849.281389,FIXED400,TRACKING,400,22.834169,24.908482,-0.068658,0.011952,5.028438,0.000000,0.000000,5.000000,0.075270,0
1784329849.306386,FIXED400,TRACKING,400,22.878752,24.972225,-0.070045,0.008114,5.029477,0.000000,0.000000,5.000000,0.076426,0
1784329849.331367,FIXED400,TRACKING,400,22.806144,24.839733,-0.071014,0.004431,5.029778,0.000000,0.000000,5.000000,0.077132,0
1784329849.356378,FIXED400,TRACKING,400,22.826663,49.871027,-0.071014,0.004431,5.029778,0.000000,0.000000,5.000000,0.077132,0
1784329849.381279,FIXED400,TRACKING,400,22.893599,24.860005,-0.071562,0.000885,5.030056,0.000000,0.000000,5.000000,0.077623,0
1784329849.406392,FIXED400,TRACKING,400,22.948149,25.069861,-0.072392,0.000996,5.031308,0.000000,0.000000,5.000000,0.078879,0
1784329849.431368,FIXED400,TRACKING,400,22.921192,24.851238,-0.072513,0.000863,5.032365,0.000000,0.000000,5.000000,0.079412,0
1784329849.456362,FIXED400,TRACKING,400,22.880075,49.801807,-0.072513,0.000863,5.032365,0.000000,0.000000,5.000000,0.079412,0
1784329849.481388,FIXED400,TRACKING,400,22.886677,24.944710,-0.072217,0.000545,5.033297,0.000000,0.000000,5.000000,0.079525,0
1784329849.506358,FIXED400,TRACKING,400,22.921355,24.937941,-0.071326,-0.000024,5.035771,0.000000,0.000000,5.000000,0.079793,0
1784329849.531375,FIXED400,TRACKING,400,22.967231,24.992107,-0.068871,-0.001049,5.043758,0.000000,0.000000,5.000000,0.081603,0
1784329849.556388,FIXED400,TRACKING,400,22.980765,50.019037,-0.068871,-0.001049,5.043758,0.000000,0.000000,5.000000,0.081603,0
1784329849.581385,FIXED400,TRACKING,400,22.940143,24.895315,-0.067215,-0.001627,5.046988,0.000000,0.000000,5.000000,0.082027,0
1784329849.606376,FIXED400,TRACKING,400,22.867544,24.841112,-0.064087,-0.002522,5.051119,0.000000,0.000000,5.000000,0.082017,0
1784329849.631386,FIXED400,TRACKING,400,22.834665,24.905499,-0.062173,-0.004716,5.055399,0.000000,0.000000,5.000000,0.083408,0
1784329849.656369,FIXED400,TRACKING,400,22.854456,49.908564,-0.062173,-0.004716,5.055399,0.000000,0.000000,5.000000,0.083408,0
1784329849.681397,FIXED400,TRACKING,400,22.791076,24.893152,-0.060194,-0.007149,5.059641,0.000000,0.000000,5.000000,0.085038,0
1784329849.706399,FIXED400,TRACKING,400,22.854592,24.987894,-0.057886,-0.009373,5.062733,0.000000,0.000000,5.000000,0.085872,0
1784329849.731241,FIXED400,TRACKING,400,22.862957,24.771890,-0.055285,-0.011397,5.064890,0.000000,0.000000,5.000000,0.086006,0
1784329849.756392,FIXED400,TRACKING,400,22.942690,50.002317,-0.055285,-0.011397,5.064890,0.000000,0.000000,5.000000,0.086006,0
1784329849.781386,FIXED400,TRACKING,400,22.874960,24.842373,-0.051193,-0.014973,5.067734,0.000000,0.000000,5.000000,0.086214,0
1784329849.806386,FIXED400,TRACKING,400,22.920018,24.973178,-0.045425,-0.019745,5.070733,0.000000,0.000000,5.000000,0.086351,0
1784329849.831395,FIXED400,TRACKING,400,22.829295,24.850836,-0.040753,-0.023224,5.072458,0.000000,0.000000,5.000000,0.086315,0
1784329849.856360,FIXED400,TRACKING,400,22.863867,49.850304,-0.040753,-0.023224,5.072458,0.000000,0.000000,5.000000,0.086315,0
1784329849.881383,FIXED400,TRACKING,400,22.804781,24.849350,-0.036120,-0.026392,5.072863,0.000000,0.000000,5.000000,0.085500,0
1784329849.906386,FIXED400,TRACKING,400,22.965726,25.080364,-0.030554,-0.030086,5.074224,0.000000,0.000000,5.000000,0.085720,0
1784329849.931389,FIXED400,TRACKING,400,22.866875,24.786620,-0.025088,-0.033413,5.074860,0.000000,0.000000,5.000000,0.085731,0
1784329849.956374,FIXED400,TRACKING,400,22.901520,49.806299,-0.025088,-0.033413,5.074860,0.000000,0.000000,5.000000,0.085731,0
1784329849.981380,FIXED400,TRACKING,400,22.885499,24.922387,-0.019667,-0.036382,5.074505,0.000000,0.000000,5.000000,0.085214,0
1784329850.006375,FIXED400,TRACKING,400,22.909489,24.948101,-0.012409,-0.038890,5.074383,0.000000,0.000000,5.000000,0.084848,0
1784329850.031394,FIXED400,TRACKING,400,22.870922,24.906949,-0.006114,-0.039728,5.075453,0.000000,0.000000,5.000000,0.085492,0
1784329850.056371,FIXED400,TRACKING,400,22.903722,49.917134,-0.006114,-0.039728,5.075453,0.000000,0.000000,5.000000,0.085492,0
1784329850.081242,FIXED400,TRACKING,400,22.939979,24.835277,0.000022,-0.040385,5.075507,0.000000,0.000000,5.000000,0.085628,0
1784329850.106381,FIXED400,TRACKING,400,22.826256,24.950769,0.005948,-0.040961,5.074702,0.000000,0.000000,5.000000,0.085403,0
1784329850.131375,FIXED400,TRACKING,400,22.882878,24.985096,0.012181,-0.041805,5.074621,0.000000,0.000000,5.000000,0.086396,0
1784329850.156365,FIXED400,TRACKING,400,22.859754,49.952495,0.012181,-0.041805,5.074621,0.000000,0.000000,5.000000,0.086396,0
1784329850.181299,FIXED400,TRACKING,400,22.877621,24.888682,0.018638,-0.042859,5.075637,0.000000,0.000000,5.000000,0.088911,0
1784329850.206371,FIXED400,TRACKING,400,22.877103,25.008883,0.026352,-0.043802,5.075382,0.000000,0.000000,5.000000,0.091080,0
1784329850.231369,FIXED400,TRACKING,400,23.534978,25.584659,0.032279,-0.044095,5.073871,0.000000,0.000000,5.000000,0.091887,0
1784329850.256350,FIXED400,TRACKING,400,23.524998,50.559449,0.032279,-0.044095,5.073871,0.000000,0.000000,5.000000,0.091887,0
1784329850.281282,FIXED400,TRACKING,400,23.590426,24.926305,0.037302,-0.043680,5.073123,0.000000,0.000000,5.000000,0.092985,0
1784329850.306373,FIXED400,TRACKING,400,23.204495,24.629963,0.041917,-0.042941,5.071271,0.000000,0.000000,5.000000,0.093170,0
1784329850.331377,FIXED400,TRACKING,400,23.461544,25.193724,0.046318,-0.042028,5.067596,0.000000,0.000000,5.000000,0.092092,0
1784329850.356376,FIXED400,TRACKING,400,23.517863,50.249240,0.046318,-0.042028,5.067596,0.000000,0.000000,5.000000,0.092092,0
1784329850.381304,FIXED400,TRACKING,400,23.117441,24.427893,0.050365,-0.040889,5.064512,0.000000,0.000000,5.000000,0.091489,0
1784329850.406375,FIXED400,TRACKING,400,23.028120,24.885029,0.054771,-0.040648,5.065300,0.000000,0.000000,5.000000,0.094426,0
1784329850.431389,FIXED400,TRACKING,400,22.880908,24.772487,0.057940,-0.040059,5.064854,0.000000,0.000000,5.000000,0.095748,0
1784329850.456385,FIXED400,TRACKING,400,22.907504,49.794078,0.057940,-0.040059,5.064854,0.000000,0.000000,5.000000,0.095748,0
1784329850.481388,FIXED400,TRACKING,400,22.857009,24.875222,0.060773,-0.039137,5.064003,0.000000,0.000000,5.000000,0.096548,0
1784329850.506384,FIXED400,TRACKING,400,22.804592,24.869020,0.062807,-0.037674,5.062368,0.000000,0.000000,5.000000,0.096197,0
1784329850.531379,FIXED400,TRACKING,400,22.791096,24.909106,0.063090,-0.035277,5.060352,0.000000,0.000000,5.000000,0.094166,0
1784329850.556383,FIXED400,TRACKING,400,22.832450,49.953704,0.063090,-0.035277,5.060352,0.000000,0.000000,5.000000,0.094166,0
1784329850.581392,FIXED400,TRACKING,400,22.889998,24.998749,0.063136,-0.032758,5.057725,0.000000,0.000000,5.000000,0.091605,0
1784329850.606367,FIXED400,TRACKING,400,22.822365,24.829337,0.062937,-0.029340,5.053042,0.000000,0.000000,5.000000,0.087380,0
1784329850.631390,FIXED400,TRACKING,400,22.782870,24.913414,0.061855,-0.026653,5.050492,0.000000,0.000000,5.000000,0.084178,0
1784329850.656368,FIXED400,TRACKING,400,22.887418,49.996825,0.061855,-0.026653,5.050492,0.000000,0.000000,5.000000,0.084178,0
1784329850.681384,FIXED400,TRACKING,400,22.813488,24.867183,0.060386,-0.023812,5.049062,0.000000,0.000000,5.000000,0.081367,0
1784329850.706371,FIXED400,TRACKING,400,22.878027,24.972572,0.058842,-0.020717,5.047771,0.000000,0.000000,5.000000,0.078573,0
1784329850.731369,FIXED400,TRACKING,400,22.918630,24.961064,0.057228,-0.017449,5.045978,0.000000,0.000000,5.000000,0.075455,0
1784329850.756384,FIXED400,TRACKING,400,22.894626,49.954000,0.057228,-0.017449,5.045978,0.000000,0.000000,5.000000,0.075455,0
1784329850.781393,FIXED400,TRACKING,400,22.854891,24.886804,0.056042,-0.012167,5.045380,0.000000,0.000000,5.000000,0.073130,0
1784329850.806398,FIXED400,TRACKING,400,22.927673,25.006708,0.054741,-0.004942,5.044357,0.000000,0.000000,5.000000,0.070630,0
1784329850.831362,FIXED400,TRACKING,400,23.016650,24.987859,0.053640,0.000638,5.042904,0.000000,0.000000,5.000000,0.068691,0
1784329850.856379,FIXED400,TRACKING,400,22.930091,49.917975,0.053640,0.000638,5.042904,0.000000,0.000000,5.000000,0.068691,0
1784329850.881300,FIXED400,TRACKING,400,22.867598,24.756026,0.052445,0.006052,5.040401,0.000000,0.000000,5.000000,0.066478,0
1784329850.906371,FIXED400,TRACKING,400,22.927438,25.061328,0.051843,0.011897,5.039293,0.000000,0.000000,5.000000,0.066130,0
1784329850.931402,FIXED400,TRACKING,400,22.901950,24.891651,0.051139,0.017467,5.037865,0.000000,0.000000,5.000000,0.065985,0
1784329850.956381,FIXED400,TRACKING,400,23.054482,50.023451,0.051139,0.017467,5.037865,0.000000,0.000000,5.000000,0.065985,0
1784329850.981396,FIXED400,TRACKING,400,22.887840,24.779244,0.050279,0.022783,5.036057,0.000000,0.000000,5.000000,0.065933,0
1784329851.006366,FIXED400,TRACKING,400,22.979643,24.995706,0.049061,0.028563,5.034441,0.000000,0.000000,5.000000,0.066400,0
1784329851.031303,FIXED400,TRACKING,400,22.915137,24.809832,0.048054,0.032269,5.034097,0.000000,0.000000,5.000000,0.067180,0
1784329851.056376,FIXED400,TRACKING,400,22.915229,49.883428,0.048054,0.032269,5.034097,0.000000,0.000000,5.000000,0.067180,0
1784329851.081248,FIXED400,TRACKING,400,22.902987,24.778373,0.046901,0.035804,5.033537,0.000000,0.000000,5.000000,0.067870,0
1784329851.106399,FIXED400,TRACKING,400,22.911280,25.077326,0.045548,0.039183,5.033038,0.000000,0.000000,5.000000,0.068568,0
1784329851.131384,FIXED400,TRACKING,400,22.862895,24.867018,0.044191,0.042438,5.032930,0.000000,0.000000,5.000000,0.069557,0
1784329851.156370,FIXED400,TRACKING,400,22.939158,49.933807,0.044191,0.042438,5.032930,0.000000,0.000000,5.000000,0.069557,0
1784329851.181385,FIXED400,TRACKING,400,22.872395,24.879432,0.043401,0.044012,5.032505,0.000000,0.000000,5.000000,0.069837,0
1784329851.206401,FIXED400,TRACKING,400,23.009661,25.088337,0.041704,0.046573,5.030320,0.000000,0.000000,5.000000,0.069480,0
1784329851.231371,FIXED400,TRACKING,400,22.794113,24.687914,0.040045,0.048492,5.028582,0.000000,0.000000,5.000000,0.069080,0
1784329851.256381,FIXED400,TRACKING,400,22.925508,49.828412,0.040045,0.048492,5.028582,0.000000,0.000000,5.000000,0.069080,0
1784329851.281289,FIXED400,TRACKING,400,22.839964,24.756601,0.037228,0.051724,5.028108,0.000000,0.000000,5.000000,0.069652,0
1784329851.306377,FIXED400,TRACKING,400,22.875536,25.058990,0.034041,0.055188,5.027317,0.000000,0.000000,5.000000,0.070361,0
1784329851.331372,FIXED400,TRACKING,400,22.858591,24.910847,0.030861,0.058348,5.026510,0.000000,0.000000,5.000000,0.071132,0
1784329851.356378,FIXED400,TRACKING,400,22.895588,49.957094,0.030861,0.058348,5.026510,0.000000,0.000000,5.000000,0.071132,0
1784329851.381282,FIXED400,TRACKING,400,22.837073,24.737309,0.027718,0.061185,5.026039,0.000000,0.000000,5.000000,0.072042,0
1784329851.406388,FIXED400,TRACKING,400,23.005920,25.202723,0.022936,0.061876,5.029721,0.000000,0.000000,5.000000,0.072374,0
1784329851.431403,FIXED400,TRACKING,400,22.915687,24.829083,0.019188,0.062339,5.032017,0.000000,0.000000,5.000000,0.072660,0
1784329851.456373,FIXED400,TRACKING,400,22.836148,49.717835,0.019188,0.062339,5.032017,0.000000,0.000000,5.000000,0.072660,0
1784329851.481315,FIXED400,TRACKING,400,22.847216,24.887902,0.015440,0.062705,5.034101,0.000000,0.000000,5.000000,0.073029,0
1784329851.506401,FIXED400,TRACKING,400,22.895364,25.067740,0.012020,0.062235,5.036376,0.000000,0.000000,5.000000,0.073082,0
1784329851.531381,FIXED400,TRACKING,400,22.869446,24.886594,0.009020,0.059070,5.038217,0.000000,0.000000,5.000000,0.070931,0
1784329851.556379,FIXED400,TRACKING,400,23.102362,50.117302,0.009020,0.059070,5.038217,0.000000,0.000000,5.000000,0.070931,0
1784329851.581407,FIXED400,TRACKING,400,23.515721,25.363654,0.007213,0.057190,5.039086,0.000000,0.000000,5.000000,0.069646,0
1784329851.606243,FIXED400,TRACKING,400,23.228529,24.468731,0.004227,0.054056,5.040178,0.000000,0.000000,5.000000,0.067485,0
1784329851.631387,FIXED400,TRACKING,400,22.924744,24.772167,0.001925,0.051579,5.041237,0.000000,0.000000,5.000000,0.066065,0
1784329851.656386,FIXED400,TRACKING,400,22.910976,49.756693,0.001925,0.051579,5.041237,0.000000,0.000000,5.000000,0.066065,0
1784329851.681394,FIXED400,TRACKING,400,22.914500,24.932826,-0.000369,0.049061,5.042742,0.000000,0.000000,5.000000,0.065069,0
1784329851.706409,FIXED400,TRACKING,400,22.905649,24.934830,-0.002629,0.046528,5.043124,0.000000,0.000000,5.000000,0.063493,0
1784329851.731386,FIXED400,TRACKING,400,22.951686,24.952358,-0.004823,0.043893,5.043077,0.000000,0.000000,5.000000,0.061689,0
1784329851.756377,FIXED400,TRACKING,400,22.940493,49.928641,-0.004823,0.043893,5.043077,0.000000,0.000000,5.000000,0.061689,0
1784329851.781393,FIXED400,TRACKING,400,23.232398,25.221908,-0.006412,0.041481,5.043482,0.000000,0.000000,5.000000,0.060436,0
1784329851.806366,FIXED400,TRACKING,400,23.169751,24.830301,-0.008133,0.038453,5.043938,0.000000,0.000000,5.000000,0.058951,0
1784329851.831391,FIXED400,TRACKING,400,24.126144,25.912841,-0.009444,0.035951,5.044429,0.000000,0.000000,5.000000,0.057927,0
1784329851.856257,FIXED400,TRACKING,400,38.153959,64.807506,-0.009444,0.035951,5.044429,0.000000,0.000000,5.000000,0.057927,1
1784329851.894562,FIXED400,TRACKING,400,37.662142,102.619604,-0.009444,0.035951,5.044429,0.000000,0.000000,5.000000,0.057927,1
1784329851.932367,FIXED400,TRACKING,400,37.585277,37.617323,-0.010690,0.033457,5.044700,0.000000,0.000000,5.000000,0.056849,1
1784329851.970109,FIXED400,TRACKING,400,39.119636,39.153335,-0.010145,0.029983,5.046752,0.000000,0.000000,5.000000,0.056460,1
1784329852.009352,FIXED400,TRACKING,400,42.094831,42.125893,-0.009684,0.026627,5.047576,0.000000,0.000000,5.000000,0.055374,1
1784329852.051577,FIXED400,TRACKING,400,37.995704,38.026640,-0.009338,0.023442,5.047234,0.000000,0.000000,5.000000,0.053551,1
1784329852.089639,FIXED400,TRACKING,400,37.902098,37.918637,-0.009277,0.018846,5.047310,0.000000,0.000000,5.000000,0.051764,1
1784329852.127584,FIXED400,TRACKING,400,34.814388,34.826239,-0.009598,0.014357,5.047831,0.000000,0.000000,5.000000,0.050853,1
1784329852.162437,FIXED400,TRACKING,400,34.787110,34.799002,-0.009959,0.010017,5.048232,0.000000,0.000000,5.000000,0.050258,1
1784329852.197269,FIXED400,TRACKING,400,34.845401,34.859873,-0.010256,0.005840,5.047923,0.000000,0.000000,5.000000,0.049355,1
1784329852.232152,FIXED400,TRACKING,400,34.822347,34.833924,-0.010376,0.002274,5.049377,0.000000,0.000000,5.000000,0.050507,1
1784329852.267036,FIXED400,TRACKING,400,35.109504,35.127274,-0.010319,-0.000765,5.052280,0.000000,0.000000,5.000000,0.053295,1
1784329852.302183,FIXED400,TRACKING,400,35.049308,35.060137,-0.010202,-0.004485,5.054204,0.000000,0.000000,5.000000,0.055337,1
1784329852.337273,FIXED400,TRACKING,400,35.034890,35.047644,-0.010150,-0.007379,5.055277,0.000000,0.000000,5.000000,0.056684,1
1784329852.372341,FIXED400,TRACKING,400,35.123738,35.133542,-0.010039,-0.011636,5.057521,0.000000,0.000000,5.000000,0.059539,1
1784329852.407500,FIXED400,TRACKING,400,34.892333,34.903361,-0.009964,-0.016216,5.060319,0.000000,0.000000,5.000000,0.063250,1
1784329852.442443,FIXED400,TRACKING,400,35.115365,35.128359,-0.009912,-0.021706,5.062797,0.000000,0.000000,5.000000,0.067178,1
1784329852.477602,FIXED400,TRACKING,400,35.140446,35.153889,-0.009897,-0.024825,5.063347,0.000000,0.000000,5.000000,0.068754,1
1784329852.512782,FIXED400,TRACKING,400,35.037264,35.048818,-0.009986,-0.030206,5.067764,0.000000,0.000000,5.000000,0.074861,1
1784329852.547859,FIXED400,TRACKING,400,35.066074,35.077195,-0.010062,-0.034210,5.070359,0.000000,0.000000,5.000000,0.078879,1
1784329852.582965,FIXED400,TRACKING,400,35.160270,35.171211,-0.010111,-0.037919,5.071709,0.000000,0.000000,5.000000,0.081745,1
1784329852.618215,FIXED400,TRACKING,400,34.862089,34.875542,-0.010218,-0.041361,5.073553,0.000000,0.000000,5.000000,0.085001,1
1784329852.653134,FIXED400,TRACKING,400,35.039359,35.052016,-0.010620,-0.044585,5.078707,0.000000,0.000000,5.000000,0.091079,1
1784329852.688234,FIXED400,TRACKING,400,35.097477,35.110376,-0.010880,-0.047444,5.083069,0.000000,0.000000,5.000000,0.096280,1
1784329852.723369,FIXED400,TRACKING,400,35.108855,35.119473,-0.011038,-0.050571,5.086923,0.000000,0.000000,5.000000,0.101168,1
1784329852.758527,FIXED400,TRACKING,400,34.955672,34.967449,-0.010543,-0.051272,5.090590,0.000000,0.000000,5.000000,0.104626,1
1784329852.793542,FIXED400,TRACKING,400,34.898515,34.908983,-0.009767,-0.051323,5.094378,0.000000,0.000000,5.000000,0.107873,1
1784329852.828483,FIXED400,TRACKING,400,35.119669,35.133204,-0.008876,-0.051274,5.096783,0.000000,0.000000,5.000000,0.109885,1
1784329852.863644,FIXED400,TRACKING,400,35.104365,35.117044,-0.007875,-0.051113,5.098118,0.000000,0.000000,5.000000,0.110913,1
1784329852.898785,FIXED400,TRACKING,400,35.106051,35.116666,-0.006981,-0.052241,5.100334,0.000000,0.000000,5.000000,0.113335,1
1784329852.933929,FIXED400,TRACKING,400,35.065334,35.076096,-0.006006,-0.053759,5.101048,0.000000,0.000000,5.000000,0.114615,1
1784329852.969030,FIXED400,TRACKING,400,35.096126,35.106878,-0.005249,-0.054682,5.099699,0.000000,0.000000,5.000000,0.113831,1
1784329853.004160,FIXED400,TRACKING,400,35.082423,35.093485,-0.004580,-0.055370,5.098010,0.000000,0.000000,5.000000,0.112662,1
1784329853.039288,FIXED400,TRACKING,400,35.122133,35.134448,-0.006402,-0.055099,5.098849,0.000000,0.000000,5.000000,0.113349,1
1784329853.074448,FIXED400,TRACKING,400,35.121372,35.131600,-0.008171,-0.054463,5.099017,0.000000,0.000000,5.000000,0.113302,1
1784329853.109612,FIXED400,TRACKING,400,35.123966,35.136757,-0.009880,-0.053570,5.097924,0.000000,0.000000,5.000000,0.112056,1
1784329853.144770,FIXED400,TRACKING,400,35.148124,35.157876,-0.012562,-0.051695,5.097566,0.000000,0.000000,5.000000,0.111127,1
1784329853.179950,FIXED400,TRACKING,400,35.070108,35.079177,-0.015319,-0.049463,5.098591,0.000000,0.000000,5.000000,0.111362,1
1784329853.215056,FIXED400,TRACKING,400,35.043989,35.054092,-0.017844,-0.047033,5.098180,0.000000,0.000000,5.000000,0.110317,1
1784329853.250141,FIXED400,TRACKING,400,35.141823,35.153527,-0.020177,-0.044377,5.097348,0.000000,0.000000,5.000000,0.108872,1
1784329853.285348,FIXED400,TRACKING,400,35.012100,35.030429,-0.021505,-0.041249,5.097403,0.000000,0.000000,5.000000,0.107941,1
1784329853.320441,FIXED400,TRACKING,400,34.944410,34.957445,-0.021698,-0.039365,5.096928,0.000000,0.000000,5.000000,0.106843,1
1784329853.355458,FIXED400,TRACKING,400,35.056839,35.073956,-0.021938,-0.035855,5.095371,0.000000,0.000000,5.000000,0.104223,1
1784329853.390564,FIXED400,TRACKING,400,35.031868,35.044614,-0.022064,-0.032771,5.092878,0.000000,0.000000,5.000000,0.100931,1
1784329853.425640,FIXED400,TRACKING,400,35.068328,35.080698,-0.024096,-0.029048,5.096173,0.000000,0.000000,5.000000,0.103313,1
1784329853.460751,FIXED400,TRACKING,400,35.117562,35.129406,-0.025218,-0.026336,5.097053,0.000000,0.000000,5.000000,0.103677,1
1784329853.495902,FIXED400,TRACKING,400,35.120354,35.130238,-0.025776,-0.024452,5.096306,0.000000,0.000000,5.000000,0.102651,1
1784329853.531060,FIXED400,TRACKING,400,35.101351,35.111903,-0.025509,-0.019215,5.097133,0.000000,0.000000,5.000000,0.102248,1
1784329853.566203,FIXED400,TRACKING,400,35.023886,35.036851,-0.025122,-0.014947,5.096776,0.000000,0.000000,5.000000,0.101095,1
1784329853.601261,FIXED400,TRACKING,400,35.080185,35.090490,-0.024607,-0.010668,5.095523,0.000000,0.000000,5.000000,0.099217,1
1784329853.636380,FIXED400,TRACKING,400,35.135450,35.147575,-0.023966,-0.006446,5.093908,0.000000,0.000000,5.000000,0.097132,1
1784329853.671560,FIXED400,TRACKING,400,35.091510,35.103085,-0.023230,-0.002332,5.093363,0.000000,0.000000,5.000000,0.096238,1
1784329853.706698,FIXED400,TRACKING,400,34.904714,34.917012,-0.022319,0.001853,5.092089,0.000000,0.000000,5.000000,0.094773,1
1784329853.741642,FIXED400,TRACKING,400,34.924288,34.934843,-0.020968,0.007099,5.090448,0.000000,0.000000,5.000000,0.093118,1
1784329853.776618,FIXED400,TRACKING,400,34.922529,34.938685,-0.019814,0.011129,5.091074,0.000000,0.000000,5.000000,0.093867,1
1784329853.811595,FIXED400,TRACKING,400,34.812560,34.823288,-0.018615,0.015180,5.091376,0.000000,0.000000,5.000000,0.094481,1
1784329853.846446,FIXED400,TRACKING,400,34.873600,34.884541,-0.017440,0.019227,5.090689,0.000000,0.000000,5.000000,0.094331,1
1784329853.881371,FIXED400,TRACKING,400,34.847790,34.859142,-0.016061,0.024215,5.089004,0.000000,0.000000,5.000000,0.093627,1
1784329853.916260,FIXED400,TRACKING,400,35.065360,35.076790,-0.013747,0.027041,5.091647,0.000000,0.000000,5.000000,0.096537,1
1784329853.951363,FIXED400,TRACKING,400,35.091337,35.101936,-0.011552,0.029902,5.093745,0.000000,0.000000,5.000000,0.099075,1
1784329853.986494,FIXED400,TRACKING,400,35.043632,35.054622,-0.009505,0.032741,5.095525,0.000000,0.000000,5.000000,0.101427,1
1784329854.021616,FIXED400,TRACKING,400,34.884043,34.898692,-0.007535,0.035597,5.096443,0.000000,0.000000,5.000000,0.103079,1
1784329854.056576,FIXED400,TRACKING,400,34.780487,34.800348,-0.006998,0.037708,5.097933,0.000000,0.000000,5.000000,0.105175,1
1784329854.091414,FIXED400,TRACKING,400,34.974397,34.988301,-0.006681,0.038985,5.098786,0.000000,0.000000,5.000000,0.106411,1
1784329854.126430,FIXED400,TRACKING,400,34.990558,35.002015,-0.005755,0.043816,5.098594,0.000000,0.000000,5.000000,0.108045,1
1784329854.161460,FIXED400,TRACKING,400,35.041828,35.053944,-0.005451,0.047605,5.098584,0.000000,0.000000,5.000000,0.109612,1
1784329854.196533,FIXED400,TRACKING,400,35.100345,35.110053,-0.005184,0.050992,5.098468,0.000000,0.000000,5.000000,0.111009,1
1784329854.231666,FIXED400,TRACKING,400,35.055737,35.065977,-0.004843,0.053860,5.098995,0.000000,0.000000,5.000000,0.112803,1
1784329854.266759,FIXED400,TRACKING,400,34.999279,35.010244,-0.005042,0.055987,5.099859,0.000000,0.000000,5.000000,0.114594,1
1784329854.301790,FIXED400,TRACKING,400,35.041346,35.050653,-0.005743,0.057492,5.101267,0.000000,0.000000,5.000000,0.116590,1
1784329854.336870,FIXED400,TRACKING,400,35.012452,35.024543,-0.006449,0.059011,5.102324,0.000000,0.000000,5.000000,0.118297,1
1784329854.371915,FIXED400,TRACKING,400,35.135754,35.145549,-0.006923,0.060007,5.101155,0.000000,0.000000,5.000000,0.117818,1
1784329854.407087,FIXED400,TRACKING,400,35.101078,35.112341,-0.007001,0.059933,5.099535,0.000000,0.000000,5.000000,0.116397,1
1784329854.442246,FIXED400,TRACKING,400,35.108428,35.120336,-0.006963,0.059426,5.097677,0.000000,0.000000,5.000000,0.114546,1
1784329854.477403,FIXED400,TRACKING,400,34.929728,34.944429,-0.006944,0.058731,5.095662,0.000000,0.000000,5.000000,0.112466,1
1784329854.512368,FIXED400,TRACKING,400,35.037513,35.047399,-0.006927,0.057817,5.093659,0.000000,0.000000,5.000000,0.110286,1
1784329854.547447,FIXED400,TRACKING,400,35.022757,35.032818,-0.007995,0.055281,5.093351,0.000000,0.000000,5.000000,0.108785,1
1784329854.582510,FIXED400,TRACKING,400,34.919286,34.929598,-0.008787,0.053362,5.092497,0.000000,0.000000,5.000000,0.107146,1
1784329854.617465,FIXED400,TRACKING,400,35.012306,35.022391,-0.009529,0.051633,5.091016,0.000000,0.000000,5.000000,0.105074,1
1784329854.652514,FIXED400,TRACKING,400,35.110418,35.119735,-0.009743,0.049727,5.089479,0.000000,0.000000,5.000000,0.102831,1
1784329854.687667,FIXED400,TRACKING,400,35.054443,35.067660,-0.008401,0.047042,5.090083,0.000000,0.000000,5.000000,0.101972,1
1784329854.722791,FIXED400,TRACKING,400,34.892138,34.903432,-0.007247,0.044412,5.088482,0.000000,0.000000,5.000000,0.099267,1
1784329854.757745,FIXED400,TRACKING,400,34.888513,34.902220,-0.004631,0.038762,5.083477,0.000000,0.000000,5.000000,0.092153,1
1784329854.792710,FIXED400,TRACKING,400,35.150983,35.162729,-0.003225,0.036445,5.082222,0.000000,0.000000,5.000000,0.089995,1
1784329854.827901,FIXED400,TRACKING,400,35.068627,35.079632,-0.001907,0.034087,5.079019,0.000000,0.000000,5.000000,0.086079,1
1784329854.863007,FIXED400,TRACKING,400,35.100738,35.110927,-0.000662,0.031675,5.074828,0.000000,0.000000,5.000000,0.081258,1
1784329854.898145,FIXED400,TRACKING,400,35.072562,35.082922,0.000527,0.028976,5.071093,0.000000,0.000000,5.000000,0.076773,1
1784329854.933257,FIXED400,TRACKING,400,35.151123,35.162180,0.001858,0.025495,5.066037,0.000000,0.000000,5.000000,0.070812,1
1784329854.968448,FIXED400,TRACKING,400,35.073396,35.086036,0.002746,0.022709,5.061699,0.000000,0.000000,5.000000,0.065803,1
1784329855.003553,FIXED400,TRACKING,400,35.045703,35.055627,0.003538,0.019926,5.056628,0.000000,0.000000,5.000000,0.060136,1
1784329855.038640,FIXED400,TRACKING,400,34.918723,34.928473,0.004600,0.016874,5.056660,0.000000,0.000000,5.000000,0.059298,1
1784329855.073601,FIXED400,TRACKING,400,35.114051,35.126387,0.005664,0.013731,5.056680,0.000000,0.000000,5.000000,0.058594,1
1784329855.108756,FIXED400,TRACKING,400,35.091405,35.102367,0.006958,0.009656,5.056870,0.000000,0.000000,5.000000,0.058102,1
1784329855.143889,FIXED400,TRACKING,400,35.023883,35.037037,0.007404,0.006389,5.059581,0.000000,0.000000,5.000000,0.060378,1
1784329855.178944,FIXED400,TRACKING,400,35.139182,35.148038,0.007303,0.003248,5.062992,0.000000,0.000000,5.000000,0.063497,1
1784329855.214113,FIXED400,TRACKING,400,34.998458,35.008372,0.007191,0.000244,5.065155,0.000000,0.000000,5.000000,0.065551,1
1784329855.249155,FIXED400,TRACKING,400,35.069977,35.083407,0.007032,-0.002656,5.067338,0.000000,0.000000,5.000000,0.067756,1
1784329855.284281,FIXED400,TRACKING,400,34.903382,34.918043,0.007459,-0.004649,5.070189,0.000000,0.000000,5.000000,0.070737,1
1784329855.319221,FIXED400,TRACKING,400,34.814406,34.825764,0.008407,-0.005881,5.074656,0.000000,0.000000,5.000000,0.075357,1
1784329855.354116,FIXED400,TRACKING,400,35.107152,35.129524,0.009561,-0.007502,5.079434,0.000000,0.000000,5.000000,0.080358,1
1784329855.389284,FIXED400,TRACKING,400,34.924928,34.938645,0.010526,-0.008857,5.081992,0.000000,0.000000,5.000000,0.083138,1
1784329855.424286,FIXED400,TRACKING,400,35.119673,35.133812,0.011002,-0.010783,5.087367,0.000000,0.000000,5.000000,0.088714,1
1784329855.459466,FIXED400,TRACKING,400,35.062147,35.076697,0.011980,-0.014823,5.093623,0.000000,0.000000,5.000000,0.095543,1
1784329855.494566,FIXED400,TRACKING,400,35.118197,35.128900,0.012591,-0.016671,5.093638,0.000000,0.000000,5.000000,0.095940,1
1784329855.529725,FIXED400,TRACKING,400,35.155436,35.167624,0.017251,-0.017588,5.095435,0.000000,0.000000,5.000000,0.098564,1
1784329855.564918,FIXED400,TRACKING,400,35.074084,35.084792,0.020770,-0.018197,5.097387,0.000000,0.000000,5.000000,0.101226,1
1784329855.600024,FIXED400,TRACKING,400,35.026716,35.036971,0.024081,-0.018686,5.099185,0.000000,0.000000,5.000000,0.103763,1
1784329855.635091,FIXED400,TRACKING,400,35.130102,35.141608,0.027173,-0.019277,5.100778,0.000000,0.000000,5.000000,0.106142,1
1784329855.670266,FIXED400,TRACKING,400,35.032712,35.044683,0.030068,-0.020291,5.103057,0.000000,0.000000,5.000000,0.109254,1
1784329855.705343,FIXED400,TRACKING,400,35.091200,35.105175,0.032756,-0.021262,5.104014,0.000000,0.000000,5.000000,0.111104,1
1784329855.740468,FIXED400,TRACKING,400,35.052250,35.063041,0.035798,-0.022496,5.103136,0.000000,0.000000,5.000000,0.111466,1
1784329855.775569,FIXED400,TRACKING,400,35.064831,35.079480,0.035902,-0.023846,5.100615,0.000000,0.000000,5.000000,0.109457,1
1784329855.810689,FIXED400,TRACKING,400,35.040985,35.051934,0.035307,-0.025156,5.096106,0.000000,0.000000,5.000000,0.105431,1
1784329855.845768,FIXED400,TRACKING,400,35.123424,35.133655,0.034762,-0.026278,5.090582,0.000000,0.000000,5.000000,0.100519,1
1784329855.880933,FIXED400,TRACKING,400,34.911383,34.922199,0.034246,-0.027171,5.085003,0.000000,0.000000,5.000000,0.095586,1
1784329855.915884,FIXED400,TRACKING,400,34.821667,34.832768,0.033037,-0.027856,5.080261,0.000000,0.000000,5.000000,0.091155,1
1784329855.950741,FIXED400,TRACKING,400,35.054306,35.063965,0.031254,-0.028612,5.075264,0.000000,0.000000,5.000000,0.086372,1
1784329855.985833,FIXED400,TRACKING,400,35.016025,35.027427,0.029822,-0.029172,5.071693,0.000000,0.000000,5.000000,0.082947,1
1784329856.020878,FIXED400,TRACKING,400,35.002909,35.012091,0.028375,-0.029659,5.066750,0.000000,0.000000,5.000000,0.078360,1
1784329856.055918,FIXED400,TRACKING,400,35.025288,35.034624,0.026777,-0.030520,5.063675,0.000000,0.000000,5.000000,0.075518,1
1784329856.090994,FIXED400,TRACKING,400,35.085625,35.095744,0.025102,-0.031262,5.058811,0.000000,0.000000,5.000000,0.071177,1
1784329856.126162,FIXED400,TRACKING,400,34.853524,34.868851,0.020353,-0.031610,5.047280,0.000000,0.000000,5.000000,0.060406,1
1784329856.161081,FIXED400,TRACKING,400,34.913635,34.927979,0.017271,-0.030356,5.045556,0.000000,0.000000,5.000000,0.057403,1
1784329856.196052,FIXED400,TRACKING,400,35.107324,35.120026,0.014221,-0.029118,5.042161,0.000000,0.000000,5.000000,0.053175,1
1784329856.231197,FIXED400,TRACKING,400,35.089903,35.099755,0.011206,-0.027903,5.038379,0.000000,0.000000,5.000000,0.048755,1
1784329856.266325,FIXED400,TRACKING,400,35.018775,35.029053,0.008306,-0.027114,5.037874,0.000000,0.000000,5.000000,0.047314,1
1784329856.301392,FIXED400,TRACKING,400,34.885163,34.899999,0.004752,-0.026556,5.040405,0.000000,0.000000,5.000000,0.048583,1
1784329856.336323,FIXED400,TRACKING,400,35.056975,35.069920,0.001850,-0.026067,5.041626,0.000000,0.000000,5.000000,0.049150,1
1784329856.371412,FIXED400,TRACKING,400,35.044837,35.054099,-0.001073,-0.025552,5.041368,0.000000,0.000000,5.000000,0.048635,1
1784329856.406493,FIXED400,TRACKING,400,35.001071,35.012094,-0.004483,-0.025002,5.043728,0.000000,0.000000,5.000000,0.050570,1
1784329856.441529,FIXED400,TRACKING,400,35.104526,35.114392,-0.008937,-0.024260,5.047671,0.000000,0.000000,5.000000,0.054230,1
1784329856.476688,FIXED400,TRACKING,400,35.026973,35.040729,-0.011571,-0.023757,5.049309,0.000000,0.000000,5.000000,0.055943,1
1784329856.511751,FIXED400,TRACKING,400,35.025737,35.036014,-0.014996,-0.022943,5.050679,0.000000,0.000000,5.000000,0.057616,1
1784329856.546817,FIXED400,TRACKING,400,35.122519,35.133074,-0.021872,-0.022453,5.055358,0.000000,0.000000,5.000000,0.063616,1
1784329856.581975,FIXED400,TRACKING,400,35.075268,35.085461,-0.027080,-0.021848,5.059185,0.000000,0.000000,5.000000,0.068655,1
1784329856.617083,FIXED400,TRACKING,400,35.064556,35.074264,-0.032074,-0.021093,5.062974,0.000000,0.000000,5.000000,0.073752,1
1784329856.652190,FIXED400,TRACKING,400,35.007498,35.019769,-0.036451,-0.020733,5.066651,0.000000,0.000000,5.000000,0.078746,1
1784329856.687231,FIXED400,TRACKING,400,35.161556,35.171055,-0.039530,-0.021671,5.071720,0.000000,0.000000,5.000000,0.084712,1
1784329856.722428,FIXED400,TRACKING,400,35.079730,35.089752,-0.042396,-0.022430,5.076135,0.000000,0.000000,5.000000,0.089984,1
1784329856.757549,FIXED400,TRACKING,400,34.889250,34.902819,-0.047993,-0.024733,5.087485,0.000000,0.000000,5.000000,0.102804,1
1784329856.792499,FIXED400,TRACKING,400,34.841902,34.854078,-0.050088,-0.026451,5.094167,0.000000,0.000000,5.000000,0.109891,1
1784329856.827417,FIXED400,TRACKING,400,34.875202,34.887533,-0.051934,-0.027920,5.098494,0.000000,0.000000,5.000000,0.114794,1
1784329856.862350,FIXED400,TRACKING,400,35.153059,35.165812,-0.053513,-0.029200,5.102450,0.000000,0.000000,5.000000,0.119216,1
1784329856.897546,FIXED400,TRACKING,400,35.169525,35.181957,-0.054768,-0.030280,5.108873,0.000000,0.000000,5.000000,0.125578,1
1784329856.932749,FIXED400,TRACKING,400,35.022651,35.032309,-0.056106,-0.031329,5.116848,0.000000,0.000000,5.000000,0.133352,1
1784329856.967809,FIXED400,TRACKING,400,35.130191,35.140370,-0.057086,-0.031927,5.121850,0.000000,0.000000,5.000000,0.138296,1
1784329857.002970,FIXED400,TRACKING,400,35.070720,35.080357,-0.057989,-0.032227,5.125071,0.000000,0.000000,5.000000,0.141577,1
1784329857.038076,FIXED400,TRACKING,400,35.055820,35.066540,-0.057859,-0.033195,5.128078,0.000000,0.000000,5.000000,0.144408,1
1784329857.073181,FIXED400,TRACKING,400,35.075221,35.089199,-0.057499,-0.034059,5.129241,0.000000,0.000000,5.000000,0.145498,1
1784329857.108305,FIXED400,TRACKING,400,35.106295,35.120613,-0.057113,-0.034413,5.129293,0.000000,0.000000,5.000000,0.145475,1
1784329857.143448,FIXED400,TRACKING,400,35.087437,35.098079,-0.055354,-0.034480,5.128395,0.000000,0.000000,5.000000,0.144008,1
1784329857.178568,FIXED400,TRACKING,400,35.107888,35.117807,-0.052786,-0.034005,5.127401,0.000000,0.000000,5.000000,0.142034,1
1784329857.213711,FIXED400,TRACKING,400,35.158788,35.169180,-0.050013,-0.033330,5.125154,0.000000,0.000000,5.000000,0.138837,1
1784329857.248915,FIXED400,TRACKING,400,35.124936,35.138862,-0.047095,-0.032441,5.121783,0.000000,0.000000,5.000000,0.134542,1
1784329857.284085,FIXED400,TRACKING,400,35.013242,35.024128,-0.043143,-0.030287,5.118674,0.000000,0.000000,5.000000,0.129855,1
1784329857.319146,FIXED400,TRACKING,400,34.882382,34.893014,-0.040684,-0.028579,5.116792,0.000000,0.000000,5.000000,0.126934,1
1784329857.354069,FIXED400,TRACKING,400,35.091550,35.102753,-0.036569,-0.025567,5.112714,0.000000,0.000000,5.000000,0.121225,1
1784329857.389222,FIXED400,TRACKING,400,35.052969,35.067983,-0.033204,-0.023076,5.109309,0.000000,0.000000,5.000000,0.116548,1
1784329857.424345,FIXED400,TRACKING,400,34.852718,34.868495,-0.029594,-0.019100,5.105512,0.000000,0.000000,5.000000,0.111236,1
1784329857.459248,FIXED400,TRACKING,400,35.103430,35.115591,-0.022185,-0.010457,5.095004,0.000000,0.000000,5.000000,0.098119,1
1784329857.494397,FIXED400,TRACKING,400,35.069081,35.081034,-0.018398,-0.006261,5.088967,0.000000,0.000000,5.000000,0.091065,1
1784329857.529547,FIXED400,TRACKING,400,35.086276,35.102996,-0.012124,0.000645,5.085798,0.000000,0.000000,5.000000,0.086653,1
1784329857.564720,FIXED400,TRACKING,400,34.909598,34.930216,-0.007174,0.006032,5.081177,0.000000,0.000000,5.000000,0.081716,1
1784329857.599670,FIXED400,TRACKING,400,35.129750,35.141022,-0.002320,0.011315,5.075278,0.000000,0.000000,5.000000,0.076159,1
1784329857.634841,FIXED400,TRACKING,400,35.157844,35.168973,0.002411,0.017077,5.069129,0.000000,0.000000,5.000000,0.071247,1
1784329857.670039,FIXED400,TRACKING,400,35.137514,35.147486,0.007023,0.024156,5.063346,0.000000,0.000000,5.000000,0.068159,1
1784329857.705214,FIXED400,TRACKING,400,35.149283,35.160894,0.011472,0.030890,5.057951,0.000000,0.000000,5.000000,0.066665,1
1784329857.740397,FIXED400,TRACKING,400,35.147344,35.156784,0.016766,0.038818,5.050078,0.000000,0.000000,5.000000,0.065542,1
1784329857.775590,FIXED400,TRACKING,400,34.963444,34.981165,0.020071,0.044576,5.045176,0.000000,0.000000,5.000000,0.066563,1
1784329857.810604,FIXED400,TRACKING,400,34.974961,34.986033,0.023076,0.049875,5.040470,0.000000,0.000000,5.000000,0.068248,1
1784329857.845616,FIXED400,TRACKING,400,35.116016,35.126727,0.026019,0.054774,5.036128,0.000000,0.000000,5.000000,0.070586,1
1784329857.880773,FIXED400,TRACKING,400,35.116766,35.128092,0.028890,0.059388,5.032212,0.000000,0.000000,5.000000,0.073479,1
1784329857.915923,FIXED400,TRACKING,400,35.119639,35.129773,0.032672,0.063828,5.032306,0.000000,0.000000,5.000000,0.078646,1
1784329857.951080,FIXED400,TRACKING,400,35.010208,35.020623,0.037515,0.069122,5.033679,0.000000,0.000000,5.000000,0.085554,1
1784329857.986128,FIXED400,TRACKING,400,35.023215,35.035543,0.041181,0.073101,5.033381,0.000000,0.000000,5.000000,0.090299,1
1784329858.021183,FIXED400,TRACKING,400,35.020368,35.029857,0.044661,0.076733,5.032561,0.000000,0.000000,5.000000,0.094566,1
1784329858.056256,FIXED400,TRACKING,400,34.980399,34.993883,0.048873,0.081842,5.035491,0.000000,0.000000,5.000000,0.101716,1
1784329858.091291,FIXED400,TRACKING,400,35.063007,35.076133,0.051276,0.084599,5.036556,0.000000,0.000000,5.000000,0.105464,1
1784329858.126404,FIXED400,TRACKING,400,35.071140,35.086784,0.058186,0.090773,5.043525,0.000000,0.000000,5.000000,0.116274,1
1784329858.161511,FIXED400,TRACKING,400,35.051361,35.061616,0.061230,0.091837,5.051674,0.000000,0.000000,5.000000,0.121874,1
1784329858.196600,FIXED400,TRACKING,400,35.082466,35.093079,0.063946,0.092690,5.058234,0.000000,0.000000,5.000000,0.126774,1
1784329858.231755,FIXED400,TRACKING,400,35.000155,35.011148,0.066373,0.093363,5.062360,0.000000,0.000000,5.000000,0.130426,1
1784329858.266829,FIXED400,TRACKING,400,34.881774,34.900125,0.068123,0.093891,5.066854,0.000000,0.000000,5.000000,0.133887,1
1784329858.301755,FIXED400,TRACKING,400,35.035708,35.045841,0.069211,0.094196,5.072853,0.000000,0.000000,5.000000,0.137733,1
1784329858.336833,FIXED400,TRACKING,400,35.065533,35.078046,0.070189,0.094069,5.080269,0.000000,0.000000,5.000000,0.142192,1
1784329858.371927,FIXED400,TRACKING,400,35.119639,35.128591,0.070663,0.093587,5.086203,0.000000,0.000000,5.000000,0.145543,1
1784329858.407084,FIXED400,TRACKING,400,35.086129,35.096741,0.070907,0.092468,5.094681,0.000000,0.000000,5.000000,0.150142,1
1784329858.442219,FIXED400,TRACKING,400,34.875747,34.887092,0.070857,0.090993,5.103698,0.000000,0.000000,5.000000,0.155093,1
1784329858.477138,FIXED400,TRACKING,400,35.029783,35.042609,0.070507,0.089300,5.111281,0.000000,0.000000,5.000000,0.159152,1
1784329858.512209,FIXED400,TRACKING,400,35.058569,35.069779,0.069895,0.087418,5.115733,0.000000,0.000000,5.000000,0.161001,1
1784329858.547307,FIXED400,TRACKING,400,35.060345,35.070512,0.067973,0.084442,5.125129,0.000000,0.000000,5.000000,0.165554,1
1784329858.582406,FIXED400,TRACKING,400,35.113507,35.123485,0.066198,0.081832,5.130293,0.000000,0.000000,5.000000,0.167496,1
1784329858.617558,FIXED400,TRACKING,400,35.066341,35.078414,0.064215,0.079017,5.133956,0.000000,0.000000,5.000000,0.168260,1
1784329858.652662,FIXED400,TRACKING,400,35.050385,35.060193,0.061980,0.075668,5.137315,0.000000,0.000000,5.000000,0.168590,1
1784329858.687754,FIXED400,TRACKING,400,35.088848,35.099958,0.059390,0.071206,5.142071,0.000000,0.000000,5.000000,0.169651,1
1784329858.722885,FIXED400,TRACKING,400,35.096909,35.107045,0.056582,0.066531,5.145499,0.000000,0.000000,5.000000,0.169699,1
1784329858.758029,FIXED400,TRACKING,400,34.898119,34.913675,0.048814,0.055927,5.144573,0.000000,0.000000,5.000000,0.162518,1
1784329858.792994,FIXED400,TRACKING,400,34.842894,34.858390,0.044390,0.051359,5.141470,0.000000,0.000000,5.000000,0.156914,1
1784329858.827871,FIXED400,TRACKING,400,34.791085,34.801628,0.039937,0.046505,5.138065,0.000000,0.000000,5.000000,0.151062,1
1784329858.862714,FIXED400,TRACKING,400,35.030671,35.043899,0.035428,0.041489,5.134429,0.000000,0.000000,5.000000,0.145078,1
1784329858.897789,FIXED400,TRACKING,400,35.065106,35.077806,0.030611,0.034200,5.130919,0.000000,0.000000,5.000000,0.138731,1
1784329858.932926,FIXED400,TRACKING,400,34.873349,34.884228,0.024460,0.024575,5.124934,0.000000,0.000000,5.000000,0.129656,1
1784329858.967867,FIXED400,TRACKING,400,35.185875,35.201381,0.019516,0.017163,5.118362,0.000000,0.000000,5.000000,0.121182,1
1784329859.003087,FIXED400,TRACKING,400,35.152007,35.161592,0.014573,0.010108,5.110629,0.000000,0.000000,5.000000,0.112041,1
1784329859.038273,FIXED400,TRACKING,400,35.080544,35.090553,0.009117,0.004941,5.105888,0.000000,0.000000,5.000000,0.106395,1
1784329859.073390,FIXED400,TRACKING,400,35.099413,35.110985,0.003673,-0.000074,5.099269,0.000000,0.000000,5.000000,0.099337,1
1784329859.108528,FIXED400,TRACKING,400,35.111424,35.122923,-0.001721,-0.004971,5.091119,0.000000,0.000000,5.000000,0.091271,1
1784329859.143675,FIXED400,TRACKING,400,35.100322,35.111441,-0.008878,-0.010773,5.081321,0.000000,0.000000,5.000000,0.082511,1
1784329859.178808,FIXED400,TRACKING,400,35.073052,35.083510,-0.015059,-0.015124,5.074325,0.000000,0.000000,5.000000,0.077329,1
1784329859.213922,FIXED400,TRACKING,400,35.023280,35.035829,-0.021075,-0.019567,5.066448,0.000000,0.000000,5.000000,0.072404,1
1784329859.248977,FIXED400,TRACKING,400,35.127039,35.136461,-0.026886,-0.024039,5.058285,0.000000,0.000000,5.000000,0.068541,1
1784329859.284157,FIXED400,TRACKING,400,34.990334,35.006243,-0.032091,-0.028078,5.049893,0.000000,0.000000,5.000000,0.065632,1
1784329859.319188,FIXED400,TRACKING,400,34.872971,34.884070,-0.037844,-0.032666,5.040720,0.000000,0.000000,5.000000,0.064477,1
1784329859.354097,FIXED400,TRACKING,400,34.897709,34.908936,-0.042173,-0.036354,5.033009,0.000000,0.000000,5.000000,0.064729,1
1784329859.389068,FIXED400,TRACKING,400,35.067535,35.086237,-0.046238,-0.039997,5.024536,0.000000,0.000000,5.000000,0.065877,1
1784329859.424175,FIXED400,TRACKING,400,35.040435,35.052530,-0.049676,-0.042682,5.017281,0.000000,0.000000,5.000000,0.067735,1
1784329859.459291,FIXED400,TRACKING,400,35.083092,35.100994,-0.056052,-0.047507,5.003624,0.000000,0.000000,5.000000,0.073565,1
1784329859.494408,FIXED400,TRACKING,400,35.003943,35.014955,-0.059134,-0.049817,4.997960,0.000000,0.000000,5.000000,0.077348,1
1784329859.529449,FIXED400,TRACKING,400,34.877725,34.889015,-0.061936,-0.053537,4.995928,0.000000,0.000000,5.000000,0.081968,1
1784329859.564364,FIXED400,TRACKING,400,34.893529,34.903254,-0.064206,-0.056261,4.993871,0.000000,0.000000,5.000000,0.085588,1
1784329859.599304,FIXED400,TRACKING,400,34.909414,34.922253,-0.066376,-0.058717,4.992065,0.000000,0.000000,5.000000,0.088975,1
1784329859.634296,FIXED400,TRACKING,400,34.892238,34.907067,-0.068813,-0.060622,4.991546,0.000000,0.000000,5.000000,0.092097,1
1784329859.669255,FIXED400,TRACKING,400,34.799664,34.812856,-0.072210,-0.061443,4.993020,0.000000,0.000000,5.000000,0.095070,1
1784329859.704098,FIXED400,TRACKING,400,35.037107,35.048259,-0.075282,-0.062136,4.994096,0.000000,0.000000,5.000000,0.097791,1
1784329859.739181,FIXED400,TRACKING,400,35.028479,35.039743,-0.078660,-0.062796,4.994566,0.000000,0.000000,5.000000,0.100798,1
1784329859.774250,FIXED400,TRACKING,400,35.018695,35.029875,-0.081557,-0.064535,4.999140,0.000000,0.000000,5.000000,0.104006,1
1784329859.809338,FIXED400,TRACKING,400,34.948408,34.964082,-0.084212,-0.066356,5.004859,0.000000,0.000000,5.000000,0.107324,1
1784329859.844323,FIXED400,TRACKING,400,35.135946,35.145804,-0.086437,-0.067791,5.010287,0.000000,0.000000,5.000000,0.110330,1
1784329859.879501,FIXED400,TRACKING,400,35.116019,35.128736,-0.088663,-0.069069,5.017120,0.000000,0.000000,5.000000,0.113687,1
1784329859.914653,FIXED400,TRACKING,400,34.956797,34.967318,-0.089050,-0.069086,5.021890,0.000000,0.000000,5.000000,0.114813,1
1784329859.949651,FIXED400,TRACKING,400,35.140306,35.152741,-0.089223,-0.068911,5.028581,0.000000,0.000000,5.000000,0.116303,1
1784329859.984829,FIXED400,TRACKING,400,35.005073,35.014971,-0.088903,-0.068651,5.033864,0.000000,0.000000,5.000000,0.117318,1
1784329860.019885,FIXED400,TRACKING,400,35.138889,35.152513,-0.088212,-0.068289,5.038918,0.000000,0.000000,5.000000,0.118149,1
1784329860.055077,FIXED400,TRACKING,400,35.081084,35.094481,-0.083737,-0.067364,5.044374,0.000000,0.000000,5.000000,0.116270,1
1784329860.090209,FIXED400,TRACKING,400,35.107513,35.121054,-0.077997,-0.065986,5.049870,0.000000,0.000000,5.000000,0.113687,1
1784329860.125355,FIXED400,TRACKING,400,35.016452,35.028717,-0.067009,-0.064024,5.060443,0.000000,0.000000,5.000000,0.110646,1
1784329860.160403,FIXED400,TRACKING,400,35.170866,35.180145,-0.059362,-0.064134,5.067339,0.000000,0.000000,5.000000,0.110325,1
1784329860.195608,FIXED400,TRACKING,400,35.128126,35.138687,-0.052026,-0.063788,5.073372,0.000000,0.000000,5.000000,0.110268,1
1784329860.230772,FIXED400,TRACKING,400,35.055382,35.065687,-0.044917,-0.063025,5.078741,0.000000,0.000000,5.000000,0.110408,1
1784329860.265870,FIXED400,TRACKING,400,35.121597,35.133352,-0.036773,-0.060633,5.083189,0.000000,0.000000,5.000000,0.109311,1
1784329860.301024,FIXED400,TRACKING,400,35.026861,35.036415,-0.027753,-0.056825,5.086480,0.000000,0.000000,5.000000,0.107136,1
1784329860.336134,FIXED400,TRACKING,400,34.957778,34.971903,-0.016916,-0.051943,5.088374,0.000000,0.000000,5.000000,0.103895,1
1784329860.371153,FIXED400,TRACKING,400,35.124637,35.138957,-0.008502,-0.047854,5.088632,0.000000,0.000000,5.000000,0.101084,1
1784329860.406345,FIXED400,TRACKING,400,35.092559,35.106555,0.000521,-0.044346,5.088976,0.000000,0.000000,5.000000,0.099417,1
1784329860.441484,FIXED400,TRACKING,400,35.075029,35.086714,0.009582,-0.040891,5.089059,0.000000,0.000000,5.000000,0.098465,1
1784329860.476599,FIXED400,TRACKING,400,35.150617,35.163202,0.018419,-0.037265,5.089636,0.000000,0.000000,5.000000,0.098806,1
1784329860.511785,FIXED400,TRACKING,400,35.074768,35.084885,0.027062,-0.033518,5.090789,0.000000,0.000000,5.000000,0.100491,1
1784329860.546899,FIXED400,TRACKING,400,34.941464,34.952108,0.037222,-0.028323,5.095240,0.000000,0.000000,5.000000,0.106105,1
1784329860.581878,FIXED400,TRACKING,400,35.073929,35.084824,0.045068,-0.024162,5.097574,0.000000,0.000000,5.000000,0.110162,1
1784329860.616986,FIXED400,TRACKING,400,35.049810,35.059443,0.052673,-0.019988,5.098258,0.000000,0.000000,5.000000,0.113263,1
1784329860.652072,FIXED400,TRACKING,400,35.056734,35.066025,0.059885,-0.015701,5.097591,0.000000,0.000000,5.000000,0.115571,1
1784329860.687172,FIXED400,TRACKING,400,35.140829,35.151415,0.066424,-0.011185,5.097040,0.000000,0.000000,5.000000,0.118127,1
1784329860.722369,FIXED400,TRACKING,400,35.027168,35.038418,0.072677,-0.006560,5.095304,0.000000,0.000000,5.000000,0.120033,1
1784329860.757444,FIXED400,TRACKING,400,34.917815,34.932120,0.086717,0.004344,5.092971,0.000000,0.000000,5.000000,0.127209,1
1784329860.792422,FIXED400,TRACKING,400,35.117928,35.129173,0.093287,0.009526,5.094493,0.000000,0.000000,5.000000,0.133125,1
1784329860.827575,FIXED400,TRACKING,400,35.095498,35.105963,0.099443,0.014661,5.094260,0.000000,0.000000,5.000000,0.137800,1
1784329860.862709,FIXED400,TRACKING,400,35.101708,35.113480,0.105042,0.019692,5.093631,0.000000,0.000000,5.000000,0.142086,1
1784329860.897852,FIXED400,TRACKING,400,35.106231,35.117921,0.110973,0.025228,5.096136,0.000000,0.000000,5.000000,0.148975,1
1784329860.932995,FIXED400,TRACKING,400,35.110215,35.120729,0.117852,0.032141,5.099402,0.000000,0.000000,5.000000,0.157490,1
1784329860.968148,FIXED400,TRACKING,400,35.163816,35.173515,0.122626,0.037473,5.100968,0.000000,0.000000,5.000000,0.163205,1
1784329861.003348,FIXED400,TRACKING,400,35.086406,35.097832,0.126804,0.042758,5.100849,0.000000,0.000000,5.000000,0.167565,1
1784329861.038497,FIXED400,TRACKING,400,35.022251,35.032480,0.130450,0.052924,5.098246,0.000000,0.000000,5.000000,0.171669,1
1784329861.073587,FIXED400,TRACKING,400,35.112032,35.126593,0.132241,0.058740,5.095481,0.000000,0.000000,5.000000,0.173363,1
1784329861.108747,FIXED400,TRACKING,400,35.095559,35.108230,0.134137,0.066126,5.090873,0.000000,0.000000,5.000000,0.174995,1
1784329861.143876,FIXED400,TRACKING,400,35.074031,35.084132,0.135069,0.076044,5.085624,0.000000,0.000000,5.000000,0.177081,1
1784329861.178983,FIXED400,TRACKING,400,35.101410,35.110507,0.134543,0.084896,5.081875,0.000000,0.000000,5.000000,0.178921,1
1784329861.214118,FIXED400,TRACKING,400,35.059806,35.070039,0.133644,0.093067,5.077164,0.000000,0.000000,5.000000,0.180212,1
1784329861.249221,FIXED400,TRACKING,400,35.099125,35.110516,0.132286,0.100563,5.072264,0.000000,0.000000,5.000000,0.181203,1
1784329861.284365,FIXED400,TRACKING,400,35.150473,35.161562,0.131130,0.107539,5.070246,0.000000,0.000000,5.000000,0.183560,1
1784329861.319557,FIXED400,TRACKING,400,35.124533,35.136975,0.130128,0.114059,5.070186,0.000000,0.000000,5.000000,0.186732,1
1784329861.354711,FIXED400,TRACKING,400,35.166051,35.174996,0.128176,0.121476,5.069444,0.000000,0.000000,5.000000,0.189758,1
1784329861.389916,FIXED400,TRACKING,400,35.138783,35.150826,0.126076,0.126930,5.067765,0.000000,0.000000,5.000000,0.191307,1
1784329861.425097,FIXED400,TRACKING,400,35.086971,35.098834,0.120635,0.141190,5.072454,0.000000,0.000000,5.000000,0.199341,1
1784329861.460220,FIXED400,TRACKING,400,35.060259,35.069943,0.117248,0.147564,5.073912,0.000000,0.000000,5.000000,0.202448,1
1784329861.495320,FIXED400,TRACKING,400,35.092939,35.103157,0.113442,0.153212,5.074878,0.000000,0.000000,5.000000,0.204817,1
1784329861.530457,FIXED400,TRACKING,400,35.094071,35.105712,0.110321,0.162625,5.079108,0.000000,0.000000,5.000000,0.211839,1
1784329861.565585,FIXED400,TRACKING,400,35.130590,35.141313,0.107220,0.169183,5.082266,0.000000,0.000000,5.000000,0.216534,1
1784329861.600747,FIXED400,TRACKING,400,35.107189,35.115934,0.103620,0.174901,5.085342,0.000000,0.000000,5.000000,0.220478,1
1784329861.635892,FIXED400,TRACKING,400,35.071320,35.081751,0.099570,0.180191,5.089565,0.000000,0.000000,5.000000,0.224510,1
1784329861.671004,FIXED400,TRACKING,400,35.076287,35.087350,0.095152,0.185822,5.096764,0.000000,0.000000,5.000000,0.230102,1
1784329861.706125,FIXED400,TRACKING,400,35.094368,35.107338,0.090466,0.190527,5.103030,0.000000,0.000000,5.000000,0.234733,1
1784329861.741297,FIXED400,TRACKING,400,34.932391,34.945896,0.084249,0.195174,5.109119,0.000000,0.000000,5.000000,0.238952,1
1784329861.776289,FIXED400,TRACKING,400,34.902831,34.916460,0.078867,0.198330,5.114639,0.000000,0.000000,5.000000,0.242274,1
1784329861.811245,FIXED400,TRACKING,400,34.915229,34.925383,0.073269,0.200726,5.118991,0.000000,0.000000,5.000000,0.244578,1
1784329861.846196,FIXED400,TRACKING,400,35.173565,35.183535,0.067458,0.202308,5.122147,0.000000,0.000000,5.000000,0.245762,1
1784329861.881416,FIXED400,TRACKING,400,34.871967,34.882329,0.061386,0.203069,5.125227,0.000000,0.000000,5.000000,0.246348,1
1784329861.916331,FIXED400,TRACKING,400,35.121197,35.133788,0.056690,0.202573,5.128345,0.000000,0.000000,5.000000,0.246418,1
1784329861.951486,FIXED400,TRACKING,400,35.135691,35.144892,0.051035,0.200803,5.130807,0.000000,0.000000,5.000000,0.245024,1
1784329861.986655,FIXED400,TRACKING,400,35.125468,35.136041,0.046330,0.198623,5.130509,0.000000,0.000000,5.000000,0.242137,1
1784329862.021812,FIXED400,TRACKING,400,35.068562,35.078230,0.041493,0.195898,5.128698,0.000000,0.000000,5.000000,0.238036,1
1784329862.056922,FIXED400,TRACKING,400,35.126995,35.139467,0.033591,0.186059,5.130333,0.000000,0.000000,5.000000,0.229637,1
1784329862.092104,FIXED400,TRACKING,400,35.122057,35.135230,0.029290,0.180493,5.129430,0.000000,0.000000,5.000000,0.224026,1
1784329862.127266,FIXED400,TRACKING,400,35.150441,35.161410,0.024388,0.172102,5.126268,0.000000,0.000000,5.000000,0.214843,1
1784329862.162451,FIXED400,TRACKING,400,35.017694,35.028114,0.020979,0.163927,5.123175,0.000000,0.000000,5.000000,0.206117,1
1784329862.197501,FIXED400,TRACKING,400,35.132047,35.143611,0.017147,0.155487,5.118435,0.000000,0.000000,5.000000,0.196207,1
1784329862.232674,FIXED400,TRACKING,400,35.079245,35.091473,0.013047,0.146756,5.113379,0.000000,0.000000,5.000000,0.185909,1
1784329862.267788,FIXED400,TRACKING,400,35.107218,35.117692,0.007695,0.137172,5.109619,0.000000,0.000000,5.000000,0.175760,1
1784329862.302943,FIXED400,TRACKING,400,35.024044,35.037435,0.001215,0.126842,5.105677,0.000000,0.000000,5.000000,0.165100,1
1784329862.338009,FIXED400,TRACKING,400,35.102360,35.113901,-0.006910,0.113721,5.098184,0.000000,0.000000,5.000000,0.150400,1
1784329862.373143,FIXED400,TRACKING,400,35.096655,35.106168,-0.013414,0.103023,5.090149,0.000000,0.000000,5.000000,0.137552,1
1784329862.408274,FIXED400,TRACKING,400,35.066855,35.076964,-0.019735,0.091006,5.084548,0.000000,0.000000,5.000000,0.125777,1
1784329862.443423,FIXED400,TRACKING,400,34.984935,34.997531,-0.026029,0.078521,5.080041,0.000000,0.000000,5.000000,0.115107,1
1784329862.478487,FIXED400,TRACKING,400,35.154951,35.169482,-0.032316,0.065969,5.075114,0.000000,0.000000,5.000000,0.105063,1
1784329862.513685,FIXED400,TRACKING,400,35.151510,35.163669,-0.038525,0.053348,5.068543,0.000000,0.000000,5.000000,0.095018,1
1784329862.548872,FIXED400,TRACKING,400,35.096237,35.106647,-0.048461,0.037473,5.061825,0.000000,0.000000,5.000000,0.087034,1
1784329862.584004,FIXED400,TRACKING,400,34.927498,34.937634,-0.056061,0.024637,5.056192,0.000000,0.000000,5.000000,0.083111,1
1784329862.618964,FIXED400,TRACKING,400,35.119350,35.129331,-0.063298,0.011733,5.050973,0.000000,0.000000,5.000000,0.082113,1
1784329862.654126,FIXED400,TRACKING,400,35.054185,35.067046,-0.070405,-0.001589,5.047803,0.000000,0.000000,5.000000,0.085114,1
1784329862.689224,FIXED400,TRACKING,400,35.179424,35.191715,-0.077785,-0.015921,5.048274,0.000000,0.000000,5.000000,0.092921,1
1784329862.724449,FIXED400,TRACKING,400,35.109031,35.122225,-0.086459,-0.033557,5.046899,0.000000,0.000000,5.000000,0.103927,1
1784329862.759604,FIXED400,TRACKING,400,35.141631,35.155107,-0.099953,-0.061152,5.041102,0.000000,0.000000,5.000000,0.124175,1
1784329862.794797,FIXED400,TRACKING,400,34.963349,34.974201,-0.106787,-0.074513,5.039453,0.000000,0.000000,5.000000,0.136059,1
1784329862.829803,FIXED400,TRACKING,400,35.191501,35.204368,-0.113120,-0.087284,5.038679,0.000000,0.000000,5.000000,0.148023,1
1784329862.865035,FIXED400,TRACKING,400,35.143947,35.154817,-0.118944,-0.099482,5.038000,0.000000,0.000000,5.000000,0.159651,1
1784329862.900212,FIXED400,TRACKING,400,34.900070,34.909666,-0.123554,-0.109278,5.040579,0.000000,0.000000,5.000000,0.169864,1
1784329862.935147,FIXED400,TRACKING,400,35.030663,35.041615,-0.128358,-0.120229,5.044764,0.000000,0.000000,5.000000,0.181479,1
1784329862.970215,FIXED400,TRACKING,400,35.010751,35.021153,-0.131681,-0.128710,5.047196,0.000000,0.000000,5.000000,0.190088,1
1784329863.005276,FIXED400,TRACKING,400,35.111227,35.124678,-0.134544,-0.136816,5.048326,0.000000,0.000000,5.000000,0.197879,1
1784329863.040424,FIXED400,TRACKING,400,35.015551,35.025743,-0.137076,-0.143411,5.052628,0.000000,0.000000,5.000000,0.205246,1
1784329863.075485,FIXED400,TRACKING,400,35.122100,35.133696,-0.139250,-0.149670,5.055932,0.000000,0.000000,5.000000,0.211944,1
1784329863.110642,FIXED400,TRACKING,400,35.081095,35.091108,-0.141063,-0.155517,5.059148,0.000000,0.000000,5.000000,0.218135,1
1784329863.145792,FIXED400,TRACKING,400,34.941665,34.952447,-0.141491,-0.161732,5.064098,0.000000,0.000000,5.000000,0.224244,1
1784329863.180804,FIXED400,TRACKING,400,35.012024,35.023724,-0.139884,-0.165672,5.068220,0.000000,0.000000,5.000000,0.227307,1
1784329863.215854,FIXED400,TRACKING,400,35.078928,35.090193,-0.137922,-0.169175,5.071585,0.000000,0.000000,5.000000,0.229711,1
1784329863.250969,FIXED400,TRACKING,400,35.114004,35.124349,-0.135635,-0.172181,5.074203,0.000000,0.000000,5.000000,0.231406,1
1784329863.286119,FIXED400,TRACKING,400,35.037586,35.047469,-0.133199,-0.173355,5.078008,0.000000,0.000000,5.000000,0.232119,1
1784329863.321192,FIXED400,TRACKING,400,35.097775,35.108453,-0.130609,-0.172901,5.081760,0.000000,0.000000,5.000000,0.231599,1
1784329863.356339,FIXED400,TRACKING,400,35.097943,35.111386,-0.126911,-0.171862,5.084462,0.000000,0.000000,5.000000,0.229732,1
1784329863.391469,FIXED400,TRACKING,400,35.050246,35.059759,-0.123562,-0.170546,5.086355,0.000000,0.000000,5.000000,0.227620,1
1784329863.426559,FIXED400,TRACKING,400,35.094846,35.106491,-0.114364,-0.166701,5.088075,0.000000,0.000000,5.000000,0.220512,1
1784329863.461690,FIXED400,TRACKING,400,35.106108,35.116502,-0.109322,-0.164148,5.088047,0.000000,0.000000,5.000000,0.215981,1
1784329863.496839,FIXED400,TRACKING,400,34.981967,34.996365,-0.103996,-0.161112,5.087619,0.000000,0.000000,5.000000,0.210831,1
1784329863.531858,FIXED400,TRACKING,400,34.950782,34.960603,-0.096489,-0.158638,5.086128,0.000000,0.000000,5.000000,0.204681,1
1784329863.566843,FIXED400,TRACKING,400,35.006024,35.015770,-0.090181,-0.156062,5.083051,0.000000,0.000000,5.000000,0.198458,1
1784329863.601883,FIXED400,TRACKING,400,35.098630,35.108837,-0.083615,-0.152930,5.078998,0.000000,0.000000,5.000000,0.191363,1
1784329863.637013,FIXED400,TRACKING,400,35.129252,35.138558,-0.073926,-0.147298,5.076479,0.000000,0.000000,5.000000,0.181689,1
1784329863.672184,FIXED400,TRACKING,400,35.093370,35.103876,-0.067080,-0.142771,5.076535,0.000000,0.000000,5.000000,0.175331,1
1784329863.707326,FIXED400,TRACKING,400,35.070027,35.081939,-0.058068,-0.136442,5.075639,0.000000,0.000000,5.000000,0.166462,1
1784329863.742431,FIXED400,TRACKING,400,35.130092,35.139740,-0.046929,-0.128017,5.072587,0.000000,0.000000,5.000000,0.154465,1
1784329863.777606,FIXED400,TRACKING,400,35.067458,35.082238,-0.037738,-0.120856,5.070373,0.000000,0.000000,5.000000,0.144854,1
1784329863.812727,FIXED400,TRACKING,400,35.065360,35.075241,-0.028486,-0.113309,5.068410,0.000000,0.000000,5.000000,0.135390,1
1784329863.847870,FIXED400,TRACKING,400,34.936027,34.949895,-0.019308,-0.105426,5.065708,0.000000,0.000000,5.000000,0.125718,1
1784329863.882874,FIXED400,TRACKING,400,34.934727,34.949458,-0.010211,-0.097262,5.062478,0.000000,0.000000,5.000000,0.116050,1
1784329863.917852,FIXED400,TRACKING,400,35.068375,35.079860,-0.001723,-0.087683,5.062324,0.000000,0.000000,5.000000,0.107590,1
1784329863.952959,FIXED400,TRACKING,400,34.977664,34.988547,0.008560,-0.075163,5.061810,0.000000,0.000000,5.000000,0.097690,1
1784329863.987977,FIXED400,TRACKING,400,34.967889,34.979255,0.016635,-0.065142,5.060426,0.000000,0.000000,5.000000,0.090396,1
1784329864.022975,FIXED400,TRACKING,400,35.092552,35.101864,0.024493,-0.055160,5.058902,0.000000,0.000000,5.000000,0.084333,1
1784329864.058107,FIXED400,TRACKING,400,35.138672,35.149987,0.042751,-0.032361,5.059796,0.000000,0.000000,5.000000,0.080315,1
1784329864.093285,FIXED400,TRACKING,400,35.132666,35.143502,0.051407,-0.021174,5.058047,0.000000,0.000000,5.000000,0.080377,1
1784329864.128464,FIXED400,TRACKING,400,35.147886,35.163207,0.062367,-0.007241,5.057058,0.000000,0.000000,5.000000,0.084840,1
1784329864.163660,FIXED400,TRACKING,400,34.871366,34.882495,0.071358,0.003693,5.056543,0.000000,0.000000,5.000000,0.091119,1
1784329864.198566,FIXED400,TRACKING,400,35.080885,35.091116,0.079937,0.014413,5.055032,0.000000,0.000000,5.000000,0.098113,1
1784329864.233685,FIXED400,TRACKING,400,35.042754,35.054463,0.088071,0.024829,5.052912,0.000000,0.000000,5.000000,0.105701,1
1784329864.268783,FIXED400,TRACKING,400,35.133054,35.144677,0.096246,0.033077,5.050830,0.000000,0.000000,5.000000,0.113759,1
1784329864.303963,FIXED400,TRACKING,400,35.081865,35.098552,0.104356,0.039424,5.048735,0.000000,0.000000,5.000000,0.121735,1
1784329864.339076,FIXED400,TRACKING,400,35.117336,35.127088,0.113650,0.047432,5.045373,0.000000,0.000000,5.000000,0.131243,1
1784329864.374227,FIXED400,TRACKING,400,35.111103,35.121715,0.120454,0.053821,5.042262,0.000000,0.000000,5.000000,0.138535,1
1784329864.409380,FIXED400,TRACKING,400,35.054659,35.066880,0.127140,0.060214,5.041348,0.000000,0.000000,5.000000,0.146629,1
1784329864.444474,FIXED400,TRACKING,400,35.091620,35.101779,0.133450,0.066467,5.040424,0.000000,0.000000,5.000000,0.154470,1
1784329864.479602,FIXED400,TRACKING,400,35.142729,35.153833,0.140557,0.073893,5.039586,0.000000,0.000000,5.000000,0.163657,1
1784329864.514785,FIXED400,TRACKING,400,35.197165,35.208378,0.144437,0.078188,5.038643,0.000000,0.000000,5.000000,0.168727,1
1784329864.550071,FIXED400,TRACKING,400,35.110639,35.127469,0.152718,0.084338,5.038579,0.000000,0.000000,5.000000,0.178673,1
1784329864.585249,FIXED400,TRACKING,400,35.162780,35.177330,0.158408,0.089055,5.038624,0.000000,0.000000,5.000000,0.185784,1
1784329864.620460,FIXED400,TRACKING,400,35.248452,35.261893,0.163259,0.093525,5.038640,0.000000,0.000000,5.000000,0.192077,1
1784329864.655752,FIXED400,TRACKING,400,35.233444,35.245419,0.167477,0.096666,5.039425,0.000000,0.000000,5.000000,0.197350,1
1784329864.691026,FIXED400,TRACKING,400,35.237291,35.248683,0.171443,0.096657,5.042903,0.000000,0.000000,5.000000,0.201435,1
1784329864.726312,FIXED400,TRACKING,400,35.286474,35.299088,0.177096,0.096874,5.048182,0.000000,0.000000,5.000000,0.207531,1
1784329864.761645,FIXED400,TRACKING,400,35.195832,35.208811,0.177403,0.099534,5.050130,0.000000,0.000000,5.000000,0.209504,1
1784329864.796909,FIXED400,TRACKING,400,35.124169,35.138011,0.176786,0.102660,5.051645,0.000000,0.000000,5.000000,0.210854,1
1784329864.832079,FIXED400,TRACKING,400,35.173761,35.185611,0.175517,0.105406,5.053150,0.000000,0.000000,5.000000,0.211522,1
1784329864.867306,FIXED400,TRACKING,400,35.261704,35.273546,0.173650,0.107706,5.054406,0.000000,0.000000,5.000000,0.211459,1
1784329864.902611,FIXED400,TRACKING,400,35.197007,35.207955,0.171185,0.108855,5.057092,0.000000,0.000000,5.000000,0.210744,1
1784329864.937868,FIXED400,TRACKING,400,35.238450,35.251797,0.167322,0.109563,5.059808,0.000000,0.000000,5.000000,0.208752,1
1784329864.973172,FIXED400,TRACKING,400,35.254676,35.271885,0.163589,0.109949,5.061086,0.000000,0.000000,5.000000,0.206353,1
1784329865.008496,FIXED400,TRACKING,400,35.205411,35.224485,0.159326,0.110055,5.061607,0.000000,0.000000,5.000000,0.203205,1
1784329865.043741,FIXED400,TRACKING,400,35.336872,35.347535,0.153121,0.107971,5.065399,0.000000,0.000000,5.000000,0.198446,1
1784329865.079115,FIXED400,TRACKING,400,35.195796,35.207192,0.146621,0.105832,5.067573,0.000000,0.000000,5.000000,0.193039,1
1784329865.114349,FIXED400,TRACKING,400,35.213671,35.224361,0.139761,0.103545,5.069423,0.000000,0.000000,5.000000,0.187281,1
1784329865.149598,FIXED400,TRACKING,400,35.218880,35.229694,0.130000,0.100756,5.073325,0.000000,0.000000,5.000000,0.180079,1
1784329865.184852,FIXED400,TRACKING,400,35.227266,35.238822,0.121073,0.098632,5.078554,0.000000,0.000000,5.000000,0.174808,1
1784329865.220139,FIXED400,TRACKING,400,35.262727,35.277308,0.111891,0.096169,5.083470,0.000000,0.000000,5.000000,0.169515,1
1784329865.255475,FIXED400,TRACKING,400,35.062205,35.075472,0.102449,0.093373,5.087442,0.000000,0.000000,5.000000,0.163892,1
1784329865.290646,FIXED400,TRACKING,400,35.110067,35.129564,0.093434,0.089507,5.092757,0.000000,0.000000,5.000000,0.159202,1
1784329865.325814,FIXED400,TRACKING,400,34.939043,34.956658,0.073798,0.078352,5.103335,0.000000,0.000000,5.000000,0.149209,1
1784329865.360794,FIXED400,TRACKING,400,35.243887,35.254112,0.064740,0.073156,5.103659,0.000000,0.000000,5.000000,0.142437,1
1784329865.396076,FIXED400,TRACKING,400,35.261619,35.272667,0.055223,0.067535,5.104285,0.000000,0.000000,5.000000,0.135963,1
1784329865.431377,FIXED400,TRACKING,400,35.211377,35.222981,0.045387,0.061722,5.105508,0.000000,0.000000,5.000000,0.130390,1
1784329865.466627,FIXED400,TRACKING,400,35.229310,35.240414,0.035341,0.055819,5.106943,0.000000,0.000000,5.000000,0.125704,1
1784329865.501895,FIXED400,TRACKING,400,35.145377,35.156356,0.025204,0.049890,5.106438,0.000000,0.000000,5.000000,0.120222,1
1784329865.537080,FIXED400,TRACKING,400,35.181313,35.191835,0.010500,0.043181,5.101426,0.000000,0.000000,5.000000,0.110734,1
1784329865.572300,FIXED400,TRACKING,400,35.151502,35.163749,-0.001083,0.037823,5.095425,0.000000,0.000000,5.000000,0.102653,1
1784329865.607488,FIXED400,TRACKING,400,35.170048,35.179899,-0.012464,0.032544,5.087884,0.000000,0.000000,5.000000,0.094542,1
1784329865.642693,FIXED400,TRACKING,400,35.026918,35.037006,-0.023553,0.027646,5.079411,0.000000,0.000000,5.000000,0.087322,1
1784329865.677769,FIXED400,TRACKING,400,35.229452,35.247331,-0.034200,0.023672,5.071219,0.000000,0.000000,5.000000,0.082475,1
1784329865.713054,FIXED400,TRACKING,400,35.176093,35.189448,-0.044572,0.019591,5.064600,0.000000,0.000000,5.000000,0.080893,1
1784329865.748278,FIXED400,TRACKING,400,35.152862,35.166746,-0.057208,0.014391,5.056247,0.000000,0.000000,5.000000,0.081508,1
1784329865.783477,FIXED400,TRACKING,400,35.259448,35.271362,-0.068577,0.008643,5.051774,0.000000,0.000000,5.000000,0.086360,1
1784329865.818798,FIXED400,TRACKING,400,35.220717,35.231173,-0.080102,0.002504,5.047035,0.000000,0.000000,5.000000,0.092924,1
1784329865.854056,FIXED400,TRACKING,400,35.286416,35.299452,-0.091258,-0.003521,5.042193,0.000000,0.000000,5.000000,0.100602,1
1784329865.889390,FIXED400,TRACKING,400,35.229872,35.242352,-0.102044,-0.009416,5.036314,0.000000,0.000000,5.000000,0.108722,1
1784329865.924660,FIXED400,TRACKING,400,35.249111,35.264682,-0.112597,-0.015075,5.032896,0.000000,0.000000,5.000000,0.118268,1
1784329865.959982,FIXED400,TRACKING,400,35.169096,35.180672,-0.135000,-0.027168,5.026514,0.000000,0.000000,5.000000,0.140236,1
1784329865.995211,FIXED400,TRACKING,400,35.024309,35.037133,-0.144115,-0.032281,5.023942,0.000000,0.000000,5.000000,0.149615,1
1784329866.030275,FIXED400,TRACKING,400,35.209474,35.220023,-0.153908,-0.035857,5.022118,0.000000,0.000000,5.000000,0.159570,1
1784329866.065531,FIXED400,TRACKING,400,35.305768,35.318996,-0.162887,-0.039346,5.020871,0.000000,0.000000,5.000000,0.168867,1
1784329866.100876,FIXED400,TRACKING,400,35.297602,35.308323,-0.171082,-0.042739,5.019827,0.000000,0.000000,5.000000,0.177451,1
1784329866.136215,FIXED400,TRACKING,400,35.206039,35.218230,-0.180457,-0.047359,5.019279,0.000000,0.000000,5.000000,0.187561,1
1784329866.171471,FIXED400,TRACKING,400,35.176816,35.187892,-0.187368,-0.051476,5.019679,0.000000,0.000000,5.000000,0.195304,1
1784329866.206682,FIXED400,TRACKING,400,35.100755,35.110814,-0.193535,-0.055281,5.019652,0.000000,0.000000,5.000000,0.202232,1
1784329866.241817,FIXED400,TRACKING,400,35.078818,35.088400,-0.198941,-0.058660,5.019978,0.000000,0.000000,5.000000,0.208369,1
1784329866.276938,FIXED400,TRACKING,400,35.088199,35.100957,-0.202966,-0.061409,5.022276,0.000000,0.000000,5.000000,0.213220,1
1784329866.312058,FIXED400,TRACKING,400,35.110371,35.120171,-0.205708,-0.063737,5.026073,0.000000,0.000000,5.000000,0.216929,1
1784329866.347203,FIXED400,TRACKING,400,35.024284,35.033674,-0.208221,-0.066477,5.030871,0.000000,0.000000,5.000000,0.220745,1
1784329866.382264,FIXED400,TRACKING,400,35.100052,35.110504,-0.209425,-0.068441,5.034138,0.000000,0.000000,5.000000,0.222954,1
1784329866.417401,FIXED400,TRACKING,400,35.120048,35.132364,-0.210513,-0.069309,5.039920,0.000000,0.000000,5.000000,0.225195,1
1784329866.452582,FIXED400,TRACKING,400,35.078802,35.094929,-0.211043,-0.069740,5.046089,0.000000,0.000000,5.000000,0.226995,1
1784329866.487699,FIXED400,TRACKING,400,34.951931,34.962523,-0.210826,-0.069976,5.051524,0.000000,0.000000,5.000000,0.228032,1
1784329866.522690,FIXED400,TRACKING,400,35.066963,35.076818,-0.209955,-0.070060,5.055375,0.000000,0.000000,5.000000,0.228158,1
1784329866.557798,FIXED400,TRACKING,400,35.047188,35.059714,-0.200340,-0.066697,5.067092,0.000000,0.000000,5.000000,0.221553,1
1784329866.592880,FIXED400,TRACKING,400,35.072897,35.082992,-0.195230,-0.065060,5.070375,0.000000,0.000000,5.000000,0.217486,1
1784329866.627986,FIXED400,TRACKING,400,35.093399,35.103095,-0.189672,-0.063622,5.073158,0.000000,0.000000,5.000000,0.213015,1
1784329866.663151,FIXED400,TRACKING,400,35.035028,35.045984,-0.183754,-0.062939,5.078073,0.000000,0.000000,5.000000,0.209338,1
1784329866.698233,FIXED400,TRACKING,400,35.199565,35.211804,-0.177328,-0.061964,5.082484,0.000000,0.000000,5.000000,0.205155,1
1784329866.733481,FIXED400,TRACKING,400,35.122030,35.134379,-0.168646,-0.060374,5.086315,0.000000,0.000000,5.000000,0.198839,1
1784329866.768642,FIXED400,TRACKING,400,35.163439,35.175128,-0.160547,-0.058563,5.090401,0.000000,0.000000,5.000000,0.193332,1
1784329866.803870,FIXED400,TRACKING,400,35.146697,35.159803,-0.151911,-0.056568,5.093503,0.000000,0.000000,5.000000,0.187136,1
1784329866.839051,FIXED400,TRACKING,400,35.135349,35.145539,-0.142871,-0.054412,5.096136,0.000000,0.000000,5.000000,0.180596,1
1784329866.874225,FIXED400,TRACKING,400,35.050594,35.061758,-0.130923,-0.051481,5.099386,0.000000,0.000000,5.000000,0.172246,1
1784329866.909323,FIXED400,TRACKING,400,35.088057,35.102088,-0.123729,-0.049908,5.099425,0.000000,0.000000,5.000000,0.166388,1
1784329866.944445,FIXED400,TRACKING,400,35.091293,35.101287,-0.111354,-0.047136,5.095860,0.000000,0.000000,5.000000,0.154307,1
1784329866.979573,FIXED400,TRACKING,400,35.086184,35.096399,-0.101057,-0.044740,5.092072,0.000000,0.000000,5.000000,0.143846,1
1784329867.014691,FIXED400,TRACKING,400,35.126769,35.136371,-0.090482,-0.042304,5.087245,0.000000,0.000000,5.000000,0.132620,1
1784329867.049858,FIXED400,TRACKING,400,35.065082,35.077330,-0.078108,-0.042055,5.083557,0.000000,0.000000,5.000000,0.121865,1
1784329867.084956,FIXED400,TRACKING,400,35.089543,35.099676,-0.065665,-0.041521,5.078639,0.000000,0.000000,5.000000,0.110544,1
1784329867.120091,FIXED400,TRACKING,400,35.089953,35.102391,-0.053118,-0.040709,5.073627,0.000000,0.000000,5.000000,0.099498,1
1784329867.155217,FIXED400,TRACKING,400,35.058055,35.068763,-0.036715,-0.038977,5.068663,0.000000,0.000000,5.000000,0.087073,1
1784329867.190308,FIXED400,TRACKING,400,35.029027,35.038876,-0.022880,-0.036994,5.065986,0.000000,0.000000,5.000000,0.079033,1
1784329867.225384,FIXED400,TRACKING,400,35.112244,35.127344,0.004342,-0.032410,5.058183,0.000000,0.000000,5.000000,0.066742,1
1784329867.260530,FIXED400,TRACKING,400,35.042543,35.053574,0.018336,-0.031318,5.053174,0.000000,0.000000,5.000000,0.064378,1
1784329867.295615,FIXED400,TRACKING,400,34.956755,34.969690,0.032659,-0.031421,5.047591,0.000000,0.000000,5.000000,0.065718,1
1784329867.330609,FIXED400,TRACKING,400,34.971475,34.983105,0.050087,-0.031172,5.038778,0.000000,0.000000,5.000000,0.070598,1
1784329867.365657,FIXED400,TRACKING,400,34.924187,34.938366,0.063603,-0.030734,5.031606,0.000000,0.000000,5.000000,0.077388,1
1784329867.400642,FIXED400,TRACKING,400,34.938293,34.953115,0.077334,-0.032171,5.024600,0.000000,0.000000,5.000000,0.087296,1
1784329867.435627,FIXED400,TRACKING,400,35.113870,35.126829,0.090696,-0.033822,5.018491,0.000000,0.000000,5.000000,0.098547,1
1784329867.470778,FIXED400,TRACKING,400,35.084739,35.095327,0.103427,-0.035012,5.013815,0.000000,0.000000,5.000000,0.110063,1
1784329867.505899,FIXED400,TRACKING,400,35.044743,35.055118,0.118165,-0.035709,5.009431,0.000000,0.000000,5.000000,0.123803,1
1784329867.540979,FIXED400,TRACKING,400,34.939846,34.950323,0.128277,-0.035109,5.008555,0.000000,0.000000,5.000000,0.133269,1
1784329867.575972,FIXED400,TRACKING,400,35.090522,35.103457,0.137915,-0.034394,5.007512,0.000000,0.000000,5.000000,0.142337,1
1784329867.611097,FIXED400,TRACKING,400,35.061472,35.071409,0.147103,-0.033583,5.005403,0.000000,0.000000,5.000000,0.150984,1
1784329867.646194,FIXED400,TRACKING,400,35.113410,35.123530,0.155723,-0.032597,5.002296,0.000000,0.000000,5.000000,0.159115,1
1784329867.681355,FIXED400,TRACKING,400,35.045189,35.056759,0.163653,-0.031204,4.998886,0.000000,0.000000,5.000000,0.166605,1
1784329867.716456,FIXED400,TRACKING,400,35.065781,35.084076,0.171008,-0.029665,4.995815,0.000000,0.000000,5.000000,0.173612,1
1784329867.751564,FIXED400,TRACKING,400,35.095369,35.107351,0.179304,-0.027552,4.993180,0.000000,0.000000,5.000000,0.181537,1
1784329867.786704,FIXED400,TRACKING,400,35.097466,35.110378,0.185770,-0.026000,4.995376,0.000000,0.000000,5.000000,0.187638,1
1784329867.821863,FIXED400,TRACKING,400,34.972722,34.985756,0.191680,-0.024360,4.998742,0.000000,0.000000,5.000000,0.193226,1
1784329867.856877,FIXED400,TRACKING,400,34.966038,34.977917,0.196840,-0.022473,5.001463,0.000000,0.000000,5.000000,0.198124,1
1784329867.891876,FIXED400,TRACKING,400,35.015489,35.024844,0.201170,-0.020411,5.003859,0.000000,0.000000,5.000000,0.202239,1
1784329867.926927,FIXED400,TRACKING,400,35.052483,35.063285,0.206478,-0.018669,5.017815,0.000000,0.000000,5.000000,0.208084,1
1784329867.962013,FIXED400,TRACKING,400,35.041876,35.051566,0.207521,-0.017631,5.023604,0.000000,0.000000,5.000000,0.209602,1
1784329867.997088,FIXED400,TRACKING,400,34.976982,34.988559,0.207870,-0.016318,5.029260,0.000000,0.000000,5.000000,0.210552,1
1784329868.032099,FIXED400,TRACKING,400,35.126402,35.135593,0.204041,-0.014524,5.036292,0.000000,0.000000,5.000000,0.207752,1
1784329868.067322,FIXED400,TRACKING,400,35.037055,35.052708,0.199761,-0.012587,5.043067,0.000000,0.000000,5.000000,0.204738,1
1784329868.102423,FIXED400,TRACKING,400,34.969929,34.985328,0.195032,-0.010582,5.049338,0.000000,0.000000,5.000000,0.201454,1
1784329868.137447,FIXED400,TRACKING,400,35.090377,35.104848,0.188404,-0.008728,5.057245,0.000000,0.000000,5.000000,0.197102,1
1784329868.172572,FIXED400,TRACKING,400,35.049641,35.059946,0.182473,-0.007894,5.064186,0.000000,0.000000,5.000000,0.193594,1
1784329868.207655,FIXED400,TRACKING,400,35.119653,35.130216,0.176127,-0.006828,5.069867,0.000000,0.000000,5.000000,0.189602,1
1784329868.242811,FIXED400,TRACKING,400,35.073804,35.084536,0.169438,-0.005548,5.073638,0.000000,0.000000,5.000000,0.184832,1
1784329868.277923,FIXED400,TRACKING,400,35.086692,35.098661,0.161020,-0.005459,5.076563,0.000000,0.000000,5.000000,0.178380,1
1784329868.313064,FIXED400,TRACKING,400,35.015812,35.032254,0.150911,-0.006400,5.080156,0.000000,0.000000,5.000000,0.170997,1
1784329868.348116,FIXED400,TRACKING,400,35.014310,35.025185,0.137871,-0.006960,5.084271,0.000000,0.000000,5.000000,0.161736,1
1784329868.383162,FIXED400,TRACKING,400,35.018409,35.028979,0.127194,-0.006914,5.086135,0.000000,0.000000,5.000000,0.153770,1
1784329868.418217,FIXED400,TRACKING,400,35.092979,35.104931,0.115057,-0.007211,5.088990,0.000000,0.000000,5.000000,0.145634,1
1784329868.453355,FIXED400,TRACKING,400,35.029801,35.043016,0.102468,-0.007391,5.091265,0.000000,0.000000,5.000000,0.137418,1
1784329868.488421,FIXED400,TRACKING,400,35.030921,35.042024,0.089879,-0.007286,5.092284,0.000000,0.000000,5.000000,0.129026,1
1784329868.523496,FIXED400,TRACKING,400,34.951715,34.965911,0.077294,-0.006946,5.092664,0.000000,0.000000,5.000000,0.120868,1
1784329868.558493,FIXED400,TRACKING,400,35.085307,35.098912,0.044812,-0.000219,5.092626,0.000000,0.000000,5.000000,0.102897,1
1784329868.593621,FIXED400,TRACKING,400,35.045217,35.057989,0.030633,0.002487,5.090805,0.000000,0.000000,5.000000,0.095865,1
1784329868.628699,FIXED400,TRACKING,400,35.066477,35.077551,0.016377,0.004305,5.087894,0.000000,0.000000,5.000000,0.089511,1
1784329868.663807,FIXED400,TRACKING,400,35.047701,35.059284,-0.001930,0.003870,5.084016,0.000000,0.000000,5.000000,0.084127,1
1784329868.698894,FIXED400,TRACKING,400,35.060395,35.071694,-0.012713,0.003711,5.081231,0.000000,0.000000,5.000000,0.082303,1
1784329868.734018,FIXED400,TRACKING,400,34.989952,35.005498,-0.030173,0.003627,5.074609,0.000000,0.000000,5.000000,0.080561,1
1784329868.769088,FIXED400,TRACKING,400,34.926649,34.939334,-0.043948,0.001994,5.070051,0.000000,0.000000,5.000000,0.082719,1
1784329868.804090,FIXED400,TRACKING,400,35.135419,35.150208,-0.057455,0.000117,5.065766,0.000000,0.000000,5.000000,0.087329,1
1784329868.839278,FIXED400,TRACKING,400,35.048879,35.063289,-0.070582,-0.001448,5.061095,0.000000,0.000000,5.000000,0.093362,1
1784329868.874371,FIXED400,TRACKING,400,35.067666,35.079514,-0.083291,-0.002737,5.055930,0.000000,0.000000,5.000000,0.100365,1
1784329868.909484,FIXED400,TRACKING,400,35.102426,35.115651,-0.094849,-0.002563,5.054316,0.000000,0.000000,5.000000,0.109330,1
1784329868.944623,FIXED400,TRACKING,400,35.039907,35.050300,-0.108491,-0.001772,5.051975,0.000000,0.000000,5.000000,0.120312,1
1784329868.979703,FIXED400,TRACKING,400,35.008834,35.019865,-0.118959,-0.001102,5.048702,0.000000,0.000000,5.000000,0.128548,1
1784329869.014744,FIXED400,TRACKING,400,35.089030,35.098967,-0.128945,-0.000413,5.045621,0.000000,0.000000,5.000000,0.136779,1
1784329869.049876,FIXED400,TRACKING,400,35.120479,35.133523,-0.137976,-0.000207,5.046246,0.000000,0.000000,5.000000,0.145520,1
1784329869.085038,FIXED400,TRACKING,400,35.075720,35.088170,-0.146572,0.000107,5.047375,0.000000,0.000000,5.000000,0.154039,1
1784329869.120167,FIXED400,TRACKING,400,35.089460,35.102954,-0.154700,0.000497,5.048124,0.000000,0.000000,5.000000,0.162013,1
1784329869.155307,FIXED400,TRACKING,400,35.063558,35.076656,-0.164696,0.001245,5.048675,0.000000,0.000000,5.000000,0.171742,1
1784329869.190403,FIXED400,TRACKING,400,35.095317,35.105194,-0.172687,0.002060,5.049633,0.000000,0.000000,5.000000,0.179690,1
1784329869.225534,FIXED400,TRACKING,400,35.126350,35.138410,-0.186441,0.003608,5.050027,0.000000,0.000000,5.000000,0.193070,1
1784329869.260697,FIXED400,TRACKING,400,35.012984,35.023260,-0.192178,0.004340,5.051095,0.000000,0.000000,5.000000,0.198902,1
1784329869.295749,FIXED400,TRACKING,400,35.139922,35.151637,-0.197117,0.004993,5.053287,0.000000,0.000000,5.000000,0.204253,1
1784329869.330934,FIXED400,TRACKING,400,35.101690,35.114310,-0.202112,0.005763,5.055586,0.000000,0.000000,5.000000,0.209695,1
1784329869.366070,FIXED400,TRACKING,400,35.069803,35.080745,-0.205231,0.006390,5.056580,0.000000,0.000000,5.000000,0.212983,1
1784329869.401175,FIXED400,TRACKING,400,35.073149,35.083623,-0.207602,0.006393,5.058630,0.000000,0.000000,5.000000,0.215817,1
1784329869.436297,FIXED400,TRACKING,400,35.058413,35.074468,-0.209212,0.006262,5.060976,0.000000,0.000000,5.000000,0.218007,1
1784329869.471462,FIXED400,TRACKING,400,35.004497,35.022820,-0.210044,0.006240,5.063190,0.000000,0.000000,5.000000,0.219431,1
1784329869.506554,FIXED400,TRACKING,400,35.113074,35.129772,-0.210081,0.006328,5.064907,0.000000,0.000000,5.000000,0.219971,1
1784329869.541711,FIXED400,TRACKING,400,35.005209,35.017022,-0.206665,0.008086,5.072091,0.000000,0.000000,5.000000,0.219027,1
1784329869.576764,FIXED400,TRACKING,400,35.021029,35.034133,-0.203230,0.009527,5.077002,0.000000,0.000000,5.000000,0.217537,1
1784329869.611820,FIXED400,TRACKING,400,35.113263,35.123304,-0.199267,0.010946,5.080391,0.000000,0.000000,5.000000,0.215151,1
1784329869.646978,FIXED400,TRACKING,400,35.104571,35.116363,-0.194242,0.012856,5.082151,0.000000,0.000000,5.000000,0.211291,1
1784329869.682130,FIXED400,TRACKING,400,35.080883,35.092893,-0.187102,0.016142,5.084560,0.000000,0.000000,5.000000,0.205956,1
1784329869.717265,FIXED400,TRACKING,400,35.137553,35.155749,-0.179603,0.019218,5.086350,0.000000,0.000000,5.000000,0.200207,1
1784329869.752442,FIXED400,TRACKING,400,35.019282,35.030410,-0.169870,0.022568,5.086813,0.000000,0.000000,5.000000,0.192098,1
1784329869.787507,FIXED400,TRACKING,400,34.930984,34.945030,-0.160124,0.026503,5.087440,0.000000,0.000000,5.000000,0.184358,1
1784329869.822494,FIXED400,TRACKING,400,35.156018,35.165967,-0.149629,0.030539,5.087020,0.000000,0.000000,5.000000,0.175767,1
1784329869.857702,FIXED400,TRACKING,400,34.993201,35.007302,-0.127679,0.037669,5.085607,0.000000,0.000000,5.000000,0.158270,1
1784329869.892730,FIXED400,TRACKING,400,34.944085,34.954319,-0.114830,0.040586,5.087119,0.000000,0.000000,5.000000,0.149742,1
1784329869.927714,FIXED400,TRACKING,400,35.049689,35.060965,-0.097962,0.043847,5.087357,0.000000,0.000000,5.000000,0.138385,1
1784329869.962801,FIXED400,TRACKING,400,35.012992,35.024028,-0.084380,0.046255,5.084443,0.000000,0.000000,5.000000,0.128024,1
1784329869.997851,FIXED400,TRACKING,400,35.050671,35.062920,-0.070694,0.048381,5.081128,0.000000,0.000000,5.000000,0.117984,1
1784329870.032934,FIXED400,TRACKING,400,35.044805,35.054667,-0.055262,0.050952,5.079618,0.000000,0.000000,5.000000,0.109495,1
1784329870.068017,FIXED400,TRACKING,400,35.110669,35.121637,-0.039911,0.053393,5.076575,0.000000,0.000000,5.000000,0.101526,1
1784329870.103181,FIXED400,TRACKING,400,35.090649,35.102110,-0.024681,0.055714,5.072826,0.000000,0.000000,5.000000,0.094957,1
1784329870.138308,FIXED400,TRACKING,400,35.152372,35.162632,-0.004466,0.057736,5.069998,0.000000,0.000000,5.000000,0.090847,1
1784329870.173548,FIXED400,TRACKING,400,34.983416,35.000578,0.012971,0.058468,5.069021,0.000000,0.000000,5.000000,0.091382,1
1784329870.208591,FIXED400,TRACKING,400,34.944786,34.960253,0.029927,0.059104,5.067486,0.000000,0.000000,5.000000,0.094569,1
1784329870.243583,FIXED400,TRACKING,400,35.141686,35.155744,0.046430,0.059640,5.065469,0.000000,0.000000,5.000000,0.099995,1
1784329870.278768,FIXED400,TRACKING,400,35.129638,35.141361,0.061608,0.060162,5.065000,0.000000,0.000000,5.000000,0.107889,1
1784329870.313937,FIXED400,TRACKING,400,35.168806,35.181939,0.075565,0.060655,5.065804,0.000000,0.000000,5.000000,0.117129,1
1784329870.349157,FIXED400,TRACKING,400,35.044896,35.060524,0.092511,0.061008,5.065169,0.000000,0.000000,5.000000,0.128559,1
1784329870.384268,FIXED400,TRACKING,400,34.967239,34.982006,0.105555,0.061150,5.063235,0.000000,0.000000,5.000000,0.137404,1
1784329870.419278,FIXED400,TRACKING,400,35.127492,35.139476,0.117553,0.060478,5.060341,0.000000,0.000000,5.000000,0.145318,1
1784329870.454463,FIXED400,TRACKING,400,35.036346,35.049809,0.128843,0.059399,5.057239,0.000000,0.000000,5.000000,0.152987,1
1784329870.489547,FIXED400,TRACKING,400,34.990554,35.004930,0.139612,0.058129,5.053296,0.000000,0.000000,5.000000,0.160346,1
1784329870.524576,FIXED400,TRACKING,400,35.024847,35.035774,0.149786,0.056685,5.048842,0.000000,0.000000,5.000000,0.167435,1
1784329870.559640,FIXED400,TRACKING,400,35.047492,35.058703,0.170026,0.051876,5.038347,0.000000,0.000000,5.000000,0.181853,1
1784329870.594725,FIXED400,TRACKING,400,35.064638,35.075529,0.178113,0.049562,5.033350,0.000000,0.000000,5.000000,0.187864,1
1784329870.629833,FIXED400,TRACKING,400,35.094334,35.108160,0.185444,0.046795,5.029008,0.000000,0.000000,5.000000,0.193444,1
1784329870.664977,FIXED400,TRACKING,400,35.130703,35.147731,0.191717,0.043026,5.025914,0.000000,0.000000,5.000000,0.198187,1
1784329870.700144,FIXED400,TRACKING,400,35.006246,35.016354,0.197280,0.039205,5.022720,0.000000,0.000000,5.000000,0.202417,1
1784329870.735196,FIXED400,TRACKING,400,35.084536,35.096423,0.203028,0.034295,5.020791,0.000000,0.000000,5.000000,0.206952,1
1784329870.770329,FIXED400,TRACKING,400,34.986001,34.998679,0.203923,0.029200,5.021862,0.000000,0.000000,5.000000,0.207160,1
1784329870.805379,FIXED400,TRACKING,400,34.922143,34.937348,0.203566,0.023768,5.022488,0.000000,0.000000,5.000000,0.206179,1
1784329870.840335,FIXED400,TRACKING,400,35.136955,35.147199,0.202952,0.018441,5.021882,0.000000,0.000000,5.000000,0.204960,1
1784329870.875555,FIXED400,TRACKING,400,34.836532,34.850234,0.202027,0.013265,5.020846,0.000000,0.000000,5.000000,0.203533,1
1784329870.910450,FIXED400,TRACKING,400,34.907945,34.920727,0.200107,0.006722,5.021556,0.000000,0.000000,5.000000,0.201377,1
1784329870.945401,FIXED400,TRACKING,400,35.130033,35.141644,0.196825,-0.001688,5.023606,0.000000,0.000000,5.000000,0.198243,1
1784329870.980569,FIXED400,TRACKING,400,34.831671,34.842537,0.193646,-0.008258,5.024961,0.000000,0.000000,5.000000,0.195423,1
1784329871.015444,FIXED400,TRACKING,400,34.797476,34.808104,0.190012,-0.014506,5.025520,0.000000,0.000000,5.000000,0.192266,1
1784329871.050277,FIXED400,TRACKING,400,35.105958,35.116570,0.186573,-0.022576,5.025600,0.000000,0.000000,5.000000,0.189670,1
1784329871.085427,FIXED400,TRACKING,400,35.061729,35.076119,0.182546,-0.030212,5.025432,0.000000,0.000000,5.000000,0.186769,1
1784329871.120546,FIXED400,TRACKING,400,35.058830,35.072505,0.177901,-0.037373,5.025673,0.000000,0.000000,5.000000,0.183588,1
1784329871.155643,FIXED400,TRACKING,400,35.120781,35.132323,0.170604,-0.044952,5.027801,0.000000,0.000000,5.000000,0.178604,1
1784329871.190796,FIXED400,TRACKING,400,34.847037,34.856437,0.163559,-0.049800,5.029637,0.000000,0.000000,5.000000,0.173522,1
1784329871.225680,FIXED400,TRACKING,400,35.111101,35.122302,0.148729,-0.058641,5.028461,0.000000,0.000000,5.000000,0.162385,1
1784329871.260830,FIXED400,TRACKING,400,35.064287,35.074556,0.140019,-0.061918,5.027277,0.000000,0.000000,5.000000,0.155510,1
1784329871.295944,FIXED400,TRACKING,400,34.970073,34.983346,0.130198,-0.064375,5.025402,0.000000,0.000000,5.000000,0.147448,1
1784329871.330953,FIXED400,TRACKING,400,34.960597,34.972024,0.117431,-0.067113,5.023586,0.000000,0.000000,5.000000,0.137297,1
1784329871.365953,FIXED400,TRACKING,400,35.137317,35.149221,0.106889,-0.069016,5.022789,0.000000,0.000000,5.000000,0.129258,1
1784329871.401142,FIXED400,TRACKING,400,35.079834,35.094132,0.095875,-0.070397,5.022682,0.000000,0.000000,5.000000,0.121088,1
1784329871.436272,FIXED400,TRACKING,400,35.112428,35.126426,0.084656,-0.071470,5.023068,0.000000,0.000000,5.000000,0.113167,1
1784329871.471419,FIXED400,TRACKING,400,35.120412,35.130904,0.073419,-0.072390,5.023320,0.000000,0.000000,5.000000,0.105710,1
1784329871.506572,FIXED400,TRACKING,400,35.035006,35.044808,0.062230,-0.073244,5.022943,0.000000,0.000000,5.000000,0.098811,1
1784329871.541647,FIXED400,TRACKING,400,35.157320,35.169339,0.048177,-0.073060,5.022570,0.000000,0.000000,5.000000,0.090378,1
1784329871.576886,FIXED400,TRACKING,400,35.000661,35.015495,0.037053,-0.072802,5.020869,0.000000,0.000000,5.000000,0.084312,1
1784329871.611944,FIXED400,TRACKING,400,34.974437,34.988415,0.025998,-0.072439,5.018772,0.000000,0.000000,5.000000,0.079219,1
1784329871.646972,FIXED400,TRACKING,400,34.984213,34.995994,0.015055,-0.071753,5.017347,0.000000,0.000000,5.000000,0.075339,1
1784329871.681994,FIXED400,TRACKING,400,35.124954,35.135535,0.004284,-0.070159,5.017356,0.000000,0.000000,5.000000,0.072400,1
1784329871.717168,FIXED400,TRACKING,400,35.132887,35.145897,-0.006519,-0.068470,5.018155,0.000000,0.000000,5.000000,0.071135,1
1784329871.752340,FIXED400,TRACKING,400,35.070789,35.082161,-0.020045,-0.066129,5.018555,0.000000,0.000000,5.000000,0.071548,1
1784329871.787457,FIXED400,TRACKING,400,35.080287,35.094933,-0.032319,-0.063102,5.017940,0.000000,0.000000,5.000000,0.073132,1
1784329871.822592,FIXED400,TRACKING,400,35.096024,35.106437,-0.044864,-0.059602,5.016901,0.000000,0.000000,5.000000,0.076490,1
1784329871.857730,FIXED400,TRACKING,400,35.177626,35.190921,-0.069090,-0.052260,5.015083,0.000000,0.000000,5.000000,0.087932,1
1784329871.892947,FIXED400,TRACKING,400,34.975337,34.986561,-0.080112,-0.045730,5.015430,0.000000,0.000000,5.000000,0.093527,1
1784329871.927957,FIXED400,TRACKING,400,34.896472,34.906343,-0.093277,-0.036756,5.016057,0.000000,0.000000,5.000000,0.101535,1
1784329871.962894,FIXED400,TRACKING,400,35.087333,35.098109,-0.103484,-0.029846,5.016140,0.000000,0.000000,5.000000,0.108905,1
1784329871.998014,FIXED400,TRACKING,400,35.096465,35.106379,-0.113312,-0.023105,5.015902,0.000000,0.000000,5.000000,0.116731,1
1784329872.033148,FIXED400,TRACKING,400,35.064556,35.076710,-0.122359,-0.014651,5.015213,0.000000,0.000000,5.000000,0.124169,1
1784329872.068252,FIXED400,TRACKING,400,35.101538,35.113160,-0.130895,-0.006360,5.013911,0.000000,0.000000,5.000000,0.131785,1
1784329872.103409,FIXED400,TRACKING,400,35.110842,35.124536,-0.138891,0.001765,5.012548,0.000000,0.000000,5.000000,0.139468,1
1784329872.138575,FIXED400,TRACKING,400,35.308621,35.321151,-0.147576,0.011782,5.012417,0.000000,0.000000,5.000000,0.148566,1
1784329872.173927,FIXED400,TRACKING,400,34.872344,34.885504,-0.153290,0.019676,5.012966,0.000000,0.000000,5.000000,0.155091,1
1784329872.208836,FIXED400,TRACKING,400,35.116700,35.127181,-0.158398,0.027201,5.012805,0.000000,0.000000,5.000000,0.161226,1
1784329872.243985,FIXED400,TRACKING,400,35.100948,35.109966,-0.162820,0.034328,5.013199,0.000000,0.000000,5.000000,0.166922,1
1784329872.279167,FIXED400,TRACKING,400,34.862189,34.874724,-0.166548,0.040640,5.014564,0.000000,0.000000,5.000000,0.172052,1
1784329872.314086,FIXED400,TRACKING,400,34.927804,34.942358,-0.169671,0.046182,5.016814,0.000000,0.000000,5.000000,0.176646,1
1784329872.349071,FIXED400,TRACKING,400,35.083830,35.098743,-0.172985,0.052585,5.019711,0.000000,0.000000,5.000000,0.181872,1
1784329872.384196,FIXED400,TRACKING,400,35.160682,35.173340,-0.175155,0.057305,5.022136,0.000000,0.000000,5.000000,0.185615,1
1784329872.419392,FIXED400,TRACKING,400,35.110305,35.121276,-0.177743,0.060021,5.026735,0.000000,0.000000,5.000000,0.189499,1
1784329872.454540,FIXED400,TRACKING,400,35.118877,35.129864,-0.180079,0.062080,5.031064,0.000000,0.000000,5.000000,0.192996,1
1784329872.489701,FIXED400,TRACKING,400,35.129191,35.141583,-0.181804,0.064154,5.033979,0.000000,0.000000,5.000000,0.195763,1
1784329872.524869,FIXED400,TRACKING,400,35.150384,35.162176,-0.181934,0.070186,5.044191,0.000000,0.000000,5.000000,0.199947,1
1784329872.560056,FIXED400,TRACKING,400,35.065788,35.077564,-0.180539,0.073065,5.049675,0.000000,0.000000,5.000000,0.200999,1
1784329872.595156,FIXED400,TRACKING,400,35.174640,35.184795,-0.178526,0.075701,5.054136,0.000000,0.000000,5.000000,0.201328,1
1784329872.630372,FIXED400,TRACKING,400,35.053051,35.064216,-0.175565,0.078504,5.058290,0.000000,0.000000,5.000000,0.200957,1
1784329872.665470,FIXED400,TRACKING,400,35.087065,35.100307,-0.171153,0.082160,5.061843,0.000000,0.000000,5.000000,0.199670,1
1784329872.700591,FIXED400,TRACKING,400,35.084222,35.094287,-0.166333,0.085404,5.064019,0.000000,0.000000,5.000000,0.197633,1
1784329872.735720,FIXED400,TRACKING,400,35.060089,35.070900,-0.159702,0.088665,5.066006,0.000000,0.000000,5.000000,0.194224,1
1784329872.770819,FIXED400,TRACKING,400,35.109719,35.120649,-0.154691,0.089538,5.067761,0.000000,0.000000,5.000000,0.191149,1
1784329872.805989,FIXED400,TRACKING,400,35.046384,35.057887,-0.149521,0.089690,5.068793,0.000000,0.000000,5.000000,0.187439,1
1784329872.841071,FIXED400,TRACKING,400,35.147661,35.158320,-0.142422,0.089587,5.068730,0.000000,0.000000,5.000000,0.181751,1
1784329872.876262,FIXED400,TRACKING,400,35.067336,35.080645,-0.137817,0.089448,5.068164,0.000000,0.000000,5.000000,0.177879,1
1784329872.911369,FIXED400,TRACKING,400,35.082474,35.093504,-0.130438,0.089877,5.068513,0.000000,0.000000,5.000000,0.172586,1
1784329872.946492,FIXED400,TRACKING,400,35.068654,35.079453,-0.120416,0.090347,5.068649,0.000000,0.000000,5.000000,0.165455,1
1784329872.981639,FIXED400,TRACKING,400,35.004833,35.019282,-0.112145,0.090397,5.067389,0.000000,0.000000,5.000000,0.159026,1
1784329873.016713,FIXED400,TRACKING,400,35.018236,35.034625,-0.103597,0.090088,5.065548,0.000000,0.000000,5.000000,0.152134,1
1784329873.051780,FIXED400,TRACKING,400,35.232860,35.246058,-0.096633,0.092129,5.067784,0.000000,0.000000,5.000000,0.149734,1
1784329873.087064,FIXED400,TRACKING,400,35.065390,35.079253,-0.089275,0.093596,5.069226,0.000000,0.000000,5.000000,0.146705,1
1784329873.122182,FIXED400,TRACKING,400,34.948785,34.961230,-0.081556,0.094493,5.070175,0.000000,0.000000,5.000000,0.143195,1
1784329873.157176,FIXED400,TRACKING,400,35.108577,35.123001,-0.066394,0.095340,5.071942,0.000000,0.000000,5.000000,0.136651,1
1784329873.192321,FIXED400,TRACKING,400,35.106317,35.115903,-0.059900,0.095141,5.071010,0.000000,0.000000,5.000000,0.132974,1
1784329873.227467,FIXED400,TRACKING,400,35.058862,35.069615,-0.053109,0.094521,5.068913,0.000000,0.000000,5.000000,0.128467,1
1784329873.262563,FIXED400,TRACKING,400,35.131567,35.141524,-0.045609,0.091889,5.067329,0.000000,0.000000,5.000000,0.122707,1
1784329873.297746,FIXED400,TRACKING,400,35.144167,35.157434,-0.035449,0.086408,5.065379,0.000000,0.000000,5.000000,0.114006,1
1784329873.332926,FIXED400,TRACKING,400,35.022097,35.032119,-0.027168,0.082017,5.062937,0.000000,0.000000,5.000000,0.106892,1
1784329873.367988,FIXED400,TRACKING,400,35.078826,35.094445,-0.018744,0.077674,5.060436,0.000000,0.000000,5.000000,0.100185,1
1784329873.403098,FIXED400,TRACKING,400,35.097907,35.107485,-0.011553,0.072865,5.058143,0.000000,0.000000,5.000000,0.093933,1
1784329873.438237,FIXED400,TRACKING,400,35.097113,35.108536,-0.004618,0.067881,5.056546,0.000000,0.000000,5.000000,0.088469,1
1784329873.473383,FIXED400,TRACKING,400,35.114683,35.128657,0.004242,0.061593,5.054477,0.000000,0.000000,5.000000,0.082337,1
1784329873.508528,FIXED400,TRACKING,400,35.130917,35.140620,0.009636,0.057865,5.052128,0.000000,0.000000,5.000000,0.078477,1
1784329873.543701,FIXED400,TRACKING,400,35.052228,35.064920,0.017502,0.049305,5.049263,0.000000,0.000000,5.000000,0.071862,1
1784329873.578788,FIXED400,TRACKING,400,35.093471,35.104076,0.023780,0.042575,5.046386,0.000000,0.000000,5.000000,0.067304,1
1784329873.613918,FIXED400,TRACKING,400,35.056320,35.066061,0.029974,0.035920,5.043859,0.000000,0.000000,5.000000,0.064127,1
1784329873.649011,FIXED400,TRACKING,400,35.094574,35.105857,0.036310,0.029358,5.041346,0.000000,0.000000,5.000000,0.062369,1
1784329873.684192,FIXED400,TRACKING,400,34.865450,34.880066,0.043032,0.022835,5.040215,0.000000,0.000000,5.000000,0.063170,1
1784329873.719134,FIXED400,TRACKING,400,34.889823,34.904855,0.049579,0.016266,5.039331,0.000000,0.000000,5.000000,0.065343,1
1784329873.754081,FIXED400,TRACKING,400,34.913302,34.925118,0.057493,0.008134,5.037418,0.000000,0.000000,5.000000,0.069077,1
1784329873.789045,FIXED400,TRACKING,400,34.917043,34.932903,0.064342,0.000594,5.037884,0.000000,0.000000,5.000000,0.074669,1
1784329873.824017,FIXED400,TRACKING,400,35.112033,35.122367,0.071149,-0.007123,5.038577,0.000000,0.000000,5.000000,0.081247,1
1784329873.859168,FIXED400,TRACKING,400,34.913705,34.923858,0.083782,-0.021942,5.036180,0.000000,0.000000,5.000000,0.093861,1
1784329873.894121,FIXED400,TRACKING,400,35.049726,35.062026,0.088194,-0.029396,5.035951,0.000000,0.000000,5.000000,0.099673,1
1784329873.929207,FIXED400,TRACKING,400,34.966272,34.976311,0.092812,-0.038490,5.035796,0.000000,0.000000,5.000000,0.106662,1
1784329873.964212,FIXED400,TRACKING,400,35.064337,35.075182,0.096178,-0.045285,5.035010,0.000000,0.000000,5.000000,0.111922,1
1784329873.999311,FIXED400,TRACKING,400,35.079399,35.089011,0.099232,-0.051774,5.034108,0.000000,0.000000,5.000000,0.117008,1
1784329874.034429,FIXED400,TRACKING,400,35.084959,35.095784,0.101552,-0.058147,5.034413,0.000000,0.000000,5.000000,0.121976,1
1784329874.069554,FIXED400,TRACKING,400,35.100958,35.112397,0.103630,-0.064250,5.034207,0.000000,0.000000,5.000000,0.126639,1
1784329874.104703,FIXED400,TRACKING,400,35.122190,35.134972,0.105491,-0.070108,5.033894,0.000000,0.000000,5.000000,0.131119,1
1784329874.139873,FIXED400,TRACKING,400,35.095191,35.106940,0.106739,-0.078552,5.034584,0.000000,0.000000,5.000000,0.136966,1
1784329874.174999,FIXED400,TRACKING,400,35.106006,35.115082,0.106510,-0.086716,5.036709,0.000000,0.000000,5.000000,0.142167,1
1784329874.210139,FIXED400,TRACKING,400,35.084531,35.095211,0.106186,-0.094392,5.038196,0.000000,0.000000,5.000000,0.147120,1
1784329874.245258,FIXED400,TRACKING,400,35.163035,35.173327,0.105766,-0.101515,5.038039,0.000000,0.000000,5.000000,0.151455,1
1784329874.280461,FIXED400,TRACKING,400,35.057039,35.068163,0.105849,-0.109475,5.037630,0.000000,0.000000,5.000000,0.156859,1
1784329874.315567,FIXED400,TRACKING,400,35.076620,35.091863,0.105970,-0.113791,5.038066,0.000000,0.000000,5.000000,0.160084,1
1784329874.350684,FIXED400,TRACKING,400,35.026431,35.036771,0.105700,-0.120430,5.038478,0.000000,0.000000,5.000000,0.164792,1
1784329874.385792,FIXED400,TRACKING,400,34.989847,35.004609,0.105047,-0.125162,5.039205,0.000000,0.000000,5.000000,0.168039,1
1784329874.420872,FIXED400,TRACKING,400,34.848621,34.868315,0.103868,-0.129433,5.041554,0.000000,0.000000,5.000000,0.171080,1
1784329874.455773,FIXED400,TRACKING,400,34.947582,34.961017,0.102292,-0.133131,5.044439,0.000000,0.000000,5.000000,0.173673,1
1784329874.490757,FIXED400,TRACKING,400,35.016493,35.026770,0.100413,-0.136211,5.046660,0.000000,0.000000,5.000000,0.175537,1
1784329874.525814,FIXED400,TRACKING,400,35.111038,35.122993,0.093220,-0.142018,5.053177,0.000000,0.000000,5.000000,0.178008,1
1784329874.560965,FIXED400,TRACKING,400,34.897031,34.908132,0.089105,-0.144055,5.055497,0.000000,0.000000,5.000000,0.178245,1
1784329874.595896,FIXED400,TRACKING,400,35.082300,35.091984,0.084856,-0.145543,5.057240,0.000000,0.000000,5.000000,0.177932,1
1784329874.631013,FIXED400,TRACKING,400,35.101360,35.111740,0.079951,-0.146339,5.058975,0.000000,0.000000,5.000000,0.176876,1
1784329874.666159,FIXED400,TRACKING,400,35.023424,35.034893,0.073492,-0.146054,5.060328,0.000000,0.000000,5.000000,0.174276,1
1784329874.701216,FIXED400,TRACKING,400,35.096623,35.106470,0.067095,-0.145357,5.061406,0.000000,0.000000,5.000000,0.171467,1
1784329874.736348,FIXED400,TRACKING,400,34.874350,34.885717,0.059128,-0.143814,5.061990,0.000000,0.000000,5.000000,0.167396,1
1784329874.771258,FIXED400,TRACKING,400,34.889325,34.899775,0.052232,-0.143419,5.062231,0.000000,0.000000,5.000000,0.164833,1
1784329874.806216,FIXED400,TRACKING,400,35.121411,35.137099,0.045198,-0.142975,5.062021,0.000000,0.000000,5.000000,0.162269,1
1784329874.841374,FIXED400,TRACKING,400,35.102882,35.113249,0.038236,-0.141997,5.061680,0.000000,0.000000,5.000000,0.159466,1
1784329874.876521,FIXED400,TRACKING,400,35.043034,35.056796,0.031355,-0.140482,5.060520,0.000000,0.000000,5.000000,0.156144,1
1784329874.911599,FIXED400,TRACKING,400,35.014054,35.023858,0.022956,-0.137574,5.058368,0.000000,0.000000,5.000000,0.151196,1
1784329874.946650,FIXED400,TRACKING,400,35.050453,35.060949,0.012100,-0.132791,5.054953,0.000000,0.000000,5.000000,0.144221,1
1784329874.981738,FIXED400,TRACKING,400,35.114038,35.125661,0.003686,-0.128356,5.051370,0.000000,0.000000,5.000000,0.138303,1
1784329875.016887,FIXED400,TRACKING,400,35.094820,35.104386,-0.004509,-0.123441,5.047519,0.000000,0.000000,5.000000,0.132348,1
1784329875.052016,FIXED400,TRACKING,400,35.065017,35.074301,-0.012672,-0.114549,5.045284,0.000000,0.000000,5.000000,0.123825,1
1784329875.087163,FIXED400,TRACKING,400,34.868410,34.881220,-0.020598,-0.105595,5.043401,0.000000,0.000000,5.000000,0.116010,1
1784329875.122090,FIXED400,TRACKING,400,34.827529,34.840153,-0.028260,-0.096567,5.040915,0.000000,0.000000,5.000000,0.108618,1
1784329875.156984,FIXED400,TRACKING,400,35.087550,35.103227,-0.047124,-0.071822,5.035579,0.000000,0.000000,5.000000,0.092978,1
1784329875.192103,FIXED400,TRACKING,400,35.180081,35.189005,-0.055525,-0.060193,5.032169,0.000000,0.000000,5.000000,0.087983,1
1784329875.227324,FIXED400,TRACKING,400,35.089966,35.100778,-0.063565,-0.048810,5.028222,0.000000,0.000000,5.000000,0.084967,1
1784329875.262450,FIXED400,TRACKING,400,35.079975,35.090524,-0.071504,-0.038058,5.025586,0.000000,0.000000,5.000000,0.084946,1
1784329875.297576,FIXED400,TRACKING,400,35.064393,35.077754,-0.079388,-0.027797,5.024435,0.000000,0.000000,5.000000,0.087591,1
1784329875.332675,FIXED400,TRACKING,400,35.058118,35.068234,-0.088813,-0.015063,5.023431,0.000000,0.000000,5.000000,0.093078,1
1784329875.367768,FIXED400,TRACKING,400,35.026014,35.036162,-0.095967,-0.004935,5.022977,0.000000,0.000000,5.000000,0.098803,1
1784329875.402828,FIXED400,TRACKING,400,35.066689,35.076965,-0.103846,0.006256,5.022355,0.000000,0.000000,5.000000,0.106409,1
1784329875.437944,FIXED400,TRACKING,400,35.080885,35.094110,-0.111621,0.017621,5.021270,0.000000,0.000000,5.000000,0.114987,1
1784329875.473066,FIXED400,TRACKING,400,35.086117,35.097876,-0.120620,0.031475,5.019593,0.000000,0.000000,5.000000,0.126189,1
1784329875.508187,FIXED400,TRACKING,400,35.030282,35.040380,-0.125607,0.039584,5.018315,0.000000,0.000000,5.000000,0.132964,1
1784329875.543259,FIXED400,TRACKING,400,35.024684,35.036870,-0.138621,0.053102,5.016324,0.000000,0.000000,5.000000,0.149339,1
1784329875.578342,FIXED400,TRACKING,400,34.814374,34.826826,-0.147891,0.063572,5.014701,0.000000,0.000000,5.000000,0.161646,1
1784329875.613200,FIXED400,TRACKING,400,35.046525,35.059273,-0.156172,0.073722,5.013708,0.000000,0.000000,5.000000,0.173241,1
1784329875.648282,FIXED400,TRACKING,400,35.106927,35.116779,-0.163279,0.083546,5.013213,0.000000,0.000000,5.000000,0.183887,1
1784329875.683427,FIXED400,TRACKING,400,34.949742,34.960928,-0.168865,0.092912,5.011833,0.000000,0.000000,5.000000,0.193101,1
1784329875.718421,FIXED400,TRACKING,400,34.851921,34.862908,-0.173714,0.101879,5.010190,0.000000,0.000000,5.000000,0.201642,1
1784329875.753318,FIXED400,TRACKING,400,34.933368,34.944017,-0.178746,0.112457,5.008408,0.000000,0.000000,5.000000,0.211346,1
1784329875.788350,FIXED400,TRACKING,400,34.903404,34.921015,-0.180321,0.121834,5.008806,0.000000,0.000000,5.000000,0.217800,1
1784329875.823344,FIXED400,TRACKING,400,34.824290,34.840763,-0.180805,0.131114,5.009374,0.000000,0.000000,5.000000,0.223538,1
1784329875.858230,FIXED400,TRACKING,400,35.127616,35.141565,-0.179858,0.147821,5.009744,0.000000,0.000000,5.000000,0.233012,1
1784329875.893401,FIXED400,TRACKING,400,35.152219,35.165310,-0.176993,0.155209,5.008751,0.000000,0.000000,5.000000,0.235569,1
1784329875.928587,FIXED400,TRACKING,400,35.135733,35.146168,-0.172184,0.163520,5.007135,0.000000,0.000000,5.000000,0.237564,1
1784329875.963763,FIXED400,TRACKING,400,35.048701,35.060407,-0.167792,0.169436,5.006451,0.000000,0.000000,5.000000,0.238546,1
1784329875.998846,FIXED400,TRACKING,400,35.017451,35.027348,-0.162916,0.174756,5.005324,0.000000,0.000000,5.000000,0.238976,1
1784329876.033901,FIXED400,TRACKING,400,35.092962,35.104849,-0.157288,0.178655,5.008526,0.000000,0.000000,5.000000,0.238180,1
1784329876.069042,FIXED400,TRACKING,400,35.136881,35.149890,-0.151120,0.182045,5.011196,0.000000,0.000000,5.000000,0.236861,1
1784329876.104232,FIXED400,TRACKING,400,35.107056,35.120870,-0.144439,0.184869,5.013369,0.000000,0.000000,5.000000,0.234985,1
1784329876.139378,FIXED400,TRACKING,400,35.091059,35.101111,-0.134561,0.187790,5.017039,0.000000,0.000000,5.000000,0.231650,1
1784329876.174501,FIXED400,TRACKING,400,35.096577,35.106538,-0.125225,0.189743,5.021052,0.000000,0.000000,5.000000,0.228313,1
1784329876.209635,FIXED400,TRACKING,400,35.081076,35.093016,-0.115594,0.191026,5.025139,0.000000,0.000000,5.000000,0.224689,1
1784329876.244748,FIXED400,TRACKING,400,35.199565,35.209292,-0.105774,0.191488,5.029774,0.000000,0.000000,5.000000,0.220777,1
1784329876.279994,FIXED400,TRACKING,400,35.091416,35.103921,-0.094787,0.191277,5.035368,0.000000,0.000000,5.000000,0.216385,1
1784329876.315119,FIXED400,TRACKING,400,35.090662,35.100762,-0.082781,0.190554,5.040337,0.000000,0.000000,5.000000,0.211638,1
1784329876.350240,FIXED400,TRACKING,400,35.075656,35.084909,-0.067765,0.188676,5.045929,0.000000,0.000000,5.000000,0.205670,1
1784329876.385352,FIXED400,TRACKING,400,34.901965,34.913054,-0.055761,0.186413,5.049503,0.000000,0.000000,5.000000,0.200773,1
1784329876.420287,FIXED400,TRACKING,400,35.053356,35.063068,-0.041369,0.181213,5.052327,0.000000,0.000000,5.000000,0.193100,1
1784329876.455379,FIXED400,TRACKING,400,35.086117,35.096670,-0.026375,0.174811,5.054212,0.000000,0.000000,5.000000,0.184915,1
1784329876.490538,FIXED400,TRACKING,400,34.949117,34.960707,-0.011531,0.168033,5.055569,0.000000,0.000000,5.000000,0.177358,1
1784329876.525539,FIXED400,TRACKING,400,34.880412,34.893977,0.021876,0.149398,5.062892,0.000000,0.000000,5.000000,0.163566,1
1784329876.560483,FIXED400,TRACKING,400,35.061149,35.075893,0.036681,0.140017,5.065919,0.000000,0.000000,5.000000,0.159046,1
1784329876.595578,FIXED400,TRACKING,400,35.125527,35.135430,0.051233,0.130520,5.067656,0.000000,0.000000,5.000000,0.155684,1
1784329876.630738,FIXED400,TRACKING,400,35.178370,35.188737,0.065685,0.121008,5.068620,0.000000,0.000000,5.000000,0.153838,1
1784329876.665970,FIXED400,TRACKING,400,35.160765,35.176302,0.080372,0.111803,5.069665,0.000000,0.000000,5.000000,0.154314,1
1784329876.701178,FIXED400,TRACKING,400,34.966250,34.977319,0.098208,0.099842,5.070045,0.000000,0.000000,5.000000,0.156587,1
1784329876.736190,FIXED400,TRACKING,400,35.138282,35.150840,0.111971,0.089947,5.069748,0.000000,0.000000,5.000000,0.159664,1
1784329876.771388,FIXED400,TRACKING,400,35.064364,35.079501,0.125878,0.078212,5.070964,0.000000,0.000000,5.000000,0.164312,1
1784329876.806516,FIXED400,TRACKING,400,35.042245,35.054502,0.139429,0.065957,5.071953,0.000000,0.000000,5.000000,0.170200,1
1784329876.841598,FIXED400,TRACKING,400,35.105067,35.117015,0.152301,0.053735,5.072326,0.000000,0.000000,5.000000,0.176958,1
1784329876.876746,FIXED400,TRACKING,400,35.165874,35.176364,0.167460,0.038638,5.071170,0.000000,0.000000,5.000000,0.186013,1
1784329876.911949,FIXED400,TRACKING,400,35.098633,35.109006,0.176951,0.028009,5.070251,0.000000,0.000000,5.000000,0.192436,1
1784329876.947086,FIXED400,TRACKING,400,35.048550,35.058457,0.191701,0.010718,5.068748,0.000000,0.000000,5.000000,0.203937,1
1784329876.982169,FIXED400,TRACKING,400,35.072776,35.083101,0.202494,-0.002751,5.067756,0.000000,0.000000,5.000000,0.213547,1
1784329877.017278,FIXED400,TRACKING,400,35.007924,35.019005,0.212425,-0.015904,5.066017,0.000000,0.000000,5.000000,0.223014,1
1784329877.052324,FIXED400,TRACKING,400,35.098208,35.107979,0.220387,-0.029678,5.062038,0.000000,0.000000,5.000000,0.230868,1
1784329877.087459,FIXED400,TRACKING,400,35.067604,35.078316,0.227501,-0.043082,5.059050,0.000000,0.000000,5.000000,0.238955,1
1784329877.122570,FIXED400,TRACKING,400,35.117319,35.127464,0.233883,-0.056165,5.055979,0.000000,0.000000,5.000000,0.246960,1
1784329877.157729,FIXED400,TRACKING,400,35.087268,35.100430,0.245055,-0.083001,5.046342,0.000000,0.000000,5.000000,0.262847,1
1784329877.192893,FIXED400,TRACKING,400,34.866264,34.877701,0.248672,-0.094056,5.041230,0.000000,0.000000,5.000000,0.269043,1
1784329877.227818,FIXED400,TRACKING,400,34.880449,34.893249,0.251328,-0.104624,5.036767,0.000000,0.000000,5.000000,0.274706,1
1784329877.262752,FIXED400,TRACKING,400,35.091113,35.103362,0.253067,-0.115769,5.035829,0.000000,0.000000,5.000000,0.280587,1
1784329877.297904,FIXED400,TRACKING,400,34.917701,34.935537,0.253956,-0.127385,5.037671,0.000000,0.000000,5.000000,0.286600,1
1784329877.332860,FIXED400,TRACKING,400,35.059823,35.070125,0.253901,-0.140910,5.038820,0.000000,0.000000,5.000000,0.292965,1
1784329877.367956,FIXED400,TRACKING,400,34.932025,34.942880,0.252997,-0.150981,5.038478,0.000000,0.000000,5.000000,0.297125,1
1784329877.402922,FIXED400,TRACKING,400,34.805682,34.816411,0.248768,-0.159039,5.039602,0.000000,0.000000,5.000000,0.297905,1
1784329877.437773,FIXED400,TRACKING,400,35.115523,35.129689,0.243169,-0.166088,5.041081,0.000000,0.000000,5.000000,0.297328,1
1784329877.472926,FIXED400,TRACKING,400,35.112208,35.123516,0.237045,-0.172526,5.042732,0.000000,0.000000,5.000000,0.296280,1
1784329877.508073,FIXED400,TRACKING,400,35.098030,35.108459,0.230471,-0.178392,5.043667,0.000000,0.000000,5.000000,0.294699,1
1784329877.543214,FIXED400,TRACKING,400,35.167744,35.180533,0.219395,-0.183642,5.041138,0.000000,0.000000,5.000000,0.289052,1
1784329877.578420,FIXED400,TRACKING,400,35.140559,35.150730,0.210138,-0.187317,5.038421,0.000000,0.000000,5.000000,0.284116,1
1784329877.613599,FIXED400,TRACKING,400,35.123215,35.133926,0.200345,-0.190298,5.036999,0.000000,0.000000,5.000000,0.278784,1
1784329877.648760,FIXED400,TRACKING,400,34.859429,34.870519,0.189508,-0.192461,5.036765,0.000000,0.000000,5.000000,0.272592,1
1784329877.683667,FIXED400,TRACKING,400,35.134857,35.151362,0.176744,-0.193766,5.037423,0.000000,0.000000,5.000000,0.264923,1
1784329877.718849,FIXED400,TRACKING,400,35.100692,35.113460,0.163805,-0.194293,5.038181,0.000000,0.000000,5.000000,0.256982,1
1784329877.753995,FIXED400,TRACKING,400,35.132085,35.144230,0.147383,-0.193957,5.039002,0.000000,0.000000,5.000000,0.246702,1
1784329877.789172,FIXED400,TRACKING,400,35.029253,35.041846,0.133425,-0.193153,5.040485,0.000000,0.000000,5.000000,0.238221,1
1784329877.824257,FIXED400,TRACKING,400,35.151362,35.162623,0.119186,-0.191819,5.041005,0.000000,0.000000,5.000000,0.229524,1
1784329877.859460,FIXED400,TRACKING,400,34.951646,34.962460,0.090346,-0.187479,5.039448,0.000000,0.000000,5.000000,0.211818,1
1784329877.894486,FIXED400,TRACKING,400,34.935329,34.946564,0.073979,-0.181926,5.038843,0.000000,0.000000,5.000000,0.200197,1
1784329877.929484,FIXED400,TRACKING,400,34.952898,34.968091,0.052971,-0.173478,5.037594,0.000000,0.000000,5.000000,0.185240,1
1784329877.964483,FIXED400,TRACKING,400,35.087061,35.098913,0.036401,-0.166483,5.036193,0.000000,0.000000,5.000000,0.174217,1
1784329877.999602,FIXED400,TRACKING,400,35.039870,35.050115,0.020001,-0.159124,5.034944,0.000000,0.000000,5.000000,0.164139,1
1784329878.034675,FIXED400,TRACKING,400,35.049253,35.058691,0.004379,-0.153419,5.037728,0.000000,0.000000,5.000000,0.158051,1
1784329878.069762,FIXED400,TRACKING,400,35.141133,35.151708,-0.011001,-0.147139,5.039962,0.000000,0.000000,5.000000,0.152866,1
1784329878.104944,FIXED400,TRACKING,400,35.096580,35.107948,-0.026102,-0.140255,5.041248,0.000000,0.000000,5.000000,0.148506,1
1784329878.140074,FIXED400,TRACKING,400,35.112481,35.122170,-0.044336,-0.129429,5.041326,0.000000,0.000000,5.000000,0.142917,1
1784329878.175220,FIXED400,TRACKING,400,35.042948,35.053448,-0.058260,-0.118748,5.040244,0.000000,0.000000,5.000000,0.138257,1
1784329878.210298,FIXED400,TRACKING,400,35.027551,35.038897,-0.071807,-0.107949,5.039260,0.000000,0.000000,5.000000,0.135464,1
1784329878.245360,FIXED400,TRACKING,400,35.111359,35.121604,-0.085018,-0.097064,5.038083,0.000000,0.000000,5.000000,0.134535,1
1784329878.280505,FIXED400,TRACKING,400,35.035147,35.045012,-0.098334,-0.086704,5.038096,0.000000,0.000000,5.000000,0.136523,1
1784329878.315580,FIXED400,TRACKING,400,35.071594,35.083539,-0.111597,-0.076758,5.038914,0.000000,0.000000,5.000000,0.140926,1
1784329878.350684,FIXED400,TRACKING,400,35.000235,35.009500,-0.127253,-0.064013,5.040759,0.000000,0.000000,5.000000,0.148163,1
1784329878.385722,FIXED400,TRACKING,400,47.360369,47.374209,-0.138987,-0.053655,5.041695,0.000000,0.000000,5.000000,0.154709,1
1784329878.433183,FIXED400,TRACKING,400,35.075385,35.099532,-0.161013,-0.035774,5.044937,0.000000,0.000000,5.000000,0.170951,1
1784329878.468328,FIXED400,TRACKING,400,35.102976,35.122924,-0.170849,-0.026766,5.046606,0.000000,0.000000,5.000000,0.179103,1
1784329878.503476,FIXED400,TRACKING,400,35.053853,35.069635,-0.179824,-0.017643,5.048126,0.000000,0.000000,5.000000,0.186987,1
1784329878.538572,FIXED400,TRACKING,400,35.032628,35.044693,-0.190093,-0.007324,5.054470,0.000000,0.000000,5.000000,0.197878,1
1784329878.573657,FIXED400,TRACKING,400,35.071179,35.090635,-0.197404,0.001115,5.057655,0.000000,0.000000,5.000000,0.205655,1
1784329878.608808,FIXED400,TRACKING,400,35.022067,35.034349,-0.203913,0.009719,5.059156,0.000000,0.000000,5.000000,0.212542,1
1784329878.643897,FIXED400,TRACKING,400,35.008663,35.021933,-0.209536,0.018840,5.060368,0.000000,0.000000,5.000000,0.218871,1
1784329878.678946,FIXED400,TRACKING,400,35.104527,35.115639,-0.214020,0.029178,5.063839,0.000000,0.000000,5.000000,0.225236,1
1784329878.714095,FIXED400,TRACKING,400,35.101164,35.113592,-0.217707,0.039301,5.067435,0.000000,0.000000,5.000000,0.231276,1
1784329878.749232,FIXED400,TRACKING,400,35.231016,35.242293,-0.221287,0.051655,5.070884,0.000000,0.000000,5.000000,0.238036,1
1784329878.784512,FIXED400,TRACKING,400,35.048068,35.061946,-0.223058,0.061094,5.075372,0.000000,0.000000,5.000000,0.243245,1
1784329878.819623,FIXED400,TRACKING,400,35.031185,35.043524,-0.224014,0.070230,5.079424,0.000000,0.000000,5.000000,0.247836,1
1784329878.854691,FIXED400,TRACKING,400,35.102142,35.112538,-0.224305,0.081276,5.082375,0.000000,0.000000,5.000000,0.252397,1
1784329878.889839,FIXED400,TRACKING,400,35.039155,35.052838,-0.223931,0.087648,5.083999,0.000000,0.000000,5.000000,0.254721,1
1784329878.924924,FIXED400,TRACKING,400,35.064714,35.077542,-0.216922,0.109558,5.085926,0.000000,0.000000,5.000000,0.257762,1
1784329878.960025,FIXED400,TRACKING,400,35.068263,35.078378,-0.212648,0.118674,5.085257,0.000000,0.000000,5.000000,0.258014,1
1784329878.995135,FIXED400,TRACKING,400,35.023955,35.034513,-0.207789,0.127318,5.083344,0.000000,0.000000,5.000000,0.257551,1
1784329879.030191,FIXED400,TRACKING,400,35.060293,35.069900,-0.201425,0.135407,5.081270,0.000000,0.000000,5.000000,0.255953,1
1784329879.065300,FIXED400,TRACKING,400,35.032921,35.048042,-0.194460,0.142984,5.079360,0.000000,0.000000,5.000000,0.254081,1
1784329879.100380,FIXED400,TRACKING,400,35.128317,35.140832,-0.184944,0.151852,5.076442,0.000000,0.000000,5.000000,0.251210,1
1784329879.135555,FIXED400,TRACKING,400,35.069482,35.082618,-0.177101,0.157822,5.076164,0.000000,0.000000,5.000000,0.249146,1
1784329879.170658,FIXED400,TRACKING,400,35.034697,35.044552,-0.169085,0.162724,5.077302,0.000000,0.000000,5.000000,0.247072,1
1784329879.205732,FIXED400,TRACKING,400,35.125372,35.137418,-0.160524,0.167136,5.076917,0.000000,0.000000,5.000000,0.244169,1
1784329879.240893,FIXED400,TRACKING,400,35.047920,35.058504,-0.151439,0.171014,5.075250,0.000000,0.000000,5.000000,0.240504,1
1784329879.275981,FIXED400,TRACKING,400,35.120317,35.132620,-0.141790,0.174484,5.073711,0.000000,0.000000,5.000000,0.236606,1
1784329879.311173,FIXED400,TRACKING,400,35.046900,35.057751,-0.129075,0.178147,5.070989,0.000000,0.000000,5.000000,0.231163,1
1784329879.346273,FIXED400,TRACKING,400,35.102041,35.113967,-0.118495,0.180358,5.068329,0.000000,0.000000,5.000000,0.226361,1
1784329879.381418,FIXED400,TRACKING,400,35.033337,35.045541,-0.107582,0.181897,5.066233,0.000000,0.000000,5.000000,0.221466,1
1784329879.416487,FIXED400,TRACKING,400,35.098583,35.109199,-0.095929,0.182501,5.064651,0.000000,0.000000,5.000000,0.216076,1
1784329879.451652,FIXED400,TRACKING,400,35.125471,35.140470,-0.083977,0.182512,5.061892,0.000000,0.000000,5.000000,0.210222,1
1784329879.486837,FIXED400,TRACKING,400,35.118366,35.131687,-0.071914,0.182034,5.058128,0.000000,0.000000,5.000000,0.204174,1
1784329879.522020,FIXED400,TRACKING,400,35.096162,35.108583,-0.059703,0.181033,5.053991,0.000000,0.000000,5.000000,0.198122,1
1784329879.557171,FIXED400,TRACKING,400,35.088023,35.101942,-0.033008,0.171385,5.044851,0.000000,0.000000,5.000000,0.180205,1
1784329879.592302,FIXED400,TRACKING,400,35.200965,35.212953,-0.020846,0.166509,5.039466,0.000000,0.000000,5.000000,0.172388,1
1784329879.627542,FIXED400,TRACKING,400,35.200046,35.211108,-0.008546,0.161239,5.034771,0.000000,0.000000,5.000000,0.165166,1
1784329879.662780,FIXED400,TRACKING,400,35.147179,35.158993,0.007136,0.154200,5.030859,0.000000,0.000000,5.000000,0.157419,1
1784329879.697977,FIXED400,TRACKING,400,35.233095,35.248242,0.016571,0.149560,5.029099,0.000000,0.000000,5.000000,0.153263,1
1784329879.733270,FIXED400,TRACKING,400,35.213947,35.227325,0.032285,0.141227,5.026472,0.000000,0.000000,5.000000,0.147269,1
1784329879.768541,FIXED400,TRACKING,400,35.200395,35.216418,0.044916,0.133993,5.026775,0.000000,0.000000,5.000000,0.143835,1
1784329879.803810,FIXED400,TRACKING,400,35.209232,35.224259,0.057388,0.126313,5.027694,0.000000,0.000000,5.000000,0.141475,1
1784329879.839055,FIXED400,TRACKING,400,35.320737,35.331748,0.069558,0.118222,5.028193,0.000000,0.000000,5.000000,0.140034,1
1784329879.874422,FIXED400,TRACKING,400,35.185805,35.198644,0.081356,0.109880,5.028056,0.000000,0.000000,5.000000,0.139569,1
1784329879.909652,FIXED400,TRACKING,400,35.329788,35.343800,0.091986,0.099480,5.028130,0.000000,0.000000,5.000000,0.138380,1
1784329879.945014,FIXED400,TRACKING,400,35.261251,35.271100,0.104389,0.085707,5.028708,0.000000,0.000000,5.000000,0.138083,1
1784329879.980312,FIXED400,TRACKING,400,35.112240,35.122759,0.113929,0.074770,5.028643,0.000000,0.000000,5.000000,0.139251,1
1784329880.015516,FIXED400,TRACKING,400,35.073383,35.088922,0.123119,0.063902,5.027917,0.000000,0.000000,5.000000,0.141496,1
1784329880.050654,FIXED400,TRACKING,400,35.024948,35.039167,0.129938,0.052750,5.029491,0.000000,0.000000,5.000000,0.143305,1
1784329880.085744,FIXED400,TRACKING,400,35.104244,35.120047,0.138141,0.038897,5.030297,0.000000,0.000000,5.000000,0.146676,1
1784329880.120928,FIXED400,TRACKING,400,35.084494,35.101231,0.144382,0.027929,5.029782,0.000000,0.000000,5.000000,0.150044,1
1784329880.156062,FIXED400,TRACKING,400,35.043596,35.055447,0.150779,0.017043,5.030217,0.000000,0.000000,5.000000,0.154718,1
1784329880.191143,FIXED400,TRACKING,400,35.061693,35.072228,0.157200,0.006260,5.031618,0.000000,0.000000,5.000000,0.160470,1
1784329880.226243,FIXED400,TRACKING,400,35.016661,35.027960,0.168566,-0.014534,5.032698,0.000000,0.000000,5.000000,0.172322,1
1784329880.261304,FIXED400,TRACKING,400,35.044994,35.056044,0.172301,-0.024423,5.033732,0.000000,0.000000,5.000000,0.177263,1
1784329880.296400,FIXED400,TRACKING,400,35.049132,35.064258,0.174429,-0.033887,5.035925,0.000000,0.000000,5.000000,0.181286,1
1784329880.331488,FIXED400,TRACKING,400,35.053093,35.063441,0.176291,-0.045173,5.038526,0.000000,0.000000,5.000000,0.186020,1
1784329880.366577,FIXED400,TRACKING,400,35.090019,35.100496,0.177153,-0.053822,5.039660,0.000000,0.000000,5.000000,0.189349,1
1784329880.401701,FIXED400,TRACKING,400,35.089336,35.100441,0.176279,-0.060042,5.042053,0.000000,0.000000,5.000000,0.190913,1
1784329880.436834,FIXED400,TRACKING,400,35.133217,35.146114,0.174588,-0.065570,5.044357,0.000000,0.000000,5.000000,0.191697,1
1784329880.472002,FIXED400,TRACKING,400,35.091825,35.102444,0.172504,-0.071088,5.045719,0.000000,0.000000,5.000000,0.192097,1
1784329880.507134,FIXED400,TRACKING,400,35.095336,35.106265,0.169973,-0.076499,5.046404,0.000000,0.000000,5.000000,0.192084,1
1784329880.542266,FIXED400,TRACKING,400,35.066255,35.076256,0.162916,-0.081601,5.045320,0.000000,0.000000,5.000000,0.187761,1
1784329880.577367,FIXED400,TRACKING,400,35.060047,35.071351,0.156978,-0.085483,5.044181,0.000000,0.000000,5.000000,0.184123,1
1784329880.612459,FIXED400,TRACKING,400,35.048926,35.058525,0.150779,-0.089153,5.042490,0.000000,0.000000,5.000000,0.180244,1
1784329880.647543,FIXED400,TRACKING,400,35.038196,35.048358,0.143643,-0.092094,5.040335,0.000000,0.000000,5.000000,0.175333,1
1784329880.682616,FIXED400,TRACKING,400,35.068544,35.078250,0.134366,-0.093502,5.038447,0.000000,0.000000,5.000000,0.168152,1
1784329880.717760,FIXED400,TRACKING,400,35.069700,35.083497,0.124998,-0.094859,5.036405,0.000000,0.000000,5.000000,0.161084,1
1784329880.752891,FIXED400,TRACKING,400,35.086176,35.099174,0.113159,-0.096305,5.034365,0.000000,0.000000,5.000000,0.152514,1
1784329880.788028,FIXED400,TRACKING,400,35.153120,35.168809,0.101800,-0.096634,5.032817,0.000000,0.000000,5.000000,0.144147,1
1784329880.823230,FIXED400,TRACKING,400,35.183637,35.193721,0.089842,-0.096598,5.031403,0.000000,0.000000,5.000000,0.135606,1
1784329880.858450,FIXED400,TRACKING,400,35.147739,35.158494,0.065815,-0.096210,5.027880,0.000000,0.000000,5.000000,0.119855,1
1784329880.893636,FIXED400,TRACKING,400,35.008258,35.020242,0.052724,-0.095899,5.028557,0.000000,0.000000,5.000000,0.113101,1
1784329880.928679,FIXED400,TRACKING,400,35.065807,35.076169,0.036249,-0.095162,5.030436,0.000000,0.000000,5.000000,0.106283,1
1784329880.963780,FIXED400,TRACKING,400,35.012944,35.023176,0.023460,-0.094226,5.030925,0.000000,0.000000,5.000000,0.101908,1
1784329880.998824,FIXED400,TRACKING,400,35.106676,35.116057,0.011011,-0.093008,5.030819,0.000000,0.000000,5.000000,0.098598,1
1784329881.033968,FIXED400,TRACKING,400,34.990107,35.001851,-0.002284,-0.090818,5.031500,0.000000,0.000000,5.000000,0.096153,1
1784329881.068997,FIXED400,TRACKING,400,35.133063,35.147496,-0.015274,-0.088437,5.031101,0.000000,0.000000,5.000000,0.094983,1
1784329881.104190,FIXED400,TRACKING,400,35.125042,35.139054,-0.031071,-0.085269,5.028997,0.000000,0.000000,5.000000,0.095273,1
1784329881.139360,FIXED400,TRACKING,400,35.134890,35.147504,-0.043644,-0.082339,5.026427,0.000000,0.000000,5.000000,0.096865,1
1784329881.174528,FIXED400,TRACKING,400,35.097149,35.107149,-0.056130,-0.078970,5.024322,0.000000,0.000000,5.000000,0.099891,1
1784329881.209664,FIXED400,TRACKING,400,35.110278,35.124161,-0.068190,-0.075393,5.022565,0.000000,0.000000,5.000000,0.104130,1
1784329881.244806,FIXED400,TRACKING,400,35.081097,35.091176,-0.079799,-0.071610,5.020362,0.000000,0.000000,5.000000,0.109135,1
1784329881.279933,FIXED400,TRACKING,400,35.138538,35.150114,-0.091758,-0.067123,5.017907,0.000000,0.000000,5.000000,0.115090,1
1784329881.315115,FIXED400,TRACKING,400,34.995451,35.006764,-0.103956,-0.061970,5.015842,0.000000,0.000000,5.000000,0.122058,1
1784329881.350146,FIXED400,TRACKING,400,35.037811,35.048158,-0.118408,-0.055379,5.014712,0.000000,0.000000,5.000000,0.131543,1
1784329881.385241,FIXED400,TRACKING,400,35.058021,35.071246,-0.129337,-0.049992,5.014615,0.000000,0.000000,5.000000,0.139430,1
1784329881.420383,FIXED400,TRACKING,400,35.007009,35.019885,-0.140012,-0.044529,5.017972,0.000000,0.000000,5.000000,0.148017,1
1784329881.455464,FIXED400,TRACKING,400,35.125778,35.142834,-0.150164,-0.038946,5.021681,0.000000,0.000000,5.000000,0.156640,1
1784329881.490634,FIXED400,TRACKING,400,35.058792,35.070592,-0.159666,-0.033305,5.024815,0.000000,0.000000,5.000000,0.164979,1
1784329881.525727,FIXED400,TRACKING,400,35.170797,35.182674,-0.180648,-0.021778,5.034637,0.000000,0.000000,5.000000,0.185224,1
1784329881.560931,FIXED400,TRACKING,400,35.086610,35.096587,-0.189444,-0.017025,5.040238,0.000000,0.000000,5.000000,0.194417,1
1784329881.596056,FIXED400,TRACKING,400,35.128385,35.139580,-0.197465,-0.012196,5.044825,0.000000,0.000000,5.000000,0.202856,1
1784329881.631217,FIXED400,TRACKING,400,35.069427,35.079187,-0.204862,-0.007356,5.048297,0.000000,0.000000,5.000000,0.210606,1
1784329881.666323,FIXED400,TRACKING,400,35.161408,35.170767,-0.211918,-0.002380,5.050951,0.000000,0.000000,5.000000,0.217970,1
1784329881.701521,FIXED400,TRACKING,400,35.087302,35.098272,-0.218060,0.002675,5.053392,0.000000,0.000000,5.000000,0.224517,1
1784329881.736646,FIXED400,TRACKING,400,35.117671,35.129660,-0.224572,0.008948,5.055259,0.000000,0.000000,5.000000,0.231444,1
1784329881.771796,FIXED400,TRACKING,400,35.104847,35.114877,-0.229968,0.015266,5.056377,0.000000,0.000000,5.000000,0.237269,1
1784329881.806969,FIXED400,TRACKING,400,35.088589,35.098806,-0.234750,0.021836,5.056684,0.000000,0.000000,5.000000,0.242482,1
1784329881.842095,FIXED400,TRACKING,400,35.033249,35.044413,-0.238487,0.028174,5.056026,0.000000,0.000000,5.000000,0.246594,1
1784329881.877169,FIXED400,TRACKING,400,35.170316,35.183284,-0.241179,0.034266,5.054639,0.000000,0.000000,5.000000,0.249654,1
1784329881.912374,FIXED400,TRACKING,400,35.036443,35.046859,-0.241645,0.038601,5.055293,0.000000,0.000000,5.000000,0.250878,1
1784329881.947443,FIXED400,TRACKING,400,35.145345,35.154819,-0.240362,0.043174,5.057111,0.000000,0.000000,5.000000,0.250798,1
1784329881.982621,FIXED400,TRACKING,400,35.083973,35.093193,-0.238343,0.046658,5.057989,0.000000,0.000000,5.000000,0.249694,1
1784329882.017741,FIXED400,TRACKING,400,35.078879,35.090210,-0.235477,0.049979,5.057837,0.000000,0.000000,5.000000,0.247573,1
1784329882.052864,FIXED400,TRACKING,400,34.591254,34.605494,-0.231515,0.053525,5.057067,0.000000,0.000000,5.000000,0.244379,1
1784329882.087568,FIXED400,TRACKING,400,22.769116,22.793679,-0.226847,0.056817,5.056231,0.000000,0.000000,5.000000,0.240520,0
1784329882.110450,FIXED400,TRACKING,400,22.770964,22.789857,-0.221575,0.059964,5.054221,0.000000,0.000000,5.000000,0.235863,0
1784329882.133282,FIXED400,TRACKING,400,22.793186,22.808025,-0.215542,0.062600,5.051479,0.000000,0.000000,5.000000,0.230276,0
1784329882.156384,FIXED400,TRACKING,400,22.857159,23.084512,-0.196054,0.066264,5.043385,0.000000,0.000000,5.000000,0.211448,0
1784329882.181452,FIXED400,TRACKING,400,22.835038,24.982734,-0.191523,0.067798,5.041989,0.000000,0.000000,5.000000,0.207463,0
1784329882.206431,FIXED400,TRACKING,400,22.889761,24.933393,-0.184550,0.069589,5.039951,0.000000,0.000000,5.000000,0.201240,0
1784329882.231428,FIXED400,TRACKING,400,22.986449,25.032883,-0.178039,0.070748,5.037950,0.000000,0.000000,5.000000,0.195303,0
1784329882.256438,FIXED400,TRACKING,400,22.956189,50.013159,-0.178039,0.070748,5.037950,0.000000,0.000000,5.000000,0.195303,0
1784329882.281445,FIXED400,TRACKING,400,22.876081,24.853102,-0.171099,0.071660,5.035320,0.000000,0.000000,5.000000,0.188832,0
1784329882.306432,FIXED400,TRACKING,400,22.884247,24.931972,-0.163561,0.072301,5.032561,0.000000,0.000000,5.000000,0.181769,0
1784329882.331427,FIXED400,TRACKING,400,22.839964,24.881149,-0.155371,0.072611,5.029890,0.000000,0.000000,5.000000,0.174086,0
1784329882.356426,FIXED400,TRACKING,400,22.778214,49.816675,-0.155371,0.072611,5.029890,0.000000,0.000000,5.000000,0.174086,0
1784329882.381474,FIXED400,TRACKING,400,22.764345,24.967355,-0.146597,0.072618,5.027375,0.000000,0.000000,5.000000,0.165872,0
1784329882.406436,FIXED400,TRACKING,400,22.867447,24.998429,-0.133478,0.071558,5.023554,0.000000,0.000000,5.000000,0.153270,0
1784329882.431411,FIXED400,TRACKING,400,22.878780,24.910993,-0.122634,0.070426,5.020655,0.000000,0.000000,5.000000,0.142918,0
1784329882.456416,FIXED400,TRACKING,400,22.850731,49.887004,-0.122634,0.070426,5.020655,0.000000,0.000000,5.000000,0.142918,0
1784329882.481393,FIXED400,TRACKING,400,22.748694,24.787256,-0.111564,0.069019,5.018147,0.000000,0.000000,5.000000,0.132437,0
1784329882.506416,FIXED400,TRACKING,400,22.804357,25.004868,-0.100497,0.067388,5.016804,0.000000,0.000000,5.000000,0.122161,0
1784329882.531428,FIXED400,TRACKING,400,22.943658,25.082452,-0.089780,0.066048,5.015052,0.000000,0.000000,5.000000,0.112469,0
1784329882.556428,FIXED400,TRACKING,400,22.929909,50.069606,-0.089780,0.066048,5.015052,0.000000,0.000000,5.000000,0.112469,0
1784329882.581394,FIXED400,TRACKING,400,22.847613,24.810782,-0.078864,0.064450,5.012702,0.000000,0.000000,5.000000,0.102639,0
1784329882.606440,FIXED400,TRACKING,400,22.828842,24.914658,-0.064975,0.062094,5.009971,0.000000,0.000000,5.000000,0.090426,0
1784329882.631434,FIXED400,TRACKING,400,22.987542,25.023151,-0.055172,0.060934,5.007655,0.000000,0.000000,5.000000,0.082556,0
1784329882.656443,FIXED400,TRACKING,400,22.890934,49.933901,-0.055172,0.060934,5.007655,0.000000,0.000000,5.000000,0.082556,0
1784329882.681392,FIXED400,TRACKING,400,22.923699,24.904272,-0.045617,0.059838,5.004570,0.000000,0.000000,5.000000,0.075381,0
1784329882.706394,FIXED400,TRACKING,400,22.866307,24.867467,-0.035940,0.058513,5.001273,0.000000,0.000000,5.000000,0.068681,0
1784329882.731419,FIXED400,TRACKING,400,22.890564,24.969128,-0.026253,0.056944,4.999078,0.000000,0.000000,5.000000,0.062712,0
1784329882.756407,FIXED400,TRACKING,400,22.873678,49.937193,-0.026253,0.056944,4.999078,0.000000,0.000000,5.000000,0.062712,0
1784329882.781433,FIXED400,TRACKING,400,22.749783,24.813185,-0.016250,0.054630,4.998906,0.000000,0.000000,5.000000,0.057006,0
1784329882.806441,FIXED400,TRACKING,400,22.801793,24.993185,-0.003706,0.051375,4.998391,0.000000,0.000000,5.000000,0.051534,0
1784329882.831432,FIXED400,TRACKING,400,22.907572,25.028869,0.006196,0.048661,4.997715,0.000000,0.000000,5.000000,0.049108,0
1784329882.856421,FIXED400,TRACKING,400,22.710857,49.821238,0.006196,0.048661,4.997715,0.000000,0.000000,5.000000,0.049108,0
1784329882.881425,FIXED400,TRACKING,400,22.793490,25.009391,0.015928,0.045863,4.996256,0.000000,0.000000,5.000000,0.048694,0
1784329882.906420,FIXED400,TRACKING,400,22.780641,24.914338,0.024452,0.043580,4.996244,0.000000,0.000000,5.000000,0.050112,0
1784329882.931430,FIXED400,TRACKING,400,22.792967,24.960440,0.032699,0.041203,4.997499,0.000000,0.000000,5.000000,0.052661,0
1784329882.956419,FIXED400,TRACKING,400,22.855553,50.012361,0.032699,0.041203,4.997499,0.000000,0.000000,5.000000,0.052661,0
1784329882.981394,FIXED400,TRACKING,400,22.896304,24.947902,0.040712,0.038664,4.999145,0.000000,0.000000,5.000000,0.056153,0
1784329883.006462,FIXED400,TRACKING,400,22.966880,25.078433,0.049810,0.033928,5.002736,0.000000,0.000000,5.000000,0.060329,0
1784329883.031419,FIXED400,TRACKING,400,22.643216,24.550199,0.056166,0.028668,5.006274,0.000000,0.000000,5.000000,0.063371,0
1784329883.056430,FIXED400,TRACKING,400,22.723953,49.642227,0.056166,0.028668,5.006274,0.000000,0.000000,5.000000,0.063371,0
1784329883.081432,FIXED400,TRACKING,400,22.725909,24.934056,0.062332,0.023628,5.009129,0.000000,0.000000,5.000000,0.067282,0
1784329883.106395,FIXED400,TRACKING,400,22.757504,24.867864,0.068249,0.018795,5.011240,0.000000,0.000000,5.000000,0.071676,0
1784329883.131423,FIXED400,TRACKING,400,22.846555,25.020593,0.073160,0.012392,5.012990,0.000000,0.000000,5.000000,0.075331,0
1784329883.156417,FIXED400,TRACKING,400,22.802604,49.968391,0.073160,0.012392,5.012990,0.000000,0.000000,5.000000,0.075331,0
1784329883.181453,FIXED400,TRACKING,400,22.722352,24.876812,0.075160,0.008447,5.014006,0.000000,0.000000,5.000000,0.076919,0
1784329883.206419,FIXED400,TRACKING,400,22.838663,25.012876,0.078277,0.002247,5.015859,0.000000,0.000000,5.000000,0.079899,0
1784329883.231407,FIXED400,TRACKING,400,22.748723,24.830760,0.080510,-0.002354,5.017077,0.000000,0.000000,5.000000,0.082335,0
1784329883.256440,FIXED400,TRACKING,400,22.726000,49.839121,0.080510,-0.002354,5.017077,0.000000,0.000000,5.000000,0.082335,0
1784329883.281394,FIXED400,TRACKING,400,22.657825,24.820754,0.082178,-0.004262,5.020367,0.000000,0.000000,5.000000,0.084771,0
1784329883.306436,FIXED400,TRACKING,400,22.734598,25.062902,0.083598,-0.005490,5.024063,0.000000,0.000000,5.000000,0.087166,0
1784329883.331417,FIXED400,TRACKING,400,22.869969,25.017973,0.084894,-0.006774,5.027339,0.000000,0.000000,5.000000,0.089445,0
1784329883.356413,FIXED400,TRACKING,400,22.798194,49.941643,0.084894,-0.006774,5.027339,0.000000,0.000000,5.000000,0.089445,0
1784329883.381398,FIXED400,TRACKING,400,22.833274,24.950865,0.086010,-0.008058,5.030651,0.000000,0.000000,5.000000,0.091663,0
1784329883.406431,FIXED400,TRACKING,400,22.928109,25.060644,0.083502,-0.009325,5.035872,0.000000,0.000000,5.000000,0.091358,0
1784329883.431418,FIXED400,TRACKING,400,22.844101,24.822121,0.081456,-0.010334,5.039310,0.000000,0.000000,5.000000,0.091033,0
1784329883.456445,FIXED400,TRACKING,400,22.931840,49.935843,0.081456,-0.010334,5.039310,0.000000,0.000000,5.000000,0.091033,0
1784329883.481435,FIXED400,TRACKING,400,22.785842,24.760559,0.079361,-0.011347,5.042363,0.000000,0.000000,5.000000,0.090673,0
1784329883.506444,FIXED400,TRACKING,400,22.813633,24.961389,0.077398,-0.012159,5.044903,0.000000,0.000000,5.000000,0.090303,0
1784329883.531425,FIXED400,TRACKING,400,22.700602,24.793290,0.075870,-0.012520,5.046268,0.000000,0.000000,5.000000,0.089743,0
1784329883.556408,FIXED400,TRACKING,400,22.797145,49.872727,0.075870,-0.012520,5.046268,0.000000,0.000000,5.000000,0.089743,0
1784329883.581419,FIXED400,TRACKING,400,22.799841,24.947518,0.074365,-0.012912,5.046850,0.000000,0.000000,5.000000,0.088836,0
1784329883.606463,FIXED400,TRACKING,400,22.833265,24.985882,0.072501,-0.013418,5.046920,0.000000,0.000000,5.000000,0.087395,0
1784329883.631434,FIXED400,TRACKING,400,22.817728,24.875582,0.070193,-0.014176,5.045856,0.000000,0.000000,5.000000,0.085034,0
1784329883.656426,FIXED400,TRACKING,400,22.835630,49.882604,0.070193,-0.014176,5.045856,0.000000,0.000000,5.000000,0.085034,0
1784329883.681411,FIXED400,TRACKING,400,22.892218,24.960258,0.067633,-0.015039,5.044002,0.000000,0.000000,5.000000,0.082076,0
1784329883.706422,FIXED400,TRACKING,400,22.846114,24.875698,0.065035,-0.015931,5.041680,0.000000,0.000000,5.000000,0.078870,0
1784329883.731406,FIXED400,TRACKING,400,22.809594,24.866419,0.062285,-0.016856,5.039875,0.000000,0.000000,5.000000,0.075852,0
1784329883.756413,FIXED400,TRACKING,400,22.832935,49.896589,0.062285,-0.016856,5.039875,0.000000,0.000000,5.000000,0.075852,0
1784329883.781436,FIXED400,TRACKING,400,22.939732,25.045039,0.058719,-0.015644,5.038678,0.000000,0.000000,5.000000,0.072033,0
1784329883.806417,FIXED400,TRACKING,400,22.871347,24.839153,0.054001,-0.013551,5.036228,0.000000,0.000000,5.000000,0.066424,0
1784329883.831422,FIXED400,TRACKING,400,22.857600,24.926086,0.050226,-0.012108,5.034280,0.000000,0.000000,5.000000,0.062003,0
1784329883.856444,FIXED400,TRACKING,400,22.778542,49.868966,0.050226,-0.012108,5.034280,0.000000,0.000000,5.000000,0.062003,0
1784329883.881430,FIXED400,TRACKING,400,22.698465,24.839566,0.046516,-0.010940,5.032327,0.000000,0.000000,5.000000,0.057693,0
1784329883.906420,FIXED400,TRACKING,400,22.762844,24.992839,0.041584,-0.011850,5.031629,0.000000,0.000000,5.000000,0.053573,0
1784329883.931443,FIXED400,TRACKING,400,22.870881,25.065003,0.036862,-0.012707,5.030211,0.000000,0.000000,5.000000,0.049326,0
1784329883.956415,FIXED400,TRACKING,400,22.886058,50.051886,0.036862,-0.012707,5.030211,0.000000,0.000000,5.000000,0.049326,0
1784329883.981474,FIXED400,TRACKING,400,22.750526,24.858505,0.031229,-0.013709,5.027585,0.000000,0.000000,5.000000,0.043865,0
1784329884.006440,FIXED400,TRACKING,400,22.764075,24.913233,0.026512,-0.014692,5.027305,0.000000,0.000000,5.000000,0.040796,0
1784329884.031414,FIXED400,TRACKING,400,22.809265,24.954650,0.021572,-0.015830,5.029076,0.000000,0.000000,5.000000,0.039514,0
1784329884.056426,FIXED400,TRACKING,400,22.801245,49.959470,0.021572,-0.015830,5.029076,0.000000,0.000000,5.000000,0.039514,0
1784329884.081420,FIXED400,TRACKING,400,22.745195,24.848438,0.016745,-0.016882,5.031218,0.000000,0.000000,5.000000,0.039242,0
1784329884.106418,FIXED400,TRACKING,400,22.827239,24.957331,0.012075,-0.017845,5.032418,0.000000,0.000000,5.000000,0.038925,0
1784329884.131429,FIXED400,TRACKING,400,22.867884,24.968605,0.007028,-0.018303,5.034753,0.000000,0.000000,5.000000,0.039902,0
1784329884.156443,FIXED400,TRACKING,400,22.903369,50.014847,0.007028,-0.018303,5.034753,0.000000,0.000000,5.000000,0.039902,0
1784329884.181427,FIXED400,TRACKING,400,22.773492,24.775496,0.001636,-0.018243,5.038263,0.000000,0.000000,5.000000,0.042421,0
1784329884.206431,FIXED400,TRACKING,400,22.831129,24.999109,-0.004710,-0.018167,5.041638,0.000000,0.000000,5.000000,0.045672,0
1784329884.231446,FIXED400,TRACKING,400,22.851010,24.960699,-0.009478,-0.018135,5.042701,0.000000,0.000000,5.000000,0.047350,0
1784329884.256411,FIXED400,TRACKING,400,22.805957,49.881342,-0.009478,-0.018135,5.042701,0.000000,0.000000,5.000000,0.047350,0
1784329884.281428,FIXED400,TRACKING,400,22.796027,24.943150,-0.014585,-0.018736,5.043228,0.000000,0.000000,5.000000,0.049320,0
1784329884.306419,FIXED400,TRACKING,400,22.763685,24.894699,-0.019604,-0.019404,5.043031,0.000000,0.000000,5.000000,0.051112,0
1784329884.331447,FIXED400,TRACKING,400,22.829253,25.022981,-0.024240,-0.019970,5.042088,0.000000,0.000000,5.000000,0.052515,0
1784329884.356424,FIXED400,TRACKING,400,22.767468,49.938061,-0.024240,-0.019970,5.042088,0.000000,0.000000,5.000000,0.052515,0
1784329884.381445,FIXED400,TRACKING,400,22.804154,24.996010,-0.028492,-0.020460,5.040451,0.000000,0.000000,5.000000,0.053541,0
1784329884.406423,FIXED400,TRACKING,400,22.856832,24.969296,-0.033730,-0.020116,5.041223,0.000000,0.000000,5.000000,0.056936,0
1784329884.431406,FIXED400,TRACKING,400,22.814126,24.858293,-0.037523,-0.019835,5.041337,0.000000,0.000000,5.000000,0.059246,0
1784329884.456414,FIXED400,TRACKING,400,22.723499,49.774609,-0.037523,-0.019835,5.041337,0.000000,0.000000,5.000000,0.059246,0
1784329884.481446,FIXED400,TRACKING,400,22.787341,25.031024,-0.041012,-0.019550,5.040964,0.000000,0.000000,5.000000,0.061174,0
1784329884.506425,FIXED400,TRACKING,400,22.844917,24.935055,-0.044504,-0.019435,5.040495,0.000000,0.000000,5.000000,0.063231,0
1784329884.531420,FIXED400,TRACKING,400,22.796085,24.870582,-0.048579,-0.019677,5.040796,0.000000,0.000000,5.000000,0.066418,0
1784329884.556412,FIXED400,TRACKING,400,22.761638,49.827698,-0.048579,-0.019677,5.040796,0.000000,0.000000,5.000000,0.066418,0
1784329884.581422,FIXED400,TRACKING,400,22.755689,24.937236,-0.052979,-0.019791,5.040153,0.000000,0.000000,5.000000,0.069359,0
1784329884.606418,FIXED400,TRACKING,400,22.837289,24.985697,-0.055976,-0.019689,5.038953,0.000000,0.000000,5.000000,0.070981,0
1784329884.631430,FIXED400,TRACKING,400,22.849403,24.923579,-0.058115,-0.017698,5.039766,0.000000,0.000000,5.000000,0.072608,0
1784329884.656422,FIXED400,TRACKING,400,22.885264,49.947673,-0.058115,-0.017698,5.039766,0.000000,0.000000,5.000000,0.072608,0
1784329884.681404,FIXED400,TRACKING,400,22.893447,24.898729,-0.059690,-0.015191,5.041028,0.000000,0.000000,5.000000,0.074006,0
1784329884.706425,FIXED400,TRACKING,400,22.814651,24.856235,-0.060889,-0.012769,5.041440,0.000000,0.000000,5.000000,0.074752,0
1784329884.731416,FIXED400,TRACKING,400,22.816154,24.908880,-0.061782,-0.010453,5.041325,0.000000,0.000000,5.000000,0.075060,0
1784329884.756435,FIXED400,TRACKING,400,22.835081,49.945610,-0.061782,-0.010453,5.041325,0.000000,0.000000,5.000000,0.075060,0
1784329884.781438,FIXED400,TRACKING,400,22.779334,24.860960,-0.062464,-0.006084,5.042110,0.000000,0.000000,5.000000,0.075578,0
1784329884.806441,FIXED400,TRACKING,400,22.897809,25.059667,-0.062929,-0.000139,5.043666,0.000000,0.000000,5.000000,0.076595,0
1784329884.831416,FIXED400,TRACKING,400,22.887703,24.898807,-0.063002,0.004355,5.043798,0.000000,0.000000,5.000000,0.076854,0
1784329884.856432,FIXED400,TRACKING,400,22.852638,49.876611,-0.063002,0.004355,5.043798,0.000000,0.000000,5.000000,0.076854,0
1784329884.881418,FIXED400,TRACKING,400,22.813104,24.879760,-0.062822,0.008663,5.042549,0.000000,0.000000,5.000000,0.076368,0
1784329884.906432,FIXED400,TRACKING,400,22.801643,24.936277,-0.062513,0.013147,5.044392,0.000000,0.000000,5.000000,0.077791,0
1784329884.931414,FIXED400,TRACKING,400,22.865650,24.983943,-0.061978,0.017450,5.045495,0.000000,0.000000,5.000000,0.078839,0
1784329884.956415,FIXED400,TRACKING,400,22.802638,49.914299,-0.061978,0.017450,5.045495,0.000000,0.000000,5.000000,0.078839,0
1784329884.981426,FIXED400,TRACKING,400,22.742591,24.887532,-0.061233,0.021601,5.045898,0.000000,0.000000,5.000000,0.079516,0
1784329885.006463,FIXED400,TRACKING,400,22.845495,25.076223,-0.058987,0.026459,5.045065,0.000000,0.000000,5.000000,0.078807,0
1784329885.031440,FIXED400,TRACKING,400,22.896127,24.959161,-0.055926,0.029821,5.043077,0.000000,0.000000,5.000000,0.076633,0
1784329885.056443,FIXED400,TRACKING,400,22.733515,49.795911,-0.055926,0.029821,5.043077,0.000000,0.000000,5.000000,0.076633,0
1784329885.081426,FIXED400,TRACKING,400,22.824679,25.006928,-0.052714,0.033093,5.040207,0.000000,0.000000,5.000000,0.074098,0
1784329885.106426,FIXED400,TRACKING,400,22.844917,24.902745,-0.049383,0.036212,5.036589,0.000000,0.000000,5.000000,0.071336,0
1784329885.131415,FIXED400,TRACKING,400,23.536702,25.587731,-0.045864,0.039714,5.033084,0.000000,0.000000,5.000000,0.069103,0
1784329885.156415,FIXED400,TRACKING,400,22.856527,49.904101,-0.045864,0.039714,5.033084,0.000000,0.000000,5.000000,0.069103,0
1784329885.181425,FIXED400,TRACKING,400,22.905465,24.973538,-0.042187,0.043516,5.028941,0.000000,0.000000,5.000000,0.067163,0
1784329885.206428,FIXED400,TRACKING,400,22.998726,25.012250,-0.037377,0.047870,5.024513,0.000000,0.000000,5.000000,0.065495,0
1784329885.231441,FIXED400,TRACKING,400,22.885896,24.839788,-0.033449,0.050981,5.021898,0.000000,0.000000,5.000000,0.064787,0
1784329885.256425,FIXED400,TRACKING,400,23.013717,49.950040,-0.033449,0.050981,5.021898,0.000000,0.000000,5.000000,0.064787,0
1784329885.281425,FIXED400,TRACKING,400,22.913129,24.819633,-0.026993,0.054321,5.020176,0.000000,0.000000,5.000000,0.063926,0
1784329885.306435,FIXED400,TRACKING,400,22.898888,24.919304,-0.019890,0.057447,5.018422,0.000000,0.000000,5.000000,0.063522,0
1784329885.331424,FIXED400,TRACKING,400,22.752366,24.776043,-0.012948,0.060165,5.016271,0.000000,0.000000,5.000000,0.063657,0
1784329885.356454,FIXED400,TRACKING,400,22.839237,49.894732,-0.012948,0.060165,5.016271,0.000000,0.000000,5.000000,0.063657,0
1784329885.381433,FIXED400,TRACKING,400,22.876527,24.949038,-0.006157,0.062516,5.014306,0.000000,0.000000,5.000000,0.064427,0
1784329885.406420,FIXED400,TRACKING,400,22.814370,24.863559,0.000003,0.063626,5.017177,0.000000,0.000000,5.000000,0.065904,0
1784329885.431433,FIXED400,TRACKING,400,23.247532,25.365393,0.004872,0.064190,5.018800,0.000000,0.000000,5.000000,0.067064,0
1784329885.456442,FIXED400,TRACKING,400,22.779742,49.905367,0.004872,0.064190,5.018800,0.000000,0.000000,5.000000,0.067064,0
1784329885.481415,FIXED400,TRACKING,400,22.835033,24.951889,0.009677,0.064478,5.019618,0.000000,0.000000,5.000000,0.068088,0
1784329885.506421,FIXED400,TRACKING,400,22.902739,25.004441,0.014907,0.064873,5.020211,0.000000,0.000000,5.000000,0.069565,0
1784329885.531440,FIXED400,TRACKING,400,22.864429,24.896393,0.021408,0.066112,5.021490,0.000000,0.000000,5.000000,0.072738,0
1784329885.556420,FIXED400,TRACKING,400,22.804699,49.816788,0.021408,0.066112,5.021490,0.000000,0.000000,5.000000,0.072738,0
1784329885.581407,FIXED400,TRACKING,400,22.760816,24.862175,0.027620,0.067002,5.022285,0.000000,0.000000,5.000000,0.075821,0
1784329885.606444,FIXED400,TRACKING,400,23.635823,25.830528,0.034886,0.067513,5.023544,0.000000,0.000000,5.000000,0.079558,0
1784329885.631416,FIXED400,TRACKING,400,23.403745,24.542141,0.039655,0.068211,5.024970,0.000000,0.000000,5.000000,0.082757,0
1784329885.656446,FIXED400,TRACKING,400,22.790413,48.957134,0.039655,0.068211,5.024970,0.000000,0.000000,5.000000,0.082757,0
1784329885.681437,FIXED400,TRACKING,400,22.821364,24.925576,0.043979,0.068770,5.025904,0.000000,0.000000,5.000000,0.085642,0
1784329885.706417,FIXED400,TRACKING,400,22.831325,24.897128,0.048066,0.068906,5.025640,0.000000,0.000000,5.000000,0.087840,0
1784329885.731430,FIXED400,TRACKING,400,22.921397,25.025437,0.052773,0.068578,5.024127,0.000000,0.000000,5.000000,0.089833,0
1784329885.756416,FIXED400,TRACKING,400,23.074270,50.162257,0.052773,0.068578,5.024127,0.000000,0.000000,5.000000,0.089833,0
1784329885.781438,FIXED400,TRACKING,400,22.910484,24.768898,0.054062,0.066019,5.026552,0.000000,0.000000,5.000000,0.089365,0
1784329885.806426,FIXED400,TRACKING,400,22.840232,24.850380,0.056042,0.061681,5.030084,0.000000,0.000000,5.000000,0.088602,0
1784329885.831429,FIXED400,TRACKING,400,22.805950,24.897845,0.057501,0.058170,5.032166,0.000000,0.000000,5.000000,0.087890,0
1784329885.856420,FIXED400,TRACKING,400,22.980559,50.065183,0.057501,0.058170,5.032166,0.000000,0.000000,5.000000,0.087890,0
1784329885.881420,FIXED400,TRACKING,400,22.795158,24.724149,0.058816,0.054658,5.033467,0.000000,0.000000,5.000000,0.086987,0
1784329885.906445,FIXED400,TRACKING,400,22.886018,25.046889,0.058999,0.052635,5.037966,0.000000,0.000000,5.000000,0.087708,0
1784329885.931444,FIXED400,TRACKING,400,22.849361,24.897597,0.059059,0.050541,5.042568,0.000000,0.000000,5.000000,0.088625,0
1784329885.956450,FIXED400,TRACKING,400,22.811759,49.864443,0.059059,0.050541,5.042568,0.000000,0.000000,5.000000,0.088625,0
1784329885.981442,FIXED400,TRACKING,400,22.811037,24.929845,0.059057,0.048277,5.046865,0.000000,0.000000,5.000000,0.089525,0
1784329886.006443,FIXED400,TRACKING,400,22.779222,24.885457,0.058700,0.045617,5.052401,0.000000,0.000000,5.000000,0.090953,0
1784329886.031428,FIXED400,TRACKING,400,22.829757,24.974947,0.058000,0.043698,5.057261,0.000000,0.000000,5.000000,0.092479,0
1784329886.056441,FIXED400,TRACKING,400,22.729587,49.884691,0.058000,0.043698,5.057261,0.000000,0.000000,5.000000,0.092479,0
1784329886.081442,FIXED400,TRACKING,400,22.897767,25.099617,0.057254,0.041577,5.060390,0.000000,0.000000,5.000000,0.093024,0
1784329886.106412,FIXED400,TRACKING,400,22.762268,24.688574,0.056414,0.039266,5.061970,0.000000,0.000000,5.000000,0.092545,0
1784329886.131423,FIXED400,TRACKING,400,23.104451,25.256701,0.055529,0.035770,5.065722,0.000000,0.000000,5.000000,0.093179,0
1784329886.156411,FIXED400,TRACKING,400,22.730217,49.869360,0.055529,0.035770,5.065722,0.000000,0.000000,5.000000,0.093179,0
1784329886.181428,FIXED400,TRACKING,400,22.805881,25.013892,0.054595,0.031271,5.071646,0.000000,0.000000,5.000000,0.095350,0
1784329886.206410,FIXED400,TRACKING,400,22.829088,24.941286,0.053359,0.025791,5.077326,0.000000,0.000000,5.000000,0.097425,0
1784329886.231416,FIXED400,TRACKING,400,22.802172,24.914042,0.052331,0.021506,5.080211,0.000000,0.000000,5.000000,0.098157,0
1784329886.256427,FIXED400,TRACKING,400,22.813312,49.935489,0.052331,0.021506,5.080211,0.000000,0.000000,5.000000,0.098157,0
1784329886.281407,FIXED400,TRACKING,400,22.847190,24.946910,0.050231,0.015581,5.082438,0.000000,0.000000,5.000000,0.097786,0
1784329886.306487,FIXED400,TRACKING,400,22.876764,25.043370,0.047815,0.009317,5.084270,0.000000,0.000000,5.000000,0.097337,0
1784329886.331435,FIXED400,TRACKING,400,22.840887,24.844747,0.045454,0.003314,5.085233,0.000000,0.000000,5.000000,0.096653,0
1784329886.356429,FIXED400,TRACKING,400,22.789347,49.787023,0.045454,0.003314,5.085233,0.000000,0.000000,5.000000,0.096653,0
1784329886.381411,FIXED400,TRACKING,400,22.810753,24.939287,0.043152,-0.002390,5.084694,0.000000,0.000000,5.000000,0.095084,0
1784329886.406436,FIXED400,TRACKING,400,22.926873,25.067853,0.040144,-0.009164,5.082489,0.000000,0.000000,5.000000,0.092195,0
1784329886.431457,FIXED400,TRACKING,400,22.922075,24.944457,0.037733,-0.014334,5.079246,0.000000,0.000000,5.000000,0.088933,0
1784329886.456418,FIXED400,TRACKING,400,23.021258,50.001652,0.037733,-0.014334,5.079246,0.000000,0.000000,5.000000,0.088933,0
1784329886.481430,FIXED400,TRACKING,400,22.887286,24.793368,0.035262,-0.019381,5.074526,0.000000,0.000000,5.000000,0.084695,0
1784329886.506443,FIXED400,TRACKING,400,22.804994,24.855186,0.032391,-0.024481,5.068256,0.000000,0.000000,5.000000,0.079419,0
1784329886.531413,FIXED400,TRACKING,400,22.868021,24.958669,0.028532,-0.029933,5.061086,0.000000,0.000000,5.000000,0.073767,0
1784329886.556421,FIXED400,TRACKING,400,22.792185,49.888005,0.028532,-0.029933,5.061086,0.000000,0.000000,5.000000,0.073767,0
1784329886.581412,FIXED400,TRACKING,400,22.725538,24.854069,0.024653,-0.035120,5.055199,0.000000,0.000000,5.000000,0.069915,0
1784329886.606449,FIXED400,TRACKING,400,22.834269,25.057362,0.019822,-0.041127,5.048684,0.000000,0.000000,5.000000,0.066741,0
1784329886.631436,FIXED400,TRACKING,400,22.877762,24.919337,0.015106,-0.045702,5.044453,0.000000,0.000000,5.000000,0.065521,0
1784329886.656422,FIXED400,TRACKING,400,22.864910,49.890197,0.015106,-0.045702,5.044453,0.000000,0.000000,5.000000,0.065521,0
1784329886.681400,FIXED400,TRACKING,400,22.863164,24.885639,0.010283,-0.049932,5.040321,0.000000,0.000000,5.000000,0.064998,0
1784329886.706416,FIXED400,TRACKING,400,22.825795,24.897474,0.005703,-0.053742,5.036254,0.000000,0.000000,5.000000,0.065078,0
1784329886.731480,FIXED400,TRACKING,400,22.829562,24.986187,0.001348,-0.057103,5.032860,0.000000,0.000000,5.000000,0.065897,0
1784329886.756425,FIXED400,TRACKING,400,22.826122,49.927766,0.001348,-0.057103,5.032860,0.000000,0.000000,5.000000,0.065897,0
1784329886.781425,FIXED400,TRACKING,400,22.825754,24.913299,-0.001997,-0.058803,5.029158,0.000000,0.000000,5.000000,0.065665,0
1784329886.806432,FIXED400,TRACKING,400,22.811304,24.923418,-0.005640,-0.060065,5.022932,0.000000,0.000000,5.000000,0.064541,0
1784329886.831450,FIXED400,TRACKING,400,22.786653,24.926293,-0.008436,-0.060835,5.018122,0.000000,0.000000,5.000000,0.064035,0
1784329886.856406,FIXED400,TRACKING,400,22.812766,49.907870,-0.008436,-0.060835,5.018122,0.000000,0.000000,5.000000,0.064035,0
1784329886.881413,FIXED400,TRACKING,400,22.837946,24.965924,-0.011085,-0.061357,5.013868,0.000000,0.000000,5.000000,0.063874,0
1784329886.906427,FIXED400,TRACKING,400,22.833505,24.941575,-0.015504,-0.062317,5.010556,0.000000,0.000000,5.000000,0.065079,0
1784329886.931424,FIXED400,TRACKING,400,22.794683,24.893443,-0.019534,-0.062882,5.006774,0.000000,0.000000,5.000000,0.066193,0
1784329886.956419,FIXED400,TRACKING,400,22.775417,49.868389,-0.019534,-0.062882,5.006774,0.000000,0.000000,5.000000,0.066193,0
1784329886.981437,FIXED400,TRACKING,400,22.771881,24.952179,-0.023200,-0.063153,5.003585,0.000000,0.000000,5.000000,0.067375,0
1784329887.006422,FIXED400,TRACKING,400,22.822715,24.971979,-0.027498,-0.061996,5.000534,0.000000,0.000000,5.000000,0.067823,0
1784329887.031422,FIXED400,TRACKING,400,22.812149,24.921881,-0.030735,-0.059572,4.997465,0.000000,0.000000,5.000000,0.067081,0
1784329887.056413,FIXED400,TRACKING,400,22.814320,49.918554,-0.030735,-0.059572,4.997465,0.000000,0.000000,5.000000,0.067081,0
1784329887.081419,FIXED400,TRACKING,400,22.753744,24.874988,-0.033658,-0.057062,4.995245,0.000000,0.000000,5.000000,0.066419,0
1784329887.106420,FIXED400,TRACKING,400,22.771776,24.896218,-0.036311,-0.054523,4.993275,0.000000,0.000000,5.000000,0.065852,0
1784329887.131445,FIXED400,TRACKING,400,22.937038,25.109467,-0.038763,-0.052216,4.990180,0.000000,0.000000,5.000000,0.065768,0
1784329887.156434,FIXED400,TRACKING,400,22.899151,50.056616,-0.038763,-0.052216,4.990180,0.000000,0.000000,5.000000,0.065768,0
1784329887.181449,FIXED400,TRACKING,400,22.828775,24.862892,-0.041004,-0.050027,4.986132,0.000000,0.000000,5.000000,0.066154,0
1784329887.206437,FIXED400,TRACKING,400,22.868409,24.938353,-0.043361,-0.047130,4.981443,0.000000,0.000000,5.000000,0.066677,0
1784329887.231432,FIXED400,TRACKING,400,22.772109,24.834474,-0.044892,-0.044750,4.977367,0.000000,0.000000,5.000000,0.067306,0
1784329887.256418,FIXED400,TRACKING,400,22.858922,49.911266,-0.044892,-0.044750,4.977367,0.000000,0.000000,5.000000,0.067306,0
1784329887.281426,FIXED400,TRACKING,400,22.813642,24.891131,-0.046208,-0.041596,4.974541,0.000000,0.000000,5.000000,0.067183,0
1784329887.306421,FIXED400,TRACKING,400,22.834142,24.947522,-0.047193,-0.038171,4.972518,0.000000,0.000000,5.000000,0.066629,0
1784329887.331419,FIXED400,TRACKING,400,22.862863,24.958485,-0.047834,-0.034767,4.970890,0.000000,0.000000,5.000000,0.065911,0
1784329887.356408,FIXED400,TRACKING,400,22.795828,49.879400,-0.047834,-0.034767,4.970890,0.000000,0.000000,5.000000,0.065911,0
1784329887.381428,FIXED400,TRACKING,400,22.775405,24.933945,-0.047297,-0.030124,4.970171,0.000000,0.000000,5.000000,0.063516,0
1784329887.406423,FIXED400,TRACKING,400,22.810265,24.968958,-0.043973,-0.025114,4.970783,0.000000,0.000000,5.000000,0.058463,0
1784329887.431434,FIXED400,TRACKING,400,22.791441,24.914181,-0.040611,-0.020311,4.971237,0.000000,0.000000,5.000000,0.053751,0
1784329887.456429,FIXED400,TRACKING,400,22.842628,49.961022,-0.040611,-0.020311,4.971237,0.000000,0.000000,5.000000,0.053751,0
1784329887.481437,FIXED400,TRACKING,400,22.931809,25.000166,-0.037215,-0.015719,4.971739,0.000000,0.000000,5.000000,0.049302,0
1784329887.506450,FIXED400,TRACKING,400,23.006312,25.007354,-0.033676,-0.011129,4.973188,0.000000,0.000000,5.000000,0.044461,0
1784329887.531438,FIXED400,TRACKING,400,22.959914,24.853188,-0.029741,-0.006041,4.976261,0.000000,0.000000,5.000000,0.038530,0
1784329887.556439,FIXED400,TRACKING,400,22.877635,49.772038,-0.029741,-0.006041,4.976261,0.000000,0.000000,5.000000,0.038530,0
1784329887.581416,FIXED400,TRACKING,400,22.863341,24.888659,-0.025830,-0.001042,4.978946,0.000000,0.000000,5.000000,0.033340,0
1784329887.606439,FIXED400,TRACKING,400,22.908567,24.966471,-0.020994,0.005087,4.981313,0.000000,0.000000,5.000000,0.028563,0
1784329887.631431,FIXED400,TRACKING,400,22.895620,24.896039,-0.016866,0.011319,4.981514,0.000000,0.000000,5.000000,0.027464,0
1784329887.656418,FIXED400,TRACKING,400,22.903302,49.888975,-0.016866,0.011319,4.981514,0.000000,0.000000,5.000000,0.027464,0
1784329887.681440,FIXED400,TRACKING,400,22.925671,24.950213,-0.012691,0.017715,4.981691,0.000000,0.000000,5.000000,0.028462,0
1784329887.706496,FIXED400,TRACKING,400,22.830599,24.841986,-0.008585,0.023783,4.982751,0.000000,0.000000,5.000000,0.030608,0
1784329887.731416,FIXED400,TRACKING,400,22.894985,24.906947,-0.004530,0.029538,4.984117,0.000000,0.000000,5.000000,0.033842,0
1784329887.756434,FIXED400,TRACKING,400,22.853055,49.883426,-0.004530,0.029538,4.984117,0.000000,0.000000,5.000000,0.033842,0
1784329887.781417,FIXED400,TRACKING,400,22.852481,24.894998,0.001100,0.035418,4.985014,0.000000,0.000000,5.000000,0.038474,0
1784329887.806442,FIXED400,TRACKING,400,22.819053,24.926654,0.008503,0.042414,4.984535,0.000000,0.000000,5.000000,0.045939,0
1784329887.831425,FIXED400,TRACKING,400,22.864749,24.957766,0.014187,0.047572,4.983400,0.000000,0.000000,5.000000,0.052345,0
1784329887.856460,FIXED400,TRACKING,400,22.864722,49.992849,0.014187,0.047572,4.983400,0.000000,0.000000,5.000000,0.052345,0
1784329887.881418,FIXED400,TRACKING,400,22.860474,24.886678,0.019721,0.052309,4.982642,0.000000,0.000000,5.000000,0.058536,0
1784329887.906438,FIXED400,TRACKING,400,22.807970,24.895660,0.023618,0.056382,4.983859,0.000000,0.000000,5.000000,0.063224,0
1784329887.931415,FIXED400,TRACKING,400,22.754814,24.859368,0.027375,0.060099,4.985370,0.000000,0.000000,5.000000,0.067641,0
1784329887.956409,FIXED400,TRACKING,400,22.770198,49.867582,0.027375,0.060099,4.985370,0.000000,0.000000,5.000000,0.067641,0
1784329887.981420,FIXED400,TRACKING,400,22.763631,24.938922,0.030879,0.063448,4.987173,0.000000,0.000000,5.000000,0.071720,0
1784329888.006418,FIXED400,TRACKING,400,22.903317,25.065665,0.034385,0.066769,4.989725,0.000000,0.000000,5.000000,0.075803,0
1784329888.031424,FIXED400,TRACKING,400,22.803242,24.835911,0.036448,0.068414,4.991355,0.000000,0.000000,5.000000,0.077998,0
1784329888.056423,FIXED400,TRACKING,400,22.816515,49.848885,0.036448,0.068414,4.991355,0.000000,0.000000,5.000000,0.077998,0
1784329888.081449,FIXED400,TRACKING,400,23.002081,25.131191,0.038203,0.069908,4.992941,0.000000,0.000000,5.000000,0.079978,0
1784329888.106421,FIXED400,TRACKING,400,23.058996,24.921274,0.039648,0.071173,4.994475,0.000000,0.000000,5.000000,0.081658,0
1784329888.131427,FIXED400,TRACKING,400,22.817810,24.674933,0.041610,0.071805,4.995416,0.000000,0.000000,5.000000,0.083116,0
1784329888.156424,FIXED400,TRACKING,400,22.814133,49.665768,0.041610,0.071805,4.995416,0.000000,0.000000,5.000000,0.083116,0
1784329888.181417,FIXED400,TRACKING,400,22.815975,24.895347,0.044042,0.071801,4.995463,0.000000,0.000000,5.000000,0.084354,0
1784329888.206450,FIXED400,TRACKING,400,22.790740,24.940174,0.046615,0.071615,4.996300,0.000000,0.000000,5.000000,0.085530,0
1784329888.231417,FIXED400,TRACKING,400,22.870991,24.988655,0.048337,0.071272,4.997958,0.000000,0.000000,5.000000,0.086141,0
1784329888.256418,FIXED400,TRACKING,400,22.786001,49.903651,0.048337,0.071272,4.997958,0.000000,0.000000,5.000000,0.086141,0
1784329888.281424,FIXED400,TRACKING,400,22.737619,24.890443,0.049045,0.069338,5.001048,0.000000,0.000000,5.000000,0.084937,0
1784329888.306427,FIXED400,TRACKING,400,22.848251,25.038484,0.049300,0.066877,5.004364,0.000000,0.000000,5.000000,0.083199,0
1784329888.331440,FIXED400,TRACKING,400,22.753764,24.833784,0.049405,0.064342,5.006907,0.000000,0.000000,5.000000,0.081415,0
1784329888.356437,FIXED400,TRACKING,400,22.819031,49.895786,0.049405,0.064342,5.006907,0.000000,0.000000,5.000000,0.081415,0
1784329888.381415,FIXED400,TRACKING,400,22.794966,24.890608,0.049384,0.061682,5.008962,0.000000,0.000000,5.000000,0.079522,0
1784329888.406452,FIXED400,TRACKING,400,22.922351,25.102531,0.048506,0.057932,5.012854,0.000000,0.000000,5.000000,0.076643,0
1784329888.431441,FIXED400,TRACKING,400,22.883966,24.877875,0.047689,0.054770,5.014873,0.000000,0.000000,5.000000,0.074129,0
1784329888.456419,FIXED400,TRACKING,400,22.842747,49.812412,0.047689,0.054770,5.014873,0.000000,0.000000,5.000000,0.074129,0
1784329888.481427,FIXED400,TRACKING,400,22.875370,24.974474,0.046770,0.051456,5.015750,0.000000,0.000000,5.000000,0.071296,0
1784329888.506455,FIXED400,TRACKING,400,22.895583,24.953965,0.045752,0.048073,5.016499,0.000000,0.000000,5.000000,0.068385,0
1784329888.531420,FIXED400,TRACKING,400,22.947207,24.949301,0.044633,0.044722,5.017771,0.000000,0.000000,5.000000,0.065635,0
1784329888.556450,FIXED400,TRACKING,400,22.784019,49.815563,0.044633,0.044722,5.017771,0.000000,0.000000,5.000000,0.065635,0
1784329888.581438,FIXED400,TRACKING,400,22.741038,24.875268,0.043386,0.041196,5.019275,0.000000,0.000000,5.000000,0.062857,0
1784329888.606420,FIXED400,TRACKING,400,22.887644,25.036968,0.041688,0.036628,5.020649,0.000000,0.000000,5.000000,0.059210,0
1784329888.631446,FIXED400,TRACKING,400,22.893134,24.947310,0.039847,0.032653,5.021404,0.000000,0.000000,5.000000,0.055787,0
1784329888.656423,FIXED400,TRACKING,400,22.851480,49.880504,0.039847,0.032653,5.021404,0.000000,0.000000,5.000000,0.055787,0
1784329888.681443,FIXED400,TRACKING,400,22.770501,24.846471,0.037808,0.028584,5.022124,0.000000,0.000000,5.000000,0.052306,0
1784329888.706457,FIXED400,TRACKING,400,22.826144,24.987115,0.035726,0.024591,5.022578,0.000000,0.000000,5.000000,0.048896,0
1784329888.731421,FIXED400,TRACKING,400,22.807664,24.871061,0.033690,0.020814,5.022647,0.000000,0.000000,5.000000,0.045619,0
1784329888.756434,FIXED400,TRACKING,400,22.873889,49.950702,0.033690,0.020814,5.022647,0.000000,0.000000,5.000000,0.045619,0
1784329888.781486,FIXED400,TRACKING,400,22.842483,24.930497,0.030432,0.016604,5.021550,0.000000,0.000000,5.000000,0.040820,0
1784329888.806445,FIXED400,TRACKING,400,22.767196,24.819149,0.025735,0.011412,5.019472,0.000000,0.000000,5.000000,0.034230,0
1784329888.831440,FIXED400,TRACKING,400,22.808591,24.963067,0.021764,0.007504,5.018702,0.000000,0.000000,5.000000,0.029660,0
1784329888.856412,FIXED400,TRACKING,400,22.749996,49.872815,0.021764,0.007504,5.018702,0.000000,0.000000,5.000000,0.029660,0
1784329888.881453,FIXED400,TRACKING,400,22.785555,25.012234,0.017733,0.003919,5.018238,0.000000,0.000000,5.000000,0.025737,0
1784329888.906440,FIXED400,TRACKING,400,22.882655,24.998196,0.014833,0.000653,5.016085,0.000000,0.000000,5.000000,0.021890,0
1784329888.931457,FIXED400,TRACKING,400,22.756677,24.824498,0.011874,-0.002469,5.013870,0.000000,0.000000,5.000000,0.018424,0
1784329888.956434,FIXED400,TRACKING,400,22.865497,49.910302,0.011874,-0.002469,5.013870,0.000000,0.000000,5.000000,0.018424,0
1784329888.981447,FIXED400,TRACKING,400,22.812343,24.895305,0.008916,-0.005430,5.011227,0.000000,0.000000,5.000000,0.015330,0
1784329889.006441,FIXED400,TRACKING,400,22.801130,24.919127,0.005098,-0.009174,5.008945,0.000000,0.000000,5.000000,0.013790,0
1784329889.031430,FIXED400,TRACKING,400,22.838665,24.957921,0.001894,-0.012290,5.008406,0.000000,0.000000,5.000000,0.015010,0
1784329889.056438,FIXED400,TRACKING,400,22.918490,50.043391,0.001894,-0.012290,5.008406,0.000000,0.000000,5.000000,0.015010,0
1784329889.081425,FIXED400,TRACKING,400,22.834489,24.837644,-0.001268,-0.015188,5.006903,0.000000,0.000000,5.000000,0.016731,0
1784329889.106424,FIXED400,TRACKING,400,22.908316,24.972972,-0.004319,-0.017851,5.004682,0.000000,0.000000,5.000000,0.018953,0
1784329889.131439,FIXED400,TRACKING,400,22.925988,24.945760,-0.008123,-0.019993,5.002145,0.000000,0.000000,5.000000,0.021687,0
1784329889.156460,FIXED400,TRACKING,400,22.862299,49.901161,-0.008123,-0.019993,5.002145,0.000000,0.000000,5.000000,0.021687,0
1784329889.181432,FIXED400,TRACKING,400,22.796019,24.832627,-0.012613,-0.021671,4.999301,0.000000,0.000000,5.000000,0.025083,0
1784329889.206415,FIXED400,TRACKING,400,22.931033,25.054670,-0.017933,-0.023705,4.996109,0.000000,0.000000,5.000000,0.029977,0
1784329889.231419,FIXED400,TRACKING,400,22.860098,24.865595,-0.021938,-0.025325,4.993603,0.000000,0.000000,5.000000,0.034111,0
1784329889.256421,FIXED400,TRACKING,400,22.927070,49.934650,-0.021938,-0.025325,4.993603,0.000000,0.000000,5.000000,0.034111,0
1784329889.281421,FIXED400,TRACKING,400,22.779705,24.784310,-0.026967,-0.025337,4.992342,0.000000,0.000000,5.000000,0.037787,0
1784329889.306447,FIXED400,TRACKING,400,22.908084,25.076972,-0.031926,-0.025017,4.991571,0.000000,0.000000,5.000000,0.041427,0
1784329889.331421,FIXED400,TRACKING,400,22.816241,24.817411,-0.036545,-0.024717,4.991696,0.000000,0.000000,5.000000,0.044894,0
1784329889.356430,FIXED400,TRACKING,400,22.794173,49.803892,-0.036545,-0.024717,4.991696,0.000000,0.000000,5.000000,0.044894,0
1784329889.381425,FIXED400,TRACKING,400,22.779247,24.914777,-0.040781,-0.024377,4.992085,0.000000,0.000000,5.000000,0.048166,0
1784329889.406429,FIXED400,TRACKING,400,22.830876,24.991135,-0.044366,-0.020032,4.996213,0.000000,0.000000,5.000000,0.048826,0
1784329889.431432,FIXED400,TRACKING,400,22.819025,24.904796,-0.046896,-0.016792,4.998522,0.000000,0.000000,5.000000,0.049834,0
1784329889.456419,FIXED400,TRACKING,400,22.926271,49.997757,-0.046896,-0.016792,4.998522,0.000000,0.000000,5.000000,0.049834,0
1784329889.481428,FIXED400,TRACKING,400,22.805111,24.817448,-0.049152,-0.013811,5.000494,0.000000,0.000000,5.000000,0.051058,0
1784329889.506428,FIXED400,TRACKING,400,22.832426,24.926156,-0.050661,-0.011082,5.003022,0.000000,0.000000,5.000000,0.051947,0
1784329889.531433,FIXED400,TRACKING,400,22.858973,24.953200,-0.050566,-0.008730,5.006699,0.000000,0.000000,5.000000,0.051749,0
1784329889.556424,FIXED400,TRACKING,400,22.782224,49.866803,-0.050566,-0.008730,5.006699,0.000000,0.000000,5.000000,0.051749,0
1784329889.581422,FIXED400,TRACKING,400,22.784057,24.921627,-0.050405,-0.006518,5.010314,0.000000,0.000000,5.000000,0.051860,0
1784329889.606429,FIXED400,TRACKING,400,22.853346,24.981354,-0.050095,-0.003985,5.014086,0.000000,0.000000,5.000000,0.052190,0
1784329889.631442,FIXED400,TRACKING,400,22.801715,24.842761,-0.050303,-0.001905,5.014593,0.000000,0.000000,5.000000,0.052411,0
1784329889.656435,FIXED400,TRACKING,400,22.798833,49.830429,-0.050303,-0.001905,5.014593,0.000000,0.000000,5.000000,0.052411,0
1784329889.681452,FIXED400,TRACKING,400,22.904888,25.028290,-0.050430,0.000061,5.014207,0.000000,0.000000,5.000000,0.052393,0
1784329889.706430,FIXED400,TRACKING,400,22.879392,24.866815,-0.050254,0.001754,5.013828,0.000000,0.000000,5.000000,0.052152,0
1784329889.731425,FIXED400,TRACKING,400,22.749516,24.789199,-0.049814,0.003189,5.013873,0.000000,0.000000,5.000000,0.051808,0
1784329889.756423,FIXED400,TRACKING,400,22.797981,49.835363,-0.049814,0.003189,5.013873,0.000000,0.000000,5.000000,0.051808,0
1784329889.781425,FIXED400,TRACKING,400,22.732272,24.840642,-0.047536,0.003189,5.015198,0.000000,0.000000,5.000000,0.050008,0
1784329889.806436,FIXED400,TRACKING,400,22.822519,25.036476,-0.043825,0.002694,5.016617,0.000000,0.000000,5.000000,0.046947,0
1784329889.831433,FIXED400,TRACKING,400,22.871127,24.974395,-0.040729,0.002282,5.017154,0.000000,0.000000,5.000000,0.044253,0
1784329889.856423,FIXED400,TRACKING,400,22.880673,49.971769,-0.040729,0.002282,5.017154,0.000000,0.000000,5.000000,0.044253,0
1784329889.881423,FIXED400,TRACKING,400,22.843179,24.889414,-0.037601,0.001823,5.017574,0.000000,0.000000,5.000000,0.041545,0
1784329889.906435,FIXED400,TRACKING,400,22.822353,24.930007,-0.032654,0.001926,5.016455,0.000000,0.000000,5.000000,0.036617,0
1784329889.931429,FIXED400,TRACKING,400,22.848423,24.950328,-0.027843,0.001870,5.015636,0.000000,0.000000,5.000000,0.031988,0
1784329889.956427,FIXED400,TRACKING,400,22.744751,49.844300,-0.027843,0.001870,5.015636,0.000000,0.000000,5.000000,0.031988,0
1784329889.981409,FIXED400,TRACKING,400,22.761321,24.927411,-0.023111,0.001695,5.015080,0.000000,0.000000,5.000000,0.027648,0
1784329890.006437,FIXED400,TRACKING,400,22.839916,25.041011,-0.016791,0.000585,5.014515,0.000000,0.000000,5.000000,0.022203,0
1784329890.031426,FIXED400,TRACKING,400,22.735962,24.818648,-0.011315,-0.001012,5.014720,0.000000,0.000000,5.000000,0.018594,0
1784329890.056443,FIXED400,TRACKING,400,22.755419,49.851384,-0.011315,-0.001012,5.014720,0.000000,0.000000,5.000000,0.018594,0
1784329890.081435,FIXED400,TRACKING,400,22.810374,24.975923,-0.006020,-0.002625,5.014771,0.000000,0.000000,5.000000,0.016165,0
1784329890.106431,FIXED400,TRACKING,400,22.995039,25.070843,-0.000878,-0.004187,5.014218,0.000000,0.000000,5.000000,0.014848,0
1784329890.131437,FIXED400,TRACKING,400,22.865651,24.786396,0.002302,-0.004938,5.013854,0.000000,0.000000,5.000000,0.014887,0
1784329890.156439,FIXED400,TRACKING,400,22.812351,49.732862,0.002302,-0.004938,5.013854,0.000000,0.000000,5.000000,0.014887,0
1784329890.181428,FIXED400,TRACKING,400,22.794187,24.899017,0.003754,-0.004955,5.013501,0.000000,0.000000,5.000000,0.014863,0
1784329890.206436,FIXED400,TRACKING,400,22.781543,24.935225,0.005718,-0.005021,5.013453,0.000000,0.000000,5.000000,0.015456,0
1784329890.231428,FIXED400,TRACKING,400,22.802361,24.945084,0.007354,-0.005129,5.013566,0.000000,0.000000,5.000000,0.016261,0
1784329890.256443,FIXED400,TRACKING,400,22.722496,49.880712,0.007354,-0.005129,5.013566,0.000000,0.000000,5.000000,0.016261,0
1784329890.281432,FIXED400,TRACKING,400,22.756371,24.950559,0.009151,-0.006157,5.015521,0.000000,0.000000,5.000000,0.019041,0
1784329890.306475,FIXED400,TRACKING,400,22.867351,25.088463,0.010944,-0.007485,5.018811,0.000000,0.000000,5.000000,0.023014,0
1784329890.331448,FIXED400,TRACKING,400,22.783279,24.818635,0.012607,-0.008864,5.021772,0.000000,0.000000,5.000000,0.026674,0
1784329890.356407,FIXED400,TRACKING,400,22.807789,49.802419,0.012607,-0.008864,5.021772,0.000000,0.000000,5.000000,0.026674,0
1784329890.381421,FIXED400,TRACKING,400,22.775615,24.917204,0.014095,-0.010313,5.023690,0.000000,0.000000,5.000000,0.029432,0
1784329890.406428,FIXED400,TRACKING,400,22.761296,24.932748,0.016412,-0.013062,5.027134,0.000000,0.000000,5.000000,0.034297,0
1784329890.431414,FIXED400,TRACKING,400,22.847282,25.006997,0.017998,-0.015204,5.029477,0.000000,0.000000,5.000000,0.037736,0
1784329890.456418,FIXED400,TRACKING,400,22.761449,49.925060,0.017998,-0.015204,5.029477,0.000000,0.000000,5.000000,0.037736,0
1784329890.481428,FIXED400,TRACKING,400,22.781423,24.967014,0.019310,-0.017258,5.031847,0.000000,0.000000,5.000000,0.041048,0
1784329890.506441,FIXED400,TRACKING,400,22.769280,24.932501,0.019989,-0.018809,5.033886,0.000000,0.000000,5.000000,0.043607,0
1784329890.531426,FIXED400,TRACKING,400,22.710433,24.859764,0.019375,-0.019157,5.034399,0.000000,0.000000,5.000000,0.043882,0
1784329890.556440,FIXED400,TRACKING,400,22.792267,49.959126,0.019375,-0.019157,5.034399,0.000000,0.000000,5.000000,0.043882,0
1784329890.581429,FIXED400,TRACKING,400,22.818171,24.938552,0.018673,-0.019368,5.034291,0.000000,0.000000,5.000000,0.043585,0
1784329890.606439,FIXED400,TRACKING,400,22.930213,25.021816,0.017714,-0.019426,5.033377,0.000000,0.000000,5.000000,0.042487,0
1784329890.631452,FIXED400,TRACKING,400,22.830827,24.823695,0.017067,-0.019301,5.031678,0.000000,0.000000,5.000000,0.040833,0
1784329890.656425,FIXED400,TRACKING,400,22.788136,49.750958,0.017067,-0.019301,5.031678,0.000000,0.000000,5.000000,0.040833,0
1784329890.681435,FIXED400,TRACKING,400,22.805292,24.929559,0.016454,-0.019009,5.029869,0.000000,0.000000,5.000000,0.039042,0
1784329890.706451,FIXED400,TRACKING,400,22.850956,24.955979,0.015814,-0.018582,5.027925,0.000000,0.000000,5.000000,0.037083,0
1784329890.731424,FIXED400,TRACKING,400,22.725071,24.776333,0.015233,-0.018085,5.025361,0.000000,0.000000,5.000000,0.034674,0
1784329890.756428,FIXED400,TRACKING,400,22.841717,49.897525,0.015233,-0.018085,5.025361,0.000000,0.000000,5.000000,0.034674,0
1784329890.781430,FIXED400,TRACKING,400,22.721277,24.788839,0.013427,-0.017203,5.023019,0.000000,0.000000,5.000000,0.031719,0
1784329890.806447,FIXED400,TRACKING,400,22.777886,25.008179,0.010796,-0.016016,5.020825,0.000000,0.000000,5.000000,0.028403,0
1784329890.831417,FIXED400,TRACKING,400,22.863730,24.992286,0.008823,-0.015152,5.018796,0.000000,0.000000,5.000000,0.025705,0
1784329890.856439,FIXED400,TRACKING,400,22.784731,49.935439,0.008823,-0.015152,5.018796,0.000000,0.000000,5.000000,0.025705,0
1784329890.881430,FIXED400,TRACKING,400,22.776344,24.906825,0.006930,-0.014317,5.015972,0.000000,0.000000,5.000000,0.022541,0
1784329890.906423,FIXED400,TRACKING,400,22.806466,24.957518,0.003161,-0.013605,5.013847,0.000000,0.000000,5.000000,0.019668,0
1784329890.931444,FIXED400,TRACKING,400,22.763831,24.909671,-0.000435,-0.012913,5.012367,0.000000,0.000000,5.000000,0.017885,0
1784329890.956445,FIXED400,TRACKING,400,22.787223,49.933266,-0.000435,-0.012913,5.012367,0.000000,0.000000,5.000000,0.017885,0
1784329890.981451,FIXED400,TRACKING,400,22.771085,24.920879,-0.003935,-0.012188,5.011668,0.000000,0.000000,5.000000,0.017326,0
1784329891.006424,FIXED400,TRACKING,400,22.751584,24.888822,-0.008173,-0.010474,5.013214,0.000000,0.000000,5.000000,0.018738,0
1784329891.031434,FIXED400,TRACKING,400,22.763407,24.958916,-0.011386,-0.008268,5.015932,0.000000,0.000000,5.000000,0.021256,0
1784329891.056424,FIXED400,TRACKING,400,22.794248,49.978606,-0.011386,-0.008268,5.015932,0.000000,0.000000,5.000000,0.021256,0
1784329891.081440,FIXED400,TRACKING,400,22.801927,24.947349,-0.014384,-0.006176,5.017960,0.000000,0.000000,5.000000,0.023824,0
1784329891.106471,FIXED400,TRACKING,400,22.911723,25.042304,-0.017180,-0.004190,5.019704,0.000000,0.000000,5.000000,0.026476,0
1784329891.131439,FIXED400,TRACKING,400,22.884128,24.854433,-0.019207,-0.002205,5.020087,0.000000,0.000000,5.000000,0.027879,0
1784329891.156444,FIXED400,TRACKING,400,22.886644,49.860218,-0.019207,-0.002205,5.020087,0.000000,0.000000,5.000000,0.027879,0
1784329891.181470,FIXED400,TRACKING,400,22.812837,24.878500,-0.020565,-0.000322,5.019492,0.000000,0.000000,5.000000,0.028336,0
1784329891.206444,FIXED400,TRACKING,400,22.848789,24.910172,-0.022040,0.001923,5.018456,0.000000,0.000000,5.000000,0.028811,0
1784329891.231428,FIXED400,TRACKING,400,22.832034,24.900326,-0.023023,0.003610,5.017074,0.000000,0.000000,5.000000,0.028890,0
1784329891.256419,FIXED400,TRACKING,400,22.936233,49.995258,-0.023023,0.003610,5.017074,0.000000,0.000000,5.000000,0.028890,0
1784329891.281436,FIXED400,TRACKING,400,22.862749,24.881351,-0.024056,0.003328,5.014105,0.000000,0.000000,5.000000,0.028084,0
1784329891.306442,FIXED400,TRACKING,400,22.861768,24.897585,-0.025007,0.002541,5.010773,0.000000,0.000000,5.000000,0.027347,0
1784329891.331432,FIXED400,TRACKING,400,22.896095,24.962752,-0.025830,0.001916,5.007733,0.000000,0.000000,5.000000,0.027031,0
1784329891.356419,FIXED400,TRACKING,400,22.790086,49.843808,-0.025830,0.001916,5.007733,0.000000,0.000000,5.000000,0.027031,0
1784329891.381424,FIXED400,TRACKING,400,22.815209,24.959471,-0.027054,0.000558,5.004001,0.000000,0.000000,5.000000,0.027354,0
1784329891.406469,FIXED400,TRACKING,400,22.821671,24.984566,-0.029008,-0.002821,4.999738,0.000000,0.000000,5.000000,0.029146,0
1784329891.431436,FIXED400,TRACKING,400,22.770766,24.838644,-0.030663,-0.005861,4.995920,0.000000,0.000000,5.000000,0.031484,0
1784329891.456438,FIXED400,TRACKING,400,22.861189,49.931251,-0.030663,-0.005861,4.995920,0.000000,0.000000,5.000000,0.031484,0
1784329891.481435,FIXED400,TRACKING,400,22.830361,24.899471,-0.032054,-0.008718,4.992481,0.000000,0.000000,5.000000,0.034059,0
1784329891.506423,FIXED400,TRACKING,400,22.920311,25.008935,-0.032350,-0.011068,4.990323,0.000000,0.000000,5.000000,0.035534,0
1784329891.531437,FIXED400,TRACKING,400,22.919759,24.934750,-0.031415,-0.011583,4.990337,0.000000,0.000000,5.000000,0.034849,0
1784329891.556417,FIXED400,TRACKING,400,22.835327,49.829422,-0.031415,-0.011583,4.990337,0.000000,0.000000,5.000000,0.034849,0
1784329891.581435,FIXED400,TRACKING,400,22.759663,24.872183,-0.030175,-0.012245,4.990506,0.000000,0.000000,5.000000,0.033921,0
1784329891.606453,FIXED400,TRACKING,400,22.882890,25.047694,-0.028672,-0.012975,4.990948,0.000000,0.000000,5.000000,0.032747,0
1784329891.631453,FIXED400,TRACKING,400,23.554293,25.585182,-0.027772,-0.013400,4.991776,0.000000,0.000000,5.000000,0.031914,0
1784329891.656439,FIXED400,TRACKING,400,22.774314,49.786012,-0.027772,-0.013400,4.991776,0.000000,0.000000,5.000000,0.031914,0
1784329891.681426,FIXED400,TRACKING,400,22.837598,24.952756,-0.026906,-0.013751,4.992133,0.000000,0.000000,5.000000,0.031224,0
1784329891.706441,FIXED400,TRACKING,400,22.896323,24.986617,-0.025979,-0.014043,4.991994,0.000000,0.000000,5.000000,0.030598,0
1784329891.731418,FIXED400,TRACKING,400,22.759434,24.772119,-0.024921,-0.014262,4.992382,0.000000,0.000000,5.000000,0.029706,0
1784329891.756423,FIXED400,TRACKING,400,22.893117,49.911094,-0.024921,-0.014262,4.992382,0.000000,0.000000,5.000000,0.029706,0
1784329891.781456,FIXED400,TRACKING,400,22.873384,24.925811,-0.024832,-0.013518,4.992795,0.000000,0.000000,5.000000,0.029177,0
1784329891.806438,FIXED400,TRACKING,400,22.838282,24.883993,-0.024791,-0.012720,4.992936,0.000000,0.000000,5.000000,0.028745,0
1784329891.831434,FIXED400,TRACKING,400,22.909110,24.998792,-0.024550,-0.011915,4.993414,0.000000,0.000000,5.000000,0.028072,0
1784329891.856437,FIXED400,TRACKING,400,22.869731,49.963362,-0.024550,-0.011915,4.993414,0.000000,0.000000,5.000000,0.028072,0
1784329891.881447,FIXED400,TRACKING,400,22.862214,24.935155,-0.024205,-0.011150,4.994610,0.000000,0.000000,5.000000,0.027189,0
1784329891.906442,FIXED400,TRACKING,400,22.952938,24.980075,-0.023452,-0.009903,4.996099,0.000000,0.000000,5.000000,0.025754,0
1784329891.931429,FIXED400,TRACKING,400,22.894753,24.860181,-0.022462,-0.008492,4.998377,0.000000,0.000000,5.000000,0.024068,0
1784329891.956434,FIXED400,TRACKING,400,22.923287,49.893822,-0.022462,-0.008492,4.998377,0.000000,0.000000,5.000000,0.024068,0
1784329891.981437,FIXED400,TRACKING,400,22.841013,24.860115,-0.021800,-0.007740,4.999671,0.000000,0.000000,5.000000,0.023136,0
1784329892.006431,FIXED400,TRACKING,400,22.883618,24.970855,-0.021212,-0.006438,5.000697,0.000000,0.000000,5.000000,0.022179,0
1784329892.031434,FIXED400,TRACKING,400,22.735194,24.794594,-0.021372,-0.005379,5.000674,0.000000,0.000000,5.000000,0.022048,0
1784329892.056424,FIXED400,TRACKING,400,22.812082,49.862084,-0.021372,-0.005379,5.000674,0.000000,0.000000,5.000000,0.022048,0
1784329892.081446,FIXED400,TRACKING,400,22.755134,24.888211,-0.021300,-0.004388,5.000565,0.000000,0.000000,5.000000,0.021755,0
1784329892.106423,FIXED400,TRACKING,400,22.858623,24.968217,-0.020958,-0.003397,4.999952,0.000000,0.000000,5.000000,0.021232,0
1784329892.131430,FIXED400,TRACKING,400,22.936021,24.994419,-0.019629,-0.003409,4.998945,0.000000,0.000000,5.000000,0.019951,0
1784329892.156441,FIXED400,TRACKING,400,23.007422,50.074209,-0.019629,-0.003409,4.998945,0.000000,0.000000,5.000000,0.019951,0
1784329892.181426,FIXED400,TRACKING,400,22.740336,24.640325,-0.017441,-0.004320,4.998572,0.000000,0.000000,5.000000,0.018024,0
1784329892.206430,FIXED400,TRACKING,400,22.861113,25.062444,-0.014646,-0.005406,4.998610,0.000000,0.000000,5.000000,0.015673,0
1784329892.231445,FIXED400,TRACKING,400,22.847935,24.938690,-0.012405,-0.006206,4.998564,0.000000,0.000000,5.000000,0.013945,0
1784329892.256431,FIXED400,TRACKING,400,22.923654,50.001058,-0.012405,-0.006206,4.998564,0.000000,0.000000,5.000000,0.013945,0
1784329892.281436,FIXED400,TRACKING,400,22.853267,24.872186,-0.010057,-0.006287,4.998491,0.000000,0.000000,5.000000,0.011956,0
1784329892.306431,FIXED400,TRACKING,400,22.944872,25.016192,-0.007721,-0.006095,4.998189,0.000000,0.000000,5.000000,0.010002,0
1784329892.331434,FIXED400,TRACKING,400,22.941484,24.929425,-0.005470,-0.005915,4.997383,0.000000,0.000000,5.000000,0.008471,0
1784329892.356439,FIXED400,TRACKING,400,22.823712,49.817172,-0.005470,-0.005915,4.997383,0.000000,0.000000,5.000000,0.008471,0
1784329892.381433,FIXED400,TRACKING,400,22.803763,24.904640,-0.003328,-0.005755,4.996505,0.000000,0.000000,5.000000,0.007510,0
1784329892.406445,FIXED400,TRACKING,400,22.857177,25.002447,0.000158,-0.003788,5.000761,0.000000,0.000000,5.000000,0.003867,0
1784329892.431419,FIXED400,TRACKING,400,22.780974,24.821275,0.002768,-0.002355,5.004514,0.000000,0.000000,5.000000,0.005795,0
1784329892.456427,FIXED400,TRACKING,400,22.866446,49.914167,0.002768,-0.002355,5.004514,0.000000,0.000000,5.000000,0.005795,0
1784329892.481449,FIXED400,TRACKING,400,22.819322,24.910091,0.005242,-0.001036,5.008192,0.000000,0.000000,5.000000,0.009781,0
1784329892.506444,FIXED400,TRACKING,400,23.032792,25.093594,0.007591,0.000667,5.011832,0.000000,0.000000,5.000000,0.014073,0
1784329892.531441,FIXED400,TRACKING,400,22.893113,24.784195,0.010416,0.004333,5.016348,0.000000,0.000000,5.000000,0.019863,0
1784329892.556443,FIXED400,TRACKING,400,22.863641,49.756805,0.010416,0.004333,5.016348,0.000000,0.000000,5.000000,0.019863,0
1784329892.581448,FIXED400,TRACKING,400,22.766408,24.837377,0.012084,0.006388,5.018789,0.000000,0.000000,5.000000,0.023235,0
1784329892.606463,FIXED400,TRACKING,400,22.830323,24.983303,0.014939,0.009768,5.022700,0.000000,0.000000,5.000000,0.028877,0
1784329892.631443,FIXED400,TRACKING,400,22.781017,24.814112,0.016272,0.011655,5.024482,0.000000,0.000000,5.000000,0.031623,0
1784329892.656426,FIXED400,TRACKING,400,22.802987,49.816977,0.016272,0.011655,5.024482,0.000000,0.000000,5.000000,0.031623,0
1784329892.681467,FIXED400,TRACKING,400,22.756724,24.908944,0.017331,0.013216,5.026058,0.000000,0.000000,5.000000,0.033971,0
1784329892.706443,FIXED400,TRACKING,400,22.887207,24.995961,0.018357,0.014645,5.027765,0.000000,0.000000,5.000000,0.036364,0
1784329892.731447,FIXED400,TRACKING,400,22.793652,24.837602,0.019425,0.015906,5.028875,0.000000,0.000000,5.000000,0.038264,0
1784329892.756425,FIXED400,TRACKING,400,22.858570,49.881401,0.019425,0.015906,5.028875,0.000000,0.000000,5.000000,0.038264,0
1784329892.781433,FIXED400,TRACKING,400,22.825050,24.882837,0.020160,0.018627,5.029860,0.000000,0.000000,5.000000,0.040558,0
1784329892.806436,FIXED400,TRACKING,400,22.806938,24.918068,0.020997,0.022286,5.030272,0.000000,0.000000,5.000000,0.043057,0
1784329892.831432,FIXED400,TRACKING,400,22.771816,24.891771,0.021699,0.024930,5.030291,0.000000,0.000000,5.000000,0.044832,0
1784329892.856430,FIXED400,TRACKING,400,22.830254,49.947872,0.021699,0.024930,5.030291,0.000000,0.000000,5.000000,0.044832,0
1784329892.881423,FIXED400,TRACKING,400,22.798000,24.877240,0.022380,0.027377,5.030260,0.000000,0.000000,5.000000,0.046541,0
1784329892.906428,FIXED400,TRACKING,400,22.782830,24.926552,0.023097,0.031578,5.028522,0.000000,0.000000,5.000000,0.048417,0
1784329892.931446,FIXED400,TRACKING,400,22.904846,25.070247,0.023778,0.035337,5.026629,0.000000,0.000000,5.000000,0.050232,0
1784329892.956422,FIXED400,TRACKING,400,22.877030,50.017921,0.023778,0.035337,5.026629,0.000000,0.000000,5.000000,0.050232,0
1784329892.981426,FIXED400,TRACKING,400,22.837659,24.897232,0.024420,0.038677,5.024805,0.000000,0.000000,5.000000,0.052034,0
1784329893.006437,FIXED400,TRACKING,400,22.859713,24.963171,0.025021,0.042739,5.022392,0.000000,0.000000,5.000000,0.054351,0
1784329893.031423,FIXED400,TRACKING,400,23.001907,25.055428,0.025339,0.046048,5.020423,0.000000,0.000000,5.000000,0.056388,0
1784329893.056424,FIXED400,TRACKING,400,22.852149,49.906712,0.025339,0.046048,5.020423,0.000000,0.000000,5.000000,0.056388,0
1784329893.081442,FIXED400,TRACKING,400,22.873125,24.966415,0.025798,0.048940,5.018022,0.000000,0.000000,5.000000,0.058184,0
1784329893.106456,FIXED400,TRACKING,400,22.989329,24.992620,0.026309,0.051436,5.015369,0.000000,0.000000,5.000000,0.059783,0
1784329893.131448,FIXED400,TRACKING,400,22.908549,24.825177,0.026993,0.053891,5.013820,0.000000,0.000000,5.000000,0.061837,0
1784329893.156446,FIXED400,TRACKING,400,22.983354,49.897397,0.026993,0.053891,5.013820,0.000000,0.000000,5.000000,0.061837,0
1784329893.181444,FIXED400,TRACKING,400,22.868536,24.808763,0.027772,0.056279,5.013035,0.000000,0.000000,5.000000,0.064098,0
1784329893.206429,FIXED400,TRACKING,400,22.857777,24.915444,0.028560,0.058722,5.011785,0.000000,0.000000,5.000000,0.066354,0
1784329893.231435,FIXED400,TRACKING,400,22.908843,24.991905,0.029055,0.060253,5.010646,0.000000,0.000000,5.000000,0.067734,0
1784329893.256444,FIXED400,TRACKING,400,22.899669,49.992583,0.029055,0.060253,5.010646,0.000000,0.000000,5.000000,0.067734,0
1784329893.281444,FIXED400,TRACKING,400,22.816666,24.847378,0.030846,0.060628,5.009081,0.000000,0.000000,5.000000,0.068627,0
1784329893.306427,FIXED400,TRACKING,400,22.878103,24.970090,0.032795,0.060479,5.007307,0.000000,0.000000,5.000000,0.069185,0
1784329893.331434,FIXED400,TRACKING,400,22.832321,24.889875,0.034428,0.060098,5.005313,0.000000,0.000000,5.000000,0.069464,0
1784329893.356446,FIXED400,TRACKING,400,22.812836,49.883001,0.034428,0.060098,5.005313,0.000000,0.000000,5.000000,0.069464,0
1784329893.381440,FIXED400,TRACKING,400,22.882450,24.990718,0.036595,0.059221,5.004248,0.000000,0.000000,5.000000,0.069745,0
1784329893.406447,FIXED400,TRACKING,400,22.942359,24.999464,0.039701,0.058248,5.005383,0.000000,0.000000,5.000000,0.070697,0
1784329893.431445,FIXED400,TRACKING,400,22.903629,24.884966,0.042449,0.057045,5.006205,0.000000,0.000000,5.000000,0.071376,0
1784329893.456430,FIXED400,TRACKING,400,22.739708,49.705531,0.042449,0.057045,5.006205,0.000000,0.000000,5.000000,0.071376,0
1784329893.481445,FIXED400,TRACKING,400,22.810555,25.018138,0.044834,0.055625,5.006726,0.000000,0.000000,5.000000,0.071760,0
1784329893.506430,FIXED400,TRACKING,400,22.835345,24.938767,0.046718,0.053682,5.007052,0.000000,0.000000,5.000000,0.071512,0
1784329893.531429,FIXED400,TRACKING,400,22.815651,24.907015,0.048083,0.049828,5.008684,0.000000,0.000000,5.000000,0.069787,0
1784329893.556428,FIXED400,TRACKING,400,22.851084,49.941017,0.048083,0.049828,5.008684,0.000000,0.000000,5.000000,0.069787,0
1784329893.581431,FIXED400,TRACKING,400,22.893625,24.970765,0.048999,0.046717,5.009482,0.000000,0.000000,5.000000,0.068361,0
1784329893.606435,FIXED400,TRACKING,400,22.860815,24.873071,0.049766,0.043519,5.009440,0.000000,0.000000,5.000000,0.066781,0
1784329893.631451,FIXED400,TRACKING,400,22.989766,25.022664,0.051946,0.040299,5.009328,0.000000,0.000000,5.000000,0.066403,0
1784329893.656448,FIXED400,TRACKING,400,22.805876,49.833126,0.051946,0.040299,5.009328,0.000000,0.000000,5.000000,0.066403,0
1784329893.681445,FIXED400,TRACKING,400,22.900515,25.012197,0.054292,0.037014,5.008693,0.000000,0.000000,5.000000,0.066281,0
1784329893.706453,FIXED400,TRACKING,400,22.787673,24.803631,0.056262,0.033697,5.007730,0.000000,0.000000,5.000000,0.066035,0
1784329893.731447,FIXED400,TRACKING,400,22.816605,24.949486,0.057841,0.030355,5.007104,0.000000,0.000000,5.000000,0.065707,0
1784329893.756447,FIXED400,TRACKING,400,22.814777,49.945013,0.057841,0.030355,5.007104,0.000000,0.000000,5.000000,0.065707,0
1784329893.781447,FIXED400,TRACKING,400,22.803402,24.900568,0.057571,0.026633,5.007018,0.000000,0.000000,5.000000,0.063820,0
1784329893.806449,FIXED400,TRACKING,400,22.909804,25.039276,0.056373,0.021837,5.007175,0.000000,0.000000,5.000000,0.060879,0
1784329893.831448,FIXED400,TRACKING,400,22.851138,24.872663,0.055213,0.017970,5.007749,0.000000,0.000000,5.000000,0.058579,0
1784329893.856427,FIXED400,TRACKING,400,22.787983,49.787653,0.055213,0.017970,5.007749,0.000000,0.000000,5.000000,0.058579,0
1784329893.881446,FIXED400,TRACKING,400,22.814914,24.974329,0.053854,0.014069,5.007747,0.000000,0.000000,5.000000,0.056198,0
1784329893.906451,FIXED400,TRACKING,400,22.831440,24.955563,0.051249,0.012520,5.006946,0.000000,0.000000,5.000000,0.053211,0
1784329893.931451,FIXED400,TRACKING,400,22.873864,24.975268,0.048648,0.010697,5.006200,0.000000,0.000000,5.000000,0.050194,0
1784329893.956448,FIXED400,TRACKING,400,22.790630,49.887892,0.048648,0.010697,5.006200,0.000000,0.000000,5.000000,0.050194,0
1784329893.981431,FIXED400,TRACKING,400,22.813388,24.931499,0.045946,0.008631,5.006321,0.000000,0.000000,5.000000,0.047175,0
1784329894.006451,FIXED400,TRACKING,400,22.881524,25.025592,0.041530,0.006435,5.007294,0.000000,0.000000,5.000000,0.042654,0
1784329894.031430,FIXED400,TRACKING,400,22.818690,24.853504,0.036910,0.004930,5.008570,0.000000,0.000000,5.000000,0.038211,0
1784329894.056448,FIXED400,TRACKING,400,22.849717,49.899229,0.036910,0.004930,5.008570,0.000000,0.000000,5.000000,0.038211,0
1784329894.081447,FIXED400,TRACKING,400,22.909874,24.993974,0.032343,0.003278,5.009987,0.000000,0.000000,5.000000,0.034008,0
1784329894.106450,FIXED400,TRACKING,400,23.126170,25.134607,0.027795,0.001438,5.011663,0.000000,0.000000,5.000000,0.030178,0
1784329894.131431,FIXED400,TRACKING,400,23.048604,24.813353,0.022336,-0.000663,5.014704,0.000000,0.000000,5.000000,0.026750,0
1784329894.156450,FIXED400,TRACKING,400,22.912440,49.694997,0.022336,-0.000663,5.014704,0.000000,0.000000,5.000000,0.026750,0
1784329894.181431,FIXED400,TRACKING,400,22.855725,24.819621,0.016097,-0.002979,5.018643,0.000000,0.000000,5.000000,0.024810,0
1784329894.206431,FIXED400,TRACKING,400,22.843169,24.916755,0.008664,-0.005909,5.022082,0.000000,0.000000,5.000000,0.024446,0
1784329894.231494,FIXED400,TRACKING,400,22.931855,25.085757,0.003016,-0.008262,5.024209,0.000000,0.000000,5.000000,0.025757,0
1784329894.256449,FIXED400,TRACKING,400,22.890989,50.000142,0.003016,-0.008262,5.024209,0.000000,0.000000,5.000000,0.025757,0
1784329894.281449,FIXED400,TRACKING,400,22.866551,24.910706,-0.003144,-0.009574,5.026549,0.000000,0.000000,5.000000,0.028397,0
1784329894.306454,FIXED400,TRACKING,400,22.851134,24.910903,-0.009196,-0.010536,5.029394,0.000000,0.000000,5.000000,0.032551,0
1784329894.331421,FIXED400,TRACKING,400,22.791069,24.839496,-0.016272,-0.011728,5.032075,0.000000,0.000000,5.000000,0.037831,0
1784329894.356449,FIXED400,TRACKING,400,22.981472,50.057817,-0.016272,-0.011728,5.032075,0.000000,0.000000,5.000000,0.037831,0
1784329894.381447,FIXED400,TRACKING,400,22.879334,24.832345,-0.020272,-0.012429,5.032890,0.000000,0.000000,5.000000,0.040586,0
1784329894.406451,FIXED400,TRACKING,400,22.921038,24.981295,-0.027210,-0.014416,5.034729,0.000000,0.000000,5.000000,0.046414,0
1784329894.431449,FIXED400,TRACKING,400,22.903449,24.893788,-0.032395,-0.015794,5.034964,0.000000,0.000000,5.000000,0.050214,0
1784329894.456450,FIXED400,TRACKING,400,22.926077,49.916763,-0.032395,-0.015794,5.034964,0.000000,0.000000,5.000000,0.050214,0
1784329894.481450,FIXED400,TRACKING,400,22.855682,24.856360,-0.037273,-0.017102,5.034887,0.000000,0.000000,5.000000,0.053841,0
1784329894.506451,FIXED400,TRACKING,400,22.917703,24.987470,-0.042082,-0.018201,5.035498,0.000000,0.000000,5.000000,0.057985,0
1784329894.531475,FIXED400,TRACKING,400,22.910765,24.940161,-0.048417,-0.018931,5.039153,0.000000,0.000000,5.000000,0.065081,0
1784329894.556450,FIXED400,TRACKING,400,23.419941,50.420848,-0.048417,-0.018931,5.039153,0.000000,0.000000,5.000000,0.065081,0
1784329894.581452,FIXED400,TRACKING,400,23.475789,24.986417,-0.051969,-0.019308,5.040723,0.000000,0.000000,5.000000,0.068789,0
1784329894.606453,FIXED400,TRACKING,400,23.334491,24.754912,-0.057432,-0.019862,5.042521,0.000000,0.000000,5.000000,0.074168,0
1784329894.631458,FIXED400,TRACKING,400,23.540905,25.122698,-0.062119,-0.019354,5.044913,0.000000,0.000000,5.000000,0.079060,0
1784329894.656452,FIXED400,TRACKING,400,23.384904,49.961426,-0.062119,-0.019354,5.044913,0.000000,0.000000,5.000000,0.079060,0
1784329894.681446,FIXED400,TRACKING,400,22.782410,24.293583,-0.066578,-0.018545,5.046590,0.000000,0.000000,5.000000,0.083350,0
1784329894.706458,FIXED400,TRACKING,400,22.903438,25.062555,-0.070624,-0.017717,5.047144,0.000000,0.000000,5.000000,0.086742,0
1784329894.731451,FIXED400,TRACKING,400,22.850638,24.867244,-0.074228,-0.016871,5.046546,0.000000,0.000000,5.000000,0.089225,0
1784329894.756452,FIXED400,TRACKING,400,22.891875,49.908719,-0.074228,-0.016871,5.046546,0.000000,0.000000,5.000000,0.089225,0
1784329894.781451,FIXED400,TRACKING,400,22.864341,24.883479,-0.077203,-0.014792,5.045600,0.000000,0.000000,5.000000,0.090876,0
1784329894.806454,FIXED400,TRACKING,400,22.830064,24.901885,-0.080336,-0.011843,5.044925,0.000000,0.000000,5.000000,0.092803,0
1784329894.831454,FIXED400,TRACKING,400,22.885673,24.985101,-0.082495,-0.009631,5.044192,0.000000,0.000000,5.000000,0.094080,0
1784329894.856452,FIXED400,TRACKING,400,22.885871,49.980156,-0.082495,-0.009631,5.044192,0.000000,0.000000,5.000000,0.094080,0
1784329894.881452,FIXED400,TRACKING,400,22.815292,24.860194,-0.084328,-0.007521,5.043777,0.000000,0.000000,5.000000,0.095311,0
1784329894.906455,FIXED400,TRACKING,400,22.847707,24.941451,-0.084912,-0.003780,5.044141,0.000000,0.000000,5.000000,0.095774,0
1784329894.931452,FIXED400,TRACKING,400,22.841843,24.925596,-0.085184,-0.000214,5.043451,0.000000,0.000000,5.000000,0.095626,0
1784329894.956453,FIXED400,TRACKING,400,22.805976,49.890337,-0.085184,-0.000214,5.043451,0.000000,0.000000,5.000000,0.095626,0
1784329894.981456,FIXED400,TRACKING,400,22.783980,24.911900,-0.085072,0.003162,5.042991,0.000000,0.000000,5.000000,0.095370,0
1784329895.006453,FIXED400,TRACKING,400,22.745307,24.878808,-0.084111,0.007200,5.041812,0.000000,0.000000,5.000000,0.094206,0
1784329895.031441,FIXED400,TRACKING,400,22.773330,24.946743,-0.082611,0.010301,5.040887,0.000000,0.000000,5.000000,0.092749,0
1784329895.056453,FIXED400,TRACKING,400,22.712199,49.897865,-0.082611,0.010301,5.040887,0.000000,0.000000,5.000000,0.092749,0
1784329895.081453,FIXED400,TRACKING,400,22.667194,24.877624,-0.080802,0.013180,5.040105,0.000000,0.000000,5.000000,0.091165,0
1784329895.106441,FIXED400,TRACKING,400,22.877266,25.110492,-0.078673,0.015845,5.038791,0.000000,0.000000,5.000000,0.089136,0
1784329895.131457,FIXED400,TRACKING,400,22.896232,24.939017,-0.075645,0.018374,5.037711,0.000000,0.000000,5.000000,0.086498,0
1784329895.156454,FIXED400,TRACKING,400,22.827555,49.864579,-0.075645,0.018374,5.037711,0.000000,0.000000,5.000000,0.086498,0
1784329895.181460,FIXED400,TRACKING,400,22.786683,24.882700,-0.070812,0.021347,5.037327,0.000000,0.000000,5.000000,0.082845,0
1784329895.206470,FIXED400,TRACKING,400,22.866464,24.986864,-0.066727,0.023493,5.037172,0.000000,0.000000,5.000000,0.079914,0
1784329895.231453,FIXED400,TRACKING,400,22.916271,24.972011,-0.062494,0.025408,5.036492,0.000000,0.000000,5.000000,0.076699,0
1784329895.256454,FIXED400,TRACKING,400,22.776416,49.832390,-0.062494,0.025408,5.036492,0.000000,0.000000,5.000000,0.076699,0
1784329895.281449,FIXED400,TRACKING,400,22.806112,24.954251,-0.055923,0.027354,5.036291,0.000000,0.000000,5.000000,0.072060,0
1784329895.306431,FIXED400,TRACKING,400,22.839015,24.943503,-0.048762,0.029086,5.036651,0.000000,0.000000,5.000000,0.067580,0
1784329895.331453,FIXED400,TRACKING,400,22.803359,24.906960,-0.041839,0.030502,5.036967,0.000000,0.000000,5.000000,0.063620,0
1784329895.356454,FIXED400,TRACKING,400,22.713944,49.818200,-0.041839,0.030502,5.036967,0.000000,0.000000,5.000000,0.063620,0
1784329895.381463,FIXED400,TRACKING,400,22.794399,25.000532,-0.035083,0.031604,5.037428,0.000000,0.000000,5.000000,0.060253,0
1784329895.406454,FIXED400,TRACKING,400,22.918722,25.016882,-0.026765,0.034859,5.037345,0.000000,0.000000,5.000000,0.057673,0
1784329895.431454,FIXED400,TRACKING,400,22.839342,24.854651,-0.020247,0.036950,5.037022,0.000000,0.000000,5.000000,0.056088,0
1784329895.456454,FIXED400,TRACKING,400,22.851751,49.866415,-0.020247,0.036950,5.037022,0.000000,0.000000,5.000000,0.056088,0
1784329895.481451,FIXED400,TRACKING,400,22.837027,24.917755,-0.013833,0.038616,5.036676,0.000000,0.000000,5.000000,0.055025,0
1784329895.506457,FIXED400,TRACKING,400,22.817536,24.912478,-0.007471,0.039951,5.036831,0.000000,0.000000,5.000000,0.054849,0
1784329895.531436,FIXED400,TRACKING,400,22.821635,24.907336,-0.001058,0.041181,5.037815,0.000000,0.000000,5.000000,0.055919,0
1784329895.556455,FIXED400,TRACKING,400,22.744152,49.849032,-0.001058,0.041181,5.037815,0.000000,0.000000,5.000000,0.055919,0
1784329895.581461,FIXED400,TRACKING,400,22.844805,25.035921,0.005285,0.042022,5.037961,0.000000,0.000000,5.000000,0.056875,0
1784329895.606456,FIXED400,TRACKING,400,22.874224,24.918857,0.013076,0.042512,5.038242,0.000000,0.000000,5.000000,0.058657,0
1784329895.631438,FIXED400,TRACKING,400,22.883394,24.888481,0.019591,0.039925,5.040568,0.000000,0.000000,5.000000,0.060196,0
1784329895.656457,FIXED400,TRACKING,400,22.790473,49.811545,0.019591,0.039925,5.040568,0.000000,0.000000,5.000000,0.060196,0
1784329895.681458,FIXED400,TRACKING,400,22.821029,24.954350,0.025996,0.036430,5.042953,0.000000,0.000000,5.000000,0.062031,0
1784329895.706458,FIXED400,TRACKING,400,22.854731,24.949225,0.032075,0.032950,5.044513,0.000000,0.000000,5.000000,0.063999,0
1784329895.731456,FIXED400,TRACKING,400,22.833487,24.901352,0.037821,0.029502,5.045614,0.000000,0.000000,5.000000,0.066193,0
1784329895.756456,FIXED400,TRACKING,400,22.797426,49.866212,0.037821,0.029502,5.045614,0.000000,0.000000,5.000000,0.066193,0
1784329895.781457,FIXED400,TRACKING,400,22.856021,24.974328,0.042069,0.027109,5.047954,0.000000,0.000000,5.000000,0.069313,0
1784329895.806458,FIXED400,TRACKING,400,22.815081,24.895231,0.046661,0.024422,5.050183,0.000000,0.000000,5.000000,0.072746,0
1784329895.831456,FIXED400,TRACKING,400,22.811985,24.928368,0.050097,0.022287,5.051191,0.000000,0.000000,5.000000,0.075013,0
1784329895.856457,FIXED400,TRACKING,400,22.851141,49.968104,0.050097,0.022287,5.051191,0.000000,0.000000,5.000000,0.075013,0
1784329895.881460,FIXED400,TRACKING,400,22.781885,24.865270,0.053311,0.020116,5.051301,0.000000,0.000000,5.000000,0.076672,0
1784329895.906458,FIXED400,TRACKING,400,22.802650,24.950447,0.056334,0.019459,5.053716,0.000000,0.000000,5.000000,0.080234,0
1784329895.931441,FIXED400,TRACKING,400,22.838502,24.944875,0.059657,0.018482,5.055729,0.000000,0.000000,5.000000,0.083703,0
1784329895.956456,FIXED400,TRACKING,400,22.784554,49.906151,0.059657,0.018482,5.055729,0.000000,0.000000,5.000000,0.083703,0
1784329895.981456,FIXED400,TRACKING,400,22.789732,24.930071,0.061378,0.017826,5.056575,0.000000,0.000000,5.000000,0.085357,0
1784329896.006459,FIXED400,TRACKING,400,22.921094,25.065074,0.064984,0.016407,5.060164,0.000000,0.000000,5.000000,0.090066,0
1784329896.031458,FIXED400,TRACKING,400,22.902599,24.911015,0.068746,0.014894,5.064944,0.000000,0.000000,5.000000,0.095737,0
1784329896.056458,FIXED400,TRACKING,400,22.858189,49.862737,0.068746,0.014894,5.064944,0.000000,0.000000,5.000000,0.095737,0
1784329896.081456,FIXED400,TRACKING,400,22.807473,24.876810,0.071988,0.013316,5.067934,0.000000,0.000000,5.000000,0.099873,0
1784329896.106461,FIXED400,TRACKING,400,22.939934,24.992359,0.074702,0.011688,5.069438,0.000000,0.000000,5.000000,0.102657,0
1784329896.131451,FIXED400,TRACKING,400,23.082229,25.037161,0.076159,0.011427,5.070641,0.000000,0.000000,5.000000,0.104503,0
1784329896.156450,FIXED400,TRACKING,400,22.904290,49.855501,0.076159,0.011427,5.070641,0.000000,0.000000,5.000000,0.104503,0
1784329896.181458,FIXED400,TRACKING,400,22.794193,24.816029,0.076536,0.012359,5.071271,0.000000,0.000000,5.000000,0.105309,0
1784329896.206441,FIXED400,TRACKING,400,22.782083,24.905732,0.076627,0.013275,5.070239,0.000000,0.000000,5.000000,0.104792,0
1784329896.231459,FIXED400,TRACKING,400,22.772817,24.947411,0.076394,0.013814,5.067814,0.000000,0.000000,5.000000,0.103081,0
1784329896.256460,FIXED400,TRACKING,400,22.822525,50.000928,0.076394,0.013814,5.067814,0.000000,0.000000,5.000000,0.103081,0
1784329896.281458,FIXED400,TRACKING,400,22.737353,24.844986,0.073518,0.014249,5.066311,0.000000,0.000000,5.000000,0.100025,0
1784329896.306458,FIXED400,TRACKING,400,22.905368,25.108319,0.069788,0.014600,5.065416,0.000000,0.000000,5.000000,0.096762,0
1784329896.331453,FIXED400,TRACKING,400,22.802298,24.831382,0.066095,0.014769,5.064613,0.000000,0.000000,5.000000,0.093603,0
1784329896.356464,FIXED400,TRACKING,400,22.904714,49.944614,0.066095,0.014769,5.064613,0.000000,0.000000,5.000000,0.093603,0
1784329896.381459,FIXED400,TRACKING,400,22.808392,24.833385,0.062455,0.014833,5.062922,0.000000,0.000000,5.000000,0.089888,0
1784329896.406459,FIXED400,TRACKING,400,22.838313,24.962400,0.056593,0.015450,5.062322,0.000000,0.000000,5.000000,0.085589,0
1784329896.431460,FIXED400,TRACKING,400,22.831875,24.925809,0.051919,0.015735,5.061050,0.000000,0.000000,5.000000,0.081672,0
1784329896.456460,FIXED400,TRACKING,400,22.739833,49.833242,0.051919,0.015735,5.061050,0.000000,0.000000,5.000000,0.081672,0
1784329896.481459,FIXED400,TRACKING,400,22.784238,24.981173,0.047180,0.015778,5.059452,0.000000,0.000000,5.000000,0.077521,0
1784329896.506451,FIXED400,TRACKING,400,22.861161,25.002308,0.041978,0.015778,5.057343,0.000000,0.000000,5.000000,0.072797,0
1784329896.531459,FIXED400,TRACKING,400,22.828022,24.907259,0.035658,0.016029,5.054318,0.000000,0.000000,5.000000,0.066925,0
1784329896.556459,FIXED400,TRACKING,400,22.701822,49.781419,0.035658,0.016029,5.054318,0.000000,0.000000,5.000000,0.066925,0
1784329896.581465,FIXED400,TRACKING,400,22.885752,25.128070,0.029442,0.016109,5.051241,0.000000,0.000000,5.000000,0.061253,0
1784329896.606461,FIXED400,TRACKING,400,22.963411,24.962972,0.021862,0.015999,5.047139,0.000000,0.000000,5.000000,0.054369,0
1784329896.631462,FIXED400,TRACKING,400,22.836900,24.788325,0.014562,0.016066,5.044681,0.000000,0.000000,5.000000,0.049665,0
1784329896.656461,FIXED400,TRACKING,400,22.879101,49.828260,0.014562,0.016066,5.044681,0.000000,0.000000,5.000000,0.049665,0
1784329896.681462,FIXED400,TRACKING,400,23.087350,25.130192,0.007068,0.016117,5.042485,0.000000,0.000000,5.000000,0.045986,0
1784329896.706462,FIXED400,TRACKING,400,23.002620,24.797709,-0.000192,0.016053,5.040475,0.000000,0.000000,5.000000,0.043543,0
1784329896.731461,FIXED400,TRACKING,400,22.841423,24.760829,-0.007212,0.015874,5.038191,0.000000,0.000000,5.000000,0.041983,0
1784329896.756461,FIXED400,TRACKING,400,22.908309,49.828257,-0.007212,0.015874,5.038191,0.000000,0.000000,5.000000,0.041983,0
1784329896.781461,FIXED400,TRACKING,400,22.916697,24.925811,-0.015327,0.016852,5.038464,0.000000,0.000000,5.000000,0.044703,0
1784329896.806462,FIXED400,TRACKING,400,22.910793,24.929091,-0.025498,0.018251,5.040245,0.000000,0.000000,5.000000,0.051018,0
1784329896.831441,FIXED400,TRACKING,400,22.924782,24.930410,-0.033192,0.019094,5.042172,0.000000,0.000000,5.000000,0.056963,0
1784329896.856461,FIXED400,TRACKING,400,23.120659,50.150111,-0.033192,0.019094,5.042172,0.000000,0.000000,5.000000,0.056963,0
1784329896.881461,FIXED400,TRACKING,400,22.877460,24.687874,-0.040445,0.019726,5.043211,0.000000,0.000000,5.000000,0.062387,0
1784329896.906462,FIXED400,TRACKING,400,22.867737,24.921540,-0.047067,0.020592,5.041986,0.000000,0.000000,5.000000,0.066348,0
1784329896.931460,FIXED400,TRACKING,400,22.863062,24.928527,-0.053207,0.021264,5.040349,0.000000,0.000000,5.000000,0.070080,0
1784329896.956462,FIXED400,TRACKING,400,22.822650,49.885909,-0.053207,0.021264,5.040349,0.000000,0.000000,5.000000,0.070080,0
1784329896.981461,FIXED400,TRACKING,400,22.839172,24.942610,-0.058844,0.021685,5.038748,0.000000,0.000000,5.000000,0.073717,0
1784329897.006464,FIXED400,TRACKING,400,22.777505,24.874913,-0.065164,0.022107,5.035277,0.000000,0.000000,5.000000,0.077327,0
1784329897.031461,FIXED400,TRACKING,400,22.820933,24.969593,-0.069576,0.022392,5.031043,0.000000,0.000000,5.000000,0.079410,0
1784329897.056463,FIXED400,TRACKING,400,22.740288,49.889895,-0.069576,0.022392,5.031043,0.000000,0.000000,5.000000,0.079410,0
1784329897.081461,FIXED400,TRACKING,400,22.756406,24.945593,-0.073527,0.022509,5.027646,0.000000,0.000000,5.000000,0.081714,0
1784329897.106469,FIXED400,TRACKING,400,22.981552,25.126990,-0.077071,0.022454,5.024233,0.000000,0.000000,5.000000,0.083853,0
1784329897.131466,FIXED400,TRACKING,400,22.893639,24.822376,-0.080198,0.021788,5.020587,0.000000,0.000000,5.000000,0.085617,0
1784329897.156464,FIXED400,TRACKING,400,22.922034,49.845906,-0.080198,0.021788,5.020587,0.000000,0.000000,5.000000,0.085617,0
1784329897.181463,FIXED400,TRACKING,400,23.585464,25.578548,-0.082854,0.020541,5.016501,0.000000,0.000000,5.000000,0.086943,0
1784329897.206465,FIXED400,TRACKING,400,23.073477,24.422302,-0.085442,0.018846,5.011444,0.000000,0.000000,5.000000,0.088241,0
1784329897.231445,FIXED400,TRACKING,400,22.732508,24.575519,-0.086945,0.017435,5.007973,0.000000,0.000000,5.000000,0.089034,0
1784329897.256447,FIXED400,TRACKING,400,22.763092,49.607750,-0.086945,0.017435,5.007973,0.000000,0.000000,5.000000,0.089034,0
1784329897.281463,FIXED400,TRACKING,400,22.792449,24.981683,-0.087747,0.017352,5.005227,0.000000,0.000000,5.000000,0.089599,0
1784329897.306470,FIXED400,TRACKING,400,22.921430,25.053594,-0.088001,0.017543,5.003088,0.000000,0.000000,5.000000,0.089786,0
1784329897.331463,FIXED400,TRACKING,400,22.839240,24.843542,-0.087758,0.017609,5.001556,0.000000,0.000000,5.000000,0.089520,0
1784329897.356463,FIXED400,TRACKING,400,22.966643,49.971210,-0.087758,0.017609,5.001556,0.000000,0.000000,5.000000,0.089520,0
1784329897.381455,FIXED400,TRACKING,400,22.875187,24.822376,-0.087055,0.017611,5.000548,0.000000,0.000000,5.000000,0.088820,0
1784329897.406448,FIXED400,TRACKING,400,22.994703,25.051848,-0.083523,0.018368,5.001256,0.000000,0.000000,5.000000,0.085528,0
1784329897.431464,FIXED400,TRACKING,400,22.816501,24.755203,-0.080482,0.018877,5.001442,0.000000,0.000000,5.000000,0.082679,0
1784329897.456449,FIXED400,TRACKING,400,22.829224,49.753486,-0.080482,0.018877,5.001442,0.000000,0.000000,5.000000,0.082679,0
1784329897.481464,FIXED400,TRACKING,400,22.814392,24.931611,-0.077200,0.019220,5.002401,0.000000,0.000000,5.000000,0.079593,0
1784329897.506467,FIXED400,TRACKING,400,22.823842,24.939983,-0.073977,0.019418,5.004201,0.000000,0.000000,5.000000,0.076599,0
1784329897.531464,FIXED400,TRACKING,400,22.862097,24.968779,-0.071443,0.019331,5.007392,0.000000,0.000000,5.000000,0.074380,0
1784329897.556464,FIXED400,TRACKING,400,22.754580,49.861810,-0.071443,0.019331,5.007392,0.000000,0.000000,5.000000,0.074380,0
1784329897.581465,FIXED400,TRACKING,400,22.787952,24.969328,-0.068676,0.019224,5.010623,0.000000,0.000000,5.000000,0.072103,0
1784329897.606465,FIXED400,TRACKING,400,23.747041,25.851781,-0.064904,0.019023,5.013858,0.000000,0.000000,5.000000,0.069039,0
1784329897.631465,FIXED400,TRACKING,400,22.835915,23.980425,-0.061115,0.019839,5.016529,0.000000,0.000000,5.000000,0.066346,0
1784329897.656466,FIXED400,TRACKING,400,22.696566,48.840392,-0.061115,0.019839,5.016529,0.000000,0.000000,5.000000,0.066346,0
1784329897.681465,FIXED400,TRACKING,400,22.951990,25.180182,-0.056986,0.020811,5.019034,0.000000,0.000000,5.000000,0.063583,0
1784329897.706467,FIXED400,TRACKING,400,22.895427,24.871162,-0.052719,0.021574,5.021272,0.000000,0.000000,5.000000,0.060805,0
1784329897.731466,FIXED400,TRACKING,400,22.807752,24.834448,-0.048293,0.022058,5.023352,0.000000,0.000000,5.000000,0.058001,0
1784329897.756449,FIXED400,TRACKING,400,22.872059,49.880224,-0.048293,0.022058,5.023352,0.000000,0.000000,5.000000,0.058001,0
1784329897.781465,FIXED400,TRACKING,400,22.831220,24.874248,-0.041774,0.023468,5.025507,0.000000,0.000000,5.000000,0.054281,0
1784329897.806466,FIXED400,TRACKING,400,22.916904,25.020850,-0.033003,0.025370,5.027849,0.000000,0.000000,5.000000,0.050084,0
1784329897.831464,FIXED400,TRACKING,400,22.864983,24.882584,-0.026120,0.026568,5.028776,0.000000,0.000000,5.000000,0.047076,0
1784329897.856465,FIXED400,TRACKING,400,22.821851,49.837228,-0.026120,0.026568,5.028776,0.000000,0.000000,5.000000,0.047076,0
1784329897.881466,FIXED400,TRACKING,400,22.820784,24.932270,-0.019387,0.027415,5.028732,0.000000,0.000000,5.000000,0.044193,0
1784329897.906468,FIXED400,TRACKING,400,22.829238,24.925745,-0.011448,0.028090,5.030373,0.000000,0.000000,5.000000,0.042925,0
1784329897.931465,FIXED400,TRACKING,400,22.764434,24.865209,-0.003757,0.028535,5.031795,0.000000,0.000000,5.000000,0.042886,0
1784329897.956466,FIXED400,TRACKING,400,22.723847,49.824811,-0.003757,0.028535,5.031795,0.000000,0.000000,5.000000,0.042886,0
1784329897.981466,FIXED400,TRACKING,400,22.793228,25.005271,0.003657,0.028810,5.033240,0.000000,0.000000,5.000000,0.044140,0
1784329898.006468,FIXED400,TRACKING,400,22.897524,25.039451,0.012284,0.028206,5.032899,0.000000,0.000000,5.000000,0.045043,0
1784329898.031467,FIXED400,TRACKING,400,22.833342,24.866209,0.018631,0.026702,5.030890,0.000000,0.000000,5.000000,0.044881,0
1784329898.056467,FIXED400,TRACKING,400,22.828481,49.858374,0.018631,0.026702,5.030890,0.000000,0.000000,5.000000,0.044881,0
1784329898.081466,FIXED400,TRACKING,400,22.902842,25.003953,0.024734,0.025078,5.029048,0.000000,0.000000,5.000000,0.045656,0
1784329898.106469,FIXED400,TRACKING,400,22.877079,24.881759,0.030636,0.023351,5.027506,0.000000,0.000000,5.000000,0.047334,0
1784329898.131469,FIXED400,TRACKING,400,23.376607,25.408243,0.037021,0.020767,5.024715,0.000000,0.000000,5.000000,0.049119,0
1784329898.156467,FIXED400,TRACKING,400,22.856211,49.882882,0.037021,0.020767,5.024715,0.000000,0.000000,5.000000,0.049119,0
1784329898.181471,FIXED400,TRACKING,400,22.780179,24.843418,0.043780,0.017384,5.021182,0.000000,0.000000,5.000000,0.051648,0
1784329898.206467,FIXED400,TRACKING,400,22.957299,25.107715,0.051728,0.013194,5.016967,0.000000,0.000000,5.000000,0.056015,0
1784329898.231467,FIXED400,TRACKING,400,22.848584,24.830066,0.057754,0.010050,5.013878,0.000000,0.000000,5.000000,0.060242,0
1784329898.256467,FIXED400,TRACKING,400,22.871267,49.854315,0.057754,0.010050,5.013878,0.000000,0.000000,5.000000,0.060242,0
1784329898.281464,FIXED400,TRACKING,400,22.817152,24.871994,0.062576,0.005405,5.013634,0.000000,0.000000,5.000000,0.064272,0
1784329898.306447,FIXED400,TRACKING,400,22.855476,24.953235,0.066879,0.000495,5.013512,0.000000,0.000000,5.000000,0.068232,0
1784329898.331468,FIXED400,TRACKING,400,22.791264,24.897557,0.070928,-0.004125,5.012712,0.000000,0.000000,5.000000,0.072176,0
1784329898.356472,FIXED400,TRACKING,400,22.770100,49.880662,0.070928,-0.004125,5.012712,0.000000,0.000000,5.000000,0.072176,0
1784329898.381467,FIXED400,TRACKING,400,22.815175,24.972080,0.075008,-0.009120,5.012761,0.000000,0.000000,5.000000,0.076631,0
1784329898.406469,FIXED400,TRACKING,400,23.332811,25.453517,0.076332,-0.011444,5.013307,0.000000,0.000000,5.000000,0.078324,0
1784329898.431469,FIXED400,TRACKING,400,23.199470,24.793313,0.077388,-0.013742,5.013887,0.000000,0.000000,5.000000,0.079816,0
1784329898.456468,FIXED400,TRACKING,400,22.813024,49.403861,0.077388,-0.013742,5.013887,0.000000,0.000000,5.000000,0.079816,0
1784329898.481469,FIXED400,TRACKING,400,22.856505,24.975091,0.078119,-0.016002,5.014949,0.000000,0.000000,5.000000,0.081130,0
1784329898.506469,FIXED400,TRACKING,400,22.820488,24.874595,0.078279,-0.018215,5.017023,0.000000,0.000000,5.000000,0.082154,0
1784329898.531471,FIXED400,TRACKING,400,22.827374,24.937352,0.077361,-0.020519,5.020506,0.000000,0.000000,5.000000,0.082621,0
1784329898.556473,FIXED400,TRACKING,400,22.856567,49.967358,0.077361,-0.020519,5.020506,0.000000,0.000000,5.000000,0.082621,0
1784329898.581468,FIXED400,TRACKING,400,22.886763,24.951959,0.076266,-0.022728,5.022781,0.000000,0.000000,5.000000,0.082777,0
1784329898.606466,FIXED400,TRACKING,400,23.121570,25.140317,0.074572,-0.025481,5.024367,0.000000,0.000000,5.000000,0.082487,0
1784329898.631475,FIXED400,TRACKING,400,22.865789,24.659300,0.071758,-0.026896,5.024072,0.000000,0.000000,5.000000,0.080325,0
1784329898.656471,FIXED400,TRACKING,400,22.835723,49.620992,0.071758,-0.026896,5.024072,0.000000,0.000000,5.000000,0.080325,0
1784329898.681469,FIXED400,TRACKING,400,22.911643,24.993291,0.068323,-0.028069,5.023168,0.000000,0.000000,5.000000,0.077412,0
1784329898.706475,FIXED400,TRACKING,400,22.873233,24.896697,0.064721,-0.029221,5.021953,0.000000,0.000000,5.000000,0.074327,0
1784329898.731469,FIXED400,TRACKING,400,22.895719,24.951490,0.061021,-0.030281,5.020189,0.000000,0.000000,5.000000,0.071050,0
1784329898.756470,FIXED400,TRACKING,400,22.906785,49.963423,0.061021,-0.030281,5.020189,0.000000,0.000000,5.000000,0.071050,0
1784329898.781468,FIXED400,TRACKING,400,22.964808,24.970703,0.058223,-0.031364,5.017160,0.000000,0.000000,5.000000,0.068323,0
1784329898.806480,FIXED400,TRACKING,400,22.961585,24.942316,0.054876,-0.032600,5.013265,0.000000,0.000000,5.000000,0.065193,0
1784329898.831470,FIXED400,TRACKING,400,23.191482,25.127843,0.051960,-0.033404,5.010808,0.000000,0.000000,5.000000,0.062709,0
1784329898.856470,FIXED400,TRACKING,400,22.840991,49.776966,0.051960,-0.033404,5.010808,0.000000,0.000000,5.000000,0.062709,0
1784329898.881470,FIXED400,TRACKING,400,22.749808,24.839070,0.048875,-0.034039,5.008218,0.000000,0.000000,5.000000,0.060124,0
1784329898.906474,FIXED400,TRACKING,400,22.861582,25.050154,0.044919,-0.033698,5.007110,0.000000,0.000000,5.000000,0.056603,0
1784329898.931472,FIXED400,TRACKING,400,23.213162,25.283748,0.040967,-0.033345,5.006239,0.000000,0.000000,5.000000,0.053189,0
1784329898.956470,FIXED400,TRACKING,400,22.751516,49.816677,0.040967,-0.033345,5.006239,0.000000,0.000000,5.000000,0.053189,0
1784329898.981471,FIXED400,TRACKING,400,22.780399,24.965309,0.037021,-0.032901,5.005427,0.000000,0.000000,5.000000,0.049825,0
1784329899.006470,FIXED400,TRACKING,400,23.545665,25.700410,0.031000,-0.032349,5.007306,0.000000,0.000000,5.000000,0.045396,0
1784329899.031470,FIXED400,TRACKING,400,22.755168,24.137243,0.025056,-0.032026,5.010598,0.000000,0.000000,5.000000,0.042022,0
1784329899.056476,FIXED400,TRACKING,400,23.151047,49.539556,0.025056,-0.032026,5.010598,0.000000,0.000000,5.000000,0.042022,0
1784329899.081471,FIXED400,TRACKING,400,22.815679,24.592458,0.019265,-0.031622,5.012298,0.000000,0.000000,5.000000,0.039017,0
1784329899.106472,FIXED400,TRACKING,400,22.899457,24.966372,0.013608,-0.031174,5.013449,0.000000,0.000000,5.000000,0.036577,0
1784329899.131475,FIXED400,TRACKING,400,22.909491,24.920586,0.007190,-0.030143,5.016403,0.000000,0.000000,5.000000,0.035062,0
1784329899.156472,FIXED400,TRACKING,400,22.715720,49.720683,0.007190,-0.030143,5.016403,0.000000,0.000000,5.000000,0.035062,0
1784329899.181469,FIXED400,TRACKING,400,22.699623,24.894675,0.003573,-0.029358,5.018395,0.000000,0.000000,5.000000,0.034829,0
1784329899.206471,FIXED400,TRACKING,400,22.751512,24.988212,-0.002407,-0.028121,5.021503,0.000000,0.000000,5.000000,0.035482,0
1784329899.231472,FIXED400,TRACKING,400,22.797436,24.986747,-0.007107,-0.027235,5.023355,0.000000,0.000000,5.000000,0.036575,0
1784329899.256472,FIXED400,TRACKING,400,22.789247,49.978426,-0.007107,-0.027235,5.023355,0.000000,0.000000,5.000000,0.036575,0
1784329899.281472,FIXED400,TRACKING,400,22.758913,24.900156,-0.012296,-0.025285,5.025190,0.000000,0.000000,5.000000,0.037750,0
1784329899.306478,FIXED400,TRACKING,400,22.820386,24.999115,-0.018669,-0.022641,5.026202,0.000000,0.000000,5.000000,0.039341,0
1784329899.331474,FIXED400,TRACKING,400,22.825048,24.931885,-0.022288,-0.021187,5.026804,0.000000,0.000000,5.000000,0.040794,0
1784329899.356473,FIXED400,TRACKING,400,22.770742,49.873075,-0.022288,-0.021187,5.026804,0.000000,0.000000,5.000000,0.040794,0
1784329899.381469,FIXED400,TRACKING,400,22.828420,24.984840,-0.026921,-0.019358,5.027344,0.000000,0.000000,5.000000,0.042979,0
1784329899.406477,FIXED400,TRACKING,400,22.798696,24.902569,-0.032810,-0.016972,5.026969,0.000000,0.000000,5.000000,0.045737,0
1784329899.431476,FIXED400,TRACKING,400,22.868573,24.996643,-0.037250,-0.015000,5.026383,0.000000,0.000000,5.000000,0.048048,0
1784329899.456473,FIXED400,TRACKING,400,22.758312,49.879729,-0.037250,-0.015000,5.026383,0.000000,0.000000,5.000000,0.048048,0
1784329899.481480,FIXED400,TRACKING,400,22.798652,24.984334,-0.041483,-0.012992,5.025831,0.000000,0.000000,5.000000,0.050565,0
1784329899.506473,FIXED400,TRACKING,400,22.809364,24.923766,-0.045475,-0.010254,5.024988,0.000000,0.000000,5.000000,0.052891,0
1784329899.531475,FIXED400,TRACKING,400,22.790155,24.907230,-0.049125,-0.005338,5.024961,0.000000,0.000000,5.000000,0.055361,0
1784329899.556473,FIXED400,TRACKING,400,22.809760,49.923020,-0.049125,-0.005338,5.024961,0.000000,0.000000,5.000000,0.055361,0
1784329899.581481,FIXED400,TRACKING,400,22.870803,24.997937,-0.052552,-0.000578,5.024395,0.000000,0.000000,5.000000,0.057941,0
1784329899.606467,FIXED400,TRACKING,400,22.883824,24.888191,-0.056497,0.005168,5.022885,0.000000,0.000000,5.000000,0.061175,0
1784329899.631480,FIXED400,TRACKING,400,22.867140,24.921642,-0.059860,0.009370,5.022981,0.000000,0.000000,5.000000,0.064801,0
1784329899.656476,FIXED400,TRACKING,400,22.789218,49.836714,-0.059860,0.009370,5.022981,0.000000,0.000000,5.000000,0.064801,0
1784329899.681474,FIXED400,TRACKING,400,22.857331,24.984176,-0.063033,0.013318,5.023777,0.000000,0.000000,5.000000,0.068672,0
1784329899.706475,FIXED400,TRACKING,400,22.747643,24.806391,-0.065843,0.017159,5.024688,0.000000,0.000000,5.000000,0.072382,0
1784329899.731477,FIXED400,TRACKING,400,22.915229,25.082697,-0.068373,0.020920,5.024909,0.000000,0.000000,5.000000,0.075716,0
1784329899.756474,FIXED400,TRACKING,400,22.769635,49.931834,-0.068373,0.020920,5.024909,0.000000,0.000000,5.000000,0.075716,0
1784329899.781474,FIXED400,TRACKING,400,22.783424,24.934807,-0.068580,0.024781,5.024246,0.000000,0.000000,5.000000,0.076845,0
1784329899.806476,FIXED400,TRACKING,400,22.745855,24.897001,-0.067716,0.029588,5.022423,0.000000,0.000000,5.000000,0.077225,0
1784329899.831478,FIXED400,TRACKING,400,22.772933,24.966382,-0.066793,0.033253,5.021599,0.000000,0.000000,5.000000,0.077676,0
1784329899.856475,FIXED400,TRACKING,400,22.748619,49.936351,-0.066793,0.033253,5.021599,0.000000,0.000000,5.000000,0.077676,0
1784329899.881508,FIXED400,TRACKING,400,22.792356,25.007247,-0.065675,0.036677,5.021213,0.000000,0.000000,5.000000,0.078156,0
1784329899.906479,FIXED400,TRACKING,400,22.784827,24.901176,-0.062987,0.039703,5.022141,0.000000,0.000000,5.000000,0.077678,0
1784329899.931479,FIXED400,TRACKING,400,22.856816,24.999171,-0.059485,0.043163,5.021836,0.000000,0.000000,5.000000,0.076670,0
1784329899.956476,FIXED400,TRACKING,400,22.835636,49.972726,-0.059485,0.043163,5.021836,0.000000,0.000000,5.000000,0.076670,0
1784329899.981478,FIXED400,TRACKING,400,22.745074,24.847885,-0.057271,0.045036,5.021288,0.000000,0.000000,5.000000,0.075904,0
1784329900.006477,FIXED400,TRACKING,400,22.741626,24.931686,-0.052648,0.046614,5.020964,0.000000,0.000000,5.000000,0.073377,0
1784329900.031477,FIXED400,TRACKING,400,22.740347,24.934028,-0.047924,0.046309,5.021463,0.000000,0.000000,5.000000,0.070014,0
1784329900.056476,FIXED400,TRACKING,400,22.818177,50.008066,-0.047924,0.046309,5.021463,0.000000,0.000000,5.000000,0.070014,0
1784329900.081473,FIXED400,TRACKING,400,22.847915,24.958851,-0.043157,0.045925,5.022107,0.000000,0.000000,5.000000,0.066785,0
1784329900.106478,FIXED400,TRACKING,400,22.876041,24.926514,-0.038398,0.045449,5.022563,0.000000,0.000000,5.000000,0.063632,0
1784329900.131479,FIXED400,TRACKING,400,22.886929,24.920090,-0.033348,0.045499,5.022876,0.000000,0.000000,5.000000,0.060874,0
1784329900.156478,FIXED400,TRACKING,400,22.741131,49.772142,-0.033348,0.045499,5.022876,0.000000,0.000000,5.000000,0.060874,0
1784329900.181476,FIXED400,TRACKING,400,22.773766,24.944692,-0.028004,0.045979,5.022796,0.000000,0.000000,5.000000,0.058464,0
1784329900.206483,FIXED400,TRACKING,400,22.803700,24.960122,-0.021445,0.046216,5.022614,0.000000,0.000000,5.000000,0.055742,0
1784329900.231475,FIXED400,TRACKING,400,22.790045,24.911283,-0.016361,0.046193,5.022301,0.000000,0.000000,5.000000,0.053840,0
1784329900.256477,FIXED400,TRACKING,400,22.833434,49.957387,-0.016361,0.046193,5.022301,0.000000,0.000000,5.000000,0.053840,0
1784329900.281476,FIXED400,TRACKING,400,22.820432,24.923634,-0.011619,0.044762,5.020858,0.000000,0.000000,5.000000,0.050732,0
1784329900.306482,FIXED400,TRACKING,400,23.574743,25.674520,-0.006964,0.042980,5.019643,0.000000,0.000000,5.000000,0.047767,0
1784329900.331478,FIXED400,TRACKING,400,22.756522,24.090750,-0.002248,0.041179,5.018647,0.000000,0.000000,5.000000,0.045260,0
1784329900.356482,FIXED400,TRACKING,400,22.717088,49.053652,-0.002248,0.041179,5.018647,0.000000,0.000000,5.000000,0.045260,0
1784329900.381477,FIXED400,TRACKING,400,22.737740,24.950433,0.002510,0.039369,5.017309,0.000000,0.000000,5.000000,0.043079,0
1784329900.406482,FIXED400,TRACKING,400,23.640627,25.848289,0.008628,0.036959,5.017988,0.000000,0.000000,5.000000,0.042000,0
1784329900.431483,FIXED400,TRACKING,400,23.315615,24.534534,0.013452,0.034755,5.018279,0.000000,0.000000,5.000000,0.041509,0
1784329900.456479,FIXED400,TRACKING,400,23.100355,49.313423,0.013452,0.034755,5.018279,0.000000,0.000000,5.000000,0.041509,0
1784329900.481477,FIXED400,TRACKING,400,22.981307,24.803354,0.018239,0.032478,5.018164,0.000000,0.000000,5.000000,0.041442,0
1784329900.506478,FIXED400,TRACKING,400,22.984855,24.935454,0.023205,0.030651,5.017726,0.000000,0.000000,5.000000,0.042334,0
1784329900.531478,FIXED400,TRACKING,400,22.914956,24.855147,0.028700,0.030177,5.017133,0.000000,0.000000,5.000000,0.045032,0
1784329900.556478,FIXED400,TRACKING,400,22.870067,49.809820,0.028700,0.030177,5.017133,0.000000,0.000000,5.000000,0.045032,0
1784329900.581481,FIXED400,TRACKING,400,22.976532,25.038974,0.035291,0.029421,5.015424,0.000000,0.000000,5.000000,0.048465,0
1784329900.606480,FIXED400,TRACKING,400,22.947599,24.871368,0.040248,0.028707,5.013956,0.000000,0.000000,5.000000,0.051369,0
1784329900.631481,FIXED400,TRACKING,400,23.495551,25.451275,0.044744,0.026497,5.014364,0.000000,0.000000,5.000000,0.053949,0
1784329900.656478,FIXED400,TRACKING,400,22.773976,49.725005,0.044744,0.026497,5.014364,0.000000,0.000000,5.000000,0.053949,0
1784329900.681478,FIXED400,TRACKING,400,22.713954,24.849282,0.048856,0.023816,5.016084,0.000000,0.000000,5.000000,0.056682,0
1784329900.706485,FIXED400,TRACKING,400,22.918129,25.123355,0.052693,0.021213,5.017591,0.000000,0.000000,5.000000,0.059465,0
1784329900.731480,FIXED400,TRACKING,400,23.119282,25.116009,0.056184,0.018810,5.018995,0.000000,0.000000,5.000000,0.062219,0
1784329900.756479,FIXED400,TRACKING,400,22.797472,49.790703,0.056184,0.018810,5.018995,0.000000,0.000000,5.000000,0.062219,0
1784329900.781478,FIXED400,TRACKING,400,23.475196,25.601427,0.061001,0.016961,5.020190,0.000000,0.000000,5.000000,0.066456,0
1784329900.806480,FIXED400,TRACKING,400,23.453059,24.899178,0.067048,0.014929,5.021232,0.000000,0.000000,5.000000,0.071896,0
1784329900.831479,FIXED400,TRACKING,400,23.463879,24.940037,0.071341,0.013391,5.022472,0.000000,0.000000,5.000000,0.075986,0
1784329900.856479,FIXED400,TRACKING,400,23.101046,49.577583,0.071341,0.013391,5.022472,0.000000,0.000000,5.000000,0.075986,0
1784329900.881481,FIXED400,TRACKING,400,22.891991,24.725801,0.075172,0.011892,5.023696,0.000000,0.000000,5.000000,0.079710,0
1784329900.906482,FIXED400,TRACKING,400,22.899382,24.918965,0.077011,0.012854,5.024670,0.000000,0.000000,5.000000,0.081881,0
1784329900.931479,FIXED400,TRACKING,400,23.393887,25.415225,0.078570,0.013574,5.024969,0.000000,0.000000,5.000000,0.083552,0
1784329900.956480,FIXED400,TRACKING,400,22.841944,49.863343,0.078570,0.013574,5.024969,0.000000,0.000000,5.000000,0.083552,0
1784329900.981480,FIXED400,TRACKING,400,22.774667,24.869430,0.079824,0.014069,5.024808,0.000000,0.000000,5.000000,0.084766,0
1784329901.006480,FIXED400,TRACKING,400,22.890218,25.056367,0.082042,0.013915,5.024745,0.000000,0.000000,5.000000,0.086815,0
1784329901.031480,FIXED400,TRACKING,400,22.987669,25.026536,0.084696,0.013050,5.024415,0.000000,0.000000,5.000000,0.089106,0
1784329901.056480,FIXED400,TRACKING,400,22.955043,49.994867,0.084696,0.013050,5.024415,0.000000,0.000000,5.000000,0.089106,0
1784329901.081481,FIXED400,TRACKING,400,22.869932,24.847737,0.086964,0.012036,5.023766,0.000000,0.000000,5.000000,0.090953,0
1784329901.106484,FIXED400,TRACKING,400,22.784869,24.828091,0.088864,0.010859,5.022830,0.000000,0.000000,5.000000,0.092391,0
1784329901.131485,FIXED400,TRACKING,400,22.924133,25.030710,0.091871,0.010187,5.022654,0.000000,0.000000,5.000000,0.095169,0
1784329901.156485,FIXED400,TRACKING,400,22.837264,49.941465,0.091871,0.010187,5.022654,0.000000,0.000000,5.000000,0.095169,0
1784329901.181480,FIXED400,TRACKING,400,22.907933,24.988505,0.095794,0.009949,5.023101,0.000000,0.000000,5.000000,0.099042,0
1784329901.206485,FIXED400,TRACKING,400,22.934048,24.968989,0.099809,0.009389,5.023930,0.000000,0.000000,5.000000,0.103066,0
1784329901.231482,FIXED400,TRACKING,400,22.965649,24.961313,0.102338,0.008771,5.024263,0.000000,0.000000,5.000000,0.105540,0
1784329901.256486,FIXED400,TRACKING,400,22.878343,49.874985,0.102338,0.008771,5.024263,0.000000,0.000000,5.000000,0.105540,0
1784329901.281477,FIXED400,TRACKING,400,22.812705,24.860731,0.104241,0.009296,5.023047,0.000000,0.000000,5.000000,0.107162,0
1784329901.306481,FIXED400,TRACKING,400,22.866977,24.994098,0.105900,0.010204,5.020192,0.000000,0.000000,5.000000,0.108290,0
1784329901.331482,FIXED400,TRACKING,400,22.927990,24.999943,0.106551,0.010642,5.018139,0.000000,0.000000,5.000000,0.108607,0
1784329901.356482,FIXED400,TRACKING,400,22.879229,49.951302,0.106551,0.010642,5.018139,0.000000,0.000000,5.000000,0.108607,0
1784329901.381480,FIXED400,TRACKING,400,22.867035,24.922374,0.107010,0.011129,5.015533,0.000000,0.000000,5.000000,0.108702,0
1784329901.406485,FIXED400,TRACKING,400,22.947688,25.022288,0.108303,0.014358,5.013649,0.000000,0.000000,5.000000,0.110100,0
1784329901.431483,FIXED400,TRACKING,400,22.907799,24.885337,0.108758,0.016641,5.011874,0.000000,0.000000,5.000000,0.110663,0
1784329901.456482,FIXED400,TRACKING,400,22.894870,49.870786,0.108758,0.016641,5.011874,0.000000,0.000000,5.000000,0.110663,0
1784329901.481483,FIXED400,TRACKING,400,22.972707,25.015531,0.108693,0.018599,5.010935,0.000000,0.000000,5.000000,0.110813,0
1784329901.506485,FIXED400,TRACKING,400,22.941738,24.883132,0.108172,0.020296,5.011530,0.000000,0.000000,5.000000,0.110662,0
1784329901.531484,FIXED400,TRACKING,400,22.766661,24.755014,0.107270,0.021875,5.013345,0.000000,0.000000,5.000000,0.110288,0
1784329901.556483,FIXED400,TRACKING,400,22.872248,49.858686,0.107270,0.021875,5.013345,0.000000,0.000000,5.000000,0.110288,0
1784329901.581482,FIXED400,TRACKING,400,22.852046,24.910984,0.105881,0.023265,5.014294,0.000000,0.000000,5.000000,0.109346,0
1784329901.606483,FIXED400,TRACKING,400,22.834754,24.897668,0.103405,0.024757,5.016398,0.000000,0.000000,5.000000,0.107584,0
1784329901.631487,FIXED400,TRACKING,400,23.119770,25.213264,0.099103,0.023013,5.019193,0.000000,0.000000,5.000000,0.103534,0
1784329901.656485,FIXED400,TRACKING,400,23.175276,50.263078,0.099103,0.023013,5.019193,0.000000,0.000000,5.000000,0.103534,0
1784329901.681484,FIXED400,TRACKING,400,22.873379,24.616141,0.093917,0.020445,5.022114,0.000000,0.000000,5.000000,0.098627,0
1784329901.706484,FIXED400,TRACKING,400,22.837526,24.896844,0.088486,0.017987,5.025388,0.000000,0.000000,5.000000,0.093797,0
1784329901.731484,FIXED400,TRACKING,400,22.944880,25.041449,0.082880,0.015653,5.028229,0.000000,0.000000,5.000000,0.088944,0
1784329901.756484,FIXED400,TRACKING,400,22.838808,49.932261,0.082880,0.015653,5.028229,0.000000,0.000000,5.000000,0.088944,0
1784329901.781487,FIXED400,TRACKING,400,22.842960,24.927242,0.076351,0.013756,5.030399,0.000000,0.000000,5.000000,0.083324,0
1784329901.806486,FIXED400,TRACKING,400,22.869804,24.963200,0.067892,0.011587,5.031409,0.000000,0.000000,5.000000,0.075697,0
1784329901.831483,FIXED400,TRACKING,400,22.797777,24.863381,0.061120,0.009942,5.031599,0.000000,0.000000,5.000000,0.069519,0
1784329901.856485,FIXED400,TRACKING,400,22.819157,49.885922,0.061120,0.009942,5.031599,0.000000,0.000000,5.000000,0.069519,0
1784329901.881490,FIXED400,TRACKING,400,22.795653,24.920492,0.054346,0.008378,5.031648,0.000000,0.000000,5.000000,0.063445,0
1784329901.906486,FIXED400,TRACKING,400,22.830329,24.947418,0.047992,0.006924,5.032775,0.000000,0.000000,5.000000,0.058527,0
1784329901.931484,FIXED400,TRACKING,400,22.875789,24.981633,0.041629,0.005570,5.033456,0.000000,0.000000,5.000000,0.053697,0
1784329901.956486,FIXED400,TRACKING,400,22.896410,50.004058,0.041629,0.005570,5.033456,0.000000,0.000000,5.000000,0.053697,0
1784329901.981484,FIXED400,TRACKING,400,22.872535,24.902516,0.035324,0.004294,5.033096,0.000000,0.000000,5.000000,0.048596,0
1784329902.006487,FIXED400,TRACKING,400,22.904345,24.964911,0.027783,0.002329,5.031332,0.000000,0.000000,5.000000,0.041941,0
1784329902.031487,FIXED400,TRACKING,400,22.818838,24.851319,0.022117,0.000282,5.029891,0.000000,0.000000,5.000000,0.037184,0
1784329902.056486,FIXED400,TRACKING,400,22.937709,49.965673,0.022117,0.000282,5.029891,0.000000,0.000000,5.000000,0.037184,0
1784329902.081485,FIXED400,TRACKING,400,23.018916,25.014991,0.016552,-0.001724,5.028593,0.000000,0.000000,5.000000,0.033083,0
1784329902.106487,FIXED400,TRACKING,400,22.984114,24.849110,0.011132,-0.003683,5.027427,0.000000,0.000000,5.000000,0.029828,0
1784329902.131488,FIXED400,TRACKING,400,23.066808,24.997995,0.006207,-0.007045,5.027184,0.000000,0.000000,5.000000,0.028760,0
1784329902.156487,FIXED400,TRACKING,400,22.849115,49.776472,0.006207,-0.007045,5.027184,0.000000,0.000000,5.000000,0.028760,0
1784329902.181490,FIXED400,TRACKING,400,22.742610,24.811797,0.001747,-0.011625,5.027658,0.000000,0.000000,5.000000,0.030052,0
1784329902.206488,FIXED400,TRACKING,400,22.931577,25.121099,-0.003623,-0.016909,5.028183,0.000000,0.000000,5.000000,0.033066,0
1784329902.231486,FIXED400,TRACKING,400,22.929697,24.934246,-0.007780,-0.020792,5.027919,0.000000,0.000000,5.000000,0.035669,0
1784329902.256487,FIXED400,TRACKING,400,22.883312,49.888624,-0.007780,-0.020792,5.027919,0.000000,0.000000,5.000000,0.035669,0
1784329902.281486,FIXED400,TRACKING,400,22.838853,24.892064,-0.011238,-0.025044,5.028061,0.000000,0.000000,5.000000,0.039254,0
1784329902.306490,FIXED400,TRACKING,400,22.901211,25.004631,-0.015192,-0.030226,5.027698,0.000000,0.000000,5.000000,0.043721,0
1784329902.331487,FIXED400,TRACKING,400,22.819488,24.851878,-0.017485,-0.033111,5.028117,0.000000,0.000000,5.000000,0.046825,0
1784329902.356486,FIXED400,TRACKING,400,22.877038,49.904275,-0.017485,-0.033111,5.028117,0.000000,0.000000,5.000000,0.046825,0
1784329902.381487,FIXED400,TRACKING,400,22.795594,24.857256,-0.020493,-0.036684,5.028782,0.000000,0.000000,5.000000,0.050933,0
1784329902.406489,FIXED400,TRACKING,400,22.952672,25.095387,-0.022886,-0.040382,5.028736,0.000000,0.000000,5.000000,0.054591,0
1784329902.431488,FIXED400,TRACKING,400,22.920819,24.890810,-0.024790,-0.043032,5.028546,0.000000,0.000000,5.000000,0.057282,0
1784329902.456487,FIXED400,TRACKING,400,22.872887,49.841585,-0.024790,-0.043032,5.028546,0.000000,0.000000,5.000000,0.057282,0
1784329902.481487,FIXED400,TRACKING,400,22.820602,24.883903,-0.026626,-0.045458,5.027941,0.000000,0.000000,5.000000,0.059633,0
1784329902.506493,FIXED400,TRACKING,400,22.774786,24.894108,-0.028231,-0.047274,5.026993,0.000000,0.000000,5.000000,0.061323,0
1784329902.531487,FIXED400,TRACKING,400,23.272867,25.416745,-0.029518,-0.047831,5.026080,0.000000,0.000000,5.000000,0.061962,0
1784329902.556487,FIXED400,TRACKING,400,22.725901,49.869213,-0.029518,-0.047831,5.026080,0.000000,0.000000,5.000000,0.061962,0
1784329902.581487,FIXED400,TRACKING,400,22.844436,25.054824,-0.030703,-0.048202,5.025251,0.000000,0.000000,5.000000,0.062480,0
1784329902.606491,FIXED400,TRACKING,400,22.915272,24.983993,-0.032026,-0.048383,5.023679,0.000000,0.000000,5.000000,0.062668,0
1784329902.631495,FIXED400,TRACKING,400,23.030377,25.038109,-0.032546,-0.048855,5.024035,0.000000,0.000000,5.000000,0.063433,0
1784329902.656489,FIXED400,TRACKING,400,22.794046,49.793957,-0.032546,-0.048855,5.024035,0.000000,0.000000,5.000000,0.063433,0
1784329902.681488,FIXED400,TRACKING,400,22.859452,24.984958,-0.032852,-0.049191,5.024325,0.000000,0.000000,5.000000,0.063959,0
1784329902.706495,FIXED400,TRACKING,400,22.827827,24.892895,-0.033081,-0.049260,5.024230,0.000000,0.000000,5.000000,0.064093,0
1784329902.731488,FIXED400,TRACKING,400,22.768283,24.867722,-0.033236,-0.049021,5.024469,0.000000,0.000000,5.000000,0.064081,0
1784329902.756489,FIXED400,TRACKING,400,23.447684,50.548393,-0.033236,-0.049021,5.024469,0.000000,0.000000,5.000000,0.064081,0
1784329902.781489,FIXED400,TRACKING,400,22.756690,24.223146,-0.033602,-0.047837,5.026605,0.000000,0.000000,5.000000,0.064228,0
1784329902.806490,FIXED400,TRACKING,400,22.997159,25.179196,-0.034002,-0.045902,5.029994,0.000000,0.000000,5.000000,0.064520,0
1784329902.831490,FIXED400,TRACKING,400,22.881208,24.800228,-0.034118,-0.044156,5.032217,0.000000,0.000000,5.000000,0.064434,0
1784329902.856489,FIXED400,TRACKING,400,22.878110,49.795675,-0.034118,-0.044156,5.032217,0.000000,0.000000,5.000000,0.064434,0
1784329902.881489,FIXED400,TRACKING,400,22.797934,24.849321,-0.034021,-0.042248,5.033632,0.000000,0.000000,5.000000,0.063824,0
1784329902.906493,FIXED400,TRACKING,400,22.902136,25.043124,-0.032592,-0.043008,5.038126,0.000000,0.000000,5.000000,0.066072,0
1784329902.931489,FIXED400,TRACKING,400,22.861103,24.885621,-0.031022,-0.043369,5.041746,0.000000,0.000000,5.000000,0.067720,0
1784329902.956489,FIXED400,TRACKING,400,22.775745,49.799010,-0.031022,-0.043369,5.041746,0.000000,0.000000,5.000000,0.067720,0
1784329902.981489,FIXED400,TRACKING,400,22.820823,24.979293,-0.028970,-0.043376,5.044711,0.000000,0.000000,5.000000,0.068701,0
1784329903.006493,FIXED400,TRACKING,400,22.821267,24.941956,-0.027128,-0.043357,5.044955,0.000000,0.000000,5.000000,0.068093,0
1784329903.031491,FIXED400,TRACKING,400,22.777976,24.889389,-0.025102,-0.043364,5.044547,0.000000,0.000000,5.000000,0.067045,0
1784329903.056490,FIXED400,TRACKING,400,22.721225,49.831331,-0.025102,-0.043364,5.044547,0.000000,0.000000,5.000000,0.067045,0
1784329903.081490,FIXED400,TRACKING,400,22.891487,25.104793,-0.023065,-0.043080,5.044127,0.000000,0.000000,5.000000,0.065841,0
1784329903.106493,FIXED400,TRACKING,400,22.960851,24.978428,-0.021056,-0.042523,5.043400,0.000000,0.000000,5.000000,0.064305,0
1784329903.131493,FIXED400,TRACKING,400,22.858851,24.809253,-0.018499,-0.042372,5.043233,0.000000,0.000000,5.000000,0.063298,0
1784329903.156491,FIXED400,TRACKING,400,22.833412,49.780923,-0.018499,-0.042372,5.043233,0.000000,0.000000,5.000000,0.063298,0
1784329903.181490,FIXED400,TRACKING,400,22.834632,24.921348,-0.015469,-0.042594,5.043374,0.000000,0.000000,5.000000,0.062728,0
1784329903.206493,FIXED400,TRACKING,400,22.773828,24.874363,-0.011822,-0.042476,5.042812,0.000000,0.000000,5.000000,0.061456,0
1784329903.231488,FIXED400,TRACKING,400,22.984880,25.141969,-0.008981,-0.042113,5.042121,0.000000,0.000000,5.000000,0.060236,0
1784329903.256492,FIXED400,TRACKING,400,22.957270,50.115997,-0.008981,-0.042113,5.042121,0.000000,0.000000,5.000000,0.060236,0
1784329903.281490,FIXED400,TRACKING,400,22.867901,24.845228,-0.006176,-0.041122,5.041276,0.000000,0.000000,5.000000,0.058590,0
1784329903.306491,FIXED400,TRACKING,400,23.387333,25.441629,-0.003464,-0.039850,5.039636,0.000000,0.000000,5.000000,0.056312,0
1784329903.331490,FIXED400,TRACKING,400,23.396973,24.937884,-0.000819,-0.038466,5.037883,0.000000,0.000000,5.000000,0.053995,0
1784329903.356493,FIXED400,TRACKING,400,23.328769,49.870836,-0.000819,-0.038466,5.037883,0.000000,0.000000,5.000000,0.053995,0
1784329903.381490,FIXED400,TRACKING,400,23.225630,24.822677,0.001736,-0.036990,5.035928,0.000000,0.000000,5.000000,0.051595,0
1784329903.406492,FIXED400,TRACKING,400,23.386366,25.090435,0.002376,-0.036379,5.035327,0.000000,0.000000,5.000000,0.050765,0
1784329903.431491,FIXED400,TRACKING,400,23.472926,24.992739,0.002972,-0.035671,5.034933,0.000000,0.000000,5.000000,0.050016,0
1784329903.456491,FIXED400,TRACKING,400,23.285563,49.805392,0.002972,-0.035671,5.034933,0.000000,0.000000,5.000000,0.050016,0
1784329903.481490,FIXED400,TRACKING,400,23.175724,24.808807,0.003632,-0.034808,5.034261,0.000000,0.000000,5.000000,0.048976,0
1784329903.506495,FIXED400,TRACKING,400,22.852193,24.613326,0.004443,-0.034199,5.034101,0.000000,0.000000,5.000000,0.048500,0
1784329903.531493,FIXED400,TRACKING,400,22.793283,24.864814,0.005246,-0.034328,5.035565,0.000000,0.000000,5.000000,0.049708,0
1784329903.556492,FIXED400,TRACKING,400,22.843881,49.914246,0.005246,-0.034328,5.035565,0.000000,0.000000,5.000000,0.049708,0
1784329903.581494,FIXED400,TRACKING,400,22.885080,24.976544,0.006059,-0.034209,5.036902,0.000000,0.000000,5.000000,0.050683,0
1784329903.606498,FIXED400,TRACKING,400,22.937524,24.961760,0.007094,-0.033803,5.038189,0.000000,0.000000,5.000000,0.051492,0
1784329903.631497,FIXED400,TRACKING,400,22.891981,24.860966,0.009295,-0.032851,5.038638,0.000000,0.000000,5.000000,0.051560,0
1784329903.656494,FIXED400,TRACKING,400,22.875342,49.838992,0.009295,-0.032851,5.038638,0.000000,0.000000,5.000000,0.051560,0
1784329903.681501,FIXED400,TRACKING,400,22.924651,24.981212,0.011729,-0.031699,5.038116,0.000000,0.000000,5.000000,0.050943,0
1784329903.706493,FIXED400,TRACKING,400,22.947604,24.926257,0.013913,-0.030440,5.036942,0.000000,0.000000,5.000000,0.049849,0
1784329903.731493,FIXED400,TRACKING,400,22.870636,24.856720,0.015963,-0.029056,5.036243,0.000000,0.000000,5.000000,0.049118,0
1784329903.756491,FIXED400,TRACKING,400,22.967726,49.951406,0.015963,-0.029056,5.036243,0.000000,0.000000,5.000000,0.049118,0
1784329903.781495,FIXED400,TRACKING,400,22.968652,24.912074,0.016952,-0.027136,5.036130,0.000000,0.000000,5.000000,0.048261,0
1784329903.806495,FIXED400,TRACKING,400,22.808617,24.769795,0.017652,-0.024597,5.034817,0.000000,0.000000,5.000000,0.046140,0
1784329903.831493,FIXED400,TRACKING,400,22.802535,24.925887,0.018176,-0.022543,5.033214,0.000000,0.000000,5.000000,0.044065,0
1784329903.856493,FIXED400,TRACKING,400,22.752792,49.876345,0.018176,-0.022543,5.033214,0.000000,0.000000,5.000000,0.044065,0
1784329903.881493,FIXED400,TRACKING,400,22.813119,24.994313,0.018640,-0.020440,5.031511,0.000000,0.000000,5.000000,0.041931,0
1784329903.906499,FIXED400,TRACKING,400,22.858463,24.978332,0.019793,-0.017787,5.030650,0.000000,0.000000,5.000000,0.040590,0
1784329903.931494,FIXED400,TRACKING,400,22.758553,24.812541,0.021052,-0.014544,5.029411,0.000000,0.000000,5.000000,0.038984,0
1784329903.956497,FIXED400,TRACKING,400,22.849755,49.911006,0.021052,-0.014544,5.029411,0.000000,0.000000,5.000000,0.038984,0
1784329903.981492,FIXED400,TRACKING,400,22.887272,24.963600,0.021890,-0.011941,5.028522,0.000000,0.000000,5.000000,0.037886,0
1784329904.006498,FIXED400,TRACKING,400,22.872325,24.926251,0.021824,-0.010654,5.027936,0.000000,0.000000,5.000000,0.037016,0
1784329904.031494,FIXED400,TRACKING,400,22.854415,24.909128,0.020990,-0.010494,5.027340,0.000000,0.000000,5.000000,0.036030,0
1784329904.056494,FIXED400,TRACKING,400,22.968945,50.023912,0.020990,-0.010494,5.027340,0.000000,0.000000,5.000000,0.036030,0
1784329904.081493,FIXED400,TRACKING,400,22.911974,24.879641,0.020186,-0.010060,5.026784,0.000000,0.000000,5.000000,0.035015,0
1784329904.106497,FIXED400,TRACKING,400,23.105472,25.101383,0.019351,-0.009387,5.025933,0.000000,0.000000,5.000000,0.033691,0
1784329904.131498,FIXED400,TRACKING,400,22.818457,24.622631,0.016916,-0.007999,5.025603,0.000000,0.000000,5.000000,0.031712,0
1784329904.156496,FIXED400,TRACKING,400,22.812097,49.610591,0.016916,-0.007999,5.025603,0.000000,0.000000,5.000000,0.031712,0
1784329904.181497,FIXED400,TRACKING,400,22.816430,24.922512,0.013099,-0.006032,5.026313,0.000000,0.000000,5.000000,0.030006,0
1784329904.206496,FIXED400,TRACKING,400,22.820649,24.938004,0.008513,-0.003565,5.027349,0.000000,0.000000,5.000000,0.028865,0
1784329904.231496,FIXED400,TRACKING,400,22.770008,24.882185,0.005022,-0.001604,5.026745,0.000000,0.000000,5.000000,0.027260,0
1784329904.256495,FIXED400,TRACKING,400,22.822327,49.930289,0.005022,-0.001604,5.026745,0.000000,0.000000,5.000000,0.027260,0
1784329904.281493,FIXED400,TRACKING,400,22.831960,24.936841,0.000900,0.001340,5.026770,0.000000,0.000000,5.000000,0.026819,0
1784329904.306501,FIXED400,TRACKING,400,22.754590,24.857228,-0.003264,0.004434,5.027458,0.000000,0.000000,5.000000,0.028004,0
1784329904.331496,FIXED400,TRACKING,400,22.763004,24.925330,-0.007191,0.007312,5.027941,0.000000,0.000000,5.000000,0.029763,0
1784329904.356496,FIXED400,TRACKING,400,22.808733,49.970825,-0.007191,0.007312,5.027941,0.000000,0.000000,5.000000,0.029763,0
1784329904.381493,FIXED400,TRACKING,400,22.820513,24.947894,-0.010867,0.010031,5.028099,0.000000,0.000000,5.000000,0.031753,0
1784329904.406497,FIXED400,TRACKING,400,22.976582,25.090802,-0.014701,0.013909,5.032169,0.000000,0.000000,5.000000,0.038006,0
1784329904.431496,FIXED400,TRACKING,400,22.879766,24.831482,-0.017589,0.016791,5.035113,0.000000,0.000000,5.000000,0.042712,0
1784329904.456497,FIXED400,TRACKING,400,22.896282,49.853148,-0.017589,0.016791,5.035113,0.000000,0.000000,5.000000,0.042712,0
1784329904.481497,FIXED400,TRACKING,400,22.787330,24.819921,-0.020338,0.019452,5.037909,0.000000,0.000000,5.000000,0.047213,0
1784329904.506498,FIXED400,TRACKING,400,22.916841,25.055705,-0.023541,0.021871,5.040681,0.000000,0.000000,5.000000,0.051841,0
1784329904.531498,FIXED400,TRACKING,400,22.830577,24.828744,-0.028189,0.024008,5.042298,0.000000,0.000000,5.000000,0.056215,0
1784329904.556497,FIXED400,TRACKING,400,22.852949,49.847406,-0.028189,0.024008,5.042298,0.000000,0.000000,5.000000,0.056215,0
1784329904.581497,FIXED400,TRACKING,400,22.679240,24.756857,-0.032530,0.026026,5.043135,0.000000,0.000000,5.000000,0.059968,0
1784329904.606486,FIXED400,TRACKING,400,22.673402,24.896082,-0.037465,0.028304,5.043196,0.000000,0.000000,5.000000,0.063801,0
1784329904.631499,FIXED400,TRACKING,400,22.811409,25.098102,-0.040482,0.028998,5.042862,0.000000,0.000000,5.000000,0.065702,0
1784329904.656499,FIXED400,TRACKING,400,22.723652,50.009259,-0.040482,0.028998,5.042862,0.000000,0.000000,5.000000,0.065702,0
1784329904.681505,FIXED400,TRACKING,400,22.823057,25.024386,-0.043008,0.029292,5.041795,0.000000,0.000000,5.000000,0.066742,0
1784329904.706499,FIXED400,TRACKING,400,22.857032,24.925414,-0.045189,0.029499,5.041440,0.000000,0.000000,5.000000,0.068040,0
1784329904.731498,FIXED400,TRACKING,400,22.781716,24.844613,-0.047040,0.029589,5.041442,0.000000,0.000000,5.000000,0.069324,0
1784329904.756498,FIXED400,TRACKING,400,22.752822,49.818809,-0.047040,0.029589,5.041442,0.000000,0.000000,5.000000,0.069324,0
1784329904.781498,FIXED400,TRACKING,400,22.735382,24.889483,-0.048619,0.030118,5.042995,0.000000,0.000000,5.000000,0.071550,0
1784329904.806502,FIXED400,TRACKING,400,22.816729,25.013611,-0.050183,0.030782,5.044526,0.000000,0.000000,5.000000,0.073814,0
1784329904.831499,FIXED400,TRACKING,400,22.764609,24.877444,-0.051080,0.031128,5.045193,0.000000,0.000000,5.000000,0.074970,0
1784329904.856498,FIXED400,TRACKING,400,23.342782,50.455425,-0.051080,0.031128,5.045193,0.000000,0.000000,5.000000,0.074970,0
1784329904.881498,FIXED400,TRACKING,400,23.399841,24.987326,-0.051628,0.031340,5.045846,0.000000,0.000000,5.000000,0.075825,0
1784329904.906500,FIXED400,TRACKING,400,23.401852,24.927526,-0.052962,0.032767,5.048034,0.000000,0.000000,5.000000,0.078651,0
1784329904.931499,FIXED400,TRACKING,400,23.370424,24.891811,-0.053921,0.033969,5.049239,0.000000,0.000000,5.000000,0.080534,0
1784329904.956498,FIXED400,TRACKING,400,23.375523,49.895840,-0.053921,0.033969,5.049239,0.000000,0.000000,5.000000,0.080534,0
1784329904.981499,FIXED400,TRACKING,400,23.399333,24.957947,-0.054570,0.035015,5.049139,0.000000,0.000000,5.000000,0.081355,0
1784329905.006500,FIXED400,TRACKING,400,23.271205,24.800341,-0.055665,0.036245,5.048380,0.000000,0.000000,5.000000,0.082176,0
1784329905.031500,FIXED400,TRACKING,400,22.709511,24.368821,-0.057091,0.037164,5.046849,0.000000,0.000000,5.000000,0.082676,0
1784329905.056499,FIXED400,TRACKING,400,22.845358,49.500910,-0.057091,0.037164,5.046849,0.000000,0.000000,5.000000,0.082676,0
1784329905.081500,FIXED400,TRACKING,400,23.190593,25.276868,-0.058117,0.037986,5.044647,0.000000,0.000000,5.000000,0.082546,0
1784329905.106500,FIXED400,TRACKING,400,23.431427,25.115485,-0.058746,0.038616,5.042609,0.000000,0.000000,5.000000,0.082206,0
1784329905.131500,FIXED400,TRACKING,400,22.967523,24.440558,-0.058648,0.039166,5.040396,0.000000,0.000000,5.000000,0.081273,0
1784329905.156500,FIXED400,TRACKING,400,22.844524,49.315970,-0.058648,0.039166,5.040396,0.000000,0.000000,5.000000,0.081273,0
1784329905.181500,FIXED400,TRACKING,400,22.748671,24.822491,-0.057916,0.039587,5.037349,0.000000,0.000000,5.000000,0.079475,0
1784329905.206504,FIXED400,TRACKING,400,22.876075,25.060997,-0.056573,0.039893,5.032742,0.000000,0.000000,5.000000,0.076577,0
1784329905.231500,FIXED400,TRACKING,400,22.892361,24.941499,-0.055163,0.039965,5.028717,0.000000,0.000000,5.000000,0.073925,0
1784329905.256500,FIXED400,TRACKING,400,22.892488,49.941025,-0.055163,0.039965,5.028717,0.000000,0.000000,5.000000,0.073925,0
1784329905.281500,FIXED400,TRACKING,400,22.827710,24.870865,-0.054025,0.042687,5.025623,0.000000,0.000000,5.000000,0.073467,0
1784329905.306501,FIXED400,TRACKING,400,22.792727,24.898043,-0.052831,0.045773,5.023115,0.000000,0.000000,5.000000,0.073625,0
1784329905.331501,FIXED400,TRACKING,400,22.793742,24.937623,-0.051389,0.048338,5.020545,0.000000,0.000000,5.000000,0.073482,0
1784329905.356500,FIXED400,TRACKING,400,22.810691,49.953654,-0.051389,0.048338,5.020545,0.000000,0.000000,5.000000,0.073482,0
1784329905.381500,FIXED400,TRACKING,400,22.731273,24.859597,-0.049725,0.050397,5.017825,0.000000,0.000000,5.000000,0.073008,0
1784329905.406503,FIXED400,TRACKING,400,22.920678,25.130130,-0.046039,0.051631,5.013445,0.000000,0.000000,5.000000,0.070471,0
1784329905.431503,FIXED400,TRACKING,400,22.807297,24.812987,-0.043056,0.052195,5.008916,0.000000,0.000000,5.000000,0.068246,0
1784329905.456501,FIXED400,TRACKING,400,22.759012,49.762073,-0.043056,0.052195,5.008916,0.000000,0.000000,5.000000,0.068246,0
1784329905.481501,FIXED400,TRACKING,400,22.769898,24.944010,-0.040029,0.052429,5.004099,0.000000,0.000000,5.000000,0.066090,0
1784329905.506501,FIXED400,TRACKING,400,22.904995,25.066211,-0.037300,0.051899,4.999133,0.000000,0.000000,5.000000,0.063918,0
1784329905.531501,FIXED400,TRACKING,400,22.876651,24.902663,-0.035421,0.050015,4.994813,0.000000,0.000000,5.000000,0.061506,0
1784329905.556502,FIXED400,TRACKING,400,22.878958,49.905687,-0.035421,0.050015,4.994813,0.000000,0.000000,5.000000,0.061506,0
1784329905.581555,FIXED400,TRACKING,400,22.871234,24.974897,-0.033513,0.047964,4.990830,0.000000,0.000000,5.000000,0.059226,0
1784329905.606502,FIXED400,TRACKING,400,22.982823,24.966173,-0.031157,0.045033,4.986579,0.000000,0.000000,5.000000,0.056382,0
1784329905.631504,FIXED400,TRACKING,400,22.850671,24.759648,-0.030734,0.042712,4.983322,0.000000,0.000000,5.000000,0.055200,0
1784329905.656503,FIXED400,TRACKING,400,22.878495,49.784839,-0.030734,0.042712,4.983322,0.000000,0.000000,5.000000,0.055200,0
1784329905.681502,FIXED400,TRACKING,400,22.883316,24.924622,-0.030622,0.040315,4.980738,0.000000,0.000000,5.000000,0.054166,0
1784329905.706502,FIXED400,TRACKING,400,22.843156,24.877973,-0.030325,0.037817,4.979260,0.000000,0.000000,5.000000,0.052724,0
1784329905.731502,FIXED400,TRACKING,400,22.922654,24.997070,-0.029861,0.035257,4.978483,0.000000,0.000000,5.000000,0.050968,0
1784329905.756503,FIXED400,TRACKING,400,22.892048,49.966732,-0.029861,0.035257,4.978483,0.000000,0.000000,5.000000,0.050968,0
1784329905.781502,FIXED400,TRACKING,400,22.762845,24.785037,-0.029293,0.031747,4.978843,0.000000,0.000000,5.000000,0.048099,0
1784329905.806502,FIXED400,TRACKING,400,22.783024,24.952255,-0.028440,0.027037,4.979868,0.000000,0.000000,5.000000,0.044103,0
1784329905.831502,FIXED400,TRACKING,400,22.860491,25.009469,-0.027631,0.023318,4.980263,0.000000,0.000000,5.000000,0.041192,0
1784329905.856503,FIXED400,TRACKING,400,22.886350,50.035758,-0.027631,0.023318,4.980263,0.000000,0.000000,5.000000,0.041192,0
1784329905.881503,FIXED400,TRACKING,400,22.798641,24.843658,-0.026690,0.019650,4.980587,0.000000,0.000000,5.000000,0.038410,0
1784329905.906506,FIXED400,TRACKING,400,22.762879,24.897507,-0.026631,0.015049,4.983750,0.000000,0.000000,5.000000,0.034638,0
1784329905.931504,FIXED400,TRACKING,400,22.837483,25.002047,-0.026379,0.010661,4.987488,0.000000,0.000000,5.000000,0.031081,0
1784329905.956504,FIXED400,TRACKING,400,22.720518,49.884012,-0.026379,0.010661,4.987488,0.000000,0.000000,5.000000,0.031081,0
1784329905.981501,FIXED400,TRACKING,400,22.647295,24.861364,-0.026019,0.006447,4.991749,0.000000,0.000000,5.000000,0.028047,0
1784329906.006506,FIXED400,TRACKING,400,22.773679,25.073198,-0.024714,0.001735,4.998184,0.000000,0.000000,5.000000,0.024841,0
1784329906.031504,FIXED400,TRACKING,400,22.807053,24.960601,-0.022673,-0.001642,5.004683,0.000000,0.000000,5.000000,0.023210,0
1784329906.056504,FIXED400,TRACKING,400,22.784891,49.938465,-0.022673,-0.001642,5.004683,0.000000,0.000000,5.000000,0.023210,0
1784329906.081503,FIXED400,TRACKING,400,22.818298,24.954177,-0.020523,-0.004897,5.011134,0.000000,0.000000,5.000000,0.023856,0
1784329906.106507,FIXED400,TRACKING,400,22.867632,24.946312,-0.018230,-0.008026,5.016708,0.000000,0.000000,5.000000,0.025998,0
1784329906.131508,FIXED400,TRACKING,400,22.792085,24.826581,-0.015599,-0.011424,5.021861,0.000000,0.000000,5.000000,0.029185,0
1784329906.156506,FIXED400,TRACKING,400,22.782044,49.811732,-0.015599,-0.011424,5.021861,0.000000,0.000000,5.000000,0.029185,0
1784329906.181494,FIXED400,TRACKING,400,22.791409,24.907264,-0.012715,-0.015041,5.026592,0.000000,0.000000,5.000000,0.033092,0
1784329906.206504,FIXED400,TRACKING,400,22.821955,24.950459,-0.009091,-0.019267,5.030393,0.000000,0.000000,5.000000,0.037116,0
1784329906.231505,FIXED400,TRACKING,400,22.784789,24.902508,-0.006232,-0.022389,5.032542,0.000000,0.000000,5.000000,0.039989,0
1784329906.256505,FIXED400,TRACKING,400,22.926305,50.042111,-0.006232,-0.022389,5.032542,0.000000,0.000000,5.000000,0.039989,0
1784329906.281506,FIXED400,TRACKING,400,22.872795,24.884638,-0.002997,-0.026178,5.032397,0.000000,0.000000,5.000000,0.041760,0
1784329906.306503,FIXED400,TRACKING,400,22.853747,24.768754,0.000259,-0.029934,5.031725,0.000000,0.000000,5.000000,0.043619,0
1784329906.331511,FIXED400,TRACKING,400,22.902109,24.987662,0.003365,-0.033393,5.030858,0.000000,0.000000,5.000000,0.045592,0
1784329906.356505,FIXED400,TRACKING,400,22.843413,49.919736,0.003365,-0.033393,5.030858,0.000000,0.000000,5.000000,0.045592,0
1784329906.381504,FIXED400,TRACKING,400,22.755733,24.839603,0.006327,-0.036548,5.030206,0.000000,0.000000,5.000000,0.047835,0
1784329906.406508,FIXED400,TRACKING,400,22.844021,25.024447,0.010227,-0.036013,5.029454,0.000000,0.000000,5.000000,0.047634,0
1784329906.431505,FIXED400,TRACKING,400,22.818878,24.899305,0.013165,-0.035589,5.028747,0.000000,0.000000,5.000000,0.047605,0
1784329906.456506,FIXED400,TRACKING,400,22.826801,49.907240,0.013165,-0.035589,5.028747,0.000000,0.000000,5.000000,0.047605,0
1784329906.481506,FIXED400,TRACKING,400,22.744853,24.851802,0.015912,-0.035229,5.028360,0.000000,0.000000,5.000000,0.047944,0
1784329906.506506,FIXED400,TRACKING,400,22.846062,25.033036,0.018425,-0.034891,5.028431,0.000000,0.000000,5.000000,0.048633,0
1784329906.531505,FIXED400,TRACKING,400,22.844314,24.925297,0.020571,-0.034521,5.029517,0.000000,0.000000,5.000000,0.049861,0
1784329906.556506,FIXED400,TRACKING,400,22.848032,49.929470,0.020571,-0.034521,5.029517,0.000000,0.000000,5.000000,0.049861,0
1784329906.581505,FIXED400,TRACKING,400,22.772219,24.843802,0.022755,-0.034041,5.029931,0.000000,0.000000,5.000000,0.050719,0
1784329906.606513,FIXED400,TRACKING,400,22.859437,25.006150,0.025390,-0.033191,5.030913,0.000000,0.000000,5.000000,0.051980,0
1784329906.631510,FIXED400,TRACKING,400,22.934393,24.979259,0.026734,-0.032619,5.031981,0.000000,0.000000,5.000000,0.052929,0
1784329906.656508,FIXED400,TRACKING,400,22.862836,49.903609,0.026734,-0.032619,5.031981,0.000000,0.000000,5.000000,0.052929,0
1784329906.681508,FIXED400,TRACKING,400,22.932765,24.989161,0.027843,-0.031973,5.033090,0.000000,0.000000,5.000000,0.053781,0
1784329906.706510,FIXED400,TRACKING,400,23.347908,25.344081,0.028946,-0.031175,5.033362,0.000000,0.000000,5.000000,0.054063,0
1784329906.731507,FIXED400,TRACKING,400,22.826643,24.388883,0.030048,-0.030162,5.032109,0.000000,0.000000,5.000000,0.053326,0
1784329906.756507,FIXED400,TRACKING,400,22.863639,49.426189,0.030048,-0.030162,5.032109,0.000000,0.000000,5.000000,0.053326,0
1784329906.781507,FIXED400,TRACKING,400,22.815805,24.871749,0.031268,-0.028614,5.030017,0.000000,0.000000,5.000000,0.051937,0
1784329906.806507,FIXED400,TRACKING,400,22.876843,24.999010,0.032648,-0.026392,5.027833,0.000000,0.000000,5.000000,0.050370,0
1784329906.831507,FIXED400,TRACKING,400,22.854683,24.920740,0.033576,-0.024546,5.025424,0.000000,0.000000,5.000000,0.048746,0
1784329906.856509,FIXED400,TRACKING,400,22.863072,49.931620,0.033576,-0.024546,5.025424,0.000000,0.000000,5.000000,0.048746,0
1784329906.881507,FIXED400,TRACKING,400,22.822252,24.890146,0.034345,-0.022684,5.022417,0.000000,0.000000,5.000000,0.046868,0
1784329906.906510,FIXED400,TRACKING,400,22.884836,24.994986,0.034954,-0.018257,5.019520,0.000000,0.000000,5.000000,0.044001,0
1784329906.931507,FIXED400,TRACKING,400,22.847994,24.884539,0.035311,-0.014061,5.016714,0.000000,0.000000,5.000000,0.041520,0
1784329906.956504,FIXED400,TRACKING,400,22.874088,49.909920,0.035311,-0.014061,5.016714,0.000000,0.000000,5.000000,0.041520,0
1784329906.981508,FIXED400,TRACKING,400,22.785050,24.835737,0.035499,-0.009110,5.012836,0.000000,0.000000,5.000000,0.038832,0
1784329907.006508,FIXED400,TRACKING,400,22.775741,24.924922,0.036103,-0.004616,5.011293,0.000000,0.000000,5.000000,0.038109,0
1784329907.031508,FIXED400,TRACKING,400,22.845427,25.004774,0.037162,0.000262,5.011239,0.000000,0.000000,5.000000,0.038825,0
1784329907.056547,FIXED400,TRACKING,400,22.806643,50.004592,0.037162,0.000262,5.011239,0.000000,0.000000,5.000000,0.038825,0
1784329907.081508,FIXED400,TRACKING,400,22.834953,24.920909,0.038022,0.004946,5.010831,0.000000,0.000000,5.000000,0.039843,0
1784329907.106512,FIXED400,TRACKING,400,22.910568,24.990801,0.038677,0.009447,5.010221,0.000000,0.000000,5.000000,0.041104,0
1784329907.131511,FIXED400,TRACKING,400,22.738815,24.732714,0.040000,0.014544,5.010714,0.000000,0.000000,5.000000,0.043890,0
1784329907.156506,FIXED400,TRACKING,400,22.830036,49.817367,0.040000,0.014544,5.010714,0.000000,0.000000,5.000000,0.043890,0
1784329907.181509,FIXED400,TRACKING,400,22.761451,24.855745,0.041937,0.020147,5.012500,0.000000,0.000000,5.000000,0.048175,0
1784329907.206513,FIXED400,TRACKING,400,22.856030,25.024596,0.044230,0.026742,5.013956,0.000000,0.000000,5.000000,0.053537,0
1784329907.231509,FIXED400,TRACKING,400,22.863813,24.943297,0.045811,0.031642,5.014760,0.000000,0.000000,5.000000,0.057600,0
1784329907.256506,FIXED400,TRACKING,400,22.872896,49.949622,0.045811,0.031642,5.014760,0.000000,0.000000,5.000000,0.057600,0
1784329907.281508,FIXED400,TRACKING,400,22.786482,24.850540,0.046897,0.034268,5.015399,0.000000,0.000000,5.000000,0.060089,0
1784329907.306512,FIXED400,TRACKING,400,22.832992,24.970284,0.047654,0.036085,5.015431,0.000000,0.000000,5.000000,0.061735,0
1784329907.331510,FIXED400,TRACKING,400,22.896043,24.990345,0.048167,0.037750,5.015109,0.000000,0.000000,5.000000,0.063035,0
1784329907.356506,FIXED400,TRACKING,400,22.854326,49.945131,0.048167,0.037750,5.015109,0.000000,0.000000,5.000000,0.063035,0
1784329907.381509,FIXED400,TRACKING,400,22.865115,24.922879,0.048481,0.039245,5.014662,0.000000,0.000000,5.000000,0.064075,0
1784329907.406513,FIXED400,TRACKING,400,22.920004,24.989600,0.048937,0.043151,5.014209,0.000000,0.000000,5.000000,0.066773,0
1784329907.431510,FIXED400,TRACKING,400,22.919535,24.928672,0.049143,0.045815,5.013499,0.000000,0.000000,5.000000,0.068529,0
1784329907.456542,FIXED400,TRACKING,400,22.922217,49.964112,0.049143,0.045815,5.013499,0.000000,0.000000,5.000000,0.068529,0
1784329907.481510,FIXED400,TRACKING,400,22.868393,24.845712,0.049154,0.048037,5.013414,0.000000,0.000000,5.000000,0.070026,0
1784329907.507330,FIXED400,TRACKING,400,22.903140,25.793495,0.048640,0.049776,5.014154,0.000000,0.000000,5.000000,0.071020,0
1784329907.531510,FIXED400,TRACKING,400,22.819802,23.996983,0.047166,0.050881,5.016064,0.000000,0.000000,5.000000,0.071215,0
1784329907.556511,FIXED400,TRACKING,400,22.842766,49.020383,0.047166,0.050881,5.016064,0.000000,0.000000,5.000000,0.071215,0
1784329907.581511,FIXED400,TRACKING,400,22.807448,24.896529,0.045591,0.051626,5.017978,0.000000,0.000000,5.000000,0.071183,0
1784329907.606514,FIXED400,TRACKING,400,23.102776,25.200473,0.043545,0.052058,5.020293,0.000000,0.000000,5.000000,0.070838,0
1784329907.631515,FIXED400,TRACKING,400,23.441272,25.255112,0.042712,0.052948,5.021322,0.000000,0.000000,5.000000,0.071291,0
1784329907.656506,FIXED400,TRACKING,400,22.822529,49.623039,0.042712,0.052948,5.021322,0.000000,0.000000,5.000000,0.071291,0
1784329907.681511,FIXED400,TRACKING,400,22.870147,24.979128,0.042075,0.053794,5.021304,0.000000,0.000000,5.000000,0.071540,0
1784329907.706511,FIXED400,TRACKING,400,22.934584,24.996768,0.041374,0.054283,5.020315,0.000000,0.000000,5.000000,0.071212,0
1784329907.731512,FIXED400,TRACKING,400,22.925246,24.912149,0.040604,0.054435,5.019115,0.000000,0.000000,5.000000,0.070550,0
1784329907.756512,FIXED400,TRACKING,400,22.959995,49.946469,0.040604,0.054435,5.019115,0.000000,0.000000,5.000000,0.070550,0
1784329907.781517,FIXED400,TRACKING,400,22.911807,24.869534,0.038785,0.055763,5.017624,0.000000,0.000000,5.000000,0.070174,0
1784329907.806514,FIXED400,TRACKING,400,22.882881,24.888212,0.036177,0.057420,5.015766,0.000000,0.000000,5.000000,0.069673,0
1784329907.831511,FIXED400,TRACKING,400,22.935465,24.980650,0.034116,0.058298,5.013927,0.000000,0.000000,5.000000,0.068968,0
1784329907.856512,FIXED400,TRACKING,400,22.868212,49.913004,0.034116,0.058298,5.013927,0.000000,0.000000,5.000000,0.068968,0
1784329907.881512,FIXED400,TRACKING,400,22.837186,24.903438,0.032092,0.058740,5.012115,0.000000,0.000000,5.000000,0.068023,0
1784329907.906515,FIXED400,TRACKING,400,22.827301,24.931425,0.029561,0.058013,5.009501,0.000000,0.000000,5.000000,0.065800,0
1784329907.931512,FIXED400,TRACKING,400,22.822012,24.927631,0.027015,0.057030,5.006737,0.000000,0.000000,5.000000,0.063463,0
1784329907.956514,FIXED400,TRACKING,400,22.840512,49.948905,0.027015,0.057030,5.006737,0.000000,0.000000,5.000000,0.063463,0
1784329907.981515,FIXED400,TRACKING,400,22.791744,24.885769,0.024427,0.055818,5.003447,0.000000,0.000000,5.000000,0.061027,0
1784329908.006513,FIXED400,TRACKING,400,22.852988,24.986816,0.020910,0.054647,4.999283,0.000000,0.000000,5.000000,0.058515,0
1784329908.031512,FIXED400,TRACKING,400,22.815525,24.895132,0.017867,0.054189,4.996325,0.000000,0.000000,5.000000,0.057176,0
1784329908.056511,FIXED400,TRACKING,400,22.912266,49.990762,0.017867,0.054189,4.996325,0.000000,0.000000,5.000000,0.057176,0
1784329908.081514,FIXED400,TRACKING,400,22.891911,24.908792,0.014930,0.053491,4.993918,0.000000,0.000000,5.000000,0.055867,0
1784329908.106514,FIXED400,TRACKING,400,24.293360,26.300681,0.012075,0.052523,4.992367,0.000000,0.000000,5.000000,0.054430,0
1784329908.131505,FIXED400,TRACKING,400,22.739391,23.324048,0.009213,0.051589,4.991695,0.000000,0.000000,5.000000,0.053060,0
1784329908.156512,FIXED400,TRACKING,400,22.884729,48.477318,0.009213,0.051589,4.991695,0.000000,0.000000,5.000000,0.053060,0
1784329908.181515,FIXED400,TRACKING,400,22.842247,24.895087,0.006403,0.050710,4.991359,0.000000,0.000000,5.000000,0.051837,0
1784329908.206517,FIXED400,TRACKING,400,22.882492,24.980351,0.003085,0.049155,4.990375,0.000000,0.000000,5.000000,0.050183,0
1784329908.231514,FIXED400,TRACKING,400,22.861497,24.903547,0.000587,0.047588,4.989659,0.000000,0.000000,5.000000,0.048702,0
1784329908.256506,FIXED400,TRACKING,400,22.861550,49.891949,0.000587,0.047588,4.989659,0.000000,0.000000,5.000000,0.048702,0
1784329908.281519,FIXED400,TRACKING,400,22.844595,24.944646,-0.000839,0.044848,4.989744,0.000000,0.000000,5.000000,0.046013,0
1784329908.306514,FIXED400,TRACKING,400,22.904964,24.968426,-0.001885,0.041631,4.990131,0.000000,0.000000,5.000000,0.042826,0
1784329908.331518,FIXED400,TRACKING,400,22.896287,24.929484,-0.002975,0.038131,4.990337,0.000000,0.000000,5.000000,0.039449,0
1784329908.356512,FIXED400,TRACKING,400,22.854632,49.878667,-0.002975,0.038131,4.990337,0.000000,0.000000,5.000000,0.039449,0
1784329908.381514,FIXED400,TRACKING,400,23.285240,25.363732,-0.004111,0.034468,4.990664,0.000000,0.000000,5.000000,0.035946,0
1784329908.406515,FIXED400,TRACKING,400,23.324196,24.976237,-0.004429,0.032320,4.993705,0.000000,0.000000,5.000000,0.033224,0
1784329908.431514,FIXED400,TRACKING,400,22.675220,24.278427,-0.004748,0.030303,4.995823,0.000000,0.000000,5.000000,0.030956,0
1784329908.456513,FIXED400,TRACKING,400,22.761720,49.363425,-0.004748,0.030303,4.995823,0.000000,0.000000,5.000000,0.030956,0
1784329908.481514,FIXED400,TRACKING,400,22.744981,24.920037,-0.005146,0.028017,4.998223,0.000000,0.000000,5.000000,0.028541,0
1784329908.506515,FIXED400,TRACKING,400,22.854954,25.044721,-0.005604,0.025351,5.001264,0.000000,0.000000,5.000000,0.025993,0
1784329908.531515,FIXED400,TRACKING,400,23.558327,25.634305,-0.006067,0.021974,5.004994,0.000000,0.000000,5.000000,0.023336,0
1784329908.556510,FIXED400,TRACKING,400,22.857467,49.927967,-0.006067,0.021974,5.004994,0.000000,0.000000,5.000000,0.023336,0
1784329908.581516,FIXED400,TRACKING,400,22.954352,25.036691,-0.006521,0.018662,5.008709,0.000000,0.000000,5.000000,0.021602,0
1784329908.606511,FIXED400,TRACKING,400,24.040051,25.989011,-0.007006,0.014559,5.012586,0.000000,0.000000,5.000000,0.020480,0
1784329908.631517,FIXED400,TRACKING,400,23.655087,24.536414,-0.007419,0.011398,5.014483,0.000000,0.000000,5.000000,0.019868,0
1784329908.656518,FIXED400,TRACKING,400,24.922590,50.803463,-0.007419,0.011398,5.014483,0.000000,0.000000,5.000000,0.019868,0
1784329908.681521,FIXED400,TRACKING,400,23.178225,74.059246,-0.007419,0.011398,5.014483,0.000000,0.000000,5.000000,0.019868,0
1784329908.706521,FIXED400,TRACKING,400,23.097010,24.842659,-0.008224,0.005237,5.018292,0.000000,0.000000,5.000000,0.020728,0
1784329908.731516,FIXED400,TRACKING,400,22.956810,24.736816,-0.008524,0.002169,5.019644,0.000000,0.000000,5.000000,0.021523,0
1784329908.756516,FIXED400,TRACKING,400,22.876050,49.653412,-0.008524,0.002169,5.019644,0.000000,0.000000,5.000000,0.021523,0
1784329908.781519,FIXED400,TRACKING,400,22.814946,24.843575,-0.009155,0.000230,5.020790,0.000000,0.000000,5.000000,0.022718,0
1784329908.806521,FIXED400,TRACKING,400,22.876966,25.000546,-0.009648,-0.001086,5.021506,0.000000,0.000000,5.000000,0.023596,0
1784329908.831519,FIXED400,TRACKING,400,22.845089,24.900437,-0.010084,-0.002546,5.021698,0.000000,0.000000,5.000000,0.024062,0
1784329908.856515,FIXED400,TRACKING,400,22.901908,49.950147,-0.010084,-0.002546,5.021698,0.000000,0.000000,5.000000,0.024062,0
1784329908.881516,FIXED400,TRACKING,400,22.824534,24.857854,-0.010471,-0.004122,5.021285,0.000000,0.000000,5.000000,0.024076,0
1784329908.906519,FIXED400,TRACKING,400,22.904731,25.019154,-0.011004,-0.004382,5.020251,0.000000,0.000000,5.000000,0.023461,0
1784329908.931518,FIXED400,TRACKING,400,22.970267,24.994224,-0.011452,-0.004795,5.018722,0.000000,0.000000,5.000000,0.022464,0
1784329908.956517,FIXED400,TRACKING,400,23.047712,50.071172,-0.011452,-0.004795,5.018722,0.000000,0.000000,5.000000,0.022464,0
1784329908.981517,FIXED400,TRACKING,400,22.749929,24.634548,-0.011764,-0.005373,5.017521,0.000000,0.000000,5.000000,0.021777,0
1784329909.006518,FIXED400,TRACKING,400,22.903454,25.086035,-0.012613,-0.004242,5.013875,0.000000,0.000000,5.000000,0.019225,0
1784329909.031518,FIXED400,TRACKING,400,22.967123,24.998810,-0.013852,-0.001326,5.008728,0.000000,0.000000,5.000000,0.016426,0
1784329909.056518,FIXED400,TRACKING,400,22.857342,49.889529,-0.013852,-0.001326,5.008728,0.000000,0.000000,5.000000,0.016426,0
1784329909.081516,FIXED400,TRACKING,400,22.954678,25.023543,-0.015020,0.001247,5.003665,0.000000,0.000000,5.000000,0.015511,0
1784329909.106518,FIXED400,TRACKING,400,23.136506,25.087653,-0.016115,0.003461,4.998666,0.000000,0.000000,5.000000,0.016536,0
1784329909.131522,FIXED400,TRACKING,400,22.718131,24.454407,-0.017207,0.006550,4.994708,0.000000,0.000000,5.000000,0.019156,0
1784329909.156520,FIXED400,TRACKING,400,23.289572,50.022619,-0.017207,0.006550,4.994708,0.000000,0.000000,5.000000,0.019156,0
1784329909.181556,FIXED400,TRACKING,400,22.851641,24.516530,-0.018246,0.010446,4.992499,0.000000,0.000000,5.000000,0.022323,0
1784329909.206522,FIXED400,TRACKING,400,22.900695,24.948447,-0.019337,0.014825,4.990391,0.000000,0.000000,5.000000,0.026192,0
1784329909.231519,FIXED400,TRACKING,400,22.812058,24.841800,-0.020064,0.017922,4.988537,0.000000,0.000000,5.000000,0.029243,0
1784329909.256518,FIXED400,TRACKING,400,22.814985,49.844362,-0.020064,0.017922,4.988537,0.000000,0.000000,5.000000,0.029243,0
1784329909.281518,FIXED400,TRACKING,400,22.845525,24.964999,-0.019413,0.019848,4.987037,0.000000,0.000000,5.000000,0.030641,0
1784329909.306520,FIXED400,TRACKING,400,22.842280,24.931809,-0.018388,0.021208,4.986145,0.000000,0.000000,5.000000,0.031302,0
1784329909.331520,FIXED400,TRACKING,400,22.895420,24.990502,-0.017385,0.022274,4.985483,0.000000,0.000000,5.000000,0.031767,0
1784329909.356519,FIXED400,TRACKING,400,23.025883,50.119826,-0.017385,0.022274,4.985483,0.000000,0.000000,5.000000,0.031767,0
1784329909.381560,FIXED400,TRACKING,400,22.850626,24.799765,-0.016369,0.023072,4.985902,0.000000,0.000000,5.000000,0.031607,0
1784329909.406520,FIXED400,TRACKING,400,23.420050,25.463530,-0.014989,0.026852,4.985204,0.000000,0.000000,5.000000,0.034126,0
1784329909.431519,FIXED400,TRACKING,400,23.470412,24.959497,-0.013784,0.029528,4.984842,0.000000,0.000000,5.000000,0.035940,0
1784329909.456522,FIXED400,TRACKING,400,23.421783,49.916115,-0.013784,0.029528,4.984842,0.000000,0.000000,5.000000,0.035940,0
1784329909.481518,FIXED400,TRACKING,400,23.462653,24.963352,-0.012498,0.031890,4.985127,0.000000,0.000000,5.000000,0.037341,0
1784329909.506520,FIXED400,TRACKING,400,23.503233,24.969781,-0.011266,0.033626,4.985609,0.000000,0.000000,5.000000,0.038272,0
1784329909.531520,FIXED400,TRACKING,400,23.416842,24.842533,-0.010244,0.034058,4.986763,0.000000,0.000000,5.000000,0.037949,0
1784329909.556528,FIXED400,TRACKING,400,23.448344,49.887010,-0.010244,0.034058,4.986763,0.000000,0.000000,5.000000,0.037949,0
1784329909.581558,FIXED400,TRACKING,400,23.503484,24.981757,-0.009131,0.034393,4.988108,0.000000,0.000000,5.000000,0.037519,0
1784329909.606521,FIXED400,TRACKING,400,23.067490,24.413787,-0.007630,0.034638,4.989830,0.000000,0.000000,5.000000,0.036898,0
1784329909.631525,FIXED400,TRACKING,400,22.917217,24.758716,-0.006351,0.034408,4.992731,0.000000,0.000000,5.000000,0.035736,0
1784329909.656522,FIXED400,TRACKING,400,22.911528,49.749129,-0.006351,0.034408,4.992731,0.000000,0.000000,5.000000,0.035736,0
1784329909.681538,FIXED400,TRACKING,400,22.862022,24.881442,-0.005010,0.034038,4.995726,0.000000,0.000000,5.000000,0.034669,0
1784329909.706521,FIXED400,TRACKING,400,22.928164,24.973062,-0.003695,0.033589,4.998696,0.000000,0.000000,5.000000,0.033816,0
1784329909.731521,FIXED400,TRACKING,400,22.896423,24.885729,-0.002389,0.032965,5.001763,0.000000,0.000000,5.000000,0.033099,0
1784329909.756522,FIXED400,TRACKING,400,22.985197,49.978338,-0.002389,0.032965,5.001763,0.000000,0.000000,5.000000,0.033099,0
1784329909.781522,FIXED400,TRACKING,400,22.998356,24.927443,-0.000504,0.032761,5.005862,0.000000,0.000000,5.000000,0.033285,0
1784329909.806521,FIXED400,TRACKING,400,22.825715,24.764691,0.002028,0.032460,5.010873,0.000000,0.000000,5.000000,0.034293,0
1784329909.831521,FIXED400,TRACKING,400,22.898229,25.016369,0.004031,0.032005,5.014390,0.000000,0.000000,5.000000,0.035322,0
1784329909.856521,FIXED400,TRACKING,400,22.979001,50.095263,0.004031,0.032005,5.014390,0.000000,0.000000,5.000000,0.035322,0
1784329909.881521,FIXED400,TRACKING,400,22.855069,24.812201,0.006120,0.031388,5.016837,0.000000,0.000000,5.000000,0.036140,0
1784329909.906523,FIXED400,TRACKING,400,22.924718,24.998736,0.007976,0.030085,5.024655,0.000000,0.000000,5.000000,0.039706,0
1784329909.931521,FIXED400,TRACKING,400,22.813709,24.815886,0.009898,0.028621,5.031360,0.000000,0.000000,5.000000,0.043596,0
1784329909.956522,FIXED400,TRACKING,400,22.916758,49.920012,0.009898,0.028621,5.031360,0.000000,0.000000,5.000000,0.043596,0
1784329909.981521,FIXED400,TRACKING,400,22.792971,24.793572,0.011900,0.027017,5.036364,0.000000,0.000000,5.000000,0.046839,0
1784329910.006526,FIXED400,TRACKING,400,23.352716,25.500901,0.014759,0.026173,5.040907,0.000000,0.000000,5.000000,0.050757,0
1784329910.031522,FIXED400,TRACKING,400,23.352705,24.923890,0.017362,0.026799,5.043907,0.000000,0.000000,5.000000,0.054290,0
1784329910.056522,FIXED400,TRACKING,400,23.372604,49.944275,0.017362,0.026799,5.043907,0.000000,0.000000,5.000000,0.054290,0
1784329910.081518,FIXED400,TRACKING,400,22.805401,24.359937,0.019860,0.027246,5.046271,0.000000,0.000000,5.000000,0.057252,0
1784329910.106523,FIXED400,TRACKING,400,22.849839,24.944692,0.022219,0.027555,5.048244,0.000000,0.000000,5.000000,0.059837,0
1784329910.131527,FIXED400,TRACKING,400,22.942153,24.997885,0.022350,0.027111,5.051759,0.000000,0.000000,5.000000,0.062558,0
1784329910.156524,FIXED400,TRACKING,400,22.879518,49.930004,0.022350,0.027111,5.051759,0.000000,0.000000,5.000000,0.062558,0
1784329910.181522,FIXED400,TRACKING,400,22.903036,24.933657,0.021453,0.026501,5.054275,0.000000,0.000000,5.000000,0.064096,0
1784329910.206525,FIXED400,TRACKING,400,22.856497,24.887579,0.020402,0.025638,5.056796,0.000000,0.000000,5.000000,0.065569,0
1784329910.231523,FIXED400,TRACKING,400,22.938556,25.013519,0.019298,0.024499,5.058372,0.000000,0.000000,5.000000,0.066180,0
1784329910.256523,FIXED400,TRACKING,400,22.959000,50.033626,0.019298,0.024499,5.058372,0.000000,0.000000,5.000000,0.066180,0
1784329910.281520,FIXED400,TRACKING,400,22.935004,24.908398,0.017480,0.023196,5.058691,0.000000,0.000000,5.000000,0.065484,0
1784329910.306525,FIXED400,TRACKING,400,22.922431,24.924397,0.015448,0.021796,5.057843,0.000000,0.000000,5.000000,0.063715,0
1784329910.331525,FIXED400,TRACKING,400,22.928396,24.918904,0.013561,0.020421,5.056238,0.000000,0.000000,5.000000,0.061348,0
1784329910.356523,FIXED400,TRACKING,400,22.822969,49.808359,0.013561,0.020421,5.056238,0.000000,0.000000,5.000000,0.061348,0
1784329910.381523,FIXED400,TRACKING,400,22.796723,24.909488,0.011767,0.019022,5.053937,0.000000,0.000000,5.000000,0.058391,0
1784329910.406525,FIXED400,TRACKING,400,22.897670,25.040381,0.009238,0.019879,5.051877,0.000000,0.000000,5.000000,0.056318,0
1784329910.431524,FIXED400,TRACKING,400,22.840383,24.867282,0.006323,0.020606,5.049151,0.000000,0.000000,5.000000,0.053670,0
1784329910.456526,FIXED400,TRACKING,400,22.864271,49.891741,0.006323,0.020606,5.049151,0.000000,0.000000,5.000000,0.053670,0
1784329910.481524,FIXED400,TRACKING,400,22.788459,24.858863,0.004112,0.020930,5.046333,0.000000,0.000000,5.000000,0.051007,0
1784329910.506532,FIXED400,TRACKING,400,22.885859,25.042450,0.001752,0.021251,5.043655,0.000000,0.000000,5.000000,0.048584,0
1784329910.531528,FIXED400,TRACKING,400,22.868495,24.883341,-0.001056,0.022110,5.042734,0.000000,0.000000,5.000000,0.048127,0
1784329910.556527,FIXED400,TRACKING,400,22.837329,49.851546,-0.001056,0.022110,5.042734,0.000000,0.000000,5.000000,0.048127,0
1784329910.581524,FIXED400,TRACKING,400,22.864717,24.950527,-0.003681,0.022717,5.042289,0.000000,0.000000,5.000000,0.048145,0
1784329910.606528,FIXED400,TRACKING,400,23.432886,25.482787,-0.006078,0.023147,5.041749,0.000000,0.000000,5.000000,0.048122,0
1784329910.631527,FIXED400,TRACKING,400,23.057758,24.498848,-0.009729,0.023819,5.042023,0.000000,0.000000,5.000000,0.049274,0
1784329910.656529,FIXED400,TRACKING,400,23.418523,49.861262,-0.009729,0.023819,5.042023,0.000000,0.000000,5.000000,0.049274,0
1784329910.681526,FIXED400,TRACKING,400,23.102269,24.584929,-0.012863,0.024344,5.043000,0.000000,0.000000,5.000000,0.051060,0
1784329910.706531,FIXED400,TRACKING,400,23.362784,25.176227,-0.015795,0.024759,5.044093,0.000000,0.000000,5.000000,0.052978,0
1784329910.731525,FIXED400,TRACKING,400,23.881823,25.433672,-0.018514,0.025121,5.044544,0.000000,0.000000,5.000000,0.054388,0
1784329910.756531,FIXED400,TRACKING,400,24.216652,50.776087,-0.018514,0.025121,5.044544,0.000000,0.000000,5.000000,0.054388,0
1784329910.781524,FIXED400,TRACKING,400,23.057501,23.730307,-0.019791,0.025677,5.043947,0.000000,0.000000,5.000000,0.054611,0
1784329910.806528,FIXED400,TRACKING,400,24.395190,26.245072,-0.020576,0.026308,5.042881,0.000000,0.000000,5.000000,0.054353,0
1784329910.831515,FIXED400,TRACKING,400,23.288921,23.811842,-0.021439,0.026928,5.042097,0.000000,0.000000,5.000000,0.054377,0
1784329910.856527,FIXED400,TRACKING,400,23.308302,48.844346,-0.021439,0.026928,5.042097,0.000000,0.000000,5.000000,0.054377,0
1784329910.881525,FIXED400,TRACKING,400,23.069714,24.690154,-0.022044,0.027357,5.041954,0.000000,0.000000,5.000000,0.054722,0
1784329910.906529,FIXED400,TRACKING,400,22.895074,24.753539,-0.023716,0.029366,5.042838,0.000000,0.000000,5.000000,0.057096,0
1784329910.931530,FIXED400,TRACKING,400,22.899262,24.919122,-0.025371,0.031316,5.042677,0.000000,0.000000,5.000000,0.058700,0
1784329910.956526,FIXED400,TRACKING,400,22.861346,49.875629,-0.025371,0.031316,5.042677,0.000000,0.000000,5.000000,0.058700,0
1784329910.981526,FIXED400,TRACKING,400,22.830695,24.901391,-0.026117,0.032241,5.042035,0.000000,0.000000,5.000000,0.059064,0
1784329911.006529,FIXED400,TRACKING,400,22.799315,24.909375,-0.026536,0.033120,5.040497,0.000000,0.000000,5.000000,0.058661,0
1784329911.031529,FIXED400,TRACKING,400,22.774181,24.909512,-0.025599,0.033624,5.036254,0.000000,0.000000,5.000000,0.055680,0
1784329911.056527,FIXED400,TRACKING,400,22.813450,49.943019,-0.025599,0.033624,5.036254,0.000000,0.000000,5.000000,0.055680,0
1784329911.081527,FIXED400,TRACKING,400,22.824788,24.941235,-0.024779,0.033783,5.031875,0.000000,0.000000,5.000000,0.052643,0
1784329911.106529,FIXED400,TRACKING,400,22.962306,25.034696,-0.023928,0.033728,5.027074,0.000000,0.000000,5.000000,0.049428,0
1784329911.131532,FIXED400,TRACKING,400,22.928034,24.850421,-0.022941,0.033843,5.023785,0.000000,0.000000,5.000000,0.047301,0
1784329911.156529,FIXED400,TRACKING,400,22.815903,49.732912,-0.022941,0.033843,5.023785,0.000000,0.000000,5.000000,0.047301,0
1784329911.181527,FIXED400,TRACKING,400,22.792232,24.903304,-0.021802,0.034104,5.022486,0.000000,0.000000,5.000000,0.046303,0
1784329911.206530,FIXED400,TRACKING,400,22.832046,24.981062,-0.020590,0.034150,5.020740,0.000000,0.000000,5.000000,0.044948,0
1784329911.231528,FIXED400,TRACKING,400,23.258078,25.358003,-0.019003,0.033898,5.018873,0.000000,0.000000,5.000000,0.043201,0
1784329911.256527,FIXED400,TRACKING,400,22.864619,49.963232,-0.019003,0.033898,5.018873,0.000000,0.000000,5.000000,0.043201,0
1784329911.281527,FIXED400,TRACKING,400,22.832700,24.907069,-0.020158,0.034800,5.018631,0.000000,0.000000,5.000000,0.044322,0
1784329911.306528,FIXED400,TRACKING,400,22.997079,25.102306,-0.021855,0.035797,5.018789,0.000000,0.000000,5.000000,0.045958,0
1784329911.331531,FIXED400,TRACKING,400,23.390510,25.327467,-0.023260,0.036429,5.017983,0.000000,0.000000,5.000000,0.046813,0
1784329911.356529,FIXED400,TRACKING,400,23.690120,50.621678,-0.023260,0.036429,5.017983,0.000000,0.000000,5.000000,0.046813,0
1784329911.381529,FIXED400,TRACKING,400,23.372351,24.613204,-0.024415,0.036722,5.016565,0.000000,0.000000,5.000000,0.047106,0
1784329911.406530,FIXED400,TRACKING,400,23.370287,24.927241,-0.024037,0.036449,5.013570,0.000000,0.000000,5.000000,0.045721,0
1784329911.431529,FIXED400,TRACKING,400,22.993603,24.542535,-0.023472,0.035858,5.010227,0.000000,0.000000,5.000000,0.044060,0
1784329911.456530,FIXED400,TRACKING,400,23.032709,49.581986,-0.023472,0.035858,5.010227,0.000000,0.000000,5.000000,0.044060,0
1784329911.481528,FIXED400,TRACKING,400,22.855268,24.757305,-0.022932,0.035250,5.007975,0.000000,0.000000,5.000000,0.042802,0
1784329911.506530,FIXED400,TRACKING,400,22.848254,24.927583,-0.021850,0.034482,5.005983,0.000000,0.000000,5.000000,0.041258,0
1784329911.531532,FIXED400,TRACKING,400,22.754259,24.816673,-0.019287,0.033254,5.003187,0.000000,0.000000,5.000000,0.038574,0
1784329911.556529,FIXED400,TRACKING,400,22.828844,49.886927,-0.019287,0.033254,5.003187,0.000000,0.000000,5.000000,0.038574,0
1784329911.581529,FIXED400,TRACKING,400,22.852395,24.950340,-0.016735,0.031958,4.999682,0.000000,0.000000,5.000000,0.036076,0
1784329911.606529,FIXED400,TRACKING,400,22.850394,24.894923,-0.014173,0.030568,4.995650,0.000000,0.000000,5.000000,0.033973,0
1784329911.631533,FIXED400,TRACKING,400,22.886216,24.943160,-0.010583,0.029182,4.993103,0.000000,0.000000,5.000000,0.031798,0
1784329911.656532,FIXED400,TRACKING,400,22.802330,49.857696,-0.010583,0.029182,4.993103,0.000000,0.000000,5.000000,0.031798,0
1784329911.681529,FIXED400,TRACKING,400,22.847693,24.954657,-0.007551,0.028108,4.992463,0.000000,0.000000,5.000000,0.030065,0
1784329911.706535,FIXED400,TRACKING,400,23.982614,26.060751,-0.004551,0.026668,4.991159,0.000000,0.000000,5.000000,0.028462,0
1784329911.731529,FIXED400,TRACKING,400,22.782194,23.710877,-0.001566,0.024995,4.990054,0.000000,0.000000,5.000000,0.026947,0
1784329911.756531,FIXED400,TRACKING,400,22.776255,48.705928,-0.001566,0.024995,4.990054,0.000000,0.000000,5.000000,0.026947,0
1784329911.781530,FIXED400,TRACKING,400,22.785638,24.929199,0.001251,0.021549,4.987740,0.000000,0.000000,5.000000,0.024824,0
1784329911.806531,FIXED400,TRACKING,400,22.733199,24.882531,0.003976,0.017597,4.984559,0.000000,0.000000,5.000000,0.023747,0
1784329911.831531,FIXED400,TRACKING,400,22.781107,24.979875,0.007282,0.012757,4.981505,0.000000,0.000000,5.000000,0.023618,0
1784329911.856530,FIXED400,TRACKING,400,22.954136,50.151565,0.007282,0.012757,4.981505,0.000000,0.000000,5.000000,0.023618,0
1784329911.881531,FIXED400,TRACKING,400,22.870113,24.850666,0.009829,0.008934,4.979698,0.000000,0.000000,5.000000,0.024261,0
1784329911.906531,FIXED400,TRACKING,400,23.319463,25.384020,0.009922,0.007014,4.977592,0.000000,0.000000,5.000000,0.025491,0
1784329911.931530,FIXED400,TRACKING,400,22.805937,24.414541,0.010217,0.005031,4.975827,0.000000,0.000000,5.000000,0.026721,0
1784329911.956531,FIXED400,TRACKING,400,22.826407,49.435466,0.010217,0.005031,4.975827,0.000000,0.000000,5.000000,0.026721,0
1784329911.981531,FIXED400,TRACKING,400,22.750618,24.855395,0.010648,0.002939,4.974360,0.000000,0.000000,5.000000,0.027918,0
1784329912.006534,FIXED400,TRACKING,400,22.892246,25.077119,0.010682,0.000797,4.973535,0.000000,0.000000,5.000000,0.028551,0
1784329912.031532,FIXED400,TRACKING,400,22.869539,24.902762,0.009181,-0.001587,4.972989,0.000000,0.000000,5.000000,0.028573,0
1784329912.056532,FIXED400,TRACKING,400,22.812026,49.844909,0.009181,-0.001587,4.972989,0.000000,0.000000,5.000000,0.028573,0
1784329912.081532,FIXED400,TRACKING,400,22.930197,25.050011,0.008154,-0.003563,4.973638,0.000000,0.000000,5.000000,0.027824,0
1784329912.106533,FIXED400,TRACKING,400,22.988619,24.952393,0.007249,-0.005558,4.975574,0.000000,0.000000,5.000000,0.026078,0
1784329912.131536,FIXED400,TRACKING,400,22.837261,24.761635,0.006722,-0.007164,4.978569,0.000000,0.000000,5.000000,0.023575,0
1784329912.156534,FIXED400,TRACKING,400,22.961842,49.880788,0.006722,-0.007164,4.978569,0.000000,0.000000,5.000000,0.023575,0
1784329912.181532,FIXED400,TRACKING,400,22.959266,24.906850,0.006526,-0.008395,4.982992,0.000000,0.000000,5.000000,0.020059,0
1784329912.206533,FIXED400,TRACKING,400,22.820400,24.791649,0.006494,-0.009710,4.987556,0.000000,0.000000,5.000000,0.017068,0
1784329912.231534,FIXED400,TRACKING,400,22.811782,24.928800,0.006650,-0.011368,4.992249,0.000000,0.000000,5.000000,0.015281,0
1784329912.256533,FIXED400,TRACKING,400,22.858085,49.976423,0.006650,-0.011368,4.992249,0.000000,0.000000,5.000000,0.015281,0
1784329912.281533,FIXED400,TRACKING,400,22.849374,24.919568,0.007231,-0.012442,4.997509,0.000000,0.000000,5.000000,0.014605,0
1784329912.306533,FIXED400,TRACKING,400,23.952896,26.039004,0.007929,-0.013445,5.003244,0.000000,0.000000,5.000000,0.015942,0
1784329912.331533,FIXED400,TRACKING,400,22.780244,23.757002,0.008635,-0.014443,5.007999,0.000000,0.000000,5.000000,0.018632,0
1784329912.356533,FIXED400,TRACKING,400,22.857761,48.832607,0.008635,-0.014443,5.007999,0.000000,0.000000,5.000000,0.018632,0
1784329912.381533,FIXED400,TRACKING,400,22.996188,25.074271,0.009372,-0.015434,5.012045,0.000000,0.000000,5.000000,0.021705,0
1784329912.406533,FIXED400,TRACKING,400,23.642833,25.583632,0.009212,-0.017854,5.019900,0.000000,0.000000,5.000000,0.028278,0
1784329912.431541,FIXED400,TRACKING,400,27.619576,28.843148,0.009159,-0.020657,5.028377,0.000000,0.000000,5.000000,0.036274,1
1784329912.459260,FIXED400,TRACKING,400,22.839516,51.777877,0.009159,-0.020657,5.028377,0.000000,0.000000,5.000000,0.036274,0
1784329912.482176,FIXED400,TRACKING,400,22.885799,22.902049,0.009245,-0.022691,5.033055,0.000000,0.000000,5.000000,0.041146,0
1784329912.506534,FIXED400,TRACKING,400,24.366988,25.785312,0.009200,-0.024935,5.037178,0.000000,0.000000,5.000000,0.045701,0
1784329912.531523,FIXED400,TRACKING,400,22.837241,23.366751,0.008653,-0.028265,5.042775,0.000000,0.000000,5.000000,0.051995,0
1784329912.556534,FIXED400,TRACKING,400,22.796905,48.337873,0.008653,-0.028265,5.042775,0.000000,0.000000,5.000000,0.051995,0
1784329912.581532,FIXED400,TRACKING,400,22.936380,25.055523,0.008251,-0.031357,5.047554,0.000000,0.000000,5.000000,0.057556,0
1784329912.606526,FIXED400,TRACKING,400,22.822967,24.782124,0.007961,-0.034119,5.051616,0.000000,0.000000,5.000000,0.062384,0
1784329912.631542,FIXED400,TRACKING,400,23.173939,25.302294,0.008266,-0.038774,5.056808,0.000000,0.000000,5.000000,0.069274,0
1784329912.656537,FIXED400,TRACKING,400,22.875644,49.990145,0.008266,-0.038774,5.056808,0.000000,0.000000,5.000000,0.069274,0
1784329912.681537,FIXED400,TRACKING,400,22.982236,25.028308,0.008823,-0.042783,5.060442,0.000000,0.000000,5.000000,0.074575,0
1784329912.706535,FIXED400,TRACKING,400,22.871355,24.798351,0.009414,-0.046372,5.063559,0.000000,0.000000,5.000000,0.079238,0
1784329912.731535,FIXED400,TRACKING,400,22.867864,24.906023,0.010047,-0.049507,5.066028,0.000000,0.000000,5.000000,0.083136,0
1784329912.756535,FIXED400,TRACKING,400,23.895582,50.934272,0.010047,-0.049507,5.066028,0.000000,0.000000,5.000000,0.083136,0
1784329912.781535,FIXED400,TRACKING,400,22.860617,23.882151,0.010391,-0.052412,5.067160,0.000000,0.000000,5.000000,0.085822,0
1784329912.806537,FIXED400,TRACKING,400,22.944355,25.011796,0.010661,-0.054953,5.067351,0.000000,0.000000,5.000000,0.087577,0
1784329912.831536,FIXED400,TRACKING,400,22.826031,24.817378,0.011032,-0.057558,5.066042,0.000000,0.000000,5.000000,0.088296,0
1784329912.856537,FIXED400,TRACKING,400,22.715849,49.705402,0.011032,-0.057558,5.066042,0.000000,0.000000,5.000000,0.088296,0
1784329912.881535,FIXED400,TRACKING,400,22.791777,24.999491,0.011384,-0.059235,5.063898,0.000000,0.000000,5.000000,0.087871,0
1784329912.906535,FIXED400,TRACKING,400,22.816482,24.962082,0.008481,-0.060693,5.059441,0.000000,0.000000,5.000000,0.085375,0
1784329912.931535,FIXED400,TRACKING,400,22.857287,24.974916,0.005889,-0.061884,5.054790,0.000000,0.000000,5.000000,0.082863,0
1784329912.956535,FIXED400,TRACKING,400,22.807480,49.925301,0.005889,-0.061884,5.054790,0.000000,0.000000,5.000000,0.082863,0
1784329912.981537,FIXED400,TRACKING,400,22.774350,24.902272,0.003557,-0.062776,5.049550,0.000000,0.000000,5.000000,0.080054,0
1784329913.006538,FIXED400,TRACKING,400,22.925025,25.075021,0.001032,-0.063362,5.044214,0.000000,0.000000,5.000000,0.077270,0
1784329913.031537,FIXED400,TRACKING,400,22.943455,24.951760,-0.003177,-0.063719,5.038313,0.000000,0.000000,5.000000,0.074418,0
1784329913.056536,FIXED400,TRACKING,400,22.890384,49.895216,-0.003177,-0.063719,5.038313,0.000000,0.000000,5.000000,0.074418,0
1784329913.081536,FIXED400,TRACKING,400,22.882838,24.924518,-0.006236,-0.063643,5.032793,0.000000,0.000000,5.000000,0.071866,0
1784329913.106540,FIXED400,TRACKING,400,22.938065,24.961029,-0.009072,-0.063277,5.026734,0.000000,0.000000,5.000000,0.069289,0
1784329913.131547,FIXED400,TRACKING,400,23.273814,25.252475,-0.013054,-0.063476,5.021660,0.000000,0.000000,5.000000,0.068328,0
1784329913.156538,FIXED400,TRACKING,400,22.873078,49.837222,-0.013054,-0.063476,5.021660,0.000000,0.000000,5.000000,0.068328,0
1784329913.181536,FIXED400,TRACKING,400,22.829393,24.872399,-0.018040,-0.064084,5.018075,0.000000,0.000000,5.000000,0.068985,0
1784329913.206542,FIXED400,TRACKING,400,22.866215,24.975814,-0.022638,-0.064224,5.014644,0.000000,0.000000,5.000000,0.069654,0
1784329913.231538,FIXED400,TRACKING,400,22.831139,24.886830,-0.027827,-0.063936,5.010141,0.000000,0.000000,5.000000,0.070463,0
1784329913.256536,FIXED400,TRACKING,400,22.866818,49.918685,-0.027827,-0.063936,5.010141,0.000000,0.000000,5.000000,0.070463,0
1784329913.281536,FIXED400,TRACKING,400,22.940594,25.011048,-0.031073,-0.060681,5.006809,0.000000,0.000000,5.000000,0.068513,0
1784329913.306537,FIXED400,TRACKING,400,22.858602,24.855661,-0.033895,-0.056618,5.004079,0.000000,0.000000,5.000000,0.066114,0
1784329913.331538,FIXED400,TRACKING,400,22.998018,25.040169,-0.036401,-0.052602,5.001751,0.000000,0.000000,5.000000,0.063993,0
1784329913.356538,FIXED400,TRACKING,400,22.911034,49.953568,-0.036401,-0.052602,5.001751,0.000000,0.000000,5.000000,0.063993,0
1784329913.381540,FIXED400,TRACKING,400,22.858720,24.882716,-0.038602,-0.048637,4.999761,0.000000,0.000000,5.000000,0.062095,0
1784329913.406539,FIXED400,TRACKING,400,22.990067,25.068906,-0.042236,-0.045536,4.998648,0.000000,0.000000,5.000000,0.062122,0
1784329913.431539,FIXED400,TRACKING,400,23.276866,25.205976,-0.046115,-0.041435,4.998247,0.000000,0.000000,5.000000,0.062021,0
1784329913.456538,FIXED400,TRACKING,400,22.862618,49.790199,-0.046115,-0.041435,4.998247,0.000000,0.000000,5.000000,0.062021,0
1784329913.481538,FIXED400,TRACKING,400,22.853801,24.921402,-0.048696,-0.038016,4.998133,0.000000,0.000000,5.000000,0.061806,0
1784329913.506541,FIXED400,TRACKING,400,22.886134,24.967435,-0.050546,-0.033954,4.998777,0.000000,0.000000,5.000000,0.060904,0
1784329913.531539,FIXED400,TRACKING,400,22.725859,24.771681,-0.051131,-0.028413,5.000288,0.000000,0.000000,5.000000,0.058496,0
1784329913.556539,FIXED400,TRACKING,400,22.891401,49.936105,-0.051131,-0.028413,5.000288,0.000000,0.000000,5.000000,0.058496,0
1784329913.581539,FIXED400,TRACKING,400,22.860878,24.899611,-0.051477,-0.022871,5.001482,0.000000,0.000000,5.000000,0.056348,0
1784329913.606544,FIXED400,TRACKING,400,22.954560,25.001879,-0.051531,-0.017284,5.002184,0.000000,0.000000,5.000000,0.054397,0
1784329913.631543,FIXED400,TRACKING,400,23.126754,25.050444,-0.052877,-0.009713,5.003873,0.000000,0.000000,5.000000,0.053901,0
1784329913.656545,FIXED400,TRACKING,400,22.836394,49.760962,-0.052877,-0.009713,5.003873,0.000000,0.000000,5.000000,0.053901,0
1784329913.681541,FIXED400,TRACKING,400,22.981758,25.059904,-0.054473,-0.003485,5.005125,0.000000,0.000000,5.000000,0.054824,0
1784329913.706540,FIXED400,TRACKING,400,22.932394,24.874570,-0.055713,0.002579,5.005483,0.000000,0.000000,5.000000,0.056042,0
1784329913.731543,FIXED400,TRACKING,400,22.921923,24.922647,-0.056642,0.008486,5.005473,0.000000,0.000000,5.000000,0.057535,0
1784329913.756539,FIXED400,TRACKING,400,22.844127,49.840515,-0.056642,0.008486,5.005473,0.000000,0.000000,5.000000,0.057535,0
1784329913.781540,FIXED400,TRACKING,400,22.993336,25.074449,-0.057304,0.014299,5.005102,0.000000,0.000000,5.000000,0.059281,0
1784329913.806541,FIXED400,TRACKING,400,23.226324,25.151410,-0.057494,0.017562,5.005255,0.000000,0.000000,5.000000,0.060346,0
1784329913.831540,FIXED400,TRACKING,400,24.083864,25.774156,-0.057559,0.023017,5.006229,0.000000,0.000000,5.000000,0.062303,0
1784329913.856544,FIXED400,TRACKING,400,22.868108,49.562608,-0.057559,0.023017,5.006229,0.000000,0.000000,5.000000,0.062303,0
1784329913.881542,FIXED400,TRACKING,400,22.822154,24.881166,-0.057326,0.027276,5.007348,0.000000,0.000000,5.000000,0.063908,0
1784329913.906540,FIXED400,TRACKING,400,22.786150,24.890745,-0.056285,0.030512,5.007204,0.000000,0.000000,5.000000,0.064427,0
1784329913.931540,FIXED400,TRACKING,400,22.889878,25.020348,-0.055063,0.033682,5.007094,0.000000,0.000000,5.000000,0.064937,0
1784329913.956541,FIXED400,TRACKING,400,23.714946,50.849058,-0.055063,0.033682,5.007094,0.000000,0.000000,5.000000,0.064937,0
1784329913.981535,FIXED400,TRACKING,400,22.824575,24.022149,-0.053644,0.036714,5.007486,0.000000,0.000000,5.000000,0.065434,0
1784329914.006540,FIXED400,TRACKING,400,22.877633,25.005161,-0.051817,0.039831,5.008111,0.000000,0.000000,5.000000,0.065858,0
1784329914.031541,FIXED400,TRACKING,400,23.108949,25.162708,-0.048537,0.044159,5.010304,0.000000,0.000000,5.000000,0.066423,0
1784329914.056541,FIXED400,TRACKING,400,22.784603,49.837677,-0.048537,0.044159,5.010304,0.000000,0.000000,5.000000,0.066423,0
1784329914.081544,FIXED400,TRACKING,400,22.813791,24.968077,-0.045751,0.047337,5.011325,0.000000,0.000000,5.000000,0.066800,0
1784329914.106547,FIXED400,TRACKING,400,23.113129,25.207517,-0.042757,0.050443,5.011989,0.000000,0.000000,5.000000,0.067204,0
1784329914.131542,FIXED400,TRACKING,400,23.227329,24.988129,-0.040892,0.052478,5.012368,0.000000,0.000000,5.000000,0.067668,0
1784329914.156543,FIXED400,TRACKING,400,22.849180,49.608942,-0.040892,0.052478,5.012368,0.000000,0.000000,5.000000,0.067668,0
1784329914.181541,FIXED400,TRACKING,400,22.844064,24.910285,-0.040018,0.053472,5.012266,0.000000,0.000000,5.000000,0.067906,0
1784329914.206551,FIXED400,TRACKING,400,23.056567,25.160685,-0.038816,0.054353,5.011490,0.000000,0.000000,5.000000,0.067772,0
1784329914.231541,FIXED400,TRACKING,400,22.827250,24.686848,-0.036962,0.055609,5.011066,0.000000,0.000000,5.000000,0.067683,0
1784329914.256542,FIXED400,TRACKING,400,22.862738,49.722560,-0.036962,0.055609,5.011066,0.000000,0.000000,5.000000,0.067683,0
1784329914.281542,FIXED400,TRACKING,400,22.802917,24.877769,-0.036813,0.056856,5.011121,0.000000,0.000000,5.000000,0.068640,0
1784329914.306545,FIXED400,TRACKING,400,22.760134,24.892821,-0.036819,0.057970,5.010462,0.000000,0.000000,5.000000,0.069466,0
1784329914.331544,FIXED400,TRACKING,400,22.801486,24.976501,-0.036514,0.058855,5.009107,0.000000,0.000000,5.000000,0.069858,0
1784329914.356542,FIXED400,TRACKING,400,22.777906,49.947246,-0.036514,0.058855,5.009107,0.000000,0.000000,5.000000,0.069858,0
1784329914.381542,FIXED400,TRACKING,400,22.782660,24.941757,-0.035923,0.059497,5.007645,0.000000,0.000000,5.000000,0.069920,0
1784329914.406543,FIXED400,TRACKING,400,22.889659,25.043858,-0.036034,0.060730,5.007607,0.000000,0.000000,5.000000,0.071024,0
1784329914.431546,FIXED400,TRACKING,400,22.884194,24.915849,-0.035815,0.061770,5.007707,0.000000,0.000000,5.000000,0.071817,0
1784329914.456540,FIXED400,TRACKING,400,22.816145,49.838913,-0.035815,0.061770,5.007707,0.000000,0.000000,5.000000,0.071817,0
1784329914.481539,FIXED400,TRACKING,400,22.936528,25.047938,-0.035389,0.062189,5.007988,0.000000,0.000000,5.000000,0.071998,0
1784329914.506543,FIXED400,TRACKING,400,22.830231,24.802354,-0.034721,0.062476,5.008193,0.000000,0.000000,5.000000,0.071943,0
1784329914.531543,FIXED400,TRACKING,400,22.841671,24.925822,-0.033747,0.063059,5.009216,0.000000,0.000000,5.000000,0.072112,0
1784329914.556543,FIXED400,TRACKING,400,22.818908,49.902929,-0.033747,0.063059,5.009216,0.000000,0.000000,5.000000,0.072112,0
1784329914.581544,FIXED400,TRACKING,400,22.914530,25.030511,-0.032585,0.063269,5.009815,0.000000,0.000000,5.000000,0.071841,0
1784329914.606547,FIXED400,TRACKING,400,23.066096,25.068097,-0.031255,0.063117,5.009752,0.000000,0.000000,5.000000,0.071104,0
1784329914.631555,FIXED400,TRACKING,400,23.436763,25.278095,-0.028361,0.061773,5.009581,0.000000,0.000000,5.000000,0.068645,0
1784329914.656536,FIXED400,TRACKING,400,22.865906,49.683678,-0.028361,0.061773,5.009581,0.000000,0.000000,5.000000,0.068645,0
1784329914.681545,FIXED400,TRACKING,400,22.919839,24.994892,-0.025490,0.060176,5.010003,0.000000,0.000000,5.000000,0.066113,0
1784329914.706548,FIXED400,TRACKING,400,23.874127,25.879033,-0.022591,0.058443,5.010044,0.000000,0.000000,5.000000,0.063457,0
1784329914.731543,FIXED400,TRACKING,400,22.928562,23.982235,-0.019674,0.056579,5.009460,0.000000,0.000000,5.000000,0.060644,0
1784329914.756546,FIXED400,TRACKING,400,22.877168,48.934157,-0.019674,0.056579,5.009460,0.000000,0.000000,5.000000,0.060644,0
1784329914.781544,FIXED400,TRACKING,400,22.823246,24.861955,-0.016214,0.053591,5.011002,0.000000,0.000000,5.000000,0.057060,0
1784329914.806548,FIXED400,TRACKING,400,22.934780,25.050337,-0.012542,0.050244,5.012712,0.000000,0.000000,5.000000,0.053324,0
1784329914.831545,FIXED400,TRACKING,400,23.222065,25.215612,-0.007918,0.046011,5.015000,0.000000,0.000000,5.000000,0.049038,0
1784329914.856545,FIXED400,TRACKING,400,23.470802,50.461457,-0.007918,0.046011,5.015000,0.000000,0.000000,5.000000,0.049038,0
1784329914.881542,FIXED400,TRACKING,400,23.503910,24.936538,-0.004291,0.042634,5.016963,0.000000,0.000000,5.000000,0.046085,0
1784329914.906546,FIXED400,TRACKING,400,23.513510,24.934791,0.000166,0.038838,5.020304,0.000000,0.000000,5.000000,0.043825,0
1784329914.931545,FIXED400,TRACKING,400,22.903553,24.308584,0.004518,0.034989,5.022683,0.000000,0.000000,5.000000,0.041942,0
1784329914.956545,FIXED400,TRACKING,400,23.303091,49.708444,0.004518,0.034989,5.022683,0.000000,0.000000,5.000000,0.041942,0
1784329914.981544,FIXED400,TRACKING,400,23.278254,24.867373,0.008717,0.031049,5.024560,0.000000,0.000000,5.000000,0.040537,0
1784329915.006547,FIXED400,TRACKING,400,23.176774,24.818762,0.012322,0.027418,5.026434,0.000000,0.000000,5.000000,0.040029,0
1784329915.031545,FIXED400,TRACKING,400,23.456065,25.206989,0.015072,0.024156,5.029535,0.000000,0.000000,5.000000,0.041024,0
1784329915.056544,FIXED400,TRACKING,400,24.322092,51.072772,0.015072,0.024156,5.029535,0.000000,0.000000,5.000000,0.041024,0
1784329915.081542,FIXED400,TRACKING,400,23.418779,24.012965,0.017188,0.021269,5.032527,0.000000,0.000000,5.000000,0.042495,0
1784329915.106559,FIXED400,TRACKING,400,23.992876,25.494811,0.019150,0.018198,5.035010,0.000000,0.000000,5.000000,0.043859,0
1784329915.131561,FIXED400,TRACKING,400,23.539827,24.434867,0.020061,0.015710,5.038155,0.000000,0.000000,5.000000,0.045881,0
1784329915.156547,FIXED400,TRACKING,400,22.860648,48.739840,0.020061,0.015710,5.038155,0.000000,0.000000,5.000000,0.045881,0
1784329915.181545,FIXED400,TRACKING,400,22.890656,24.960666,0.019970,0.013733,5.042664,0.000000,0.000000,5.000000,0.049067,0
1784329915.206547,FIXED400,TRACKING,400,22.791514,24.841728,0.019805,0.011574,5.046912,0.000000,0.000000,5.000000,0.052220,0
1784329915.231546,FIXED400,TRACKING,400,22.754659,24.901540,0.019559,0.008723,5.050722,0.000000,0.000000,5.000000,0.055057,0
1784329915.256546,FIXED400,TRACKING,400,22.697398,49.844169,0.019559,0.008723,5.050722,0.000000,0.000000,5.000000,0.055057,0
1784329915.281546,FIXED400,TRACKING,400,22.733292,24.973585,0.018347,0.006383,5.054492,0.000000,0.000000,5.000000,0.057851,0
1784329915.306550,FIXED400,TRACKING,400,22.837918,25.048472,0.016873,0.004051,5.057554,0.000000,0.000000,5.000000,0.060113,0
1784329915.331549,FIXED400,TRACKING,400,22.766982,24.854402,0.015504,0.001763,5.059069,0.000000,0.000000,5.000000,0.061095,0
1784329915.356546,FIXED400,TRACKING,400,22.764748,49.845732,0.015504,0.001763,5.059069,0.000000,0.000000,5.000000,0.061095,0
1784329915.381549,FIXED400,TRACKING,400,22.869674,25.046629,0.014224,-0.000469,5.059281,0.000000,0.000000,5.000000,0.060965,0
1784329915.406546,FIXED400,TRACKING,400,22.913350,24.979915,0.013239,-0.001132,5.061958,0.000000,0.000000,5.000000,0.063367,0
1784329915.431548,FIXED400,TRACKING,400,22.939805,24.952020,0.012143,-0.001888,5.063579,0.000000,0.000000,5.000000,0.064756,0
1784329915.456547,FIXED400,TRACKING,400,22.918720,49.928319,0.012143,-0.001888,5.063579,0.000000,0.000000,5.000000,0.064756,0
1784329915.481547,FIXED400,TRACKING,400,22.814017,24.827305,0.011344,-0.002484,5.063759,0.000000,0.000000,5.000000,0.064808,0
1784329915.506550,FIXED400,TRACKING,400,22.904204,25.024121,0.010576,-0.003307,5.063504,0.000000,0.000000,5.000000,0.064464,0
1784329915.531549,FIXED400,TRACKING,400,22.851831,24.874889,0.009814,-0.004723,5.063124,0.000000,0.000000,5.000000,0.064056,0
1784329915.556548,FIXED400,TRACKING,400,22.828626,49.850561,0.009814,-0.004723,5.063124,0.000000,0.000000,5.000000,0.064056,0
1784329915.581550,FIXED400,TRACKING,400,22.881966,24.979391,0.009096,-0.005971,5.062315,0.000000,0.000000,5.000000,0.063258,0
1784329915.606552,FIXED400,TRACKING,400,22.838237,24.871878,0.008395,-0.007084,5.061110,0.000000,0.000000,5.000000,0.062089,0
1784329915.631552,FIXED400,TRACKING,400,22.913557,24.984051,0.008058,-0.006452,5.058286,0.000000,0.000000,5.000000,0.059193,0
1784329915.656550,FIXED400,TRACKING,400,22.907209,49.973939,0.008058,-0.006452,5.058286,0.000000,0.000000,5.000000,0.059193,0
1784329915.681549,FIXED400,TRACKING,400,22.818972,24.822677,0.007981,-0.005022,5.055063,0.000000,0.000000,5.000000,0.055864,0
1784329915.706549,FIXED400,TRACKING,400,22.874542,24.979741,0.007869,-0.003837,5.051909,0.000000,0.000000,5.000000,0.052643,0
1784329915.731550,FIXED400,TRACKING,400,22.835670,24.878519,0.007669,-0.002755,5.048810,0.000000,0.000000,5.000000,0.049485,0
1784329915.756549,FIXED400,TRACKING,400,22.869302,49.909237,0.007669,-0.002755,5.048810,0.000000,0.000000,5.000000,0.049485,0
1784329915.781549,FIXED400,TRACKING,400,22.835756,24.873772,0.005493,-0.001639,5.045241,0.000000,0.000000,5.000000,0.045603,0
1784329915.806551,FIXED400,TRACKING,400,22.866837,24.962267,0.002863,-0.000531,5.040900,0.000000,0.000000,5.000000,0.041004,0
1784329915.831549,FIXED400,TRACKING,400,22.857269,24.922907,-0.000088,0.000936,5.034950,0.000000,0.000000,5.000000,0.034962,0
1784329915.856549,FIXED400,TRACKING,400,22.967327,50.033032,-0.000088,0.000936,5.034950,0.000000,0.000000,5.000000,0.034962,0
1784329915.881549,FIXED400,TRACKING,400,22.801697,24.767083,-0.002283,0.002051,5.031277,0.000000,0.000000,5.000000,0.031427,0
1784329915.906552,FIXED400,TRACKING,400,22.861892,24.998876,-0.002858,0.004008,5.026519,0.000000,0.000000,5.000000,0.026972,0
1784329915.931551,FIXED400,TRACKING,400,22.858689,24.927384,-0.003333,0.005834,5.021850,0.000000,0.000000,5.000000,0.022859,0
1784329915.956549,FIXED400,TRACKING,400,22.907062,49.974289,-0.003333,0.005834,5.021850,0.000000,0.000000,5.000000,0.022859,0
1784329915.981549,FIXED400,TRACKING,400,22.844934,24.870511,-0.003780,0.007434,5.017933,0.000000,0.000000,5.000000,0.019777,0
1784329916.006553,FIXED400,TRACKING,400,22.917856,25.012832,-0.004101,0.009771,5.015127,0.000000,0.000000,5.000000,0.018469,0
1784329916.031551,FIXED400,TRACKING,400,22.862768,24.868493,-0.003845,0.015775,5.012930,0.000000,0.000000,5.000000,0.020756,0
1784329916.056551,FIXED400,TRACKING,400,22.840765,49.842537,-0.003845,0.015775,5.012930,0.000000,0.000000,5.000000,0.020756,0
1784329916.081550,FIXED400,TRACKING,400,22.853027,24.944220,-0.003593,0.020145,5.011626,0.000000,0.000000,5.000000,0.023535,0
1784329916.106559,FIXED400,TRACKING,400,22.845846,24.904879,-0.003325,0.024100,5.011095,0.000000,0.000000,5.000000,0.026739,0
1784329916.131555,FIXED400,TRACKING,400,22.788584,24.838607,-0.004378,0.028099,5.010036,0.000000,0.000000,5.000000,0.030157,0
1784329916.156552,FIXED400,TRACKING,400,22.813794,49.858191,-0.004378,0.028099,5.010036,0.000000,0.000000,5.000000,0.030157,0
1784329916.181551,FIXED400,TRACKING,400,22.767815,24.866055,-0.006574,0.032112,5.008106,0.000000,0.000000,5.000000,0.033765,0
1784329916.206550,FIXED400,TRACKING,400,22.817338,24.988076,-0.008544,0.035639,5.005562,0.000000,0.000000,5.000000,0.037068,0
1784329916.231549,FIXED400,TRACKING,400,22.803309,24.923525,-0.010751,0.039451,5.002129,0.000000,0.000000,5.000000,0.040945,0
1784329916.256551,FIXED400,TRACKING,400,22.769170,49.890925,-0.010751,0.039451,5.002129,0.000000,0.000000,5.000000,0.040945,0
1784329916.281551,FIXED400,TRACKING,400,22.838858,25.002349,-0.013439,0.043622,5.000735,0.000000,0.000000,5.000000,0.045651,0
1784329916.306553,FIXED400,TRACKING,400,22.825719,24.926447,-0.016257,0.047790,5.000747,0.000000,0.000000,5.000000,0.050485,0
1784329916.331552,FIXED400,TRACKING,400,22.933155,25.007225,-0.018895,0.051467,5.000711,0.000000,0.000000,5.000000,0.054830,0
1784329916.356553,FIXED400,TRACKING,400,22.848555,49.926376,-0.018895,0.051467,5.000711,0.000000,0.000000,5.000000,0.054830,0
1784329916.381551,FIXED400,TRACKING,400,22.828177,24.907160,-0.021376,0.054755,4.999736,0.000000,0.000000,5.000000,0.058780,0
1784329916.406553,FIXED400,TRACKING,400,22.863478,24.970990,-0.024129,0.055979,4.998773,0.000000,0.000000,5.000000,0.060970,0
1784329916.431552,FIXED400,TRACKING,400,23.018356,25.085880,-0.027185,0.057099,4.997353,0.000000,0.000000,5.000000,0.063296,0
1784329916.456553,FIXED400,TRACKING,400,22.863880,49.932683,-0.027185,0.057099,4.997353,0.000000,0.000000,5.000000,0.063296,0
1784329916.481553,FIXED400,TRACKING,400,22.846682,24.911577,-0.029356,0.057642,4.996468,0.000000,0.000000,5.000000,0.064783,0
1784329916.506553,FIXED400,TRACKING,400,22.969634,25.061611,-0.031493,0.058105,4.995308,0.000000,0.000000,5.000000,0.066257,0
1784329916.531553,FIXED400,TRACKING,400,22.784722,24.749739,-0.034613,0.059144,4.992269,0.000000,0.000000,5.000000,0.068962,0
1784329916.556553,FIXED400,TRACKING,400,22.992776,49.956055,-0.034613,0.059144,4.992269,0.000000,0.000000,5.000000,0.068962,0
1784329916.581554,FIXED400,TRACKING,400,22.862104,24.801847,-0.036236,0.059526,4.990756,0.000000,0.000000,5.000000,0.070298,0
1784329916.606555,FIXED400,TRACKING,400,23.608258,25.642707,-0.038150,0.059772,4.989109,0.000000,0.000000,5.000000,0.071741,0
1784329916.631559,FIXED400,TRACKING,400,23.413410,24.679696,-0.040464,0.056592,4.985348,0.000000,0.000000,5.000000,0.071096,0
1784329916.656550,FIXED400,TRACKING,400,22.771106,49.026100,-0.040464,0.056592,4.985348,0.000000,0.000000,5.000000,0.071096,0
1784329916.681553,FIXED400,TRACKING,400,22.798240,24.940587,-0.042138,0.052422,4.981088,0.000000,0.000000,5.000000,0.069867,0
1784329916.706557,FIXED400,TRACKING,400,22.972767,25.099009,-0.043440,0.048268,4.977892,0.000000,0.000000,5.000000,0.068598,0
1784329916.731554,FIXED400,TRACKING,400,22.880416,24.828357,-0.044387,0.044084,4.976199,0.000000,0.000000,5.000000,0.066934,0
1784329916.756553,FIXED400,TRACKING,400,22.804897,49.752631,-0.044387,0.044084,4.976199,0.000000,0.000000,5.000000,0.066934,0
1784329916.781554,FIXED400,TRACKING,400,22.841984,24.951245,-0.045455,0.039304,4.977029,0.000000,0.000000,5.000000,0.064333,0
1784329916.806557,FIXED400,TRACKING,400,22.964141,25.057180,-0.046288,0.034389,4.978166,0.000000,0.000000,5.000000,0.061660,0
1784329916.831554,FIXED400,TRACKING,400,22.939592,24.904181,-0.046823,0.028297,4.979436,0.000000,0.000000,5.000000,0.058447,0
1784329916.856553,FIXED400,TRACKING,400,22.911178,49.875110,-0.046823,0.028297,4.979436,0.000000,0.000000,5.000000,0.058447,0
1784329916.881554,FIXED400,TRACKING,400,22.929303,24.951414,-0.046871,0.023526,4.980011,0.000000,0.000000,5.000000,0.056124,0
1784329916.906555,FIXED400,TRACKING,400,22.994004,25.001927,-0.047005,0.018059,4.980965,0.000000,0.000000,5.000000,0.053833,0
1784329916.931554,FIXED400,TRACKING,400,22.817702,24.733095,-0.046807,0.012820,4.981905,0.000000,0.000000,5.000000,0.051794,0
1784329916.956554,FIXED400,TRACKING,400,22.834517,49.749975,-0.046807,0.012820,4.981905,0.000000,0.000000,5.000000,0.051794,0
1784329916.981554,FIXED400,TRACKING,400,22.846553,24.938502,-0.046267,0.007814,4.983611,0.000000,0.000000,5.000000,0.049702,0
1784329917.006556,FIXED400,TRACKING,400,22.862064,24.949486,-0.045405,0.002805,4.986551,0.000000,0.000000,5.000000,0.047438,0
1784329917.031555,FIXED400,TRACKING,400,22.768148,24.837180,-0.044017,-0.003895,4.993521,0.000000,0.000000,5.000000,0.044662,0
1784329917.056556,FIXED400,TRACKING,400,22.837810,49.907434,-0.044017,-0.003895,4.993521,0.000000,0.000000,5.000000,0.044662,0
1784329917.081555,FIXED400,TRACKING,400,22.747675,24.841970,-0.042588,-0.008957,4.998928,0.000000,0.000000,5.000000,0.043533,0
1784329917.106559,FIXED400,TRACKING,400,22.874524,25.028428,-0.040995,-0.013800,5.004901,0.000000,0.000000,5.000000,0.043532,0
1784329917.131559,FIXED400,TRACKING,400,22.911719,24.927742,-0.038260,-0.016809,5.010885,0.000000,0.000000,5.000000,0.043184,0
1784329917.156557,FIXED400,TRACKING,400,22.842252,49.853008,-0.038260,-0.016809,5.010885,0.000000,0.000000,5.000000,0.043184,0
1784329917.181555,FIXED400,TRACKING,400,22.889090,24.964558,-0.034498,-0.018198,5.016334,0.000000,0.000000,5.000000,0.042285,0
1784329917.206559,FIXED400,TRACKING,400,22.912184,24.958165,-0.030811,-0.019639,5.020831,0.000000,0.000000,5.000000,0.042058,0
1784329917.231556,FIXED400,TRACKING,400,22.936447,24.951774,-0.026375,-0.021509,5.025939,0.000000,0.000000,5.000000,0.042792,0
1784329917.256556,FIXED400,TRACKING,400,22.915319,49.930228,-0.026375,-0.021509,5.025939,0.000000,0.000000,5.000000,0.042792,0
1784329917.281555,FIXED400,TRACKING,400,22.885751,24.905698,-0.022957,-0.024235,5.028021,0.000000,0.000000,5.000000,0.043584,0
1784329917.306556,FIXED400,TRACKING,400,22.915287,24.960627,-0.019528,-0.027156,5.028648,0.000000,0.000000,5.000000,0.044040,0
1784329917.331557,FIXED400,TRACKING,400,22.795917,24.817343,-0.015998,-0.029843,5.029130,0.000000,0.000000,5.000000,0.044666,0
1784329917.356556,FIXED400,TRACKING,400,22.898514,49.917708,-0.015998,-0.029843,5.029130,0.000000,0.000000,5.000000,0.044666,0
1784329917.381555,FIXED400,TRACKING,400,22.888951,24.921164,-0.012327,-0.032333,5.029762,0.000000,0.000000,5.000000,0.045641,0
1784329917.406559,FIXED400,TRACKING,400,22.917266,24.969548,-0.008198,-0.035572,5.029526,0.000000,0.000000,5.000000,0.046951,0
1784329917.431559,FIXED400,TRACKING,400,22.855871,24.869685,-0.003045,-0.039256,5.029058,0.000000,0.000000,5.000000,0.048935,0
1784329917.456557,FIXED400,TRACKING,400,22.845328,49.854379,-0.003045,-0.039256,5.029058,0.000000,0.000000,5.000000,0.048935,0
1784329917.481557,FIXED400,TRACKING,400,22.830995,24.883801,0.000995,-0.041902,5.028041,0.000000,0.000000,5.000000,0.050429,0
1784329917.506557,FIXED400,TRACKING,400,22.808747,24.911350,0.004738,-0.044361,5.026963,0.000000,0.000000,5.000000,0.052128,0
1784329917.531557,FIXED400,TRACKING,400,22.836901,24.948153,0.007846,-0.046696,5.027829,0.000000,0.000000,5.000000,0.054923,0
1784329917.556558,FIXED400,TRACKING,400,22.888068,49.999440,0.007846,-0.046696,5.027829,0.000000,0.000000,5.000000,0.054923,0
1784329917.581558,FIXED400,TRACKING,400,22.967641,25.006668,0.010783,-0.048772,5.028752,0.000000,0.000000,5.000000,0.057634,0
1784329917.606557,FIXED400,TRACKING,400,23.007627,24.938555,0.013571,-0.050610,5.029438,0.000000,0.000000,5.000000,0.060101,0
1784329917.631560,FIXED400,TRACKING,400,22.856407,24.742529,0.017661,-0.051923,5.031415,0.000000,0.000000,5.000000,0.063205,0
1784329917.656557,FIXED400,TRACKING,400,22.807441,49.688298,0.017661,-0.051923,5.031415,0.000000,0.000000,5.000000,0.063205,0
1784329917.681561,FIXED400,TRACKING,400,22.948408,25.071735,0.021202,-0.052391,5.033301,0.000000,0.000000,5.000000,0.065600,0
1784329917.706560,FIXED400,TRACKING,400,22.865406,24.833680,0.024569,-0.052692,5.035266,0.000000,0.000000,5.000000,0.067999,0
1784329917.731559,FIXED400,TRACKING,400,22.949930,24.993508,0.027778,-0.052821,5.037094,0.000000,0.000000,5.000000,0.070268,0
1784329917.756558,FIXED400,TRACKING,400,22.895634,49.935906,0.027778,-0.052821,5.037094,0.000000,0.000000,5.000000,0.070268,0
1784329917.781558,FIXED400,TRACKING,400,22.920433,24.936582,0.031514,-0.052947,5.038144,0.000000,0.000000,5.000000,0.072467,0
1784329917.806560,FIXED400,TRACKING,400,22.845763,24.857402,0.035318,-0.052868,5.038651,0.000000,0.000000,5.000000,0.074406,0
1784329917.831559,FIXED400,TRACKING,400,22.975060,25.058937,0.039819,-0.052522,5.040248,0.000000,0.000000,5.000000,0.077227,0
1784329917.856558,FIXED400,TRACKING,400,22.840284,49.920231,0.039819,-0.052522,5.040248,0.000000,0.000000,5.000000,0.077227,0
1784329917.881558,FIXED400,TRACKING,400,22.881065,24.975455,0.043157,-0.052023,5.042006,0.000000,0.000000,5.000000,0.079583,0
1784329917.906561,FIXED400,TRACKING,400,22.797606,24.860108,0.045766,-0.050583,5.044688,0.000000,0.000000,5.000000,0.081548,0
1784329917.931561,FIXED400,TRACKING,400,22.792593,24.925531,0.048198,-0.048951,5.046910,0.000000,0.000000,5.000000,0.083185,0
1784329917.956559,FIXED400,TRACKING,400,22.917027,50.045150,0.048198,-0.048951,5.046910,0.000000,0.000000,5.000000,0.083185,0
1784329917.981560,FIXED400,TRACKING,400,22.764554,24.759684,0.050385,-0.047176,5.048387,0.000000,0.000000,5.000000,0.084294,0
1784329918.006561,FIXED400,TRACKING,400,22.856564,25.024290,0.052611,-0.045254,5.048704,0.000000,0.000000,5.000000,0.084781,0
1784329918.031561,FIXED400,TRACKING,400,22.784339,24.866613,0.056081,-0.042616,5.046952,0.000000,0.000000,5.000000,0.084650,0
1784329918.056559,FIXED400,TRACKING,400,22.709577,49.786407,0.056081,-0.042616,5.046952,0.000000,0.000000,5.000000,0.084650,0
1784329918.081558,FIXED400,TRACKING,400,22.857047,25.065034,0.058487,-0.040293,5.045212,0.000000,0.000000,5.000000,0.084192,0
1784329918.106562,FIXED400,TRACKING,400,22.792795,24.826964,0.060572,-0.037838,5.043227,0.000000,0.000000,5.000000,0.083482,0
1784329918.131563,FIXED400,TRACKING,400,22.926020,25.050042,0.062012,-0.033897,5.040866,0.000000,0.000000,5.000000,0.081637,0
1784329918.156561,FIXED400,TRACKING,400,22.856497,49.977616,0.062012,-0.033897,5.040866,0.000000,0.000000,5.000000,0.081637,0
1784329918.181560,FIXED400,TRACKING,400,22.871659,24.932034,0.062866,-0.028699,5.038267,0.000000,0.000000,5.000000,0.078994,0
1784329918.206562,FIXED400,TRACKING,400,22.919984,24.980974,0.063488,-0.023709,5.036377,0.000000,0.000000,5.000000,0.076917,0
1784329918.231560,FIXED400,TRACKING,400,22.852147,24.861281,0.063954,-0.017707,5.034702,0.000000,0.000000,5.000000,0.074886,0
1784329918.256560,FIXED400,TRACKING,400,22.826948,49.835878,0.063954,-0.017707,5.034702,0.000000,0.000000,5.000000,0.074886,0
1784329918.281560,FIXED400,TRACKING,400,22.840683,24.946404,0.063817,-0.013261,5.034095,0.000000,0.000000,5.000000,0.073559,0
1784329918.306564,FIXED400,TRACKING,400,22.813313,24.912105,0.063376,-0.009012,5.033306,0.000000,0.000000,5.000000,0.072160,0
1784329918.331561,FIXED400,TRACKING,400,22.746251,24.862911,0.062683,-0.004850,5.033270,0.000000,0.000000,5.000000,0.071131,0
1784329918.356563,FIXED400,TRACKING,400,22.788624,49.907140,0.062683,-0.004850,5.033270,0.000000,0.000000,5.000000,0.071131,0
1784329918.381560,FIXED400,TRACKING,400,22.856007,24.996365,0.061722,-0.000768,5.032942,0.000000,0.000000,5.000000,0.069967,0
1784329918.406564,FIXED400,TRACKING,400,22.873535,24.955526,0.060490,0.000418,5.034903,0.000000,0.000000,5.000000,0.069838,0
1784329918.431561,FIXED400,TRACKING,400,22.906440,24.959139,0.058623,0.002207,5.036477,0.000000,0.000000,5.000000,0.069080,0
1784329918.456561,FIXED400,TRACKING,400,22.879083,49.928146,0.058623,0.002207,5.036477,0.000000,0.000000,5.000000,0.069080,0
1784329918.481561,FIXED400,TRACKING,400,22.848949,24.899966,0.056974,0.003741,5.036761,0.000000,0.000000,5.000000,0.067907,0
1784329918.506564,FIXED400,TRACKING,400,22.756889,24.844417,0.054949,0.005063,5.036836,0.000000,0.000000,5.000000,0.066347,0
1784329918.531564,FIXED400,TRACKING,400,22.754057,24.926552,0.051307,0.006011,5.037950,0.000000,0.000000,5.000000,0.064099,0
1784329918.556562,FIXED400,TRACKING,400,22.716869,49.883662,0.051307,0.006011,5.037950,0.000000,0.000000,5.000000,0.064099,0
1784329918.581561,FIXED400,TRACKING,400,22.759114,24.965913,0.049118,0.006588,5.038520,0.000000,0.000000,5.000000,0.062767,0
1784329918.606561,FIXED400,TRACKING,400,22.804268,24.961270,0.046188,0.007375,5.039243,0.000000,0.000000,5.000000,0.061055,0
1784329918.631567,FIXED400,TRACKING,400,22.800611,24.920858,0.041533,0.008434,5.039371,0.000000,0.000000,5.000000,0.057847,0
1784329918.656564,FIXED400,TRACKING,400,22.985189,50.100812,0.041533,0.008434,5.039371,0.000000,0.000000,5.000000,0.057847,0
1784329918.681563,FIXED400,TRACKING,400,22.707165,24.629659,0.037420,0.009252,5.038878,0.000000,0.000000,5.000000,0.054748,0
1784329918.706565,FIXED400,TRACKING,400,22.798010,25.015288,0.033437,0.010024,5.037195,0.000000,0.000000,5.000000,0.051009,0
1784329918.731562,FIXED400,TRACKING,400,22.775444,24.892998,0.029439,0.010720,5.035182,0.000000,0.000000,5.000000,0.047110,0
1784329918.756562,FIXED400,TRACKING,400,22.769261,49.886914,0.029439,0.010720,5.035182,0.000000,0.000000,5.000000,0.047110,0
1784329918.781562,FIXED400,TRACKING,400,22.816320,24.961696,0.023525,0.011279,5.033605,0.000000,0.000000,5.000000,0.042543,0
1784329918.806563,FIXED400,TRACKING,400,22.811856,24.935558,0.017277,0.011825,5.032602,0.000000,0.000000,5.000000,0.038746,0
1784329918.831563,FIXED400,TRACKING,400,22.811657,24.936821,0.009909,0.012453,5.031362,0.000000,0.000000,5.000000,0.035169,0
1784329918.856563,FIXED400,TRACKING,400,22.844862,49.969953,0.009909,0.012453,5.031362,0.000000,0.000000,5.000000,0.035169,0
1784329918.881572,FIXED400,TRACKING,400,22.769194,24.872892,0.004363,0.012878,5.029666,0.000000,0.000000,5.000000,0.032634,0
1784329918.906566,FIXED400,TRACKING,400,22.847341,24.985512,-0.000097,0.015857,5.031744,0.000000,0.000000,5.000000,0.035484,0
1784329918.931564,FIXED400,TRACKING,400,22.760562,24.834449,-0.004380,0.018594,5.033398,0.000000,0.000000,5.000000,0.038475,0
1784329918.956563,FIXED400,TRACKING,400,22.765913,49.839061,-0.004380,0.018594,5.033398,0.000000,0.000000,5.000000,0.038475,0
1784329918.981564,FIXED400,TRACKING,400,22.763945,24.929700,-0.009486,0.021695,5.034096,0.000000,0.000000,5.000000,0.041512,0
1784329919.006568,FIXED400,TRACKING,400,22.828597,25.005002,-0.012214,0.022392,5.034490,0.000000,0.000000,5.000000,0.042897,0
1784329919.031564,FIXED400,TRACKING,400,22.809986,24.912712,-0.015887,0.020224,5.035072,0.000000,0.000000,5.000000,0.043491,0
1784329919.056564,FIXED400,TRACKING,400,22.743818,49.845576,-0.015887,0.020224,5.035072,0.000000,0.000000,5.000000,0.043491,0
1784329919.081562,FIXED400,TRACKING,400,22.735999,24.924519,-0.018665,0.018539,5.035690,0.000000,0.000000,5.000000,0.044338,0
1784329919.106564,FIXED400,TRACKING,400,22.850389,25.017594,-0.021260,0.016884,5.035579,0.000000,0.000000,5.000000,0.044754,0
1784329919.131568,FIXED400,TRACKING,400,23.442294,25.515602,-0.023911,0.014340,5.034436,0.000000,0.000000,5.000000,0.044308,0
1784329919.156566,FIXED400,TRACKING,400,22.993251,50.062457,-0.023911,0.014340,5.034436,0.000000,0.000000,5.000000,0.044308,0
1784329919.181562,FIXED400,TRACKING,400,22.980405,24.901212,-0.026573,0.011047,5.032155,0.000000,0.000000,5.000000,0.043152,0
1784329919.206568,FIXED400,TRACKING,400,22.999706,24.948798,-0.029026,0.007895,5.029226,0.000000,0.000000,5.000000,0.041940,0
1784329919.231564,FIXED400,TRACKING,400,22.933785,24.864175,-0.031755,0.004096,5.024925,0.000000,0.000000,5.000000,0.040576,0
1784329919.256564,FIXED400,TRACKING,400,22.930143,49.857746,-0.031755,0.004096,5.024925,0.000000,0.000000,5.000000,0.040576,0
1784329919.281563,FIXED400,TRACKING,400,22.963336,24.966977,-0.033596,0.000484,5.021940,0.000000,0.000000,5.000000,0.040129,0
1784329919.306565,FIXED400,TRACKING,400,22.983496,24.951976,-0.035134,-0.003335,5.019413,0.000000,0.000000,5.000000,0.040279,0
1784329919.331566,FIXED400,TRACKING,400,22.999468,24.899976,-0.036405,-0.006953,5.016224,0.000000,0.000000,5.000000,0.040458,0
1784329919.356565,FIXED400,TRACKING,400,22.925693,49.827317,-0.036405,-0.006953,5.016224,0.000000,0.000000,5.000000,0.040458,0
1784329919.381567,FIXED400,TRACKING,400,22.933283,24.916654,-0.037413,-0.010344,5.012686,0.000000,0.000000,5.000000,0.040837,0
1784329919.406566,FIXED400,TRACKING,400,22.808930,24.804618,-0.037809,-0.014404,5.012037,0.000000,0.000000,5.000000,0.042213,0
1784329919.431566,FIXED400,TRACKING,400,22.841816,24.964353,-0.038034,-0.019200,5.011323,0.000000,0.000000,5.000000,0.044084,0
1784329919.456566,FIXED400,TRACKING,400,22.883624,50.002856,-0.038034,-0.019200,5.011323,0.000000,0.000000,5.000000,0.044084,0
1784329919.481565,FIXED400,TRACKING,400,22.844769,24.894994,-0.038098,-0.022896,5.010885,0.000000,0.000000,5.000000,0.045763,0
1784329919.506570,FIXED400,TRACKING,400,22.902252,24.997620,-0.037790,-0.026367,5.011485,0.000000,0.000000,5.000000,0.047489,0
1784329919.531568,FIXED400,TRACKING,400,22.892875,24.905904,-0.036717,-0.029727,5.013535,0.000000,0.000000,5.000000,0.049143,0
1784329919.556566,FIXED400,TRACKING,400,22.935050,49.946969,-0.036717,-0.029727,5.013535,0.000000,0.000000,5.000000,0.049143,0
1784329919.581565,FIXED400,TRACKING,400,22.825652,24.807467,-0.035516,-0.032744,5.014906,0.000000,0.000000,5.000000,0.050554,0
1784329919.606561,FIXED400,TRACKING,400,22.974399,25.037602,-0.034141,-0.035453,5.016277,0.000000,0.000000,5.000000,0.051841,0
1784329919.631572,FIXED400,TRACKING,400,22.996693,24.933726,-0.030734,-0.037909,5.018928,0.000000,0.000000,5.000000,0.052345,0
1784329919.656569,FIXED400,TRACKING,400,22.863791,49.794255,-0.030734,-0.037909,5.018928,0.000000,0.000000,5.000000,0.052345,0
1784329919.681567,FIXED400,TRACKING,400,22.795872,24.825904,-0.027234,-0.039357,5.022041,0.000000,0.000000,5.000000,0.052693,0
1784329919.706572,FIXED400,TRACKING,400,22.917341,25.041024,-0.023802,-0.040635,5.024975,0.000000,0.000000,5.000000,0.053306,0
1784329919.731568,FIXED400,TRACKING,400,22.804701,24.801949,-0.020414,-0.041767,5.027660,0.000000,0.000000,5.000000,0.054095,0
1784329919.756568,FIXED400,TRACKING,400,22.914943,49.913170,-0.020414,-0.041767,5.027660,0.000000,0.000000,5.000000,0.054095,0
1784329919.781566,FIXED400,TRACKING,400,22.870571,24.868146,-0.016915,-0.041570,5.030064,0.000000,0.000000,5.000000,0.054019,0
1784329919.806569,FIXED400,TRACKING,400,22.911566,24.975034,-0.013396,-0.040951,5.031855,0.000000,0.000000,5.000000,0.053583,0
1784329919.831567,FIXED400,TRACKING,400,22.895398,24.912891,-0.009035,-0.040046,5.032656,0.000000,0.000000,5.000000,0.052457,0
1784329919.856567,FIXED400,TRACKING,400,22.860553,49.877993,-0.009035,-0.040046,5.032656,0.000000,0.000000,5.000000,0.052457,0
1784329919.881573,FIXED400,TRACKING,400,22.754542,24.836939,-0.005611,-0.039201,5.032880,0.000000,0.000000,5.000000,0.051471,0
1784329919.906568,FIXED400,TRACKING,400,22.987032,25.131825,-0.002233,-0.035404,5.035404,0.000000,0.000000,5.000000,0.050118,0
1784329919.931570,FIXED400,TRACKING,400,22.896694,24.841558,0.001036,-0.031816,5.037326,0.000000,0.000000,5.000000,0.049057,0
1784329919.956568,FIXED400,TRACKING,400,22.917571,49.859921,0.001036,-0.031816,5.037326,0.000000,0.000000,5.000000,0.049057,0
1784329919.981568,FIXED400,TRACKING,400,22.843009,24.859520,0.004152,-0.028307,5.038938,0.000000,0.000000,5.000000,0.048318,0
1784329920.006580,FIXED400,TRACKING,400,22.927712,25.018953,0.006804,-0.024663,5.041648,0.000000,0.000000,5.000000,0.048878,0
1784329920.031569,FIXED400,TRACKING,400,22.751763,24.724122,0.008953,-0.019341,5.047302,0.000000,0.000000,5.000000,0.051881,0
1784329920.056569,FIXED400,TRACKING,400,22.883057,49.851899,0.008953,-0.019341,5.047302,0.000000,0.000000,5.000000,0.051881,0
1784329920.081568,FIXED400,TRACKING,400,22.812738,24.863831,0.010651,-0.015320,5.049994,0.000000,0.000000,5.000000,0.053363,0
1784329920.106570,FIXED400,TRACKING,400,23.187009,25.275905,0.012308,-0.011438,5.051773,0.000000,0.000000,5.000000,0.054431,0
1784329920.131572,FIXED400,TRACKING,400,22.949085,24.662133,0.014352,-0.006683,5.054566,0.000000,0.000000,5.000000,0.056816,0
1784329920.156571,FIXED400,TRACKING,400,22.953475,49.662594,0.014352,-0.006683,5.054566,0.000000,0.000000,5.000000,0.056816,0
1784329920.181569,FIXED400,TRACKING,400,22.975091,24.938622,0.016735,-0.001215,5.058592,0.000000,0.000000,5.000000,0.060947,0
1784329920.206574,FIXED400,TRACKING,400,22.818244,24.773562,0.018948,0.004009,5.061514,0.000000,0.000000,5.000000,0.064491,0
1784329920.231569,FIXED400,TRACKING,400,22.805584,24.917810,0.021458,0.010162,5.063643,0.000000,0.000000,5.000000,0.067928,0
1784329920.256569,FIXED400,TRACKING,400,22.843292,49.955936,0.021458,0.010162,5.063643,0.000000,0.000000,5.000000,0.067928,0
1784329920.281569,FIXED400,TRACKING,400,22.881557,24.972200,0.023582,0.013158,5.064216,0.000000,0.000000,5.000000,0.069663,0
1784329920.306572,FIXED400,TRACKING,400,22.808177,24.863832,0.025668,0.015545,5.063347,0.000000,0.000000,5.000000,0.070095,0
1784329920.331569,FIXED400,TRACKING,400,22.832825,24.955205,0.027669,0.017876,5.060665,0.000000,0.000000,5.000000,0.069032,0
1784329920.356570,FIXED400,TRACKING,400,22.873304,49.996528,0.027669,0.017876,5.060665,0.000000,0.000000,5.000000,0.069032,0
1784329920.381570,FIXED400,TRACKING,400,22.815820,24.882474,0.029592,0.020098,5.057854,0.000000,0.000000,5.000000,0.068020,0
1784329920.406572,FIXED400,TRACKING,400,22.904032,25.026387,0.029843,0.021681,5.055354,0.000000,0.000000,5.000000,0.066519,0
1784329920.431571,FIXED400,TRACKING,400,22.833504,24.854102,0.030134,0.023624,5.051964,0.000000,0.000000,5.000000,0.064548,0
1784329920.456570,FIXED400,TRACKING,400,22.783681,49.802398,0.030134,0.023624,5.051964,0.000000,0.000000,5.000000,0.064548,0
1784329920.481572,FIXED400,TRACKING,400,22.928593,25.082870,0.030342,0.025096,5.049100,0.000000,0.000000,5.000000,0.062939,0
1784329920.506601,FIXED400,TRACKING,400,23.501762,25.525923,0.030467,0.026547,5.045834,0.000000,0.000000,5.000000,0.061104,0
1784329920.531566,FIXED400,TRACKING,400,23.363132,24.748243,0.030302,0.028422,5.040279,0.000000,0.000000,5.000000,0.057865,0
1784329920.556572,FIXED400,TRACKING,400,23.551297,49.943675,0.030302,0.028422,5.040279,0.000000,0.000000,5.000000,0.057865,0
1784329920.581563,FIXED400,TRACKING,400,23.432277,24.797797,0.030105,0.029499,5.036765,0.000000,0.000000,5.000000,0.055930,0
1784329920.606575,FIXED400,TRACKING,400,23.556701,25.029069,0.029789,0.030805,5.032114,0.000000,0.000000,5.000000,0.053550,0
1784329920.631564,FIXED400,TRACKING,400,23.382841,24.713531,0.029551,0.033148,5.028610,0.000000,0.000000,5.000000,0.052826,0
1784329920.656576,FIXED400,TRACKING,400,23.475245,49.819163,0.029551,0.033148,5.028610,0.000000,0.000000,5.000000,0.052826,0
1784329920.681565,FIXED400,TRACKING,400,23.366614,24.776047,0.029416,0.035301,5.026277,0.000000,0.000000,5.000000,0.052933,0
1784329920.706579,FIXED400,TRACKING,400,23.616764,25.177993,0.029180,0.037309,5.023870,0.000000,0.000000,5.000000,0.053039,0
1784329920.731564,FIXED400,TRACKING,400,23.381518,24.649850,0.028836,0.039184,5.021584,0.000000,0.000000,5.000000,0.053223,0
1784329920.756569,FIXED400,TRACKING,400,23.552587,49.827005,0.028836,0.039184,5.021584,0.000000,0.000000,5.000000,0.053223,0
1784329920.781572,FIXED400,TRACKING,400,23.413008,24.743824,0.028559,0.040218,5.018010,0.000000,0.000000,5.000000,0.052512,0
1784329920.806577,FIXED400,TRACKING,400,23.562713,25.052879,0.028278,0.040592,5.016110,0.000000,0.000000,5.000000,0.052028,0
1784329920.831565,FIXED400,TRACKING,400,23.439719,24.765570,0.027492,0.041098,5.012984,0.000000,0.000000,5.000000,0.051122,0
1784329920.856578,FIXED400,TRACKING,400,23.531309,49.870260,0.027492,0.041098,5.012984,0.000000,0.000000,5.000000,0.051122,0
1784329920.881565,FIXED400,TRACKING,400,23.402592,24.746605,0.026584,0.041364,5.010924,0.000000,0.000000,5.000000,0.050369,0
1784329920.906574,FIXED400,TRACKING,400,23.570731,25.103873,0.024147,0.041193,5.009302,0.000000,0.000000,5.000000,0.048646,0
1784329920.931573,FIXED400,TRACKING,400,23.396775,24.725655,0.021628,0.040833,5.008038,0.000000,0.000000,5.000000,0.046901,0
1784329920.956575,FIXED400,TRACKING,400,23.421933,49.752966,0.021628,0.040833,5.008038,0.000000,0.000000,5.000000,0.046901,0
1784329920.981565,FIXED400,TRACKING,400,23.429629,24.907301,0.019084,0.040315,5.006194,0.000000,0.000000,5.000000,0.045032,0
1784329921.006579,FIXED400,TRACKING,400,23.467732,24.964628,0.016313,0.039492,5.004597,0.000000,0.000000,5.000000,0.042975,0
1784329921.031581,FIXED400,TRACKING,400,24.906181,26.333063,0.012233,0.037846,5.004064,0.000000,0.000000,5.000000,0.039981,0
1784329921.056588,FIXED400,TRACKING,400,26.179856,52.612752,0.012233,0.037846,5.004064,0.000000,0.000000,5.000000,0.039981,1
1784329921.082869,FIXED400,TRACKING,400,25.134472,77.846825,0.012233,0.037846,5.004064,0.000000,0.000000,5.000000,0.039981,1
1784329921.108145,FIXED400,TRACKING,400,23.906504,23.931815,0.009152,0.036441,5.003779,0.000000,0.000000,5.000000,0.037762,0
1784329921.132143,FIXED400,TRACKING,400,24.142889,24.163980,0.006180,0.034992,5.002721,0.000000,0.000000,5.000000,0.035637,0
1784329921.156564,FIXED400,TRACKING,400,23.943457,24.134108,0.002704,0.032248,5.001111,0.000000,0.000000,5.000000,0.032381,0
1784329921.181564,FIXED400,TRACKING,400,23.844508,24.813289,-0.001132,0.028437,4.999425,0.000000,0.000000,5.000000,0.028465,0
1784329921.206563,FIXED400,TRACKING,400,23.739960,24.810393,-0.004797,0.024705,4.997661,0.000000,0.000000,5.000000,0.025275,0
1784329921.231565,FIXED400,TRACKING,400,23.352892,24.543423,-0.009178,0.020229,4.995336,0.000000,0.000000,5.000000,0.022698,0
1784329921.256579,FIXED400,TRACKING,400,23.449538,49.654822,-0.009178,0.020229,4.995336,0.000000,0.000000,5.000000,0.022698,0
1784329921.281566,FIXED400,TRACKING,400,23.376279,24.845379,-0.011226,0.017131,4.993560,0.000000,0.000000,5.000000,0.021470,0
1784329921.306576,FIXED400,TRACKING,400,23.451141,25.031061,-0.012825,0.014228,4.991652,0.000000,0.000000,5.000000,0.020896,0
1784329921.331575,FIXED400,TRACKING,400,23.409879,24.886029,-0.014394,0.011390,4.989939,0.000000,0.000000,5.000000,0.020932,0
1784329921.356576,FIXED400,TRACKING,400,23.425890,49.903866,-0.014394,0.011390,4.989939,0.000000,0.000000,5.000000,0.020932,0
1784329921.381574,FIXED400,TRACKING,400,23.424831,24.931277,-0.015859,0.008643,4.988401,0.000000,0.000000,5.000000,0.021465,0
1784329921.406580,FIXED400,TRACKING,400,23.472668,24.982938,-0.017018,0.002234,4.989445,0.000000,0.000000,5.000000,0.020150,0
1784329921.431575,FIXED400,TRACKING,400,23.462971,24.883514,-0.018233,-0.005056,4.991107,0.000000,0.000000,5.000000,0.020907,0
1784329921.456568,FIXED400,TRACKING,400,23.356077,49.767468,-0.018233,-0.005056,4.991107,0.000000,0.000000,5.000000,0.020907,0
1784329921.481575,FIXED400,TRACKING,400,23.502471,25.084426,-0.019120,-0.010457,4.992487,0.000000,0.000000,5.000000,0.023051,0
1784329921.506568,FIXED400,TRACKING,400,23.429924,24.836381,-0.020320,-0.015528,4.992504,0.000000,0.000000,5.000000,0.026650,0
1784329921.531575,FIXED400,TRACKING,400,23.429706,24.949247,-0.022441,-0.020207,4.990027,0.000000,0.000000,5.000000,0.031802,0
1784329921.556576,FIXED400,TRACKING,400,23.325816,49.845741,-0.022441,-0.020207,4.990027,0.000000,0.000000,5.000000,0.031802,0
1784329921.581567,FIXED400,TRACKING,400,23.422904,25.018048,-0.024222,-0.024569,4.987378,0.000000,0.000000,5.000000,0.036738,0
1784329921.606568,FIXED400,TRACKING,400,23.370093,24.856767,-0.025694,-0.028608,4.986274,0.000000,0.000000,5.000000,0.040829,0
1784329921.631576,FIXED400,TRACKING,400,23.520051,25.094490,-0.024953,-0.032892,4.986528,0.000000,0.000000,5.000000,0.043428,0
1784329921.656569,FIXED400,TRACKING,400,23.410605,49.977148,-0.024953,-0.032892,4.986528,0.000000,0.000000,5.000000,0.043428,0
1784329921.681577,FIXED400,TRACKING,400,23.565603,25.081735,-0.023100,-0.035842,4.986061,0.000000,0.000000,5.000000,0.044862,0
1784329921.706568,FIXED400,TRACKING,400,23.492274,24.826989,-0.021231,-0.038436,4.984971,0.000000,0.000000,5.000000,0.046411,0
1784329921.731576,FIXED400,TRACKING,400,23.445631,24.900986,-0.019374,-0.040659,4.984202,0.000000,0.000000,5.000000,0.047729,0
1784329921.756575,FIXED400,TRACKING,400,23.328302,49.781570,-0.019374,-0.040659,4.984202,0.000000,0.000000,5.000000,0.047729,0
1784329921.781577,FIXED400,TRACKING,400,23.470966,25.064441,-0.018404,-0.042964,4.985251,0.000000,0.000000,5.000000,0.049012,0
1784329921.806605,FIXED400,TRACKING,400,23.425285,24.907622,-0.017652,-0.045040,4.987108,0.000000,0.000000,5.000000,0.050064,0
1784329921.831578,FIXED400,TRACKING,400,23.506571,25.006968,-0.016656,-0.047145,4.988981,0.000000,0.000000,5.000000,0.051201,0
1784329921.856570,FIXED400,TRACKING,400,23.467806,49.959468,-0.016656,-0.047145,4.988981,0.000000,0.000000,5.000000,0.051201,0
1784329921.881579,FIXED400,TRACKING,400,23.679765,25.164414,-0.015910,-0.048406,4.990514,0.000000,0.000000,5.000000,0.051829,0
