epoch_sec,mode,phase,N,mppi_call_ms,state_to_command_latency_ms,pos_x,pos_y,pos_z,target_x,target_y,target_z,pos_error_m,deadline_miss
1784303405.589341,ADAPTIVE,TAKEOFF,0,0.000000,15.602471,0.051476,-0.016403,4.939846,0.045356,-0.018494,4.941902,0.006786,0
1784303405.639283,ADAPTIVE,TAKEOFF,0,0.000000,29.938669,0.058668,-0.013811,4.939232,0.045356,-0.018494,4.942885,0.014577,0
1784303405.689252,ADAPTIVE,TAKEOFF,0,0.000000,15.950423,0.068800,-0.013286,4.933167,0.045356,-0.018494,4.943868,0.026292,0
1784303405.739289,ADAPTIVE,TAKEOFF,0,0.000000,29.996903,0.073365,-0.013034,4.931378,0.045356,-0.018494,4.944853,0.031558,0
1784303405.789259,ADAPTIVE,TAKEOFF,0,0.000000,15.520629,0.082078,-0.012361,4.925274,0.045356,-0.018494,4.945837,0.042532,0
1784303405.839269,ADAPTIVE,TAKEOFF,0,0.000000,30.036622,0.087212,-0.011813,4.921071,0.045356,-0.018494,4.946821,0.049594,0
1784303405.889243,ADAPTIVE,TAKEOFF,0,0.000000,15.803505,0.094018,-0.009837,4.919839,0.045356,-0.018494,4.947804,0.056789,0
1784303405.939274,ADAPTIVE,TAKEOFF,0,0.000000,29.965982,0.097260,-0.006738,4.917233,0.045356,-0.018494,4.948789,0.061871,0
1784303405.989245,ADAPTIVE,TAKEOFF,0,0.000000,15.799760,0.102380,-0.001262,4.915308,0.045356,-0.018494,4.949772,0.068822,0
1784303406.039246,ADAPTIVE,TAKEOFF,0,0.000000,30.037667,0.104590,0.001049,4.915501,0.045356,-0.018494,4.950757,0.071649,0
1784303406.089253,ADAPTIVE,TAKEOFF,0,0.000000,15.815928,0.106973,0.002787,4.915515,0.045356,-0.018494,4.951741,0.074578,0
1784303406.139280,ADAPTIVE,TAKEOFF,0,0.000000,29.950320,0.107818,0.003672,4.914977,0.045356,-0.018494,4.952725,0.076275,0
1784303406.189258,ADAPTIVE,TAKEOFF,0,0.000000,15.654856,0.109065,-0.000921,4.918680,0.045356,-0.018494,4.953709,0.074798,0
1784303406.239270,ADAPTIVE,TAKEOFF,0,0.000000,30.007830,0.109107,-0.004348,4.922773,0.045356,-0.018494,4.954693,0.072685,0
1784303406.289239,ADAPTIVE,TAKEOFF,0,0.000000,15.580395,0.105495,-0.008232,4.928868,0.045356,-0.018494,4.955677,0.066638,0
1784303406.339241,ADAPTIVE,TAKEOFF,0,0.000000,29.994495,0.102248,-0.009605,4.931221,0.045356,-0.018494,4.956661,0.062951,0
1784303406.389241,ADAPTIVE,TAKEOFF,0,0.000000,15.812146,0.095649,-0.011959,4.939105,0.045356,-0.018494,4.957645,0.053998,0
1784303406.439281,ADAPTIVE,TAKEOFF,0,0.000000,30.010882,0.090797,-0.013103,4.940553,0.045356,-0.018494,4.958630,0.049200,0
1784303406.489245,ADAPTIVE,TAKEOFF,0,0.000000,15.695065,0.082878,-0.014392,4.944818,0.045356,-0.018494,4.959613,0.040542,0
1784303406.539271,ADAPTIVE,TAKEOFF,0,0.000000,30.045695,0.078800,-0.015705,4.945043,0.045356,-0.018494,4.960597,0.036990,0
1784303406.589257,ADAPTIVE,TAKEOFF,0,0.000000,15.833678,0.070319,-0.019264,4.942509,0.045356,-0.018494,4.961581,0.031425,0
1784303406.639252,ADAPTIVE,TAKEOFF,0,0.000000,30.035736,0.065007,-0.021046,4.942238,0.045356,-0.018494,4.962565,0.028388,0
1784303406.689257,ADAPTIVE,TAKEOFF,0,0.000000,15.799976,0.057434,-0.024088,4.936263,0.045356,-0.018494,4.963549,0.030360,0
1784303406.739283,ADAPTIVE,TAKEOFF,0,0.000000,30.076885,0.053682,-0.025275,4.933889,0.045356,-0.018494,4.964534,0.032471,0
1784303406.789251,ADAPTIVE,TAKEOFF,0,0.000000,15.768593,0.046527,-0.027548,4.929276,0.045356,-0.018494,4.965517,0.037373,0
1784303406.839269,ADAPTIVE,TAKEOFF,0,0.000000,30.023878,0.042409,-0.029244,4.928181,0.045356,-0.018494,4.966502,0.039909,0
1784303406.889251,ADAPTIVE,TAKEOFF,0,0.000000,15.776644,0.035302,-0.031665,4.929578,0.045356,-0.018494,4.967485,0.041371,0
1784303406.939274,ADAPTIVE,TAKEOFF,0,0.000000,30.009852,0.029915,-0.033133,4.934381,0.045356,-0.018494,4.968470,0.040184,0
1784303406.989238,ADAPTIVE,TAKEOFF,0,0.000000,15.892483,0.019181,-0.035574,4.946804,0.045356,-0.018494,4.969453,0.038598,0
1784303407.039271,ADAPTIVE,TAKEOFF,0,0.000000,30.044409,0.012229,-0.039661,4.952379,0.045356,-0.018494,4.970438,0.043262,0
1784303407.089237,ADAPTIVE,TAKEOFF,0,0.000000,15.842958,0.000836,-0.051200,4.955537,0.045356,-0.018494,4.971421,0.057480,0
1784303407.139270,ADAPTIVE,TAKEOFF,0,0.000000,30.032336,-0.004554,-0.056073,4.957061,0.045356,-0.018494,4.972406,0.064332,0
1784303407.189322,ADAPTIVE,TAKEOFF,0,0.000000,15.710578,-0.016301,-0.065917,4.961629,0.045356,-0.018494,4.973391,0.078669,0
1784303407.239276,ADAPTIVE,TAKEOFF,0,0.000000,29.815402,-0.023372,-0.071301,4.964232,0.045356,-0.018494,4.974374,0.087264,0
1784303407.289265,ADAPTIVE,TAKEOFF,0,0.000000,15.583469,-0.032841,-0.078746,4.961354,0.045356,-0.018494,4.975358,0.099706,0
1784303407.339279,ADAPTIVE,TAKEOFF,0,0.000000,29.983378,-0.036759,-0.081963,4.959462,0.045356,-0.018494,4.976342,0.105148,0
1784303407.389254,ADAPTIVE,TAKEOFF,0,0.000000,15.733745,-0.044187,-0.086851,4.963329,0.045356,-0.018494,4.977326,0.113519,0
1784303407.439246,ADAPTIVE,TAKEOFF,0,0.000000,30.019693,-0.048228,-0.089564,4.962391,0.045356,-0.018494,4.978309,0.118584,0
1784303407.489257,ADAPTIVE,TAKEOFF,0,0.000000,15.608452,-0.054145,-0.091561,4.958509,0.045356,-0.018494,4.979294,0.125185,0
1784303407.539270,ADAPTIVE,TAKEOFF,0,0.000000,29.991265,-0.056598,-0.090590,4.953011,0.045356,-0.018494,4.980278,0.127812,0
1784303407.589255,ADAPTIVE,TAKEOFF,0,0.000000,15.589150,-0.060401,-0.085762,4.939640,0.045356,-0.018494,4.981262,0.132068,0
1784303407.639302,ADAPTIVE,TAKEOFF,0,0.000000,30.073947,-0.062222,-0.082285,4.933382,0.045356,-0.018494,4.982247,0.134276,0
1784303407.689246,ADAPTIVE,TAKEOFF,0,0.000000,15.787805,-0.062624,-0.076068,4.922275,0.045356,-0.018494,4.983230,0.136711,0
1784303407.739267,ADAPTIVE,TAKEOFF,0,0.000000,29.994047,-0.062354,-0.072649,4.919017,0.045356,-0.018494,4.984214,0.137058,0
1784303407.789246,ADAPTIVE,TAKEOFF,0,0.000000,15.589935,-0.060850,-0.065848,4.915599,0.045356,-0.018494,4.985198,0.135521,0
1784303407.839290,ADAPTIVE,TAKEOFF,0,0.000000,29.999092,-0.059431,-0.061655,4.916135,0.045356,-0.018494,4.986183,0.133229,0
1784303407.889240,ADAPTIVE,TAKEOFF,0,0.000000,15.679726,-0.057406,-0.053977,4.919696,0.045356,-0.018494,4.987166,0.127950,0
1784303407.939281,ADAPTIVE,TAKEOFF,0,0.000000,30.091079,-0.057095,-0.049590,4.919509,0.045356,-0.018494,4.988150,0.127180,0
1784303407.989246,ADAPTIVE,TAKEOFF,0,0.000000,15.668339,-0.056354,-0.040584,4.920274,0.045356,-0.018494,4.989134,0.124798,0
1784303408.039271,ADAPTIVE,TAKEOFF,0,0.000000,30.063388,-0.055165,-0.035573,4.920156,0.045356,-0.018494,4.990118,0.123657,0
1784303408.089341,ADAPTIVE,TAKEOFF,0,0.000000,15.629439,-0.051863,-0.028795,4.915031,0.045356,-0.018494,4.991104,0.123874,0
1784303408.139273,ADAPTIVE,TAKEOFF,0,0.000000,29.989832,-0.049995,-0.025501,4.913045,0.045356,-0.018494,4.992086,0.124050,0
1784303408.189264,ADAPTIVE,TAKEOFF,0,0.000000,15.851961,-0.045835,-0.016692,4.907087,0.045356,-0.018494,4.993070,0.125348,0
1784303408.239292,ADAPTIVE,TAKEOFF,0,0.000000,29.987696,-0.043071,-0.011058,4.903639,0.045356,-0.018494,4.994055,0.126687,0
1784303408.289235,ADAPTIVE,TAKEOFF,0,0.000000,15.389809,-0.037558,-0.003596,4.899191,0.045356,-0.018494,4.995038,0.127606,0
1784303408.339279,ADAPTIVE,TAKEOFF,0,0.000000,30.023274,-0.034365,-0.000571,4.898943,0.045356,-0.018494,4.996023,0.126890,0
1784303408.389258,ADAPTIVE,TAKEOFF,0,0.000000,15.715764,-0.028221,0.005201,4.903672,0.045356,-0.018494,4.997006,0.121187,0
1784303408.439282,ADAPTIVE,TAKEOFF,0,0.000000,30.055346,-0.023257,0.010043,4.906782,0.045356,-0.018494,4.997991,0.117648,0
1784303408.489259,ADAPTIVE,TAKEOFF,0,0.000000,15.581411,-0.015754,0.017032,4.913722,0.045356,-0.018494,4.998974,0.110745,0
1784303408.539280,ADAPTIVE,TAKEOFF,0,0.000000,29.982706,-0.011170,0.020674,4.915274,0.045356,-0.018494,4.999959,0.109091,0
1784303408.589257,ADAPTIVE,WAITING,0,0.000000,15.549712,-0.000441,0.028136,4.915246,0.045356,-0.018494,5.000000,0.107028,0
1784303408.639290,ADAPTIVE,WAITING,0,0.000000,29.777379,0.005935,0.032191,4.914946,0.000000,0.000000,5.000000,0.091136,0
1784303408.689433,ADAPTIVE,TRACKING,200,13.584665,29.423019,0.014631,0.038634,4.913332,2.000000,0.000000,5.000000,1.987635,0
1784303408.739274,ADAPTIVE,TRACKING,400,23.123859,53.176205,0.018503,0.041525,4.914443,2.000000,0.000000,5.000000,1.983778,0
1784303408.789240,ADAPTIVE,TRACKING,400,23.730998,39.555615,0.026364,0.047175,4.920196,2.000000,0.000000,5.000000,1.975812,0
1784303408.839247,ADAPTIVE,TRACKING,400,26.608445,52.768551,0.031575,0.050905,4.925739,2.000000,0.000000,5.000000,1.970483,0
1784303408.889252,ADAPTIVE,TRACKING,400,27.052750,43.048041,0.037940,0.055741,4.933218,2.000000,0.000000,5.000000,1.963987,0
1784303408.939289,ADAPTIVE,TRACKING,400,24.831434,47.709223,0.038839,0.055916,4.933923,2.000000,0.000000,5.000000,1.963070,0
1784303408.989255,ADAPTIVE,TRACKING,400,28.126967,44.052594,0.042728,0.056310,4.941931,2.000000,0.000000,5.000000,1.958943,0
1784303409.039240,ADAPTIVE,TRACKING,400,24.478788,46.170264,0.046637,0.056860,4.944921,2.000000,0.000000,5.000000,1.954966,0
1784303409.089245,ADAPTIVE,TRACKING,400,26.800073,42.736560,0.056575,0.057682,4.947407,2.000000,0.000000,5.000000,1.944992,0
1784303409.139246,ADAPTIVE,TRACKING,400,24.335698,47.413225,0.064168,0.057383,4.949536,2.000000,0.000000,5.000000,1.937340,0
1784303409.189237,ADAPTIVE,TRACKING,400,23.535034,39.434940,0.089363,0.056597,4.949888,2.000000,0.000000,5.000000,1.912132,0
1784303409.239247,ADAPTIVE,TRACKING,400,24.272153,50.642776,0.109580,0.055223,4.953044,2.000000,0.000000,5.000000,1.891809,0
1784303409.289246,ADAPTIVE,TRACKING,400,28.943520,44.801014,0.146898,0.049586,4.959797,2.000000,0.000000,5.000000,1.854201,0
1784303409.339276,ADAPTIVE,TRACKING,400,24.567731,45.494097,0.167444,0.045298,4.963054,2.000000,0.000000,5.000000,1.833488,0
1784303409.389230,ADAPTIVE,TRACKING,400,23.742396,39.605446,0.210961,0.036737,4.967897,2.000000,0.000000,5.000000,1.789704,0
1784303409.439278,ADAPTIVE,TRACKING,400,24.346475,50.527517,0.241568,0.029899,4.964632,2.000000,0.000000,5.000000,1.759042,0
1784303409.489249,ADAPTIVE,TRACKING,400,32.668437,48.586065,0.292643,0.019095,4.964305,2.000000,0.000000,5.000000,1.707837,0
1784303409.539283,ADAPTIVE,TRACKING,400,28.199917,45.376101,0.320127,0.013248,4.963203,2.000000,0.000000,5.000000,1.680328,0
1784303409.589251,ADAPTIVE,TRACKING,400,27.743984,43.507225,0.378456,0.000593,4.960030,2.000000,0.000000,5.000000,1.622037,0
1784303409.639277,ADAPTIVE,TRACKING,400,23.507901,45.573760,0.415429,-0.006915,4.959307,2.000000,0.000000,5.000000,1.585109,0
1784303409.689244,ADAPTIVE,TRACKING,400,25.674010,41.557959,0.476704,-0.022224,4.956597,2.000000,0.000000,5.000000,1.524076,0
1784303409.739272,ADAPTIVE,TRACKING,400,27.273123,51.487318,0.507525,-0.029430,4.955760,2.000000,0.000000,5.000000,1.493420,0
1784303409.789246,ADAPTIVE,TRACKING,400,28.441246,44.266839,0.570298,-0.041808,4.957668,2.000000,0.000000,5.000000,1.430939,0
1784303409.839249,ADAPTIVE,TRACKING,400,25.103394,46.537804,0.610610,-0.047979,4.959724,2.000000,0.000000,5.000000,1.390801,0
1784303409.889246,ADAPTIVE,TRACKING,400,28.514963,44.206600,0.675977,-0.056374,4.967636,2.000000,0.000000,5.000000,1.325618,0
1784303409.939279,ADAPTIVE,TRACKING,400,24.550106,45.968944,0.710270,-0.059100,4.970574,2.000000,0.000000,5.000000,1.291419,0
1784303409.989248,ADAPTIVE,TRACKING,400,27.148610,43.036816,0.777662,-0.063997,4.976449,2.000000,0.000000,5.000000,1.224239,0
1784303410.039269,ADAPTIVE,TRACKING,400,25.442079,48.208448,0.820169,-0.066639,4.977624,2.000000,0.000000,5.000000,1.181923,0
1784303410.089253,ADAPTIVE,TRACKING,400,23.787893,39.548668,0.888556,-0.070287,4.979378,2.000000,0.000000,5.000000,1.113855,0
1784303410.139254,ADAPTIVE,TRACKING,400,23.369775,49.459530,0.921469,-0.071665,4.982580,2.000000,0.000000,5.000000,1.081050,0
1784303410.189252,ADAPTIVE,TRACKING,400,37.286028,53.094127,0.983574,-0.078921,4.991442,2.000000,0.000000,5.000000,1.019521,0
1784303410.239283,ADAPTIVE,TRACKING,400,23.832261,36.407036,1.020714,-0.083290,4.998628,2.000000,0.000000,5.000000,0.982822,0
1784303410.289242,ADAPTIVE,TRACKING,400,24.640193,40.439977,1.078160,-0.091442,5.010970,2.000000,0.000000,5.000000,0.926429,0
1784303410.339283,ADAPTIVE,TRACKING,400,23.450145,48.732579,1.106206,-0.095918,5.015836,2.000000,0.000000,5.000000,0.899066,0
1784303410.389244,ADAPTIVE,TRACKING,400,24.893835,40.878706,1.160936,-0.102348,5.023199,2.000000,0.000000,5.000000,0.845601,0
1784303410.439245,ADAPTIVE,TRACKING,400,26.582163,51.584763,1.193468,-0.103902,5.024811,2.000000,0.000000,5.000000,0.813575,0
1784303410.489249,ADAPTIVE,TRACKING,400,24.597674,40.429769,1.245160,-0.104975,5.032253,2.000000,0.000000,5.000000,0.762787,0
1784303410.539285,ADAPTIVE,TRACKING,400,28.484970,53.827746,1.269691,-0.105785,5.033777,2.000000,0.000000,5.000000,0.738704,0
1784303410.589257,ADAPTIVE,TRACKING,400,26.712442,42.567156,1.316097,-0.107237,5.030528,2.000000,0.000000,5.000000,0.692932,0
1784303410.639279,ADAPTIVE,TRACKING,400,22.731343,45.909245,1.345392,-0.106885,5.027420,2.000000,0.000000,5.000000,0.663843,0
1784303410.689243,ADAPTIVE,TRACKING,400,27.140849,42.919836,1.390008,-0.103202,5.020502,2.000000,0.000000,5.000000,0.619000,0
1784303410.739279,ADAPTIVE,TRACKING,400,34.049120,56.738703,1.412528,-0.100937,5.017505,2.000000,0.000000,5.000000,0.596337,0
1784303410.789245,ADAPTIVE,TRACKING,400,24.560804,40.367355,1.457992,-0.095673,5.013383,2.000000,0.000000,5.000000,0.550550,0
1784303410.839273,ADAPTIVE,TRACKING,400,23.703954,49.058657,1.486353,-0.091848,5.011165,2.000000,0.000000,5.000000,0.521914,0
1784303410.889245,ADAPTIVE,TRACKING,400,33.924731,49.724414,1.530189,-0.084545,5.007742,2.000000,0.000000,5.000000,0.477421,0
1784303410.939274,ADAPTIVE,TRACKING,400,26.743354,42.673793,1.551295,-0.079265,5.003133,2.000000,0.000000,5.000000,0.455663,0
1784303410.989274,ADAPTIVE,TRACKING,400,36.462380,52.262179,1.590459,-0.068113,4.999018,2.000000,0.000000,5.000000,0.415167,0
1784303411.039281,ADAPTIVE,TRACKING,370,21.287710,34.692453,1.612507,-0.060139,4.996853,2.000000,0.000000,5.000000,0.392144,0
1784303411.089262,ADAPTIVE,TRACKING,400,26.401142,42.472683,1.644241,-0.045924,4.990351,2.000000,0.000000,5.000000,0.358840,0
1784303411.139275,ADAPTIVE,TRACKING,400,31.305132,54.771224,1.659448,-0.038948,4.987486,2.000000,0.000000,5.000000,0.343001,0
1784303411.189249,ADAPTIVE,TRACKING,400,23.288035,39.007339,1.681270,-0.026374,4.981923,2.000000,0.000000,5.000000,0.320330,0
1784303411.239276,ADAPTIVE,TRACKING,400,23.241830,49.856978,1.691888,-0.018899,4.980917,2.000000,0.000000,5.000000,0.309280,0
1784303411.289238,ADAPTIVE,TRACKING,400,24.543302,40.397204,1.704577,-0.006559,4.979500,2.000000,2.000000,5.000000,2.028294,0
1784303411.339246,ADAPTIVE,TRACKING,400,29.331028,54.617164,1.709515,-0.000201,4.977200,2.000000,2.000000,5.000000,2.021313,0
1784303411.389240,ADAPTIVE,TRACKING,400,27.738057,43.568760,1.719038,0.011992,4.974690,2.000000,2.000000,5.000000,2.007923,0
1784303411.439277,ADAPTIVE,TRACKING,400,24.954308,47.016795,1.722510,0.016231,4.964095,2.000000,2.000000,5.000000,2.003405,0
1784303411.489247,ADAPTIVE,TRACKING,400,27.296759,43.211362,1.728274,0.023246,4.945928,2.000000,2.000000,5.000000,1.996075,0
1784303411.539279,ADAPTIVE,TRACKING,400,24.226334,46.856501,1.731437,0.026462,4.934740,2.000000,2.000000,5.000000,1.992796,0
1784303411.589242,ADAPTIVE,TRACKING,400,28.964552,44.802315,1.738641,0.033243,4.903609,2.000000,2.000000,5.000000,1.986387,0
1784303411.639254,ADAPTIVE,TRACKING,400,29.245735,50.077687,1.742161,0.039537,4.887648,2.000000,2.000000,5.000000,1.980535,0
1784303411.689239,ADAPTIVE,TRACKING,400,25.324506,41.218083,1.745709,0.053748,4.855913,2.000000,2.000000,5.000000,1.968075,0
1784303411.739259,ADAPTIVE,TRACKING,400,35.728624,60.297226,1.746419,0.063365,4.842178,2.000000,2.000000,5.000000,1.959532,0
1784303411.789259,ADAPTIVE,TRACKING,398,28.205705,42.245627,1.744534,0.089113,4.819342,2.000000,2.000000,5.000000,1.936334,0
1784303411.839244,ADAPTIVE,TRACKING,400,24.155674,45.780490,1.740636,0.109820,4.808137,2.000000,2.000000,5.000000,1.917515,0
1784303411.889250,ADAPTIVE,TRACKING,400,29.917338,45.809418,1.731928,0.148763,4.797085,2.000000,2.000000,5.000000,1.881520,0
1784303411.939272,ADAPTIVE,TRACKING,400,27.707623,47.602203,1.726037,0.173576,4.795242,2.000000,2.000000,5.000000,1.858173,0
1784303411.989248,ADAPTIVE,TRACKING,400,24.939263,40.841582,1.712014,0.225480,4.798643,2.000000,2.000000,5.000000,1.808978,0
1784303412.039246,ADAPTIVE,TRACKING,400,26.210269,51.163276,1.701049,0.260237,4.804162,2.000000,2.000000,5.000000,1.776091,0
1784303412.089244,ADAPTIVE,TRACKING,400,27.996330,43.854155,1.679919,0.319260,4.815138,2.000000,2.000000,5.000000,1.720905,0
1784303412.139246,ADAPTIVE,TRACKING,400,30.899226,52.725053,1.669134,0.349004,4.820940,2.000000,2.000000,5.000000,1.693317,0
1784303412.189245,ADAPTIVE,TRACKING,400,25.199070,40.976911,1.647842,0.410335,4.829832,2.000000,2.000000,5.000000,1.637073,0
1784303412.239271,ADAPTIVE,TRACKING,400,23.891763,48.607394,1.634326,0.449277,4.833836,2.000000,2.000000,5.000000,1.601896,0
1784303412.289241,ADAPTIVE,TRACKING,400,25.280674,41.190769,1.610070,0.510660,4.837422,2.000000,2.000000,5.000000,1.548099,0
1784303412.339236,ADAPTIVE,TRACKING,400,24.738365,49.328860,1.596605,0.540780,4.838648,2.000000,2.000000,5.000000,1.522526,0
1784303412.389243,ADAPTIVE,TRACKING,400,24.295317,40.159185,1.568461,0.600782,4.843790,2.000000,2.000000,5.000000,1.472562,0
1784303412.439272,ADAPTIVE,TRACKING,400,26.716341,52.353944,1.548742,0.635581,4.844304,2.000000,2.000000,5.000000,1.445515,0
1784303412.489245,ADAPTIVE,TRACKING,400,24.465363,40.421576,1.517218,0.692014,4.847797,2.000000,2.000000,5.000000,1.402523,0
1784303412.539274,ADAPTIVE,TRACKING,400,25.781558,51.245754,1.501828,0.720917,4.849105,2.000000,2.000000,5.000000,1.380941,0
1784303412.589253,ADAPTIVE,TRACKING,400,26.631588,42.517269,1.472248,0.779837,4.850957,2.000000,2.000000,5.000000,1.337734,0
1784303412.639249,ADAPTIVE,TRACKING,400,28.057514,51.303116,1.454506,0.816917,4.851908,2.000000,2.000000,5.000000,1.311175,0
1784303412.689249,ADAPTIVE,TRACKING,400,24.625844,40.426559,1.428040,0.877974,4.849896,2.000000,2.000000,5.000000,1.268310,0
1784303412.739276,ADAPTIVE,TRACKING,400,23.367477,48.611842,1.415456,0.908326,4.850077,2.000000,2.000000,5.000000,1.247365,0
1784303412.789247,ADAPTIVE,TRACKING,400,23.056620,38.952533,1.390980,0.968032,4.850368,2.000000,2.000000,5.000000,1.207581,0
1784303412.839276,ADAPTIVE,TRACKING,400,23.697090,50.556985,1.376068,1.004862,4.849121,2.000000,2.000000,5.000000,1.184211,0
1784303412.889241,ADAPTIVE,TRACKING,400,23.570129,39.434907,1.354865,1.062231,4.850819,2.000000,2.000000,5.000000,1.147983,0
1784303412.939271,ADAPTIVE,TRACKING,400,23.541074,49.896848,1.345662,1.087719,4.850970,2.000000,2.000000,5.000000,1.132530,0
1784303412.989237,ADAPTIVE,TRACKING,400,24.647584,40.483031,1.328726,1.138551,4.852458,2.000000,2.000000,5.000000,1.102031,0
1784303413.039277,ADAPTIVE,TRACKING,400,24.122799,49.420255,1.319924,1.169452,4.854061,2.000000,2.000000,5.000000,1.083334,0
1784303413.089239,ADAPTIVE,TRACKING,400,41.966148,57.903925,1.309193,1.216981,4.858478,2.000000,2.000000,5.000000,1.053737,0
1784303413.139279,ADAPTIVE,TRACKING,396,24.241978,32.169073,1.304348,1.240577,4.861639,2.000000,2.000000,5.000000,1.039134,0
1784303413.189255,ADAPTIVE,TRACKING,397,34.358620,50.166975,1.295125,1.286383,4.865837,2.000000,2.000000,5.000000,1.011977,0
1784303413.239279,ADAPTIVE,TRACKING,356,23.193403,38.718741,1.289609,1.314146,4.869010,2.000000,2.000000,5.000000,0.996097,0
1784303413.289247,ADAPTIVE,TRACKING,400,23.836937,39.686491,1.282437,1.357217,4.870955,2.000000,2.000000,5.000000,0.971967,0
1784303413.339280,ADAPTIVE,TRACKING,400,28.032742,54.108226,1.279603,1.378109,4.870732,2.000000,2.000000,5.000000,0.960433,0
1784303413.389245,ADAPTIVE,TRACKING,400,24.525972,40.534959,1.274176,1.417840,4.875506,2.000000,2.000000,5.000000,0.938738,0
1784303413.439258,ADAPTIVE,TRACKING,400,34.911281,60.288097,1.270734,1.442912,4.878633,2.000000,2.000000,5.000000,0.925692,0
1784303413.489250,ADAPTIVE,TRACKING,400,28.990151,43.935518,1.267354,1.481449,4.886836,2.000000,2.000000,5.000000,0.904694,0
1784303413.539270,ADAPTIVE,TRACKING,400,23.989417,44.777415,1.267486,1.500111,4.889919,2.000000,2.000000,5.000000,0.893635,0
1784303413.589243,ADAPTIVE,TRACKING,400,33.943907,50.014364,1.271208,1.536235,4.896194,2.000000,2.000000,5.000000,0.870053,0
1784303413.639273,ADAPTIVE,TRACKING,400,23.008288,38.956531,1.274731,1.557464,4.901806,2.000000,2.000000,5.000000,0.855275,0
1784303413.689250,ADAPTIVE,TRACKING,400,24.369405,40.335633,1.283701,1.589728,4.910478,2.000000,2.000000,5.000000,0.830314,0
1784303413.739277,ADAPTIVE,TRACKING,400,24.410317,49.943883,1.289261,1.605031,4.914361,2.000000,2.000000,5.000000,0.817609,0
1784303413.789258,ADAPTIVE,TRACKING,400,28.703773,44.496648,1.301547,1.633015,4.920344,2.000000,2.000000,5.000000,0.793006,0
1784303413.839268,ADAPTIVE,TRACKING,400,23.614976,44.801682,1.309710,1.648735,4.921045,2.000000,2.000000,5.000000,0.778538,0
1784303413.889243,ADAPTIVE,TRACKING,400,25.147584,41.111209,1.324710,1.672508,4.920883,2.000000,2.000000,5.000000,0.754670,0
1784303413.939261,ADAPTIVE,TRACKING,400,29.466145,54.226209,1.332725,1.681906,4.919791,2.000000,2.000000,5.000000,0.743555,0
1784303413.989257,ADAPTIVE,TRACKING,400,23.685106,39.659156,1.350527,1.700191,4.919396,2.000000,2.000000,5.000000,0.719860,0
1784303414.039272,ADAPTIVE,TRACKING,400,24.898254,51.116699,1.362263,1.710801,4.921470,2.000000,2.000000,5.000000,0.704635,0
1784303414.089244,ADAPTIVE,TRACKING,400,25.066772,40.988570,1.381975,1.726211,4.922492,2.000000,2.000000,5.000000,0.680384,0
1784303414.139271,ADAPTIVE,TRACKING,400,24.567992,49.399647,1.392766,1.733012,4.923848,2.000000,2.000000,5.000000,0.667693,0
1784303414.189237,ADAPTIVE,TRACKING,400,26.647724,42.528593,1.418326,1.742620,4.919439,2.000000,2.000000,5.000000,0.641155,0
1784303414.239286,ADAPTIVE,TRACKING,400,24.162873,47.435449,1.435260,1.747178,4.916945,2.000000,2.000000,5.000000,0.624298,0
1784303414.289233,ADAPTIVE,TRACKING,400,25.364805,41.301394,1.463047,1.753049,4.910937,2.000000,2.000000,5.000000,0.597692,0
1784303414.339240,ADAPTIVE,TRACKING,400,27.351879,51.792304,1.477039,1.755418,4.906952,2.000000,2.000000,5.000000,0.584779,0
1784303414.389252,ADAPTIVE,TRACKING,400,24.486953,40.461833,1.504378,1.759041,4.904487,2.000000,2.000000,5.000000,0.559308,0
1784303414.439244,ADAPTIVE,TRACKING,400,24.719586,50.108658,1.521721,1.758456,4.900721,2.000000,2.000000,5.000000,0.544932,0
1784303414.489253,ADAPTIVE,TRACKING,400,24.205714,40.175724,1.548876,1.757504,4.896770,2.000000,2.000000,5.000000,0.522469,0
1784303414.539238,ADAPTIVE,TRACKING,400,23.778845,49.419320,1.564053,1.756696,4.895138,2.000000,2.000000,5.000000,0.510140,0
1784303414.589254,ADAPTIVE,TRACKING,400,24.981938,40.786054,1.596233,1.754030,4.894058,2.000000,2.000000,5.000000,0.484513,0
1784303414.639273,ADAPTIVE,TRACKING,400,23.667036,48.588561,1.614935,1.751823,4.896476,2.000000,2.000000,5.000000,0.469664,0
1784303414.689266,ADAPTIVE,TRACKING,400,28.405641,44.393584,1.641100,1.746459,4.898149,2.000000,2.000000,5.000000,0.451072,0
1784303414.739286,ADAPTIVE,TRACKING,400,32.235120,53.671128,1.653337,1.743532,4.900510,2.000000,2.000000,5.000000,0.442549,0
1784303414.789244,ADAPTIVE,TRACKING,400,27.489582,43.456721,1.676733,1.735946,4.902544,2.000000,2.000000,5.000000,0.428630,0
1784303414.839271,ADAPTIVE,TRACKING,400,26.719944,49.102590,1.690256,1.729502,4.903506,2.000000,2.000000,5.000000,0.422400,0
1784303414.889234,ADAPTIVE,TRACKING,400,25.325576,41.311864,1.709251,1.719709,4.907558,2.000000,2.000000,5.000000,0.414299,0
1784303414.939277,ADAPTIVE,TRACKING,400,23.859032,48.454186,1.715239,1.714791,4.905789,2.000000,2.000000,5.000000,0.413895,0
1784303414.989230,ADAPTIVE,TRACKING,400,25.506184,41.466900,1.726542,1.705737,4.904140,2.000000,2.000000,5.000000,0.412988,0
1784303415.039276,ADAPTIVE,TRACKING,400,24.977806,49.394515,1.733310,1.701467,4.901025,2.000000,2.000000,5.000000,0.412361,0
1784303415.089251,ADAPTIVE,TRACKING,400,29.089066,45.133614,1.743581,1.697405,4.895380,2.000000,2.000000,5.000000,0.410195,0
1784303415.139276,ADAPTIVE,TRACKING,400,24.909078,45.704662,1.748399,1.695862,4.894712,2.000000,2.000000,5.000000,0.408520,0
1784303415.189257,ADAPTIVE,TRACKING,400,24.789830,40.708541,1.758264,1.697399,4.884647,2.000000,2.000000,5.000000,0.404116,0
1784303415.239291,ADAPTIVE,TRACKING,400,28.751957,53.915030,1.763941,1.699520,4.877149,2.000000,2.000000,5.000000,0.401378,0
1784303415.289239,ADAPTIVE,TRACKING,400,25.172828,41.166477,1.770323,1.704772,4.863216,2.000000,2.000000,5.000000,0.398273,0
1784303415.339277,ADAPTIVE,TRACKING,400,24.698714,49.445017,1.772542,1.708468,4.856141,2.000000,2.000000,5.000000,0.396766,0
1784303415.389259,ADAPTIVE,TRACKING,400,29.474741,45.264064,1.776949,1.717098,4.846910,2.000000,2.000000,5.000000,0.391436,0
1784303415.439282,ADAPTIVE,TRACKING,400,23.973967,44.382212,1.781087,1.724836,4.839649,2.000000,2.000000,5.000000,0.386459,0
1784303415.489241,ADAPTIVE,TRACKING,400,25.459221,41.363877,1.787094,1.737377,4.835330,2.000000,2.000000,5.000000,0.376053,0
1784303415.539238,ADAPTIVE,TRACKING,400,23.951603,48.373207,1.790191,1.744040,4.832557,2.000000,2.000000,5.000000,0.370908,0
1784303415.589239,ADAPTIVE,TRACKING,400,25.898662,41.856617,1.795831,1.757409,4.829345,2.000000,2.000000,5.000000,0.360081,0
1784303415.639237,ADAPTIVE,TRACKING,400,24.647417,48.624749,1.798751,1.765454,4.830927,2.000000,2.000000,5.000000,0.352276,0
1784303415.689243,ADAPTIVE,TRACKING,400,24.649620,40.541749,1.803059,1.774904,4.841698,2.000000,2.000000,5.000000,0.338399,0
1784303415.739880,ADAPTIVE,TRACKING,400,26.543165,52.364162,1.804571,1.779290,4.850992,2.000000,2.000000,5.000000,0.330316,0
1784303415.789243,ADAPTIVE,TRACKING,400,25.511285,41.509812,1.806568,1.788574,4.868359,2.000000,2.000000,5.000000,0.315351,0
1784303415.839286,ADAPTIVE,TRACKING,400,24.280093,48.690492,1.807329,1.794744,4.876643,2.000000,2.000000,5.000000,0.307359,0
1784303415.889241,ADAPTIVE,TRACKING,400,23.530117,39.671236,1.807907,1.804613,4.889698,0.000000,2.000000,5.000000,1.821777,0
1784303415.939244,ADAPTIVE,TRACKING,400,24.355553,50.635313,1.808056,1.811260,4.893456,0.000000,2.000000,5.000000,1.821000,0
1784303415.989225,ADAPTIVE,TRACKING,400,25.437629,41.217011,1.807246,1.822761,4.904176,0.000000,2.000000,5.000000,1.818442,0
1784303416.039275,ADAPTIVE,TRACKING,400,25.288225,49.786242,1.807288,1.827647,4.908664,0.000000,2.000000,5.000000,1.817783,0
1784303416.089242,ADAPTIVE,TRACKING,400,25.674700,41.743683,1.807846,1.830983,4.912327,0.000000,2.000000,5.000000,1.817845,0
1784303416.139240,ADAPTIVE,TRACKING,400,24.861734,49.065925,1.806331,1.831758,4.915442,0.000000,2.000000,5.000000,1.816119,0
1784303416.189265,ADAPTIVE,TRACKING,400,27.235489,43.269534,1.802753,1.832571,4.919500,0.000000,2.000000,5.000000,1.812300,0
1784303416.239239,ADAPTIVE,TRACKING,400,25.748346,48.358689,1.797108,1.831616,4.923969,0.000000,2.000000,5.000000,1.806580,0
1784303416.289247,ADAPTIVE,TRACKING,400,25.882135,41.614232,1.781293,1.826687,4.931076,0.000000,2.000000,5.000000,1.791031,0
1784303416.339449,ADAPTIVE,TRACKING,400,26.552944,50.744971,1.769134,1.822231,4.938918,0.000000,2.000000,5.000000,1.779091,0
1784303416.389238,ADAPTIVE,TRACKING,400,28.384092,44.337993,1.736877,1.811518,4.958941,0.000000,2.000000,5.000000,1.747556,0
1784303416.439282,ADAPTIVE,TRACKING,400,31.233917,52.761905,1.710288,1.801805,4.968066,0.000000,2.000000,5.000000,1.722030,0
1784303416.489244,ADAPTIVE,TRACKING,400,25.352204,40.939037,1.660255,1.786888,4.986253,0.000000,2.000000,5.000000,1.673933,0
1784303416.539237,ADAPTIVE,TRACKING,400,24.135571,48.654744,1.630468,1.779514,4.996414,0.000000,2.000000,5.000000,1.645312,0
1784303416.589254,ADAPTIVE,TRACKING,400,24.561245,40.510517,1.562457,1.765048,5.018885,0.000000,2.000000,5.000000,1.580137,0
1784303416.639270,ADAPTIVE,TRACKING,400,25.639022,50.957426,1.517573,1.756584,5.030341,0.000000,2.000000,5.000000,1.537270,0
1784303416.689262,ADAPTIVE,TRACKING,400,24.642744,40.317664,1.435427,1.750059,5.040204,0.000000,2.000000,5.000000,1.457579,0
1784303416.739287,ADAPTIVE,TRACKING,400,24.769755,50.028606,1.392880,1.747444,5.041965,0.000000,2.000000,5.000000,1.416213,0
1784303416.789462,ADAPTIVE,TRACKING,400,24.182164,40.014626,1.305432,1.744349,5.042389,0.000000,2.000000,5.000000,1.330904,0
1784303416.839271,ADAPTIVE,TRACKING,400,24.118572,49.622210,1.249432,1.743948,5.040071,0.000000,2.000000,5.000000,1.276029,0
1784303416.889246,ADAPTIVE,TRACKING,400,24.204384,39.870255,1.157883,1.741032,5.035800,0.000000,2.000000,5.000000,1.187029,0
1784303416.939280,ADAPTIVE,TRACKING,400,23.634079,49.353157,1.111404,1.738407,5.030714,0.000000,2.000000,5.000000,1.142188,0
1784303416.989272,ADAPTIVE,TRACKING,400,25.435584,41.100670,1.017412,1.731252,5.018448,0.000000,2.000000,5.000000,1.052470,0
1784303417.039298,ADAPTIVE,TRACKING,400,25.602563,50.059146,0.957938,1.725019,5.010956,0.000000,2.000000,5.000000,0.996684,0
1784303417.089262,ADAPTIVE,TRACKING,400,27.007083,42.630803,0.862129,1.712541,4.999897,0.000000,2.000000,5.000000,0.908790,0
1784303417.139284,ADAPTIVE,TRACKING,400,23.401690,46.278268,0.813873,1.705988,4.995397,0.000000,2.000000,5.000000,0.865364,0
1784303417.189259,ADAPTIVE,TRACKING,400,23.498363,39.261221,0.719728,1.694254,4.986891,0.000000,2.000000,5.000000,0.782088,0
1784303417.239288,ADAPTIVE,TRACKING,400,24.765290,51.177574,0.660760,1.686734,4.984900,0.000000,2.000000,5.000000,0.731414,0
1784303417.289252,ADAPTIVE,TRACKING,400,24.792176,40.673109,0.565017,1.672901,4.981999,0.000000,2.000000,5.000000,0.653117,0
1784303417.339275,ADAPTIVE,TRACKING,400,24.172920,49.266780,0.516796,1.665352,4.978995,0.000000,2.000000,5.000000,0.616043,0
1784303417.389231,ADAPTIVE,TRACKING,400,26.413305,42.378666,0.420977,1.650194,4.970756,0.000000,2.000000,5.000000,0.548125,0
1784303417.439277,ADAPTIVE,TRACKING,400,25.317486,48.824430,0.363354,1.639814,4.962244,0.000000,2.000000,5.000000,0.513016,0
1784303417.489239,ADAPTIVE,TRACKING,400,23.795376,39.676173,0.271550,1.623661,4.949470,0.000000,2.000000,5.000000,0.466823,0
1784303417.539266,ADAPTIVE,TRACKING,400,24.636423,50.687845,0.226621,1.616735,4.942999,0.000000,2.000000,5.000000,0.448885,0
1784303417.589238,ADAPTIVE,TRACKING,400,25.666103,41.627303,0.139361,1.604978,4.937199,0.000000,2.000000,5.000000,0.423565,0
1784303417.639270,ADAPTIVE,TRACKING,400,23.833621,48.070705,0.085881,1.598167,4.938851,0.000000,2.000000,5.000000,0.415433,0
1784303417.689240,ADAPTIVE,TRACKING,400,23.265792,39.137094,0.001457,1.585036,4.936080,0.000000,2.000000,5.000000,0.419860,0
1784303417.739277,ADAPTIVE,TRACKING,400,25.506340,52.092082,-0.039691,1.579101,4.934381,0.000000,2.000000,5.000000,0.427828,0
1784303417.789273,ADAPTIVE,TRACKING,400,28.652707,44.581522,-0.118230,1.571432,4.930622,0.000000,2.000000,5.000000,0.449958,0
1784303417.839283,ADAPTIVE,TRACKING,400,27.483052,48.662502,-0.163756,1.569978,4.931633,0.000000,2.000000,5.000000,0.465198,0
1784303417.889274,ADAPTIVE,TRACKING,400,24.336069,40.467170,-0.231108,1.567909,4.934288,0.000000,2.000000,5.000000,0.494400,0
1784303417.939283,ADAPTIVE,TRACKING,400,25.904149,51.448297,-0.259481,1.566297,4.932971,0.000000,2.000000,5.000000,0.509825,0
1784303417.989230,ADAPTIVE,TRACKING,400,24.296293,40.266837,-0.312486,1.564389,4.931276,0.000000,2.000000,5.000000,0.540488,0
1784303418.039255,ADAPTIVE,TRACKING,400,23.842845,49.449513,-0.341761,1.565042,4.932487,0.000000,2.000000,5.000000,0.557267,0
1784303418.089236,ADAPTIVE,TRACKING,400,24.961129,41.048966,-0.381628,1.569068,4.936448,0.000000,2.000000,5.000000,0.579121,0
1784303418.139245,ADAPTIVE,TRACKING,400,23.838982,48.752737,-0.399190,1.570840,4.939218,0.000000,2.000000,5.000000,0.589258,0
1784303418.189249,ADAPTIVE,TRACKING,400,24.791974,40.719484,-0.426958,1.576743,4.942146,0.000000,2.000000,5.000000,0.603976,0
1784303418.239255,ADAPTIVE,TRACKING,400,24.403095,49.491405,-0.441025,1.580539,4.942258,0.000000,2.000000,5.000000,0.611379,0
1784303418.289249,ADAPTIVE,TRACKING,400,25.900545,41.799490,-0.454656,1.582802,4.940471,0.000000,2.000000,5.000000,0.619927,0
1784303418.339289,ADAPTIVE,TRACKING,400,30.223912,54.251872,-0.457340,1.582214,4.939306,0.000000,2.000000,5.000000,0.622406,0
1784303418.389245,ADAPTIVE,TRACKING,400,26.104995,42.134290,-0.459184,1.580437,4.936117,0.000000,2.000000,5.000000,0.625271,0
1784303418.439243,ADAPTIVE,TRACKING,400,24.283200,48.046268,-0.451853,1.580721,4.931657,0.000000,2.000000,5.000000,0.620191,0
1784303418.489242,ADAPTIVE,TRACKING,400,23.990039,40.112547,-0.436764,1.582089,4.927300,0.000000,2.000000,5.000000,0.608849,0
1784303418.539271,ADAPTIVE,TRACKING,400,23.725004,49.620621,-0.426230,1.583264,4.924861,0.000000,2.000000,5.000000,0.600821,0
1784303418.589259,ADAPTIVE,TRACKING,400,25.529930,41.440971,-0.400367,1.585497,4.920838,0.000000,2.000000,5.000000,0.581698,0
1784303418.639247,ADAPTIVE,TRACKING,400,23.716673,48.007023,-0.383125,1.586617,4.921037,0.000000,2.000000,5.000000,0.569127,0
1784303418.689298,ADAPTIVE,TRACKING,400,24.100521,40.207246,-0.348600,1.587354,4.918686,0.000000,2.000000,5.000000,0.546270,0
1784303418.739268,ADAPTIVE,TRACKING,400,23.475207,49.193777,-0.330672,1.587605,4.917776,0.000000,2.000000,5.000000,0.534953,0
1784303418.789259,ADAPTIVE,TRACKING,400,25.488913,41.514952,-0.292422,1.590229,4.918648,0.000000,2.000000,5.000000,0.509942,0
1784303418.839241,ADAPTIVE,TRACKING,400,24.084287,48.438378,-0.266845,1.593834,4.919210,0.000000,2.000000,5.000000,0.492650,0
1784303418.889240,ADAPTIVE,TRACKING,400,23.480502,39.515537,-0.225269,1.598477,4.923254,0.000000,2.000000,5.000000,0.466751,0
1784303418.939238,ADAPTIVE,TRACKING,400,23.890767,50.255567,-0.202512,1.599257,4.926136,0.000000,2.000000,5.000000,0.455041,0
1784303418.989232,ADAPTIVE,TRACKING,400,25.223788,41.330164,-0.157806,1.600367,4.930575,0.000000,2.000000,5.000000,0.435234,0
1784303419.039250,ADAPTIVE,TRACKING,400,24.426697,49.115160,-0.128737,1.598967,4.934524,0.000000,2.000000,5.000000,0.426248,0
1784303419.089255,ADAPTIVE,TRACKING,400,25.957977,42.039250,-0.079852,1.592470,4.942320,0.000000,2.000000,5.000000,0.419266,0
1784303419.139271,ADAPTIVE,TRACKING,400,24.012124,47.932836,-0.056223,1.589150,4.946638,0.000000,2.000000,5.000000,0.418098,0
1784303419.189249,ADAPTIVE,TRACKING,400,26.578868,42.592407,-0.008317,1.579169,4.947522,0.000000,2.000000,5.000000,0.424172,0
1784303419.239239,ADAPTIVE,TRACKING,400,24.256725,47.542605,0.020636,1.572572,4.946342,0.000000,2.000000,5.000000,0.431277,0
1784303419.289241,ADAPTIVE,TRACKING,400,23.828200,39.696957,0.063127,1.560754,4.937533,0.000000,2.000000,5.000000,0.448134,0
1784303419.339278,ADAPTIVE,TRACKING,400,23.317226,49.372491,0.082515,1.554290,4.931835,0.000000,2.000000,5.000000,0.458380,0
1784303419.389261,ADAPTIVE,TRACKING,400,24.316219,40.018977,0.118167,1.542331,4.923650,0.000000,2.000000,5.000000,0.478804,0
1784303419.439281,ADAPTIVE,TRACKING,400,24.021916,49.612034,0.137571,1.533901,4.919276,0.000000,2.000000,5.000000,0.492636,0
1784303419.489231,ADAPTIVE,TRACKING,400,24.232608,40.161713,0.165133,1.521501,4.914882,0.000000,2.000000,5.000000,0.513298,0
1784303419.539249,ADAPTIVE,TRACKING,400,23.568228,49.250675,0.176952,1.516240,4.912799,0.000000,2.000000,5.000000,0.522437,0
1784303419.589244,ADAPTIVE,TRACKING,400,23.642381,39.529829,0.196864,1.507047,4.909344,0.000000,2.000000,5.000000,0.538495,0
1784303419.639243,ADAPTIVE,TRACKING,400,24.426911,50.632712,0.207406,1.501450,4.909445,0.000000,2.000000,5.000000,0.547512,0
1784303419.689246,ADAPTIVE,TRACKING,400,23.441828,39.128318,0.221395,1.492098,4.906998,0.000000,2.000000,5.000000,0.561809,0
1784303419.739245,ADAPTIVE,TRACKING,400,25.028087,51.418250,0.226922,1.487801,4.906028,0.000000,2.000000,5.000000,0.568042,0
1784303419.789248,ADAPTIVE,TRACKING,400,23.226720,39.137703,0.235404,1.479265,4.903739,0.000000,2.000000,5.000000,0.579522,0
1784303419.839238,ADAPTIVE,TRACKING,400,24.340214,50.991914,0.239185,1.473785,4.900059,0.000000,2.000000,5.000000,0.586600,0
1784303419.889236,ADAPTIVE,TRACKING,400,25.033006,40.987005,0.241312,1.466418,4.900131,0.000000,2.000000,5.000000,0.594066,0
1784303419.939244,ADAPTIVE,TRACKING,400,29.372917,54.223410,0.239602,1.462889,4.902734,0.000000,2.000000,5.000000,0.596119,0
1784303419.989258,ADAPTIVE,TRACKING,400,23.269069,39.036393,0.233461,1.458041,4.911676,0.000000,2.000000,5.000000,0.596678,0
1784303420.039283,ADAPTIVE,TRACKING,400,23.752572,50.383658,0.227674,1.457170,4.917283,0.000000,2.000000,5.000000,0.594426,0
1784303420.089260,ADAPTIVE,TRACKING,400,25.043510,40.695260,0.215702,1.459319,4.925816,0.000000,2.000000,5.000000,0.586828,0
1784303420.139275,ADAPTIVE,TRACKING,400,23.511478,48.368324,0.209064,1.461101,4.928895,0.000000,2.000000,5.000000,0.582388,0
1784303420.189236,ADAPTIVE,TRACKING,400,24.869813,40.870802,0.193846,1.468676,4.932777,0.000000,2.000000,5.000000,0.569561,0
1784303420.239245,ADAPTIVE,TRACKING,400,27.926633,52.915350,0.183261,1.474897,4.938501,0.000000,2.000000,5.000000,0.559553,0
1784303420.289236,ADAPTIVE,TRACKING,400,22.910067,38.926950,0.165445,1.488939,4.942882,0.000000,2.000000,5.000000,0.540202,0
1784303420.339258,ADAPTIVE,TRACKING,400,25.537186,52.482921,0.156126,1.497578,4.943517,0.000000,2.000000,5.000000,0.529144,0
1784303420.389248,ADAPTIVE,TRACKING,400,23.668381,39.661197,0.136494,1.514343,4.945976,0.000000,2.000000,5.000000,0.507358,0
1784303420.439268,ADAPTIVE,TRACKING,400,26.008109,52.239161,0.125704,1.526186,4.938890,0.000000,2.000000,5.000000,0.493999,0
1784303420.489242,ADAPTIVE,TRACKING,400,24.098583,39.973777,0.107516,1.543485,4.932005,0.000000,2.000000,5.000000,0.473909,0
1784303420.539289,ADAPTIVE,TRACKING,400,23.970898,49.835069,0.097519,1.551771,4.929639,0.000000,2.000000,5.000000,0.464080,0
1784303420.589241,ADAPTIVE,TRACKING,400,24.692302,40.351843,0.076270,1.567196,4.927952,0.000000,2.000000,5.000000,0.445339,0
1784303420.639292,ADAPTIVE,TRACKING,400,25.300185,50.542626,0.063126,1.575402,4.928855,0.000000,2.000000,5.000000,0.435120,0
1784303420.689264,ADAPTIVE,TRACKING,400,28.426262,44.139087,0.046072,1.578257,4.920821,0.000000,2.000000,5.000000,0.431577,0
1784303420.739285,ADAPTIVE,TRACKING,400,41.236389,62.696303,0.037643,1.579037,4.917574,0.000000,2.000000,5.000000,0.430605,0
1784303420.789271,ADAPTIVE,TRACKING,379,31.394645,39.909656,0.021421,1.581946,4.910801,0.000000,2.000000,5.000000,0.428000,0
1784303420.839285,ADAPTIVE,TRACKING,350,30.177665,48.662010,0.012045,1.584870,4.907187,0.000000,2.000000,5.000000,0.425549,0
1784303420.889257,ADAPTIVE,TRACKING,330,22.988323,38.749179,-0.002836,1.588814,4.906853,0.000000,2.000000,5.000000,0.421614,0
1784303420.939317,ADAPTIVE,TRACKING,377,24.230180,51.175566,-0.009097,1.592486,4.907326,0.000000,2.000000,5.000000,0.418018,0
1784303420.989267,ADAPTIVE,TRACKING,400,27.031823,42.877796,-0.021557,1.596889,4.911346,0.000000,2.000000,5.000000,0.413307,0
1784303421.039263,ADAPTIVE,TRACKING,400,26.938464,49.799977,-0.028962,1.597379,4.913125,0.000000,2.000000,5.000000,0.412905,0
1784303421.089275,ADAPTIVE,TRACKING,400,30.324503,46.067724,-0.039952,1.594771,4.913464,0.000000,2.000000,5.000000,0.416287,0
1784303421.139244,ADAPTIVE,TRACKING,400,31.838813,51.356281,-0.045222,1.593055,4.913891,0.000000,2.000000,5.000000,0.418407,0
1784303421.189251,ADAPTIVE,TRACKING,400,23.061633,38.894385,-0.055485,1.589514,4.908880,0.000000,2.000000,5.000000,0.424123,0
1784303421.239308,ADAPTIVE,TRACKING,400,23.416391,50.294505,-0.061736,1.587188,4.907556,0.000000,2.000000,5.000000,0.427517,0
1784303421.289232,ADAPTIVE,TRACKING,400,23.948938,39.791706,-0.072334,1.583034,4.905428,0.000000,2.000000,5.000000,0.433632,0
1784303421.339289,ADAPTIVE,TRACKING,400,24.053673,50.062420,-0.077820,1.580868,4.903151,0.000000,2.000000,5.000000,0.437158,0
1784303421.389256,ADAPTIVE,TRACKING,400,33.988563,49.855247,-0.087853,1.576593,4.902435,0.000000,2.000000,5.000000,0.443295,0
1784303421.439280,ADAPTIVE,TRACKING,400,23.846889,39.739166,-0.093044,1.577304,4.904249,0.000000,2.000000,5.000000,0.443281,0
1784303421.489279,ADAPTIVE,TRACKING,400,24.460136,40.240210,-0.100232,1.577813,4.906811,0.000000,2.000000,5.000000,0.443816,0
1784303421.539282,ADAPTIVE,TRACKING,400,31.269558,56.691475,-0.102772,1.576636,4.906995,0.000000,2.000000,5.000000,0.445476,0
1784303421.589239,ADAPTIVE,TRACKING,400,24.148573,39.976690,-0.106034,1.571941,4.909145,0.000000,2.000000,5.000000,0.450258,0
1784303421.639279,ADAPTIVE,TRACKING,400,24.704923,50.435251,-0.106857,1.570412,4.912731,0.000000,2.000000,5.000000,0.451199,0
1784303421.689291,ADAPTIVE,TRACKING,400,22.889789,38.733539,-0.106090,1.567172,4.922836,0.000000,2.000000,5.000000,0.452271,0
1784303421.739275,ADAPTIVE,TRACKING,400,22.867676,49.794883,-0.105349,1.565390,4.928235,0.000000,2.000000,5.000000,0.452918,0
1784303421.789260,ADAPTIVE,TRACKING,400,25.957045,41.723237,-0.102044,1.562176,4.937909,0.000000,2.000000,5.000000,0.453826,0
1784303421.839276,ADAPTIVE,TRACKING,400,24.132892,48.052492,-0.098145,1.560741,4.942777,0.000000,2.000000,5.000000,0.453713,0
1784303421.889252,ADAPTIVE,TRACKING,400,23.781712,39.864638,-0.091068,1.557384,4.950479,0.000000,2.000000,5.000000,0.454592,0
1784303421.939300,ADAPTIVE,TRACKING,400,23.696880,49.807666,-0.086017,1.555690,4.955174,0.000000,2.000000,5.000000,0.454774,0
1784303421.989261,ADAPTIVE,TRACKING,400,24.575793,40.254570,-0.075696,1.551783,4.963747,0.000000,2.000000,5.000000,0.456007,0
1784303422.039245,ADAPTIVE,TRACKING,400,24.796357,50.089476,-0.067820,1.549692,4.966702,0.000000,2.000000,5.000000,0.456602,0
1784303422.089240,ADAPTIVE,TRACKING,400,24.173350,39.905964,-0.052770,1.547531,4.965674,0.000000,2.000000,5.000000,0.456827,0
1784303422.139249,ADAPTIVE,TRACKING,400,26.237898,51.971993,-0.045757,1.546458,4.966121,0.000000,2.000000,5.000000,0.457101,0
1784303422.189263,ADAPTIVE,TRACKING,400,24.595223,40.337026,-0.032440,1.545639,4.964306,0.000000,2.000000,5.000000,0.456914,0
1784303422.239291,ADAPTIVE,TRACKING,400,25.086598,50.413470,-0.024805,1.545072,4.964027,0.000000,2.000000,5.000000,0.457021,0
1784303422.289270,ADAPTIVE,TRACKING,400,34.417367,50.114825,-0.012956,1.545168,4.962695,0.000000,2.000000,5.000000,0.456543,0
1784303422.339286,ADAPTIVE,TRACKING,400,25.662737,41.095631,-0.007078,1.545746,4.961304,0.000000,2.000000,5.000000,0.455954,0
1784303422.389265,ADAPTIVE,TRACKING,400,26.187994,41.830233,0.004035,1.546769,4.960179,0.000000,2.000000,5.000000,0.454994,0
1784303422.439290,ADAPTIVE,TRACKING,400,26.719147,50.455644,0.011093,1.548097,4.955868,0.000000,2.000000,5.000000,0.454188,0
1784303422.489255,ADAPTIVE,TRACKING,400,25.957362,41.804312,0.021671,1.550180,4.954691,0.000000,2.000000,5.000000,0.452615,0
1784303422.539279,ADAPTIVE,TRACKING,400,23.884091,47.814156,0.027437,1.550794,4.954391,0.000000,2.000000,5.000000,0.452348,0
1784303422.589264,ADAPTIVE,TRACKING,400,25.692036,41.407810,0.039723,1.550924,4.955822,0.000000,2.000000,5.000000,0.452989,0
1784303422.639246,ADAPTIVE,TRACKING,400,25.977725,50.145077,0.046910,1.550853,4.957571,0.000000,2.000000,5.000000,0.453579,0
1784303422.689266,ADAPTIVE,TRACKING,400,24.577033,40.223296,0.060771,1.544751,4.957645,0.000000,2.000000,5.000000,0.461236,0
1784303422.739288,ADAPTIVE,TRACKING,400,24.800665,50.085269,0.067219,1.541895,4.959590,0.000000,2.000000,5.000000,0.464771,0
1784303422.789241,ADAPTIVE,TRACKING,400,25.106351,40.865002,0.079679,1.536716,4.962653,0.000000,2.000000,5.000000,0.471567,0
1784303422.839448,ADAPTIVE,TRACKING,400,27.173974,52.149461,0.087347,1.533621,4.961258,0.000000,2.000000,5.000000,0.476067,0
1784303422.889274,ADAPTIVE,TRACKING,400,24.973197,40.774642,0.097340,1.530862,4.958676,0.000000,2.000000,5.000000,0.480909,0
1784303422.939283,ADAPTIVE,TRACKING,400,23.266724,48.174558,0.100244,1.531631,4.956203,0.000000,2.000000,5.000000,0.480974,0
1784303422.989287,ADAPTIVE,TRACKING,400,24.350737,40.148221,0.104734,1.533594,4.952666,0.000000,2.000000,5.000000,0.480358,0
1784303423.039286,ADAPTIVE,TRACKING,400,25.556927,51.078632,0.106274,1.535155,4.950124,0.000000,2.000000,5.000000,0.479440,0
1784303423.089273,ADAPTIVE,TRACKING,400,26.130715,41.822595,0.106599,1.537999,4.945888,0.000000,2.000000,5.000000,0.477218,0
1784303423.139285,ADAPTIVE,TRACKING,400,24.000577,47.740981,0.106354,1.539622,4.945070,0.000000,2.000000,5.000000,0.475685,0
1784303423.189260,ADAPTIVE,TRACKING,400,23.669551,39.567001,0.107576,1.546705,4.944745,0.000000,2.000000,5.000000,0.469150,0
1784303423.239277,ADAPTIVE,TRACKING,400,24.190224,50.396041,0.107795,1.551672,4.945633,0.000000,2.000000,5.000000,0.464298,0
1784303423.289264,ADAPTIVE,TRACKING,400,27.379964,43.365068,0.108137,1.560595,4.949026,0.000000,2.000000,5.000000,0.455378,0
1784303423.339303,ADAPTIVE,TRACKING,400,25.872422,48.351052,0.108393,1.565435,4.951250,0.000000,2.000000,5.000000,0.450524,0
1784303423.389225,ADAPTIVE,TRACKING,400,24.139302,40.127358,0.107365,1.573920,4.955385,0.000000,2.000000,5.000000,0.441658,0
1784303423.439272,ADAPTIVE,TRACKING,400,25.424149,51.182355,0.105486,1.579988,4.954165,0.000000,2.000000,5.000000,0.435475,0
1784303423.489249,ADAPTIVE,TRACKING,400,25.447505,41.546067,0.101314,1.588322,4.954318,0.000000,2.000000,5.000000,0.426416,0
1784303423.539239,ADAPTIVE,TRACKING,400,25.778926,50.202627,0.098482,1.592451,4.953067,0.000000,2.000000,5.000000,0.421898,0
1784303423.589254,ADAPTIVE,TRACKING,400,26.210077,42.098402,0.091577,1.601134,4.946827,0.000000,2.000000,5.000000,0.412683,0
1784303423.639253,ADAPTIVE,TRACKING,400,24.156145,47.795376,0.086848,1.606629,4.944498,0.000000,2.000000,5.000000,0.406650,0
1784303423.689239,ADAPTIVE,TRACKING,400,23.181028,38.947890,0.080396,1.617922,4.940419,0.000000,2.000000,5.000000,0.394965,0
1784303423.739244,ADAPTIVE,TRACKING,400,25.233096,51.875544,0.076860,1.623555,4.939570,0.000000,2.000000,5.000000,0.388934,0
1784303423.789241,ADAPTIVE,TRACKING,400,25.240109,40.607531,0.070568,1.634460,4.936676,0.000000,2.000000,5.000000,0.377636,0
1784303423.839274,ADAPTIVE,TRACKING,400,23.816609,48.495589,0.067470,1.640835,4.936965,0.000000,2.000000,5.000000,0.370844,0
1784303423.889237,ADAPTIVE,TRACKING,400,24.035568,40.080513,0.060966,1.650064,4.939987,0.000000,2.000000,5.000000,0.360241,0
1784303423.939244,ADAPTIVE,TRACKING,400,23.814741,49.653813,0.056394,1.654405,4.939484,0.000000,2.000000,5.000000,0.355357,0
1784303423.989227,ADAPTIVE,TRACKING,400,24.586784,40.537465,0.046795,1.662459,4.940637,0.000000,2.000000,5.000000,0.345901,0
1784303424.039244,ADAPTIVE,TRACKING,400,23.844646,49.125970,0.041104,1.667163,4.943345,0.000000,2.000000,5.000000,0.340117,0
1784303424.089236,ADAPTIVE,TRACKING,400,23.731452,39.857261,0.032691,1.673990,4.948379,0.000000,2.000000,5.000000,0.331687,0
1784303424.139240,ADAPTIVE,TRACKING,400,24.799861,50.910518,0.028188,1.676650,4.950667,0.000000,2.000000,5.000000,0.328304,0
1784303424.189249,ADAPTIVE,TRACKING,400,27.523641,43.584088,0.023428,1.680154,4.953855,0.000000,2.000000,5.000000,0.324006,0
1784303424.239248,ADAPTIVE,TRACKING,400,24.407861,46.682581,0.020725,1.681386,4.956932,0.000000,2.000000,5.000000,0.322179,0
1784303424.289235,ADAPTIVE,TRACKING,400,25.373943,41.356924,0.013403,1.682045,4.959264,0.000000,2.000000,5.000000,0.320834,0
1784303424.339275,ADAPTIVE,TRACKING,400,25.579155,50.117118,0.008450,1.681722,4.959894,0.000000,2.000000,5.000000,0.320907,0
1784303424.389249,ADAPTIVE,TRACKING,400,25.328866,41.429779,-0.001807,1.680116,4.962515,0.000000,2.000000,5.000000,0.322078,0
1784303424.439244,ADAPTIVE,TRACKING,400,24.126514,48.669269,-0.007082,1.678852,4.961643,0.000000,2.000000,5.000000,0.323508,0
1784303424.489255,ADAPTIVE,TRACKING,400,25.934761,42.035273,-0.015660,1.675867,4.959979,0.000000,2.000000,5.000000,0.326969,0
1784303424.539388,ADAPTIVE,TRACKING,400,24.248010,48.301225,-0.019406,1.674044,4.958104,0.000000,2.000000,5.000000,0.329210,0
1784303424.589253,ADAPTIVE,TRACKING,400,27.809292,43.861680,-0.025729,1.669428,4.952050,0.000000,2.000000,5.000000,0.335021,0
1784303424.639244,ADAPTIVE,TRACKING,400,25.073834,47.129190,-0.029335,1.665560,4.948858,0.000000,2.000000,5.000000,0.339597,0
1784303424.689246,ADAPTIVE,TRACKING,400,26.290843,41.987172,-0.035208,1.657798,4.944272,0.000000,2.000000,5.000000,0.348493,0
1784303424.739278,ADAPTIVE,TRACKING,400,23.315037,46.889848,-0.037803,1.653757,4.942967,0.000000,2.000000,5.000000,0.352939,0
1784303424.789241,ADAPTIVE,TRACKING,400,24.776229,40.669562,-0.042030,1.645018,4.937449,0.000000,2.000000,5.000000,0.362893,0
1784303424.839267,ADAPTIVE,TRACKING,400,24.060957,49.160936,-0.043971,1.639070,4.932685,0.000000,2.000000,5.000000,0.369777,0
1784303424.889265,ADAPTIVE,TRACKING,400,25.470135,41.515999,-0.045687,1.630036,4.927324,0.000000,2.000000,5.000000,0.379793,0
1784303424.939278,ADAPTIVE,TRACKING,400,24.151808,48.579363,-0.043438,1.625315,4.922315,0.000000,2.000000,5.000000,0.385112,0
1784303424.989227,ADAPTIVE,TRACKING,400,27.596023,43.577763,-0.039048,1.617051,4.917407,0.000000,2.000000,5.000000,0.393696,0
1784303425.039268,ADAPTIVE,TRACKING,400,24.010622,46.335406,-0.035407,1.612520,4.915607,0.000000,2.000000,5.000000,0.398141,0
1784303425.089255,ADAPTIVE,TRACKING,400,24.038437,40.103079,-0.027705,1.605795,4.910614,0.000000,2.000000,5.000000,0.405160,0
1784303425.139270,ADAPTIVE,TRACKING,400,25.131762,50.974966,-0.024102,1.602844,4.910173,0.000000,2.000000,5.000000,0.407900,0
1784303425.189243,ADAPTIVE,TRACKING,400,24.031924,39.959091,-0.017515,1.598115,4.908022,0.000000,2.000000,5.000000,0.412648,0
1784303425.239248,ADAPTIVE,TRACKING,400,26.103875,51.937093,-0.013752,1.595795,4.907310,0.000000,2.000000,5.000000,0.414925,0
1784303425.289231,ADAPTIVE,TRACKING,400,24.092321,40.124504,-0.006539,1.594517,4.901729,0.000000,2.000000,5.000000,0.417273,0
1784303425.339244,ADAPTIVE,TRACKING,400,24.801791,50.593681,-0.002452,1.594911,4.897823,0.000000,2.000000,5.000000,0.417783,0
1784303425.389252,ADAPTIVE,TRACKING,400,23.301391,39.003742,0.004780,1.595793,4.893548,0.000000,2.000000,5.000000,0.418017,0
1784303425.439283,ADAPTIVE,TRACKING,400,23.641377,50.262539,0.010168,1.597065,4.892137,0.000000,2.000000,5.000000,0.417247,0
1784303425.489289,ADAPTIVE,TRACKING,400,23.678774,39.512689,0.018291,1.598569,4.895020,0.000000,2.000000,5.000000,0.415334,0
1784303425.539243,ADAPTIVE,TRACKING,400,23.952347,50.071613,0.023166,1.598050,4.894949,0.000000,2.000000,5.000000,0.416097,0
1784303425.589236,ADAPTIVE,TRACKING,400,25.367815,41.422792,0.033852,1.595250,4.894348,0.000000,2.000000,5.000000,0.419679,0
1784303425.639299,ADAPTIVE,TRACKING,400,25.233498,49.805625,0.039420,1.594225,4.897968,0.000000,2.000000,5.000000,0.420259,0
1784303425.689281,ADAPTIVE,TRACKING,400,29.839589,45.566954,0.047255,1.596417,4.903656,0.000000,2.000000,5.000000,0.417605,0
1784303425.739241,ADAPTIVE,TRACKING,400,24.460895,44.465153,0.050255,1.597963,4.908115,0.000000,2.000000,5.000000,0.415454,0
1784303425.789255,ADAPTIVE,TRACKING,400,25.042964,40.928586,0.056175,1.601761,4.913665,0.000000,2.000000,5.000000,0.411343,0
1784303425.839280,ADAPTIVE,TRACKING,400,24.378498,49.236920,0.060307,1.604682,4.914221,0.000000,2.000000,5.000000,0.408988,0
1784303425.889253,ADAPTIVE,TRACKING,400,23.810124,39.855114,0.064870,1.610312,4.915396,0.000000,2.000000,5.000000,0.404009,0
1784303425.939241,ADAPTIVE,TRACKING,400,23.533067,49.528360,0.066418,1.613678,4.911407,0.000000,2.000000,5.000000,0.401877,0
1784303425.989298,ADAPTIVE,TRACKING,400,24.793793,40.921485,0.068115,1.619433,4.908843,0.000000,2.000000,5.000000,0.397216,0
1784303426.039239,ADAPTIVE,TRACKING,400,25.177500,50.192159,0.068518,1.622798,4.908272,0.000000,2.000000,5.000000,0.394195,0
1784303426.089241,ADAPTIVE,TRACKING,400,30.074369,46.179397,0.068439,1.627555,4.909760,0.000000,2.000000,5.000000,0.389284,0
1784303426.139242,ADAPTIVE,TRACKING,400,24.663058,44.480707,0.067954,1.629012,4.912368,0.000000,2.000000,5.000000,0.387207,0
1784303426.189239,ADAPTIVE,TRACKING,400,23.829424,39.797544,0.068730,1.634411,4.918931,0.000000,2.000000,5.000000,0.380725,0
1784303426.239281,ADAPTIVE,TRACKING,400,27.749421,53.792775,0.068940,1.637200,4.923995,0.000000,2.000000,5.000000,0.377033,0
1784303426.289236,ADAPTIVE,TRACKING,400,23.240275,39.233500,0.068284,1.640089,4.930082,0.000000,2.000000,5.000000,0.372944,0
1784303426.339247,ADAPTIVE,TRACKING,400,25.259557,51.891335,0.067470,1.640854,4.932443,0.000000,2.000000,5.000000,0.371620,0
1784303426.389242,ADAPTIVE,TRACKING,400,25.363372,41.307702,0.064571,1.640488,4.939427,0.000000,2.000000,5.000000,0.370253,0
1784303426.439241,ADAPTIVE,TRACKING,400,23.609262,48.097983,0.063846,1.637056,4.941833,0.000000,2.000000,5.000000,0.373079,0
1784303426.489256,ADAPTIVE,TRACKING,400,28.501349,44.610804,0.061170,1.630887,4.945035,0.000000,2.000000,5.000000,0.378163,0
1784303426.539348,ADAPTIVE,TRACKING,400,23.158270,44.592556,0.059887,1.626881,4.945971,0.000000,2.000000,5.000000,0.381737,0
1784303426.589236,ADAPTIVE,TRACKING,400,24.717923,40.704775,0.057539,1.617281,4.946507,0.000000,2.000000,5.000000,0.390699,0
1784303426.639239,ADAPTIVE,TRACKING,400,23.361428,48.524608,0.055484,1.610813,4.947052,0.000000,2.000000,5.000000,0.396671,0
1784303426.689253,ADAPTIVE,TRACKING,400,23.832827,39.901230,0.058433,1.601784,4.942261,0.000000,2.000000,5.000000,0.406600,0
1784303426.739269,ADAPTIVE,TRACKING,400,23.665329,49.639931,0.059734,1.596900,4.941953,0.000000,2.000000,5.000000,0.411616,0
1784303426.789231,ADAPTIVE,TRACKING,400,24.344593,40.077008,0.062891,1.587562,4.943209,0.000000,2.000000,5.000000,0.421053,0
1784303426.839273,ADAPTIVE,TRACKING,400,26.963238,52.501598,0.065680,1.582622,4.941727,0.000000,2.000000,5.000000,0.426514,0
1784303426.889236,ADAPTIVE,TRACKING,400,26.733786,42.753648,0.068277,1.574687,4.940339,0.000000,2.000000,5.000000,0.434871,0
1784303426.939244,ADAPTIVE,TRACKING,400,23.313251,46.453024,0.068543,1.571013,4.940673,0.000000,2.000000,5.000000,0.438461,0
1784303426.989228,ADAPTIVE,TRACKING,400,24.787801,40.724644,0.068057,1.562768,4.944386,0.000000,2.000000,5.000000,0.445978,0
1784303427.039243,ADAPTIVE,TRACKING,400,23.833613,48.845847,0.066979,1.557736,4.946707,0.000000,2.000000,5.000000,0.450471,0
1784303427.089254,ADAPTIVE,TRACKING,400,24.867836,40.940703,0.064011,1.550487,4.951581,0.000000,2.000000,5.000000,0.456622,0
1784303427.139235,ADAPTIVE,TRACKING,400,23.548447,48.533057,0.062266,1.546707,4.954063,0.000000,2.000000,5.000000,0.459850,0
1784303427.189239,ADAPTIVE,TRACKING,400,24.350788,40.400395,0.059946,1.544146,4.950646,0.000000,2.000000,5.000000,0.462420,0
1784303427.239257,ADAPTIVE,TRACKING,400,24.190489,49.758125,0.058490,1.543053,4.947612,0.000000,2.000000,5.000000,0.463644,0
1784303427.289237,ADAPTIVE,TRACKING,400,23.614850,39.542685,0.058048,1.538328,4.941218,0.000000,2.000000,5.000000,0.469006,0
1784303427.339246,ADAPTIVE,TRACKING,400,24.651037,50.876194,0.058567,1.535073,4.939490,0.000000,2.000000,5.000000,0.472492,0
1784303427.389363,ADAPTIVE,TRACKING,400,26.775504,43.005993,0.058377,1.529756,4.942673,0.000000,2.000000,5.000000,0.477309,0
1784303427.439242,ADAPTIVE,TRACKING,400,23.831160,46.815099,0.057941,1.528679,4.942066,0.000000,2.000000,5.000000,0.478390,0
1784303427.489244,ADAPTIVE,TRACKING,400,25.539196,41.619808,0.055999,1.527688,4.940454,0.000000,2.000000,5.000000,0.479333,0
1784303427.539240,ADAPTIVE,TRACKING,400,28.735167,53.060644,0.054617,1.526389,4.938210,0.000000,2.000000,5.000000,0.480737,0
1784303427.589236,ADAPTIVE,TRACKING,400,23.684393,39.677996,0.050899,1.521894,4.931815,0.000000,2.000000,5.000000,0.485619,0
1784303427.639266,ADAPTIVE,TRACKING,400,28.198682,54.380616,0.047898,1.519238,4.930007,0.000000,2.000000,5.000000,0.488185,0
1784303427.689244,ADAPTIVE,TRACKING,400,38.616963,54.498909,0.041371,1.519421,4.928623,0.000000,2.000000,5.000000,0.487609,0
1784303427.739395,ADAPTIVE,TRACKING,397,28.003183,39.323590,0.037904,1.519527,4.929284,0.000000,2.000000,5.000000,0.487126,0
1784303427.789255,ADAPTIVE,TRACKING,378,25.048994,41.080341,0.032031,1.519538,4.927925,0.000000,2.000000,5.000000,0.486893,0
1784303427.839250,ADAPTIVE,TRACKING,385,26.544468,51.380217,0.029377,1.519742,4.925766,0.000000,2.000000,5.000000,0.486848,0
1784303427.889266,ADAPTIVE,TRACKING,400,29.101754,43.751871,0.024481,1.520980,4.923273,0.000000,2.000000,5.000000,0.485744,0
1784303427.939277,ADAPTIVE,TRACKING,400,38.262293,59.060955,0.021508,1.522083,4.920563,0.000000,2.000000,5.000000,0.484951,0
1784303427.989266,ADAPTIVE,TRACKING,379,30.911676,42.468764,0.015111,1.523852,4.920125,0.000000,2.000000,5.000000,0.483038,0
1784303428.039286,ADAPTIVE,TRACKING,360,22.751700,41.729268,0.010618,1.523446,4.920366,0.000000,2.000000,5.000000,0.483278,0
1784303428.089247,ADAPTIVE,TRACKING,374,23.006326,38.879439,0.002503,1.519748,4.922647,0.000000,2.000000,5.000000,0.486448,0
1784303428.139244,ADAPTIVE,TRACKING,400,24.029353,50.892827,-0.001527,1.517885,4.924261,0.000000,2.000000,5.000000,0.488030,0
1784303428.189234,ADAPTIVE,TRACKING,400,25.332405,41.023687,-0.009652,1.514770,4.923882,0.000000,2.000000,5.000000,0.491259,0
1784303428.239246,ADAPTIVE,TRACKING,400,25.322102,49.893783,-0.014520,1.513054,4.923828,0.000000,2.000000,5.000000,0.493081,0
1784303428.289244,ADAPTIVE,TRACKING,400,24.200962,39.907447,-0.022421,1.510295,4.923530,0.000000,2.000000,5.000000,0.496147,0
1784303428.339304,ADAPTIVE,TRACKING,400,23.913306,49.672480,-0.026571,1.509259,4.923393,0.000000,2.000000,5.000000,0.497395,0
1784303428.389266,ADAPTIVE,TRACKING,400,24.182325,39.920787,-0.034706,1.509405,4.926705,0.000000,2.000000,5.000000,0.497252,0
1784303428.439281,ADAPTIVE,TRACKING,400,23.286053,49.015418,-0.041074,1.508248,4.928250,0.000000,2.000000,5.000000,0.498654,0
1784303428.489261,ADAPTIVE,TRACKING,400,23.229625,39.030311,-0.050373,1.508591,4.932237,0.000000,2.000000,5.000000,0.498610,0
1784303428.539281,ADAPTIVE,TRACKING,400,23.592337,50.250622,-0.054138,1.511253,4.935605,0.000000,2.000000,5.000000,0.495935,0
1784303428.589261,ADAPTIVE,TRACKING,400,23.879189,39.545655,-0.060236,1.519616,4.944790,0.000000,2.000000,5.000000,0.487283,0
1784303428.639245,ADAPTIVE,TRACKING,400,24.485506,50.479089,-0.063755,1.523719,4.952277,0.000000,2.000000,5.000000,0.482893,0
1784303428.689344,ADAPTIVE,TRACKING,400,30.181672,46.098902,-0.069683,1.529366,4.961746,0.000000,2.000000,5.000000,0.477300,0
1784303428.739239,ADAPTIVE,TRACKING,400,28.887938,48.450994,-0.072336,1.532015,4.966093,0.000000,2.000000,5.000000,0.474755,0
1784303428.789253,ADAPTIVE,TRACKING,400,63.852626,79.450219,-0.075822,1.536669,4.970848,0.000000,2.000000,5.000000,0.470398,1
1784303428.853347,ADAPTIVE,TRACKING,292,58.409077,138.164181,-0.075822,1.536669,4.970848,0.000000,2.000000,5.000000,0.470398,1
1784303428.915454,ADAPTIVE,TRACKING,208,33.742657,33.773803,-0.076438,1.538824,4.969282,0.000000,2.000000,5.000000,0.468476,0
1784303428.950408,ADAPTIVE,TRACKING,172,36.108845,36.142155,-0.076973,1.540891,4.967596,0.000000,2.000000,5.000000,0.466643,0
1784303428.989231,ADAPTIVE,TRACKING,157,30.244592,32.739132,-0.071682,1.544652,4.961696,0.000000,2.000000,5.000000,0.462544,0
1784303429.041333,ADAPTIVE,TRACKING,159,39.246411,60.902228,-0.069027,1.542542,4.961809,0.000000,2.000000,5.000000,0.464210,0
1784303429.091322,ADAPTIVE,TRACKING,138,35.575668,42.369752,-0.062314,1.536709,4.962133,0.000000,2.000000,5.000000,0.468994,0
1784303429.142320,ADAPTIVE,TRACKING,129,34.997947,50.234377,-0.058020,1.535503,4.962234,0.000000,2.000000,5.000000,0.469627,0
1784303429.189254,ADAPTIVE,TRACKING,115,29.912443,41.718614,-0.046407,1.534922,4.958525,0.000000,2.000000,5.000000,0.469224,0
1784303429.244319,ADAPTIVE,TRACKING,114,25.137151,50.068111,-0.041273,1.535097,4.956716,0.000000,2.000000,5.000000,0.468735,0
1784303429.289241,ADAPTIVE,TRACKING,119,31.489133,45.396005,-0.032593,1.538478,4.955251,0.000000,2.000000,5.000000,0.464831,0
1784303429.340319,ADAPTIVE,TRACKING,120,31.273937,50.644727,-0.027668,1.542454,4.956641,0.000000,2.000000,5.000000,0.460428,0
1784303429.390329,ADAPTIVE,TRACKING,120,31.770491,46.746122,-0.019883,1.543267,4.961919,0.000000,2.000000,5.000000,0.458748,0
1784303429.441325,ADAPTIVE,TRACKING,113,25.775055,38.359841,-0.015164,1.538699,4.964842,0.000000,2.000000,5.000000,0.462887,0
1784303429.489247,ADAPTIVE,TRACKING,119,28.483947,38.398405,-0.005873,1.528229,4.969276,0.000000,2.000000,5.000000,0.472807,0
1784303429.539246,ADAPTIVE,TRACKING,122,31.382589,49.164096,-0.001103,1.521229,4.970775,0.000000,2.000000,5.000000,0.479664,0
1784303429.594980,ADAPTIVE,TRACKING,124,30.182227,50.802787,0.010444,1.496214,4.971828,0.000000,2.000000,5.000000,0.504682,0
1784303429.641327,ADAPTIVE,TRACKING,121,30.105855,46.118783,0.014567,1.486316,4.971019,0.000000,2.000000,5.000000,0.514707,0
1784303429.689252,ADAPTIVE,TRACKING,120,30.591121,41.528043,0.021737,1.469859,4.967320,0.000000,2.000000,5.000000,0.531592,0
1784303429.743325,ADAPTIVE,TRACKING,120,36.458931,59.482420,0.024565,1.461892,4.965165,0.000000,2.000000,5.000000,0.539793,0
1784303429.791323,ADAPTIVE,TRACKING,111,30.997813,41.925310,0.028859,1.441914,4.956034,0.000000,2.000000,5.000000,0.560559,0
1784303429.839245,ADAPTIVE,TRACKING,107,32.239236,48.131691,0.030032,1.431867,4.952721,0.000000,2.000000,5.000000,0.570887,0
1784303429.889350,ADAPTIVE,TRACKING,101,26.566442,38.776797,0.031815,1.411842,4.950403,0.000000,2.000000,5.000000,0.591103,0
1784303429.941408,ADAPTIVE,TRACKING,106,30.363144,55.647669,0.030534,1.394966,4.946384,0.000000,2.000000,5.000000,0.608172,0
1784303429.989540,ADAPTIVE,TRACKING,105,18.297471,34.389419,0.027686,1.362937,4.940285,0.000000,2.000000,5.000000,0.640454,0
1784303430.039247,ADAPTIVE,TRACKING,124,23.652581,49.287377,0.026256,1.350018,4.937674,0.000000,2.000000,5.000000,0.653491,0
1784303430.089236,ADAPTIVE,TRACKING,138,54.247354,68.151295,0.023669,1.327148,4.936320,0.000000,2.000000,5.000000,0.676273,1
1784303430.143620,ADAPTIVE,TRACKING,118,45.482076,113.767841,0.023669,1.327148,4.936320,0.000000,2.000000,5.000000,0.676273,0
1784303430.192437,ADAPTIVE,TRACKING,92,29.091793,29.124102,0.022730,1.318256,4.937047,0.000000,2.000000,5.000000,0.685021,0
1784303430.239230,ADAPTIVE,TRACKING,82,26.262609,40.072092,0.023305,1.310222,4.944540,0.000000,2.000000,5.000000,0.692396,0
1784303430.289230,ADAPTIVE,TRACKING,88,26.355542,37.282566,0.024798,1.316395,4.949326,0.000000,2.000000,5.000000,0.685929,0
1784303430.339253,ADAPTIVE,TRACKING,96,18.863483,40.851231,0.026779,1.322511,4.950098,0.000000,2.000000,5.000000,0.679852,0
1784303430.389254,ADAPTIVE,TRACKING,110,23.123122,38.828327,0.030570,1.336341,4.955514,0.000000,2.000000,5.000000,0.665850,0
1784303430.439802,ADAPTIVE,TRACKING,127,27.608991,53.711902,0.032528,1.345323,4.957710,0.000000,2.000000,5.000000,0.656847,0
1784303430.489465,ADAPTIVE,TRACKING,144,28.213140,44.541369,0.037114,1.362720,4.962910,0.000000,2.000000,5.000000,0.639437,0
1784303430.542317,ADAPTIVE,TRACKING,144,26.096329,50.558442,0.039979,1.370936,4.965056,0.000000,2.000000,5.000000,0.631301,0
1784303430.589248,ADAPTIVE,TRACKING,151,27.548774,42.968422,0.048473,1.386139,4.964023,0.000000,2.000000,5.000000,0.616822,0
1784303430.641319,ADAPTIVE,TRACKING,160,30.478218,54.807287,0.051989,1.392697,4.964695,0.000000,2.000000,5.000000,0.610546,0
1784303430.689245,ADAPTIVE,TRACKING,162,31.634171,45.555973,0.060764,1.407514,4.955877,0.000000,2.000000,5.000000,0.597226,0
1784303430.739243,ADAPTIVE,TRACKING,158,37.577330,54.903907,0.065265,1.415916,4.950774,0.000000,2.000000,5.000000,0.589777,0
1784303430.793333,ADAPTIVE,TRACKING,144,34.188147,50.512347,0.076995,1.437302,4.943913,0.000000,2.000000,5.000000,0.570704,0
1784303430.839235,ADAPTIVE,TRACKING,134,25.682578,35.420465,0.082856,1.447351,4.940548,0.000000,2.000000,5.000000,0.561979,0
1784303430.889242,ADAPTIVE,TRACKING,134,26.548552,39.773940,0.093114,1.467335,4.931271,0.000000,2.000000,5.000000,0.545093,0
1784303430.939234,ADAPTIVE,TRACKING,143,38.833993,60.636003,0.097681,1.478016,4.927596,0.000000,2.000000,5.000000,0.535959,0
1784303430.992319,ADAPTIVE,TRACKING,136,39.857526,53.934527,0.106032,1.498234,4.926537,0.000000,2.000000,5.000000,0.518082,0
1784303431.039234,ADAPTIVE,TRACKING,117,29.857243,36.727437,0.108796,1.504525,4.927995,0.000000,2.000000,5.000000,0.512364,0
1784303431.091321,ADAPTIVE,TRACKING,109,18.695821,36.345448,0.112954,1.512243,4.933696,0.000000,2.000000,5.000000,0.505036,0
1784303431.139251,ADAPTIVE,TRACKING,125,24.582694,52.375342,0.114631,1.514305,4.937963,0.000000,2.000000,5.000000,0.502880,0
1784303431.189236,ADAPTIVE,TRACKING,144,31.408000,47.512891,0.121989,1.511221,4.940663,0.000000,2.000000,5.000000,0.507254,0
1784303431.239237,ADAPTIVE,TRACKING,153,31.194616,48.941051,0.124956,1.508458,4.941163,0.000000,2.000000,5.000000,0.510577,0
1784303431.289231,ADAPTIVE,TRACKING,145,30.308612,46.432556,0.129578,1.498305,4.942545,0.000000,2.000000,5.000000,0.521334,0
1784303431.339251,ADAPTIVE,TRACKING,142,27.963534,47.456481,0.131341,1.490534,4.944350,0.000000,2.000000,5.000000,0.529059,0
1784303431.389236,ADAPTIVE,TRACKING,147,34.242677,50.329743,0.132602,1.473718,4.946782,0.000000,2.000000,5.000000,0.545333,0
1784303431.440331,ADAPTIVE,TRACKING,140,28.762233,45.121724,0.132539,1.463755,4.947009,0.000000,2.000000,5.000000,0.554918,0
1784303431.489256,ADAPTIVE,TRACKING,141,31.095177,47.240268,0.130049,1.448101,4.949866,0.000000,2.000000,5.000000,0.569226,0
1784303431.539253,ADAPTIVE,TRACKING,136,28.099883,46.781755,0.127920,1.441875,4.949403,0.000000,2.000000,5.000000,0.574828,0
1784303431.589237,ADAPTIVE,TRACKING,142,28.107705,44.007488,0.121024,1.428812,4.948315,0.000000,2.000000,5.000000,0.586152,0
1784303431.639256,ADAPTIVE,TRACKING,143,26.729463,45.552488,0.116772,1.424436,4.949098,0.000000,2.000000,5.000000,0.589492,0
1784303431.689253,ADAPTIVE,TRACKING,152,42.882403,58.963169,0.106726,1.418115,4.949163,0.000000,2.000000,5.000000,0.593772,0
1784303431.742309,ADAPTIVE,TRACKING,134,49.999866,56.822023,0.101303,1.416063,4.949233,0.000000,2.000000,5.000000,0.594830,0
1784303431.792524,ADAPTIVE,TRACKING,106,36.550807,36.592105,0.094260,1.414267,4.948866,0.000000,2.000000,5.000000,0.595469,0
1784303431.844324,ADAPTIVE,TRACKING,89,20.633893,35.630448,0.081134,1.411333,4.943766,0.000000,2.000000,5.000000,0.596887,0
1784303431.889229,ADAPTIVE,TRACKING,94,24.072580,32.976739,0.067535,1.409484,4.943792,0.000000,2.000000,5.000000,0.597017,0
1784303431.943316,ADAPTIVE,TRACKING,108,28.422768,58.318622,0.058645,1.410175,4.940448,0.000000,2.000000,5.000000,0.595718,0
1784303431.989237,ADAPTIVE,TRACKING,119,30.470317,46.482897,0.040094,1.412349,4.937009,0.000000,2.000000,5.000000,0.592376,0
1784303432.044317,ADAPTIVE,TRACKING,116,29.345613,53.805626,0.033182,1.413698,4.935009,0.000000,2.000000,5.000000,0.590825,0
1784303432.092313,ADAPTIVE,TRACKING,116,29.127042,47.652124,0.021161,1.416723,4.930589,0.000000,2.000000,5.000000,0.587773,0
1784303432.140318,ADAPTIVE,TRACKING,118,29.383964,44.282103,0.014991,1.417991,4.928047,0.000000,2.000000,5.000000,0.586631,0
1784303432.194317,ADAPTIVE,TRACKING,119,30.009543,50.863703,0.003229,1.420666,4.921295,0.000000,2.000000,5.000000,0.584664,0
1784303432.243318,ADAPTIVE,TRACKING,119,29.618904,48.428466,-0.001894,1.421728,4.918369,0.000000,2.000000,5.000000,0.584008,0
1784303432.291309,ADAPTIVE,TRACKING,119,29.506356,44.380064,-0.011962,1.421549,4.912858,0.000000,2.000000,5.000000,0.585101,0
1784303432.339244,ADAPTIVE,TRACKING,120,29.444330,44.262495,-0.016801,1.419572,4.910375,0.000000,2.000000,5.000000,0.587547,0
1784303432.389241,ADAPTIVE,TRACKING,121,28.010772,41.938967,-0.027884,1.412899,4.912357,0.000000,2.000000,5.000000,0.594262,0
1784303432.442324,ADAPTIVE,TRACKING,124,20.910430,43.596705,-0.033078,1.407114,4.913629,0.000000,2.000000,5.000000,0.600057,0
1784303432.489243,ADAPTIVE,TRACKING,139,27.451904,43.554196,-0.043205,1.395432,4.912833,0.000000,2.000000,5.000000,0.612346,0
1784303432.546689,ADAPTIVE,TRACKING,150,38.451249,67.580276,-0.048450,1.388476,4.911738,0.000000,2.000000,5.000000,0.619758,0
1784303432.589241,ADAPTIVE,TRACKING,144,28.394017,32.240401,-0.062110,1.367240,4.908073,0.000000,2.000000,5.000000,0.642412,0
1784303432.639249,ADAPTIVE,TRACKING,138,25.325878,44.799640,-0.067547,1.358860,4.906049,0.000000,2.000000,5.000000,0.651498,0
1784303432.689251,ADAPTIVE,TRACKING,141,27.540020,41.301979,-0.076315,1.341906,4.896082,0.000000,2.000000,5.000000,0.670604,0
1784303432.739236,ADAPTIVE,TRACKING,156,47.299203,66.033909,-0.080377,1.333459,4.891717,0.000000,2.000000,5.000000,0.680046,0
1784303432.789231,ADAPTIVE,TRACKING,131,50.847108,53.309776,-0.087848,1.314042,4.884362,0.000000,2.000000,5.000000,0.701162,1
1784303432.840691,ADAPTIVE,TRACKING,101,25.996041,79.916809,-0.087848,1.314042,4.884362,0.000000,2.000000,5.000000,0.701162,0
1784303432.889235,ADAPTIVE,TRACKING,94,17.786835,30.690052,-0.094902,1.289687,4.868511,0.000000,2.000000,5.000000,0.728588,0
1784303432.939243,ADAPTIVE,TRACKING,107,24.341992,53.176101,-0.097644,1.281030,4.859099,0.000000,2.000000,5.000000,0.739125,0
1784303432.989244,ADAPTIVE,TRACKING,133,27.473908,43.403388,-0.102584,1.264566,4.845596,0.000000,2.000000,5.000000,0.758438,0
1784303433.039253,ADAPTIVE,TRACKING,144,31.989748,54.268996,-0.104768,1.258445,4.839343,0.000000,2.000000,5.000000,0.765957,0
1784303433.089254,ADAPTIVE,TRACKING,137,35.052939,50.792429,-0.109329,1.248533,4.825383,0.000000,2.000000,5.000000,0.779196,0
1784303433.139238,ADAPTIVE,TRACKING,131,28.735482,41.538378,-0.111047,1.245513,4.822590,0.000000,2.000000,5.000000,0.782979,0
1784303433.192316,ADAPTIVE,TRACKING,129,26.256434,44.259264,-0.106186,1.242284,4.811396,0.000000,2.000000,5.000000,0.788023,0
1784303433.239254,ADAPTIVE,TRACKING,132,31.733396,52.215280,-0.103017,1.241759,4.807878,0.000000,2.000000,5.000000,0.788957,0
1784303433.289240,ADAPTIVE,TRACKING,135,41.077460,55.002271,-0.095052,1.243486,4.803900,0.000000,2.000000,5.000000,0.787276,0
1784303433.339257,ADAPTIVE,TRACKING,120,35.472505,44.177281,-0.089632,1.246225,4.802211,0.000000,2.000000,5.000000,0.784431,0
1784303433.389241,ADAPTIVE,TRACKING,107,30.976652,45.237315,-0.076100,1.252983,4.808383,0.000000,2.000000,5.000000,0.774947,0
1784303433.439248,ADAPTIVE,TRACKING,101,31.157043,44.941592,-0.069184,1.254594,4.812476,0.000000,2.000000,5.000000,0.771739,0
1784303433.489255,ADAPTIVE,TRACKING,100,26.751807,42.780168,-0.055649,1.257909,4.824273,0.000000,2.000000,5.000000,0.764641,0
1784303433.541990,ADAPTIVE,TRACKING,103,31.898070,57.672043,-0.048903,1.259215,4.830310,0.000000,2.000000,5.000000,0.761543,0
1784303433.589236,ADAPTIVE,TRACKING,101,33.267037,48.454704,-0.032852,1.261040,4.840136,0.000000,2.000000,5.000000,0.756768,0
1784303433.639251,ADAPTIVE,TRACKING,99,30.547286,47.065418,-0.025812,1.262358,4.846409,0.000000,2.000000,5.000000,0.753905,0
1784303433.691321,ADAPTIVE,TRACKING,94,26.233408,40.253689,-0.009988,1.257982,4.861692,0.000000,2.000000,5.000000,0.754864,0
1784303433.739251,ADAPTIVE,TRACKING,98,27.681286,49.169850,-0.002270,1.256234,4.870880,0.000000,2.000000,5.000000,0.754894,0
1784303433.789261,ADAPTIVE,TRACKING,103,20.188195,35.134279,0.012297,1.259707,4.895267,0.000000,2.000000,5.000000,0.747766,0
1784303433.839250,ADAPTIVE,TRACKING,118,26.556751,54.533744,0.017429,1.264382,4.907591,0.000000,2.000000,5.000000,0.741605,0
1784303433.889323,ADAPTIVE,TRACKING,127,32.218877,48.012746,0.026909,1.276330,4.927000,0.000000,2.000000,5.000000,0.727840,0
1784303433.939234,ADAPTIVE,TRACKING,133,45.109368,59.712540,0.032072,1.283611,4.930272,0.000000,2.000000,5.000000,0.720488,0
1784303433.994302,ADAPTIVE,TRACKING,110,25.258368,35.048132,0.042485,1.304193,4.940973,0.000000,2.000000,5.000000,0.699598,0
1784303434.044301,ADAPTIVE,TRACKING,109,30.687882,55.331673,0.046343,1.314477,4.945346,0.000000,2.000000,5.000000,0.689257,0
1784303434.089227,ADAPTIVE,TRACKING,105,41.283028,55.449639,0.052786,1.336012,4.951586,0.000000,2.000000,5.000000,0.667841,0
1784303434.139223,ADAPTIVE,TRACKING,99,30.185602,38.755132,0.055453,1.346994,4.956162,0.000000,2.000000,5.000000,0.656821,0
1784303434.195302,ADAPTIVE,TRACKING,91,26.514939,45.864394,0.062134,1.378547,4.959369,0.000000,2.000000,5.000000,0.625871,0
1784303434.240305,ADAPTIVE,TRACKING,90,23.042572,41.386928,0.064957,1.392125,4.957544,0.000000,2.000000,5.000000,0.612808,0
1784303434.291304,ADAPTIVE,TRACKING,105,31.409319,48.795012,0.069494,1.414381,4.951211,0.000000,2.000000,5.000000,0.591742,0
1784303434.339222,ADAPTIVE,TRACKING,106,21.010069,37.433376,0.071244,1.423282,4.946418,0.000000,2.000000,5.000000,0.583567,0
1784303434.389226,ADAPTIVE,TRACKING,119,37.557762,53.339314,0.075438,1.439933,4.937664,0.000000,2.000000,5.000000,0.568553,0
1784303434.445302,ADAPTIVE,TRACKING,110,32.985906,51.391512,0.077938,1.443564,4.933465,0.000000,2.000000,5.000000,0.565793,0
1784303434.493301,ADAPTIVE,TRACKING,110,30.243808,44.437666,0.082070,1.448802,4.927375,0.000000,2.000000,5.000000,0.561986,0
1784303434.540306,ADAPTIVE,TRACKING,101,34.182857,50.775995,0.083238,1.449966,4.925332,0.000000,2.000000,5.000000,0.561285,0
1784303434.589225,ADAPTIVE,TRACKING,98,32.633490,47.271326,0.082483,1.446022,4.920869,0.000000,2.000000,5.000000,0.565647,0
1784303434.640308,ADAPTIVE,TRACKING,95,32.147658,47.072568,0.081318,1.442227,4.921414,0.000000,2.000000,5.000000,0.569121,0
1784303434.689224,ADAPTIVE,TRACKING,89,24.895758,35.465080,0.079755,1.425201,4.920547,0.000000,2.000000,5.000000,0.585720,0
1784303434.742304,ADAPTIVE,TRACKING,94,19.122531,46.068283,0.078657,1.414816,4.919862,0.000000,2.000000,5.000000,0.595860,0
1784303434.789226,ADAPTIVE,TRACKING,109,37.699335,48.621169,0.073953,1.386458,4.919261,0.000000,2.000000,5.000000,0.623235,0
1784303434.842300,ADAPTIVE,TRACKING,108,30.784852,45.661347,0.071165,1.372345,4.919345,0.000000,2.000000,5.000000,0.636805,0
1784303434.892312,ADAPTIVE,TRACKING,107,21.924288,40.748474,0.065894,1.347646,4.929861,0.000000,2.000000,5.000000,0.659414,0
1784303434.939226,ADAPTIVE,TRACKING,107,37.862982,55.726756,0.063937,1.335101,4.935625,0.000000,2.000000,5.000000,0.671061,0
1784303434.989304,ADAPTIVE,TRACKING,106,36.534934,48.597505,0.059050,1.311476,4.948746,0.000000,2.000000,5.000000,0.692949,0
1784303435.039231,ADAPTIVE,TRACKING,99,25.096617,38.380450,0.057055,1.301315,4.951642,0.000000,2.000000,5.000000,0.702677,0
1784303435.089222,ADAPTIVE,TRACKING,94,18.375625,28.283394,0.052701,1.281724,4.956132,0.000000,2.000000,5.000000,0.721541,0
1784303435.141137,ADAPTIVE,TRACKING,113,38.098654,68.231036,0.049584,1.273574,4.959246,0.000000,2.000000,5.000000,0.729256,0
1784303435.191305,ADAPTIVE,TRACKING,114,38.236247,50.202833,0.039147,1.260508,4.954451,0.000000,2.000000,5.000000,0.741927,0
1784303435.245307,ADAPTIVE,TRACKING,103,36.148465,51.746286,0.033898,1.256302,4.950835,0.000000,2.000000,5.000000,0.746092,0
1784303435.291300,ADAPTIVE,TRACKING,87,22.827800,32.532294,0.021334,1.250640,4.943108,0.000000,2.000000,5.000000,0.751819,0
1784303435.344311,ADAPTIVE,TRACKING,94,20.416476,47.355800,0.013740,1.248907,4.938289,0.000000,2.000000,5.000000,0.753749,0
1784303435.390302,ADAPTIVE,TRACKING,108,30.465425,47.566049,-0.002075,1.245849,4.929330,0.000000,2.000000,5.000000,0.757458,0
1784303435.440304,ADAPTIVE,TRACKING,118,37.632005,57.016497,-0.008416,1.246305,4.925640,0.000000,2.000000,5.000000,0.757401,0
1784303435.496303,ADAPTIVE,TRACKING,109,35.651299,53.879433,-0.020149,1.247405,4.919150,0.000000,2.000000,5.000000,0.757193,0
1784303435.544189,ADAPTIVE,TRACKING,96,26.575838,38.654184,-0.025606,1.247693,4.914658,0.000000,2.000000,5.000000,0.757565,0
1784303435.589224,ADAPTIVE,TRACKING,97,22.674524,37.585634,-0.036800,1.246172,4.900909,0.000000,2.000000,5.000000,0.761203,0
1784303435.639223,ADAPTIVE,TRACKING,107,36.485946,60.386753,-0.040846,1.246921,4.898035,0.000000,2.000000,5.000000,0.761047,0
1784303435.694301,ADAPTIVE,TRACKING,105,23.840827,42.286704,-0.046017,1.250977,4.890252,0.000000,2.000000,5.000000,0.758418,0
1784303435.739234,ADAPTIVE,TRACKING,112,35.967035,50.825142,-0.047961,1.253477,4.885977,0.000000,2.000000,5.000000,0.756702,0
1784303435.789224,ADAPTIVE,TRACKING,101,27.955974,41.839101,-0.052436,1.258259,4.878787,0.000000,2.000000,5.000000,0.753406,0
1784303435.841308,ADAPTIVE,TRACKING,109,27.741030,45.738385,-0.054592,1.260238,4.876921,0.000000,2.000000,5.000000,0.751915,0
1784303435.889226,ADAPTIVE,TRACKING,105,34.285175,48.212291,-0.059138,1.266806,4.878774,0.000000,2.000000,5.000000,0.745497,0
1784303435.942303,ADAPTIVE,TRACKING,104,27.187427,45.864536,-0.060067,1.273096,4.881051,0.000000,2.000000,5.000000,0.739017,0
1784303435.989224,ADAPTIVE,TRACKING,106,29.455483,45.571855,-0.062268,1.290126,4.891863,0.000000,2.000000,5.000000,0.720758,0
1784303436.043309,ADAPTIVE,TRACKING,103,29.264005,53.804919,-0.064172,1.299568,4.896071,0.000000,2.000000,5.000000,0.711002,0
1784303436.091302,ADAPTIVE,TRACKING,109,35.866827,44.859574,-0.069729,1.320762,4.903615,0.000000,2.000000,5.000000,0.689577,0
1784303436.139223,ADAPTIVE,TRACKING,101,31.592075,43.518850,-0.072499,1.331240,4.908310,0.000000,2.000000,5.000000,0.678899,0
1784303436.189225,ADAPTIVE,TRACKING,97,20.152133,36.112919,-0.080708,1.359681,4.912623,0.000000,2.000000,5.000000,0.651274,0
1784303436.247090,ADAPTIVE,TRACKING,105,37.369991,74.992275,-0.084210,1.371756,4.914769,0.000000,2.000000,5.000000,0.639567,0
1784303436.294310,ADAPTIVE,TRACKING,102,37.073831,46.815945,-0.090390,1.394056,4.918507,0.000000,2.000000,5.000000,0.618045,0
1784303436.341304,ADAPTIVE,TRACKING,97,20.657719,30.376934,-0.092985,1.404881,4.921987,0.000000,2.000000,5.000000,0.607370,0
1784303436.390303,ADAPTIVE,TRACKING,96,27.570998,42.571224,-0.096856,1.426757,4.933996,0.000000,2.000000,5.000000,0.585103,0
1784303436.445313,ADAPTIVE,TRACKING,104,36.341046,60.345740,-0.095992,1.432373,4.939474,0.000000,2.000000,5.000000,0.578860,0
1784303436.491315,ADAPTIVE,TRACKING,105,33.410918,42.920047,-0.093861,1.443677,4.948900,0.000000,2.000000,5.000000,0.566495,0
1784303436.539240,ADAPTIVE,TRACKING,94,18.343482,32.662117,-0.092286,1.449107,4.950296,0.000000,2.000000,5.000000,0.560777,0
1784303436.589242,ADAPTIVE,TRACKING,104,34.103434,45.997249,-0.086465,1.459927,4.948400,0.000000,2.000000,5.000000,0.549380,0
1784303436.639243,ADAPTIVE,TRACKING,106,31.836560,47.536904,-0.083936,1.464653,4.948421,0.000000,2.000000,5.000000,0.544336,0
1784303436.689554,ADAPTIVE,TRACKING,109,27.256979,38.866336,-0.076721,1.479994,4.942994,0.000000,2.000000,5.000000,0.528718,0
1784303436.740319,ADAPTIVE,TRACKING,102,32.016630,50.421950,-0.074591,1.484603,4.940640,0.000000,2.000000,5.000000,0.524138,0
1784303436.789244,ADAPTIVE,TRACKING,104,18.674649,34.683702,-0.071829,1.493568,4.930308,0.000000,2.000000,5.000000,0.516227,0
1784303436.842325,ADAPTIVE,TRACKING,121,22.274332,56.549782,-0.072100,1.495112,4.925705,0.000000,2.000000,5.000000,0.515393,0
1784303436.889462,ADAPTIVE,TRACKING,132,21.736974,34.882662,-0.072193,1.496153,4.917660,0.000000,2.000000,5.000000,0.515610,0
1784303436.939249,ADAPTIVE,TRACKING,170,44.310691,70.117917,-0.073120,1.495148,4.910736,0.000000,2.000000,5.000000,0.517870,0
1784303436.996321,ADAPTIVE,TRACKING,147,37.763274,50.266246,-0.074821,1.492774,4.901410,0.000000,2.000000,5.000000,0.522108,0
1784303437.044315,ADAPTIVE,TRACKING,131,24.489096,31.540567,-0.075476,1.491431,4.898751,0.000000,2.000000,5.000000,0.524014,0
1784303437.089248,ADAPTIVE,TRACKING,127,36.415258,50.307216,-0.076827,1.488715,4.894677,0.000000,2.000000,5.000000,0.527643,0
1784303437.142323,ADAPTIVE,TRACKING,123,30.980500,47.472532,-0.077524,1.487482,4.895099,0.000000,2.000000,5.000000,0.528856,0
1784303437.191349,ADAPTIVE,TRACKING,124,27.199481,38.225960,-0.077925,1.487074,4.892259,0.000000,2.000000,5.000000,0.529881,0
1784303437.242327,ADAPTIVE,TRACKING,118,35.516402,56.613166,-0.078127,1.487031,4.891973,0.000000,2.000000,5.000000,0.530011,0
1784303437.293327,ADAPTIVE,TRACKING,116,28.375839,43.689709,-0.079880,1.485922,4.895756,0.000000,2.000000,5.000000,0.530588,0
1784303437.339263,ADAPTIVE,TRACKING,117,29.414872,46.810665,-0.081624,1.484739,4.898008,0.000000,2.000000,5.000000,0.531563,0
1784303437.389250,ADAPTIVE,TRACKING,112,26.949439,37.868936,-0.085886,1.481070,4.905477,0.000000,2.000000,5.000000,0.534415,0
1784303437.439249,ADAPTIVE,TRACKING,122,31.379383,51.270931,-0.088583,1.476778,4.906954,0.000000,2.000000,5.000000,0.538763,0
1784303437.490407,ADAPTIVE,TRACKING,120,32.216912,45.359933,-0.092533,1.468303,4.913768,0.000000,2.000000,5.000000,0.546534,0
1784303437.543324,ADAPTIVE,TRACKING,117,33.666699,53.643300,-0.093951,1.464318,4.917467,0.000000,2.000000,5.000000,0.550085,0
1784303437.593332,ADAPTIVE,TRACKING,110,22.137739,38.284247,-0.096643,1.456674,4.918784,0.000000,2.000000,5.000000,0.557798,0
1784303437.639249,ADAPTIVE,TRACKING,118,24.391825,46.291478,-0.097125,1.453475,4.921249,0.000000,2.000000,5.000000,0.560646,0
1784303437.690325,ADAPTIVE,TRACKING,129,33.219064,50.088884,-0.096303,1.447756,4.923794,0.000000,2.000000,5.000000,0.565734,0
1784303437.739244,ADAPTIVE,TRACKING,135,24.425619,39.869885,-0.095422,1.444885,4.927032,0.000000,2.000000,5.000000,0.567963,0
1784303437.789246,ADAPTIVE,TRACKING,139,16.903661,32.906244,-0.092886,1.438294,4.939106,0.000000,2.000000,5.000000,0.572581,0
1784303437.842358,ADAPTIVE,TRACKING,160,39.578212,75.658576,-0.091359,1.435561,4.944595,0.000000,2.000000,5.000000,0.574463,0
1784303437.889254,ADAPTIVE,TRACKING,163,27.364081,34.507079,-0.087589,1.430348,4.955065,0.000000,2.000000,5.000000,0.578095,0
1784303437.941078,ADAPTIVE,TRACKING,167,31.773400,56.062197,-0.085269,1.425342,4.953811,0.000000,2.000000,5.000000,0.582783,0
1784303437.991333,ADAPTIVE,TRACKING,148,26.172828,43.793699,-0.079483,1.417474,4.953068,0.000000,2.000000,5.000000,0.589794,0
1784303438.039245,ADAPTIVE,TRACKING,168,30.839597,52.421805,-0.076801,1.416092,4.950823,0.000000,2.000000,5.000000,0.590987,0
1784303438.089347,ADAPTIVE,TRACKING,163,26.394822,38.229121,-0.070873,1.416609,4.944229,0.000000,2.000000,5.000000,0.590321,0
1784303438.141530,ADAPTIVE,TRACKING,172,30.631155,56.320711,-0.067511,1.417147,4.944166,0.000000,2.000000,5.000000,0.589401,0
1784303438.189249,ADAPTIVE,TRACKING,171,28.621889,41.384480,-0.059812,1.418687,4.943218,0.000000,2.000000,5.000000,0.587134,0
1784303438.239245,ADAPTIVE,TRACKING,177,34.452360,52.587130,-0.056205,1.419343,4.945328,0.000000,2.000000,5.000000,0.585927,0
1784303438.289250,ADAPTIVE,TRACKING,166,33.287841,48.653088,-0.049202,1.420056,4.949080,0.000000,2.000000,5.000000,0.584251,0
1784303438.339245,ADAPTIVE,TRACKING,159,31.363307,47.924385,-0.045815,1.420017,4.946940,0.000000,2.000000,5.000000,0.584204,0
1784303438.392136,ADAPTIVE,TRACKING,151,23.118863,41.862538,-0.036831,1.420673,4.941310,0.000000,2.000000,5.000000,0.583456,0
1784303438.439279,ADAPTIVE,TRACKING,163,29.745927,51.974203,-0.031285,1.418155,4.939154,0.000000,2.000000,5.000000,0.585853,0
1784303438.491391,ADAPTIVE,TRACKING,168,31.955462,49.728506,-0.020078,1.415928,4.937554,0.000000,2.000000,5.000000,0.587744,0
1784303438.539272,ADAPTIVE,TRACKING,171,25.712581,38.520508,-0.014369,1.416524,4.937922,0.000000,2.000000,5.000000,0.586945,0
1784303438.589247,ADAPTIVE,TRACKING,172,32.283165,47.234167,0.000078,1.424216,4.940920,0.000000,2.000000,5.000000,0.578807,0
1784303438.640057,ADAPTIVE,TRACKING,170,32.499467,50.742477,0.006620,1.427238,4.943742,0.000000,2.000000,5.000000,0.575557,0
1784303438.689249,ADAPTIVE,TRACKING,170,34.916660,49.260436,0.019763,1.436888,4.949782,0.000000,2.000000,5.000000,0.565692,0
1784303438.739244,ADAPTIVE,TRACKING,154,45.831236,60.724602,0.026126,1.441961,4.952858,0.000000,2.000000,5.000000,0.560636,0
1784303438.789705,ADAPTIVE,TRACKING,129,38.120694,42.344421,0.041622,1.449811,4.955374,0.000000,2.000000,5.000000,0.553562,0
1784303438.839241,ADAPTIVE,TRACKING,112,20.299826,30.077811,0.048861,1.451303,4.955586,0.000000,2.000000,5.000000,0.552656,0
1784303438.892346,ADAPTIVE,TRACKING,116,21.036194,36.902992,0.061212,1.452819,4.955982,0.000000,2.000000,5.000000,0.552351,0
1784303438.939245,ADAPTIVE,TRACKING,136,25.020665,48.930644,0.066578,1.452943,4.955133,0.000000,2.000000,5.000000,0.552917,0
1784303438.989427,ADAPTIVE,TRACKING,164,32.975289,48.391008,0.076306,1.449749,4.956674,0.000000,2.000000,5.000000,0.557203,0
1784303439.039273,ADAPTIVE,TRACKING,158,45.555722,62.131433,0.078681,1.445784,4.956141,0.000000,2.000000,5.000000,0.561489,0
1784303439.091323,ADAPTIVE,TRACKING,133,35.156615,41.498791,0.080727,1.435292,4.956532,0.000000,2.000000,5.000000,0.572103,0
1784303439.148330,ADAPTIVE,TRACKING,119,32.152039,53.837484,0.081804,1.431261,4.956656,0.000000,2.000000,5.000000,0.576224,0
1784303439.189342,ADAPTIVE,TRACKING,109,28.206433,36.917444,0.080392,1.425338,4.952967,0.000000,2.000000,5.000000,0.582161,0
1784303439.239257,ADAPTIVE,TRACKING,113,21.148381,42.342945,0.079105,1.422746,4.951731,0.000000,2.000000,5.000000,0.584645,0
1784303439.291877,ADAPTIVE,TRACKING,125,31.544268,49.871628,0.075464,1.417561,4.941901,0.000000,2.000000,5.000000,0.590174,0
1784303439.339260,ADAPTIVE,TRACKING,128,35.510007,44.654317,0.072970,1.415169,4.934397,0.000000,2.000000,5.000000,0.593005,0
1784303439.389497,ADAPTIVE,TRACKING,125,38.915157,50.007983,0.065612,1.409112,4.917704,0.000000,2.000000,5.000000,0.600189,0
1784303439.439265,ADAPTIVE,TRACKING,107,24.828333,35.455543,0.059930,1.403464,4.908962,0.000000,2.000000,5.000000,0.606411,0
1784303439.489242,ADAPTIVE,TRACKING,109,31.613794,43.512634,0.048582,1.393453,4.897773,0.000000,2.000000,5.000000,0.617016,0
1784303439.541826,ADAPTIVE,TRACKING,107,30.141583,50.955611,0.042352,1.389241,4.892658,0.000000,2.000000,5.000000,0.621565,0
1784303439.589233,ADAPTIVE,TRACKING,111,22.401719,38.236111,0.024636,1.383028,4.876225,0.000000,2.000000,5.000000,0.629747,0
1784303439.639254,ADAPTIVE,TRACKING,116,21.272723,48.760130,0.017480,1.380354,4.870957,0.000000,2.000000,5.000000,0.633181,0
1784303439.689265,ADAPTIVE,TRACKING,134,24.132803,38.037757,0.003422,1.375381,4.862507,0.000000,2.000000,5.000000,0.639582,0
1784303439.739243,ADAPTIVE,TRACKING,159,31.274498,53.134479,-0.003069,1.372954,4.861427,0.000000,2.000000,5.000000,0.642183,0
1784303439.789257,ADAPTIVE,TRACKING,160,25.275602,40.916745,-0.014454,1.368608,4.862798,0.000000,2.000000,5.000000,0.646289,0
1784303439.841559,ADAPTIVE,TRACKING,168,31.344531,58.191670,-0.019257,1.366799,4.863222,0.000000,2.000000,5.000000,0.648091,0
1784303439.889276,ADAPTIVE,TRACKING,166,35.405107,47.047517,-0.028920,1.362987,4.865657,0.000000,2.000000,5.000000,0.651667,0
1784303439.939276,ADAPTIVE,TRACKING,161,31.386973,45.734004,-0.031052,1.360477,4.866240,0.000000,2.000000,5.000000,0.654099,0
1784303439.989247,ADAPTIVE,TRACKING,151,29.960175,45.669589,-0.035023,1.357257,4.868829,0.000000,2.000000,5.000000,0.656926,0
1784303440.039251,ADAPTIVE,TRACKING,148,30.932343,50.798764,-0.036586,1.356773,4.869106,0.000000,2.000000,5.000000,0.657429,0
1784303440.089260,ADAPTIVE,TRACKING,149,32.054800,47.692603,-0.037831,1.358820,4.869883,0.000000,2.000000,5.000000,0.655342,0
1784303440.140339,ADAPTIVE,TRACKING,144,22.973819,41.851626,-0.037779,1.360370,4.873370,0.000000,2.000000,5.000000,0.653138,0
1784303440.189343,ADAPTIVE,TRACKING,154,43.597369,57.927375,-0.036177,1.364997,4.883342,0.000000,2.000000,5.000000,0.646642,0
1784303440.239970,ADAPTIVE,TRACKING,136,40.291865,105.247297,-0.036177,1.364997,4.883342,0.000000,2.000000,5.000000,0.646642,0
1784303440.289262,ADAPTIVE,TRACKING,121,30.086433,38.120520,-0.032602,1.371785,4.904552,0.000000,2.000000,5.000000,0.636261,0
1784303440.340346,ADAPTIVE,TRACKING,108,21.001064,38.446281,-0.031890,1.374642,4.908732,0.000000,2.000000,5.000000,0.632787,0
1784303440.389257,ADAPTIVE,TRACKING,121,24.308594,37.910140,-0.028710,1.384570,4.921618,0.000000,2.000000,5.000000,0.621065,0
1784303440.440830,ADAPTIVE,TRACKING,139,44.874086,71.285483,-0.026214,1.393468,4.926085,0.000000,2.000000,5.000000,0.611581,0
1784303440.489989,ADAPTIVE,TRACKING,125,30.003044,105.571725,-0.026214,1.393468,4.926085,0.000000,2.000000,5.000000,0.611581,0
1784303440.539274,ADAPTIVE,TRACKING,117,23.042535,42.105289,-0.017752,1.428580,4.933480,0.000000,2.000000,5.000000,0.575552,0
1784303440.589237,ADAPTIVE,TRACKING,118,19.296538,32.189222,-0.012535,1.455875,4.934334,0.000000,2.000000,5.000000,0.548217,0
1784303440.643074,ADAPTIVE,TRACKING,149,28.320954,62.692012,-0.010303,1.469676,4.935171,0.000000,2.000000,5.000000,0.534371,0
1784303440.689242,ADAPTIVE,TRACKING,163,33.808400,48.587110,-0.003066,1.503673,4.935696,0.000000,2.000000,5.000000,0.500485,0
1784303440.739270,ADAPTIVE,TRACKING,160,37.620308,52.628395,-0.000050,1.518099,4.937042,0.000000,2.000000,5.000000,0.485996,0
1784303440.789253,ADAPTIVE,TRACKING,142,29.397232,41.546694,0.003605,1.545164,4.939063,0.000000,2.000000,5.000000,0.458915,0
1784303440.839255,ADAPTIVE,TRACKING,138,28.729533,48.162165,0.003940,1.557912,4.939114,0.000000,2.000000,5.000000,0.446278,0
1784303440.889273,ADAPTIVE,TRACKING,138,26.433977,42.418867,0.005875,1.584074,4.940169,0.000000,2.000000,5.000000,0.420249,0
1784303440.941332,ADAPTIVE,TRACKING,148,27.374050,52.836809,0.008665,1.594887,4.939346,0.000000,2.000000,5.000000,0.409720,0
1784303440.989275,ADAPTIVE,TRACKING,153,27.908492,39.855373,0.013205,1.615246,4.936425,0.000000,2.000000,5.000000,0.390195,0
1784303441.039253,ADAPTIVE,TRACKING,161,32.612847,51.992944,0.014433,1.625097,4.934836,0.000000,2.000000,5.000000,0.380798,0
1784303441.089269,ADAPTIVE,TRACKING,157,31.440032,46.968389,0.012401,1.647797,4.934809,0.000000,2.000000,5.000000,0.358400,0
1784303441.139272,ADAPTIVE,TRACKING,153,29.953142,48.375520,0.011406,1.659378,4.938868,0.000000,2.000000,5.000000,0.346253,0
1784303441.189270,ADAPTIVE,TRACKING,150,31.398918,45.894420,0.007882,1.686309,4.951591,0.000000,2.000000,5.000000,0.317502,0
1784303441.239276,ADAPTIVE,TRACKING,148,29.415615,47.809561,0.005685,1.699784,4.960782,0.000000,2.000000,5.000000,0.302820,0
1784303441.289267,ADAPTIVE,TRACKING,149,26.110084,41.500495,0.001457,1.730442,4.979149,0.000000,0.000000,5.000000,1.730569,0
1784303441.339252,ADAPTIVE,TRACKING,154,32.580653,52.359385,-0.000043,1.744070,4.983173,0.000000,0.000000,5.000000,1.744151,0
1784303441.389260,ADAPTIVE,TRACKING,153,29.532276,43.719145,-0.003669,1.767307,4.992383,0.000000,0.000000,5.000000,1.767327,0
1784303441.442328,ADAPTIVE,TRACKING,155,29.875776,53.289898,-0.005026,1.776092,4.993320,0.000000,0.000000,5.000000,1.776112,0
1784303441.489262,ADAPTIVE,TRACKING,150,31.262886,45.082687,-0.008503,1.791509,5.001594,0.000000,0.000000,5.000000,1.791530,0
1784303441.539257,ADAPTIVE,TRACKING,151,30.467631,48.302915,-0.010156,1.796682,5.007082,0.000000,0.000000,5.000000,1.796724,0
1784303441.589260,ADAPTIVE,TRACKING,149,29.410554,45.113528,-0.012742,1.804254,5.013157,0.000000,0.000000,5.000000,1.804347,0
1784303441.639264,ADAPTIVE,TRACKING,148,29.395449,46.094167,-0.013361,1.805319,5.019115,0.000000,0.000000,5.000000,1.805470,0
1784303441.689265,ADAPTIVE,TRACKING,150,28.677406,44.760115,-0.017211,1.799632,5.027751,0.000000,0.000000,5.000000,1.799928,0
1784303441.739251,ADAPTIVE,TRACKING,153,33.852015,53.929161,-0.018869,1.794284,5.028055,0.000000,0.000000,5.000000,1.794603,0
1784303441.792335,ADAPTIVE,TRACKING,147,28.576228,45.451160,-0.021077,1.779442,5.018652,0.000000,0.000000,5.000000,1.779665,0
1784303441.839255,ADAPTIVE,TRACKING,148,29.692847,47.861536,-0.021747,1.769705,5.009470,0.000000,0.000000,5.000000,1.769864,0
1784303441.889265,ADAPTIVE,TRACKING,146,29.473255,43.858669,-0.023530,1.735747,4.996728,0.000000,0.000000,5.000000,1.735909,0
1784303441.941333,ADAPTIVE,TRACKING,150,33.693239,56.150597,-0.024407,1.715656,4.987750,0.000000,0.000000,5.000000,1.715873,0
1784303441.989260,ADAPTIVE,TRACKING,143,26.782791,40.631620,-0.025965,1.668438,4.972323,0.000000,0.000000,5.000000,1.668869,0
1784303442.039253,ADAPTIVE,TRACKING,146,29.608745,49.845914,-0.026921,1.639620,4.969175,0.000000,0.000000,5.000000,1.640131,0
1784303442.091404,ADAPTIVE,TRACKING,146,46.489874,64.733792,-0.030715,1.561779,4.961629,0.000000,0.000000,5.000000,1.562553,0
1784303442.139225,ADAPTIVE,TRACKING,127,35.404137,36.542498,-0.032176,1.524944,4.958080,0.000000,0.000000,5.000000,1.525860,0
1784303442.192641,ADAPTIVE,TRACKING,112,19.953841,34.206994,-0.031794,1.447578,4.948900,0.000000,0.000000,5.000000,1.448829,0
1784303442.240557,ADAPTIVE,TRACKING,116,19.397537,46.837853,-0.031601,1.407137,4.943704,0.000000,0.000000,5.000000,1.408617,0
1784303442.289228,ADAPTIVE,TRACKING,144,42.151367,56.079274,-0.033154,1.311368,4.927214,0.000000,0.000000,5.000000,1.313805,0
1784303442.341882,ADAPTIVE,TRACKING,141,25.751670,36.003908,-0.034745,1.266763,4.918793,0.000000,0.000000,5.000000,1.269839,0
1784303442.389247,ADAPTIVE,TRACKING,140,40.628225,56.824359,-0.039159,1.175247,4.904409,0.000000,0.000000,5.000000,1.179778,0
1784303442.441289,ADAPTIVE,TRACKING,117,26.084558,37.342734,-0.044888,1.128597,4.895292,0.000000,0.000000,5.000000,1.134332,0
1784303442.489248,ADAPTIVE,TRACKING,129,28.011626,43.427438,-0.056356,1.020625,4.878718,0.000000,0.000000,5.000000,1.029350,0
1784303442.540323,ADAPTIVE,TRACKING,123,30.724636,50.599553,-0.061868,0.971326,4.871873,0.000000,0.000000,5.000000,0.981691,0
1784303442.589234,ADAPTIVE,TRACKING,130,26.853422,37.768646,-0.073228,0.870266,4.860484,0.000000,0.000000,5.000000,0.884415,0
1784303442.639241,ADAPTIVE,TRACKING,133,23.442317,41.342487,-0.077962,0.818723,4.855374,0.000000,0.000000,5.000000,0.835046,0
1784303442.689246,ADAPTIVE,TRACKING,142,39.619991,54.044948,-0.088402,0.695668,4.843737,0.000000,0.000000,5.000000,0.718461,0
1784303442.739227,ADAPTIVE,TRACKING,135,28.998747,38.846662,-0.092403,0.639686,4.841440,0.000000,0.000000,5.000000,0.665490,0
1784303442.792305,ADAPTIVE,TRACKING,134,35.051731,52.963159,-0.099871,0.526867,4.838636,0.000000,0.000000,5.000000,0.560001,0
1784303442.839227,ADAPTIVE,TRACKING,119,32.634799,41.382387,-0.103474,0.470134,4.838806,0.000000,0.000000,5.000000,0.507658,0
1784303442.889243,ADAPTIVE,TRACKING,119,30.561776,46.761369,-0.109986,0.343159,4.844048,0.000000,0.000000,5.000000,0.392653,0
1784303442.941104,ADAPTIVE,TRACKING,113,29.059156,50.254677,-0.113821,0.288463,4.848279,0.000000,0.000000,5.000000,0.345232,0
1784303442.989224,ADAPTIVE,TRACKING,114,23.838511,39.604864,-0.118999,0.180125,4.858298,0.000000,0.000000,5.000000,0.258235,0
1784303443.041167,ADAPTIVE,TRACKING,124,30.026975,58.018640,-0.120050,0.127463,4.869294,0.000000,0.000000,5.000000,0.218502,0
1784303443.089222,ADAPTIVE,TRACKING,127,32.627319,48.742948,-0.120427,0.014964,4.895750,0.000000,0.000000,5.000000,0.159983,0
1784303443.139225,ADAPTIVE,TRACKING,127,33.242070,47.014013,-0.119684,-0.033238,4.907511,0.000000,0.000000,5.000000,0.154865,0
1784303443.191302,ADAPTIVE,TRACKING,118,26.454202,44.201607,-0.118180,-0.124164,4.918461,0.000000,0.000000,5.000000,0.189820,0
1784303443.239238,ADAPTIVE,TRACKING,121,29.210147,46.757332,-0.116845,-0.167321,4.923279,0.000000,0.000000,5.000000,0.218026,0
1784303443.289235,ADAPTIVE,TRACKING,123,30.230944,43.692035,-0.111857,-0.256136,4.937313,0.000000,0.000000,5.000000,0.286439,0
1784303443.341211,ADAPTIVE,TRACKING,126,36.948317,58.555792,-0.108772,-0.291584,4.944687,0.000000,0.000000,5.000000,0.316089,0
1784303443.391304,ADAPTIVE,TRACKING,115,32.959896,45.995397,-0.101859,-0.357127,4.964226,0.000000,0.000000,5.000000,0.373088,0
1784303443.439241,ADAPTIVE,TRACKING,109,27.584103,42.444059,-0.099182,-0.385822,4.970718,0.000000,0.000000,5.000000,0.399441,0
1784303443.489247,ADAPTIVE,TRACKING,108,30.238832,46.042164,-0.092553,-0.444165,4.983458,0.000000,0.000000,5.000000,0.454007,0
1784303443.539236,ADAPTIVE,TRACKING,109,28.638040,48.228522,-0.089942,-0.464947,4.988051,0.000000,0.000000,5.000000,0.473718,0
1784303443.589233,ADAPTIVE,TRACKING,113,41.955983,57.787099,-0.085360,-0.497150,4.995344,0.000000,0.000000,5.000000,0.504446,0
1784303443.639224,ADAPTIVE,TRACKING,98,33.170372,41.056762,-0.082644,-0.511102,4.996987,0.000000,0.000000,5.000000,0.517750,0
1784303443.689230,ADAPTIVE,TRACKING,92,27.174918,40.984473,-0.077176,-0.528550,4.994920,0.000000,0.000000,5.000000,0.534179,0
1784303443.741315,ADAPTIVE,TRACKING,89,25.935091,44.845550,-0.074194,-0.532592,4.994571,0.000000,0.000000,5.000000,0.537762,0
1784303443.789228,ADAPTIVE,TRACKING,97,25.581275,38.478301,-0.066228,-0.534155,4.992183,0.000000,0.000000,5.000000,0.538301,0
1784303443.849320,ADAPTIVE,TRACKING,105,30.365588,64.750535,-0.061106,-0.530875,4.990677,0.000000,0.000000,5.000000,0.534462,0
1784303443.891313,ADAPTIVE,TRACKING,106,34.423393,45.611438,-0.048745,-0.516588,4.990735,0.000000,0.000000,5.000000,0.518965,0
1784303443.941311,ADAPTIVE,TRACKING,102,36.107704,51.505936,-0.041874,-0.505022,4.991866,0.000000,0.000000,5.000000,0.506820,0
1784303443.989223,ADAPTIVE,TRACKING,92,24.277881,35.982937,-0.028382,-0.477692,4.994420,0.000000,0.000000,5.000000,0.478567,0
1784303444.042322,ADAPTIVE,TRACKING,95,26.452961,51.050796,-0.022217,-0.460988,4.993855,0.000000,0.000000,5.000000,0.461564,0
1784303444.089226,ADAPTIVE,TRACKING,100,28.823336,39.745693,-0.011306,-0.410756,4.994359,0.000000,0.000000,5.000000,0.410950,0
1784303444.139230,ADAPTIVE,TRACKING,108,36.536815,48.336157,-0.005949,-0.387376,4.994368,0.000000,0.000000,5.000000,0.387462,0
1784303444.191316,ADAPTIVE,TRACKING,99,35.996170,51.344112,0.004754,-0.335311,4.996203,0.000000,0.000000,5.000000,0.335366,0
1784303444.239235,ADAPTIVE,TRACKING,90,23.993388,35.722932,0.010356,-0.308024,4.997385,0.000000,0.000000,5.000000,0.308210,0
1784303444.289225,ADAPTIVE,TRACKING,92,27.075045,34.978379,0.023103,-0.243742,4.996618,0.000000,0.000000,5.000000,0.244858,0
1784303444.343324,ADAPTIVE,TRACKING,97,23.614796,47.621030,0.028731,-0.213813,4.997792,0.000000,0.000000,5.000000,0.215746,0
1784303444.389225,ADAPTIVE,TRACKING,111,33.265188,34.166520,0.039985,-0.154360,5.003809,0.000000,0.000000,5.000000,0.159500,0
1784303444.439242,ADAPTIVE,TRACKING,107,30.486551,46.831228,0.046836,-0.124116,5.000645,0.000000,0.000000,5.000000,0.132661,0
1784303444.489238,ADAPTIVE,TRACKING,108,16.063671,31.975592,0.062338,-0.057846,4.995069,0.000000,0.000000,5.000000,0.085185,0
1784303444.539259,ADAPTIVE,TRACKING,122,23.202192,55.964013,0.069186,-0.028349,4.991335,0.000000,0.000000,5.000000,0.075269,0
1784303444.589247,ADAPTIVE,TRACKING,144,27.496278,43.269316,0.082510,0.030534,4.983183,0.000000,0.000000,5.000000,0.089572,0
1784303444.639243,ADAPTIVE,TRACKING,169,33.231270,55.568007,0.088712,0.058998,4.977138,0.000000,0.000000,5.000000,0.108965,0
1784303444.689947,ADAPTIVE,TRACKING,155,25.000902,41.220409,0.099327,0.117682,4.954010,0.000000,0.000000,5.000000,0.160717,0
1784303444.739285,ADAPTIVE,TRACKING,163,37.299768,61.339572,0.102926,0.142009,4.943104,0.000000,0.000000,5.000000,0.184384,0
1784303444.796322,ADAPTIVE,TRACKING,153,40.840909,60.348615,0.106433,0.188130,4.919362,0.000000,0.000000,5.000000,0.230702,0
1784303444.843328,ADAPTIVE,TRACKING,136,31.616169,37.604147,0.105951,0.209829,4.906395,0.000000,0.000000,5.000000,0.253014,0
1784303444.889244,ADAPTIVE,TRACKING,123,27.283852,41.083967,0.101771,0.252364,4.882357,0.000000,0.000000,5.000000,0.296454,0
1784303444.939244,ADAPTIVE,TRACKING,124,23.412579,45.968089,0.095137,0.268391,4.870766,0.000000,0.000000,5.000000,0.312708,0
1784303444.989377,ADAPTIVE,TRACKING,139,27.882785,43.768276,0.081946,0.294919,4.859078,0.000000,0.000000,5.000000,0.336974,0
1784303445.039243,ADAPTIVE,TRACKING,147,37.086873,58.902665,0.075147,0.305351,4.854956,0.000000,0.000000,5.000000,0.346300,0
1784303445.091320,ADAPTIVE,TRACKING,140,37.034910,51.836222,0.059198,0.318967,4.847425,0.000000,0.000000,5.000000,0.358502,0
1784303445.143385,ADAPTIVE,TRACKING,125,30.742632,45.586935,0.052816,0.322977,4.845434,0.000000,0.000000,5.000000,0.361931,0
1784303445.191329,ADAPTIVE,TRACKING,117,29.104414,45.132717,0.036423,0.327670,4.846608,0.000000,0.000000,5.000000,0.363626,0
1784303445.243326,ADAPTIVE,TRACKING,118,30.614876,53.355246,0.028114,0.328233,4.849076,0.000000,0.000000,5.000000,0.362360,0
1784303445.289243,ADAPTIVE,TRACKING,119,31.018743,44.876667,0.009795,0.322567,4.859225,0.000000,0.000000,5.000000,0.352083,0
1784303445.340323,ADAPTIVE,TRACKING,117,30.510796,50.429834,0.001822,0.317180,4.865680,0.000000,0.000000,5.000000,0.344454,0
1784303445.389265,ADAPTIVE,TRACKING,115,31.051244,43.253085,-0.012884,0.304775,4.879683,0.000000,0.000000,5.000000,0.327918,0
1784303445.441379,ADAPTIVE,TRACKING,113,31.579485,52.480065,-0.018425,0.297217,4.889853,0.000000,0.000000,5.000000,0.317506,0
1784303445.489249,ADAPTIVE,TRACKING,111,31.325305,46.798980,-0.030150,0.276938,4.916509,0.000000,0.000000,5.000000,0.290817,0
1784303445.539243,ADAPTIVE,TRACKING,108,30.217367,48.745214,-0.035488,0.265947,4.925800,0.000000,0.000000,5.000000,0.278376,0
1784303445.590329,ADAPTIVE,TRACKING,106,27.424650,43.064693,-0.046004,0.240409,4.941767,0.000000,0.000000,5.000000,0.251603,0
1784303445.639404,ADAPTIVE,TRACKING,109,27.668270,45.884003,-0.050739,0.226975,4.948920,0.000000,0.000000,5.000000,0.238120,0
1784303445.689255,ADAPTIVE,TRACKING,113,33.051767,42.929737,-0.058793,0.192310,4.958856,0.000000,0.000000,5.000000,0.205262,0
1784303445.739245,ADAPTIVE,TRACKING,111,36.245328,52.300916,-0.061793,0.176078,4.962371,0.000000,0.000000,5.000000,0.190363,0
1784303445.789255,ADAPTIVE,TRACKING,103,27.821391,41.460175,-0.067235,0.141859,4.968948,0.000000,0.000000,5.000000,0.160027,0
1784303445.841317,ADAPTIVE,TRACKING,101,27.006776,51.050872,-0.069656,0.123599,4.971781,0.000000,0.000000,5.000000,0.144654,0
1784303445.889243,ADAPTIVE,TRACKING,104,26.364281,40.292231,-0.074248,0.084477,4.973912,0.000000,0.000000,5.000000,0.115454,0
1784303445.939251,ADAPTIVE,TRACKING,113,30.503783,53.965881,-0.076284,0.070266,4.975832,0.000000,0.000000,5.000000,0.106492,0
1784303445.989240,ADAPTIVE,TRACKING,113,27.247976,42.740127,-0.078867,0.041369,4.984730,0.000000,0.000000,5.000000,0.090358,0
1784303446.039245,ADAPTIVE,TRACKING,117,30.312694,52.903498,-0.079489,0.026195,4.989697,0.000000,0.000000,5.000000,0.084325,0
1784303446.089246,ADAPTIVE,TRACKING,116,27.218802,40.121696,-0.080135,-0.011991,4.991942,0.000000,0.000000,5.000000,0.081427,0
1784303446.141320,ADAPTIVE,TRACKING,122,34.727692,58.993029,-0.079940,-0.028064,4.991842,0.000000,0.000000,5.000000,0.085115,0
1784303446.194331,ADAPTIVE,TRACKING,115,37.139431,55.257587,-0.081380,-0.063359,4.989277,0.000000,0.000000,5.000000,0.103692,0
1784303446.241329,ADAPTIVE,TRACKING,106,36.306953,42.299780,-0.081971,-0.080673,4.986289,0.000000,0.000000,5.000000,0.115825,0
1784303446.289244,ADAPTIVE,TRACKING,94,28.759115,40.152221,-0.082365,-0.116797,4.977593,0.000000,0.000000,5.000000,0.144664,0
1784303446.342377,ADAPTIVE,TRACKING,92,13.061893,37.260743,-0.082047,-0.131635,4.974176,0.000000,0.000000,5.000000,0.157246,0
1784303446.389268,ADAPTIVE,TRACKING,113,31.227916,46.921680,-0.079929,-0.158549,4.970771,0.000000,0.000000,5.000000,0.179947,0
1784303446.442326,ADAPTIVE,TRACKING,124,28.973644,50.630359,-0.075277,-0.172331,4.964560,0.000000,0.000000,5.000000,0.191365,0
1784303446.489253,ADAPTIVE,TRACKING,138,36.079994,48.036374,-0.063878,-0.199412,4.957961,0.000000,0.000000,5.000000,0.213572,0
1784303446.539249,ADAPTIVE,TRACKING,116,27.217244,40.946270,-0.059480,-0.209853,4.956963,0.000000,0.000000,5.000000,0.222324,0
1784303446.589255,ADAPTIVE,TRACKING,123,32.135395,48.171707,-0.051636,-0.228077,4.955893,0.000000,0.000000,5.000000,0.237972,0
1784303446.641321,ADAPTIVE,TRACKING,118,28.465799,48.199190,-0.047143,-0.235727,4.954242,0.000000,0.000000,5.000000,0.244711,0
1784303446.689253,ADAPTIVE,TRACKING,122,28.781078,40.708579,-0.032961,-0.246142,4.947234,0.000000,0.000000,5.000000,0.253883,0
1784303446.741331,ADAPTIVE,TRACKING,121,39.123330,59.055911,-0.026408,-0.248924,4.945238,0.000000,0.000000,5.000000,0.256241,0
1784303446.790328,ADAPTIVE,TRACKING,112,32.943830,42.619632,-0.012356,-0.250613,4.940825,0.000000,0.000000,5.000000,0.257801,0
1784303446.841333,ADAPTIVE,TRACKING,105,35.345186,50.336958,-0.004532,-0.249262,4.937530,0.000000,0.000000,5.000000,0.257011,0
1784303446.889257,ADAPTIVE,TRACKING,94,20.405753,32.815401,0.011670,-0.243099,4.932654,0.000000,0.000000,5.000000,0.252525,0
1784303446.943321,ADAPTIVE,TRACKING,106,28.270214,58.186721,0.017470,-0.237641,4.928607,0.000000,0.000000,5.000000,0.248748,0
1784303446.992309,ADAPTIVE,TRACKING,109,27.536527,46.644392,0.029094,-0.224356,4.922966,0.000000,0.000000,5.000000,0.238990,0
1784303447.039250,ADAPTIVE,TRACKING,122,40.795105,59.293371,0.034478,-0.216402,4.921086,0.000000,0.000000,5.000000,0.232908,0
1784303447.089236,ADAPTIVE,TRACKING,105,36.365434,45.386885,0.043760,-0.195151,4.921088,0.000000,0.000000,5.000000,0.215002,0
1784303447.139251,ADAPTIVE,TRACKING,96,20.645414,34.115359,0.047716,-0.185282,4.923629,0.000000,0.000000,5.000000,0.206007,0
1784303447.189264,ADAPTIVE,TRACKING,100,19.860417,33.822230,0.055871,-0.164302,4.923475,0.000000,0.000000,5.000000,0.189665,0
1784303447.243132,ADAPTIVE,TRACKING,118,31.863223,59.560561,0.059545,-0.153148,4.923421,0.000000,0.000000,5.000000,0.181285,0
1784303447.289258,ADAPTIVE,TRACKING,131,36.841145,50.950261,0.062727,-0.126322,4.928914,0.000000,0.000000,5.000000,0.157941,0
1784303447.342324,ADAPTIVE,TRACKING,120,27.279049,43.338494,0.061829,-0.114134,4.930875,0.000000,0.000000,5.000000,0.147064,0
1784303447.389254,ADAPTIVE,TRACKING,115,30.933719,41.077840,0.059854,-0.089498,4.935675,0.000000,0.000000,5.000000,0.125420,0
1784303447.439896,ADAPTIVE,TRACKING,115,29.307009,48.850058,0.058279,-0.073750,4.936311,0.000000,0.000000,5.000000,0.113542,0
1784303447.491324,ADAPTIVE,TRACKING,119,30.592418,48.548881,0.054466,-0.039525,4.939280,0.000000,0.000000,5.000000,0.090641,0
1784303447.540318,ADAPTIVE,TRACKING,115,29.544291,47.735137,0.052698,-0.023425,4.940473,0.000000,0.000000,5.000000,0.082882,0
1784303447.591313,ADAPTIVE,TRACKING,117,30.017270,46.984471,0.049118,0.010180,4.940336,0.000000,0.000000,5.000000,0.077949,0
1784303447.641317,ADAPTIVE,TRACKING,116,32.341293,52.106142,0.047310,0.026156,4.938733,0.000000,0.000000,5.000000,0.081707,0
1784303447.691918,ADAPTIVE,TRACKING,113,26.976804,45.107328,0.043873,0.061431,4.939739,0.000000,0.000000,5.000000,0.096592,0
1784303447.744904,ADAPTIVE,TRACKING,116,14.176717,39.964261,0.042166,0.076160,4.942112,0.000000,0.000000,5.000000,0.104543,0
1784303447.789256,ADAPTIVE,TRACKING,140,30.662883,44.132207,0.036934,0.101905,4.943123,0.000000,0.000000,5.000000,0.122408,0
1784303447.843322,ADAPTIVE,TRACKING,155,32.129069,55.343351,0.033013,0.112202,4.942440,0.000000,0.000000,5.000000,0.130355,0
1784303447.889247,ADAPTIVE,TRACKING,164,32.768070,46.396572,0.023393,0.132039,4.943084,0.000000,0.000000,5.000000,0.145674,0
1784303447.939246,ADAPTIVE,TRACKING,143,28.380770,43.128252,0.017074,0.136558,4.940561,0.000000,0.000000,5.000000,0.149909,0
1784303447.989255,ADAPTIVE,TRACKING,148,30.228635,45.950831,0.005662,0.144460,4.939108,0.000000,0.000000,5.000000,0.156871,0
1784303448.041323,ADAPTIVE,TRACKING,149,41.217173,62.861820,0.000184,0.147417,4.937794,0.000000,0.000000,5.000000,0.160005,0
1784303448.089251,ADAPTIVE,TRACKING,132,31.645425,38.215895,-0.013281,0.150376,4.930479,0.000000,0.000000,5.000000,0.166200,0
1784303448.146319,ADAPTIVE,TRACKING,124,29.017886,54.270035,-0.018924,0.150661,4.929114,0.000000,0.000000,5.000000,0.167576,0
1784303448.191312,ADAPTIVE,TRACKING,119,29.496278,42.370370,-0.029340,0.147451,4.924884,0.000000,0.000000,5.000000,0.168063,0
1784303448.239247,ADAPTIVE,TRACKING,124,29.664908,47.924197,-0.034207,0.144888,4.922672,0.000000,0.000000,5.000000,0.167756,0
1784303448.289245,ADAPTIVE,TRACKING,124,22.057937,37.616337,-0.044453,0.138012,4.917292,0.000000,0.000000,5.000000,0.166925,0
1784303448.339258,ADAPTIVE,TRACKING,135,27.128128,49.734832,-0.048708,0.134392,4.915504,0.000000,0.000000,5.000000,0.166052,0
1784303448.389251,ADAPTIVE,TRACKING,145,37.633063,53.238157,-0.056018,0.125364,4.921904,0.000000,0.000000,5.000000,0.157966,0
1784303448.439251,ADAPTIVE,TRACKING,140,50.290171,58.187568,-0.059751,0.116881,4.923514,0.000000,0.000000,5.000000,0.151925,1
1784303448.489748,ADAPTIVE,TRACKING,109,21.968451,80.361286,-0.059751,0.116881,4.923514,0.000000,0.000000,5.000000,0.151925,0
1784303448.539239,ADAPTIVE,TRACKING,109,9.929137,35.654283,-0.067646,0.090966,4.923903,0.000000,0.000000,5.000000,0.136534,0
1784303448.589246,ADAPTIVE,TRACKING,138,23.083754,38.678541,-0.067842,0.078842,4.918039,0.000000,0.000000,5.000000,0.132424,0
1784303448.645019,ADAPTIVE,TRACKING,195,41.085669,73.658772,-0.067445,0.072524,4.917272,0.000000,0.000000,5.000000,0.129044,0
1784303448.691008,ADAPTIVE,TRACKING,191,46.574084,46.605648,-0.066936,0.063273,4.916587,0.000000,0.000000,5.000000,0.124264,0
1784303448.739226,ADAPTIVE,TRACKING,144,31.344094,32.699145,-0.065356,0.047634,4.920774,0.000000,0.000000,5.000000,0.113213,0
1784303448.789270,ADAPTIVE,TRACKING,133,27.156853,43.207971,-0.063025,0.034687,4.923945,0.000000,0.000000,5.000000,0.104688,0
1784303448.839256,ADAPTIVE,TRACKING,135,27.092971,49.644497,-0.061682,0.029883,4.923898,0.000000,0.000000,5.000000,0.102417,0
1784303448.889250,ADAPTIVE,TRACKING,144,22.321886,37.806453,-0.057932,0.018563,4.924259,0.000000,0.000000,5.000000,0.097146,0
1784303448.942352,ADAPTIVE,TRACKING,160,30.199411,60.841022,-0.057225,0.012755,4.924222,0.000000,0.000000,5.000000,0.095811,0
1784303448.989295,ADAPTIVE,TRACKING,165,31.916811,45.597948,-0.054429,0.001469,4.926748,0.000000,0.000000,5.000000,0.091272,0
1784303449.039237,ADAPTIVE,TRACKING,167,32.917655,48.766281,-0.052225,-0.005218,4.926565,0.000000,0.000000,5.000000,0.090263,0
1784303449.089408,ADAPTIVE,TRACKING,155,30.873409,46.306667,-0.045307,-0.027292,4.920373,0.000000,0.000000,5.000000,0.095593,0
1784303449.140321,ADAPTIVE,TRACKING,152,37.062818,54.371796,-0.041943,-0.036469,4.919726,0.000000,0.000000,5.000000,0.097638,0
1784303449.189432,ADAPTIVE,TRACKING,140,40.494784,52.396398,-0.035886,-0.052042,4.915455,0.000000,0.000000,5.000000,0.105565,0
1784303449.240510,ADAPTIVE,TRACKING,122,45.629174,56.085837,-0.033031,-0.058988,4.913524,0.000000,0.000000,5.000000,0.109767,0
1784303449.289411,ADAPTIVE,TRACKING,99,26.013899,29.113935,-0.027710,-0.073588,4.911048,0.000000,0.000000,5.000000,0.118724,0
1784303449.339249,ADAPTIVE,TRACKING,97,19.665051,41.265758,-0.025977,-0.079558,4.910567,0.000000,0.000000,5.000000,0.122485,0
1784303449.389246,ADAPTIVE,TRACKING,107,22.117943,37.788990,-0.022476,-0.089580,4.907679,0.000000,0.000000,5.000000,0.130587,0
1784303449.439248,ADAPTIVE,TRACKING,133,24.632331,52.371439,-0.020339,-0.094336,4.903722,0.000000,0.000000,5.000000,0.136318,0
1784303449.489301,ADAPTIVE,TRACKING,151,39.897938,55.926438,-0.015333,-0.103046,4.895804,0.000000,0.000000,5.000000,0.147345,0
1784303449.539245,ADAPTIVE,TRACKING,137,30.620792,40.306590,-0.012703,-0.104755,4.895526,0.000000,0.000000,5.000000,0.148491,0
1784303449.589248,ADAPTIVE,TRACKING,133,26.130391,41.957217,-0.007277,-0.104360,4.896679,0.000000,0.000000,5.000000,0.147035,0
1784303449.641095,ADAPTIVE,TRACKING,131,25.848850,51.454844,-0.004926,-0.103636,4.897158,0.000000,0.000000,5.000000,0.146086,0
1784303449.689705,ADAPTIVE,TRACKING,145,29.714494,46.066054,-0.002864,-0.102692,4.896954,0.000000,0.000000,5.000000,0.145507,0
1784303449.739250,ADAPTIVE,TRACKING,150,30.142565,46.799182,-0.002143,-0.101967,4.900039,0.000000,0.000000,5.000000,0.142808,0
1784303449.789523,ADAPTIVE,TRACKING,149,14.976038,28.523649,0.000219,-0.099530,4.905002,0.000000,0.000000,5.000000,0.137590,0
1784303449.839423,ADAPTIVE,TRACKING,177,38.046853,71.634992,0.001991,-0.097523,4.909479,0.000000,0.000000,5.000000,0.133075,0
1784303449.893292,ADAPTIVE,TRACKING,174,38.097768,53.770310,0.005202,-0.090295,4.922746,0.000000,0.000000,5.000000,0.118948,0
1784303449.940320,ADAPTIVE,TRACKING,168,42.113408,47.196935,0.005487,-0.085138,4.922420,0.000000,0.000000,5.000000,0.115314,0
1784303449.989379,ADAPTIVE,TRACKING,131,26.055262,29.807114,0.005520,-0.074740,4.922744,0.000000,0.000000,5.000000,0.107634,0
1784303450.039246,ADAPTIVE,TRACKING,134,23.765502,44.557485,0.005576,-0.069817,4.923072,0.000000,0.000000,5.000000,0.104036,0
1784303450.089253,ADAPTIVE,TRACKING,143,29.024038,44.559491,0.007287,-0.059844,4.920252,0.000000,0.000000,5.000000,0.099970,0
1784303450.139248,ADAPTIVE,TRACKING,155,34.131553,54.902560,0.007860,-0.055164,4.920043,0.000000,0.000000,5.000000,0.097458,0
1784303450.190995,ADAPTIVE,TRACKING,149,31.451547,48.563307,0.009083,-0.046684,4.918875,0.000000,0.000000,5.000000,0.094038,0
1784303450.240941,ADAPTIVE,TRACKING,141,28.129236,46.468579,0.009878,-0.042205,4.920711,0.000000,0.000000,5.000000,0.090364,0
1784303450.289581,ADAPTIVE,TRACKING,142,29.037142,43.584511,0.012228,-0.030838,4.925606,0.000000,0.000000,5.000000,0.081455,0
1784303450.339249,ADAPTIVE,TRACKING,146,31.234517,50.864140,0.013539,-0.025403,4.924100,0.000000,0.000000,5.000000,0.081175,0
1784303450.389251,ADAPTIVE,TRACKING,145,28.028164,43.467409,0.016363,-0.015329,4.927060,0.000000,0.000000,5.000000,0.076308,0
1784303450.440322,ADAPTIVE,TRACKING,147,32.433015,55.347570,0.017649,-0.010912,4.927619,0.000000,0.000000,5.000000,0.075297,0
1784303450.489255,ADAPTIVE,TRACKING,143,28.821916,44.168631,0.020783,-0.000449,4.930286,0.000000,0.000000,5.000000,0.072747,0
1784303450.539246,ADAPTIVE,TRACKING,146,29.119273,50.121105,0.022415,0.004695,4.930650,0.000000,0.000000,5.000000,0.073034,0
1784303450.589450,ADAPTIVE,TRACKING,144,30.202494,46.474334,0.025985,0.015916,4.934270,0.000000,0.000000,5.000000,0.072450,0
1784303450.639284,ADAPTIVE,TRACKING,147,31.341786,50.820090,0.027448,0.021564,4.936741,0.000000,0.000000,5.000000,0.072250,0
1784303450.689257,ADAPTIVE,TRACKING,144,28.973521,44.751395,0.028660,0.031554,4.940341,0.000000,0.000000,5.000000,0.073322,0
1784303450.739247,ADAPTIVE,TRACKING,144,24.950612,44.580432,0.028844,0.035719,4.944765,0.000000,0.000000,5.000000,0.071825,0
1784303450.789265,ADAPTIVE,TRACKING,153,30.616915,46.284686,0.028212,0.043073,4.955093,0.000000,0.000000,5.000000,0.068322,0
1784303450.841400,ADAPTIVE,TRACKING,156,22.846282,44.168791,0.027185,0.045929,4.957966,0.000000,0.000000,5.000000,0.067936,0
1784303450.889514,ADAPTIVE,TRACKING,173,37.291217,52.842424,0.024288,0.051578,4.960635,0.000000,0.000000,5.000000,0.069280,0
1784303450.941527,ADAPTIVE,TRACKING,160,33.039288,47.614997,0.022568,0.052808,4.957156,0.000000,0.000000,5.000000,0.071649,0
1784303450.989398,ADAPTIVE,TRACKING,158,32.481363,44.090579,0.019263,0.055024,4.949151,0.000000,0.000000,5.000000,0.077358,0
1784303451.039248,ADAPTIVE,TRACKING,143,19.329130,35.230868,0.017662,0.055737,4.946764,0.000000,0.000000,5.000000,0.079073,0
1784303451.089448,ADAPTIVE,TRACKING,164,33.887374,49.165766,0.014149,0.056516,4.941918,0.000000,0.000000,5.000000,0.082266,0
1784303451.139249,ADAPTIVE,TRACKING,164,32.140793,43.952703,0.012754,0.056602,4.941023,0.000000,0.000000,5.000000,0.082733,0
1784303451.189757,ADAPTIVE,TRACKING,167,33.488193,49.806970,0.008949,0.055112,4.943217,0.000000,0.000000,5.000000,0.079635,0
1784303451.239492,ADAPTIVE,TRACKING,149,28.425122,42.095409,0.007164,0.054084,4.944957,0.000000,0.000000,5.000000,0.077499,0
1784303451.289252,ADAPTIVE,TRACKING,153,25.589582,41.539277,0.004200,0.053277,4.950064,0.000000,0.000000,5.000000,0.073142,0
1784303451.342339,ADAPTIVE,TRACKING,161,36.712490,64.100221,0.003332,0.053337,4.954834,0.000000,0.000000,5.000000,0.069971,0
1784303451.391326,ADAPTIVE,TRACKING,153,45.115671,57.242300,0.001614,0.051951,4.965544,0.000000,0.000000,5.000000,0.062360,0
1784303451.440411,ADAPTIVE,TRACKING,130,31.879961,96.123167,0.001614,0.051951,4.965544,0.000000,0.000000,5.000000,0.062360,0
1784303451.494788,ADAPTIVE,TRACKING,117,31.112648,50.410231,0.000331,0.036579,4.977119,0.000000,0.000000,5.000000,0.043147,0
1784303451.541382,ADAPTIVE,TRACKING,111,28.737325,44.104792,-0.000995,0.030977,4.976748,0.000000,0.000000,5.000000,0.038745,0
1784303451.592327,ADAPTIVE,TRACKING,116,25.936399,43.150779,-0.004906,0.018348,4.977560,0.000000,0.000000,5.000000,0.029398,0
1784303451.639245,ADAPTIVE,TRACKING,120,22.727325,43.560620,-0.007206,0.012691,4.980433,0.000000,0.000000,5.000000,0.024410,0
1784303451.693309,ADAPTIVE,TRACKING,133,38.786083,56.733946,-0.016789,0.001034,4.982588,0.000000,0.000000,5.000000,0.024209,0
1784303451.741252,ADAPTIVE,TRACKING,127,33.438324,99.325334,-0.016789,0.001034,4.982588,0.000000,0.000000,5.000000,0.024209,0
1784303451.790318,ADAPTIVE,TRACKING,120,32.472934,47.939525,-0.032828,-0.012926,4.974882,0.000000,0.000000,5.000000,0.043309,0
1784303451.841131,ADAPTIVE,TRACKING,109,28.622103,46.696712,-0.040584,-0.017391,4.970030,0.000000,0.000000,5.000000,0.053364,0
1784303451.889241,ADAPTIVE,TRACKING,112,30.617503,46.585021,-0.056174,-0.026212,4.964189,0.000000,0.000000,5.000000,0.071590,0
1784303451.939242,ADAPTIVE,TRACKING,111,32.090508,51.372351,-0.063642,-0.029869,4.961342,0.000000,0.000000,5.000000,0.080231,0
1784303451.989227,ADAPTIVE,TRACKING,109,28.218240,44.008290,-0.077121,-0.036234,4.955780,0.000000,0.000000,5.000000,0.096000,0
1784303452.039239,ADAPTIVE,TRACKING,109,19.128278,40.735320,-0.082944,-0.039683,4.951710,0.000000,0.000000,5.000000,0.103858,0
1784303452.089244,ADAPTIVE,TRACKING,124,21.796256,37.291142,-0.092962,-0.050392,4.938950,0.000000,0.000000,5.000000,0.122100,0
1784303452.139241,ADAPTIVE,TRACKING,147,28.540728,52.742608,-0.096480,-0.054307,4.936277,0.000000,0.000000,5.000000,0.127743,0
1784303452.189236,ADAPTIVE,TRACKING,165,39.228901,54.751905,-0.101740,-0.062679,4.929633,0.000000,0.000000,5.000000,0.138676,0
1784303452.241418,ADAPTIVE,TRACKING,148,36.945877,48.122096,-0.103315,-0.066488,4.928506,0.000000,0.000000,5.000000,0.142148,0
1784303452.291315,ADAPTIVE,TRACKING,132,32.977920,45.731810,-0.105509,-0.072734,4.931552,0.000000,0.000000,5.000000,0.145284,0
1784303452.342315,ADAPTIVE,TRACKING,122,26.736322,41.609785,-0.106140,-0.074635,4.935378,0.000000,0.000000,5.000000,0.144955,0
1784303452.390312,ADAPTIVE,TRACKING,125,31.623272,45.750881,-0.106344,-0.077578,4.944506,0.000000,0.000000,5.000000,0.142854,0
1784303452.439255,ADAPTIVE,TRACKING,124,24.339412,38.235402,-0.105728,-0.079118,4.948273,0.000000,0.000000,5.000000,0.141823,0
1784303452.489227,ADAPTIVE,TRACKING,134,27.261961,42.465471,-0.102836,-0.081162,4.956016,0.000000,0.000000,5.000000,0.138192,0
1784303452.541261,ADAPTIVE,TRACKING,137,24.380189,49.026486,-0.100481,-0.082033,4.958578,0.000000,0.000000,5.000000,0.136168,0
1784303452.589240,ADAPTIVE,TRACKING,155,33.063989,48.426419,-0.093872,-0.083607,4.965530,0.000000,0.000000,5.000000,0.130347,0
1784303452.639263,ADAPTIVE,TRACKING,151,36.981492,53.788952,-0.090272,-0.083730,4.967792,0.000000,0.000000,5.000000,0.127267,0
1784303452.689256,ADAPTIVE,TRACKING,141,31.352238,44.177374,-0.081447,-0.084741,4.967882,0.000000,0.000000,5.000000,0.121845,0
1784303452.739237,ADAPTIVE,TRACKING,132,23.554414,41.949071,-0.077481,-0.084607,4.967938,0.000000,0.000000,5.000000,0.119121,0
1784303452.789238,ADAPTIVE,TRACKING,139,22.654079,33.592010,-0.070643,-0.083826,4.969479,0.000000,0.000000,5.000000,0.113793,0
1784303452.839253,ADAPTIVE,TRACKING,159,26.366308,48.198570,-0.068135,-0.083808,4.968925,0.000000,0.000000,5.000000,0.112391,0
1784303452.889239,ADAPTIVE,TRACKING,177,31.689343,47.683500,-0.061016,-0.082973,4.968323,0.000000,0.000000,5.000000,0.107754,0
1784303452.939237,ADAPTIVE,TRACKING,177,31.859117,44.963224,-0.056900,-0.083014,4.968161,0.000000,0.000000,5.000000,0.105559,0
1784303452.989242,ADAPTIVE,TRACKING,171,29.038026,43.482932,-0.048399,-0.081392,4.966476,0.000000,0.000000,5.000000,0.100454,0
1784303453.039239,ADAPTIVE,TRACKING,170,27.868609,44.732859,-0.043850,-0.080263,4.962913,0.000000,0.000000,5.000000,0.098694,0
1784303453.089258,ADAPTIVE,TRACKING,175,28.652435,40.555335,-0.031603,-0.078772,4.958043,0.000000,0.000000,5.000000,0.094680,0
1784303453.139240,ADAPTIVE,TRACKING,180,45.011138,62.864290,-0.026055,-0.077298,4.958073,0.000000,0.000000,5.000000,0.091716,0
1784303453.191327,ADAPTIVE,TRACKING,155,39.786499,46.694027,-0.017249,-0.073313,4.963135,0.000000,0.000000,5.000000,0.083853,0
1784303453.239234,ADAPTIVE,TRACKING,134,30.906310,35.757774,-0.013181,-0.070902,4.967725,0.000000,0.000000,5.000000,0.079010,0
1784303453.289245,ADAPTIVE,TRACKING,122,21.937001,31.870217,-0.003946,-0.063813,4.980323,0.000000,0.000000,5.000000,0.066895,0
1784303453.339243,ADAPTIVE,TRACKING,134,25.892214,52.414502,0.000195,-0.059710,4.983632,0.000000,0.000000,5.000000,0.061914,0
1784303453.389242,ADAPTIVE,TRACKING,149,36.986430,52.069465,0.008539,-0.050775,4.987808,0.000000,0.000000,5.000000,0.052912,0
1784303453.439226,ADAPTIVE,TRACKING,144,38.934972,48.831063,0.012491,-0.044885,4.989107,0.000000,0.000000,5.000000,0.047847,0
1784303453.490300,ADAPTIVE,TRACKING,126,29.241383,38.198628,0.020963,-0.031421,4.993353,0.000000,0.000000,5.000000,0.038353,0
1784303453.539237,ADAPTIVE,TRACKING,119,28.622182,44.459601,0.024483,-0.026853,4.994665,0.000000,0.000000,5.000000,0.036728,0
1784303453.589226,ADAPTIVE,TRACKING,121,25.755141,34.626455,0.031214,-0.020056,4.993898,0.000000,0.000000,5.000000,0.037600,0
1784303453.640301,ADAPTIVE,TRACKING,131,30.610756,52.517793,0.034445,-0.016329,4.992334,0.000000,0.000000,5.000000,0.038883,0
1784303453.690216,ADAPTIVE,TRACKING,130,33.992534,48.216168,0.039225,-0.010071,4.991104,0.000000,0.000000,5.000000,0.041463,0
1784303453.739784,ADAPTIVE,TRACKING,127,36.076527,47.358194,0.041077,-0.007490,4.989942,0.000000,0.000000,5.000000,0.042948,0
1784303453.792309,ADAPTIVE,TRACKING,115,22.871981,39.168973,0.045022,-0.001700,4.986850,0.000000,0.000000,5.000000,0.046934,0
1784303453.839258,ADAPTIVE,TRACKING,120,23.159152,44.023646,0.047195,0.001707,4.985395,0.000000,0.000000,5.000000,0.049433,0
1784303453.889254,ADAPTIVE,TRACKING,133,26.304084,41.794123,0.051562,0.009981,4.977469,0.000000,0.000000,5.000000,0.057148,0
1784303453.941344,ADAPTIVE,TRACKING,152,27.677995,53.341304,0.052935,0.014764,4.969649,0.000000,0.000000,5.000000,0.062780,0
1784303453.989234,ADAPTIVE,TRACKING,157,29.374855,44.795472,0.055109,0.024238,4.958874,0.000000,0.000000,5.000000,0.072909,0
1784303454.039227,ADAPTIVE,TRACKING,158,25.049926,41.949635,0.055682,0.028785,4.953496,0.000000,0.000000,5.000000,0.078049,0
1784303454.089241,ADAPTIVE,TRACKING,170,46.079732,59.008166,0.054957,0.038585,4.933887,0.000000,0.000000,5.000000,0.094234,0
1784303454.139242,ADAPTIVE,TRACKING,145,37.408200,41.147142,0.054228,0.042382,4.927679,0.000000,0.000000,5.000000,0.099836,0
1784303454.189229,ADAPTIVE,TRACKING,130,21.557848,33.514599,0.053081,0.047570,4.916277,0.000000,0.000000,5.000000,0.109954,0
1784303454.239241,ADAPTIVE,TRACKING,129,23.621100,49.528952,0.052605,0.049673,4.911060,0.000000,0.000000,5.000000,0.114652,0
1784303454.289258,ADAPTIVE,TRACKING,148,28.091600,43.745338,0.052957,0.052658,4.900032,0.000000,0.000000,5.000000,0.124783,0
1784303454.339248,ADAPTIVE,TRACKING,167,28.672140,50.411903,0.053536,0.052896,4.896246,0.000000,0.000000,5.000000,0.128176,0
1784303454.389240,ADAPTIVE,TRACKING,165,29.656923,45.360753,0.053343,0.052399,4.893947,0.000000,0.000000,5.000000,0.129763,0
1784303454.439243,ADAPTIVE,TRACKING,166,29.698313,46.498720,0.054299,0.051116,4.891857,0.000000,0.000000,5.000000,0.131362,0
1784303454.489240,ADAPTIVE,TRACKING,169,26.983655,42.968776,0.052872,0.048368,4.898574,0.000000,0.000000,5.000000,0.124185,0
1784303454.539243,ADAPTIVE,TRACKING,173,27.447230,45.305225,0.051140,0.047501,4.900413,0.000000,0.000000,5.000000,0.121611,0
1784303454.589246,ADAPTIVE,TRACKING,181,30.814999,46.452208,0.046785,0.046255,4.899857,0.000000,0.000000,5.000000,0.119821,0
1784303454.639253,ADAPTIVE,TRACKING,184,22.854778,38.688204,0.044357,0.045558,4.901440,0.000000,0.000000,5.000000,0.117291,0
1784303454.696341,ADAPTIVE,TRACKING,198,53.941187,75.718918,0.040023,0.044622,4.899048,0.000000,0.000000,5.000000,0.117407,1
1784303454.750462,ADAPTIVE,TRACKING,158,34.217376,110.110695,0.040023,0.044622,4.899048,0.000000,0.000000,5.000000,0.117407,0
1784303454.789235,ADAPTIVE,TRACKING,146,28.972184,29.843907,0.032557,0.042219,4.905445,0.000000,0.000000,5.000000,0.108550,0
1784303454.839256,ADAPTIVE,TRACKING,130,29.367527,48.575850,0.029696,0.041114,4.911473,0.000000,0.000000,5.000000,0.102025,0
1784303454.889265,ADAPTIVE,TRACKING,140,31.277292,46.953335,0.022883,0.038959,4.923752,0.000000,0.000000,5.000000,0.088630,0
1784303454.939247,ADAPTIVE,TRACKING,138,30.162191,48.671715,0.019886,0.038816,4.926722,0.000000,0.000000,5.000000,0.085275,0
1784303454.989362,ADAPTIVE,TRACKING,134,25.521885,41.389303,0.013580,0.037783,4.931457,0.000000,0.000000,5.000000,0.079436,0
1784303455.039248,ADAPTIVE,TRACKING,142,25.663375,48.508526,0.009629,0.037553,4.931064,0.000000,0.000000,5.000000,0.079090,0
1784303455.089257,ADAPTIVE,TRACKING,152,29.907652,45.634190,-0.003509,0.039802,4.925199,0.000000,0.000000,5.000000,0.084804,0
1784303455.139248,ADAPTIVE,TRACKING,158,30.345700,50.142298,-0.009234,0.040355,4.921427,0.000000,0.000000,5.000000,0.088812,0
1784303455.189258,ADAPTIVE,TRACKING,158,28.901244,44.957699,-0.020105,0.037936,4.916602,0.000000,0.000000,5.000000,0.093801,0
1784303455.240328,ADAPTIVE,TRACKING,157,34.611120,56.670167,-0.025171,0.036198,4.917770,0.000000,0.000000,5.000000,0.093304,0
1784303455.289245,ADAPTIVE,TRACKING,151,35.851693,49.905277,-0.035374,0.032070,4.924605,0.000000,0.000000,5.000000,0.089242,0
1784303455.344328,ADAPTIVE,TRACKING,140,35.453148,54.397461,-0.039401,0.030205,4.928792,0.000000,0.000000,5.000000,0.086806,0
1784303455.389250,ADAPTIVE,TRACKING,126,32.074937,37.519296,-0.046528,0.026417,4.941934,0.000000,0.000000,5.000000,0.078958,0
1784303455.439248,ADAPTIVE,TRACKING,120,23.216946,40.892716,-0.051247,0.023487,4.947730,0.000000,0.000000,5.000000,0.076877,0
1784303455.489247,ADAPTIVE,TRACKING,128,26.708091,42.700390,-0.060895,0.017102,4.957822,0.000000,0.000000,5.000000,0.076024,0
1784303455.541306,ADAPTIVE,TRACKING,137,21.626493,45.603167,-0.064375,0.015078,4.957704,0.000000,0.000000,5.000000,0.078489,0
1784303455.589244,ADAPTIVE,TRACKING,160,26.130660,42.368016,-0.069810,0.012206,4.950732,0.000000,0.000000,5.000000,0.086312,0
1784303455.639226,ADAPTIVE,TRACKING,169,31.795657,54.375033,-0.071940,0.010524,4.948661,0.000000,0.000000,5.000000,0.089004,0
1784303455.689230,ADAPTIVE,TRACKING,176,35.179603,50.717736,-0.076159,0.004233,4.945291,0.000000,0.000000,5.000000,0.093868,0
1784303455.739243,ADAPTIVE,TRACKING,163,29.259579,43.834026,-0.077546,0.001378,4.942257,0.000000,0.000000,5.000000,0.096693,0
1784303455.789241,ADAPTIVE,TRACKING,158,28.999301,42.371506,-0.076464,-0.002698,4.938805,0.000000,0.000000,5.000000,0.097974,0
1784303455.843313,ADAPTIVE,TRACKING,159,27.545300,52.509751,-0.073409,-0.003487,4.937674,0.000000,0.000000,5.000000,0.096362,0
1784303455.889240,ADAPTIVE,TRACKING,167,32.133675,48.059094,-0.066935,-0.005545,4.937050,0.000000,0.000000,5.000000,0.092053,0
1784303455.939228,ADAPTIVE,TRACKING,163,30.302153,44.593821,-0.064236,-0.005279,4.940141,0.000000,0.000000,5.000000,0.087961,0
1784303455.989227,ADAPTIVE,TRACKING,163,32.076290,42.975281,-0.058530,-0.005161,4.951925,0.000000,0.000000,5.000000,0.075919,0
1784303456.039238,ADAPTIVE,TRACKING,156,30.892781,48.324722,-0.055662,-0.005301,4.957212,0.000000,0.000000,5.000000,0.070407,0
1784303456.089247,ADAPTIVE,TRACKING,154,32.685997,48.669074,-0.049410,-0.006204,4.963519,0.000000,0.000000,5.000000,0.061731,0
1784303456.139230,ADAPTIVE,TRACKING,148,40.193408,54.024598,-0.046265,-0.006851,4.965885,0.000000,0.000000,5.000000,0.057889,0
1784303456.189237,ADAPTIVE,TRACKING,131,35.615936,43.486427,-0.037620,-0.008203,4.958392,0.000000,0.000000,5.000000,0.056690,0
1784303456.241184,ADAPTIVE,TRACKING,119,28.679961,41.381943,-0.033181,-0.008836,4.953674,0.000000,0.000000,5.000000,0.057664,0
1784303456.289245,ADAPTIVE,TRACKING,114,32.755317,48.292334,-0.023214,-0.010288,4.947867,0.000000,0.000000,5.000000,0.057987,0
1784303456.341328,ADAPTIVE,TRACKING,112,30.462487,49.633413,-0.018781,-0.010860,4.944814,0.000000,0.000000,5.000000,0.059297,0
1784303456.391313,ADAPTIVE,TRACKING,112,28.110649,45.809718,-0.010632,-0.011816,4.939635,0.000000,0.000000,5.000000,0.062423,0
1784303456.439240,ADAPTIVE,TRACKING,111,20.897617,40.569166,-0.008233,-0.012973,4.936830,0.000000,0.000000,5.000000,0.065012,0
1784303456.489245,ADAPTIVE,TRACKING,126,21.151309,37.299731,-0.003001,-0.015025,4.932846,0.000000,0.000000,5.000000,0.068880,0
1784303456.539230,ADAPTIVE,TRACKING,148,27.033985,52.843424,-0.000161,-0.016220,4.931643,0.000000,0.000000,5.000000,0.070255,0
1784303456.589230,ADAPTIVE,TRACKING,167,42.755397,58.936137,0.006560,-0.019138,4.930851,0.000000,0.000000,5.000000,0.072047,0
1784303456.639226,ADAPTIVE,TRACKING,148,37.101497,37.996795,0.009856,-0.020458,4.933820,0.000000,0.000000,5.000000,0.069967,0
1784303456.689239,ADAPTIVE,TRACKING,130,20.433969,30.259138,0.015674,-0.024806,4.937759,0.000000,0.000000,5.000000,0.068811,0
1784303456.739241,ADAPTIVE,TRACKING,135,21.030048,45.108932,0.017817,-0.026514,4.939111,0.000000,0.000000,5.000000,0.068760,0
1784303456.789229,ADAPTIVE,TRACKING,159,31.380326,44.528345,0.020266,-0.029084,4.941082,0.000000,0.000000,5.000000,0.068760,0
1784303456.839228,ADAPTIVE,TRACKING,176,34.236044,52.707021,0.020296,-0.029984,4.943079,0.000000,0.000000,5.000000,0.067461,0
1784303456.889228,ADAPTIVE,TRACKING,164,33.129839,48.766107,0.020777,-0.031463,4.949640,0.000000,0.000000,5.000000,0.062910,0
1784303456.939240,ADAPTIVE,TRACKING,151,27.131069,38.411000,0.022112,-0.032589,4.950746,0.000000,0.000000,5.000000,0.063063,0
1784303456.989228,ADAPTIVE,TRACKING,156,39.865228,55.956157,0.024463,-0.034318,4.951840,0.000000,0.000000,5.000000,0.063996,0
1784303457.042319,ADAPTIVE,TRACKING,141,39.484778,48.750260,0.025297,-0.034215,4.950335,0.000000,0.000000,5.000000,0.065400,0
1784303457.089239,ADAPTIVE,TRACKING,125,28.190318,34.966190,0.025205,-0.029360,4.942184,0.000000,0.000000,5.000000,0.069570,0
1784303457.143330,ADAPTIVE,TRACKING,118,34.490242,60.288710,0.024799,-0.027096,4.939276,0.000000,0.000000,5.000000,0.070969,0
1784303457.189231,ADAPTIVE,TRACKING,112,28.989586,40.222876,0.024353,-0.022459,4.938636,0.000000,0.000000,5.000000,0.069735,0
1784303457.239245,ADAPTIVE,TRACKING,115,31.399006,49.316797,0.023773,-0.020007,4.941263,0.000000,0.000000,5.000000,0.066449,0
1784303457.289230,ADAPTIVE,TRACKING,109,30.550647,46.427839,0.020830,-0.014072,4.945181,0.000000,0.000000,5.000000,0.060308,0
1784303457.339240,ADAPTIVE,TRACKING,110,20.955015,40.273913,0.018963,-0.011552,4.946158,0.000000,0.000000,5.000000,0.058241,0
1784303457.389239,ADAPTIVE,TRACKING,120,22.612998,36.496618,0.015165,-0.007076,4.953380,0.000000,0.000000,5.000000,0.049532,0
1784303457.439250,ADAPTIVE,TRACKING,136,26.126859,53.413456,0.010835,-0.003486,4.956207,0.000000,0.000000,5.000000,0.045248,0
1784303457.489242,ADAPTIVE,TRACKING,157,36.466624,50.852167,0.002505,0.004398,4.963151,0.000000,0.000000,5.000000,0.037196,0
1784303457.539238,ADAPTIVE,TRACKING,146,24.676415,36.670303,-0.000648,0.008110,4.965632,0.000000,0.000000,5.000000,0.035317,0
1784303457.589246,ADAPTIVE,TRACKING,151,26.805358,41.466688,-0.006273,0.015592,4.970116,0.000000,0.000000,5.000000,0.034285,0
1784303457.639240,ADAPTIVE,TRACKING,155,41.123007,62.896307,-0.008880,0.019038,4.972291,0.000000,0.000000,5.000000,0.034772,0
1784303457.689240,ADAPTIVE,TRACKING,147,40.246041,48.951031,-0.015299,0.027559,4.973691,0.000000,0.000000,5.000000,0.041058,0
1784303457.740317,ADAPTIVE,TRACKING,125,21.002490,31.626569,-0.018081,0.030923,4.973348,0.000000,0.000000,5.000000,0.044649,0
1784303457.789238,ADAPTIVE,TRACKING,127,23.683103,39.388499,-0.022529,0.036361,4.971112,0.000000,0.000000,5.000000,0.051616,0
1784303457.839242,ADAPTIVE,TRACKING,143,25.518315,48.366330,-0.023795,0.038610,4.969731,0.000000,0.000000,5.000000,0.054526,0
1784303457.889246,ADAPTIVE,TRACKING,168,41.209400,56.995386,-0.026587,0.043023,4.968443,0.000000,0.000000,5.000000,0.059613,0
1784303457.939226,ADAPTIVE,TRACKING,147,38.445479,43.330713,-0.028368,0.045378,4.965855,0.000000,0.000000,5.000000,0.063481,0
1784303457.989263,ADAPTIVE,TRACKING,131,21.784763,33.235661,-0.030905,0.049812,4.965791,0.000000,0.000000,5.000000,0.067872,0
1784303458.039242,ADAPTIVE,TRACKING,133,25.362899,50.184168,-0.031745,0.051875,4.967170,0.000000,0.000000,5.000000,0.069113,0
1784303458.089247,ADAPTIVE,TRACKING,145,26.717466,41.169649,-0.033322,0.056325,4.967786,0.000000,0.000000,5.000000,0.072943,0
1784303458.140328,ADAPTIVE,TRACKING,166,28.394238,52.611407,-0.033602,0.057541,4.969300,0.000000,0.000000,5.000000,0.073366,0
1784303458.189253,ADAPTIVE,TRACKING,164,27.537167,41.465769,-0.036817,0.057815,4.971516,0.000000,0.000000,5.000000,0.074225,0
1784303458.239244,ADAPTIVE,TRACKING,172,34.832695,53.400036,-0.038386,0.057415,4.972825,0.000000,0.000000,5.000000,0.074219,0
1784303458.289258,ADAPTIVE,TRACKING,166,28.345501,43.325058,-0.039853,0.055025,4.970193,0.000000,0.000000,5.000000,0.074192,0
1784303458.339247,ADAPTIVE,TRACKING,166,28.424633,45.955901,-0.039659,0.053010,4.969499,0.000000,0.000000,5.000000,0.072891,0
1784303458.389228,ADAPTIVE,TRACKING,165,29.941270,41.773825,-0.039413,0.048922,4.967944,0.000000,0.000000,5.000000,0.070529,0
1784303458.439270,ADAPTIVE,TRACKING,171,39.406640,56.178055,-0.039948,0.047005,4.964023,0.000000,0.000000,5.000000,0.071412,0
1784303458.489242,ADAPTIVE,TRACKING,154,41.163760,51.529483,-0.041329,0.042656,4.957108,0.000000,0.000000,5.000000,0.073262,0
1784303458.539268,ADAPTIVE,TRACKING,132,36.436088,45.137844,-0.043064,0.040474,4.953032,0.000000,0.000000,5.000000,0.075490,0
1784303458.589237,ADAPTIVE,TRACKING,116,28.927133,38.720817,-0.047876,0.035546,4.946234,0.000000,0.000000,5.000000,0.080289,0
1784303458.642436,ADAPTIVE,TRACKING,113,29.962184,54.107836,-0.049713,0.032832,4.943750,0.000000,0.000000,5.000000,0.081935,0
1784303458.689241,ADAPTIVE,TRACKING,113,26.522550,39.441429,-0.052403,0.024316,4.940095,0.000000,0.000000,5.000000,0.083222,0
1784303458.741274,ADAPTIVE,TRACKING,120,15.370807,39.275342,-0.052923,0.020473,4.939184,0.000000,0.000000,5.000000,0.083178,0
1784303458.789230,ADAPTIVE,TRACKING,143,42.119335,53.978053,-0.053282,0.013592,4.935875,0.000000,0.000000,5.000000,0.084474,0
1784303458.839293,ADAPTIVE,TRACKING,136,11.070807,18.937224,-0.053360,0.010458,4.932769,0.000000,0.000000,5.000000,0.086467,0
1784303458.889266,ADAPTIVE,TRACKING,178,15.934480,31.746850,-0.051438,0.003521,4.925738,0.000000,0.000000,5.000000,0.090406,0
1784303458.939274,ADAPTIVE,TRACKING,193,17.222554,51.067115,-0.047721,0.000960,4.922681,0.000000,0.000000,5.000000,0.090864,0
1784303458.989248,ADAPTIVE,TRACKING,345,28.244830,44.018523,-0.040255,-0.003773,4.920525,0.000000,0.000000,5.000000,0.089169,0
1784303459.039307,ADAPTIVE,TRACKING,345,20.182559,41.857948,-0.036760,-0.005461,4.918537,0.000000,0.000000,5.000000,0.089539,0
1784303459.089261,ADAPTIVE,TRACKING,391,33.312390,48.988706,-0.030447,-0.007147,4.906516,0.000000,0.000000,5.000000,0.098577,0
1784303459.139291,ADAPTIVE,TRACKING,398,24.987317,41.539354,-0.027545,-0.007827,4.903924,0.000000,0.000000,5.000000,0.100253,0
1784303459.189273,ADAPTIVE,TRACKING,400,34.517751,50.148952,-0.022963,-0.006983,4.903341,0.000000,0.000000,5.000000,0.099594,0
1784303459.239283,ADAPTIVE,TRACKING,384,22.048440,37.354677,-0.020499,-0.006157,4.905473,0.000000,0.000000,5.000000,0.096920,0
1784303459.289290,ADAPTIVE,TRACKING,400,41.345286,57.103120,-0.013327,-0.001566,4.913328,0.000000,0.000000,5.000000,0.087705,0
1784303459.339276,ADAPTIVE,TRACKING,364,22.714620,31.187688,-0.009482,0.001807,4.917049,0.000000,0.000000,5.000000,0.083511,0
1784303459.389268,ADAPTIVE,TRACKING,400,40.089722,55.971465,-0.001525,0.008159,4.924328,0.000000,0.000000,5.000000,0.076126,0
1784303459.439268,ADAPTIVE,TRACKING,338,20.371299,30.165078,0.003094,0.011346,4.926322,0.000000,0.000000,5.000000,0.074611,0
1784303459.489250,ADAPTIVE,TRACKING,400,23.032847,38.828576,0.013408,0.017305,4.936772,0.000000,0.000000,5.000000,0.066911,0
1784303459.539290,ADAPTIVE,TRACKING,400,34.278856,61.176990,0.017743,0.020158,4.942370,0.000000,0.000000,5.000000,0.063580,0
1784303459.589265,ADAPTIVE,TRACKING,400,23.533749,38.977167,0.025696,0.026102,4.951657,0.000000,0.000000,5.000000,0.060652,0
1784303459.639284,ADAPTIVE,TRACKING,400,23.927119,50.267293,0.029365,0.028497,4.954829,0.000000,0.000000,5.000000,0.060949,0
1784303459.689249,ADAPTIVE,TRACKING,400,24.754268,40.560020,0.032773,0.029901,4.956682,0.000000,0.000000,5.000000,0.062005,0
1784303459.739279,ADAPTIVE,TRACKING,400,25.728235,50.851437,0.033641,0.029881,4.957883,0.000000,0.000000,5.000000,0.061631,0
1784303459.789274,ADAPTIVE,TRACKING,400,28.704524,44.453674,0.035511,0.029739,4.960479,0.000000,0.000000,5.000000,0.060888,0
1784303459.839290,ADAPTIVE,TRACKING,400,27.332412,48.549228,0.036577,0.029591,4.961812,0.000000,0.000000,5.000000,0.060595,0
1784303459.889247,ADAPTIVE,TRACKING,400,28.582231,44.468976,0.038195,0.029082,4.965020,0.000000,0.000000,5.000000,0.059399,0
1784303459.939266,ADAPTIVE,TRACKING,400,25.542209,46.862506,0.037593,0.028506,4.963839,0.000000,0.000000,5.000000,0.059443,0
1784303459.989250,ADAPTIVE,TRACKING,400,22.588707,38.416163,0.035962,0.027119,4.963742,0.000000,0.000000,5.000000,0.057822,0
1784303460.039291,ADAPTIVE,TRACKING,400,34.808891,62.185152,0.034492,0.026119,4.962028,0.000000,0.000000,5.000000,0.057565,0
1784303460.089271,ADAPTIVE,TRACKING,400,26.091105,41.123274,0.028052,0.022751,4.951655,0.000000,0.000000,5.000000,0.060347,0
1784303460.139305,ADAPTIVE,TRACKING,400,26.840125,50.664368,0.025244,0.021234,4.948619,0.000000,0.000000,5.000000,0.061058,0
1784303460.189256,ADAPTIVE,TRACKING,400,30.436970,46.365784,0.019409,0.018520,4.942646,0.000000,0.000000,5.000000,0.063319,0
1784303460.239300,ADAPTIVE,TRACKING,400,24.827431,44.224594,0.016556,0.017257,4.940990,0.000000,0.000000,5.000000,0.063672,0
1784303460.289255,ADAPTIVE,TRACKING,400,24.124074,39.898756,0.010225,0.016694,4.936557,0.000000,0.000000,5.000000,0.066395,0
1784303460.339285,ADAPTIVE,TRACKING,400,23.560150,49.348640,0.007450,0.017479,4.933826,0.000000,0.000000,5.000000,0.068847,0
1784303460.389256,ADAPTIVE,TRACKING,400,23.225698,39.121366,0.002097,0.018433,4.931512,0.000000,0.000000,5.000000,0.070956,0
1784303460.439286,ADAPTIVE,TRACKING,400,24.156777,50.849588,-0.000180,0.017250,4.934207,0.000000,0.000000,5.000000,0.068017,0
1784303460.489311,ADAPTIVE,TRACKING,400,24.206143,40.104330,-0.004560,0.014485,4.941277,0.000000,0.000000,5.000000,0.060655,0
1784303460.539299,ADAPTIVE,TRACKING,400,23.503815,49.172618,-0.005587,0.013594,4.943947,0.000000,0.000000,5.000000,0.057947,0
1784303460.589255,ADAPTIVE,TRACKING,400,24.041405,39.916809,-0.006397,0.012206,4.947008,0.000000,0.000000,5.000000,0.054754,0
1784303460.639292,ADAPTIVE,TRACKING,400,24.467516,50.352146,-0.006747,0.011512,4.948352,0.000000,0.000000,5.000000,0.053344,0
1784303460.689258,ADAPTIVE,TRACKING,400,25.075275,40.772621,-0.007903,0.013304,4.950194,0.000000,0.000000,5.000000,0.052155,0
1784303460.739312,ADAPTIVE,TRACKING,400,26.843306,51.687549,-0.008398,0.014238,4.951357,0.000000,0.000000,5.000000,0.051375,0
1784303460.789266,ADAPTIVE,TRACKING,400,23.974512,39.909320,-0.009107,0.015113,4.952729,0.000000,0.000000,5.000000,0.050457,0
1784303460.839302,ADAPTIVE,TRACKING,400,24.050677,50.001792,-0.009274,0.014898,4.952197,0.000000,0.000000,5.000000,0.050923,0
1784303460.889256,ADAPTIVE,TRACKING,400,23.617624,39.505717,-0.009649,0.014355,4.952788,0.000000,0.000000,5.000000,0.050280,0
1784303460.939287,ADAPTIVE,TRACKING,400,23.229291,49.520292,-0.009325,0.014343,4.952235,0.000000,0.000000,5.000000,0.050736,0
1784303460.989249,ADAPTIVE,TRACKING,400,23.009648,38.879987,-0.008744,0.014154,4.953480,0.000000,0.000000,5.000000,0.049405,0
1784303461.039287,ADAPTIVE,TRACKING,400,24.129447,51.017033,-0.008329,0.013258,4.954617,0.000000,0.000000,5.000000,0.048008,0
1784303461.089258,ADAPTIVE,TRACKING,400,24.421141,40.242736,-0.006584,0.006707,4.960505,0.000000,0.000000,5.000000,0.040597,0
1784303461.139291,ADAPTIVE,TRACKING,400,23.106459,48.590919,-0.005860,0.004213,4.963571,0.000000,0.000000,5.000000,0.037137,0
1784303461.189252,ADAPTIVE,TRACKING,400,23.472716,39.362651,-0.003000,-0.002155,4.970823,0.000000,0.000000,5.000000,0.029410,0
1784303461.239304,ADAPTIVE,TRACKING,400,23.344091,49.807779,-0.001432,-0.005310,4.973988,0.000000,0.000000,5.000000,0.026587,0
1784303461.289253,ADAPTIVE,TRACKING,400,24.501407,40.330118,0.001568,-0.011831,4.982561,0.000000,0.000000,5.000000,0.021132,0
1784303461.339304,ADAPTIVE,TRACKING,400,23.275308,48.711823,0.002594,-0.014509,4.985866,0.000000,0.000000,5.000000,0.020421,0
1784303461.389267,ADAPTIVE,TRACKING,400,23.843717,39.681860,0.004032,-0.019107,4.990548,0.000000,0.000000,5.000000,0.021696,0
1784303461.439305,ADAPTIVE,TRACKING,400,26.408278,52.487127,0.004379,-0.022513,4.992637,0.000000,0.000000,5.000000,0.024088,0
1784303461.489257,ADAPTIVE,TRACKING,400,27.067700,42.973914,0.004538,-0.028770,4.996572,0.000000,0.000000,5.000000,0.029326,0
1784303461.539283,ADAPTIVE,TRACKING,400,23.899508,46.722886,0.004724,-0.032032,4.997956,0.000000,0.000000,5.000000,0.032443,0
1784303461.589264,ADAPTIVE,TRACKING,400,24.257554,40.092863,0.005519,-0.039370,5.001369,0.000000,0.000000,5.000000,0.039779,0
1784303461.639292,ADAPTIVE,TRACKING,400,24.115095,49.776875,0.005794,-0.042549,5.003716,0.000000,0.000000,5.000000,0.043102,0
1784303461.689251,ADAPTIVE,TRACKING,400,24.402069,40.164137,0.004201,-0.046919,5.005541,0.000000,0.000000,5.000000,0.047431,0
1784303461.739311,ADAPTIVE,TRACKING,400,25.505952,51.008526,0.003270,-0.048344,5.004875,0.000000,0.000000,5.000000,0.048699,0
1784303461.789255,ADAPTIVE,TRACKING,400,23.911955,39.678331,0.001965,-0.050065,5.000671,0.000000,0.000000,5.000000,0.050108,0
1784303461.839283,ADAPTIVE,TRACKING,400,23.352360,49.367695,0.001704,-0.050106,4.997019,0.000000,0.000000,5.000000,0.050223,0
1784303461.889255,ADAPTIVE,TRACKING,400,23.882501,39.772605,0.001287,-0.049284,4.987764,0.000000,0.000000,5.000000,0.050796,0
1784303461.939267,ADAPTIVE,TRACKING,400,24.409772,50.433333,0.001679,-0.048167,4.981655,0.000000,0.000000,5.000000,0.051570,0
1784303461.989252,ADAPTIVE,TRACKING,400,24.612556,40.480244,0.002091,-0.045405,4.971449,0.000000,0.000000,5.000000,0.053676,0
1784303462.039283,ADAPTIVE,TRACKING,400,22.893693,48.192770,0.002072,-0.043453,4.967010,0.000000,0.000000,5.000000,0.054597,0
1784303462.089254,ADAPTIVE,TRACKING,400,34.367838,50.195835,0.001330,-0.036840,4.958280,0.000000,0.000000,5.000000,0.055674,0
1784303462.139284,ADAPTIVE,TRACKING,400,25.580458,40.980137,0.001006,-0.033845,4.955349,0.000000,0.000000,5.000000,0.056038,0
1784303462.189256,ADAPTIVE,TRACKING,400,24.742528,40.573227,0.000640,-0.029129,4.951136,0.000000,0.000000,5.000000,0.056891,0
1784303462.239297,ADAPTIVE,TRACKING,400,23.434008,48.626718,0.000525,-0.026928,4.950839,0.000000,0.000000,5.000000,0.056055,0
1784303462.289241,ADAPTIVE,TRACKING,400,22.719369,38.646275,0.001991,-0.024045,4.945482,0.000000,0.000000,5.000000,0.059618,0
1784303462.339299,ADAPTIVE,TRACKING,400,25.334428,52.561954,0.003478,-0.023687,4.942952,0.000000,0.000000,5.000000,0.061868,0
1784303462.389252,ADAPTIVE,TRACKING,400,25.120883,40.997080,0.005812,-0.022001,4.938955,0.000000,0.000000,5.000000,0.065148,0
1784303462.439286,ADAPTIVE,TRACKING,400,23.222402,48.030096,0.006522,-0.021452,4.937794,0.000000,0.000000,5.000000,0.066124,0
1784303462.489254,ADAPTIVE,TRACKING,400,23.193793,39.182610,0.007785,-0.019434,4.939921,0.000000,0.000000,5.000000,0.063622,0
1784303462.539287,ADAPTIVE,TRACKING,400,23.313685,50.044083,0.008213,-0.018021,4.941353,0.000000,0.000000,5.000000,0.061901,0
1784303462.589257,ADAPTIVE,TRACKING,400,24.532007,40.394833,0.008790,-0.014600,4.942395,0.000000,0.000000,5.000000,0.060073,0
1784303462.639289,ADAPTIVE,TRACKING,400,23.457824,48.847856,0.008995,-0.012872,4.943707,0.000000,0.000000,5.000000,0.058443,0
1784303462.689273,ADAPTIVE,TRACKING,400,23.998340,39.813853,0.012264,-0.007656,4.952018,0.000000,0.000000,5.000000,0.050112,0
1784303462.739291,ADAPTIVE,TRACKING,400,28.703668,54.573157,0.013836,-0.005347,4.957332,0.000000,0.000000,5.000000,0.045173,0
1784303462.789255,ADAPTIVE,TRACKING,400,32.001432,47.794490,0.016984,-0.001917,4.967311,0.000000,0.000000,5.000000,0.036887,0
1784303462.839287,ADAPTIVE,TRACKING,400,23.542563,41.382068,0.018717,-0.000887,4.971732,0.000000,0.000000,5.000000,0.033914,0
1784303462.889277,ADAPTIVE,TRACKING,400,25.082624,41.037229,0.022465,0.002237,4.981914,0.000000,0.000000,5.000000,0.028927,0
1784303462.939291,ADAPTIVE,TRACKING,400,24.056603,48.884512,0.025014,0.005163,4.986963,0.000000,0.000000,5.000000,0.028676,0
1784303462.989299,ADAPTIVE,TRACKING,400,25.163617,40.966253,0.029295,0.010726,4.994390,0.000000,0.000000,5.000000,0.031697,0
1784303463.039291,ADAPTIVE,TRACKING,400,23.419414,48.151058,0.031479,0.012808,4.997689,0.000000,0.000000,5.000000,0.034064,0
1784303463.089251,ADAPTIVE,TRACKING,400,30.760200,46.467514,0.037870,0.013960,5.003294,0.000000,0.000000,5.000000,0.040495,0
1784303463.139288,ADAPTIVE,TRACKING,400,25.487018,44.627978,0.040144,0.014651,5.005290,0.000000,0.000000,5.000000,0.043060,0
1784303463.189265,ADAPTIVE,TRACKING,400,24.360006,40.200062,0.045939,0.018965,5.004610,0.000000,0.000000,5.000000,0.049913,0
1784303463.239289,ADAPTIVE,TRACKING,400,23.597161,49.153404,0.048499,0.021392,5.003620,0.000000,0.000000,5.000000,0.053130,0
1784303463.289251,ADAPTIVE,TRACKING,400,23.430785,39.340318,0.050656,0.027058,4.998888,0.000000,0.000000,5.000000,0.057441,0
1784303463.339315,ADAPTIVE,TRACKING,400,24.900138,51.416874,0.050107,0.029730,4.996009,0.000000,0.000000,5.000000,0.058399,0
1784303463.389270,ADAPTIVE,TRACKING,400,25.212367,40.992917,0.048647,0.034556,4.994339,0.000000,0.000000,5.000000,0.059939,0
1784303463.439286,ADAPTIVE,TRACKING,400,23.582016,48.279105,0.047403,0.036106,4.991705,0.000000,0.000000,5.000000,0.060162,0
1784303463.489260,ADAPTIVE,TRACKING,400,24.340601,40.143328,0.044713,0.038602,4.985700,0.000000,0.000000,5.000000,0.060777,0
1784303463.539284,ADAPTIVE,TRACKING,400,26.486660,52.049435,0.044212,0.039236,4.981588,0.000000,0.000000,5.000000,0.061912,0
1784303463.589257,ADAPTIVE,TRACKING,400,24.617270,40.397685,0.043970,0.039996,4.972453,0.000000,0.000000,5.000000,0.065512,0
1784303463.639290,ADAPTIVE,TRACKING,400,26.008373,51.320977,0.043400,0.040205,4.968954,0.000000,0.000000,5.000000,0.066812,0
1784303463.689265,ADAPTIVE,TRACKING,400,23.134839,38.972619,0.038569,0.040352,4.959110,0.000000,0.000000,5.000000,0.069194,0
1784303463.739305,ADAPTIVE,TRACKING,400,24.839813,51.630842,0.035803,0.040267,4.955088,0.000000,0.000000,5.000000,0.070146,0
1784303463.789257,ADAPTIVE,TRACKING,400,25.490362,41.308347,0.029623,0.037936,4.949404,0.000000,0.000000,5.000000,0.069832,0
1784303463.839287,ADAPTIVE,TRACKING,400,25.236331,49.654889,0.026199,0.035265,4.946015,0.000000,0.000000,5.000000,0.069602,0
1784303463.889261,ADAPTIVE,TRACKING,400,24.700978,40.494501,0.018726,0.029741,4.938998,0.000000,0.000000,5.000000,0.070402,0
1784303463.939285,ADAPTIVE,TRACKING,400,23.371905,48.571354,0.016030,0.027842,4.937070,0.000000,0.000000,5.000000,0.070657,0
1784303463.989269,ADAPTIVE,TRACKING,400,27.641771,43.529705,0.010785,0.023928,4.936687,0.000000,0.000000,5.000000,0.068537,0
1784303464.039390,ADAPTIVE,TRACKING,400,26.983104,49.327832,0.008136,0.021726,4.937012,0.000000,0.000000,5.000000,0.067125,0
1784303464.089254,ADAPTIVE,TRACKING,400,24.457330,40.258061,0.001830,0.015845,4.937278,0.000000,0.000000,5.000000,0.064718,0
1784303464.139286,ADAPTIVE,TRACKING,400,24.035698,49.493348,-0.000896,0.013084,4.939046,0.000000,0.000000,5.000000,0.062349,0
1784303464.189253,ADAPTIVE,TRACKING,400,24.386372,40.167598,-0.004618,0.005734,4.944623,0.000000,0.000000,5.000000,0.055865,0
1784303464.239291,ADAPTIVE,TRACKING,400,23.111987,48.652509,-0.006237,0.002062,4.947945,0.000000,0.000000,5.000000,0.052468,0
1784303464.289258,ADAPTIVE,TRACKING,400,25.122204,41.015553,-0.008731,-0.008911,4.959115,0.000000,0.000000,5.000000,0.042746,0
1784303464.339266,ADAPTIVE,TRACKING,400,22.959258,47.716468,-0.009267,-0.014987,4.964749,0.000000,0.000000,5.000000,0.039409,0
1784303464.389253,ADAPTIVE,TRACKING,400,23.370045,39.240596,-0.010350,-0.025459,4.973693,0.000000,0.000000,5.000000,0.038044,0
1784303464.439299,ADAPTIVE,TRACKING,400,23.939853,50.498845,-0.010619,-0.029632,4.977867,0.000000,0.000000,5.000000,0.038480,0
1784303464.489256,ADAPTIVE,TRACKING,400,24.039454,39.789523,-0.011047,-0.038086,4.987919,0.000000,0.000000,5.000000,0.041456,0
1784303464.539293,ADAPTIVE,TRACKING,400,23.940420,49.833987,-0.010579,-0.041626,4.991233,0.000000,0.000000,5.000000,0.043835,0
1784303464.589256,ADAPTIVE,TRACKING,400,23.501869,39.306186,-0.008699,-0.048223,4.995690,0.000000,0.000000,5.000000,0.049190,0
1784303464.639302,ADAPTIVE,TRACKING,400,24.216351,50.649561,-0.007946,-0.051181,4.997973,0.000000,0.000000,5.000000,0.051834,0
1784303464.689256,ADAPTIVE,TRACKING,400,23.939991,39.743847,-0.005253,-0.052621,4.999766,0.000000,0.000000,5.000000,0.052883,0
1784303464.739278,ADAPTIVE,TRACKING,400,25.563798,51.502374,-0.004062,-0.052454,5.000427,0.000000,0.000000,5.000000,0.052612,0
1784303464.789245,ADAPTIVE,TRACKING,400,22.774444,38.638472,-0.001233,-0.051307,5.001069,0.000000,0.000000,5.000000,0.051333,0
1784303464.839306,ADAPTIVE,TRACKING,400,23.510225,50.680533,0.000565,-0.050288,5.001176,0.000000,0.000000,5.000000,0.050305,0
1784303464.889256,ADAPTIVE,TRACKING,400,24.468414,40.299074,0.004235,-0.047058,5.004277,0.000000,0.000000,5.000000,0.047441,0
1784303464.939289,ADAPTIVE,TRACKING,400,29.193717,54.647575,0.005163,-0.044811,5.005440,0.000000,0.000000,5.000000,0.045434,0
1784303464.989249,ADAPTIVE,TRACKING,400,27.630582,43.406272,0.006698,-0.040005,5.008624,0.000000,0.000000,5.000000,0.041468,0
1784303465.039277,ADAPTIVE,TRACKING,400,23.357450,45.601619,0.007239,-0.037612,5.010527,0.000000,0.000000,5.000000,0.039723,0
1784303465.089268,ADAPTIVE,TRACKING,400,26.441608,42.401177,0.008076,-0.032587,5.011189,0.000000,0.000000,5.000000,0.035388,0
1784303465.139360,ADAPTIVE,TRACKING,400,23.976859,47.481511,0.008482,-0.030331,5.011304,0.000000,0.000000,5.000000,0.033462,0
1784303465.189250,ADAPTIVE,TRACKING,400,25.871308,41.864640,0.007778,-0.027812,5.007166,0.000000,0.000000,5.000000,0.029755,0
1784303465.239274,ADAPTIVE,TRACKING,400,24.285137,48.299573,0.007442,-0.026579,5.004690,0.000000,0.000000,5.000000,0.027996,0
1784303465.289245,ADAPTIVE,TRACKING,400,25.970028,41.888407,0.008688,-0.023934,4.999469,0.000000,0.000000,5.000000,0.025468,0
1784303465.339286,ADAPTIVE,TRACKING,400,24.387144,48.324837,0.009926,-0.023003,4.997930,0.000000,0.000000,5.000000,0.025139,0
1784303465.389268,ADAPTIVE,TRACKING,400,25.508203,41.411870,0.011864,-0.020879,4.994759,0.000000,0.000000,5.000000,0.024580,0
1784303465.439281,ADAPTIVE,TRACKING,400,25.294127,49.638670,0.012418,-0.021097,4.993683,0.000000,0.000000,5.000000,0.025283,0
1784303465.489249,ADAPTIVE,TRACKING,400,24.140932,40.059709,0.013105,-0.020767,4.991529,0.000000,0.000000,5.000000,0.025977,0
1784303465.539281,ADAPTIVE,TRACKING,400,25.381812,51.170509,0.014272,-0.021087,4.991134,0.000000,0.000000,5.000000,0.026962,0
1784303465.589253,ADAPTIVE,TRACKING,400,24.681831,40.407241,0.018067,-0.022384,4.989806,0.000000,0.000000,5.000000,0.030519,0
1784303465.639280,ADAPTIVE,TRACKING,400,23.613528,48.777121,0.019681,-0.022693,4.989666,0.000000,0.000000,5.000000,0.031767,0
1784303465.689256,ADAPTIVE,TRACKING,400,25.599192,41.652821,0.021132,-0.018675,4.991937,0.000000,0.000000,5.000000,0.029332,0
1784303465.739280,ADAPTIVE,TRACKING,400,23.425864,47.661383,0.021571,-0.016381,4.993087,0.000000,0.000000,5.000000,0.027954,0
1784303465.789254,ADAPTIVE,TRACKING,400,26.637187,42.720067,0.022896,-0.010766,4.995753,0.000000,0.000000,5.000000,0.025655,0
1784303465.839274,ADAPTIVE,TRACKING,400,24.861449,48.093817,0.023818,-0.007123,4.997390,0.000000,0.000000,5.000000,0.024997,0
1784303465.889248,ADAPTIVE,TRACKING,400,25.013141,40.733214,0.025426,0.000084,5.000147,0.000000,0.000000,5.000000,0.025427,0
1784303465.939280,ADAPTIVE,TRACKING,400,24.371728,49.223089,0.026116,0.001268,5.000622,0.000000,0.000000,5.000000,0.026155,0
1784303465.989239,ADAPTIVE,TRACKING,400,24.030509,39.977882,0.026829,0.003796,5.004360,0.000000,0.000000,5.000000,0.027445,0
1784303466.039284,ADAPTIVE,TRACKING,400,23.369979,49.156104,0.027177,0.005357,5.005604,0.000000,0.000000,5.000000,0.028261,0
1784303466.089248,ADAPTIVE,TRACKING,400,23.575567,39.589409,0.029246,0.009866,5.003078,0.000000,0.000000,5.000000,0.031018,0
1784303466.139274,ADAPTIVE,TRACKING,400,22.970512,49.165077,0.029568,0.011812,5.002514,0.000000,0.000000,5.000000,0.031939,0
1784303466.189250,ADAPTIVE,TRACKING,400,24.739860,40.628811,0.027873,0.019056,4.996209,0.000000,0.000000,5.000000,0.033977,0
1784303466.239288,ADAPTIVE,TRACKING,400,24.387275,49.541627,0.026411,0.022864,4.992549,0.000000,0.000000,5.000000,0.035719,0
1784303466.289248,ADAPTIVE,TRACKING,400,23.239780,39.231894,0.021459,0.026603,4.987452,0.000000,0.000000,5.000000,0.036409,0
1784303466.339282,ADAPTIVE,TRACKING,400,23.498421,50.174388,0.018721,0.026228,4.985026,0.000000,0.000000,5.000000,0.035533,0
1784303466.389244,ADAPTIVE,TRACKING,400,23.597150,39.338069,0.013556,0.026106,4.980025,0.000000,0.000000,5.000000,0.035557,0
1784303466.439278,ADAPTIVE,TRACKING,400,23.491064,49.723193,0.013290,0.025612,4.979058,0.000000,0.000000,5.000000,0.035654,0
1784303466.489248,ADAPTIVE,TRACKING,400,23.601851,39.405483,0.012405,0.024923,4.978902,0.000000,0.000000,5.000000,0.034930,0
1784303466.539277,ADAPTIVE,TRACKING,400,24.151960,50.390490,0.012270,0.025303,4.979792,0.000000,0.000000,5.000000,0.034629,0
1784303466.589234,ADAPTIVE,TRACKING,400,23.770202,39.804796,0.012398,0.026714,4.982383,0.000000,0.000000,5.000000,0.034318,0
1784303466.639276,ADAPTIVE,TRACKING,400,24.179899,50.278493,0.012338,0.027125,4.983598,0.000000,0.000000,5.000000,0.034015,0
1784303466.689260,ADAPTIVE,TRACKING,400,33.741694,49.738941,0.009135,0.024907,4.986426,0.000000,0.000000,5.000000,0.029800,0
1784303466.739277,ADAPTIVE,TRACKING,400,23.513758,39.637051,0.007336,0.023598,4.988041,0.000000,0.000000,5.000000,0.027453,0
1784303466.789269,ADAPTIVE,TRACKING,400,27.741441,43.377886,0.003688,0.020938,4.995768,0.000000,0.000000,5.000000,0.021677,0
1784303466.839301,ADAPTIVE,TRACKING,400,23.173913,45.297796,0.001804,0.019606,5.000619,0.000000,0.000000,5.000000,0.019699,0
1784303466.889273,ADAPTIVE,TRACKING,400,25.911998,41.591126,-0.001637,0.016044,5.009446,0.000000,0.000000,5.000000,0.018690,0
1784303466.939313,ADAPTIVE,TRACKING,400,23.789350,47.791418,-0.001476,0.012267,5.011885,0.000000,0.000000,5.000000,0.017144,0
1784303466.989264,ADAPTIVE,TRACKING,400,24.746029,40.489845,-0.001536,0.005219,5.015905,0.000000,0.000000,5.000000,0.016810,0
1784303467.039309,ADAPTIVE,TRACKING,400,23.606816,48.776307,-0.001893,0.001220,5.016643,0.000000,0.000000,5.000000,0.016795,0
1784303467.089260,ADAPTIVE,TRACKING,400,24.611175,40.519061,-0.003686,-0.011391,5.010984,0.000000,0.000000,5.000000,0.016248,0
1784303467.139301,ADAPTIVE,TRACKING,400,23.266835,48.565046,-0.004575,-0.016218,5.009131,0.000000,0.000000,5.000000,0.019166,0
1784303467.189251,ADAPTIVE,TRACKING,400,24.500297,40.249395,-0.008680,-0.025976,5.005406,0.000000,0.000000,5.000000,0.027916,0
1784303467.239311,ADAPTIVE,TRACKING,400,24.675235,50.098757,-0.010985,-0.030469,5.003567,0.000000,0.000000,5.000000,0.032585,0
1784303467.289264,ADAPTIVE,TRACKING,400,24.313008,40.026725,-0.016448,-0.041293,4.996492,0.000000,0.000000,5.000000,0.044586,0
1784303467.339318,ADAPTIVE,TRACKING,400,25.128332,50.746418,-0.019056,-0.046527,4.992429,0.000000,0.000000,5.000000,0.050845,0
1784303467.389261,ADAPTIVE,TRACKING,400,23.553458,39.443116,-0.023994,-0.055590,4.985805,0.000000,0.000000,5.000000,0.062188,0
1784303467.439303,ADAPTIVE,TRACKING,400,23.082765,49.431990,-0.025377,-0.058596,4.983954,0.000000,0.000000,5.000000,0.065840,0
1784303467.489269,ADAPTIVE,TRACKING,400,24.958308,40.845355,-0.028706,-0.064014,4.982113,0.000000,0.000000,5.000000,0.072401,0
1784303467.539289,ADAPTIVE,TRACKING,400,24.006990,48.944355,-0.031655,-0.067270,4.978665,0.000000,0.000000,5.000000,0.077347,0
1784303467.589260,ADAPTIVE,TRACKING,400,24.177811,40.060253,-0.039839,-0.074940,4.968704,0.000000,0.000000,5.000000,0.090458,0
1784303467.639297,ADAPTIVE,TRACKING,400,23.753125,49.521745,-0.043565,-0.077869,4.964771,0.000000,0.000000,5.000000,0.095930,0
1784303467.689258,ADAPTIVE,TRACKING,400,24.004234,39.812660,-0.052071,-0.082594,4.958704,0.000000,0.000000,5.000000,0.106012,0
1784303467.739307,ADAPTIVE,TRACKING,400,23.225087,49.118866,-0.055311,-0.083822,4.958261,0.000000,0.000000,5.000000,0.108755,0
1784303467.789262,ADAPTIVE,TRACKING,400,23.873197,39.720671,-0.059022,-0.085226,4.960343,0.000000,0.000000,5.000000,0.110994,0
1784303467.839281,ADAPTIVE,TRACKING,400,23.969898,49.897586,-0.059170,-0.085773,4.962657,0.000000,0.000000,5.000000,0.110692,0
1784303467.889250,ADAPTIVE,TRACKING,400,24.634674,40.449525,-0.057771,-0.084817,4.971146,0.000000,0.000000,5.000000,0.106602,0
1784303467.939250,ADAPTIVE,TRACKING,400,23.827077,49.053851,-0.055213,-0.081542,4.974553,0.000000,0.000000,5.000000,0.101710,0
1784303467.989236,ADAPTIVE,TRACKING,400,24.367881,40.406752,-0.050028,-0.074641,4.981932,0.000000,0.000000,5.000000,0.091655,0
1784303468.039253,ADAPTIVE,TRACKING,400,24.953841,50.444989,-0.046995,-0.071531,4.984862,0.000000,0.000000,5.000000,0.086917,0
1784303468.089249,ADAPTIVE,TRACKING,400,23.112340,38.903195,-0.037116,-0.066949,4.989255,0.000000,0.000000,5.000000,0.077300,0
1784303468.139257,ADAPTIVE,TRACKING,400,25.643324,52.382699,-0.032962,-0.064170,4.990623,0.000000,0.000000,5.000000,0.072748,0
1784303468.189273,ADAPTIVE,TRACKING,400,24.196519,40.041333,-0.025286,-0.057347,4.995287,0.000000,0.000000,5.000000,0.062851,0
1784303468.239292,ADAPTIVE,TRACKING,400,23.501370,49.213511,-0.021578,-0.053543,4.999213,0.000000,0.000000,5.000000,0.057733,0
1784303468.289255,ADAPTIVE,TRACKING,400,23.507671,39.350352,-0.012331,-0.042450,5.006465,0.000000,0.000000,5.000000,0.044675,0
1784303468.339284,ADAPTIVE,TRACKING,400,23.821528,50.200629,-0.007715,-0.036347,5.008147,0.000000,0.000000,5.000000,0.038040,0
1784303468.389259,ADAPTIVE,TRACKING,400,24.003065,39.989170,0.001032,-0.024218,5.012042,0.000000,0.000000,5.000000,0.027067,0
1784303468.439304,ADAPTIVE,TRACKING,400,23.543445,49.467616,0.005942,-0.018348,5.014375,0.000000,0.000000,5.000000,0.024054,0
1784303468.489261,ADAPTIVE,TRACKING,400,22.920587,38.752137,0.016183,-0.005104,5.016519,0.000000,0.000000,5.000000,0.023682,0
1784303468.539283,ADAPTIVE,TRACKING,400,24.071182,51.050538,0.020011,0.001798,5.015496,0.000000,0.000000,5.000000,0.025374,0
1784303468.589262,ADAPTIVE,TRACKING,400,24.770148,40.695405,0.026385,0.016875,5.012248,0.000000,0.000000,5.000000,0.033630,0
1784303468.639282,ADAPTIVE,TRACKING,400,24.999572,50.122285,0.029331,0.023827,5.011000,0.000000,0.000000,5.000000,0.039358,0
1784303468.689290,ADAPTIVE,TRACKING,400,23.773909,39.741594,0.035291,0.036865,5.008255,0.000000,0.000000,5.000000,0.051698,0
1784303468.739289,ADAPTIVE,TRACKING,400,24.237042,50.328152,0.037608,0.042114,5.006618,0.000000,0.000000,5.000000,0.056848,0
1784303468.789279,ADAPTIVE,TRACKING,400,23.413033,39.383136,0.041223,0.052826,5.005569,0.000000,0.000000,5.000000,0.067238,0
1784303468.839302,ADAPTIVE,TRACKING,400,23.347261,49.856225,0.042429,0.058522,5.005301,0.000000,0.000000,5.000000,0.072478,0
1784303468.889255,ADAPTIVE,TRACKING,400,25.121433,41.119258,0.044235,0.069392,5.008701,0.000000,0.000000,5.000000,0.082751,0
1784303468.939256,ADAPTIVE,TRACKING,400,23.807467,48.574947,0.045118,0.073241,5.010733,0.000000,0.000000,5.000000,0.086689,0
1784303468.989246,ADAPTIVE,TRACKING,400,25.150800,41.096158,0.045971,0.079991,5.012736,0.000000,0.000000,5.000000,0.093135,0
1784303469.039254,ADAPTIVE,TRACKING,400,24.686477,49.417403,0.045447,0.082201,5.012374,0.000000,0.000000,5.000000,0.094739,0
1784303469.089253,ADAPTIVE,TRACKING,400,24.848702,40.638734,0.040100,0.081213,5.009797,0.000000,0.000000,5.000000,0.091102,0
1784303469.139256,ADAPTIVE,TRACKING,400,25.996265,51.046155,0.037612,0.080646,5.008440,0.000000,0.000000,5.000000,0.089385,0
1784303469.189250,ADAPTIVE,TRACKING,400,24.229055,39.999476,0.030787,0.079588,5.006006,0.000000,0.000000,5.000000,0.085546,0
1784303469.239281,ADAPTIVE,TRACKING,400,24.708182,50.319514,0.027099,0.078722,5.005536,0.000000,0.000000,5.000000,0.083439,0
1784303469.289247,ADAPTIVE,TRACKING,400,24.366351,40.225740,0.018738,0.076171,5.004947,0.000000,0.000000,5.000000,0.078598,0
1784303469.339284,ADAPTIVE,TRACKING,400,24.382613,49.932236,0.014991,0.074780,5.003942,0.000000,0.000000,5.000000,0.076369,0
1784303469.389261,ADAPTIVE,TRACKING,400,26.623615,42.343109,0.007713,0.071109,5.002256,0.000000,0.000000,5.000000,0.071562,0
1784303469.439252,ADAPTIVE,TRACKING,400,24.343174,47.550570,0.004511,0.068890,5.003127,0.000000,0.000000,5.000000,0.069108,0
1784303469.489245,ADAPTIVE,TRACKING,400,27.111378,43.059332,-0.002614,0.063322,5.007129,0.000000,0.000000,5.000000,0.063776,0
1784303469.539280,ADAPTIVE,TRACKING,400,23.012698,45.781009,-0.006160,0.058771,5.011374,0.000000,0.000000,5.000000,0.060177,0
1784303469.589257,ADAPTIVE,TRACKING,400,24.768651,40.756849,-0.013656,0.046322,5.019955,0.000000,0.000000,5.000000,0.052253,0
1784303469.639284,ADAPTIVE,TRACKING,400,24.039492,49.156468,-0.017081,0.040263,5.023224,0.000000,0.000000,5.000000,0.049520,0
1784303469.689248,ADAPTIVE,TRACKING,400,24.699380,40.595992,-0.023764,0.022386,5.030673,0.000000,0.000000,5.000000,0.044797,0
1784303469.739281,ADAPTIVE,TRACKING,400,23.736118,48.863454,-0.026336,0.014429,5.033895,0.000000,0.000000,5.000000,0.045284,0
1784303469.789279,ADAPTIVE,TRACKING,400,23.442936,39.502521,-0.029720,-0.000937,5.039277,0.000000,0.000000,5.000000,0.049263,0
1784303469.839282,ADAPTIVE,TRACKING,400,23.360570,49.813196,-0.030241,-0.008494,5.041795,0.000000,0.000000,5.000000,0.052283,0
1784303469.889252,ADAPTIVE,TRACKING,400,29.002760,44.942203,-0.030524,-0.024186,5.046750,0.000000,0.000000,5.000000,0.060846,0
1784303469.939284,ADAPTIVE,TRACKING,400,23.089837,43.965572,-0.029022,-0.031392,5.047689,0.000000,0.000000,5.000000,0.064047,0
1784303469.989232,ADAPTIVE,TRACKING,400,28.643553,44.636397,-0.026063,-0.044361,5.044274,0.000000,0.000000,5.000000,0.067878,0
1784303470.039291,ADAPTIVE,TRACKING,400,23.493676,44.767792,-0.024036,-0.049936,5.042800,0.000000,0.000000,5.000000,0.070023,0
1784303470.089281,ADAPTIVE,TRACKING,400,29.959912,46.085035,-0.016905,-0.059547,5.036155,0.000000,0.000000,5.000000,0.071685,0
1784303470.139280,ADAPTIVE,TRACKING,400,25.522509,45.414714,-0.013801,-0.063308,5.032463,0.000000,0.000000,5.000000,0.072472,0
1784303470.189243,ADAPTIVE,TRACKING,400,24.001941,39.915595,-0.007173,-0.067290,5.024476,0.000000,0.000000,5.000000,0.071962,0
1784303470.239280,ADAPTIVE,TRACKING,400,23.494958,49.349839,-0.003918,-0.068649,5.020591,0.000000,0.000000,5.000000,0.071778,0
1784303470.289241,ADAPTIVE,TRACKING,400,23.767409,39.677621,0.004096,-0.071768,5.009500,0.000000,0.000000,5.000000,0.072510,0
1784303470.339277,ADAPTIVE,TRACKING,400,23.897955,49.985070,0.007983,-0.073223,5.003528,0.000000,0.000000,5.000000,0.073741,0
1784303470.389244,ADAPTIVE,TRACKING,400,24.893487,40.680509,0.015124,-0.075078,4.994226,0.000000,0.000000,5.000000,0.076804,0
1784303470.439373,ADAPTIVE,TRACKING,400,24.053243,49.152424,0.017672,-0.075107,4.994776,0.000000,0.000000,5.000000,0.077335,0
1784303470.489254,ADAPTIVE,TRACKING,400,26.205411,42.042995,0.023091,-0.074123,4.995499,0.000000,0.000000,5.000000,0.077767,0
1784303470.539282,ADAPTIVE,TRACKING,400,24.132482,47.801620,0.025817,-0.073435,4.996169,0.000000,0.000000,5.000000,0.077935,0
1784303470.589245,ADAPTIVE,TRACKING,400,25.121119,41.086880,0.031730,-0.071459,4.998988,0.000000,0.000000,5.000000,0.078193,0
1784303470.639281,ADAPTIVE,TRACKING,400,25.121448,49.878044,0.034356,-0.070008,5.000356,0.000000,0.000000,5.000000,0.077985,0
1784303470.689249,ADAPTIVE,TRACKING,400,23.231650,38.920477,0.038238,-0.066918,4.997339,0.000000,0.000000,5.000000,0.077119,0
1784303470.739278,ADAPTIVE,TRACKING,400,22.809403,49.371791,0.039383,-0.065086,4.996616,0.000000,0.000000,5.000000,0.076149,0
1784303470.789259,ADAPTIVE,TRACKING,400,24.696657,40.538075,0.039690,-0.059448,4.994438,0.000000,0.000000,5.000000,0.071696,0
1784303470.839278,ADAPTIVE,TRACKING,400,24.500535,49.662756,0.038596,-0.055427,4.993893,0.000000,0.000000,5.000000,0.067817,0
1784303470.889258,ADAPTIVE,TRACKING,400,30.970520,46.720688,0.036452,-0.045935,4.993812,0.000000,0.000000,5.000000,0.058967,0
1784303470.939280,ADAPTIVE,TRACKING,400,31.807189,50.693194,0.036658,-0.041798,4.995700,0.000000,0.000000,5.000000,0.055762,0
1784303470.989261,ADAPTIVE,TRACKING,400,32.817985,48.864477,0.036372,-0.033378,4.998778,0.000000,0.000000,5.000000,0.049382,0
1784303471.039289,ADAPTIVE,TRACKING,376,30.377014,47.441300,0.035947,-0.029583,5.001122,0.000000,0.000000,5.000000,0.046568,0
1784303471.089256,ADAPTIVE,TRACKING,371,23.128077,39.058002,0.034324,-0.023721,5.007281,0.000000,0.000000,5.000000,0.042354,0
1784303471.139304,ADAPTIVE,TRACKING,399,30.889153,57.682737,0.033380,-0.020699,5.009232,0.000000,0.000000,5.000000,0.040347,0
1784303471.189280,ADAPTIVE,TRACKING,400,31.527137,47.566517,0.031943,-0.011326,5.009835,0.000000,0.000000,5.000000,0.035290,0
1784303471.239248,ADAPTIVE,TRACKING,400,23.552650,41.805431,0.031137,-0.006172,5.009809,0.000000,0.000000,5.000000,0.033224,0
1784303471.289259,ADAPTIVE,TRACKING,400,36.927006,52.786260,0.027775,0.004346,5.013033,0.000000,0.000000,5.000000,0.030987,0
1784303471.339292,ADAPTIVE,TRACKING,391,28.007094,40.901082,0.025608,0.008499,5.015600,0.000000,0.000000,5.000000,0.031167,0
1784303471.389257,ADAPTIVE,TRACKING,400,24.479857,40.245400,0.021480,0.016916,5.020012,0.000000,0.000000,5.000000,0.033883,0
1784303471.439289,ADAPTIVE,TRACKING,399,24.090838,49.531371,0.017819,0.019598,5.022091,0.000000,0.000000,5.000000,0.034491,0
1784303471.489255,ADAPTIVE,TRACKING,400,26.388574,42.380219,0.010203,0.025924,5.026252,0.000000,0.000000,5.000000,0.038279,0
1784303471.539290,ADAPTIVE,TRACKING,400,25.501647,49.037918,0.007303,0.026838,5.027442,0.000000,0.000000,5.000000,0.039072,0
1784303471.589261,ADAPTIVE,TRACKING,400,30.307445,46.211541,0.002111,0.025446,5.032574,0.000000,0.000000,5.000000,0.041388,0
1784303471.639293,ADAPTIVE,TRACKING,400,28.142854,47.700608,-0.000594,0.025095,5.033583,0.000000,0.000000,5.000000,0.041928,0
1784303471.689273,ADAPTIVE,TRACKING,400,30.719249,46.403152,-0.006504,0.023176,5.034214,0.000000,0.000000,5.000000,0.041833,0
1784303471.739307,ADAPTIVE,TRACKING,400,26.512911,45.570747,-0.009087,0.022394,5.034544,0.000000,0.000000,5.000000,0.042158,0
1784303471.789261,ADAPTIVE,TRACKING,400,25.838205,41.718265,-0.012500,0.020163,5.034868,0.000000,0.000000,5.000000,0.042173,0
1784303471.839284,ADAPTIVE,TRACKING,400,24.649160,48.696360,-0.012863,0.018313,5.034462,0.000000,0.000000,5.000000,0.041091,0
1784303471.889261,ADAPTIVE,TRACKING,400,26.106404,42.004941,-0.014139,0.014380,5.034206,0.000000,0.000000,5.000000,0.039709,0
1784303471.939298,ADAPTIVE,TRACKING,400,23.321331,47.130839,-0.015227,0.012069,5.032584,0.000000,0.000000,5.000000,0.037937,0
1784303471.989255,ADAPTIVE,TRACKING,400,25.064884,40.924279,-0.017297,0.007790,5.026440,0.000000,0.000000,5.000000,0.032541,0
1784303472.039304,ADAPTIVE,TRACKING,400,27.003416,51.881073,-0.018410,0.006038,5.021807,0.000000,0.000000,5.000000,0.029170,0
1784303472.089274,ADAPTIVE,TRACKING,400,26.928153,42.771738,-0.021235,0.003492,5.009276,0.000000,0.000000,5.000000,0.023434,0
1784303472.139285,ADAPTIVE,TRACKING,400,23.852273,46.799329,-0.022202,0.002298,5.005421,0.000000,0.000000,5.000000,0.022969,0
1784303472.189258,ADAPTIVE,TRACKING,400,24.405864,40.307835,-0.024681,-0.002710,5.002447,0.000000,0.000000,5.000000,0.024950,0
1784303472.239280,ADAPTIVE,TRACKING,400,23.110665,48.616831,-0.025811,-0.005447,5.002122,0.000000,0.000000,5.000000,0.026464,0
1784303472.289256,ADAPTIVE,TRACKING,400,24.073161,40.034030,-0.028969,-0.010694,5.000166,0.000000,0.000000,5.000000,0.030880,0
1784303472.339286,ADAPTIVE,TRACKING,400,24.336852,50.195814,-0.030799,-0.012784,4.998778,0.000000,0.000000,5.000000,0.033369,0
1784303472.389258,ADAPTIVE,TRACKING,400,24.976031,40.702496,-0.034341,-0.016487,4.996751,0.000000,0.000000,5.000000,0.038232,0
1784303472.439281,ADAPTIVE,TRACKING,400,23.978339,48.899181,-0.033788,-0.019410,4.996943,0.000000,0.000000,5.000000,0.039087,0
1784303472.489259,ADAPTIVE,TRACKING,400,25.024274,40.962663,-0.032612,-0.025441,4.999560,0.000000,0.000000,5.000000,0.041364,0
1784303472.539289,ADAPTIVE,TRACKING,400,23.273150,48.158298,-0.031304,-0.027758,5.001059,0.000000,0.000000,5.000000,0.041852,0
1784303472.589262,ADAPTIVE,TRACKING,400,24.311225,40.196542,-0.027279,-0.031404,5.004405,0.000000,0.000000,5.000000,0.041830,0
1784303472.639292,ADAPTIVE,TRACKING,400,24.646104,50.272659,-0.025316,-0.032694,5.006626,0.000000,0.000000,5.000000,0.041877,0
1784303472.689258,ADAPTIVE,TRACKING,400,23.537824,39.429957,-0.019998,-0.034901,5.006313,0.000000,0.000000,5.000000,0.040717,0
1784303472.739255,ADAPTIVE,TRACKING,400,23.747154,50.023533,-0.017773,-0.035621,5.005602,0.000000,0.000000,5.000000,0.040201,0
1784303472.789264,ADAPTIVE,TRACKING,400,23.252863,39.177710,-0.013972,-0.036412,5.004416,0.000000,0.000000,5.000000,0.039250,0
1784303472.839283,ADAPTIVE,TRACKING,400,23.877057,50.534752,-0.012396,-0.036318,5.003316,0.000000,0.000000,5.000000,0.038518,0
1784303472.889256,ADAPTIVE,TRACKING,400,25.614219,41.547837,-0.008514,-0.036198,5.000708,0.000000,0.000000,5.000000,0.037193,0
1784303472.939287,ADAPTIVE,TRACKING,400,23.174226,47.471941,-0.005605,-0.038008,4.998335,0.000000,0.000000,5.000000,0.038455,0
1784303472.989260,ADAPTIVE,TRACKING,400,24.455794,40.360755,-0.000309,-0.040384,4.993465,0.000000,0.000000,5.000000,0.040911,0
1784303473.039302,ADAPTIVE,TRACKING,400,23.054978,48.506908,0.002269,-0.040586,4.990480,0.000000,0.000000,5.000000,0.041749,0
1784303473.089264,ADAPTIVE,TRACKING,400,24.191492,39.997189,0.008453,-0.037683,4.979402,0.000000,0.000000,5.000000,0.043769,0
1784303473.139289,ADAPTIVE,TRACKING,400,23.095774,48.821307,0.010766,-0.035968,4.975329,0.000000,0.000000,5.000000,0.044925,0
1784303473.189263,ADAPTIVE,TRACKING,400,25.033770,40.895798,0.013011,-0.031127,4.968451,0.000000,0.000000,5.000000,0.046190,0
1784303473.239283,ADAPTIVE,TRACKING,400,23.925650,48.809219,0.013685,-0.028440,4.965788,0.000000,0.000000,5.000000,0.046546,0
1784303473.289250,ADAPTIVE,TRACKING,400,24.019850,39.996941,0.014695,-0.023529,4.964037,0.000000,0.000000,5.000000,0.045419,0
1784303473.339281,ADAPTIVE,TRACKING,400,26.036534,51.939182,0.014859,-0.021961,4.965144,0.000000,0.000000,5.000000,0.043795,0
1784303473.389264,ADAPTIVE,TRACKING,400,24.010878,39.901744,0.015130,-0.018668,4.968633,0.000000,0.000000,5.000000,0.039513,0
1784303473.439279,ADAPTIVE,TRACKING,400,23.751128,49.648121,0.014284,-0.016266,4.972252,0.000000,0.000000,5.000000,0.035194,0
1784303473.489269,ADAPTIVE,TRACKING,400,27.232317,43.174136,0.012286,-0.010431,4.977491,0.000000,0.000000,5.000000,0.027684,0
1784303473.539285,ADAPTIVE,TRACKING,400,32.134236,54.713466,0.011848,-0.008507,4.980294,0.000000,0.000000,5.000000,0.024517,0
1784303473.589291,ADAPTIVE,TRACKING,400,28.535774,44.522932,0.011815,-0.005639,4.986338,0.000000,0.000000,5.000000,0.018922,0
1784303473.639354,ADAPTIVE,TRACKING,400,23.045306,44.400761,0.011791,-0.004071,4.989265,0.000000,0.000000,5.000000,0.016458,0
1784303473.689253,ADAPTIVE,TRACKING,400,23.418044,39.343384,0.011251,0.001674,4.992092,0.000000,0.000000,5.000000,0.013854,0
1784303473.739306,ADAPTIVE,TRACKING,400,24.830929,51.325627,0.010995,0.004293,4.993059,0.000000,0.000000,5.000000,0.013693,0
1784303473.789271,ADAPTIVE,TRACKING,400,24.703981,40.652940,0.011118,0.009129,4.995322,0.000000,0.000000,5.000000,0.015127,0
1784303473.839288,ADAPTIVE,TRACKING,400,28.739087,53.940152,0.011591,0.011380,4.996207,0.000000,0.000000,5.000000,0.016680,0
1784303473.889254,ADAPTIVE,TRACKING,400,24.768525,40.743307,0.012201,0.016125,4.995615,0.000000,0.000000,5.000000,0.020691,0
1784303473.939283,ADAPTIVE,TRACKING,400,22.645301,47.789896,0.011300,0.017029,4.994417,0.000000,0.000000,5.000000,0.021186,0
1784303473.989262,ADAPTIVE,TRACKING,400,24.079839,39.795086,0.010094,0.019227,4.992653,0.000000,0.000000,5.000000,0.022925,0
1784303474.039286,ADAPTIVE,TRACKING,400,23.784334,49.631640,0.009486,0.020634,4.993613,0.000000,0.000000,5.000000,0.023591,0
1784303474.089256,ADAPTIVE,TRACKING,400,25.243437,41.178596,0.006451,0.025149,4.996138,0.000000,0.000000,5.000000,0.026249,0
1784303474.139288,ADAPTIVE,TRACKING,400,26.271950,50.898813,0.005247,0.026991,4.998100,0.000000,0.000000,5.000000,0.027561,0
1784303474.189276,ADAPTIVE,TRACKING,400,24.762762,40.776515,0.002726,0.030944,4.998698,0.000000,0.000000,5.000000,0.031091,0
1784303474.239285,ADAPTIVE,TRACKING,400,24.332044,49.463563,0.001444,0.032720,4.998049,0.000000,0.000000,5.000000,0.032810,0
1784303474.289255,ADAPTIVE,TRACKING,400,25.576037,41.541093,-0.002815,0.035472,4.998170,0.000000,0.000000,5.000000,0.035631,0
1784303474.339288,ADAPTIVE,TRACKING,400,25.003933,49.333159,-0.005364,0.036256,4.997351,0.000000,0.000000,5.000000,0.036746,0
1784303474.389253,ADAPTIVE,TRACKING,400,24.795511,40.697765,-0.010181,0.037627,4.993542,0.000000,0.000000,5.000000,0.039511,0
1784303474.439283,ADAPTIVE,TRACKING,400,24.081252,49.211126,-0.012018,0.037301,4.990300,0.000000,0.000000,5.000000,0.040372,0
1784303474.489252,ADAPTIVE,TRACKING,400,25.245853,41.226633,-0.015445,0.036149,4.985681,0.000000,0.000000,5.000000,0.041837,0
1784303474.539283,ADAPTIVE,TRACKING,400,24.712492,49.377385,-0.017352,0.036940,4.984683,0.000000,0.000000,5.000000,0.043593,0
1784303474.589253,ADAPTIVE,TRACKING,400,24.332022,40.223849,-0.021778,0.040302,4.985021,0.000000,0.000000,5.000000,0.048196,0
1784303474.639282,ADAPTIVE,TRACKING,400,23.514673,49.103904,-0.023598,0.041309,4.985267,0.000000,0.000000,5.000000,0.049803,0
1784303474.689252,ADAPTIVE,TRACKING,400,24.160137,40.048718,-0.028349,0.038456,4.992061,0.000000,0.000000,5.000000,0.048431,0
1784303474.739298,ADAPTIVE,TRACKING,400,24.048256,49.791672,-0.030274,0.036511,4.996019,0.000000,0.000000,5.000000,0.047597,0
1784303474.789268,ADAPTIVE,TRACKING,400,25.616857,41.521454,-0.032866,0.031375,5.000480,0.000000,0.000000,5.000000,0.045440,0
1784303474.839297,ADAPTIVE,TRACKING,400,24.121498,48.404917,-0.033354,0.027851,5.001890,0.000000,0.000000,5.000000,0.043494,0
1784303474.889254,ADAPTIVE,TRACKING,400,24.566130,40.355860,-0.034220,0.020164,5.004444,0.000000,0.000000,5.000000,0.039967,0
1784303474.939313,ADAPTIVE,TRACKING,400,24.150326,49.510198,-0.035469,0.017201,5.003924,0.000000,0.000000,5.000000,0.039615,0
1784303474.989251,ADAPTIVE,TRACKING,400,24.111910,40.004385,-0.036987,0.011181,5.002587,0.000000,0.000000,5.000000,0.038726,0
1784303475.039308,ADAPTIVE,TRACKING,400,24.578857,50.414914,-0.037251,0.008295,5.002787,0.000000,0.000000,5.000000,0.038265,0
1784303475.089257,ADAPTIVE,TRACKING,400,27.135145,43.068098,-0.036986,0.002729,5.003877,0.000000,0.000000,5.000000,0.037288,0
1784303475.139293,ADAPTIVE,TRACKING,400,23.443892,46.184610,-0.036654,0.000298,5.004008,0.000000,0.000000,5.000000,0.036874,0
1784303475.189253,ADAPTIVE,TRACKING,400,23.859050,39.848612,-0.035781,-0.002882,5.000644,0.000000,0.000000,5.000000,0.035902,0
1784303475.239314,ADAPTIVE,TRACKING,400,25.174199,51.273044,-0.035259,-0.004193,4.997490,0.000000,0.000000,5.000000,0.035596,0
1784303475.289254,ADAPTIVE,TRACKING,400,23.129529,39.014330,-0.035283,-0.006392,4.992841,0.000000,0.000000,5.000000,0.036565,0
1784303475.339287,ADAPTIVE,TRACKING,400,23.787566,50.588279,-0.035854,-0.006789,4.990780,0.000000,0.000000,5.000000,0.037638,0
1784303475.389272,ADAPTIVE,TRACKING,400,25.804494,41.689753,-0.036075,-0.007216,4.989075,0.000000,0.000000,5.000000,0.038377,0
1784303475.439284,ADAPTIVE,TRACKING,400,25.281429,49.378211,-0.036815,-0.008562,4.989030,0.000000,0.000000,5.000000,0.039357,0
1784303475.489267,ADAPTIVE,TRACKING,400,25.731244,41.554875,-0.037476,-0.011307,4.989614,0.000000,0.000000,5.000000,0.040499,0
1784303475.539288,ADAPTIVE,TRACKING,400,23.976116,48.136448,-0.037372,-0.010628,4.990738,0.000000,0.000000,5.000000,0.039942,0
1784303475.589260,ADAPTIVE,TRACKING,400,24.408832,40.343338,-0.036605,-0.006311,4.992783,0.000000,0.000000,5.000000,0.037840,0
1784303475.639284,ADAPTIVE,TRACKING,400,24.761481,50.275283,-0.035982,-0.004589,4.993490,0.000000,0.000000,5.000000,0.036853,0
1784303475.689263,ADAPTIVE,TRACKING,400,24.529194,40.301515,-0.036151,-0.003098,4.999054,0.000000,0.000000,5.000000,0.036296,0
1784303475.739271,ADAPTIVE,TRACKING,400,25.472295,50.808703,-0.036126,-0.002784,5.001465,0.000000,0.000000,5.000000,0.036262,0
1784303475.789264,ADAPTIVE,TRACKING,400,26.209395,42.174839,-0.033619,-0.003030,5.007880,0.000000,0.000000,5.000000,0.034663,0
1784303475.839281,ADAPTIVE,TRACKING,400,26.558923,50.259365,-0.030795,-0.003765,5.011328,0.000000,0.000000,5.000000,0.033028,0
1784303475.889261,ADAPTIVE,TRACKING,400,26.244508,42.168444,-0.024862,-0.005217,5.017117,0.000000,0.000000,5.000000,0.030632,0
1784303475.939259,ADAPTIVE,TRACKING,400,27.916883,51.539979,-0.023458,-0.006405,5.020548,0.000000,0.000000,5.000000,0.031835,0
1784303475.989253,ADAPTIVE,TRACKING,400,24.982246,40.935405,-0.020340,-0.008468,5.027582,0.000000,0.000000,5.000000,0.035301,0
1784303476.039305,ADAPTIVE,TRACKING,400,23.132762,48.076803,-0.018441,-0.008873,5.030888,0.000000,0.000000,5.000000,0.037052,0
1784303476.089257,ADAPTIVE,TRACKING,400,27.316151,43.218289,-0.012383,-0.006846,5.032603,0.000000,0.000000,5.000000,0.035541,0
1784303476.139287,ADAPTIVE,TRACKING,400,23.226741,45.826308,-0.009683,-0.006018,5.031776,0.000000,0.000000,5.000000,0.033760,0
1784303476.189259,ADAPTIVE,TRACKING,400,22.950513,38.773216,-0.004897,-0.004762,5.030597,0.000000,0.000000,5.000000,0.031350,0
1784303476.239285,ADAPTIVE,TRACKING,400,24.192023,51.141086,-0.002490,-0.004199,5.031140,0.000000,0.000000,5.000000,0.031520,0
1784303476.289247,ADAPTIVE,TRACKING,400,23.822188,39.917205,0.003256,-0.004191,5.033228,0.000000,0.000000,5.000000,0.033650,0
1784303476.339293,ADAPTIVE,TRACKING,400,25.386647,51.515109,0.005879,-0.004722,5.034727,0.000000,0.000000,5.000000,0.035536,0
1784303476.389263,ADAPTIVE,TRACKING,400,25.921649,41.871104,0.011289,-0.005188,5.036869,0.000000,0.000000,5.000000,0.038906,0
1784303476.439283,ADAPTIVE,TRACKING,400,23.374843,47.336527,0.015290,-0.004766,5.035711,0.000000,0.000000,5.000000,0.039138,0
1784303476.489254,ADAPTIVE,TRACKING,400,23.193512,39.009436,0.023282,-0.003378,5.031880,0.000000,0.000000,5.000000,0.039621,0
1784303476.539283,ADAPTIVE,TRACKING,400,23.593198,50.313681,0.025967,-0.002790,5.028409,0.000000,0.000000,5.000000,0.038590,0
1784303476.589264,ADAPTIVE,TRACKING,400,25.900772,41.784492,0.030016,-0.001606,5.021779,0.000000,0.000000,5.000000,0.037120,0
1784303476.639299,ADAPTIVE,TRACKING,400,25.521924,49.510521,0.031820,-0.000938,5.019324,0.000000,0.000000,5.000000,0.037240,0
1784303476.689247,ADAPTIVE,TRACKING,400,23.400255,39.294144,0.032326,0.002949,5.016640,0.000000,0.000000,5.000000,0.036477,0
1784303476.739311,ADAPTIVE,TRACKING,400,23.993211,50.440517,0.032263,0.004950,5.016248,0.000000,0.000000,5.000000,0.036461,0
1784303476.789262,ADAPTIVE,TRACKING,400,23.628083,39.424892,0.032404,0.010253,5.014961,0.000000,0.000000,5.000000,0.037135,0
1784303476.839258,ADAPTIVE,TRACKING,400,25.857847,52.098795,0.032615,0.013927,5.013706,0.000000,0.000000,5.000000,0.038021,0
1784303476.889254,ADAPTIVE,TRACKING,400,24.928607,40.699958,0.032963,0.021731,5.011735,0.000000,0.000000,5.000000,0.041189,0
1784303476.939305,ADAPTIVE,TRACKING,400,24.527763,49.524511,0.032342,0.025340,5.010981,0.000000,0.000000,5.000000,0.042529,0
1784303476.989254,ADAPTIVE,TRACKING,400,24.183823,40.114047,0.030873,0.031957,5.010138,0.000000,0.000000,5.000000,0.045576,0
1784303477.039284,ADAPTIVE,TRACKING,400,24.019905,49.753450,0.029736,0.035155,5.010723,0.000000,0.000000,5.000000,0.047277,0
1784303477.089266,ADAPTIVE,TRACKING,400,25.334379,41.341313,0.025633,0.042877,5.015016,0.000000,0.000000,5.000000,0.052163,0
1784303477.139290,ADAPTIVE,TRACKING,400,24.489261,49.054715,0.023868,0.045768,5.015558,0.000000,0.000000,5.000000,0.053911,0
1784303477.189257,ADAPTIVE,TRACKING,400,26.505313,42.458862,0.020779,0.049154,5.015019,0.000000,0.000000,5.000000,0.055439,0
1784303477.239282,ADAPTIVE,TRACKING,400,23.223805,46.539531,0.019369,0.050293,5.014620,0.000000,0.000000,5.000000,0.055842,0
1784303477.289257,ADAPTIVE,TRACKING,400,25.903666,41.854758,0.015446,0.050589,5.012849,0.000000,0.000000,5.000000,0.054432,0
1784303477.339291,ADAPTIVE,TRACKING,400,23.971951,47.969102,0.013265,0.049866,5.011816,0.000000,0.000000,5.000000,0.052935,0
1784303477.389255,ADAPTIVE,TRACKING,400,23.830643,39.780776,0.008830,0.048419,5.012048,0.000000,0.000000,5.000000,0.050671,0
1784303477.439284,ADAPTIVE,TRACKING,400,23.634351,49.706375,0.004414,0.045809,5.013587,0.000000,0.000000,5.000000,0.047985,0
1784303477.489260,ADAPTIVE,TRACKING,400,24.017830,39.973886,-0.004831,0.040066,5.014479,0.000000,0.000000,5.000000,0.042875,0
1784303477.539284,ADAPTIVE,TRACKING,400,23.492695,49.367778,-0.009080,0.037063,5.016071,0.000000,0.000000,5.000000,0.041405,0
1784303477.589253,ADAPTIVE,TRACKING,400,24.666242,40.605402,-0.017645,0.030576,5.019113,0.000000,0.000000,5.000000,0.040144,0
1784303477.639283,ADAPTIVE,TRACKING,400,23.834393,49.084402,-0.021398,0.027566,5.019279,0.000000,0.000000,5.000000,0.039868,0
1784303477.689251,ADAPTIVE,TRACKING,400,24.115891,39.989041,-0.030723,0.023922,5.021007,0.000000,0.000000,5.000000,0.044243,0
1784303477.739282,ADAPTIVE,TRACKING,400,23.195359,48.964888,-0.034564,0.022596,5.022824,0.000000,0.000000,5.000000,0.047183,0
1784303477.789255,ADAPTIVE,TRACKING,400,24.278207,40.211283,-0.042538,0.019898,5.026465,0.000000,0.000000,5.000000,0.053906,0
1784303477.839288,ADAPTIVE,TRACKING,400,24.337799,49.982049,-0.046931,0.018557,5.027924,0.000000,0.000000,5.000000,0.057677,0
1784303477.889263,ADAPTIVE,TRACKING,400,22.981486,38.892849,-0.055689,0.015395,5.027703,0.000000,0.000000,5.000000,0.064076,0
1784303477.939300,ADAPTIVE,TRACKING,400,23.348383,50.314950,-0.059431,0.014236,5.027111,0.000000,0.000000,5.000000,0.066855,0
1784303477.989259,ADAPTIVE,TRACKING,400,23.346642,39.205558,-0.065952,0.011579,5.025121,0.000000,0.000000,5.000000,0.071517,0
1784303478.039286,ADAPTIVE,TRACKING,400,22.866188,49.424851,-0.069005,0.009886,5.024702,0.000000,0.000000,5.000000,0.073957,0
1784303478.089258,ADAPTIVE,TRACKING,400,23.582061,39.575495,-0.076597,0.004708,5.023748,0.000000,0.000000,5.000000,0.080332,0
1784303478.139289,ADAPTIVE,TRACKING,400,24.608941,50.936742,-0.079259,0.002577,5.023382,0.000000,0.000000,5.000000,0.082676,0
1784303478.189262,ADAPTIVE,TRACKING,400,24.028815,39.917884,-0.084169,-0.004441,5.023904,0.000000,0.000000,5.000000,0.087610,0
1784303478.239282,ADAPTIVE,TRACKING,400,23.131501,49.018237,-0.086193,-0.008320,5.023355,0.000000,0.000000,5.000000,0.089688,0
1784303478.289253,ADAPTIVE,TRACKING,400,23.214461,39.137865,-0.088602,-0.018590,5.020889,0.000000,0.000000,5.000000,0.092910,0
1784303478.339284,ADAPTIVE,TRACKING,400,23.375350,50.084028,-0.088697,-0.023773,5.020022,0.000000,0.000000,5.000000,0.093985,0
1784303478.389256,ADAPTIVE,TRACKING,400,23.156279,39.109935,-0.087891,-0.033337,5.020087,0.000000,0.000000,5.000000,0.096123,0
1784303478.439292,ADAPTIVE,TRACKING,400,23.636515,50.401751,-0.087007,-0.038385,5.023853,0.000000,0.000000,5.000000,0.098044,0
1784303478.489257,ADAPTIVE,TRACKING,400,25.345900,41.199012,-0.083845,-0.048436,5.030571,0.000000,0.000000,5.000000,0.101542,0
1784303478.539289,ADAPTIVE,TRACKING,400,24.053937,48.634811,-0.081738,-0.053262,5.032553,0.000000,0.000000,5.000000,0.102847,0
1784303478.589253,ADAPTIVE,TRACKING,400,24.966672,40.870808,-0.076215,-0.063521,5.033498,0.000000,0.000000,5.000000,0.104718,0
1784303478.639261,ADAPTIVE,TRACKING,400,24.764269,49.687697,-0.073003,-0.068156,5.032873,0.000000,0.000000,5.000000,0.105144,0
1784303478.689259,ADAPTIVE,TRACKING,400,24.328733,40.200871,-0.066745,-0.081444,5.026793,0.000000,0.000000,5.000000,0.108655,0
1784303478.739264,ADAPTIVE,TRACKING,400,25.546837,51.090644,-0.063593,-0.086899,5.025201,0.000000,0.000000,5.000000,0.110592,0
1784303478.789256,ADAPTIVE,TRACKING,400,25.685642,41.602333,-0.056158,-0.096619,5.024301,0.000000,0.000000,5.000000,0.114365,0
1784303478.839288,ADAPTIVE,TRACKING,400,22.591762,46.820544,-0.051959,-0.101309,5.023843,0.000000,0.000000,5.000000,0.116326,0
1784303478.889257,ADAPTIVE,TRACKING,400,25.147722,41.033570,-0.042285,-0.109178,5.022771,0.000000,0.000000,5.000000,0.119275,0
1784303478.939303,ADAPTIVE,TRACKING,400,25.398278,50.154450,-0.038304,-0.111159,5.021357,0.000000,0.000000,5.000000,0.119498,0
1784303478.989263,ADAPTIVE,TRACKING,400,26.488306,42.366371,-0.029798,-0.113247,5.019304,0.000000,0.000000,5.000000,0.118682,0
1784303479.039282,ADAPTIVE,TRACKING,400,22.903043,46.328134,-0.025426,-0.112657,5.018088,0.000000,0.000000,5.000000,0.116899,0
1784303479.089270,ADAPTIVE,TRACKING,400,24.524698,40.357726,-0.016025,-0.105174,5.016060,0.000000,0.000000,5.000000,0.107593,0
1784303479.139268,ADAPTIVE,TRACKING,400,25.678799,51.046541,-0.011789,-0.101626,5.014860,0.000000,0.000000,5.000000,0.103381,0
1784303479.189251,ADAPTIVE,TRACKING,400,32.994096,48.884896,-0.003851,-0.093816,5.007690,0.000000,0.000000,5.000000,0.094209,0
1784303479.239259,ADAPTIVE,TRACKING,400,23.457007,40.307762,-0.000003,-0.089563,5.003300,0.000000,0.000000,5.000000,0.089624,0
1784303479.289270,ADAPTIVE,TRACKING,400,25.755560,41.630040,0.007888,-0.077786,4.994061,0.000000,0.000000,5.000000,0.078410,0
1784303479.339368,ADAPTIVE,TRACKING,400,32.868280,57.093252,0.010990,-0.071488,4.991940,0.000000,0.000000,5.000000,0.072776,0
1784303479.389291,ADAPTIVE,TRACKING,400,24.819509,40.652068,0.017069,-0.058623,4.988635,0.000000,0.000000,5.000000,0.062106,0
1784303479.439300,ADAPTIVE,TRACKING,400,24.665722,49.708231,0.018471,-0.051273,4.985590,0.000000,0.000000,5.000000,0.056372,0
1784303479.489259,ADAPTIVE,TRACKING,400,30.012114,45.886688,0.021662,-0.034921,4.981275,0.000000,0.000000,5.000000,0.045159,0
1784303479.539280,ADAPTIVE,TRACKING,400,23.566915,43.410442,0.023827,-0.028096,4.979120,0.000000,0.000000,5.000000,0.042345,0
1784303479.589273,ADAPTIVE,TRACKING,400,26.695258,42.607572,0.029160,-0.014944,4.975251,0.000000,0.000000,5.000000,0.041063,0
1784303479.639284,ADAPTIVE,TRACKING,400,24.339476,47.541692,0.031586,-0.008272,4.973505,0.000000,0.000000,5.000000,0.042049,0
1784303479.689262,ADAPTIVE,TRACKING,400,25.357153,41.317902,0.035827,0.008552,4.971713,0.000000,0.000000,5.000000,0.046442,0
1784303479.739296,ADAPTIVE,TRACKING,400,22.825102,47.349996,0.037487,0.016107,4.971725,0.000000,0.000000,5.000000,0.049641,0
1784303479.789252,ADAPTIVE,TRACKING,400,22.811505,38.734395,0.039380,0.031141,4.970298,0.000000,0.000000,5.000000,0.058333,0
1784303479.839284,ADAPTIVE,TRACKING,400,32.386316,59.486501,0.039301,0.038558,4.970275,0.000000,0.000000,5.000000,0.062569,0
1784303479.889263,ADAPTIVE,TRACKING,400,25.384556,41.419748,0.038398,0.053696,4.972981,0.000000,0.000000,5.000000,0.071328,0
1784303479.939257,ADAPTIVE,TRACKING,400,25.423947,49.908230,0.035804,0.059154,4.974541,0.000000,0.000000,5.000000,0.073684,0
1784303479.989258,ADAPTIVE,TRACKING,400,23.017068,39.078594,0.031177,0.069174,4.976181,0.000000,0.000000,5.000000,0.079526,0
1784303480.039282,ADAPTIVE,TRACKING,400,23.132186,50.030438,0.028921,0.073799,4.978862,0.000000,0.000000,5.000000,0.082034,0
1784303480.089256,ADAPTIVE,TRACKING,400,23.926288,39.875124,0.023202,0.083876,4.987779,0.000000,0.000000,5.000000,0.087880,0
1784303480.139286,ADAPTIVE,TRACKING,400,23.327661,49.300237,0.020833,0.087684,4.990914,0.000000,0.000000,5.000000,0.090582,0
1784303480.189266,ADAPTIVE,TRACKING,400,31.318082,47.262561,0.016129,0.094080,4.996400,0.000000,0.000000,5.000000,0.095521,0
1784303480.239291,ADAPTIVE,TRACKING,400,24.085697,42.582692,0.013897,0.096748,4.998260,0.000000,0.000000,5.000000,0.097757,0
1784303480.289250,ADAPTIVE,TRACKING,400,23.801132,39.735916,0.007786,0.100888,4.998085,0.000000,0.000000,5.000000,0.101206,0
1784303480.339256,ADAPTIVE,TRACKING,400,25.889558,51.951107,0.004546,0.101774,4.996451,0.000000,0.000000,5.000000,0.101937,0
1784303480.389256,ADAPTIVE,TRACKING,400,24.801498,40.764076,-0.001267,0.102241,4.992373,0.000000,0.000000,5.000000,0.102533,0
1784303480.439259,ADAPTIVE,TRACKING,400,24.735702,49.825263,-0.004061,0.101177,4.990970,0.000000,0.000000,5.000000,0.101660,0
1784303480.489260,ADAPTIVE,TRACKING,400,24.468578,40.294858,-0.009324,0.097451,4.990362,0.000000,0.000000,5.000000,0.098369,0
1784303480.539292,ADAPTIVE,TRACKING,400,23.858346,49.282923,-0.011677,0.095175,4.990628,0.000000,0.000000,5.000000,0.096346,0
1784303480.589259,ADAPTIVE,TRACKING,400,23.187835,38.985316,-0.016714,0.089766,4.991153,0.000000,0.000000,5.000000,0.091737,0
1784303480.639287,ADAPTIVE,TRACKING,400,23.255434,49.986181,-0.019083,0.086813,4.991203,0.000000,0.000000,5.000000,0.089320,0
1784303480.689273,ADAPTIVE,TRACKING,400,32.792097,48.786143,-0.026532,0.079695,4.990518,0.000000,0.000000,5.000000,0.084529,0
1784303480.739286,ADAPTIVE,TRACKING,400,23.569589,40.543525,-0.029711,0.076098,4.990507,0.000000,0.000000,5.000000,0.082242,0
1784303480.789277,ADAPTIVE,TRACKING,400,23.073989,39.011337,-0.035985,0.068174,4.991490,0.000000,0.000000,5.000000,0.077556,0
1784303480.839293,ADAPTIVE,TRACKING,400,23.282836,50.104800,-0.039264,0.063933,4.991911,0.000000,0.000000,5.000000,0.075462,0
1784303480.889273,ADAPTIVE,TRACKING,400,25.836685,41.807173,-0.045277,0.053196,4.991319,0.000000,0.000000,5.000000,0.070393,0
1784303480.939288,ADAPTIVE,TRACKING,400,24.792187,48.836054,-0.047058,0.046787,4.993777,0.000000,0.000000,5.000000,0.066650,0
1784303480.989264,ADAPTIVE,TRACKING,400,25.675935,41.603370,-0.049568,0.034379,5.001778,0.000000,0.000000,5.000000,0.060349,0
1784303481.039298,ADAPTIVE,TRACKING,400,25.831572,50.080769,-0.050506,0.028158,5.007341,0.000000,0.000000,5.000000,0.058289,0
1784303481.089262,ADAPTIVE,TRACKING,400,24.124066,39.980516,-0.052604,0.012823,5.017967,0.000000,0.000000,5.000000,0.057048,0
1784303481.139283,ADAPTIVE,TRACKING,400,24.157981,49.930526,-0.052836,0.006337,5.022398,0.000000,0.000000,5.000000,0.057736,0
1784303481.189259,ADAPTIVE,TRACKING,400,24.141132,39.973590,-0.051285,-0.007666,5.031124,0.000000,0.000000,5.000000,0.060478,0
1784303481.239289,ADAPTIVE,TRACKING,400,23.285279,49.078293,-0.049954,-0.014540,5.033847,0.000000,0.000000,5.000000,0.062068,0
1784303481.289265,ADAPTIVE,TRACKING,400,30.946085,46.843603,-0.047245,-0.029525,5.033258,0.000000,0.000000,5.000000,0.064883,0
1784303481.339253,ADAPTIVE,TRACKING,400,26.010518,44.778372,-0.046142,-0.035959,5.030627,0.000000,0.000000,5.000000,0.066031,0
1784303481.389258,ADAPTIVE,TRACKING,400,24.277253,40.252615,-0.043134,-0.047520,5.023558,0.000000,0.000000,5.000000,0.068364,0
1784303481.439281,ADAPTIVE,TRACKING,400,23.872781,49.518232,-0.041053,-0.051086,5.018516,0.000000,0.000000,5.000000,0.068103,0
1784303481.489260,ADAPTIVE,TRACKING,400,25.635905,41.525051,-0.035711,-0.058283,5.008404,0.000000,0.000000,5.000000,0.068868,0
1784303481.539284,ADAPTIVE,TRACKING,400,24.752567,49.021826,-0.033683,-0.061537,5.005729,0.000000,0.000000,5.000000,0.070386,0
1784303481.589267,ADAPTIVE,TRACKING,400,24.861030,40.852495,-0.030241,-0.067936,5.004614,0.000000,0.000000,5.000000,0.074506,0
1784303481.639256,ADAPTIVE,TRACKING,400,23.146394,48.167213,-0.028352,-0.070600,5.003684,0.000000,0.000000,5.000000,0.076169,0
1784303481.689257,ADAPTIVE,TRACKING,400,23.741633,39.617240,-0.021906,-0.074998,5.001307,0.000000,0.000000,5.000000,0.078143,0
1784303481.739288,ADAPTIVE,TRACKING,400,23.508833,49.668282,-0.018838,-0.076182,5.000876,0.000000,0.000000,5.000000,0.078481,0
1784303481.789264,ADAPTIVE,TRACKING,400,28.093801,44.019602,-0.013683,-0.074906,5.002311,0.000000,0.000000,5.000000,0.076180,0
1784303481.839260,ADAPTIVE,TRACKING,400,24.976565,46.715514,-0.011681,-0.071966,5.003747,0.000000,0.000000,5.000000,0.073004,0
1784303481.889258,ADAPTIVE,TRACKING,400,23.872669,39.725809,-0.007256,-0.064910,5.005130,0.000000,0.000000,5.000000,0.065515,0
1784303481.939283,ADAPTIVE,TRACKING,400,24.098664,50.153380,-0.005807,-0.061197,5.003331,0.000000,0.000000,5.000000,0.061562,0
1784303481.989251,ADAPTIVE,TRACKING,400,23.892406,39.763325,-0.002619,-0.053640,4.999239,0.000000,0.000000,5.000000,0.053709,0
1784303482.039302,ADAPTIVE,TRACKING,400,22.645350,48.702599,-0.000978,-0.049629,4.997634,0.000000,0.000000,5.000000,0.049695,0
1784303482.089289,ADAPTIVE,TRACKING,400,24.423007,40.394586,0.002112,-0.039070,4.992616,0.000000,0.000000,5.000000,0.039818,0
1784303482.139282,ADAPTIVE,TRACKING,400,23.476734,48.926225,0.003580,-0.034275,4.991212,0.000000,0.000000,5.000000,0.035565,0
1784303482.189269,ADAPTIVE,TRACKING,400,25.920202,41.847444,0.004449,-0.023995,4.983496,0.000000,0.000000,5.000000,0.029461,0
1784303482.239292,ADAPTIVE,TRACKING,400,26.195066,50.182064,0.004577,-0.018927,4.978633,0.000000,0.000000,5.000000,0.028909,0
1784303482.289264,ADAPTIVE,TRACKING,400,25.251541,41.422265,0.004247,-0.006517,4.974424,0.000000,0.000000,5.000000,0.026732,0
1784303482.339304,ADAPTIVE,TRACKING,400,24.107965,48.731581,0.003833,-0.000513,4.975373,0.000000,0.000000,5.000000,0.024929,0
1784303482.389254,ADAPTIVE,TRACKING,400,24.234772,40.163289,0.003492,0.010823,4.979950,0.000000,0.000000,5.000000,0.023050,0
1784303482.439287,ADAPTIVE,TRACKING,400,24.608994,50.308781,0.002999,0.014888,4.984002,0.000000,0.000000,5.000000,0.022059,0
1784303482.489268,ADAPTIVE,TRACKING,400,26.183361,42.073785,0.002305,0.023492,4.991879,0.000000,0.000000,5.000000,0.024962,0
1784303482.539296,ADAPTIVE,TRACKING,400,26.440235,50.177049,0.001906,0.027115,4.993917,0.000000,0.000000,5.000000,0.027854,0
1784303482.589256,ADAPTIVE,TRACKING,400,24.189726,40.207495,0.000860,0.034009,4.996338,0.000000,0.000000,5.000000,0.034216,0
1784303482.639292,ADAPTIVE,TRACKING,400,23.298438,49.015295,0.000381,0.037196,4.998461,0.000000,0.000000,5.000000,0.037229,0
1784303482.689261,ADAPTIVE,TRACKING,400,25.410037,41.245763,-0.000772,0.051730,5.006617,0.000000,0.000000,5.000000,0.052158,0
1784303482.739260,ADAPTIVE,TRACKING,400,25.816456,50.243306,-0.001201,0.058294,5.010393,0.000000,0.000000,5.000000,0.059225,0
1784303482.789249,ADAPTIVE,TRACKING,400,25.707568,41.530336,-0.002400,0.070642,5.014761,0.000000,0.000000,5.000000,0.072208,0
1784303482.839286,ADAPTIVE,TRACKING,400,23.427817,47.645269,-0.003352,0.076704,5.015141,0.000000,0.000000,5.000000,0.078256,0
1784303482.889270,ADAPTIVE,TRACKING,400,24.255346,40.181349,-0.005244,0.087889,5.014935,0.000000,0.000000,5.000000,0.089303,0
1784303482.939269,ADAPTIVE,TRACKING,400,22.675250,48.305040,-0.006658,0.090299,5.014494,0.000000,0.000000,5.000000,0.091696,0
1784303482.989259,ADAPTIVE,TRACKING,400,24.282800,40.180792,-0.009107,0.094123,5.015435,0.000000,0.000000,5.000000,0.095814,0
1784303483.039298,ADAPTIVE,TRACKING,400,24.124504,49.771430,-0.009631,0.095510,5.016299,0.000000,0.000000,5.000000,0.097368,0
1784303483.089257,ADAPTIVE,TRACKING,400,24.813091,40.704282,-0.006958,0.097931,5.015632,0.000000,0.000000,5.000000,0.099414,0
1784303483.139286,ADAPTIVE,TRACKING,400,23.779709,48.890256,-0.005904,0.098474,5.014850,0.000000,0.000000,5.000000,0.099762,0
1784303483.189259,ADAPTIVE,TRACKING,400,23.674138,39.641461,-0.004528,0.097682,5.008656,0.000000,0.000000,5.000000,0.098169,0
1784303483.239303,ADAPTIVE,TRACKING,400,23.607950,49.885252,-0.003826,0.096655,5.005682,0.000000,0.000000,5.000000,0.096897,0
1784303483.289283,ADAPTIVE,TRACKING,400,28.180632,44.035961,-0.002661,0.092581,5.003809,0.000000,0.000000,5.000000,0.092697,0
1784303483.339296,ADAPTIVE,TRACKING,400,22.912854,44.640753,-0.002415,0.089858,5.005985,0.000000,0.000000,5.000000,0.090089,0
1784303483.389258,ADAPTIVE,TRACKING,400,23.469816,39.403796,-0.002141,0.083834,5.008431,0.000000,0.000000,5.000000,0.084285,0
1784303483.439376,ADAPTIVE,TRACKING,400,23.131425,49.678570,-0.001314,0.079033,5.008503,0.000000,0.000000,5.000000,0.079500,0
1784303483.489264,ADAPTIVE,TRACKING,400,26.078160,42.005008,0.000334,0.067951,5.009737,0.000000,0.000000,5.000000,0.068646,0
1784303483.539301,ADAPTIVE,TRACKING,400,25.667151,49.525446,0.000740,0.062763,5.010431,0.000000,0.000000,5.000000,0.063628,0
1784303483.589255,ADAPTIVE,TRACKING,400,24.181029,39.992511,0.001167,0.051766,5.012698,0.000000,0.000000,5.000000,0.053313,0
1784303483.639289,ADAPTIVE,TRACKING,400,23.543802,49.293063,0.001520,0.046183,5.013939,0.000000,0.000000,5.000000,0.048265,0
1784303483.689258,ADAPTIVE,TRACKING,400,27.579210,43.469718,0.000911,0.032728,5.016015,0.000000,0.000000,5.000000,0.036448,0
1784303483.739311,ADAPTIVE,TRACKING,400,24.888412,47.053113,0.000498,0.026669,5.016088,0.000000,0.000000,5.000000,0.031150,0
1784303483.789262,ADAPTIVE,TRACKING,400,23.702887,39.504117,0.001070,0.015610,5.017543,0.000000,0.000000,5.000000,0.023507,0
1784303483.839291,ADAPTIVE,TRACKING,400,25.963580,52.186543,0.002311,0.010736,5.020273,0.000000,0.000000,5.000000,0.023056,0
1784303483.889361,ADAPTIVE,TRACKING,400,22.712425,38.645329,0.004562,-0.001021,5.026184,0.000000,0.000000,5.000000,0.026598,0
1784303483.939292,ADAPTIVE,TRACKING,400,24.075855,51.203974,0.005202,-0.007591,5.031089,0.000000,0.000000,5.000000,0.032423,0
1784303483.989266,ADAPTIVE,TRACKING,400,23.835473,39.577530,0.006358,-0.020570,5.038050,0.000000,0.000000,5.000000,0.043719,0
1784303484.039277,ADAPTIVE,TRACKING,400,24.303939,50.376030,0.006914,-0.027205,5.041551,0.000000,0.000000,5.000000,0.050144,0
1784303484.089262,ADAPTIVE,TRACKING,400,25.069406,40.794984,0.008334,-0.042699,5.051144,0.000000,0.000000,5.000000,0.067144,0
1784303484.139287,ADAPTIVE,TRACKING,400,25.155080,49.987849,0.008878,-0.049106,5.053997,0.000000,0.000000,5.000000,0.073525,0
1784303484.189263,ADAPTIVE,TRACKING,400,24.849998,40.892529,0.010170,-0.060602,5.056773,0.000000,0.000000,5.000000,0.083661,0
1784303484.239303,ADAPTIVE,TRACKING,400,23.625749,48.683296,0.010876,-0.065753,5.055741,0.000000,0.000000,5.000000,0.086884,0
1784303484.289258,ADAPTIVE,TRACKING,400,23.428996,39.215686,0.013088,-0.076329,5.050179,0.000000,0.000000,5.000000,0.092278,0
1784303484.339287,ADAPTIVE,TRACKING,400,23.500582,49.977908,0.014237,-0.080638,5.046807,0.000000,0.000000,5.000000,0.094319,0
1784303484.389268,ADAPTIVE,TRACKING,400,24.052728,39.889338,0.016224,-0.087996,5.040942,0.000000,0.000000,5.000000,0.098401,0
1784303484.439313,ADAPTIVE,TRACKING,400,23.036104,48.913328,0.017773,-0.090027,5.035504,0.000000,0.000000,5.000000,0.098394,0
1784303484.489260,ADAPTIVE,TRACKING,400,24.410437,40.286136,0.021018,-0.093339,5.023282,0.000000,0.000000,5.000000,0.098468,0
1784303484.539284,ADAPTIVE,TRACKING,400,25.348217,50.842389,0.021827,-0.094358,5.018144,0.000000,0.000000,5.000000,0.098534,0
1784303484.589265,ADAPTIVE,TRACKING,400,23.546403,39.368734,0.022388,-0.095770,5.008829,0.000000,0.000000,5.000000,0.098748,0
1784303484.639315,ADAPTIVE,TRACKING,400,26.841297,53.233559,0.022704,-0.095983,5.004796,0.000000,0.000000,5.000000,0.098749,0
1784303484.689260,ADAPTIVE,TRACKING,400,24.064911,39.971276,0.026389,-0.094315,4.999550,0.000000,0.000000,5.000000,0.097938,0
1784303484.739298,ADAPTIVE,TRACKING,400,23.688183,49.526110,0.027962,-0.092894,4.998020,0.000000,0.000000,5.000000,0.097031,0
1784303484.789251,ADAPTIVE,TRACKING,400,26.132613,41.993894,0.030988,-0.088802,4.997434,0.000000,0.000000,5.000000,0.094088,0
1784303484.839287,ADAPTIVE,TRACKING,400,23.117286,46.912091,0.032706,-0.086239,4.999236,0.000000,0.000000,5.000000,0.092236,0
1784303484.889263,ADAPTIVE,TRACKING,400,24.987682,40.833334,0.035895,-0.079434,5.005300,0.000000,0.000000,5.000000,0.087329,0
1784303484.939307,ADAPTIVE,TRACKING,400,26.834508,51.758286,0.037192,-0.075467,5.008172,0.000000,0.000000,5.000000,0.084529,0
1784303484.989258,ADAPTIVE,TRACKING,400,23.861685,39.760947,0.039079,-0.067174,5.013879,0.000000,0.000000,5.000000,0.078944,0
1784303485.039314,ADAPTIVE,TRACKING,400,27.565313,53.649464,0.039645,-0.062269,5.016218,0.000000,0.000000,5.000000,0.075579,0
1784303485.089267,ADAPTIVE,TRACKING,400,22.962108,38.850453,0.039590,-0.047739,5.019083,0.000000,0.000000,5.000000,0.064889,0
1784303485.139320,ADAPTIVE,TRACKING,400,22.733248,49.695540,0.039237,-0.041336,5.019896,0.000000,0.000000,5.000000,0.060366,0
1784303485.189268,ADAPTIVE,TRACKING,400,26.664135,42.529349,0.040435,-0.026599,5.021873,0.000000,0.000000,5.000000,0.053113,0
1784303485.239302,ADAPTIVE,TRACKING,400,23.005914,46.228100,0.040932,-0.019018,5.021885,0.000000,0.000000,5.000000,0.050161,0
1784303485.289258,ADAPTIVE,TRACKING,400,24.378690,40.309717,0.040815,-0.001137,5.020076,0.000000,0.000000,5.000000,0.045499,0
1784303485.339302,ADAPTIVE,TRACKING,400,23.232070,48.787363,0.040382,0.007043,5.018127,0.000000,0.000000,5.000000,0.044820,0
1784303485.389256,ADAPTIVE,TRACKING,400,24.021164,39.918725,0.039233,0.022119,5.013405,0.000000,0.000000,5.000000,0.046991,0
1784303485.439296,ADAPTIVE,TRACKING,400,24.516705,50.412760,0.037912,0.029593,5.012284,0.000000,0.000000,5.000000,0.049638,0
1784303485.489253,ADAPTIVE,TRACKING,400,23.045070,38.846969,0.034946,0.045007,5.008150,0.000000,0.000000,5.000000,0.057561,0
1784303485.539316,ADAPTIVE,TRACKING,400,24.369913,51.266490,0.033389,0.052459,5.007630,0.000000,0.000000,5.000000,0.062650,0
1784303485.589260,ADAPTIVE,TRACKING,400,23.474003,39.252779,0.029826,0.068261,5.006128,0.000000,0.000000,5.000000,0.074744,0
1784303485.639303,ADAPTIVE,TRACKING,400,23.471187,49.920074,0.028019,0.075256,5.005458,0.000000,0.000000,5.000000,0.080488,0
1784303485.689262,ADAPTIVE,TRACKING,400,25.825624,41.779328,0.021848,0.089211,5.004593,0.000000,0.000000,5.000000,0.091962,0
1784303485.739296,ADAPTIVE,TRACKING,400,22.828571,46.878314,0.018922,0.094620,5.004379,0.000000,0.000000,5.000000,0.096593,0
1784303485.789267,ADAPTIVE,TRACKING,400,25.718947,41.564717,0.012844,0.104180,5.002690,0.000000,0.000000,5.000000,0.105003,0
1784303485.839288,ADAPTIVE,TRACKING,400,23.178366,47.357626,0.009654,0.108379,5.001034,0.000000,0.000000,5.000000,0.108813,0
1784303485.889264,ADAPTIVE,TRACKING,400,24.681410,40.575810,0.002984,0.115531,4.999883,0.000000,0.000000,5.000000,0.115569,0
1784303485.939288,ADAPTIVE,TRACKING,400,24.555953,49.780760,0.000280,0.117727,5.000186,0.000000,0.000000,5.000000,0.117728,0
1784303485.989258,ADAPTIVE,TRACKING,400,24.678013,40.689309,-0.004664,0.120485,4.999698,0.000000,0.000000,5.000000,0.120576,0
1784303486.039284,ADAPTIVE,TRACKING,400,23.177988,48.381853,-0.006847,0.120737,5.000445,0.000000,0.000000,5.000000,0.120932,0
1784303486.089260,ADAPTIVE,TRACKING,400,23.876426,39.816225,-0.010985,0.117420,5.002587,0.000000,0.000000,5.000000,0.117961,0
1784303486.139301,ADAPTIVE,TRACKING,400,24.020360,50.044811,-0.012747,0.115084,5.002969,0.000000,0.000000,5.000000,0.115826,0
1784303486.189264,ADAPTIVE,TRACKING,400,25.324331,41.108058,-0.016888,0.106080,5.004768,0.000000,0.000000,5.000000,0.107522,0
1784303486.239285,ADAPTIVE,TRACKING,400,23.923389,48.495794,-0.018810,0.100660,5.005718,0.000000,0.000000,5.000000,0.102562,0
1784303486.289269,ADAPTIVE,TRACKING,400,27.012647,42.978351,-0.021204,0.086095,5.005790,0.000000,0.000000,5.000000,0.088856,0
1784303486.339298,ADAPTIVE,TRACKING,400,22.949365,45.799266,-0.021523,0.078528,5.005539,0.000000,0.000000,5.000000,0.081612,0
1784303486.389259,ADAPTIVE,TRACKING,400,24.084861,39.998050,-0.022088,0.063052,5.006758,0.000000,0.000000,5.000000,0.067150,0
1784303486.439290,ADAPTIVE,TRACKING,400,25.642032,51.482902,-0.024129,0.055912,5.007867,0.000000,0.000000,5.000000,0.061402,0
1784303486.489257,ADAPTIVE,TRACKING,400,25.997716,41.942134,-0.028371,0.040148,5.008339,0.000000,0.000000,5.000000,0.049863,0
1784303486.539301,ADAPTIVE,TRACKING,400,26.525942,50.447965,-0.030154,0.032818,5.005746,0.000000,0.000000,5.000000,0.044937,0
1784303486.589322,ADAPTIVE,TRACKING,400,25.733746,41.654481,-0.033466,0.017446,4.999940,0.000000,0.000000,5.000000,0.037740,0
1784303486.639318,ADAPTIVE,TRACKING,400,29.864740,53.981839,-0.034955,0.009796,4.997337,0.000000,0.000000,5.000000,0.036399,0
1784303486.689248,ADAPTIVE,TRACKING,400,25.980910,41.915358,-0.037797,-0.010817,4.990462,0.000000,0.000000,5.000000,0.040455,0
1784303486.739311,ADAPTIVE,TRACKING,400,24.577979,48.514359,-0.038810,-0.019949,4.987091,0.000000,0.000000,5.000000,0.045506,0
1784303486.789261,ADAPTIVE,TRACKING,400,25.341846,41.150174,-0.040457,-0.037011,4.981369,0.000000,0.000000,5.000000,0.057911,0
1784303486.839293,ADAPTIVE,TRACKING,400,24.152337,48.716661,-0.041158,-0.044950,4.980730,0.000000,0.000000,5.000000,0.063921,0
1784303486.889251,ADAPTIVE,TRACKING,400,24.959341,40.790433,-0.042457,-0.060893,4.980137,0.000000,0.000000,5.000000,0.076844,0
1784303486.939291,ADAPTIVE,TRACKING,400,23.850596,48.801646,-0.044341,-0.066159,4.978703,0.000000,0.000000,5.000000,0.082442,0
1784303486.989271,ADAPTIVE,TRACKING,400,26.732112,42.523266,-0.047467,-0.075945,4.975225,0.000000,0.000000,5.000000,0.092923,0
1784303487.039314,ADAPTIVE,TRACKING,400,30.245652,53.432874,-0.048494,-0.080221,4.973943,0.000000,0.000000,5.000000,0.097293,0
1784303487.089263,ADAPTIVE,TRACKING,400,23.272595,39.059552,-0.048706,-0.087739,4.973245,0.000000,0.000000,5.000000,0.103858,0
1784303487.139307,ADAPTIVE,TRACKING,400,24.111117,50.762654,-0.048622,-0.090589,4.972432,0.000000,0.000000,5.000000,0.106445,0
1784303487.189255,ADAPTIVE,TRACKING,400,23.865335,39.892367,-0.044902,-0.094903,4.972659,0.000000,0.000000,5.000000,0.108491,0
1784303487.239285,ADAPTIVE,TRACKING,400,25.576884,51.631026,-0.042539,-0.096561,4.972948,0.000000,0.000000,5.000000,0.108929,0
1784303487.289254,ADAPTIVE,TRACKING,400,23.146538,38.923394,-0.036193,-0.100014,4.973485,0.000000,0.000000,5.000000,0.109616,0
1784303487.339304,ADAPTIVE,TRACKING,400,24.015926,50.809503,-0.032801,-0.101295,4.974682,0.000000,0.000000,5.000000,0.109442,0
1784303487.389266,ADAPTIVE,TRACKING,400,24.842388,40.774377,-0.026046,-0.102187,4.978276,0.000000,0.000000,5.000000,0.107668,0
1784303487.439291,ADAPTIVE,TRACKING,400,24.185655,49.251725,-0.021157,-0.099539,4.981657,0.000000,0.000000,5.000000,0.103403,0
1784303487.489262,ADAPTIVE,TRACKING,400,23.504656,39.398313,-0.010703,-0.092724,4.988317,0.000000,0.000000,5.000000,0.094068,0
1784303487.539291,ADAPTIVE,TRACKING,400,24.235901,50.633995,-0.006653,-0.088402,4.990977,0.000000,0.000000,5.000000,0.089110,0
1784303487.589263,ADAPTIVE,TRACKING,400,25.912376,41.780729,0.000358,-0.077467,4.994745,0.000000,0.000000,5.000000,0.077646,0
1784303487.639290,ADAPTIVE,TRACKING,400,25.179151,49.170827,0.003757,-0.071796,4.998079,0.000000,0.000000,5.000000,0.071920,0
1784303487.689259,ADAPTIVE,TRACKING,400,23.768744,39.657005,0.011833,-0.058282,5.001953,0.000000,0.000000,5.000000,0.059503,0
1784303487.739303,ADAPTIVE,TRACKING,400,23.237495,49.359972,0.015282,-0.052162,5.003871,0.000000,0.000000,5.000000,0.054492,0
1784303487.789264,ADAPTIVE,TRACKING,400,24.283567,40.118700,0.022686,-0.040426,5.007285,0.000000,0.000000,5.000000,0.046926,0
1784303487.839298,ADAPTIVE,TRACKING,400,23.880829,49.500848,0.026877,-0.034836,5.009601,0.000000,0.000000,5.000000,0.045034,0
1784303487.889256,ADAPTIVE,TRACKING,400,24.374040,40.305205,0.035197,-0.021820,5.013212,0.000000,0.000000,5.000000,0.043468,0
1784303487.939299,ADAPTIVE,TRACKING,400,23.132144,48.674189,0.038066,-0.013502,5.014310,0.000000,0.000000,5.000000,0.042850,0
1784303487.989262,ADAPTIVE,TRACKING,400,23.347704,39.261857,0.043765,0.002309,5.015008,0.000000,0.000000,5.000000,0.046324,0
1784303488.039293,ADAPTIVE,TRACKING,400,23.653233,50.226746,0.045997,0.009773,5.015128,0.000000,0.000000,5.000000,0.049397,0
1784303488.089260,ADAPTIVE,TRACKING,400,23.716439,39.483008,0.047646,0.025362,5.018942,0.000000,0.000000,5.000000,0.057203,0
1784303488.139297,ADAPTIVE,TRACKING,400,24.223121,50.431031,0.048165,0.031913,5.021428,0.000000,0.000000,5.000000,0.061623,0
1784303488.189265,ADAPTIVE,TRACKING,400,24.010345,39.931461,0.043524,0.045777,5.025352,0.000000,0.000000,5.000000,0.068063,0
1784303488.239292,ADAPTIVE,TRACKING,400,23.944827,49.857127,0.040526,0.052409,5.025859,0.000000,0.000000,5.000000,0.071118,0
1784303488.289258,ADAPTIVE,TRACKING,400,25.325079,41.174808,0.033026,0.065795,5.026560,0.000000,0.000000,5.000000,0.078263,0
1784303488.339296,ADAPTIVE,TRACKING,400,22.976086,47.576993,0.029270,0.071038,5.028580,0.000000,0.000000,5.000000,0.081975,0
1784303488.389258,ADAPTIVE,TRACKING,400,25.086845,41.019391,0.022370,0.080504,5.031601,0.000000,0.000000,5.000000,0.089330,0
1784303488.439290,ADAPTIVE,TRACKING,400,23.680405,48.508820,0.019652,0.084779,5.033472,0.000000,0.000000,5.000000,0.093242,0
1784303488.489263,ADAPTIVE,TRACKING,400,24.589629,40.517817,0.014026,0.092467,5.036253,0.000000,0.000000,5.000000,0.100306,0
1784303488.539277,ADAPTIVE,TRACKING,400,25.244723,50.555803,0.011878,0.095362,5.036073,0.000000,0.000000,5.000000,0.102646,0
1784303488.589267,ADAPTIVE,TRACKING,400,24.426998,40.330842,0.008115,0.100144,5.033131,0.000000,0.000000,5.000000,0.105794,0
1784303488.639303,ADAPTIVE,TRACKING,400,23.718625,49.214335,0.006235,0.101744,5.032269,0.000000,0.000000,5.000000,0.106920,0
1784303488.689252,ADAPTIVE,TRACKING,400,23.035468,39.117624,0.003521,0.100765,5.029548,0.000000,0.000000,5.000000,0.105067,0
1784303488.739290,ADAPTIVE,TRACKING,400,23.364999,50.216243,0.002413,0.099451,5.027524,0.000000,0.000000,5.000000,0.103217,0
1784303488.789260,ADAPTIVE,TRACKING,400,23.479026,39.413574,-0.000538,0.096003,5.021323,0.000000,0.000000,5.000000,0.098344,0
1784303488.839287,ADAPTIVE,TRACKING,400,24.694821,51.128447,-0.002474,0.093917,5.017250,0.000000,0.000000,5.000000,0.095520,0
1784303488.889262,ADAPTIVE,TRACKING,400,25.460241,41.473768,-0.005897,0.088361,5.010343,0.000000,0.000000,5.000000,0.089160,0
1784303488.939296,ADAPTIVE,TRACKING,400,24.873625,49.327051,-0.005572,0.086026,5.008878,0.000000,0.000000,5.000000,0.086663,0
1784303488.989258,ADAPTIVE,TRACKING,400,24.565881,40.337492,-0.004998,0.080442,5.006620,0.000000,0.000000,5.000000,0.080868,0
1784303489.039290,ADAPTIVE,TRACKING,400,29.720879,55.075848,-0.004665,0.077393,5.005700,0.000000,0.000000,5.000000,0.077743,0
1784303489.089278,ADAPTIVE,TRACKING,400,35.052371,51.008680,-0.003461,0.070095,5.007173,0.000000,0.000000,5.000000,0.070546,0
1784303489.139290,ADAPTIVE,TRACKING,400,24.311548,39.145186,-0.003060,0.066620,5.007850,0.000000,0.000000,5.000000,0.067151,0
1784303489.189257,ADAPTIVE,TRACKING,400,30.794569,46.738901,-0.004227,0.061787,5.006736,0.000000,0.000000,5.000000,0.062297,0
1784303489.239293,ADAPTIVE,TRACKING,399,25.090444,44.097496,-0.005058,0.059455,5.006645,0.000000,0.000000,5.000000,0.060038,0
1784303489.289252,ADAPTIVE,TRACKING,400,23.250569,39.183150,-0.005908,0.051295,5.008658,0.000000,0.000000,5.000000,0.052355,0
1784303489.339252,ADAPTIVE,TRACKING,400,24.604556,51.248079,-0.005934,0.046300,5.010247,0.000000,0.000000,5.000000,0.047790,0
1784303489.389254,ADAPTIVE,TRACKING,400,25.061094,40.946887,-0.005599,0.036159,5.013295,0.000000,0.000000,5.000000,0.038930,0
1784303489.439285,ADAPTIVE,TRACKING,400,24.780856,49.647290,-0.007253,0.029200,5.013150,0.000000,0.000000,5.000000,0.032835,0
1784303489.489284,ADAPTIVE,TRACKING,400,26.031677,42.014976,-0.010229,0.014103,5.011878,0.000000,0.000000,5.000000,0.021086,0
1784303489.539284,ADAPTIVE,TRACKING,400,23.528846,47.359035,-0.011118,0.006890,5.010893,0.000000,0.000000,5.000000,0.017022,0
1784303489.589256,ADAPTIVE,TRACKING,400,25.342730,41.240414,-0.012191,-0.008221,5.008020,0.000000,0.000000,5.000000,0.016749,0
1784303489.639253,ADAPTIVE,TRACKING,400,26.054617,50.589350,-0.012654,-0.015433,5.006930,0.000000,0.000000,5.000000,0.021126,0
1784303489.689253,ADAPTIVE,TRACKING,400,28.468589,44.461526,-0.015978,-0.030133,5.001314,0.000000,0.000000,5.000000,0.034132,0
1784303489.739259,ADAPTIVE,TRACKING,400,30.319167,51.682298,-0.017606,-0.036172,4.998531,0.000000,0.000000,5.000000,0.040256,0
1784303489.789272,ADAPTIVE,TRACKING,400,24.299971,40.140810,-0.018956,-0.048135,4.993389,0.000000,0.000000,5.000000,0.052154,0
1784303489.839293,ADAPTIVE,TRACKING,400,25.159913,50.762661,-0.018350,-0.054289,4.990734,0.000000,0.000000,5.000000,0.058050,0
1784303489.889247,ADAPTIVE,TRACKING,400,23.981749,39.778988,-0.017270,-0.066216,4.988106,0.000000,0.000000,5.000000,0.069457,0
1784303489.939304,ADAPTIVE,TRACKING,400,24.478364,50.334735,-0.017374,-0.070847,4.989766,0.000000,0.000000,5.000000,0.073660,0
1784303489.989246,ADAPTIVE,TRACKING,400,23.785694,39.583817,-0.017695,-0.078537,4.992824,0.000000,0.000000,5.000000,0.080825,0
1784303490.039274,ADAPTIVE,TRACKING,400,25.974338,52.099545,-0.018275,-0.080984,4.993827,0.000000,0.000000,5.000000,0.083250,0
1784303490.089267,ADAPTIVE,TRACKING,400,24.056266,39.868438,-0.021358,-0.081300,4.995465,0.000000,0.000000,5.000000,0.084181,0
1784303490.139268,ADAPTIVE,TRACKING,400,23.591562,49.460204,-0.022308,-0.081231,4.997026,0.000000,0.000000,5.000000,0.084291,0
1784303490.189260,ADAPTIVE,TRACKING,400,23.791247,39.737285,-0.026217,-0.084062,4.994589,0.000000,0.000000,5.000000,0.088221,0
1784303490.239277,ADAPTIVE,TRACKING,400,23.929099,50.035272,-0.028145,-0.085482,4.991712,0.000000,0.000000,5.000000,0.090377,0
1784303490.289257,ADAPTIVE,TRACKING,400,23.688143,39.544333,-0.031061,-0.086103,4.986483,0.000000,0.000000,5.000000,0.092527,0
1784303490.339292,ADAPTIVE,TRACKING,400,23.037281,49.267011,-0.031803,-0.085154,4.984341,0.000000,0.000000,5.000000,0.092238,0
1784303490.389266,ADAPTIVE,TRACKING,400,23.588096,39.485922,-0.032662,-0.082221,4.980862,0.000000,0.000000,5.000000,0.090518,0
1784303490.439300,ADAPTIVE,TRACKING,400,23.675568,50.010632,-0.031172,-0.076474,4.980400,0.000000,0.000000,5.000000,0.084877,0
1784303490.489272,ADAPTIVE,TRACKING,400,28.634933,44.474272,-0.028046,-0.063414,4.979572,0.000000,0.000000,5.000000,0.072286,0
1784303490.539299,ADAPTIVE,TRACKING,400,25.547669,46.802468,-0.026201,-0.055745,4.979167,0.000000,0.000000,5.000000,0.065024,0
1784303490.589267,ADAPTIVE,TRACKING,400,24.029633,39.932307,-0.021454,-0.036816,4.978209,0.000000,0.000000,5.000000,0.047859,0
1784303490.639300,ADAPTIVE,TRACKING,400,26.643684,52.540462,-0.018947,-0.027530,4.977536,0.000000,0.000000,5.000000,0.040268,0
1784303490.689257,ADAPTIVE,TRACKING,400,24.406321,40.310678,-0.015237,-0.006910,4.979165,0.000000,0.000000,5.000000,0.026721,0
1784303490.739292,ADAPTIVE,TRACKING,400,23.652830,49.128194,-0.013563,0.001831,4.980324,0.000000,0.000000,5.000000,0.023968,0
1784303490.789265,ADAPTIVE,TRACKING,400,23.264133,39.190491,-0.009075,0.019184,4.982114,0.000000,0.000000,5.000000,0.027754,0
1784303490.839314,ADAPTIVE,TRACKING,400,22.980868,49.687013,-0.006144,0.028014,4.983681,0.000000,0.000000,5.000000,0.032997,0
1784303490.889262,ADAPTIVE,TRACKING,400,29.009067,44.915024,0.000307,0.045815,4.987443,0.000000,0.000000,5.000000,0.047506,0
1784303490.939297,ADAPTIVE,TRACKING,400,31.580197,52.399252,0.004243,0.052200,4.989567,0.000000,0.000000,5.000000,0.053402,0
1784303490.989267,ADAPTIVE,TRACKING,400,23.975664,39.895474,0.011336,0.064101,4.995243,0.000000,0.000000,5.000000,0.065269,0
1784303491.039298,ADAPTIVE,TRACKING,400,26.671022,52.619507,0.014727,0.069766,4.997158,0.000000,0.000000,5.000000,0.071360,0
1784303491.089255,ADAPTIVE,TRACKING,400,23.714788,39.605414,0.022876,0.082599,5.000035,0.000000,0.000000,5.000000,0.085708,0
1784303491.139284,ADAPTIVE,TRACKING,400,24.308611,50.511959,0.026266,0.087519,5.000915,0.000000,0.000000,5.000000,0.091380,0
1784303491.189259,ADAPTIVE,TRACKING,400,24.601742,40.510457,0.034016,0.096084,4.998116,0.000000,0.000000,5.000000,0.101945,0
1784303491.239316,ADAPTIVE,TRACKING,400,29.618334,54.912122,0.037694,0.099656,4.995582,0.000000,0.000000,5.000000,0.106638,0
1784303491.289254,ADAPTIVE,TRACKING,400,23.244757,39.218702,0.043888,0.104574,4.988830,0.000000,0.000000,5.000000,0.113959,0
1784303491.339329,ADAPTIVE,TRACKING,400,23.270540,49.995244,0.045822,0.105212,4.987023,0.000000,0.000000,5.000000,0.115489,0
1784303491.389260,ADAPTIVE,TRACKING,400,25.748960,41.644913,0.049245,0.105332,4.985948,0.000000,0.000000,5.000000,0.117121,0
1784303491.439285,ADAPTIVE,TRACKING,400,23.584786,47.746554,0.051202,0.105500,4.984841,0.000000,0.000000,5.000000,0.118244,0
1784303491.489260,ADAPTIVE,TRACKING,400,23.593713,39.416374,0.054248,0.104318,4.983412,0.000000,0.000000,5.000000,0.118744,0
1784303491.539286,ADAPTIVE,TRACKING,400,23.461408,49.793087,0.055047,0.103845,4.983232,0.000000,0.000000,5.000000,0.118723,0
1784303491.589269,ADAPTIVE,TRACKING,400,25.566451,41.406402,0.055759,0.102765,4.983779,0.000000,0.000000,5.000000,0.118038,0
1784303491.639296,ADAPTIVE,TRACKING,400,23.329536,47.670816,0.055755,0.101351,4.985098,0.000000,0.000000,5.000000,0.116631,0
1784303491.689245,ADAPTIVE,TRACKING,400,24.411871,40.366422,0.054574,0.093108,4.986500,0.000000,0.000000,5.000000,0.108764,0
1784303491.739312,ADAPTIVE,TRACKING,400,26.038796,51.566734,0.053725,0.088736,4.986409,0.000000,0.000000,5.000000,0.104619,0
1784303491.789262,ADAPTIVE,TRACKING,400,26.065784,42.009782,0.050490,0.078056,4.987807,0.000000,0.000000,5.000000,0.093759,0
1784303491.839292,ADAPTIVE,TRACKING,400,27.205144,51.064540,0.047828,0.071387,4.991088,0.000000,0.000000,5.000000,0.086389,0
1784303491.889263,ADAPTIVE,TRACKING,400,24.799327,40.768827,0.041575,0.056223,4.998156,0.000000,0.000000,5.000000,0.069950,0
1784303491.939286,ADAPTIVE,TRACKING,400,23.217962,48.315750,0.037871,0.049929,5.001574,0.000000,0.000000,5.000000,0.062687,0
1784303491.989258,ADAPTIVE,TRACKING,400,23.874923,39.784767,0.030780,0.037043,5.007236,0.000000,0.000000,5.000000,0.048703,0
1784303492.039311,ADAPTIVE,TRACKING,400,24.580611,50.622335,0.027497,0.030876,5.010149,0.000000,0.000000,5.000000,0.042573,0
1784303492.089268,ADAPTIVE,TRACKING,400,25.525832,41.517754,0.021128,0.019046,5.015818,0.000000,0.000000,5.000000,0.032548,0
1784303492.139301,ADAPTIVE,TRACKING,400,26.361607,50.754651,0.018206,0.013902,5.017973,0.000000,0.000000,5.000000,0.029117,0
1784303492.189256,ADAPTIVE,TRACKING,400,23.743893,39.610291,0.012261,0.003386,5.021872,0.000000,0.000000,5.000000,0.025301,0
1784303492.239292,ADAPTIVE,TRACKING,400,24.656408,50.855685,0.009251,-0.001617,5.022626,0.000000,0.000000,5.000000,0.024498,0
1784303492.289258,ADAPTIVE,TRACKING,400,23.787494,39.661474,0.003406,-0.010624,5.023478,0.000000,0.000000,5.000000,0.025994,0
1784303492.339263,ADAPTIVE,TRACKING,400,22.847112,48.941425,0.001326,-0.013736,5.023377,0.000000,0.000000,5.000000,0.027146,0
1784303492.389271,ADAPTIVE,TRACKING,400,27.580682,43.572755,-0.002774,-0.019305,5.023972,0.000000,0.000000,5.000000,0.030904,0
1784303492.439303,ADAPTIVE,TRACKING,400,23.283405,45.599528,-0.004831,-0.023206,5.026668,0.000000,0.000000,5.000000,0.035679,0
1784303492.489265,ADAPTIVE,TRACKING,400,23.623892,39.490079,-0.009441,-0.030961,5.029740,0.000000,0.000000,5.000000,0.043957,0
1784303492.539293,ADAPTIVE,TRACKING,400,25.952626,52.260140,-0.010904,-0.033577,5.029758,0.000000,0.000000,5.000000,0.046173,0
1784303492.589272,ADAPTIVE,TRACKING,400,27.394684,43.363512,-0.012850,-0.037339,5.026279,0.000000,0.000000,5.000000,0.047433,0
1784303492.639270,ADAPTIVE,TRACKING,400,24.355515,46.828658,-0.013816,-0.038804,5.024874,0.000000,0.000000,5.000000,0.048118,0
1784303492.689257,ADAPTIVE,TRACKING,400,23.841608,39.793565,-0.014090,-0.043554,5.017945,0.000000,0.000000,5.000000,0.049168,0
1784303492.739340,ADAPTIVE,TRACKING,400,23.191007,49.299207,-0.014044,-0.045319,5.015594,0.000000,0.000000,5.000000,0.049942,0
1784303492.789258,ADAPTIVE,TRACKING,400,26.417905,42.325543,-0.014140,-0.046752,5.013798,0.000000,0.000000,5.000000,0.050755,0
1784303492.839264,ADAPTIVE,TRACKING,400,23.496645,46.968482,-0.014331,-0.046226,5.014087,0.000000,0.000000,5.000000,0.050406,0
1784303492.889264,ADAPTIVE,TRACKING,400,23.520278,39.435903,-0.015428,-0.044651,5.014672,0.000000,0.000000,5.000000,0.049467,0
1784303492.939271,ADAPTIVE,TRACKING,400,25.277720,51.659727,-0.017133,-0.044162,5.014592,0.000000,0.000000,5.000000,0.049566,0
1784303492.989258,ADAPTIVE,TRACKING,400,24.048412,39.965775,-0.020261,-0.042920,5.013056,0.000000,0.000000,5.000000,0.049225,0
1784303493.039262,ADAPTIVE,TRACKING,400,23.225159,49.074749,-0.021812,-0.041370,5.012876,0.000000,0.000000,5.000000,0.048508,0
1784303493.089375,ADAPTIVE,TRACKING,400,22.903628,38.841713,-0.025899,-0.033464,5.014105,0.000000,0.000000,5.000000,0.044604,0
1784303493.139293,ADAPTIVE,TRACKING,400,25.121730,52.031104,-0.027550,-0.030254,5.013802,0.000000,0.000000,5.000000,0.043183,0
1784303493.189263,ADAPTIVE,TRACKING,400,24.511025,40.340944,-0.026277,-0.026074,5.015593,0.000000,0.000000,5.000000,0.040168,0
1784303493.239265,ADAPTIVE,TRACKING,400,24.523859,49.890274,-0.025502,-0.024941,5.017428,0.000000,0.000000,5.000000,0.039701,0
1784303493.289261,ADAPTIVE,TRACKING,400,24.913455,40.672419,-0.022984,-0.023262,5.025678,0.000000,0.000000,5.000000,0.041578,0
1784303493.339303,ADAPTIVE,TRACKING,400,32.678523,57.685258,-0.021671,-0.023403,5.029096,0.000000,0.000000,5.000000,0.043173,0
1784303493.389252,ADAPTIVE,TRACKING,400,25.023490,41.107140,-0.019083,-0.023310,5.032502,0.000000,0.000000,5.000000,0.044316,0
1784303493.439253,ADAPTIVE,TRACKING,400,25.033267,49.883927,-0.016310,-0.024360,5.035577,0.000000,0.000000,5.000000,0.046100,0
1784303493.489275,ADAPTIVE,TRACKING,400,34.136324,50.214321,-0.010269,-0.026148,5.040591,0.000000,0.000000,5.000000,0.049364,0
1784303493.539297,ADAPTIVE,TRACKING,400,35.144904,50.901129,-0.007260,-0.025950,5.041394,0.000000,0.000000,5.000000,0.049392,0
1784303493.589241,ADAPTIVE,TRACKING,381,27.843311,42.528367,-0.000977,-0.023974,5.040704,0.000000,0.000000,5.000000,0.047250,0
1784303493.639290,ADAPTIVE,TRACKING,365,25.963599,47.986663,0.001914,-0.022836,5.039803,0.000000,0.000000,5.000000,0.045928,0
1784303493.689254,ADAPTIVE,TRACKING,387,28.290068,44.303906,0.007249,-0.020367,5.039032,0.000000,0.000000,5.000000,0.044619,0
1784303493.739285,ADAPTIVE,TRACKING,400,24.636909,46.228899,0.009224,-0.019369,5.039263,0.000000,0.000000,5.000000,0.044742,0
1784303493.789262,ADAPTIVE,TRACKING,400,26.000255,41.999820,0.012758,-0.020105,5.039961,0.000000,0.000000,5.000000,0.046518,0
1784303493.839291,ADAPTIVE,TRACKING,400,28.685171,52.577360,0.014396,-0.022339,5.040607,0.000000,0.000000,5.000000,0.048531,0
1784303493.889247,ADAPTIVE,TRACKING,400,25.921182,41.821544,0.018180,-0.026390,5.038967,0.000000,0.000000,5.000000,0.050451,0
1784303493.939286,ADAPTIVE,TRACKING,400,26.282877,50.262132,0.021044,-0.027820,5.037588,0.000000,0.000000,5.000000,0.051280,0
1784303493.989238,ADAPTIVE,TRACKING,400,24.373863,40.342995,0.026155,-0.029954,5.035307,0.000000,0.000000,5.000000,0.053178,0
1784303494.039284,ADAPTIVE,TRACKING,400,25.151086,50.697600,0.028447,-0.030345,5.034104,0.000000,0.000000,5.000000,0.053788,0
1784303494.089267,ADAPTIVE,TRACKING,400,24.597969,40.572178,0.033430,-0.028029,5.029393,0.000000,0.000000,5.000000,0.052603,0
1784303494.139277,ADAPTIVE,TRACKING,400,23.939644,49.216662,0.035330,-0.026888,5.026171,0.000000,0.000000,5.000000,0.051537,0
1784303494.189253,ADAPTIVE,TRACKING,400,23.702519,39.551198,0.041367,-0.025858,5.016922,0.000000,0.000000,5.000000,0.051636,0
1784303494.239286,ADAPTIVE,TRACKING,400,23.265286,49.404656,0.044431,-0.025374,5.012590,0.000000,0.000000,5.000000,0.052692,0
1784303494.289251,ADAPTIVE,TRACKING,400,24.438045,40.452316,0.050880,-0.022618,5.002444,0.000000,0.000000,5.000000,0.055735,0
1784303494.339285,ADAPTIVE,TRACKING,400,24.240102,49.689119,0.053598,-0.020656,4.997855,0.000000,0.000000,5.000000,0.057481,0
1784303494.389256,ADAPTIVE,TRACKING,400,24.350522,40.113112,0.058222,-0.016562,4.990882,0.000000,0.000000,5.000000,0.061215,0
1784303494.439292,ADAPTIVE,TRACKING,400,23.896700,49.473707,0.061354,-0.015457,4.990523,0.000000,0.000000,5.000000,0.063976,0
1784303494.489264,ADAPTIVE,TRACKING,400,22.893607,38.761764,0.067344,-0.012715,4.988613,0.000000,0.000000,5.000000,0.069473,0
1784303494.539292,ADAPTIVE,TRACKING,400,24.628636,51.630746,0.069790,-0.012001,4.988177,0.000000,0.000000,5.000000,0.071795,0
1784303494.589257,ADAPTIVE,TRACKING,400,23.174092,38.978838,0.073945,-0.011428,4.988533,0.000000,0.000000,5.000000,0.075697,0
1784303494.639285,ADAPTIVE,TRACKING,400,23.786185,50.495029,0.075457,-0.010946,4.988870,0.000000,0.000000,5.000000,0.077055,0
1784303494.689259,ADAPTIVE,TRACKING,400,23.752464,39.706874,0.079244,-0.010310,4.993031,0.000000,0.000000,5.000000,0.080216,0
1784303494.739288,ADAPTIVE,TRACKING,400,23.896021,50.034319,0.080402,-0.009975,4.995803,0.000000,0.000000,5.000000,0.081127,0
1784303494.789256,ADAPTIVE,TRACKING,400,23.703904,39.492338,0.081713,-0.009030,5.003006,0.000000,0.000000,5.000000,0.082265,0
1784303494.839290,ADAPTIVE,TRACKING,400,23.795472,50.022000,0.082050,-0.008346,5.007004,0.000000,0.000000,5.000000,0.082771,0
1784303494.889256,ADAPTIVE,TRACKING,400,23.970856,39.885669,0.080740,-0.006742,5.016643,0.000000,0.000000,5.000000,0.082712,0
1784303494.939290,ADAPTIVE,TRACKING,400,23.372713,49.333672,0.078825,-0.005719,5.021211,0.000000,0.000000,5.000000,0.081829,0
1784303494.989250,ADAPTIVE,TRACKING,400,23.274668,39.243011,0.074193,-0.003455,5.028807,0.000000,0.000000,5.000000,0.079664,0
1784303495.039287,ADAPTIVE,TRACKING,400,23.875717,50.489606,0.071131,-0.001200,5.030723,0.000000,0.000000,5.000000,0.077491,0
1784303495.089272,ADAPTIVE,TRACKING,400,25.884188,41.760137,0.060895,0.009907,5.035261,0.000000,0.000000,5.000000,0.071061,0
1784303495.139281,ADAPTIVE,TRACKING,400,24.097789,48.095158,0.056077,0.014589,5.036940,0.000000,0.000000,5.000000,0.068717,0
1784303495.189255,ADAPTIVE,TRACKING,400,24.042238,40.005772,0.043750,0.023104,5.043182,0.000000,0.000000,5.000000,0.065670,0
1784303495.239606,ADAPTIVE,TRACKING,400,23.945988,50.121489,0.037257,0.026995,5.045871,0.000000,0.000000,5.000000,0.064969,0
1784303495.289265,ADAPTIVE,TRACKING,400,27.998545,43.796218,0.022624,0.034019,5.049000,0.000000,0.000000,5.000000,0.063797,0
1784303495.339288,ADAPTIVE,TRACKING,400,26.617098,48.523094,0.016211,0.036338,5.050291,0.000000,0.000000,5.000000,0.064128,0
1784303495.389251,ADAPTIVE,TRACKING,400,24.256265,40.154170,0.004085,0.040415,5.050084,0.000000,0.000000,5.000000,0.064486,0
1784303495.439283,ADAPTIVE,TRACKING,400,23.497014,49.130489,-0.000095,0.042308,5.049480,0.000000,0.000000,5.000000,0.065102,0
1784303495.489255,ADAPTIVE,TRACKING,400,23.909647,39.883105,-0.009172,0.045557,5.048667,0.000000,0.000000,5.000000,0.067291,0
1784303495.539261,ADAPTIVE,TRACKING,400,25.567068,51.465014,-0.013496,0.046801,5.047817,0.000000,0.000000,5.000000,0.068257,0
1784303495.589253,ADAPTIVE,TRACKING,400,25.650749,41.550862,-0.022634,0.048872,5.045865,0.000000,0.000000,5.000000,0.070741,0
1784303495.639285,ADAPTIVE,TRACKING,400,25.146173,49.380472,-0.026952,0.049559,5.045149,0.000000,0.000000,5.000000,0.072257,0
1784303495.689250,ADAPTIVE,TRACKING,400,25.237760,41.190193,-0.036289,0.050663,5.048357,0.000000,0.000000,5.000000,0.078880,0
1784303495.739257,ADAPTIVE,TRACKING,400,24.100152,48.699797,-0.040138,0.050749,5.049988,0.000000,0.000000,5.000000,0.081764,0
1784303495.789267,ADAPTIVE,TRACKING,400,25.955804,41.931710,-0.047541,0.049653,5.051546,0.000000,0.000000,5.000000,0.085922,0
1784303495.839264,ADAPTIVE,TRACKING,400,22.769340,46.610112,-0.051058,0.048264,5.054326,0.000000,0.000000,5.000000,0.088813,0
1784303495.889261,ADAPTIVE,TRACKING,400,24.497672,40.529856,-0.057668,0.045490,5.056803,0.000000,0.000000,5.000000,0.092852,0
1784303495.939261,ADAPTIVE,TRACKING,400,23.174920,48.574077,-0.060323,0.045763,5.057348,0.000000,0.000000,5.000000,0.094984,0
1784303495.989251,ADAPTIVE,TRACKING,400,22.811835,38.769387,-0.064763,0.045587,5.056738,0.000000,0.000000,5.000000,0.097425,0
1784303496.039392,ADAPTIVE,TRACKING,400,25.830260,53.044004,-0.066444,0.045149,5.054797,0.000000,0.000000,5.000000,0.097242,0
1784303496.089257,ADAPTIVE,TRACKING,400,23.826696,39.596765,-0.068180,0.043644,5.046350,0.000000,0.000000,5.000000,0.093283,0
1784303496.139301,ADAPTIVE,TRACKING,400,23.629089,49.729342,-0.068673,0.042664,5.041697,0.000000,0.000000,5.000000,0.090966,0
1784303496.189245,ADAPTIVE,TRACKING,400,23.575972,39.450303,-0.066410,0.041492,5.036531,0.000000,0.000000,5.000000,0.086408,0
1784303496.239255,ADAPTIVE,TRACKING,400,23.628820,49.857883,-0.064506,0.040753,5.033787,0.000000,0.000000,5.000000,0.083447,0
1784303496.289829,ADAPTIVE,TRACKING,400,24.881003,41.325600,-0.059969,0.036849,5.026448,0.000000,0.000000,5.000000,0.075191,0
1784303496.339285,ADAPTIVE,TRACKING,400,23.795067,48.250125,-0.057840,0.034166,5.024320,0.000000,0.000000,5.000000,0.071443,0
1784303496.389256,ADAPTIVE,TRACKING,400,23.571770,39.649136,-0.052634,0.028749,5.020945,0.000000,0.000000,5.000000,0.063525,0
1784303496.439257,ADAPTIVE,TRACKING,400,23.614483,49.889091,-0.049293,0.025525,5.019145,0.000000,0.000000,5.000000,0.058719,0
1784303496.489257,ADAPTIVE,TRACKING,400,26.226393,42.264854,-0.041592,0.018637,5.012496,0.000000,0.000000,5.000000,0.047258,0
1784303496.539253,ADAPTIVE,TRACKING,400,24.187325,47.830138,-0.036976,0.015372,5.009976,0.000000,0.000000,5.000000,0.041268,0
1784303496.589253,ADAPTIVE,TRACKING,400,24.505477,40.361390,-0.025813,0.008347,5.009008,0.000000,0.000000,5.000000,0.028585,0
1784303496.639314,ADAPTIVE,TRACKING,400,25.063090,50.461813,-0.020397,0.004855,5.009293,0.000000,0.000000,5.000000,0.022934,0
1784303496.689270,ADAPTIVE,TRACKING,400,24.777196,40.466349,-0.006663,-0.005239,5.015981,0.000000,0.000000,5.000000,0.018090,0
1784303496.739254,ADAPTIVE,TRACKING,400,22.979945,48.029881,-0.000305,-0.009704,5.019503,0.000000,0.000000,5.000000,0.021786,0
1784303496.789278,ADAPTIVE,TRACKING,400,25.056155,40.847941,0.012358,-0.018349,5.026970,0.000000,0.000000,5.000000,0.034883,0
1784303496.839257,ADAPTIVE,TRACKING,400,25.194875,49.981893,0.018566,-0.022674,5.031422,0.000000,0.000000,5.000000,0.042967,0
1784303496.889253,ADAPTIVE,TRACKING,400,25.017646,41.093394,0.032071,-0.031827,5.037249,0.000000,0.000000,5.000000,0.058558,0
1784303496.939390,ADAPTIVE,TRACKING,400,25.139562,50.136567,0.038491,-0.036744,5.038363,0.000000,0.000000,5.000000,0.065600,0
1784303496.989248,ADAPTIVE,TRACKING,400,23.906804,39.986211,0.049945,-0.045979,5.043948,0.000000,0.000000,5.000000,0.080870,0
1784303497.039290,ADAPTIVE,TRACKING,400,24.107414,50.123751,0.054750,-0.050370,5.047063,0.000000,0.000000,5.000000,0.088031,0
1784303497.089257,ADAPTIVE,TRACKING,400,23.756791,39.514431,0.062247,-0.060080,5.052592,0.000000,0.000000,5.000000,0.101244,0
1784303497.139289,ADAPTIVE,TRACKING,400,23.767414,49.908357,0.064985,-0.063569,5.053748,0.000000,0.000000,5.000000,0.105607,0
1784303497.189266,ADAPTIVE,TRACKING,400,25.627299,41.594580,0.069486,-0.068182,5.054186,0.000000,0.000000,5.000000,0.111415,0
1784303497.239258,ADAPTIVE,TRACKING,400,23.243518,47.479380,0.071247,-0.069823,5.053021,0.000000,0.000000,5.000000,0.112972,0
1784303497.289261,ADAPTIVE,TRACKING,400,26.779060,42.492708,0.073744,-0.071609,5.050247,0.000000,0.000000,5.000000,0.114415,0
1784303497.339299,ADAPTIVE,TRACKING,400,24.750887,47.865933,0.074209,-0.071398,5.049717,0.000000,0.000000,5.000000,0.114352,0
1784303497.389261,ADAPTIVE,TRACKING,400,24.370832,40.061262,0.074153,-0.070009,5.048630,0.000000,0.000000,5.000000,0.112981,0
1784303497.439257,ADAPTIVE,TRACKING,400,24.090376,49.585966,0.074226,-0.068518,5.045587,0.000000,0.000000,5.000000,0.110826,0
1784303497.489284,ADAPTIVE,TRACKING,400,25.738721,41.504586,0.073361,-0.064196,5.036159,0.000000,0.000000,5.000000,0.103974,0
1784303497.539253,ADAPTIVE,TRACKING,400,22.982593,47.061572,0.072681,-0.060991,5.031162,0.000000,0.000000,5.000000,0.099868,0
1784303497.589265,ADAPTIVE,TRACKING,400,23.270339,38.959003,0.070724,-0.052482,5.018955,0.000000,0.000000,5.000000,0.090086,0
1784303497.639309,ADAPTIVE,TRACKING,400,24.531313,51.161171,0.069404,-0.048202,5.013398,0.000000,0.000000,5.000000,0.085556,0
1784303497.689277,ADAPTIVE,TRACKING,400,24.269228,40.265438,0.060670,-0.037297,5.004485,0.000000,0.000000,5.000000,0.071358,0
1784303497.739311,ADAPTIVE,TRACKING,400,24.560002,50.168306,0.056244,-0.032521,5.001571,0.000000,0.000000,5.000000,0.064988,0
1784303497.789265,ADAPTIVE,TRACKING,400,24.026077,39.740379,0.047753,-0.020854,4.998521,0.000000,0.000000,5.000000,0.052129,0
1784303497.839289,ADAPTIVE,TRACKING,400,26.100121,51.994801,0.043569,-0.013367,4.996659,0.000000,0.000000,5.000000,0.045696,0
1784303497.889261,ADAPTIVE,TRACKING,400,28.333103,44.075057,0.033858,0.001746,4.992916,0.000000,0.000000,5.000000,0.034635,0
1784303497.939297,ADAPTIVE,TRACKING,400,23.424193,45.012443,0.029096,0.007283,4.991578,0.000000,0.000000,5.000000,0.031154,0
1784303497.989260,ADAPTIVE,TRACKING,400,23.934331,39.984048,0.019301,0.017656,4.992408,0.000000,0.000000,5.000000,0.027238,0
1784303498.039325,ADAPTIVE,TRACKING,400,23.420542,49.424914,0.014134,0.022908,4.993213,0.000000,0.000000,5.000000,0.027760,0
1784303498.089269,ADAPTIVE,TRACKING,400,24.328141,40.413443,0.001358,0.036655,4.991187,0.000000,0.000000,5.000000,0.037724,0
1784303498.139275,ADAPTIVE,TRACKING,400,28.546475,54.097129,-0.004015,0.042232,4.989938,0.000000,0.000000,5.000000,0.043599,0
1784303498.189276,ADAPTIVE,TRACKING,400,25.480644,41.271377,-0.016441,0.049524,4.986695,0.000000,0.000000,5.000000,0.053851,0
1784303498.239306,ADAPTIVE,TRACKING,400,23.245676,47.669054,-0.022542,0.052185,4.985167,0.000000,0.000000,5.000000,0.058749,0
1784303498.289276,ADAPTIVE,TRACKING,400,27.397001,43.181045,-0.035904,0.058906,4.981285,0.000000,0.000000,5.000000,0.071479,0
1784303498.339319,ADAPTIVE,TRACKING,400,23.324168,45.851569,-0.041669,0.062330,4.980104,0.000000,0.000000,5.000000,0.077570,0
1784303498.389265,ADAPTIVE,TRACKING,400,24.142733,39.897543,-0.051825,0.068036,4.979974,0.000000,0.000000,5.000000,0.087839,0
1784303498.439299,ADAPTIVE,TRACKING,400,24.077173,49.842492,-0.057265,0.071544,4.981616,0.000000,0.000000,5.000000,0.093465,0
1784303498.489268,ADAPTIVE,TRACKING,400,23.795233,39.608888,-0.068145,0.077678,4.985538,0.000000,0.000000,5.000000,0.104339,0
1784303498.539292,ADAPTIVE,TRACKING,400,24.393867,50.477847,-0.071724,0.079755,4.986615,0.000000,0.000000,5.000000,0.108094,0
1784303498.589274,ADAPTIVE,TRACKING,400,25.620007,41.480547,-0.076736,0.082802,4.989456,0.000000,0.000000,5.000000,0.113384,0
1784303498.639271,ADAPTIVE,TRACKING,400,27.733252,51.969671,-0.078963,0.083918,4.989667,0.000000,0.000000,5.000000,0.115690,0
1784303498.689276,ADAPTIVE,TRACKING,400,24.837507,40.635472,-0.079806,0.087915,4.993032,0.000000,0.000000,5.000000,0.118939,0
1784303498.739309,ADAPTIVE,TRACKING,400,25.334181,50.381408,-0.079415,0.089335,4.995449,0.000000,0.000000,5.000000,0.119617,0
1784303498.789267,ADAPTIVE,TRACKING,400,26.951480,42.914742,-0.077715,0.090679,5.001018,0.000000,0.000000,5.000000,0.119429,0
1784303498.839285,ADAPTIVE,TRACKING,400,23.713926,46.612117,-0.076259,0.090544,5.004744,0.000000,0.000000,5.000000,0.118474,0
1784303498.889255,ADAPTIVE,TRACKING,400,23.072101,38.995709,-0.071681,0.087718,5.011656,0.000000,0.000000,5.000000,0.113879,0
1784303498.939284,ADAPTIVE,TRACKING,400,23.943652,50.755785,-0.068272,0.082340,5.015951,0.000000,0.000000,5.000000,0.108145,0
1784303498.989248,ADAPTIVE,TRACKING,400,25.940114,41.874534,-0.060988,0.071409,5.023266,0.000000,0.000000,5.000000,0.096748,0
1784303499.039283,ADAPTIVE,TRACKING,400,23.419484,47.368172,-0.057307,0.065422,5.027703,0.000000,0.000000,5.000000,0.091277,0
1784303499.089254,ADAPTIVE,TRACKING,400,24.395760,40.426158,-0.050065,0.049538,5.035616,0.000000,0.000000,5.000000,0.078924,0
1784303499.139300,ADAPTIVE,TRACKING,400,23.926488,49.475063,-0.046686,0.042674,5.038062,0.000000,0.000000,5.000000,0.073820,0
1784303499.189250,ADAPTIVE,TRACKING,400,24.230007,40.104193,-0.037486,0.028861,5.039465,0.000000,0.000000,5.000000,0.061609,0
1784303499.239254,ADAPTIVE,TRACKING,400,23.115437,48.724860,-0.032606,0.022021,5.040159,0.000000,0.000000,5.000000,0.056221,0
1784303499.289255,ADAPTIVE,TRACKING,400,24.206978,40.170893,-0.021122,0.009369,5.038717,0.000000,0.000000,5.000000,0.045088,0
1784303499.339391,ADAPTIVE,TRACKING,400,23.477548,49.239117,-0.015717,0.005207,5.036329,0.000000,0.000000,5.000000,0.039924,0
1784303499.389319,ADAPTIVE,TRACKING,400,23.384051,39.222191,-0.005084,-0.003045,5.031866,0.000000,0.000000,5.000000,0.032412,0
1784303499.439283,ADAPTIVE,TRACKING,400,26.152521,52.586360,-0.001622,-0.005943,5.028514,0.000000,0.000000,5.000000,0.029172,0
1784303499.489273,ADAPTIVE,TRACKING,400,25.110252,40.852528,0.006337,-0.012450,5.021768,0.000000,0.000000,5.000000,0.025865,0
1784303499.539377,ADAPTIVE,TRACKING,400,22.869557,47.747381,0.010365,-0.014777,5.020412,0.000000,0.000000,5.000000,0.027248,0
1784303499.589253,ADAPTIVE,TRACKING,400,23.939382,39.737809,0.019018,-0.018333,5.017945,0.000000,0.000000,5.000000,0.031934,0
1784303499.639310,ADAPTIVE,TRACKING,400,23.273202,49.269800,0.023055,-0.019994,5.015790,0.000000,0.000000,5.000000,0.034360,0
1784303499.689265,ADAPTIVE,TRACKING,400,23.197557,38.924671,0.028529,-0.023915,5.013707,0.000000,0.000000,5.000000,0.039670,0
1784303499.739310,ADAPTIVE,TRACKING,400,24.027355,50.700342,0.030444,-0.025504,5.014095,0.000000,0.000000,5.000000,0.042143,0
1784303499.789257,ADAPTIVE,TRACKING,400,22.917797,38.704398,0.032200,-0.025666,5.015769,0.000000,0.000000,5.000000,0.044093,0
1784303499.839293,ADAPTIVE,TRACKING,400,24.552770,51.590821,0.031572,-0.023624,5.018660,0.000000,0.000000,5.000000,0.043624,0
1784303499.889289,ADAPTIVE,TRACKING,400,31.155511,46.917249,0.030311,-0.019296,5.025202,0.000000,0.000000,5.000000,0.043889,0
1784303499.939316,ADAPTIVE,TRACKING,400,28.391782,47.003603,0.030618,-0.017168,5.029129,0.000000,0.000000,5.000000,0.045615,0
1784303499.989249,ADAPTIVE,TRACKING,400,24.101980,39.879042,0.030716,-0.013354,5.035028,0.000000,0.000000,5.000000,0.048463,0
1784303500.039305,ADAPTIVE,TRACKING,400,23.676860,49.516923,0.030087,-0.011583,5.037729,0.000000,0.000000,5.000000,0.049627,0
1784303500.089267,ADAPTIVE,TRACKING,400,23.512135,39.299069,0.025369,-0.007731,5.041579,0.000000,0.000000,5.000000,0.049317,0
1784303500.139299,ADAPTIVE,TRACKING,400,24.316569,50.698928,0.023367,-0.005918,5.042999,0.000000,0.000000,5.000000,0.049295,0
1784303500.189286,ADAPTIVE,TRACKING,400,26.143206,41.967688,0.018278,-0.005820,5.046875,0.000000,0.000000,5.000000,0.050648,0
1784303500.239292,ADAPTIVE,TRACKING,400,24.249506,47.999640,0.015651,-0.006122,5.048985,0.000000,0.000000,5.000000,0.051788,0
1784303500.289266,ADAPTIVE,TRACKING,400,23.867869,39.672337,0.008662,-0.005708,5.054574,0.000000,0.000000,5.000000,0.055551,0
1784303500.339306,ADAPTIVE,TRACKING,400,24.162077,50.197971,0.004919,-0.005092,5.057487,0.000000,0.000000,5.000000,0.057921,0
1784303500.389268,ADAPTIVE,TRACKING,400,23.743253,39.685009,-0.002287,-0.003805,5.062094,0.000000,0.000000,5.000000,0.062252,0
1784303500.439313,ADAPTIVE,TRACKING,400,44.342007,70.528727,-0.005807,-0.001493,5.064671,0.000000,0.000000,5.000000,0.064948,0
1784303500.489265,ADAPTIVE,TRACKING,390,23.060248,28.530406,-0.013180,0.003244,5.068817,0.000000,0.000000,5.000000,0.070143,0
1784303500.539300,ADAPTIVE,TRACKING,392,23.034520,49.879049,-0.015600,0.005449,5.070541,0.000000,0.000000,5.000000,0.072451,0
1784303500.589260,ADAPTIVE,TRACKING,393,28.802205,44.668306,-0.019058,0.009796,5.073192,0.000000,0.000000,5.000000,0.076264,0
1784303500.639305,ADAPTIVE,TRACKING,400,24.216030,45.265849,-0.020645,0.011632,5.072765,0.000000,0.000000,5.000000,0.076527,0
1784303500.689276,ADAPTIVE,TRACKING,400,31.320203,47.130419,-0.023532,0.013504,5.066407,0.000000,0.000000,5.000000,0.071735,0
1784303500.739327,ADAPTIVE,TRACKING,400,26.102172,44.611012,-0.024626,0.013978,5.062742,0.000000,0.000000,5.000000,0.068835,0
1784303500.789263,ADAPTIVE,TRACKING,400,24.205835,40.023288,-0.027279,0.013471,5.057312,0.000000,0.000000,5.000000,0.064887,0
1784303500.839306,ADAPTIVE,TRACKING,400,28.737872,54.465547,-0.028988,0.012253,5.056581,0.000000,0.000000,5.000000,0.064745,0
1784303500.889273,ADAPTIVE,TRACKING,400,26.828784,42.563972,-0.032526,0.009681,5.055168,0.000000,0.000000,5.000000,0.064770,0
1784303500.939361,ADAPTIVE,TRACKING,400,28.209351,51.337023,-0.034949,0.008286,5.056683,0.000000,0.000000,5.000000,0.067105,0
1784303500.989274,ADAPTIVE,TRACKING,400,37.185676,53.021653,-0.039266,0.005554,5.058259,0.000000,0.000000,5.000000,0.070476,0
1784303501.039273,ADAPTIVE,TRACKING,390,27.194899,39.838268,-0.041306,0.004059,5.059624,0.000000,0.000000,5.000000,0.072648,0
1784303501.089262,ADAPTIVE,TRACKING,385,25.607204,41.454319,-0.045891,-0.000083,5.061674,0.000000,0.000000,5.000000,0.076875,0
1784303501.139287,ADAPTIVE,TRACKING,392,25.107069,49.410783,-0.047565,-0.001794,5.060456,0.000000,0.000000,5.000000,0.076945,0
1784303501.189260,ADAPTIVE,TRACKING,400,24.503980,40.084130,-0.050632,-0.005688,5.063157,0.000000,0.000000,5.000000,0.081146,0
1784303501.239269,ADAPTIVE,TRACKING,400,27.683633,53.075228,-0.051847,-0.007652,5.065975,0.000000,0.000000,5.000000,0.084258,0
1784303501.289260,ADAPTIVE,TRACKING,400,34.805044,50.710825,-0.054701,-0.012179,5.071275,0.000000,0.000000,5.000000,0.090668,0
1784303501.339273,ADAPTIVE,TRACKING,400,28.135605,43.153224,-0.056137,-0.014272,5.073010,0.000000,0.000000,5.000000,0.093197,0
1784303501.389278,ADAPTIVE,TRACKING,397,27.141786,42.979289,-0.058337,-0.018164,5.074939,0.000000,0.000000,5.000000,0.096690,0
1784303501.439280,ADAPTIVE,TRACKING,398,32.975163,55.722824,-0.057934,-0.019810,5.076969,0.000000,0.000000,5.000000,0.098352,0
1784303501.489263,ADAPTIVE,TRACKING,400,28.703846,44.575902,-0.056667,-0.023428,5.078368,0.000000,0.000000,5.000000,0.099507,0
1784303501.539264,ADAPTIVE,TRACKING,400,24.282082,45.428241,-0.054950,-0.025560,5.077053,0.000000,0.000000,5.000000,0.098030,0
1784303501.589270,ADAPTIVE,TRACKING,400,28.235072,43.992743,-0.049764,-0.030508,5.073623,0.000000,0.000000,5.000000,0.093955,0
1784303501.639321,ADAPTIVE,TRACKING,400,23.782516,45.484380,-0.047260,-0.032546,5.071781,0.000000,0.000000,5.000000,0.091898,0
1784303501.689283,ADAPTIVE,TRACKING,400,24.696344,40.350981,-0.044612,-0.034596,5.068694,0.000000,0.000000,5.000000,0.088916,0
1784303501.739259,ADAPTIVE,TRACKING,400,25.292932,50.430111,-0.043571,-0.035171,5.067833,0.000000,0.000000,5.000000,0.087959,0
1784303501.789275,ADAPTIVE,TRACKING,400,25.004563,40.834297,-0.042407,-0.036415,5.068450,0.000000,0.000000,5.000000,0.088373,0
1784303501.839260,ADAPTIVE,TRACKING,400,30.682952,55.550888,-0.042680,-0.037064,5.069655,0.000000,0.000000,5.000000,0.089706,0
1784303501.889282,ADAPTIVE,TRACKING,400,25.471261,41.381428,-0.042499,-0.037581,5.069365,0.000000,0.000000,5.000000,0.089610,0
1784303501.939330,ADAPTIVE,TRACKING,400,24.449591,48.903347,-0.042447,-0.037018,5.070027,0.000000,0.000000,5.000000,0.089866,0
1784303501.989247,ADAPTIVE,TRACKING,400,26.761940,42.450284,-0.041745,-0.035904,5.069157,0.000000,0.000000,5.000000,0.088400,0
1784303502.039619,ADAPTIVE,TRACKING,400,29.317662,52.827224,-0.040895,-0.034780,5.068189,0.000000,0.000000,5.000000,0.086786,0
1784303502.089288,ADAPTIVE,TRACKING,400,23.357895,39.450023,-0.037046,-0.029036,5.064387,0.000000,0.000000,5.000000,0.079758,0
1784303502.139302,ADAPTIVE,TRACKING,400,29.150106,55.650002,-0.035241,-0.026498,5.062223,0.000000,0.000000,5.000000,0.076261,0
1784303502.189280,ADAPTIVE,TRACKING,400,38.138494,54.039272,-0.028270,-0.022502,5.061501,0.000000,0.000000,5.000000,0.071330,0
1784303502.239274,ADAPTIVE,TRACKING,397,26.615589,38.319544,-0.024527,-0.020598,5.061290,0.000000,0.000000,5.000000,0.069154,0
1784303502.289263,ADAPTIVE,TRACKING,382,26.787925,42.403663,-0.015507,-0.015701,5.059870,0.000000,0.000000,5.000000,0.063808,0
1784303502.339287,ADAPTIVE,TRACKING,387,23.617928,46.718697,-0.011044,-0.013313,5.058589,0.000000,0.000000,5.000000,0.061089,0
1784303502.389271,ADAPTIVE,TRACKING,400,24.653965,40.386428,-0.002466,-0.008650,5.054870,0.000000,0.000000,5.000000,0.055602,0
1784303502.439270,ADAPTIVE,TRACKING,400,25.268601,50.496718,-0.000292,-0.003128,5.054294,0.000000,0.000000,5.000000,0.054384,0
1784303502.489273,ADAPTIVE,TRACKING,400,29.197884,44.943832,0.005035,0.008031,5.048002,0.000000,0.000000,5.000000,0.048929,0
1784303502.539270,ADAPTIVE,TRACKING,400,37.663705,58.319918,0.007417,0.012589,5.045859,0.000000,0.000000,5.000000,0.048130,0
1784303502.589262,ADAPTIVE,TRACKING,390,24.046160,36.193323,0.012153,0.021344,5.046103,0.000000,0.000000,5.000000,0.052237,0
1784303502.639283,ADAPTIVE,TRACKING,393,29.537398,55.340096,0.014494,0.025690,5.046710,0.000000,0.000000,5.000000,0.055244,0
1784303502.689269,ADAPTIVE,TRACKING,389,26.337326,42.082729,0.020301,0.037372,5.049289,0.000000,0.000000,5.000000,0.065101,0
1784303502.739306,ADAPTIVE,TRACKING,400,24.436016,47.987972,0.022607,0.042395,5.049619,0.000000,0.000000,5.000000,0.069068,0
1784303502.789269,ADAPTIVE,TRACKING,400,25.638322,41.433314,0.024571,0.052680,5.051468,0.000000,0.000000,5.000000,0.077639,0
1784303502.839288,ADAPTIVE,TRACKING,400,30.395615,54.583999,0.023942,0.058272,5.052343,0.000000,0.000000,5.000000,0.081907,0
1784303502.889255,ADAPTIVE,TRACKING,400,24.767914,40.840612,0.022634,0.069646,5.051230,0.000000,0.000000,5.000000,0.089372,0
1784303502.939290,ADAPTIVE,TRACKING,400,25.802660,50.972666,0.021821,0.074665,5.052582,0.000000,0.000000,5.000000,0.093893,0
1784303502.989258,ADAPTIVE,TRACKING,400,24.554592,40.581430,0.020440,0.083305,5.053497,0.000000,0.000000,5.000000,0.101091,0
1784303503.039303,ADAPTIVE,TRACKING,400,26.124343,51.509094,0.019799,0.087131,5.054380,0.000000,0.000000,5.000000,0.104599,0
1784303503.089256,ADAPTIVE,TRACKING,400,26.613530,42.611656,0.018293,0.095325,5.055759,0.000000,0.000000,5.000000,0.111940,0
1784303503.139301,ADAPTIVE,TRACKING,400,24.201747,47.421646,0.017738,0.098046,5.056505,0.000000,0.000000,5.000000,0.114544,0
1784303503.189265,ADAPTIVE,TRACKING,400,24.380945,40.240341,0.018285,0.104070,5.057093,0.000000,0.000000,5.000000,0.120102,0
1784303503.239287,ADAPTIVE,TRACKING,400,26.310139,51.787420,0.018724,0.106573,5.057080,0.000000,0.000000,5.000000,0.122338,0
1784303503.289259,ADAPTIVE,TRACKING,400,23.555561,39.446874,0.019296,0.111231,5.057189,0.000000,0.000000,5.000000,0.126551,0
1784303503.339285,ADAPTIVE,TRACKING,400,23.697648,50.039648,0.019309,0.112833,5.056783,0.000000,0.000000,5.000000,0.127783,0
1784303503.389304,ADAPTIVE,TRACKING,400,24.488353,40.463364,0.019103,0.114508,5.053393,0.000000,0.000000,5.000000,0.127780,0
1784303503.439306,ADAPTIVE,TRACKING,400,23.253990,48.625074,0.018888,0.117550,5.051615,0.000000,0.000000,5.000000,0.129765,0
1784303503.489270,ADAPTIVE,TRACKING,400,23.342311,39.166770,0.017899,0.121383,5.046834,0.000000,0.000000,5.000000,0.131331,0
1784303503.539305,ADAPTIVE,TRACKING,400,23.338424,49.892680,0.017347,0.121904,5.046009,0.000000,0.000000,5.000000,0.131447,0
1784303503.589255,ADAPTIVE,TRACKING,400,24.382731,40.114862,0.016268,0.121352,5.041264,0.000000,0.000000,5.000000,0.129204,0
1784303503.639291,ADAPTIVE,TRACKING,400,24.160182,49.671271,0.015765,0.120149,5.039003,0.000000,0.000000,5.000000,0.127301,0
1784303503.689269,ADAPTIVE,TRACKING,400,25.654996,41.456105,0.014598,0.113882,5.035972,0.000000,0.000000,5.000000,0.120317,0
1784303503.739307,ADAPTIVE,TRACKING,400,24.624690,48.863240,0.014126,0.110192,5.034036,0.000000,0.000000,5.000000,0.116190,0
1784303503.789274,ADAPTIVE,TRACKING,400,25.359977,41.309128,0.013158,0.100727,5.028588,0.000000,0.000000,5.000000,0.105528,0
1784303503.839289,ADAPTIVE,TRACKING,400,23.582399,48.137779,0.012660,0.094788,5.025925,0.000000,0.000000,5.000000,0.099082,0
1784303503.889258,ADAPTIVE,TRACKING,400,24.550211,40.505923,0.010957,0.080463,5.022739,0.000000,0.000000,5.000000,0.084329,0
1784303503.939290,ADAPTIVE,TRACKING,400,23.085642,48.462540,0.009443,0.072887,5.020841,0.000000,0.000000,5.000000,0.076393,0
1784303503.989253,ADAPTIVE,TRACKING,400,23.994715,40.007848,0.006744,0.057442,5.015763,0.000000,0.000000,5.000000,0.059946,0
1784303504.039304,ADAPTIVE,TRACKING,400,25.530759,51.429824,0.006224,0.049246,5.012514,0.000000,0.000000,5.000000,0.051191,0
1784303504.089256,ADAPTIVE,TRACKING,400,25.730518,41.815031,0.009235,0.028520,5.006212,0.000000,0.000000,5.000000,0.030615,0
1784303504.139289,ADAPTIVE,TRACKING,400,24.101266,48.277368,0.010466,0.019504,5.004271,0.000000,0.000000,5.000000,0.022543,0
1784303504.189254,ADAPTIVE,TRACKING,400,23.696165,39.675991,0.015714,-0.000578,5.002941,0.000000,0.000000,5.000000,0.015998,0
1784303504.239304,ADAPTIVE,TRACKING,400,24.437212,50.646765,0.018459,-0.010513,5.003191,0.000000,0.000000,5.000000,0.021481,0
1784303504.289269,ADAPTIVE,TRACKING,400,23.935829,39.681832,0.024340,-0.031156,5.004437,0.000000,0.000000,5.000000,0.039784,0
1784303504.339286,ADAPTIVE,TRACKING,400,25.180677,51.134955,0.026833,-0.039612,5.005303,0.000000,0.000000,5.000000,0.048138,0
1784303504.389292,ADAPTIVE,TRACKING,400,23.646993,39.710916,0.030912,-0.055535,5.007148,0.000000,0.000000,5.000000,0.063959,0
1784303504.439302,ADAPTIVE,TRACKING,400,23.687329,49.889121,0.032591,-0.064329,5.012382,0.000000,0.000000,5.000000,0.073169,0
1784303504.489271,ADAPTIVE,TRACKING,400,23.067861,38.870100,0.035510,-0.082432,5.022073,0.000000,0.000000,5.000000,0.092429,0
1784303504.539281,ADAPTIVE,TRACKING,400,24.981957,51.814097,0.035775,-0.088194,5.027546,0.000000,0.000000,5.000000,0.099080,0
1784303504.589254,ADAPTIVE,TRACKING,400,24.777564,40.859683,0.034715,-0.095934,5.038651,0.000000,0.000000,5.000000,0.109098,0
1784303504.639297,ADAPTIVE,TRACKING,400,24.427183,49.580629,0.034033,-0.099583,5.042330,0.000000,0.000000,5.000000,0.113432,0
1784303504.689258,ADAPTIVE,TRACKING,400,23.505468,39.474395,0.027885,-0.105374,5.055464,0.000000,0.000000,5.000000,0.122301,0
1784303504.739292,ADAPTIVE,TRACKING,400,23.528683,49.928000,0.024654,-0.107353,5.061688,0.000000,0.000000,5.000000,0.126246,0
1784303504.789282,ADAPTIVE,TRACKING,400,24.526054,40.340125,0.019304,-0.110371,5.069538,0.000000,0.000000,5.000000,0.131871,0
1784303504.839278,ADAPTIVE,TRACKING,400,23.300816,48.643271,0.017324,-0.111244,5.071431,0.000000,0.000000,5.000000,0.133333,0
1784303504.889283,ADAPTIVE,TRACKING,400,24.228236,40.001633,0.012178,-0.111800,5.072009,0.000000,0.000000,5.000000,0.133540,0
1784303504.939349,ADAPTIVE,TRACKING,400,24.009385,49.711795,0.007870,-0.111303,5.072013,0.000000,0.000000,5.000000,0.132801,0
1784303504.989277,ADAPTIVE,TRACKING,400,24.433426,40.055485,-0.000704,-0.108892,5.070805,0.000000,0.000000,5.000000,0.129889,0
1784303505.039292,ADAPTIVE,TRACKING,400,24.916529,50.368657,-0.005122,-0.106704,5.068646,0.000000,0.000000,5.000000,0.126981,0
1784303505.089324,ADAPTIVE,TRACKING,400,28.530707,44.352744,-0.015837,-0.098258,5.057900,0.000000,0.000000,5.000000,0.115143,0
1784303505.139258,ADAPTIVE,TRACKING,400,25.897257,47.163440,-0.020292,-0.094102,5.053479,0.000000,0.000000,5.000000,0.110122,0
1784303505.189262,ADAPTIVE,TRACKING,400,23.244860,38.939093,-0.027710,-0.084048,5.043131,0.000000,0.000000,5.000000,0.098449,0
1784303505.239325,ADAPTIVE,TRACKING,400,23.180756,49.852165,-0.030987,-0.078678,5.038398,0.000000,0.000000,5.000000,0.092870,0
1784303505.289289,ADAPTIVE,TRACKING,400,23.478299,39.281539,-0.035795,-0.069260,5.027505,0.000000,0.000000,5.000000,0.082673,0
1784303505.339287,ADAPTIVE,TRACKING,400,23.405533,49.757228,-0.036742,-0.066303,5.021560,0.000000,0.000000,5.000000,0.078809,0
1784303505.389262,ADAPTIVE,TRACKING,400,23.744716,39.440930,-0.038307,-0.059618,5.007868,0.000000,0.000000,5.000000,0.071300,0
1784303505.439260,ADAPTIVE,TRACKING,400,24.787823,50.912849,-0.037418,-0.055322,5.003531,0.000000,0.000000,5.000000,0.066881,0
1784303505.489281,ADAPTIVE,TRACKING,400,27.823878,43.468739,-0.035358,-0.044945,4.997892,0.000000,0.000000,5.000000,0.057224,0
1784303505.539287,ADAPTIVE,TRACKING,400,26.185936,48.269432,-0.033730,-0.040361,4.996063,0.000000,0.000000,5.000000,0.052747,0
1784303505.589269,ADAPTIVE,TRACKING,400,25.790273,41.533934,-0.029225,-0.031478,4.996111,0.000000,0.000000,5.000000,0.043129,0
1784303505.639271,ADAPTIVE,TRACKING,400,27.873841,51.973055,-0.027016,-0.027047,4.997159,0.000000,0.000000,5.000000,0.038333,0
1784303505.689270,ADAPTIVE,TRACKING,400,24.161728,39.875471,-0.021112,-0.012197,5.006478,0.000000,0.000000,5.000000,0.025228,0
1784303505.739316,ADAPTIVE,TRACKING,400,23.189177,48.920536,-0.018453,-0.005346,5.010239,0.000000,0.000000,5.000000,0.021770,0
1784303505.789276,ADAPTIVE,TRACKING,400,25.109632,40.908985,-0.013840,0.007727,5.015666,0.000000,0.000000,5.000000,0.022286,0
1784303505.839312,ADAPTIVE,TRACKING,400,25.342972,50.087650,-0.012039,0.013983,5.018215,0.000000,0.000000,5.000000,0.025928,0
1784303505.889264,ADAPTIVE,TRACKING,400,27.848251,43.456170,-0.007719,0.027979,5.022482,0.000000,0.000000,5.000000,0.036713,0
1784303505.939301,ADAPTIVE,TRACKING,400,23.572732,45.652453,-0.004705,0.035587,5.025053,0.000000,0.000000,5.000000,0.043774,0
1784303505.989275,ADAPTIVE,TRACKING,400,23.993090,39.714083,0.000965,0.049835,5.029446,0.000000,0.000000,5.000000,0.057893,0
1784303506.039301,ADAPTIVE,TRACKING,400,23.029282,48.940290,0.003419,0.055813,5.032160,0.000000,0.000000,5.000000,0.064506,0
1784303506.089266,ADAPTIVE,TRACKING,400,24.352564,40.312418,0.007379,0.064526,5.042687,0.000000,0.000000,5.000000,0.077719,0
1784303506.139332,ADAPTIVE,TRACKING,400,23.324150,48.910869,0.009097,0.068337,5.045525,0.000000,0.000000,5.000000,0.082614,0
1784303506.189263,ADAPTIVE,TRACKING,400,23.172435,38.933803,0.012959,0.075739,5.049446,0.000000,0.000000,5.000000,0.091374,0
1784303506.239297,ADAPTIVE,TRACKING,400,22.901309,49.641484,0.014810,0.079108,5.050017,0.000000,0.000000,5.000000,0.094758,0
1784303506.289267,ADAPTIVE,TRACKING,400,25.388188,41.449558,0.018158,0.082120,5.049471,0.000000,0.000000,5.000000,0.097575,0
1784303506.339312,ADAPTIVE,TRACKING,400,24.294464,48.834146,0.019169,0.081249,5.049145,0.000000,0.000000,5.000000,0.096872,0
1784303506.389273,ADAPTIVE,TRACKING,400,30.873027,46.611315,0.020579,0.078852,5.048579,0.000000,0.000000,5.000000,0.094874,0
1784303506.439308,ADAPTIVE,TRACKING,400,23.362660,42.403881,0.022693,0.074652,5.049957,0.000000,0.000000,5.000000,0.092648,0
1784303506.489267,ADAPTIVE,TRACKING,400,23.004413,38.786679,0.026588,0.065155,5.053195,0.000000,0.000000,5.000000,0.088215,0
1784303506.539304,ADAPTIVE,TRACKING,400,24.495648,51.408445,0.027552,0.059715,5.052550,0.000000,0.000000,5.000000,0.084181,0
1784303506.589262,ADAPTIVE,TRACKING,400,23.375749,39.169334,0.028403,0.046874,5.046750,0.000000,0.000000,5.000000,0.072038,0
1784303506.639301,ADAPTIVE,TRACKING,400,23.238419,49.756382,0.028795,0.040594,5.043853,0.000000,0.000000,5.000000,0.066333,0
1784303506.689256,ADAPTIVE,TRACKING,400,24.888977,40.592711,0.026259,0.025603,5.036279,0.000000,0.000000,5.000000,0.051586,0
1784303506.739259,ADAPTIVE,TRACKING,400,23.971959,48.935363,0.024873,0.018996,5.032788,0.000000,0.000000,5.000000,0.045327,0
1784303506.789255,ADAPTIVE,TRACKING,400,23.681005,39.629782,0.023281,0.004865,5.025956,0.000000,0.000000,5.000000,0.035205,0
1784303506.839256,ADAPTIVE,TRACKING,400,24.236416,50.385403,0.023287,-0.002900,5.023818,0.000000,0.000000,5.000000,0.033436,0
1784303506.889257,ADAPTIVE,TRACKING,400,23.618016,39.529758,0.022435,-0.019376,5.017339,0.000000,0.000000,5.000000,0.034342,0
1784303506.939297,ADAPTIVE,TRACKING,400,24.026574,50.287159,0.020836,-0.026886,5.016519,0.000000,0.000000,5.000000,0.037814,0
1784303506.989249,ADAPTIVE,TRACKING,400,23.761744,39.788773,0.017616,-0.040925,5.016426,0.000000,0.000000,5.000000,0.047486,0
1784303507.039253,ADAPTIVE,TRACKING,400,24.500668,50.558481,0.015588,-0.047470,5.017329,0.000000,0.000000,5.000000,0.052884,0
1784303507.089363,ADAPTIVE,TRACKING,400,24.101416,40.292081,0.008521,-0.061548,5.016998,0.000000,0.000000,5.000000,0.064418,0
1784303507.139255,ADAPTIVE,TRACKING,400,24.645208,50.305399,0.005465,-0.067030,5.014486,0.000000,0.000000,5.000000,0.068795,0
1784303507.189251,ADAPTIVE,TRACKING,400,23.221857,39.036639,0.000503,-0.076721,5.011230,0.000000,0.000000,5.000000,0.077540,0
1784303507.239256,ADAPTIVE,TRACKING,400,24.222207,50.863892,-0.001798,-0.080771,5.010834,0.000000,0.000000,5.000000,0.081514,0
1784303507.289276,ADAPTIVE,TRACKING,400,31.238166,46.696693,-0.005282,-0.088082,5.010385,0.000000,0.000000,5.000000,0.088850,0
1784303507.339273,ADAPTIVE,TRACKING,400,24.787007,43.417419,-0.005962,-0.090688,5.011073,0.000000,0.000000,5.000000,0.091556,0
1784303507.389261,ADAPTIVE,TRACKING,400,23.486022,39.392696,-0.007374,-0.094286,5.011568,0.000000,0.000000,5.000000,0.095279,0
1784303507.439256,ADAPTIVE,TRACKING,400,23.629642,49.987339,-0.008980,-0.095744,5.015640,0.000000,0.000000,5.000000,0.097428,0
1784303507.489281,ADAPTIVE,TRACKING,400,24.588817,40.378495,-0.012311,-0.096872,5.025233,0.000000,0.000000,5.000000,0.100859,0
1784303507.539314,ADAPTIVE,TRACKING,400,23.414466,48.729469,-0.013710,-0.097420,5.031114,0.000000,0.000000,5.000000,0.103183,0
1784303507.589276,ADAPTIVE,TRACKING,400,26.253669,42.364499,-0.016240,-0.098274,5.045061,0.000000,0.000000,5.000000,0.109325,0
1784303507.639292,ADAPTIVE,TRACKING,400,23.595660,47.244620,-0.017300,-0.097985,5.050918,0.000000,0.000000,5.000000,0.111772,0
1784303507.689270,ADAPTIVE,TRACKING,400,24.515573,40.312924,-0.017054,-0.095880,5.059773,0.000000,0.000000,5.000000,0.114266,0
1784303507.739258,ADAPTIVE,TRACKING,400,31.519785,56.847934,-0.016515,-0.094382,5.061644,0.000000,0.000000,5.000000,0.113933,0
1784303507.789264,ADAPTIVE,TRACKING,400,24.909900,40.991093,-0.014436,-0.089192,5.063634,0.000000,0.000000,5.000000,0.110512,0
1784303507.839293,ADAPTIVE,TRACKING,400,23.225658,48.205143,-0.012798,-0.085311,5.063169,0.000000,0.000000,5.000000,0.106921,0
1784303507.889262,ADAPTIVE,TRACKING,400,23.613019,39.678849,-0.009442,-0.076847,5.060198,0.000000,0.000000,5.000000,0.098073,0
1784303507.939305,ADAPTIVE,TRACKING,400,24.487097,50.830408,-0.008045,-0.074863,5.060696,0.000000,0.000000,5.000000,0.096711,0
1784303507.989249,ADAPTIVE,TRACKING,400,23.217119,39.208972,-0.005517,-0.069556,5.061456,0.000000,0.000000,5.000000,0.092980,0
1784303508.039298,ADAPTIVE,TRACKING,400,23.604425,50.323352,-0.004151,-0.066457,5.059782,0.000000,0.000000,5.000000,0.089485,0
1784303508.089265,ADAPTIVE,TRACKING,400,22.831260,38.868106,-0.000139,-0.059095,5.050779,0.000000,0.000000,5.000000,0.077915,0
1784303508.139290,ADAPTIVE,TRACKING,400,24.563987,51.673807,0.001599,-0.055447,5.046937,0.000000,0.000000,5.000000,0.072663,0
1784303508.189261,ADAPTIVE,TRACKING,400,23.284704,39.304289,0.005757,-0.050994,5.040625,0.000000,0.000000,5.000000,0.065451,0
1784303508.239302,ADAPTIVE,TRACKING,400,23.441850,50.110143,0.007859,-0.048916,5.037318,0.000000,0.000000,5.000000,0.062026,0
1784303508.289256,ADAPTIVE,TRACKING,400,23.224298,39.183359,0.013901,-0.043774,5.029464,0.000000,0.000000,5.000000,0.054567,0
1784303508.339302,ADAPTIVE,TRACKING,400,30.087191,56.811547,0.017123,-0.041300,5.027105,0.000000,0.000000,5.000000,0.052284,0
1784303508.389260,ADAPTIVE,TRACKING,400,25.936655,41.464379,0.022646,-0.035633,5.024024,0.000000,0.000000,5.000000,0.048577,0
1784303508.439301,ADAPTIVE,TRACKING,400,25.743523,49.751403,0.023139,-0.031272,5.025737,0.000000,0.000000,5.000000,0.046645,0
1784303508.489258,ADAPTIVE,TRACKING,400,24.494666,40.512681,0.024232,-0.021193,5.027398,0.000000,0.000000,5.000000,0.042273,0
1784303508.539290,ADAPTIVE,TRACKING,400,24.135235,49.545891,0.024646,-0.017474,5.030003,0.000000,0.000000,5.000000,0.042579,0
1784303508.589258,ADAPTIVE,TRACKING,400,26.778053,42.748520,0.025176,-0.011364,5.036922,0.000000,0.000000,5.000000,0.046111,0
1784303508.639287,ADAPTIVE,TRACKING,400,23.061482,46.126761,0.025268,-0.008076,5.038715,0.000000,0.000000,5.000000,0.046931,0
1784303508.689253,ADAPTIVE,TRACKING,400,28.268910,44.277992,0.025145,-0.003197,5.042381,0.000000,0.000000,5.000000,0.049383,0
1784303508.739286,ADAPTIVE,TRACKING,400,23.818180,45.446470,0.024891,-0.001131,5.043657,0.000000,0.000000,5.000000,0.050267,0
1784303508.789255,ADAPTIVE,TRACKING,400,23.446310,39.392994,0.024323,0.003943,5.046479,0.000000,0.000000,5.000000,0.052607,0
1784303508.839263,ADAPTIVE,TRACKING,400,27.302058,53.761103,0.024049,0.006897,5.048077,0.000000,0.000000,5.000000,0.054197,0
1784303508.889258,ADAPTIVE,TRACKING,400,26.120917,42.125284,0.023299,0.012483,5.049595,0.000000,0.000000,5.000000,0.056199,0
1784303508.939289,ADAPTIVE,TRACKING,400,24.315548,48.026679,0.023459,0.012164,5.049773,0.000000,0.000000,5.000000,0.056353,0
1784303508.989254,ADAPTIVE,TRACKING,400,24.566872,40.540045,0.023394,0.012186,5.046404,0.000000,0.000000,5.000000,0.053377,0
1784303509.039290,ADAPTIVE,TRACKING,400,23.441256,48.803344,0.023456,0.011918,5.043541,0.000000,0.000000,5.000000,0.050873,0
1784303509.089251,ADAPTIVE,TRACKING,400,26.583059,42.485576,0.024716,0.008743,5.032981,0.000000,0.000000,5.000000,0.042132,0
1784303509.139284,ADAPTIVE,TRACKING,400,23.740029,47.077317,0.025028,0.007771,5.027641,0.000000,0.000000,5.000000,0.038090,0
1784303509.189260,ADAPTIVE,TRACKING,400,27.227544,43.231250,0.025105,0.007596,5.019528,0.000000,0.000000,5.000000,0.032701,0
1784303509.239290,ADAPTIVE,TRACKING,400,23.561189,46.191235,0.024930,0.007881,5.017341,0.000000,0.000000,5.000000,0.031374,0
1784303509.289258,ADAPTIVE,TRACKING,400,24.108547,40.051104,0.025016,0.007361,5.016511,0.000000,0.000000,5.000000,0.030864,0
1784303509.339287,ADAPTIVE,TRACKING,400,23.195161,49.018374,0.025184,0.006411,5.016791,0.000000,0.000000,5.000000,0.030940,0
1784303509.389264,ADAPTIVE,TRACKING,400,23.420609,39.202460,0.024700,0.004899,5.016099,0.000000,0.000000,5.000000,0.029888,0
1784303509.439256,ADAPTIVE,TRACKING,400,23.131406,49.615589,0.020321,0.000438,5.017374,0.000000,0.000000,5.000000,0.026739,0
1784303509.489257,ADAPTIVE,TRACKING,400,23.616674,39.597205,0.011054,-0.007902,5.018465,0.000000,0.000000,5.000000,0.022926,0
1784303509.539290,ADAPTIVE,TRACKING,400,23.273069,49.576434,0.006676,-0.013022,5.020567,0.000000,0.000000,5.000000,0.025242,0
1784303509.589257,ADAPTIVE,TRACKING,400,25.509371,41.462336,-0.002637,-0.025462,5.027780,0.000000,0.000000,5.000000,0.037776,0
1784303509.639289,ADAPTIVE,TRACKING,400,23.052174,47.415239,-0.007253,-0.030576,5.031154,0.000000,0.000000,5.000000,0.044249,0
1784303509.689271,ADAPTIVE,TRACKING,400,24.382435,40.337942,-0.017786,-0.037979,5.040446,0.000000,0.000000,5.000000,0.058264,0
1784303509.739304,ADAPTIVE,TRACKING,400,23.891757,49.390829,-0.022361,-0.040185,5.043570,0.000000,0.000000,5.000000,0.063350,0
1784303509.789257,ADAPTIVE,TRACKING,400,23.719188,39.666839,-0.031526,-0.043060,5.047424,0.000000,0.000000,5.000000,0.071394,0
1784303509.839289,ADAPTIVE,TRACKING,400,24.317021,50.414763,-0.036193,-0.043760,5.048839,0.000000,0.000000,5.000000,0.074901,0
1784303509.889259,ADAPTIVE,TRACKING,400,23.398846,39.338499,-0.044892,-0.043648,5.051665,0.000000,0.000000,5.000000,0.081177,0
1784303509.939287,ADAPTIVE,TRACKING,400,23.312848,49.773107,-0.046010,-0.041909,5.055565,0.000000,0.000000,5.000000,0.083432,0
1784303509.989246,ADAPTIVE,TRACKING,400,24.408595,40.478191,-0.048142,-0.037933,5.062640,0.000000,0.000000,5.000000,0.087638,0
1784303510.039285,ADAPTIVE,TRACKING,400,25.535193,51.012799,-0.048729,-0.035160,5.065523,0.000000,0.000000,5.000000,0.088904,0
1784303510.089269,ADAPTIVE,TRACKING,400,27.445413,43.352414,-0.046969,-0.024601,5.068830,0.000000,0.000000,5.000000,0.086884,0
1784303510.139286,ADAPTIVE,TRACKING,400,24.035628,46.461096,-0.046034,-0.020055,5.070241,0.000000,0.000000,5.000000,0.086343,0
1784303510.189255,ADAPTIVE,TRACKING,400,23.438300,39.428829,-0.047952,-0.016468,5.071153,0.000000,0.000000,5.000000,0.087369,0
1784303510.239261,ADAPTIVE,TRACKING,400,26.280481,52.674470,-0.049051,-0.015278,5.070493,0.000000,0.000000,5.000000,0.087228,0
1784303510.289269,ADAPTIVE,TRACKING,400,26.251858,42.267739,-0.051231,-0.012394,5.067031,0.000000,0.000000,5.000000,0.085272,0
1784303510.339262,ADAPTIVE,TRACKING,400,26.529592,50.096909,-0.052200,-0.011103,5.063974,0.000000,0.000000,5.000000,0.083311,0
1784303510.389262,ADAPTIVE,TRACKING,400,25.016397,40.715691,-0.053230,-0.008221,5.055367,0.000000,0.000000,5.000000,0.077243,0
1784303510.439259,ADAPTIVE,TRACKING,400,24.633030,49.502349,-0.054117,-0.006736,5.049966,0.000000,0.000000,5.000000,0.073964,0
1784303510.489258,ADAPTIVE,TRACKING,400,23.278371,39.226892,-0.055018,-0.003203,5.037256,0.000000,0.000000,5.000000,0.066522,0
1784303510.539288,ADAPTIVE,TRACKING,400,23.813273,50.462177,-0.053611,-0.001206,5.033257,0.000000,0.000000,5.000000,0.063100,0
1784303510.589259,ADAPTIVE,TRACKING,400,24.353697,40.313046,-0.047961,0.003521,5.027543,0.000000,0.000000,5.000000,0.055419,0
1784303510.639266,ADAPTIVE,TRACKING,400,24.443718,49.985404,-0.045168,0.005932,5.023897,0.000000,0.000000,5.000000,0.051443,0
1784303510.689305,ADAPTIVE,TRACKING,400,24.681225,40.655460,-0.038318,0.016187,5.016298,0.000000,0.000000,5.000000,0.044675,0
1784303510.739290,ADAPTIVE,TRACKING,400,23.919010,49.066578,-0.035171,0.020946,5.014091,0.000000,0.000000,5.000000,0.043293,0
1784303510.789270,ADAPTIVE,TRACKING,400,29.990960,45.970545,-0.029264,0.029361,5.013817,0.000000,0.000000,5.000000,0.043696,0
1784303510.839262,ADAPTIVE,TRACKING,400,25.033297,44.852741,-0.026656,0.033098,5.014316,0.000000,0.000000,5.000000,0.044844,0
1784303510.889267,ADAPTIVE,TRACKING,400,24.119653,40.024022,-0.020564,0.040881,5.013859,0.000000,0.000000,5.000000,0.047815,0
1784303510.939258,ADAPTIVE,TRACKING,400,27.346252,53.100046,-0.016685,0.044175,5.014551,0.000000,0.000000,5.000000,0.049412,0
1784303510.989248,ADAPTIVE,TRACKING,400,24.141036,40.078544,-0.009361,0.050139,5.016211,0.000000,0.000000,5.000000,0.053519,0
1784303511.039268,ADAPTIVE,TRACKING,400,25.558117,51.321005,-0.005514,0.052619,5.018229,0.000000,0.000000,5.000000,0.055960,0
1784303511.089257,ADAPTIVE,TRACKING,400,27.736112,43.780157,0.004943,0.055833,5.026196,0.000000,0.000000,5.000000,0.061871,0
1784303511.139263,ADAPTIVE,TRACKING,400,29.211043,51.340947,0.009113,0.056989,5.028238,0.000000,0.000000,5.000000,0.064251,0
1784303511.189255,ADAPTIVE,TRACKING,400,26.209569,42.090398,0.016978,0.058261,5.035292,0.000000,0.000000,5.000000,0.070201,0
1784303511.239340,ADAPTIVE,TRACKING,400,24.267869,47.940699,0.020590,0.058567,5.038947,0.000000,0.000000,5.000000,0.073287,0
1784303511.289258,ADAPTIVE,TRACKING,400,25.352350,41.468378,0.028213,0.060853,5.043978,0.000000,0.000000,5.000000,0.080207,0
1784303511.339385,ADAPTIVE,TRACKING,400,23.767371,48.420015,0.031423,0.062723,5.044272,0.000000,0.000000,5.000000,0.082956,0
1784303511.389269,ADAPTIVE,TRACKING,400,25.088755,41.202157,0.037132,0.065569,5.042478,0.000000,0.000000,5.000000,0.086501,0
1784303511.439322,ADAPTIVE,TRACKING,400,23.892790,48.722954,0.040125,0.064296,5.040501,0.000000,0.000000,5.000000,0.085932,0
1784303511.489260,ADAPTIVE,TRACKING,400,24.940803,41.026643,0.045738,0.061155,5.034235,0.000000,0.000000,5.000000,0.083689,0
1784303511.539257,ADAPTIVE,TRACKING,400,23.696524,48.613706,0.046224,0.058912,5.031879,0.000000,0.000000,5.000000,0.081385,0
1784303511.589259,ADAPTIVE,TRACKING,400,25.245745,41.126684,0.043857,0.052736,5.028723,0.000000,0.000000,5.000000,0.074361,0
1784303511.639279,ADAPTIVE,TRACKING,400,25.525911,50.128842,0.042615,0.049472,5.027007,0.000000,0.000000,5.000000,0.070661,0
1784303511.689329,ADAPTIVE,TRACKING,400,25.313808,41.416629,0.036803,0.040344,5.024951,0.000000,0.000000,5.000000,0.060039,0
1784303511.739257,ADAPTIVE,TRACKING,400,22.864694,47.321040,0.033964,0.036081,5.023793,0.000000,0.000000,5.000000,0.054968,0
1784303511.789265,ADAPTIVE,TRACKING,400,23.549660,39.454034,0.028958,0.028593,5.021701,0.000000,0.000000,5.000000,0.046120,0
1784303511.839293,ADAPTIVE,TRACKING,400,24.887595,51.255305,0.026829,0.025698,5.019062,0.000000,0.000000,5.000000,0.041755,0
1784303511.889264,ADAPTIVE,TRACKING,400,26.011747,41.891197,0.020995,0.019738,5.010808,0.000000,0.000000,5.000000,0.030776,0
1784303511.939300,ADAPTIVE,TRACKING,400,24.579173,48.468059,0.016606,0.018470,5.009511,0.000000,0.000000,5.000000,0.026596,0
1784303511.989282,ADAPTIVE,TRACKING,400,25.923427,41.796788,0.007819,0.015487,5.006858,0.000000,0.000000,5.000000,0.018655,0
1784303512.039304,ADAPTIVE,TRACKING,400,23.500367,47.480407,0.003640,0.013517,5.005232,0.000000,0.000000,5.000000,0.014945,0
1784303512.089268,ADAPTIVE,TRACKING,400,24.940804,40.871707,-0.004356,0.007217,5.003186,0.000000,0.000000,5.000000,0.009012,0
1784303512.139291,ADAPTIVE,TRACKING,400,24.810326,49.777624,-0.007728,0.004466,5.002046,0.000000,0.000000,5.000000,0.009158,0
1784303512.189261,ADAPTIVE,TRACKING,400,23.037967,38.936956,-0.014378,0.000706,4.996862,0.000000,0.000000,5.000000,0.014733,0
1784303512.239288,ADAPTIVE,TRACKING,400,23.588709,50.486230,-0.017505,-0.001143,4.994898,0.000000,0.000000,5.000000,0.018269,0
1784303512.289259,ADAPTIVE,TRACKING,400,25.148331,41.112647,-0.024112,-0.007250,4.996333,0.000000,0.000000,5.000000,0.025444,0
1784303512.339305,ADAPTIVE,TRACKING,400,26.166674,50.946320,-0.026899,-0.010724,4.999321,0.000000,0.000000,5.000000,0.028966,0
1784303512.389257,ADAPTIVE,TRACKING,400,23.562852,39.154456,-0.031920,-0.016858,5.005028,0.000000,0.000000,5.000000,0.036447,0
1784303512.439290,ADAPTIVE,TRACKING,400,23.102671,49.440882,-0.035241,-0.022304,5.006108,0.000000,0.000000,5.000000,0.042151,0
1784303512.489262,ADAPTIVE,TRACKING,400,23.857104,39.613037,-0.041504,-0.033225,5.008162,0.000000,0.000000,5.000000,0.053788,0
1784303512.539311,ADAPTIVE,TRACKING,400,23.929533,50.002303,-0.043829,-0.036614,5.009248,0.000000,0.000000,5.000000,0.057855,0
1784303512.589272,ADAPTIVE,TRACKING,400,24.960213,40.814405,-0.047960,-0.041108,5.011613,0.000000,0.000000,5.000000,0.064226,0
1784303512.639317,ADAPTIVE,TRACKING,400,24.967940,49.879805,-0.049808,-0.043116,5.013783,0.000000,0.000000,5.000000,0.067304,0
1784303512.689267,ADAPTIVE,TRACKING,400,26.072973,41.886629,-0.055224,-0.047188,5.019063,0.000000,0.000000,5.000000,0.075099,0
1784303512.739275,ADAPTIVE,TRACKING,400,25.812562,49.585471,-0.057583,-0.048684,5.020413,0.000000,0.000000,5.000000,0.078119,0
1784303512.789271,ADAPTIVE,TRACKING,400,24.317144,40.420716,-0.061525,-0.050689,5.026254,0.000000,0.000000,5.000000,0.083929,0
1784303512.839289,ADAPTIVE,TRACKING,400,23.275332,48.875073,-0.063044,-0.050975,5.030240,0.000000,0.000000,5.000000,0.086530,0
1784303512.889260,ADAPTIVE,TRACKING,400,24.378753,40.173152,-0.065474,-0.050798,5.036036,0.000000,0.000000,5.000000,0.090366,0
1784303512.939267,ADAPTIVE,TRACKING,400,26.470995,51.998470,-0.065459,-0.050037,5.037860,0.000000,0.000000,5.000000,0.090675,0
1784303512.989248,ADAPTIVE,TRACKING,400,24.085865,40.070033,-0.064639,-0.047845,5.039675,0.000000,0.000000,5.000000,0.089674,0
1784303513.039289,ADAPTIVE,TRACKING,400,25.012781,50.797033,-0.064065,-0.046507,5.039834,0.000000,0.000000,5.000000,0.088622,0
1784303513.089255,ADAPTIVE,TRACKING,400,24.523173,40.487810,-0.063199,-0.043289,5.039787,0.000000,0.000000,5.000000,0.086319,0
1784303513.139291,ADAPTIVE,TRACKING,400,24.973495,50.340590,-0.062354,-0.041633,5.037817,0.000000,0.000000,5.000000,0.083973,0
1784303513.189258,ADAPTIVE,TRACKING,400,26.218932,42.008008,-0.056448,-0.036336,5.036607,0.000000,0.000000,5.000000,0.076464,0
1784303513.239262,ADAPTIVE,TRACKING,400,24.037434,47.703853,-0.054152,-0.034366,5.036358,0.000000,0.000000,5.000000,0.073725,0
1784303513.289269,ADAPTIVE,TRACKING,400,23.563975,39.710148,-0.046636,-0.029875,5.038054,0.000000,0.000000,5.000000,0.067198,0
1784303513.339295,ADAPTIVE,TRACKING,400,23.858075,50.160807,-0.043007,-0.028734,5.038685,0.000000,0.000000,5.000000,0.064589,0
1784303513.389260,ADAPTIVE,TRACKING,400,24.987509,41.004763,-0.035624,-0.025926,5.036862,0.000000,0.000000,5.000000,0.057446,0
1784303513.439283,ADAPTIVE,TRACKING,400,28.257684,53.164891,-0.031433,-0.023670,5.035775,0.000000,0.000000,5.000000,0.053181,0
1784303513.489262,ADAPTIVE,TRACKING,400,23.928320,40.016697,-0.021809,-0.018431,5.031592,0.000000,0.000000,5.000000,0.042584,0
1784303513.539287,ADAPTIVE,TRACKING,400,24.495598,50.450207,-0.017580,-0.017238,5.027486,0.000000,0.000000,5.000000,0.036901,0
1784303513.589280,ADAPTIVE,TRACKING,400,25.107675,41.007537,-0.009631,-0.016564,5.016392,0.000000,0.000000,5.000000,0.025216,0
1784303513.639301,ADAPTIVE,TRACKING,400,23.663524,48.463181,-0.006054,-0.015877,5.013149,0.000000,0.000000,5.000000,0.021486,0
