epoch_sec,mode,phase,N,mppi_call_ms,state_to_command_latency_ms,pos_x,pos_y,pos_z,target_x,target_y,target_z,pos_error_m,deadline_miss
1784328836.223591,CONST330,TAKEOFF,0,0.000000,16.442952,0.223951,0.142401,1.839682,0.223951,0.142401,1.856996,0.017314,0
1784328836.248559,CONST330,TAKEOFF,0,0.000000,9.670754,0.223200,0.142977,1.838601,0.223951,0.142401,1.883298,0.044707,0
1784328836.273548,CONST330,TAKEOFF,0,0.000000,2.264332,0.222623,0.142977,1.838502,0.223951,0.142401,1.909622,0.071135,0
1784328836.298559,CONST330,TAKEOFF,0,0.000000,27.275027,0.222623,0.142977,1.838502,0.223951,0.142401,1.935970,0.097479,0
1784328836.323559,CONST330,TAKEOFF,0,0.000000,16.725793,0.222039,0.142348,1.839441,0.223951,0.142401,1.962306,0.122880,0
1784328836.348552,CONST330,TAKEOFF,0,0.000000,9.616002,0.221598,0.141923,1.840295,0.223951,0.142401,1.988634,0.148359,0
1784328836.373545,CONST330,TAKEOFF,0,0.000000,2.335140,0.221165,0.141600,1.841258,0.223951,0.142401,2.014962,0.173729,0
1784328836.398550,CONST330,TAKEOFF,0,0.000000,27.340620,0.221165,0.141600,1.841258,0.223951,0.142401,2.041304,0.200067,0
1784328836.423558,CONST330,TAKEOFF,0,0.000000,16.714339,0.220510,0.142608,1.843367,0.223951,0.142401,2.067649,0.224309,0
1784328836.448554,CONST330,TAKEOFF,0,0.000000,9.675697,0.219823,0.143958,1.845730,0.223951,0.142401,2.093980,0.248290,0
1784328836.473551,CONST330,TAKEOFF,0,0.000000,2.336598,0.219185,0.145214,1.848017,0.223951,0.142401,2.120313,0.272353,0
1784328836.498553,CONST330,TAKEOFF,0,0.000000,27.336838,0.219185,0.145214,1.848017,0.223951,0.142401,2.146651,0.298686,0
1784328836.523555,CONST330,TAKEOFF,0,0.000000,16.745333,0.218715,0.146193,1.850185,0.223951,0.142401,2.172990,0.322870,0
1784328836.548556,CONST330,TAKEOFF,0,0.000000,9.716974,0.219192,0.145414,1.850176,0.223951,0.142401,2.199327,0.349196,0
1784328836.573552,CONST330,TAKEOFF,0,0.000000,2.445544,0.219598,0.144728,1.850342,0.223951,0.142401,2.225658,0.375348,0
1784328836.598595,CONST330,TAKEOFF,0,0.000000,27.490899,0.219598,0.144728,1.850342,0.223951,0.142401,2.252040,0.401728,0
1784328836.623559,CONST330,TAKEOFF,0,0.000000,16.734671,0.219938,0.144126,1.850668,0.223951,0.142401,2.278337,0.427691,0
1784328836.648555,CONST330,TAKEOFF,0,0.000000,9.732221,0.220475,0.142790,1.850320,0.223951,0.142401,2.304669,0.454363,0
1784328836.673553,CONST330,TAKEOFF,0,0.000000,2.484638,0.221641,0.139255,1.847924,0.223951,0.142401,2.331004,0.483096,0
1784328836.698588,CONST330,TAKEOFF,0,0.000000,27.518267,0.221641,0.139255,1.847924,0.223951,0.142401,2.357376,0.509467,0
1784328836.723550,CONST330,TAKEOFF,0,0.000000,16.708750,0.222913,0.135157,1.845407,0.223951,0.142401,2.383672,0.538314,0
1784328836.748549,CONST330,TAKEOFF,0,0.000000,9.743182,0.223820,0.132119,1.843738,0.223951,0.142401,2.410007,0.566362,0
1784328836.773546,CONST330,TAKEOFF,0,0.000000,2.514578,0.224570,0.129871,1.842249,0.223951,0.142401,2.436340,0.594223,0
1784328836.798554,CONST330,TAKEOFF,0,0.000000,27.522363,0.224570,0.129871,1.842249,0.223951,0.142401,2.462684,0.620562,0
1784328836.823552,CONST330,TAKEOFF,0,0.000000,16.690091,0.225185,0.128301,1.840925,0.223951,0.142401,2.489018,0.648247,0
1784328836.848556,CONST330,TAKEOFF,0,0.000000,9.802731,0.225736,0.126785,1.839820,0.223951,0.142401,2.515358,0.675721,0
1784328836.873548,CONST330,TAKEOFF,0,0.000000,2.583044,0.226270,0.125251,1.838951,0.223951,0.142401,2.541685,0.702947,0
1784328836.898548,CONST330,TAKEOFF,0,0.000000,27.583150,0.226270,0.125251,1.838951,0.223951,0.142401,2.568021,0.729275,0
1784328836.923560,CONST330,TAKEOFF,0,0.000000,16.784820,0.229354,0.125865,1.838009,0.223951,0.142401,2.594370,0.756561,0
1784328836.948548,CONST330,TAKEOFF,0,0.000000,9.760056,0.232097,0.126742,1.837371,0.223951,0.142401,2.620694,0.783522,0
1784328836.973549,CONST330,TAKEOFF,0,0.000000,2.452692,0.234661,0.127519,1.836863,0.223951,0.142401,2.647030,0.810374,0
1784328836.998551,CONST330,TAKEOFF,0,0.000000,27.455334,0.234661,0.127519,1.836863,0.223951,0.142401,2.673368,0.836706,0
1784328837.023551,CONST330,TAKEOFF,0,0.000000,16.762344,0.237104,0.128121,1.836477,0.223951,0.142401,2.699705,0.863446,0
1784328837.048581,CONST330,TAKEOFF,0,0.000000,9.784075,0.237502,0.127799,1.832190,0.223951,0.142401,2.726072,0.894104,0
1784328837.073549,CONST330,TAKEOFF,0,0.000000,2.564203,0.237919,0.127410,1.828398,0.223951,0.142401,2.752375,0.924204,0
1784328837.098550,CONST330,TAKEOFF,0,0.000000,27.563840,0.237919,0.127410,1.828398,0.223951,0.142401,2.778711,0.950534,0
1784328837.123549,CONST330,TAKEOFF,0,0.000000,16.749026,0.238460,0.126829,1.824236,0.223951,0.142401,2.805047,0.981041,0
1784328837.148548,CONST330,TAKEOFF,0,0.000000,9.748231,0.239045,0.126975,1.821790,0.223951,0.142401,2.831381,1.009822,0
1784328837.173549,CONST330,TAKEOFF,0,0.000000,2.612456,0.239978,0.128913,1.820989,0.223951,0.142401,2.857718,1.036941,0
1784328837.198553,CONST330,TAKEOFF,0,0.000000,27.616196,0.239978,0.128913,1.820989,0.223951,0.142401,2.884058,1.063276,0
1784328837.223590,CONST330,TAKEOFF,0,0.000000,16.673223,0.240821,0.130617,1.820347,0.223951,0.142401,2.910433,1.090281,0
1784328837.248549,CONST330,TAKEOFF,0,0.000000,9.797581,0.241579,0.132116,1.819814,0.223951,0.142401,2.936727,1.117099,0
1784328837.273550,CONST330,TAKEOFF,0,0.000000,2.601021,0.241972,0.134126,1.818426,0.223951,0.142401,2.963063,1.144808,0
1784328837.298567,CONST330,TAKEOFF,0,0.000000,27.620234,0.241972,0.134126,1.818426,0.223951,0.142401,2.989417,1.171159,0
1784328837.323553,CONST330,TAKEOFF,0,0.000000,16.748569,0.242101,0.137178,1.815874,0.223951,0.142401,3.015739,1.200013,0
1784328837.348552,CONST330,TAKEOFF,0,0.000000,9.707545,0.242231,0.139372,1.814209,0.223951,0.142401,3.042073,1.228003,0
1784328837.373549,CONST330,TAKEOFF,0,0.000000,2.537808,0.242379,0.141383,1.812871,0.223951,0.142401,3.068407,1.255671,0
1784328837.398553,CONST330,TAKEOFF,0,0.000000,27.541476,0.242379,0.141383,1.812871,0.223951,0.142401,3.094746,1.282008,0
1784328837.423562,CONST330,TAKEOFF,0,0.000000,16.755403,0.242786,0.142907,1.813262,0.223951,0.142401,3.121093,1.307966,0
1784328837.448554,CONST330,TAKEOFF,0,0.000000,9.764886,0.243265,0.144142,1.814222,0.223951,0.142401,3.147419,1.333339,0
1784328837.473550,CONST330,TAKEOFF,0,0.000000,2.572190,0.243720,0.145238,1.815274,0.223951,0.142401,3.173752,1.358625,0
1784328837.498550,CONST330,TAKEOFF,0,0.000000,27.571075,0.243720,0.145238,1.815274,0.223951,0.142401,3.200087,1.384957,0
1784328837.523552,CONST330,TAKEOFF,0,0.000000,16.710565,0.244821,0.145970,1.817229,0.223951,0.142401,3.226426,1.409355,0
1784328837.548551,CONST330,TAKEOFF,0,0.000000,9.775598,0.247293,0.144825,1.820559,0.223951,0.142401,3.252761,1.432394,0
1784328837.573550,CONST330,TAKEOFF,0,0.000000,2.619389,0.249665,0.143833,1.823800,0.223951,0.142401,3.279095,1.455523,0
1784328837.598550,CONST330,TAKEOFF,0,0.000000,27.618797,0.249665,0.143833,1.823800,0.223951,0.142401,3.305431,1.481855,0
1784328837.623550,CONST330,TAKEOFF,0,0.000000,16.740319,0.251915,0.142915,1.826960,0.223951,0.142401,3.331767,1.505067,0
1784328837.648550,CONST330,TAKEOFF,0,0.000000,9.755792,0.253866,0.142122,1.830256,0.223951,0.142401,3.358103,1.528140,0
1784328837.673556,CONST330,TAKEOFF,0,0.000000,2.531152,0.255191,0.141554,1.834149,0.223951,0.142401,3.384446,1.550612,0
1784328837.698571,CONST330,TAKEOFF,0,0.000000,27.546765,0.255191,0.141554,1.834149,0.223951,0.142401,3.410798,1.576959,0
1784328837.723562,CONST330,TAKEOFF,0,0.000000,16.692279,0.256681,0.141013,1.838752,0.223951,0.142401,3.437123,1.598707,0
1784328837.748552,CONST330,TAKEOFF,0,0.000000,9.704708,0.257772,0.140656,1.842242,0.223951,0.142401,3.463449,1.621561,0
1784328837.773552,CONST330,TAKEOFF,0,0.000000,2.516264,0.259526,0.141746,1.846876,0.223951,0.142401,3.489786,1.643295,0
1784328837.798584,CONST330,TAKEOFF,0,0.000000,27.546720,0.259526,0.141746,1.846876,0.223951,0.142401,3.516154,1.669658,0
1784328837.823555,CONST330,TAKEOFF,0,0.000000,16.749094,0.261892,0.144131,1.852509,0.223951,0.142401,3.542460,1.690378,0
1784328837.848556,CONST330,TAKEOFF,0,0.000000,9.749171,0.264128,0.146399,1.857811,0.223951,0.142401,3.568797,1.711462,0
1784328837.873553,CONST330,TAKEOFF,0,0.000000,2.381779,0.266248,0.148567,1.862833,0.223951,0.142401,3.595130,1.732823,0
1784328837.898554,CONST330,TAKEOFF,0,0.000000,27.382898,0.266248,0.148567,1.862833,0.223951,0.142401,3.621467,1.759153,0
1784328837.923554,CONST330,TAKEOFF,0,0.000000,16.767198,0.266500,0.152461,1.867772,0.223951,0.142401,3.647803,1.780569,0
1784328837.948554,CONST330,TAKEOFF,0,0.000000,9.716270,0.266307,0.155664,1.871336,0.223951,0.142401,3.674139,1.803349,0
1784328837.973552,CONST330,TAKEOFF,0,0.000000,2.529679,0.266153,0.158780,1.874760,0.223951,0.142401,3.700472,1.826273,0
1784328837.998562,CONST330,TAKEOFF,0,0.000000,27.541410,0.266153,0.158780,1.874760,0.223951,0.142401,3.726819,1.852612,0
1784328838.023576,CONST330,TAKEOFF,0,0.000000,16.595776,0.266031,0.161833,1.878052,0.223951,0.142401,3.753172,1.875692,0
1784328838.048554,CONST330,TAKEOFF,0,0.000000,9.724654,0.266185,0.164259,1.879318,0.223951,0.142401,3.779483,1.900760,0
1784328838.073553,CONST330,TAKEOFF,0,0.000000,2.623498,0.266378,0.166575,1.880616,0.223951,0.142401,3.805817,1.925821,0
1784328838.098566,CONST330,TAKEOFF,0,0.000000,27.637628,0.266378,0.166575,1.880616,0.223951,0.142401,3.832167,1.952162,0
1784328838.123589,CONST330,TAKEOFF,0,0.000000,16.741566,0.266671,0.169352,1.882242,0.223951,0.142401,3.858528,1.976932,0
1784328838.148558,CONST330,TAKEOFF,0,0.000000,9.663295,0.267121,0.171753,1.883699,0.223951,0.142401,3.884831,2.001813,0
1784328838.173554,CONST330,TAKEOFF,0,0.000000,2.378535,0.268168,0.174548,1.885624,0.223951,0.142401,3.911163,2.026277,0
1784328838.198568,CONST330,TAKEOFF,0,0.000000,27.393809,0.268168,0.174548,1.885624,0.223951,0.142401,3.937515,2.052619,0
1784328838.223581,CONST330,TAKEOFF,0,0.000000,16.659361,0.269267,0.177201,1.887531,0.223951,0.142401,3.963864,2.077119,0
1784328838.248557,CONST330,TAKEOFF,0,0.000000,9.687266,0.270398,0.179730,1.889403,0.223951,0.142401,3.990174,2.101616,0
1784328838.273552,CONST330,TAKEOFF,0,0.000000,2.521332,0.271613,0.182349,1.888444,0.223951,0.142401,4.016505,2.128969,0
1784328838.298562,CONST330,TAKEOFF,0,0.000000,27.530485,0.271613,0.182349,1.888444,0.223951,0.142401,4.042851,2.155304,0
1784328838.323565,CONST330,TAKEOFF,0,0.000000,16.736976,0.273303,0.185586,1.884242,0.223951,0.142401,4.069191,2.185933,0
1784328838.348555,CONST330,TAKEOFF,0,0.000000,9.769068,0.274682,0.188051,1.881366,0.223951,0.142401,4.095516,2.215201,0
1784328838.373554,CONST330,TAKEOFF,0,0.000000,2.364030,0.276070,0.190411,1.878885,0.223951,0.142401,4.121850,2.244084,0
1784328838.398563,CONST330,TAKEOFF,0,0.000000,27.374246,0.276070,0.190411,1.878885,0.223951,0.142401,4.148196,2.270418,0
1784328838.423565,CONST330,TAKEOFF,0,0.000000,16.751459,0.277042,0.191347,1.874513,0.223951,0.142401,4.174534,2.301155,0
1784328838.448585,CONST330,TAKEOFF,0,0.000000,9.767439,0.277883,0.191865,1.869907,0.223951,0.142401,4.200891,2.332133,0
1784328838.473553,CONST330,TAKEOFF,0,0.000000,2.493436,0.278750,0.192418,1.865831,0.223951,0.142401,4.227193,2.362527,0
1784328838.498594,CONST330,TAKEOFF,0,0.000000,27.535182,0.278750,0.192418,1.865831,0.223951,0.142401,4.253573,2.388894,0
1784328838.523559,CONST330,TAKEOFF,0,0.000000,16.755053,0.280198,0.192917,1.860230,0.223951,0.142401,4.279871,2.420822,0
1784328838.548555,CONST330,TAKEOFF,0,0.000000,9.784714,0.282341,0.192565,1.852813,0.223951,0.142401,4.306204,2.454598,0
1784328838.573553,CONST330,TAKEOFF,0,0.000000,2.510896,0.284412,0.192208,1.846152,0.223951,0.142401,4.332537,2.487619,0
1784328838.598586,CONST330,TAKEOFF,0,0.000000,27.545223,0.284412,0.192208,1.846152,0.223951,0.142401,4.358908,2.513977,0
1784328838.623554,CONST330,TAKEOFF,0,0.000000,16.665074,0.286389,0.191863,1.840175,0.223951,0.142401,4.385211,2.546282,0
1784328838.648555,CONST330,TAKEOFF,0,0.000000,9.823586,0.287733,0.190851,1.834883,0.223951,0.142401,4.411547,2.577909,0
1784328838.673563,CONST330,TAKEOFF,0,0.000000,2.445831,0.287539,0.187961,1.830440,0.223951,0.142401,4.437892,2.608625,0
1784328838.698568,CONST330,TAKEOFF,0,0.000000,27.450030,0.287539,0.187961,1.830440,0.223951,0.142401,4.464234,2.634955,0
1784328838.723566,CONST330,TAKEOFF,0,0.000000,16.672687,0.287563,0.184638,1.825464,0.223951,0.142401,4.490567,2.666197,0
1784328838.748558,CONST330,TAKEOFF,0,0.000000,9.749940,0.287679,0.182207,1.821910,0.223951,0.142401,4.516895,2.696032,0
1784328838.773556,CONST330,TAKEOFF,0,0.000000,2.546587,0.286686,0.178859,1.818804,0.223951,0.142401,4.543229,2.725391,0
1784328838.798558,CONST330,TAKEOFF,0,0.000000,27.548536,0.286686,0.178859,1.818804,0.223951,0.142401,4.569567,2.751720,0
1784328838.823561,CONST330,TAKEOFF,0,0.000000,16.774154,0.284689,0.174651,1.816112,0.223951,0.142401,4.595906,2.780645,0
1784328838.848558,CONST330,TAKEOFF,0,0.000000,9.755351,0.282842,0.170641,1.813691,0.223951,0.142401,4.622239,2.809306,0
1784328838.873557,CONST330,TAKEOFF,0,0.000000,2.449585,0.281123,0.166918,1.811559,0.223951,0.142401,4.648573,2.837696,0
1784328838.898559,CONST330,TAKEOFF,0,0.000000,27.452307,0.281123,0.166918,1.811559,0.223951,0.142401,4.674912,2.864028,0
1784328838.923604,CONST330,TAKEOFF,0,0.000000,16.649341,0.277772,0.163246,1.808478,0.223951,0.142401,4.701296,2.893394,0
1784328838.948573,CONST330,TAKEOFF,0,0.000000,9.724269,0.275043,0.160588,1.806232,0.223951,0.142401,4.727599,2.921870,0
1784328838.973558,CONST330,TAKEOFF,0,0.000000,2.407743,0.272499,0.157990,1.804318,0.223951,0.142401,4.753919,2.950042,0
1784328838.998559,CONST330,TAKEOFF,0,0.000000,27.406712,0.272499,0.157990,1.804318,0.223951,0.142401,4.780255,2.976374,0
1784328839.023558,CONST330,TAKEOFF,0,0.000000,16.762622,0.270130,0.155499,1.802709,0.223951,0.142401,4.806590,3.004265,0
1784328839.048558,CONST330,TAKEOFF,0,0.000000,9.739573,0.268772,0.155304,1.800803,0.223951,0.142401,4.832926,3.032482,0
1784328839.073578,CONST330,TAKEOFF,0,0.000000,2.507209,0.267519,0.155024,1.799244,0.223951,0.142401,4.859284,3.060376,0
1784328839.098568,CONST330,TAKEOFF,0,0.000000,27.495970,0.267519,0.155024,1.799244,0.223951,0.142401,4.885609,3.086698,0
1784328839.123571,CONST330,TAKEOFF,0,0.000000,16.702709,0.266078,0.154672,1.797685,0.223951,0.142401,4.911949,3.114573,0
1784328839.148562,CONST330,TAKEOFF,0,0.000000,9.771001,0.264886,0.154340,1.797120,0.223951,0.142401,4.938274,3.141444,0
1784328839.173558,CONST330,TAKEOFF,0,0.000000,2.329507,0.263373,0.154043,1.797924,0.223951,0.142401,4.964607,3.166949,0
1784328839.198576,CONST330,TAKEOFF,0,0.000000,27.347857,0.263373,0.154043,1.797924,0.223951,0.142401,4.990961,3.193301,0
1784328839.223590,CONST330,WAITING,0,0.000000,16.701540,0.261982,0.153802,1.798807,0.223951,0.142401,5.000000,3.201440,0
1784328839.248563,CONST330,WAITING,0,0.000000,9.660791,0.260670,0.153527,1.799722,0.000000,0.000000,5.000000,3.214545,0
1784328839.273559,CONST330,TRACKING,330,28.137482,30.675487,0.259727,0.151131,1.797656,0.000000,0.000000,5.000000,3.216412,1
1784328839.301806,CONST330,TRACKING,330,18.973666,49.750830,0.259727,0.151131,1.797656,0.000000,0.000000,5.000000,3.216412,0
1784328839.323562,CONST330,TRACKING,330,19.140205,21.853552,0.259055,0.145936,1.791947,0.000000,0.000000,5.000000,3.221802,0
1784328839.348603,CONST330,TRACKING,330,19.450749,25.238467,0.258623,0.142141,1.787995,0.000000,0.000000,5.000000,3.225534,0
1784328839.373562,CONST330,TRACKING,330,19.328508,22.090545,0.258258,0.138607,1.784549,0.000000,0.000000,5.000000,3.228782,0
1784328839.398561,CONST330,TRACKING,330,19.337743,47.098699,0.258258,0.138607,1.784549,0.000000,0.000000,5.000000,3.228782,0
1784328839.423560,CONST330,TRACKING,330,20.012844,25.617408,0.257807,0.134060,1.781322,0.000000,0.000000,5.000000,3.231768,0
1784328839.448561,CONST330,TRACKING,330,19.509062,24.422543,0.257344,0.129447,1.778366,0.000000,0.000000,5.000000,3.234488,0
1784328839.473562,CONST330,TRACKING,330,19.805207,22.533999,0.256895,0.125155,1.775763,0.000000,0.000000,5.000000,3.236876,0
1784328839.498563,CONST330,TRACKING,330,19.566799,47.297379,0.256895,0.125155,1.775763,0.000000,0.000000,5.000000,3.236876,0
1784328839.523563,CONST330,TRACKING,330,19.764073,25.131813,0.256055,0.119994,1.773896,0.000000,0.000000,5.000000,3.238474,0
1784328839.548563,CONST330,TRACKING,330,19.712089,24.885201,0.254389,0.115534,1.775633,0.000000,0.000000,5.000000,3.236449,0
1784328839.573563,CONST330,TRACKING,330,19.850632,22.553607,0.252810,0.111367,1.777284,0.000000,0.000000,5.000000,3.234534,0
1784328839.598562,CONST330,TRACKING,330,19.693924,47.396122,0.252810,0.111367,1.777284,0.000000,0.000000,5.000000,3.234534,0
1784328839.623562,CONST330,TRACKING,330,20.013859,25.255606,0.251273,0.107486,1.778867,0.000000,0.000000,5.000000,3.232706,0
1784328839.648562,CONST330,TRACKING,330,19.898055,24.819447,0.249924,0.104358,1.780160,0.000000,0.000000,5.000000,3.231210,0
1784328839.673567,CONST330,TRACKING,330,19.745107,22.526546,0.248919,0.102790,1.780852,0.000000,0.000000,5.000000,3.230393,0
1784328839.698563,CONST330,TRACKING,330,19.642269,47.419292,0.248919,0.102790,1.780852,0.000000,0.000000,5.000000,3.230393,0
1784328839.723563,CONST330,TRACKING,330,19.669497,24.960820,0.247680,0.100951,1.781688,0.000000,0.000000,5.000000,3.229407,0
1784328839.748563,CONST330,TRACKING,330,19.740722,24.999484,0.246670,0.099615,1.782337,0.000000,0.000000,5.000000,3.228641,0
1784328839.773563,CONST330,TRACKING,330,19.786284,22.603373,0.244879,0.099818,1.781904,0.000000,0.000000,5.000000,3.228943,0
1784328839.798563,CONST330,TRACKING,330,19.937300,47.754405,0.244879,0.099818,1.781904,0.000000,0.000000,5.000000,3.228943,0
1784328839.823567,CONST330,TRACKING,330,19.881089,24.877754,0.242373,0.101351,1.780552,0.000000,0.000000,5.000000,3.230149,0
1784328839.848564,CONST330,TRACKING,330,20.032666,25.055283,0.239969,0.102745,1.779361,0.000000,0.000000,5.000000,3.231201,0
1784328839.873564,CONST330,TRACKING,330,19.798762,22.420011,0.237655,0.104013,1.778348,0.000000,0.000000,5.000000,3.232080,0
1784328839.898564,CONST330,TRACKING,330,19.815136,47.437479,0.237655,0.104013,1.778348,0.000000,0.000000,5.000000,3.232080,0
1784328839.923563,CONST330,TRACKING,330,19.806150,24.927296,0.235980,0.106525,1.774931,0.000000,0.000000,5.000000,3.235445,0
1784328839.948565,CONST330,TRACKING,330,19.577456,24.710582,0.234980,0.108570,1.772057,0.000000,0.000000,5.000000,3.238305,0
1784328839.973564,CONST330,TRACKING,330,19.675142,22.379879,0.234035,0.110447,1.769492,0.000000,0.000000,5.000000,3.240857,0
1784328839.998567,CONST330,TRACKING,330,19.667171,47.375114,0.234035,0.110447,1.769492,0.000000,0.000000,5.000000,3.240857,0
1784328840.023687,CONST330,TRACKING,330,19.673113,25.047959,0.233118,0.112202,1.767206,0.000000,0.000000,5.000000,3.243130,0
1784328840.048672,CONST330,TRACKING,330,19.776408,25.023028,0.232562,0.111107,1.767254,0.000000,0.000000,5.000000,3.243004,0
1784328840.073564,CONST330,TRACKING,330,19.757966,22.519022,0.231995,0.110067,1.767339,0.000000,0.000000,5.000000,3.242844,0
1784328840.098607,CONST330,TRACKING,330,19.790423,47.594705,0.231995,0.110067,1.767339,0.000000,0.000000,5.000000,3.242844,0
1784328840.123688,CONST330,TRACKING,330,19.700049,24.927308,0.231304,0.108769,1.767456,0.000000,0.000000,5.000000,3.242634,0
1784328840.148684,CONST330,TRACKING,330,19.563945,24.794031,0.230276,0.107689,1.766934,0.000000,0.000000,5.000000,3.243045,0
1784328840.173565,CONST330,TRACKING,330,19.658624,22.453841,0.227956,0.106358,1.764708,0.000000,0.000000,5.000000,3.245056,0
1784328840.198677,CONST330,TRACKING,330,19.839666,47.746234,0.227956,0.106358,1.764708,0.000000,0.000000,5.000000,3.245056,0
1784328840.223670,CONST330,TRACKING,330,19.818486,24.909327,0.225795,0.105061,1.762769,0.000000,0.000000,5.000000,3.246797,0
1784328840.248690,CONST330,TRACKING,330,19.740603,24.877029,0.223815,0.103794,1.761039,0.000000,0.000000,5.000000,3.248343,0
1784328840.273565,CONST330,TRACKING,330,19.663963,22.349434,0.222766,0.102812,1.757721,0.000000,0.000000,5.000000,3.251549,0
1784328840.298688,CONST330,TRACKING,330,19.888020,47.696912,0.222766,0.102812,1.757721,0.000000,0.000000,5.000000,3.251549,0
1784328840.323697,CONST330,TRACKING,330,20.008967,25.053338,0.222506,0.101888,1.751897,0.000000,0.000000,5.000000,3.257309,0
1784328840.348692,CONST330,TRACKING,330,20.278413,25.166081,0.222242,0.101150,1.747738,0.000000,0.000000,5.000000,3.261415,0
1784328840.373563,CONST330,TRACKING,330,19.613131,22.394780,0.221819,0.100342,1.744004,0.000000,0.000000,5.000000,3.265085,0
1784328840.398670,CONST330,TRACKING,330,19.769386,47.657930,0.221819,0.100342,1.744004,0.000000,0.000000,5.000000,3.265085,0
1784328840.423568,CONST330,TRACKING,330,19.835729,24.866763,0.221095,0.099867,1.740451,0.000000,0.000000,5.000000,3.268565,0
1784328840.448677,CONST330,TRACKING,330,19.758037,24.953999,0.220244,0.099417,1.737155,0.000000,0.000000,5.000000,3.271781,0
1784328840.473567,CONST330,TRACKING,330,19.644232,22.347053,0.219384,0.098901,1.734202,0.000000,0.000000,5.000000,3.274653,0
1784328840.498567,CONST330,TRACKING,330,19.682189,47.385466,0.219384,0.098901,1.734202,0.000000,0.000000,5.000000,3.274653,0
1784328840.523566,CONST330,TRACKING,330,19.736732,24.991391,0.218127,0.098495,1.731043,0.000000,0.000000,5.000000,3.277706,0
1784328840.548566,CONST330,TRACKING,330,19.879691,25.077588,0.216292,0.098889,1.729267,0.000000,0.000000,5.000000,3.279368,0
1784328840.573566,CONST330,TRACKING,330,19.744458,22.461949,0.214547,0.099147,1.727721,0.000000,0.000000,5.000000,3.280803,0
1784328840.598567,CONST330,TRACKING,330,19.870188,47.588312,0.214547,0.099147,1.727721,0.000000,0.000000,5.000000,3.280803,0
1784328840.623567,CONST330,TRACKING,330,19.779346,24.841274,0.212881,0.099308,1.726388,0.000000,0.000000,5.000000,3.282029,0
1784328840.648566,CONST330,TRACKING,330,19.601394,24.756342,0.211733,0.099604,1.725691,0.000000,0.000000,5.000000,3.282659,0
1784328840.673569,CONST330,TRACKING,330,19.869387,22.638746,0.212025,0.100413,1.726540,0.000000,0.000000,5.000000,3.281856,0
1784328840.698718,CONST330,TRACKING,330,19.799307,47.716019,0.212025,0.100413,1.726540,0.000000,0.000000,5.000000,3.281856,0
1784328840.723609,CONST330,TRACKING,330,19.852287,24.878569,0.212282,0.101284,1.727560,0.000000,0.000000,5.000000,3.280882,0
1784328840.748693,CONST330,TRACKING,330,19.697059,24.863536,0.212402,0.101891,1.728349,0.000000,0.000000,5.000000,3.280121,0
1784328840.773568,CONST330,TRACKING,330,19.726436,22.421097,0.211818,0.101588,1.727910,0.000000,0.000000,5.000000,3.280512,0
1784328840.798569,CONST330,TRACKING,330,20.038372,47.734140,0.211818,0.101588,1.727910,0.000000,0.000000,5.000000,3.280512,0
1784328840.823622,CONST330,TRACKING,330,19.705059,24.644345,0.210613,0.100491,1.726437,0.000000,0.000000,5.000000,3.281870,0
1784328840.848694,CONST330,TRACKING,330,19.517042,24.792205,0.209442,0.099460,1.725155,0.000000,0.000000,5.000000,3.283043,0
1784328840.873568,CONST330,TRACKING,330,19.617646,22.321564,0.208250,0.098510,1.724079,0.000000,0.000000,5.000000,3.284011,0
1784328840.898679,CONST330,TRACKING,330,19.587294,47.402376,0.208250,0.098510,1.724079,0.000000,0.000000,5.000000,3.284011,0
1784328840.923702,CONST330,TRACKING,330,19.706328,25.077133,0.209922,0.096894,1.727295,0.000000,0.000000,5.000000,3.280862,0
1784328840.948692,CONST330,TRACKING,330,19.695099,24.917948,0.211704,0.095611,1.730494,0.000000,0.000000,5.000000,3.277748,0
1784328840.973568,CONST330,TRACKING,330,19.632797,22.296539,0.213301,0.094407,1.733488,0.000000,0.000000,5.000000,3.274830,0
1784328840.998682,CONST330,TRACKING,330,19.608366,47.387071,0.213301,0.094407,1.733488,0.000000,0.000000,5.000000,3.274830,0
1784328841.023569,CONST330,TRACKING,330,19.778595,24.981707,0.214800,0.093342,1.736280,0.000000,0.000000,5.000000,3.272113,0
1784328841.048695,CONST330,TRACKING,330,19.828605,25.106477,0.215511,0.093534,1.737169,0.000000,0.000000,5.000000,3.271278,0
1784328841.073569,CONST330,TRACKING,330,19.844197,22.390850,0.216004,0.093750,1.737939,0.000000,0.000000,5.000000,3.270549,0
1784328841.098684,CONST330,TRACKING,330,19.898524,47.562002,0.216004,0.093750,1.737939,0.000000,0.000000,5.000000,3.270549,0
1784328841.123611,CONST330,TRACKING,330,19.846181,24.806022,0.216497,0.093985,1.738937,0.000000,0.000000,5.000000,3.269592,0
1784328841.148615,CONST330,TRACKING,330,19.918000,25.012729,0.215798,0.093869,1.738887,0.000000,0.000000,5.000000,3.269593,0
1784328841.173569,CONST330,TRACKING,330,19.785589,22.455224,0.212390,0.093019,1.736549,0.000000,0.000000,5.000000,3.271678,0
1784328841.198682,CONST330,TRACKING,330,19.860032,47.643425,0.212390,0.093019,1.736549,0.000000,0.000000,5.000000,3.271678,0
1784328841.223575,CONST330,TRACKING,330,19.941490,24.905075,0.209142,0.092152,1.734919,0.000000,0.000000,5.000000,3.273070,0
1784328841.248614,CONST330,TRACKING,330,20.236906,25.237350,0.206102,0.091236,1.734317,0.000000,0.000000,5.000000,3.273452,0
1784328841.273570,CONST330,TRACKING,330,19.760834,22.576826,0.202514,0.090959,1.735604,0.000000,0.000000,5.000000,3.271936,0
1784328841.298569,CONST330,TRACKING,330,19.862356,47.678520,0.202514,0.090959,1.735604,0.000000,0.000000,5.000000,3.271936,0
1784328841.323587,CONST330,TRACKING,330,19.866084,24.950235,0.197360,0.091374,1.740356,0.000000,0.000000,5.000000,3.266891,0
1784328841.348571,CONST330,TRACKING,330,19.953616,24.963090,0.193486,0.091807,1.746195,0.000000,0.000000,5.000000,3.260845,0
1784328841.373570,CONST330,TRACKING,330,19.769286,22.537562,0.189760,0.092386,1.753690,0.000000,0.000000,5.000000,3.253163,0
1784328841.398569,CONST330,TRACKING,330,19.816200,47.583490,0.189760,0.092386,1.753690,0.000000,0.000000,5.000000,3.253163,0
1784328841.423572,CONST330,TRACKING,330,19.805470,24.930129,0.187473,0.093170,1.763234,0.000000,0.000000,5.000000,3.243530,0
1784328841.448578,CONST330,TRACKING,330,19.868356,24.991000,0.185397,0.094060,1.774860,0.000000,0.000000,5.000000,3.231834,0
1784328841.473570,CONST330,TRACKING,330,19.750860,22.536309,0.182912,0.094989,1.788590,0.000000,0.000000,5.000000,3.218017,0
1784328841.498571,CONST330,TRACKING,330,19.979625,47.766361,0.182912,0.094989,1.788590,0.000000,0.000000,5.000000,3.218017,0
1784328841.523572,CONST330,TRACKING,330,19.967800,24.918387,0.179214,0.096319,1.809641,0.000000,0.000000,5.000000,3.196840,0
1784328841.548571,CONST330,TRACKING,330,19.589423,24.548390,0.176072,0.097860,1.831379,0.000000,0.000000,5.000000,3.175018,0
1784328841.573571,CONST330,TRACKING,330,19.549045,22.289409,0.172646,0.099019,1.855437,0.000000,0.000000,5.000000,3.150855,0
1784328841.598574,CONST330,TRACKING,330,19.600075,47.343486,0.172646,0.099019,1.855437,0.000000,0.000000,5.000000,3.150855,0
1784328841.623572,CONST330,TRACKING,330,19.652664,24.950065,0.168883,0.099788,1.881693,0.000000,0.000000,5.000000,3.124471,0
1784328841.648572,CONST330,TRACKING,330,19.579595,24.856781,0.164703,0.100905,1.910029,0.000000,0.000000,5.000000,3.096003,0
1784328841.673580,CONST330,TRACKING,330,19.717527,22.499819,0.160281,0.103209,1.940890,0.000000,0.000000,5.000000,3.065044,0
1784328841.698571,CONST330,TRACKING,330,19.648833,47.420790,0.160281,0.103209,1.940890,0.000000,0.000000,5.000000,3.065044,0
1784328841.723572,CONST330,TRACKING,330,19.705063,24.985067,0.154301,0.105682,1.980903,0.000000,0.000000,5.000000,3.024884,0
1784328841.748572,CONST330,TRACKING,330,19.666009,24.891486,0.149217,0.107279,2.013486,0.000000,0.000000,5.000000,2.992163,0
1784328841.773572,CONST330,TRACKING,330,19.572705,22.206301,0.144418,0.109111,2.049816,0.000000,0.000000,5.000000,2.955732,0
1784328841.798573,CONST330,TRACKING,330,19.531423,47.165728,0.144418,0.109111,2.049816,0.000000,0.000000,5.000000,2.955732,0
1784328841.823580,CONST330,TRACKING,330,19.479318,24.873977,0.139745,0.110973,2.089720,0.000000,0.000000,5.000000,2.915746,0
1784328841.848578,CONST330,TRACKING,330,19.571332,24.993773,0.134879,0.112128,2.130099,0.000000,0.000000,5.000000,2.875256,0
1784328841.873573,CONST330,TRACKING,330,19.528002,22.199255,0.130011,0.112583,2.170805,0.000000,0.000000,5.000000,2.834418,0
1784328841.898826,CONST330,TRACKING,330,20.592847,48.520896,0.130011,0.112583,2.170805,0.000000,0.000000,5.000000,2.834418,0
1784328841.923573,CONST330,TRACKING,330,19.752979,23.799992,0.124534,0.110092,2.224074,0.000000,0.000000,5.000000,2.780898,0
1784328841.948696,CONST330,TRACKING,330,19.562875,24.854479,0.120136,0.107252,2.266872,0.000000,0.000000,5.000000,2.737869,0
1784328841.973573,CONST330,TRACKING,330,19.725534,22.472927,0.115614,0.104070,2.309757,0.000000,0.000000,5.000000,2.694737,0
1784328841.998682,CONST330,TRACKING,330,19.685896,47.542536,0.115614,0.104070,2.309757,0.000000,0.000000,5.000000,2.694737,0
1784328842.023698,CONST330,TRACKING,330,19.820283,25.089465,0.111156,0.100617,2.352722,0.000000,0.000000,5.000000,2.651520,0
1784328842.048702,CONST330,TRACKING,330,19.793597,24.895914,0.107248,0.093535,2.393630,0.000000,0.000000,5.000000,2.610252,0
1784328842.073573,CONST330,TRACKING,330,19.691893,22.211338,0.103451,0.086475,2.434691,0.000000,0.000000,5.000000,2.568850,0
1784328842.098621,CONST330,TRACKING,330,19.538304,47.106182,0.103451,0.086475,2.434691,0.000000,0.000000,5.000000,2.568850,0
1784328842.123698,CONST330,TRACKING,330,19.855407,25.306471,0.098854,0.077883,2.486094,0.000000,0.000000,5.000000,2.517054,0
1784328842.148617,CONST330,TRACKING,330,19.785869,24.784860,0.096031,0.071388,2.527380,0.000000,0.000000,5.000000,2.475514,0
1784328842.173574,CONST330,TRACKING,330,19.724316,22.242007,0.095315,0.065714,2.569100,0.000000,0.000000,5.000000,2.433656,0
1784328842.198566,CONST330,TRACKING,330,19.685010,47.194856,0.095315,0.065714,2.569100,0.000000,0.000000,5.000000,2.433656,0
1784328842.223571,CONST330,TRACKING,330,19.695841,24.941528,0.094621,0.060481,2.610968,0.000000,0.000000,5.000000,2.391670,0
1784328842.248574,CONST330,TRACKING,330,20.820012,26.035750,0.093973,0.055635,2.652440,0.000000,0.000000,5.000000,2.350099,0
1784328842.273569,CONST330,TRACKING,330,20.727046,50.937844,0.093973,0.055635,2.652440,0.000000,0.000000,5.000000,2.350099,0
1784328842.298518,CONST330,TRACKING,330,19.816894,23.935099,0.094053,0.052097,2.691454,0.000000,0.000000,5.000000,2.311049,0
1784328842.323574,CONST330,TRACKING,330,20.114715,25.280741,0.094970,0.048971,2.738426,0.000000,0.000000,5.000000,2.264097,0
1784328842.348565,CONST330,TRACKING,330,19.785347,24.567848,0.095748,0.046447,2.776627,0.000000,0.000000,5.000000,2.225919,0
1784328842.373574,CONST330,TRACKING,330,19.759531,22.477735,0.096449,0.043876,2.814833,0.000000,0.000000,5.000000,2.187734,0
1784328842.398565,CONST330,TRACKING,330,19.922398,47.631689,0.096449,0.043876,2.814833,0.000000,0.000000,5.000000,2.187734,0
1784328842.423567,CONST330,TRACKING,330,25.445711,30.451547,0.097115,0.042159,2.854034,0.000000,0.000000,5.000000,2.148576,1
1784328842.449120,CONST330,TRACKING,330,25.804759,56.359535,0.097115,0.042159,2.854034,0.000000,0.000000,5.000000,2.148576,1
1784328842.475037,CONST330,TRACKING,330,20.120669,20.143937,0.097519,0.040653,2.894026,0.000000,0.000000,5.000000,2.108623,0
1784328842.498523,CONST330,TRACKING,330,19.466987,22.779256,0.097566,0.039044,2.934653,0.000000,0.000000,5.000000,2.068019,0
1784328842.523567,CONST330,TRACKING,330,20.131600,25.633269,0.097703,0.036623,2.986064,0.000000,0.000000,5.000000,2.016637,0
1784328842.548565,CONST330,TRACKING,330,19.273690,24.051483,0.099011,0.033603,3.026974,0.000000,0.000000,5.000000,1.975795,0
1784328842.573543,CONST330,TRACKING,330,19.813356,49.569400,0.099011,0.033603,3.026974,0.000000,0.000000,5.000000,1.975795,0
1784328842.598574,CONST330,TRACKING,330,19.473734,24.597143,0.100017,0.030890,3.068462,0.000000,0.000000,5.000000,1.934372,0
1784328842.623565,CONST330,TRACKING,330,19.315503,24.749451,0.100998,0.028319,3.110390,0.000000,0.000000,5.000000,1.892519,0
1784328842.648568,CONST330,TRACKING,330,19.965381,25.585668,0.102142,0.026262,3.152798,0.000000,0.000000,5.000000,1.850210,0
1784328842.673580,CONST330,TRACKING,330,19.420511,22.110206,0.104167,0.025122,3.206588,0.000000,0.000000,5.000000,1.796610,0
1784328842.698567,CONST330,TRACKING,330,19.329204,47.005156,0.104167,0.025122,3.206588,0.000000,0.000000,5.000000,1.796610,0
1784328842.723566,CONST330,TRACKING,330,19.370026,24.963106,0.105682,0.024189,3.250142,0.000000,0.000000,5.000000,1.753214,0
1784328842.748567,CONST330,TRACKING,330,19.496416,25.054062,0.107127,0.023224,3.294065,0.000000,0.000000,5.000000,1.709453,0
1784328842.773568,CONST330,TRACKING,330,19.547717,22.397761,0.108405,0.021627,3.337292,0.000000,0.000000,5.000000,1.666378,0
1784328842.798568,CONST330,TRACKING,330,19.768185,47.618856,0.108405,0.021627,3.337292,0.000000,0.000000,5.000000,1.666378,0
1784328842.823567,CONST330,TRACKING,330,19.706261,24.849336,0.109541,0.019565,3.380184,0.000000,0.000000,5.000000,1.623633,0
1784328842.848567,CONST330,TRACKING,330,19.391169,24.578763,0.110540,0.017770,3.423698,0.000000,0.000000,5.000000,1.580273,0
1784328842.873567,CONST330,TRACKING,330,19.379307,22.096398,0.111391,0.016160,3.467642,0.000000,0.000000,5.000000,1.536487,0
1784328842.898573,CONST330,TRACKING,330,19.409695,47.133170,0.111391,0.016160,3.467642,0.000000,0.000000,5.000000,1.536487,0
1784328842.923575,CONST330,TRACKING,330,19.670721,25.194207,0.111835,0.016194,3.522184,0.000000,0.000000,5.000000,1.482130,0
1784328842.948578,CONST330,TRACKING,330,19.281710,24.542905,0.111981,0.016532,3.566122,0.000000,0.000000,5.000000,1.438339,0
1784328842.973577,CONST330,TRACKING,330,19.378861,22.140685,0.111962,0.016755,3.610440,0.000000,0.000000,5.000000,1.394164,0
1784328842.998576,CONST330,TRACKING,330,19.078916,46.840238,0.111962,0.016755,3.610440,0.000000,0.000000,5.000000,1.394164,0
1784328843.023577,CONST330,TRACKING,330,19.262880,25.110619,0.111673,0.016856,3.655186,0.000000,0.000000,5.000000,1.349548,0
1784328843.048576,CONST330,TRACKING,330,19.331407,24.998861,0.112981,0.016498,3.705507,0.000000,0.000000,5.000000,1.299519,0
1784328843.073575,CONST330,TRACKING,330,19.095279,21.905353,0.113868,0.016127,3.755605,0.000000,0.000000,5.000000,1.249698,0
1784328843.098578,CONST330,TRACKING,330,19.009497,46.823361,0.113868,0.016127,3.755605,0.000000,0.000000,5.000000,1.249698,0
1784328843.123578,CONST330,TRACKING,330,18.938924,24.853030,0.114387,0.015701,3.817700,0.000000,0.000000,5.000000,1.187924,0
1784328843.148576,CONST330,TRACKING,330,19.184961,25.177373,0.115083,0.015919,3.867400,0.000000,0.000000,5.000000,1.138543,0
1784328843.173569,CONST330,TRACKING,330,19.053067,21.704462,0.117426,0.017438,3.918187,0.000000,0.000000,5.000000,1.088307,0
1784328843.198580,CONST330,TRACKING,330,19.093273,46.755773,0.117426,0.017438,3.918187,0.000000,0.000000,5.000000,1.088307,0
1784328843.223624,CONST330,TRACKING,330,19.487388,25.367458,0.119340,0.018774,3.968650,0.000000,0.000000,5.000000,1.038401,0
1784328843.248700,CONST330,TRACKING,330,18.949341,24.459550,0.120919,0.019980,4.018614,0.000000,0.000000,5.000000,0.989009,0
1784328843.273578,CONST330,TRACKING,330,18.936905,21.742590,0.121779,0.021140,4.068285,0.000000,0.000000,5.000000,0.939878,0
1784328843.298584,CONST330,TRACKING,330,19.313597,47.126967,0.121779,0.021140,4.068285,0.000000,0.000000,5.000000,0.939878,0
1784328843.323631,CONST330,TRACKING,330,19.491657,25.142550,0.121981,0.022486,4.129882,0.000000,0.000000,5.000000,0.878914,0
1784328843.348630,CONST330,TRACKING,330,19.497277,24.850712,0.121881,0.023478,4.178689,0.000000,0.000000,5.000000,0.830637,0
1784328843.373579,CONST330,TRACKING,330,19.316828,22.144074,0.121564,0.024418,4.226416,0.000000,0.000000,5.000000,0.783458,0
1784328843.398584,CONST330,TRACKING,330,19.113477,46.947072,0.121564,0.024418,4.226416,0.000000,0.000000,5.000000,0.783458,0
1784328843.423580,CONST330,TRACKING,330,18.873181,24.670854,0.120353,0.026987,4.274018,0.000000,0.000000,5.000000,0.736385,0
1784328843.448696,CONST330,TRACKING,330,18.969483,25.135498,0.118617,0.029896,4.321004,0.000000,0.000000,5.000000,0.689927,0
1784328843.473579,CONST330,TRACKING,330,18.785580,21.574291,0.116548,0.032560,4.366914,0.000000,0.000000,5.000000,0.644548,0
1784328843.498584,CONST330,TRACKING,330,18.881430,46.675173,0.116548,0.032560,4.366914,0.000000,0.000000,5.000000,0.644548,0
1784328843.523624,CONST330,TRACKING,330,18.894909,24.988985,0.113496,0.035602,4.422876,0.000000,0.000000,5.000000,0.589255,0
1784328843.548615,CONST330,TRACKING,330,18.935242,24.957922,0.110505,0.037994,4.465960,0.000000,0.000000,5.000000,0.546675,0
1784328843.573581,CONST330,TRACKING,330,18.847854,21.708007,0.107215,0.040071,4.507683,0.000000,0.000000,5.000000,0.505447,0
1784328843.598583,CONST330,TRACKING,330,18.836754,46.698877,0.107215,0.040071,4.507683,0.000000,0.000000,5.000000,0.505447,0
1784328843.623580,CONST330,TRACKING,330,18.910890,25.005559,0.103656,0.041833,4.548211,0.000000,0.000000,5.000000,0.465411,0
1784328843.648581,CONST330,TRACKING,330,18.780017,24.807761,0.100194,0.043255,4.587413,0.000000,0.000000,5.000000,0.426776,0
1784328843.673581,CONST330,TRACKING,330,18.903631,21.709379,0.097489,0.044328,4.624978,0.000000,0.000000,5.000000,0.390014,0
1784328843.698585,CONST330,TRACKING,330,18.765480,46.575460,0.097489,0.044328,4.624978,0.000000,0.000000,5.000000,0.390014,0
1784328843.723633,CONST330,TRACKING,330,18.885926,25.099767,0.093769,0.045472,4.669371,0.000000,0.000000,5.000000,0.346664,0
1784328843.748630,CONST330,TRACKING,330,18.855156,24.890096,0.090600,0.046266,4.702548,0.000000,0.000000,5.000000,0.314367,0
1784328843.773581,CONST330,TRACKING,330,18.847997,21.645562,0.086468,0.048405,4.732631,2.000000,0.000000,5.000000,1.932727,0
1784328843.798695,CONST330,TRACKING,330,19.023474,46.900574,0.086468,0.048405,4.732631,2.000000,0.000000,5.000000,1.932727,0
1784328843.823586,CONST330,TRACKING,330,19.451142,25.221040,0.081438,0.051684,4.759873,2.000000,0.000000,5.000000,1.934222,0
1784328843.848582,CONST330,TRACKING,330,19.423580,24.863310,0.076314,0.054615,4.785588,2.000000,0.000000,5.000000,1.936369,0
1784328843.873582,CONST330,TRACKING,330,19.492627,22.233755,0.071120,0.057256,4.810353,2.000000,0.000000,5.000000,1.939026,0
1784328843.898709,CONST330,TRACKING,330,19.681403,47.549306,0.071120,0.057256,4.810353,2.000000,0.000000,5.000000,1.939026,0
1784328843.923709,CONST330,TRACKING,330,19.609182,24.864376,0.062921,0.061361,4.838796,2.000000,0.000000,5.000000,1.944743,0
1784328843.948689,CONST330,TRACKING,330,19.488904,24.795893,0.056835,0.064260,4.859334,2.000000,0.000000,5.000000,1.949309,0
1784328843.973583,CONST330,TRACKING,330,19.599288,22.328791,0.051915,0.066388,4.879195,2.000000,0.000000,5.000000,1.952956,0
1784328843.998654,CONST330,TRACKING,330,19.548716,47.350679,0.051915,0.066388,4.879195,2.000000,0.000000,5.000000,1.952956,0
1784328844.023583,CONST330,TRACKING,330,19.575581,24.880099,0.048295,0.067833,4.896623,2.000000,0.000000,5.000000,1.955617,0
1784328844.048695,CONST330,TRACKING,330,19.512040,24.979281,0.044144,0.066853,4.909710,2.000000,0.000000,5.000000,1.959080,0
1784328844.073583,CONST330,TRACKING,330,19.580315,22.272679,0.041694,0.065686,4.918965,2.000000,0.000000,5.000000,1.961083,0
1784328844.098625,CONST330,TRACKING,330,19.520816,47.255685,0.041694,0.065686,4.918965,2.000000,0.000000,5.000000,1.961083,0
1784328844.123627,CONST330,TRACKING,330,20.043692,25.455200,0.041592,0.064106,4.926264,2.000000,0.000000,5.000000,1.960844,0
1784328844.148625,CONST330,TRACKING,330,19.410523,24.299518,0.044262,0.062513,4.930260,2.000000,0.000000,5.000000,1.957980,0
1784328844.173583,CONST330,TRACKING,330,19.520960,22.180241,0.049253,0.059992,4.933326,2.000000,0.000000,5.000000,1.952808,0
1784328844.198667,CONST330,TRACKING,330,19.415643,47.159604,0.049253,0.059992,4.933326,2.000000,0.000000,5.000000,1.952808,0
1784328844.223710,CONST330,TRACKING,330,19.632005,25.198177,0.056944,0.057676,4.934517,2.000000,0.000000,5.000000,1.945015,0
1784328844.248703,CONST330,TRACKING,330,19.335854,24.628689,0.066749,0.055467,4.932101,2.000000,0.000000,5.000000,1.935238,0
1784328844.273583,CONST330,TRACKING,330,19.340286,22.084558,0.081087,0.053800,4.926650,2.000000,0.000000,5.000000,1.921068,0
1784328844.298581,CONST330,TRACKING,330,19.417033,47.160069,0.081087,0.053800,4.926650,2.000000,0.000000,5.000000,1.921068,0
1784328844.323592,CONST330,TRACKING,330,19.513905,25.019083,0.105841,0.052327,4.920367,2.000000,0.000000,5.000000,1.896554,0
1784328844.348636,CONST330,TRACKING,330,19.491452,24.906421,0.128697,0.051135,4.916403,2.000000,0.000000,5.000000,1.873867,0
1784328844.373589,CONST330,TRACKING,330,19.518253,22.330407,0.153847,0.049902,4.912436,2.000000,0.000000,5.000000,1.848902,0
1784328844.398586,CONST330,TRACKING,330,19.391946,47.201874,0.153847,0.049902,4.912436,2.000000,0.000000,5.000000,1.848902,0
1784328844.423585,CONST330,TRACKING,330,19.970180,25.515375,0.184758,0.046698,4.908881,2.000000,0.000000,5.000000,1.818127,0
1784328844.448586,CONST330,TRACKING,330,19.264378,24.217347,0.218943,0.043009,4.906994,2.000000,0.000000,5.000000,1.784002,0
1784328844.473584,CONST330,TRACKING,330,19.226911,21.689669,0.264567,0.038585,4.907837,2.000000,0.000000,5.000000,1.738307,0
1784328844.498586,CONST330,TRACKING,330,19.197683,46.663211,0.264567,0.038585,4.907837,2.000000,0.000000,5.000000,1.738307,0
1784328844.523583,CONST330,TRACKING,330,19.159066,24.895181,0.303464,0.035159,4.908475,2.000000,0.000000,5.000000,1.699367,0
1784328844.548588,CONST330,TRACKING,330,19.714678,25.492542,0.345968,0.031716,4.909837,2.000000,0.000000,5.000000,1.656791,0
1784328844.573589,CONST330,TRACKING,330,19.192495,21.969359,0.389416,0.028327,4.909642,2.000000,0.000000,5.000000,1.613365,0
1784328844.598584,CONST330,TRACKING,330,19.183043,46.954921,0.389416,0.028327,4.909642,2.000000,0.000000,5.000000,1.613365,0
1784328844.623585,CONST330,TRACKING,330,19.234063,24.968877,0.433762,0.025034,4.907885,2.000000,0.000000,5.000000,1.569144,0
1784328844.648590,CONST330,TRACKING,330,19.178889,24.879313,0.479933,0.021519,4.903984,2.000000,0.000000,5.000000,1.523249,0
1784328844.673585,CONST330,TRACKING,330,19.255903,21.942634,0.529696,0.017133,4.897561,2.000000,0.000000,5.000000,1.473968,0
1784328844.698586,CONST330,TRACKING,330,19.085494,46.773448,0.529696,0.017133,4.897561,2.000000,0.000000,5.000000,1.473968,0
1784328844.723585,CONST330,TRACKING,330,19.119889,24.963378,0.592899,0.012067,4.888878,2.000000,0.000000,5.000000,1.411534,0
1784328844.748589,CONST330,TRACKING,330,19.064509,24.880039,0.644236,0.008348,4.881409,2.000000,0.000000,5.000000,1.360966,0
1784328844.773586,CONST330,TRACKING,330,20.004060,22.762823,0.697923,0.004089,4.870589,2.000000,0.000000,5.000000,1.308499,0
1784328844.798718,CONST330,TRACKING,330,19.095175,46.987418,0.697923,0.004089,4.870589,2.000000,0.000000,5.000000,1.308499,0
1784328844.823606,CONST330,TRACKING,330,19.120493,24.831128,0.753868,-0.000746,4.858202,2.000000,0.000000,5.000000,1.254174,0
1784328844.848716,CONST330,TRACKING,330,19.195067,25.090194,0.810229,-0.005413,4.846949,2.000000,0.000000,5.000000,1.199587,0
1784328844.873582,CONST330,TRACKING,330,18.924665,21.504558,0.866956,-0.009915,4.836580,2.000000,0.000000,5.000000,1.144812,0
1784328844.898586,CONST330,TRACKING,330,18.923216,46.508126,0.866956,-0.009915,4.836580,2.000000,0.000000,5.000000,1.144812,0
1784328844.923584,CONST330,TRACKING,330,18.876684,24.888062,0.940343,-0.015780,4.825875,2.000000,0.000000,5.000000,1.073984,0
1784328844.948590,CONST330,TRACKING,330,18.986853,25.055688,0.999715,-0.020398,4.818749,2.000000,0.000000,5.000000,1.016779,0
1784328844.973586,CONST330,TRACKING,330,18.919899,21.627425,1.059274,-0.024870,4.812543,2.000000,0.000000,5.000000,0.959544,0
1784328844.998589,CONST330,TRACKING,330,19.009095,46.720491,1.059274,-0.024870,4.812543,2.000000,0.000000,5.000000,0.959544,0
1784328845.023583,CONST330,TRACKING,330,19.124811,25.043143,1.118986,-0.029201,4.807117,2.000000,0.000000,5.000000,0.902354,0
1784328845.048598,CONST330,TRACKING,330,18.884678,24.706812,1.180149,-0.033634,4.799198,2.000000,0.000000,5.000000,0.844754,0
1784328845.073587,CONST330,TRACKING,330,18.925932,21.685712,1.241275,-0.037807,4.792586,2.000000,0.000000,5.000000,0.787473,0
1784328845.098589,CONST330,TRACKING,330,18.911155,46.673394,1.241275,-0.037807,4.792586,2.000000,0.000000,5.000000,0.787473,0
1784328845.123583,CONST330,TRACKING,330,18.887920,24.906243,1.317575,-0.042585,4.785748,2.000000,0.000000,5.000000,0.716534,0
1784328845.148593,CONST330,TRACKING,330,18.886554,24.949707,1.378143,-0.046123,4.780999,2.000000,0.000000,5.000000,0.660904,0
1784328845.173579,CONST330,TRACKING,330,18.899096,21.597816,1.437673,-0.049592,4.777870,2.000000,0.000000,5.000000,0.606641,0
1784328845.198587,CONST330,TRACKING,330,18.868704,46.575442,1.437673,-0.049592,4.777870,2.000000,0.000000,5.000000,0.606641,0
1784328845.223584,CONST330,TRACKING,330,18.928122,24.978362,1.497056,-0.052660,4.777040,2.000000,0.000000,5.000000,0.552663,0
1784328845.248594,CONST330,TRACKING,330,18.865326,24.878527,1.556135,-0.055327,4.778584,2.000000,0.000000,5.000000,0.499101,0
1784328845.273588,CONST330,TRACKING,330,18.822122,21.635976,1.614915,-0.056454,4.782101,2.000000,0.000000,5.000000,0.446047,0
1784328845.298715,CONST330,TRACKING,330,18.848053,46.788954,1.614915,-0.056454,4.782101,2.000000,0.000000,5.000000,0.446047,0
1784328845.323599,CONST330,TRACKING,330,19.643088,25.580290,1.687780,-0.056000,4.788445,2.000000,0.000000,5.000000,0.381278,0
1784328845.348634,CONST330,TRACKING,330,19.329276,24.585774,1.745269,-0.055336,4.795750,2.000000,0.000000,5.000000,0.331162,0
1784328845.373594,CONST330,TRACKING,330,19.325234,22.060517,1.801965,-0.054417,4.804152,2.000000,2.000000,5.000000,2.073211,0
1784328845.398595,CONST330,TRACKING,330,19.367589,47.070375,1.801965,-0.054417,4.804152,2.000000,2.000000,5.000000,2.073211,0
1784328845.423586,CONST330,TRACKING,330,19.721984,25.247181,1.856866,-0.054218,4.814067,2.000000,2.000000,5.000000,2.067576,0
1784328845.448588,CONST330,TRACKING,330,19.431953,24.623277,1.910489,-0.054027,4.825148,2.000000,2.000000,5.000000,2.063399,0
1784328845.473593,CONST330,TRACKING,330,20.023120,22.724178,1.963090,-0.053583,4.835564,2.000000,2.000000,5.000000,2.060486,0
1784328845.498702,CONST330,TRACKING,330,19.520670,47.328757,1.963090,-0.053583,4.835564,2.000000,2.000000,5.000000,2.060486,0
1784328845.523641,CONST330,TRACKING,330,19.700090,25.040016,2.026127,-0.052966,4.847426,2.000000,2.000000,5.000000,2.058794,0
1784328845.548713,CONST330,TRACKING,330,19.474744,24.764200,2.072094,-0.052868,4.855249,2.000000,2.000000,5.000000,2.059228,0
1784328845.573593,CONST330,TRACKING,330,19.424126,22.088627,2.116775,-0.051880,4.861472,2.000000,2.000000,5.000000,2.059863,0
1784328845.598683,CONST330,TRACKING,330,19.305340,47.058634,2.116775,-0.051880,4.861472,2.000000,2.000000,5.000000,2.059863,0
1784328845.623589,CONST330,TRACKING,330,19.506588,25.037320,2.159754,-0.049480,4.867019,2.000000,2.000000,5.000000,2.059993,0
1784328845.648724,CONST330,TRACKING,330,19.513233,25.057384,2.200714,-0.046362,4.872111,2.000000,2.000000,5.000000,2.060155,0
1784328845.673589,CONST330,TRACKING,330,20.006033,22.781806,2.240010,-0.044726,4.874440,2.000000,2.000000,5.000000,2.062589,0
1784328845.698593,CONST330,TRACKING,330,20.759894,48.539838,2.240010,-0.044726,4.874440,2.000000,2.000000,5.000000,2.062589,0
1784328845.723589,CONST330,TRACKING,330,19.755967,23.914053,2.287072,-0.039264,4.874595,2.000000,2.000000,5.000000,2.063185,0
1784328845.748715,CONST330,TRACKING,330,19.499563,24.787907,2.323015,-0.031771,4.873441,2.000000,2.000000,5.000000,2.061176,0
1784328845.773590,CONST330,TRACKING,330,19.519614,22.148339,2.354223,-0.020174,4.871810,2.000000,2.000000,5.000000,2.054996,0
1784328845.798719,CONST330,TRACKING,330,19.465686,47.224228,2.354223,-0.020174,4.871810,2.000000,2.000000,5.000000,2.054996,0
1784328845.823657,CONST330,TRACKING,330,19.568060,24.950735,2.380860,-0.004517,4.870068,2.000000,2.000000,5.000000,2.044510,0
1784328845.848590,CONST330,TRACKING,330,19.553955,24.814600,2.405942,0.014211,4.868851,2.000000,2.000000,5.000000,2.031095,0
1784328845.873590,CONST330,TRACKING,330,19.507388,22.229893,2.429432,0.035709,4.867671,2.000000,2.000000,5.000000,2.015034,0
1784328845.898595,CONST330,TRACKING,330,19.450536,47.178302,2.429432,0.035709,4.867671,2.000000,2.000000,5.000000,2.015034,0
1784328845.923632,CONST330,TRACKING,330,19.426624,24.943957,2.453163,0.071800,4.864170,2.000000,2.000000,5.000000,1.985388,0
1784328845.948721,CONST330,TRACKING,330,19.375548,24.978254,2.469965,0.103827,4.860315,2.000000,2.000000,5.000000,1.958533,0
1784328845.973591,CONST330,TRACKING,330,19.389528,22.226191,2.485263,0.137587,4.856451,2.000000,2.000000,5.000000,1.929941,0
1784328845.998709,CONST330,TRACKING,330,19.353417,47.307876,2.485263,0.137587,4.856451,2.000000,2.000000,5.000000,1.929941,0
1784328846.023637,CONST330,TRACKING,330,19.521295,25.032184,2.498919,0.172986,4.853240,2.000000,2.000000,5.000000,1.899589,0
1784328846.048718,CONST330,TRACKING,330,19.351738,24.835285,2.510033,0.214263,4.848312,2.000000,2.000000,5.000000,1.863330,0
1784328846.073591,CONST330,TRACKING,330,19.258623,21.990295,2.519744,0.256635,4.843929,2.000000,2.000000,5.000000,1.825873,0
1784328846.098592,CONST330,TRACKING,330,19.220039,46.952369,2.519744,0.256635,4.843929,2.000000,2.000000,5.000000,1.825873,0
1784328846.123587,CONST330,TRACKING,330,19.202927,24.912107,2.529996,0.311001,4.838595,2.000000,2.000000,5.000000,1.777544,0
1784328846.148593,CONST330,TRACKING,330,19.607419,25.336399,2.535418,0.355525,4.834491,2.000000,2.000000,5.000000,1.737344,0
1784328846.173592,CONST330,TRACKING,330,19.449033,22.251170,2.535903,0.401070,4.830885,2.000000,2.000000,5.000000,1.694807,0
1784328846.198591,CONST330,TRACKING,330,19.660688,47.462916,2.535903,0.401070,4.830885,2.000000,2.000000,5.000000,1.694807,0
1784328846.223593,CONST330,TRACKING,330,19.201544,24.466331,2.535209,0.447557,4.829627,2.000000,2.000000,5.000000,1.650925,0
1784328846.248643,CONST330,TRACKING,330,19.270401,25.054555,2.533517,0.494763,4.829465,2.000000,2.000000,5.000000,1.606070,0
1784328846.273592,CONST330,TRACKING,330,19.241570,21.985472,2.530679,0.543784,4.831288,2.000000,2.000000,5.000000,1.559054,0
1784328846.298591,CONST330,TRACKING,330,19.108392,46.851885,2.530679,0.543784,4.831288,2.000000,2.000000,5.000000,1.559054,0
1784328846.323613,CONST330,TRACKING,330,19.733029,25.576487,2.525447,0.607243,4.836663,2.000000,2.000000,5.000000,1.497513,0
1784328846.348639,CONST330,TRACKING,330,19.176390,24.359276,2.520169,0.658427,4.841762,2.000000,2.000000,5.000000,1.447561,0
1784328846.373585,CONST330,TRACKING,330,19.277549,22.010332,2.514090,0.709837,4.846379,2.000000,2.000000,5.000000,1.397286,0
1784328846.398735,CONST330,TRACKING,330,19.436110,47.320527,2.514090,0.709837,4.846379,2.000000,2.000000,5.000000,1.397286,0
1784328846.423592,CONST330,TRACKING,330,19.788454,25.128469,2.506062,0.762056,4.852144,2.000000,2.000000,5.000000,1.345535,0
1784328846.448592,CONST330,TRACKING,330,18.978935,24.116054,2.497070,0.814592,4.857520,2.000000,2.000000,5.000000,1.293279,0
1784328846.473593,CONST330,TRACKING,330,19.023063,21.833258,2.487525,0.867302,4.862791,2.000000,2.000000,5.000000,1.240770,0
1784328846.498593,CONST330,TRACKING,330,19.022885,46.833753,2.487525,0.867302,4.862791,2.000000,2.000000,5.000000,1.240770,0
1784328846.523593,CONST330,TRACKING,330,19.080394,24.992262,2.474512,0.933348,4.869304,2.000000,2.000000,5.000000,1.174729,0
1784328846.548597,CONST330,TRACKING,330,18.972222,24.832978,2.462744,0.986115,4.873531,2.000000,2.000000,5.000000,1.121645,0
1784328846.573593,CONST330,TRACKING,330,18.967958,21.708881,2.450474,1.039053,4.877522,2.000000,2.000000,5.000000,1.068338,0
1784328846.598594,CONST330,TRACKING,330,18.947929,46.689429,2.450474,1.039053,4.877522,2.000000,2.000000,5.000000,1.068338,0
1784328846.623593,CONST330,TRACKING,330,18.916150,24.902538,2.437786,1.092149,4.881138,2.000000,2.000000,5.000000,1.014878,0
1784328846.648597,CONST330,TRACKING,330,18.902870,24.929237,2.424135,1.145003,4.885467,2.000000,2.000000,5.000000,0.961264,0
1784328846.673593,CONST330,TRACKING,330,19.100892,21.703889,2.408558,1.196742,4.890388,2.000000,2.000000,5.000000,0.907831,0
1784328846.698595,CONST330,TRACKING,330,18.889601,46.494260,2.408558,1.196742,4.890388,2.000000,2.000000,5.000000,0.907831,0
1784328846.723594,CONST330,TRACKING,330,18.835489,24.874949,2.388561,1.261579,4.895968,2.000000,2.000000,5.000000,0.840873,0
1784328846.748595,CONST330,TRACKING,330,18.874824,24.974391,2.372089,1.313545,4.900443,2.000000,2.000000,5.000000,0.787136,0
1784328846.773595,CONST330,TRACKING,330,18.872341,21.539413,2.356484,1.365782,4.904079,2.000000,2.000000,5.000000,0.733835,0
1784328846.798595,CONST330,TRACKING,330,18.911797,46.578948,2.356484,1.365782,4.904079,2.000000,2.000000,5.000000,0.733835,0
1784328846.823601,CONST330,TRACKING,330,19.016630,25.038175,2.341698,1.418234,4.906143,2.000000,2.000000,5.000000,0.681189,0
1784328846.848598,CONST330,TRACKING,330,18.810045,24.694474,2.326392,1.470607,4.907794,2.000000,2.000000,5.000000,0.628721,0
1784328846.873594,CONST330,TRACKING,330,18.839867,21.535304,2.310545,1.522858,4.909688,2.000000,2.000000,5.000000,0.576419,0
1784328846.898592,CONST330,TRACKING,330,18.739759,46.432344,2.310545,1.522858,4.909688,2.000000,2.000000,5.000000,0.576419,0
1784328846.923594,CONST330,TRACKING,330,18.901374,25.107657,2.288560,1.589690,4.914016,2.000000,2.000000,5.000000,0.508935,0
1784328846.948597,CONST330,TRACKING,330,18.977776,25.011636,2.270236,1.642983,4.918658,2.000000,2.000000,5.000000,0.455088,0
1784328846.973595,CONST330,TRACKING,330,18.861294,21.674526,2.251603,1.695723,4.923086,2.000000,2.000000,5.000000,0.402249,0
1784328846.998595,CONST330,TRACKING,330,18.902331,46.715740,2.251603,1.695723,4.923086,2.000000,2.000000,5.000000,0.402249,0
1784328847.023595,CONST330,TRACKING,330,18.818886,24.841047,2.232718,1.747877,4.926740,2.000000,2.000000,5.000000,0.350843,0
1784328847.048595,CONST330,TRACKING,330,18.830162,24.946477,2.214092,1.798086,4.930990,2.000000,2.000000,5.000000,0.302270,0
1784328847.073595,CONST330,TRACKING,330,18.871057,21.703613,2.195341,1.847719,4.935435,0.000000,2.000000,5.000000,2.201563,0
1784328847.098597,CONST330,TRACKING,330,19.117636,46.918940,2.195341,1.847719,4.935435,0.000000,2.000000,5.000000,2.201563,0
1784328847.123596,CONST330,TRACKING,330,19.108168,24.894609,2.171924,1.908809,4.940796,0.000000,2.000000,5.000000,2.174643,0
1784328847.148599,CONST330,TRACKING,330,19.312515,25.125725,2.153133,1.956901,4.945726,0.000000,2.000000,5.000000,2.154249,0
1784328847.173597,CONST330,TRACKING,330,19.452217,22.071895,2.134175,2.004447,4.952303,0.000000,2.000000,5.000000,2.134713,0
1784328847.198598,CONST330,TRACKING,330,19.324009,46.945203,2.134175,2.004447,4.952303,0.000000,2.000000,5.000000,2.134713,0
1784328847.223596,CONST330,TRACKING,330,20.203895,25.814917,2.115006,2.050753,4.960184,0.000000,2.000000,5.000000,2.115989,0
1784328847.248595,CONST330,TRACKING,330,19.385986,24.117864,2.095582,2.096105,4.967590,0.000000,2.000000,5.000000,2.098034,0
1784328847.273597,CONST330,TRACKING,330,19.464560,22.241662,2.076498,2.138899,4.974505,0.000000,2.000000,5.000000,2.081295,0
1784328847.298736,CONST330,TRACKING,330,20.723717,48.641546,2.076498,2.138899,4.974505,0.000000,2.000000,5.000000,2.081295,0
1784328847.323709,CONST330,TRACKING,330,19.489336,23.604044,2.052538,2.189120,4.981280,0.000000,2.000000,5.000000,2.061317,0
1784328847.348744,CONST330,TRACKING,330,19.662681,25.088929,2.032167,2.228121,4.984887,0.000000,2.000000,5.000000,2.044987,0
1784328847.373597,CONST330,TRACKING,330,19.441617,22.242049,2.010302,2.265587,4.988041,0.000000,2.000000,5.000000,2.027805,0
1784328847.398597,CONST330,TRACKING,330,19.319333,47.118831,2.010302,2.265587,4.988041,0.000000,2.000000,5.000000,2.027805,0
1784328847.423598,CONST330,TRACKING,330,19.341986,24.966164,1.988093,2.301182,4.990462,0.000000,2.000000,5.000000,2.010800,0
1784328847.448603,CONST330,TRACKING,330,19.285700,24.882549,1.964554,2.334953,4.991923,0.000000,2.000000,5.000000,1.992920,0
1784328847.473597,CONST330,TRACKING,330,19.302925,22.024117,1.939525,2.367210,4.991049,0.000000,2.000000,5.000000,1.974001,0
1784328847.498598,CONST330,TRACKING,330,19.310654,47.033119,1.939525,2.367210,4.991049,0.000000,2.000000,5.000000,1.974001,0
1784328847.523597,CONST330,TRACKING,330,19.222923,24.843442,1.906053,2.404453,4.988024,0.000000,2.000000,5.000000,1.948528,0
1784328847.548603,CONST330,TRACKING,330,19.230822,24.951912,1.877666,2.430334,4.984818,0.000000,2.000000,5.000000,1.926408,0
1784328847.573598,CONST330,TRACKING,330,19.209996,21.971784,1.847690,2.454355,4.980431,0.000000,2.000000,5.000000,1.902834,0
1784328847.598599,CONST330,TRACKING,330,19.268393,47.031420,1.847690,2.454355,4.980431,0.000000,2.000000,5.000000,1.902834,0
1784328847.623599,CONST330,TRACKING,330,19.233771,24.883963,1.816104,2.476348,4.975447,0.000000,2.000000,5.000000,1.877697,0
1784328847.648599,CONST330,TRACKING,330,19.198356,24.891098,1.781509,2.495411,4.972414,0.000000,2.000000,5.000000,1.849315,0
1784328847.673598,CONST330,TRACKING,330,19.166820,21.948083,1.741937,2.510870,4.972053,0.000000,2.000000,5.000000,1.815520,0
1784328847.698599,CONST330,TRACKING,330,19.286150,47.069184,1.741937,2.510870,4.972053,0.000000,2.000000,5.000000,1.815520,0
1784328847.723598,CONST330,TRACKING,330,19.274179,24.911551,1.690797,2.527482,4.971704,0.000000,2.000000,5.000000,1.771393,0
1784328847.748599,CONST330,TRACKING,330,19.134644,24.795237,1.648613,2.538859,4.971500,0.000000,2.000000,5.000000,1.734677,0
1784328847.773598,CONST330,TRACKING,330,19.144523,21.811945,1.604052,2.546277,4.973136,0.000000,2.000000,5.000000,1.694734,0
1784328847.798599,CONST330,TRACKING,330,19.161319,46.830101,1.604052,2.546277,4.973136,0.000000,2.000000,5.000000,1.694734,0
1784328847.823605,CONST330,TRACKING,330,19.144259,24.897624,1.557492,2.550314,4.975012,0.000000,2.000000,5.000000,1.652045,0
1784328847.848608,CONST330,TRACKING,330,19.258385,25.018982,1.510273,2.553460,4.975863,0.000000,2.000000,5.000000,1.608672,0
1784328847.873599,CONST330,TRACKING,330,19.113257,21.900021,1.462251,2.555521,4.977489,0.000000,2.000000,5.000000,1.564382,0
1784328847.898604,CONST330,TRACKING,330,19.512250,47.306873,1.462251,2.555521,4.977489,0.000000,2.000000,5.000000,1.564382,0
1784328847.923678,CONST330,TRACKING,330,19.647320,25.135137,1.399456,2.553475,4.981742,0.000000,2.000000,5.000000,1.505040,0
1784328847.948600,CONST330,TRACKING,330,19.642119,24.827658,1.348402,2.550274,4.984856,0.000000,2.000000,5.000000,1.456440,0
1784328847.973599,CONST330,TRACKING,330,19.607424,22.257741,1.297042,2.546233,4.987182,0.000000,2.000000,5.000000,1.407428,0
1784328847.998604,CONST330,TRACKING,330,19.290867,46.947189,1.297042,2.546233,4.987182,0.000000,2.000000,5.000000,1.407428,0
1784328848.023675,CONST330,TRACKING,330,19.457132,25.172909,1.245357,2.541215,4.989310,0.000000,2.000000,5.000000,1.357918,0
1784328848.048685,CONST330,TRACKING,330,19.677951,25.161855,1.191251,2.532233,4.991729,0.000000,2.000000,5.000000,1.304768,0
1784328848.073600,CONST330,TRACKING,330,19.540066,22.192449,1.137084,2.522685,4.993183,0.000000,2.000000,5.000000,1.251481,0
1784328848.098605,CONST330,TRACKING,330,19.435632,47.093876,1.137084,2.522685,4.993183,0.000000,2.000000,5.000000,1.251481,0
1784328848.123662,CONST330,TRACKING,330,19.559050,25.105943,1.069279,2.509830,4.994511,0.000000,2.000000,5.000000,1.184615,0
1784328848.148649,CONST330,TRACKING,330,19.515039,24.876969,1.014699,2.498074,4.994798,0.000000,2.000000,5.000000,1.130362,0
1784328848.173593,CONST330,TRACKING,330,19.348361,22.097779,0.959367,2.483525,4.994274,0.000000,2.000000,5.000000,1.074344,0
1784328848.198622,CONST330,TRACKING,330,19.179912,46.959686,0.959367,2.483525,4.994274,0.000000,2.000000,5.000000,1.074344,0
1784328848.223601,CONST330,TRACKING,330,19.083870,24.797207,0.904037,2.468496,4.994001,0.000000,2.000000,5.000000,1.018237,0
1784328848.248681,CONST330,TRACKING,330,18.975490,24.906636,0.848701,2.453010,4.993774,0.000000,2.000000,5.000000,0.962055,0
1784328848.273601,CONST330,TRACKING,330,19.053833,21.885049,0.793410,2.437427,4.992008,0.000000,2.000000,5.000000,0.906039,0
1784328848.298700,CONST330,TRACKING,330,18.988937,46.921156,0.793410,2.437427,4.992008,0.000000,2.000000,5.000000,0.906039,0
1784328848.323662,CONST330,TRACKING,330,19.668190,25.551655,0.724368,2.417564,4.989001,0.000000,2.000000,5.000000,0.836176,0
1784328848.348748,CONST330,TRACKING,330,19.110087,24.419021,0.669151,2.400994,4.987256,0.000000,2.000000,5.000000,0.780206,0
1784328848.373601,CONST330,TRACKING,330,19.019621,21.875126,0.614002,2.383835,4.986367,0.000000,2.000000,5.000000,0.724233,0
1784328848.398717,CONST330,TRACKING,330,18.907940,46.875649,0.614002,2.383835,4.986367,0.000000,2.000000,5.000000,0.724233,0
1784328848.423643,CONST330,TRACKING,330,19.344867,25.301213,0.560566,2.365137,4.982927,0.000000,2.000000,5.000000,0.669216,0
1784328848.448748,CONST330,TRACKING,330,18.987961,24.671077,0.507728,2.345817,4.978158,0.000000,2.000000,5.000000,0.614699,0
1784328848.473601,CONST330,TRACKING,330,18.899360,21.539685,0.441842,2.321123,4.973504,0.000000,2.000000,5.000000,0.546852,0
1784328848.498601,CONST330,TRACKING,330,18.907241,46.546952,0.441842,2.321123,4.973504,0.000000,2.000000,5.000000,0.546852,0
1784328848.523603,CONST330,TRACKING,330,19.230515,25.256832,0.389404,2.300723,4.971381,0.000000,2.000000,5.000000,0.492837,0
1784328848.548748,CONST330,TRACKING,330,18.930460,24.770816,0.337429,2.279467,4.971324,0.000000,2.000000,5.000000,0.439070,0
1784328848.573602,CONST330,TRACKING,330,19.289653,21.865167,0.285861,2.257977,4.970658,0.000000,2.000000,5.000000,0.386173,0
1784328848.598677,CONST330,TRACKING,330,18.856357,46.506728,0.285861,2.257977,4.970658,0.000000,2.000000,5.000000,0.386173,0
1784328848.623668,CONST330,TRACKING,330,18.939854,25.001252,0.234808,2.236330,4.969215,0.000000,2.000000,5.000000,0.334566,0
1784328848.648604,CONST330,TRACKING,330,18.962349,24.925465,0.184425,2.214685,4.967410,0.000000,0.000000,5.000000,2.222589,0
1784328848.673603,CONST330,TRACKING,330,19.454552,22.172634,0.134756,2.193466,4.964299,0.000000,0.000000,5.000000,2.197891,0
1784328848.698612,CONST330,TRACKING,330,19.489130,47.217290,0.134756,2.193466,4.964299,0.000000,0.000000,5.000000,2.197891,0
1784328848.723604,CONST330,TRACKING,330,19.534551,24.948920,0.074161,2.166875,4.961420,0.000000,0.000000,5.000000,2.168487,0
1784328848.748732,CONST330,TRACKING,330,19.590529,25.110832,0.027265,2.145604,4.961869,0.000000,0.000000,5.000000,2.146116,0
1784328848.773603,CONST330,TRACKING,330,19.413431,22.061251,-0.017438,2.124499,4.965412,0.000000,0.000000,5.000000,2.124852,0
1784328848.798735,CONST330,TRACKING,330,19.414703,47.195505,-0.017438,2.124499,4.965412,0.000000,0.000000,5.000000,2.124852,0
1784328848.823679,CONST330,TRACKING,330,19.475351,24.924636,-0.060163,2.103579,4.971205,0.000000,0.000000,5.000000,2.104636,0
1784328848.848734,CONST330,TRACKING,330,19.593410,25.063709,-0.101439,2.082612,4.978088,0.000000,0.000000,5.000000,2.085196,0
1784328848.873603,CONST330,TRACKING,330,19.427511,22.121150,-0.150727,2.055895,4.986629,0.000000,0.000000,5.000000,2.061456,0
1784328848.898727,CONST330,TRACKING,330,19.432958,47.251151,-0.150727,2.055895,4.986629,0.000000,0.000000,5.000000,2.061456,0
1784328848.923731,CONST330,TRACKING,330,20.674797,26.183604,-0.187810,2.036445,4.991072,0.000000,0.000000,5.000000,2.045107,0
1784328848.948603,CONST330,TRACKING,330,19.427025,23.563786,-0.222944,2.015693,4.995069,0.000000,0.000000,5.000000,2.027991,0
1784328848.973604,CONST330,TRACKING,330,19.405726,21.966117,-0.255643,1.993020,5.000377,0.000000,0.000000,5.000000,2.009349,0
1784328848.998644,CONST330,TRACKING,330,19.373515,46.974607,-0.255643,1.993020,5.000377,0.000000,0.000000,5.000000,2.009349,0
1784328849.023743,CONST330,TRACKING,330,19.856438,25.516494,-0.285752,1.968068,5.007694,0.000000,0.000000,5.000000,1.988719,0
1784328849.048717,CONST330,TRACKING,330,19.609132,24.659626,-0.310488,1.942671,5.015707,0.000000,0.000000,5.000000,1.967389,0
1784328849.073600,CONST330,TRACKING,330,19.533391,22.264987,-0.333620,1.915285,5.022872,0.000000,0.000000,5.000000,1.944259,0
1784328849.098714,CONST330,TRACKING,330,19.437140,47.273800,-0.333620,1.915285,5.022872,0.000000,0.000000,5.000000,1.944259,0
1784328849.123712,CONST330,TRACKING,330,19.330109,24.824115,-0.360224,1.878217,5.031238,0.000000,0.000000,5.000000,1.912704,0
1784328849.148734,CONST330,TRACKING,330,19.285646,24.920196,-0.379742,1.845764,5.035592,0.000000,0.000000,5.000000,1.884759,0
1784328849.173605,CONST330,TRACKING,330,19.298764,21.862709,-0.397074,1.809149,5.036947,0.000000,0.000000,5.000000,1.852580,0
1784328849.198755,CONST330,TRACKING,330,19.260483,46.976367,-0.397074,1.809149,5.036947,0.000000,0.000000,5.000000,1.852580,0
1784328849.223609,CONST330,TRACKING,330,19.591817,25.121376,-0.413595,1.771413,5.036182,0.000000,0.000000,5.000000,1.819416,0
1784328849.248608,CONST330,TRACKING,330,19.294616,24.633318,-0.429022,1.732317,5.035188,0.000000,0.000000,5.000000,1.784999,0
1784328849.273605,CONST330,TRACKING,330,19.265945,21.978354,-0.442511,1.691504,5.032752,0.000000,0.000000,5.000000,1.748735,0
1784328849.298622,CONST330,TRACKING,330,19.239574,46.970274,-0.442511,1.691504,5.032752,0.000000,0.000000,5.000000,1.748735,0
1784328849.323613,CONST330,TRACKING,330,19.317413,24.977466,-0.456548,1.638074,5.029576,0.000000,0.000000,5.000000,1.700764,0
1784328849.348747,CONST330,TRACKING,330,19.160799,24.885661,-0.466310,1.593966,5.028172,0.000000,0.000000,5.000000,1.661013,0
1784328849.373605,CONST330,TRACKING,330,19.228103,22.032241,-0.474843,1.548781,5.027398,0.000000,0.000000,5.000000,1.620169,0
1784328849.398603,CONST330,TRACKING,330,19.170715,46.972520,-0.474843,1.548781,5.027398,0.000000,0.000000,5.000000,1.620169,0
1784328849.423607,CONST330,TRACKING,330,19.414675,25.163594,-0.480203,1.504415,5.028661,0.000000,0.000000,5.000000,1.579456,0
1784328849.448608,CONST330,TRACKING,330,19.324214,24.829389,-0.483952,1.459602,5.030147,0.000000,0.000000,5.000000,1.538037,0
1784328849.473603,CONST330,TRACKING,330,19.206807,22.120313,-0.486807,1.413840,5.030953,0.000000,0.000000,5.000000,1.495621,0
1784328849.498605,CONST330,TRACKING,330,20.451495,48.348288,-0.486807,1.413840,5.030953,0.000000,0.000000,5.000000,1.495621,0
1784328849.523607,CONST330,TRACKING,330,19.208082,23.681675,-0.488651,1.355189,5.031346,0.000000,0.000000,5.000000,1.440937,0
1784328849.548608,CONST330,TRACKING,330,19.331581,25.060463,-0.487986,1.306575,5.031558,0.000000,0.000000,5.000000,1.395086,0
1784328849.573607,CONST330,TRACKING,330,19.212017,21.967142,-0.486444,1.257410,5.030698,0.000000,0.000000,5.000000,1.348574,0
1784328849.598724,CONST330,TRACKING,330,19.153381,47.026098,-0.486444,1.257410,5.030698,0.000000,0.000000,5.000000,1.348574,0
1784328849.623668,CONST330,TRACKING,330,19.191312,24.915706,-0.484060,1.207767,5.028895,0.000000,0.000000,5.000000,1.301480,0
1784328849.648748,CONST330,TRACKING,330,19.169680,24.976278,-0.480758,1.157509,5.027006,0.000000,0.000000,5.000000,1.253668,0
1784328849.673608,CONST330,TRACKING,330,19.321570,21.902255,-0.475428,1.093647,5.024214,0.000000,0.000000,5.000000,1.192762,0
1784328849.698731,CONST330,TRACKING,330,19.875182,47.579741,-0.475428,1.093647,5.024214,0.000000,0.000000,5.000000,1.192762,0
1784328849.723691,CONST330,TRACKING,330,19.070056,24.068786,-0.470097,1.041992,5.022860,0.000000,0.000000,5.000000,1.143355,0
1784328849.748607,CONST330,TRACKING,330,19.104709,24.874298,-0.463872,0.989863,5.023023,0.000000,0.000000,5.000000,1.093406,0
1784328849.773608,CONST330,TRACKING,330,19.033777,21.557775,-0.456030,0.935833,5.023015,0.000000,0.000000,5.000000,1.041286,0
1784328849.798640,CONST330,TRACKING,330,19.079255,46.635310,-0.456030,0.935833,5.023015,0.000000,0.000000,5.000000,1.041286,0
1784328849.823616,CONST330,TRACKING,330,19.072529,24.882544,-0.446673,0.880244,5.021664,0.000000,0.000000,5.000000,0.987328,0
1784328849.848614,CONST330,TRACKING,330,19.435337,25.256602,-0.436589,0.824776,5.019209,0.000000,0.000000,5.000000,0.933399,0
1784328849.873608,CONST330,TRACKING,330,19.492946,22.225096,-0.425496,0.769410,5.017772,0.000000,0.000000,5.000000,0.879406,0
1784328849.898613,CONST330,TRACKING,330,19.371732,47.108688,-0.425496,0.769410,5.017772,0.000000,0.000000,5.000000,0.879406,0
1784328849.923656,CONST330,TRACKING,330,19.451282,25.058331,-0.411051,0.697901,5.013765,0.000000,0.000000,5.000000,0.810073,0
1784328849.948674,CONST330,TRACKING,330,19.434077,24.932599,-0.398678,0.640617,5.010203,0.000000,0.000000,5.000000,0.754611,0
1784328849.973610,CONST330,TRACKING,330,19.416758,22.032894,-0.385499,0.583740,5.006587,0.000000,0.000000,5.000000,0.699575,0
1784328849.998614,CONST330,TRACKING,330,19.362683,46.984138,-0.385499,0.583740,5.006587,0.000000,0.000000,5.000000,0.699575,0
1784328850.023681,CONST330,TRACKING,330,19.459423,25.067613,-0.371592,0.527304,5.001744,0.000000,0.000000,5.000000,0.645084,0
1784328850.048611,CONST330,TRACKING,330,19.441990,24.841763,-0.358521,0.471263,4.993488,0.000000,0.000000,5.000000,0.592172,0
1784328850.073608,CONST330,TRACKING,330,19.391437,22.171123,-0.344473,0.415707,4.986466,0.000000,0.000000,5.000000,0.540053,0
1784328850.098615,CONST330,TRACKING,330,20.267448,48.054356,-0.344473,0.415707,4.986466,0.000000,0.000000,5.000000,0.540053,0
1784328850.123680,CONST330,TRACKING,330,19.421395,24.141653,-0.325659,0.347020,4.979100,0.000000,0.000000,5.000000,0.476354,0
1784328850.148683,CONST330,TRACKING,330,19.450197,24.963023,-0.309792,0.292238,4.973544,0.000000,0.000000,5.000000,0.426701,0
1784328850.173610,CONST330,TRACKING,330,19.320198,21.936779,-0.293550,0.236626,4.966465,0.000000,0.000000,5.000000,0.378535,0
1784328850.198615,CONST330,TRACKING,330,19.094809,46.716540,-0.293550,0.236626,4.966465,0.000000,0.000000,5.000000,0.378535,0
1784328850.223678,CONST330,TRACKING,330,19.284498,25.180466,-0.276686,0.181876,4.960580,0.000000,0.000000,5.000000,0.333449,0
1784328850.248667,CONST330,TRACKING,330,18.977328,24.620471,-0.259304,0.128048,4.955739,0.000000,0.000000,5.000000,0.292564,0
1784328850.273609,CONST330,TRACKING,330,18.847903,21.537790,-0.241257,0.074267,4.953276,0.000000,0.000000,5.000000,0.256717,0
1784328850.298606,CONST330,TRACKING,330,20.122421,47.811403,-0.241257,0.074267,4.953276,0.000000,0.000000,5.000000,0.256717,0
1784328850.323621,CONST330,TRACKING,330,18.903991,23.597139,-0.217772,0.007697,4.952501,0.000000,0.000000,5.000000,0.223025,0
1784328850.348614,CONST330,TRACKING,330,18.919752,24.901197,-0.198501,-0.043978,4.952138,0.000000,0.000000,5.000000,0.208872,0
1784328850.373610,CONST330,TRACKING,330,18.823749,21.555643,-0.178873,-0.093962,4.952433,0.000000,0.000000,5.000000,0.207574,0
1784328850.398679,CONST330,TRACKING,330,19.277646,47.079502,-0.178873,-0.093962,4.952433,0.000000,0.000000,5.000000,0.207574,0
1784328850.423736,CONST330,TRACKING,330,18.978248,24.683538,-0.161716,-0.143043,4.956854,0.000000,0.000000,5.000000,0.220170,0
1784328850.448749,CONST330,TRACKING,330,19.039558,25.007742,-0.145022,-0.190440,4.962245,0.000000,0.000000,5.000000,0.242331,0
1784328850.473612,CONST330,TRACKING,330,19.045815,21.758369,-0.127901,-0.235727,4.967253,0.000000,0.000000,5.000000,0.270182,0
1784328850.498611,CONST330,TRACKING,330,18.958697,46.670050,-0.127901,-0.235727,4.967253,0.000000,0.000000,5.000000,0.270182,0
1784328850.523673,CONST330,TRACKING,330,18.871213,24.906268,-0.106231,-0.289417,4.974329,0.000000,0.000000,5.000000,0.309365,0
1784328850.548615,CONST330,TRACKING,330,18.836898,24.839700,-0.089214,-0.330500,4.982987,0.000000,0.000000,5.000000,0.342752,0
1784328850.573623,CONST330,TRACKING,330,18.920979,21.705290,-0.072149,-0.368909,4.991673,0.000000,0.000000,5.000000,0.375990,0
1784328850.598611,CONST330,TRACKING,330,18.932713,46.684547,-0.072149,-0.368909,4.991673,0.000000,0.000000,5.000000,0.375990,0
1784328850.623759,CONST330,TRACKING,330,18.905601,25.032064,-0.055129,-0.404746,4.999459,0.000000,0.000000,5.000000,0.408484,0
1784328850.648738,CONST330,TRACKING,330,18.963824,24.969351,-0.037887,-0.437726,5.005086,0.000000,0.000000,5.000000,0.439392,0
1784328850.673611,CONST330,TRACKING,330,18.867160,21.721419,-0.019908,-0.467401,5.006527,0.000000,0.000000,5.000000,0.467871,0
1784328850.698730,CONST330,TRACKING,330,19.715298,47.689219,-0.019908,-0.467401,5.006527,0.000000,0.000000,5.000000,0.467871,0
1784328850.723616,CONST330,TRACKING,330,19.445684,24.525566,0.001908,-0.500750,5.008107,0.000000,0.000000,5.000000,0.500819,0
1784328850.748613,CONST330,TRACKING,330,19.397023,24.869448,0.018613,-0.524106,5.010726,0.000000,0.000000,5.000000,0.524547,0
1784328850.773612,CONST330,TRACKING,330,18.889061,21.626928,0.034882,-0.543213,5.013309,0.000000,0.000000,5.000000,0.544495,0
1784328850.798615,CONST330,TRACKING,330,20.110718,47.853635,0.034882,-0.543213,5.013309,0.000000,0.000000,5.000000,0.544495,0
1784328850.823617,CONST330,TRACKING,330,18.946036,23.706796,0.050684,-0.558345,5.015199,0.000000,0.000000,5.000000,0.560847,0
1784328850.848751,CONST330,TRACKING,330,20.231692,26.315530,0.065800,-0.571028,5.016644,0.000000,0.000000,5.000000,0.575048,0
1784328850.873611,CONST330,TRACKING,330,18.854581,21.664521,0.080226,-0.581315,5.017409,0.000000,0.000000,5.000000,0.587083,0
1784328850.898613,CONST330,TRACKING,330,18.800025,46.611622,0.080226,-0.581315,5.017409,0.000000,0.000000,5.000000,0.587083,0
1784328850.923613,CONST330,TRACKING,330,18.882893,25.021644,0.097087,-0.586837,5.018168,0.000000,0.000000,5.000000,0.595091,0
1784328850.948616,CONST330,TRACKING,330,18.843058,24.901133,0.109650,-0.587792,5.019279,0.000000,0.000000,5.000000,0.598242,0
1784328850.973612,CONST330,TRACKING,330,18.870927,21.708930,0.121494,-0.586625,5.019857,0.000000,0.000000,5.000000,0.599403,0
1784328850.998609,CONST330,TRACKING,330,18.831249,46.666725,0.121494,-0.586625,5.019857,0.000000,0.000000,5.000000,0.599403,0
1784328851.023613,CONST330,TRACKING,330,18.842081,24.945968,0.132696,-0.583337,5.019671,0.000000,0.000000,5.000000,0.598563,0
1784328851.048618,CONST330,TRACKING,330,18.916549,25.009564,0.142990,-0.574289,5.018553,0.000000,0.000000,5.000000,0.592114,0
1784328851.073613,CONST330,TRACKING,330,18.854027,21.565870,0.152596,-0.563611,5.016649,0.000000,0.000000,5.000000,0.584141,0
1784328851.098614,CONST330,TRACKING,330,18.935213,46.648236,0.152596,-0.563611,5.016649,0.000000,0.000000,5.000000,0.584141,0
1784328851.123740,CONST330,TRACKING,330,18.864541,24.990419,0.163529,-0.547907,5.013824,0.000000,0.000000,5.000000,0.571957,0
1784328851.148617,CONST330,TRACKING,330,18.870595,24.826971,0.171768,-0.532959,5.011148,0.000000,0.000000,5.000000,0.560066,0
1784328851.173614,CONST330,TRACKING,330,18.872866,21.685533,0.180364,-0.514854,5.007428,0.000000,0.000000,5.000000,0.545583,0
1784328851.198614,CONST330,TRACKING,330,18.904252,46.717168,0.180364,-0.514854,5.007428,0.000000,0.000000,5.000000,0.545583,0
1784328851.223614,CONST330,TRACKING,330,18.875279,24.894310,0.187784,-0.495261,5.004896,0.000000,0.000000,5.000000,0.529689,0
1784328851.248617,CONST330,TRACKING,330,18.919585,24.977906,0.194095,-0.474507,5.002164,0.000000,0.000000,5.000000,0.512674,0
1784328851.273613,CONST330,TRACKING,330,18.903762,21.632121,0.198607,-0.450556,5.000530,0.000000,0.000000,5.000000,0.492388,0
1784328851.298609,CONST330,TRACKING,330,18.835560,46.559471,0.198607,-0.450556,5.000530,0.000000,0.000000,5.000000,0.492388,0
1784328851.323620,CONST330,TRACKING,330,18.907763,25.018059,0.201949,-0.416907,4.999258,0.000000,0.000000,5.000000,0.463245,0
1784328851.348619,CONST330,TRACKING,330,18.869622,24.854208,0.203459,-0.389212,4.998435,0.000000,0.000000,5.000000,0.439186,0
1784328851.373614,CONST330,TRACKING,330,18.849157,21.443242,0.203970,-0.360940,4.997893,0.000000,0.000000,5.000000,0.414591,0
1784328851.398615,CONST330,TRACKING,330,19.497781,47.092894,0.203970,-0.360940,4.997893,0.000000,0.000000,5.000000,0.414591,0
1784328851.423616,CONST330,TRACKING,330,18.923415,24.365508,0.205594,-0.328916,4.999054,0.000000,0.000000,5.000000,0.387887,0
1784328851.448620,CONST330,TRACKING,330,18.883138,24.891391,0.206886,-0.295814,4.999858,0.000000,0.000000,5.000000,0.360981,0
1784328851.473615,CONST330,TRACKING,330,18.854152,21.598455,0.207213,-0.262771,5.000181,0.000000,0.000000,5.000000,0.334642,0
1784328851.498612,CONST330,TRACKING,330,18.865416,46.607329,0.207213,-0.262771,5.000181,0.000000,0.000000,5.000000,0.334642,0
1784328851.523616,CONST330,TRACKING,330,18.849363,24.920423,0.206495,-0.221712,5.000714,0.000000,0.000000,5.000000,0.302980,0
1784328851.548620,CONST330,TRACKING,330,18.855926,24.948164,0.205564,-0.189386,5.001829,0.000000,0.000000,5.000000,0.279513,0
1784328851.573615,CONST330,TRACKING,330,18.870776,21.514360,0.203884,-0.157134,5.003266,0.000000,0.000000,5.000000,0.257431,0
1784328851.598617,CONST330,TRACKING,330,18.803141,46.449476,0.203884,-0.157134,5.003266,0.000000,0.000000,5.000000,0.257431,0
1784328851.623616,CONST330,TRACKING,330,18.841729,24.968395,0.201501,-0.125127,5.004292,0.000000,0.000000,5.000000,0.237229,0
1784328851.648621,CONST330,TRACKING,330,18.928386,25.019916,0.198958,-0.092726,5.004004,0.000000,0.000000,5.000000,0.219542,0
1784328851.673620,CONST330,TRACKING,330,18.998999,21.682800,0.197311,-0.058694,5.002059,0.000000,0.000000,5.000000,0.205866,0
1784328851.698615,CONST330,TRACKING,330,18.942898,46.621558,0.197311,-0.058694,5.002059,0.000000,0.000000,5.000000,0.205866,0
1784328851.723685,CONST330,TRACKING,330,18.919517,24.964447,0.194213,-0.017404,4.999323,0.000000,0.000000,5.000000,0.194993,0
1784328851.748754,CONST330,TRACKING,330,18.938766,25.007764,0.190922,0.014471,4.997571,0.000000,0.000000,5.000000,0.191485,0
1784328851.773616,CONST330,TRACKING,330,18.997812,21.666246,0.187867,0.045774,4.997421,0.000000,0.000000,5.000000,0.193381,0
1784328851.798645,CONST330,TRACKING,330,19.208385,46.906011,0.187867,0.045774,4.997421,0.000000,0.000000,5.000000,0.193381,0
1784328851.823621,CONST330,TRACKING,330,19.119674,24.801741,0.185098,0.076386,4.997933,0.000000,0.000000,5.000000,0.200251,0
1784328851.848769,CONST330,TRACKING,330,19.026777,24.956963,0.181712,0.105676,4.997624,0.000000,0.000000,5.000000,0.210219,0
1784328851.873616,CONST330,TRACKING,330,19.010819,21.703448,0.176688,0.140371,4.995819,0.000000,0.000000,5.000000,0.225700,0
1784328851.898660,CONST330,TRACKING,330,18.850258,46.586147,0.176688,0.140371,4.995819,0.000000,0.000000,5.000000,0.225700,0
1784328851.923754,CONST330,TRACKING,330,18.898045,25.076084,0.173302,0.164218,4.992373,0.000000,0.000000,5.000000,0.238871,0
1784328851.948757,CONST330,TRACKING,330,18.973904,25.018639,0.169285,0.186676,4.989635,0.000000,0.000000,5.000000,0.252216,0
1784328851.973618,CONST330,TRACKING,330,18.816834,21.580225,0.164663,0.207779,4.987227,0.000000,0.000000,5.000000,0.265423,0
1784328851.998617,CONST330,TRACKING,330,18.914384,46.677831,0.164663,0.207779,4.987227,0.000000,0.000000,5.000000,0.265423,0
1784328852.023750,CONST330,TRACKING,330,18.812341,24.967808,0.159462,0.227439,4.985657,0.000000,0.000000,5.000000,0.278141,0
1784328852.048624,CONST330,TRACKING,330,18.849098,24.847214,0.154400,0.245984,4.983909,0.000000,0.000000,5.000000,0.290872,0
1784328852.073617,CONST330,TRACKING,330,18.879211,21.745022,0.148772,0.262967,4.982265,0.000000,0.000000,5.000000,0.302654,0
1784328852.098623,CONST330,TRACKING,330,18.896806,46.769500,0.148772,0.262967,4.982265,0.000000,0.000000,5.000000,0.302654,0
1784328852.123749,CONST330,TRACKING,330,18.919464,25.079432,0.141013,0.281870,4.981064,0.000000,0.000000,5.000000,0.315743,0
1784328852.148757,CONST330,TRACKING,330,18.905928,24.933790,0.134175,0.294282,4.978810,0.000000,0.000000,5.000000,0.324120,0
1784328852.173618,CONST330,TRACKING,330,18.896497,21.495260,0.126494,0.302434,4.973559,0.000000,0.000000,5.000000,0.328886,0
1784328852.198619,CONST330,TRACKING,330,18.901095,46.499764,0.126494,0.302434,4.973559,0.000000,0.000000,5.000000,0.328886,0
1784328852.223619,CONST330,TRACKING,330,18.836259,24.871662,0.118613,0.309565,4.967988,0.000000,0.000000,5.000000,0.333053,0
1784328852.248624,CONST330,TRACKING,330,18.819098,24.924673,0.110515,0.315495,4.963720,0.000000,0.000000,5.000000,0.336254,0
1784328852.273618,CONST330,TRACKING,330,18.878306,21.532667,0.102394,0.318483,4.961405,0.000000,0.000000,5.000000,0.336757,0
1784328852.298622,CONST330,TRACKING,330,18.875738,46.535177,0.102394,0.318483,4.961405,0.000000,0.000000,5.000000,0.336757,0
1784328852.323627,CONST330,TRACKING,330,18.843809,24.882806,0.092342,0.318853,4.959797,0.000000,0.000000,5.000000,0.334381,0
1784328852.348625,CONST330,TRACKING,330,18.849485,24.902679,0.084140,0.318163,4.958353,0.000000,0.000000,5.000000,0.331725,0
1784328852.373619,CONST330,TRACKING,330,18.898250,21.710331,0.075869,0.316547,4.956697,0.000000,0.000000,5.000000,0.328380,0
1784328852.398619,CONST330,TRACKING,330,18.863678,46.676076,0.075869,0.316547,4.956697,0.000000,0.000000,5.000000,0.328380,0
1784328852.423621,CONST330,TRACKING,330,18.928697,24.999064,0.068862,0.313291,4.954155,0.000000,0.000000,5.000000,0.324029,0
1784328852.448623,CONST330,TRACKING,330,18.917749,24.909037,0.062151,0.308783,4.952081,0.000000,0.000000,5.000000,0.318600,0
1784328852.473619,CONST330,TRACKING,330,18.805139,21.640284,0.055319,0.303279,4.950804,0.000000,0.000000,5.000000,0.312183,0
1784328852.498619,CONST330,TRACKING,330,18.855507,46.690169,0.055319,0.303279,4.950804,0.000000,0.000000,5.000000,0.312183,0
1784328852.523755,CONST330,TRACKING,330,18.922549,25.142148,0.046653,0.294639,4.950688,0.000000,0.000000,5.000000,0.302358,0
1784328852.548749,CONST330,TRACKING,330,18.917032,24.924868,0.039786,0.285824,4.949421,0.000000,0.000000,5.000000,0.292979,0
1784328852.573620,CONST330,TRACKING,330,18.907258,21.503117,0.032860,0.276271,4.947206,0.000000,0.000000,5.000000,0.283183,0
1784328852.598756,CONST330,TRACKING,330,18.884290,46.617496,0.032860,0.276271,4.947206,0.000000,0.000000,5.000000,0.283183,0
1784328852.623620,CONST330,TRACKING,330,18.869334,24.782623,0.025951,0.265984,4.945053,0.000000,0.000000,5.000000,0.272838,0
1784328852.648624,CONST330,TRACKING,330,18.844764,24.919560,0.019636,0.254696,4.943839,0.000000,0.000000,5.000000,0.261552,0
1784328852.673620,CONST330,TRACKING,330,19.127062,21.836757,0.014914,0.241980,4.943270,0.000000,0.000000,5.000000,0.248988,0
1784328852.698622,CONST330,TRACKING,330,18.823611,46.535309,0.014914,0.241980,4.943270,0.000000,0.000000,5.000000,0.248988,0
1784328852.723618,CONST330,TRACKING,330,18.817063,24.916311,0.008707,0.225470,4.942793,0.000000,0.000000,5.000000,0.232777,0
1784328852.748627,CONST330,TRACKING,330,18.903510,25.028793,0.003553,0.211767,4.943374,0.000000,0.000000,5.000000,0.219236,0
1784328852.773620,CONST330,TRACKING,330,18.816008,21.559341,-0.003029,0.196652,4.945760,0.000000,0.000000,5.000000,0.204017,0
1784328852.798613,CONST330,TRACKING,330,18.819111,46.554440,-0.003029,0.196652,4.945760,0.000000,0.000000,5.000000,0.204017,0
1784328852.823627,CONST330,TRACKING,330,18.821325,24.941626,-0.010805,0.180301,4.949340,0.000000,0.000000,5.000000,0.187594,0
1784328852.848622,CONST330,TRACKING,330,18.867781,24.914878,-0.018362,0.163840,4.953044,0.000000,0.000000,5.000000,0.171423,0
1784328852.873621,CONST330,TRACKING,330,18.945702,21.744373,-0.025651,0.147309,4.956494,0.000000,0.000000,5.000000,0.155726,0
1784328852.898624,CONST330,TRACKING,330,18.915197,46.715812,-0.025651,0.147309,4.956494,0.000000,0.000000,5.000000,0.155726,0
1784328852.923622,CONST330,TRACKING,330,18.879169,24.897182,-0.033376,0.124281,4.957963,0.000000,0.000000,5.000000,0.135376,0
1784328852.948624,CONST330,TRACKING,330,18.891109,24.950311,-0.039115,0.105622,4.958795,0.000000,0.000000,5.000000,0.119933,0
1784328852.973622,CONST330,TRACKING,330,18.788745,21.559658,-0.044534,0.087295,4.959901,0.000000,0.000000,5.000000,0.105885,0
1784328852.998621,CONST330,TRACKING,330,18.840830,46.611907,-0.044534,0.087295,4.959901,0.000000,0.000000,5.000000,0.105885,0
1784328853.023751,CONST330,TRACKING,330,18.934743,25.158682,-0.049633,0.069284,4.961321,0.000000,0.000000,5.000000,0.093594,0
1784328853.048676,CONST330,TRACKING,330,18.922678,24.842349,-0.053900,0.049734,4.963603,0.000000,0.000000,5.000000,0.081875,0
1784328853.073622,CONST330,TRACKING,330,18.978701,21.790143,-0.057910,0.030744,4.965128,0.000000,0.000000,5.000000,0.074262,0
1784328853.098641,CONST330,TRACKING,330,18.926408,46.755907,-0.057910,0.030744,4.965128,0.000000,0.000000,5.000000,0.074262,0
1784328853.123752,CONST330,TRACKING,330,18.973688,25.098212,-0.062537,0.007873,4.966581,0.000000,0.000000,5.000000,0.071342,0
1784328853.148757,CONST330,TRACKING,330,18.901256,24.866559,-0.065864,-0.009493,4.967700,0.000000,0.000000,5.000000,0.073969,0
1784328853.173623,CONST330,TRACKING,330,18.835046,21.500994,-0.068866,-0.025594,4.968463,0.000000,0.000000,5.000000,0.079951,0
1784328853.198623,CONST330,TRACKING,330,18.905274,46.571451,-0.068866,-0.025594,4.968463,0.000000,0.000000,5.000000,0.079951,0
1784328853.223623,CONST330,TRACKING,330,18.881262,24.910190,-0.071416,-0.041097,4.970417,0.000000,0.000000,5.000000,0.087546,0
1784328853.248626,CONST330,TRACKING,330,18.863051,24.907812,-0.073472,-0.055997,4.972385,0.000000,0.000000,5.000000,0.096418,0
1784328853.273623,CONST330,TRACKING,330,18.825224,21.546439,-0.075146,-0.071147,4.973120,0.000000,0.000000,5.000000,0.106918,0
1784328853.298620,CONST330,TRACKING,330,18.893648,46.611966,-0.075146,-0.071147,4.973120,0.000000,0.000000,5.000000,0.106918,0
1784328853.323628,CONST330,TRACKING,330,19.015958,25.054720,-0.076656,-0.090076,4.973323,0.000000,0.000000,5.000000,0.121250,0
1784328853.348627,CONST330,TRACKING,330,18.839760,24.721066,-0.077328,-0.104307,4.973411,0.000000,0.000000,5.000000,0.132539,0
1784328853.373623,CONST330,TRACKING,330,18.865569,21.601443,-0.077601,-0.117645,4.973431,0.000000,0.000000,5.000000,0.143416,0
1784328853.398621,CONST330,TRACKING,330,18.882207,46.615658,-0.077601,-0.117645,4.973431,0.000000,0.000000,5.000000,0.143416,0
1784328853.423622,CONST330,TRACKING,330,19.108081,25.166478,-0.075855,-0.131641,4.974718,0.000000,0.000000,5.000000,0.154021,0
1784328853.448631,CONST330,TRACKING,330,18.953300,24.786223,-0.073422,-0.145060,4.976558,0.000000,0.000000,5.000000,0.164264,0
1784328853.473624,CONST330,TRACKING,330,18.884890,21.654431,-0.070894,-0.157341,4.978411,0.000000,0.000000,5.000000,0.173920,0
1784328853.498622,CONST330,TRACKING,330,18.828379,46.596587,-0.070894,-0.157341,4.978411,0.000000,0.000000,5.000000,0.173920,0
1784328853.523624,CONST330,TRACKING,330,18.845252,24.956377,-0.067428,-0.171156,4.979780,0.000000,0.000000,5.000000,0.185067,0
1784328853.548630,CONST330,TRACKING,330,18.892008,24.984422,-0.064156,-0.181034,4.979603,0.000000,0.000000,5.000000,0.193146,0
1784328853.573672,CONST330,TRACKING,330,18.911252,21.753333,-0.060793,-0.189788,4.979321,0.000000,0.000000,5.000000,0.200357,0
1784328853.598622,CONST330,TRACKING,330,18.863767,46.655207,-0.060793,-0.189788,4.979321,0.000000,0.000000,5.000000,0.200357,0
1784328853.623686,CONST330,TRACKING,330,18.916939,25.049810,-0.057357,-0.197470,4.979202,0.000000,0.000000,5.000000,0.206681,0
1784328853.648628,CONST330,TRACKING,330,18.821339,24.763741,-0.053348,-0.203183,4.979001,0.000000,0.000000,5.000000,0.211117,0
1784328853.673625,CONST330,TRACKING,330,19.051794,21.809138,-0.047754,-0.205222,4.978518,0.000000,0.000000,5.000000,0.211797,0
1784328853.698626,CONST330,TRACKING,330,18.906780,46.664732,-0.047754,-0.205222,4.978518,0.000000,0.000000,5.000000,0.211797,0
1784328853.723625,CONST330,TRACKING,330,18.971360,24.988399,-0.040928,-0.206755,4.979202,0.000000,0.000000,5.000000,0.211791,0
1784328853.748627,CONST330,TRACKING,330,18.955962,24.925706,-0.035622,-0.207141,4.980542,0.000000,0.000000,5.000000,0.211081,0
1784328853.773622,CONST330,TRACKING,330,18.979828,21.811700,-0.030507,-0.205986,4.983603,0.000000,0.000000,5.000000,0.208877,0
1784328853.798625,CONST330,TRACKING,330,18.953853,46.788679,-0.030507,-0.205986,4.983603,0.000000,0.000000,5.000000,0.208877,0
1784328853.823629,CONST330,TRACKING,330,18.995996,24.962295,-0.025637,-0.203372,4.987273,0.000000,0.000000,5.000000,0.205377,0
1784328853.848629,CONST330,TRACKING,330,18.849635,24.763189,-0.020932,-0.200049,4.990293,0.000000,0.000000,5.000000,0.201375,0
1784328853.873626,CONST330,TRACKING,330,18.912692,21.630641,-0.016400,-0.195962,4.992981,0.000000,0.000000,5.000000,0.196773,0
1784328853.898628,CONST330,TRACKING,330,18.927717,46.647802,-0.016400,-0.195962,4.992981,0.000000,0.000000,5.000000,0.196773,0
1784328853.923682,CONST330,TRACKING,330,18.879700,24.944539,-0.010443,-0.191185,4.995766,0.000000,0.000000,5.000000,0.191516,0
1784328853.948756,CONST330,TRACKING,330,18.896248,25.029672,-0.005769,-0.186658,4.997369,0.000000,0.000000,5.000000,0.186766,0
1784328853.973626,CONST330,TRACKING,330,18.867893,21.587911,-0.001275,-0.181438,4.997893,0.000000,0.000000,5.000000,0.181454,0
1784328853.998690,CONST330,TRACKING,330,18.895748,46.680184,-0.001275,-0.181438,4.997893,0.000000,0.000000,5.000000,0.181454,0
1784328854.023624,CONST330,TRACKING,330,18.896140,24.871427,0.003055,-0.175615,4.998127,0.000000,0.000000,5.000000,0.175652,0
1784328854.048687,CONST330,TRACKING,330,18.824268,24.920172,0.007996,-0.169498,4.998249,0.000000,0.000000,5.000000,0.169695,0
1784328854.073627,CONST330,TRACKING,330,18.808047,21.523412,0.012715,-0.162807,4.997826,0.000000,0.000000,5.000000,0.163317,0
1784328854.098622,CONST330,TRACKING,330,18.790473,46.499006,0.012715,-0.162807,4.997826,0.000000,0.000000,5.000000,0.163317,0
1784328854.123627,CONST330,TRACKING,330,18.720869,24.870976,0.018374,-0.153697,4.997147,0.000000,0.000000,5.000000,0.154818,0
1784328854.148664,CONST330,TRACKING,330,18.875530,25.132460,0.022972,-0.145781,4.996237,0.000000,0.000000,5.000000,0.147628,0
1784328854.173627,CONST330,TRACKING,330,18.799882,21.063283,0.028096,-0.137110,4.993619,0.000000,0.000000,5.000000,0.140105,0
1784328854.198745,CONST330,TRACKING,330,20.178420,47.561058,0.028096,-0.137110,4.993619,0.000000,0.000000,5.000000,0.140105,0
1784328854.223773,CONST330,TRACKING,330,18.891786,23.662172,0.032896,-0.128104,4.991633,0.000000,0.000000,5.000000,0.132525,0
1784328854.248734,CONST330,TRACKING,330,19.478215,25.475155,0.037319,-0.118726,4.989906,0.000000,0.000000,5.000000,0.124861,0
1784328854.273627,CONST330,TRACKING,330,18.861112,21.564144,0.041742,-0.109101,4.988107,0.000000,0.000000,5.000000,0.117417,0
1784328854.298624,CONST330,TRACKING,330,19.082598,46.783156,0.041742,-0.109101,4.988107,0.000000,0.000000,5.000000,0.117417,0
1784328854.323769,CONST330,TRACKING,330,18.897325,24.885133,0.047113,-0.096693,4.986308,0.000000,0.000000,5.000000,0.108428,0
1784328854.348692,CONST330,TRACKING,330,18.963968,24.896306,0.050946,-0.086513,4.984820,0.000000,0.000000,5.000000,0.101540,0
1784328854.373628,CONST330,TRACKING,330,18.815382,21.625378,0.054374,-0.076232,4.984342,0.000000,0.000000,5.000000,0.094937,0
1784328854.398627,CONST330,TRACKING,330,18.896903,46.705698,0.054374,-0.076232,4.984342,0.000000,0.000000,5.000000,0.094937,0
1784328854.423630,CONST330,TRACKING,330,19.435118,25.479915,0.058828,-0.066395,4.984827,0.000000,0.000000,5.000000,0.089996,0
1784328854.448739,CONST330,TRACKING,330,19.122554,24.722571,0.063231,-0.056602,4.985319,0.000000,0.000000,5.000000,0.086125,0
1784328854.473628,CONST330,TRACKING,330,18.935632,21.763644,0.067099,-0.046723,4.985640,0.000000,0.000000,5.000000,0.083015,0
1784328854.498750,CONST330,TRACKING,330,18.884152,46.835223,0.067099,-0.046723,4.985640,0.000000,0.000000,5.000000,0.083015,0
1784328854.523756,CONST330,TRACKING,330,18.905316,24.959448,0.071279,-0.033731,4.986288,0.000000,0.000000,5.000000,0.080040,0
1784328854.548745,CONST330,TRACKING,330,18.895326,24.911299,0.074257,-0.021464,4.985840,0.000000,0.000000,5.000000,0.078583,0
1784328854.573629,CONST330,TRACKING,330,18.864082,21.671489,0.076758,-0.009462,4.985434,0.000000,0.000000,5.000000,0.078699,0
1784328854.598737,CONST330,TRACKING,330,18.956389,46.872386,0.076758,-0.009462,4.985434,0.000000,0.000000,5.000000,0.078699,0
1784328854.623759,CONST330,TRACKING,330,19.378377,25.381590,0.078763,0.002251,4.985237,0.000000,0.000000,5.000000,0.080167,0
1784328854.648771,CONST330,TRACKING,330,18.950556,24.510352,0.080265,0.013736,4.984559,0.000000,0.000000,5.000000,0.082883,0
1784328854.673637,CONST330,TRACKING,330,19.418682,22.204154,0.081235,0.024969,4.983707,0.000000,0.000000,5.000000,0.086533,0
1784328854.698635,CONST330,TRACKING,330,19.274168,47.041976,0.081235,0.024969,4.983707,0.000000,0.000000,5.000000,0.086533,0
1784328854.723745,CONST330,TRACKING,330,19.283978,25.020520,0.081857,0.038578,4.982898,0.000000,0.000000,5.000000,0.092093,0
1784328854.748752,CONST330,TRACKING,330,18.931797,24.587223,0.081846,0.049041,4.983164,0.000000,0.000000,5.000000,0.096888,0
1784328854.773629,CONST330,TRACKING,330,18.790355,21.631883,0.081305,0.060420,4.983469,0.000000,0.000000,5.000000,0.102637,0
1784328854.798656,CONST330,TRACKING,330,18.890997,46.759620,0.081305,0.060420,4.983469,0.000000,0.000000,5.000000,0.102637,0
1784328854.823637,CONST330,TRACKING,330,18.841441,24.883240,0.080304,0.072569,4.983156,0.000000,0.000000,5.000000,0.109539,0
1784328854.848631,CONST330,TRACKING,330,18.872528,24.937775,0.079012,0.084100,4.982329,0.000000,0.000000,5.000000,0.116739,0
1784328854.873631,CONST330,TRACKING,330,18.874108,21.671408,0.077376,0.094959,4.981608,0.000000,0.000000,5.000000,0.123865,0
1784328854.898627,CONST330,TRACKING,330,18.875681,46.667698,0.077376,0.094959,4.981608,0.000000,0.000000,5.000000,0.123865,0
1784328854.923630,CONST330,TRACKING,330,18.830281,24.899424,0.074678,0.107164,4.980585,0.000000,0.000000,5.000000,0.132052,0
1784328854.948636,CONST330,TRACKING,330,18.918973,25.031564,0.072144,0.116120,4.979552,0.000000,0.000000,5.000000,0.138227,0
1784328854.973630,CONST330,TRACKING,330,18.937942,21.736045,0.069317,0.124319,4.979248,0.000000,0.000000,5.000000,0.143843,0
1784328854.998630,CONST330,TRACKING,330,18.737045,46.535357,0.069317,0.124319,4.979248,0.000000,0.000000,5.000000,0.143843,0
1784328855.023761,CONST330,TRACKING,330,18.801487,25.130849,0.066236,0.131731,4.979579,0.000000,0.000000,5.000000,0.148853,0
1784328855.048641,CONST330,TRACKING,330,18.901338,24.914973,0.060968,0.140838,4.981579,0.000000,0.000000,5.000000,0.154570,0
1784328855.073631,CONST330,TRACKING,330,18.904014,21.473560,0.057792,0.145802,4.982370,0.000000,0.000000,5.000000,0.157826,0
1784328855.098632,CONST330,TRACKING,330,18.952841,46.523517,0.057792,0.145802,4.982370,0.000000,0.000000,5.000000,0.157826,0
1784328855.123765,CONST330,TRACKING,330,18.833248,24.947736,0.052510,0.153135,4.983523,0.000000,0.000000,5.000000,0.162724,0
1784328855.148636,CONST330,TRACKING,330,18.781848,24.760640,0.048255,0.158358,4.984380,0.000000,0.000000,5.000000,0.166282,0
1784328855.173631,CONST330,TRACKING,330,18.838750,21.607684,0.043861,0.163468,4.985145,0.000000,0.000000,5.000000,0.169901,0
1784328855.198630,CONST330,TRACKING,330,18.813605,46.581022,0.043861,0.163468,4.985145,0.000000,0.000000,5.000000,0.169901,0
1784328855.223632,CONST330,TRACKING,330,18.819312,24.943812,0.039421,0.167730,4.985299,0.000000,0.000000,5.000000,0.172926,0
1784328855.248632,CONST330,TRACKING,330,18.808832,24.927625,0.035010,0.171121,4.985593,0.000000,0.000000,5.000000,0.175259,0
1784328855.273632,CONST330,TRACKING,330,18.901401,21.702160,0.030839,0.173084,4.985652,0.000000,0.000000,5.000000,0.176395,0
1784328855.298632,CONST330,TRACKING,330,18.946623,46.747013,0.030839,0.173084,4.985652,0.000000,0.000000,5.000000,0.176395,0
1784328855.323640,CONST330,TRACKING,330,18.924133,24.911383,0.025858,0.173714,4.986733,0.000000,0.000000,5.000000,0.176128,0
1784328855.348633,CONST330,TRACKING,330,18.814137,24.776917,0.021940,0.173377,4.988862,0.000000,0.000000,5.000000,0.175114,0
1784328855.373630,CONST330,TRACKING,330,18.934183,21.619693,0.018143,0.172412,4.990059,0.000000,0.000000,5.000000,0.173649,0
1784328855.398631,CONST330,TRACKING,330,18.797998,46.483234,0.018143,0.172412,4.990059,0.000000,0.000000,5.000000,0.173649,0
1784328855.423635,CONST330,TRACKING,330,18.886887,25.027711,0.014644,0.170424,4.990046,0.000000,0.000000,5.000000,0.171341,0
1784328855.448636,CONST330,TRACKING,330,18.808865,24.840192,0.011313,0.167707,4.989703,0.000000,0.000000,5.000000,0.168403,0
1784328855.473633,CONST330,TRACKING,330,18.848662,21.639002,0.008041,0.164445,4.988766,0.000000,0.000000,5.000000,0.165025,0
1784328855.498631,CONST330,TRACKING,330,18.947887,46.735818,0.008041,0.164445,4.988766,0.000000,0.000000,5.000000,0.165025,0
1784328855.523771,CONST330,TRACKING,330,18.885783,25.011669,0.004039,0.159299,4.987142,0.000000,0.000000,5.000000,0.159868,0
1784328855.548637,CONST330,TRACKING,330,18.896528,24.810185,0.001030,0.153704,4.985232,0.000000,0.000000,5.000000,0.154415,0
1784328855.573633,CONST330,TRACKING,330,18.804783,21.604669,-0.001892,0.147744,4.984161,0.000000,0.000000,5.000000,0.148603,0
1784328855.598630,CONST330,TRACKING,330,18.891916,46.689367,-0.001892,0.147744,4.984161,0.000000,0.000000,5.000000,0.148603,0
1784328855.623634,CONST330,TRACKING,330,18.923981,24.966836,-0.004771,0.141410,4.984323,0.000000,0.000000,5.000000,0.142356,0
1784328855.648638,CONST330,TRACKING,330,18.841912,24.856137,-0.007475,0.134953,4.984249,0.000000,0.000000,5.000000,0.136074,0
1784328855.673633,CONST330,TRACKING,330,18.881658,21.675951,-0.009788,0.128656,4.982122,0.000000,0.000000,5.000000,0.130261,0
1784328855.698636,CONST330,TRACKING,330,19.254152,47.052772,-0.009788,0.128656,4.982122,0.000000,0.000000,5.000000,0.130261,0
1784328855.723688,CONST330,TRACKING,330,19.284252,25.004018,-0.012600,0.120345,4.979808,0.000000,0.000000,5.000000,0.122676,0
1784328855.748679,CONST330,TRACKING,330,19.321459,24.962411,-0.014744,0.113376,4.978554,0.000000,0.000000,5.000000,0.116324,0
1784328855.773667,CONST330,TRACKING,330,19.393521,22.262077,-0.017285,0.106818,4.977654,0.000000,0.000000,5.000000,0.110490,0
1784328855.798645,CONST330,TRACKING,330,19.299554,47.149908,-0.017285,0.106818,4.977654,0.000000,0.000000,5.000000,0.110490,0
1784328855.823704,CONST330,TRACKING,330,19.481980,25.154618,-0.020235,0.100553,4.977238,0.000000,0.000000,5.000000,0.105064,0
1784328855.848750,CONST330,TRACKING,330,18.951918,24.385204,-0.023093,0.093980,4.977011,0.000000,0.000000,5.000000,0.099469,0
1784328855.873635,CONST330,TRACKING,330,18.928766,21.643936,-0.025882,0.087184,4.976732,0.000000,0.000000,5.000000,0.093875,0
1784328855.898726,CONST330,TRACKING,330,18.885225,46.691950,-0.025882,0.087184,4.976732,0.000000,0.000000,5.000000,0.093875,0
1784328855.923755,CONST330,TRACKING,330,18.877396,24.951105,-0.029607,0.077236,4.973550,0.000000,0.000000,5.000000,0.086843,0
1784328855.948759,CONST330,TRACKING,330,18.907989,24.971385,-0.032599,0.069036,4.970466,0.000000,0.000000,5.000000,0.081859,0
1784328855.973634,CONST330,TRACKING,330,18.848379,21.634322,-0.035466,0.060938,4.968606,0.000000,0.000000,5.000000,0.077181,0
1784328855.998734,CONST330,TRACKING,330,18.877300,46.763752,-0.035466,0.060938,4.968606,0.000000,0.000000,5.000000,0.077181,0
1784328856.023766,CONST330,TRACKING,330,18.882802,24.973565,-0.038096,0.052957,4.968024,0.000000,0.000000,5.000000,0.072652,0
1784328856.048690,CONST330,TRACKING,330,18.930177,24.895006,-0.041709,0.043996,4.968304,0.000000,0.000000,5.000000,0.068410,0
1784328856.073635,CONST330,TRACKING,330,18.874785,21.645967,-0.045739,0.033097,4.968450,0.000000,0.000000,5.000000,0.064675,0
1784328856.098696,CONST330,TRACKING,330,18.904071,46.736960,-0.045739,0.033097,4.968450,0.000000,0.000000,5.000000,0.064675,0
1784328856.123749,CONST330,TRACKING,330,18.901688,24.982581,-0.048611,0.024688,4.968768,0.000000,0.000000,5.000000,0.062832,0
1784328856.148762,CONST330,TRACKING,330,18.870011,24.919758,-0.051071,0.016213,4.970375,0.000000,0.000000,5.000000,0.061227,0
1784328856.173636,CONST330,TRACKING,330,18.887589,21.511773,-0.052836,0.007035,4.974254,0.000000,0.000000,5.000000,0.059194,0
1784328856.198633,CONST330,TRACKING,330,18.817773,46.439012,-0.052836,0.007035,4.974254,0.000000,0.000000,5.000000,0.059194,0
1784328856.223761,CONST330,TRACKING,330,18.885748,25.134675,-0.054395,-0.001802,4.978102,0.000000,0.000000,5.000000,0.058665,0
1784328856.248636,CONST330,TRACKING,330,18.936418,24.864479,-0.055780,-0.010341,4.981564,0.000000,0.000000,5.000000,0.059651,0
1784328856.273637,CONST330,TRACKING,330,18.863625,21.639963,-0.057242,-0.016659,4.985964,0.000000,0.000000,5.000000,0.061247,0
1784328856.298656,CONST330,TRACKING,330,18.864554,46.660228,-0.057242,-0.016659,4.985964,0.000000,0.000000,5.000000,0.061247,0
1784328856.323641,CONST330,TRACKING,330,18.820638,24.866693,-0.059122,-0.022077,4.992220,0.000000,0.000000,5.000000,0.063587,0
1784328856.348779,CONST330,TRACKING,330,18.957419,25.152609,-0.060444,-0.026388,4.996867,0.000000,0.000000,5.000000,0.066027,0
1784328856.373637,CONST330,TRACKING,330,18.761260,21.569379,-0.061572,-0.030666,5.001079,0.000000,0.000000,5.000000,0.068795,0
1784328856.398758,CONST330,TRACKING,330,18.874923,46.804015,-0.061572,-0.030666,5.001079,0.000000,0.000000,5.000000,0.068795,0
1784328856.423765,CONST330,TRACKING,330,18.876288,24.946410,-0.062304,-0.036486,5.002950,0.000000,0.000000,5.000000,0.072262,0
1784328856.448766,CONST330,TRACKING,330,18.813885,24.864475,-0.062775,-0.042636,5.003268,0.000000,0.000000,5.000000,0.075955,0
1784328856.473637,CONST330,TRACKING,330,18.865207,21.699251,-0.062933,-0.048400,5.003631,0.000000,0.000000,5.000000,0.079475,0
1784328856.498639,CONST330,TRACKING,330,18.989695,46.825939,-0.062933,-0.048400,5.003631,0.000000,0.000000,5.000000,0.079475,0
1784328856.523754,CONST330,TRACKING,330,18.964342,25.019001,-0.062858,-0.054911,5.004297,0.000000,0.000000,5.000000,0.083575,0
1784328856.548760,CONST330,TRACKING,330,18.884184,24.861314,-0.062817,-0.058849,5.004082,0.000000,0.000000,5.000000,0.086173,0
1784328856.573637,CONST330,TRACKING,330,18.990064,21.790673,-0.062625,-0.062580,5.004184,0.000000,0.000000,5.000000,0.088632,0
1784328856.598795,CONST330,TRACKING,330,18.887456,46.845628,-0.062625,-0.062580,5.004184,0.000000,0.000000,5.000000,0.088632,0
1784328856.623779,CONST330,TRACKING,330,18.959859,24.991454,-0.062398,-0.066138,5.004457,0.000000,0.000000,5.000000,0.091036,0
1784328856.648642,CONST330,TRACKING,330,18.982273,24.792145,-0.061498,-0.069174,5.005118,0.000000,0.000000,5.000000,0.092700,0
1784328856.673638,CONST330,TRACKING,330,18.831315,21.554219,-0.058780,-0.071305,5.004849,0.000000,0.000000,5.000000,0.092537,0
1784328856.698728,CONST330,TRACKING,330,18.866145,46.679336,-0.058780,-0.071305,5.004849,0.000000,0.000000,5.000000,0.092537,0
1784328856.723758,CONST330,TRACKING,330,18.995822,25.077640,-0.055369,-0.073500,5.004299,0.000000,0.000000,5.000000,0.092122,0
1784328856.748747,CONST330,TRACKING,330,18.914986,24.838374,-0.052603,-0.074895,5.003692,0.000000,0.000000,5.000000,0.091597,0
1784328856.773638,CONST330,TRACKING,330,18.948107,21.740082,-0.049043,-0.075829,5.003121,0.000000,0.000000,5.000000,0.090360,0
1784328856.798751,CONST330,TRACKING,330,18.832704,46.738520,-0.049043,-0.075829,5.003121,0.000000,0.000000,5.000000,0.090360,0
1784328856.823755,CONST330,TRACKING,330,18.839376,24.913099,-0.044697,-0.076347,5.002644,0.000000,0.000000,5.000000,0.088509,0
1784328856.848786,CONST330,TRACKING,330,18.998557,25.102379,-0.040311,-0.076641,5.001952,0.000000,0.000000,5.000000,0.086618,0
1784328856.873638,CONST330,TRACKING,330,18.956366,21.738391,-0.035925,-0.076733,5.001016,0.000000,0.000000,5.000000,0.084733,0
1784328856.898691,CONST330,TRACKING,330,18.905313,46.740315,-0.035925,-0.076733,5.001016,0.000000,0.000000,5.000000,0.084733,0
1784328856.923702,CONST330,TRACKING,330,18.932880,24.992574,-0.027325,-0.076870,4.999458,0.000000,0.000000,5.000000,0.081584,0
1784328856.948687,CONST330,TRACKING,330,18.926640,24.895479,-0.020067,-0.076704,4.997489,0.000000,0.000000,5.000000,0.079326,0
1784328856.973639,CONST330,TRACKING,330,19.369687,22.043607,-0.013083,-0.076237,4.995805,0.000000,0.000000,5.000000,0.077465,0
1784328856.998642,CONST330,TRACKING,330,19.105280,46.782369,-0.013083,-0.076237,4.995805,0.000000,0.000000,5.000000,0.077465,0
1784328857.023773,CONST330,TRACKING,330,18.879717,24.831442,-0.006361,-0.075432,4.995014,0.000000,0.000000,5.000000,0.075864,0
1784328857.048695,CONST330,TRACKING,330,18.856213,24.833456,0.001219,-0.071124,4.995493,0.000000,0.000000,5.000000,0.071277,0
1784328857.073637,CONST330,TRACKING,330,18.854227,21.496581,0.005600,-0.068411,4.996222,0.000000,0.000000,5.000000,0.068744,0
1784328857.098692,CONST330,TRACKING,330,18.888754,46.586832,0.005600,-0.068411,4.996222,0.000000,0.000000,5.000000,0.068744,0
1784328857.123747,CONST330,TRACKING,330,18.863783,24.965369,0.012657,-0.063677,4.997601,0.000000,0.000000,5.000000,0.064967,0
1784328857.148765,CONST330,TRACKING,330,18.892653,24.986543,0.017701,-0.060028,4.999087,0.000000,0.000000,5.000000,0.062590,0
1784328857.173641,CONST330,TRACKING,330,18.884129,21.620417,0.021522,-0.057172,5.000533,0.000000,0.000000,5.000000,0.061091,0
1784328857.198673,CONST330,TRACKING,330,18.910798,46.679726,0.021522,-0.057172,5.000533,0.000000,0.000000,5.000000,0.061091,0
1784328857.223795,CONST330,TRACKING,330,18.839154,24.986162,0.025327,-0.054059,5.001562,0.000000,0.000000,5.000000,0.059719,0
1784328857.248753,CONST330,TRACKING,330,18.851323,24.909532,0.029002,-0.050728,5.001947,0.000000,0.000000,5.000000,0.058466,0
1784328857.273645,CONST330,TRACKING,330,18.832961,21.613594,0.033308,-0.046676,5.001605,0.000000,0.000000,5.000000,0.057364,0
1784328857.298640,CONST330,TRACKING,330,18.911118,46.687007,0.033308,-0.046676,5.001605,0.000000,0.000000,5.000000,0.057364,0
1784328857.323745,CONST330,TRACKING,330,18.894862,25.007339,0.039137,-0.040871,5.001034,0.000000,0.000000,5.000000,0.056597,0
1784328857.348646,CONST330,TRACKING,330,18.939422,24.855462,0.043270,-0.036282,5.000680,0.000000,0.000000,5.000000,0.056472,0
1784328857.373641,CONST330,TRACKING,330,18.936930,21.641298,0.046966,-0.031771,5.000084,0.000000,0.000000,5.000000,0.056703,0
1784328857.398714,CONST330,TRACKING,330,18.924097,46.701799,0.046966,-0.031771,5.000084,0.000000,0.000000,5.000000,0.056703,0
1784328857.423778,CONST330,TRACKING,330,18.791641,24.849528,0.049508,-0.027359,4.999599,0.000000,0.000000,5.000000,0.056566,0
1784328857.448645,CONST330,TRACKING,330,18.884786,24.874178,0.051421,-0.023026,4.998979,0.000000,0.000000,5.000000,0.056350,0
1784328857.473641,CONST330,TRACKING,330,18.859689,21.695693,0.052961,-0.018751,4.997993,0.000000,0.000000,5.000000,0.056218,0
1784328857.498750,CONST330,TRACKING,330,18.809133,46.752768,0.052961,-0.018751,4.997993,0.000000,0.000000,5.000000,0.056218,0
1784328857.523775,CONST330,TRACKING,330,18.819285,24.972367,0.054242,-0.013261,4.995043,0.000000,0.000000,5.000000,0.056060,0
1784328857.548761,CONST330,TRACKING,330,18.860581,24.950019,0.054203,-0.008336,4.991320,0.000000,0.000000,5.000000,0.055523,0
1784328857.573642,CONST330,TRACKING,330,18.830062,21.564722,0.053825,-0.003541,4.988468,0.000000,0.000000,5.000000,0.055160,0
1784328857.598727,CONST330,TRACKING,330,18.883466,46.703690,0.053825,-0.003541,4.988468,0.000000,0.000000,5.000000,0.055160,0
1784328857.623642,CONST330,TRACKING,330,18.841339,24.806208,0.053173,0.001162,4.985481,0.000000,0.000000,5.000000,0.055132,0
1784328857.648770,CONST330,TRACKING,330,19.071855,25.289270,0.051539,0.005733,4.982422,0.000000,0.000000,5.000000,0.054755,0
1784328857.673643,CONST330,TRACKING,330,18.880242,21.631036,0.047664,0.010143,4.977883,0.000000,0.000000,5.000000,0.053516,0
1784328857.698657,CONST330,TRACKING,330,18.938562,46.703631,0.047664,0.010143,4.977883,0.000000,0.000000,5.000000,0.053516,0
1784328857.723761,CONST330,TRACKING,330,18.904016,24.987472,0.043021,0.015453,4.973086,0.000000,0.000000,5.000000,0.053047,0
1784328857.748772,CONST330,TRACKING,330,18.860475,24.902949,0.039474,0.019406,4.969727,0.000000,0.000000,5.000000,0.053397,0
1784328857.773643,CONST330,TRACKING,330,18.926142,21.688865,0.035471,0.022599,4.968380,0.000000,0.000000,5.000000,0.052618,0
1784328857.798723,CONST330,TRACKING,330,18.831477,46.675027,0.035471,0.022599,4.968380,0.000000,0.000000,5.000000,0.052618,0
1784328857.823786,CONST330,TRACKING,330,18.826299,24.966957,0.031051,0.024998,4.968028,0.000000,0.000000,5.000000,0.051101,0
1784328857.848768,CONST330,TRACKING,330,18.809542,24.862254,0.026728,0.027145,4.967176,0.000000,0.000000,5.000000,0.050285,0
1784328857.873643,CONST330,TRACKING,330,18.933581,21.633373,0.022445,0.029009,4.966736,0.000000,0.000000,5.000000,0.049515,0
1784328857.898645,CONST330,TRACKING,330,18.907308,46.609724,0.022445,0.029009,4.966736,0.000000,0.000000,5.000000,0.049515,0
1784328857.923770,CONST330,TRACKING,330,18.998641,25.148995,0.016611,0.031493,4.967789,0.000000,0.000000,5.000000,0.048014,0
1784328857.948648,CONST330,TRACKING,330,18.937782,24.750434,0.011955,0.033279,4.970338,0.000000,0.000000,5.000000,0.046155,0
1784328857.973644,CONST330,TRACKING,330,18.806922,21.459867,0.007479,0.034886,4.973304,0.000000,0.000000,5.000000,0.044560,0
1784328857.998641,CONST330,TRACKING,330,18.910346,46.560471,0.007479,0.034886,4.973304,0.000000,0.000000,5.000000,0.044560,0
1784328858.023794,CONST330,TRACKING,330,18.900050,25.062347,0.003204,0.036260,4.975858,0.000000,0.000000,5.000000,0.043679,0
1784328858.048761,CONST330,TRACKING,330,18.921719,24.923420,-0.001132,0.036355,4.980105,0.000000,0.000000,5.000000,0.041458,0
1784328858.073644,CONST330,TRACKING,330,18.819793,21.699018,-0.005310,0.036379,4.984595,0.000000,0.000000,5.000000,0.039861,0
1784328858.098645,CONST330,TRACKING,330,18.880534,46.760438,-0.005310,0.036379,4.984595,0.000000,0.000000,5.000000,0.039861,0
1784328858.123765,CONST330,TRACKING,330,18.847881,25.019559,-0.010228,0.036247,4.989882,0.000000,0.000000,5.000000,0.038998,0
1784328858.148649,CONST330,TRACKING,330,18.808489,24.783564,-0.014286,0.036619,4.992671,0.000000,0.000000,5.000000,0.039985,0
1784328858.173644,CONST330,TRACKING,330,18.885572,21.631456,-0.019227,0.038674,4.993752,0.000000,0.000000,5.000000,0.043639,0
1784328858.198756,CONST330,TRACKING,330,18.829199,46.687107,-0.019227,0.038674,4.993752,0.000000,0.000000,5.000000,0.043639,0
1784328858.223751,CONST330,TRACKING,330,18.879126,24.980790,-0.023840,0.040352,4.995823,0.000000,0.000000,5.000000,0.047054,0
1784328858.248645,CONST330,TRACKING,330,18.899262,24.853715,-0.028144,0.041697,4.997840,0.000000,0.000000,5.000000,0.050353,0
1784328858.273646,CONST330,TRACKING,330,18.878404,21.722599,-0.032040,0.042612,4.999762,0.000000,0.000000,5.000000,0.053314,0
1784328858.298685,CONST330,TRACKING,330,18.889559,46.769878,-0.032040,0.042612,4.999762,0.000000,0.000000,5.000000,0.053314,0
1784328858.323668,CONST330,TRACKING,330,18.845996,24.878177,-0.036296,0.043260,5.002728,0.000000,0.000000,5.000000,0.056535,0
1784328858.348650,CONST330,TRACKING,330,18.819865,24.846313,-0.039274,0.043531,5.004412,0.000000,0.000000,5.000000,0.058795,0
1784328858.373645,CONST330,TRACKING,330,18.833079,21.703152,-0.041842,0.043626,5.005799,0.000000,0.000000,5.000000,0.060726,0
1784328858.398647,CONST330,TRACKING,330,18.867286,46.739301,-0.041842,0.043626,5.005799,0.000000,0.000000,5.000000,0.060726,0
1784328858.423651,CONST330,TRACKING,330,19.037590,25.107458,-0.043894,0.042407,5.007251,0.000000,0.000000,5.000000,0.061462,0
1784328858.448771,CONST330,TRACKING,330,18.911438,24.920386,-0.045514,0.040819,5.007756,0.000000,0.000000,5.000000,0.061626,0
1784328858.473646,CONST330,TRACKING,330,18.891083,21.733081,-0.046833,0.039162,5.006698,0.000000,0.000000,5.000000,0.061416,0
1784328858.498684,CONST330,TRACKING,330,18.806168,46.686517,-0.046833,0.039162,5.006698,0.000000,0.000000,5.000000,0.061416,0
1784328858.523760,CONST330,TRACKING,330,18.871995,25.077915,-0.047353,0.037207,5.004808,0.000000,0.000000,5.000000,0.060413,0
1784328858.548769,CONST330,TRACKING,330,18.864491,24.937241,-0.045388,0.036117,5.002619,0.000000,0.000000,5.000000,0.058064,0
1784328858.573647,CONST330,TRACKING,330,18.866044,21.570350,-0.043430,0.034970,4.999871,0.000000,0.000000,5.000000,0.055760,0
1784328858.598701,CONST330,TRACKING,330,18.863887,46.621317,-0.043430,0.034970,4.999871,0.000000,0.000000,5.000000,0.055760,0
1784328858.623793,CONST330,TRACKING,330,18.905331,25.045993,-0.041490,0.033651,4.996321,0.000000,0.000000,5.000000,0.053548,0
1784328858.648622,CONST330,TRACKING,330,18.785802,24.643124,-0.039803,0.032180,4.994060,0.000000,0.000000,5.000000,0.051528,0
1784328858.673647,CONST330,TRACKING,330,18.953076,21.703632,-0.038720,0.030479,4.994880,0.000000,0.000000,5.000000,0.049542,0
1784328858.698647,CONST330,TRACKING,330,18.881670,46.631670,-0.038720,0.030479,4.994880,0.000000,0.000000,5.000000,0.049542,0
1784328858.723648,CONST330,TRACKING,330,18.838230,24.883153,-0.037069,0.028293,4.995770,0.000000,0.000000,5.000000,0.046824,0
1784328858.748652,CONST330,TRACKING,330,18.876499,24.972733,-0.035577,0.026482,4.995907,0.000000,0.000000,5.000000,0.044540,0
1784328858.773648,CONST330,TRACKING,330,18.880933,21.706191,-0.034285,0.024684,4.997468,0.000000,0.000000,5.000000,0.042322,0
1784328858.798651,CONST330,TRACKING,330,18.889279,46.718426,-0.034285,0.024684,4.997468,0.000000,0.000000,5.000000,0.042322,0
1784328858.823658,CONST330,TRACKING,330,19.008791,25.032002,-0.033156,0.022961,5.000349,0.000000,0.000000,5.000000,0.040332,0
1784328858.848651,CONST330,TRACKING,330,18.868723,24.737522,-0.031831,0.021227,5.002705,0.000000,0.000000,5.000000,0.038355,0
1784328858.873648,CONST330,TRACKING,330,18.894037,21.692613,-0.030352,0.019491,5.004778,0.000000,0.000000,5.000000,0.036386,0
1784328858.898646,CONST330,TRACKING,330,18.850220,46.646914,-0.030352,0.019491,5.004778,0.000000,0.000000,5.000000,0.036386,0
1784328858.923775,CONST330,TRACKING,330,18.811616,25.030507,-0.029752,0.016763,5.009423,0.000000,0.000000,5.000000,0.035425,0
1784328858.948652,CONST330,TRACKING,330,18.803605,24.809870,-0.029457,0.014603,5.013468,0.000000,0.000000,5.000000,0.035530,0
1784328858.973689,CONST330,TRACKING,330,18.910282,21.647639,-0.029102,0.012543,5.016769,0.000000,0.000000,5.000000,0.035853,0
1784328858.998648,CONST330,TRACKING,330,18.890879,46.586290,-0.029102,0.012543,5.016769,0.000000,0.000000,5.000000,0.035853,0
1784328859.023775,CONST330,TRACKING,330,18.883943,25.057210,-0.028725,0.010558,5.019000,0.000000,0.000000,5.000000,0.036022,0
1784328859.048655,CONST330,TRACKING,330,18.830268,24.762455,-0.029485,0.008256,5.025103,0.000000,0.000000,5.000000,0.039593,0
1784328859.073649,CONST330,TRACKING,330,18.887603,21.641202,-0.030078,0.006060,5.030883,0.000000,0.000000,5.000000,0.043534,0
1784328859.098645,CONST330,TRACKING,330,18.857338,46.606265,-0.030078,0.006060,5.030883,0.000000,0.000000,5.000000,0.043534,0
1784328859.123650,CONST330,TRACKING,330,18.831070,24.912078,-0.030631,0.003377,5.035890,0.000000,0.000000,5.000000,0.047305,0
1784328859.148651,CONST330,TRACKING,330,18.973307,25.085660,-0.030928,0.001213,5.039173,0.000000,0.000000,5.000000,0.049925,0
1784328859.173648,CONST330,TRACKING,330,18.794596,21.691209,-0.031032,-0.001299,5.042348,0.000000,0.000000,5.000000,0.052517,0
1784328859.198647,CONST330,TRACKING,330,18.865834,46.761856,-0.031032,-0.001299,5.042348,0.000000,0.000000,5.000000,0.052517,0
1784328859.223650,CONST330,TRACKING,330,18.864181,24.924499,-0.031043,-0.003657,5.044775,0.000000,0.000000,5.000000,0.054606,0
1784328859.248651,CONST330,TRACKING,330,18.771260,24.840077,-0.030954,-0.005928,5.046362,0.000000,0.000000,5.000000,0.056060,0
1784328859.273655,CONST330,TRACKING,330,31.006681,33.738111,-0.030058,-0.007475,5.047107,0.000000,0.000000,5.000000,0.056378,1
1784328859.304855,CONST330,TRACKING,330,31.121426,65.050878,-0.030058,-0.007475,5.047107,0.000000,0.000000,5.000000,0.056378,1
1784328859.336105,CONST330,TRACKING,330,30.980081,96.158166,-0.030058,-0.007475,5.047107,0.000000,0.000000,5.000000,0.056378,1
1784328859.367215,CONST330,TRACKING,330,31.244534,31.274365,-0.028150,-0.008534,5.047428,0.000000,0.000000,5.000000,0.055809,1
1784328859.398597,CONST330,TRACKING,330,32.739809,32.773163,-0.026541,-0.009317,5.046819,0.000000,0.000000,5.000000,0.054619,1
1784328859.431466,CONST330,TRACKING,330,35.359324,35.390718,-0.024864,-0.010035,5.045709,0.000000,0.000000,5.000000,0.052993,1
1784328859.466954,CONST330,TRACKING,330,31.874108,31.903429,-0.022730,-0.012137,5.045468,0.000000,0.000000,5.000000,0.052262,1
1784328859.498886,CONST330,TRACKING,330,34.824266,34.840872,-0.020464,-0.014474,5.046254,0.000000,0.000000,5.000000,0.052609,1
1784328859.533762,CONST330,TRACKING,330,43.833370,43.848807,-0.018176,-0.016614,5.046934,0.000000,0.000000,5.000000,0.053001,1
1784328859.577642,CONST330,TRACKING,330,37.845080,37.858303,-0.015286,-0.018578,5.046189,0.000000,0.000000,5.000000,0.052079,1
1784328859.615525,CONST330,TRACKING,330,34.790937,34.802092,-0.013008,-0.018447,5.045766,0.000000,0.000000,5.000000,0.051029,1
1784328859.650356,CONST330,TRACKING,330,31.806081,31.818084,-0.010697,-0.018267,5.044260,0.000000,0.000000,5.000000,0.049061,1
1784328859.682233,CONST330,TRACKING,330,34.849903,34.869957,-0.008327,-0.018009,5.042316,0.000000,0.000000,5.000000,0.046736,1
1784328859.717132,CONST330,TRACKING,330,31.838626,31.852464,-0.005826,-0.017460,5.040353,0.000000,0.000000,5.000000,0.044353,1
1784328859.749011,CONST330,TRACKING,330,28.836860,28.849020,-0.003095,-0.016205,5.038291,0.000000,0.000000,5.000000,0.041694,1
1784328859.777885,CONST330,TRACKING,330,28.818905,28.829168,0.000384,-0.014691,5.036140,0.000000,0.000000,5.000000,0.039014,1
1784328859.806751,CONST330,TRACKING,330,28.786069,28.800519,0.003185,-0.013612,5.034079,0.000000,0.000000,5.000000,0.036835,1
1784328859.835583,CONST330,TRACKING,330,28.963603,28.976420,0.005425,-0.013190,5.030522,0.000000,0.000000,5.000000,0.033690,1
1784328859.864594,CONST330,TRACKING,330,28.933007,28.946457,0.007159,-0.013400,5.026460,0.000000,0.000000,5.000000,0.030511,1
1784328859.893568,CONST330,TRACKING,330,28.955142,28.966650,0.009031,-0.013633,5.022752,0.000000,0.000000,5.000000,0.028019,1
1784328859.922566,CONST330,TRACKING,330,29.050561,29.063487,0.010962,-0.013864,5.019494,0.000000,0.000000,5.000000,0.026313,1
1784328859.951690,CONST330,TRACKING,330,31.937674,31.949316,0.013560,-0.014324,5.015815,0.000000,0.000000,5.000000,0.025282,1
1784328859.983713,CONST330,TRACKING,330,34.951250,34.973109,0.015682,-0.014693,5.012947,0.000000,0.000000,5.000000,0.025088,1
1784328860.018698,CONST330,TRACKING,330,28.983759,28.994300,0.017769,-0.014907,5.009836,0.000000,0.000000,5.000000,0.025194,1
1784328860.047717,CONST330,TRACKING,330,28.935129,28.944867,0.019759,-0.015026,5.006797,0.000000,0.000000,5.000000,0.025737,1
1784328860.076683,CONST330,TRACKING,330,28.918698,28.928710,0.020558,-0.017759,5.005786,0.000000,0.000000,5.000000,0.027776,1
1784328860.105633,CONST330,TRACKING,330,28.936189,28.945366,0.021234,-0.020159,5.005022,0.000000,0.000000,5.000000,0.029707,1
1784328860.134601,CONST330,TRACKING,330,29.002918,57.980178,0.021234,-0.020159,5.005022,0.000000,0.000000,5.000000,0.029707,1
1784328860.163649,CONST330,TRACKING,330,28.935338,28.946162,0.021939,-0.022729,5.003896,0.000000,0.000000,5.000000,0.031830,1
1784328860.192622,CONST330,TRACKING,330,29.005122,29.015328,0.021550,-0.024666,5.002531,0.000000,0.000000,5.000000,0.032851,1
1784328860.221684,CONST330,TRACKING,330,28.961031,28.973422,0.018667,-0.026951,5.000907,0.000000,0.000000,5.000000,0.032796,1
1784328860.250689,CONST330,TRACKING,330,28.982812,28.994397,0.015904,-0.028841,4.999684,0.000000,0.000000,5.000000,0.032937,1
1784328860.279709,CONST330,TRACKING,330,31.827055,31.837284,0.013319,-0.030271,4.998560,0.000000,0.000000,5.000000,0.033103,1
1784328860.311584,CONST330,TRACKING,330,28.809068,28.823762,0.012087,-0.030950,4.998595,0.000000,0.000000,5.000000,0.033256,1
1784328860.340425,CONST330,TRACKING,330,28.707444,28.717460,0.012079,-0.031041,4.999915,0.000000,0.000000,5.000000,0.033308,1
1784328860.369165,CONST330,TRACKING,330,28.803012,28.812850,0.012124,-0.030874,5.001362,0.000000,0.000000,5.000000,0.033197,1
1784328860.397994,CONST330,TRACKING,330,28.765701,57.604408,0.012124,-0.030874,5.001362,0.000000,0.000000,5.000000,0.033197,1
1784328860.426811,CONST330,TRACKING,330,28.790847,28.803355,0.012203,-0.030624,5.002811,0.000000,0.000000,5.000000,0.033085,1
1784328860.455636,CONST330,TRACKING,330,28.834734,28.844459,0.013623,-0.029168,5.004026,0.000000,0.000000,5.000000,0.032444,1
1784328860.484508,CONST330,TRACKING,330,28.827462,28.839810,0.015385,-0.027328,5.004212,0.000000,0.000000,5.000000,0.031643,1
1784328860.513373,CONST330,TRACKING,330,28.805806,28.816258,0.017014,-0.025493,5.003428,0.000000,0.000000,5.000000,0.030841,1
1784328860.542263,CONST330,TRACKING,330,28.997119,29.011785,0.019441,-0.023150,5.002255,0.000000,0.000000,5.000000,0.030314,1
1784328860.571324,CONST330,TRACKING,330,28.980327,28.994880,0.022830,-0.021176,5.002626,0.000000,0.000000,5.000000,0.031250,1
1784328860.600346,CONST330,TRACKING,330,28.973135,28.982301,0.025855,-0.019160,5.003244,0.000000,0.000000,5.000000,0.032343,1
1784328860.629350,CONST330,TRACKING,330,29.013398,58.026389,0.025855,-0.019160,5.003244,0.000000,0.000000,5.000000,0.032343,1
1784328860.658400,CONST330,TRACKING,330,28.994128,29.005334,0.028581,-0.017096,5.003722,0.000000,0.000000,5.000000,0.033511,1
1784328860.687460,CONST330,TRACKING,330,29.014824,29.031149,0.031123,-0.014889,5.004192,0.000000,0.000000,5.000000,0.034755,1
1784328860.716517,CONST330,TRACKING,330,28.961363,28.972553,0.033563,-0.012299,5.005651,0.000000,0.000000,5.000000,0.036190,1
1784328860.745516,CONST330,TRACKING,330,28.983632,28.994451,0.036413,-0.009100,5.006725,0.000000,0.000000,5.000000,0.038130,1
1784328860.774538,CONST330,TRACKING,330,29.006318,29.015989,0.038479,-0.006542,5.007544,0.000000,0.000000,5.000000,0.039754,1
1784328860.803576,CONST330,TRACKING,330,28.962457,28.972223,0.041451,-0.005168,5.008964,0.000000,0.000000,5.000000,0.042723,1
1784328860.832570,CONST330,TRACKING,330,28.931211,57.934013,0.041451,-0.005168,5.008964,0.000000,0.000000,5.000000,0.042723,1
1784328860.861537,CONST330,TRACKING,330,29.031295,29.042962,0.045210,-0.004984,5.011054,0.000000,0.000000,5.000000,0.046808,1
1784328860.890599,CONST330,TRACKING,330,28.965238,28.975194,0.048637,-0.004868,5.013372,0.000000,0.000000,5.000000,0.050676,1
1784328860.919594,CONST330,TRACKING,330,28.988601,28.997374,0.051719,-0.004820,5.016021,0.000000,0.000000,5.000000,0.054357,1
1784328860.948612,CONST330,TRACKING,330,28.964335,28.973021,0.053904,-0.004600,5.020268,0.000000,0.000000,5.000000,0.057772,1
1784328860.977604,CONST330,TRACKING,330,28.958848,28.967372,0.055145,-0.004268,5.021943,0.000000,0.000000,5.000000,0.059503,1
1784328861.006600,CONST330,TRACKING,330,29.000650,29.012796,0.056181,-0.003818,5.022640,0.000000,0.000000,5.000000,0.060691,1
1784328861.035647,CONST330,TRACKING,330,28.953410,58.012000,0.056181,-0.003818,5.022640,0.000000,0.000000,5.000000,0.060691,1
1784328861.064641,CONST330,TRACKING,330,28.978395,28.989503,0.057019,-0.003235,5.022536,0.000000,0.000000,5.000000,0.061396,1
1784328861.093654,CONST330,TRACKING,330,28.958918,28.969377,0.056893,-0.004293,5.021333,0.000000,0.000000,5.000000,0.060913,1
1784328861.122709,CONST330,TRACKING,330,28.778463,28.796326,0.056540,-0.005099,5.020524,0.000000,0.000000,5.000000,0.060366,1
1784328861.151540,CONST330,TRACKING,330,28.843000,28.857229,0.055722,-0.005822,5.019422,0.000000,0.000000,5.000000,0.059296,1
1784328861.180427,CONST330,TRACKING,330,28.801912,28.814956,0.055090,-0.005992,5.018013,0.000000,0.000000,5.000000,0.058270,1
1784328861.209287,CONST330,TRACKING,330,28.822651,28.834309,0.054885,-0.005232,5.016140,0.000000,0.000000,5.000000,0.057448,1
1784328861.238140,CONST330,TRACKING,330,28.824586,28.834628,0.054455,-0.004494,5.014018,0.000000,0.000000,5.000000,0.056410,1
1784328861.267001,CONST330,TRACKING,330,28.765513,57.636543,0.054455,-0.004494,5.014018,0.000000,0.000000,5.000000,0.056410,1
1784328861.295806,CONST330,TRACKING,330,28.758262,28.768955,0.053796,-0.003771,5.011692,0.000000,0.000000,5.000000,0.055181,1
1784328861.324598,CONST330,TRACKING,330,28.850031,28.860309,0.052050,-0.003403,5.008633,0.000000,0.000000,5.000000,0.052871,1
1784328861.353482,CONST330,TRACKING,330,28.818257,28.827390,0.048692,-0.003356,5.003794,0.000000,0.000000,5.000000,0.048954,1
1784328861.382334,CONST330,TRACKING,330,28.836217,28.847423,0.045909,-0.003216,5.000996,0.000000,0.000000,5.000000,0.046032,1
1784328861.411203,CONST330,TRACKING,330,28.737861,28.747585,0.043002,-0.003133,4.999066,0.000000,0.000000,5.000000,0.043126,1
1784328861.439981,CONST330,TRACKING,330,28.862191,28.873224,0.039641,-0.004198,4.996336,0.000000,0.000000,5.000000,0.040031,1
1784328861.468876,CONST330,TRACKING,330,28.835519,28.844810,0.036156,-0.005406,4.993630,0.000000,0.000000,5.000000,0.037109,1
1784328861.497737,CONST330,TRACKING,330,28.784698,57.655928,0.036156,-0.005406,4.993630,0.000000,0.000000,5.000000,0.037109,1
1784328861.526561,CONST330,TRACKING,330,28.816520,28.826593,0.032725,-0.006358,4.991081,0.000000,0.000000,5.000000,0.034510,1
1784328861.555417,CONST330,TRACKING,330,28.819631,28.831411,0.028557,-0.007490,4.987710,0.000000,0.000000,5.000000,0.031979,1
1784328861.584272,CONST330,TRACKING,330,28.704644,28.715032,0.025604,-0.008525,4.983501,0.000000,0.000000,5.000000,0.031629,1
1784328861.613009,CONST330,TRACKING,330,28.808676,28.817797,0.022738,-0.009475,4.979959,0.000000,0.000000,5.000000,0.031755,1
1784328861.641864,CONST330,TRACKING,330,28.760567,28.772743,0.019972,-0.010392,4.977471,0.000000,0.000000,5.000000,0.031850,1
1784328861.670658,CONST330,TRACKING,330,28.997104,29.006872,0.017532,-0.010405,4.976068,0.000000,0.000000,5.000000,0.031439,1
1784328861.699717,CONST330,TRACKING,330,29.071243,58.140442,0.017532,-0.010405,4.976068,0.000000,0.000000,5.000000,0.031439,1
1784328861.728876,CONST330,TRACKING,330,28.967176,28.987252,0.015752,-0.008100,4.976302,0.000000,0.000000,5.000000,0.029586,1
1784328861.757885,CONST330,TRACKING,330,28.988656,28.999919,0.013473,-0.005501,4.976780,0.000000,0.000000,5.000000,0.027403,1
1784328861.786908,CONST330,TRACKING,330,32.660465,32.673123,0.011676,-0.003601,4.976771,0.000000,0.000000,5.000000,0.026246,1
1784328861.819666,CONST330,TRACKING,330,28.942939,28.972580,0.008574,-0.003545,4.977811,0.000000,0.000000,5.000000,0.024050,1
1784328861.848650,CONST330,TRACKING,330,28.941523,28.953323,0.004281,-0.005050,4.980463,0.000000,0.000000,5.000000,0.020628,1
1784328861.877628,CONST330,TRACKING,330,28.935413,28.946663,0.000141,-0.006322,4.983702,0.000000,0.000000,5.000000,0.017482,1
1784328861.906614,CONST330,TRACKING,330,29.024139,29.039488,-0.003818,-0.007402,4.986374,0.000000,0.000000,5.000000,0.015970,1
1784328861.935669,CONST330,TRACKING,330,28.968695,58.038543,-0.003818,-0.007402,4.986374,0.000000,0.000000,5.000000,0.015970,1
1784328861.964676,CONST330,TRACKING,330,28.959619,28.970868,-0.009685,-0.007335,4.986648,0.000000,0.000000,5.000000,0.018053,1
1784328861.993672,CONST330,TRACKING,330,28.980104,28.990865,-0.014244,-0.007047,4.986891,0.000000,0.000000,5.000000,0.020601,1
1784328862.022693,CONST330,TRACKING,330,29.009909,29.020548,-0.018492,-0.006819,4.986865,0.000000,0.000000,5.000000,0.023686,1
1784328862.051768,CONST330,TRACKING,330,28.954769,28.968679,-0.023339,-0.006871,4.985695,0.000000,0.000000,5.000000,0.028223,1
1784328862.080766,CONST330,TRACKING,330,28.947430,28.961585,-0.025815,-0.007338,4.984143,0.000000,0.000000,5.000000,0.031172,1
1784328862.109752,CONST330,TRACKING,330,28.950100,28.960662,-0.028911,-0.007986,4.982254,0.000000,0.000000,5.000000,0.034851,1
1784328862.138738,CONST330,TRACKING,330,28.947743,28.957954,-0.032529,-0.008726,4.981381,0.000000,0.000000,5.000000,0.038483,1
1784328862.167721,CONST330,TRACKING,330,28.980345,57.974400,-0.032529,-0.008726,4.981381,0.000000,0.000000,5.000000,0.038483,1
1784328862.196748,CONST330,TRACKING,330,28.969297,28.982617,-0.035483,-0.010175,4.982312,0.000000,0.000000,5.000000,0.040932,1
1784328862.225786,CONST330,TRACKING,330,28.966233,28.980246,-0.038958,-0.014259,4.985096,0.000000,0.000000,5.000000,0.044081,1
1784328862.254791,CONST330,TRACKING,330,28.998291,29.009546,-0.042275,-0.017989,4.987127,0.000000,0.000000,5.000000,0.047713,1
1784328862.283865,CONST330,TRACKING,330,28.810619,28.822793,-0.045369,-0.021364,4.988139,0.000000,0.000000,5.000000,0.051531,1
1784328862.312743,CONST330,TRACKING,330,28.751288,28.765627,-0.048444,-0.024485,4.989616,0.000000,0.000000,5.000000,0.055264,1
1784328862.341534,CONST330,TRACKING,330,28.829937,28.840368,-0.052172,-0.027992,4.992464,0.000000,0.000000,5.000000,0.059685,1
1784328862.370396,CONST330,TRACKING,330,28.757738,28.766882,-0.054887,-0.030366,4.994754,0.000000,0.000000,5.000000,0.062946,1
1784328862.399177,CONST330,TRACKING,330,28.746995,57.537134,-0.054887,-0.030366,4.994754,0.000000,0.000000,5.000000,0.062946,1
1784328862.427963,CONST330,TRACKING,330,28.833173,28.843236,-0.057366,-0.032412,4.996529,0.000000,0.000000,5.000000,0.065981,1
1784328862.456826,CONST330,TRACKING,330,28.795175,28.803900,-0.061574,-0.032242,4.997817,0.000000,0.000000,5.000000,0.069539,1
1784328862.485651,CONST330,TRACKING,330,28.835273,28.844016,-0.065934,-0.031315,4.999131,0.000000,0.000000,5.000000,0.072998,1
1784328862.514515,CONST330,TRACKING,330,28.800985,28.809588,-0.069782,-0.030292,5.000166,0.000000,0.000000,5.000000,0.076073,1
1784328862.543347,CONST330,TRACKING,330,28.796972,28.805660,-0.074247,-0.028748,5.001921,0.000000,0.000000,5.000000,0.079642,1
1784328862.572173,CONST330,TRACKING,330,28.798881,28.807328,-0.078350,-0.026919,5.003822,0.000000,0.000000,5.000000,0.082933,1
1784328862.601001,CONST330,TRACKING,330,28.801478,28.809710,-0.081932,-0.025009,5.005345,0.000000,0.000000,5.000000,0.085831,1
1784328862.629826,CONST330,TRACKING,330,28.767488,57.601245,-0.081932,-0.025009,5.005345,0.000000,0.000000,5.000000,0.085831,1
1784328862.658638,CONST330,TRACKING,330,28.810663,28.821183,-0.085030,-0.023057,5.006009,0.000000,0.000000,5.000000,0.088306,1
1784328862.687496,CONST330,TRACKING,330,28.785321,28.796746,-0.086809,-0.020890,5.006176,0.000000,0.000000,5.000000,0.089501,1
1784328862.716323,CONST330,TRACKING,330,28.847741,28.857930,-0.085349,-0.017543,5.007812,0.000000,0.000000,5.000000,0.087483,1
1784328862.745204,CONST330,TRACKING,330,28.831679,28.841764,-0.083851,-0.014848,5.009263,0.000000,0.000000,5.000000,0.085658,1
1784328862.774067,CONST330,TRACKING,330,28.862232,28.871264,-0.082035,-0.012138,5.011623,0.000000,0.000000,5.000000,0.083739,1
1784328862.802980,CONST330,TRACKING,330,28.741613,28.755651,-0.079265,-0.009527,5.013955,0.000000,0.000000,5.000000,0.081046,1
1784328862.831766,CONST330,TRACKING,330,28.835123,57.634529,-0.079265,-0.009527,5.013955,0.000000,0.000000,5.000000,0.081046,1
1784328862.860677,CONST330,TRACKING,330,28.795684,28.809211,-0.075483,-0.007161,5.015624,0.000000,0.000000,5.000000,0.077415,1
1784328862.889574,CONST330,TRACKING,330,28.735786,28.767597,-0.071580,-0.004815,5.017250,0.000000,0.000000,5.000000,0.073786,1
1784328862.918372,CONST330,TRACKING,330,28.780679,28.796538,-0.067562,-0.002554,5.018752,0.000000,0.000000,5.000000,0.070163,1
1784328862.947195,CONST330,TRACKING,330,28.773423,28.790829,-0.064630,0.001311,5.019201,0.000000,0.000000,5.000000,0.067434,1
1784328862.976011,CONST330,TRACKING,330,28.793366,28.802491,-0.062376,0.004437,5.018488,0.000000,0.000000,5.000000,0.065209,1
1784328863.004837,CONST330,TRACKING,330,28.780772,28.790034,-0.059798,0.007351,5.017589,0.000000,0.000000,5.000000,0.062763,1
1784328863.033644,CONST330,TRACKING,330,28.793222,57.609828,-0.059798,0.007351,5.017589,0.000000,0.000000,5.000000,0.062763,1
1784328863.062478,CONST330,TRACKING,330,28.764004,28.774196,-0.056931,0.010105,5.016490,0.000000,0.000000,5.000000,0.060126,1
1784328863.091274,CONST330,TRACKING,330,28.820036,28.829417,-0.052161,0.015403,5.014959,0.000000,0.000000,5.000000,0.056408,1
1784328863.120127,CONST330,TRACKING,330,28.797481,28.807768,-0.049208,0.018389,5.014110,0.000000,0.000000,5.000000,0.054394,1
1784328863.148952,CONST330,TRACKING,330,28.751595,28.760187,-0.044219,0.022971,5.014147,0.000000,0.000000,5.000000,0.051799,1
1784328863.177737,CONST330,TRACKING,330,28.804395,28.814836,-0.039844,0.025755,5.014701,0.000000,0.000000,5.000000,0.049669,1
1784328863.206594,CONST330,TRACKING,330,28.817595,28.829063,-0.034549,0.026736,5.015412,0.000000,0.000000,5.000000,0.046325,1
1784328863.235438,CONST330,TRACKING,330,28.835298,57.690736,-0.034549,0.026736,5.015412,0.000000,0.000000,5.000000,0.046325,1
1784328863.264313,CONST330,TRACKING,330,28.821570,28.832592,-0.029358,0.027775,5.015036,0.000000,0.000000,5.000000,0.043121,1
1784328863.293175,CONST330,TRACKING,330,28.829170,28.840253,-0.024315,0.028830,5.014047,0.000000,0.000000,5.000000,0.040245,1
1784328863.322050,CONST330,TRACKING,330,28.744972,28.756717,-0.017401,0.030291,5.013292,0.000000,0.000000,5.000000,0.037377,1
1784328863.350829,CONST330,TRACKING,330,28.808921,28.818379,-0.011641,0.031513,5.012128,0.000000,0.000000,5.000000,0.035717,1
1784328863.379667,CONST330,TRACKING,330,28.811310,28.820293,-0.005985,0.032702,5.010813,0.000000,0.000000,5.000000,0.034960,1
1784328863.408508,CONST330,TRACKING,330,28.829633,28.838824,-0.000465,0.033847,5.010252,0.000000,0.000000,5.000000,0.035369,1
1784328863.437429,CONST330,TRACKING,330,28.795580,28.807195,0.005864,0.033572,5.007681,0.000000,0.000000,5.000000,0.034935,1
1784328863.466282,CONST330,TRACKING,330,28.855213,57.720268,0.005864,0.033572,5.007681,0.000000,0.000000,5.000000,0.034935,1
1784328863.495202,CONST330,TRACKING,330,28.839187,28.854509,0.013767,0.032708,5.003429,0.000000,0.000000,5.000000,0.035652,1
1784328863.524076,CONST330,TRACKING,330,28.872757,28.882543,0.018278,0.032174,5.001498,0.000000,0.000000,5.000000,0.037033,1
1784328863.552982,CONST330,TRACKING,330,28.795756,28.804577,0.025366,0.031199,4.999717,0.000000,0.000000,5.000000,0.040211,1
1784328863.581812,CONST330,TRACKING,330,28.795832,28.807324,0.030523,0.030331,4.998034,0.000000,0.000000,5.000000,0.043076,1
1784328863.610641,CONST330,TRACKING,330,28.797357,28.807035,0.035503,0.029466,4.995703,0.000000,0.000000,5.000000,0.046338,1
1784328863.639473,CONST330,TRACKING,330,28.805875,28.817310,0.040217,0.028716,4.993865,0.000000,0.000000,5.000000,0.049796,1
1784328863.668329,CONST330,TRACKING,330,28.835326,28.848806,0.045103,0.027847,4.992535,0.000000,0.000000,5.000000,0.053530,1
1784328863.697207,CONST330,TRACKING,330,28.821707,57.712882,0.045103,0.027847,4.992535,0.000000,0.000000,5.000000,0.053530,1
1784328863.726079,CONST330,TRACKING,330,28.828888,28.843519,0.051066,0.026493,4.992162,0.000000,0.000000,5.000000,0.058061,1
1784328863.754943,CONST330,TRACKING,330,28.824122,28.834150,0.057701,0.024882,4.992987,0.000000,0.000000,5.000000,0.063228,1
1784328863.783804,CONST330,TRACKING,330,28.815871,28.826969,0.062403,0.023725,4.994040,0.000000,0.000000,5.000000,0.067027,1
1784328863.812655,CONST330,TRACKING,330,28.794730,28.804785,0.066984,0.022750,4.995107,0.000000,0.000000,5.000000,0.070910,1
1784328863.841480,CONST330,TRACKING,330,28.820216,28.829254,0.071461,0.021903,4.996365,0.000000,0.000000,5.000000,0.074830,1
1784328863.870330,CONST330,TRACKING,330,28.848169,28.857206,0.075519,0.021039,4.997967,0.000000,0.000000,5.000000,0.078421,1
1784328863.899218,CONST330,TRACKING,330,28.781420,57.680606,0.075519,0.021039,4.997967,0.000000,0.000000,5.000000,0.078421,1
1784328863.928051,CONST330,TRACKING,330,28.817095,28.828125,0.079163,0.020159,4.999202,0.000000,0.000000,5.000000,0.081694,1
1784328863.956904,CONST330,TRACKING,330,28.801572,28.811778,0.082259,0.017201,4.998456,0.000000,0.000000,5.000000,0.084052,1
1784328863.985736,CONST330,TRACKING,330,28.827322,28.836280,0.084185,0.014492,4.997160,0.000000,0.000000,5.000000,0.085471,1
1784328864.014623,CONST330,TRACKING,330,28.828433,28.839392,0.085763,0.011749,4.995435,0.000000,0.000000,5.000000,0.086685,1
1784328864.043531,CONST330,TRACKING,330,28.846323,28.865932,0.086987,0.008927,4.993330,0.000000,0.000000,5.000000,0.087698,1
1784328864.072416,CONST330,TRACKING,330,28.803995,28.815232,0.087793,0.007812,4.993295,0.000000,0.000000,5.000000,0.088395,1
1784328864.101251,CONST330,TRACKING,330,28.843415,28.852218,0.088187,0.006482,4.993595,0.000000,0.000000,5.000000,0.088657,1
1784328864.130121,CONST330,TRACKING,330,28.772260,57.651083,0.088187,0.006482,4.993595,0.000000,0.000000,5.000000,0.088657,1
1784328864.158929,CONST330,TRACKING,330,28.814407,28.823713,0.088038,0.004580,4.994963,0.000000,0.000000,5.000000,0.088300,1
1784328864.187780,CONST330,TRACKING,330,28.796761,28.809515,0.088077,0.002315,4.997083,0.000000,0.000000,5.000000,0.088155,1
1784328864.216626,CONST330,TRACKING,330,28.769161,28.779488,0.089741,-0.001740,5.000016,0.000000,0.000000,5.000000,0.089758,1
1784328864.245426,CONST330,TRACKING,330,28.846987,28.856437,0.090837,-0.005554,5.002872,0.000000,0.000000,5.000000,0.091052,1
1784328864.274309,CONST330,TRACKING,330,28.880637,28.891100,0.091448,-0.009032,5.005490,0.000000,0.000000,5.000000,0.092057,1
1784328864.303240,CONST330,TRACKING,330,28.750557,28.766428,0.090468,-0.012744,5.008437,0.000000,0.000000,5.000000,0.091750,1
1784328864.332022,CONST330,TRACKING,330,28.809252,57.606616,0.090468,-0.012744,5.008437,0.000000,0.000000,5.000000,0.091750,1
1784328864.360871,CONST330,TRACKING,330,28.746884,28.758425,0.087388,-0.017462,5.012616,0.000000,0.000000,5.000000,0.090005,1
1784328864.389652,CONST330,TRACKING,330,28.809432,28.819483,0.084623,-0.020818,5.015426,0.000000,0.000000,5.000000,0.088500,1
1784328864.418492,CONST330,TRACKING,330,28.812937,28.822610,0.081593,-0.023830,5.017781,0.000000,0.000000,5.000000,0.086842,1
1784328864.447345,CONST330,TRACKING,330,28.796615,28.808683,0.076744,-0.024075,5.017919,0.000000,0.000000,5.000000,0.082404,1
1784328864.476173,CONST330,TRACKING,330,28.803503,28.812573,0.071295,-0.023551,5.017237,0.000000,0.000000,5.000000,0.077038,1
1784328864.505011,CONST330,TRACKING,330,28.809835,28.821024,0.065841,-0.023096,5.016090,0.000000,0.000000,5.000000,0.071605,1
1784328864.533851,CONST330,TRACKING,330,28.803737,57.654711,0.065841,-0.023096,5.016090,0.000000,0.000000,5.000000,0.071605,1
1784328864.562692,CONST330,TRACKING,330,28.750048,28.761967,0.058924,-0.022373,5.014560,0.000000,0.000000,5.000000,0.064688,1
1784328864.591515,CONST330,TRACKING,330,28.837471,28.849688,0.053269,-0.021225,5.014393,0.000000,0.000000,5.000000,0.059121,1
1784328864.620416,CONST330,TRACKING,330,28.841624,28.857618,0.047580,-0.020155,5.013368,0.000000,0.000000,5.000000,0.053374,1
1784328864.649302,CONST330,TRACKING,330,28.861187,28.872749,0.041838,-0.019120,5.013543,0.000000,0.000000,5.000000,0.047952,1
1784328864.678192,CONST330,TRACKING,330,28.905274,28.914046,0.036289,-0.018969,5.015049,0.000000,0.000000,5.000000,0.043626,1
1784328864.707160,CONST330,TRACKING,330,28.817180,28.833044,0.031553,-0.021422,5.016445,0.000000,0.000000,5.000000,0.041532,1
1784328864.736013,CONST330,TRACKING,330,28.825234,28.834368,0.025597,-0.024121,5.018026,0.000000,0.000000,5.000000,0.039522,1
1784328864.764868,CONST330,TRACKING,330,28.854742,57.719424,0.025597,-0.024121,5.018026,0.000000,0.000000,5.000000,0.039522,1
1784328864.793767,CONST330,TRACKING,330,28.811919,28.823457,0.020829,-0.025986,5.019530,0.000000,0.000000,5.000000,0.038608,1
1784328864.822624,CONST330,TRACKING,330,28.873045,28.888644,0.015394,-0.028920,5.020107,0.000000,0.000000,5.000000,0.038440,1
1784328864.851531,CONST330,TRACKING,330,28.867848,28.877763,0.009388,-0.032700,5.019377,0.000000,0.000000,5.000000,0.039152,1
1784328864.880443,CONST330,TRACKING,330,28.795615,28.806606,0.003610,-0.036053,5.017763,0.000000,0.000000,5.000000,0.040353,1
1784328864.909276,CONST330,TRACKING,330,28.800393,28.810922,-0.001901,-0.038950,5.016044,0.000000,0.000000,5.000000,0.042168,1
1784328864.938106,CONST330,TRACKING,330,28.765364,28.774374,-0.006888,-0.043704,5.016078,0.000000,0.000000,5.000000,0.047074,1
1784328864.966899,CONST330,TRACKING,330,28.819062,57.621765,-0.006888,-0.043704,5.016078,0.000000,0.000000,5.000000,0.047074,1
1784328864.995753,CONST330,TRACKING,330,28.820270,28.830561,-0.010366,-0.047299,5.016017,0.000000,0.000000,5.000000,0.051001,1
1784328865.024601,CONST330,TRACKING,330,28.804527,28.813589,-0.013684,-0.050387,5.015693,0.000000,0.000000,5.000000,0.054520,1
1784328865.053441,CONST330,TRACKING,330,28.789008,28.798820,-0.016755,-0.053118,5.015856,0.000000,0.000000,5.000000,0.057911,1
1784328865.082267,CONST330,TRACKING,330,28.872649,28.882772,-0.019682,-0.056709,5.016805,0.000000,0.000000,5.000000,0.062335,1
1784328865.111176,CONST330,TRACKING,330,28.789105,28.802405,-0.022992,-0.060485,5.017849,0.000000,0.000000,5.000000,0.067124,1
1784328865.139997,CONST330,TRACKING,330,28.822610,28.831197,-0.025402,-0.062982,5.018817,0.000000,0.000000,5.000000,0.070471,1
1784328865.168891,CONST330,TRACKING,330,28.803397,28.814813,-0.027589,-0.065552,5.019750,0.000000,0.000000,5.000000,0.073813,1
1784328865.197756,CONST330,TRACKING,330,28.842207,57.717710,-0.027589,-0.065552,5.019750,0.000000,0.000000,5.000000,0.073813,1
1784328865.226665,CONST330,TRACKING,330,28.850105,28.861567,-0.029379,-0.068899,5.022040,0.000000,0.000000,5.000000,0.078076,1
1784328865.255555,CONST330,TRACKING,330,28.807389,28.817313,-0.031114,-0.071771,5.024033,0.000000,0.000000,5.000000,0.081834,1
1784328865.284392,CONST330,TRACKING,330,28.772966,28.781791,-0.032831,-0.074182,5.026182,0.000000,0.000000,5.000000,0.085243,1
1784328865.313197,CONST330,TRACKING,330,28.779403,28.789186,-0.034110,-0.077086,5.028365,0.000000,0.000000,5.000000,0.088939,1
1784328865.342007,CONST330,TRACKING,330,28.816301,28.825014,-0.035139,-0.081017,5.030307,0.000000,0.000000,5.000000,0.093365,1
1784328865.370858,CONST330,TRACKING,330,28.825050,28.833699,-0.035896,-0.083457,5.031986,0.000000,0.000000,5.000000,0.096316,1
1784328865.399712,CONST330,TRACKING,330,28.775749,57.638699,-0.035896,-0.083457,5.031986,0.000000,0.000000,5.000000,0.096316,1
1784328865.428530,CONST330,TRACKING,330,28.796924,28.807653,-0.036593,-0.085305,5.034165,0.000000,0.000000,5.000000,0.098910,1
1784328865.457361,CONST330,TRACKING,330,28.852941,28.862462,-0.036927,-0.086434,5.035831,0.000000,0.000000,5.000000,0.100590,1
1784328865.486255,CONST330,TRACKING,330,28.800868,28.812073,-0.037036,-0.087066,5.037054,0.000000,0.000000,5.000000,0.101613,1
1784328865.515093,CONST330,TRACKING,330,28.762420,28.774135,-0.037009,-0.087226,5.037830,0.000000,0.000000,5.000000,0.102025,1
1784328865.543889,CONST330,TRACKING,330,28.756190,28.765553,-0.036427,-0.086575,5.037505,0.000000,0.000000,5.000000,0.101137,1
1784328865.572676,CONST330,TRACKING,330,28.750135,28.759352,-0.034691,-0.084392,5.036648,0.000000,0.000000,5.000000,0.098329,1
1784328865.601462,CONST330,TRACKING,330,28.730042,28.739422,-0.032886,-0.081762,5.036055,0.000000,0.000000,5.000000,0.095218,1
1784328865.630221,CONST330,TRACKING,330,28.720151,57.487822,-0.032886,-0.081762,5.036055,0.000000,0.000000,5.000000,0.095218,1
1784328865.658977,CONST330,TRACKING,330,28.761543,28.771281,-0.030978,-0.078828,5.036505,0.000000,0.000000,5.000000,0.092229,1
1784328865.687782,CONST330,TRACKING,330,28.778599,28.788374,-0.029171,-0.075731,5.037721,0.000000,0.000000,5.000000,0.089493,1
1784328865.716592,CONST330,TRACKING,330,28.869954,28.879117,-0.027862,-0.072638,5.040261,0.000000,0.000000,5.000000,0.087599,1
1784328865.745527,CONST330,TRACKING,330,28.823639,28.833630,-0.026134,-0.068376,5.041636,0.000000,0.000000,5.000000,0.084213,1
1784328865.774400,CONST330,TRACKING,330,28.743543,28.755505,-0.024679,-0.064649,5.041105,0.000000,0.000000,5.000000,0.080487,1
1784328865.803217,CONST330,TRACKING,330,28.828033,28.842168,-0.022669,-0.058955,5.039676,0.000000,0.000000,5.000000,0.074590,1
1784328865.832081,CONST330,TRACKING,330,28.792035,57.669802,-0.022669,-0.058955,5.039676,0.000000,0.000000,5.000000,0.074590,1
1784328865.860909,CONST330,TRACKING,330,28.818196,28.828200,-0.020130,-0.051540,5.038357,0.000000,0.000000,5.000000,0.067326,1
1784328865.889765,CONST330,TRACKING,330,28.760605,28.771201,-0.017507,-0.044155,5.037304,0.000000,0.000000,5.000000,0.060397,1
1784328865.918558,CONST330,TRACKING,330,28.856280,28.866148,-0.014824,-0.036806,5.035892,0.000000,0.000000,5.000000,0.053504,1
1784328865.947450,CONST330,TRACKING,330,28.821502,28.833483,-0.010875,-0.028667,5.032037,0.000000,0.000000,5.000000,0.044345,1
1784328865.976303,CONST330,TRACKING,330,28.888674,28.899632,-0.007561,-0.022351,5.029971,0.000000,0.000000,5.000000,0.038144,1
1784328866.005222,CONST330,TRACKING,330,28.815110,28.823997,-0.004300,-0.016114,5.028708,0.000000,0.000000,5.000000,0.033201,1
1784328866.034064,CONST330,TRACKING,330,28.829737,57.680653,-0.004300,-0.016114,5.028708,0.000000,0.000000,5.000000,0.033201,1
1784328866.062935,CONST330,TRACKING,330,28.788774,28.801399,-0.001148,-0.009972,5.027585,0.000000,0.000000,5.000000,0.029354,1
1784328866.091758,CONST330,TRACKING,330,28.822526,28.832713,0.004539,-0.002316,5.026140,0.000000,0.000000,5.000000,0.026632,1
1784328866.120637,CONST330,TRACKING,330,28.792871,28.806659,0.009923,0.005097,5.024165,0.000000,0.000000,5.000000,0.026616,1
1784328866.149463,CONST330,TRACKING,330,28.820251,28.833942,0.016208,0.014062,5.020704,0.000000,0.000000,5.000000,0.029818,1
1784328866.178317,CONST330,TRACKING,330,28.782605,28.792650,0.020585,0.021107,5.019430,0.000000,0.000000,5.000000,0.035310,1
1784328866.207149,CONST330,TRACKING,330,28.874878,28.885889,0.023633,0.028489,5.020525,0.000000,0.000000,5.000000,0.042325,1
1784328866.236054,CONST330,TRACKING,330,28.849663,28.858478,0.026543,0.035609,5.021565,0.000000,0.000000,5.000000,0.049372,1
1784328866.264936,CONST330,TRACKING,330,28.818675,57.709154,0.026543,0.035609,5.021565,0.000000,0.000000,5.000000,0.049372,1
1784328866.293807,CONST330,TRACKING,330,28.824542,28.836915,0.029245,0.042484,5.022333,0.000000,0.000000,5.000000,0.056204,1
1784328866.322714,CONST330,TRACKING,330,28.873172,28.890185,0.031723,0.050124,5.024128,0.000000,0.000000,5.000000,0.064039,1
1784328866.351647,CONST330,TRACKING,330,28.779031,28.794645,0.034553,0.060336,5.027172,0.000000,0.000000,5.000000,0.074650,1
1784328866.380464,CONST330,TRACKING,330,28.782481,28.793015,0.036481,0.067902,5.028528,0.000000,0.000000,5.000000,0.082192,1
1784328866.409276,CONST330,TRACKING,330,28.811131,28.820298,0.038119,0.074905,5.029006,0.000000,0.000000,5.000000,0.088911,1
1784328866.438126,CONST330,TRACKING,330,28.804714,28.813261,0.037891,0.080231,5.029793,0.000000,0.000000,5.000000,0.093596,1
1784328866.466959,CONST330,TRACKING,330,28.819880,57.661558,0.037891,0.080231,5.029793,0.000000,0.000000,5.000000,0.093596,1
1784328866.495812,CONST330,TRACKING,330,28.844647,28.854093,0.037079,0.084641,5.030863,0.000000,0.000000,5.000000,0.097424,1
1784328866.524689,CONST330,TRACKING,330,28.834321,28.843833,0.036263,0.088539,5.032241,0.000000,0.000000,5.000000,0.100964,1
1784328866.553554,CONST330,TRACKING,330,28.838694,28.847244,0.035120,0.092329,5.034053,0.000000,0.000000,5.000000,0.104488,1
1784328866.582422,CONST330,TRACKING,330,28.803232,28.812646,0.033972,0.093627,5.036101,0.000000,0.000000,5.000000,0.105941,1
1784328866.611255,CONST330,TRACKING,330,28.866946,28.876236,0.032821,0.094635,5.037045,0.000000,0.000000,5.000000,0.106795,1
1784328866.640153,CONST330,TRACKING,330,28.802057,28.812254,0.031649,0.095286,5.038506,0.000000,0.000000,5.000000,0.107535,1
1784328866.669012,CONST330,TRACKING,330,28.822425,28.838278,0.030512,0.095536,5.039252,0.000000,0.000000,5.000000,0.107698,1
1784328866.697875,CONST330,TRACKING,330,28.803664,57.681786,0.030512,0.095536,5.039252,0.000000,0.000000,5.000000,0.107698,1
1784328866.726735,CONST330,TRACKING,330,28.836605,28.850630,0.029367,0.095258,5.037938,0.000000,0.000000,5.000000,0.106658,1
1784328866.755605,CONST330,TRACKING,330,28.841314,28.851535,0.027907,0.094443,5.037006,0.000000,0.000000,5.000000,0.105203,1
1784328866.784479,CONST330,TRACKING,330,28.819131,28.828724,0.026667,0.093452,5.036684,0.000000,0.000000,5.000000,0.103875,1
1784328866.813334,CONST330,TRACKING,330,28.850042,28.860276,0.024992,0.090596,5.035588,0.000000,0.000000,5.000000,0.100492,1
1784328866.842220,CONST330,TRACKING,330,28.807402,28.818549,0.022894,0.086112,5.032893,0.000000,0.000000,5.000000,0.094981,1
1784328866.871056,CONST330,TRACKING,330,28.813538,28.822694,0.020739,0.081623,5.029535,0.000000,0.000000,5.000000,0.089245,1
1784328866.899942,CONST330,TRACKING,330,28.809259,28.823354,0.018523,0.077178,5.025920,0.000000,0.000000,5.000000,0.083495,1
1784328866.928813,CONST330,TRACKING,330,28.795477,57.680605,0.018523,0.077178,5.025920,0.000000,0.000000,5.000000,0.083495,1
1784328866.957650,CONST330,TRACKING,330,28.792330,28.803550,0.015952,0.072718,5.023479,0.000000,0.000000,5.000000,0.078062,1
1784328866.986474,CONST330,TRACKING,330,28.813238,28.823538,0.013965,0.069182,5.021830,0.000000,0.000000,5.000000,0.073876,1
1784328867.015319,CONST330,TRACKING,330,28.878746,28.889157,0.012055,0.065424,5.019715,0.000000,0.000000,5.000000,0.069385,1
1784328867.044238,CONST330,TRACKING,330,28.816143,28.826303,0.010213,0.061547,5.016521,0.000000,0.000000,5.000000,0.064539,1
1784328867.073083,CONST330,TRACKING,330,28.812664,28.821615,0.009798,0.056254,5.012959,0.000000,0.000000,5.000000,0.058553,1
1784328867.101925,CONST330,TRACKING,330,28.784874,28.793362,0.009321,0.050988,5.009144,0.000000,0.000000,5.000000,0.052633,1
1784328867.130736,CONST330,TRACKING,330,28.814627,57.634170,0.009321,0.050988,5.009144,0.000000,0.000000,5.000000,0.052633,1
1784328867.159585,CONST330,TRACKING,330,28.845908,28.856296,0.008613,0.044555,5.005395,0.000000,0.000000,5.000000,0.045700,1
1784328867.188468,CONST330,TRACKING,330,28.864578,28.875852,0.007967,0.039731,5.003714,0.000000,0.000000,5.000000,0.040692,1
1784328867.217387,CONST330,TRACKING,330,28.824613,28.836181,0.007337,0.035585,5.004527,0.000000,0.000000,5.000000,0.036614,1
1784328867.246245,CONST330,TRACKING,330,28.780537,28.789479,0.006581,0.031399,5.004859,0.000000,0.000000,5.000000,0.032447,1
1784328867.275057,CONST330,TRACKING,330,28.829274,28.840121,0.005819,0.027157,5.005460,0.000000,0.000000,5.000000,0.028305,1
1784328867.303916,CONST330,TRACKING,330,28.813320,28.821978,0.005600,0.023318,5.007058,0.000000,0.000000,5.000000,0.024998,1
1784328867.332752,CONST330,TRACKING,330,28.826389,57.671404,0.005600,0.023318,5.007058,0.000000,0.000000,5.000000,0.024998,1
1784328867.361608,CONST330,TRACKING,330,28.790807,28.799797,0.005824,0.019016,5.008654,0.000000,0.000000,5.000000,0.021689,1
1784328867.390428,CONST330,TRACKING,330,28.806260,28.815011,0.005837,0.015544,5.009668,0.000000,0.000000,5.000000,0.019214,1
1784328867.419266,CONST330,TRACKING,330,28.846778,28.855731,0.005731,0.012050,5.010598,0.000000,0.000000,5.000000,0.017040,1
1784328867.448154,CONST330,TRACKING,330,28.772791,28.783049,0.004911,0.007847,5.011322,0.000000,0.000000,5.000000,0.014624,1
1784328867.476993,CONST330,TRACKING,330,28.767083,28.777389,0.003812,0.003485,5.012267,0.000000,0.000000,5.000000,0.013310,1
1784328867.505827,CONST330,TRACKING,330,28.771308,28.785280,0.002666,-0.000770,5.014084,0.000000,0.000000,5.000000,0.014355,1
1784328867.534638,CONST330,TRACKING,330,28.750514,57.575555,0.002666,-0.000770,5.014084,0.000000,0.000000,5.000000,0.014355,1
1784328867.563423,CONST330,TRACKING,330,28.854658,28.864644,0.001327,-0.005324,5.016413,0.000000,0.000000,5.000000,0.017306,1
1784328867.592314,CONST330,TRACKING,330,28.760593,28.769791,0.000599,-0.006856,5.017231,0.000000,0.000000,5.000000,0.018555,1
1784328867.621116,CONST330,TRACKING,330,28.776819,28.785883,-0.000046,-0.008551,5.017226,0.000000,0.000000,5.000000,0.019232,1
1784328867.649933,CONST330,TRACKING,330,28.763065,28.771853,-0.000579,-0.010370,5.016870,0.000000,0.000000,5.000000,0.019810,1
1784328867.678742,CONST330,TRACKING,330,28.894977,28.905764,-0.000467,-0.011544,5.016746,0.000000,0.000000,5.000000,0.020345,1
1784328867.707677,CONST330,TRACKING,330,28.791448,28.802347,0.001314,-0.010703,5.017705,0.000000,0.000000,5.000000,0.020731,1
1784328867.736504,CONST330,TRACKING,330,28.825040,28.834267,0.003382,-0.009928,5.018661,0.000000,0.000000,5.000000,0.021407,1
1784328867.765352,CONST330,TRACKING,330,28.792691,57.650494,0.003382,-0.009928,5.018661,0.000000,0.000000,5.000000,0.021407,1
1784328867.794178,CONST330,TRACKING,330,28.867332,28.876279,0.004929,-0.009443,5.019594,0.000000,0.000000,5.000000,0.022302,1
1784328867.823087,CONST330,TRACKING,330,28.861652,28.875222,0.006588,-0.009583,5.020518,0.000000,0.000000,5.000000,0.023585,1
1784328867.851985,CONST330,TRACKING,330,28.882026,28.893012,0.008275,-0.010220,5.021210,0.000000,0.000000,5.000000,0.024955,1
1784328867.880900,CONST330,TRACKING,330,28.802740,28.812390,0.009871,-0.010760,5.022686,0.000000,0.000000,5.000000,0.026979,1
1784328867.909736,CONST330,TRACKING,330,28.839753,28.849926,0.011400,-0.011271,5.023887,0.000000,0.000000,5.000000,0.028767,1
1784328867.938606,CONST330,TRACKING,330,28.790825,28.799919,0.013121,-0.011609,5.025960,0.000000,0.000000,5.000000,0.031319,1
1784328867.967425,CONST330,TRACKING,330,28.788244,57.616769,0.013121,-0.011609,5.025960,0.000000,0.000000,5.000000,0.031319,1
1784328867.996247,CONST330,TRACKING,330,28.795831,28.805780,0.014318,-0.012026,5.028258,0.000000,0.000000,5.000000,0.033884,1
1784328868.025073,CONST330,TRACKING,330,28.784795,28.793572,0.015386,-0.012534,5.029712,0.000000,0.000000,5.000000,0.035730,1
1784328868.053935,CONST330,TRACKING,330,28.827663,28.838546,0.016385,-0.013058,5.030096,0.000000,0.000000,5.000000,0.036671,1
1784328868.082817,CONST330,TRACKING,330,28.803531,28.817192,0.016443,-0.011463,5.029407,0.000000,0.000000,5.000000,0.035589,1
1784328868.111659,CONST330,TRACKING,330,28.770826,28.782263,0.016519,-0.010022,5.028124,0.000000,0.000000,5.000000,0.034121,1
1784328868.140458,CONST330,TRACKING,330,28.821345,28.830662,0.016565,-0.008458,5.026649,0.000000,0.000000,5.000000,0.032498,1
1784328868.169313,CONST330,TRACKING,330,28.855560,28.864741,0.016543,-0.007335,5.026021,0.000000,0.000000,5.000000,0.031695,1
1784328868.198194,CONST330,TRACKING,330,28.813318,57.703901,0.016543,-0.007335,5.026021,0.000000,0.000000,5.000000,0.031695,1
1784328868.227062,CONST330,TRACKING,330,28.851792,28.862473,0.016382,-0.006237,5.026162,0.000000,0.000000,5.000000,0.031492,1
1784328868.255957,CONST330,TRACKING,330,28.781839,28.793521,0.016143,-0.005235,5.025833,0.000000,0.000000,5.000000,0.030908,1
1784328868.284771,CONST330,TRACKING,330,28.825216,28.834658,0.015807,-0.004335,5.024243,0.000000,0.000000,5.000000,0.029264,1
1784328868.313642,CONST330,TRACKING,330,28.767988,28.781632,0.016395,-0.002999,5.022453,0.000000,0.000000,5.000000,0.027963,1
1784328868.342446,CONST330,TRACKING,330,28.731374,28.742966,0.018042,-0.000925,5.021379,0.000000,0.000000,5.000000,0.027990,1
1784328868.371211,CONST330,TRACKING,330,28.760090,28.769423,0.019038,0.000563,5.020535,0.000000,0.000000,5.000000,0.028008,1
1784328868.400003,CONST330,TRACKING,330,28.716686,28.725582,0.019830,0.001927,5.019685,0.000000,0.000000,5.000000,0.028008,1
1784328868.428751,CONST330,TRACKING,330,28.805186,57.561696,0.019830,0.001927,5.019685,0.000000,0.000000,5.000000,0.028008,1
1784328868.457593,CONST330,TRACKING,330,28.858154,28.868604,0.019306,0.004451,5.020658,0.000000,0.000000,5.000000,0.028623,1
1784328868.486479,CONST330,TRACKING,330,28.770799,28.779672,0.018368,0.007135,5.021062,0.000000,0.000000,5.000000,0.028843,1
1784328868.515288,CONST330,TRACKING,330,28.833457,28.846195,0.017396,0.009575,5.021327,0.000000,0.000000,5.000000,0.029140,1
1784328868.544157,CONST330,TRACKING,330,28.832498,28.842580,0.016428,0.012546,5.021824,0.000000,0.000000,5.000000,0.030059,1
1784328868.573021,CONST330,TRACKING,330,28.781813,28.791133,0.016617,0.015102,5.022621,0.000000,0.000000,5.000000,0.031874,1
1784328868.601833,CONST330,TRACKING,330,28.811058,28.819645,0.016692,0.017449,5.022541,0.000000,0.000000,5.000000,0.033033,1
1784328868.630716,CONST330,TRACKING,330,28.809081,57.701646,0.016692,0.017449,5.022541,0.000000,0.000000,5.000000,0.033033,1
1784328868.659602,CONST330,TRACKING,330,28.791253,28.808556,0.016666,0.019629,5.021902,0.000000,0.000000,5.000000,0.033805,1
1784328868.688447,CONST330,TRACKING,330,28.851635,28.863504,0.016645,0.022159,5.020483,0.000000,0.000000,5.000000,0.034462,1
1784328868.717341,CONST330,TRACKING,330,28.967934,28.978081,0.016753,0.025890,5.017606,0.000000,0.000000,5.000000,0.035509,1
1784328868.746346,CONST330,TRACKING,330,28.896294,28.908339,0.016801,0.030193,5.013586,0.000000,0.000000,5.000000,0.037127,1
1784328868.775275,CONST330,TRACKING,330,28.989480,28.999777,0.016778,0.033381,5.010253,0.000000,0.000000,5.000000,0.038742,1
1784328868.804301,CONST330,TRACKING,330,28.895997,28.908511,0.017018,0.037544,5.009551,0.000000,0.000000,5.000000,0.042313,1
1784328868.833233,CONST330,TRACKING,330,28.969196,57.913280,0.017018,0.037544,5.009551,0.000000,0.000000,5.000000,0.042313,1
1784328868.862234,CONST330,TRACKING,330,28.956398,28.965599,0.017420,0.042484,5.011375,0.000000,0.000000,5.000000,0.047304,1
1784328868.891222,CONST330,TRACKING,330,29.008904,29.018970,0.017614,0.046951,5.012539,0.000000,0.000000,5.000000,0.051690,1
1784328868.920263,CONST330,TRACKING,330,29.017268,29.026430,0.017613,0.050921,5.013057,0.000000,0.000000,5.000000,0.055441,1
1784328868.949313,CONST330,TRACKING,330,28.952253,28.961344,0.019607,0.058096,5.015951,0.000000,0.000000,5.000000,0.063357,1
1784328868.978298,CONST330,TRACKING,330,28.965806,28.976291,0.021415,0.063667,5.019369,0.000000,0.000000,5.000000,0.069908,1
1784328869.007306,CONST330,TRACKING,330,28.962285,28.975087,0.023043,0.068645,5.021646,0.000000,0.000000,5.000000,0.075575,1
1784328869.036303,CONST330,TRACKING,330,28.967723,28.978714,0.024483,0.073039,5.023141,0.000000,0.000000,5.000000,0.080434,1
1784328869.065298,CONST330,TRACKING,330,28.984474,57.990625,0.024483,0.073039,5.023141,0.000000,0.000000,5.000000,0.080434,1
1784328869.094318,CONST330,TRACKING,330,28.952582,28.961738,0.026891,0.076681,5.025314,0.000000,0.000000,5.000000,0.085111,1
1784328869.123308,CONST330,TRACKING,330,29.043809,29.055715,0.029144,0.079787,5.027227,0.000000,0.000000,5.000000,0.089200,1
1784328869.152380,CONST330,TRACKING,330,28.996837,29.005892,0.031649,0.082869,5.029823,0.000000,0.000000,5.000000,0.093586,1
1784328869.181409,CONST330,TRACKING,330,29.055745,29.065141,0.033102,0.084285,5.032532,0.000000,0.000000,5.000000,0.096218,1
1784328869.210545,CONST330,TRACKING,330,28.819757,28.830864,0.033691,0.083889,5.035412,0.000000,0.000000,5.000000,0.097090,1
1784328869.239416,CONST330,TRACKING,330,28.781363,28.792543,0.034179,0.083171,5.036380,0.000000,0.000000,5.000000,0.097001,1
1784328869.268258,CONST330,TRACKING,330,28.749693,28.761439,0.034567,0.082203,5.036385,0.000000,0.000000,5.000000,0.096313,1
1784328869.297036,CONST330,TRACKING,330,28.862350,57.652075,0.034567,0.082203,5.036385,0.000000,0.000000,5.000000,0.096313,1
1784328869.325936,CONST330,TRACKING,330,28.829819,28.841697,0.035690,0.081461,5.037104,0.000000,0.000000,5.000000,0.096366,1
1784328869.354800,CONST330,TRACKING,330,28.724077,28.734228,0.037923,0.080622,5.038650,0.000000,0.000000,5.000000,0.097118,1
1784328869.383573,CONST330,TRACKING,330,28.806667,28.819146,0.039516,0.079454,5.039876,0.000000,0.000000,5.000000,0.097286,1
1784328869.412419,CONST330,TRACKING,330,28.799907,28.811633,0.040975,0.077937,5.040597,0.000000,0.000000,5.000000,0.096961,1
1784328869.441254,CONST330,TRACKING,330,28.797403,28.807335,0.043403,0.075494,5.039881,0.000000,0.000000,5.000000,0.095780,1
1784328869.470082,CONST330,TRACKING,330,28.857679,28.866725,0.045896,0.072663,5.038466,0.000000,0.000000,5.000000,0.094160,1
1784328869.498964,CONST330,TRACKING,330,28.839833,57.730850,0.045896,0.072663,5.038466,0.000000,0.000000,5.000000,0.094160,1
1784328869.527837,CONST330,TRACKING,330,28.839551,28.848700,0.048050,0.069749,5.036112,0.000000,0.000000,5.000000,0.092075,1
1784328869.556726,CONST330,TRACKING,330,28.835992,28.848082,0.050192,0.065871,5.031958,0.000000,0.000000,5.000000,0.088767,1
1784328869.585593,CONST330,TRACKING,330,28.750544,28.759668,0.051327,0.062000,5.026764,0.000000,0.000000,5.000000,0.084822,1
1784328869.614376,CONST330,TRACKING,330,28.816123,28.827921,0.052207,0.058019,5.021735,0.000000,0.000000,5.000000,0.081020,1
1784328869.643229,CONST330,TRACKING,330,28.790208,28.800227,0.052827,0.053940,5.016995,0.000000,0.000000,5.000000,0.077389,1
1784328869.672069,CONST330,TRACKING,330,28.818752,28.832544,0.052971,0.049668,5.013124,0.000000,0.000000,5.000000,0.073791,1
1784328869.700933,CONST330,TRACKING,330,28.837275,28.847842,0.052269,0.045215,5.010994,0.000000,0.000000,5.000000,0.069981,1
1784328869.729802,CONST330,TRACKING,330,28.841872,57.722075,0.052269,0.045215,5.010994,0.000000,0.000000,5.000000,0.069981,1
1784328869.758692,CONST330,TRACKING,330,28.838281,28.849578,0.051327,0.039683,5.008294,0.000000,0.000000,5.000000,0.065406,1
1784328869.787605,CONST330,TRACKING,330,28.804881,28.818849,0.050512,0.035294,5.005976,0.000000,0.000000,5.000000,0.061910,1
1784328869.816461,CONST330,TRACKING,330,28.814622,28.827005,0.050294,0.030471,5.002882,0.000000,0.000000,5.000000,0.058875,1
1784328869.845321,CONST330,TRACKING,330,28.833087,28.844611,0.050537,0.025215,4.999350,0.000000,0.000000,5.000000,0.056481,1
1784328869.874184,CONST330,TRACKING,330,28.830116,28.839234,0.050439,0.020020,4.996634,0.000000,0.000000,5.000000,0.054371,1
1784328869.903054,CONST330,TRACKING,330,28.763087,28.776210,0.050047,0.014883,4.994921,0.000000,0.000000,5.000000,0.052460,1
1784328869.931845,CONST330,TRACKING,330,28.774121,57.578809,0.050047,0.014883,4.994921,0.000000,0.000000,5.000000,0.052460,1
1784328869.960653,CONST330,TRACKING,330,28.775779,28.786146,0.048062,0.008384,4.995612,0.000000,0.000000,5.000000,0.048985,1
1784328869.989460,CONST330,TRACKING,330,28.972812,28.981859,0.046049,0.003259,4.995537,0.000000,0.000000,5.000000,0.046380,1
1784328870.018463,CONST330,TRACKING,330,28.955410,28.965467,0.043905,-0.001786,4.994314,0.000000,0.000000,5.000000,0.044308,1
1784328870.047457,CONST330,TRACKING,330,28.946215,28.958192,0.041626,-0.006808,4.993458,0.000000,0.000000,5.000000,0.042683,1
1784328870.076437,CONST330,TRACKING,330,28.946405,28.956859,0.039206,-0.013982,4.988755,0.000000,0.000000,5.000000,0.043116,1
1784328870.105417,CONST330,TRACKING,330,28.980909,28.990564,0.036659,-0.020974,4.985145,0.000000,0.000000,5.000000,0.044771,1
1784328870.134423,CONST330,TRACKING,330,28.952778,57.968970,0.036659,-0.020974,4.985145,0.000000,0.000000,5.000000,0.044771,1
1784328870.163410,CONST330,TRACKING,330,29.007105,29.019091,0.033301,-0.029235,4.982987,0.000000,0.000000,5.000000,0.047467,1
1784328870.192448,CONST330,TRACKING,330,28.930845,28.940639,0.030625,-0.035806,4.981410,0.000000,0.000000,5.000000,0.050652,1
1784328870.221438,CONST330,TRACKING,330,28.972054,28.985826,0.028094,-0.042972,4.979455,0.000000,0.000000,5.000000,0.055299,1
1784328870.250442,CONST330,TRACKING,330,28.909973,28.920009,0.025434,-0.049661,4.977696,0.000000,0.000000,5.000000,0.060088,1
1784328870.279387,CONST330,TRACKING,330,28.968191,28.978727,0.022673,-0.055940,4.976067,0.000000,0.000000,5.000000,0.064932,1
1784328870.308393,CONST330,TRACKING,330,28.857971,28.868377,0.019409,-0.062024,4.975074,0.000000,0.000000,5.000000,0.069606,1
1784328870.337285,CONST330,TRACKING,330,29.011066,29.020769,0.014797,-0.069188,4.973727,0.000000,0.000000,5.000000,0.075473,1
1784328870.366358,CONST330,TRACKING,330,28.976852,58.059955,0.014797,-0.069188,4.973727,0.000000,0.000000,5.000000,0.075473,1
1784328870.395400,CONST330,TRACKING,330,28.949639,28.963233,0.011087,-0.074161,4.972999,0.000000,0.000000,5.000000,0.079698,1
1784328870.424388,CONST330,TRACKING,330,29.043941,29.055067,0.007368,-0.078605,4.972626,0.000000,0.000000,5.000000,0.083561,1
1784328870.453468,CONST330,TRACKING,330,28.981625,28.991128,0.003737,-0.082090,4.973845,0.000000,0.000000,5.000000,0.086237,1
1784328870.482481,CONST330,TRACKING,330,28.986464,28.996931,0.000157,-0.085001,4.975537,0.000000,0.000000,5.000000,0.088451,1
1784328870.511521,CONST330,TRACKING,330,28.959319,28.971929,-0.003418,-0.087443,4.976715,0.000000,0.000000,5.000000,0.090555,1
1784328870.540516,CONST330,TRACKING,330,29.009316,29.020394,-0.007787,-0.090038,4.979124,0.000000,0.000000,5.000000,0.092754,1
1784328870.569562,CONST330,TRACKING,330,28.968471,28.979167,-0.011054,-0.092095,4.982476,0.000000,0.000000,5.000000,0.094397,1
1784328870.598557,CONST330,TRACKING,330,28.953373,57.958856,-0.011054,-0.092095,4.982476,0.000000,0.000000,5.000000,0.094397,1
1784328870.627555,CONST330,TRACKING,330,28.999015,29.010758,-0.014288,-0.093743,4.985944,0.000000,0.000000,5.000000,0.095862,1
1784328870.656586,CONST330,TRACKING,330,28.913494,28.922801,-0.017418,-0.095042,4.989952,0.000000,0.000000,5.000000,0.097146,1
1784328870.685539,CONST330,TRACKING,330,28.954732,28.964936,-0.020294,-0.096528,4.995484,0.000000,0.000000,5.000000,0.098741,1
1784328870.714536,CONST330,TRACKING,330,29.001770,29.013621,-0.022659,-0.099356,5.002030,0.000000,0.000000,5.000000,0.101927,1
1784328870.743569,CONST330,TRACKING,330,28.940341,28.950102,-0.025539,-0.102270,5.008590,0.000000,0.000000,5.000000,0.105760,1
1784328870.772542,CONST330,TRACKING,330,28.957467,28.967430,-0.027787,-0.104133,5.012755,0.000000,0.000000,5.000000,0.108529,1
1784328870.801529,CONST330,TRACKING,330,28.957732,28.966549,-0.029945,-0.106293,5.014701,0.000000,0.000000,5.000000,0.111405,1
1784328870.830518,CONST330,TRACKING,330,28.946640,57.943781,-0.029945,-0.106293,5.014701,0.000000,0.000000,5.000000,0.111405,1
1784328870.859503,CONST330,TRACKING,330,28.887687,28.899885,-0.032471,-0.109161,5.014925,0.000000,0.000000,5.000000,0.114862,1
1784328870.888418,CONST330,TRACKING,330,28.879700,28.888523,-0.033922,-0.110488,5.015543,0.000000,0.000000,5.000000,0.116618,1
1784328870.917329,CONST330,TRACKING,330,28.927504,28.936802,-0.035787,-0.111801,5.016936,0.000000,0.000000,5.000000,0.118605,1
1784328870.946327,CONST330,TRACKING,330,28.925406,28.936197,-0.038449,-0.110730,5.017288,0.000000,0.000000,5.000000,0.118483,1
1784328870.975326,CONST330,TRACKING,330,28.908413,28.923469,-0.040435,-0.109228,5.016133,0.000000,0.000000,5.000000,0.117584,1
1784328871.004297,CONST330,TRACKING,330,28.979063,28.991569,-0.042167,-0.107570,5.014824,0.000000,0.000000,5.000000,0.116487,1
1784328871.033305,CONST330,TRACKING,330,28.889031,57.909582,-0.042167,-0.107570,5.014824,0.000000,0.000000,5.000000,0.116487,1
1784328871.062225,CONST330,TRACKING,330,28.939692,28.948390,-0.043651,-0.105721,5.013803,0.000000,0.000000,5.000000,0.115208,1
1784328871.091195,CONST330,TRACKING,330,29.026632,29.036886,-0.044181,-0.103034,5.012240,0.000000,0.000000,5.000000,0.112773,1
1784328871.120252,CONST330,TRACKING,330,28.912593,28.922101,-0.044577,-0.100161,5.010264,0.000000,0.000000,5.000000,0.110112,1
1784328871.149200,CONST330,TRACKING,330,28.973663,28.982909,-0.044956,-0.096165,5.007478,0.000000,0.000000,5.000000,0.106417,1
1784328871.178210,CONST330,TRACKING,330,28.933403,28.944648,-0.045082,-0.091812,5.004580,0.000000,0.000000,5.000000,0.102385,1
1784328871.207198,CONST330,TRACKING,330,28.861268,28.873800,-0.044797,-0.084735,5.001750,0.000000,0.000000,5.000000,0.095864,1
1784328871.236105,CONST330,TRACKING,330,28.969004,28.979758,-0.044437,-0.077593,4.999156,0.000000,0.000000,5.000000,0.089421,1
1784328871.265104,CONST330,TRACKING,330,28.904839,57.915142,-0.044437,-0.077593,4.999156,0.000000,0.000000,5.000000,0.089421,1
1784328871.294039,CONST330,TRACKING,330,28.974217,28.983230,-0.044014,-0.070372,4.996460,0.000000,0.000000,5.000000,0.083078,1
1784328871.323046,CONST330,TRACKING,330,28.909135,28.919669,-0.043513,-0.063256,4.994732,0.000000,0.000000,5.000000,0.076958,1
1784328871.351983,CONST330,TRACKING,330,28.932021,28.940682,-0.042755,-0.054504,4.993516,0.000000,0.000000,5.000000,0.069575,1
1784328871.380944,CONST330,TRACKING,330,28.958622,28.968044,-0.042063,-0.047446,4.992522,0.000000,0.000000,5.000000,0.063846,1
1784328871.409934,CONST330,TRACKING,330,28.913262,28.922441,-0.041279,-0.040340,4.991502,0.000000,0.000000,5.000000,0.058340,1
1784328871.438888,CONST330,TRACKING,330,28.893951,28.903471,-0.040954,-0.032936,4.990218,0.000000,0.000000,5.000000,0.053458,1
1784328871.467813,CONST330,TRACKING,330,28.894571,28.904416,-0.040623,-0.025498,4.988893,0.000000,0.000000,5.000000,0.049231,1
1784328871.496733,CONST330,TRACKING,330,28.930271,57.859992,-0.040623,-0.025498,4.988893,0.000000,0.000000,5.000000,0.049231,1
1784328871.525725,CONST330,TRACKING,330,28.873741,28.884174,-0.040132,-0.018188,4.987076,0.000000,0.000000,5.000000,0.045918,1
1784328871.554662,CONST330,TRACKING,330,28.875708,28.890757,-0.038939,-0.009456,4.985147,0.000000,0.000000,5.000000,0.042735,1
1784328871.583577,CONST330,TRACKING,330,28.825797,28.835746,-0.036611,-0.003249,4.984853,0.000000,0.000000,5.000000,0.039753,1
1784328871.612434,CONST330,TRACKING,330,28.916546,28.925765,-0.034257,0.002888,4.984842,0.000000,0.000000,5.000000,0.037572,1
1784328871.641382,CONST330,TRACKING,330,28.927434,28.936813,-0.031930,0.008924,4.984628,0.000000,0.000000,5.000000,0.036544,1
1784328871.670343,CONST330,TRACKING,330,28.913259,28.921870,-0.029686,0.015157,4.985692,0.000000,0.000000,5.000000,0.036273,1
1784328871.699297,CONST330,TRACKING,330,28.948572,57.912080,-0.029686,0.015157,4.985692,0.000000,0.000000,5.000000,0.036273,1
1784328871.728289,CONST330,TRACKING,330,28.893872,28.905355,-0.027596,0.022284,4.988463,0.000000,0.000000,5.000000,0.037298,1
1784328871.757217,CONST330,TRACKING,330,28.918105,28.927710,-0.025079,0.030713,4.991910,0.000000,0.000000,5.000000,0.040468,1
1784328871.786172,CONST330,TRACKING,330,28.884353,28.899571,-0.023123,0.037102,4.994391,0.000000,0.000000,5.000000,0.044076,1
1784328871.815086,CONST330,TRACKING,330,28.931142,28.940406,-0.021103,0.043071,4.997163,0.000000,0.000000,5.000000,0.048047,1
1784328871.844060,CONST330,TRACKING,330,28.939268,28.948521,-0.018973,0.048664,4.999772,0.000000,0.000000,5.000000,0.052232,1
1784328871.873029,CONST330,TRACKING,330,28.897620,28.906740,-0.016800,0.053945,5.003167,0.000000,0.000000,5.000000,0.056589,1
1784328871.901966,CONST330,TRACKING,330,28.936175,28.949345,-0.014530,0.058762,5.007396,0.000000,0.000000,5.000000,0.060982,1
1784328871.930932,CONST330,TRACKING,330,28.857949,57.838034,-0.014530,0.058762,5.007396,0.000000,0.000000,5.000000,0.060982,1
1784328871.959823,CONST330,TRACKING,330,28.925193,28.935285,-0.012766,0.063231,5.010033,0.000000,0.000000,5.000000,0.065282,1
1784328871.988776,CONST330,TRACKING,330,28.915713,28.924555,-0.011483,0.066332,5.010290,0.000000,0.000000,5.000000,0.068100,1
1784328872.017724,CONST330,TRACKING,330,28.891604,28.901433,-0.010146,0.069179,5.010948,0.000000,0.000000,5.000000,0.070771,1
1784328872.046648,CONST330,TRACKING,330,28.964975,28.976659,-0.008706,0.071779,5.012176,0.000000,0.000000,5.000000,0.073323,1
1784328872.075643,CONST330,TRACKING,330,28.901607,28.911419,-0.006762,0.075305,5.013808,0.000000,0.000000,5.000000,0.076858,1
1784328872.104614,CONST330,TRACKING,330,28.731124,28.743401,-0.004825,0.078539,5.015079,0.000000,0.000000,5.000000,0.080119,1
1784328872.133395,CONST330,TRACKING,330,28.775912,57.569338,-0.004825,0.078539,5.015079,0.000000,0.000000,5.000000,0.080119,1
1784328872.162220,CONST330,TRACKING,330,29.013059,29.026204,-0.002390,0.082198,5.015482,0.000000,0.000000,5.000000,0.083678,1
1784328872.191274,CONST330,TRACKING,330,28.850157,28.862971,0.000106,0.084518,5.015803,0.000000,0.000000,5.000000,0.085983,1
1784328872.220176,CONST330,TRACKING,330,28.805779,28.816021,0.003985,0.085807,5.015906,0.000000,0.000000,5.000000,0.087360,1
1784328872.249015,CONST330,TRACKING,330,28.836240,28.845850,0.007671,0.086755,5.015957,0.000000,0.000000,5.000000,0.088543,1
1784328872.277883,CONST330,TRACKING,330,28.806291,28.815566,0.012051,0.087463,5.015273,0.000000,0.000000,5.000000,0.089601,1
1784328872.306731,CONST330,TRACKING,330,28.815759,28.829814,0.013805,0.087872,5.015903,0.000000,0.000000,5.000000,0.090360,1
1784328872.335577,CONST330,TRACKING,330,28.803303,57.662815,0.013805,0.087872,5.015903,0.000000,0.000000,5.000000,0.090360,1
1784328872.364417,CONST330,TRACKING,330,28.840533,28.851300,0.015015,0.088041,5.017240,0.000000,0.000000,5.000000,0.090961,1
1784328872.393301,CONST330,TRACKING,330,28.795183,28.806121,0.016121,0.087919,5.019063,0.000000,0.000000,5.000000,0.091395,1
1784328872.422132,CONST330,TRACKING,330,28.895656,28.906065,0.017084,0.087524,5.020707,0.000000,0.000000,5.000000,0.091548,1
1784328872.451067,CONST330,TRACKING,330,28.814926,28.826829,0.017586,0.087102,5.023221,0.000000,0.000000,5.000000,0.091844,1
1784328872.479911,CONST330,TRACKING,330,28.809083,28.818230,0.017967,0.086365,5.025855,0.000000,0.000000,5.000000,0.091925,1
1784328872.508754,CONST330,TRACKING,330,28.798347,28.807934,0.018278,0.085346,5.027675,0.000000,0.000000,5.000000,0.091564,1
1784328872.537584,CONST330,TRACKING,330,28.818014,28.826548,0.018429,0.083868,5.030481,0.000000,0.000000,5.000000,0.091119,1
1784328872.566432,CONST330,TRACKING,330,28.767146,57.624216,0.018429,0.083868,5.030481,0.000000,0.000000,5.000000,0.091119,1
1784328872.595235,CONST330,TRACKING,330,28.864006,28.875750,0.018132,0.082841,5.033805,0.000000,0.000000,5.000000,0.091292,1
1784328872.624130,CONST330,TRACKING,330,28.934749,28.943801,0.017956,0.081443,5.035591,0.000000,0.000000,5.000000,0.090676,1
1784328872.653099,CONST330,TRACKING,330,28.963313,28.973373,0.017880,0.079744,5.037388,0.000000,0.000000,5.000000,0.089870,1
1784328872.682156,CONST330,TRACKING,330,28.772191,28.788582,0.018021,0.077748,5.040040,0.000000,0.000000,5.000000,0.089290,1
1784328872.710979,CONST330,TRACKING,330,28.836840,28.849295,0.018566,0.075480,5.042853,0.000000,0.000000,5.000000,0.088760,1
1784328872.739871,CONST330,TRACKING,330,28.833727,28.844589,0.019199,0.072346,5.047231,0.000000,0.000000,5.000000,0.088506,1
1784328872.768740,CONST330,TRACKING,330,28.828907,28.837739,0.019705,0.069594,5.050484,0.000000,0.000000,5.000000,0.088205,1
1784328872.797592,CONST330,TRACKING,330,28.746893,57.607532,0.019705,0.069594,5.050484,0.000000,0.000000,5.000000,0.088205,1
1784328872.826374,CONST330,TRACKING,330,28.834587,28.846244,0.021008,0.066584,5.054772,0.000000,0.000000,5.000000,0.088740,1
1784328872.855239,CONST330,TRACKING,330,28.885686,28.894994,0.022971,0.063328,5.059788,0.000000,0.000000,5.000000,0.090071,1
1784328872.884156,CONST330,TRACKING,330,28.831254,28.840302,0.024734,0.059931,5.062750,0.000000,0.000000,5.000000,0.090228,1
1784328872.913017,CONST330,TRACKING,330,28.747002,28.755795,0.026308,0.056423,5.064394,0.000000,0.000000,5.000000,0.089567,1
1784328872.941792,CONST330,TRACKING,330,28.762162,28.770708,0.028762,0.050689,5.063448,0.000000,0.000000,5.000000,0.086153,1
1784328872.970583,CONST330,TRACKING,330,28.762066,28.770989,0.030638,0.045889,5.061895,0.000000,0.000000,5.000000,0.082918,1
1784328872.999378,CONST330,TRACKING,330,28.695372,57.499473,0.030638,0.045889,5.061895,0.000000,0.000000,5.000000,0.082918,1
1784328873.028121,CONST330,TRACKING,330,28.776118,28.786920,0.032352,0.041202,5.059048,0.000000,0.000000,5.000000,0.078936,1
1784328873.056934,CONST330,TRACKING,330,28.776282,28.786396,0.033916,0.036615,5.055387,0.000000,0.000000,5.000000,0.074557,1
1784328873.085767,CONST330,TRACKING,330,28.831050,28.846485,0.034302,0.031790,5.051168,0.000000,0.000000,5.000000,0.069321,1
1784328873.114634,CONST330,TRACKING,330,28.832149,28.841614,0.034657,0.026992,5.046999,0.000000,0.000000,5.000000,0.064332,1
1784328873.143498,CONST330,TRACKING,330,28.842439,28.853826,0.034954,0.021063,5.041270,0.000000,0.000000,5.000000,0.058040,1
1784328873.172374,CONST330,TRACKING,330,28.773767,28.785016,0.034331,0.017052,5.036628,0.000000,0.000000,5.000000,0.053018,1
1784328873.201199,CONST330,TRACKING,330,28.886529,28.896513,0.031645,0.014780,5.032156,0.000000,0.000000,5.000000,0.047475,1
1784328873.230120,CONST330,TRACKING,330,28.811420,57.742441,0.031645,0.014780,5.032156,0.000000,0.000000,5.000000,0.047475,1
1784328873.259005,CONST330,TRACKING,330,28.710006,28.721483,0.029079,0.012460,5.028056,0.000000,0.000000,5.000000,0.042285,1
1784328873.287780,CONST330,TRACKING,330,28.800655,28.814771,0.026638,0.010076,5.023186,0.000000,0.000000,5.000000,0.036725,1
1784328873.316622,CONST330,TRACKING,330,28.838556,28.848695,0.024173,0.007545,5.018691,0.000000,0.000000,5.000000,0.031474,1
1784328873.345502,CONST330,TRACKING,330,28.859276,28.869952,0.020977,0.004388,5.014374,0.000000,0.000000,5.000000,0.025805,1
1784328873.374393,CONST330,TRACKING,330,28.858852,28.868278,0.018466,0.001781,5.010354,0.000000,0.000000,5.000000,0.021245,1
1784328873.403285,CONST330,TRACKING,330,28.827920,28.837568,0.015994,-0.000855,5.006000,0.000000,0.000000,5.000000,0.017104,1
1784328873.432146,CONST330,TRACKING,330,28.818216,57.689050,0.015994,-0.000855,5.006000,0.000000,0.000000,5.000000,0.017104,1
1784328873.461001,CONST330,TRACKING,330,28.799186,28.810485,0.013440,-0.005535,5.002466,0.000000,0.000000,5.000000,0.014743,1
1784328873.489837,CONST330,TRACKING,330,28.816102,28.825969,0.011540,-0.009283,5.000319,0.000000,0.000000,5.000000,0.014814,1
1784328873.518688,CONST330,TRACKING,330,28.839142,28.848972,0.010141,-0.011876,4.999199,0.000000,0.000000,5.000000,0.015637,1
1784328873.547561,CONST330,TRACKING,330,28.842985,28.854325,0.007743,-0.015020,4.997978,0.000000,0.000000,5.000000,0.017019,1
1784328873.576438,CONST330,TRACKING,330,28.766765,28.775690,0.005629,-0.014777,4.997666,0.000000,0.000000,5.000000,0.015984,1
1784328873.605235,CONST330,TRACKING,330,28.790210,28.799474,0.003497,-0.014606,4.998142,0.000000,0.000000,5.000000,0.015134,1
1784328873.634063,CONST330,TRACKING,330,28.801316,57.637690,0.003497,-0.014606,4.998142,0.000000,0.000000,5.000000,0.015134,1
1784328873.662901,CONST330,TRACKING,330,28.831620,28.842929,0.001396,-0.014518,4.998885,0.000000,0.000000,5.000000,0.014628,1
1784328873.691772,CONST330,TRACKING,330,28.714825,28.725403,-0.000967,-0.014324,4.999200,0.000000,0.000000,5.000000,0.014379,1
1784328873.720521,CONST330,TRACKING,330,28.768103,28.777347,-0.004228,-0.013637,4.999495,0.000000,0.000000,5.000000,0.014286,1
1784328873.749325,CONST330,TRACKING,330,28.809965,28.818624,-0.007932,-0.012767,5.000690,0.000000,0.000000,5.000000,0.015046,1
1784328873.778166,CONST330,TRACKING,330,28.843784,28.852024,-0.010674,-0.012054,5.001923,0.000000,0.000000,5.000000,0.016216,1
1784328873.807048,CONST330,TRACKING,330,28.834991,28.846562,-0.014063,-0.011449,5.003857,0.000000,0.000000,5.000000,0.018540,1
1784328873.835946,CONST330,TRACKING,330,28.688564,28.698018,-0.018062,-0.010978,5.006975,0.000000,0.000000,5.000000,0.022258,1
1784328873.864679,CONST330,TRACKING,330,28.819769,57.561846,-0.018062,-0.010978,5.006975,0.000000,0.000000,5.000000,0.022258,1
1784328873.893548,CONST330,TRACKING,330,28.753603,28.764494,-0.021811,-0.010602,5.010203,0.000000,0.000000,5.000000,0.026310,1
1784328873.922333,CONST330,TRACKING,330,28.825414,28.834458,-0.025289,-0.010155,5.012839,0.000000,0.000000,5.000000,0.030125,1
1784328873.951191,CONST330,TRACKING,330,28.764232,28.775069,-0.028940,-0.011395,5.016881,0.000000,0.000000,5.000000,0.035389,1
1784328873.979981,CONST330,TRACKING,330,28.837924,28.846545,-0.031525,-0.012541,5.020761,0.000000,0.000000,5.000000,0.039776,1
1784328874.008850,CONST330,TRACKING,330,28.807710,28.817191,-0.033899,-0.013607,5.024810,0.000000,0.000000,5.000000,0.044157,1
1784328874.037688,CONST330,TRACKING,330,28.807990,28.817125,-0.036025,-0.014493,5.028215,0.000000,0.000000,5.000000,0.047999,1
1784328874.066525,CONST330,TRACKING,330,28.824298,57.669780,-0.036025,-0.014493,5.028215,0.000000,0.000000,5.000000,0.047999,1
1784328874.095386,CONST330,TRACKING,330,28.833114,28.845224,-0.035980,-0.015071,5.030299,0.000000,0.000000,5.000000,0.049393,1
1784328874.124252,CONST330,TRACKING,330,28.832543,28.841711,-0.035911,-0.015556,5.031461,0.000000,0.000000,5.000000,0.050214,1
1784328874.153116,CONST330,TRACKING,330,28.813664,28.822942,-0.035773,-0.015837,5.032287,0.000000,0.000000,5.000000,0.050725,1
1784328874.181967,CONST330,TRACKING,330,28.816628,28.829457,-0.035876,-0.016624,5.033071,0.000000,0.000000,5.000000,0.051548,1
1784328874.210837,CONST330,TRACKING,330,28.882467,28.893884,-0.036669,-0.019252,5.033557,0.000000,0.000000,5.000000,0.053304,1
1784328874.239765,CONST330,TRACKING,330,28.831280,28.842949,-0.037223,-0.021603,5.032768,0.000000,0.000000,5.000000,0.054092,1
1784328874.268641,CONST330,TRACKING,330,28.753342,28.764351,-0.037555,-0.023721,5.032085,0.000000,0.000000,5.000000,0.054796,1
1784328874.297422,CONST330,TRACKING,330,28.819658,57.611420,-0.037555,-0.023721,5.032085,0.000000,0.000000,5.000000,0.054796,1
1784328874.326287,CONST330,TRACKING,330,29.019881,29.033288,-0.036619,-0.026329,5.033294,0.000000,0.000000,5.000000,0.056060,1
1784328874.355344,CONST330,TRACKING,330,28.946814,28.956954,-0.034140,-0.030044,5.037276,0.000000,0.000000,5.000000,0.058802,1
1784328874.384318,CONST330,TRACKING,330,28.975626,28.984718,-0.032284,-0.032682,5.039778,0.000000,0.000000,5.000000,0.060767,1
1784328874.413364,CONST330,TRACKING,330,28.794213,28.807657,-0.030525,-0.035076,5.041043,0.000000,0.000000,5.000000,0.062021,1
1784328874.442226,CONST330,TRACKING,330,28.804347,28.818315,-0.029526,-0.036635,5.040801,0.000000,0.000000,5.000000,0.062278,1
1784328874.471072,CONST330,TRACKING,330,28.841222,28.851248,-0.028762,-0.037763,5.039812,0.000000,0.000000,5.000000,0.061954,1
1784328874.499940,CONST330,TRACKING,330,28.818923,28.827267,-0.027999,-0.038668,5.039246,0.000000,0.000000,5.000000,0.061801,1
1784328874.528787,CONST330,TRACKING,330,28.788939,57.644286,-0.027999,-0.038668,5.039246,0.000000,0.000000,5.000000,0.061801,1
1784328874.557610,CONST330,TRACKING,330,28.871087,28.880022,-0.026642,-0.038633,5.037614,0.000000,0.000000,5.000000,0.060143,1
1784328874.586516,CONST330,TRACKING,330,28.836775,28.848991,-0.024359,-0.035833,5.033805,0.000000,0.000000,5.000000,0.054956,1
1784328874.615396,CONST330,TRACKING,330,28.812459,28.826318,-0.022266,-0.033110,5.028908,0.000000,0.000000,5.000000,0.049272,1
1784328874.644244,CONST330,TRACKING,330,28.843110,28.853306,-0.020347,-0.030544,5.024410,0.000000,0.000000,5.000000,0.044077,1
1784328874.673120,CONST330,TRACKING,330,28.795468,28.805386,-0.018116,-0.028355,5.021850,0.000000,0.000000,5.000000,0.040120,1
1784328874.701958,CONST330,TRACKING,330,28.859538,28.869376,-0.014776,-0.026969,5.020292,0.000000,0.000000,5.000000,0.036843,1
1784328874.730856,CONST330,TRACKING,330,28.862598,57.770364,-0.014776,-0.026969,5.020292,0.000000,0.000000,5.000000,0.036843,1
1784328874.759759,CONST330,TRACKING,330,28.833746,28.843303,-0.010862,-0.025251,5.017191,0.000000,0.000000,5.000000,0.032421,1
1784328874.788623,CONST330,TRACKING,330,28.833137,28.842938,-0.007892,-0.023913,5.014825,0.000000,0.000000,5.000000,0.029221,1
1784328874.817487,CONST330,TRACKING,330,28.820436,28.830561,-0.005231,-0.022290,5.011514,0.000000,0.000000,5.000000,0.025628,1
1784328874.846354,CONST330,TRACKING,330,28.799458,28.811640,-0.002849,-0.020453,5.007394,0.000000,0.000000,5.000000,0.021934,1
1784328874.875183,CONST330,TRACKING,330,28.822429,28.831651,-0.000578,-0.018740,5.004094,0.000000,0.000000,5.000000,0.019191,1
1784328874.904034,CONST330,TRACKING,330,28.794860,28.803207,0.001574,-0.017133,5.000094,0.000000,0.000000,5.000000,0.017205,1
1784328874.932853,CONST330,TRACKING,330,28.819995,57.646717,0.001574,-0.017133,5.000094,0.000000,0.000000,5.000000,0.017205,1
1784328874.961702,CONST330,TRACKING,330,28.803117,28.812069,0.004304,-0.014096,4.991991,0.000000,0.000000,5.000000,0.016774,1
1784328874.990563,CONST330,TRACKING,330,28.875165,28.885518,0.006356,-0.011364,4.984874,0.000000,0.000000,5.000000,0.019958,1
1784328875.019507,CONST330,TRACKING,330,28.811086,28.828479,0.008203,-0.008613,4.977769,0.000000,0.000000,5.000000,0.025213,1
1784328875.048364,CONST330,TRACKING,330,28.806132,28.816553,0.009849,-0.005843,4.971255,0.000000,0.000000,5.000000,0.030942,1
1784328875.077205,CONST330,TRACKING,330,28.861346,28.870405,0.012715,-0.001208,4.963363,0.000000,0.000000,5.000000,0.038800,1
1784328875.106094,CONST330,TRACKING,330,28.833824,28.842204,0.015322,0.003239,4.957196,0.000000,0.000000,5.000000,0.045579,1
1784328875.134953,CONST330,TRACKING,330,28.848788,57.715513,0.015322,0.003239,4.957196,0.000000,0.000000,5.000000,0.045579,1
1784328875.163834,CONST330,TRACKING,330,28.859302,28.869000,0.018311,0.008561,4.950403,0.000000,0.000000,5.000000,0.053557,1
1784328875.192733,CONST330,TRACKING,330,28.781659,28.791802,0.020727,0.012786,4.946692,0.000000,0.000000,5.000000,0.058608,1
1784328875.221575,CONST330,TRACKING,330,28.824698,28.835190,0.023497,0.017095,4.944215,0.000000,0.000000,5.000000,0.062899,1
1784328875.250433,CONST330,TRACKING,330,28.782638,28.791981,0.026089,0.021142,4.941410,0.000000,0.000000,5.000000,0.067531,1
1784328875.279248,CONST330,TRACKING,330,28.872706,28.882295,0.028408,0.024878,4.938670,0.000000,0.000000,5.000000,0.072023,1
1784328875.308151,CONST330,TRACKING,330,28.791820,28.800549,0.029615,0.026779,4.937940,0.000000,0.000000,5.000000,0.073794,1
1784328875.336975,CONST330,TRACKING,330,28.820228,28.828771,0.029968,0.027042,4.939405,0.000000,0.000000,5.000000,0.072808,1
1784328875.365822,CONST330,TRACKING,330,28.814524,57.669507,0.029968,0.027042,4.939405,0.000000,0.000000,5.000000,0.072808,1
1784328875.394669,CONST330,TRACKING,330,28.828821,28.837886,0.030267,0.027212,4.941429,0.000000,0.000000,5.000000,0.071325,1
1784328875.423534,CONST330,TRACKING,330,28.815237,28.839637,0.030548,0.027437,4.943844,0.000000,0.000000,5.000000,0.069566,1
1784328875.452408,CONST330,TRACKING,330,28.807507,28.816991,0.032150,0.026733,4.947958,0.000000,0.000000,5.000000,0.066758,1
1784328875.481248,CONST330,TRACKING,330,28.802425,28.811543,0.033988,0.025777,4.952306,0.000000,0.000000,5.000000,0.063987,1
1784328875.510085,CONST330,TRACKING,330,28.798743,28.810209,0.035583,0.024904,4.957000,0.000000,0.000000,5.000000,0.061117,1
1784328875.538921,CONST330,TRACKING,330,28.807468,28.816946,0.036631,0.023514,4.962873,0.000000,0.000000,5.000000,0.057212,1
1784328875.567794,CONST330,TRACKING,330,28.773659,28.787666,0.035312,0.021206,4.966778,0.000000,0.000000,5.000000,0.052918,1
1784328875.596610,CONST330,TRACKING,330,28.794992,57.623695,0.035312,0.021206,4.966778,0.000000,0.000000,5.000000,0.052918,1
1784328875.625452,CONST330,TRACKING,330,28.837350,28.849366,0.033894,0.019065,4.970869,0.000000,0.000000,5.000000,0.048589,1
1784328875.654327,CONST330,TRACKING,330,28.845609,28.854646,0.032411,0.017068,4.974885,0.000000,0.000000,5.000000,0.044413,1
1784328875.683226,CONST330,TRACKING,330,28.827870,28.845206,0.030620,0.015412,4.978316,0.000000,0.000000,5.000000,0.040562,1
1784328875.712115,CONST330,TRACKING,330,28.800820,28.819490,0.027881,0.014350,4.981524,0.000000,0.000000,5.000000,0.036395,1
1784328875.740954,CONST330,TRACKING,330,28.781524,28.792730,0.024586,0.012954,4.984852,0.000000,0.000000,5.000000,0.031650,1
1784328875.769770,CONST330,TRACKING,330,28.803890,28.814354,0.022046,0.011796,4.987037,0.000000,0.000000,5.000000,0.028164,1
1784328875.798607,CONST330,TRACKING,330,28.797730,57.644247,0.022046,0.011796,4.987037,0.000000,0.000000,5.000000,0.028164,1
1784328875.827446,CONST330,TRACKING,330,28.859928,28.876872,0.018565,0.010851,4.987260,0.000000,0.000000,5.000000,0.024994,1
1784328875.856338,CONST330,TRACKING,330,28.751649,28.760754,0.014220,0.010087,4.986309,0.000000,0.000000,5.000000,0.022168,1
1784328875.885117,CONST330,TRACKING,330,28.801881,28.810682,0.009040,0.009075,4.984812,0.000000,0.000000,5.000000,0.019869,1
1784328875.913953,CONST330,TRACKING,330,28.779248,28.789545,0.006037,0.008446,4.983780,0.000000,0.000000,5.000000,0.019258,1
1784328875.942763,CONST330,TRACKING,330,28.773142,28.781675,0.001003,0.007573,4.983229,0.000000,0.000000,5.000000,0.018429,1
1784328875.971562,CONST330,TRACKING,330,28.804293,28.812776,-0.002848,0.006800,4.983320,0.000000,0.000000,5.000000,0.018236,1
1784328876.000396,CONST330,TRACKING,330,28.818020,28.826852,-0.006548,0.006008,4.983718,0.000000,0.000000,5.000000,0.018549,1
1784328876.029243,CONST330,TRACKING,330,28.805929,57.661037,-0.006548,0.006008,4.983718,0.000000,0.000000,5.000000,0.018549,1
1784328876.058102,CONST330,TRACKING,330,28.758435,28.769207,-0.010122,0.005215,4.983854,0.000000,0.000000,5.000000,0.019757,1
1784328876.086900,CONST330,TRACKING,330,28.809579,28.821333,-0.011810,0.004707,4.984558,0.000000,0.000000,5.000000,0.020002,1
1784328876.115745,CONST330,TRACKING,330,28.821288,28.832476,-0.013482,0.004028,4.985702,0.000000,0.000000,5.000000,0.020061,1
1784328876.144653,CONST330,TRACKING,330,28.840618,28.855130,-0.015470,0.003186,4.986595,0.000000,0.000000,5.000000,0.020716,1
1784328876.173568,CONST330,TRACKING,330,28.838951,28.858724,-0.016913,0.002783,4.986173,0.000000,0.000000,5.000000,0.022023,1
1784328876.202471,CONST330,TRACKING,330,28.768679,28.780611,-0.018269,0.003082,4.984755,0.000000,0.000000,5.000000,0.023993,1
1784328876.231266,CONST330,TRACKING,330,28.771741,57.577599,-0.018269,0.003082,4.984755,0.000000,0.000000,5.000000,0.023993,1
1784328876.260072,CONST330,TRACKING,330,28.829906,28.840980,-0.019569,0.003339,4.983881,0.000000,0.000000,5.000000,0.025572,1
1784328876.288937,CONST330,TRACKING,330,28.825107,28.834497,-0.020764,0.003511,4.983714,0.000000,0.000000,5.000000,0.026622,1
1784328876.317799,CONST330,TRACKING,330,28.998335,29.009621,-0.022687,0.007227,4.983347,0.000000,0.000000,5.000000,0.029056,1
1784328876.346840,CONST330,TRACKING,330,28.982432,28.994771,-0.024333,0.011672,4.982717,0.000000,0.000000,5.000000,0.032047,1
1784328876.375858,CONST330,TRACKING,330,28.942521,28.952541,-0.025788,0.015665,4.982111,0.000000,0.000000,5.000000,0.035078,1
1784328876.404832,CONST330,TRACKING,330,28.964856,28.973905,-0.027163,0.019241,4.981639,0.000000,0.000000,5.000000,0.038016,1
1784328876.433829,CONST330,TRACKING,330,28.970826,57.977268,-0.027163,0.019241,4.981639,0.000000,0.000000,5.000000,0.038016,1
1784328876.462837,CONST330,TRACKING,330,28.990457,29.000570,-0.027650,0.023311,4.982518,0.000000,0.000000,5.000000,0.040169,1
1784328876.491868,CONST330,TRACKING,330,28.998430,29.011237,-0.027812,0.026232,4.983535,0.000000,0.000000,5.000000,0.041626,1
1784328876.520902,CONST330,TRACKING,330,29.014807,29.025750,-0.027982,0.028192,4.984234,0.000000,0.000000,5.000000,0.042736,1
1784328876.549957,CONST330,TRACKING,330,28.950372,28.961671,-0.028009,0.030639,4.985357,0.000000,0.000000,5.000000,0.044019,1
1784328876.578939,CONST330,TRACKING,330,28.947690,28.957504,-0.027023,0.031182,4.985602,0.000000,0.000000,5.000000,0.043702,1
1784328876.607920,CONST330,TRACKING,330,28.932268,28.941989,-0.026168,0.031563,4.985139,0.000000,0.000000,5.000000,0.043610,1
1784328876.636896,CONST330,TRACKING,330,28.943390,28.953773,-0.025381,0.031841,4.984284,0.000000,0.000000,5.000000,0.043647,1
1784328876.665889,CONST330,TRACKING,330,28.937794,57.941318,-0.025381,0.031841,4.984284,0.000000,0.000000,5.000000,0.043647,1
1784328876.694879,CONST330,TRACKING,330,29.017191,29.029550,-0.024768,0.031779,4.983455,0.000000,0.000000,5.000000,0.043556,1
1784328876.723963,CONST330,TRACKING,330,28.968375,28.979622,-0.024714,0.030645,4.982745,0.000000,0.000000,5.000000,0.042984,1
1784328876.752984,CONST330,TRACKING,330,28.960752,28.972055,-0.024531,0.029189,4.982023,0.000000,0.000000,5.000000,0.042154,1
1784328876.781983,CONST330,TRACKING,330,28.822840,28.832987,-0.024358,0.027991,4.981567,0.000000,0.000000,5.000000,0.041432,1
1784328876.810840,CONST330,TRACKING,330,28.832220,28.843150,-0.023184,0.027928,4.981770,0.000000,0.000000,5.000000,0.040618,1
1784328876.839708,CONST330,TRACKING,330,28.851145,28.863462,-0.020588,0.029204,4.981668,0.000000,0.000000,5.000000,0.040159,1
1784328876.868587,CONST330,TRACKING,330,28.836614,28.845025,-0.019173,0.029784,4.981469,0.000000,0.000000,5.000000,0.039977,1
1784328876.897448,CONST330,TRACKING,330,28.803364,57.673514,-0.019173,0.029784,4.981469,0.000000,0.000000,5.000000,0.039977,1
1784328876.926297,CONST330,TRACKING,330,28.781574,28.800485,-0.017447,0.030357,4.981747,0.000000,0.000000,5.000000,0.039486,1
1784328876.955111,CONST330,TRACKING,330,28.845541,28.855753,-0.015849,0.030599,4.981808,0.000000,0.000000,5.000000,0.038967,1
1784328876.983990,CONST330,TRACKING,330,28.807702,28.818792,-0.014752,0.030581,4.981867,0.000000,0.000000,5.000000,0.038492,1
1784328877.012832,CONST330,TRACKING,330,28.823120,28.834208,-0.013757,0.030403,4.982101,0.000000,0.000000,5.000000,0.037868,1
1784328877.041687,CONST330,TRACKING,330,28.805923,28.814577,-0.012850,0.029994,4.983738,0.000000,0.000000,5.000000,0.036458,1
1784328877.070530,CONST330,TRACKING,330,28.830064,28.839469,-0.011123,0.031236,4.987672,0.000000,0.000000,5.000000,0.035375,1
1784328877.099399,CONST330,TRACKING,330,28.827463,57.707175,-0.011123,0.031236,4.987672,0.000000,0.000000,5.000000,0.035375,1
1784328877.128267,CONST330,TRACKING,330,28.851489,28.862511,-0.009535,0.032175,4.991271,0.000000,0.000000,5.000000,0.034675,1
1784328877.157152,CONST330,TRACKING,330,28.797910,28.807112,-0.007710,0.032945,4.996657,0.000000,0.000000,5.000000,0.034000,1
1784328877.185985,CONST330,TRACKING,330,28.823854,28.834544,-0.006999,0.033287,5.000233,0.000000,0.000000,5.000000,0.034016,1
1784328877.214859,CONST330,TRACKING,330,28.813999,28.823808,-0.008210,0.033298,5.002212,0.000000,0.000000,5.000000,0.034366,1
1784328877.243704,CONST330,TRACKING,330,28.881248,28.891181,-0.009399,0.033162,5.003150,0.000000,0.000000,5.000000,0.034612,1
1784328877.272624,CONST330,TRACKING,330,28.766676,28.777407,-0.010543,0.032831,5.003459,0.000000,0.000000,5.000000,0.034655,1
1784328877.301454,CONST330,TRACKING,330,28.753218,28.763254,-0.012892,0.032523,5.004589,0.000000,0.000000,5.000000,0.035284,1
1784328877.330262,CONST330,TRACKING,330,28.859334,57.678099,-0.012892,0.032523,5.004589,0.000000,0.000000,5.000000,0.035284,1
1784328877.359182,CONST330,TRACKING,330,28.852149,28.867422,-0.017127,0.032121,5.006586,0.000000,0.000000,5.000000,0.036993,1
1784328877.388068,CONST330,TRACKING,330,28.841141,28.851090,-0.020251,0.031448,5.007730,0.000000,0.000000,5.000000,0.038195,1
1784328877.416942,CONST330,TRACKING,330,28.797695,28.807783,-0.023110,0.030572,5.009322,0.000000,0.000000,5.000000,0.039442,1
1784328877.445791,CONST330,TRACKING,330,28.835074,28.846152,-0.024818,0.028452,5.011509,0.000000,0.000000,5.000000,0.039471,1
1784328877.474660,CONST330,TRACKING,330,28.796206,28.806009,-0.026046,0.025913,5.013587,0.000000,0.000000,5.000000,0.039172,1
1784328877.503497,CONST330,TRACKING,330,28.823525,28.836364,-0.027106,0.023492,5.015636,0.000000,0.000000,5.000000,0.039129,1
1784328877.532353,CONST330,TRACKING,330,28.780357,57.648656,-0.027106,0.023492,5.015636,0.000000,0.000000,5.000000,0.039129,1
1784328877.561168,CONST330,TRACKING,330,28.844015,28.853913,-0.027941,0.019863,5.017180,0.000000,0.000000,5.000000,0.038346,1
1784328877.590043,CONST330,TRACKING,330,28.791453,28.800439,-0.027814,0.015196,5.017871,0.000000,0.000000,5.000000,0.036386,1
1784328877.618865,CONST330,TRACKING,330,28.832579,28.841872,-0.027587,0.010711,5.017678,0.000000,0.000000,5.000000,0.034471,1
1784328877.647733,CONST330,TRACKING,330,28.816351,28.826971,-0.027235,0.006310,5.017723,0.000000,0.000000,5.000000,0.033101,1
1784328877.676582,CONST330,TRACKING,330,28.830990,28.841400,-0.026804,0.001859,5.017044,0.000000,0.000000,5.000000,0.031818,1
1784328877.705459,CONST330,TRACKING,330,28.824382,28.834593,-0.026301,-0.002990,5.013505,0.000000,0.000000,5.000000,0.029716,1
1784328877.734317,CONST330,TRACKING,330,28.831362,57.699033,-0.026301,-0.002990,5.013505,0.000000,0.000000,5.000000,0.029716,1
1784328877.763184,CONST330,TRACKING,330,28.826724,28.837676,-0.025619,-0.008772,5.007709,0.000000,0.000000,5.000000,0.028155,1
1784328877.792042,CONST330,TRACKING,330,28.772305,28.780595,-0.024941,-0.013259,5.002990,0.000000,0.000000,5.000000,0.028405,1
1784328877.820848,CONST330,TRACKING,330,28.836312,28.845443,-0.024953,-0.017450,4.998078,0.000000,0.000000,5.000000,0.030510,1
1784328877.849727,CONST330,TRACKING,330,28.808414,28.817987,-0.025535,-0.021302,4.993399,0.000000,0.000000,5.000000,0.033903,1
1784328877.878594,CONST330,TRACKING,330,28.882481,28.892068,-0.025899,-0.024901,4.989316,0.000000,0.000000,5.000000,0.037483,1
1784328877.907521,CONST330,TRACKING,330,28.812737,28.823490,-0.026121,-0.028288,4.986199,0.000000,0.000000,5.000000,0.040902,1
1784328877.936378,CONST330,TRACKING,330,28.820149,28.829592,-0.027106,-0.030515,4.982406,0.000000,0.000000,5.000000,0.044446,1
1784328877.965221,CONST330,TRACKING,330,28.744076,57.596595,-0.027106,-0.030515,4.982406,0.000000,0.000000,5.000000,0.044446,1
1784328877.993997,CONST330,TRACKING,330,28.835547,28.846510,-0.027827,-0.031952,4.979617,0.000000,0.000000,5.000000,0.047018,1
1784328878.022872,CONST330,TRACKING,330,28.799896,28.811339,-0.028351,-0.033377,4.977064,0.000000,0.000000,5.000000,0.049435,1
1784328878.051707,CONST330,TRACKING,330,28.879514,28.890194,-0.028675,-0.034795,4.974461,0.000000,0.000000,5.000000,0.051819,1
1784328878.080617,CONST330,TRACKING,330,28.781615,28.791142,-0.029032,-0.035685,4.971928,0.000000,0.000000,5.000000,0.053891,1
1784328878.109433,CONST330,TRACKING,330,28.843043,28.853599,-0.029290,-0.036535,4.969617,0.000000,0.000000,5.000000,0.055820,1
1784328878.138313,CONST330,TRACKING,330,28.814681,28.824309,-0.029562,-0.037572,4.966862,0.000000,0.000000,5.000000,0.058169,1
1784328878.167157,CONST330,TRACKING,330,28.877186,57.730882,-0.029562,-0.037572,4.966862,0.000000,0.000000,5.000000,0.058169,1
1784328878.196072,CONST330,TRACKING,330,28.792705,28.804574,-0.029546,-0.037781,4.965595,0.000000,0.000000,5.000000,0.059026,1
1784328878.224916,CONST330,TRACKING,330,28.776862,28.786757,-0.028865,-0.036467,4.965776,0.000000,0.000000,5.000000,0.057744,1
1784328878.253728,CONST330,TRACKING,330,28.803356,28.812804,-0.028167,-0.035227,4.967000,0.000000,0.000000,5.000000,0.055886,1
1784328878.282573,CONST330,TRACKING,330,28.829220,28.841625,-0.027373,-0.034042,4.968834,0.000000,0.000000,5.000000,0.053661,1
1784328878.311435,CONST330,TRACKING,330,28.834725,28.844780,-0.026865,-0.033031,4.970217,0.000000,0.000000,5.000000,0.051960,1
1784328878.340305,CONST330,TRACKING,330,28.842527,28.852565,-0.026512,-0.031924,4.972258,0.000000,0.000000,5.000000,0.049917,1
1784328878.369180,CONST330,TRACKING,330,28.818670,28.827990,-0.026039,-0.030934,4.973654,0.000000,0.000000,5.000000,0.048261,1
1784328878.398030,CONST330,TRACKING,330,28.749765,57.609292,-0.026039,-0.030934,4.973654,0.000000,0.000000,5.000000,0.048261,1
1784328878.426817,CONST330,TRACKING,330,28.808711,28.820182,-0.025390,-0.029831,4.975573,0.000000,0.000000,5.000000,0.046165,1
1784328878.455723,CONST330,TRACKING,330,28.755576,28.769950,-0.024599,-0.030080,4.977069,0.000000,0.000000,5.000000,0.045119,1
1784328878.484546,CONST330,TRACKING,330,28.778145,28.795791,-0.023700,-0.030608,4.979180,0.000000,0.000000,5.000000,0.043955,1
1784328878.513371,CONST330,TRACKING,330,28.804370,28.814837,-0.022726,-0.030968,4.982344,0.000000,0.000000,5.000000,0.042276,1
1784328878.542209,CONST330,TRACKING,330,28.777720,28.786441,-0.020605,-0.031366,4.985911,0.000000,0.000000,5.000000,0.040087,1
1784328878.571017,CONST330,TRACKING,330,28.810022,28.818721,-0.016298,-0.031988,4.988031,0.000000,0.000000,5.000000,0.037843,1
1784328878.599852,CONST330,TRACKING,330,28.830457,57.673947,-0.016298,-0.031988,4.988031,0.000000,0.000000,5.000000,0.037843,1
1784328878.628714,CONST330,TRACKING,330,28.890401,28.899862,-0.012185,-0.032455,4.990287,0.000000,0.000000,5.000000,0.036002,1
1784328878.657643,CONST330,TRACKING,330,28.820128,28.830935,-0.007362,-0.032855,4.994422,0.000000,0.000000,5.000000,0.034129,1
1784328878.686537,CONST330,TRACKING,330,28.832539,28.852710,-0.004571,-0.032648,4.996353,0.000000,0.000000,5.000000,0.033167,1
1784328878.715434,CONST330,TRACKING,330,28.792388,28.808753,-0.000869,-0.031408,4.997672,0.000000,0.000000,5.000000,0.031507,1
1784328878.744267,CONST330,TRACKING,330,28.836560,28.849129,0.003595,-0.029790,4.998564,0.000000,0.000000,5.000000,0.030041,1
1784328878.773148,CONST330,TRACKING,330,28.771368,28.782993,0.007029,-0.028335,4.998545,0.000000,0.000000,5.000000,0.029230,1
1784328878.801960,CONST330,TRACKING,330,28.792648,28.804518,0.011265,-0.026502,4.999199,0.000000,0.000000,5.000000,0.028808,1
1784328878.830779,CONST330,TRACKING,330,28.796571,57.627087,0.011265,-0.026502,4.999199,0.000000,0.000000,5.000000,0.028808,1
1784328878.859611,CONST330,TRACKING,330,28.766925,28.776974,0.016229,-0.024354,5.000004,0.000000,0.000000,5.000000,0.029266,1
1784328878.888408,CONST330,TRACKING,330,28.757427,28.767195,0.020919,-0.022172,5.000568,0.000000,0.000000,5.000000,0.030489,1
1784328878.917197,CONST330,TRACKING,330,28.845047,28.854829,0.025290,-0.019945,5.001422,0.000000,0.000000,5.000000,0.032240,1
1784328878.946084,CONST330,TRACKING,330,28.860798,28.871201,0.029175,-0.020628,4.998220,0.000000,0.000000,5.000000,0.035775,1
1784328878.974976,CONST330,TRACKING,330,28.766851,28.776478,0.031882,-0.021441,4.994560,0.000000,0.000000,5.000000,0.038804,1
1784328879.003772,CONST330,TRACKING,330,28.795914,28.804611,0.034396,-0.021874,4.991480,0.000000,0.000000,5.000000,0.041643,1
1784328879.032632,CONST330,TRACKING,330,28.813956,57.682822,0.034396,-0.021874,4.991480,0.000000,0.000000,5.000000,0.041643,1
1784328879.061519,CONST330,TRACKING,330,28.782401,28.799074,0.036740,-0.022019,4.989711,0.000000,0.000000,5.000000,0.044051,1
1784328879.090357,CONST330,TRACKING,330,28.862288,28.874844,0.038747,-0.021016,4.987013,0.000000,0.000000,5.000000,0.045952,1
1784328879.119262,CONST330,TRACKING,330,28.830571,28.842030,0.040722,-0.019891,4.983742,0.000000,0.000000,5.000000,0.048149,1
1784328879.148125,CONST330,TRACKING,330,28.828448,28.838151,0.043101,-0.018388,4.978733,0.000000,0.000000,5.000000,0.051460,1
1784328879.176987,CONST330,TRACKING,330,28.825538,28.835573,0.044865,-0.017797,4.975432,0.000000,0.000000,5.000000,0.054159,1
1784328879.205865,CONST330,TRACKING,330,28.920800,28.931898,0.046474,-0.019062,4.972656,0.000000,0.000000,5.000000,0.057191,1
1784328879.234814,CONST330,TRACKING,330,28.854399,57.814694,0.046474,-0.019062,4.972656,0.000000,0.000000,5.000000,0.057191,1
1784328879.263707,CONST330,TRACKING,330,28.819921,28.830130,0.047998,-0.020086,4.969540,0.000000,0.000000,5.000000,0.060292,1
1784328879.292557,CONST330,TRACKING,330,28.833441,28.842795,0.049357,-0.020907,4.966341,0.000000,0.000000,5.000000,0.063294,1
1784328879.321425,CONST330,TRACKING,330,28.801489,28.813151,0.051042,-0.023424,4.965118,0.000000,0.000000,5.000000,0.066111,1
1784328879.350261,CONST330,TRACKING,330,28.807759,28.818206,0.053507,-0.028347,4.965531,0.000000,0.000000,5.000000,0.069675,1
1784328879.379106,CONST330,TRACKING,330,28.811845,28.826851,0.055307,-0.031729,4.966218,0.000000,0.000000,5.000000,0.072158,1
1784328879.407950,CONST330,TRACKING,330,28.789690,28.799213,0.056922,-0.034686,4.966962,0.000000,0.000000,5.000000,0.074396,1
1784328879.436781,CONST330,TRACKING,330,28.769118,28.778933,0.057891,-0.037077,4.966542,0.000000,0.000000,5.000000,0.076456,1
1784328879.465580,CONST330,TRACKING,330,28.846843,57.655277,0.057891,-0.037077,4.966542,0.000000,0.000000,5.000000,0.076456,1
1784328879.494462,CONST330,TRACKING,330,28.756801,28.768508,0.058541,-0.039125,4.965776,0.000000,0.000000,5.000000,0.078289,1
1784328879.523262,CONST330,TRACKING,330,28.759490,28.770713,0.059009,-0.040888,4.964824,0.000000,0.000000,5.000000,0.079945,1
1784328879.552055,CONST330,TRACKING,330,28.790251,28.800490,0.059288,-0.042751,4.963747,0.000000,0.000000,5.000000,0.081590,1
1784328879.580876,CONST330,TRACKING,330,28.818656,28.827237,0.059020,-0.043599,4.961585,0.000000,0.000000,5.000000,0.082825,1
1784328879.609766,CONST330,TRACKING,330,28.807648,28.819018,0.058397,-0.044299,4.959357,0.000000,0.000000,5.000000,0.083812,1
1784328879.638648,CONST330,TRACKING,330,28.824716,28.837160,0.057489,-0.044746,4.958195,0.000000,0.000000,5.000000,0.083994,1
1784328879.667515,CONST330,TRACKING,330,28.754238,57.634315,0.057489,-0.044746,4.958195,0.000000,0.000000,5.000000,0.083994,1
1784328879.696326,CONST330,TRACKING,330,28.871906,28.883764,0.056862,-0.045508,4.958201,0.000000,0.000000,5.000000,0.083973,1
1784328879.725240,CONST330,TRACKING,330,28.825183,28.834740,0.057483,-0.047576,4.958995,0.000000,0.000000,5.000000,0.085142,1
1784328879.754096,CONST330,TRACKING,330,28.809908,28.818833,0.057714,-0.049762,4.960814,0.000000,0.000000,5.000000,0.085690,1
1784328879.782941,CONST330,TRACKING,330,28.870718,28.885373,0.057506,-0.051202,4.962627,0.000000,0.000000,5.000000,0.085588,1
1784328879.811847,CONST330,TRACKING,330,28.797928,28.808760,0.056263,-0.052122,4.963902,0.000000,0.000000,5.000000,0.084766,1
1784328879.840675,CONST330,TRACKING,330,28.774132,28.782914,0.054058,-0.052568,4.964994,0.000000,0.000000,5.000000,0.083133,1
1784328879.869479,CONST330,TRACKING,330,28.804770,28.813499,0.051696,-0.052714,4.965853,0.000000,0.000000,5.000000,0.081347,1
1784328879.898329,CONST330,TRACKING,330,28.848173,57.707452,0.051696,-0.052714,4.965853,0.000000,0.000000,5.000000,0.081347,1
1784328879.927218,CONST330,TRACKING,330,28.862217,28.873472,0.049247,-0.052521,4.966736,0.000000,0.000000,5.000000,0.079311,1
1784328879.956113,CONST330,TRACKING,330,28.807393,28.816164,0.046438,-0.053846,4.965556,0.000000,0.000000,5.000000,0.079008,1
1784328879.984950,CONST330,TRACKING,330,28.766394,28.775376,0.044027,-0.054782,4.965410,0.000000,0.000000,5.000000,0.078332,1
1784328880.013749,CONST330,TRACKING,330,28.782959,28.792787,0.041363,-0.055342,4.965734,0.000000,0.000000,5.000000,0.077122,1
1784328880.042571,CONST330,TRACKING,330,28.759884,28.768977,0.038421,-0.055532,4.965858,0.000000,0.000000,5.000000,0.075668,1
1784328880.071364,CONST330,TRACKING,330,28.819854,28.828860,0.033130,-0.054300,4.965575,0.000000,0.000000,5.000000,0.072327,1
1784328880.100218,CONST330,TRACKING,330,28.756306,28.765814,0.027822,-0.052764,4.966241,0.000000,0.000000,5.000000,0.068540,1
1784328880.129000,CONST330,TRACKING,330,28.829376,57.620166,0.027822,-0.052764,4.966241,0.000000,0.000000,5.000000,0.068540,1
1784328880.157862,CONST330,TRACKING,330,28.817525,28.826214,0.021201,-0.050492,4.966984,0.000000,0.000000,5.000000,0.063945,1
1784328880.186755,CONST330,TRACKING,330,28.829897,28.845327,0.016041,-0.048281,4.968288,0.000000,0.000000,5.000000,0.059950,1
1784328880.215682,CONST330,TRACKING,330,28.799047,28.816550,0.011275,-0.045388,4.971235,0.000000,0.000000,5.000000,0.054905,1
1784328880.244520,CONST330,TRACKING,330,28.812775,28.823612,0.006609,-0.042349,4.974456,0.000000,0.000000,5.000000,0.049896,1
1784328880.273372,CONST330,TRACKING,330,28.843220,28.853173,0.002066,-0.039227,4.977567,0.000000,0.000000,5.000000,0.045236,1
1784328880.302251,CONST330,TRACKING,330,28.834271,28.845312,-0.003665,-0.033956,4.980750,0.000000,0.000000,5.000000,0.039204,1
1784328880.331116,CONST330,TRACKING,330,28.851484,57.727967,-0.003665,-0.033956,4.980750,0.000000,0.000000,5.000000,0.039204,1
1784328880.360003,CONST330,TRACKING,330,28.827671,28.837287,-0.008223,-0.029184,4.982415,0.000000,0.000000,5.000000,0.035051,1
1784328880.388865,CONST330,TRACKING,330,28.838693,28.849638,-0.012611,-0.024562,4.984004,0.000000,0.000000,5.000000,0.031910,1
1784328880.417737,CONST330,TRACKING,330,28.916883,28.926733,-0.016856,-0.019991,4.985785,0.000000,0.000000,5.000000,0.029763,1
1784328880.446769,CONST330,TRACKING,330,28.891024,28.914855,-0.020417,-0.014934,4.982957,0.000000,0.000000,5.000000,0.030501,1
1784328880.475708,CONST330,TRACKING,330,28.851301,28.864579,-0.023675,-0.009833,4.978734,0.000000,0.000000,5.000000,0.033308,1
1784328880.504594,CONST330,TRACKING,330,28.804581,28.814675,-0.026827,-0.004860,4.975787,0.000000,0.000000,5.000000,0.036463,1
1784328880.533430,CONST330,TRACKING,330,28.785246,57.631121,-0.026827,-0.004860,4.975787,0.000000,0.000000,5.000000,0.036463,1
1784328880.562252,CONST330,TRACKING,330,28.823866,28.833435,-0.030226,0.001147,4.972500,0.000000,0.000000,5.000000,0.040880,1
1784328880.591113,CONST330,TRACKING,330,28.800609,28.812703,-0.031550,0.005678,4.968695,0.000000,0.000000,5.000000,0.044807,1
1784328880.619955,CONST330,TRACKING,330,28.814000,28.824913,-0.032871,0.010368,4.965686,0.000000,0.000000,5.000000,0.048636,1
1784328880.648803,CONST330,TRACKING,330,28.798826,28.808003,-0.034143,0.015126,4.962687,0.000000,0.000000,5.000000,0.052790,1
1784328880.677631,CONST330,TRACKING,330,28.783841,28.793382,-0.035736,0.020092,4.958755,0.000000,0.000000,5.000000,0.058154,1
1784328880.706469,CONST330,TRACKING,330,28.959242,28.970794,-0.038330,0.025541,4.954163,0.000000,0.000000,5.000000,0.064982,1
1784328880.735476,CONST330,TRACKING,330,28.849064,57.867287,-0.038330,0.025541,4.954163,0.000000,0.000000,5.000000,0.064982,1
1784328880.764403,CONST330,TRACKING,330,28.837674,28.849414,-0.041165,0.032035,4.948806,0.000000,0.000000,5.000000,0.073086,1
1784328880.793304,CONST330,TRACKING,330,28.879269,28.893707,-0.043112,0.037099,4.944333,0.000000,0.000000,5.000000,0.079585,1
1784328880.822245,CONST330,TRACKING,330,28.844002,28.855810,-0.043960,0.042128,4.939660,0.000000,0.000000,5.000000,0.085722,1
1784328880.851126,CONST330,TRACKING,330,28.885957,28.896590,-0.043842,0.047092,4.935657,0.000000,0.000000,5.000000,0.090994,1
1784328880.880044,CONST330,TRACKING,330,28.809201,28.818957,-0.043687,0.051778,4.932890,0.000000,0.000000,5.000000,0.095359,1
1784328880.908885,CONST330,TRACKING,330,28.789305,28.798238,-0.043447,0.056233,4.931540,0.000000,0.000000,5.000000,0.098674,1
1784328880.937705,CONST330,TRACKING,330,28.826906,28.836058,-0.042023,0.060903,4.929382,0.000000,0.000000,5.000000,0.102284,1
1784328880.966561,CONST330,TRACKING,330,28.829892,57.695394,-0.042023,0.060903,4.929382,0.000000,0.000000,5.000000,0.102284,1
1784328880.995424,CONST330,TRACKING,330,28.827181,28.836587,-0.040606,0.064280,4.927083,0.000000,0.000000,5.000000,0.105345,1
1784328881.024283,CONST330,TRACKING,330,28.812202,28.821888,-0.039043,0.067384,4.925906,0.000000,0.000000,5.000000,0.107494,1
1784328881.053131,CONST330,TRACKING,330,28.788470,28.798715,-0.037371,0.070129,4.925738,0.000000,0.000000,5.000000,0.108763,1
1784328881.081951,CONST330,TRACKING,330,28.795046,28.804224,-0.033018,0.073009,4.923590,0.000000,0.000000,5.000000,0.110720,1
1784328881.110782,CONST330,TRACKING,330,28.782210,28.793599,-0.028809,0.075458,4.921734,0.000000,0.000000,5.000000,0.112470,1
1784328881.139596,CONST330,TRACKING,330,28.828778,28.838645,-0.023693,0.077744,4.920128,0.000000,0.000000,5.000000,0.113952,1
1784328881.168458,CONST330,TRACKING,330,28.801558,28.811602,-0.019440,0.079137,4.919323,0.000000,0.000000,5.000000,0.114671,1
1784328881.197289,CONST330,TRACKING,330,28.815223,57.655824,-0.019440,0.079137,4.919323,0.000000,0.000000,5.000000,0.114671,1
1784328881.226162,CONST330,TRACKING,330,28.823399,28.834093,-0.014462,0.080243,4.919399,0.000000,0.000000,5.000000,0.114650,1
1784328881.255021,CONST330,TRACKING,330,28.802249,28.811317,-0.009605,0.080872,4.921603,0.000000,0.000000,5.000000,0.113043,1
1784328881.283861,CONST330,TRACKING,330,28.807346,28.820248,-0.004900,0.081013,4.925056,0.000000,0.000000,5.000000,0.110471,1
1784328881.312699,CONST330,TRACKING,330,28.782736,28.792069,-0.000127,0.079708,4.928985,0.000000,0.000000,5.000000,0.106755,1
1784328881.341550,CONST330,TRACKING,330,28.852483,28.863450,0.005863,0.076536,4.934724,0.000000,0.000000,5.000000,0.100763,1
1784328881.370460,CONST330,TRACKING,330,28.825093,28.837462,0.010415,0.073756,4.940305,0.000000,0.000000,5.000000,0.095457,1
1784328881.399331,CONST330,TRACKING,330,28.832615,57.716022,0.010415,0.073756,4.940305,0.000000,0.000000,5.000000,0.095457,1
1784328881.428205,CONST330,TRACKING,330,28.768242,28.778329,0.014765,0.070783,4.945351,0.000000,0.000000,5.000000,0.090635,1
1784328881.457012,CONST330,TRACKING,330,28.833136,28.842613,0.017831,0.066014,4.949218,0.000000,0.000000,5.000000,0.085174,1
1784328881.485874,CONST330,TRACKING,330,28.876413,28.884981,0.020453,0.060622,4.952887,0.000000,0.000000,5.000000,0.079454,1
1784328881.514786,CONST330,TRACKING,330,28.836668,28.847321,0.022995,0.055156,4.957194,0.000000,0.000000,5.000000,0.073507,1
1784328881.543658,CONST330,TRACKING,330,28.806708,28.817626,0.025202,0.048239,4.962570,0.000000,0.000000,5.000000,0.066054,1
1784328881.572497,CONST330,TRACKING,330,28.831909,28.841765,0.024471,0.042501,4.966558,0.000000,0.000000,5.000000,0.059359,1
1784328881.601361,CONST330,TRACKING,330,28.824195,28.834457,0.023870,0.036805,4.970701,0.000000,0.000000,5.000000,0.052753,1
1784328881.630218,CONST330,TRACKING,330,28.823205,57.690328,0.023870,0.036805,4.970701,0.000000,0.000000,5.000000,0.052753,1
1784328881.659082,CONST330,TRACKING,330,28.824667,28.836752,0.023409,0.031101,4.975262,0.000000,0.000000,5.000000,0.046122,1
1784328881.687953,CONST330,TRACKING,330,28.790623,28.804348,0.022886,0.025645,4.981075,0.000000,0.000000,5.000000,0.039237,1
1784328881.716788,CONST330,TRACKING,330,28.791827,28.801720,0.022036,0.020805,4.988535,0.000000,0.000000,5.000000,0.032402,1
1784328881.745610,CONST330,TRACKING,330,28.845160,28.854566,0.021079,0.014889,4.996467,0.000000,0.000000,5.000000,0.026048,1
1784328881.774500,CONST330,TRACKING,330,28.815441,28.825219,0.020399,0.010363,5.001619,0.000000,0.000000,5.000000,0.022938,1
1784328881.803349,CONST330,TRACKING,330,28.789753,28.800277,0.020257,0.006564,5.005807,0.000000,0.000000,5.000000,0.022072,1
1784328881.832165,CONST330,TRACKING,330,28.842187,57.667819,0.020257,0.006564,5.005807,0.000000,0.000000,5.000000,0.022072,1
1784328881.861046,CONST330,TRACKING,330,28.781341,28.791870,0.020569,0.003235,5.008594,0.000000,0.000000,5.000000,0.022526,1
1784328881.889862,CONST330,TRACKING,330,28.865495,28.875264,0.020843,-0.001011,5.010987,0.000000,0.000000,5.000000,0.023583,1
1784328881.918797,CONST330,TRACKING,330,28.863263,28.874439,0.020915,-0.003577,5.012166,0.000000,0.000000,5.000000,0.024458,1
1784328881.947720,CONST330,TRACKING,330,28.778651,28.790878,0.021042,-0.009104,5.011213,0.000000,0.000000,5.000000,0.025522,1
1784328881.976538,CONST330,TRACKING,330,28.864070,28.873452,0.020976,-0.013579,5.009554,0.000000,0.000000,5.000000,0.026751,1
1784328882.005430,CONST330,TRACKING,330,28.827550,28.836549,0.020796,-0.017823,5.007922,0.000000,0.000000,5.000000,0.028511,1
1784328882.034286,CONST330,TRACKING,330,28.805461,57.669975,0.020796,-0.017823,5.007922,0.000000,0.000000,5.000000,0.028511,1
1784328882.063128,CONST330,TRACKING,330,28.845369,28.856677,0.020635,-0.021758,5.006653,0.000000,0.000000,5.000000,0.030716,1
1784328882.092004,CONST330,TRACKING,330,28.846967,28.856529,0.019505,-0.025729,5.004961,0.000000,0.000000,5.000000,0.032666,1
1784328882.120890,CONST330,TRACKING,330,28.847502,28.858774,0.018508,-0.029441,5.002940,0.000000,0.000000,5.000000,0.034899,1
1784328882.149773,CONST330,TRACKING,330,28.772946,28.784746,0.017423,-0.033710,4.999161,0.000000,0.000000,5.000000,0.037955,1
1784328882.178576,CONST330,TRACKING,330,28.851715,28.861334,0.016427,-0.037088,4.996679,0.000000,0.000000,5.000000,0.040699,1
1784328882.207475,CONST330,TRACKING,330,28.800791,28.811618,0.014969,-0.041071,4.994308,0.000000,0.000000,5.000000,0.044083,1
1784328882.236306,CONST330,TRACKING,330,28.833536,28.842135,0.013287,-0.045394,4.991097,0.000000,0.000000,5.000000,0.048129,1
1784328882.265178,CONST330,TRACKING,330,28.886530,57.767122,0.013287,-0.045394,4.991097,0.000000,0.000000,5.000000,0.048129,1
1784328882.294110,CONST330,TRACKING,330,28.787606,28.800904,0.012314,-0.047606,4.989455,0.000000,0.000000,5.000000,0.050291,1
1784328882.322929,CONST330,TRACKING,330,28.824575,28.834483,0.011410,-0.051103,4.986815,0.000000,0.000000,5.000000,0.053996,1
1784328882.351789,CONST330,TRACKING,330,28.795372,28.806106,0.010628,-0.055985,4.984036,0.000000,0.000000,5.000000,0.059179,1
1784328882.380618,CONST330,TRACKING,330,28.811695,28.821568,0.009785,-0.059345,4.983136,0.000000,0.000000,5.000000,0.062466,1
1784328882.409466,CONST330,TRACKING,330,28.761183,28.771611,0.008695,-0.062364,4.982317,0.000000,0.000000,5.000000,0.065403,1
1784328882.438267,CONST330,TRACKING,330,28.872534,28.882466,0.008284,-0.065858,4.981437,0.000000,0.000000,5.000000,0.068924,1
1784328882.467169,CONST330,TRACKING,330,28.862381,57.773864,0.008284,-0.065858,4.981437,0.000000,0.000000,5.000000,0.068924,1
1784328882.496104,CONST330,TRACKING,330,28.806935,28.820701,0.008025,-0.069133,4.980616,0.000000,0.000000,5.000000,0.072247,1
1784328882.524996,CONST330,TRACKING,330,28.809444,28.828778,0.007662,-0.071863,4.979918,0.000000,0.000000,5.000000,0.075009,1
1784328882.553842,CONST330,TRACKING,330,28.858995,28.869715,0.007269,-0.074562,4.979818,0.000000,0.000000,5.000000,0.077586,1
1784328882.582733,CONST330,TRACKING,330,28.833264,28.843639,0.007433,-0.076110,4.979384,0.000000,0.000000,5.000000,0.079203,1
1784328882.611598,CONST330,TRACKING,330,28.853851,28.863161,0.007440,-0.077156,4.978553,0.000000,0.000000,5.000000,0.080426,1
1784328882.640493,CONST330,TRACKING,330,28.782703,28.792139,0.007331,-0.077715,4.977899,0.000000,0.000000,5.000000,0.081129,1
1784328882.669311,CONST330,TRACKING,330,28.870995,28.880200,0.007162,-0.077250,4.979345,0.000000,0.000000,5.000000,0.080284,1
1784328882.698243,CONST330,TRACKING,330,28.842271,57.783138,0.007162,-0.077250,4.979345,0.000000,0.000000,5.000000,0.080284,1
1784328882.727124,CONST330,TRACKING,330,28.808719,28.820780,0.006992,-0.074947,4.983571,0.000000,0.000000,5.000000,0.077045,1
1784328882.755974,CONST330,TRACKING,330,28.779294,28.790472,0.006773,-0.071871,4.987545,0.000000,0.000000,5.000000,0.073256,1
1784328882.784787,CONST330,TRACKING,330,28.813104,28.822840,0.006615,-0.069238,4.989504,0.000000,0.000000,5.000000,0.070341,1
1784328882.813640,CONST330,TRACKING,330,28.829476,28.840614,0.006565,-0.065533,4.992393,0.000000,0.000000,5.000000,0.066299,1
1784328882.842499,CONST330,TRACKING,330,28.876246,28.885402,0.006508,-0.060865,4.996863,0.000000,0.000000,5.000000,0.061293,1
1784328882.871405,CONST330,TRACKING,330,28.833651,28.842842,0.006270,-0.056212,5.001286,0.000000,0.000000,5.000000,0.056575,1
1784328882.900267,CONST330,TRACKING,330,28.793584,28.801755,0.005906,-0.051553,5.005602,0.000000,0.000000,5.000000,0.052191,1
1784328882.929087,CONST330,TRACKING,330,28.829665,57.657306,0.005906,-0.051553,5.005602,0.000000,0.000000,5.000000,0.052191,1
1784328882.957946,CONST330,TRACKING,330,28.811786,28.821102,0.004933,-0.044219,5.011821,0.000000,0.000000,5.000000,0.046037,1
1784328882.986791,CONST330,TRACKING,330,28.811892,28.822059,0.004176,-0.038221,5.016812,0.000000,0.000000,5.000000,0.041963,1
1784328883.015641,CONST330,TRACKING,330,28.811162,28.823342,0.003526,-0.032348,5.021025,0.000000,0.000000,5.000000,0.038741,1
1784328883.044491,CONST330,TRACKING,330,28.799226,28.810823,0.002947,-0.026517,5.024454,0.000000,0.000000,5.000000,0.036192,1
1784328883.073358,CONST330,TRACKING,330,28.810753,28.821347,0.003282,-0.021715,5.027591,0.000000,0.000000,5.000000,0.035264,1
1784328883.102238,CONST330,TRACKING,330,28.819826,28.834762,0.003697,-0.016858,5.030483,0.000000,0.000000,5.000000,0.035030,1
1784328883.131096,CONST330,TRACKING,330,28.828639,57.701812,0.003697,-0.016858,5.030483,0.000000,0.000000,5.000000,0.035030,1
1784328883.159961,CONST330,TRACKING,330,28.854296,28.864665,0.004154,-0.010723,5.032233,0.000000,0.000000,5.000000,0.034223,1
1784328883.188845,CONST330,TRACKING,330,28.846068,28.855812,0.004831,-0.005620,5.032373,0.000000,0.000000,5.000000,0.033210,1
1784328883.217759,CONST330,TRACKING,330,28.862035,28.875405,0.006528,0.000174,5.030307,0.000000,0.000000,5.000000,0.031003,1
1784328883.246664,CONST330,TRACKING,330,28.892451,28.905072,0.008012,0.005755,5.027758,0.000000,0.000000,5.000000,0.029459,1
1784328883.275594,CONST330,TRACKING,330,28.915916,28.927612,0.009283,0.011154,5.024807,0.000000,0.000000,5.000000,0.028740,1
1784328883.304541,CONST330,TRACKING,330,28.889602,28.899266,0.011194,0.016341,5.022057,0.000000,0.000000,5.000000,0.029645,1
1784328883.333456,CONST330,TRACKING,330,28.932851,57.857010,0.011194,0.016341,5.022057,0.000000,0.000000,5.000000,0.029645,1
1784328883.362424,CONST330,TRACKING,330,28.991157,29.002285,0.014248,0.022538,5.019046,0.000000,0.000000,5.000000,0.032768,1
1784328883.391446,CONST330,TRACKING,330,28.937940,28.948104,0.016351,0.027302,5.015865,0.000000,0.000000,5.000000,0.035559,1
1784328883.420421,CONST330,TRACKING,330,29.048844,29.060146,0.018275,0.031901,5.012271,0.000000,0.000000,5.000000,0.038759,1
1784328883.449514,CONST330,TRACKING,330,28.921642,28.933530,0.020479,0.036188,5.008004,0.000000,0.000000,5.000000,0.042344,1
1784328883.478469,CONST330,TRACKING,330,28.981651,28.992826,0.022642,0.040280,5.003209,0.000000,0.000000,5.000000,0.046318,1
1784328883.507496,CONST330,TRACKING,330,28.958913,28.972719,0.024600,0.044242,4.998002,0.000000,0.000000,5.000000,0.050661,1
1784328883.536491,CONST330,TRACKING,330,28.906151,28.915996,0.026630,0.048845,4.992478,0.000000,0.000000,5.000000,0.056139,1
1784328883.565426,CONST330,TRACKING,330,28.962358,57.907117,0.026630,0.048845,4.992478,0.000000,0.000000,5.000000,0.056139,1
1784328883.594424,CONST330,TRACKING,330,28.952641,28.962792,0.027604,0.051944,4.989207,0.000000,0.000000,5.000000,0.059805,1
1784328883.623411,CONST330,TRACKING,330,28.993345,29.004360,0.028463,0.054828,4.987142,0.000000,0.000000,5.000000,0.063100,1
1784328883.652489,CONST330,TRACKING,330,28.840820,28.852599,0.029534,0.058113,4.986413,0.000000,0.000000,5.000000,0.066588,1
1784328883.681391,CONST330,TRACKING,330,28.856362,28.871453,0.030024,0.060086,4.985859,0.000000,0.000000,5.000000,0.068642,1
1784328883.710308,CONST330,TRACKING,330,28.798713,28.809665,0.030273,0.062774,4.984005,0.000000,0.000000,5.000000,0.071504,1
1784328883.739138,CONST330,TRACKING,330,28.846187,28.854879,0.030526,0.065553,4.980965,0.000000,0.000000,5.000000,0.074775,1
1784328883.768016,CONST330,TRACKING,330,28.808863,28.817096,0.030682,0.067309,4.979032,0.000000,0.000000,5.000000,0.076886,1
1784328883.796851,CONST330,TRACKING,330,28.846228,57.689594,0.030682,0.067309,4.979032,0.000000,0.000000,5.000000,0.076886,1
1784328883.825730,CONST330,TRACKING,330,28.838681,28.848741,0.031146,0.067595,4.975361,0.000000,0.000000,5.000000,0.078398,1
1784328883.854622,CONST330,TRACKING,330,28.801363,28.814122,0.031929,0.066272,4.968915,0.000000,0.000000,5.000000,0.079861,1
1784328883.883460,CONST330,TRACKING,330,28.867601,28.879391,0.032233,0.065267,4.966350,0.000000,0.000000,5.000000,0.080194,1
1784328883.912360,CONST330,TRACKING,330,28.850544,28.860651,0.032434,0.063684,4.964166,0.000000,0.000000,5.000000,0.079948,1
1784328883.941244,CONST330,TRACKING,330,28.831947,28.841300,0.032723,0.062121,4.961912,0.000000,0.000000,5.000000,0.079878,1
1784328883.970104,CONST330,TRACKING,330,28.724059,28.732771,0.032753,0.060746,4.961004,0.000000,0.000000,5.000000,0.079269,1
1784328883.998852,CONST330,TRACKING,330,28.817236,57.574021,0.032753,0.060746,4.961004,0.000000,0.000000,5.000000,0.079269,1
1784328884.027702,CONST330,TRACKING,330,28.826318,28.836941,0.032565,0.059197,4.959645,0.000000,0.000000,5.000000,0.078697,1
1784328884.056563,CONST330,TRACKING,330,28.774226,28.784624,0.032219,0.057449,4.958403,0.000000,0.000000,5.000000,0.077902,1
1784328884.085369,CONST330,TRACKING,330,28.811125,28.821620,0.031211,0.056412,4.957321,0.000000,0.000000,5.000000,0.077317,1
1784328884.114208,CONST330,TRACKING,330,28.782297,28.790940,0.030133,0.055059,4.956701,0.000000,0.000000,5.000000,0.076251,1
1784328884.143022,CONST330,TRACKING,330,28.862449,28.873038,0.028587,0.053008,4.956813,0.000000,0.000000,5.000000,0.074109,1
1784328884.171916,CONST330,TRACKING,330,28.832362,28.841814,0.027400,0.050724,4.957392,0.000000,0.000000,5.000000,0.071688,1
1784328884.200797,CONST330,TRACKING,330,28.790125,28.799466,0.026682,0.047175,4.958570,0.000000,0.000000,5.000000,0.068220,1
1784328884.229644,CONST330,TRACKING,330,28.795749,57.652864,0.026682,0.047175,4.958570,0.000000,0.000000,5.000000,0.068220,1
1784328884.258502,CONST330,TRACKING,330,28.868184,28.880815,0.025886,0.043778,4.960189,0.000000,0.000000,5.000000,0.064587,1
1784328884.287411,CONST330,TRACKING,330,28.899015,28.910706,0.025082,0.040506,4.961114,0.000000,0.000000,5.000000,0.061498,1
1784328884.316355,CONST330,TRACKING,330,28.894910,28.906817,0.024209,0.037142,4.960420,0.000000,0.000000,5.000000,0.059433,1
1784328884.345297,CONST330,TRACKING,330,28.924474,28.938269,0.023011,0.032767,4.959372,0.000000,0.000000,5.000000,0.057042,1
1784328884.374259,CONST330,TRACKING,330,28.940217,28.950246,0.022067,0.029136,4.958797,0.000000,0.000000,5.000000,0.055077,1
1784328884.403232,CONST330,TRACKING,330,28.954974,28.965946,0.021122,0.025393,4.958442,0.000000,0.000000,5.000000,0.053085,1
1784328884.432225,CONST330,TRACKING,330,28.989779,57.993494,0.021122,0.025393,4.958442,0.000000,0.000000,5.000000,0.053085,1
1784328884.461258,CONST330,TRACKING,330,28.957402,28.968823,0.019158,0.021046,4.956828,0.000000,0.000000,5.000000,0.051709,1
1784328884.490246,CONST330,TRACKING,330,28.935652,28.944062,0.016900,0.016483,4.955170,0.000000,0.000000,5.000000,0.050666,1
1784328884.519217,CONST330,TRACKING,330,28.999162,29.009659,0.014636,0.011954,4.953801,0.000000,0.000000,5.000000,0.049914,1
1784328884.548253,CONST330,TRACKING,330,28.996956,29.007945,0.012179,0.006493,4.951956,0.000000,0.000000,5.000000,0.049987,1
1784328884.577281,CONST330,TRACKING,330,28.949156,28.958535,0.011591,0.002839,4.948775,0.000000,0.000000,5.000000,0.052597,1
1784328884.606277,CONST330,TRACKING,330,28.922036,28.934863,0.010805,-0.000862,4.946672,0.000000,0.000000,5.000000,0.054419,1
1784328884.635232,CONST330,TRACKING,330,28.936401,57.904226,0.010805,-0.000862,4.946672,0.000000,0.000000,5.000000,0.054419,1
1784328884.664227,CONST330,TRACKING,330,29.004537,29.020080,0.009613,-0.005578,4.944187,0.000000,0.000000,5.000000,0.056909,1
1784328884.693287,CONST330,TRACKING,330,28.918723,28.931816,0.009124,-0.009093,4.942477,0.000000,0.000000,5.000000,0.058947,1
1784328884.722243,CONST330,TRACKING,330,29.013109,29.024451,0.009158,-0.015463,4.939552,0.000000,0.000000,5.000000,0.063063,1
1784328884.751302,CONST330,TRACKING,330,28.951611,28.966470,0.009095,-0.022953,4.936178,0.000000,0.000000,5.000000,0.068431,1
1784328884.780291,CONST330,TRACKING,330,28.915327,28.926443,0.009081,-0.028536,4.934677,0.000000,0.000000,5.000000,0.071860,1
1784328884.809279,CONST330,TRACKING,330,29.023242,29.035211,0.009216,-0.035214,4.934466,0.000000,0.000000,5.000000,0.074964,1
1784328884.838372,CONST330,TRACKING,330,29.015445,29.030765,0.009461,-0.042804,4.934851,0.000000,0.000000,5.000000,0.078524,1
1784328884.867428,CONST330,TRACKING,330,28.932527,58.003922,0.009461,-0.042804,4.934851,0.000000,0.000000,5.000000,0.078524,1
1784328884.896396,CONST330,TRACKING,330,28.963976,28.973940,0.009657,-0.049867,4.935215,0.000000,0.000000,5.000000,0.082323,1
1784328884.925390,CONST330,TRACKING,330,29.060891,29.070839,0.009779,-0.056392,4.935864,0.000000,0.000000,5.000000,0.085959,1
1784328884.954482,CONST330,TRACKING,330,28.967071,28.975898,0.010799,-0.066062,4.938679,0.000000,0.000000,5.000000,0.090780,1
1784328884.983479,CONST330,TRACKING,330,29.038230,29.048411,0.011669,-0.073503,4.941748,0.000000,0.000000,5.000000,0.094510,1
1784328885.012551,CONST330,TRACKING,330,28.935071,28.945618,0.012448,-0.080278,4.945218,0.000000,0.000000,5.000000,0.097983,1
1784328885.041519,CONST330,TRACKING,330,28.938087,28.947384,0.013133,-0.086458,4.947704,0.000000,0.000000,5.000000,0.101893,1
1784328885.070487,CONST330,TRACKING,330,28.976227,28.984743,0.013546,-0.094004,4.951573,0.000000,0.000000,5.000000,0.106609,1
1784328885.099488,CONST330,TRACKING,330,28.941466,57.951299,0.013546,-0.094004,4.951573,0.000000,0.000000,5.000000,0.106609,1
1784328885.128461,CONST330,TRACKING,330,28.917340,28.926312,0.013853,-0.100806,4.955884,0.000000,0.000000,5.000000,0.110906,1
1784328885.157411,CONST330,TRACKING,330,29.025388,29.035093,0.014032,-0.108317,4.961797,0.000000,0.000000,5.000000,0.115711,1
1784328885.186468,CONST330,TRACKING,330,28.991583,29.001340,0.014504,-0.113597,4.966656,0.000000,0.000000,5.000000,0.119275,1
1784328885.215516,CONST330,TRACKING,330,28.930771,28.943291,0.016206,-0.118404,4.969163,0.000000,0.000000,5.000000,0.123422,1
1784328885.244476,CONST330,TRACKING,330,28.914915,28.923873,0.017782,-0.122528,4.971407,0.000000,0.000000,5.000000,0.127071,1
1784328885.273427,CONST330,TRACKING,330,28.916421,28.927076,0.019187,-0.125998,4.973338,0.000000,0.000000,5.000000,0.130209,1
1784328885.302372,CONST330,TRACKING,330,28.950458,28.958406,0.020607,-0.130315,4.975946,0.000000,0.000000,5.000000,0.134109,1
1784328885.331348,CONST330,TRACKING,330,28.973354,57.957986,0.020607,-0.130315,4.975946,0.000000,0.000000,5.000000,0.134109,1
1784328885.360357,CONST330,TRACKING,330,28.977861,28.987362,0.022421,-0.136453,4.979548,0.000000,0.000000,5.000000,0.139787,1
1784328885.389410,CONST330,TRACKING,330,28.858144,28.872613,0.023690,-0.140533,4.981544,0.000000,0.000000,5.000000,0.143706,1
1784328885.418337,CONST330,TRACKING,330,28.791248,28.806258,0.024799,-0.143890,4.983788,0.000000,0.000000,5.000000,0.146909,1
1784328885.447169,CONST330,TRACKING,330,28.861571,28.873006,0.025059,-0.146666,4.985321,0.000000,0.000000,5.000000,0.149514,1
1784328885.476062,CONST330,TRACKING,330,28.836258,28.846007,0.024990,-0.148760,4.986157,0.000000,0.000000,5.000000,0.151479,1
1784328885.504930,CONST330,TRACKING,330,28.801210,28.810289,0.024829,-0.150131,4.986537,0.000000,0.000000,5.000000,0.152765,1
1784328885.533772,CONST330,TRACKING,330,28.800236,57.651895,0.024829,-0.150131,4.986537,0.000000,0.000000,5.000000,0.152765,1
1784328885.562610,CONST330,TRACKING,330,28.839951,28.851958,0.024212,-0.151333,4.985360,0.000000,0.000000,5.000000,0.153955,1
1784328885.591486,CONST330,TRACKING,330,28.754002,28.766070,0.022665,-0.152889,4.981418,0.000000,0.000000,5.000000,0.155673,1
1784328885.620272,CONST330,TRACKING,330,28.836007,28.846422,0.021141,-0.153573,4.978807,0.000000,0.000000,5.000000,0.156463,1
1784328885.649150,CONST330,TRACKING,330,28.794661,28.806185,0.019627,-0.153421,4.977397,0.000000,0.000000,5.000000,0.156314,1
1784328885.677980,CONST330,TRACKING,330,28.810475,28.821206,0.018949,-0.152641,4.974717,0.000000,0.000000,5.000000,0.155877,1
1784328885.706833,CONST330,TRACKING,330,28.827884,28.837982,0.020558,-0.151504,4.968340,0.000000,0.000000,5.000000,0.156136,1
1784328885.735692,CONST330,TRACKING,330,28.837878,28.846876,0.022105,-0.149115,4.960957,0.000000,0.000000,5.000000,0.155718,1
1784328885.764558,CONST330,TRACKING,330,28.869381,57.744925,0.022105,-0.149115,4.960957,0.000000,0.000000,5.000000,0.155718,1
1784328885.793461,CONST330,TRACKING,330,28.895561,28.905313,0.022975,-0.146390,4.956769,0.000000,0.000000,5.000000,0.154360,1
1784328885.822398,CONST330,TRACKING,330,28.793673,28.807522,0.023919,-0.141808,4.952608,0.000000,0.000000,5.000000,0.151419,1
1784328885.851228,CONST330,TRACKING,330,28.827513,28.837884,0.025168,-0.133971,4.947104,0.000000,0.000000,5.000000,0.146218,1
1784328885.880086,CONST330,TRACKING,330,28.812714,28.821770,0.025896,-0.127302,4.942892,0.000000,0.000000,5.000000,0.141907,1
1784328885.908935,CONST330,TRACKING,330,28.776157,28.786707,0.026246,-0.122029,4.940529,0.000000,0.000000,5.000000,0.138263,1
1784328885.937743,CONST330,TRACKING,330,28.823639,28.832472,0.026402,-0.111813,4.936478,0.000000,0.000000,5.000000,0.131279,1
1784328885.966626,CONST330,TRACKING,330,28.864543,57.757310,0.026402,-0.111813,4.936478,0.000000,0.000000,5.000000,0.131279,1
1784328885.995555,CONST330,TRACKING,330,28.887570,28.904066,0.026221,-0.103223,4.933939,0.000000,0.000000,5.000000,0.125326,1
1784328886.024491,CONST330,TRACKING,330,28.808900,28.821179,0.025821,-0.094495,4.932311,0.000000,0.000000,5.000000,0.119070,1
1784328886.053333,CONST330,TRACKING,330,28.809677,28.819248,0.025283,-0.085540,4.931337,0.000000,0.000000,5.000000,0.112565,1
1784328886.082170,CONST330,TRACKING,330,28.862943,28.871560,0.023278,-0.076233,4.930976,0.000000,0.000000,5.000000,0.105440,1
1784328886.111067,CONST330,TRACKING,330,28.839131,28.849905,0.021314,-0.066862,4.931108,0.000000,0.000000,5.000000,0.098341,1
1784328886.139935,CONST330,TRACKING,330,28.854570,28.863510,0.018918,-0.055100,4.931632,0.000000,0.000000,5.000000,0.089823,1
1784328886.168822,CONST330,TRACKING,330,28.869066,28.879068,0.016742,-0.045294,4.931961,0.000000,0.000000,5.000000,0.083433,1
1784328886.197717,CONST330,TRACKING,330,28.802990,57.707943,0.016742,-0.045294,4.931961,0.000000,0.000000,5.000000,0.083433,1
1784328886.226578,CONST330,TRACKING,330,28.817735,28.829954,0.013986,-0.034410,4.932156,0.000000,0.000000,5.000000,0.077347,1
1784328886.255442,CONST330,TRACKING,330,28.860019,28.871974,0.011290,-0.023723,4.933245,0.000000,0.000000,5.000000,0.071739,1
1784328886.284346,CONST330,TRACKING,330,28.788934,28.799598,0.008655,-0.013251,4.934988,0.000000,0.000000,5.000000,0.066910,1
1784328886.313168,CONST330,TRACKING,330,28.872334,28.882027,0.006236,-0.003610,4.936093,0.000000,0.000000,5.000000,0.064312,1
1784328886.342074,CONST330,TRACKING,330,28.797359,28.807289,0.003479,0.007388,4.937737,0.000000,0.000000,5.000000,0.062797,1
1784328886.370902,CONST330,TRACKING,330,28.771350,28.780910,0.001302,0.015949,4.939311,0.000000,0.000000,5.000000,0.062763,1
1784328886.399705,CONST330,TRACKING,330,28.838567,28.847666,-0.000817,0.024307,4.940909,0.000000,0.000000,5.000000,0.063900,1
1784328886.428575,CONST330,TRACKING,330,28.843434,57.722656,-0.000817,0.024307,4.940909,0.000000,0.000000,5.000000,0.063900,1
1784328886.457451,CONST330,TRACKING,330,28.886174,28.895875,-0.001474,0.031255,4.942457,0.000000,0.000000,5.000000,0.065500,1
1784328886.486381,CONST330,TRACKING,330,28.745347,28.758939,-0.001726,0.037628,4.944597,0.000000,0.000000,5.000000,0.066995,1
1784328886.515159,CONST330,TRACKING,330,28.785934,28.795594,-0.002178,0.045242,4.947561,0.000000,0.000000,5.000000,0.069292,1
1784328886.544020,CONST330,TRACKING,330,28.766288,28.780399,-0.002271,0.051591,4.950622,0.000000,0.000000,5.000000,0.071450,1
1784328886.572842,CONST330,TRACKING,330,28.788686,28.803420,-0.001381,0.059182,4.954165,0.000000,0.000000,5.000000,0.074868,1
1784328886.601679,CONST330,TRACKING,330,28.808588,28.818486,-0.000651,0.066282,4.958688,0.000000,0.000000,5.000000,0.078105,1
1784328886.630515,CONST330,TRACKING,330,28.803569,57.649753,-0.000651,0.066282,4.958688,0.000000,0.000000,5.000000,0.078105,1
1784328886.659351,CONST330,TRACKING,330,28.851932,28.861698,-0.000026,0.072994,4.963370,0.000000,0.000000,5.000000,0.081669,1
1784328886.688235,CONST330,TRACKING,330,28.851942,28.861555,0.000616,0.078916,4.968341,0.000000,0.000000,5.000000,0.085032,1
1784328886.717126,CONST330,TRACKING,330,28.818020,28.828314,0.001442,0.083531,4.972915,0.000000,0.000000,5.000000,0.087825,1
1784328886.745978,CONST330,TRACKING,330,28.781564,28.791574,0.002451,0.088904,4.977297,0.000000,0.000000,5.000000,0.091790,1
1784328886.774792,CONST330,TRACKING,330,28.834714,28.843961,0.003227,0.092858,4.980372,0.000000,0.000000,5.000000,0.094964,1
1784328886.803656,CONST330,TRACKING,330,28.811526,28.821336,0.004273,0.096391,4.983766,0.000000,0.000000,5.000000,0.097842,1
1784328886.832490,CONST330,TRACKING,330,28.816271,57.659722,0.004273,0.096391,4.983766,0.000000,0.000000,5.000000,0.097842,1
1784328886.861347,CONST330,TRACKING,330,28.806831,28.816772,0.005773,0.100194,4.987912,0.000000,0.000000,5.000000,0.101086,1
1784328886.890186,CONST330,TRACKING,330,28.790909,28.800892,0.006606,0.102205,4.990485,0.000000,0.000000,5.000000,0.102859,1
1784328886.919003,CONST330,TRACKING,330,28.925242,28.933495,0.007668,0.104506,4.994505,0.000000,0.000000,5.000000,0.104931,1
1784328886.947957,CONST330,TRACKING,330,28.802752,28.811679,0.009585,0.106222,4.996634,0.000000,0.000000,5.000000,0.106706,1
1784328886.976786,CONST330,TRACKING,330,28.796759,28.805095,0.011120,0.107108,4.996438,0.000000,0.000000,5.000000,0.107743,1
1784328887.005612,CONST330,TRACKING,330,28.747730,28.758328,0.012551,0.107676,4.996233,0.000000,0.000000,5.000000,0.108470,1
1784328887.034386,CONST330,TRACKING,330,28.731945,57.516463,0.012551,0.107676,4.996233,0.000000,0.000000,5.000000,0.108470,1
1784328887.063171,CONST330,TRACKING,330,28.848426,28.862589,0.013889,0.107872,4.996171,0.000000,0.000000,5.000000,0.108830,1
1784328887.092052,CONST330,TRACKING,330,28.804445,28.813363,0.014264,0.107301,4.997422,0.000000,0.000000,5.000000,0.108275,1
1784328887.120919,CONST330,TRACKING,330,28.790139,28.801414,0.014556,0.106364,4.998262,0.000000,0.000000,5.000000,0.107370,1
1784328887.149793,CONST330,TRACKING,330,28.866439,28.884087,0.014786,0.104796,4.999074,0.000000,0.000000,5.000000,0.105838,1
1784328887.178700,CONST330,TRACKING,330,28.815129,28.827191,0.015115,0.102961,4.998727,0.000000,0.000000,5.000000,0.104072,1
1784328887.207571,CONST330,TRACKING,330,28.775734,28.786049,0.016110,0.099933,4.996130,0.000000,0.000000,5.000000,0.101297,1
1784328887.236380,CONST330,TRACKING,330,28.822424,28.831919,0.016920,0.096756,4.993820,0.000000,0.000000,5.000000,0.098419,1
1784328887.265233,CONST330,TRACKING,330,28.838970,57.701201,0.016920,0.096756,4.993820,0.000000,0.000000,5.000000,0.098419,1
1784328887.294105,CONST330,TRACKING,330,28.755878,28.765194,0.017614,0.093350,4.991657,0.000000,0.000000,5.000000,0.095363,1
1784328887.322893,CONST330,TRACKING,330,28.868190,28.878904,0.017860,0.089537,4.990040,0.000000,0.000000,5.000000,0.091842,1
1784328887.351801,CONST330,TRACKING,330,28.784273,28.796900,0.017715,0.084455,4.987971,0.000000,0.000000,5.000000,0.087127,1
1784328887.380627,CONST330,TRACKING,330,28.832925,28.844890,0.017593,0.080138,4.986423,0.000000,0.000000,5.000000,0.083163,1
1784328887.409495,CONST330,TRACKING,330,28.755691,28.765534,0.017427,0.075594,4.984969,0.000000,0.000000,5.000000,0.079020,1
1784328887.438312,CONST330,TRACKING,330,28.835196,28.845159,0.016922,0.069977,4.982685,0.000000,0.000000,5.000000,0.074047,1
1784328887.467196,CONST330,TRACKING,330,28.849436,57.743370,0.016922,0.069977,4.982685,0.000000,0.000000,5.000000,0.074047,1
1784328887.496083,CONST330,TRACKING,330,28.762303,28.772474,0.016171,0.063962,4.980252,0.000000,0.000000,5.000000,0.068867,1
1784328887.524878,CONST330,TRACKING,330,28.841679,28.851116,0.015248,0.057840,4.978517,0.000000,0.000000,5.000000,0.063557,1
1784328887.553758,CONST330,TRACKING,330,28.823769,28.833293,0.013781,0.050251,4.976189,0.000000,0.000000,5.000000,0.057290,1
1784328887.582612,CONST330,TRACKING,330,28.794094,28.804454,0.012133,0.044775,4.972299,0.000000,0.000000,5.000000,0.054031,1
1784328887.611439,CONST330,TRACKING,330,28.786232,28.796013,0.010339,0.039256,4.969168,0.000000,0.000000,5.000000,0.050976,1
1784328887.640260,CONST330,TRACKING,330,28.831411,28.841793,0.008463,0.033758,4.966539,0.000000,0.000000,5.000000,0.048279,1
1784328887.669140,CONST330,TRACKING,330,28.792925,28.806015,0.006270,0.028545,4.963846,0.000000,0.000000,5.000000,0.046489,1
1784328887.698001,CONST330,TRACKING,330,28.704439,57.577802,0.006270,0.028545,4.963846,0.000000,0.000000,5.000000,0.046489,1
1784328887.726762,CONST330,TRACKING,330,28.829889,28.841986,0.003254,0.024077,4.960714,0.000000,0.000000,5.000000,0.046192,1
1784328887.755633,CONST330,TRACKING,330,28.849125,28.859968,-0.000308,0.018546,4.957791,0.000000,0.000000,5.000000,0.046105,1
1784328887.784511,CONST330,TRACKING,330,28.799566,28.808226,-0.002984,0.014102,4.956573,0.000000,0.000000,5.000000,0.045756,1
1784328887.813339,CONST330,TRACKING,330,28.769015,28.777526,-0.006907,0.009442,4.955113,0.000000,0.000000,5.000000,0.046387,1
1784328887.842134,CONST330,TRACKING,330,28.817237,28.825599,-0.011916,0.004678,4.954353,0.000000,0.000000,5.000000,0.047408,1
1784328887.870983,CONST330,TRACKING,330,28.811842,28.820968,-0.016558,0.000090,4.954369,0.000000,0.000000,5.000000,0.048542,1
1784328887.899824,CONST330,TRACKING,330,28.829399,57.680537,-0.016558,0.000090,4.954369,0.000000,0.000000,5.000000,0.048542,1
1784328887.928691,CONST330,TRACKING,330,28.838063,28.850185,-0.020910,-0.004335,4.955112,0.000000,0.000000,5.000000,0.049709,1
1784328887.957562,CONST330,TRACKING,330,28.811133,28.820653,-0.027817,-0.010180,4.954676,0.000000,0.000000,5.000000,0.054145,1
1784328887.986404,CONST330,TRACKING,330,28.871230,28.880723,-0.033283,-0.014662,4.954683,0.000000,0.000000,5.000000,0.058106,1
1784328888.015321,CONST330,TRACKING,330,28.794831,28.806654,-0.038447,-0.018844,4.954988,0.000000,0.000000,5.000000,0.062123,1
1784328888.044161,CONST330,TRACKING,330,28.767052,28.779931,-0.043313,-0.022756,4.955141,0.000000,0.000000,5.000000,0.066379,1
1784328888.072982,CONST330,TRACKING,330,28.834593,28.844299,-0.048570,-0.025148,4.954520,0.000000,0.000000,5.000000,0.071133,1
1784328888.101847,CONST330,TRACKING,330,28.839689,28.850190,-0.053472,-0.027456,4.954813,0.000000,0.000000,5.000000,0.075199,1
1784328888.130714,CONST330,TRACKING,330,28.777726,57.655111,-0.053472,-0.027456,4.954813,0.000000,0.000000,5.000000,0.075199,1
1784328888.159529,CONST330,TRACKING,330,28.807572,28.817385,-0.058974,-0.030180,4.956451,0.000000,0.000000,5.000000,0.079280,1
1784328888.188367,CONST330,TRACKING,330,28.822398,28.831845,-0.063093,-0.032030,4.957133,0.000000,0.000000,5.000000,0.082730,1
1784328888.217240,CONST330,TRACKING,330,28.793581,28.803145,-0.067450,-0.033150,4.954193,0.000000,0.000000,5.000000,0.088016,1
1784328888.246064,CONST330,TRACKING,330,28.856702,28.865779,-0.071291,-0.033998,4.953265,0.000000,0.000000,5.000000,0.091774,1
1784328888.274992,CONST330,TRACKING,330,28.762553,28.774052,-0.074568,-0.034540,4.953809,0.000000,0.000000,5.000000,0.094271,1
1784328888.303828,CONST330,TRACKING,330,28.825449,28.839989,-0.078208,-0.036009,4.954303,0.000000,0.000000,5.000000,0.097475,1
1784328888.332692,CONST330,TRACKING,330,28.790949,57.669825,-0.078208,-0.036009,4.954303,0.000000,0.000000,5.000000,0.097475,1
1784328888.361527,CONST330,TRACKING,330,28.809395,28.819788,-0.083019,-0.038875,4.954577,0.000000,0.000000,5.000000,0.102307,1
1784328888.390372,CONST330,TRACKING,330,28.731406,28.742462,-0.086229,-0.040858,4.955196,0.000000,0.000000,5.000000,0.105415,1
1784328888.419136,CONST330,TRACKING,330,28.795458,28.805535,-0.088981,-0.042579,4.955819,0.000000,0.000000,5.000000,0.108086,1
1784328888.447966,CONST330,TRACKING,330,28.830679,28.841539,-0.090933,-0.043505,4.956546,0.000000,0.000000,5.000000,0.109772,1
1784328888.476835,CONST330,TRACKING,330,28.827114,28.840703,-0.091720,-0.043830,4.957366,0.000000,0.000000,5.000000,0.110233,1
1784328888.505694,CONST330,TRACKING,330,28.850239,28.859839,-0.092484,-0.044170,4.958899,0.000000,0.000000,5.000000,0.110425,1
1784328888.534580,CONST330,TRACKING,330,28.857431,57.753501,-0.092484,-0.044170,4.958899,0.000000,0.000000,5.000000,0.110425,1
1784328888.563479,CONST330,TRACKING,330,28.784697,28.797265,-0.092631,-0.044580,4.961673,0.000000,0.000000,5.000000,0.109713,1
1784328888.592302,CONST330,TRACKING,330,28.785919,28.799961,-0.091441,-0.045246,4.963055,0.000000,0.000000,5.000000,0.108506,1
1784328888.621120,CONST330,TRACKING,330,28.765433,28.775343,-0.089945,-0.045702,4.964205,0.000000,0.000000,5.000000,0.107052,1
1784328888.649934,CONST330,TRACKING,330,28.836740,28.847469,-0.088078,-0.045918,4.965587,0.000000,0.000000,5.000000,0.105121,1
1784328888.678808,CONST330,TRACKING,330,28.831666,28.842623,-0.085270,-0.046478,4.966956,0.000000,0.000000,5.000000,0.102582,1
1784328888.707695,CONST330,TRACKING,330,28.831915,28.843563,-0.080517,-0.048681,4.967397,0.000000,0.000000,5.000000,0.099579,1
1784328888.736559,CONST330,TRACKING,330,28.788545,28.797935,-0.074398,-0.050859,4.968209,0.000000,0.000000,5.000000,0.095563,1
1784328888.765375,CONST330,TRACKING,330,28.842831,57.668315,-0.074398,-0.050859,4.968209,0.000000,0.000000,5.000000,0.095563,1
1784328888.794248,CONST330,TRACKING,330,28.782768,28.792186,-0.069323,-0.052217,4.969759,0.000000,0.000000,5.000000,0.091907,1
1784328888.823068,CONST330,TRACKING,330,28.762550,28.775221,-0.065264,-0.054636,4.969388,0.000000,0.000000,5.000000,0.090452,1
1784328888.851900,CONST330,TRACKING,330,28.778257,28.789999,-0.062116,-0.057828,4.967424,0.000000,0.000000,5.000000,0.090905,1
1784328888.880731,CONST330,TRACKING,330,28.850047,28.863877,-0.058676,-0.060581,4.965778,0.000000,0.000000,5.000000,0.091017,1
1784328888.909627,CONST330,TRACKING,330,28.772645,28.781955,-0.054913,-0.062991,4.965268,0.000000,0.000000,5.000000,0.090496,1
1784328888.938426,CONST330,TRACKING,330,28.898509,28.906729,-0.051658,-0.064181,4.963173,0.000000,0.000000,5.000000,0.090244,1
1784328888.967353,CONST330,TRACKING,330,28.850220,57.786195,-0.051658,-0.064181,4.963173,0.000000,0.000000,5.000000,0.090244,1
1784328888.996238,CONST330,TRACKING,330,28.785412,28.795398,-0.049090,-0.064578,4.961246,0.000000,0.000000,5.000000,0.089901,1
1784328889.025060,CONST330,TRACKING,330,28.812108,28.822454,-0.046316,-0.064776,4.959682,0.000000,0.000000,5.000000,0.089256,1
1784328889.053916,CONST330,TRACKING,330,28.873659,28.889042,-0.043391,-0.064759,4.957760,0.000000,0.000000,5.000000,0.088661,1
1784328889.082827,CONST330,TRACKING,330,28.791404,28.803423,-0.042703,-0.064199,4.953554,0.000000,0.000000,5.000000,0.090012,1
1784328889.111651,CONST330,TRACKING,330,28.868151,28.877543,-0.041612,-0.063296,4.949866,0.000000,0.000000,5.000000,0.090837,1
1784328889.140547,CONST330,TRACKING,330,28.797490,28.806014,-0.039759,-0.061629,4.947404,0.000000,0.000000,5.000000,0.090251,1
1784328889.169383,CONST330,TRACKING,330,28.829592,28.840178,-0.038002,-0.059828,4.946527,0.000000,0.000000,5.000000,0.088786,1
1784328889.198237,CONST330,TRACKING,330,28.853566,57.718450,-0.038002,-0.059828,4.946527,0.000000,0.000000,5.000000,0.088786,1
1784328889.227149,CONST330,TRACKING,330,28.763369,28.777359,-0.035886,-0.057448,4.944123,0.000000,0.000000,5.000000,0.087808,1
1784328889.255977,CONST330,TRACKING,330,28.856294,28.869821,-0.033565,-0.054918,4.942693,0.000000,0.000000,5.000000,0.086178,1
1784328889.284878,CONST330,TRACKING,330,28.819878,28.830318,-0.031013,-0.052197,4.941977,0.000000,0.000000,5.000000,0.083982,1
1784328889.313730,CONST330,TRACKING,330,28.759590,28.769035,-0.028861,-0.049588,4.938633,0.000000,0.000000,5.000000,0.084010,1
1784328889.342519,CONST330,TRACKING,330,28.776133,28.785506,-0.026552,-0.046429,4.932951,0.000000,0.000000,5.000000,0.085768,1
1784328889.371333,CONST330,TRACKING,330,28.783597,28.796435,-0.024498,-0.043806,4.930474,0.000000,0.000000,5.000000,0.085749,1
1784328889.400149,CONST330,TRACKING,330,28.815695,28.824855,-0.022451,-0.041179,4.930203,0.000000,0.000000,5.000000,0.084091,1
1784328889.429021,CONST330,TRACKING,330,28.756976,57.638810,-0.022451,-0.041179,4.930203,0.000000,0.000000,5.000000,0.084091,1
1784328889.457836,CONST330,TRACKING,330,28.750795,28.762354,-0.021695,-0.038473,4.929089,0.000000,0.000000,5.000000,0.083542,1
1784328889.486650,CONST330,TRACKING,330,28.898860,28.912573,-0.021186,-0.035669,4.927771,0.000000,0.000000,5.000000,0.083296,1
1784328889.515585,CONST330,TRACKING,330,28.867430,28.879230,-0.020216,-0.031985,4.926098,0.000000,0.000000,5.000000,0.083025,1
1784328889.544553,CONST330,TRACKING,330,23.417035,23.443206,-0.019517,-0.029330,4.925031,0.000000,0.000000,5.000000,0.082835,0
1784328889.568077,CONST330,TRACKING,330,18.799866,18.821845,-0.019251,-0.027689,4.925217,0.000000,0.000000,5.000000,0.082035,0
1784328889.586923,CONST330,TRACKING,330,19.288265,38.156604,-0.019251,-0.027689,4.925217,0.000000,0.000000,5.000000,0.082035,0
1784328889.606276,CONST330,TRACKING,330,19.268909,19.283614,-0.018684,-0.025827,4.926319,0.000000,0.000000,5.000000,0.080281,0
1784328889.625605,CONST330,TRACKING,330,19.364810,38.708888,-0.018684,-0.025827,4.926319,0.000000,0.000000,5.000000,0.080281,0
1784328889.648842,CONST330,TRACKING,330,19.362570,23.152522,-0.016986,-0.021380,4.931511,0.000000,0.000000,5.000000,0.073732,0
1784328889.673833,CONST330,TRACKING,330,19.395449,22.310527,-0.016824,-0.018464,4.932879,0.000000,0.000000,5.000000,0.071618,0
1784328889.698834,CONST330,TRACKING,330,18.828351,46.744222,-0.016824,-0.018464,4.932879,0.000000,0.000000,5.000000,0.071618,0
1784328889.723834,CONST330,TRACKING,330,18.865487,24.946101,-0.016228,-0.014785,4.935116,0.000000,0.000000,5.000000,0.068497,0
1784328889.748828,CONST330,TRACKING,330,18.950972,25.002951,-0.015518,-0.011808,4.937496,0.000000,0.000000,5.000000,0.065475,0
1784328889.773785,CONST330,TRACKING,330,18.867531,21.864544,-0.015297,-0.009274,4.939404,0.000000,0.000000,5.000000,0.063182,0
1784328889.798785,CONST330,TRACKING,330,18.852169,46.850105,-0.015297,-0.009274,4.939404,0.000000,0.000000,5.000000,0.063182,0
1784328889.823905,CONST330,TRACKING,330,18.900970,25.102023,-0.015510,-0.007131,4.940213,0.000000,0.000000,5.000000,0.062176,0
1784328889.848909,CONST330,TRACKING,330,18.853696,24.894296,-0.015565,-0.004929,4.941182,0.000000,0.000000,5.000000,0.061042,0
1784328889.873785,CONST330,TRACKING,330,18.866815,21.795008,-0.015523,-0.002672,4.943280,0.000000,0.000000,5.000000,0.058866,0
1784328889.898845,CONST330,TRACKING,330,18.932718,46.921073,-0.015523,-0.002672,4.943280,0.000000,0.000000,5.000000,0.058866,0
1784328889.923914,CONST330,TRACKING,330,18.897359,24.941872,-0.015091,0.001966,4.946361,0.000000,0.000000,5.000000,0.055756,0
1784328889.948919,CONST330,TRACKING,330,19.088581,25.118661,-0.014511,0.005857,4.948756,0.000000,0.000000,5.000000,0.053580,0
1784328889.973832,CONST330,TRACKING,330,18.899317,21.876461,-0.013784,0.009569,4.951268,0.000000,0.000000,5.000000,0.051540,0
1784328889.998783,CONST330,TRACKING,330,18.895595,46.822977,-0.013784,0.009569,4.951268,0.000000,0.000000,5.000000,0.051540,0
1784328890.023914,CONST330,TRACKING,330,18.846379,25.015546,-0.012915,0.013109,4.953647,0.000000,0.000000,5.000000,0.049873,0
1784328890.048911,CONST330,TRACKING,330,18.821211,24.911043,-0.013455,0.013712,4.954767,0.000000,0.000000,5.000000,0.049143,0
1784328890.073819,CONST330,TRACKING,330,18.890046,21.607150,-0.013804,0.014381,4.956385,0.000000,0.000000,5.000000,0.047955,0
1784328890.098790,CONST330,TRACKING,330,18.869500,46.558205,-0.013804,0.014381,4.956385,0.000000,0.000000,5.000000,0.047955,0
1784328890.123907,CONST330,TRACKING,330,18.880555,25.051505,-0.013986,0.015435,4.958819,0.000000,0.000000,5.000000,0.046148,0
1784328890.148895,CONST330,TRACKING,330,18.845870,24.890905,-0.014459,0.016163,4.961191,0.000000,0.000000,5.000000,0.044458,0
1784328890.173839,CONST330,TRACKING,330,19.443054,22.199517,-0.016171,0.016227,4.962568,0.000000,0.000000,5.000000,0.043886,0
1784328890.198789,CONST330,TRACKING,330,18.846155,46.556507,-0.016171,0.016227,4.962568,0.000000,0.000000,5.000000,0.043886,0
1784328890.223890,CONST330,TRACKING,330,18.888380,25.076881,-0.017636,0.016274,4.964173,0.000000,0.000000,5.000000,0.043121,0
1784328890.248842,CONST330,TRACKING,330,18.891685,24.891423,-0.018875,0.016327,4.965837,0.000000,0.000000,5.000000,0.042307,0
1784328890.273838,CONST330,TRACKING,330,18.875757,21.977043,-0.019540,0.016034,4.967111,0.000000,0.000000,5.000000,0.041480,0
1784328890.298785,CONST330,TRACKING,330,18.834967,46.879598,-0.019540,0.016034,4.967111,0.000000,0.000000,5.000000,0.041480,0
1784328890.323787,CONST330,TRACKING,330,18.887635,24.989128,-0.019638,0.015313,4.968642,0.000000,0.000000,5.000000,0.040043,0
1784328890.348837,CONST330,TRACKING,330,18.888232,24.984464,-0.019525,0.014623,4.971256,0.000000,0.000000,5.000000,0.037700,0
1784328890.373837,CONST330,TRACKING,330,18.919930,21.832596,-0.019212,0.013877,4.974068,0.000000,0.000000,5.000000,0.035130,0
1784328890.398786,CONST330,TRACKING,330,18.888182,46.747867,-0.019212,0.013877,4.974068,0.000000,0.000000,5.000000,0.035130,0
1784328890.423832,CONST330,TRACKING,330,18.900703,24.959563,-0.019849,0.014168,4.974824,0.000000,0.000000,5.000000,0.035051,0
1784328890.448849,CONST330,TRACKING,330,19.081438,25.095058,-0.020584,0.014649,4.974854,0.000000,0.000000,5.000000,0.035646,0
1784328890.473839,CONST330,TRACKING,330,19.022595,22.023923,-0.021018,0.014982,4.975288,0.000000,0.000000,5.000000,0.035733,0
1784328890.498894,CONST330,TRACKING,330,18.899004,46.954805,-0.021018,0.014982,4.975288,0.000000,0.000000,5.000000,0.035733,0
1784328890.523914,CONST330,TRACKING,330,18.926965,24.979538,-0.021220,0.015416,4.975929,0.000000,0.000000,5.000000,0.035600,0
1784328890.548894,CONST330,TRACKING,330,18.894996,24.889485,-0.021419,0.016024,4.975263,0.000000,0.000000,5.000000,0.036435,0
1784328890.573840,CONST330,TRACKING,330,18.931708,21.858010,-0.021336,0.016484,4.974283,0.000000,0.000000,5.000000,0.037261,0
1784328890.598788,CONST330,TRACKING,330,18.953812,46.827669,-0.021336,0.016484,4.974283,0.000000,0.000000,5.000000,0.037261,0
1784328890.623892,CONST330,TRACKING,330,18.893806,24.969587,-0.021033,0.016840,4.973586,0.000000,0.000000,5.000000,0.037732,0
1784328890.648902,CONST330,TRACKING,330,18.913153,24.963578,-0.021256,0.016796,4.974058,0.000000,0.000000,5.000000,0.037509,0
1784328890.673831,CONST330,TRACKING,330,19.020568,22.070046,-0.023291,0.015711,4.974994,0.000000,0.000000,5.000000,0.037611,0
1784328890.698789,CONST330,TRACKING,330,18.931017,46.938660,-0.023291,0.015711,4.974994,0.000000,0.000000,5.000000,0.037611,0
1784328890.723789,CONST330,TRACKING,330,18.929894,24.907941,-0.025396,0.014510,4.975744,0.000000,0.000000,5.000000,0.037998,0
1784328890.748790,CONST330,TRACKING,330,18.922128,24.921342,-0.026780,0.013657,4.976049,0.000000,0.000000,5.000000,0.038436,0
1784328890.773844,CONST330,TRACKING,330,18.844922,21.818203,-0.027648,0.014121,4.974680,0.000000,0.000000,5.000000,0.040062,0
1784328890.798899,CONST330,TRACKING,330,18.864999,46.893413,-0.027648,0.014121,4.974680,0.000000,0.000000,5.000000,0.040062,0
1784328890.823911,CONST330,TRACKING,330,18.902990,24.978953,-0.028098,0.015634,4.972113,0.000000,0.000000,5.000000,0.042563,0
1784328890.848909,CONST330,TRACKING,330,19.341563,25.369924,-0.028448,0.016889,4.969619,0.000000,0.000000,5.000000,0.044917,0
1784328890.873847,CONST330,TRACKING,330,19.107582,21.985479,-0.028700,0.017888,4.967995,0.000000,0.000000,5.000000,0.046562,0
1784328890.898790,CONST330,TRACKING,330,19.282929,47.102992,-0.028700,0.017888,4.967995,0.000000,0.000000,5.000000,0.046562,0
1784328890.923899,CONST330,TRACKING,330,19.658657,25.367072,-0.030527,0.018396,4.967859,0.000000,0.000000,5.000000,0.047993,0
1784328890.948916,CONST330,TRACKING,330,19.450924,24.725324,-0.031931,0.018525,4.968386,0.000000,0.000000,5.000000,0.048603,0
1784328890.973842,CONST330,TRACKING,330,19.394673,22.295775,-0.032997,0.018507,4.968947,0.000000,0.000000,5.000000,0.048945,0
1784328890.998791,CONST330,TRACKING,330,19.312301,47.163276,-0.032997,0.018507,4.968947,0.000000,0.000000,5.000000,0.048945,0
1784328891.023849,CONST330,TRACKING,330,19.284455,24.949620,-0.033757,0.018375,4.969895,0.000000,0.000000,5.000000,0.048821,0
1784328891.048911,CONST330,TRACKING,330,18.953959,24.661658,-0.034449,0.017397,4.967173,0.000000,0.000000,5.000000,0.050665,0
1784328891.073840,CONST330,TRACKING,330,18.926708,21.860342,-0.034878,0.016361,4.964970,0.000000,0.000000,5.000000,0.052070,0
1784328891.098922,CONST330,TRACKING,330,18.884954,46.900369,-0.034878,0.016361,4.964970,0.000000,0.000000,5.000000,0.052070,0
1784328891.123841,CONST330,TRACKING,330,19.005830,24.973003,-0.035078,0.014955,4.961904,0.000000,0.000000,5.000000,0.053902,0
1784328891.148902,CONST330,TRACKING,330,18.935572,24.928710,-0.035328,0.013554,4.959416,0.000000,0.000000,5.000000,0.055487,0
1784328891.173791,CONST330,TRACKING,330,18.897397,21.747347,-0.036295,0.011599,4.958378,0.000000,0.000000,5.000000,0.056429,0
1784328891.198788,CONST330,TRACKING,330,18.853803,46.701072,-0.036295,0.011599,4.958378,0.000000,0.000000,5.000000,0.056429,0
1784328891.223798,CONST330,TRACKING,330,18.811917,24.900524,-0.036912,0.009592,4.959419,0.000000,0.000000,5.000000,0.055690,0
1784328891.248847,CONST330,TRACKING,330,18.773529,24.941477,-0.037327,0.007649,4.961418,0.000000,0.000000,5.000000,0.054225,0
1784328891.273847,CONST330,TRACKING,330,18.887077,21.824333,-0.038008,0.005652,4.962927,0.000000,0.000000,5.000000,0.053394,0
1784328891.298789,CONST330,TRACKING,330,18.878482,46.755467,-0.038008,0.005652,4.962927,0.000000,0.000000,5.000000,0.053394,0
1784328891.323844,CONST330,TRACKING,330,18.828731,24.938283,-0.039056,0.003126,4.964616,0.000000,0.000000,5.000000,0.052794,0
1784328891.348842,CONST330,TRACKING,330,18.876166,24.981566,-0.039540,0.001284,4.966844,0.000000,0.000000,5.000000,0.051618,0
1784328891.373835,CONST330,TRACKING,330,18.880149,21.886408,-0.039765,-0.000459,4.968825,0.000000,0.000000,5.000000,0.050530,0
1784328891.398789,CONST330,TRACKING,330,18.858846,46.818674,-0.039765,-0.000459,4.968825,0.000000,0.000000,5.000000,0.050530,0
1784328891.423841,CONST330,TRACKING,330,18.859240,24.952833,-0.041956,-0.001903,4.965818,0.000000,0.000000,5.000000,0.054151,0
1784328891.448804,CONST330,TRACKING,330,19.003069,25.016445,-0.044507,-0.003227,4.961394,0.000000,0.000000,5.000000,0.059006,0
1784328891.473793,CONST330,TRACKING,330,18.880814,21.692848,-0.046695,-0.004653,4.958399,0.000000,0.000000,5.000000,0.062711,0
1784328891.498790,CONST330,TRACKING,330,18.857688,46.666564,-0.046695,-0.004653,4.958399,0.000000,0.000000,5.000000,0.062711,0
1784328891.523841,CONST330,TRACKING,330,18.928982,25.058328,-0.049433,-0.006819,4.957650,0.000000,0.000000,5.000000,0.065449,0
1784328891.548848,CONST330,TRACKING,330,18.873992,24.879513,-0.052895,-0.009673,4.958117,0.000000,0.000000,5.000000,0.068158,0
1784328891.573844,CONST330,TRACKING,330,18.866472,21.744668,-0.055879,-0.012425,4.958566,0.000000,0.000000,5.000000,0.070666,0
1784328891.598791,CONST330,TRACKING,330,18.857012,46.681978,-0.055879,-0.012425,4.958566,0.000000,0.000000,5.000000,0.070666,0
1784328891.623844,CONST330,TRACKING,330,18.880568,25.003642,-0.058379,-0.015039,4.959743,0.000000,0.000000,5.000000,0.072491,0
1784328891.648798,CONST330,TRACKING,330,18.822289,24.826024,-0.060695,-0.018090,4.961191,0.000000,0.000000,5.000000,0.074278,0
1784328891.673840,CONST330,TRACKING,330,18.835798,21.832889,-0.063317,-0.022725,4.961734,0.000000,0.000000,5.000000,0.077394,0
1784328891.698794,CONST330,TRACKING,330,18.841842,46.794694,-0.063317,-0.022725,4.961734,0.000000,0.000000,5.000000,0.077394,0
1784328891.723944,CONST330,TRACKING,330,18.850766,25.064751,-0.066003,-0.027905,4.963661,0.000000,0.000000,5.000000,0.080347,0
1784328891.748797,CONST330,TRACKING,330,18.839030,24.765743,-0.067561,-0.031736,4.965069,0.000000,0.000000,5.000000,0.082413,0
1784328891.773844,CONST330,TRACKING,330,18.856772,21.774382,-0.068851,-0.036159,4.966299,0.000000,0.000000,5.000000,0.084757,0
1784328891.798793,CONST330,TRACKING,330,18.876975,46.743568,-0.068851,-0.036159,4.966299,0.000000,0.000000,5.000000,0.084757,0
1784328891.823841,CONST330,TRACKING,330,18.862000,24.960814,-0.069878,-0.040959,4.967490,0.000000,0.000000,5.000000,0.087278,0
1784328891.848845,CONST330,TRACKING,330,18.880525,24.955545,-0.070432,-0.045207,4.968701,0.000000,0.000000,5.000000,0.089353,0
1784328891.873850,CONST330,TRACKING,330,18.839344,21.991001,-0.070473,-0.048959,4.969768,0.000000,0.000000,5.000000,0.090980,0
1784328891.898791,CONST330,TRACKING,330,18.857816,46.951347,-0.070473,-0.048959,4.969768,0.000000,0.000000,5.000000,0.090980,0
1784328891.923909,CONST330,TRACKING,330,18.855870,25.016684,-0.070306,-0.051774,4.966263,0.000000,0.000000,5.000000,0.093604,0
1784328891.948854,CONST330,TRACKING,330,18.920262,24.934769,-0.069760,-0.053382,4.963435,0.000000,0.000000,5.000000,0.095148,0
1784328891.973795,CONST330,TRACKING,330,18.965174,21.926297,-0.068806,-0.054600,4.961416,0.000000,0.000000,5.000000,0.095938,0
1784328891.998795,CONST330,TRACKING,330,18.881232,46.841385,-0.068806,-0.054600,4.961416,0.000000,0.000000,5.000000,0.095938,0
1784328892.023845,CONST330,TRACKING,330,18.894127,24.996818,-0.067535,-0.055339,4.961124,0.000000,0.000000,5.000000,0.095576,0
1784328892.048847,CONST330,TRACKING,330,18.877192,24.923003,-0.065607,-0.056014,4.962363,0.000000,0.000000,5.000000,0.094119,0
1784328892.073794,CONST330,TRACKING,330,18.869283,21.839963,-0.063528,-0.056294,4.963600,0.000000,0.000000,5.000000,0.092357,0
1784328892.098792,CONST330,TRACKING,330,18.861527,46.830442,-0.063528,-0.056294,4.963600,0.000000,0.000000,5.000000,0.092357,0
1784328892.123834,CONST330,TRACKING,330,18.900964,25.013193,-0.060677,-0.056163,4.964899,0.000000,0.000000,5.000000,0.089822,0
1784328892.148798,CONST330,TRACKING,330,18.916719,24.916951,-0.058272,-0.056272,4.965549,0.000000,0.000000,5.000000,0.088028,0
1784328892.173847,CONST330,TRACKING,330,18.877387,21.792175,-0.055723,-0.057608,4.965003,0.000000,0.000000,5.000000,0.087456,0
1784328892.198792,CONST330,TRACKING,330,18.856383,46.716760,-0.055723,-0.057608,4.965003,0.000000,0.000000,5.000000,0.087456,0
1784328892.223832,CONST330,TRACKING,330,18.839661,24.958373,-0.053133,-0.058511,4.965124,0.000000,0.000000,5.000000,0.086389,0
1784328892.248801,CONST330,TRACKING,330,18.853338,24.917890,-0.050463,-0.059042,4.965426,0.000000,0.000000,5.000000,0.085016,0
1784328892.273846,CONST330,TRACKING,330,18.813144,21.783921,-0.048514,-0.059612,4.963953,0.000000,0.000000,5.000000,0.084891,0
1784328892.298795,CONST330,TRACKING,330,18.893533,46.813303,-0.048514,-0.059612,4.963953,0.000000,0.000000,5.000000,0.084891,0
1784328892.323846,CONST330,TRACKING,330,18.929327,25.015464,-0.046865,-0.060089,4.960038,0.000000,0.000000,5.000000,0.086046,0
1784328892.348800,CONST330,TRACKING,330,18.942880,24.915999,-0.045317,-0.060010,4.957616,0.000000,0.000000,5.000000,0.086320,0
1784328892.373796,CONST330,TRACKING,330,18.907714,21.848268,-0.043597,-0.059558,4.955696,0.000000,0.000000,5.000000,0.086086,0
1784328892.398802,CONST330,TRACKING,330,18.925740,46.873584,-0.043597,-0.059558,4.955696,0.000000,0.000000,5.000000,0.086086,0
1784328892.423848,CONST330,TRACKING,330,18.910915,24.914179,-0.041614,-0.055826,4.954055,0.000000,0.000000,5.000000,0.083422,0
1784328892.448841,CONST330,TRACKING,330,19.118064,25.096525,-0.038909,-0.050073,4.953930,0.000000,0.000000,5.000000,0.078382,0
1784328892.473839,CONST330,TRACKING,330,19.001697,21.897913,-0.037198,-0.046690,4.954360,0.000000,0.000000,5.000000,0.075144,0
1784328892.498793,CONST330,TRACKING,330,18.916740,46.767083,-0.037198,-0.046690,4.954360,0.000000,0.000000,5.000000,0.075144,0
1784328892.523844,CONST330,TRACKING,330,18.968631,25.032526,-0.034467,-0.040915,4.956376,0.000000,0.000000,5.000000,0.069030,0
1784328892.548836,CONST330,TRACKING,330,18.917055,24.848665,-0.033009,-0.035835,4.960184,0.000000,0.000000,5.000000,0.062921,0
1784328892.573797,CONST330,TRACKING,330,18.877063,21.739393,-0.031380,-0.030834,4.964149,0.000000,0.000000,5.000000,0.056752,0
1784328892.598796,CONST330,TRACKING,330,18.848557,46.709659,-0.031380,-0.030834,4.964149,0.000000,0.000000,5.000000,0.056752,0
1784328892.623853,CONST330,TRACKING,330,18.889692,25.031658,-0.029615,-0.025926,4.967663,0.000000,0.000000,5.000000,0.050940,0
1784328892.648853,CONST330,TRACKING,330,18.877261,24.911143,-0.027987,-0.021129,4.971683,0.000000,0.000000,5.000000,0.045073,0
1784328892.673859,CONST330,TRACKING,330,18.914995,21.916412,-0.026957,-0.016586,4.976070,0.000000,0.000000,5.000000,0.039679,0
1784328892.698797,CONST330,TRACKING,330,18.988060,46.924906,-0.026957,-0.016586,4.976070,0.000000,0.000000,5.000000,0.039679,0
1784328892.723836,CONST330,TRACKING,330,18.977450,24.946411,-0.025439,-0.011023,4.980330,0.000000,0.000000,5.000000,0.033993,0
1784328892.748852,CONST330,TRACKING,330,19.022995,24.992981,-0.024092,-0.006778,4.983103,0.000000,0.000000,5.000000,0.030197,0
1784328892.773853,CONST330,TRACKING,330,18.903816,21.557166,-0.023471,-0.001807,4.984584,0.000000,0.000000,5.000000,0.028139,0
1784328892.798796,CONST330,TRACKING,330,18.894678,46.491582,-0.023471,-0.001807,4.984584,0.000000,0.000000,5.000000,0.028139,0
1784328892.823838,CONST330,TRACKING,330,18.932520,25.018516,-0.023448,0.003782,4.985414,0.000000,0.000000,5.000000,0.027872,0
1784328892.848854,CONST330,TRACKING,330,18.843849,24.862577,-0.023197,0.009157,4.986059,0.000000,0.000000,5.000000,0.028571,0
1784328892.873849,CONST330,TRACKING,330,18.883552,21.900887,-0.022818,0.014148,4.986510,0.000000,0.000000,5.000000,0.030047,0
1784328892.898798,CONST330,TRACKING,330,18.891207,46.858501,-0.022818,0.014148,4.986510,0.000000,0.000000,5.000000,0.030047,0
1784328892.923837,CONST330,TRACKING,330,18.926420,24.978814,-0.020532,0.020796,4.984837,0.000000,0.000000,5.000000,0.032923,0
1784328892.948927,CONST330,TRACKING,330,19.053467,25.125518,-0.018324,0.026016,4.983173,0.000000,0.000000,5.000000,0.035997,0
1784328892.973856,CONST330,TRACKING,330,18.863171,21.886015,-0.016088,0.031015,4.981907,0.000000,0.000000,5.000000,0.039346,0
1784328892.998795,CONST330,TRACKING,330,18.934219,46.896228,-0.016088,0.031015,4.981907,0.000000,0.000000,5.000000,0.039346,0
1784328893.023920,CONST330,TRACKING,330,18.840465,24.958022,-0.013784,0.035797,4.981256,0.000000,0.000000,5.000000,0.042693,0
1784328893.048913,CONST330,TRACKING,330,18.911023,24.994096,-0.012749,0.041038,4.979656,0.000000,0.000000,5.000000,0.047545,0
1784328893.073844,CONST330,TRACKING,330,18.942469,21.890617,-0.011613,0.045950,4.978524,0.000000,0.000000,5.000000,0.052034,0
1784328893.098799,CONST330,TRACKING,330,18.903358,46.806711,-0.011613,0.045950,4.978524,0.000000,0.000000,5.000000,0.052034,0
1784328893.123909,CONST330,TRACKING,330,19.420631,25.560684,-0.010135,0.051593,4.977738,0.000000,0.000000,5.000000,0.057097,0
1784328893.148907,CONST330,TRACKING,330,18.905404,24.420740,-0.009158,0.055548,4.977656,0.000000,0.000000,5.000000,0.060570,0
1784328893.173850,CONST330,TRACKING,330,18.866278,21.733659,-0.008738,0.058844,4.978613,0.000000,0.000000,5.000000,0.063217,0
1784328893.198798,CONST330,TRACKING,330,18.877336,46.693409,-0.008738,0.058844,4.978613,0.000000,0.000000,5.000000,0.063217,0
1784328893.223840,CONST330,TRACKING,330,18.852453,24.952788,-0.008250,0.061873,4.980326,0.000000,0.000000,5.000000,0.065447,0
1784328893.248806,CONST330,TRACKING,330,18.862626,24.912514,-0.007674,0.064611,4.982523,0.000000,0.000000,5.000000,0.067371,0
1784328893.273854,CONST330,TRACKING,330,18.901059,21.879011,-0.006195,0.066430,4.983653,0.000000,0.000000,5.000000,0.068692,0
1784328893.298798,CONST330,TRACKING,330,18.916104,46.837744,-0.006195,0.066430,4.983653,0.000000,0.000000,5.000000,0.068692,0
1784328893.323854,CONST330,TRACKING,330,18.908901,24.981668,-0.003404,0.067648,4.984243,0.000000,0.000000,5.000000,0.069542,0
1784328893.348853,CONST330,TRACKING,330,18.857285,24.870957,-0.001322,0.068425,4.984293,0.000000,0.000000,5.000000,0.070217,0
1784328893.373842,CONST330,TRACKING,330,18.922766,21.859125,0.000681,0.068997,4.984078,0.000000,0.000000,5.000000,0.070814,0
1784328893.398800,CONST330,TRACKING,330,18.901761,46.796043,0.000681,0.068997,4.984078,0.000000,0.000000,5.000000,0.070814,0
1784328893.423857,CONST330,TRACKING,330,18.921042,24.975933,0.003257,0.068048,4.983744,0.000000,0.000000,5.000000,0.070038,0
1784328893.448859,CONST330,TRACKING,330,18.961122,24.957921,0.005861,0.066374,4.984249,0.000000,0.000000,5.000000,0.068469,0
1784328893.473853,CONST330,TRACKING,330,18.998385,21.970329,0.008343,0.064519,4.985234,0.000000,0.000000,5.000000,0.066711,0
1784328893.498800,CONST330,TRACKING,330,18.917813,46.835585,0.008343,0.064519,4.985234,0.000000,0.000000,5.000000,0.066711,0
1784328893.523843,CONST330,TRACKING,330,19.070552,25.121816,0.011117,0.061287,4.986316,0.000000,0.000000,5.000000,0.063772,0
1784328893.548857,CONST330,TRACKING,330,18.965659,24.842112,0.012710,0.056661,4.984630,0.000000,0.000000,5.000000,0.060068,0
1784328893.573848,CONST330,TRACKING,330,18.929005,21.854461,0.014207,0.052124,4.982600,0.000000,0.000000,5.000000,0.056758,0
1784328893.598798,CONST330,TRACKING,330,18.938898,46.815327,0.014207,0.052124,4.982600,0.000000,0.000000,5.000000,0.056758,0
1784328893.623804,CONST330,TRACKING,330,18.913646,24.909486,0.015624,0.047663,4.979488,0.000000,0.000000,5.000000,0.054190,0
1784328893.648855,CONST330,TRACKING,330,18.960148,25.028278,0.017263,0.043519,4.975709,0.000000,0.000000,5.000000,0.052744,0
1784328893.673802,CONST330,TRACKING,330,18.832560,21.717124,0.019717,0.040126,4.971121,0.000000,0.000000,5.000000,0.053224,0
1784328893.698802,CONST330,TRACKING,330,18.853257,46.738681,0.019717,0.040126,4.971121,0.000000,0.000000,5.000000,0.053224,0
1784328893.723853,CONST330,TRACKING,330,18.961573,25.081399,0.022495,0.035949,4.965847,0.000000,0.000000,5.000000,0.054450,0
1784328893.748803,CONST330,TRACKING,330,18.997102,24.917535,0.024474,0.032572,4.962953,0.000000,0.000000,5.000000,0.055067,0
1784328893.773797,CONST330,TRACKING,330,18.974316,21.948907,0.025903,0.028901,4.960471,0.000000,0.000000,5.000000,0.055396,0
1784328893.798800,CONST330,TRACKING,330,18.940444,46.917763,0.025903,0.028901,4.960471,0.000000,0.000000,5.000000,0.055396,0
1784328893.823803,CONST330,TRACKING,330,18.828200,24.821171,0.026845,0.025010,4.958298,0.000000,0.000000,5.000000,0.055545,0
1784328893.848857,CONST330,TRACKING,330,18.805220,24.968950,0.027591,0.021239,4.957182,0.000000,0.000000,5.000000,0.055188,0
1784328893.873803,CONST330,TRACKING,330,18.820220,21.774848,0.028187,0.017625,4.956568,0.000000,0.000000,5.000000,0.054694,0
1784328893.898801,CONST330,TRACKING,330,18.839964,46.790705,0.028187,0.017625,4.956568,0.000000,0.000000,5.000000,0.054694,0
1784328893.923837,CONST330,TRACKING,330,18.894977,24.999081,0.027743,0.012263,4.953568,0.000000,0.000000,5.000000,0.055462,0
1784328893.948863,CONST330,TRACKING,330,18.861542,24.899185,0.027143,0.007862,4.951012,0.000000,0.000000,5.000000,0.056554,0
1784328893.973844,CONST330,TRACKING,330,18.865074,21.836109,0.026531,0.003567,4.950233,0.000000,0.000000,5.000000,0.056510,0
1784328893.998803,CONST330,TRACKING,330,18.832648,46.762666,0.026531,0.003567,4.950233,0.000000,0.000000,5.000000,0.056510,0
1784328894.023909,CONST330,TRACKING,330,18.824421,25.022196,0.025890,-0.000615,4.950618,0.000000,0.000000,5.000000,0.055761,0
1784328894.048804,CONST330,TRACKING,330,18.863575,24.872746,0.025403,-0.005915,4.952341,0.000000,0.000000,5.000000,0.054329,0
1784328894.073841,CONST330,TRACKING,330,18.836759,21.808510,0.024873,-0.011028,4.955297,0.000000,0.000000,5.000000,0.052332,0
1784328894.098800,CONST330,TRACKING,330,18.875051,46.806150,0.024873,-0.011028,4.955297,0.000000,0.000000,5.000000,0.052332,0
1784328894.123837,CONST330,TRACKING,330,18.930744,25.023342,0.024152,-0.017046,4.959440,0.000000,0.000000,5.000000,0.050189,0
1784328894.148859,CONST330,TRACKING,330,18.868867,24.897528,0.023291,-0.021610,4.962838,0.000000,0.000000,5.000000,0.048892,0
1784328894.173863,CONST330,TRACKING,330,18.866746,21.746157,0.021676,-0.026125,4.965614,0.000000,0.000000,5.000000,0.048320,0
1784328894.198805,CONST330,TRACKING,330,18.823106,46.642487,0.021676,-0.026125,4.965614,0.000000,0.000000,5.000000,0.048320,0
1784328894.223931,CONST330,TRACKING,330,18.997925,25.230659,0.019998,-0.030410,4.967535,0.000000,0.000000,5.000000,0.048772,0
1784328894.248922,CONST330,TRACKING,330,19.193242,25.128522,0.018284,-0.034401,4.970423,0.000000,0.000000,5.000000,0.048913,0
1784328894.273857,CONST330,TRACKING,330,18.865971,21.890448,0.016867,-0.039193,4.974153,0.000000,0.000000,5.000000,0.049886,0
1784328894.298843,CONST330,TRACKING,330,18.864027,46.874884,0.016867,-0.039193,4.974153,0.000000,0.000000,5.000000,0.049886,0
1784328894.323843,CONST330,TRACKING,330,18.877638,24.948274,0.015632,-0.045957,4.979192,0.000000,0.000000,5.000000,0.052815,0
1784328894.348861,CONST330,TRACKING,330,18.919253,24.993369,0.014711,-0.050818,4.982519,0.000000,0.000000,5.000000,0.055718,0
1784328894.373859,CONST330,TRACKING,330,19.049793,22.140954,0.013857,-0.055182,4.984939,0.000000,0.000000,5.000000,0.058855,0
1784328894.398805,CONST330,TRACKING,330,19.271531,47.310614,0.013857,-0.055182,4.984939,0.000000,0.000000,5.000000,0.058855,0
1784328894.423856,CONST330,TRACKING,330,19.387986,25.031310,0.011226,-0.060195,4.985649,0.000000,0.000000,5.000000,0.062893,0
1784328894.448862,CONST330,TRACKING,330,19.387820,24.903668,0.008237,-0.065015,4.986297,0.000000,0.000000,5.000000,0.066952,0
1784328894.473846,CONST330,TRACKING,330,19.345395,22.349264,0.005529,-0.069285,4.986985,0.000000,0.000000,5.000000,0.070713,0
1784328894.498803,CONST330,TRACKING,330,19.256432,47.218127,0.005529,-0.069285,4.986985,0.000000,0.000000,5.000000,0.070713,0
1784328894.523843,CONST330,TRACKING,330,19.401165,25.102650,0.002603,-0.074160,4.986763,0.000000,0.000000,5.000000,0.075377,0
1784328894.548856,CONST330,TRACKING,330,19.357516,24.889059,0.000795,-0.078319,4.985592,0.000000,0.000000,5.000000,0.079637,0
1784328894.573822,CONST330,TRACKING,330,29.942730,31.722234,-0.000822,-0.081955,4.984573,0.000000,0.000000,5.000000,0.083398,1
1784328894.603922,CONST330,TRACKING,330,23.212108,55.086850,-0.000822,-0.081955,4.984573,0.000000,0.000000,5.000000,0.083398,0
1784328894.627240,CONST330,TRACKING,330,20.220767,75.412126,-0.000822,-0.081955,4.984573,0.000000,0.000000,5.000000,0.083398,0
1784328894.648813,CONST330,TRACKING,330,19.034734,20.265028,-0.003640,-0.088458,4.980806,0.000000,0.000000,5.000000,0.090589,0
1784328894.673850,CONST330,TRACKING,330,18.869498,21.849388,-0.004652,-0.093044,4.975748,0.000000,0.000000,5.000000,0.096265,0
1784328894.698811,CONST330,TRACKING,330,19.532429,47.474334,-0.004652,-0.093044,4.975748,0.000000,0.000000,5.000000,0.096265,0
1784328894.723813,CONST330,TRACKING,330,18.894508,24.258001,-0.005823,-0.097951,4.972321,0.000000,0.000000,5.000000,0.101954,0
1784328894.748853,CONST330,TRACKING,330,18.890616,24.931012,-0.006641,-0.101189,4.970793,0.000000,0.000000,5.000000,0.105529,0
1784328894.773852,CONST330,TRACKING,330,18.877876,21.788200,-0.008260,-0.103458,4.969319,0.000000,0.000000,5.000000,0.108227,0
1784328894.798810,CONST330,TRACKING,330,18.918312,46.786613,-0.008260,-0.103458,4.969319,0.000000,0.000000,5.000000,0.108227,0
1784328894.823849,CONST330,TRACKING,330,18.861746,24.878567,-0.010626,-0.104854,4.967463,0.000000,0.000000,5.000000,0.110299,0
1784328894.848860,CONST330,TRACKING,330,18.978385,25.028845,-0.012770,-0.105839,4.965814,0.000000,0.000000,5.000000,0.111954,0
1784328894.873849,CONST330,TRACKING,330,19.659115,22.670875,-0.014693,-0.106283,4.964404,0.000000,0.000000,5.000000,0.113045,0
1784328894.898859,CONST330,TRACKING,330,23.762483,51.787317,-0.014693,-0.106283,4.964404,0.000000,0.000000,5.000000,0.113045,0
1784328894.923854,CONST330,TRACKING,330,18.887347,19.950148,-0.017847,-0.106059,4.958532,0.000000,0.000000,5.000000,0.115268,0
1784328894.948854,CONST330,TRACKING,330,18.852190,24.875627,-0.020282,-0.105329,4.953624,0.000000,0.000000,5.000000,0.116860,0
1784328894.973861,CONST330,TRACKING,330,18.933110,21.776265,-0.022494,-0.103991,4.949747,0.000000,0.000000,5.000000,0.117667,0
1784328894.998806,CONST330,TRACKING,330,18.857551,46.644698,-0.022494,-0.103991,4.949747,0.000000,0.000000,5.000000,0.117667,0
1784328895.023850,CONST330,TRACKING,330,19.862116,25.976598,-0.024499,-0.102122,4.947285,0.000000,0.000000,5.000000,0.117507,0
1784328895.048858,CONST330,TRACKING,330,18.812598,23.893102,-0.025809,-0.100309,4.941987,0.000000,0.000000,5.000000,0.118716,0
1784328895.073808,CONST330,TRACKING,330,18.850358,21.798755,-0.026974,-0.098075,4.937802,0.000000,0.000000,5.000000,0.119226,0
1784328895.098808,CONST330,TRACKING,330,18.827098,46.774838,-0.026974,-0.098075,4.937802,0.000000,0.000000,5.000000,0.119226,0
1784328895.123929,CONST330,TRACKING,330,19.240897,25.471604,-0.028222,-0.094756,4.933664,0.000000,0.000000,5.000000,0.119062,0
1784328895.148861,CONST330,TRACKING,330,18.865857,24.489215,-0.029263,-0.092065,4.932035,0.000000,0.000000,5.000000,0.118117,0
1784328895.173809,CONST330,TRACKING,330,18.793011,21.714456,-0.030819,-0.090186,4.933259,0.000000,0.000000,5.000000,0.116352,0
1784328895.198919,CONST330,TRACKING,330,18.830086,46.861449,-0.030819,-0.090186,4.933259,0.000000,0.000000,5.000000,0.116352,0
1784328895.223917,CONST330,TRACKING,330,18.865045,24.968890,-0.032044,-0.087949,4.937056,0.000000,0.000000,5.000000,0.112800,0
1784328895.248925,CONST330,TRACKING,330,18.940876,25.018078,-0.032968,-0.085482,4.941805,0.000000,0.000000,5.000000,0.108539,0
1784328895.273863,CONST330,TRACKING,330,18.861479,21.839300,-0.034274,-0.081713,4.946325,0.000000,0.000000,5.000000,0.103599,0
1784328895.298806,CONST330,TRACKING,330,18.906204,46.827102,-0.034274,-0.081713,4.946325,0.000000,0.000000,5.000000,0.103599,0
1784328895.323928,CONST330,TRACKING,330,18.895350,25.047579,-0.036230,-0.075459,4.950979,0.000000,0.000000,5.000000,0.097004,0
1784328895.348866,CONST330,TRACKING,330,18.892158,24.863182,-0.037364,-0.070323,4.955559,0.000000,0.000000,5.000000,0.091194,0
1784328895.373846,CONST330,TRACKING,330,18.922885,22.018026,-0.038178,-0.065045,4.960739,0.000000,0.000000,5.000000,0.085029,0
1784328895.398810,CONST330,TRACKING,330,18.889235,46.948360,-0.038178,-0.065045,4.960739,0.000000,0.000000,5.000000,0.085029,0
1784328895.423928,CONST330,TRACKING,330,18.868693,25.004721,-0.037929,-0.060467,4.964131,0.000000,0.000000,5.000000,0.079884,0
1784328895.448933,CONST330,TRACKING,330,19.008954,25.035255,-0.037172,-0.055969,4.966464,0.000000,0.000000,5.000000,0.075092,0
1784328895.473848,CONST330,TRACKING,330,18.817154,21.828976,-0.036171,-0.051271,4.968170,0.000000,0.000000,5.000000,0.070358,0
1784328895.498848,CONST330,TRACKING,330,18.799045,46.811665,-0.036171,-0.051271,4.968170,0.000000,0.000000,5.000000,0.070358,0
1784328895.523860,CONST330,TRACKING,330,19.447385,25.589312,-0.034794,-0.044915,4.968822,0.000000,0.000000,5.000000,0.064808,0
1784328895.548867,CONST330,TRACKING,330,20.138252,25.623452,-0.034131,-0.038763,4.967047,0.000000,0.000000,5.000000,0.061265,0
1784328895.573857,CONST330,TRACKING,330,18.787506,21.788062,-0.033164,-0.032679,4.965942,0.000000,0.000000,5.000000,0.057686,0
1784328895.598846,CONST330,TRACKING,330,18.897160,46.886179,-0.033164,-0.032679,4.965942,0.000000,0.000000,5.000000,0.057686,0
1784328895.623845,CONST330,TRACKING,330,19.102150,25.133978,-0.031950,-0.026763,4.965415,0.000000,0.000000,5.000000,0.054159,0
1784328895.648865,CONST330,TRACKING,330,18.955695,24.803056,-0.030442,-0.021351,4.965957,0.000000,0.000000,5.000000,0.050414,0
1784328895.673861,CONST330,TRACKING,330,18.955435,21.940534,-0.028523,-0.017020,4.965762,0.000000,0.000000,5.000000,0.047702,0
1784328895.698813,CONST330,TRACKING,330,18.877165,46.816309,-0.028523,-0.017020,4.965762,0.000000,0.000000,5.000000,0.047702,0
1784328895.723851,CONST330,TRACKING,330,19.421923,25.498434,-0.026039,-0.011700,4.964842,0.000000,0.000000,5.000000,0.045288,0
1784328895.748860,CONST330,TRACKING,330,18.951700,24.456008,-0.024016,-0.007473,4.964783,0.000000,0.000000,5.000000,0.043277,0
1784328895.773864,CONST330,TRACKING,330,18.938135,22.057390,-0.021892,-0.002952,4.964604,0.000000,0.000000,5.000000,0.041723,0
1784328895.798810,CONST330,TRACKING,330,18.834932,46.900462,-0.021892,-0.002952,4.964604,0.000000,0.000000,5.000000,0.041723,0
1784328895.823864,CONST330,TRACKING,330,18.814505,24.968380,-0.019678,0.001798,4.963719,0.000000,0.000000,5.000000,0.041313,0
1784328895.848866,CONST330,TRACKING,330,18.883135,25.003684,-0.017384,0.006359,4.963681,0.000000,0.000000,5.000000,0.040764,0
1784328895.873864,CONST330,TRACKING,330,18.923658,21.897589,-0.014944,0.010711,4.964436,0.000000,0.000000,5.000000,0.040036,0
1784328895.898808,CONST330,TRACKING,330,18.776179,46.693002,-0.014944,0.010711,4.964436,0.000000,0.000000,5.000000,0.040036,0
1784328895.923850,CONST330,TRACKING,330,19.760344,25.924980,-0.011996,0.016258,4.961847,0.000000,0.000000,5.000000,0.043173,0
1784328895.948868,CONST330,TRACKING,330,18.845139,24.018323,-0.009616,0.020370,4.959965,0.000000,0.000000,5.000000,0.045937,0
1784328895.973858,CONST330,TRACKING,330,18.953048,21.871433,-0.007217,0.024217,4.959020,0.000000,0.000000,5.000000,0.048145,0
1784328895.998809,CONST330,TRACKING,330,18.877787,46.747075,-0.007217,0.024217,4.959020,0.000000,0.000000,5.000000,0.048145,0
1784328896.023813,CONST330,TRACKING,330,18.901597,24.958945,-0.004840,0.027844,4.959395,0.000000,0.000000,5.000000,0.049472,0
1784328896.048870,CONST330,TRACKING,330,18.848861,24.935728,-0.003151,0.030144,4.959168,0.000000,0.000000,5.000000,0.050851,0
1784328896.073864,CONST330,TRACKING,330,18.834796,21.883089,-0.001465,0.032332,4.959923,0.000000,0.000000,5.000000,0.051513,0
1784328896.098812,CONST330,TRACKING,330,18.903250,46.900432,-0.001465,0.032332,4.959923,0.000000,0.000000,5.000000,0.051513,0
1784328896.123918,CONST330,TRACKING,330,18.902017,25.036954,0.000563,0.034894,4.961331,0.000000,0.000000,5.000000,0.052088,0
1784328896.148819,CONST330,TRACKING,330,18.936356,24.872735,0.001926,0.036193,4.963136,0.000000,0.000000,5.000000,0.051697,0
1784328896.173866,CONST330,TRACKING,330,18.865315,21.770160,0.002674,0.035831,4.965680,0.000000,0.000000,5.000000,0.049688,0
1784328896.198810,CONST330,TRACKING,330,18.922085,46.770627,0.002674,0.035831,4.965680,0.000000,0.000000,5.000000,0.049688,0
1784328896.223849,CONST330,TRACKING,330,18.835448,24.890916,0.003534,0.035495,4.968202,0.000000,0.000000,5.000000,0.047786,0
1784328896.248864,CONST330,TRACKING,330,18.884607,25.002114,0.004462,0.035213,4.970092,0.000000,0.000000,5.000000,0.046415,0
1784328896.273816,CONST330,TRACKING,330,18.873947,21.810335,0.005976,0.034457,4.970833,0.000000,0.000000,5.000000,0.045538,0
1784328896.298815,CONST330,TRACKING,330,18.891217,46.823754,0.005976,0.034457,4.970833,0.000000,0.000000,5.000000,0.045538,0
1784328896.323814,CONST330,TRACKING,330,18.855898,24.888342,0.008559,0.033059,4.970654,0.000000,0.000000,5.000000,0.045026,0
1784328896.348851,CONST330,TRACKING,330,18.880733,25.000323,0.010554,0.032005,4.970796,0.000000,0.000000,5.000000,0.044594,0
1784328896.373813,CONST330,TRACKING,330,18.941889,21.868457,0.012416,0.030940,4.972232,0.000000,0.000000,5.000000,0.043387,0
1784328896.398813,CONST330,TRACKING,330,18.840199,46.764560,0.012416,0.030940,4.972232,0.000000,0.000000,5.000000,0.043387,0
1784328896.423863,CONST330,TRACKING,330,19.542563,25.653737,0.013564,0.029302,4.973404,0.000000,0.000000,5.000000,0.041832,0
1784328896.448857,CONST330,TRACKING,330,19.098167,24.467438,0.014516,0.027544,4.974866,0.000000,0.000000,5.000000,0.040013,0
1784328896.473859,CONST330,TRACKING,330,18.948434,21.830518,0.015462,0.025801,4.976970,0.000000,0.000000,5.000000,0.037883,0
1784328896.498816,CONST330,TRACKING,330,18.861544,46.700822,0.015462,0.025801,4.976970,0.000000,0.000000,5.000000,0.037883,0
1784328896.523815,CONST330,TRACKING,330,18.903295,24.957974,0.016617,0.023757,4.980353,0.000000,0.000000,5.000000,0.035022,0
1784328896.548864,CONST330,TRACKING,330,18.904056,24.984440,0.017586,0.022651,4.983589,0.000000,0.000000,5.000000,0.033041,0
1784328896.573816,CONST330,TRACKING,330,18.938315,21.961753,0.018559,0.021486,4.986470,0.000000,0.000000,5.000000,0.031451,0
1784328896.598811,CONST330,TRACKING,330,18.883965,46.902232,0.018559,0.021486,4.986470,0.000000,0.000000,5.000000,0.031451,0
1784328896.623849,CONST330,TRACKING,330,18.873245,24.959151,0.019541,0.020299,4.988297,0.000000,0.000000,5.000000,0.030510,0
1784328896.648867,CONST330,TRACKING,330,18.962679,25.042175,0.020142,0.018997,4.989289,0.000000,0.000000,5.000000,0.029687,0
1784328896.673878,CONST330,TRACKING,330,18.964695,22.085807,0.019716,0.017488,4.987348,0.000000,0.000000,5.000000,0.029234,0
1784328896.698818,CONST330,TRACKING,330,18.863790,46.925339,0.019716,0.017488,4.987348,0.000000,0.000000,5.000000,0.029234,0
1784328896.723865,CONST330,TRACKING,330,18.849379,24.941709,0.019318,0.015703,4.985234,0.000000,0.000000,5.000000,0.028945,0
1784328896.748827,CONST330,TRACKING,330,18.881979,24.930845,0.019114,0.014372,4.983693,0.000000,0.000000,5.000000,0.028945,0
1784328896.773869,CONST330,TRACKING,330,18.933542,21.815668,0.018834,0.013161,4.981345,0.000000,0.000000,5.000000,0.029597,0
1784328896.798813,CONST330,TRACKING,330,18.842256,46.669234,0.018834,0.013161,4.981345,0.000000,0.000000,5.000000,0.029597,0
1784328896.823865,CONST330,TRACKING,330,18.825162,24.969237,0.018442,0.012030,4.978338,0.000000,0.000000,5.000000,0.030888,0
1784328896.848870,CONST330,TRACKING,330,18.850420,24.966865,0.018086,0.010896,4.975879,0.000000,0.000000,5.000000,0.032057,0
1784328896.873869,CONST330,TRACKING,330,18.874105,21.875067,0.017774,0.009702,4.974330,0.000000,0.000000,5.000000,0.032696,0
1784328896.898814,CONST330,TRACKING,330,18.830339,46.775013,0.017774,0.009702,4.974330,0.000000,0.000000,5.000000,0.032696,0
1784328896.923844,CONST330,TRACKING,330,18.809110,24.912617,0.018093,0.009634,4.974123,0.000000,0.000000,5.000000,0.033012,0
1784328896.948825,CONST330,TRACKING,330,18.983896,25.073030,0.018431,0.009738,4.974700,0.000000,0.000000,5.000000,0.032781,0
1784328896.973871,CONST330,TRACKING,330,18.974283,21.909142,0.018771,0.009773,4.975388,0.000000,0.000000,5.000000,0.032459,0
1784328896.998815,CONST330,TRACKING,330,18.863881,46.742013,0.018771,0.009773,4.975388,0.000000,0.000000,5.000000,0.032459,0
1784328897.023817,CONST330,TRACKING,330,18.858146,24.926317,0.019080,0.009730,4.975535,0.000000,0.000000,5.000000,0.032515,0
1784328897.048869,CONST330,TRACKING,330,18.801492,24.926119,0.017276,0.006248,4.974289,0.000000,0.000000,5.000000,0.031600,0
1784328897.073865,CONST330,TRACKING,330,18.864199,21.830611,0.015578,0.003160,4.973665,0.000000,0.000000,5.000000,0.030760,0
1784328897.098816,CONST330,TRACKING,330,18.855328,46.772036,0.015578,0.003160,4.973665,0.000000,0.000000,5.000000,0.030760,0
1784328897.123857,CONST330,TRACKING,330,18.784340,24.905209,0.013511,-0.000373,4.972407,0.000000,0.000000,5.000000,0.030725,0
1784328897.148872,CONST330,TRACKING,330,18.933001,25.104247,0.011923,-0.002253,4.971462,0.000000,0.000000,5.000000,0.031010,0
1784328897.173867,CONST330,TRACKING,330,18.822485,21.767208,0.010458,-0.001915,4.970404,0.000000,0.000000,5.000000,0.031448,0
1784328897.198815,CONST330,TRACKING,330,18.821941,46.715146,0.010458,-0.001915,4.970404,0.000000,0.000000,5.000000,0.031448,0
1784328897.223856,CONST330,TRACKING,330,18.811808,24.967739,0.009108,-0.001554,4.969335,0.000000,0.000000,5.000000,0.032027,0
1784328897.248882,CONST330,TRACKING,330,18.836250,24.989025,0.007858,-0.001272,4.968647,0.000000,0.000000,5.000000,0.032348,0
1784328897.273868,CONST330,TRACKING,330,18.861407,21.672834,0.006510,-0.000324,4.967813,0.000000,0.000000,5.000000,0.032841,0
1784328897.298816,CONST330,TRACKING,330,18.948425,46.708052,0.006510,-0.000324,4.967813,0.000000,0.000000,5.000000,0.032841,0
1784328897.323819,CONST330,TRACKING,330,18.877341,24.862662,0.004714,0.001562,4.967050,0.000000,0.000000,5.000000,0.033323,0
1784328897.348867,CONST330,TRACKING,330,18.797498,24.909221,0.003368,0.002904,4.966511,0.000000,0.000000,5.000000,0.033783,0
1784328897.373818,CONST330,TRACKING,330,18.928525,21.907964,0.002154,0.004161,4.965975,0.000000,0.000000,5.000000,0.034346,0
1784328897.398817,CONST330,TRACKING,330,18.876324,46.853066,0.002154,0.004161,4.965975,0.000000,0.000000,5.000000,0.034346,0
1784328897.423882,CONST330,TRACKING,330,18.839242,24.922369,-0.000331,0.003980,4.964829,0.000000,0.000000,5.000000,0.035397,0
1784328897.448829,CONST330,TRACKING,330,18.879143,24.903574,-0.003024,0.003386,4.964724,0.000000,0.000000,5.000000,0.035567,0
1784328897.473871,CONST330,TRACKING,330,18.880663,21.809913,-0.005549,0.002793,4.965127,0.000000,0.000000,5.000000,0.035421,0
1784328897.498817,CONST330,TRACKING,330,18.850927,46.726190,-0.005549,0.002793,4.965127,0.000000,0.000000,5.000000,0.035421,0
1784328897.523869,CONST330,TRACKING,330,18.845849,24.978266,-0.008578,0.002393,4.965434,0.000000,0.000000,5.000000,0.035695,0
1784328897.548870,CONST330,TRACKING,330,18.837002,24.925563,-0.010798,0.003506,4.963633,0.000000,0.000000,5.000000,0.038098,0
1784328897.573862,CONST330,TRACKING,330,18.829449,21.821509,-0.012825,0.004564,4.961794,0.000000,0.000000,5.000000,0.040558,0
1784328897.598817,CONST330,TRACKING,330,18.830104,46.777230,-0.012825,0.004564,4.961794,0.000000,0.000000,5.000000,0.040558,0
1784328897.623870,CONST330,TRACKING,330,18.821772,24.978106,-0.014600,0.005608,4.960279,0.000000,0.000000,5.000000,0.042690,0
1784328897.648876,CONST330,TRACKING,330,18.920696,25.041876,-0.015958,0.006544,4.959647,0.000000,0.000000,5.000000,0.043885,0
1784328897.673828,CONST330,TRACKING,330,18.796205,21.785238,-0.016745,0.007375,4.959157,0.000000,0.000000,5.000000,0.044754,0
1784328897.698817,CONST330,TRACKING,330,18.876841,46.856880,-0.016745,0.007375,4.959157,0.000000,0.000000,5.000000,0.044754,0
1784328897.723943,CONST330,TRACKING,330,18.937696,25.106706,-0.017549,0.008351,4.959058,0.000000,0.000000,5.000000,0.045321,0
1784328897.748935,CONST330,TRACKING,330,18.856210,24.836517,-0.018029,0.009091,4.958921,0.000000,0.000000,5.000000,0.045773,0
1784328897.773871,CONST330,TRACKING,330,18.935634,21.954154,-0.018549,0.010857,4.957941,0.000000,0.000000,5.000000,0.047233,0
1784328897.798820,CONST330,TRACKING,330,18.907470,46.874479,-0.018549,0.010857,4.957941,0.000000,0.000000,5.000000,0.047233,0
1784328897.823941,CONST330,TRACKING,330,18.912025,25.052867,-0.019073,0.013565,4.957363,0.000000,0.000000,5.000000,0.048638,0
1784328897.848925,CONST330,TRACKING,330,18.901178,24.908006,-0.019423,0.016045,4.957889,0.000000,0.000000,5.000000,0.049072,0
1784328897.873871,CONST330,TRACKING,330,18.896284,21.823354,-0.019618,0.018263,4.958812,0.000000,0.000000,5.000000,0.049141,0
1784328897.898820,CONST330,TRACKING,330,18.912928,46.789524,-0.019618,0.018263,4.958812,0.000000,0.000000,5.000000,0.049141,0
1784328897.923872,CONST330,TRACKING,330,18.814769,24.856477,-0.022031,0.022048,4.960542,0.000000,0.000000,5.000000,0.050283,0
1784328897.948947,CONST330,TRACKING,330,19.049760,25.218652,-0.024104,0.025013,4.962157,0.000000,0.000000,5.000000,0.051369,0
1784328897.973879,CONST330,TRACKING,330,18.988310,21.924630,-0.025882,0.027659,4.964465,0.000000,0.000000,5.000000,0.051939,0
1784328897.998821,CONST330,TRACKING,330,18.896312,46.773279,-0.025882,0.027659,4.964465,0.000000,0.000000,5.000000,0.051939,0
1784328898.023941,CONST330,TRACKING,330,18.877478,25.031764,-0.027392,0.030049,4.966714,0.000000,0.000000,5.000000,0.052547,0
1784328898.048934,CONST330,TRACKING,330,18.896134,24.944071,-0.030347,0.033476,4.969004,0.000000,0.000000,5.000000,0.054794,0
1784328898.073862,CONST330,TRACKING,330,18.944751,21.912919,-0.032907,0.036526,4.970864,0.000000,0.000000,5.000000,0.057148,0
1784328898.098822,CONST330,TRACKING,330,18.995522,46.923430,-0.032907,0.036526,4.970864,0.000000,0.000000,5.000000,0.057148,0
1784328898.123929,CONST330,TRACKING,330,18.850600,24.893941,-0.035606,0.039901,4.972012,0.000000,0.000000,5.000000,0.060359,0
1784328898.148944,CONST330,TRACKING,330,18.944789,25.049535,-0.037486,0.041898,4.972309,0.000000,0.000000,5.000000,0.062669,0
1784328898.173874,CONST330,TRACKING,330,18.919205,21.828997,-0.039282,0.042507,4.973060,0.000000,0.000000,5.000000,0.063841,0
1784328898.198822,CONST330,TRACKING,330,18.899841,46.758051,-0.039282,0.042507,4.973060,0.000000,0.000000,5.000000,0.063841,0
1784328898.223862,CONST330,TRACKING,330,18.916720,24.984658,-0.041144,0.043053,4.974765,0.000000,0.000000,5.000000,0.064677,0
1784328898.248874,CONST330,TRACKING,330,19.021285,25.048158,-0.042045,0.043320,4.975729,0.000000,0.000000,5.000000,0.065065,0
1784328898.273822,CONST330,TRACKING,330,19.034420,22.014911,-0.042167,0.043286,4.976610,0.000000,0.000000,5.000000,0.064799,0
1784328898.298824,CONST330,TRACKING,330,18.893790,46.875870,-0.042167,0.043286,4.976610,0.000000,0.000000,5.000000,0.064799,0
1784328898.323923,CONST330,TRACKING,330,18.862163,24.994549,-0.041082,0.042758,4.977701,0.000000,0.000000,5.000000,0.063350,0
1784328898.348943,CONST330,TRACKING,330,18.873072,24.968885,-0.040127,0.042265,4.979523,0.000000,0.000000,5.000000,0.061772,0
1784328898.373876,CONST330,TRACKING,330,19.372624,22.360901,-0.039105,0.041608,4.981410,0.000000,0.000000,5.000000,0.060050,0
1784328898.398823,CONST330,TRACKING,330,19.234706,47.170884,-0.039105,0.041608,4.981410,0.000000,0.000000,5.000000,0.060050,0
1784328898.423946,CONST330,TRACKING,330,19.506285,25.290007,-0.039289,0.041969,4.980385,0.000000,0.000000,5.000000,0.060744,0
1784328898.448940,CONST330,TRACKING,330,19.771457,25.167094,-0.039755,0.042424,4.978183,0.000000,0.000000,5.000000,0.062099,0
1784328898.473875,CONST330,TRACKING,330,18.848166,21.896634,-0.040127,0.042556,4.976087,0.000000,0.000000,5.000000,0.063191,0
1784328898.498820,CONST330,TRACKING,330,18.819661,46.813288,-0.040127,0.042556,4.976087,0.000000,0.000000,5.000000,0.063191,0
1784328898.523862,CONST330,TRACKING,330,18.880582,25.030323,-0.040947,0.042029,4.973547,0.000000,0.000000,5.000000,0.064365,0
1784328898.548876,CONST330,TRACKING,330,18.859644,24.921331,-0.043123,0.040571,4.970277,0.000000,0.000000,5.000000,0.066250,0
1784328898.573865,CONST330,TRACKING,330,18.925280,21.924387,-0.044858,0.038996,4.968300,0.000000,0.000000,5.000000,0.067364,0
1784328898.598824,CONST330,TRACKING,330,18.897643,46.855119,-0.044858,0.038996,4.968300,0.000000,0.000000,5.000000,0.067364,0
1784328898.623876,CONST330,TRACKING,330,18.863035,24.945117,-0.046187,0.037354,4.967509,0.000000,0.000000,5.000000,0.067707,0
1784328898.648828,CONST330,TRACKING,330,18.937923,24.958117,-0.047227,0.035500,4.966944,0.000000,0.000000,5.000000,0.067700,0
1784328898.673874,CONST330,TRACKING,330,18.837694,21.812150,-0.048050,0.033302,4.964844,0.000000,0.000000,5.000000,0.068219,0
1784328898.698823,CONST330,TRACKING,330,18.918642,46.842970,-0.048050,0.033302,4.964844,0.000000,0.000000,5.000000,0.068219,0
1784328898.723861,CONST330,TRACKING,330,18.885687,24.902248,-0.048614,0.030571,4.962796,0.000000,0.000000,5.000000,0.068426,0
1784328898.748829,CONST330,TRACKING,330,18.889788,24.889634,-0.048630,0.028428,4.961566,0.000000,0.000000,5.000000,0.068192,0
1784328898.773855,CONST330,TRACKING,330,18.926481,21.842471,-0.048752,0.026187,4.959219,0.000000,0.000000,5.000000,0.068743,0
1784328898.798822,CONST330,TRACKING,330,18.847115,46.730213,-0.048752,0.026187,4.959219,0.000000,0.000000,5.000000,0.068743,0
1784328898.823825,CONST330,TRACKING,330,18.909199,24.998451,-0.048939,0.023844,4.955855,0.000000,0.000000,5.000000,0.070088,0
1784328898.848883,CONST330,TRACKING,330,18.967638,25.056162,-0.048707,0.021539,4.952618,0.000000,0.000000,5.000000,0.071284,0
1784328898.873868,CONST330,TRACKING,330,18.886578,21.931333,-0.048032,0.019298,4.950728,0.000000,0.000000,5.000000,0.071465,0
1784328898.898824,CONST330,TRACKING,330,18.832763,46.832367,-0.048032,0.019298,4.950728,0.000000,0.000000,5.000000,0.071465,0
1784328898.923865,CONST330,TRACKING,330,18.815521,24.924347,-0.045861,0.018164,4.947399,0.000000,0.000000,5.000000,0.072111,0
1784328898.948895,CONST330,TRACKING,330,19.045119,25.174253,-0.043825,0.017471,4.944592,0.000000,0.000000,5.000000,0.072773,0
1784328898.973867,CONST330,TRACKING,330,18.792668,21.708959,-0.041681,0.016667,4.941466,0.000000,0.000000,5.000000,0.073766,0
1784328898.998824,CONST330,TRACKING,330,18.898452,46.771885,-0.041681,0.016667,4.941466,0.000000,0.000000,5.000000,0.073766,0
1784328899.023860,CONST330,TRACKING,330,18.877064,24.943689,-0.039438,0.015790,4.937982,0.000000,0.000000,5.000000,0.075173,0
1784328899.048880,CONST330,TRACKING,330,18.845872,24.914352,-0.035661,0.014760,4.936695,0.000000,0.000000,5.000000,0.074143,0
1784328899.073857,CONST330,TRACKING,330,18.902678,21.875354,-0.031897,0.013671,4.938013,0.000000,0.000000,5.000000,0.071041,0
1784328899.098825,CONST330,TRACKING,330,18.875523,46.815243,-0.031897,0.013671,4.938013,0.000000,0.000000,5.000000,0.071041,0
1784328899.123864,CONST330,TRACKING,330,18.807196,24.897448,-0.027112,0.012325,4.942480,0.000000,0.000000,5.000000,0.064773,0
1784328899.148876,CONST330,TRACKING,330,18.767623,24.911719,-0.023431,0.011598,4.947161,0.000000,0.000000,5.000000,0.058953,0
1784328899.173884,CONST330,TRACKING,330,18.863045,21.813398,-0.020104,0.011774,4.952204,0.000000,0.000000,5.000000,0.053172,0
1784328899.198825,CONST330,TRACKING,330,18.906761,46.796881,-0.020104,0.011774,4.952204,0.000000,0.000000,5.000000,0.053172,0
1784328899.223880,CONST330,TRACKING,330,18.853925,24.925373,-0.016747,0.011807,4.956575,0.000000,0.000000,5.000000,0.048017,0
1784328899.248878,CONST330,TRACKING,330,18.842172,24.919322,-0.013395,0.011649,4.960707,0.000000,0.000000,5.000000,0.043117,0
1784328899.273856,CONST330,TRACKING,330,18.889411,21.988214,-0.010429,0.011883,4.964538,0.000000,0.000000,5.000000,0.038827,0
1784328899.298823,CONST330,TRACKING,330,18.852425,46.916573,-0.010429,0.011883,4.964538,0.000000,0.000000,5.000000,0.038827,0
1784328899.323827,CONST330,TRACKING,330,18.912616,24.997567,-0.007204,0.012438,4.968255,0.000000,0.000000,5.000000,0.034848,0
1784328899.348831,CONST330,TRACKING,330,18.865905,24.894279,-0.004667,0.012642,4.971202,0.000000,0.000000,5.000000,0.031795,0
1784328899.373879,CONST330,TRACKING,330,18.898822,21.892365,-0.002140,0.012623,4.973662,0.000000,0.000000,5.000000,0.029285,0
1784328899.398824,CONST330,TRACKING,330,18.851513,46.790191,-0.002140,0.012623,4.973662,0.000000,0.000000,5.000000,0.029285,0
1784328899.423879,CONST330,TRACKING,330,18.851419,24.950892,0.000719,0.013168,4.973701,0.000000,0.000000,5.000000,0.029421,0
1784328899.448883,CONST330,TRACKING,330,18.916349,24.987976,0.003501,0.013761,4.973372,0.000000,0.000000,5.000000,0.030178,0
1784328899.473829,CONST330,TRACKING,330,18.897128,21.928993,0.006129,0.014213,4.973210,0.000000,0.000000,5.000000,0.030940,0
1784328899.498826,CONST330,TRACKING,330,19.263207,47.293998,0.006129,0.014213,4.973210,0.000000,0.000000,5.000000,0.030940,0
1784328899.523866,CONST330,TRACKING,330,19.375535,25.064936,0.008476,0.014477,4.972635,0.000000,0.000000,5.000000,0.032098,0
1784328899.548869,CONST330,TRACKING,330,19.377561,24.926851,0.007683,0.014206,4.970853,0.000000,0.000000,5.000000,0.033323,0
1784328899.573878,CONST330,TRACKING,330,19.376734,22.296003,0.007144,0.013956,4.969213,0.000000,0.000000,5.000000,0.034550,0
1784328899.598826,CONST330,TRACKING,330,19.274066,47.141914,0.007144,0.013956,4.969213,0.000000,0.000000,5.000000,0.034550,0
1784328899.623880,CONST330,TRACKING,330,19.290784,24.994175,0.006773,0.013728,4.968179,0.000000,0.000000,5.000000,0.035311,0
1784328899.648881,CONST330,TRACKING,330,19.445253,25.082098,0.006736,0.013362,4.967172,0.000000,0.000000,5.000000,0.036078,0
1784328899.673879,CONST330,TRACKING,330,19.342519,22.464625,0.007298,0.012609,4.965181,0.000000,0.000000,5.000000,0.037744,0
1784328899.698829,CONST330,TRACKING,330,19.308044,47.380169,0.007298,0.012609,4.965181,0.000000,0.000000,5.000000,0.037744,0
1784328899.723883,CONST330,TRACKING,330,19.383814,25.036140,0.008020,0.011610,4.963074,0.000000,0.000000,5.000000,0.039530,0
1784328899.748884,CONST330,TRACKING,330,19.039641,24.566467,0.008578,0.010695,4.962838,0.000000,0.000000,5.000000,0.039610,0
1784328899.773867,CONST330,TRACKING,330,18.859497,21.885309,0.009321,0.009948,4.961692,0.000000,0.000000,5.000000,0.040662,0
1784328899.798827,CONST330,TRACKING,330,18.878568,46.860071,0.009321,0.009948,4.961692,0.000000,0.000000,5.000000,0.040662,0
1784328899.823865,CONST330,TRACKING,330,18.858022,24.948928,0.010220,0.009341,4.959606,0.000000,0.000000,5.000000,0.042701,0
1784328899.848833,CONST330,TRACKING,330,18.872929,24.918117,0.011095,0.008748,4.957850,0.000000,0.000000,5.000000,0.044456,0
1784328899.873881,CONST330,TRACKING,330,18.848289,21.888321,0.011942,0.007998,4.955937,0.000000,0.000000,5.000000,0.046348,0
1784328899.898826,CONST330,TRACKING,330,18.836717,46.823573,0.011942,0.007998,4.955937,0.000000,0.000000,5.000000,0.046348,0
1784328899.923871,CONST330,TRACKING,330,18.906969,25.012439,0.012893,0.007037,4.951155,0.000000,0.000000,5.000000,0.051006,0
1784328899.948884,CONST330,TRACKING,330,18.882880,24.907732,0.013695,0.006197,4.948369,0.000000,0.000000,5.000000,0.053775,0
1784328899.973829,CONST330,TRACKING,330,18.828242,21.664657,0.014578,0.005293,4.946427,0.000000,0.000000,5.000000,0.055773,0
1784328899.998829,CONST330,TRACKING,330,18.962027,46.798795,0.014578,0.005293,4.946427,0.000000,0.000000,5.000000,0.055773,0
1784328900.023873,CONST330,TRACKING,330,18.867271,24.855761,0.015615,0.004273,4.944902,0.000000,0.000000,5.000000,0.057427,0
1784328900.048885,CONST330,TRACKING,330,18.968587,25.042427,0.016176,0.003834,4.944438,0.000000,0.000000,5.000000,0.057995,0
1784328900.073869,CONST330,TRACKING,330,18.886283,21.549482,0.016761,0.003265,4.944394,0.000000,0.000000,5.000000,0.058169,0
1784328900.098829,CONST330,TRACKING,330,18.971338,46.593381,0.016761,0.003265,4.944394,0.000000,0.000000,5.000000,0.058169,0
1784328900.123869,CONST330,TRACKING,330,18.929809,24.930313,0.017401,0.002344,4.946666,0.000000,0.000000,5.000000,0.056150,0
1784328900.148883,CONST330,TRACKING,330,18.845612,24.868080,0.017663,0.001572,4.948882,0.000000,0.000000,5.000000,0.054107,0
1784328900.173883,CONST330,TRACKING,330,18.888515,21.768634,0.017584,0.000878,4.951531,0.000000,0.000000,5.000000,0.051568,0
1784328900.198828,CONST330,TRACKING,330,18.920163,46.746168,0.017584,0.000878,4.951531,0.000000,0.000000,5.000000,0.051568,0
1784328900.223865,CONST330,TRACKING,330,18.903852,24.953522,0.017405,0.000104,4.955420,0.000000,0.000000,5.000000,0.047857,0
1784328900.248886,CONST330,TRACKING,330,18.834587,24.883934,0.017067,-0.000695,4.959230,0.000000,0.000000,5.000000,0.044204,0
1784328900.273870,CONST330,TRACKING,330,18.884921,21.925101,0.017378,-0.001245,4.962276,0.000000,0.000000,5.000000,0.041553,0
1784328900.298830,CONST330,TRACKING,330,18.890483,46.890485,0.017378,-0.001245,4.962276,0.000000,0.000000,5.000000,0.041553,0
1784328900.323870,CONST330,TRACKING,330,18.935423,25.015568,0.018449,-0.001610,4.965199,0.000000,0.000000,5.000000,0.039422,0
1784328900.348886,CONST330,TRACKING,330,18.906132,24.920897,0.019077,-0.001939,4.967194,0.000000,0.000000,5.000000,0.037999,0
1784328900.373871,CONST330,TRACKING,330,18.861489,21.898293,0.019530,-0.002364,4.969464,0.000000,0.000000,5.000000,0.036325,0
1784328900.398830,CONST330,TRACKING,330,18.865720,46.861534,0.019530,-0.002364,4.969464,0.000000,0.000000,5.000000,0.036325,0
1784328900.423870,CONST330,TRACKING,330,18.883114,24.958817,0.019801,-0.003132,4.971077,0.000000,0.000000,5.000000,0.035191,0
1784328900.448880,CONST330,TRACKING,330,19.060080,25.102882,0.019912,-0.004030,4.972409,0.000000,0.000000,5.000000,0.034264,0
1784328900.473876,CONST330,TRACKING,330,18.895962,21.908119,0.019856,-0.004910,4.973566,0.000000,0.000000,5.000000,0.033423,0
1784328900.498872,CONST330,TRACKING,330,18.831556,46.839430,0.019856,-0.004910,4.973566,0.000000,0.000000,5.000000,0.033423,0
1784328900.523877,CONST330,TRACKING,330,18.884163,24.987885,0.019644,-0.006432,4.975515,0.000000,0.000000,5.000000,0.032043,0
1784328900.548887,CONST330,TRACKING,330,18.929221,24.986725,0.019466,-0.008931,4.976146,0.000000,0.000000,5.000000,0.032058,0
1784328900.573883,CONST330,TRACKING,330,18.893007,21.809546,0.019286,-0.011115,4.975813,0.000000,0.000000,5.000000,0.032871,0
1784328900.598830,CONST330,TRACKING,330,18.828546,46.690962,0.019286,-0.011115,4.975813,0.000000,0.000000,5.000000,0.032871,0
1784328900.623886,CONST330,TRACKING,330,18.809601,24.969491,0.019083,-0.013165,4.974921,0.000000,0.000000,5.000000,0.034153,0
1784328900.648887,CONST330,TRACKING,330,18.944283,25.067194,0.018706,-0.015189,4.973766,0.000000,0.000000,5.000000,0.035621,0
1784328900.673881,CONST330,TRACKING,330,19.090263,22.092938,0.017701,-0.017454,4.972573,0.000000,0.000000,5.000000,0.037016,0
1784328900.698831,CONST330,TRACKING,330,18.858584,46.811001,0.017701,-0.017454,4.972573,0.000000,0.000000,5.000000,0.037016,0
1784328900.723834,CONST330,TRACKING,330,19.008627,25.064650,0.016464,-0.020080,4.972060,0.000000,0.000000,5.000000,0.038143,0
1784328900.748834,CONST330,TRACKING,330,18.891100,24.806623,0.015418,-0.021938,4.972099,0.000000,0.000000,5.000000,0.038697,0
1784328900.773875,CONST330,TRACKING,330,18.857795,21.823099,0.015049,-0.023628,4.971838,0.000000,0.000000,5.000000,0.039723,0
1784328900.798830,CONST330,TRACKING,330,18.910174,46.827062,0.015049,-0.023628,4.971838,0.000000,0.000000,5.000000,0.039723,0
1784328900.823834,CONST330,TRACKING,330,18.913481,24.931670,0.015241,-0.025197,4.972040,0.000000,0.000000,5.000000,0.040608,0
1784328900.848886,CONST330,TRACKING,330,18.964588,25.028383,0.015139,-0.026610,4.972910,0.000000,0.000000,5.000000,0.040880,0
1784328900.873884,CONST330,TRACKING,330,18.932733,22.004584,0.014786,-0.027859,4.974447,0.000000,0.000000,5.000000,0.040592,0
1784328900.898832,CONST330,TRACKING,330,18.844122,46.864266,0.014786,-0.027859,4.974447,0.000000,0.000000,5.000000,0.040592,0
1784328900.923865,CONST330,TRACKING,330,18.936861,25.030911,0.013086,-0.029025,4.972054,0.000000,0.000000,5.000000,0.042363,0
1784328900.948892,CONST330,TRACKING,330,19.153740,25.159589,0.011379,-0.029686,4.969818,0.000000,0.000000,5.000000,0.043837,0
1784328900.973887,CONST330,TRACKING,330,18.925386,21.936989,0.009561,-0.030182,4.967638,0.000000,0.000000,5.000000,0.045274,0
1784328900.998833,CONST330,TRACKING,330,18.881379,46.838605,0.009561,-0.030182,4.967638,0.000000,0.000000,5.000000,0.045274,0
1784328901.023835,CONST330,TRACKING,330,18.909347,24.966710,0.007680,-0.030477,4.965645,0.000000,0.000000,5.000000,0.046562,0
1784328901.048877,CONST330,TRACKING,330,18.900179,24.969858,0.004944,-0.029300,4.962392,0.000000,0.000000,5.000000,0.047930,0
1784328901.073887,CONST330,TRACKING,330,18.884801,21.936378,0.002287,-0.027965,4.961045,0.000000,0.000000,5.000000,0.048008,0
1784328901.098833,CONST330,TRACKING,330,18.847757,46.846023,0.002287,-0.027965,4.961045,0.000000,0.000000,5.000000,0.048008,0
1784328901.123947,CONST330,TRACKING,330,18.895684,25.096319,-0.000860,-0.026212,4.961506,0.000000,0.000000,5.000000,0.046578,0
1784328901.148963,CONST330,TRACKING,330,18.894696,24.953179,-0.003051,-0.024526,4.962162,0.000000,0.000000,5.000000,0.045195,0
1784328901.173836,CONST330,TRACKING,330,18.831053,21.633013,-0.004623,-0.021899,4.962345,0.000000,0.000000,5.000000,0.043805,0
1784328901.198835,CONST330,TRACKING,330,18.820337,46.621737,-0.004623,-0.021899,4.962345,0.000000,0.000000,5.000000,0.043805,0
1784328901.223873,CONST330,TRACKING,330,18.777941,24.930990,-0.006059,-0.019432,4.963198,0.000000,0.000000,5.000000,0.042056,0
1784328901.248892,CONST330,TRACKING,330,18.866258,25.041491,-0.007353,-0.017031,4.964149,0.000000,0.000000,5.000000,0.040366,0
1784328901.273890,CONST330,TRACKING,330,18.848937,21.920492,-0.008510,-0.013977,4.964165,0.000000,0.000000,5.000000,0.039395,0
1784328901.298834,CONST330,TRACKING,330,18.881163,46.895133,-0.008510,-0.013977,4.964165,0.000000,0.000000,5.000000,0.039395,0
1784328901.323879,CONST330,TRACKING,330,18.842032,24.942405,-0.009784,-0.009672,4.963759,0.000000,0.000000,5.000000,0.038764,0
1784328901.348888,CONST330,TRACKING,330,18.935193,25.037208,-0.010683,-0.006411,4.963729,0.000000,0.000000,5.000000,0.038351,0
1784328901.373888,CONST330,TRACKING,330,18.913804,21.923623,-0.011533,-0.003243,4.964435,0.000000,0.000000,5.000000,0.037529,0
1784328901.398834,CONST330,TRACKING,330,18.931320,46.886942,-0.011533,-0.003243,4.964435,0.000000,0.000000,5.000000,0.037529,0
1784328901.423851,CONST330,TRACKING,330,18.914733,24.906407,-0.011737,0.001317,4.963774,0.000000,0.000000,5.000000,0.038103,0
1784328901.448899,CONST330,TRACKING,330,18.851439,24.890064,-0.011737,0.006136,4.962303,0.000000,0.000000,5.000000,0.039956,0
1784328901.473875,CONST330,TRACKING,330,18.857232,21.939977,-0.011693,0.010703,4.960457,0.000000,0.000000,5.000000,0.042602,0
1784328901.498836,CONST330,TRACKING,330,18.855958,46.899854,-0.011693,0.010703,4.960457,0.000000,0.000000,5.000000,0.042602,0
1784328901.523837,CONST330,TRACKING,330,18.820324,24.893839,-0.011148,0.015892,4.959852,0.000000,0.000000,5.000000,0.044595,0
1784328901.548896,CONST330,TRACKING,330,18.791146,24.964694,-0.009263,0.019181,4.959418,0.000000,0.000000,5.000000,0.045832,0
1784328901.573888,CONST330,TRACKING,330,18.863047,21.882141,-0.007438,0.022337,4.958690,0.000000,0.000000,5.000000,0.047548,0
1784328901.598836,CONST330,TRACKING,330,18.821415,46.788878,-0.007438,0.022337,4.958690,0.000000,0.000000,5.000000,0.047548,0
1784328901.623877,CONST330,TRACKING,330,19.046973,25.178745,-0.005668,0.025353,4.957675,0.000000,0.000000,5.000000,0.049662,0
1784328901.648893,CONST330,TRACKING,330,18.850751,24.746635,-0.003259,0.028061,4.957059,0.000000,0.000000,5.000000,0.051400,0
1784328901.673885,CONST330,TRACKING,330,18.869543,21.894693,0.001017,0.030184,4.957058,0.000000,0.000000,5.000000,0.052499,0
1784328901.698837,CONST330,TRACKING,330,18.838644,46.814502,0.001017,0.030184,4.957058,0.000000,0.000000,5.000000,0.052499,0
1784328901.723943,CONST330,TRACKING,330,19.312812,25.498999,0.006104,0.032729,4.958055,0.000000,0.000000,5.000000,0.053552,0
1784328901.748892,CONST330,TRACKING,330,18.931023,24.496033,0.009905,0.034670,4.958730,0.000000,0.000000,5.000000,0.054803,0
1784328901.773891,CONST330,TRACKING,330,18.868264,21.946380,0.014548,0.036721,4.958012,0.000000,0.000000,5.000000,0.057646,0
1784328901.798881,CONST330,TRACKING,330,18.896025,46.964050,0.014548,0.036721,4.958012,0.000000,0.000000,5.000000,0.057646,0
1784328901.823838,CONST330,TRACKING,330,19.869074,25.864602,0.019806,0.038863,4.957281,0.000000,0.000000,5.000000,0.061054,0
1784328901.848883,CONST330,TRACKING,330,18.886852,23.998225,0.024442,0.040908,4.958838,0.000000,0.000000,5.000000,0.062970,0
1784328901.873891,CONST330,TRACKING,330,18.882307,22.015632,0.028612,0.042749,4.961132,0.000000,0.000000,5.000000,0.064474,0
1784328901.898836,CONST330,TRACKING,330,19.469231,47.549083,0.028612,0.042749,4.961132,0.000000,0.000000,5.000000,0.064474,0
1784328901.923854,CONST330,TRACKING,330,19.037225,24.488269,0.033047,0.043893,4.965916,0.000000,0.000000,5.000000,0.064656,0
1784328901.948898,CONST330,TRACKING,330,18.898366,24.828891,0.036152,0.044473,4.969761,0.000000,0.000000,5.000000,0.064801,0
1784328901.973880,CONST330,TRACKING,330,18.892971,21.870619,0.038850,0.044897,4.973470,0.000000,0.000000,5.000000,0.065030,0
1784328901.998836,CONST330,TRACKING,330,19.716318,47.648568,0.038850,0.044897,4.973470,0.000000,0.000000,5.000000,0.065030,0
1784328902.023880,CONST330,TRACKING,330,18.920263,24.168753,0.041226,0.045205,4.976714,0.000000,0.000000,5.000000,0.065462,0
1784328902.048894,CONST330,TRACKING,330,18.936819,24.966099,0.045417,0.043210,4.979647,0.000000,0.000000,5.000000,0.065909,0
1784328902.073892,CONST330,TRACKING,330,18.896781,21.964965,0.049088,0.041283,4.982312,0.000000,0.000000,5.000000,0.066534,0
1784328902.098836,CONST330,TRACKING,330,18.896497,46.909002,0.049088,0.041283,4.982312,0.000000,0.000000,5.000000,0.066534,0
1784328902.123878,CONST330,TRACKING,330,18.884777,24.964125,0.052968,0.039063,4.985361,0.000000,0.000000,5.000000,0.067423,0
1784328902.148896,CONST330,TRACKING,330,18.911393,24.979980,0.056027,0.036638,4.986732,0.000000,0.000000,5.000000,0.068245,0
1784328902.173892,CONST330,TRACKING,330,19.318817,22.253940,0.059970,0.032190,4.987082,0.000000,0.000000,5.000000,0.069279,0
1784328902.198840,CONST330,TRACKING,330,19.274879,47.158315,0.059970,0.032190,4.987082,0.000000,0.000000,5.000000,0.069279,0
1784328902.223840,CONST330,TRACKING,330,19.363190,25.024083,0.063431,0.027872,4.987444,0.000000,0.000000,5.000000,0.070413,0
1784328902.248953,CONST330,TRACKING,330,19.328283,25.006095,0.066439,0.023728,4.987880,0.000000,0.000000,5.000000,0.071583,0
1784328902.273887,CONST330,TRACKING,330,19.075189,22.158611,0.069059,0.020356,4.988374,0.000000,0.000000,5.000000,0.072930,0
1784328902.298841,CONST330,TRACKING,330,19.254253,47.291301,0.069059,0.020356,4.988374,0.000000,0.000000,5.000000,0.072930,0
1784328902.323950,CONST330,TRACKING,330,19.374653,25.163725,0.071852,0.016920,4.988319,0.000000,0.000000,5.000000,0.074736,0
1784328902.348842,CONST330,TRACKING,330,19.353472,24.805954,0.073678,0.014161,4.987725,0.000000,0.000000,5.000000,0.076024,0
1784328902.373873,CONST330,TRACKING,330,19.150645,22.264131,0.075093,0.011461,4.986724,0.000000,0.000000,5.000000,0.077114,0
1784328902.398842,CONST330,TRACKING,330,19.124620,47.207990,0.075093,0.011461,4.986724,0.000000,0.000000,5.000000,0.077114,0
1784328902.423842,CONST330,TRACKING,330,18.817566,24.586946,0.075684,0.006570,4.983759,0.000000,0.000000,5.000000,0.077686,0
1784328902.448887,CONST330,TRACKING,330,19.000836,25.136108,0.075781,0.001193,4.982046,0.000000,0.000000,5.000000,0.077888,0
1784328902.473893,CONST330,TRACKING,330,18.907934,22.029356,0.075650,-0.003878,4.981390,0.000000,0.000000,5.000000,0.078002,0
1784328902.498838,CONST330,TRACKING,330,18.833281,46.899538,0.075650,-0.003878,4.981390,0.000000,0.000000,5.000000,0.078002,0
1784328902.523946,CONST330,TRACKING,330,18.821156,25.023522,0.075439,-0.009154,4.979642,0.000000,0.000000,5.000000,0.078672,0
1784328902.548889,CONST330,TRACKING,330,18.957023,25.016186,0.075771,-0.011082,4.976422,0.000000,0.000000,5.000000,0.080125,0
1784328902.573887,CONST330,TRACKING,330,18.938152,22.056955,0.075734,-0.012989,4.973130,0.000000,0.000000,5.000000,0.081402,0
1784328902.598841,CONST330,TRACKING,330,18.848935,46.920232,0.075734,-0.012989,4.973130,0.000000,0.000000,5.000000,0.081402,0
1784328902.623842,CONST330,TRACKING,330,19.283456,25.373268,0.075289,-0.014871,4.970102,0.000000,0.000000,5.000000,0.082362,0
1784328902.648880,CONST330,TRACKING,330,18.884954,24.554619,0.074709,-0.016755,4.966843,0.000000,0.000000,5.000000,0.083436,0
1784328902.673890,CONST330,TRACKING,330,18.943388,21.882726,0.074326,-0.018747,4.961244,0.000000,0.000000,5.000000,0.085894,0
1784328902.698839,CONST330,TRACKING,330,19.707393,47.596262,0.074326,-0.018747,4.961244,0.000000,0.000000,5.000000,0.085894,0
1784328902.723890,CONST330,TRACKING,330,18.901315,24.158201,0.073164,-0.021067,4.955071,0.000000,0.000000,5.000000,0.088405,0
1784328902.748879,CONST330,TRACKING,330,18.918045,24.937629,0.071717,-0.022796,4.950859,0.000000,0.000000,5.000000,0.089876,0
1784328902.773895,CONST330,TRACKING,330,18.835883,21.914159,0.069956,-0.025256,4.948183,0.000000,0.000000,5.000000,0.090647,0
1784328902.798841,CONST330,TRACKING,330,18.866597,46.891206,0.069956,-0.025256,4.948183,0.000000,0.000000,5.000000,0.090647,0
1784328902.823843,CONST330,TRACKING,330,18.861533,24.933757,0.067843,-0.028194,4.946316,0.000000,0.000000,5.000000,0.090992,0
1784328902.848897,CONST330,TRACKING,330,18.831292,24.958190,0.065395,-0.030918,4.944291,0.000000,0.000000,5.000000,0.091302,0
1784328902.873898,CONST330,TRACKING,330,18.802979,21.811820,0.062686,-0.033474,4.943344,0.000000,0.000000,5.000000,0.090884,0
1784328902.898842,CONST330,TRACKING,330,18.882984,46.835170,0.062686,-0.033474,4.943344,0.000000,0.000000,5.000000,0.090884,0
1784328902.923881,CONST330,TRACKING,330,18.958158,25.018242,0.059097,-0.036584,4.944574,0.000000,0.000000,5.000000,0.088898,0
1784328902.948902,CONST330,TRACKING,330,18.859611,24.838782,0.056000,-0.038925,4.946868,0.000000,0.000000,5.000000,0.086453,0
1784328902.973895,CONST330,TRACKING,330,18.950551,21.939766,0.052697,-0.041081,4.949514,0.000000,0.000000,5.000000,0.083746,0
1784328902.998840,CONST330,TRACKING,330,18.860089,46.793698,0.052697,-0.041081,4.949514,0.000000,0.000000,5.000000,0.083746,0
1784328903.023882,CONST330,TRACKING,330,18.870988,24.979193,0.049226,-0.043058,4.952706,0.000000,0.000000,5.000000,0.080709,0
1784328903.048847,CONST330,TRACKING,330,18.911717,24.941238,0.044441,-0.043387,4.954821,0.000000,0.000000,5.000000,0.076803,0
1784328903.073896,CONST330,TRACKING,330,19.006729,21.916584,0.039639,-0.043599,4.956734,0.000000,0.000000,5.000000,0.073103,0
1784328903.098843,CONST330,TRACKING,330,18.843647,46.701075,0.039639,-0.043599,4.956734,0.000000,0.000000,5.000000,0.073103,0
1784328903.123887,CONST330,TRACKING,330,18.859922,24.978661,0.033594,-0.043714,4.959777,0.000000,0.000000,5.000000,0.068245,0
1784328903.148901,CONST330,TRACKING,330,18.804550,24.896260,0.028733,-0.043708,4.962109,0.000000,0.000000,5.000000,0.064589,0
1784328903.173894,CONST330,TRACKING,330,18.908814,21.915657,0.023971,-0.043676,4.963811,0.000000,0.000000,5.000000,0.061578,0
1784328903.198842,CONST330,TRACKING,330,18.891966,46.845750,0.023971,-0.043676,4.963811,0.000000,0.000000,5.000000,0.061578,0
1784328903.223883,CONST330,TRACKING,330,19.264594,25.350225,0.019215,-0.043501,4.965800,0.000000,0.000000,5.000000,0.058576,0
1784328903.248896,CONST330,TRACKING,330,18.866952,24.551658,0.014416,-0.043107,4.968404,0.000000,0.000000,5.000000,0.055357,0
1784328903.273845,CONST330,TRACKING,330,18.938078,21.924099,0.009005,-0.042952,4.971590,0.000000,0.000000,5.000000,0.052279,0
1784328903.298841,CONST330,TRACKING,330,18.885142,46.867293,0.009005,-0.042952,4.971590,0.000000,0.000000,5.000000,0.052279,0
1784328903.323883,CONST330,TRACKING,330,18.863966,24.953544,0.001643,-0.042996,4.975194,0.000000,0.000000,5.000000,0.049666,0
1784328903.348899,CONST330,TRACKING,330,18.862682,24.955206,-0.004057,-0.042802,4.978220,0.000000,0.000000,5.000000,0.048196,0
1784328903.373896,CONST330,TRACKING,330,18.904679,21.938263,-0.009675,-0.042413,4.982371,0.000000,0.000000,5.000000,0.046939,0
1784328903.398842,CONST330,TRACKING,330,18.878421,46.858082,-0.009675,-0.042413,4.982371,0.000000,0.000000,5.000000,0.046939,0
1784328903.423899,CONST330,TRACKING,330,18.893286,24.975553,-0.015279,-0.041583,4.984154,0.000000,0.000000,5.000000,0.047050,0
1784328903.448904,CONST330,TRACKING,330,18.952884,24.965584,-0.020684,-0.040557,4.984837,0.000000,0.000000,5.000000,0.047985,0
1784328903.473884,CONST330,TRACKING,330,18.920934,21.976709,-0.025795,-0.039448,4.985596,0.000000,0.000000,5.000000,0.049285,0
1784328903.498842,CONST330,TRACKING,330,18.882501,46.895886,-0.025795,-0.039448,4.985596,0.000000,0.000000,5.000000,0.049285,0
1784328903.523889,CONST330,TRACKING,330,18.998145,25.097950,-0.031466,-0.037731,4.986839,0.000000,0.000000,5.000000,0.050862,0
1784328903.548854,CONST330,TRACKING,330,18.880700,24.775075,-0.034785,-0.035643,4.987620,0.000000,0.000000,5.000000,0.051319,0
1784328903.573886,CONST330,TRACKING,330,18.856049,21.937577,-0.037897,-0.033696,4.988563,0.000000,0.000000,5.000000,0.051985,0
1784328903.598843,CONST330,TRACKING,330,19.276098,47.315253,-0.037897,-0.033696,4.988563,0.000000,0.000000,5.000000,0.051985,0
1784328903.623854,CONST330,TRACKING,330,19.186877,24.826149,-0.040783,-0.031855,4.990299,0.000000,0.000000,5.000000,0.052651,0
1784328903.648904,CONST330,TRACKING,330,18.910641,24.696513,-0.043247,-0.030151,4.992846,0.000000,0.000000,5.000000,0.053203,0
1784328903.673897,CONST330,TRACKING,330,18.885640,21.950412,-0.045076,-0.028660,4.995983,0.000000,0.000000,5.000000,0.053567,0
1784328903.698845,CONST330,TRACKING,330,19.833250,47.846556,-0.045076,-0.028660,4.995983,0.000000,0.000000,5.000000,0.053567,0
1784328903.723865,CONST330,TRACKING,330,18.910774,24.007922,-0.047270,-0.026815,4.998140,0.000000,0.000000,5.000000,0.054378,0
1784328903.748901,CONST330,TRACKING,330,19.006604,25.057359,-0.048914,-0.025316,4.999479,0.000000,0.000000,5.000000,0.055079,0
1784328903.773896,CONST330,TRACKING,330,18.975819,21.710995,-0.049407,-0.023972,4.999690,0.000000,0.000000,5.000000,0.054916,0
1784328903.798846,CONST330,TRACKING,330,18.976484,46.661949,-0.049407,-0.023972,4.999690,0.000000,0.000000,5.000000,0.054916,0
1784328903.823847,CONST330,TRACKING,330,18.932695,24.895121,-0.048867,-0.022719,4.998620,0.000000,0.000000,5.000000,0.053907,0
1784328903.848903,CONST330,TRACKING,330,19.119710,25.179961,-0.048397,-0.021330,4.997733,0.000000,0.000000,5.000000,0.052938,0
1784328903.873898,CONST330,TRACKING,330,18.847625,21.851113,-0.047990,-0.019832,4.996752,0.000000,0.000000,5.000000,0.052028,0
1784328903.898845,CONST330,TRACKING,330,18.867974,46.818783,-0.047990,-0.019832,4.996752,0.000000,0.000000,5.000000,0.052028,0
1784328903.923884,CONST330,TRACKING,330,18.857324,24.929292,-0.045423,-0.019246,4.993073,0.000000,0.000000,5.000000,0.049816,0
1784328903.948910,CONST330,TRACKING,330,18.931367,25.011782,-0.043035,-0.018854,4.990095,0.000000,0.000000,5.000000,0.048017,0
1784328903.973901,CONST330,TRACKING,330,18.846673,21.686177,-0.040689,-0.018222,4.987715,0.000000,0.000000,5.000000,0.046244,0
1784328903.998845,CONST330,TRACKING,330,18.878826,46.662702,-0.040689,-0.018222,4.987715,0.000000,0.000000,5.000000,0.046244,0
1784328904.023887,CONST330,TRACKING,330,18.788988,24.882427,-0.038307,-0.017387,4.986857,0.000000,0.000000,5.000000,0.044074,0
1784328904.048892,CONST330,TRACKING,330,18.764825,24.923228,-0.035197,-0.015110,4.986897,0.000000,0.000000,5.000000,0.040482,0
1784328904.073902,CONST330,TRACKING,330,18.818907,21.917725,-0.032065,-0.012632,4.986759,0.000000,0.000000,5.000000,0.036920,0
1784328904.098845,CONST330,TRACKING,330,19.076667,47.120340,-0.032065,-0.012632,4.986759,0.000000,0.000000,5.000000,0.036920,0
1784328904.123854,CONST330,TRACKING,330,19.003106,24.861184,-0.028115,-0.009461,4.986999,0.000000,0.000000,5.000000,0.032388,0
1784328904.148901,CONST330,TRACKING,330,18.924117,24.905511,-0.024213,-0.006705,4.987737,0.000000,0.000000,5.000000,0.027957,0
1784328904.173900,CONST330,TRACKING,330,18.870685,21.990182,-0.018301,-0.003469,4.990029,0.000000,0.000000,5.000000,0.021127,0
1784328904.198845,CONST330,TRACKING,330,18.866112,46.930991,-0.018301,-0.003469,4.990029,0.000000,0.000000,5.000000,0.021127,0
1784328904.223849,CONST330,TRACKING,330,19.236290,25.304084,-0.012755,-0.000181,4.992454,0.000000,0.000000,5.000000,0.014821,0
1784328904.248895,CONST330,TRACKING,330,18.850555,24.587138,-0.007501,0.003017,4.994728,0.000000,0.000000,5.000000,0.009652,0
1784328904.273915,CONST330,TRACKING,330,18.880921,21.880376,-0.002554,0.004351,4.997091,0.000000,0.000000,5.000000,0.005824,0
1784328904.298847,CONST330,TRACKING,330,18.858789,46.789226,-0.002554,0.004351,4.997091,0.000000,0.000000,5.000000,0.005824,0
1784328904.323855,CONST330,TRACKING,330,18.853676,24.926617,0.003308,0.004023,4.999640,0.000000,0.000000,5.000000,0.005221,0
1784328904.348889,CONST330,TRACKING,330,18.934173,25.044108,0.007834,0.004105,5.000687,0.000000,0.000000,5.000000,0.008871,0
1784328904.373892,CONST330,TRACKING,330,18.880203,21.882143,0.012131,0.004398,5.002429,0.000000,0.000000,5.000000,0.013131,0
1784328904.398850,CONST330,TRACKING,330,18.835952,46.795602,0.012131,0.004398,5.002429,0.000000,0.000000,5.000000,0.013131,0
1784328904.423882,CONST330,TRACKING,330,18.789254,24.896294,0.017040,0.004213,5.003822,0.000000,0.000000,5.000000,0.017965,0
1784328904.448860,CONST330,TRACKING,330,18.953558,25.037262,0.021886,0.003912,5.006323,0.000000,0.000000,5.000000,0.023115,0
1784328904.473888,CONST330,TRACKING,330,18.851735,21.879510,0.026407,0.003645,5.009326,0.000000,0.000000,5.000000,0.028241,0
1784328904.498847,CONST330,TRACKING,330,18.867202,46.853822,0.026407,0.003645,5.009326,0.000000,0.000000,5.000000,0.028241,0
1784328904.523902,CONST330,TRACKING,330,18.854761,24.973321,0.032257,0.003213,5.012772,0.000000,0.000000,5.000000,0.034842,0
1784328904.548902,CONST330,TRACKING,330,18.813267,24.893272,0.038323,0.002651,5.014167,0.000000,0.000000,5.000000,0.040943,0
1784328904.573901,CONST330,TRACKING,330,18.840106,21.890845,0.043921,0.002066,5.014883,0.000000,0.000000,5.000000,0.046420,0
1784328904.598888,CONST330,TRACKING,330,19.834899,47.873453,0.043921,0.002066,5.014883,0.000000,0.000000,5.000000,0.046420,0
1784328904.623879,CONST330,TRACKING,330,18.906504,23.977503,0.049075,0.001547,5.014952,0.000000,0.000000,5.000000,0.051325,0
1784328904.648906,CONST330,TRACKING,330,18.963468,25.011518,0.054306,0.001018,5.013933,0.000000,0.000000,5.000000,0.056074,0
1784328904.673902,CONST330,TRACKING,330,18.902502,21.882375,0.060556,0.000095,5.011734,0.000000,0.000000,5.000000,0.061683,0
1784328904.698850,CONST330,TRACKING,330,19.149020,47.078664,0.060556,0.000095,5.011734,0.000000,0.000000,5.000000,0.061683,0
1784328904.723852,CONST330,TRACKING,330,18.856282,24.614176,0.067615,-0.000777,5.008638,0.000000,0.000000,5.000000,0.068169,0
1784328904.748907,CONST330,TRACKING,330,18.885288,25.000909,0.072702,-0.001262,5.006503,0.000000,0.000000,5.000000,0.073004,0
1784328904.773889,CONST330,TRACKING,330,18.849957,21.872504,0.077039,-0.000739,5.004706,0.000000,0.000000,5.000000,0.077186,0
1784328904.798850,CONST330,TRACKING,330,18.892678,46.875640,0.077039,-0.000739,5.004706,0.000000,0.000000,5.000000,0.077186,0
1784328904.823893,CONST330,TRACKING,330,18.890556,24.978975,0.080699,0.000629,5.003389,0.000000,0.000000,5.000000,0.080772,0
1784328904.848909,CONST330,TRACKING,330,18.904901,24.960804,0.083842,0.001943,5.001626,0.000000,0.000000,5.000000,0.083880,0
1784328904.873894,CONST330,TRACKING,330,18.920292,21.898961,0.086469,0.003224,5.000121,0.000000,0.000000,5.000000,0.086529,0
1784328904.898850,CONST330,TRACKING,330,18.871781,46.804400,0.086469,0.003224,5.000121,0.000000,0.000000,5.000000,0.086529,0
1784328904.923852,CONST330,TRACKING,330,18.858086,24.883738,0.088094,0.003815,4.999933,0.000000,0.000000,5.000000,0.088177,0
1784328904.948916,CONST330,TRACKING,330,18.954398,25.083554,0.088817,0.004111,4.999834,0.000000,0.000000,5.000000,0.088912,0
1784328904.973893,CONST330,TRACKING,330,18.887535,21.889747,0.089190,0.004427,4.999947,0.000000,0.000000,5.000000,0.089300,0
1784328904.998851,CONST330,TRACKING,330,19.750504,47.711704,0.089190,0.004427,4.999947,0.000000,0.000000,5.000000,0.089300,0
1784328905.023854,CONST330,TRACKING,330,18.875874,24.040778,0.089120,0.004693,5.001655,0.000000,0.000000,5.000000,0.089259,0
1784328905.048903,CONST330,TRACKING,330,18.846296,24.957068,0.087437,0.005197,5.003060,0.000000,0.000000,5.000000,0.087645,0
1784328905.073908,CONST330,TRACKING,330,18.895508,21.865139,0.085446,0.005651,5.004376,0.000000,0.000000,5.000000,0.085745,0
1784328905.098852,CONST330,TRACKING,330,18.912168,46.826271,0.085446,0.005651,5.004376,0.000000,0.000000,5.000000,0.085745,0
1784328905.123892,CONST330,TRACKING,330,18.973740,25.034200,0.082536,0.006095,5.005792,0.000000,0.000000,5.000000,0.082964,0
1784328905.148895,CONST330,TRACKING,330,18.920943,24.885072,0.080038,0.006252,5.006577,0.000000,0.000000,5.000000,0.080551,0
1784328905.173895,CONST330,TRACKING,330,18.899237,21.787697,0.077641,0.006084,5.006305,0.000000,0.000000,5.000000,0.078134,0
1784328905.198850,CONST330,TRACKING,330,19.741761,47.585968,0.077641,0.006084,5.006305,0.000000,0.000000,5.000000,0.078134,0
1784328905.223897,CONST330,TRACKING,330,18.902427,24.136296,0.074909,0.005915,5.005326,0.000000,0.000000,5.000000,0.075330,0
1784328905.248905,CONST330,TRACKING,330,18.883636,24.929032,0.071790,0.005767,5.004528,0.000000,0.000000,5.000000,0.072164,0
1784328905.273854,CONST330,TRACKING,330,18.799271,21.788423,0.068615,0.004849,5.002407,0.000000,0.000000,5.000000,0.068828,0
1784328905.298851,CONST330,TRACKING,330,18.824797,46.812123,0.068615,0.004849,5.002407,0.000000,0.000000,5.000000,0.068828,0
1784328905.323854,CONST330,TRACKING,330,18.879809,24.993413,0.064640,0.002987,4.997139,0.000000,0.000000,5.000000,0.064772,0
1784328905.348908,CONST330,TRACKING,330,18.852636,24.962211,0.061317,0.001751,4.992966,0.000000,0.000000,5.000000,0.061744,0
1784328905.373906,CONST330,TRACKING,330,18.855568,21.827438,0.057857,0.000676,4.989918,0.000000,0.000000,5.000000,0.058733,0
1784328905.398851,CONST330,TRACKING,330,18.940707,46.856849,0.057857,0.000676,4.989918,0.000000,0.000000,5.000000,0.058733,0
1784328905.423888,CONST330,TRACKING,330,18.884064,24.885522,0.053370,0.000291,4.987114,0.000000,0.000000,5.000000,0.054904,0
1784328905.448919,CONST330,TRACKING,330,18.806356,24.874648,0.048546,0.000127,4.984535,0.000000,0.000000,5.000000,0.050950,0
1784328905.473907,CONST330,TRACKING,330,18.965865,22.080687,0.043676,0.000021,4.981829,0.000000,0.000000,5.000000,0.047305,0
1784328905.498854,CONST330,TRACKING,330,18.887443,46.949234,0.043676,0.000021,4.981829,0.000000,0.000000,5.000000,0.047305,0
1784328905.523855,CONST330,TRACKING,330,19.053818,25.094881,0.037339,0.000071,4.981111,0.000000,0.000000,5.000000,0.041845,0
1784328905.548907,CONST330,TRACKING,330,19.038511,24.957715,0.031799,0.000660,4.983658,0.000000,0.000000,5.000000,0.035759,0
1784328905.573894,CONST330,TRACKING,330,18.990904,22.114083,0.026168,0.001148,4.986436,0.000000,0.000000,5.000000,0.029497,0
1784328905.598853,CONST330,TRACKING,330,18.824252,46.906568,0.026168,0.001148,4.986436,0.000000,0.000000,5.000000,0.029497,0
1784328905.623853,CONST330,TRACKING,330,18.895178,25.005762,0.020494,0.001487,4.989495,0.000000,0.000000,5.000000,0.023077,0
1784328905.648895,CONST330,TRACKING,330,18.917769,24.996240,0.014836,0.001051,4.992583,0.000000,0.000000,5.000000,0.016620,0
1784328905.673893,CONST330,TRACKING,330,18.931779,22.019917,0.009282,-0.001311,4.994727,0.000000,0.000000,5.000000,0.010756,0
1784328905.698857,CONST330,TRACKING,330,18.889162,46.941278,0.009282,-0.001311,4.994727,0.000000,0.000000,5.000000,0.010756,0
1784328905.723993,CONST330,TRACKING,330,18.897684,25.064211,0.002601,-0.003981,4.997002,0.000000,0.000000,5.000000,0.005621,0
1784328905.748980,CONST330,TRACKING,330,18.962692,24.981072,-0.002455,-0.006038,4.998923,0.000000,0.000000,5.000000,0.006606,0
1784328905.773911,CONST330,TRACKING,330,18.880468,22.029360,-0.007542,-0.007995,5.000801,0.000000,0.000000,5.000000,0.011020,0
1784328905.798853,CONST330,TRACKING,330,18.799286,46.889884,-0.007542,-0.007995,5.000801,0.000000,0.000000,5.000000,0.011020,0
1784328905.823856,CONST330,TRACKING,330,18.798353,24.934128,-0.012642,-0.009847,5.002751,0.000000,0.000000,5.000000,0.016259,0
1784328905.848911,CONST330,TRACKING,330,19.073885,25.264870,-0.017527,-0.011600,5.004888,0.000000,0.000000,5.000000,0.021579,0
1784328905.873895,CONST330,TRACKING,330,18.828349,21.861039,-0.022197,-0.013268,5.007143,0.000000,0.000000,5.000000,0.026828,0
1784328905.898854,CONST330,TRACKING,330,18.889100,46.881009,-0.022197,-0.013268,5.007143,0.000000,0.000000,5.000000,0.026828,0
1784328905.923856,CONST330,TRACKING,330,18.906508,24.925814,-0.027619,-0.015879,5.009422,0.000000,0.000000,5.000000,0.033222,0
1784328905.948921,CONST330,TRACKING,330,19.035934,25.116653,-0.031677,-0.017880,5.011666,0.000000,0.000000,5.000000,0.038200,0
1784328905.973907,CONST330,TRACKING,330,18.861173,21.853831,-0.035571,-0.019752,5.013748,0.000000,0.000000,5.000000,0.042947,0
1784328905.998896,CONST330,TRACKING,330,18.875065,46.857039,-0.035571,-0.019752,5.013748,0.000000,0.000000,5.000000,0.042947,0
1784328906.023857,CONST330,TRACKING,330,18.887247,24.902673,-0.039238,-0.021517,5.015877,0.000000,0.000000,5.000000,0.047483,0
1784328906.048899,CONST330,TRACKING,330,18.914615,25.007381,-0.042421,-0.023319,5.017456,0.000000,0.000000,5.000000,0.051458,0
1784328906.073910,CONST330,TRACKING,330,18.951712,21.984102,-0.045432,-0.024953,5.017511,0.000000,0.000000,5.000000,0.054711,0
1784328906.098856,CONST330,TRACKING,330,18.785680,46.764242,-0.045432,-0.024953,5.017511,0.000000,0.000000,5.000000,0.054711,0
1784328906.123872,CONST330,TRACKING,330,18.815003,24.978788,-0.048978,-0.026676,5.017068,0.000000,0.000000,5.000000,0.058325,0
1784328906.148906,CONST330,TRACKING,330,18.872682,25.029724,-0.051236,-0.027800,5.017545,0.000000,0.000000,5.000000,0.060875,0
1784328906.173908,CONST330,TRACKING,330,18.900384,21.845801,-0.052428,-0.028834,5.018294,0.000000,0.000000,5.000000,0.062568,0
1784328906.198855,CONST330,TRACKING,330,19.108269,47.001475,-0.052428,-0.028834,5.018294,0.000000,0.000000,5.000000,0.062568,0
1784328906.223898,CONST330,TRACKING,330,18.926966,24.788519,-0.053545,-0.029729,5.019003,0.000000,0.000000,5.000000,0.064124,0
1784328906.248913,CONST330,TRACKING,330,18.972829,25.000248,-0.054492,-0.030473,5.020030,0.000000,0.000000,5.000000,0.065568,0
1784328906.273908,CONST330,TRACKING,330,18.963620,21.882826,-0.055030,-0.030327,5.021901,0.000000,0.000000,5.000000,0.066540,0
1784328906.298856,CONST330,TRACKING,330,18.887229,46.754610,-0.055030,-0.030327,5.021901,0.000000,0.000000,5.000000,0.066540,0
1784328906.323897,CONST330,TRACKING,330,18.851117,24.937879,-0.055301,-0.029156,5.023886,0.000000,0.000000,5.000000,0.066924,0
1784328906.348902,CONST330,TRACKING,330,18.916995,25.006977,-0.055395,-0.028265,5.024428,0.000000,0.000000,5.000000,0.066815,0
1784328906.373909,CONST330,TRACKING,330,18.862438,21.932744,-0.055383,-0.027387,5.024833,0.000000,0.000000,5.000000,0.066588,0
1784328906.398856,CONST330,TRACKING,330,18.912907,46.930263,-0.055383,-0.027387,5.024833,0.000000,0.000000,5.000000,0.066588,0
1784328906.423897,CONST330,TRACKING,330,18.878430,24.916583,-0.056021,-0.026967,5.024251,0.000000,0.000000,5.000000,0.066736,0
1784328906.448872,CONST330,TRACKING,330,18.786252,24.794931,-0.056670,-0.026672,5.022970,0.000000,0.000000,5.000000,0.066712,0
1784328906.473911,CONST330,TRACKING,330,18.786107,21.816015,-0.057089,-0.026356,5.021760,0.000000,0.000000,5.000000,0.066537,0
1784328906.498908,CONST330,TRACKING,330,18.879411,46.906780,-0.057089,-0.026356,5.021760,0.000000,0.000000,5.000000,0.066537,0
1784328906.523907,CONST330,TRACKING,330,19.048936,25.099500,-0.057467,-0.026021,5.021747,0.000000,0.000000,5.000000,0.066727,0
1784328906.548913,CONST330,TRACKING,330,18.888983,24.772137,-0.057929,-0.026099,5.023234,0.000000,0.000000,5.000000,0.067652,0
1784328906.573897,CONST330,TRACKING,330,18.876916,22.032643,-0.058171,-0.026048,5.024292,0.000000,0.000000,5.000000,0.068209,0
1784328906.598859,CONST330,TRACKING,330,19.007390,47.124396,-0.058171,-0.026048,5.024292,0.000000,0.000000,5.000000,0.068209,0
1784328906.623860,CONST330,TRACKING,330,18.895139,24.823090,-0.058190,-0.025843,5.025553,0.000000,0.000000,5.000000,0.068607,0
1784328906.648914,CONST330,TRACKING,330,18.856488,24.940685,-0.057889,-0.026116,5.026725,0.000000,0.000000,5.000000,0.068902,0
1784328906.673918,CONST330,TRACKING,330,18.881210,21.943405,-0.057127,-0.028041,5.028042,0.000000,0.000000,5.000000,0.069542,0
1784328906.698859,CONST330,TRACKING,330,18.848535,46.850079,-0.057127,-0.028041,5.028042,0.000000,0.000000,5.000000,0.069542,0
1784328906.723861,CONST330,TRACKING,330,18.862401,24.938424,-0.055827,-0.029915,5.029884,0.000000,0.000000,5.000000,0.070033,0
1784328906.748911,CONST330,TRACKING,330,18.927869,25.048833,-0.054511,-0.031035,5.030805,0.000000,0.000000,5.000000,0.069883,0
1784328906.773915,CONST330,TRACKING,330,18.919756,21.960074,-0.051826,-0.031260,5.031644,0.000000,0.000000,5.000000,0.068297,0
1784328906.798857,CONST330,TRACKING,330,18.871013,46.853862,-0.051826,-0.031260,5.031644,0.000000,0.000000,5.000000,0.068297,0
1784328906.823875,CONST330,TRACKING,330,18.891148,24.967069,-0.047879,-0.030741,5.032056,0.000000,0.000000,5.000000,0.065307,0
1784328906.848919,CONST330,TRACKING,330,18.888069,24.970619,-0.043940,-0.030123,5.032699,0.000000,0.000000,5.000000,0.062509,0
1784328906.873913,CONST330,TRACKING,330,18.868983,21.982702,-0.040048,-0.029451,5.033320,0.000000,0.000000,5.000000,0.059845,0
1784328906.898859,CONST330,TRACKING,330,18.900281,46.959816,-0.040048,-0.029451,5.033320,0.000000,0.000000,5.000000,0.059845,0
1784328906.923861,CONST330,TRACKING,330,18.868468,24.879098,-0.034881,-0.028301,5.032427,0.000000,0.000000,5.000000,0.055400,0
1784328906.948921,CONST330,TRACKING,330,18.877453,24.968044,-0.030572,-0.027309,5.031244,0.000000,0.000000,5.000000,0.051542,0
1784328906.973903,CONST330,TRACKING,330,18.877056,21.757306,-0.026159,-0.026262,5.029105,0.000000,0.000000,5.000000,0.047128,0
1784328906.998859,CONST330,TRACKING,330,18.854109,46.690782,-0.026159,-0.026262,5.029105,0.000000,0.000000,5.000000,0.047128,0
1784328907.023910,CONST330,TRACKING,330,18.869327,24.995831,-0.021640,-0.025095,5.026263,0.000000,0.000000,5.000000,0.042283,0
1784328907.048917,CONST330,TRACKING,330,18.882268,24.959011,-0.017297,-0.024347,5.024020,0.000000,0.000000,5.000000,0.038327,0
1784328907.073862,CONST330,TRACKING,330,18.885051,21.823119,-0.013069,-0.023521,5.022636,0.000000,0.000000,5.000000,0.035163,0
1784328907.098860,CONST330,TRACKING,330,18.880779,46.817061,-0.013069,-0.023521,5.022636,0.000000,0.000000,5.000000,0.035163,0
1784328907.123862,CONST330,TRACKING,330,18.884141,24.941702,-0.007925,-0.022422,5.021016,0.000000,0.000000,5.000000,0.031736,0
1784328907.148913,CONST330,TRACKING,330,19.052951,25.160615,-0.003684,-0.021619,5.019682,0.000000,0.000000,5.000000,0.029467,0
1784328907.173862,CONST330,TRACKING,330,18.767579,21.857783,0.001075,-0.021431,5.018300,0.000000,0.000000,5.000000,0.028202,0
1784328907.198859,CONST330,TRACKING,330,18.799378,46.886967,0.001075,-0.021431,5.018300,0.000000,0.000000,5.000000,0.028202,0
1784328907.223884,CONST330,TRACKING,330,18.871843,25.033521,0.005677,-0.021119,5.016618,0.000000,0.000000,5.000000,0.027466,0
1784328907.248867,CONST330,TRACKING,330,18.903909,24.949972,0.010116,-0.020671,5.014627,0.000000,0.000000,5.000000,0.027269,0
1784328907.273914,CONST330,TRACKING,330,18.853404,21.871554,0.014366,-0.020359,5.012041,0.000000,0.000000,5.000000,0.027674,0
1784328907.298861,CONST330,TRACKING,330,18.852281,46.817744,0.014366,-0.020359,5.012041,0.000000,0.000000,5.000000,0.027674,0
1784328907.323903,CONST330,TRACKING,330,18.937119,25.058923,0.019421,-0.020047,5.008408,0.000000,0.000000,5.000000,0.029151,0
1784328907.348912,CONST330,TRACKING,330,19.084059,25.086269,0.023184,-0.019680,5.006232,0.000000,0.000000,5.000000,0.031043,0
1784328907.373916,CONST330,TRACKING,330,18.997625,22.033143,0.026727,-0.019223,5.004601,0.000000,0.000000,5.000000,0.033242,0
1784328907.398861,CONST330,TRACKING,330,19.497857,47.478231,0.026727,-0.019223,5.004601,0.000000,0.000000,5.000000,0.033242,0
1784328907.423911,CONST330,TRACKING,330,19.545700,25.005445,0.031252,-0.018689,5.002288,0.000000,0.000000,5.000000,0.036486,0
1784328907.448916,CONST330,TRACKING,330,18.885982,24.257476,0.035821,-0.018170,4.999730,0.000000,0.000000,5.000000,0.040167,0
1784328907.473907,CONST330,TRACKING,330,18.956649,22.023225,0.040050,-0.017558,4.996900,0.000000,0.000000,5.000000,0.043840,0
1784328907.498862,CONST330,TRACKING,330,19.563449,47.585800,0.040050,-0.017558,4.996900,0.000000,0.000000,5.000000,0.043840,0
1784328907.523905,CONST330,TRACKING,330,18.809463,24.218330,0.045108,-0.016530,4.994008,0.000000,0.000000,5.000000,0.048414,0
1784328907.548922,CONST330,TRACKING,330,18.864217,24.997748,0.049561,-0.015133,4.991805,0.000000,0.000000,5.000000,0.052464,0
1784328907.573864,CONST330,TRACKING,330,18.875429,21.848221,0.053596,-0.013871,4.989272,0.000000,0.000000,5.000000,0.056392,0
1784328907.598861,CONST330,TRACKING,330,18.899765,46.870198,0.053596,-0.013871,4.989272,0.000000,0.000000,5.000000,0.056392,0
1784328907.623904,CONST330,TRACKING,330,18.894322,24.971472,0.057213,-0.012653,4.987030,0.000000,0.000000,5.000000,0.060014,0
1784328907.648922,CONST330,TRACKING,330,18.861976,24.914958,0.060172,-0.011447,4.984818,0.000000,0.000000,5.000000,0.063105,0
1784328907.673914,CONST330,TRACKING,330,18.998320,22.196129,0.062063,-0.009973,4.983037,0.000000,0.000000,5.000000,0.065107,0
1784328907.698906,CONST330,TRACKING,330,18.890789,47.080470,0.062063,-0.009973,4.983037,0.000000,0.000000,5.000000,0.065107,0
1784328907.723974,CONST330,TRACKING,330,18.899689,24.996940,0.063890,-0.008220,4.980903,0.000000,0.000000,5.000000,0.067187,0
1784328907.748917,CONST330,TRACKING,330,18.966096,24.936950,0.064867,-0.006835,4.979570,0.000000,0.000000,5.000000,0.068351,0
1784328907.773916,CONST330,TRACKING,330,18.896406,21.946123,0.064364,-0.006525,4.977022,0.000000,0.000000,5.000000,0.068653,0
1784328907.798911,CONST330,TRACKING,330,18.856517,46.901863,0.064364,-0.006525,4.977022,0.000000,0.000000,5.000000,0.068653,0
1784328907.823991,CONST330,TRACKING,330,18.896324,25.046597,0.062490,-0.007194,4.973444,0.000000,0.000000,5.000000,0.068278,0
1784328907.848922,CONST330,TRACKING,330,18.903349,24.879353,0.060391,-0.007645,4.970104,0.000000,0.000000,5.000000,0.067818,0
1784328907.873865,CONST330,TRACKING,330,18.879939,21.837583,0.058082,-0.007868,4.967357,0.000000,0.000000,5.000000,0.067090,0
1784328907.898902,CONST330,TRACKING,330,18.885287,46.878947,0.058082,-0.007868,4.967357,0.000000,0.000000,5.000000,0.067090,0
1784328907.924002,CONST330,TRACKING,330,18.887404,24.997421,0.054642,-0.007671,4.966242,0.000000,0.000000,5.000000,0.064685,0
1784328907.948994,CONST330,TRACKING,330,18.863080,24.866200,0.051719,-0.007341,4.965751,0.000000,0.000000,5.000000,0.062464,0
1784328907.973968,CONST330,TRACKING,330,18.803222,21.938056,0.048702,-0.006933,4.964718,0.000000,0.000000,5.000000,0.060537,0
1784328907.998912,CONST330,TRACKING,330,18.877183,46.959719,0.048702,-0.006933,4.964718,0.000000,0.000000,5.000000,0.060537,0
1784328908.024004,CONST330,TRACKING,330,18.898009,25.040188,0.045613,-0.006454,4.963792,0.000000,0.000000,5.000000,0.058594,0
1784328908.048987,CONST330,TRACKING,330,18.980871,24.992918,0.042303,-0.007922,4.961380,0.000000,0.000000,5.000000,0.057826,0
1784328908.074000,CONST330,TRACKING,330,18.917997,22.080858,0.038945,-0.009177,4.959759,0.000000,0.000000,5.000000,0.056747,0
1784328908.098909,CONST330,TRACKING,330,18.826694,46.898713,0.038945,-0.009177,4.959759,0.000000,0.000000,5.000000,0.056747,0
1784328908.123986,CONST330,TRACKING,330,18.945325,25.132483,0.034612,-0.010500,4.958636,0.000000,0.000000,5.000000,0.054947,0
1784328908.148982,CONST330,TRACKING,330,18.874635,24.863655,0.031666,-0.011268,4.959074,0.000000,0.000000,5.000000,0.052959,0
1784328908.173908,CONST330,TRACKING,330,18.857868,21.782338,0.030310,-0.011389,4.960232,0.000000,0.000000,5.000000,0.051282,0
1784328908.198865,CONST330,TRACKING,330,18.845962,46.725313,0.030310,-0.011389,4.960232,0.000000,0.000000,5.000000,0.051282,0
1784328908.223866,CONST330,TRACKING,330,18.916095,25.002501,0.028724,-0.011584,4.961191,0.000000,0.000000,5.000000,0.049653,0
1784328908.248867,CONST330,TRACKING,330,19.353476,25.376944,0.026940,-0.011917,4.962488,0.000000,0.000000,5.000000,0.047696,0
1784328908.273904,CONST330,TRACKING,330,19.337208,22.369707,0.024569,-0.012641,4.964467,0.000000,0.000000,5.000000,0.045011,0
1784328908.298865,CONST330,TRACKING,330,19.284572,47.278888,0.024569,-0.012641,4.964467,0.000000,0.000000,5.000000,0.045011,0
1784328908.323984,CONST330,TRACKING,330,19.331443,25.089263,0.021137,-0.014112,4.967098,0.000000,0.000000,5.000000,0.041575,0
1784328908.348907,CONST330,TRACKING,330,18.924281,24.447649,0.018419,-0.015307,4.968770,0.000000,0.000000,5.000000,0.039356,0
1784328908.373922,CONST330,TRACKING,330,18.901109,21.879644,0.015773,-0.016464,4.970412,0.000000,0.000000,5.000000,0.037354,0
1784328908.398866,CONST330,TRACKING,330,18.855212,46.776026,0.015773,-0.016464,4.970412,0.000000,0.000000,5.000000,0.037354,0
1784328908.423918,CONST330,TRACKING,330,19.582536,25.672926,0.013874,-0.018766,4.973413,0.000000,0.000000,5.000000,0.035377,0
1784328908.448909,CONST330,TRACKING,330,19.014609,24.335688,0.012264,-0.021185,4.976629,0.000000,0.000000,5.000000,0.033844,0
1784328908.473921,CONST330,TRACKING,330,19.012503,22.005564,0.010709,-0.023218,4.980213,0.000000,0.000000,5.000000,0.032331,0
1784328908.498865,CONST330,TRACKING,330,18.968690,46.905823,0.010709,-0.023218,4.980213,0.000000,0.000000,5.000000,0.032331,0
1784328908.523868,CONST330,TRACKING,330,18.993374,24.949762,0.008829,-0.025324,4.983828,0.000000,0.000000,5.000000,0.031318,0
1784328908.548900,CONST330,TRACKING,330,18.985819,24.946320,0.007374,-0.026958,4.986674,0.000000,0.000000,5.000000,0.030963,0
1784328908.573920,CONST330,TRACKING,330,18.935379,21.907652,0.005966,-0.028294,4.989031,0.000000,0.000000,5.000000,0.030926,0
1784328908.598866,CONST330,TRACKING,330,18.814891,46.733157,0.005966,-0.028294,4.989031,0.000000,0.000000,5.000000,0.030926,0
1784328908.623905,CONST330,TRACKING,330,18.942379,25.100273,0.004604,-0.029374,4.991144,0.000000,0.000000,5.000000,0.031024,0
1784328908.648903,CONST330,TRACKING,330,18.984381,24.961934,0.003385,-0.030649,4.992610,0.000000,0.000000,5.000000,0.031709,0
1784328908.673914,CONST330,TRACKING,330,18.889203,21.709524,0.002531,-0.032816,4.993913,0.000000,0.000000,5.000000,0.033471,0
1784328908.698867,CONST330,TRACKING,330,18.911381,46.684684,0.002531,-0.032816,4.993913,0.000000,0.000000,5.000000,0.033471,0
1784328908.723976,CONST330,TRACKING,330,18.877503,24.997648,0.001274,-0.035153,4.996126,0.000000,0.000000,5.000000,0.035389,0
1784328908.748871,CONST330,TRACKING,330,18.867559,24.807927,0.000184,-0.036644,4.997319,0.000000,0.000000,5.000000,0.036742,0
1784328908.773925,CONST330,TRACKING,330,18.936300,22.002465,-0.000529,-0.037042,4.998347,0.000000,0.000000,5.000000,0.037083,0
1784328908.798867,CONST330,TRACKING,330,18.903368,46.911919,-0.000529,-0.037042,4.998347,0.000000,0.000000,5.000000,0.037083,0
1784328908.823910,CONST330,TRACKING,330,18.898523,24.976504,-0.000947,-0.036533,4.998733,0.000000,0.000000,5.000000,0.036568,0
1784328908.848911,CONST330,TRACKING,330,18.881839,24.914305,-0.001458,-0.035998,4.998859,0.000000,0.000000,5.000000,0.036046,0
1784328908.873920,CONST330,TRACKING,330,18.845462,21.917712,-0.002024,-0.035353,4.999764,0.000000,0.000000,5.000000,0.035411,0
1784328908.898866,CONST330,TRACKING,330,18.921566,46.939394,-0.002024,-0.035353,4.999764,0.000000,0.000000,5.000000,0.035411,0
1784328908.923986,CONST330,TRACKING,330,18.845813,24.949219,-0.003299,-0.035216,5.001400,0.000000,0.000000,5.000000,0.035398,0
1784328908.948921,CONST330,TRACKING,330,18.934264,24.937422,-0.004350,-0.035083,5.001966,0.000000,0.000000,5.000000,0.035406,0
1784328908.973914,CONST330,TRACKING,330,18.882511,21.981130,-0.005304,-0.034789,5.001607,0.000000,0.000000,5.000000,0.035228,0
1784328908.998869,CONST330,TRACKING,330,18.903060,46.956840,-0.005304,-0.034789,5.001607,0.000000,0.000000,5.000000,0.035228,0
1784328909.023871,CONST330,TRACKING,330,18.913751,24.944860,-0.006230,-0.034281,5.001608,0.000000,0.000000,5.000000,0.034880,0
1784328909.048912,CONST330,TRACKING,330,18.975040,25.037560,-0.007286,-0.036368,5.001199,0.000000,0.000000,5.000000,0.037110,0
1784328909.073909,CONST330,TRACKING,330,18.967174,22.013698,-0.008346,-0.038027,5.001235,0.000000,0.000000,5.000000,0.038952,0
1784328909.098871,CONST330,TRACKING,330,18.997666,47.005151,-0.008346,-0.038027,5.001235,0.000000,0.000000,5.000000,0.038952,0
1784328909.123977,CONST330,TRACKING,330,19.161706,25.208079,-0.009726,-0.039527,5.001773,0.000000,0.000000,5.000000,0.040745,0
1784328909.148916,CONST330,TRACKING,330,18.990616,24.698097,-0.011115,-0.040891,5.002867,0.000000,0.000000,5.000000,0.042472,0
1784328909.173921,CONST330,TRACKING,330,18.972853,22.051797,-0.013304,-0.043465,5.004817,0.000000,0.000000,5.000000,0.045710,0
1784328909.198870,CONST330,TRACKING,330,18.879540,46.907457,-0.013304,-0.043465,5.004817,0.000000,0.000000,5.000000,0.045710,0
1784328909.223915,CONST330,TRACKING,330,18.865943,24.963980,-0.015367,-0.045540,5.006288,0.000000,0.000000,5.000000,0.048472,0
1784328909.248911,CONST330,TRACKING,330,18.791569,24.847322,-0.017272,-0.047079,5.007520,0.000000,0.000000,5.000000,0.050708,0
1784328909.273916,CONST330,TRACKING,330,18.800304,21.990665,-0.019998,-0.048419,5.007930,0.000000,0.000000,5.000000,0.052983,0
1784328909.298868,CONST330,TRACKING,330,18.854994,46.997354,-0.019998,-0.048419,5.007930,0.000000,0.000000,5.000000,0.052983,0
1784328909.323872,CONST330,TRACKING,330,18.862021,24.951109,-0.024216,-0.049861,5.006660,0.000000,0.000000,5.000000,0.055829,0
1784328909.348911,CONST330,TRACKING,330,18.928095,25.043485,-0.027237,-0.050602,5.006000,0.000000,0.000000,5.000000,0.057779,0
1784328909.373872,CONST330,TRACKING,330,18.830007,21.892807,-0.029976,-0.051063,5.005270,0.000000,0.000000,5.000000,0.059445,0
1784328909.398869,CONST330,TRACKING,330,18.835657,46.895925,-0.029976,-0.051063,5.005270,0.000000,0.000000,5.000000,0.059445,0
1784328909.423872,CONST330,TRACKING,330,18.873686,24.940698,-0.033512,-0.050672,5.004304,0.000000,0.000000,5.000000,0.060904,0
1784328909.448920,CONST330,TRACKING,330,19.156633,25.224372,-0.037003,-0.049867,5.002730,0.000000,0.000000,5.000000,0.062156,0
1784328909.473924,CONST330,TRACKING,330,18.925074,21.901445,-0.040047,-0.048866,5.000657,0.000000,0.000000,5.000000,0.063183,0
1784328909.498871,CONST330,TRACKING,330,18.894336,46.816801,-0.040047,-0.048866,5.000657,0.000000,0.000000,5.000000,0.063183,0
1784328909.523908,CONST330,TRACKING,330,18.839462,24.917789,-0.043155,-0.047799,4.997928,0.000000,0.000000,5.000000,0.064431,0
1784328909.548911,CONST330,TRACKING,330,18.875046,24.966255,-0.044849,-0.048128,4.995450,0.000000,0.000000,5.000000,0.065943,0
1784328909.573872,CONST330,TRACKING,330,18.888152,21.829316,-0.046216,-0.048158,4.992637,0.000000,0.000000,5.000000,0.067151,0
1784328909.598869,CONST330,TRACKING,330,18.884661,46.822496,-0.046216,-0.048158,4.992637,0.000000,0.000000,5.000000,0.067151,0
1784328909.623928,CONST330,TRACKING,330,18.957505,25.061109,-0.047307,-0.047902,4.989660,0.000000,0.000000,5.000000,0.068114,0
1784328909.648907,CONST330,TRACKING,330,18.840222,24.792548,-0.048010,-0.047978,4.986798,0.000000,0.000000,5.000000,0.069145,0
1784328909.673872,CONST330,TRACKING,330,18.933785,21.967878,-0.048098,-0.049261,4.986230,0.000000,0.000000,5.000000,0.070212,0
1784328909.698870,CONST330,TRACKING,330,18.907940,46.939938,-0.048098,-0.049261,4.986230,0.000000,0.000000,5.000000,0.070212,0
1784328909.723873,CONST330,TRACKING,330,18.839721,24.852215,-0.048001,-0.050375,4.987279,0.000000,0.000000,5.000000,0.070736,0
1784328909.748912,CONST330,TRACKING,330,18.907189,25.026999,-0.047713,-0.050907,4.988484,0.000000,0.000000,5.000000,0.070715,0
1784328909.773902,CONST330,TRACKING,330,18.858776,21.907013,-0.047724,-0.052217,4.991199,0.000000,0.000000,5.000000,0.071285,0
1784328909.798872,CONST330,TRACKING,330,18.859966,46.878484,-0.047724,-0.052217,4.991199,0.000000,0.000000,5.000000,0.071285,0
1784328909.823874,CONST330,TRACKING,330,18.948372,25.016558,-0.048025,-0.054184,4.994918,0.000000,0.000000,5.000000,0.072581,0
1784328909.848917,CONST330,TRACKING,330,18.869823,24.890404,-0.048151,-0.055727,4.997844,0.000000,0.000000,5.000000,0.073680,0
1784328909.873882,CONST330,TRACKING,330,18.884653,21.830610,-0.048090,-0.056933,5.000439,0.000000,0.000000,5.000000,0.074526,0
1784328909.898872,CONST330,TRACKING,330,18.964810,46.899852,-0.048090,-0.056933,5.000439,0.000000,0.000000,5.000000,0.074526,0
1784328909.923927,CONST330,TRACKING,330,18.932933,24.927273,-0.048609,-0.057731,5.003613,0.000000,0.000000,5.000000,0.075557,0
1784328909.948928,CONST330,TRACKING,330,18.971168,24.957642,-0.048876,-0.057907,5.005074,0.000000,0.000000,5.000000,0.075946,0
1784328909.973874,CONST330,TRACKING,330,18.857696,21.959622,-0.048845,-0.057803,5.006508,0.000000,0.000000,5.000000,0.075957,0
1784328909.998871,CONST330,TRACKING,330,18.830247,46.928679,-0.048845,-0.057803,5.006508,0.000000,0.000000,5.000000,0.075957,0
1784328910.023909,CONST330,TRACKING,330,18.859485,24.993933,-0.048493,-0.057442,5.008177,0.000000,0.000000,5.000000,0.075618,0
1784328910.048909,CONST330,TRACKING,330,18.910802,24.989540,-0.048433,-0.055591,5.009436,0.000000,0.000000,5.000000,0.074332,0
1784328910.073915,CONST330,TRACKING,330,18.907813,21.974372,-0.048159,-0.053690,5.010670,0.000000,0.000000,5.000000,0.072909,0
1784328910.098875,CONST330,TRACKING,330,18.897885,46.924653,-0.048159,-0.053690,5.010670,0.000000,0.000000,5.000000,0.072909,0
1784328910.123914,CONST330,TRACKING,330,18.912704,24.990033,-0.047502,-0.051335,5.012087,0.000000,0.000000,5.000000,0.070978,0
1784328910.148911,CONST330,TRACKING,330,18.843958,24.859735,-0.046513,-0.049107,5.012219,0.000000,0.000000,5.000000,0.068733,0
1784328910.173916,CONST330,TRACKING,330,18.878158,21.827910,-0.044547,-0.046200,5.010245,0.000000,0.000000,5.000000,0.064991,0
1784328910.198872,CONST330,TRACKING,330,18.892886,46.797458,-0.044547,-0.046200,5.010245,0.000000,0.000000,5.000000,0.064991,0
1784328910.223917,CONST330,TRACKING,330,18.973066,25.054512,-0.042465,-0.043181,5.008442,0.000000,0.000000,5.000000,0.061149,0
1784328910.248914,CONST330,TRACKING,330,18.901116,24.860223,-0.040252,-0.040129,5.006429,0.000000,0.000000,5.000000,0.057200,0
1784328910.273914,CONST330,TRACKING,330,18.834532,21.852387,-0.037408,-0.036629,5.003656,0.000000,0.000000,5.000000,0.052482,0
1784328910.298872,CONST330,TRACKING,330,18.922606,46.899961,-0.037408,-0.036629,5.003656,0.000000,0.000000,5.000000,0.052482,0
1784328910.323912,CONST330,TRACKING,330,18.885845,24.936491,-0.033114,-0.031736,4.999785,0.000000,0.000000,5.000000,0.045866,0
1784328910.348918,CONST330,TRACKING,330,19.258193,25.315912,-0.029754,-0.027729,4.997813,0.000000,0.000000,5.000000,0.040731,0
1784328910.373916,CONST330,TRACKING,330,18.774919,21.835665,-0.026527,-0.023810,4.995957,0.000000,0.000000,5.000000,0.035874,0
1784328910.398876,CONST330,TRACKING,330,18.884168,46.904523,-0.026527,-0.023810,4.995957,0.000000,0.000000,5.000000,0.035874,0
1784328910.423874,CONST330,TRACKING,330,19.541530,25.542033,-0.023316,-0.020095,4.992150,0.000000,0.000000,5.000000,0.031766,0
1784328910.448903,CONST330,TRACKING,330,19.878159,25.284696,-0.020123,-0.016472,4.987874,0.000000,0.000000,5.000000,0.028694,0
1784328910.473920,CONST330,TRACKING,330,18.826475,21.913764,-0.016945,-0.012822,4.984054,0.000000,0.000000,5.000000,0.026567,0
1784328910.498874,CONST330,TRACKING,330,18.873207,46.913653,-0.016945,-0.012822,4.984054,0.000000,0.000000,5.000000,0.026567,0
1784328910.523915,CONST330,TRACKING,330,18.798289,24.894186,-0.013352,-0.008509,4.980406,0.000000,0.000000,5.000000,0.025191,0
1784328910.548926,CONST330,TRACKING,330,18.850894,25.001104,-0.011587,-0.005720,4.978966,0.000000,0.000000,5.000000,0.024686,0
1784328910.573877,CONST330,TRACKING,330,18.985716,21.998049,-0.009793,-0.002881,4.977691,0.000000,0.000000,5.000000,0.024533,0
1784328910.598875,CONST330,TRACKING,330,19.635660,47.645846,-0.009793,-0.002881,4.977691,0.000000,0.000000,5.000000,0.024533,0
1784328910.623877,CONST330,TRACKING,330,18.848075,24.138322,-0.008012,-0.000100,4.976732,0.000000,0.000000,5.000000,0.024609,0
1784328910.648929,CONST330,TRACKING,330,18.879893,25.012081,-0.006126,0.002508,4.975810,0.000000,0.000000,5.000000,0.025080,0
1784328910.673878,CONST330,TRACKING,330,18.874681,21.824320,-0.003971,0.004716,4.975341,0.000000,0.000000,5.000000,0.025418,0
1784328910.698877,CONST330,TRACKING,330,18.948199,46.896705,-0.003971,0.004716,4.975341,0.000000,0.000000,5.000000,0.025418,0
1784328910.723920,CONST330,TRACKING,330,19.057063,25.073346,-0.001423,0.007386,4.975607,0.000000,0.000000,5.000000,0.025526,0
1784328910.748939,CONST330,TRACKING,330,18.885905,24.780639,0.000450,0.009479,4.975861,0.000000,0.000000,5.000000,0.025938,0
1784328910.773917,CONST330,TRACKING,330,18.870384,21.938490,0.001389,0.009965,4.977156,0.000000,0.000000,5.000000,0.024961,0
1784328910.798875,CONST330,TRACKING,330,18.836205,46.861729,0.001389,0.009965,4.977156,0.000000,0.000000,5.000000,0.024961,0
1784328910.823918,CONST330,TRACKING,330,18.847894,24.989682,0.001491,0.009085,4.979210,0.000000,0.000000,5.000000,0.022737,0
1784328910.848934,CONST330,TRACKING,330,19.010698,25.110908,0.001559,0.008455,4.980681,0.000000,0.000000,5.000000,0.021145,0
1784328910.873917,CONST330,TRACKING,330,18.855695,21.942215,0.001634,0.008040,4.982228,0.000000,0.000000,5.000000,0.019575,0
1784328910.898926,CONST330,TRACKING,330,18.866828,46.961179,0.001634,0.008040,4.982228,0.000000,0.000000,5.000000,0.019575,0
1784328910.923888,CONST330,TRACKING,330,18.859073,24.866769,0.001666,0.007837,4.989722,0.000000,0.000000,5.000000,0.013032,0
1784328910.948939,CONST330,TRACKING,330,19.052712,25.137200,0.001739,0.007723,4.996173,0.000000,0.000000,5.000000,0.008793,0
1784328910.973921,CONST330,TRACKING,330,18.827645,21.818328,0.001930,0.007664,5.001501,0.000000,0.000000,5.000000,0.008045,0
1784328910.998875,CONST330,TRACKING,330,18.835190,46.781136,0.001930,0.007664,5.001501,0.000000,0.000000,5.000000,0.008045,0
1784328911.023932,CONST330,TRACKING,330,18.907902,25.049804,0.002224,0.007617,5.006865,0.000000,0.000000,5.000000,0.010492,0
1784328911.048936,CONST330,TRACKING,330,19.052584,25.072664,0.003132,0.006518,5.011633,0.000000,0.000000,5.000000,0.013698,0
1784328911.073930,CONST330,TRACKING,330,18.950711,22.074518,0.003967,0.005584,5.015716,0.000000,0.000000,5.000000,0.017143,0
1784328911.098879,CONST330,TRACKING,330,19.036423,47.109715,0.003967,0.005584,5.015716,0.000000,0.000000,5.000000,0.017143,0
1784328911.123924,CONST330,TRACKING,330,18.961625,24.902365,0.004910,0.004561,5.019957,0.000000,0.000000,5.000000,0.021052,0
1784328911.148933,CONST330,TRACKING,330,18.997511,24.978501,0.004892,0.003886,5.023194,0.000000,0.000000,5.000000,0.024020,0
1784328911.173932,CONST330,TRACKING,330,18.900912,21.832993,0.002979,0.003502,5.025880,0.000000,0.000000,5.000000,0.026285,0
1784328911.198879,CONST330,TRACKING,330,18.889576,46.768650,0.002979,0.003502,5.025880,0.000000,0.000000,5.000000,0.026285,0
1784328911.223921,CONST330,TRACKING,330,18.974221,25.052007,0.001213,0.003157,5.027744,0.000000,0.000000,5.000000,0.027950,0
1784328911.248930,CONST330,TRACKING,330,18.965856,24.936548,-0.000452,0.002980,5.028377,0.000000,0.000000,5.000000,0.028537,0
1784328911.273929,CONST330,TRACKING,330,18.923030,21.860138,-0.002276,0.002740,5.029276,0.000000,0.000000,5.000000,0.029492,0
1784328911.298879,CONST330,TRACKING,330,18.812389,46.699289,-0.002276,0.002740,5.029276,0.000000,0.000000,5.000000,0.029492,0
1784328911.323931,CONST330,TRACKING,330,18.867033,25.043116,-0.004756,0.002416,5.031287,0.000000,0.000000,5.000000,0.031739,0
1784328911.348933,CONST330,TRACKING,330,18.857316,24.926496,-0.006720,0.002391,5.032589,0.000000,0.000000,5.000000,0.033361,0
1784328911.373880,CONST330,TRACKING,330,18.861884,21.920041,-0.008682,0.002477,5.033960,0.000000,0.000000,5.000000,0.035140,0
1784328911.398879,CONST330,TRACKING,330,18.814348,46.869313,-0.008682,0.002477,5.033960,0.000000,0.000000,5.000000,0.035140,0
1784328911.423925,CONST330,TRACKING,330,18.843641,24.979476,-0.010406,0.005370,5.035530,0.000000,0.000000,5.000000,0.037410,0
1784328911.448940,CONST330,TRACKING,330,18.967142,25.032275,-0.012032,0.008939,5.036606,0.000000,0.000000,5.000000,0.039556,0
1784328911.473944,CONST330,TRACKING,330,18.898367,21.978562,-0.013612,0.012210,5.037182,0.000000,0.000000,5.000000,0.041435,0
1784328911.498879,CONST330,TRACKING,330,18.843242,46.858074,-0.013612,0.012210,5.037182,0.000000,0.000000,5.000000,0.041435,0
1784328911.523930,CONST330,TRACKING,330,18.814293,24.952240,-0.015688,0.015782,5.037579,0.000000,0.000000,5.000000,0.043673,0
1784328911.548935,CONST330,TRACKING,330,18.865760,24.990746,-0.017969,0.018101,5.036479,0.000000,0.000000,5.000000,0.044512,0
1784328911.573919,CONST330,TRACKING,330,18.793424,21.840360,-0.020019,0.020314,5.035053,0.000000,0.000000,5.000000,0.045190,0
1784328911.598878,CONST330,TRACKING,330,18.963388,46.969889,-0.020019,0.020314,5.035053,0.000000,0.000000,5.000000,0.045190,0
1784328911.623915,CONST330,TRACKING,330,18.803027,24.810320,-0.021859,0.022400,5.033020,0.000000,0.000000,5.000000,0.045496,0
1784328911.648928,CONST330,TRACKING,330,18.824702,24.960543,-0.023498,0.024818,5.029846,0.000000,0.000000,5.000000,0.045375,0
1784328911.673949,CONST330,TRACKING,330,18.914690,22.032056,-0.024972,0.028243,5.025704,0.000000,0.000000,5.000000,0.045628,0
1784328911.698881,CONST330,TRACKING,330,18.995768,47.042916,-0.024972,0.028243,5.025704,0.000000,0.000000,5.000000,0.045628,0
1784328911.723934,CONST330,TRACKING,330,18.906922,24.882714,-0.026553,0.031993,5.021324,0.000000,0.000000,5.000000,0.046726,0
1784328911.748935,CONST330,TRACKING,330,18.912019,24.934976,-0.027632,0.034606,5.018047,0.000000,0.000000,5.000000,0.047820,0
1784328911.773937,CONST330,TRACKING,330,18.892686,21.996936,-0.028141,0.036121,5.014513,0.000000,0.000000,5.000000,0.048034,0
1784328911.798879,CONST330,TRACKING,330,18.846222,46.893013,-0.028141,0.036121,5.014513,0.000000,0.000000,5.000000,0.048034,0
1784328911.823923,CONST330,TRACKING,330,18.819035,24.949104,-0.028071,0.036735,5.010989,0.000000,0.000000,5.000000,0.047521,0
1784328911.848938,CONST330,TRACKING,330,18.857981,24.985225,-0.027828,0.037287,5.007821,0.000000,0.000000,5.000000,0.047180,0
1784328911.873938,CONST330,TRACKING,330,18.999829,22.107162,-0.027422,0.037727,5.004359,0.000000,0.000000,5.000000,0.046843,0
1784328911.898883,CONST330,TRACKING,330,18.782422,46.833085,-0.027422,0.037727,5.004359,0.000000,0.000000,5.000000,0.046843,0
1784328911.923926,CONST330,TRACKING,330,18.906820,25.068398,-0.027645,0.038505,5.000662,0.000000,0.000000,5.000000,0.047406,0
1784328911.948936,CONST330,TRACKING,330,19.133716,25.153912,-0.027760,0.038966,4.998130,0.000000,0.000000,5.000000,0.047880,0
1784328911.973938,CONST330,TRACKING,330,18.834297,21.891843,-0.027676,0.039187,4.995934,0.000000,0.000000,5.000000,0.048147,0
1784328911.998882,CONST330,TRACKING,330,18.829852,46.830439,-0.027676,0.039187,4.995934,0.000000,0.000000,5.000000,0.048147,0
1784328912.023937,CONST330,TRACKING,330,18.868129,25.024015,-0.027359,0.039211,4.994390,0.000000,0.000000,5.000000,0.048140,0
1784328912.048887,CONST330,TRACKING,330,18.841467,24.844392,-0.026577,0.040463,4.992128,0.000000,0.000000,5.000000,0.049047,0
1784328912.073930,CONST330,TRACKING,330,18.996312,22.146355,-0.025731,0.041448,4.990550,0.000000,0.000000,5.000000,0.049692,0
1784328912.098881,CONST330,TRACKING,330,19.026428,47.126052,-0.025731,0.041448,4.990550,0.000000,0.000000,5.000000,0.049692,0
1784328912.123922,CONST330,TRACKING,330,18.900638,24.832957,-0.024530,0.042406,4.990187,0.000000,0.000000,5.000000,0.049963,0
1784328912.148925,CONST330,TRACKING,330,18.952262,24.994272,-0.023845,0.043357,4.991851,0.000000,0.000000,5.000000,0.050149,0
1784328912.173936,CONST330,TRACKING,330,18.892319,21.848239,-0.024283,0.045229,4.995132,0.000000,0.000000,5.000000,0.051565,0
1784328912.198881,CONST330,TRACKING,330,18.902190,46.803533,-0.024283,0.045229,4.995132,0.000000,0.000000,5.000000,0.051565,0
1784328912.223920,CONST330,TRACKING,330,18.825472,24.898292,-0.024541,0.046902,4.997311,0.000000,0.000000,5.000000,0.053002,0
1784328912.248939,CONST330,TRACKING,330,18.866573,24.980628,-0.024617,0.048315,4.998963,0.000000,0.000000,5.000000,0.054235,0
1784328912.273935,CONST330,TRACKING,330,18.870342,22.078204,-0.024436,0.049893,5.003350,0.000000,0.000000,5.000000,0.055657,0
1784328912.298881,CONST330,TRACKING,330,18.858031,47.011926,-0.024436,0.049893,5.003350,0.000000,0.000000,5.000000,0.055657,0
1784328912.323932,CONST330,TRACKING,330,18.885882,25.010547,-0.023799,0.052005,5.011626,0.000000,0.000000,5.000000,0.058362,0
1784328912.348942,CONST330,TRACKING,330,18.890624,24.946597,-0.023062,0.053396,5.017995,0.000000,0.000000,5.000000,0.060884,0
1784328912.373936,CONST330,TRACKING,330,18.846945,21.846196,-0.022200,0.054526,5.023991,0.000000,0.000000,5.000000,0.063573,0
1784328912.398882,CONST330,TRACKING,330,18.867123,46.812884,-0.022200,0.054526,5.023991,0.000000,0.000000,5.000000,0.063573,0
1784328912.423934,CONST330,TRACKING,330,19.437862,25.526162,-0.021309,0.056115,5.028399,0.000000,0.000000,5.000000,0.066404,0
1784328912.448922,CONST330,TRACKING,330,18.968347,24.429501,-0.020351,0.057644,5.031927,0.000000,0.000000,5.000000,0.068966,0
1784328912.473932,CONST330,TRACKING,330,18.831827,21.917119,-0.019359,0.058800,5.034695,0.000000,0.000000,5.000000,0.070964,0
1784328912.498884,CONST330,TRACKING,330,18.934793,46.972104,-0.019359,0.058800,5.034695,0.000000,0.000000,5.000000,0.070964,0
1784328912.523912,CONST330,TRACKING,330,18.923007,24.944205,-0.018093,0.059687,5.036014,0.000000,0.000000,5.000000,0.072020,0
1784328912.548890,CONST330,TRACKING,330,18.882937,24.868696,-0.017157,0.059680,5.035186,0.000000,0.000000,5.000000,0.071373,0
1784328912.573935,CONST330,TRACKING,330,18.881635,21.948380,-0.016100,0.059432,5.034017,0.000000,0.000000,5.000000,0.070346,0
1784328912.598884,CONST330,TRACKING,330,18.883243,46.898948,-0.016100,0.059432,5.034017,0.000000,0.000000,5.000000,0.070346,0
1784328912.623887,CONST330,TRACKING,330,18.883575,24.932572,-0.014922,0.058912,5.032193,0.000000,0.000000,5.000000,0.068773,0
1784328912.648943,CONST330,TRACKING,330,18.884607,24.990911,-0.013929,0.058358,5.029797,0.000000,0.000000,5.000000,0.066989,0
1784328912.673888,CONST330,TRACKING,330,18.958871,21.995634,-0.013584,0.058171,5.026412,0.000000,0.000000,5.000000,0.065314,0
1784328912.698885,CONST330,TRACKING,330,18.987058,47.021506,-0.013584,0.058171,5.026412,0.000000,0.000000,5.000000,0.065314,0
1784328912.723927,CONST330,TRACKING,330,18.878647,24.835546,-0.013032,0.057468,5.022856,0.000000,0.000000,5.000000,0.063204,0
1784328912.748942,CONST330,TRACKING,330,18.922054,24.989686,-0.012439,0.056570,5.019561,0.000000,0.000000,5.000000,0.061136,0
1784328912.773926,CONST330,TRACKING,330,19.592326,22.689268,-0.012767,0.055178,5.015013,0.000000,0.000000,5.000000,0.058592,0
1784328912.798884,CONST330,TRACKING,330,18.880193,46.933562,-0.012767,0.055178,5.015013,0.000000,0.000000,5.000000,0.058592,0
1784328912.823926,CONST330,TRACKING,330,18.922809,25.019227,-0.013918,0.053367,5.009397,0.000000,0.000000,5.000000,0.055946,0
1784328912.848949,CONST330,TRACKING,330,19.071170,25.092795,-0.014838,0.051375,5.004725,0.000000,0.000000,5.000000,0.053683,0
1784328912.873939,CONST330,TRACKING,330,18.891448,21.942546,-0.015563,0.049225,5.001111,0.000000,0.000000,5.000000,0.051639,0
1784328912.898929,CONST330,TRACKING,330,18.888546,46.929453,-0.015563,0.049225,5.001111,0.000000,0.000000,5.000000,0.051639,0
1784328912.923887,CONST330,TRACKING,330,18.820414,24.799384,-0.015664,0.044959,4.997549,0.000000,0.000000,5.000000,0.047673,0
1784328912.948946,CONST330,TRACKING,330,18.820875,24.971183,-0.015497,0.041246,4.994540,0.000000,0.000000,5.000000,0.044398,0
1784328912.973936,CONST330,TRACKING,330,18.874767,21.957730,-0.015222,0.037524,4.991705,0.000000,0.000000,5.000000,0.041335,0
1784328912.998885,CONST330,TRACKING,330,18.910894,46.942934,-0.015222,0.037524,4.991705,0.000000,0.000000,5.000000,0.041335,0
1784328913.023888,CONST330,TRACKING,330,18.855002,24.865371,-0.014846,0.033714,4.988832,0.000000,0.000000,5.000000,0.038494,0
1784328913.048942,CONST330,TRACKING,330,18.921217,25.056785,-0.013921,0.030530,4.986138,0.000000,0.000000,5.000000,0.036304,0
1784328913.073944,CONST330,TRACKING,330,18.865961,21.940195,-0.012909,0.027262,4.983984,0.000000,0.000000,5.000000,0.034152,0
1784328913.098885,CONST330,TRACKING,330,18.861039,46.877192,-0.012909,0.027262,4.983984,0.000000,0.000000,5.000000,0.034152,0
1784328913.123888,CONST330,TRACKING,330,18.913972,24.988959,-0.011523,0.023022,4.981351,0.000000,0.000000,5.000000,0.031790,0
1784328913.148941,CONST330,TRACKING,330,18.933124,25.005208,-0.010337,0.019295,4.979462,0.000000,0.000000,5.000000,0.030016,0
1784328913.173888,CONST330,TRACKING,330,18.900768,21.902586,-0.009092,0.014758,4.977424,0.000000,0.000000,5.000000,0.028463,0
1784328913.198886,CONST330,TRACKING,330,18.898152,46.898065,-0.009092,0.014758,4.977424,0.000000,0.000000,5.000000,0.028463,0
1784328913.223893,CONST330,TRACKING,330,18.987638,25.032546,-0.007822,0.010268,4.975749,0.000000,0.000000,5.000000,0.027472,0
1784328913.248942,CONST330,TRACKING,330,18.870867,24.855132,-0.006474,0.005892,4.974251,0.000000,0.000000,5.000000,0.027196,0
1784328913.273941,CONST330,TRACKING,330,18.876925,21.989626,-0.004106,0.002863,4.974621,0.000000,0.000000,5.000000,0.025868,0
1784328913.298893,CONST330,TRACKING,330,18.892217,46.975006,-0.004106,0.002863,4.974621,0.000000,0.000000,5.000000,0.025868,0
1784328913.323924,CONST330,TRACKING,330,18.839523,24.893606,0.000106,0.000513,4.976358,0.000000,0.000000,5.000000,0.023648,0
1784328913.348943,CONST330,TRACKING,330,18.867183,24.980307,0.003481,-0.001449,4.977961,0.000000,0.000000,5.000000,0.022360,0
1784328913.373941,CONST330,TRACKING,330,18.847050,21.863505,0.006820,-0.003445,4.980437,0.000000,0.000000,5.000000,0.021003,0
1784328913.398886,CONST330,TRACKING,330,18.912405,46.872848,0.006820,-0.003445,4.980437,0.000000,0.000000,5.000000,0.021003,0
1784328913.423938,CONST330,TRACKING,330,18.936406,24.976065,0.009860,-0.005178,4.981883,0.000000,0.000000,5.000000,0.021267,0
1784328913.448953,CONST330,TRACKING,330,19.027912,25.024950,0.012796,-0.006931,4.982846,0.000000,0.000000,5.000000,0.022495,0
1784328913.473931,CONST330,TRACKING,330,18.966247,21.979851,0.015633,-0.008795,4.984087,0.000000,0.000000,5.000000,0.023978,0
1784328913.498889,CONST330,TRACKING,330,18.882522,46.853081,0.015633,-0.008795,4.984087,0.000000,0.000000,5.000000,0.023978,0
1784328913.523925,CONST330,TRACKING,330,18.804781,24.879443,0.018846,-0.011601,4.986610,0.000000,0.000000,5.000000,0.025866,0
1784328913.548945,CONST330,TRACKING,330,18.932023,25.073342,0.020930,-0.015097,4.989973,0.000000,0.000000,5.000000,0.027686,0
1784328913.573918,CONST330,TRACKING,330,18.924697,21.886835,0.022947,-0.018371,4.992872,0.000000,0.000000,5.000000,0.030247,0
1784328913.598890,CONST330,TRACKING,330,18.889880,46.824077,0.022947,-0.018371,4.992872,0.000000,0.000000,5.000000,0.030247,0
1784328913.623938,CONST330,TRACKING,330,18.930982,25.014116,0.024880,-0.021434,4.995085,0.000000,0.000000,5.000000,0.033205,0
1784328913.648945,CONST330,TRACKING,330,19.324563,25.336134,0.026617,-0.024642,4.996603,0.000000,0.000000,5.000000,0.036431,0
1784328913.673945,CONST330,TRACKING,330,18.810665,21.864741,0.027932,-0.028536,4.996942,0.000000,0.000000,5.000000,0.040048,0
1784328913.698931,CONST330,TRACKING,330,18.961766,47.002046,0.027932,-0.028536,4.996942,0.000000,0.000000,5.000000,0.040048,0
1784328913.724023,CONST330,TRACKING,330,18.802672,24.851483,0.029323,-0.033099,4.996859,0.000000,0.000000,5.000000,0.044331,0
1784328913.749018,CONST330,TRACKING,330,18.884047,25.000252,0.030201,-0.036449,4.996742,0.000000,0.000000,5.000000,0.047447,0
1784328913.774016,CONST330,TRACKING,330,18.897418,21.812824,0.030995,-0.039988,4.996525,0.000000,0.000000,5.000000,0.050713,0
1784328913.798890,CONST330,TRACKING,330,18.880320,46.669349,0.030995,-0.039988,4.996525,0.000000,0.000000,5.000000,0.050713,0
1784328913.823999,CONST330,TRACKING,330,18.881455,25.040958,0.031686,-0.043676,4.996451,0.000000,0.000000,5.000000,0.054076,0
1784328913.848946,CONST330,TRACKING,330,18.908120,24.914277,0.032132,-0.047164,4.995701,0.000000,0.000000,5.000000,0.057231,0
1784328913.873892,CONST330,TRACKING,330,18.835146,21.863466,0.032366,-0.050232,4.995030,0.000000,0.000000,5.000000,0.059963,0
1784328913.898890,CONST330,TRACKING,330,19.120978,47.148475,0.032366,-0.050232,4.995030,0.000000,0.000000,5.000000,0.059963,0
1784328913.923893,CONST330,TRACKING,330,18.886079,24.667332,0.031714,-0.052347,4.994969,0.000000,0.000000,5.000000,0.061411,0
1784328913.948953,CONST330,TRACKING,330,19.094818,25.178025,0.030910,-0.053629,4.995459,0.000000,0.000000,5.000000,0.062066,0
1784328913.974011,CONST330,TRACKING,330,18.986644,22.139684,0.030022,-0.054751,4.996057,0.000000,0.000000,5.000000,0.062566,0
1784328913.998890,CONST330,TRACKING,330,18.924688,46.956388,0.030022,-0.054751,4.996057,0.000000,0.000000,5.000000,0.062566,0
1784328914.024002,CONST330,TRACKING,330,18.829112,24.947728,0.029007,-0.055676,4.997185,0.000000,0.000000,5.000000,0.062843,0
1784328914.048912,CONST330,TRACKING,330,29.318759,35.324867,0.026790,-0.055681,4.996758,0.000000,0.000000,5.000000,0.061876,1
1784328914.078309,CONST330,TRACKING,330,20.879794,56.278780,0.026790,-0.055681,4.996758,0.000000,0.000000,5.000000,0.061876,0
1784328914.099304,CONST330,TRACKING,330,18.803413,18.830795,0.024634,-0.055484,4.996289,0.000000,0.000000,5.000000,0.060820,0
1784328914.123890,CONST330,TRACKING,330,18.827565,24.574586,0.022007,-0.054913,4.996156,0.000000,0.000000,5.000000,0.059283,0
1784328914.149010,CONST330,TRACKING,330,18.843034,25.076489,0.019868,-0.053894,4.997035,0.000000,0.000000,5.000000,0.057516,0
1784328914.173938,CONST330,TRACKING,330,18.813348,21.924349,0.017761,-0.051967,4.998069,0.000000,0.000000,5.000000,0.054952,0
1784328914.198896,CONST330,TRACKING,330,18.846401,46.915394,0.017761,-0.051967,4.998069,0.000000,0.000000,5.000000,0.054952,0
1784328914.223936,CONST330,TRACKING,330,18.765935,24.900840,0.015578,-0.049943,4.998660,0.000000,0.000000,5.000000,0.052334,0
1784328914.248957,CONST330,TRACKING,330,18.833026,25.027983,0.013340,-0.047849,4.998368,0.000000,0.000000,5.000000,0.049701,0
1784328914.273894,CONST330,TRACKING,330,18.910453,21.889331,0.010199,-0.045197,4.998363,0.000000,0.000000,5.000000,0.046363,0
1784328914.298934,CONST330,TRACKING,330,18.937968,46.956609,0.010199,-0.045197,4.998363,0.000000,0.000000,5.000000,0.046363,0
1784328914.323928,CONST330,TRACKING,330,18.975957,24.957902,0.005288,-0.041268,4.999324,0.000000,0.000000,5.000000,0.041611,0
1784328914.349011,CONST330,TRACKING,330,18.957198,25.001500,0.001489,-0.038097,5.000591,0.000000,0.000000,5.000000,0.038131,0
1784328914.373894,CONST330,TRACKING,330,18.892402,21.964576,-0.002167,-0.034929,5.002396,0.000000,0.000000,5.000000,0.035078,0
1784328914.398895,CONST330,TRACKING,330,18.913641,46.987317,-0.002167,-0.034929,5.002396,0.000000,0.000000,5.000000,0.035078,0
1784328914.423931,CONST330,TRACKING,330,18.923574,24.949408,-0.005602,-0.032347,5.002085,0.000000,0.000000,5.000000,0.032894,0
1784328914.449029,CONST330,TRACKING,330,19.020369,25.105932,-0.008974,-0.030140,5.001091,0.000000,0.000000,5.000000,0.031467,0
1784328914.473937,CONST330,TRACKING,330,19.262642,22.348433,-0.012206,-0.028012,4.999590,0.000000,0.000000,5.000000,0.030559,0
1784328914.498896,CONST330,TRACKING,330,18.924381,46.969479,-0.012206,-0.028012,4.999590,0.000000,0.000000,5.000000,0.030559,0
1784328914.524006,CONST330,TRACKING,330,18.837521,24.943780,-0.015980,-0.025594,4.996418,0.000000,0.000000,5.000000,0.030385,0
1784328914.549022,CONST330,TRACKING,330,18.859026,24.975774,-0.018612,-0.023959,4.993790,0.000000,0.000000,5.000000,0.030967,0
1784328914.573932,CONST330,TRACKING,330,18.796678,21.976286,-0.021014,-0.022282,4.991154,0.000000,0.000000,5.000000,0.031880,0
1784328914.598928,CONST330,TRACKING,330,18.783795,46.959419,-0.021014,-0.022282,4.991154,0.000000,0.000000,5.000000,0.031880,0
1784328914.623941,CONST330,TRACKING,330,19.539365,25.704369,-0.023252,-0.020615,4.988800,0.000000,0.000000,5.000000,0.033031,0
1784328914.648936,CONST330,TRACKING,330,18.867676,24.243497,-0.025519,-0.019227,4.986353,0.000000,0.000000,5.000000,0.034744,0
1784328914.673946,CONST330,TRACKING,330,18.889860,22.094306,-0.028191,-0.018564,4.983669,0.000000,0.000000,5.000000,0.037498,0
1784328914.698936,CONST330,TRACKING,330,19.014572,47.209763,-0.028191,-0.018564,4.983669,0.000000,0.000000,5.000000,0.037498,0
1784328914.723943,CONST330,TRACKING,330,18.848166,24.746707,-0.031345,-0.017386,4.981139,0.000000,0.000000,5.000000,0.040503,0
1784328914.748952,CONST330,TRACKING,330,18.825180,24.908134,-0.033684,-0.016213,4.980352,0.000000,0.000000,5.000000,0.042232,0
1784328914.773939,CONST330,TRACKING,330,18.926100,22.059095,-0.035251,-0.015480,4.980820,0.000000,0.000000,5.000000,0.043013,0
1784328914.798898,CONST330,TRACKING,330,18.821365,46.912982,-0.035251,-0.015480,4.980820,0.000000,0.000000,5.000000,0.043013,0
1784328914.823943,CONST330,TRACKING,330,18.866095,25.024778,-0.036099,-0.015081,4.981812,0.000000,0.000000,5.000000,0.043143,0
1784328914.848950,CONST330,TRACKING,330,18.906065,24.986548,-0.036884,-0.014421,4.982285,0.000000,0.000000,5.000000,0.043384,0
1784328914.873896,CONST330,TRACKING,330,18.785214,21.854890,-0.037570,-0.013507,4.983059,0.000000,0.000000,5.000000,0.043370,0
1784328914.898892,CONST330,TRACKING,330,18.894242,46.959821,-0.037570,-0.013507,4.983059,0.000000,0.000000,5.000000,0.043370,0
1784328914.923946,CONST330,TRACKING,330,18.853958,24.922111,-0.037632,-0.009791,4.985174,0.000000,0.000000,5.000000,0.041616,0
1784328914.948957,CONST330,TRACKING,330,18.949484,25.025799,-0.037477,-0.006476,4.987153,0.000000,0.000000,5.000000,0.040144,0
1784328914.973907,CONST330,TRACKING,330,19.017956,22.029328,-0.037216,-0.003243,4.989486,0.000000,0.000000,5.000000,0.038808,0
1784328914.998895,CONST330,TRACKING,330,18.904496,46.902646,-0.037216,-0.003243,4.989486,0.000000,0.000000,5.000000,0.038808,0
1784328915.023940,CONST330,TRACKING,330,18.822576,24.886004,-0.036845,-0.000043,4.991982,0.000000,0.000000,5.000000,0.037707,0
1784328915.048959,CONST330,TRACKING,330,18.878200,25.010345,-0.036428,0.004559,4.996370,0.000000,0.000000,5.000000,0.036891,0
1784328915.073897,CONST330,TRACKING,330,18.894123,21.822658,-0.035941,0.009064,4.999721,0.000000,0.000000,5.000000,0.037067,0
1784328915.098895,CONST330,TRACKING,330,18.812190,46.739006,-0.035941,0.009064,4.999721,0.000000,0.000000,5.000000,0.037067,0
1784328915.124007,CONST330,TRACKING,330,18.853063,25.090309,-0.035138,0.014537,5.002932,0.000000,0.000000,5.000000,0.038140,0
1784328915.149021,CONST330,TRACKING,330,18.907739,25.011905,-0.033794,0.018892,5.005940,0.000000,0.000000,5.000000,0.039169,0
1784328915.173950,CONST330,TRACKING,330,18.839718,21.810119,-0.030849,0.023581,5.007655,0.000000,0.000000,5.000000,0.039577,0
1784328915.198894,CONST330,TRACKING,330,18.850766,46.765674,-0.030849,0.023581,5.007655,0.000000,0.000000,5.000000,0.039577,0
1784328915.223894,CONST330,TRACKING,330,19.492113,25.578414,-0.027925,0.028065,5.008537,0.000000,0.000000,5.000000,0.040501,0
1784328915.248899,CONST330,TRACKING,330,18.836527,24.269784,-0.025026,0.032392,5.009395,0.000000,0.000000,5.000000,0.041997,0
1784328915.273898,CONST330,TRACKING,330,18.829496,21.972429,-0.021719,0.036290,5.010611,0.000000,0.000000,5.000000,0.043604,0
1784328915.299012,CONST330,TRACKING,330,18.860214,47.117312,-0.021719,0.036290,5.010611,0.000000,0.000000,5.000000,0.043604,0
1784328915.323950,CONST330,TRACKING,330,18.817984,24.828127,-0.017011,0.040405,5.011981,0.000000,0.000000,5.000000,0.045447,0
1784328915.349000,CONST330,TRACKING,330,18.928520,25.099031,-0.013246,0.043582,5.012848,0.000000,0.000000,5.000000,0.047328,0
1784328915.373952,CONST330,TRACKING,330,18.920076,22.051114,-0.009554,0.046613,5.013968,0.000000,0.000000,5.000000,0.049590,0
1784328915.398898,CONST330,TRACKING,330,18.851743,46.928948,-0.009554,0.046613,5.013968,0.000000,0.000000,5.000000,0.049590,0
1784328915.424011,CONST330,TRACKING,330,18.863059,25.030890,-0.006283,0.048328,5.015629,0.000000,0.000000,5.000000,0.051180,0
1784328915.449037,CONST330,TRACKING,330,19.049062,25.125022,-0.003114,0.049501,5.017890,0.000000,0.000000,5.000000,0.052727,0
1784328915.473947,CONST330,TRACKING,330,18.969278,22.085817,0.000088,0.050450,5.020569,0.000000,0.000000,5.000000,0.054482,0
1784328915.498937,CONST330,TRACKING,330,18.846794,46.953463,0.000088,0.050450,5.020569,0.000000,0.000000,5.000000,0.054482,0
1784328915.524011,CONST330,TRACKING,330,18.904896,25.059223,0.004106,0.050754,5.022947,0.000000,0.000000,5.000000,0.055852,0
1784328915.549018,CONST330,TRACKING,330,19.034459,25.065333,0.007181,0.049013,5.023910,0.000000,0.000000,5.000000,0.055005,0
1784328915.574018,CONST330,TRACKING,330,18.911074,21.904243,0.010252,0.047299,5.023967,0.000000,0.000000,5.000000,0.054007,0
1784328915.598948,CONST330,TRACKING,330,18.888514,46.811784,0.010252,0.047299,5.023967,0.000000,0.000000,5.000000,0.054007,0
1784328915.624020,CONST330,TRACKING,330,18.891151,25.008061,0.013281,0.045582,5.024431,0.000000,0.000000,5.000000,0.053394,0
1784328915.649021,CONST330,TRACKING,330,18.889440,24.931938,0.016200,0.043470,5.024011,0.000000,0.000000,5.000000,0.052236,0
1784328915.674016,CONST330,TRACKING,330,18.938360,22.038980,0.019019,0.040217,5.020216,0.000000,0.000000,5.000000,0.048865,0
1784328915.698945,CONST330,TRACKING,330,18.830056,46.859556,0.019019,0.040217,5.020216,0.000000,0.000000,5.000000,0.048865,0
1784328915.724005,CONST330,TRACKING,330,19.280196,25.436731,0.022421,0.036098,5.016346,0.000000,0.000000,5.000000,0.045529,0
1784328915.749018,CONST330,TRACKING,330,19.406406,25.047656,0.025031,0.032828,5.014405,0.000000,0.000000,5.000000,0.043723,0
1784328915.774020,CONST330,TRACKING,330,18.857461,21.909117,0.026428,0.028722,5.012464,0.000000,0.000000,5.000000,0.040973,0
1784328915.798898,CONST330,TRACKING,330,19.308319,47.238779,0.026428,0.028722,5.012464,0.000000,0.000000,5.000000,0.040973,0
1784328915.824014,CONST330,TRACKING,330,19.081455,24.814683,0.026754,0.024016,5.010320,0.000000,0.000000,5.000000,0.037404,0
1784328915.849016,CONST330,TRACKING,330,19.372581,25.215412,0.027118,0.019702,5.008830,0.000000,0.000000,5.000000,0.034663,0
1784328915.873951,CONST330,TRACKING,330,18.929274,22.024168,0.027532,0.015576,5.007387,0.000000,0.000000,5.000000,0.032484,0
1784328915.899006,CONST330,TRACKING,330,18.945816,47.095568,0.027532,0.015576,5.007387,0.000000,0.000000,5.000000,0.032484,0
1784328915.924014,CONST330,TRACKING,330,18.913710,24.886669,0.027996,0.009910,5.006758,0.000000,0.000000,5.000000,0.030458,0
1784328915.948960,CONST330,TRACKING,330,18.944150,24.883752,0.028433,0.005442,5.006431,0.000000,0.000000,5.000000,0.029655,0
1784328915.974014,CONST330,TRACKING,330,18.934382,22.096778,0.028862,0.001161,5.006544,0.000000,0.000000,5.000000,0.029617,0
1784328915.998982,CONST330,TRACKING,330,18.854362,46.985827,0.028862,0.001161,5.006544,0.000000,0.000000,5.000000,0.029617,0
1784328916.024017,CONST330,TRACKING,330,18.850667,24.963043,0.029350,-0.002926,5.006363,0.000000,0.000000,5.000000,0.030174,0
1784328916.048958,CONST330,TRACKING,330,18.964963,24.990044,0.030200,-0.009281,5.007683,0.000000,0.000000,5.000000,0.032515,0
1784328916.073953,CONST330,TRACKING,330,18.844289,21.960906,0.030959,-0.015182,5.009102,0.000000,0.000000,5.000000,0.035663,0
1784328916.098942,CONST330,TRACKING,330,18.785819,46.891735,0.030959,-0.015182,5.009102,0.000000,0.000000,5.000000,0.035663,0
1784328916.123936,CONST330,TRACKING,330,18.833135,24.972244,0.031569,-0.021857,5.011018,0.000000,0.000000,5.000000,0.039947,0
1784328916.148961,CONST330,TRACKING,330,18.885331,25.016206,0.031959,-0.026801,5.011917,0.000000,0.000000,5.000000,0.043378,0
1784328916.173940,CONST330,TRACKING,330,18.796094,21.741732,0.032520,-0.031657,5.012187,0.000000,0.000000,5.000000,0.046992,0
1784328916.198898,CONST330,TRACKING,330,18.789484,46.693693,0.032520,-0.031657,5.012187,0.000000,0.000000,5.000000,0.046992,0
1784328916.223950,CONST330,TRACKING,330,18.849644,25.051976,0.032968,-0.036024,5.012665,0.000000,0.000000,5.000000,0.050448,0
1784328916.248954,CONST330,TRACKING,330,18.812875,24.906869,0.033283,-0.039970,5.013614,0.000000,0.000000,5.000000,0.053766,0
1784328916.273903,CONST330,TRACKING,330,18.877452,21.821897,0.033873,-0.044229,5.015620,0.000000,0.000000,5.000000,0.057858,0
1784328916.298951,CONST330,TRACKING,330,18.879762,46.872056,0.033873,-0.044229,5.015620,0.000000,0.000000,5.000000,0.057858,0
1784328916.323938,CONST330,TRACKING,330,18.878986,24.919082,0.034919,-0.049674,5.018097,0.000000,0.000000,5.000000,0.063359,0
1784328916.348956,CONST330,TRACKING,330,18.868140,24.938550,0.035561,-0.053383,5.019866,0.000000,0.000000,5.000000,0.067149,0
1784328916.374019,CONST330,TRACKING,330,18.901341,22.076694,0.036085,-0.056571,5.021727,0.000000,0.000000,5.000000,0.070530,0
1784328916.398902,CONST330,TRACKING,330,18.966831,47.025686,0.036085,-0.056571,5.021727,0.000000,0.000000,5.000000,0.070530,0
1784328916.424029,CONST330,TRACKING,330,18.910151,24.976173,0.036677,-0.059446,5.022019,0.000000,0.000000,5.000000,0.073238,0
1784328916.448965,CONST330,TRACKING,330,18.950610,24.861392,0.037219,-0.061905,5.022141,0.000000,0.000000,5.000000,0.075549,0
1784328916.473919,CONST330,TRACKING,330,18.925530,21.953459,0.037736,-0.063939,5.021873,0.000000,0.000000,5.000000,0.077399,0
1784328916.498940,CONST330,TRACKING,330,18.860105,46.909600,0.037736,-0.063939,5.021873,0.000000,0.000000,5.000000,0.077399,0
1784328916.523946,CONST330,TRACKING,330,18.844374,24.914902,0.038154,-0.066158,5.021467,0.000000,0.000000,5.000000,0.079331,0
1784328916.548956,CONST330,TRACKING,330,18.876234,24.974053,0.038000,-0.068164,5.022701,0.000000,0.000000,5.000000,0.081275,0
1784328916.573955,CONST330,TRACKING,330,18.857652,21.980403,0.037835,-0.069764,5.023882,0.000000,0.000000,5.000000,0.082879,0
1784328916.598945,CONST330,TRACKING,330,18.897626,47.009846,0.037835,-0.069764,5.023882,0.000000,0.000000,5.000000,0.082879,0
1784328916.623936,CONST330,TRACKING,330,18.809922,24.836989,0.037721,-0.071050,5.024545,0.000000,0.000000,5.000000,0.084103,0
1784328916.648958,CONST330,TRACKING,330,18.898299,25.043612,0.037876,-0.071656,5.024072,0.000000,0.000000,5.000000,0.084550,0
1784328916.673947,CONST330,TRACKING,330,18.900377,21.910855,0.038761,-0.070926,5.022175,0.000000,0.000000,5.000000,0.083813,0
1784328916.698903,CONST330,TRACKING,330,19.053824,47.019028,0.038761,-0.070926,5.022175,0.000000,0.000000,5.000000,0.083813,0
1784328916.723939,CONST330,TRACKING,330,18.946194,24.850993,0.039582,-0.069611,5.020474,0.000000,0.000000,5.000000,0.082654,0
1784328916.748958,CONST330,TRACKING,330,18.936198,24.937651,0.040083,-0.068215,5.018826,0.000000,0.000000,5.000000,0.081328,0
1784328916.773950,CONST330,TRACKING,330,18.879529,22.010963,0.040330,-0.066408,5.017752,0.000000,0.000000,5.000000,0.079698,0
1784328916.798903,CONST330,TRACKING,330,18.818272,46.903502,0.040330,-0.066408,5.017752,0.000000,0.000000,5.000000,0.079698,0
1784328916.823940,CONST330,TRACKING,330,18.890995,25.027726,0.040401,-0.064251,5.017268,0.000000,0.000000,5.000000,0.077837,0
1784328916.849030,CONST330,TRACKING,330,18.958492,25.086531,0.040378,-0.061864,5.016780,0.000000,0.000000,5.000000,0.075757,0
1784328916.873955,CONST330,TRACKING,330,18.913262,21.796437,0.040248,-0.059244,5.016624,0.000000,0.000000,5.000000,0.073526,0
1784328916.898945,CONST330,TRACKING,330,18.923424,46.796706,0.040248,-0.059244,5.016624,0.000000,0.000000,5.000000,0.073526,0
1784328916.924013,CONST330,TRACKING,330,19.010395,25.044080,0.040675,-0.056079,5.015461,0.000000,0.000000,5.000000,0.070982,0
1784328916.948950,CONST330,TRACKING,330,19.037315,24.864327,0.040932,-0.053356,5.013815,0.000000,0.000000,5.000000,0.068652,0
1784328916.973948,CONST330,TRACKING,330,18.858340,21.982972,0.041008,-0.050367,5.011555,0.000000,0.000000,5.000000,0.065970,0
1784328916.998951,CONST330,TRACKING,330,18.888882,47.016622,0.041008,-0.050367,5.011555,0.000000,0.000000,5.000000,0.065970,0
1784328917.023923,CONST330,TRACKING,330,18.822411,24.836087,0.040954,-0.047134,5.008589,0.000000,0.000000,5.000000,0.063029,0
1784328917.048959,CONST330,TRACKING,330,18.903970,25.046118,0.039131,-0.042619,5.005410,0.000000,0.000000,5.000000,0.058111,0
1784328917.073956,CONST330,TRACKING,330,18.864985,21.925871,0.037349,-0.038117,5.003475,0.000000,0.000000,5.000000,0.053479,0
1784328917.098925,CONST330,TRACKING,330,18.894565,46.932282,0.037349,-0.038117,5.003475,0.000000,0.000000,5.000000,0.053479,0
1784328917.123952,CONST330,TRACKING,330,18.857185,24.915250,0.035208,-0.032546,5.000978,0.000000,0.000000,5.000000,0.047956,0
1784328917.148965,CONST330,TRACKING,330,18.918496,25.010830,0.033299,-0.028055,4.999469,0.000000,0.000000,5.000000,0.043545,0
1784328917.173958,CONST330,TRACKING,330,18.943181,21.978980,0.030896,-0.023328,4.998836,0.000000,0.000000,5.000000,0.038732,0
1784328917.198950,CONST330,TRACKING,330,18.872064,46.900472,0.030896,-0.023328,4.998836,0.000000,0.000000,5.000000,0.038732,0
1784328917.223957,CONST330,TRACKING,330,18.929592,24.996632,0.028457,-0.018757,4.998346,0.000000,0.000000,5.000000,0.034123,0
1784328917.249018,CONST330,TRACKING,330,18.838683,24.903858,0.025896,-0.014329,4.997928,0.000000,0.000000,5.000000,0.029669,0
1784328917.273957,CONST330,TRACKING,330,18.866378,21.872007,0.023651,-0.010612,4.997125,0.000000,0.000000,5.000000,0.026082,0
1784328917.298953,CONST330,TRACKING,330,18.939568,46.940577,0.023651,-0.010612,4.997125,0.000000,0.000000,5.000000,0.026082,0
1784328917.323943,CONST330,TRACKING,330,18.832650,24.819134,0.021166,-0.006657,4.997169,0.000000,0.000000,5.000000,0.022368,0
1784328917.348956,CONST330,TRACKING,330,18.876451,24.993318,0.019078,-0.003523,4.998051,0.000000,0.000000,5.000000,0.019498,0
1784328917.373962,CONST330,TRACKING,330,18.809574,21.775731,0.016945,-0.000367,4.999705,0.000000,0.000000,5.000000,0.016952,0
1784328917.399027,CONST330,TRACKING,330,18.831741,46.863026,0.016945,-0.000367,4.999705,0.000000,0.000000,5.000000,0.016952,0
1784328917.423950,CONST330,TRACKING,330,18.792762,24.772331,0.014838,0.002432,5.003057,0.000000,0.000000,5.000000,0.015344,0
1784328917.449041,CONST330,TRACKING,330,18.806675,25.028366,0.012784,0.005215,5.006735,0.000000,0.000000,5.000000,0.015362,0
1784328917.473959,CONST330,TRACKING,330,18.928299,21.999519,0.010775,0.008120,5.009856,0.000000,0.000000,5.000000,0.016709,0
1784328917.498965,CONST330,TRACKING,330,18.879884,46.957120,0.010775,0.008120,5.009856,0.000000,0.000000,5.000000,0.016709,0
1784328917.524028,CONST330,TRACKING,330,18.883943,24.996372,0.008663,0.010948,5.012200,0.000000,0.000000,5.000000,0.018540,0
1784328917.549032,CONST330,TRACKING,330,18.889528,24.946120,0.008069,0.011207,5.013477,0.000000,0.000000,5.000000,0.019296,0
1784328917.573966,CONST330,TRACKING,330,18.832474,22.016701,0.007414,0.011783,5.015068,0.000000,0.000000,5.000000,0.020514,0
1784328917.598907,CONST330,TRACKING,330,18.894067,47.018690,0.007414,0.011783,5.015068,0.000000,0.000000,5.000000,0.020514,0
1784328917.623940,CONST330,TRACKING,330,18.868652,24.939185,0.006686,0.012622,5.017132,0.000000,0.000000,5.000000,0.022305,0
1784328917.648927,CONST330,TRACKING,330,18.894471,24.945030,0.005809,0.013611,5.019551,0.000000,0.000000,5.000000,0.024520,0
1784328917.673954,CONST330,TRACKING,330,18.882531,21.985222,0.004728,0.014767,5.023087,0.000000,0.000000,5.000000,0.027810,0
1784328917.698907,CONST330,TRACKING,330,19.086333,47.141397,0.004728,0.014767,5.023087,0.000000,0.000000,5.000000,0.027810,0
1784328917.723945,CONST330,TRACKING,330,18.881467,24.743723,0.003655,0.016003,5.025827,0.000000,0.000000,5.000000,0.030602,0
1784328917.748965,CONST330,TRACKING,330,18.931904,25.006574,0.002288,0.017632,5.027642,0.000000,0.000000,5.000000,0.032866,0
1784328917.773961,CONST330,TRACKING,330,18.921057,21.931313,0.001570,0.018165,5.027777,0.000000,0.000000,5.000000,0.033227,0
1784328917.798950,CONST330,TRACKING,330,18.833189,46.832551,0.001570,0.018165,5.027777,0.000000,0.000000,5.000000,0.033227,0
1784328917.823942,CONST330,TRACKING,330,18.830476,24.919739,0.001159,0.017979,5.027738,0.000000,0.000000,5.000000,0.033076,0
1784328917.849026,CONST330,TRACKING,330,18.826188,25.017592,0.000701,0.017778,5.027946,0.000000,0.000000,5.000000,0.033129,0
1784328917.874016,CONST330,TRACKING,330,18.933021,22.113883,0.000275,0.017494,5.028792,0.000000,0.000000,5.000000,0.033692,0
1784328917.898908,CONST330,TRACKING,330,18.863279,46.936159,0.000275,0.017494,5.028792,0.000000,0.000000,5.000000,0.033692,0
1784328917.923958,CONST330,TRACKING,330,18.800820,24.896073,-0.002437,0.016036,5.030204,0.000000,0.000000,5.000000,0.034284,0
1784328917.948957,CONST330,TRACKING,330,18.852121,24.957844,-0.006359,0.014012,5.031570,0.000000,0.000000,5.000000,0.035121,0
1784328917.973955,CONST330,TRACKING,330,18.909495,21.954306,-0.009128,0.012551,5.031455,0.000000,0.000000,5.000000,0.035075,0
1784328917.998909,CONST330,TRACKING,330,18.898646,46.897925,-0.009128,0.012551,5.031455,0.000000,0.000000,5.000000,0.035075,0
1784328918.023958,CONST330,TRACKING,330,18.869521,24.945300,-0.011625,0.011163,5.030548,0.000000,0.000000,5.000000,0.034539,0
1784328918.049028,CONST330,TRACKING,330,18.939144,25.074625,-0.013460,0.012163,5.028760,0.000000,0.000000,5.000000,0.034004,0
1784328918.074027,CONST330,TRACKING,330,19.009562,22.087557,-0.015196,0.013069,5.026459,0.000000,0.000000,5.000000,0.033193,0
1784328918.098911,CONST330,TRACKING,330,18.848421,46.809827,-0.015196,0.013069,5.026459,0.000000,0.000000,5.000000,0.033193,0
1784328918.123953,CONST330,TRACKING,330,18.831486,24.959349,-0.016785,0.013933,5.024228,0.000000,0.000000,5.000000,0.032601,0
1784328918.149022,CONST330,TRACKING,330,18.848256,25.021776,-0.019089,0.015229,5.021743,0.000000,0.000000,5.000000,0.032697,0
1784328918.173962,CONST330,TRACKING,330,18.898287,21.858069,-0.022411,0.016936,5.021479,0.000000,0.000000,5.000000,0.035361,0
1784328918.198954,CONST330,TRACKING,330,18.838165,46.790710,-0.022411,0.016936,5.021479,0.000000,0.000000,5.000000,0.035361,0
1784328918.224032,CONST330,TRACKING,330,18.865921,25.042832,-0.025412,0.018521,5.021707,0.000000,0.000000,5.000000,0.038210,0
1784328918.248954,CONST330,TRACKING,330,18.972477,24.966452,-0.028198,0.019943,5.022165,0.000000,0.000000,5.000000,0.041038,0
1784328918.273911,CONST330,TRACKING,330,18.962998,22.041190,-0.030995,0.020141,5.022737,0.000000,0.000000,5.000000,0.043397,0
1784328918.298909,CONST330,TRACKING,330,18.856781,46.931833,-0.030995,0.020141,5.022737,0.000000,0.000000,5.000000,0.043397,0
1784328918.323908,CONST330,TRACKING,330,18.983886,25.059885,-0.033749,0.019261,5.023458,0.000000,0.000000,5.000000,0.045390,0
1784328918.348965,CONST330,TRACKING,330,18.901782,24.907686,-0.036880,0.018234,5.024068,0.000000,0.000000,5.000000,0.047664,0
1784328918.373963,CONST330,TRACKING,330,18.948964,21.968115,-0.039125,0.017467,5.024186,0.000000,0.000000,5.000000,0.049202,0
1784328918.398910,CONST330,TRACKING,330,18.948599,46.914786,-0.039125,0.017467,5.024186,0.000000,0.000000,5.000000,0.049202,0
1784328918.423960,CONST330,TRACKING,330,18.930244,24.933779,-0.041135,0.016921,5.020093,0.000000,0.000000,5.000000,0.048808,0
1784328918.448974,CONST330,TRACKING,330,18.918153,24.921285,-0.042877,0.016408,5.015538,0.000000,0.000000,5.000000,0.048467,0
1784328918.473958,CONST330,TRACKING,330,18.908303,21.967431,-0.044362,0.015807,5.012338,0.000000,0.000000,5.000000,0.048684,0
1784328918.498910,CONST330,TRACKING,330,18.953065,46.963574,-0.044362,0.015807,5.012338,0.000000,0.000000,5.000000,0.048684,0
1784328918.523955,CONST330,TRACKING,330,18.861451,24.885994,-0.045592,0.015028,5.009405,0.000000,0.000000,5.000000,0.048918,0
1784328918.548919,CONST330,TRACKING,330,18.923644,24.946585,-0.048230,0.013147,5.004512,0.000000,0.000000,5.000000,0.050193,0
1784328918.573912,CONST330,TRACKING,330,18.904954,22.037936,-0.049882,0.011747,5.000843,0.000000,0.000000,5.000000,0.051253,0
1784328918.598911,CONST330,TRACKING,330,18.896482,47.028744,-0.049882,0.011747,5.000843,0.000000,0.000000,5.000000,0.051253,0
1784328918.623949,CONST330,TRACKING,330,18.916055,24.986049,-0.051183,0.010408,4.996689,0.000000,0.000000,5.000000,0.052336,0
1784328918.648957,CONST330,TRACKING,330,18.822749,24.846101,-0.052061,0.009008,4.992401,0.000000,0.000000,5.000000,0.053378,0
1784328918.673926,CONST330,TRACKING,330,18.955885,21.947753,-0.052309,0.007501,4.987837,0.000000,0.000000,5.000000,0.054226,0
1784328918.698912,CONST330,TRACKING,330,18.964863,46.922181,-0.052309,0.007501,4.987837,0.000000,0.000000,5.000000,0.054226,0
1784328918.723950,CONST330,TRACKING,330,18.867210,24.859161,-0.052295,0.006077,4.984596,0.000000,0.000000,5.000000,0.054854,0
1784328918.748956,CONST330,TRACKING,330,18.883418,24.956589,-0.051984,0.004341,4.982009,0.000000,0.000000,5.000000,0.055180,0
1784328918.773956,CONST330,TRACKING,330,18.884052,21.892015,-0.051476,0.002125,4.982816,0.000000,0.000000,5.000000,0.054310,0
1784328918.798948,CONST330,TRACKING,330,18.886327,46.884841,-0.051476,0.002125,4.982816,0.000000,0.000000,5.000000,0.054310,0
1784328918.823947,CONST330,TRACKING,330,18.966843,24.999804,-0.050761,-0.000971,4.984745,0.000000,0.000000,5.000000,0.053012,0
1784328918.849023,CONST330,TRACKING,330,18.845419,24.892425,-0.049682,-0.003827,4.986399,0.000000,0.000000,5.000000,0.051652,0
1784328918.874033,CONST330,TRACKING,330,18.924756,22.209547,-0.048235,-0.006470,4.987827,0.000000,0.000000,5.000000,0.050166,0
1784328918.898911,CONST330,TRACKING,330,18.850977,47.013438,-0.048235,-0.006470,4.987827,0.000000,0.000000,5.000000,0.050166,0
1784328918.923914,CONST330,TRACKING,330,18.941498,24.990821,-0.047504,-0.009404,4.992679,0.000000,0.000000,5.000000,0.048976,0
1784328918.948961,CONST330,TRACKING,330,19.190841,25.219973,-0.046506,-0.012947,4.999207,0.000000,0.000000,5.000000,0.048281,0
1784328918.973967,CONST330,TRACKING,330,18.854119,22.043865,-0.045402,-0.015518,5.002744,0.000000,0.000000,5.000000,0.048060,0
1784328918.998913,CONST330,TRACKING,330,18.890324,47.025351,-0.045402,-0.015518,5.002744,0.000000,0.000000,5.000000,0.048060,0
1784328919.023966,CONST330,TRACKING,330,18.839054,24.934013,-0.044079,-0.017876,5.005828,0.000000,0.000000,5.000000,0.047922,0
1784328919.048972,CONST330,TRACKING,330,19.021285,25.125959,-0.041306,-0.019639,5.010377,0.000000,0.000000,5.000000,0.046900,0
1784328919.073915,CONST330,TRACKING,330,18.973067,22.163608,-0.038431,-0.021223,5.015113,0.000000,0.000000,5.000000,0.046430,0
1784328919.098911,CONST330,TRACKING,330,18.839987,47.026911,-0.038431,-0.021223,5.015113,0.000000,0.000000,5.000000,0.046430,0
1784328919.123966,CONST330,TRACKING,330,18.859511,25.009266,-0.035470,-0.022654,5.019550,0.000000,0.000000,5.000000,0.046406,0
1784328919.148971,CONST330,TRACKING,330,18.885161,24.966917,-0.031697,-0.024443,5.023599,0.000000,0.000000,5.000000,0.046466,0
1784328919.173954,CONST330,TRACKING,330,18.818479,21.904262,-0.028655,-0.026436,5.026037,0.000000,0.000000,5.000000,0.046882,0
1784328919.198914,CONST330,TRACKING,330,18.819610,46.865075,-0.028655,-0.026436,5.026037,0.000000,0.000000,5.000000,0.046882,0
1784328919.223972,CONST330,TRACKING,330,18.874426,25.049015,-0.025550,-0.028246,5.027678,0.000000,0.000000,5.000000,0.047083,0
1784328919.248953,CONST330,TRACKING,330,18.946222,24.984203,-0.022350,-0.029873,5.028697,0.000000,0.000000,5.000000,0.047069,0
1784328919.273967,CONST330,TRACKING,330,18.870535,21.993188,-0.019326,-0.031759,5.031220,0.000000,0.000000,5.000000,0.048547,0
1784328919.298952,CONST330,TRACKING,330,18.850788,46.959022,-0.019326,-0.031759,5.031220,0.000000,0.000000,5.000000,0.048547,0
1784328919.323912,CONST330,TRACKING,330,18.857937,24.903690,-0.016456,-0.033781,5.033793,0.000000,0.000000,5.000000,0.050536,0
1784328919.348969,CONST330,TRACKING,330,18.843894,24.966198,-0.012798,-0.035960,5.036160,0.000000,0.000000,5.000000,0.052578,0
1784328919.373968,CONST330,TRACKING,330,18.869381,22.021346,-0.009854,-0.037476,5.037333,0.000000,0.000000,5.000000,0.053808,0
1784328919.398913,CONST330,TRACKING,330,18.969773,47.067176,-0.009854,-0.037476,5.037333,0.000000,0.000000,5.000000,0.053808,0
1784328919.423915,CONST330,TRACKING,330,19.536728,25.467802,-0.007737,-0.040238,5.036252,0.000000,0.000000,5.000000,0.054709,0
1784328919.448977,CONST330,TRACKING,330,19.044477,24.478208,-0.005791,-0.043146,5.034919,0.000000,0.000000,5.000000,0.055808,0
1784328919.473972,CONST330,TRACKING,330,18.956319,21.948209,-0.003750,-0.045851,5.033736,0.000000,0.000000,5.000000,0.057048,0
1784328919.498914,CONST330,TRACKING,330,18.947675,46.881149,-0.003750,-0.045851,5.033736,0.000000,0.000000,5.000000,0.057048,0
1784328919.523913,CONST330,TRACKING,330,18.940038,24.913650,-0.001657,-0.048180,5.032019,0.000000,0.000000,5.000000,0.057872,0
1784328919.548973,CONST330,TRACKING,330,19.012184,25.064131,0.002818,-0.049233,5.026556,0.000000,0.000000,5.000000,0.056009,0
1784328919.573954,CONST330,TRACKING,330,18.962757,21.978071,0.006293,-0.049831,5.022998,0.000000,0.000000,5.000000,0.055242,0
1784328919.598916,CONST330,TRACKING,330,18.848008,46.825541,0.006293,-0.049831,5.022998,0.000000,0.000000,5.000000,0.055242,0
1784328919.623913,CONST330,TRACKING,330,18.769050,24.853818,0.009719,-0.050149,5.019313,0.000000,0.000000,5.000000,0.054611,0
1784328919.648974,CONST330,TRACKING,330,18.834962,25.060937,0.013090,-0.050154,5.016400,0.000000,0.000000,5.000000,0.054367,0
1784328919.673968,CONST330,TRACKING,330,18.884686,22.079020,0.016537,-0.049766,5.014402,0.000000,0.000000,5.000000,0.054383,0
1784328919.698915,CONST330,TRACKING,330,18.992621,47.134734,0.016537,-0.049766,5.014402,0.000000,0.000000,5.000000,0.054383,0
1784328919.723914,CONST330,TRACKING,330,18.974904,24.898263,0.019901,-0.049228,5.013233,0.000000,0.000000,5.000000,0.054722,0
1784328919.748971,CONST330,TRACKING,330,18.865089,24.870221,0.023922,-0.048334,5.012982,0.000000,0.000000,5.000000,0.055471,0
1784328919.773963,CONST330,TRACKING,330,18.920246,22.128000,0.027809,-0.046873,5.012223,0.000000,0.000000,5.000000,0.055855,0
1784328919.798918,CONST330,TRACKING,330,18.920322,47.083179,0.027809,-0.046873,5.012223,0.000000,0.000000,5.000000,0.055855,0
1784328919.823915,CONST330,TRACKING,330,18.947828,24.952497,0.032252,-0.044737,5.010638,0.000000,0.000000,5.000000,0.056167,0
1784328919.848969,CONST330,TRACKING,330,18.876344,24.918051,0.036375,-0.042536,5.008541,0.000000,0.000000,5.000000,0.056616,0
1784328919.873956,CONST330,TRACKING,330,18.857153,21.899473,0.040171,-0.040317,5.006054,0.000000,0.000000,5.000000,0.057235,0
1784328919.898934,CONST330,TRACKING,330,18.847142,46.878039,0.040171,-0.040317,5.006054,0.000000,0.000000,5.000000,0.057235,0
1784328919.923915,CONST330,TRACKING,330,18.922055,24.944940,0.043398,-0.037497,5.005128,0.000000,0.000000,5.000000,0.057582,0
1784328919.948981,CONST330,TRACKING,330,18.997438,25.055993,0.046944,-0.033686,5.005999,0.000000,0.000000,5.000000,0.058091,0
1784328919.973968,CONST330,TRACKING,330,18.829531,21.923164,0.049480,-0.030589,5.006478,0.000000,0.000000,5.000000,0.058531,0
1784328919.998917,CONST330,TRACKING,330,18.863691,46.906525,0.049480,-0.030589,5.006478,0.000000,0.000000,5.000000,0.058531,0
1784328920.023916,CONST330,TRACKING,330,18.893574,24.954163,0.051785,-0.027488,5.006052,0.000000,0.000000,5.000000,0.058940,0
1784328920.048968,CONST330,TRACKING,330,19.551527,25.649655,0.053266,-0.023376,5.006553,0.000000,0.000000,5.000000,0.058538,0
1784328920.073910,CONST330,TRACKING,330,18.823294,21.870672,0.054508,-0.019363,5.007325,0.000000,0.000000,5.000000,0.058307,0
1784328920.098921,CONST330,TRACKING,330,18.888076,46.964293,0.054508,-0.019363,5.007325,0.000000,0.000000,5.000000,0.058307,0
1784328920.123916,CONST330,TRACKING,330,18.833063,24.849383,0.055570,-0.015449,5.008172,0.000000,0.000000,5.000000,0.058254,0
1784328920.148972,CONST330,TRACKING,330,18.878707,25.038318,0.056131,-0.010676,5.009703,0.000000,0.000000,5.000000,0.057955,0
1784328920.173970,CONST330,TRACKING,330,18.917103,21.949301,0.055082,-0.006988,5.011282,0.000000,0.000000,5.000000,0.056658,0
1784328920.198931,CONST330,TRACKING,330,18.881352,46.888785,0.055082,-0.006988,5.011282,0.000000,0.000000,5.000000,0.056658,0
1784328920.223917,CONST330,TRACKING,330,18.929572,24.956287,0.053991,-0.003371,5.012111,0.000000,0.000000,5.000000,0.055436,0
1784328920.248974,CONST330,TRACKING,330,18.933500,24.996756,0.052867,0.000176,5.012429,0.000000,0.000000,5.000000,0.054308,0
1784328920.273972,CONST330,TRACKING,330,18.892845,22.069712,0.052183,0.003654,5.011991,0.000000,0.000000,5.000000,0.053667,0
1784328920.298917,CONST330,TRACKING,330,18.880084,47.002298,0.052183,0.003654,5.011991,0.000000,0.000000,5.000000,0.053667,0
1784328920.323917,CONST330,TRACKING,330,18.868478,24.920630,0.051898,0.007008,5.011372,0.000000,0.000000,5.000000,0.053589,0
1784328920.348973,CONST330,TRACKING,330,19.222649,25.343528,0.051326,0.011068,5.010457,0.000000,0.000000,5.000000,0.053537,0
1784328920.373960,CONST330,TRACKING,330,19.411588,22.478423,0.050710,0.014226,5.009664,0.000000,0.000000,5.000000,0.053547,0
1784328920.398918,CONST330,TRACKING,330,19.319298,47.345570,0.050710,0.014226,5.009664,0.000000,0.000000,5.000000,0.053547,0
1784328920.423920,CONST330,TRACKING,330,19.434724,25.006657,0.049585,0.017733,5.009138,0.000000,0.000000,5.000000,0.053447,0
1784328920.448980,CONST330,TRACKING,330,19.489819,25.017237,0.048189,0.021286,5.008495,0.000000,0.000000,5.000000,0.053361,0
1784328920.473958,CONST330,TRACKING,330,19.395041,22.484872,0.046649,0.024693,5.007230,0.000000,0.000000,5.000000,0.053274,0
1784328920.498919,CONST330,TRACKING,330,19.244429,47.295087,0.046649,0.024693,5.007230,0.000000,0.000000,5.000000,0.053274,0
1784328920.523922,CONST330,TRACKING,330,19.564194,25.251065,0.045058,0.027844,5.005636,0.000000,0.000000,5.000000,0.053266,0
1784328920.548977,CONST330,TRACKING,330,19.352799,24.761937,0.042961,0.032231,5.003426,0.000000,0.000000,5.000000,0.053817,0
1784328920.573972,CONST330,TRACKING,330,19.327671,22.465410,0.041186,0.035339,5.001462,0.000000,0.000000,5.000000,0.054289,0
1784328920.598919,CONST330,TRACKING,330,19.272923,47.356223,0.041186,0.035339,5.001462,0.000000,0.000000,5.000000,0.054289,0
1784328920.623920,CONST330,TRACKING,330,19.362901,25.022134,0.039291,0.038123,4.999444,0.000000,0.000000,5.000000,0.054749,0
1784328920.648964,CONST330,TRACKING,330,19.357442,24.956546,0.037564,0.040272,4.998360,0.000000,0.000000,5.000000,0.055096,0
1784328920.673982,CONST330,TRACKING,330,18.915324,22.089218,0.036482,0.041121,5.000430,0.000000,0.000000,5.000000,0.054974,0
1784328920.698939,CONST330,TRACKING,330,19.300880,47.431003,0.036482,0.041121,5.000430,0.000000,0.000000,5.000000,0.054974,0
1784328920.723920,CONST330,TRACKING,330,19.383535,24.972015,0.035249,0.041777,5.002202,0.000000,0.000000,5.000000,0.054705,0
1784328920.748926,CONST330,TRACKING,330,19.357566,24.897375,0.033455,0.042418,5.003459,0.000000,0.000000,5.000000,0.054134,0
1784328920.773973,CONST330,TRACKING,330,19.337890,22.406490,0.030418,0.042518,5.006372,0.000000,0.000000,5.000000,0.052665,0
1784328920.798920,CONST330,TRACKING,330,19.235175,47.251122,0.030418,0.042518,5.006372,0.000000,0.000000,5.000000,0.052665,0
1784328920.823921,CONST330,TRACKING,330,19.388406,25.078879,0.026041,0.042343,5.010789,0.000000,0.000000,5.000000,0.050867,0
1784328920.848970,CONST330,TRACKING,330,19.382263,24.962522,0.021793,0.042011,5.015343,0.000000,0.000000,5.000000,0.049752,0
1784328920.873923,CONST330,TRACKING,330,19.333625,22.355317,0.017713,0.041614,5.019533,0.000000,0.000000,5.000000,0.049265,0
1784328920.898958,CONST330,TRACKING,330,19.357862,47.415682,0.017713,0.041614,5.019533,0.000000,0.000000,5.000000,0.049265,0
1784328920.923923,CONST330,TRACKING,330,19.395195,24.892206,0.014837,0.041202,5.022965,0.000000,0.000000,5.000000,0.049448,0
1784328920.948969,CONST330,TRACKING,330,19.570579,25.116074,0.011848,0.040469,5.026234,0.000000,0.000000,5.000000,0.049662,0
1784328920.974039,CONST330,TRACKING,330,18.819048,22.108943,0.009633,0.039724,5.027326,0.000000,0.000000,5.000000,0.049169,0
1784328920.998924,CONST330,TRACKING,330,18.897102,47.071780,0.009633,0.039724,5.027326,0.000000,0.000000,5.000000,0.049169,0
1784328921.023922,CONST330,TRACKING,330,18.914116,24.934276,0.007519,0.038913,5.026734,0.000000,0.000000,5.000000,0.047807,0
1784328921.049044,CONST330,TRACKING,330,18.935204,25.077912,0.004824,0.038976,5.022933,0.000000,0.000000,5.000000,0.045479,0
1784328921.073931,CONST330,TRACKING,330,18.906853,21.884226,0.002300,0.038753,5.020376,0.000000,0.000000,5.000000,0.043844,0
1784328921.098965,CONST330,TRACKING,330,18.901728,46.914151,0.002300,0.038753,5.020376,0.000000,0.000000,5.000000,0.043844,0
1784328921.123923,CONST330,TRACKING,330,18.891603,24.876182,-0.000056,0.038248,5.018251,0.000000,0.000000,5.000000,0.042379,0
1784328921.148930,CONST330,TRACKING,330,18.884917,24.948781,-0.003185,0.037386,5.016011,0.000000,0.000000,5.000000,0.040795,0
1784328921.173975,CONST330,TRACKING,330,18.853670,21.986168,-0.006532,0.036438,5.014616,0.000000,0.000000,5.000000,0.039800,0
1784328921.198922,CONST330,TRACKING,330,18.863972,46.940958,-0.006532,0.036438,5.014616,0.000000,0.000000,5.000000,0.039800,0
1784328921.223921,CONST330,TRACKING,330,18.883724,24.945318,-0.009597,0.035345,5.012521,0.000000,0.000000,5.000000,0.038706,0
1784328921.248927,CONST330,TRACKING,330,18.932710,24.991621,-0.012395,0.034123,5.010153,0.000000,0.000000,5.000000,0.037697,0
1784328921.273974,CONST330,TRACKING,330,18.941733,22.034249,-0.014969,0.032617,5.008519,0.000000,0.000000,5.000000,0.036885,0
1784328921.298923,CONST330,TRACKING,330,18.872182,46.913556,-0.014969,0.032617,5.008519,0.000000,0.000000,5.000000,0.036885,0
1784328921.323929,CONST330,TRACKING,330,18.932258,24.995825,-0.017330,0.030875,5.007904,0.000000,0.000000,5.000000,0.036278,0
1784328921.349033,CONST330,TRACKING,330,18.938044,25.044693,-0.019974,0.028612,5.006983,0.000000,0.000000,5.000000,0.035586,0
1784328921.373978,CONST330,TRACKING,330,18.841913,21.912012,-0.021855,0.026784,5.006193,0.000000,0.000000,5.000000,0.035120,0
1784328921.398963,CONST330,TRACKING,330,18.857889,46.913077,-0.021855,0.026784,5.006193,0.000000,0.000000,5.000000,0.035120,0
1784328921.423926,CONST330,TRACKING,330,18.899964,24.911875,-0.024038,0.024893,5.005920,0.000000,0.000000,5.000000,0.035107,0
1784328921.449051,CONST330,TRACKING,330,18.831846,24.975215,-0.026139,0.022957,5.005461,0.000000,0.000000,5.000000,0.035215,0
1784328921.474070,CONST330,TRACKING,330,18.931038,22.199307,-0.028022,0.021020,5.004642,0.000000,0.000000,5.000000,0.035336,0
1784328921.498971,CONST330,TRACKING,330,18.898683,47.069137,-0.028022,0.021020,5.004642,0.000000,0.000000,5.000000,0.035336,0
1784328921.523926,CONST330,TRACKING,330,19.367819,25.359654,-0.029703,0.019026,5.004396,0.000000,0.000000,5.000000,0.035547,0
1784328921.549052,CONST330,TRACKING,330,19.351603,25.031923,-0.031284,0.017580,5.003938,0.000000,0.000000,5.000000,0.036101,0
1784328921.573967,CONST330,TRACKING,330,19.286328,22.360513,-0.032355,0.016371,5.003115,0.000000,0.000000,5.000000,0.036395,0
1784328921.598974,CONST330,TRACKING,330,19.244507,47.325862,-0.032355,0.016371,5.003115,0.000000,0.000000,5.000000,0.036395,0
1784328921.623929,CONST330,TRACKING,330,19.233054,24.868691,-0.033226,0.015194,5.002440,0.000000,0.000000,5.000000,0.036617,0
1784328921.649050,CONST330,TRACKING,330,19.044938,24.859640,-0.034041,0.013761,5.001583,0.000000,0.000000,5.000000,0.036751,0
1784328921.673968,CONST330,TRACKING,330,19.371232,22.489566,-0.035005,0.011524,4.999339,0.000000,0.000000,5.000000,0.036859,0
1784328921.698988,CONST330,TRACKING,330,19.331921,47.470037,-0.035005,0.011524,4.999339,0.000000,0.000000,5.000000,0.036859,0
1784328921.723932,CONST330,TRACKING,330,19.336817,24.846881,-0.035753,0.009472,4.997042,0.000000,0.000000,5.000000,0.037105,0
1784328921.749040,CONST330,TRACKING,330,19.385448,25.070239,-0.036369,0.006992,4.994919,0.000000,0.000000,5.000000,0.037382,0
1784328921.774049,CONST330,TRACKING,330,19.393844,22.636636,-0.037196,0.004933,4.992959,0.000000,0.000000,5.000000,0.038176,0
1784328921.798970,CONST330,TRACKING,330,19.237139,47.400951,-0.037196,0.004933,4.992959,0.000000,0.000000,5.000000,0.038176,0
1784328921.823928,CONST330,TRACKING,330,19.120114,24.775431,-0.038370,0.002764,4.990443,0.000000,0.000000,5.000000,0.039639,0
1784328921.849041,CONST330,TRACKING,330,18.912287,24.837084,-0.039308,0.000562,4.987955,0.000000,0.000000,5.000000,0.041116,0
1784328921.874048,CONST330,TRACKING,330,18.847059,22.090572,-0.039989,-0.001683,4.984992,0.000000,0.000000,5.000000,0.042746,0
1784328921.899056,CONST330,TRACKING,330,18.888901,47.141173,-0.039989,-0.001683,4.984992,0.000000,0.000000,5.000000,0.042746,0
1784328921.923928,CONST330,TRACKING,330,18.947519,24.839998,-0.040012,-0.004467,4.982435,0.000000,0.000000,5.000000,0.043925,0
1784328921.949064,CONST330,TRACKING,330,18.954657,25.069039,-0.039717,-0.008159,4.978913,0.000000,0.000000,5.000000,0.045702,0
1784328921.973976,CONST330,TRACKING,330,18.901395,22.146531,-0.039404,-0.011201,4.975559,0.000000,0.000000,5.000000,0.047703,0
1784328921.998924,CONST330,TRACKING,330,18.824470,47.018027,-0.039404,-0.011201,4.975559,0.000000,0.000000,5.000000,0.047703,0
1784328922.023926,CONST330,TRACKING,330,18.894790,25.012966,-0.039011,-0.014316,4.972663,0.000000,0.000000,5.000000,0.049741,0
1784328922.049044,CONST330,TRACKING,330,18.865219,25.025026,-0.039893,-0.017915,4.969326,0.000000,0.000000,5.000000,0.053416,0
1784328922.074044,CONST330,TRACKING,330,18.852798,22.081964,-0.040620,-0.021385,4.966463,0.000000,0.000000,5.000000,0.056851,0
1784328922.098928,CONST330,TRACKING,330,18.902150,47.015235,-0.040620,-0.021385,4.966463,0.000000,0.000000,5.000000,0.056851,0
1784328922.123930,CONST330,TRACKING,330,18.937916,24.967941,-0.041222,-0.024723,4.963585,0.000000,0.000000,5.000000,0.060304,0
1784328922.149045,CONST330,TRACKING,330,18.878272,24.995046,-0.041760,-0.028300,4.961087,0.000000,0.000000,5.000000,0.063710,0
1784328922.173982,CONST330,TRACKING,330,18.808869,22.035146,-0.041682,-0.029438,4.960291,0.000000,0.000000,5.000000,0.064659,0
1784328922.198927,CONST330,TRACKING,330,18.846088,47.017386,-0.041682,-0.029438,4.960291,0.000000,0.000000,5.000000,0.064659,0
1784328922.223928,CONST330,TRACKING,330,18.927678,25.019752,-0.041494,-0.030477,4.959816,0.000000,0.000000,5.000000,0.065310,0
1784328922.249006,CONST330,TRACKING,330,18.834350,24.934636,-0.041184,-0.031416,4.960306,0.000000,0.000000,5.000000,0.065259,0
1784328922.274036,CONST330,TRACKING,330,18.892369,22.218174,-0.040777,-0.031743,4.960290,0.000000,0.000000,5.000000,0.065171,0
1784328922.298969,CONST330,TRACKING,330,18.927469,47.187011,-0.040777,-0.031743,4.960290,0.000000,0.000000,5.000000,0.065171,0
1784328922.323933,CONST330,TRACKING,330,18.966928,24.938927,-0.040291,-0.031537,4.959444,0.000000,0.000000,5.000000,0.065290,0
1784328922.349048,CONST330,TRACKING,330,18.922547,25.006661,-0.039420,-0.031133,4.960527,0.000000,0.000000,5.000000,0.063885,0
1784328922.374049,CONST330,TRACKING,330,18.786359,21.978308,-0.038534,-0.030741,4.962795,0.000000,0.000000,5.000000,0.061758,0
1784328922.398932,CONST330,TRACKING,330,18.892709,46.967596,-0.038534,-0.030741,4.962795,0.000000,0.000000,5.000000,0.061758,0
1784328922.423935,CONST330,TRACKING,330,19.227499,25.238413,-0.036634,-0.030178,4.964270,0.000000,0.000000,5.000000,0.059409,0
1784328922.449058,CONST330,TRACKING,330,19.070441,24.876872,-0.034395,-0.029531,4.964912,0.000000,0.000000,5.000000,0.057326,0
1784328922.474046,CONST330,TRACKING,330,18.905797,22.009861,-0.032129,-0.028862,4.965296,0.000000,0.000000,5.000000,0.055405,0
1784328922.499042,CONST330,TRACKING,330,18.878519,46.977316,-0.032129,-0.028862,4.965296,0.000000,0.000000,5.000000,0.055405,0
1784328922.523931,CONST330,TRACKING,330,19.004690,24.940225,-0.029820,-0.028109,4.966240,0.000000,0.000000,5.000000,0.053095,0
1784328922.549045,CONST330,TRACKING,330,18.955865,24.999494,-0.029350,-0.030904,4.968167,0.000000,0.000000,5.000000,0.053196,0
1784328922.574045,CONST330,TRACKING,330,18.931229,22.033227,-0.028859,-0.032757,4.970442,0.000000,0.000000,5.000000,0.052721,0
1784328922.598931,CONST330,TRACKING,330,19.000774,46.988717,-0.028859,-0.032757,4.970442,0.000000,0.000000,5.000000,0.052721,0
1784328922.623930,CONST330,TRACKING,330,18.959155,24.890101,-0.028246,-0.034320,4.973537,0.000000,0.000000,5.000000,0.051730,0
1784328922.649041,CONST330,TRACKING,330,18.891410,24.975696,-0.027500,-0.036064,4.977332,0.000000,0.000000,5.000000,0.050702,0
1784328922.674037,CONST330,TRACKING,330,18.910519,21.975041,-0.026725,-0.038664,4.982074,0.000000,0.000000,5.000000,0.050303,0
1784328922.698990,CONST330,TRACKING,330,19.557456,47.575984,-0.026725,-0.038664,4.982074,0.000000,0.000000,5.000000,0.050303,0
1784328922.723933,CONST330,TRACKING,330,19.101788,24.399137,-0.025812,-0.041020,4.986586,0.000000,0.000000,5.000000,0.050287,0
1784328922.749047,CONST330,TRACKING,330,18.890429,24.823161,-0.024380,-0.043504,4.992163,0.000000,0.000000,5.000000,0.050482,0
1784328922.774038,CONST330,TRACKING,330,18.944358,22.084869,-0.022675,-0.045205,4.995872,0.000000,0.000000,5.000000,0.050741,0
1784328922.798976,CONST330,TRACKING,330,18.868393,46.947985,-0.022675,-0.045205,4.995872,0.000000,0.000000,5.000000,0.050741,0
1784328922.823932,CONST330,TRACKING,330,19.075227,25.097489,-0.020474,-0.046570,4.998970,0.000000,0.000000,5.000000,0.050883,0
1784328922.848989,CONST330,TRACKING,330,18.919542,24.832013,-0.018195,-0.047331,5.001451,0.000000,0.000000,5.000000,0.050728,0
1784328922.874052,CONST330,TRACKING,330,18.916398,22.186286,-0.015822,-0.047787,5.002991,0.000000,0.000000,5.000000,0.050427,0
1784328922.898932,CONST330,TRACKING,330,18.898397,47.048388,-0.015822,-0.047787,5.002991,0.000000,0.000000,5.000000,0.050427,0
1784328922.923933,CONST330,TRACKING,330,19.073590,25.072603,-0.015006,-0.050414,5.004332,0.000000,0.000000,5.000000,0.052778,0
1784328922.949058,CONST330,TRACKING,330,19.031046,25.001119,-0.014454,-0.053967,5.005930,0.000000,0.000000,5.000000,0.056183,0
1784328922.974050,CONST330,TRACKING,330,18.973416,22.067355,-0.013886,-0.056337,5.007153,0.000000,0.000000,5.000000,0.058463,0
1784328922.998933,CONST330,TRACKING,330,18.900756,46.876847,-0.013886,-0.056337,5.007153,0.000000,0.000000,5.000000,0.058463,0
1784328923.023933,CONST330,TRACKING,330,18.918575,24.954259,-0.013270,-0.058217,5.008377,0.000000,0.000000,5.000000,0.060295,0
1784328923.049063,CONST330,TRACKING,330,18.866922,25.019188,-0.011813,-0.058731,5.009087,0.000000,0.000000,5.000000,0.060593,0
1784328923.073974,CONST330,TRACKING,330,18.921271,21.911807,-0.010333,-0.058912,5.009688,0.000000,0.000000,5.000000,0.060591,0
1784328923.099032,CONST330,TRACKING,330,18.997428,47.045490,-0.010333,-0.058912,5.009688,0.000000,0.000000,5.000000,0.060591,0
1784328923.123934,CONST330,TRACKING,330,19.078024,24.912892,-0.008874,-0.058794,5.010682,0.000000,0.000000,5.000000,0.060412,0
1784328923.149058,CONST330,TRACKING,330,18.891834,24.872873,-0.007102,-0.057893,5.012206,0.000000,0.000000,5.000000,0.059591,0
1784328923.173985,CONST330,TRACKING,330,18.825131,21.954378,-0.005684,-0.055882,5.012718,0.000000,0.000000,5.000000,0.057593,0
1784328923.198969,CONST330,TRACKING,330,18.906779,47.018511,-0.005684,-0.055882,5.012718,0.000000,0.000000,5.000000,0.057593,0
1784328923.223934,CONST330,TRACKING,330,19.427948,25.418743,-0.004208,-0.053664,5.013086,0.000000,0.000000,5.000000,0.055396,0
1784328923.248938,CONST330,TRACKING,330,18.851078,24.351746,-0.002632,-0.051219,5.013231,0.000000,0.000000,5.000000,0.052966,0
1784328923.274055,CONST330,TRACKING,330,18.823390,21.913353,-0.002015,-0.047789,5.012145,0.000000,0.000000,5.000000,0.049349,0
1784328923.298976,CONST330,TRACKING,330,18.878769,46.890210,-0.002015,-0.047789,5.012145,0.000000,0.000000,5.000000,0.049349,0
1784328923.323936,CONST330,TRACKING,330,19.507989,25.527758,-0.002247,-0.043504,5.010032,0.000000,0.000000,5.000000,0.044702,0
1784328923.349044,CONST330,TRACKING,330,19.396284,24.927511,-0.002202,-0.038051,5.008105,0.000000,0.000000,5.000000,0.038967,0
1784328923.374050,CONST330,TRACKING,330,19.418323,22.549418,-0.001933,-0.033525,5.007426,0.000000,0.000000,5.000000,0.034392,0
1784328923.398981,CONST330,TRACKING,330,19.333944,47.396172,-0.001933,-0.033525,5.007426,0.000000,0.000000,5.000000,0.034392,0
1784328923.423941,CONST330,TRACKING,330,19.546216,25.053607,-0.000574,-0.027440,5.006925,0.000000,0.000000,5.000000,0.028306,0
1784328923.449050,CONST330,TRACKING,330,19.393529,24.857183,0.001158,-0.020992,5.006368,0.000000,0.000000,5.000000,0.021967,0
1784328923.474054,CONST330,TRACKING,330,19.410238,22.570130,0.002949,-0.014740,5.005910,0.000000,0.000000,5.000000,0.016152,0
1784328923.499013,CONST330,TRACKING,330,19.270608,47.389024,0.002949,-0.014740,5.005910,0.000000,0.000000,5.000000,0.016152,0
1784328923.523941,CONST330,TRACKING,330,19.418351,25.001874,0.004779,-0.008658,5.004802,0.000000,0.000000,5.000000,0.010993,0
1784328923.549055,CONST330,TRACKING,330,19.274731,24.895045,0.008599,-0.000462,5.005061,0.000000,0.000000,5.000000,0.009988,0
1784328923.574052,CONST330,TRACKING,330,19.319353,22.505714,0.011478,0.005882,5.005061,0.000000,0.000000,5.000000,0.013855,0
1784328923.599003,CONST330,TRACKING,330,19.252289,47.405120,0.011478,0.005882,5.005061,0.000000,0.000000,5.000000,0.013855,0
1784328923.623940,CONST330,TRACKING,330,19.429972,25.027685,0.014231,0.012004,5.004862,0.000000,0.000000,5.000000,0.019242,0
1784328923.649044,CONST330,TRACKING,330,19.410320,24.999255,0.016884,0.017786,5.004795,0.000000,0.000000,5.000000,0.024988,0
1784328923.674054,CONST330,TRACKING,330,19.432267,22.612024,0.019477,0.022896,5.004658,0.000000,0.000000,5.000000,0.030419,0
1784328923.698983,CONST330,TRACKING,330,19.163870,47.273007,0.019477,0.022896,5.004658,0.000000,0.000000,5.000000,0.030419,0
1784328923.723939,CONST330,TRACKING,330,19.287615,24.985074,0.021890,0.027822,5.004013,0.000000,0.000000,5.000000,0.035628,0
1784328923.749063,CONST330,TRACKING,330,18.879719,24.603919,0.024646,0.033560,5.003558,0.000000,0.000000,5.000000,0.041790,0
1784328923.774049,CONST330,TRACKING,330,18.890842,22.036370,0.026372,0.037619,5.002308,0.000000,0.000000,5.000000,0.046001,0
1784328923.798985,CONST330,TRACKING,330,18.844566,46.926382,0.026372,0.037619,5.002308,0.000000,0.000000,5.000000,0.046001,0
1784328923.823939,CONST330,TRACKING,330,18.985916,25.028256,0.027738,0.041265,5.000340,0.000000,0.000000,5.000000,0.049722,0
1784328923.849056,CONST330,TRACKING,330,18.871226,24.937316,0.029038,0.044654,4.998690,0.000000,0.000000,5.000000,0.053282,0
1784328923.873974,CONST330,TRACKING,330,18.806936,21.977512,0.030272,0.047778,4.997741,0.000000,0.000000,5.000000,0.056606,0
1784328923.898966,CONST330,TRACKING,330,18.828463,46.991042,0.030272,0.047778,4.997741,0.000000,0.000000,5.000000,0.056606,0
1784328923.923940,CONST330,TRACKING,330,18.980102,25.026803,0.031448,0.050780,4.998391,0.000000,0.000000,5.000000,0.059751,0
1784328923.949069,CONST330,TRACKING,330,19.083356,25.130359,0.032697,0.054189,4.999711,0.000000,0.000000,5.000000,0.063290,0
1784328923.973981,CONST330,TRACKING,330,18.873591,21.912199,0.033547,0.056612,5.000492,0.000000,0.000000,5.000000,0.065807,0
1784328923.998997,CONST330,TRACKING,330,18.883463,46.951415,0.033547,0.056612,5.000492,0.000000,0.000000,5.000000,0.065807,0
1784328924.023940,CONST330,TRACKING,330,19.130090,25.102320,0.034337,0.058816,5.001026,0.000000,0.000000,5.000000,0.068113,0
1784328924.049053,CONST330,TRACKING,330,18.932926,24.848972,0.035213,0.061777,5.001057,0.000000,0.000000,5.000000,0.071116,0
1784328924.073987,CONST330,TRACKING,330,18.859873,22.026452,0.035947,0.064440,5.002144,0.000000,0.000000,5.000000,0.073820,0
1784328924.098979,CONST330,TRACKING,330,18.866865,47.026018,0.035947,0.064440,5.002144,0.000000,0.000000,5.000000,0.073820,0
1784328924.123940,CONST330,TRACKING,330,19.172461,25.198888,0.036616,0.066804,5.003047,0.000000,0.000000,5.000000,0.076241,0
1784328924.149064,CONST330,TRACKING,330,18.878506,24.761470,0.037912,0.068947,5.003855,0.000000,0.000000,5.000000,0.078778,0
1784328924.173990,CONST330,TRACKING,330,18.764338,21.801760,0.040629,0.069193,5.004934,0.000000,0.000000,5.000000,0.080391,0
1784328924.198936,CONST330,TRACKING,330,18.794528,46.778724,0.040629,0.069193,5.004934,0.000000,0.000000,5.000000,0.080391,0
1784328924.223940,CONST330,TRACKING,330,19.047664,25.189035,0.043020,0.069159,5.006097,0.000000,0.000000,5.000000,0.081675,0
1784328924.249041,CONST330,TRACKING,330,18.888899,24.878356,0.045068,0.068862,5.006775,0.000000,0.000000,5.000000,0.082577,0
1784328924.273978,CONST330,TRACKING,330,18.931393,21.908920,0.046971,0.067632,5.006840,0.000000,0.000000,5.000000,0.082626,0
1784328924.298939,CONST330,TRACKING,330,18.908370,46.845740,0.046971,0.067632,5.006840,0.000000,0.000000,5.000000,0.082626,0
1784328924.324046,CONST330,TRACKING,330,18.948342,25.076366,0.048741,0.065597,5.006639,0.000000,0.000000,5.000000,0.081992,0
1784328924.349057,CONST330,TRACKING,330,18.905918,24.903928,0.050673,0.062818,5.005841,0.000000,0.000000,5.000000,0.080919,0
1784328924.374043,CONST330,TRACKING,330,18.919173,22.141332,0.052011,0.060371,5.004961,0.000000,0.000000,5.000000,0.079839,0
1784328924.398987,CONST330,TRACKING,330,18.868079,47.034539,0.052011,0.060371,5.004961,0.000000,0.000000,5.000000,0.079839,0
1784328924.424041,CONST330,TRACKING,330,18.841629,24.922593,0.051760,0.058308,5.004879,0.000000,0.000000,5.000000,0.078120,0
1784328924.449069,CONST330,TRACKING,330,18.910658,25.001077,0.050969,0.056213,5.005304,0.000000,0.000000,5.000000,0.076065,0
1784328924.474055,CONST330,TRACKING,330,19.939018,23.038066,0.050087,0.053908,5.005941,0.000000,0.000000,5.000000,0.073825,0
1784328924.499048,CONST330,TRACKING,330,18.919485,47.012584,0.050087,0.053908,5.005941,0.000000,0.000000,5.000000,0.073825,0
1784328924.524047,CONST330,TRACKING,330,18.997886,25.014006,0.049179,0.051326,5.006088,0.000000,0.000000,5.000000,0.071345,0
1784328924.549058,CONST330,TRACKING,330,19.402275,25.341016,0.047342,0.048260,5.007315,0.000000,0.000000,5.000000,0.067998,0
1784328924.573977,CONST330,TRACKING,330,18.982473,22.044526,0.045772,0.045592,5.008713,0.000000,0.000000,5.000000,0.065189,0
1784328924.598981,CONST330,TRACKING,330,18.983779,47.049313,0.045772,0.045592,5.008713,0.000000,0.000000,5.000000,0.065189,0
1784328924.624048,CONST330,TRACKING,330,18.970160,24.987902,0.044087,0.042781,5.011084,0.000000,0.000000,5.000000,0.062424,0
1784328924.649056,CONST330,TRACKING,330,18.868205,24.831613,0.042526,0.039346,5.013194,0.000000,0.000000,5.000000,0.059420,0
1784328924.674060,CONST330,TRACKING,330,18.975285,22.128718,0.041413,0.033277,5.014453,0.000000,0.000000,5.000000,0.055057,0
1784328924.698979,CONST330,TRACKING,330,18.999828,47.073165,0.041413,0.033277,5.014453,0.000000,0.000000,5.000000,0.055057,0
1784328924.724060,CONST330,TRACKING,330,19.268765,25.259389,0.040645,0.029690,5.014496,0.000000,0.000000,5.000000,0.052380,0
1784328924.749059,CONST330,TRACKING,330,19.367628,25.011536,0.039241,0.023770,5.014239,0.000000,0.000000,5.000000,0.048038,0
1784328924.774055,CONST330,TRACKING,330,18.837165,22.009420,0.037481,0.019476,5.013224,0.000000,0.000000,5.000000,0.044261,0
1784328924.798984,CONST330,TRACKING,330,18.846576,46.946970,0.037481,0.019476,5.013224,0.000000,0.000000,5.000000,0.044261,0
1784328924.824062,CONST330,TRACKING,330,18.876356,25.042749,0.035149,0.015580,5.010929,0.000000,0.000000,5.000000,0.039971,0
1784328924.849066,CONST330,TRACKING,330,18.877865,24.938556,0.032855,0.011699,5.008086,0.000000,0.000000,5.000000,0.035801,0
1784328924.874062,CONST330,TRACKING,330,19.026343,22.223226,0.030637,0.007849,5.004684,0.000000,0.000000,5.000000,0.031971,0
1784328924.899003,CONST330,TRACKING,330,18.879827,47.017151,0.030637,0.007849,5.004684,0.000000,0.000000,5.000000,0.031971,0
1784328924.924049,CONST330,TRACKING,330,19.048427,25.125292,0.029222,0.006442,4.999735,0.000000,0.000000,5.000000,0.029925,0
1784328924.949071,CONST330,TRACKING,330,18.852100,24.741833,0.027701,0.005253,4.993511,0.000000,0.000000,5.000000,0.028932,0
1784328924.974059,CONST330,TRACKING,330,18.893885,22.056606,0.026399,0.004025,4.988745,0.000000,0.000000,5.000000,0.028979,0
1784328924.998939,CONST330,TRACKING,330,18.888959,46.931432,0.026399,0.004025,4.988745,0.000000,0.000000,5.000000,0.028979,0
1784328925.024043,CONST330,TRACKING,330,18.862897,25.013334,0.024991,0.002570,4.984555,0.000000,0.000000,5.000000,0.029491,0
1784328925.049050,CONST330,TRACKING,330,18.868378,24.940319,0.022599,0.001952,4.981234,0.000000,0.000000,5.000000,0.029440,0
1784328925.074065,CONST330,TRACKING,330,18.904830,22.140162,0.020349,0.001286,4.977629,0.000000,0.000000,5.000000,0.030269,0
1784328925.098979,CONST330,TRACKING,330,18.859360,47.009782,0.020349,0.001286,4.977629,0.000000,0.000000,5.000000,0.030269,0
1784328925.124046,CONST330,TRACKING,330,18.916753,25.058050,0.018153,0.000580,4.973610,0.000000,0.000000,5.000000,0.032036,0
1784328925.149062,CONST330,TRACKING,330,18.878352,24.917383,0.015610,0.000264,4.970317,0.000000,0.000000,5.000000,0.033538,0
1784328925.174040,CONST330,TRACKING,330,18.960202,22.137243,0.013924,0.001704,4.968760,0.000000,0.000000,5.000000,0.034245,0
1784328925.198985,CONST330,TRACKING,330,18.829959,46.952299,0.013924,0.001704,4.968760,0.000000,0.000000,5.000000,0.034245,0
1784328925.224060,CONST330,TRACKING,330,18.905630,25.085357,0.012154,0.002931,4.967484,0.000000,0.000000,5.000000,0.034837,0
1784328925.249051,CONST330,TRACKING,330,18.918255,24.940718,0.010364,0.003961,4.966006,0.000000,0.000000,5.000000,0.035759,0
1784328925.274063,CONST330,TRACKING,330,18.911796,22.148587,0.008481,0.004598,4.962599,0.000000,0.000000,5.000000,0.038625,0
1784328925.298989,CONST330,TRACKING,330,18.908604,47.071211,0.008481,0.004598,4.962599,0.000000,0.000000,5.000000,0.038625,0
1784328925.324071,CONST330,TRACKING,330,18.869008,24.976797,0.006560,0.004914,4.958331,0.000000,0.000000,5.000000,0.042467,0
1784328925.349056,CONST330,TRACKING,330,18.904927,24.958492,0.004271,0.005332,4.954721,0.000000,0.000000,5.000000,0.045792,0
1784328925.374056,CONST330,TRACKING,330,18.967300,22.004332,0.002573,0.005635,4.952854,0.000000,0.000000,5.000000,0.047551,0
1784328925.398988,CONST330,TRACKING,330,19.255034,47.224691,0.002573,0.005635,4.952854,0.000000,0.000000,5.000000,0.047551,0
1784328925.424060,CONST330,TRACKING,330,18.923851,24.638252,0.001161,0.006166,4.950969,0.000000,0.000000,5.000000,0.049431,0
1784328925.449064,CONST330,TRACKING,330,19.062440,25.055981,-0.000103,0.006688,4.948808,0.000000,0.000000,5.000000,0.051627,0
1784328925.474060,CONST330,TRACKING,330,19.098655,22.221453,-0.001298,0.007063,4.946936,0.000000,0.000000,5.000000,0.053548,0
1784328925.498996,CONST330,TRACKING,330,19.804119,47.861968,-0.001298,0.007063,4.946936,0.000000,0.000000,5.000000,0.053548,0
1784328925.524080,CONST330,TRACKING,330,19.510965,24.714688,-0.002402,0.007282,4.945827,0.000000,0.000000,5.000000,0.054713,0
1784328925.549052,CONST330,TRACKING,330,19.460189,24.852494,-0.002294,0.006126,4.940091,0.000000,0.000000,5.000000,0.060265,0
1784328925.573980,CONST330,TRACKING,330,18.775118,21.912631,-0.002268,0.005154,4.936926,0.000000,0.000000,5.000000,0.063325,0
1784328925.598986,CONST330,TRACKING,330,18.861243,47.003988,-0.002268,0.005154,4.936926,0.000000,0.000000,5.000000,0.063325,0
1784328925.623983,CONST330,TRACKING,330,18.881357,24.951002,-0.002309,0.004115,4.934566,0.000000,0.000000,5.000000,0.065603,0
1784328925.648944,CONST330,TRACKING,330,18.818458,24.833792,-0.002487,0.002955,4.932909,0.000000,0.000000,5.000000,0.067203,0
1784328925.673994,CONST330,TRACKING,330,18.895111,21.998944,-0.002849,0.001420,4.931670,0.000000,0.000000,5.000000,0.068404,0
1784328925.698943,CONST330,TRACKING,330,18.912189,46.965498,-0.002849,0.001420,4.931670,0.000000,0.000000,5.000000,0.068404,0
1784328925.723945,CONST330,TRACKING,330,18.961170,24.966993,-0.003250,-0.000064,4.931844,0.000000,0.000000,5.000000,0.068233,0
1784328925.749001,CONST330,TRACKING,330,18.835806,24.864745,-0.003749,-0.001748,4.932707,0.000000,0.000000,5.000000,0.067420,0
1784328925.773985,CONST330,TRACKING,330,18.895430,21.739206,-0.004016,-0.002833,4.933239,0.000000,0.000000,5.000000,0.066941,0
1784328925.798940,CONST330,TRACKING,330,18.848238,46.647792,-0.004016,-0.002833,4.933239,0.000000,0.000000,5.000000,0.066941,0
1784328925.823980,CONST330,TRACKING,330,18.806637,24.928450,-0.004262,-0.003760,4.934218,0.000000,0.000000,5.000000,0.066027,0
1784328925.848996,CONST330,TRACKING,330,18.792493,24.941358,-0.004508,-0.004539,4.935420,0.000000,0.000000,5.000000,0.064896,0
1784328925.873983,CONST330,TRACKING,330,18.880638,22.077675,-0.004739,-0.005182,4.936546,0.000000,0.000000,5.000000,0.063841,0
1784328925.898982,CONST330,TRACKING,330,18.825701,47.021234,-0.004739,-0.005182,4.936546,0.000000,0.000000,5.000000,0.063841,0
1784328925.924051,CONST330,TRACKING,330,18.869882,25.016115,-0.006133,-0.003252,4.938989,0.000000,0.000000,5.000000,0.061404,0
1784328925.948996,CONST330,TRACKING,330,18.917841,24.925826,-0.008205,-0.000043,4.942276,0.000000,0.000000,5.000000,0.058304,0
1784328925.973990,CONST330,TRACKING,330,18.851828,21.911753,-0.009725,0.002225,4.945177,0.000000,0.000000,5.000000,0.055724,0
1784328925.998989,CONST330,TRACKING,330,18.857368,46.915777,-0.009725,0.002225,4.945177,0.000000,0.000000,5.000000,0.055724,0
1784328926.023978,CONST330,TRACKING,330,18.919559,24.986195,-0.011108,0.004273,4.948240,0.000000,0.000000,5.000000,0.053111,0
1784328926.048997,CONST330,TRACKING,330,18.883099,24.919967,-0.012646,0.008020,4.951900,0.000000,0.000000,5.000000,0.050377,0
1784328926.073979,CONST330,TRACKING,330,19.490415,22.580736,-0.014079,0.011354,4.955573,0.000000,0.000000,5.000000,0.047968,0
1784328926.098945,CONST330,TRACKING,330,19.226443,47.283900,-0.014079,0.011354,4.955573,0.000000,0.000000,5.000000,0.047968,0
1784328926.124060,CONST330,TRACKING,330,19.224213,25.011133,-0.015432,0.014344,4.958747,0.000000,0.000000,5.000000,0.046322,0
1784328926.148994,CONST330,TRACKING,330,18.799973,24.440460,-0.016603,0.017835,4.961331,0.000000,0.000000,5.000000,0.045706,0
1784328926.173999,CONST330,TRACKING,330,18.771595,21.891375,-0.016217,0.020856,4.961730,0.000000,0.000000,5.000000,0.046503,0
1784328926.198942,CONST330,TRACKING,330,18.862320,46.925455,-0.016217,0.020856,4.961730,0.000000,0.000000,5.000000,0.046503,0
1784328926.223984,CONST330,TRACKING,330,18.945962,25.063916,-0.015863,0.023618,4.962642,0.000000,0.000000,5.000000,0.046958,0
1784328926.248996,CONST330,TRACKING,330,18.838787,24.842766,-0.015529,0.026069,4.963809,0.000000,0.000000,5.000000,0.047229,0
1784328926.273998,CONST330,TRACKING,330,18.873090,21.910727,-0.014742,0.028839,4.965687,0.000000,0.000000,5.000000,0.047185,0
1784328926.298945,CONST330,TRACKING,330,18.872475,46.857605,-0.014742,0.028839,4.965687,0.000000,0.000000,5.000000,0.047185,0
1784328926.324000,CONST330,TRACKING,330,18.828463,24.940441,-0.013593,0.031892,4.967794,0.000000,0.000000,5.000000,0.047319,0
1784328926.348996,CONST330,TRACKING,330,18.823000,24.931481,-0.012289,0.035192,4.969584,0.000000,0.000000,5.000000,0.048111,0
1784328926.373998,CONST330,TRACKING,330,18.873349,22.081336,-0.011401,0.037447,4.970586,0.000000,0.000000,5.000000,0.048964,0
1784328926.398946,CONST330,TRACKING,330,18.878676,47.034781,-0.011401,0.037447,4.970586,0.000000,0.000000,5.000000,0.048964,0
1784328926.423987,CONST330,TRACKING,330,18.875812,24.941885,-0.009156,0.038302,4.972125,0.000000,0.000000,5.000000,0.048248,0
1784328926.449070,CONST330,TRACKING,330,18.936261,25.057281,-0.006612,0.038597,4.974093,0.000000,0.000000,5.000000,0.046953,0
1784328926.474073,CONST330,TRACKING,330,18.846332,22.156633,-0.004245,0.038738,4.976674,0.000000,0.000000,5.000000,0.045417,0
1784328926.499048,CONST330,TRACKING,330,18.859443,47.144204,-0.004245,0.038738,4.976674,0.000000,0.000000,5.000000,0.045417,0
1784328926.524059,CONST330,TRACKING,330,18.879532,24.965353,-0.002015,0.038707,4.979018,0.000000,0.000000,5.000000,0.044074,0
1784328926.549063,CONST330,TRACKING,330,18.853656,24.916201,0.000071,0.039884,4.982801,0.000000,0.000000,5.000000,0.043434,0
1784328926.574057,CONST330,TRACKING,330,18.809507,22.015955,0.001661,0.040492,4.985260,0.000000,0.000000,5.000000,0.043124,0
1784328926.598989,CONST330,TRACKING,330,18.850082,46.986819,0.001661,0.040492,4.985260,0.000000,0.000000,5.000000,0.043124,0
1784328926.624057,CONST330,TRACKING,330,18.879504,25.031436,0.003204,0.040793,4.987904,0.000000,0.000000,5.000000,0.042669,0
1784328926.649068,CONST330,TRACKING,330,18.848937,24.921027,0.004283,0.040007,4.991014,0.000000,0.000000,5.000000,0.041227,0
1784328926.674052,CONST330,TRACKING,330,18.918344,22.072187,0.004168,0.036792,4.994051,0.000000,0.000000,5.000000,0.037502,0
1784328926.699075,CONST330,TRACKING,330,18.872359,47.048240,0.004168,0.036792,4.994051,0.000000,0.000000,5.000000,0.037502,0
1784328926.724073,CONST330,TRACKING,330,18.858082,24.897684,0.004112,0.033525,4.996493,0.000000,0.000000,5.000000,0.033958,0
1784328926.749076,CONST330,TRACKING,330,18.871700,24.951778,0.004137,0.029397,4.998067,0.000000,0.000000,5.000000,0.029749,0
1784328926.774066,CONST330,TRACKING,330,18.853831,22.072658,0.003373,0.025271,4.996980,0.000000,0.000000,5.000000,0.025673,0
1784328926.798947,CONST330,TRACKING,330,18.959500,47.060184,0.003373,0.025271,4.996980,0.000000,0.000000,5.000000,0.025673,0
1784328926.824052,CONST330,TRACKING,330,18.914617,24.985579,0.001913,0.020492,4.994719,0.000000,0.000000,5.000000,0.021248,0
1784328926.849003,CONST330,TRACKING,330,18.763738,24.740854,0.000577,0.015930,4.993583,0.000000,0.000000,5.000000,0.017184,0
1784328926.873987,CONST330,TRACKING,330,18.832336,21.950988,-0.000682,0.011508,4.992923,0.000000,0.000000,5.000000,0.013527,0
1784328926.898987,CONST330,TRACKING,330,18.851354,46.969538,-0.000682,0.011508,4.992923,0.000000,0.000000,5.000000,0.013527,0
1784328926.923982,CONST330,TRACKING,330,18.841882,24.885865,-0.002531,0.007706,4.992503,0.000000,0.000000,5.000000,0.011045,0
1784328926.949010,CONST330,TRACKING,330,18.953431,25.082834,-0.004899,0.003197,4.991720,0.000000,0.000000,5.000000,0.010138,0
1784328926.974056,CONST330,TRACKING,330,18.787602,22.026841,-0.006595,-0.000426,4.990769,0.000000,0.000000,5.000000,0.011353,0
1784328926.999023,CONST330,TRACKING,330,18.836223,47.042460,-0.006595,-0.000426,4.990769,0.000000,0.000000,5.000000,0.011353,0
1784328927.024054,CONST330,TRACKING,330,18.885487,25.011990,-0.008152,-0.003984,4.989503,0.000000,0.000000,5.000000,0.013875,0
1784328927.049006,CONST330,TRACKING,330,18.987294,24.990288,-0.009279,-0.007186,4.987260,0.000000,0.000000,5.000000,0.017321,0
1784328927.073994,CONST330,TRACKING,330,18.940208,22.092378,-0.010387,-0.010311,4.985628,0.000000,0.000000,5.000000,0.020513,0
1784328927.098947,CONST330,TRACKING,330,18.910754,47.015821,-0.010387,-0.010311,4.985628,0.000000,0.000000,5.000000,0.020513,0
1784328927.123990,CONST330,TRACKING,330,18.954534,25.018896,-0.011426,-0.013289,4.984648,0.000000,0.000000,5.000000,0.023299,0
1784328927.149003,CONST330,TRACKING,330,18.870791,24.869727,-0.012642,-0.017006,4.983494,0.000000,0.000000,5.000000,0.026861,0
1784328927.173998,CONST330,TRACKING,330,18.925927,22.123363,-0.013314,-0.020567,4.981686,0.000000,0.000000,5.000000,0.030589,0
1784328927.198950,CONST330,TRACKING,330,18.898064,47.045867,-0.013314,-0.020567,4.981686,0.000000,0.000000,5.000000,0.030589,0
1784328927.223991,CONST330,TRACKING,330,18.896699,24.972661,-0.013916,-0.023912,4.979964,0.000000,0.000000,5.000000,0.034160,0
1784328927.248993,CONST330,TRACKING,330,18.875445,24.916782,-0.014484,-0.027030,4.978921,0.000000,0.000000,5.000000,0.037212,0
1784328927.274004,CONST330,TRACKING,330,18.786845,21.906391,-0.015874,-0.029764,4.978316,0.000000,0.000000,5.000000,0.040101,0
1784328927.299082,CONST330,TRACKING,330,18.820881,47.019378,-0.015874,-0.029764,4.978316,0.000000,0.000000,5.000000,0.040101,0
1784328927.324068,CONST330,TRACKING,330,19.470437,25.570040,-0.017906,-0.032195,4.978756,0.000000,0.000000,5.000000,0.042526,0
1784328927.349070,CONST330,TRACKING,330,18.832440,24.299435,-0.020055,-0.035012,4.979253,0.000000,0.000000,5.000000,0.045370,0
1784328927.374066,CONST330,TRACKING,330,18.865863,22.185470,-0.021445,-0.037119,4.979132,0.000000,0.000000,5.000000,0.047678,0
1784328927.398949,CONST330,TRACKING,330,18.913764,47.115932,-0.021445,-0.037119,4.979132,0.000000,0.000000,5.000000,0.047678,0
1784328927.424004,CONST330,TRACKING,330,18.853962,24.899016,-0.024399,-0.040392,4.979706,0.000000,0.000000,5.000000,0.051368,0
1784328927.449003,CONST330,TRACKING,330,18.829362,24.887345,-0.027489,-0.043729,4.980441,0.000000,0.000000,5.000000,0.055231,0
1784328927.474004,CONST330,TRACKING,330,18.881070,22.106838,-0.030102,-0.046648,4.980863,0.000000,0.000000,5.000000,0.058723,0
1784328927.498994,CONST330,TRACKING,330,18.794756,47.010662,-0.030102,-0.046648,4.980863,0.000000,0.000000,5.000000,0.058723,0
1784328927.523993,CONST330,TRACKING,330,18.868528,24.996781,-0.032320,-0.049189,4.980998,0.000000,0.000000,5.000000,0.061849,0
1784328927.549007,CONST330,TRACKING,330,18.842143,24.926217,-0.033419,-0.050387,4.981602,0.000000,0.000000,5.000000,0.063200,0
1784328927.573951,CONST330,TRACKING,330,18.819982,21.840305,-0.034022,-0.051091,4.982182,0.000000,0.000000,5.000000,0.063916,0
1784328927.598981,CONST330,TRACKING,330,18.914391,46.980101,-0.034022,-0.051091,4.982182,0.000000,0.000000,5.000000,0.063916,0
1784328927.623991,CONST330,TRACKING,330,18.762329,24.768567,-0.034417,-0.051579,4.982594,0.000000,0.000000,5.000000,0.064404,0
1784328927.649007,CONST330,TRACKING,330,18.814575,25.005488,-0.034130,-0.052019,4.983386,0.000000,0.000000,5.000000,0.064396,0
1784328927.674002,CONST330,TRACKING,330,18.911180,21.981418,-0.032241,-0.052754,4.984310,0.000000,0.000000,5.000000,0.063786,0
1784328927.698998,CONST330,TRACKING,330,18.804878,46.872041,-0.032241,-0.052754,4.984310,0.000000,0.000000,5.000000,0.063786,0
1784328927.723995,CONST330,TRACKING,330,18.893365,25.004459,-0.030244,-0.053162,4.985433,0.000000,0.000000,5.000000,0.062874,0
1784328927.749068,CONST330,TRACKING,330,18.914028,25.006468,-0.027570,-0.053337,4.986368,0.000000,0.000000,5.000000,0.061569,0
1784328927.773995,CONST330,TRACKING,330,18.874484,21.987073,-0.024732,-0.052656,4.986758,0.000000,0.000000,5.000000,0.059663,0
1784328927.798951,CONST330,TRACKING,330,18.868405,46.937702,-0.024732,-0.052656,4.986758,0.000000,0.000000,5.000000,0.059663,0
1784328927.824061,CONST330,TRACKING,330,18.930855,25.097983,-0.021237,-0.051190,4.987827,0.000000,0.000000,5.000000,0.056742,0
1784328927.849007,CONST330,TRACKING,330,18.857847,24.809269,-0.017701,-0.049500,4.988902,0.000000,0.000000,5.000000,0.053728,0
1784328927.874070,CONST330,TRACKING,330,18.795086,21.925778,-0.014184,-0.047628,4.989590,0.000000,0.000000,5.000000,0.050774,0
1784328927.898950,CONST330,TRACKING,330,18.854181,46.865580,-0.014184,-0.047628,4.989590,0.000000,0.000000,5.000000,0.050774,0
1784328927.924071,CONST330,TRACKING,330,18.781205,24.953105,-0.009743,-0.045106,4.990740,0.000000,0.000000,5.000000,0.047067,0
1784328927.949016,CONST330,TRACKING,330,18.813642,24.898884,-0.003864,-0.041625,4.991110,0.000000,0.000000,5.000000,0.042739,0
1784328927.974003,CONST330,TRACKING,330,18.859786,22.076429,0.000749,-0.038790,4.990574,0.000000,0.000000,5.000000,0.039926,0
1784328927.998952,CONST330,TRACKING,330,18.894530,47.059970,0.000749,-0.038790,4.990574,0.000000,0.000000,5.000000,0.039926,0
1784328928.023993,CONST330,TRACKING,330,18.947601,25.019249,0.005365,-0.035803,4.990548,0.000000,0.000000,5.000000,0.037417,0
1784328928.049002,CONST330,TRACKING,330,18.877218,24.876684,0.011084,-0.030298,4.987727,0.000000,0.000000,5.000000,0.034517,0
1784328928.074008,CONST330,TRACKING,330,18.964358,22.210735,0.016535,-0.024990,4.985968,0.000000,0.000000,5.000000,0.033088,0
1784328928.098953,CONST330,TRACKING,330,18.900886,47.092297,0.016535,-0.024990,4.985968,0.000000,0.000000,5.000000,0.033088,0
1784328928.124064,CONST330,TRACKING,330,18.913411,25.052482,0.021762,-0.019864,4.984228,0.000000,0.000000,5.000000,0.033420,0
1784328928.149008,CONST330,TRACKING,330,18.952158,24.920513,0.027811,-0.013331,4.982858,0.000000,0.000000,5.000000,0.035285,0
1784328928.174017,CONST330,TRACKING,330,18.881817,21.919385,0.031775,-0.006817,4.982973,0.000000,0.000000,5.000000,0.036689,0
1784328928.198953,CONST330,TRACKING,330,18.894202,46.867820,0.031775,-0.006817,4.982973,0.000000,0.000000,5.000000,0.036689,0
1784328928.224065,CONST330,TRACKING,330,18.835632,24.991110,0.035619,-0.000525,4.983421,0.000000,0.000000,5.000000,0.039292,0
1784328928.249060,CONST330,TRACKING,330,18.904110,25.001557,0.039350,0.005527,4.983701,0.000000,0.000000,5.000000,0.042949,0
1784328928.274010,CONST330,TRACKING,330,18.952071,22.135607,0.043198,0.011822,4.983418,0.000000,0.000000,5.000000,0.047758,0
1784328928.299076,CONST330,TRACKING,330,18.912179,47.161422,0.043198,0.011822,4.983418,0.000000,0.000000,5.000000,0.047758,0
1784328928.324074,CONST330,TRACKING,330,18.952171,24.971905,0.047081,0.018252,4.983385,0.000000,0.000000,5.000000,0.053158,0
1784328928.349072,CONST330,TRACKING,330,18.915979,24.895895,0.051499,0.025804,4.983938,0.000000,0.000000,5.000000,0.059800,0
1784328928.374071,CONST330,TRACKING,330,18.962747,22.238497,0.054725,0.031464,4.983726,0.000000,0.000000,5.000000,0.065189,0
1784328928.398954,CONST330,TRACKING,330,18.904583,47.063099,0.054725,0.031464,4.983726,0.000000,0.000000,5.000000,0.065189,0
1784328928.424069,CONST330,TRACKING,330,18.877835,24.989096,0.057822,0.036233,4.983353,0.000000,0.000000,5.000000,0.070238,0
1784328928.449076,CONST330,TRACKING,330,18.976902,25.026051,0.060641,0.040600,4.982710,0.000000,0.000000,5.000000,0.074998,0
1784328928.473999,CONST330,TRACKING,330,18.929176,22.069012,0.063034,0.044716,4.982584,0.000000,0.000000,5.000000,0.079222,0
1784328928.499081,CONST330,TRACKING,330,18.888214,47.109998,0.063034,0.044716,4.982584,0.000000,0.000000,5.000000,0.079222,0
1784328928.524083,CONST330,TRACKING,330,18.916265,24.941870,0.064996,0.048584,4.983373,0.000000,0.000000,5.000000,0.082833,0
1784328928.549071,CONST330,TRACKING,330,18.908820,24.919155,0.064291,0.055322,4.984888,0.000000,0.000000,5.000000,0.086152,0
1784328928.574072,CONST330,TRACKING,330,19.298750,22.677108,0.063617,0.059986,4.986452,0.000000,0.000000,5.000000,0.088482,0
1784328928.599009,CONST330,TRACKING,330,18.898570,47.216003,0.063617,0.059986,4.986452,0.000000,0.000000,5.000000,0.088482,0
1784328928.624060,CONST330,TRACKING,330,18.908008,24.987975,0.062739,0.064143,4.987396,0.000000,0.000000,5.000000,0.090606,0
1784328928.649076,CONST330,TRACKING,330,19.189110,25.231765,0.062061,0.068096,4.987142,0.000000,0.000000,5.000000,0.093027,0
1784328928.673997,CONST330,TRACKING,330,18.844221,21.860654,0.062129,0.072344,4.986038,0.000000,0.000000,5.000000,0.096377,0
1784328928.698955,CONST330,TRACKING,330,18.906670,46.881200,0.062129,0.072344,4.986038,0.000000,0.000000,5.000000,0.096377,0
1784328928.724014,CONST330,TRACKING,330,18.869474,24.944399,0.062073,0.076140,4.985006,0.000000,0.000000,5.000000,0.099374,0
1784328928.749015,CONST330,TRACKING,330,18.842328,24.902361,0.061719,0.080193,4.983755,0.000000,0.000000,5.000000,0.102489,0
1784328928.774008,CONST330,TRACKING,330,18.904864,22.113616,0.061003,0.082794,4.981001,0.000000,0.000000,5.000000,0.104581,0
1784328928.798995,CONST330,TRACKING,330,18.810911,47.007274,0.061003,0.082794,4.981001,0.000000,0.000000,5.000000,0.104581,0
1784328928.824007,CONST330,TRACKING,330,18.900899,25.033539,0.059877,0.084880,4.976894,0.000000,0.000000,5.000000,0.106413,0
1784328928.849014,CONST330,TRACKING,330,18.929060,24.970090,0.058468,0.086520,4.974099,0.000000,0.000000,5.000000,0.107588,0
1784328928.874001,CONST330,TRACKING,330,18.896454,21.980192,0.056825,0.087713,4.972070,0.000000,0.000000,5.000000,0.108179,0
1784328928.899006,CONST330,TRACKING,330,18.908558,46.996743,0.056825,0.087713,4.972070,0.000000,0.000000,5.000000,0.108179,0
1784328928.923995,CONST330,TRACKING,330,18.899146,24.887257,0.054605,0.086766,4.969800,0.000000,0.000000,5.000000,0.106874,0
1784328928.949017,CONST330,TRACKING,330,19.108945,25.156204,0.051408,0.084431,4.967772,0.000000,0.000000,5.000000,0.103971,0
1784328928.974012,CONST330,TRACKING,330,18.903889,21.974914,0.048629,0.082255,4.966433,0.000000,0.000000,5.000000,0.101279,0
1784328928.998989,CONST330,TRACKING,330,18.858689,46.906999,0.048629,0.082255,4.966433,0.000000,0.000000,5.000000,0.101279,0
1784328929.024008,CONST330,TRACKING,330,18.814442,24.905913,0.045655,0.079740,4.966314,0.000000,0.000000,5.000000,0.097866,0
1784328929.049082,CONST330,TRACKING,330,18.912896,25.106204,0.041815,0.075777,4.965956,0.000000,0.000000,5.000000,0.093003,0
1784328929.074056,CONST330,TRACKING,330,18.870304,21.911800,0.038009,0.071496,4.965898,0.000000,0.000000,5.000000,0.087860,0
1784328929.099093,CONST330,TRACKING,330,18.897105,46.976202,0.038009,0.071496,4.965898,0.000000,0.000000,5.000000,0.087860,0
1784328929.124080,CONST330,TRACKING,330,19.444217,25.454168,0.034245,0.066959,4.965460,0.000000,0.000000,5.000000,0.082760,0
1784328929.149069,CONST330,TRACKING,330,18.887729,24.370620,0.029628,0.060375,4.964361,0.000000,0.000000,5.000000,0.076112,0
1784328929.174081,CONST330,TRACKING,330,18.843859,21.951746,0.026094,0.053592,4.962765,0.000000,0.000000,5.000000,0.070282,0
1784328929.199080,CONST330,TRACKING,330,18.853434,46.960284,0.026094,0.053592,4.962765,0.000000,0.000000,5.000000,0.070282,0
1784328929.224080,CONST330,TRACKING,330,18.825904,24.906394,0.022453,0.046775,4.962556,0.000000,0.000000,5.000000,0.063985,0
1784328929.249073,CONST330,TRACKING,330,18.797355,24.903665,0.018796,0.040059,4.963522,0.000000,0.000000,5.000000,0.057347,0
1784328929.274083,CONST330,TRACKING,330,18.883406,22.074271,0.015224,0.032441,4.965942,0.000000,0.000000,5.000000,0.049438,0
1784328929.299080,CONST330,TRACKING,330,18.869934,47.057750,0.015224,0.032441,4.965942,0.000000,0.000000,5.000000,0.049438,0
