epoch_sec,mode,phase,N,mppi_call_ms,state_to_command_latency_ms,pos_x,pos_y,pos_z,target_x,target_y,target_z,pos_error_m,deadline_miss
1784304682.902637,FIXED400,TAKEOFF,0,0.000000,0.918146,-0.027179,-0.018248,5.077426,-0.027179,-0.018248,5.077403,0.000024,0
1784304682.952654,FIXED400,TAKEOFF,0,0.000000,14.940648,-0.026730,-0.010332,5.073817,-0.027179,-0.018248,5.076112,0.008254,0
1784304683.002673,FIXED400,TAKEOFF,0,0.000000,0.810216,-0.025252,0.001838,5.064667,-0.027179,-0.018248,5.074821,0.022589,0
1784304683.052687,FIXED400,TAKEOFF,0,0.000000,14.991981,-0.024106,0.007357,5.063951,-0.027179,-0.018248,5.073530,0.027510,0
1784304683.102680,FIXED400,TAKEOFF,0,0.000000,1.008058,-0.021515,0.018063,5.063300,-0.027179,-0.018248,5.072240,0.037822,0
1784304683.152668,FIXED400,TAKEOFF,0,0.000000,14.483775,-0.019718,0.024971,5.063688,-0.027179,-0.018248,5.070950,0.044455,0
1784304683.202643,FIXED400,TAKEOFF,0,0.000000,1.028485,-0.016208,0.038489,5.066103,-0.027179,-0.018248,5.069660,0.057897,0
1784304683.252686,FIXED400,TAKEOFF,0,0.000000,14.887397,-0.014402,0.044543,5.065968,-0.027179,-0.018248,5.068369,0.064123,0
1784304683.302634,FIXED400,TAKEOFF,0,0.000000,0.988800,-0.010813,0.055745,5.069728,-0.027179,-0.018248,5.067079,0.075828,0
1784304683.352695,FIXED400,TAKEOFF,0,0.000000,14.989552,-0.008589,0.062014,5.072412,-0.027179,-0.018248,5.065787,0.082652,0
1784304683.402668,FIXED400,TAKEOFF,0,0.000000,0.948997,-0.004883,0.071016,5.079365,-0.027179,-0.018248,5.064498,0.093200,0
1784304683.452693,FIXED400,TAKEOFF,0,0.000000,14.964960,-0.002904,0.075169,5.083691,-0.027179,-0.018248,5.063207,0.098669,0
1784304683.502635,FIXED400,TAKEOFF,0,0.000000,0.909288,0.000902,0.082502,5.085295,-0.027179,-0.018248,5.061918,0.107170,0
1784304683.552695,FIXED400,TAKEOFF,0,0.000000,14.967920,0.004334,0.086444,5.087165,-0.027179,-0.018248,5.060626,0.112507,0
1784304683.602634,FIXED400,TAKEOFF,0,0.000000,0.980514,0.009519,0.091932,5.089748,-0.027179,-0.018248,5.059337,0.120047,0
1784304683.652695,FIXED400,TAKEOFF,0,0.000000,15.067866,0.012314,0.094095,5.090018,-0.027179,-0.018248,5.058045,0.123300,0
1784304683.702680,FIXED400,TAKEOFF,0,0.000000,1.102110,0.019650,0.096511,5.091630,-0.027179,-0.018248,5.056755,0.128758,0
1784304683.752653,FIXED400,TAKEOFF,0,0.000000,15.012773,0.023848,0.097634,5.091881,-0.027179,-0.018248,5.055465,0.131752,0
1784304683.802634,FIXED400,TAKEOFF,0,0.000000,1.020181,0.025806,0.097022,5.090085,-0.027179,-0.018248,5.054175,0.131849,0
1784304683.852695,FIXED400,TAKEOFF,0,0.000000,14.967107,0.026174,0.096286,5.088017,-0.027179,-0.018248,5.052883,0.131145,0
1784304683.902636,FIXED400,TAKEOFF,0,0.000000,0.980865,0.026620,0.094885,5.088091,-0.027179,-0.018248,5.051594,0.130481,0
1784304683.952686,FIXED400,TAKEOFF,0,0.000000,15.039039,0.026527,0.094221,5.089379,-0.027179,-0.018248,5.050302,0.130616,0
1784304684.002678,FIXED400,TAKEOFF,0,0.000000,1.047298,0.026829,0.092834,5.088643,-0.027179,-0.018248,5.049012,0.129718,0
1784304684.052690,FIXED400,TAKEOFF,0,0.000000,15.005107,0.026276,0.089951,5.092105,-0.027179,-0.018248,5.047721,0.128585,0
1784304684.102671,FIXED400,TAKEOFF,0,0.000000,0.984666,0.025691,0.084495,5.098253,-0.027179,-0.018248,5.046431,0.126636,0
1784304684.152652,FIXED400,TAKEOFF,0,0.000000,14.981886,0.025630,0.081038,5.101973,-0.027179,-0.018248,5.045142,0.126001,0
1784304684.202690,FIXED400,TAKEOFF,0,0.000000,1.122299,0.026488,0.074134,5.108389,-0.027179,-0.018248,5.043850,0.124819,0
1784304684.252688,FIXED400,TAKEOFF,0,0.000000,15.085114,0.027021,0.071070,5.110087,-0.027179,-0.018248,5.042560,0.124399,0
1784304684.302675,FIXED400,TAKEOFF,0,0.000000,0.875223,0.026776,0.068047,5.116622,-0.027179,-0.018248,5.041270,0.126633,0
1784304684.352646,FIXED400,TAKEOFF,0,0.000000,15.008164,0.026455,0.066785,5.119837,-0.027179,-0.018248,5.039980,0.128391,0
1784304684.402634,FIXED400,TAKEOFF,0,0.000000,1.000692,0.025176,0.064323,5.125638,-0.027179,-0.018248,5.038690,0.130839,0
1784304684.452704,FIXED400,TAKEOFF,0,0.000000,14.929625,0.023904,0.062708,5.130072,-0.027179,-0.018248,5.037397,0.133236,0
1784304684.502662,FIXED400,TAKEOFF,0,0.000000,1.069861,0.021508,0.059626,5.136388,-0.027179,-0.018248,5.036108,0.135981,0
1784304684.552709,FIXED400,TAKEOFF,0,0.000000,15.050803,0.016444,0.058760,5.140864,-0.027179,-0.018248,5.034816,0.138128,0
1784304684.602676,FIXED400,TAKEOFF,0,0.000000,1.037044,0.009109,0.057346,5.142251,-0.027179,-0.018248,5.033527,0.137303,0
1784304684.652703,FIXED400,TAKEOFF,0,0.000000,15.070250,0.006135,0.056858,5.142025,-0.027179,-0.018248,5.032236,0.137129,0
1784304684.702634,FIXED400,TAKEOFF,0,0.000000,1.018994,0.002802,0.057263,5.144602,-0.027179,-0.018248,5.030947,0.139708,0
1784304684.752685,FIXED400,TAKEOFF,0,0.000000,14.969806,0.000922,0.057140,5.141839,-0.027179,-0.018248,5.029655,0.138051,0
1784304684.802683,FIXED400,TAKEOFF,0,0.000000,1.025517,-0.003500,0.054562,5.135097,-0.027179,-0.018248,5.028365,0.131353,0
1784304684.852668,FIXED400,TAKEOFF,0,0.000000,14.946019,-0.005568,0.052814,5.130227,-0.027179,-0.018248,5.027075,0.127111,0
1784304684.902680,FIXED400,TAKEOFF,0,0.000000,0.964383,-0.007186,0.049989,5.119674,-0.027179,-0.018248,5.025784,0.117776,0
1784304684.952666,FIXED400,TAKEOFF,0,0.000000,14.929707,-0.006308,0.049048,5.115847,-0.027179,-0.018248,5.024494,0.115367,0
1784304685.002676,FIXED400,TAKEOFF,0,0.000000,0.662048,-0.005156,0.046858,5.109638,-0.027179,-0.018248,5.023203,0.110429,0
1784304685.052699,FIXED400,TAKEOFF,0,0.000000,15.077574,-0.005043,0.043696,5.107455,-0.027179,-0.018248,5.021912,0.107910,0
1784304685.102678,FIXED400,TAKEOFF,0,0.000000,1.086342,-0.004695,0.037683,5.102814,-0.027179,-0.018248,5.020622,0.101927,0
1784304685.152703,FIXED400,TAKEOFF,0,0.000000,14.936507,-0.004624,0.033625,5.100311,-0.027179,-0.018248,5.019331,0.098779,0
1784304685.202641,FIXED400,TAKEOFF,0,0.000000,0.974618,-0.005677,0.024814,5.102393,-0.027179,-0.018248,5.018043,0.097117,0
1784304685.252693,FIXED400,TAKEOFF,0,0.000000,15.056707,-0.006092,0.020702,5.104443,-0.027179,-0.018248,5.016751,0.098243,0
1784304685.302678,FIXED400,TAKEOFF,0,0.000000,1.037243,-0.007904,0.009754,5.114594,-0.027179,-0.018248,5.015461,0.104800,0
1784304685.352705,FIXED400,TAKEOFF,0,0.000000,15.089066,-0.009024,0.002898,5.119472,-0.027179,-0.018248,5.014170,0.108928,0
1784304685.402644,FIXED400,TAKEOFF,0,0.000000,1.013556,-0.011175,-0.007999,5.122161,-0.027179,-0.018248,5.012881,0.110921,0
1784304685.452693,FIXED400,TAKEOFF,0,0.000000,14.807005,-0.012634,-0.013677,5.121576,-0.027179,-0.018248,5.011589,0.111039,0
1784304685.502651,FIXED400,TAKEOFF,0,0.000000,1.075980,-0.015208,-0.023955,5.117861,-0.027179,-0.018248,5.010300,0.108376,0
1784304685.552664,FIXED400,TAKEOFF,0,0.000000,14.970909,-0.014776,-0.026313,5.118166,-0.027179,-0.018248,5.009009,0.110156,0
1784304685.602690,FIXED400,TAKEOFF,0,0.000000,1.063259,-0.014170,-0.029522,5.117170,-0.027179,-0.018248,5.007718,0.110798,0
1784304685.652693,FIXED400,TAKEOFF,0,0.000000,15.100816,-0.013960,-0.030799,5.116427,-0.027179,-0.018248,5.006427,0.111500,0
1784304685.702641,FIXED400,TAKEOFF,0,0.000000,0.996563,-0.013851,-0.032617,5.115701,-0.027179,-0.018248,5.005138,0.112286,0
1784304685.752688,FIXED400,TAKEOFF,0,0.000000,14.953379,-0.013749,-0.033278,5.113480,-0.027179,-0.018248,5.003846,0.111471,0
1784304685.802635,FIXED400,TAKEOFF,0,0.000000,1.072221,-0.013871,-0.033171,5.108592,-0.027179,-0.018248,5.002557,0.107903,0
1784304685.852700,FIXED400,TAKEOFF,0,0.000000,15.055277,-0.013802,-0.032825,5.105085,-0.027179,-0.018248,5.001265,0.105688,0
1784304685.902634,FIXED400,WAITING,0,0.000000,1.060777,-0.015056,-0.030997,5.097846,-0.027179,-0.018248,5.000000,0.099415,0
1784304685.952694,FIXED400,WAITING,0,0.000000,15.075698,-0.017207,-0.028960,5.091926,0.000000,0.000000,5.000000,0.097904,0
1784304686.002633,FIXED400,TRACKING,400,26.037839,27.121165,-0.019944,-0.025750,5.080275,2.000000,0.000000,5.000000,2.021703,0
1784304686.052653,FIXED400,TRACKING,400,25.158600,40.120333,-0.022768,-0.023726,5.079247,2.000000,0.000000,5.000000,2.024458,0
1784304686.102633,FIXED400,TRACKING,400,25.011376,26.092610,-0.027424,-0.019625,5.080347,2.000000,0.000000,5.000000,2.029110,0
1784304686.152708,FIXED400,TRACKING,400,30.434642,45.382061,-0.029908,-0.016897,5.083598,2.000000,0.000000,5.000000,2.031699,0
1784304686.202633,FIXED400,TRACKING,400,32.841544,33.833825,-0.033557,-0.011649,5.089911,2.000000,0.000000,5.000000,2.035577,0
1784304686.252691,FIXED400,TRACKING,400,30.836401,45.943897,-0.034659,-0.009008,5.089562,2.000000,0.000000,5.000000,2.036649,0
1784304686.302687,FIXED400,TRACKING,400,30.336228,31.302579,-0.036660,-0.007062,5.093484,2.000000,0.000000,5.000000,2.038816,0
1784304686.352695,FIXED400,TRACKING,400,26.640771,41.791010,-0.035959,-0.006304,5.095741,2.000000,0.000000,5.000000,2.038218,0
1784304686.402673,FIXED400,TRACKING,400,28.034655,29.019128,-0.029882,-0.005560,5.106552,2.000000,0.000000,5.000000,2.032684,0
1784304686.452700,FIXED400,TRACKING,400,25.335534,40.350510,-0.024663,-0.005491,5.114868,2.000000,0.000000,5.000000,2.027926,0
1784304686.502634,FIXED400,TRACKING,400,25.067338,26.022974,-0.008876,-0.005799,5.128258,2.000000,0.000000,5.000000,2.012974,0
1784304686.552683,FIXED400,TRACKING,400,25.672974,40.776938,0.005688,-0.005258,5.138799,2.000000,0.000000,5.000000,1.999144,0
1784304686.602674,FIXED400,TRACKING,400,25.167947,26.120876,0.033230,-0.005373,5.150803,2.000000,0.000000,5.000000,1.972550,0
1784304686.652654,FIXED400,TRACKING,400,25.407783,40.433428,0.048320,-0.005719,5.154262,2.000000,0.000000,5.000000,1.957775,0
1784304686.702636,FIXED400,TRACKING,400,27.289444,28.263463,0.080081,-0.006865,5.159200,2.000000,0.000000,5.000000,1.926520,0
1784304686.752697,FIXED400,TRACKING,400,25.888480,40.862814,0.101611,-0.007511,5.158910,2.000000,0.000000,5.000000,1.905043,0
1784304686.802645,FIXED400,TRACKING,400,24.853975,25.759351,0.141294,-0.007660,5.156897,2.000000,0.000000,5.000000,1.865332,0
1784304686.852700,FIXED400,TRACKING,400,26.729410,41.727610,0.162126,-0.007622,5.152947,2.000000,0.000000,5.000000,1.844243,0
1784304686.902644,FIXED400,TRACKING,400,24.188939,25.174186,0.204648,-0.007281,5.145244,2.000000,0.000000,5.000000,1.801232,0
1784304686.952707,FIXED400,TRACKING,400,25.220521,40.279035,0.231952,-0.006762,5.142472,2.000000,0.000000,5.000000,1.773792,0
1784304687.002647,FIXED400,TRACKING,400,23.396268,24.336996,0.276935,-0.006197,5.136442,2.000000,0.000000,5.000000,1.728470,0
1784304687.052684,FIXED400,TRACKING,400,26.603842,41.634558,0.299000,-0.007233,5.134436,2.000000,0.000000,5.000000,1.706320,0
1784304687.102647,FIXED400,TRACKING,400,23.796369,24.810626,0.343862,-0.009032,5.131064,2.000000,0.000000,5.000000,1.661341,0
1784304687.152696,FIXED400,TRACKING,400,23.717269,38.734000,0.372004,-0.010142,5.129297,2.000000,0.000000,5.000000,1.633154,0
1784304687.202633,FIXED400,TRACKING,400,23.302630,24.296045,0.415454,-0.012703,5.127357,2.000000,0.000000,5.000000,1.589707,0
1784304687.252700,FIXED400,TRACKING,400,25.780525,40.845493,0.437317,-0.013624,5.125333,2.000000,0.000000,5.000000,1.567760,0
1784304687.302637,FIXED400,TRACKING,400,27.184093,28.077521,0.480433,-0.013935,5.126425,2.000000,0.000000,5.000000,1.524880,0
1784304687.352655,FIXED400,TRACKING,400,25.412321,40.296688,0.506731,-0.013800,5.127898,2.000000,0.000000,5.000000,1.498800,0
1784304687.402647,FIXED400,TRACKING,400,23.255941,24.234052,0.548728,-0.012635,5.131203,2.000000,0.000000,5.000000,1.457246,0
1784304687.452769,FIXED400,TRACKING,400,24.181723,39.273428,0.570100,-0.011302,5.134937,2.000000,0.000000,5.000000,1.436297,0
1784304687.502681,FIXED400,TRACKING,400,43.081334,44.104229,0.612511,-0.008585,5.141583,2.000000,0.000000,5.000000,1.394720,0
1784304687.552698,FIXED400,TRACKING,400,30.153004,36.828085,0.638497,-0.005673,5.148263,2.000000,0.000000,5.000000,1.369564,0
1784304687.602642,FIXED400,TRACKING,400,28.454454,29.548835,0.679152,-0.001484,5.160088,2.000000,0.000000,5.000000,1.330515,0
1784304687.652691,FIXED400,TRACKING,400,24.122719,39.134888,0.698703,0.000463,5.165620,2.000000,0.000000,5.000000,1.311795,0
1784304687.702640,FIXED400,TRACKING,400,32.686907,33.530372,0.734886,0.003838,5.179880,2.000000,0.000000,5.000000,1.277844,0
1784304687.752697,FIXED400,TRACKING,400,23.756541,38.853112,0.755683,0.005974,5.185174,2.000000,0.000000,5.000000,1.258034,0
1784304687.802634,FIXED400,TRACKING,400,29.553044,30.501709,0.782871,0.009346,5.190246,2.000000,0.000000,5.000000,1.231943,0
1784304687.852681,FIXED400,TRACKING,400,27.886747,42.928784,0.794954,0.011108,5.191933,2.000000,0.000000,5.000000,1.220286,0
1784304687.902637,FIXED400,TRACKING,400,24.377275,25.366483,0.815559,0.014269,5.196111,2.000000,0.000000,5.000000,1.200651,0
1784304687.952694,FIXED400,TRACKING,400,25.946035,40.984177,0.825687,0.015647,5.199049,2.000000,0.000000,5.000000,1.191166,0
1784304688.002643,FIXED400,TRACKING,400,23.027773,23.957566,0.841710,0.017727,5.197784,2.000000,0.000000,5.000000,1.175189,0
1784304688.052660,FIXED400,TRACKING,400,24.015388,39.038083,0.849284,0.015913,5.198849,2.000000,0.000000,5.000000,1.167879,0
1784304688.102681,FIXED400,TRACKING,400,28.846969,29.909440,0.864231,0.013007,5.199495,2.000000,0.000000,5.000000,1.153229,0
1784304688.152694,FIXED400,TRACKING,400,25.016389,40.080247,0.873316,0.012175,5.199230,2.000000,0.000000,5.000000,1.144228,0
1784304688.202678,FIXED400,TRACKING,400,27.442351,28.519566,0.887221,0.013983,5.201102,2.000000,0.000000,5.000000,1.130891,0
1784304688.252703,FIXED400,TRACKING,400,27.907862,42.970558,0.894086,0.014850,5.199937,2.000000,0.000000,5.000000,1.123940,0
1784304688.302676,FIXED400,TRACKING,400,32.281769,33.202205,0.905173,0.015402,5.198754,2.000000,0.000000,5.000000,1.112828,0
1784304688.352693,FIXED400,TRACKING,400,25.239826,40.398917,0.911669,0.015419,5.197608,2.000000,0.000000,5.000000,1.106233,0
1784304688.402643,FIXED400,TRACKING,400,29.932342,30.953990,0.921711,0.015507,5.194096,2.000000,0.000000,5.000000,1.095728,0
1784304688.452654,FIXED400,TRACKING,400,27.138204,42.117480,0.926206,0.015660,5.192645,2.000000,0.000000,5.000000,1.091050,0
1784304688.502648,FIXED400,TRACKING,400,30.702539,31.718094,0.934316,0.015619,5.185702,2.000000,0.000000,5.000000,1.081855,0
1784304688.552695,FIXED400,TRACKING,400,32.922711,48.020588,0.938007,0.014480,5.183057,2.000000,0.000000,5.000000,1.077751,0
1784304688.602681,FIXED400,TRACKING,400,24.771668,25.841806,0.941303,0.012633,5.180429,2.000000,0.000000,5.000000,1.074036,0
1784304688.652690,FIXED400,TRACKING,400,35.024437,49.999606,0.942273,0.011693,5.179308,2.000000,0.000000,5.000000,1.072882,0
1784304688.702638,FIXED400,TRACKING,400,23.509325,24.439849,0.945164,0.009315,5.180175,2.000000,0.000000,5.000000,1.070153,0
1784304688.752690,FIXED400,TRACKING,400,24.376695,39.347555,0.944572,0.008278,5.178204,2.000000,0.000000,5.000000,1.070398,0
1784304688.802633,FIXED400,TRACKING,400,23.375649,24.352029,0.935047,0.006422,5.172962,2.000000,0.000000,5.000000,1.078927,0
1784304688.852686,FIXED400,TRACKING,400,24.797644,39.808936,0.928466,0.005675,5.169379,2.000000,0.000000,5.000000,1.084853,0
1784304688.902633,FIXED400,TRACKING,400,24.283458,25.310741,0.912104,0.006265,5.165942,2.000000,0.000000,5.000000,1.100497,0
1784304688.952697,FIXED400,TRACKING,400,25.454334,40.343423,0.899679,0.008513,5.165896,2.000000,0.000000,5.000000,1.112789,0
1784304689.002634,FIXED400,TRACKING,400,24.445166,25.462810,0.880877,0.012037,5.159061,2.000000,0.000000,5.000000,1.130434,0
1784304689.052699,FIXED400,TRACKING,400,24.432510,39.340076,0.875301,0.013389,5.158371,2.000000,0.000000,5.000000,1.135873,0
1784304689.102643,FIXED400,TRACKING,400,24.183636,25.204180,0.864069,0.015950,5.156374,2.000000,0.000000,5.000000,1.146755,0
1784304689.152689,FIXED400,TRACKING,400,25.441672,40.458688,0.856744,0.018102,5.154575,2.000000,0.000000,5.000000,1.153800,0
1784304689.202672,FIXED400,TRACKING,400,28.107692,29.144148,0.843141,0.025003,5.156384,2.000000,0.000000,5.000000,1.167649,0
1784304689.252715,FIXED400,TRACKING,400,27.898079,43.036490,0.837003,0.027964,5.156264,2.000000,0.000000,5.000000,1.173782,0
1784304689.302634,FIXED400,TRACKING,400,28.351828,29.403672,0.827984,0.031741,5.153145,2.000000,0.000000,5.000000,1.182405,0
1784304689.352649,FIXED400,TRACKING,400,35.754300,50.662852,0.823339,0.033401,5.148594,2.000000,0.000000,5.000000,1.186477,0
1784304689.402642,FIXED400,TRACKING,400,35.099906,36.189159,0.817885,0.034661,5.141561,2.000000,0.000000,5.000000,1.191066,0
1784304689.452646,FIXED400,TRACKING,400,25.158812,39.931892,0.816520,0.034503,5.140929,2.000000,0.000000,5.000000,1.192341,0
1784304689.502636,FIXED400,TRACKING,400,36.497698,37.325798,0.813643,0.034494,5.134275,2.000000,0.000000,5.000000,1.194430,0
1784304689.552694,FIXED400,TRACKING,400,24.966772,38.416572,0.811826,0.034960,5.129826,2.000000,0.000000,5.000000,1.195757,0
1784304689.602645,FIXED400,TRACKING,400,28.094131,29.183488,0.806950,0.035417,5.123030,2.000000,0.000000,5.000000,1.199900,0
1784304689.652691,FIXED400,TRACKING,400,23.894988,38.953909,0.803708,0.035385,5.121052,2.000000,0.000000,5.000000,1.202922,0
1784304689.702642,FIXED400,TRACKING,400,23.938598,25.013268,0.796815,0.034989,5.121934,2.000000,0.000000,5.000000,1.209854,0
1784304689.752654,FIXED400,TRACKING,400,26.020747,41.095579,0.791475,0.034916,5.120290,2.000000,0.000000,5.000000,1.214998,0
1784304689.802754,FIXED400,TRACKING,400,23.439173,24.465449,0.779874,0.033985,5.117010,2.000000,0.000000,5.000000,1.226195,0
1784304689.852722,FIXED400,TRACKING,400,32.708382,47.806854,0.773830,0.033511,5.114267,2.000000,0.000000,5.000000,1.231938,0
1784304689.902670,FIXED400,TRACKING,400,27.682501,28.811530,0.760155,0.032300,5.108009,2.000000,0.000000,5.000000,1.244960,0
1784304689.952696,FIXED400,TRACKING,400,27.157577,42.295307,0.750581,0.031033,5.105529,2.000000,0.000000,5.000000,1.254251,0
1784304690.002683,FIXED400,TRACKING,400,28.738926,29.789258,0.737751,0.028246,5.101640,2.000000,0.000000,5.000000,1.266650,0
1784304690.052655,FIXED400,TRACKING,400,24.010502,39.027260,0.737005,0.025396,5.102355,2.000000,0.000000,5.000000,1.267390,0
1784304690.102656,FIXED400,TRACKING,400,25.810269,26.747859,0.735042,0.020028,5.098807,2.000000,0.000000,5.000000,1.268969,0
1784304690.152654,FIXED400,TRACKING,400,24.163931,39.212003,0.733044,0.017082,5.094045,2.000000,0.000000,5.000000,1.270556,0
1784304690.202641,FIXED400,TRACKING,400,25.499204,26.548185,0.727676,0.013230,5.088766,2.000000,0.000000,5.000000,1.275485,0
1784304690.252696,FIXED400,TRACKING,400,24.121447,39.138331,0.724949,0.011251,5.085765,2.000000,0.000000,5.000000,1.277982,0
1784304690.302636,FIXED400,TRACKING,400,24.140309,25.151730,0.720671,0.006289,5.086473,2.000000,0.000000,5.000000,1.282264,0
1784304690.352696,FIXED400,TRACKING,400,27.665035,42.691111,0.718541,0.003083,5.085314,2.000000,0.000000,5.000000,1.284300,0
1784304690.402643,FIXED400,TRACKING,400,23.632291,24.705318,0.714962,-0.001020,5.084169,2.000000,0.000000,5.000000,1.287792,0
1784304690.452695,FIXED400,TRACKING,400,25.028841,40.146254,0.712695,-0.002262,5.085690,2.000000,0.000000,5.000000,1.290156,0
1784304690.502675,FIXED400,TRACKING,400,23.714506,24.827089,0.709084,-0.004887,5.084135,2.000000,0.000000,5.000000,1.293664,0
1784304690.552697,FIXED400,TRACKING,400,24.174823,39.232684,0.708464,-0.007120,5.088282,2.000000,0.000000,5.000000,1.294570,0
1784304690.602673,FIXED400,TRACKING,400,25.308823,26.436164,0.707819,-0.010375,5.088579,2.000000,0.000000,5.000000,1.295255,0
1784304690.652697,FIXED400,TRACKING,400,23.908704,39.028379,0.707542,-0.011343,5.088821,2.000000,0.000000,5.000000,1.295556,0
1784304690.702682,FIXED400,TRACKING,400,25.308457,26.479424,0.707049,-0.010442,5.095399,2.000000,0.000000,5.000000,1.296508,0
1784304690.752680,FIXED400,TRACKING,400,25.504676,40.396978,0.707026,-0.009881,5.099194,2.000000,0.000000,5.000000,1.296811,0
1784304690.802655,FIXED400,TRACKING,400,25.210045,26.286839,0.709792,-0.007994,5.108309,2.000000,0.000000,5.000000,1.294771,0
1784304690.852707,FIXED400,TRACKING,400,24.672633,39.763150,0.711682,-0.006909,5.113813,2.000000,0.000000,5.000000,1.293354,0
1784304690.902670,FIXED400,TRACKING,400,24.454525,25.565896,0.715911,-0.006275,5.123520,2.000000,0.000000,5.000000,1.290032,0
1784304690.952656,FIXED400,TRACKING,400,23.488168,38.488304,0.719098,-0.007188,5.126385,2.000000,0.000000,5.000000,1.287142,0
1784304691.002644,FIXED400,TRACKING,400,23.210274,24.233105,0.724767,-0.008596,5.125275,2.000000,0.000000,5.000000,1.281400,0
1784304691.052654,FIXED400,TRACKING,400,24.438208,39.453289,0.727739,-0.009986,5.125495,2.000000,0.000000,5.000000,1.278474,0
1784304691.102635,FIXED400,TRACKING,400,23.670558,24.748174,0.734113,-0.012367,5.123694,2.000000,0.000000,5.000000,1.271976,0
1784304691.152652,FIXED400,TRACKING,400,25.158073,40.180215,0.738552,-0.014178,5.123147,2.000000,0.000000,5.000000,1.267524,0
1784304691.202640,FIXED400,TRACKING,400,23.860806,24.922749,0.746269,-0.019515,5.124696,2.000000,0.000000,5.000000,1.260068,0
1784304691.252700,FIXED400,TRACKING,400,27.309285,42.434281,0.749781,-0.021795,5.124080,2.000000,0.000000,5.000000,1.256550,0
1784304691.302671,FIXED400,TRACKING,400,24.839625,25.971032,0.754822,-0.023183,5.122659,2.000000,0.000000,5.000000,1.251420,0
1784304691.352712,FIXED400,TRACKING,400,24.602358,39.700259,0.757611,-0.023288,5.121528,2.000000,0.000000,5.000000,1.248536,0
1784304691.402674,FIXED400,TRACKING,400,24.169573,25.260990,0.760902,-0.023151,5.121689,2.000000,0.000000,5.000000,1.245274,0
1784304691.452692,FIXED400,TRACKING,400,25.594618,40.639316,0.761543,-0.023033,5.122376,2.000000,0.000000,5.000000,1.244702,0
1784304691.502643,FIXED400,TRACKING,400,30.794844,31.796649,0.761659,-0.022971,5.119166,2.000000,0.000000,5.000000,1.244273,0
1784304691.552694,FIXED400,TRACKING,400,24.573533,39.679437,0.760225,-0.023295,5.121610,2.000000,0.000000,5.000000,1.245943,0
1784304691.602636,FIXED400,TRACKING,400,26.258879,27.171006,0.757049,-0.023798,5.120723,2.000000,0.000000,5.000000,1.249027,0
1784304691.652696,FIXED400,TRACKING,400,24.480325,39.508499,0.755075,-0.023943,5.119118,2.000000,0.000000,5.000000,1.250840,0
1784304691.702674,FIXED400,TRACKING,400,24.207540,25.271719,0.750599,-0.023845,5.119118,2.000000,0.000000,5.000000,1.255293,0
1784304691.752658,FIXED400,TRACKING,400,23.293214,38.247054,0.747256,-0.023793,5.116921,2.000000,0.000000,5.000000,1.258414,0
1784304691.802637,FIXED400,TRACKING,400,26.471666,27.528680,0.740048,-0.023696,5.121665,2.000000,0.000000,5.000000,1.266035,0
1784304691.852660,FIXED400,TRACKING,400,24.221542,39.380758,0.735884,-0.023619,5.122964,2.000000,0.000000,5.000000,1.270302,0
1784304691.902635,FIXED400,TRACKING,400,25.414077,26.452350,0.723886,-0.022688,5.127046,2.000000,0.000000,5.000000,1.282623,0
1784304691.952695,FIXED400,TRACKING,400,23.698196,38.756963,0.713659,-0.021345,5.131522,2.000000,0.000000,5.000000,1.293224,0
1784304692.002647,FIXED400,TRACKING,400,27.562166,28.464752,0.699362,-0.019626,5.135314,2.000000,0.000000,5.000000,1.307805,0
1784304692.052685,FIXED400,TRACKING,400,25.367728,40.355017,0.692018,-0.017507,5.137672,2.000000,0.000000,5.000000,1.315324,0
1784304692.102635,FIXED400,TRACKING,400,25.349145,26.234393,0.678877,-0.013322,5.132500,2.000000,0.000000,5.000000,1.327818,0
1784304692.152661,FIXED400,TRACKING,400,24.033673,38.982144,0.671375,-0.010890,5.126594,2.000000,0.000000,5.000000,1.334687,0
1784304692.202674,FIXED400,TRACKING,400,24.526146,25.593232,0.659924,-0.008392,5.119878,2.000000,0.000000,5.000000,1.345453,0
1784304692.252658,FIXED400,TRACKING,400,24.460275,39.489243,0.654628,-0.007122,5.115254,2.000000,0.000000,5.000000,1.350319,0
1784304692.302636,FIXED400,TRACKING,400,25.471288,26.533657,0.642553,-0.007260,5.109889,2.000000,0.000000,5.000000,1.361907,0
1784304692.352654,FIXED400,TRACKING,400,23.738449,38.733838,0.635799,-0.007417,5.107643,2.000000,0.000000,5.000000,1.368461,0
1784304692.402644,FIXED400,TRACKING,400,31.749568,32.665923,0.627758,-0.007039,5.104541,2.000000,0.000000,5.000000,1.376236,0
1784304692.452693,FIXED400,TRACKING,400,26.435164,41.605199,0.625120,-0.006710,5.104410,2.000000,0.000000,5.000000,1.378855,0
1784304692.502695,FIXED400,TRACKING,400,23.238266,24.241555,0.620778,-0.005550,5.103252,2.000000,0.000000,5.000000,1.383092,0
1784304692.552657,FIXED400,TRACKING,400,23.207283,38.156740,0.617839,-0.006150,5.102849,2.000000,0.000000,5.000000,1.385996,0
1784304692.602634,FIXED400,TRACKING,400,25.278234,26.262652,0.613862,-0.006546,5.098193,2.000000,0.000000,5.000000,1.389627,0
1784304692.652694,FIXED400,TRACKING,400,23.512311,38.638216,0.611972,-0.006626,5.095235,2.000000,0.000000,5.000000,1.391307,0
1784304692.702634,FIXED400,TRACKING,400,23.911885,24.928214,0.608229,-0.006620,5.090765,2.000000,0.000000,5.000000,1.394744,0
1784304692.752660,FIXED400,TRACKING,400,27.031874,42.118870,0.606335,-0.006126,5.085079,2.000000,0.000000,5.000000,1.396273,0
1784304692.802673,FIXED400,TRACKING,400,25.070433,26.076001,0.603821,-0.000953,5.072939,2.000000,0.000000,5.000000,1.398084,0
1784304692.852679,FIXED400,TRACKING,400,24.906638,39.956237,0.603608,0.002032,5.067154,2.000000,0.000000,5.000000,1.398007,0
1784304692.902642,FIXED400,TRACKING,400,24.971185,25.929374,0.604879,0.006885,5.059776,2.000000,0.000000,5.000000,1.396418,0
1784304692.952689,FIXED400,TRACKING,400,24.363006,39.363084,0.606354,0.009155,5.056390,2.000000,0.000000,5.000000,1.394817,0
1784304693.002677,FIXED400,TRACKING,400,27.773444,28.893045,0.610266,0.012579,5.045905,2.000000,0.000000,5.000000,1.390549,0
1784304693.052657,FIXED400,TRACKING,400,23.035386,38.098569,0.613912,0.013713,5.039513,2.000000,0.000000,5.000000,1.386719,0
1784304693.102678,FIXED400,TRACKING,400,30.678570,31.716213,0.621362,0.015812,5.026602,2.000000,0.000000,5.000000,1.378985,0
1784304693.152712,FIXED400,TRACKING,400,26.766600,41.845442,0.626058,0.017263,5.020930,2.000000,0.000000,5.000000,1.374210,0
1784304693.202678,FIXED400,TRACKING,400,23.755585,24.884186,0.634726,0.021371,5.019232,2.000000,0.000000,5.000000,1.365577,0
1784304693.252698,FIXED400,TRACKING,400,26.390143,41.475340,0.638797,0.023082,5.017010,2.000000,0.000000,5.000000,1.361504,0
1784304693.302678,FIXED400,TRACKING,400,24.754962,25.820260,0.647035,0.027588,5.019742,2.000000,0.000000,5.000000,1.353390,0
1784304693.352689,FIXED400,TRACKING,400,24.901149,39.942589,0.652158,0.030255,5.021731,2.000000,0.000000,5.000000,1.348357,0
1784304693.402685,FIXED400,TRACKING,400,23.492188,24.572138,0.658208,0.032980,5.027116,2.000000,0.000000,5.000000,1.342471,0
1784304693.452692,FIXED400,TRACKING,400,29.013705,44.091212,0.659564,0.033411,5.031793,2.000000,0.000000,5.000000,1.341229,0
1784304693.502636,FIXED400,TRACKING,400,26.139316,27.194654,0.661999,0.033622,5.039158,2.000000,0.000000,5.000000,1.338996,0
1784304693.552781,FIXED400,TRACKING,400,26.258948,41.375450,0.658753,0.032604,5.047802,2.000000,0.000000,5.000000,1.342494,0
1784304693.602676,FIXED400,TRACKING,400,29.980157,31.050151,0.654819,0.030928,5.060403,2.000000,0.000000,5.000000,1.346891,0
1784304693.652712,FIXED400,TRACKING,400,35.139947,50.266219,0.652583,0.029562,5.066978,2.000000,0.000000,5.000000,1.349405,0
1784304693.702686,FIXED400,TRACKING,400,25.071707,26.048134,0.645061,0.024250,5.081182,2.000000,0.000000,5.000000,1.357586,0
1784304693.752701,FIXED400,TRACKING,400,25.097324,40.022463,0.641738,0.020890,5.087680,2.000000,0.000000,5.000000,1.361249,0
1784304693.802700,FIXED400,TRACKING,400,36.746060,37.814148,0.638506,0.017002,5.101994,2.000000,0.000000,5.000000,1.365415,0
1784304693.852716,FIXED400,TRACKING,400,27.170488,40.283376,0.637214,0.015169,5.109046,2.000000,0.000000,5.000000,1.367226,0
1784304693.902686,FIXED400,TRACKING,400,24.139970,25.131461,0.633580,0.012018,5.119958,2.000000,0.000000,5.000000,1.371728,0
1784304693.952694,FIXED400,TRACKING,400,27.167434,42.287766,0.630418,0.010607,5.124916,2.000000,0.000000,5.000000,1.375308,0
1784304694.002680,FIXED400,TRACKING,400,25.745982,26.821377,0.626546,0.008613,5.125071,2.000000,0.000000,5.000000,1.379163,0
1784304694.052665,FIXED400,TRACKING,400,23.853863,38.847913,0.623780,0.009448,5.126152,2.000000,0.000000,5.000000,1.382022,0
1784304694.102686,FIXED400,TRACKING,400,27.250210,28.099813,0.619778,0.010712,5.125642,2.000000,0.000000,5.000000,1.385971,0
1784304694.152703,FIXED400,TRACKING,400,28.829561,43.952558,0.618272,0.011250,5.124481,2.000000,0.000000,5.000000,1.387369,0
1784304694.202655,FIXED400,TRACKING,400,35.476089,36.446020,0.616998,0.011526,5.121017,2.000000,0.000000,5.000000,1.388334,0
1784304694.252716,FIXED400,TRACKING,400,24.008453,38.463966,0.617383,0.011705,5.116460,2.000000,0.000000,5.000000,1.387563,0
1784304694.302660,FIXED400,TRACKING,400,22.997123,24.085509,0.619381,0.013112,5.108289,2.000000,0.000000,5.000000,1.384921,0
1784304694.352775,FIXED400,TRACKING,400,25.427063,40.573250,0.621073,0.014128,5.102739,2.000000,0.000000,5.000000,1.382821,0
1784304694.402670,FIXED400,TRACKING,400,23.191634,24.212861,0.622092,0.016151,5.097178,2.000000,0.000000,5.000000,1.381425,0
1784304694.452680,FIXED400,TRACKING,400,24.325493,39.245713,0.621281,0.017747,5.095409,2.000000,0.000000,5.000000,1.382130,0
1784304694.502701,FIXED400,TRACKING,400,28.567039,29.699820,0.620863,0.020893,5.093135,2.000000,0.000000,5.000000,1.382436,0
1784304694.552721,FIXED400,TRACKING,400,25.068371,40.075362,0.620902,0.025655,5.098297,2.000000,0.000000,5.000000,1.382835,0
1784304694.602672,FIXED400,TRACKING,400,26.192318,27.314499,0.623378,0.032430,5.104602,2.000000,0.000000,5.000000,1.380971,0
1784304694.652736,FIXED400,TRACKING,400,25.965229,41.080847,0.625808,0.035100,5.106738,2.000000,0.000000,5.000000,1.378778,0
1784304694.702713,FIXED400,TRACKING,400,36.214362,37.414315,0.633166,0.037870,5.112664,2.000000,0.000000,5.000000,1.371992,0
1784304694.752738,FIXED400,TRACKING,400,23.361299,37.057337,0.638581,0.039359,5.113657,2.000000,0.000000,5.000000,1.366722,0
1784304694.802683,FIXED400,TRACKING,400,26.528025,27.615326,0.652105,0.038368,5.117859,2.000000,0.000000,5.000000,1.353582,0
1784304694.852816,FIXED400,TRACKING,400,28.337232,43.585936,0.659410,0.037440,5.118799,2.000000,0.000000,5.000000,1.346364,0
1784304694.902699,FIXED400,TRACKING,400,33.291664,34.447017,0.675040,0.034931,5.120355,2.000000,0.000000,5.000000,1.330873,0
1784304694.952737,FIXED400,TRACKING,400,24.866919,39.961414,0.685775,0.032586,5.120665,2.000000,0.000000,5.000000,1.320155,0
1784304695.002695,FIXED400,TRACKING,400,25.881674,26.856835,0.701484,0.029168,5.115709,2.000000,0.000000,5.000000,1.303987,0
1784304695.052828,FIXED400,TRACKING,400,23.129232,38.384117,0.707679,0.026471,5.113325,2.000000,0.000000,5.000000,1.297550,0
1784304695.102707,FIXED400,TRACKING,400,26.508505,27.615961,0.718392,0.021168,5.105757,2.000000,0.000000,5.000000,1.286138,0
1784304695.152778,FIXED400,TRACKING,400,38.966821,54.133714,0.724133,0.017515,5.102040,2.000000,0.000000,5.000000,1.280061,0
1784304695.202709,FIXED400,TRACKING,400,23.639540,24.732820,0.732446,0.010300,5.101175,2.000000,0.000000,5.000000,1.271627,0
1784304695.252761,FIXED400,TRACKING,400,25.302293,40.524229,0.736569,0.006865,5.099484,2.000000,0.000000,5.000000,1.267360,0
1784304695.302719,FIXED400,TRACKING,400,25.858027,26.938217,0.742303,0.003599,5.093904,2.000000,0.000000,5.000000,1.261203,0
1784304695.352760,FIXED400,TRACKING,400,26.501503,41.730181,0.745045,0.001969,5.088195,2.000000,0.000000,5.000000,1.258052,0
1784304695.402760,FIXED400,TRACKING,400,23.879347,25.123610,0.746723,-0.002391,5.077520,2.000000,0.000000,5.000000,1.255675,0
1784304695.452764,FIXED400,TRACKING,400,25.515082,40.728348,0.745810,-0.005746,5.073175,2.000000,0.000000,5.000000,1.256336,0
1784304695.502762,FIXED400,TRACKING,400,30.872478,32.082927,0.744194,-0.012218,5.064603,2.000000,0.000000,5.000000,1.257526,0
1784304695.552781,FIXED400,TRACKING,400,30.124879,45.366792,0.740224,-0.019549,5.062987,2.000000,0.000000,5.000000,1.261501,0
1784304695.602772,FIXED400,TRACKING,400,27.858573,29.031378,0.734869,-0.030193,5.056552,2.000000,0.000000,5.000000,1.266754,0
1784304695.652750,FIXED400,TRACKING,400,29.437339,44.548430,0.732325,-0.035661,5.053889,2.000000,0.000000,5.000000,1.269320,0
1784304695.702734,FIXED400,TRACKING,400,29.355625,30.466744,0.726754,-0.048445,5.054312,2.000000,0.000000,5.000000,1.275325,0
1784304695.752779,FIXED400,TRACKING,400,25.032967,40.099085,0.722178,-0.055665,5.053526,2.000000,0.000000,5.000000,1.280153,0
1784304695.802784,FIXED400,TRACKING,400,24.047870,25.215814,0.711497,-0.067557,5.053799,2.000000,0.000000,5.000000,1.291394,0
1784304695.852782,FIXED400,TRACKING,400,24.709987,39.900111,0.705186,-0.073029,5.053771,2.000000,0.000000,5.000000,1.297987,0
1784304695.902762,FIXED400,TRACKING,400,24.650394,25.842390,0.689187,-0.080976,5.054016,2.000000,0.000000,5.000000,1.314422,0
1784304695.952785,FIXED400,TRACKING,400,37.451613,52.566689,0.676964,-0.083517,5.054227,2.000000,0.000000,5.000000,1.326778,0
1784304696.002787,FIXED400,TRACKING,400,23.706522,24.741899,0.659966,-0.086429,5.053826,2.000000,0.000000,5.000000,1.343897,0
1784304696.052803,FIXED400,TRACKING,400,26.308958,41.464514,0.652608,-0.084689,5.056932,2.000000,0.000000,5.000000,1.351251,0
1784304696.102759,FIXED400,TRACKING,400,23.099790,24.176536,0.638815,-0.081148,5.060427,2.000000,0.000000,5.000000,1.364940,0
1784304696.152801,FIXED400,TRACKING,400,24.142642,39.198927,0.630856,-0.078494,5.062759,2.000000,0.000000,5.000000,1.372828,0
1784304696.202759,FIXED400,TRACKING,400,23.578853,24.721357,0.620292,-0.072719,5.069393,2.000000,0.000000,5.000000,1.383364,0
1784304696.252777,FIXED400,TRACKING,400,23.980195,39.097175,0.614920,-0.069703,5.070737,2.000000,0.000000,5.000000,1.388636,0
1784304696.302776,FIXED400,TRACKING,400,27.044802,28.194729,0.601477,-0.061770,5.073074,2.000000,0.000000,5.000000,1.401793,0
1784304696.352800,FIXED400,TRACKING,400,25.356438,40.498752,0.593549,-0.056515,5.073958,2.000000,0.000000,5.000000,1.409528,0
1784304696.402776,FIXED400,TRACKING,400,23.938479,25.000488,0.579618,-0.046041,5.073349,2.000000,0.000000,5.000000,1.423019,0
1784304696.452814,FIXED400,TRACKING,400,24.504813,39.679422,0.571137,-0.039181,5.072861,2.000000,0.000000,5.000000,1.431256,0
1784304696.502789,FIXED400,TRACKING,400,23.199043,24.279526,0.557825,-0.026183,5.071524,2.000000,0.000000,5.000000,1.444185,0
1784304696.552802,FIXED400,TRACKING,400,23.183307,38.312321,0.554776,-0.019755,5.072565,2.000000,0.000000,5.000000,1.447180,0
1784304696.602793,FIXED400,TRACKING,400,23.251946,24.430809,0.552244,-0.009819,5.069389,2.000000,0.000000,5.000000,1.449451,0
1784304696.652802,FIXED400,TRACKING,400,27.172315,42.291701,0.551966,-0.005065,5.066669,2.000000,0.000000,5.000000,1.449577,0
1784304696.702792,FIXED400,TRACKING,400,23.831046,24.927068,0.553322,0.003656,5.060080,2.000000,0.000000,5.000000,1.447930,0
1784304696.752812,FIXED400,TRACKING,400,24.078110,39.284366,0.554648,0.008956,5.054123,2.000000,0.000000,5.000000,1.446393,0
1784304696.802812,FIXED400,TRACKING,400,23.622335,24.939234,0.558852,0.019350,5.043810,2.000000,0.000000,5.000000,1.441943,0
1784304696.852848,FIXED400,TRACKING,400,24.896906,40.195181,0.561167,0.024635,5.038206,2.000000,0.000000,5.000000,1.439551,0
1784304696.902813,FIXED400,TRACKING,400,25.305965,26.538375,0.565652,0.033629,5.031720,2.000000,0.000000,5.000000,1.435092,0
1784304696.952826,FIXED400,TRACKING,400,24.565034,39.845604,0.568627,0.037934,5.030699,2.000000,0.000000,5.000000,1.432205,0
1784304697.002817,FIXED400,TRACKING,400,23.335147,24.501728,0.574099,0.044138,5.025565,2.000000,0.000000,5.000000,1.426813,0
1784304697.052853,FIXED400,TRACKING,400,24.855283,40.012888,0.577225,0.046146,5.025759,2.000000,0.000000,5.000000,1.423757,0
1784304697.102826,FIXED400,TRACKING,400,24.102640,25.293314,0.584847,0.049741,5.026260,2.000000,0.000000,5.000000,1.416271,0
1784304697.152828,FIXED400,TRACKING,400,27.897773,43.104974,0.590231,0.051328,5.027931,2.000000,0.000000,5.000000,1.410979,0
1784304697.202812,FIXED400,TRACKING,400,24.389779,25.615000,0.597322,0.051298,5.033024,2.000000,0.000000,5.000000,1.404004,0
1784304697.252839,FIXED400,TRACKING,400,24.069272,39.142326,0.601220,0.051058,5.035102,2.000000,0.000000,5.000000,1.400151,0
1784304697.302827,FIXED400,TRACKING,400,24.242656,25.435135,0.610256,0.048535,5.044816,2.000000,0.000000,5.000000,1.391313,0
1784304697.352846,FIXED400,TRACKING,400,23.022250,38.170961,0.616352,0.046442,5.051401,2.000000,0.000000,5.000000,1.385381,0
1784304697.402831,FIXED400,TRACKING,400,23.056600,24.390697,0.625436,0.042139,5.061097,2.000000,0.000000,5.000000,1.376566,0
1784304697.452844,FIXED400,TRACKING,400,22.974187,38.154480,0.629332,0.039424,5.064673,2.000000,0.000000,5.000000,1.372759,0
1784304697.502847,FIXED400,TRACKING,400,23.037313,24.318261,0.638389,0.034188,5.068650,2.000000,0.000000,5.000000,1.363769,0
1784304697.552995,FIXED400,TRACKING,400,24.191317,39.637241,0.645046,0.029821,5.072506,2.000000,0.000000,5.000000,1.357220,0
1784304697.602847,FIXED400,TRACKING,400,23.422681,24.669338,0.656910,0.023243,5.077260,2.000000,0.000000,5.000000,1.345511,0
1784304697.652840,FIXED400,TRACKING,400,23.473424,38.659030,0.663243,0.020459,5.079632,2.000000,0.000000,5.000000,1.339283,0
1784304697.702840,FIXED400,TRACKING,400,23.382115,24.636792,0.676193,0.016564,5.086044,2.000000,0.000000,5.000000,1.326704,0
1784304697.752851,FIXED400,TRACKING,400,23.467171,38.750121,0.683856,0.014174,5.087804,2.000000,0.000000,5.000000,1.319145,0
1784304697.802848,FIXED400,TRACKING,400,23.422058,24.663206,0.693201,0.012038,5.096007,2.000000,0.000000,5.000000,1.310376,0
1784304697.852862,FIXED400,TRACKING,400,25.201108,40.439946,0.697258,0.011190,5.100635,2.000000,0.000000,5.000000,1.306671,0
1784304697.902856,FIXED400,TRACKING,400,24.964094,26.273591,0.703496,0.009703,5.110602,2.000000,0.000000,5.000000,1.301250,0
1784304697.952871,FIXED400,TRACKING,400,24.356022,39.474411,0.705981,0.008952,5.117000,2.000000,0.000000,5.000000,1.299329,0
1784304698.002869,FIXED400,TRACKING,400,22.975655,24.260437,0.710352,0.007908,5.124069,2.000000,0.000000,5.000000,1.295627,0
1784304698.052889,FIXED400,TRACKING,400,24.098292,39.188131,0.712434,0.006389,5.124246,2.000000,0.000000,5.000000,1.293563,0
1784304698.102875,FIXED400,TRACKING,400,22.865360,24.115340,0.716484,0.003720,5.122668,2.000000,0.000000,5.000000,1.289370,0
1784304698.152942,FIXED400,TRACKING,400,22.776708,38.047058,0.718257,0.002350,5.121297,2.000000,0.000000,5.000000,1.287472,0
1784304698.202930,FIXED400,TRACKING,400,22.878676,24.029943,0.716210,0.001140,5.117082,2.000000,0.000000,5.000000,1.289119,0
1784304698.252947,FIXED400,TRACKING,400,23.966605,39.295614,0.715754,0.000819,5.113014,2.000000,0.000000,5.000000,1.289209,0
1784304698.302922,FIXED400,TRACKING,400,23.230832,24.452659,0.718346,0.001931,5.107087,2.000000,0.000000,5.000000,1.286121,0
1784304698.352940,FIXED400,TRACKING,400,23.675785,38.920704,0.720550,0.002964,5.102402,2.000000,0.000000,5.000000,1.283545,0
1784304698.402936,FIXED400,TRACKING,400,24.255460,25.542277,0.723736,0.005735,5.095044,2.000000,0.000000,5.000000,1.279811,0
1784304698.452933,FIXED400,TRACKING,400,25.994728,41.203995,0.725253,0.007920,5.091941,2.000000,0.000000,5.000000,1.278083,0
1784304698.502928,FIXED400,TRACKING,400,24.016567,25.251893,0.728545,0.011570,5.086036,2.000000,0.000000,5.000000,1.274415,0
1784304698.552948,FIXED400,TRACKING,400,24.651281,39.950399,0.731653,0.011314,5.082421,2.000000,0.000000,5.000000,1.271073,0
1784304698.602932,FIXED400,TRACKING,400,23.722484,24.845274,0.737004,0.010618,5.076528,2.000000,0.000000,5.000000,1.265357,0
1784304698.652949,FIXED400,TRACKING,400,29.594986,44.860239,0.739872,0.010041,5.075254,2.000000,0.000000,5.000000,1.262413,0
1784304698.702908,FIXED400,TRACKING,400,25.992299,27.211964,0.747051,0.008651,5.079346,2.000000,0.000000,5.000000,1.255489,0
1784304698.752960,FIXED400,TRACKING,400,24.909233,40.230251,0.751424,0.007859,5.081104,2.000000,0.000000,5.000000,1.251232,0
1784304698.802940,FIXED400,TRACKING,400,25.521879,26.855993,0.758438,0.006541,5.086768,2.000000,0.000000,5.000000,1.244608,0
1784304698.852956,FIXED400,TRACKING,400,30.189581,45.319895,0.761935,0.005887,5.089320,2.000000,0.000000,5.000000,1.241297,0
1784304698.902957,FIXED400,TRACKING,400,26.899155,28.235219,0.766018,0.004461,5.094654,2.000000,0.000000,5.000000,1.237615,0
1784304698.952986,FIXED400,TRACKING,400,37.422424,52.749135,0.766338,0.003624,5.099355,2.000000,0.000000,5.000000,1.237661,0
1784304699.002954,FIXED400,TRACKING,400,26.194166,27.471661,0.768856,0.002863,5.102666,2.000000,0.000000,5.000000,1.235421,0
1784304699.052959,FIXED400,TRACKING,400,24.841229,40.006093,0.771161,0.001924,5.102973,2.000000,0.000000,5.000000,1.233147,0
1784304699.102959,FIXED400,TRACKING,400,27.145388,28.430234,0.776824,0.000712,5.101215,2.000000,0.000000,5.000000,1.227356,0
1784304699.152978,FIXED400,TRACKING,400,26.001631,41.277259,0.780736,0.000714,5.098449,2.000000,0.000000,5.000000,1.223232,0
1784304699.202934,FIXED400,TRACKING,400,36.363517,37.650664,0.787727,0.003225,5.093169,2.000000,0.000000,5.000000,1.215852,0
1784304699.252953,FIXED400,TRACKING,400,23.638799,37.162581,0.790812,0.004404,5.090529,2.000000,0.000000,5.000000,1.212581,0
1784304699.302926,FIXED400,TRACKING,400,28.986483,30.208781,0.795710,0.007792,5.085144,2.000000,0.000000,5.000000,1.207321,0
1784304699.352985,FIXED400,TRACKING,400,26.609590,41.830859,0.797977,0.009727,5.079414,2.000000,0.000000,5.000000,1.204683,0
1784304699.402970,FIXED400,TRACKING,400,23.976449,25.299850,0.798943,0.012394,5.068141,2.000000,0.000000,5.000000,1.203052,0
1784304699.453015,FIXED400,TRACKING,400,26.184774,41.425988,0.797993,0.013599,5.061627,2.000000,0.000000,5.000000,1.203662,0
1784304699.502949,FIXED400,TRACKING,400,27.855739,29.085240,0.795297,0.015884,5.046382,2.000000,0.000000,5.000000,1.205700,0
1784304699.552956,FIXED400,TRACKING,400,24.826621,40.132322,0.790841,0.018219,5.039890,2.000000,0.000000,5.000000,1.209954,0
1784304699.602989,FIXED400,TRACKING,400,29.442205,30.593116,0.784443,0.021367,5.030426,2.000000,0.000000,5.000000,1.216126,0
1784304699.653012,FIXED400,TRACKING,400,24.166123,39.551568,0.781312,0.023234,5.026648,2.000000,0.000000,5.000000,1.219201,0
1784304699.702947,FIXED400,TRACKING,400,24.160948,25.465813,0.774094,0.029605,5.021101,2.000000,0.000000,5.000000,1.226445,0
1784304699.753016,FIXED400,TRACKING,400,23.629991,38.966988,0.771890,0.033125,5.016591,2.000000,0.000000,5.000000,1.228668,0
1784304699.802996,FIXED400,TRACKING,400,26.504882,27.872666,0.771401,0.035844,5.011281,2.000000,0.000000,5.000000,1.229173,0
1784304699.852971,FIXED400,TRACKING,400,23.649420,38.959823,0.772271,0.036588,5.009357,2.000000,0.000000,5.000000,1.228310,0
1784304699.902956,FIXED400,TRACKING,400,24.414769,25.694602,0.775198,0.036687,5.002979,2.000000,0.000000,5.000000,1.225355,0
1784304699.953030,FIXED400,TRACKING,400,23.335856,38.587078,0.777340,0.035507,4.998770,2.000000,0.000000,5.000000,1.223176,0
1784304700.002998,FIXED400,TRACKING,400,24.244524,25.663791,0.780582,0.033501,4.993179,2.000000,0.000000,5.000000,1.219897,0
1784304700.053024,FIXED400,TRACKING,400,24.380139,39.764190,0.785339,0.032348,4.990763,2.000000,0.000000,5.000000,1.215127,0
1784304700.103008,FIXED400,TRACKING,400,24.069911,25.504062,0.793333,0.030000,4.986577,2.000000,0.000000,5.000000,1.207115,0
1784304700.153007,FIXED400,TRACKING,400,24.755176,40.118726,0.796963,0.028866,4.984824,2.000000,0.000000,5.000000,1.203479,0
1784304700.202976,FIXED400,TRACKING,400,24.655634,26.000464,0.798299,0.029445,4.986550,2.000000,0.000000,5.000000,1.202137,0
1784304700.253030,FIXED400,TRACKING,400,29.842325,45.182157,0.799349,0.029708,4.987571,2.000000,0.000000,5.000000,1.201083,0
1784304700.302990,FIXED400,TRACKING,400,24.624597,26.024322,0.800746,0.030354,4.990443,2.000000,0.000000,5.000000,1.199676,0
1784304700.353002,FIXED400,TRACKING,400,23.632602,38.996906,0.802373,0.030617,4.992165,2.000000,0.000000,5.000000,1.198044,0
1784304700.403025,FIXED400,TRACKING,400,40.392529,41.745292,0.806965,0.030988,4.997845,2.000000,0.000000,5.000000,1.193440,0
1784304700.453055,FIXED400,TRACKING,400,37.416408,46.797753,0.809767,0.031096,5.001745,2.000000,0.000000,5.000000,1.190640,0
1784304700.503027,FIXED400,TRACKING,400,24.856768,26.203538,0.815580,0.030618,5.006480,2.000000,0.000000,5.000000,1.184834,0
1784304700.553060,FIXED400,TRACKING,400,23.493403,38.989341,0.819599,0.029743,5.012634,2.000000,0.000000,5.000000,1.180843,0
1784304700.603031,FIXED400,TRACKING,400,28.695592,30.113719,0.826851,0.027967,5.019607,2.000000,0.000000,5.000000,1.173646,0
1784304700.653059,FIXED400,TRACKING,400,24.660339,40.113980,0.830086,0.026752,5.023185,2.000000,0.000000,5.000000,1.170450,0
1784304700.703113,FIXED400,TRACKING,400,23.595036,25.123611,0.832521,0.023255,5.033200,2.000000,0.000000,5.000000,1.168182,0
1784304700.753073,FIXED400,TRACKING,400,23.196403,38.544728,0.834800,0.020957,5.036021,2.000000,0.000000,5.000000,1.165945,0
1784304700.803048,FIXED400,TRACKING,400,25.418177,26.806535,0.842918,0.017249,5.043082,2.000000,0.000000,5.000000,1.158012,0
1784304700.853069,FIXED400,TRACKING,400,24.115892,39.580112,0.846974,0.015129,5.046327,2.000000,0.000000,5.000000,1.154056,0
1784304700.903130,FIXED400,TRACKING,400,23.283127,24.689479,0.852769,0.009507,5.051208,2.000000,0.000000,5.000000,1.148413,0
1784304700.953065,FIXED400,TRACKING,400,23.332793,38.590608,0.854794,0.005006,5.053297,2.000000,0.000000,5.000000,1.146456,0
1784304701.003051,FIXED400,TRACKING,400,24.537594,25.940266,0.856853,-0.002061,5.052936,2.000000,0.000000,5.000000,1.144374,0
1784304701.053079,FIXED400,TRACKING,400,24.712524,40.068155,0.856494,-0.007365,5.056113,2.000000,0.000000,5.000000,1.144906,0
1784304701.103021,FIXED400,TRACKING,400,25.248292,26.605916,0.855704,-0.017002,5.060943,2.000000,0.000000,5.000000,1.146043,0
1784304701.153078,FIXED400,TRACKING,400,24.069232,39.407317,0.854771,-0.022178,5.063786,2.000000,0.000000,5.000000,1.147219,0
1784304701.203070,FIXED400,TRACKING,400,24.368050,25.883750,0.849216,-0.027983,5.067379,2.000000,0.000000,5.000000,1.153094,0
1784304701.253088,FIXED400,TRACKING,400,31.054825,46.539649,0.846978,-0.030567,5.067896,2.000000,0.000000,5.000000,1.155424,0
1784304701.303042,FIXED400,TRACKING,400,28.066107,29.488815,0.841420,-0.035806,5.068424,2.000000,0.000000,5.000000,1.161151,0
1784304701.353083,FIXED400,TRACKING,400,25.852312,41.389590,0.838288,-0.038670,5.067952,2.000000,0.000000,5.000000,1.164340,0
1784304701.403077,FIXED400,TRACKING,400,24.067722,25.535876,0.833598,-0.044721,5.067632,2.000000,0.000000,5.000000,1.169217,0
1784304701.453061,FIXED400,TRACKING,400,22.739471,38.162602,0.831220,-0.049150,5.067181,2.000000,0.000000,5.000000,1.171741,0
1784304701.503087,FIXED400,TRACKING,400,23.500975,24.947770,0.827434,-0.056737,5.065291,2.000000,0.000000,5.000000,1.175752,0
1784304701.553062,FIXED400,TRACKING,400,22.526369,37.932087,0.826159,-0.059225,5.064832,2.000000,0.000000,5.000000,1.177120,0
1784304701.603081,FIXED400,TRACKING,400,23.422110,24.843828,0.825011,-0.062155,5.060606,2.000000,0.000000,5.000000,1.178192,0
1784304701.653099,FIXED400,TRACKING,400,24.207333,39.644901,0.824984,-0.062860,5.057365,2.000000,0.000000,5.000000,1.178093,0
1784304701.703068,FIXED400,TRACKING,400,26.199134,27.568908,0.827191,-0.061635,5.051519,2.000000,0.000000,5.000000,1.175557,0
1784304701.753119,FIXED400,TRACKING,400,25.189281,40.670300,0.828917,-0.060696,5.047586,2.000000,0.000000,5.000000,1.173620,0
1784304701.803105,FIXED400,TRACKING,400,23.473812,24.979430,0.835040,-0.055687,5.041992,2.000000,0.000000,5.000000,1.167046,0
1784304701.853120,FIXED400,TRACKING,400,24.944658,40.414098,0.837984,-0.052754,5.039394,2.000000,0.000000,5.000000,1.163880,0
1784304701.903075,FIXED400,TRACKING,400,24.420906,25.891777,0.839863,-0.047109,5.031389,2.000000,0.000000,5.000000,1.161517,0
1784304701.953126,FIXED400,TRACKING,400,24.534800,40.007152,0.838404,-0.043692,5.025553,2.000000,0.000000,5.000000,1.162699,0
1784304702.003069,FIXED400,TRACKING,400,23.072233,24.488727,0.837120,-0.038550,5.016910,2.000000,0.000000,5.000000,1.163642,0
1784304702.053137,FIXED400,TRACKING,400,25.785513,41.144374,0.836801,-0.035388,5.012249,2.000000,0.000000,5.000000,1.163802,0
1784304702.103082,FIXED400,TRACKING,400,24.821437,26.241772,0.837616,-0.029809,5.005276,2.000000,0.000000,5.000000,1.162778,0
1784304702.153137,FIXED400,TRACKING,400,23.537824,38.903029,0.838874,-0.026827,5.002530,2.000000,0.000000,5.000000,1.161439,0
1784304702.203121,FIXED400,TRACKING,400,24.225406,25.811921,0.839785,-0.022096,4.999124,2.000000,0.000000,5.000000,1.160426,0
1784304702.253130,FIXED400,TRACKING,400,24.744946,40.179529,0.840458,-0.020044,4.997010,2.000000,0.000000,5.000000,1.159719,0
1784304702.303130,FIXED400,TRACKING,400,24.488318,25.959074,0.843481,-0.020381,4.989036,2.000000,0.000000,5.000000,1.156750,0
1784304702.353158,FIXED400,TRACKING,400,23.589524,39.125502,0.845688,-0.020965,4.983722,2.000000,0.000000,5.000000,1.154618,0
1784304702.403127,FIXED400,TRACKING,400,24.833374,26.420508,0.849903,-0.022806,4.979266,2.000000,0.000000,5.000000,1.150510,0
1784304702.453141,FIXED400,TRACKING,400,29.994005,45.464241,0.852443,-0.024711,4.979893,2.000000,0.000000,5.000000,1.147999,0
1784304702.503132,FIXED400,TRACKING,400,23.864862,25.314769,0.856296,-0.027003,4.981678,2.000000,0.000000,5.000000,1.144169,0
1784304702.553158,FIXED400,TRACKING,400,24.355743,39.961798,0.857114,-0.025544,4.984414,2.000000,0.000000,5.000000,1.143277,0
1784304702.603136,FIXED400,TRACKING,400,28.539942,29.958769,0.857654,-0.023202,4.989479,2.000000,0.000000,5.000000,1.142630,0
1784304702.653128,FIXED400,TRACKING,400,24.082407,39.567396,0.857890,-0.021420,4.992264,2.000000,0.000000,5.000000,1.142337,0
1784304702.703148,FIXED400,TRACKING,400,24.670583,26.233421,0.860095,-0.013796,5.000793,2.000000,0.000000,5.000000,1.139989,0
1784304702.753165,FIXED400,TRACKING,400,24.762359,40.103229,0.861264,-0.009469,5.006447,2.000000,0.000000,5.000000,1.138793,0
1784304702.803125,FIXED400,TRACKING,400,23.177606,24.741630,0.862487,-0.004795,5.021101,2.000000,0.000000,5.000000,1.137719,0
1784304702.853167,FIXED400,TRACKING,400,27.222715,42.777016,0.862518,-0.003081,5.029482,2.000000,0.000000,5.000000,1.137868,0
1784304702.903126,FIXED400,TRACKING,400,26.505004,27.886865,0.860765,-0.001364,5.042849,2.000000,0.000000,5.000000,1.140042,0
1784304702.953196,FIXED400,TRACKING,400,29.670817,45.245860,0.858690,-0.001550,5.049130,2.000000,0.000000,5.000000,1.142368,0
1784304703.003157,FIXED400,TRACKING,400,24.501037,26.010087,0.856137,-0.001973,5.058184,2.000000,0.000000,5.000000,1.145343,0
1784304703.053146,FIXED400,TRACKING,400,25.187161,40.717978,0.855001,-0.002077,5.065234,2.000000,0.000000,5.000000,1.146858,0
1784304703.103170,FIXED400,TRACKING,400,24.462392,26.119212,0.852958,-0.001995,5.074696,2.000000,0.000000,5.000000,1.149473,0
1784304703.153179,FIXED400,TRACKING,400,24.262046,39.614033,0.851638,-0.002290,5.077636,2.000000,0.000000,5.000000,1.150986,0
1784304703.203174,FIXED400,TRACKING,400,24.786146,26.403675,0.848880,-0.005120,5.074237,2.000000,0.000000,5.000000,1.153523,0
1784304703.253206,FIXED400,TRACKING,400,28.601823,44.104210,0.847153,-0.006159,5.071718,2.000000,0.000000,5.000000,1.155092,0
1784304703.303269,FIXED400,TRACKING,400,25.182927,26.676123,0.840809,-0.009922,5.068395,2.000000,0.000000,5.000000,1.161249,0
1784304703.353163,FIXED400,TRACKING,400,23.856069,39.417371,0.836729,-0.011936,5.067070,2.000000,0.000000,5.000000,1.165264,0
1784304703.403142,FIXED400,TRACKING,400,23.943036,25.440996,0.829402,-0.014352,5.064542,2.000000,0.000000,5.000000,1.172464,0
1784304703.453207,FIXED400,TRACKING,400,27.226625,42.591465,0.823680,-0.015654,5.060892,2.000000,0.000000,5.000000,1.177999,0
1784304703.503191,FIXED400,TRACKING,400,24.855727,26.466770,0.818049,-0.017405,5.057083,2.000000,0.000000,5.000000,1.183457,0
1784304703.553205,FIXED400,TRACKING,400,24.899859,40.378050,0.817701,-0.019593,5.054364,2.000000,0.000000,5.000000,1.183711,0
1784304703.603167,FIXED400,TRACKING,400,24.319077,25.913814,0.818104,-0.023047,5.049229,2.000000,0.000000,5.000000,1.183145,0
1784304703.653221,FIXED400,TRACKING,400,23.952230,39.572505,0.819725,-0.024734,5.047628,2.000000,0.000000,5.000000,1.181495,0
1784304703.703167,FIXED400,TRACKING,400,24.149239,25.589253,0.829650,-0.027536,5.047563,2.000000,0.000000,5.000000,1.171640,0
1784304703.753223,FIXED400,TRACKING,400,24.434985,39.962254,0.835867,-0.028835,5.047446,2.000000,0.000000,5.000000,1.165457,0
1784304703.803201,FIXED400,TRACKING,400,25.069700,26.678578,0.844538,-0.029742,5.052373,2.000000,0.000000,5.000000,1.157031,0
1784304703.853192,FIXED400,TRACKING,400,25.396589,41.006229,0.848139,-0.030101,5.055261,2.000000,0.000000,5.000000,1.153579,0
1784304703.903204,FIXED400,TRACKING,400,23.832439,25.447899,0.851392,-0.030226,5.062535,2.000000,0.000000,5.000000,1.150707,0
1784304703.953246,FIXED400,TRACKING,400,24.717252,40.377162,0.850350,-0.029705,5.068718,2.000000,0.000000,5.000000,1.152085,0
1784304704.003174,FIXED400,TRACKING,400,24.853257,26.478485,0.848649,-0.028578,5.073390,2.000000,0.000000,5.000000,1.154042,0
1784304704.053236,FIXED400,TRACKING,400,24.961084,40.600925,0.847664,-0.027353,5.076572,2.000000,0.000000,5.000000,1.155202,0
1784304704.103221,FIXED400,TRACKING,400,30.702399,32.387885,0.845731,-0.024789,5.082579,2.000000,0.000000,5.000000,1.157485,0
1784304704.153253,FIXED400,TRACKING,400,25.557437,41.249520,0.844606,-0.023081,5.084358,2.000000,0.000000,5.000000,1.158699,0
1784304704.203231,FIXED400,TRACKING,400,24.938969,26.576435,0.842290,-0.019662,5.082641,2.000000,0.000000,5.000000,1.160822,0
1784304704.253233,FIXED400,TRACKING,400,26.512957,42.098242,0.840540,-0.018100,5.081892,2.000000,0.000000,5.000000,1.162490,0
1784304704.303290,FIXED400,TRACKING,400,23.482634,25.141159,0.837956,-0.018428,5.081982,2.000000,0.000000,5.000000,1.165079,0
1784304704.353242,FIXED400,TRACKING,400,25.558509,41.154127,0.836049,-0.019008,5.079537,2.000000,0.000000,5.000000,1.166821,0
1784304704.403206,FIXED400,TRACKING,400,24.367081,25.880783,0.832154,-0.019838,5.072071,2.000000,0.000000,5.000000,1.170236,0
1784304704.453238,FIXED400,TRACKING,400,26.062764,41.663002,0.829990,-0.020356,5.066184,2.000000,0.000000,5.000000,1.172058,0
1784304704.503247,FIXED400,TRACKING,400,24.586695,26.329705,0.826124,-0.020837,5.055410,2.000000,0.000000,5.000000,1.175367,0
1784304704.553253,FIXED400,TRACKING,400,36.706522,52.372601,0.822435,-0.022514,5.048764,2.000000,0.000000,5.000000,1.178789,0
1784304704.603240,FIXED400,TRACKING,400,24.703167,26.273105,0.817204,-0.024275,5.035615,2.000000,0.000000,5.000000,1.183582,0
1784304704.653275,FIXED400,TRACKING,400,24.527916,40.164466,0.814876,-0.024464,5.028560,2.000000,0.000000,5.000000,1.185721,0
1784304704.703253,FIXED400,TRACKING,400,23.943409,25.518052,0.809106,-0.022957,5.011202,2.000000,0.000000,5.000000,1.191168,0
1784304704.753260,FIXED400,TRACKING,400,25.283992,40.815593,0.805199,-0.021976,5.001262,2.000000,0.000000,5.000000,1.195004,0
1784304704.803217,FIXED400,TRACKING,400,26.625042,28.201743,0.798555,-0.017096,4.985758,2.000000,0.000000,5.000000,1.201651,0
1784304704.853268,FIXED400,TRACKING,400,24.196046,39.818770,0.794816,-0.014235,4.978577,2.000000,0.000000,5.000000,1.205459,0
1784304704.903264,FIXED400,TRACKING,400,26.846524,28.502881,0.785897,-0.009750,4.966603,2.000000,0.000000,5.000000,1.214601,0
1784304704.953277,FIXED400,TRACKING,400,25.748305,41.279031,0.779147,-0.008159,4.961517,2.000000,0.000000,5.000000,1.221487,0
1784304705.003265,FIXED400,TRACKING,400,33.362814,34.983955,0.767725,-0.005696,4.956022,2.000000,0.000000,5.000000,1.233073,0
1784304705.053284,FIXED400,TRACKING,400,25.286324,40.922073,0.760706,-0.004545,4.952269,2.000000,0.000000,5.000000,1.240222,0
1784304705.103278,FIXED400,TRACKING,400,25.176728,26.930250,0.747468,-0.002454,4.947248,2.000000,0.000000,5.000000,1.253645,0
1784304705.153286,FIXED400,TRACKING,400,24.241856,39.896179,0.739792,-0.001751,4.946245,2.000000,0.000000,5.000000,1.261355,0
1784304705.203274,FIXED400,TRACKING,400,27.501011,29.123008,0.728403,-0.003405,4.945496,2.000000,0.000000,5.000000,1.272769,0
1784304705.253259,FIXED400,TRACKING,400,25.129738,40.785734,0.722484,-0.003926,4.945431,2.000000,0.000000,5.000000,1.278687,0
1784304705.303254,FIXED400,TRACKING,400,25.565072,27.069908,0.710738,-0.005032,4.946978,2.000000,0.000000,5.000000,1.290361,0
1784304705.353384,FIXED400,TRACKING,400,23.339938,39.069350,0.703525,-0.005719,4.947721,2.000000,0.000000,5.000000,1.297541,0
1784304705.403409,FIXED400,TRACKING,400,26.135208,27.908149,0.691853,-0.007051,4.946971,2.000000,0.000000,5.000000,1.309240,0
1784304705.453272,FIXED400,TRACKING,400,23.894037,39.416003,0.685930,-0.007853,4.947367,2.000000,0.000000,5.000000,1.315147,0
1784304705.503304,FIXED400,TRACKING,400,25.747363,27.404558,0.674396,-0.009030,4.950957,2.000000,0.000000,5.000000,1.326542,0
1784304705.553309,FIXED400,TRACKING,400,25.441307,41.153360,0.666949,-0.008271,4.954648,2.000000,0.000000,5.000000,1.333848,0
1784304705.603274,FIXED400,TRACKING,400,23.661277,25.326196,0.655175,-0.007343,4.962108,2.000000,0.000000,5.000000,1.345378,0
1784304705.653291,FIXED400,TRACKING,400,26.241442,41.836873,0.649614,-0.006463,4.966941,2.000000,0.000000,5.000000,1.350807,0
1784304705.703310,FIXED400,TRACKING,400,24.926506,26.480560,0.639948,-0.002015,4.977901,2.000000,0.000000,5.000000,1.360233,0
1784304705.753287,FIXED400,TRACKING,400,24.878311,40.552277,0.635396,0.000432,4.985493,2.000000,0.000000,5.000000,1.364682,0
1784304705.803314,FIXED400,TRACKING,400,24.066000,25.608524,0.632492,0.002520,4.999592,2.000000,0.000000,5.000000,1.367511,0
1784304705.853420,FIXED400,TRACKING,400,24.422929,40.167802,0.631959,0.003223,5.007193,2.000000,0.000000,5.000000,1.368064,0
1784304705.903327,FIXED400,TRACKING,400,24.493232,26.255766,0.632272,0.003943,5.022483,2.000000,0.000000,5.000000,1.367918,0
1784304705.953351,FIXED400,TRACKING,400,23.751097,39.212878,0.633575,0.003787,5.030481,2.000000,0.000000,5.000000,1.366770,0
1784304706.003288,FIXED400,TRACKING,400,25.995121,27.700292,0.636051,0.003098,5.041474,2.000000,0.000000,5.000000,1.364583,0
1784304706.053337,FIXED400,TRACKING,400,26.751373,42.446156,0.637731,0.001771,5.048949,2.000000,0.000000,5.000000,1.363150,0
1784304706.104331,FIXED400,TRACKING,400,67.891642,91.986477,0.639518,0.000525,5.056236,2.000000,0.000000,5.000000,1.361644,1
1784304706.175788,FIXED400,TRACKING,400,72.922587,168.470606,0.639518,0.000525,5.056236,2.000000,0.000000,5.000000,1.361644,1
1784304706.248891,FIXED400,TRACKING,400,75.326185,75.361535,0.641354,-0.000544,5.062937,2.000000,0.000000,5.000000,1.360103,1
1784304706.328778,FIXED400,TRACKING,400,72.182277,72.217699,0.644213,-0.002978,5.073022,2.000000,0.000000,5.000000,1.357755,1
1784304706.404463,FIXED400,TRACKING,400,75.772085,75.803335,0.648393,-0.006648,5.081711,2.000000,0.000000,5.000000,1.354091,1
1784304706.482234,FIXED400,TRACKING,400,45.740839,45.774122,0.655399,-0.009734,5.079003,2.000000,0.000000,5.000000,1.346955,0
1784304706.528206,FIXED400,TRACKING,400,43.916515,43.951613,0.659228,-0.011044,5.074040,2.000000,0.000000,5.000000,1.342861,0
1784304706.572288,FIXED400,TRACKING,400,44.837948,44.871387,0.661693,-0.016915,5.058370,2.000000,0.000000,5.000000,1.339686,0
1784304706.618036,FIXED400,TRACKING,400,45.752514,45.803318,0.664679,-0.019766,5.052094,2.000000,0.000000,5.000000,1.336483,0
1784304706.667419,FIXED400,TRACKING,400,74.412106,74.445729,0.668727,-0.022722,5.046497,2.000000,0.000000,5.000000,1.332279,1
1784304706.742469,FIXED400,TRACKING,400,45.251347,45.284924,0.704104,-0.025678,5.022743,2.000000,0.000000,5.000000,1.296350,0
1784304706.787901,FIXED400,TRACKING,400,54.606787,54.637273,0.720749,-0.026949,5.016670,2.000000,0.000000,5.000000,1.279644,1
1784304706.846055,FIXED400,TRACKING,400,94.139299,94.170509,0.749188,-0.029353,5.011363,2.000000,0.000000,5.000000,1.251208,1
1784304706.941864,FIXED400,TRACKING,400,90.042209,90.072258,0.801058,-0.029099,4.995530,2.000000,0.000000,5.000000,1.199303,1
1784304707.038427,FIXED400,TRACKING,400,100.665286,100.697266,0.876048,-0.024437,4.965004,2.000000,0.000000,5.000000,1.124762,1
1784304707.139234,FIXED400,TRACKING,400,104.703596,104.731112,0.966424,-0.017975,4.933193,2.000000,0.000000,5.000000,1.035889,1
1784304707.249109,FIXED400,TRACKING,400,102.626333,102.663957,1.083137,-0.016578,4.914505,2.000000,0.000000,5.000000,0.920989,1
1784304707.354092,FIXED400,TRACKING,400,93.217673,93.249664,1.168232,-0.021242,4.900933,2.000000,0.000000,5.000000,0.837916,1
1784304707.450110,FIXED400,TRACKING,400,70.837091,70.870244,1.229642,-0.031387,4.886725,2.000000,0.000000,5.000000,0.779274,1
1784304707.524468,FIXED400,TRACKING,400,80.767738,80.799142,1.255231,-0.038867,4.881683,2.000000,0.000000,5.000000,0.755109,1
1784304707.611462,FIXED400,TRACKING,400,85.685343,85.717880,1.281284,-0.043147,4.874815,2.000000,0.000000,5.000000,0.730812,1
1784304707.697856,FIXED400,TRACKING,400,69.420886,69.453966,1.297532,-0.042947,4.873584,2.000000,0.000000,5.000000,0.715043,1
1784304707.771355,FIXED400,TRACKING,400,76.341967,76.370374,1.333607,-0.039643,4.874861,2.000000,0.000000,5.000000,0.679199,1
1784304707.849652,FIXED400,TRACKING,400,68.987136,69.021729,1.365665,-0.036115,4.885628,2.000000,0.000000,5.000000,0.645574,1
1784304707.921695,FIXED400,TRACKING,400,75.572280,75.605253,1.399404,-0.033141,4.898737,2.000000,0.000000,5.000000,0.609974,1
1784304707.997872,FIXED400,TRACKING,400,74.716942,74.750210,1.441630,-0.031283,4.908912,2.000000,0.000000,5.000000,0.566615,1
1784304708.074649,FIXED400,TRACKING,400,108.531068,108.559793,1.491257,-0.030262,4.918707,2.000000,0.000000,5.000000,0.516085,1
1784304708.189418,FIXED400,TRACKING,400,101.674877,101.704389,1.554485,-0.026913,4.932783,2.000000,0.000000,5.000000,0.451360,1
1784304708.291310,FIXED400,TRACKING,400,96.227033,96.265894,1.623493,-0.021074,4.957518,2.000000,0.000000,5.000000,0.379482,1
1784304708.391435,FIXED400,TRACKING,400,86.417116,86.451369,1.697215,-0.013007,4.993402,2.000000,0.000000,5.000000,0.303136,1
1784304708.483352,FIXED400,TRACKING,400,103.767473,103.834342,1.754492,-0.013685,5.025983,2.000000,2.000000,5.000000,2.028762,1
1784304708.590430,FIXED400,TRACKING,400,102.987876,103.019396,1.802034,-0.018553,5.071738,2.000000,2.000000,5.000000,2.029505,1
1784304708.693535,FIXED400,TRACKING,400,112.402355,112.433143,1.844749,-0.022004,5.110023,2.000000,2.000000,5.000000,2.030938,1
1784304708.809470,FIXED400,TRACKING,400,105.834517,105.869546,1.894260,-0.021987,5.147579,2.000000,2.000000,5.000000,2.030121,1
1784304708.915519,FIXED400,TRACKING,400,134.861433,134.897949,1.907513,-0.016571,5.168189,2.000000,2.000000,5.000000,2.025686,1
1784304709.050562,FIXED400,TRACKING,400,108.374235,108.413945,1.885511,-0.005799,5.165408,2.000000,2.000000,5.000000,2.015861,1
1784304709.159153,FIXED400,TRACKING,400,114.935010,114.967381,1.847149,0.017306,5.158938,2.000000,2.000000,5.000000,1.994918,1
1784304709.283444,FIXED400,TRACKING,400,107.571349,107.607979,1.762174,0.072175,5.148477,2.000000,2.000000,5.000000,1.948106,1
1784304709.394443,FIXED400,TRACKING,400,113.883677,113.919355,1.684534,0.132323,5.153640,2.000000,2.000000,5.000000,1.900353,1
1784304709.511384,FIXED400,TRACKING,400,104.591226,104.619609,1.562961,0.212598,5.152011,2.000000,2.000000,5.000000,1.846325,1
1784304709.619462,FIXED400,TRACKING,400,77.994824,78.033752,1.443490,0.275556,5.129889,2.000000,2.000000,5.000000,1.816668,1
1784304709.703029,FIXED400,TRACKING,400,132.799923,132.834046,1.360340,0.309129,5.114906,2.000000,2.000000,5.000000,1.811467,1
1784304709.836060,FIXED400,TRACKING,400,99.165193,99.197223,1.159701,0.365154,5.096799,2.000000,2.000000,5.000000,1.840705,1
1784304709.941817,FIXED400,TRACKING,400,122.866111,122.896774,0.949221,0.401473,5.088992,2.000000,2.000000,5.000000,1.915031,1
1784304710.064829,FIXED400,TRACKING,400,126.263330,126.294964,0.778546,0.430440,5.077222,2.000000,2.000000,5.000000,1.990335,1
1784304710.191271,FIXED400,TRACKING,400,137.392360,137.426199,0.569500,0.467987,5.054357,2.000000,2.000000,5.000000,2.096747,1
1784304710.328810,FIXED400,TRACKING,400,110.664986,110.695619,0.384055,0.496004,5.024839,2.000000,2.000000,5.000000,2.207691,1
1784304710.440927,FIXED400,TRACKING,400,80.709734,80.737803,0.198943,0.504845,4.990762,2.000000,2.000000,5.000000,2.340808,1
1784304710.521821,FIXED400,TRACKING,400,106.378150,106.408855,0.114220,0.501103,4.980152,2.000000,2.000000,5.000000,2.408994,1
1784304710.634454,FIXED400,TRACKING,400,66.786274,66.823972,-0.023074,0.490533,4.967566,2.000000,2.000000,5.000000,2.524355,1
1784304710.701452,FIXED400,TRACKING,400,45.771503,45.807093,-0.103960,0.479045,4.958023,2.000000,2.000000,5.000000,2.596480,0
1784304710.747842,FIXED400,TRACKING,400,40.585744,40.615950,-0.182486,0.462372,4.952917,2.000000,2.000000,5.000000,2.670161,0
1784304710.789075,FIXED400,TRACKING,400,50.855989,50.883970,-0.230211,0.450416,4.952310,2.000000,2.000000,5.000000,2.716123,1
1784304710.840045,FIXED400,TRACKING,400,81.085584,81.112610,-0.269342,0.439802,4.953666,2.000000,2.000000,5.000000,2.754320,1
1784304710.921804,FIXED400,TRACKING,400,72.791445,72.819761,-0.380700,0.402254,4.954667,2.000000,2.000000,5.000000,2.867504,1
1784304710.998408,FIXED400,TRACKING,400,78.942216,78.971801,-0.458967,0.364799,4.955902,2.000000,2.000000,5.000000,2.953362,1
1784304711.077840,FIXED400,TRACKING,400,77.681015,77.709492,-0.526311,0.328421,4.981021,2.000000,2.000000,5.000000,3.029321,1
1784304711.159488,FIXED400,TRACKING,400,74.703288,74.760403,-0.551921,0.313482,5.002170,2.000000,2.000000,5.000000,3.058864,1
1784304711.235018,FIXED400,TRACKING,400,88.958066,88.987287,-0.560877,0.310724,5.016656,2.000000,2.000000,5.000000,3.067902,1
1784304711.327372,FIXED400,TRACKING,400,76.194777,76.224711,-0.557988,0.307110,5.030418,2.000000,2.000000,5.000000,3.067589,1
1784304711.403745,FIXED400,TRACKING,400,90.596019,90.625222,-0.535383,0.295908,5.037267,2.000000,2.000000,5.000000,3.055075,1
1784304711.499906,FIXED400,TRACKING,400,94.157539,94.191231,-0.509629,0.280999,5.050354,2.000000,2.000000,5.000000,3.042324,1
1784304711.597501,FIXED400,TRACKING,400,105.654398,105.695406,-0.451588,0.255329,5.072786,2.000000,2.000000,5.000000,3.009894,1
1784304711.703322,FIXED400,TRACKING,400,110.032259,110.062927,-0.364147,0.237139,5.081606,2.000000,2.000000,5.000000,2.950174,1
1784304711.818819,FIXED400,TRACKING,400,80.082083,80.116327,-0.281113,0.234653,5.073061,2.000000,2.000000,5.000000,2.885354,1
1784304711.903354,FIXED400,TRACKING,400,87.579939,87.610416,-0.192982,0.231608,5.071769,2.000000,2.000000,5.000000,2.818072,1
1784304711.994401,FIXED400,TRACKING,400,106.315984,106.347527,-0.122646,0.223110,5.067216,2.000000,2.000000,5.000000,2.769022,1
1784304712.100909,FIXED400,TRACKING,400,85.320429,85.352176,-0.024890,0.204741,5.050792,2.000000,2.000000,5.000000,2.706606,1
1784304712.189462,FIXED400,TRACKING,400,86.308624,86.346497,0.084368,0.185163,5.038909,2.000000,2.000000,5.000000,2.639090,1
1784304712.275984,FIXED400,TRACKING,400,96.467320,96.498529,0.184018,0.169143,5.029456,2.000000,2.000000,5.000000,2.578894,1
1784304712.372593,FIXED400,TRACKING,400,106.960010,106.989423,0.280845,0.143728,5.018157,2.000000,2.000000,5.000000,2.530132,1
1784304712.479662,FIXED400,TRACKING,400,110.502421,110.529708,0.369413,0.122203,5.025272,2.000000,2.000000,5.000000,2.487082,1
1784304712.591897,FIXED400,TRACKING,400,118.539688,118.574534,0.462285,0.102467,5.044460,2.000000,2.000000,5.000000,2.442780,1
1784304712.710593,FIXED400,TRACKING,400,79.691849,79.724066,0.565219,0.091714,5.067746,2.000000,2.000000,5.000000,2.388461,1
1784304712.790461,FIXED400,TRACKING,400,77.723246,77.752608,0.617057,0.091228,5.066082,2.000000,2.000000,5.000000,2.358031,1
1784304712.872435,FIXED400,TRACKING,400,46.632939,46.668243,0.675484,0.094998,5.068353,2.000000,2.000000,5.000000,2.321217,0
1784304712.919217,FIXED400,TRACKING,400,43.207210,43.236014,0.694799,0.099100,5.071116,2.000000,2.000000,5.000000,2.306952,0
1784304712.962527,FIXED400,TRACKING,400,66.752428,66.779793,0.714133,0.103996,5.072986,2.000000,2.000000,5.000000,2.292076,1
1784304713.032361,FIXED400,TRACKING,400,59.696766,59.729758,0.752470,0.116474,5.069620,2.000000,2.000000,5.000000,2.260276,1
1784304713.092805,FIXED400,TRACKING,400,41.295614,41.325626,0.781964,0.130419,5.063553,2.000000,2.000000,5.000000,2.232260,0
1784304713.135003,FIXED400,TRACKING,400,40.845825,40.874402,0.793446,0.137355,5.060552,2.000000,2.000000,5.000000,2.220109,0
1784304713.176027,FIXED400,TRACKING,400,43.097802,43.132555,0.811653,0.150085,5.056171,2.000000,2.000000,5.000000,2.199434,0
1784304713.219320,FIXED400,TRACKING,400,40.294128,40.327829,0.817443,0.155737,5.055546,2.000000,2.000000,5.000000,2.191537,0
1784304713.259752,FIXED400,TRACKING,400,44.011989,44.041774,0.822108,0.162319,5.056046,2.000000,2.000000,5.000000,2.183493,0
1784304713.303908,FIXED400,TRACKING,400,40.139508,40.167441,0.825689,0.178652,5.058539,2.000000,2.000000,5.000000,2.167889,0
1784304713.356315,FIXED400,TRACKING,400,76.018386,88.083201,0.817547,0.237556,5.074147,2.000000,2.000000,5.000000,2.123653,1
1784304713.438421,FIXED400,TRACKING,400,79.049949,173.220119,0.817547,0.237556,5.074147,2.000000,2.000000,5.000000,2.123653,1
1784304713.521457,FIXED400,TRACKING,400,66.229630,66.266386,0.817395,0.252963,5.078691,2.000000,2.000000,5.000000,2.111133,1
1784304713.587845,FIXED400,TRACKING,400,41.607722,41.639565,0.820303,0.300144,5.085088,2.000000,2.000000,5.000000,2.070854,0
1784304713.629656,FIXED400,TRACKING,400,38.626585,38.666468,0.824077,0.323552,5.087491,2.000000,2.000000,5.000000,2.049616,0
1784304713.668901,FIXED400,TRACKING,400,42.899460,42.931000,0.828574,0.347610,5.090001,2.000000,2.000000,5.000000,2.027493,0
1784304713.712262,FIXED400,TRACKING,400,39.040027,39.066989,0.855411,0.410396,5.099355,2.000000,2.000000,5.000000,1.961325,0
1784304713.753689,FIXED400,TRACKING,400,40.252869,40.907823,0.892422,0.555537,5.108661,2.000000,2.000000,5.000000,1.823461,0
1784304713.803703,FIXED400,TRACKING,400,66.856064,67.907334,0.887860,0.602081,5.107027,2.000000,2.000000,5.000000,1.789550,1
1784304713.870695,FIXED400,TRACKING,400,42.161449,110.205842,0.887860,0.602081,5.107027,2.000000,2.000000,5.000000,1.789550,0
1784304713.913110,FIXED400,TRACKING,400,39.402334,39.437432,0.884280,0.631603,5.104620,2.000000,2.000000,5.000000,1.768697,0
1784304713.956301,FIXED400,TRACKING,400,78.000354,81.159388,0.876532,0.712190,5.094640,2.000000,2.000000,5.000000,1.711604,1
1784304714.034932,FIXED400,TRACKING,400,77.106589,158.896578,0.876532,0.712190,5.094640,2.000000,2.000000,5.000000,1.711604,1
1784304714.114447,FIXED400,TRACKING,400,79.114700,79.147238,0.874071,0.740597,5.089822,2.000000,2.000000,5.000000,1.691709,1
1784304714.193815,FIXED400,TRACKING,400,77.942290,77.971907,0.870775,0.810572,5.075007,2.000000,2.000000,5.000000,1.641802,1
1784304714.276297,FIXED400,TRACKING,400,70.650177,70.684919,0.871983,0.905845,5.048221,2.000000,2.000000,5.000000,1.572235,1
1784304714.348382,FIXED400,TRACKING,400,78.768655,78.797037,0.875066,0.962365,5.043974,2.000000,2.000000,5.000000,1.531044,1
1784304714.430407,FIXED400,TRACKING,400,71.805507,71.843489,0.875080,1.018281,5.044155,2.000000,2.000000,5.000000,1.493709,1
1784304714.502477,FIXED400,TRACKING,400,74.826830,74.858698,0.870933,1.082068,5.044319,2.000000,2.000000,5.000000,1.455801,1
1784304714.583626,FIXED400,TRACKING,400,36.672912,36.702625,0.856945,1.115434,5.042006,2.000000,2.000000,5.000000,1.445958,0
1784304714.620474,FIXED400,TRACKING,400,38.404980,38.438188,0.848699,1.127021,5.039927,2.000000,2.000000,5.000000,1.445400,0
1784304714.660351,FIXED400,TRACKING,400,43.950656,43.983001,0.839343,1.136738,5.036659,2.000000,2.000000,5.000000,1.446959,0
1784304714.704454,FIXED400,TRACKING,400,38.232283,38.264023,0.814287,1.152857,5.030952,2.000000,2.000000,5.000000,1.457575,0
1784304714.755317,FIXED400,TRACKING,400,74.748407,87.168097,0.738881,1.154752,5.023756,2.000000,2.000000,5.000000,1.518364,1
1784304714.833404,FIXED400,TRACKING,400,79.541847,170.047445,0.738881,1.154752,5.023756,2.000000,2.000000,5.000000,1.518364,1
1784304714.913112,FIXED400,TRACKING,400,47.405802,47.437651,0.728594,1.154183,5.022859,2.000000,2.000000,5.000000,1.527220,0
1784304714.961279,FIXED400,TRACKING,400,75.429103,75.462011,0.721465,1.154876,5.022167,2.000000,2.000000,5.000000,1.532768,1
1784304715.065372,FIXED400,TRACKING,400,92.616836,92.650553,0.707614,1.158908,5.015906,2.000000,2.000000,5.000000,1.542060,1
1784304715.161431,FIXED400,TRACKING,400,40.180337,40.210596,0.707404,1.162183,5.014298,2.000000,2.000000,5.000000,1.540437,0
1784304715.205433,FIXED400,TRACKING,400,37.270809,37.305180,0.720488,1.162459,5.013215,2.000000,2.000000,5.000000,1.529313,0
1784304715.254316,FIXED400,TRACKING,400,68.767269,78.402284,0.792568,1.193802,4.999097,2.000000,2.000000,5.000000,1.451843,1
1784304715.325575,FIXED400,TRACKING,400,85.142251,166.037133,0.792568,1.193802,4.999097,2.000000,2.000000,5.000000,1.451843,1
1784304715.410902,FIXED400,TRACKING,400,74.513223,74.550392,0.813040,1.205444,4.996181,2.000000,2.000000,5.000000,1.428359,1
1784304715.486989,FIXED400,TRACKING,400,74.103808,74.152238,0.859867,1.234754,4.990090,2.000000,2.000000,5.000000,1.373173,1
1784304715.561469,FIXED400,TRACKING,400,72.122954,72.159549,0.914647,1.268070,4.979128,2.000000,2.000000,5.000000,1.309254,1
1784304715.633761,FIXED400,TRACKING,400,48.083740,48.117794,0.984193,1.307340,4.964961,2.000000,2.000000,5.000000,1.229988,0
1784304715.685848,FIXED400,TRACKING,400,84.074507,84.105375,1.043919,1.337954,4.957378,2.000000,2.000000,5.000000,1.163707,1
1784304715.770190,FIXED400,TRACKING,400,54.433426,54.519943,1.103325,1.366230,4.953605,2.000000,2.000000,5.000000,1.099019,1
1784304715.825277,FIXED400,TRACKING,400,49.060210,49.095010,1.170282,1.397325,4.948650,2.000000,2.000000,5.000000,1.026785,0
1784304715.874507,FIXED400,TRACKING,400,50.946746,50.981967,1.227780,1.422300,4.944011,2.000000,2.000000,5.000000,0.966021,1
1784304715.928935,FIXED400,TRACKING,400,46.354031,46.387830,1.253332,1.430395,4.943446,2.000000,2.000000,5.000000,0.940830,0
1784304715.975470,FIXED400,TRACKING,400,57.849510,57.883140,1.306857,1.443416,4.943606,2.000000,2.000000,5.000000,0.890737,1
1784304716.036040,FIXED400,TRACKING,400,42.719712,42.752450,1.331548,1.450776,4.941993,2.000000,2.000000,5.000000,0.867087,0
1784304716.078966,FIXED400,TRACKING,400,37.660511,37.693271,1.377065,1.462600,4.941069,2.000000,2.000000,5.000000,0.824815,0
1784304716.117274,FIXED400,TRACKING,400,38.049283,38.080177,1.400066,1.469672,4.941273,2.000000,2.000000,5.000000,0.802881,0
1784304716.155558,FIXED400,TRACKING,400,72.353379,72.386791,1.423293,1.477580,4.941941,2.000000,2.000000,5.000000,0.780311,1
1784304716.228142,FIXED400,TRACKING,400,69.671175,69.706106,1.474486,1.498664,4.950034,2.000000,2.000000,5.000000,0.728011,1
1784304716.297960,FIXED400,TRACKING,400,47.657081,47.687057,1.521400,1.520084,4.958266,2.000000,2.000000,5.000000,0.679058,0
1784304716.345776,FIXED400,TRACKING,400,46.064415,46.098057,1.567914,1.544916,4.972758,2.000000,2.000000,5.000000,0.628126,0
1784304716.392034,FIXED400,TRACKING,400,41.450438,41.491729,1.596270,1.559985,4.980803,2.000000,2.000000,5.000000,0.597478,0
1784304716.433645,FIXED400,TRACKING,400,47.698821,47.733308,1.616848,1.571754,4.986763,2.000000,2.000000,5.000000,0.574783,0
1784304716.481539,FIXED400,TRACKING,400,46.703560,46.743923,1.653612,1.594488,4.998728,2.000000,2.000000,5.000000,0.533316,0
1784304716.528441,FIXED400,TRACKING,400,47.743603,47.783187,1.672058,1.606099,5.003910,2.000000,2.000000,5.000000,0.512561,0
1784304716.576371,FIXED400,TRACKING,400,48.516705,48.551922,1.710352,1.630332,5.010171,2.000000,2.000000,5.000000,0.469738,0
1784304716.625204,FIXED400,TRACKING,400,44.371220,44.407997,1.727390,1.641961,5.012662,2.000000,2.000000,5.000000,0.450188,0
1784304716.669742,FIXED400,TRACKING,400,48.377624,48.409320,1.744376,1.654108,5.015689,2.000000,2.000000,5.000000,0.430385,0
1784304716.718257,FIXED400,TRACKING,400,47.300406,47.330489,1.778376,1.677745,5.025842,2.000000,2.000000,5.000000,0.391961,0
1784304716.765709,FIXED400,TRACKING,400,58.586830,58.616531,1.795356,1.689922,5.029740,2.000000,2.000000,5.000000,0.372709,1
1784304716.824451,FIXED400,TRACKING,400,107.356496,107.387664,1.830546,1.718282,5.033086,2.000000,2.000000,5.000000,0.330416,1
1784304716.931978,FIXED400,TRACKING,400,80.261562,83.624812,1.879476,1.760627,5.037071,0.000000,2.000000,5.000000,1.895021,1
1784304717.015727,FIXED400,TRACKING,400,89.441884,89.469068,1.938168,1.807803,5.042278,0.000000,2.000000,5.000000,1.948133,1
1784304717.109369,FIXED400,TRACKING,400,71.735944,71.763246,1.990972,1.846189,5.051596,0.000000,2.000000,5.000000,1.997571,1
1784304717.191901,FIXED400,TRACKING,400,109.715397,109.753261,2.028871,1.874434,5.056046,0.000000,2.000000,5.000000,2.033525,1
1784304717.301739,FIXED400,TRACKING,400,118.710081,118.734344,2.077130,1.911738,5.057422,0.000000,2.000000,5.000000,2.079797,1
1784304717.420518,FIXED400,TRACKING,400,122.740230,122.758354,2.133683,1.947774,5.070894,0.000000,2.000000,5.000000,2.135499,1
1784304717.543396,FIXED400,TRACKING,400,123.763900,123.788736,2.140475,1.948659,5.087801,0.000000,2.000000,5.000000,2.142890,1
1784304717.670416,FIXED400,TRACKING,400,89.279485,89.308883,2.089194,1.918668,5.110589,0.000000,2.000000,5.000000,2.093699,1
1784304717.760364,FIXED400,TRACKING,400,110.275597,110.303204,2.048108,1.897443,5.112694,0.000000,2.000000,5.000000,2.053768,1
1784304717.870788,FIXED400,TRACKING,400,112.596442,112.625885,1.927958,1.835560,5.105712,0.000000,2.000000,5.000000,1.937843,1
1784304717.987705,FIXED400,TRACKING,400,122.736098,122.765423,1.812773,1.769826,5.114460,0.000000,2.000000,5.000000,1.830909,1
1784304718.110609,FIXED400,TRACKING,400,126.290107,126.319822,1.649124,1.674339,5.150332,0.000000,2.000000,5.000000,1.687680,1
1784304718.237051,FIXED400,TRACKING,400,117.075665,117.105053,1.503207,1.600538,5.157201,0.000000,2.000000,5.000000,1.563302,1
1784304718.354241,FIXED400,TRACKING,400,117.019087,117.049093,1.309690,1.533662,5.146249,0.000000,2.000000,5.000000,1.397908,1
1784304718.472091,FIXED400,TRACKING,400,107.805873,107.842808,1.089736,1.474390,5.123059,0.000000,2.000000,5.000000,1.216115,1
1784304718.586391,FIXED400,TRACKING,400,106.834586,106.860603,0.918017,1.428825,5.084251,0.000000,2.000000,5.000000,1.084479,1
1784304718.700403,FIXED400,TRACKING,400,110.928592,110.954688,0.760698,1.381117,5.062051,0.000000,2.000000,5.000000,0.982612,1
1784304718.815363,FIXED400,TRACKING,400,114.566315,114.597649,0.542639,1.305777,5.040393,0.000000,2.000000,5.000000,0.882063,1
1784304718.930127,FIXED400,TRACKING,400,110.335233,110.366978,0.393643,1.247506,5.029624,0.000000,2.000000,5.000000,0.849752,1
1784304719.045703,FIXED400,TRACKING,400,96.318611,96.350160,0.191669,1.153409,5.002621,0.000000,2.000000,5.000000,0.868021,1
1784304719.142177,FIXED400,TRACKING,400,93.016072,93.046034,0.053202,1.077493,4.982595,0.000000,2.000000,5.000000,0.924204,1
1784304719.239460,FIXED400,TRACKING,400,89.856754,89.887069,-0.091689,0.993762,4.974439,0.000000,2.000000,5.000000,1.010730,1
1784304719.329627,FIXED400,TRACKING,400,87.077758,87.106703,-0.175221,0.935413,4.969475,0.000000,2.000000,5.000000,1.079342,1
1784304719.417457,FIXED400,TRACKING,400,74.890787,74.920101,-0.300458,0.834161,4.970703,0.000000,2.000000,5.000000,1.204290,1
1784304719.495322,FIXED400,TRACKING,400,77.370510,77.400713,-0.368914,0.768353,4.973258,0.000000,2.000000,5.000000,1.285989,1
1784304719.576375,FIXED400,TRACKING,400,77.099133,77.135488,-0.469347,0.648216,4.978371,0.000000,2.000000,5.000000,1.431110,1
1784304719.653722,FIXED400,TRACKING,400,83.134180,83.174309,-0.524659,0.577411,4.978887,0.000000,2.000000,5.000000,1.516401,1
1784304719.738876,FIXED400,TRACKING,400,76.859757,76.889251,-0.594411,0.499116,4.977169,0.000000,2.000000,5.000000,1.614465,1
1784304719.815877,FIXED400,TRACKING,400,81.324909,81.355863,-0.635805,0.459162,4.986479,0.000000,2.000000,5.000000,1.666917,1
1784304719.897943,FIXED400,TRACKING,400,90.048442,90.086181,-0.666468,0.434577,4.995507,0.000000,2.000000,5.000000,1.701396,1
1784304719.988145,FIXED400,TRACKING,400,39.753109,39.786407,-0.702938,0.428160,5.019334,0.000000,2.000000,5.000000,1.721969,0
1784304720.028128,FIXED400,TRACKING,400,44.785660,44.820034,-0.710416,0.424743,5.029284,0.000000,2.000000,5.000000,1.728289,0
1784304720.073095,FIXED400,TRACKING,400,78.942887,78.970893,-0.717215,0.416360,5.050364,0.000000,2.000000,5.000000,1.739210,1
1784304720.152724,FIXED400,TRACKING,400,65.874491,65.903943,-0.717184,0.401760,5.063137,0.000000,2.000000,5.000000,1.752914,1
1784304720.219047,FIXED400,TRACKING,400,61.012555,61.043616,-0.703593,0.376347,5.077250,0.000000,2.000000,5.000000,1.771231,1
1784304720.281760,FIXED400,TRACKING,400,80.966604,81.000395,-0.683805,0.352261,5.087830,0.000000,2.000000,5.000000,1.786154,1
1784304720.365617,FIXED400,TRACKING,400,79.355448,79.386054,-0.652527,0.323262,5.102177,0.000000,2.000000,5.000000,1.802133,1
1784304720.447427,FIXED400,TRACKING,400,74.675718,74.708395,-0.592908,0.298934,5.117093,0.000000,2.000000,5.000000,1.805236,1
1784304720.523468,FIXED400,TRACKING,400,79.190385,79.228148,-0.551192,0.297717,5.126008,0.000000,2.000000,5.000000,1.793728,1
1784304720.602829,FIXED400,TRACKING,400,98.940926,98.973855,-0.478197,0.322011,5.126830,0.000000,2.000000,5.000000,1.749401,1
1784304720.708490,FIXED400,TRACKING,400,101.814841,101.849292,-0.406375,0.371936,5.134648,0.000000,2.000000,5.000000,1.683408,1
1784304720.816763,FIXED400,TRACKING,400,111.091435,111.121519,-0.324074,0.438585,5.131407,0.000000,2.000000,5.000000,1.600096,1
1784304720.928017,FIXED400,TRACKING,400,109.778471,109.808405,-0.245437,0.510175,5.123366,0.000000,2.000000,5.000000,1.514938,1
1784304721.037966,FIXED400,TRACKING,400,106.000387,106.035333,-0.154980,0.591302,5.113358,0.000000,2.000000,5.000000,1.421724,1
1784304721.147804,FIXED400,TRACKING,400,106.638680,106.671172,-0.035888,0.673463,5.090281,0.000000,2.000000,5.000000,1.330090,1
1784304721.254667,FIXED400,TRACKING,400,83.884737,83.925221,0.066639,0.718261,5.074966,0.000000,2.000000,5.000000,1.285657,1
1784304721.343840,FIXED400,TRACKING,400,105.971780,106.005331,0.150621,0.769237,5.062950,0.000000,2.000000,5.000000,1.241542,1
1784304721.450001,FIXED400,TRACKING,400,74.813636,74.847512,0.229250,0.827041,5.041670,0.000000,2.000000,5.000000,1.195879,1
1784304721.528916,FIXED400,TRACKING,400,107.396676,107.428764,0.272086,0.857846,5.021678,0.000000,2.000000,5.000000,1.174315,1
1784304721.636489,FIXED400,TRACKING,400,100.348718,100.379987,0.330109,0.874355,4.991817,0.000000,2.000000,5.000000,1.173079,1
1784304721.739472,FIXED400,TRACKING,400,77.036312,77.074141,0.393433,0.875469,4.969372,0.000000,2.000000,5.000000,1.191762,1
1784304721.818941,FIXED400,TRACKING,400,93.623799,93.654566,0.417789,0.871332,4.960968,0.000000,2.000000,5.000000,1.204144,1
1784304721.914124,FIXED400,TRACKING,400,73.938142,73.969503,0.436698,0.855097,4.951170,0.000000,2.000000,5.000000,1.226333,1
1784304721.988228,FIXED400,TRACKING,400,74.537753,74.568117,0.438939,0.832933,4.947528,0.000000,2.000000,5.000000,1.247985,1
1784304722.064269,FIXED400,TRACKING,400,76.807949,76.842698,0.435779,0.815635,4.948484,0.000000,2.000000,5.000000,1.263043,1
1784304722.145871,FIXED400,TRACKING,400,75.039674,79.644912,0.420651,0.793685,4.947450,0.000000,2.000000,5.000000,1.278634,1
1784304722.226462,FIXED400,TRACKING,400,99.952119,99.987679,0.403409,0.784760,4.954289,0.000000,2.000000,5.000000,1.281264,1
1784304722.326574,FIXED400,TRACKING,400,94.129310,94.164231,0.372230,0.769670,4.965988,0.000000,2.000000,5.000000,1.285855,1
1784304722.423146,FIXED400,TRACKING,400,72.094860,72.128165,0.329410,0.753713,4.980100,0.000000,2.000000,5.000000,1.289239,1
1784304722.498436,FIXED400,TRACKING,400,89.813756,89.847283,0.300169,0.745156,4.988716,0.000000,2.000000,5.000000,1.290295,1
1784304722.595424,FIXED400,TRACKING,400,116.208290,116.241126,0.249079,0.755731,5.000005,0.000000,2.000000,5.000000,1.268954,1
1784304722.711800,FIXED400,TRACKING,400,89.502140,89.536295,0.180891,0.814465,5.006765,0.000000,2.000000,5.000000,1.199275,1
1784304722.805594,FIXED400,TRACKING,400,110.573501,110.607399,0.126244,0.900064,5.014271,0.000000,2.000000,5.000000,1.107249,1
1784304722.916310,FIXED400,TRACKING,400,63.593247,63.626313,0.077876,0.989662,5.022781,0.000000,2.000000,5.000000,1.013591,1
1784304722.980106,FIXED400,TRACKING,400,41.197103,41.230574,0.039817,1.045729,5.033046,0.000000,2.000000,5.000000,0.955673,0
1784304723.021846,FIXED400,TRACKING,400,38.268380,38.308097,0.022648,1.067504,5.038047,0.000000,2.000000,5.000000,0.933547,0
1784304723.060282,FIXED400,TRACKING,400,39.603431,39.633895,0.003691,1.088406,5.043994,0.000000,2.000000,5.000000,0.912662,0
1784304723.104175,FIXED400,TRACKING,400,42.558429,44.591045,-0.108819,1.154816,5.081623,0.000000,2.000000,5.000000,0.856061,0
1784304723.154200,FIXED400,TRACKING,400,72.632045,78.713238,-0.124022,1.155674,5.088026,0.000000,2.000000,5.000000,0.857914,1
1784304723.228402,FIXED400,TRACKING,400,70.524162,150.800389,-0.124022,1.155674,5.088026,0.000000,2.000000,5.000000,0.857914,1
1784304723.299118,FIXED400,TRACKING,400,36.361422,36.391240,-0.137505,1.148905,5.094966,0.000000,2.000000,5.000000,0.867346,0
1784304723.335736,FIXED400,TRACKING,400,38.738089,38.775354,-0.150506,1.144019,5.100644,0.000000,2.000000,5.000000,0.874920,0
1784304723.374686,FIXED400,TRACKING,400,38.560527,38.596953,-0.166085,1.141128,5.105444,0.000000,2.000000,5.000000,0.881115,0
1784304723.414737,FIXED400,TRACKING,400,36.229315,36.258292,-0.176983,1.141386,5.109021,0.000000,2.000000,5.000000,0.883417,0
1784304723.459323,FIXED400,TRACKING,400,85.919031,94.100234,-0.219496,1.167802,5.112172,0.000000,2.000000,5.000000,0.867937,1
1784304723.549454,FIXED400,TRACKING,400,71.657926,169.966332,-0.219496,1.167802,5.112172,0.000000,2.000000,5.000000,0.867937,1
1784304723.624497,FIXED400,TRACKING,400,74.283518,74.321666,-0.224701,1.177868,5.110692,0.000000,2.000000,5.000000,0.859444,1
1784304723.700266,FIXED400,TRACKING,400,76.150695,76.181583,-0.231963,1.201963,5.107261,0.000000,2.000000,5.000000,0.837959,1
1784304723.776911,FIXED400,TRACKING,400,74.989769,75.020088,-0.236718,1.250702,5.092428,0.000000,2.000000,5.000000,0.791218,1
1784304723.855418,FIXED400,TRACKING,400,73.847809,73.878779,-0.232070,1.287944,5.082406,0.000000,2.000000,5.000000,0.753439,1
1784304723.932986,FIXED400,TRACKING,400,102.236569,102.270149,-0.226777,1.321592,5.069484,0.000000,2.000000,5.000000,0.718674,1
1784304724.041731,FIXED400,TRACKING,400,96.504416,96.541417,-0.207954,1.381566,5.047637,0.000000,2.000000,5.000000,0.654198,1
1784304724.138423,FIXED400,TRACKING,400,73.792909,73.823621,-0.186172,1.416811,5.038731,0.000000,2.000000,5.000000,0.613408,1
1784304724.213579,FIXED400,TRACKING,400,100.628698,100.667479,-0.169327,1.440640,5.034122,0.000000,2.000000,5.000000,0.585423,1
1784304724.318048,FIXED400,TRACKING,400,78.972104,79.007777,-0.142274,1.467183,5.027455,0.000000,2.000000,5.000000,0.552168,1
1784304724.397160,FIXED400,TRACKING,400,82.421777,82.450823,-0.118013,1.486713,5.019148,0.000000,2.000000,5.000000,0.527027,1
1784304724.479713,FIXED400,TRACKING,400,95.341209,95.370530,-0.081613,1.514339,4.997148,0.000000,2.000000,5.000000,0.492479,1
1784304724.575209,FIXED400,TRACKING,400,96.081586,96.115609,-0.037880,1.555187,4.976809,0.000000,2.000000,5.000000,0.447025,1
1784304724.673447,FIXED400,TRACKING,400,74.831604,74.863146,0.000877,1.587107,4.959280,0.000000,2.000000,5.000000,0.414897,1
1784304724.755489,FIXED400,TRACKING,400,101.158960,101.196504,0.024816,1.602934,4.946629,0.000000,2.000000,5.000000,0.401405,1
1784304724.865464,FIXED400,TRACKING,400,113.431443,113.468737,0.063305,1.630649,4.920797,0.000000,2.000000,5.000000,0.383015,1
1784304724.979055,FIXED400,TRACKING,400,86.909447,86.940628,0.118591,1.669797,4.918129,0.000000,2.000000,5.000000,0.360279,1
1784304725.066190,FIXED400,TRACKING,400,37.175490,37.212640,0.145563,1.675401,4.919295,0.000000,2.000000,5.000000,0.364783,0
1784304725.104277,FIXED400,TRACKING,400,38.122711,38.818972,0.214759,1.615039,4.930552,0.000000,2.000000,5.000000,0.446250,0
1784304725.154306,FIXED400,TRACKING,400,83.559850,95.287760,0.222164,1.599642,4.933597,0.000000,2.000000,5.000000,0.462659,1
1784304725.238039,FIXED400,TRACKING,400,77.123978,172.580550,0.222164,1.599642,4.933597,0.000000,2.000000,5.000000,0.462659,1
1784304725.315399,FIXED400,TRACKING,400,51.458151,51.488781,0.227392,1.582166,4.937097,0.000000,2.000000,5.000000,0.479843,1
1784304725.367066,FIXED400,TRACKING,400,38.395568,38.425091,0.231979,1.564557,4.940874,0.000000,2.000000,5.000000,0.496911,0
1784304725.405591,FIXED400,TRACKING,400,38.733061,38.761951,0.239376,1.523252,4.951850,0.000000,2.000000,5.000000,0.535637,0
1784304725.455222,FIXED400,TRACKING,400,73.526906,84.241628,0.241242,1.425256,4.987930,0.000000,2.000000,5.000000,0.623437,1
1784304725.532149,FIXED400,TRACKING,400,74.196063,161.834133,0.241242,1.425256,4.987930,0.000000,2.000000,5.000000,0.623437,1
1784304725.606909,FIXED400,TRACKING,400,76.319811,76.347435,0.240041,1.409294,4.993690,0.000000,2.000000,5.000000,0.637646,1
1784304725.683431,FIXED400,TRACKING,400,73.166564,73.199458,0.234148,1.383425,5.003808,0.000000,2.000000,5.000000,0.659549,1
1784304725.756758,FIXED400,TRACKING,400,78.171874,78.200524,0.223900,1.363943,5.016257,0.000000,2.000000,5.000000,0.674510,1
1784304725.835055,FIXED400,TRACKING,400,66.270288,66.299522,0.212326,1.349901,5.026813,0.000000,2.000000,5.000000,0.684419,1
1784304725.905351,FIXED400,TRACKING,400,71.581128,71.631484,0.197947,1.339140,5.038238,0.000000,2.000000,5.000000,0.690927,1
1784304725.977067,FIXED400,TRACKING,400,74.704395,74.731655,0.170494,1.321206,5.049441,0.000000,2.000000,5.000000,0.701622,1
1784304726.053910,FIXED400,TRACKING,400,76.204856,76.238157,0.150745,1.314838,5.058901,0.000000,2.000000,5.000000,0.704018,1
1784304726.130343,FIXED400,TRACKING,400,74.114047,74.150137,0.128550,1.316700,5.069824,0.000000,2.000000,5.000000,0.698784,1
1784304726.204583,FIXED400,TRACKING,400,68.483195,68.511562,0.100714,1.332325,5.079156,0.000000,2.000000,5.000000,0.679852,1
1784304726.277497,FIXED400,TRACKING,400,102.347240,102.375297,0.078414,1.352007,5.084171,0.000000,2.000000,5.000000,0.658125,1
1784304726.383856,FIXED400,TRACKING,400,107.613807,107.648539,0.044276,1.386366,5.087987,0.000000,2.000000,5.000000,0.621489,1
1784304726.491637,FIXED400,TRACKING,400,116.982428,117.013187,0.011234,1.425059,5.095459,0.000000,2.000000,5.000000,0.582920,1
1784304726.609097,FIXED400,TRACKING,400,73.942135,73.976209,-0.023594,1.466756,5.113562,0.000000,2.000000,5.000000,0.545713,1
1784304726.683185,FIXED400,TRACKING,400,110.711178,110.742232,-0.041492,1.482882,5.116142,0.000000,2.000000,5.000000,0.531622,1
1784304726.794062,FIXED400,TRACKING,400,65.161522,65.190897,-0.063429,1.491047,5.106321,0.000000,2.000000,5.000000,0.523794,1
1784304726.859430,FIXED400,TRACKING,400,39.271999,39.301758,-0.071496,1.481548,5.103067,0.000000,2.000000,5.000000,0.533410,0
1784304726.906388,FIXED400,TRACKING,400,76.340180,78.999220,-0.088502,1.386535,5.094008,0.000000,2.000000,5.000000,0.626904,1
1784304726.982870,FIXED400,TRACKING,400,91.515573,170.652147,-0.088502,1.386535,5.094008,0.000000,2.000000,5.000000,0.626904,1
1784304727.074515,FIXED400,TRACKING,400,37.366650,37.394970,-0.091082,1.357425,5.090825,0.000000,2.000000,5.000000,0.655322,0
1784304727.112045,FIXED400,TRACKING,400,66.506356,66.532908,-0.092971,1.333656,5.087994,0.000000,2.000000,5.000000,0.678529,1
1784304727.183242,FIXED400,TRACKING,400,41.822237,41.853666,-0.095704,1.281401,5.079866,0.000000,2.000000,5.000000,0.729330,0
1784304727.226997,FIXED400,TRACKING,400,34.917551,34.944833,-0.096722,1.253492,5.074836,0.000000,2.000000,5.000000,0.756459,0
1784304727.262061,FIXED400,TRACKING,400,39.768642,39.794939,-0.097682,1.226439,5.069030,0.000000,2.000000,5.000000,0.782754,0
1784304727.305266,FIXED400,TRACKING,400,79.516165,82.803901,-0.104522,1.075978,5.028205,0.000000,2.000000,5.000000,0.930342,1
1784304727.384930,FIXED400,TRACKING,400,84.986657,167.939243,-0.104522,1.075978,5.028205,0.000000,2.000000,5.000000,0.930342,1
1784304727.470097,FIXED400,TRACKING,400,101.366396,101.395383,-0.105469,1.053744,5.021724,0.000000,2.000000,5.000000,0.952364,1
1784304727.576411,FIXED400,TRACKING,400,75.206343,75.237449,-0.100973,1.001656,5.006925,0.000000,2.000000,5.000000,1.003461,1
1784304727.651780,FIXED400,TRACKING,400,75.207849,75.240129,-0.093937,0.977622,5.002175,0.000000,2.000000,5.000000,1.026687,1
1784304727.728359,FIXED400,TRACKING,400,89.325149,89.353733,-0.083772,0.969901,5.002403,0.000000,2.000000,5.000000,1.033503,1
1784304727.821371,FIXED400,TRACKING,400,86.735702,86.771451,-0.064537,0.985217,5.004564,0.000000,2.000000,5.000000,1.016844,1
1784304727.908230,FIXED400,TRACKING,400,97.821297,97.849983,-0.034548,1.025881,5.005388,0.000000,2.000000,5.000000,0.974746,1
1784304728.013226,FIXED400,TRACKING,400,109.182219,109.213876,-0.004990,1.073595,5.002360,0.000000,2.000000,5.000000,0.926421,1
1784304728.122589,FIXED400,TRACKING,400,102.994017,103.023342,0.027698,1.140280,5.012128,0.000000,2.000000,5.000000,0.860252,1
1784304728.230479,FIXED400,TRACKING,400,94.976904,95.016140,0.050596,1.222350,5.023357,0.000000,2.000000,5.000000,0.779644,1
1784304728.329677,FIXED400,TRACKING,400,73.013041,73.043614,0.069412,1.323596,5.025923,0.000000,2.000000,5.000000,0.680450,1
1784304728.402832,FIXED400,TRACKING,400,75.909357,75.942067,0.083837,1.414239,5.024453,0.000000,2.000000,5.000000,0.592235,1
1784304728.478931,FIXED400,TRACKING,400,77.503935,77.536351,0.093018,1.470964,5.023543,0.000000,2.000000,5.000000,0.537667,1
1784304728.556625,FIXED400,TRACKING,400,72.223287,72.254473,0.101621,1.512867,5.024173,0.000000,2.000000,5.000000,0.498207,1
1784304728.628986,FIXED400,TRACKING,400,69.721598,69.751520,0.111237,1.546652,5.026476,0.000000,2.000000,5.000000,0.467546,1
1784304728.699318,FIXED400,TRACKING,400,50.870636,50.905393,0.123607,1.565888,5.028569,0.000000,2.000000,5.000000,0.452270,1
1784304728.751526,FIXED400,TRACKING,400,36.446667,36.473197,0.135268,1.566143,5.032156,0.000000,2.000000,5.000000,0.455591,0
1784304728.788160,FIXED400,TRACKING,400,50.370941,50.400653,0.140066,1.562807,5.033784,0.000000,2.000000,5.000000,0.460323,1
1784304728.843922,FIXED400,TRACKING,400,76.871172,76.901546,0.148370,1.554715,5.036125,0.000000,2.000000,5.000000,0.470741,1
1784304728.925426,FIXED400,TRACKING,400,70.558308,70.593474,0.154128,1.535199,5.035000,0.000000,2.000000,5.000000,0.490938,1
1784304729.003050,FIXED400,TRACKING,400,38.820547,38.851211,0.155021,1.491437,5.035859,0.000000,2.000000,5.000000,0.532873,0
1784304729.042350,FIXED400,TRACKING,400,36.072523,36.101291,0.154909,1.476206,5.035357,0.000000,2.000000,5.000000,0.547363,0
1784304729.078557,FIXED400,TRACKING,400,58.682222,58.711975,0.154204,1.456772,5.034876,0.000000,2.000000,5.000000,0.565767,1
1784304729.137432,FIXED400,TRACKING,400,70.603997,70.636541,0.152849,1.442678,5.036054,0.000000,2.000000,5.000000,0.579025,1
1784304729.208660,FIXED400,TRACKING,400,69.867696,69.898981,0.150924,1.414870,5.037642,0.000000,2.000000,5.000000,0.605453,1
1784304729.281601,FIXED400,TRACKING,400,72.959511,72.993249,0.147716,1.400444,5.034915,0.000000,2.000000,5.000000,0.618471,1
1784304729.354754,FIXED400,TRACKING,400,72.555700,72.587473,0.142160,1.388303,5.024288,0.000000,2.000000,5.000000,0.628469,1
1784304729.429755,FIXED400,TRACKING,400,75.997596,76.029450,0.134424,1.382861,5.013152,0.000000,2.000000,5.000000,0.631746,1
1784304729.505881,FIXED400,TRACKING,400,72.292832,72.323467,0.116083,1.384112,5.003703,0.000000,2.000000,5.000000,0.626743,1
1784304729.578304,FIXED400,TRACKING,400,73.060344,73.090425,0.105208,1.383695,5.001740,0.000000,2.000000,5.000000,0.625223,1
1784304729.654612,FIXED400,TRACKING,400,72.308053,72.340387,0.093932,1.377817,5.000239,0.000000,2.000000,5.000000,0.629234,1
1784304729.728046,FIXED400,TRACKING,400,78.476959,78.508277,0.082949,1.360239,5.005840,0.000000,2.000000,5.000000,0.645142,1
1784304729.806684,FIXED400,TRACKING,400,76.618953,76.650355,0.066374,1.333105,5.023212,0.000000,2.000000,5.000000,0.670592,1
1784304729.886427,FIXED400,TRACKING,400,37.196974,37.227520,0.051787,1.310998,5.033021,0.000000,2.000000,5.000000,0.691734,0
1784304729.923796,FIXED400,TRACKING,400,35.542313,35.573506,0.046011,1.304850,5.035031,0.000000,2.000000,5.000000,0.697551,0
1784304729.959504,FIXED400,TRACKING,400,40.032286,40.063305,0.041026,1.301476,5.037463,0.000000,2.000000,5.000000,0.700729,0
1784304730.006831,FIXED400,TRACKING,400,67.146434,74.284688,-0.000816,1.294974,5.060970,0.000000,2.000000,5.000000,0.707658,1
1784304730.077448,FIXED400,TRACKING,400,71.771419,71.804739,-0.010422,1.297523,5.063499,0.000000,2.000000,5.000000,0.705418,1
1784304730.153023,FIXED400,TRACKING,400,75.593552,75.624387,-0.019070,1.303885,5.063896,0.000000,2.000000,5.000000,0.699302,1
1784304730.232371,FIXED400,TRACKING,400,77.759353,77.789682,-0.027621,1.311291,5.063010,0.000000,2.000000,5.000000,0.692137,1
1784304730.310281,FIXED400,TRACKING,400,57.163093,57.197306,-0.051444,1.343673,5.056611,0.000000,2.000000,5.000000,0.660770,1
1784304730.367989,FIXED400,TRACKING,400,36.533085,36.563779,-0.057078,1.356506,5.056864,0.000000,2.000000,5.000000,0.648518,0
1784304730.406476,FIXED400,TRACKING,400,37.964447,37.992864,-0.067503,1.383407,5.058611,0.000000,2.000000,5.000000,0.623040,0
1784304730.455318,FIXED400,TRACKING,400,74.727373,85.431966,-0.079610,1.469823,5.067332,0.000000,2.000000,5.000000,0.540332,1
1784304730.537422,FIXED400,TRACKING,400,77.385096,170.193523,-0.079610,1.469823,5.067332,0.000000,2.000000,5.000000,0.540332,1
1784304730.615568,FIXED400,TRACKING,400,69.052008,69.090794,-0.081016,1.482403,5.068279,0.000000,2.000000,5.000000,0.528330,1
1784304730.689521,FIXED400,TRACKING,400,71.477396,71.517852,-0.084264,1.507290,5.069160,0.000000,2.000000,5.000000,0.504625,1
1784304730.761155,FIXED400,TRACKING,400,77.584519,77.614915,-0.087443,1.526988,5.067561,0.000000,2.000000,5.000000,0.485748,1
1784304730.841723,FIXED400,TRACKING,400,62.563297,62.594609,-0.087521,1.556058,5.070958,0.000000,2.000000,5.000000,0.458016,1
1784304730.904932,FIXED400,TRACKING,400,41.746877,41.776201,-0.085788,1.581268,5.077665,0.000000,2.000000,5.000000,0.434428,0
1784304730.956319,FIXED400,TRACKING,400,84.610046,93.422047,-0.075355,1.648310,5.095448,0.000000,2.000000,5.000000,0.372122,1
1784304731.042253,FIXED400,TRACKING,400,56.807502,151.552109,-0.075355,1.648310,5.095448,0.000000,2.000000,5.000000,0.372122,1
1784304731.099270,FIXED400,TRACKING,400,37.457256,37.487188,-0.072520,1.654515,5.100160,0.000000,2.000000,5.000000,0.366948,0
1784304731.136975,FIXED400,TRACKING,400,39.003150,39.036877,-0.069769,1.658855,5.104049,0.000000,2.000000,5.000000,0.363419,0
1784304731.176155,FIXED400,TRACKING,400,36.943687,36.977619,-0.065747,1.662403,5.105850,0.000000,2.000000,5.000000,0.359859,0
1784304731.213289,FIXED400,TRACKING,400,37.808653,37.843950,-0.061463,1.665084,5.105221,0.000000,2.000000,5.000000,0.356396,0
1784304731.255796,FIXED400,TRACKING,400,98.767060,101.222992,-0.037617,1.665066,5.091846,0.000000,2.000000,5.000000,0.349330,1
1784304731.354796,FIXED400,TRACKING,400,91.901633,193.355700,-0.037617,1.665066,5.091846,0.000000,2.000000,5.000000,0.349330,1
1784304731.450780,FIXED400,TRACKING,400,49.846633,49.881388,-0.029881,1.661607,5.082119,0.000000,2.000000,5.000000,0.349495,0
1784304731.500814,FIXED400,TRACKING,400,40.104733,40.134729,-0.025707,1.659882,5.075620,0.000000,2.000000,5.000000,0.349370,0
1784304731.541287,FIXED400,TRACKING,400,50.791507,50.824684,-0.019005,1.660017,5.068484,0.000000,2.000000,5.000000,0.347332,1
1784304731.596384,FIXED400,TRACKING,400,55.519799,55.555564,-0.015631,1.660119,5.067117,0.000000,2.000000,5.000000,0.346797,1
1784304731.652122,FIXED400,TRACKING,400,41.657898,41.691040,-0.009528,1.656827,5.059598,0.000000,2.000000,5.000000,0.348440,0
1784304731.693909,FIXED400,TRACKING,400,40.416992,40.448528,-0.004093,1.655396,5.054414,0.000000,2.000000,5.000000,0.348898,0
1784304731.734544,FIXED400,TRACKING,400,37.552795,37.587430,0.000481,1.652162,5.051050,0.000000,2.000000,5.000000,0.351565,0
1784304731.772269,FIXED400,TRACKING,400,60.764698,60.796829,0.009888,1.640040,5.041973,0.000000,2.000000,5.000000,0.362533,1
1784304731.833918,FIXED400,TRACKING,400,76.685337,76.717713,0.012835,1.621842,5.035047,0.000000,2.000000,5.000000,0.379995,1
1784304731.912848,FIXED400,TRACKING,400,74.021759,74.052535,0.025561,1.566707,5.014205,0.000000,2.000000,5.000000,0.434279,1
1784304731.990057,FIXED400,TRACKING,400,85.604356,85.637627,0.037438,1.529670,5.001115,0.000000,2.000000,5.000000,0.471819,1
1784304732.075830,FIXED400,TRACKING,400,79.947246,79.979621,0.054128,1.488021,4.978683,0.000000,2.000000,5.000000,0.515274,1
1784304732.157108,FIXED400,TRACKING,400,58.371319,58.403255,0.061544,1.465907,4.968376,0.000000,2.000000,5.000000,0.538557,1
1784304732.215672,FIXED400,TRACKING,400,38.685248,38.719108,0.066033,1.446315,4.962493,0.000000,2.000000,5.000000,0.558869,0
1784304732.254591,FIXED400,TRACKING,400,45.539677,45.553991,0.069184,1.423205,4.961121,0.000000,2.000000,5.000000,0.582229,0
1784304732.304640,FIXED400,TRACKING,400,86.021831,87.214466,0.070635,1.362020,4.962192,0.000000,2.000000,5.000000,0.642991,1
1784304732.394006,FIXED400,TRACKING,400,107.917194,198.475371,0.070635,1.362020,4.962192,0.000000,2.000000,5.000000,0.642991,1
1784304732.511436,FIXED400,TRACKING,400,117.823968,117.862710,0.073835,1.345628,4.971469,0.000000,2.000000,5.000000,0.659142,1
1784304732.631770,FIXED400,TRACKING,400,120.590159,120.630456,0.076563,1.325897,4.992257,0.000000,2.000000,5.000000,0.678481,1
1784304732.752527,FIXED400,TRACKING,400,130.736164,130.771594,0.070979,1.302757,5.026670,0.000000,2.000000,5.000000,0.701354,1
1784304732.886435,FIXED400,TRACKING,400,114.087307,114.118532,0.050746,1.260286,5.059963,0.000000,2.000000,5.000000,0.743873,1
1784304733.002440,FIXED400,TRACKING,400,122.177467,122.209411,0.036534,1.208399,5.083694,0.000000,2.000000,5.000000,0.796851,1
1784304733.124794,FIXED400,TRACKING,400,111.128594,111.159997,0.016793,1.097826,5.113402,0.000000,2.000000,5.000000,0.909428,1
1784304733.239360,FIXED400,TRACKING,400,114.132520,114.168417,0.001714,1.010516,5.130074,0.000000,2.000000,5.000000,0.997999,1
1784304733.358942,FIXED400,TRACKING,400,117.976957,118.013606,-0.018584,0.907454,5.141018,0.000000,2.000000,5.000000,1.101766,1
1784304733.477122,FIXED400,TRACKING,400,127.335306,127.371235,-0.042283,0.795646,5.125539,0.000000,2.000000,5.000000,1.211617,1
1784304733.607554,FIXED400,TRACKING,400,77.113568,77.161965,-0.060976,0.704218,5.110378,0.000000,2.000000,5.000000,1.301903,1
1784304733.684822,FIXED400,TRACKING,400,39.143030,39.172509,-0.068983,0.669111,5.102808,0.000000,2.000000,5.000000,1.336635,0
1784304733.724083,FIXED400,TRACKING,400,39.538859,39.563889,-0.072769,0.654533,5.098328,0.000000,2.000000,5.000000,1.351016,0
1784304733.763788,FIXED400,TRACKING,400,64.838698,64.864959,-0.076474,0.640769,5.092899,0.000000,2.000000,5.000000,1.364547,1
1784304733.830276,FIXED400,TRACKING,400,77.782324,77.809872,-0.083477,0.618691,5.085013,0.000000,2.000000,5.000000,1.386438,1
1784304733.908204,FIXED400,TRACKING,400,78.518220,78.549205,-0.090306,0.597071,5.077315,0.000000,2.000000,5.000000,1.407956,1
1784304733.990368,FIXED400,TRACKING,400,48.026499,48.052674,-0.087613,0.587566,5.073134,0.000000,2.000000,5.000000,1.417037,0
1784304734.038554,FIXED400,TRACKING,400,39.253164,39.281944,-0.086359,0.584991,5.072179,0.000000,2.000000,5.000000,1.419478,0
1784304734.077966,FIXED400,TRACKING,400,39.501898,39.528007,-0.084838,0.582709,5.072446,0.000000,2.000000,5.000000,1.421674,0
1784304734.117647,FIXED400,TRACKING,400,39.753986,39.785761,-0.084169,0.583636,5.071960,0.000000,2.000000,5.000000,1.420687,0
1784304734.157547,FIXED400,TRACKING,400,39.253090,39.278465,-0.083437,0.585699,5.072038,0.000000,2.000000,5.000000,1.418590,0
1784304734.209319,FIXED400,TRACKING,400,118.636276,131.004970,-0.083394,0.625940,5.079463,0.000000,2.000000,5.000000,1.378880,1
1784304734.328146,FIXED400,TRACKING,400,117.086395,117.124463,-0.081977,0.631504,5.081711,0.000000,2.000000,5.000000,1.373382,1
1784304734.445410,FIXED400,TRACKING,400,117.701826,117.741004,-0.073397,0.649561,5.092071,0.000000,2.000000,5.000000,1.355563,1
1784304734.563309,FIXED400,TRACKING,400,118.713712,118.757904,-0.061102,0.677800,5.097106,0.000000,2.000000,5.000000,1.327169,1
1784304734.682209,FIXED400,TRACKING,400,119.902192,119.939884,-0.046566,0.746781,5.103013,0.000000,2.000000,5.000000,1.258307,1
1784304734.803944,FIXED400,TRACKING,400,113.886964,113.917364,-0.032406,0.800456,5.105484,0.000000,2.000000,5.000000,1.204609,1
1784304734.924439,FIXED400,TRACKING,400,115.439819,115.475605,-0.007410,0.844677,5.104187,0.000000,2.000000,5.000000,1.160035,1
1784304735.040389,FIXED400,TRACKING,400,129.037298,129.069003,0.015044,0.865042,5.098696,0.000000,2.000000,5.000000,1.139341,1
1784304735.169656,FIXED400,TRACKING,400,149.111751,149.146654,0.036361,0.883650,5.086056,0.000000,2.000000,5.000000,1.120252,1
1784304735.325005,FIXED400,TRACKING,400,122.910921,122.946974,0.067388,0.909907,5.073852,0.000000,2.000000,5.000000,1.094668,1
1784304735.448086,FIXED400,TRACKING,400,88.472283,88.508877,0.091027,0.929370,5.078894,0.000000,2.000000,5.000000,1.077385,1
1784304735.536763,FIXED400,TRACKING,400,83.078722,83.114793,0.101154,0.929404,5.089689,0.000000,2.000000,5.000000,1.079098,1
1784304735.622644,FIXED400,TRACKING,400,109.288567,109.324904,0.111176,0.911473,5.101252,0.000000,2.000000,5.000000,1.098865,1
1784304735.732118,FIXED400,TRACKING,400,120.010231,120.048169,0.112432,0.871170,5.101636,0.000000,2.000000,5.000000,1.138959,1
1784304735.859376,FIXED400,TRACKING,400,75.086039,75.125619,0.112058,0.794886,5.109592,0.000000,2.000000,5.000000,1.215264,1
1784304735.934749,FIXED400,TRACKING,400,41.414618,41.451721,0.111778,0.763199,5.111688,0.000000,2.000000,5.000000,1.246854,0
1784304735.976352,FIXED400,TRACKING,400,42.100272,42.135879,0.115141,0.737524,5.111169,0.000000,2.000000,5.000000,1.272581,0
1784304736.018651,FIXED400,TRACKING,400,75.068358,75.106034,0.115640,0.725361,5.109339,0.000000,2.000000,5.000000,1.284536,1
1784304736.095469,FIXED400,TRACKING,400,52.913100,52.947019,0.111761,0.705321,5.101580,0.000000,2.000000,5.000000,1.303458,1
1784304736.148485,FIXED400,TRACKING,400,23.301931,23.325721,0.105880,0.682206,5.084546,0.000000,2.000000,5.000000,1.324741,0
1784304736.171930,FIXED400,TRACKING,400,23.462313,23.492730,0.102900,0.663953,5.072283,0.000000,2.000000,5.000000,1.341952,0
1784304736.204906,FIXED400,TRACKING,400,23.470618,32.863591,0.091698,0.587377,5.038662,0.000000,2.000000,5.000000,1.416123,0
1784304736.254903,FIXED400,TRACKING,400,23.790998,36.551159,0.081460,0.538307,5.025954,0.000000,2.000000,5.000000,1.464191,0
1784304736.304915,FIXED400,TRACKING,400,22.822708,48.868137,0.076215,0.519115,5.020020,0.000000,2.000000,5.000000,1.482980,0
1784304736.354861,FIXED400,TRACKING,400,23.691652,36.388381,0.062699,0.482951,5.012809,0.000000,2.000000,5.000000,1.518398,0
1784304736.404918,FIXED400,TRACKING,400,25.999775,52.229811,0.055971,0.467723,5.010186,0.000000,2.000000,5.000000,1.533332,0
1784304736.454874,FIXED400,TRACKING,400,25.052323,37.799272,0.043948,0.445435,5.010817,0.000000,2.000000,5.000000,1.555223,0
1784304736.504924,FIXED400,TRACKING,400,24.215438,49.069649,0.039012,0.438257,5.012648,0.000000,2.000000,5.000000,1.562282,0
1784304736.554915,FIXED400,TRACKING,400,24.409355,37.219414,0.029440,0.427716,5.012386,0.000000,2.000000,5.000000,1.572608,0
1784304736.604925,FIXED400,TRACKING,400,25.834895,51.321933,0.025024,0.424888,5.011027,0.000000,2.000000,5.000000,1.575349,0
1784304736.654928,FIXED400,TRACKING,400,24.808793,37.651346,0.014299,0.419796,5.011353,0.000000,2.000000,5.000000,1.580309,0
1784304736.704879,FIXED400,TRACKING,400,24.488191,49.460144,0.009840,0.416181,5.016799,0.000000,2.000000,5.000000,1.583938,0
1784304736.754928,FIXED400,TRACKING,400,24.045022,36.910582,0.000680,0.410987,5.029298,0.000000,2.000000,5.000000,1.589283,0
1784304736.804939,FIXED400,TRACKING,400,22.935247,48.753607,-0.003866,0.409176,5.035222,0.000000,2.000000,5.000000,1.591219,0
1784304736.854943,FIXED400,TRACKING,400,25.091374,37.931223,-0.013335,0.412264,5.054277,0.000000,2.000000,5.000000,1.588720,0
1784304736.904889,FIXED400,TRACKING,400,23.399901,48.083551,-0.017237,0.414343,5.063046,0.000000,2.000000,5.000000,1.587003,0
1784304736.954918,FIXED400,TRACKING,400,28.053549,40.842878,-0.020005,0.420203,5.079468,0.000000,2.000000,5.000000,1.581921,0
1784304737.004927,FIXED400,TRACKING,400,24.225139,46.042443,-0.020839,0.423791,5.085246,0.000000,2.000000,5.000000,1.578650,0
1784304737.054925,FIXED400,TRACKING,400,36.356288,49.122797,-0.023291,0.434153,5.090896,0.000000,2.000000,5.000000,1.568656,0
1784304737.104935,FIXED400,TRACKING,400,23.987057,37.474126,-0.024552,0.440239,5.090196,0.000000,2.000000,5.000000,1.562559,0
1784304737.154872,FIXED400,TRACKING,400,24.236021,36.922674,-0.027461,0.453048,5.089117,0.000000,2.000000,5.000000,1.549760,0
1784304737.204958,FIXED400,TRACKING,400,24.178765,49.891712,-0.026627,0.457962,5.090174,0.000000,2.000000,5.000000,1.544902,0
1784304737.254905,FIXED400,TRACKING,400,23.637215,36.161084,-0.024195,0.469455,5.093974,0.000000,2.000000,5.000000,1.533618,0
1784304737.304950,FIXED400,TRACKING,400,24.164774,50.431503,-0.023520,0.475685,5.096491,0.000000,2.000000,5.000000,1.527547,0
1784304737.354908,FIXED400,TRACKING,400,26.207372,39.017874,-0.022802,0.490673,5.112494,0.000000,2.000000,5.000000,1.513685,0
1784304737.404915,FIXED400,TRACKING,400,30.246408,53.894040,-0.022602,0.499401,5.118641,0.000000,2.000000,5.000000,1.505452,0
1784304737.454914,FIXED400,TRACKING,400,24.786665,37.564819,-0.020194,0.522341,5.135376,0.000000,2.000000,5.000000,1.483985,0
1784304737.504967,FIXED400,TRACKING,400,23.226959,48.379693,-0.018966,0.533456,5.142532,0.000000,2.000000,5.000000,1.473576,0
1784304737.554954,FIXED400,TRACKING,400,23.317958,36.091819,-0.017076,0.558712,5.152464,0.000000,2.000000,5.000000,1.449430,0
1784304737.604974,FIXED400,TRACKING,400,23.184623,49.741829,-0.016373,0.573471,5.154356,0.000000,2.000000,5.000000,1.434949,0
1784304737.654981,FIXED400,TRACKING,400,26.952010,39.853361,-0.014729,0.607031,5.154885,0.000000,2.000000,5.000000,1.401631,0
1784304737.704971,FIXED400,TRACKING,400,24.546177,47.442581,-0.013719,0.621296,5.153058,0.000000,2.000000,5.000000,1.387242,0
1784304737.754971,FIXED400,TRACKING,400,24.123659,36.965243,-0.011598,0.650432,5.147102,0.000000,2.000000,5.000000,1.357611,0
1784304737.804967,FIXED400,TRACKING,400,23.612735,49.346219,-0.010505,0.665243,5.142527,0.000000,2.000000,5.000000,1.342386,0
1784304737.854987,FIXED400,TRACKING,400,24.276779,37.058752,-0.005881,0.703675,5.134540,0.000000,2.000000,5.000000,1.303302,0
1784304737.904946,FIXED400,TRACKING,400,26.309154,51.800576,-0.003998,0.720269,5.131231,0.000000,2.000000,5.000000,1.286448,0
1784304737.954983,FIXED400,TRACKING,400,26.159285,38.992100,0.003342,0.756362,5.122102,0.000000,2.000000,5.000000,1.249622,0
1784304738.004992,FIXED400,TRACKING,400,25.660663,49.340757,0.007188,0.774064,5.116547,0.000000,2.000000,5.000000,1.231484,0
1784304738.054981,FIXED400,TRACKING,400,23.790481,36.604723,0.013433,0.812757,5.105013,0.000000,2.000000,5.000000,1.191954,0
1784304738.104996,FIXED400,TRACKING,400,23.712866,49.804544,0.014783,0.830100,5.101009,0.000000,2.000000,5.000000,1.174346,0
1784304738.154997,FIXED400,TRACKING,400,26.329809,38.986077,0.017248,0.862403,5.090020,0.000000,2.000000,5.000000,1.141283,0
1784304738.204993,FIXED400,TRACKING,400,24.446643,47.979255,0.019031,0.874013,5.085951,0.000000,2.000000,5.000000,1.129423,0
1784304738.255003,FIXED400,TRACKING,400,25.772581,38.619812,0.023300,0.896111,5.077069,0.000000,2.000000,5.000000,1.106822,0
1784304738.304997,FIXED400,TRACKING,400,23.876771,47.978552,0.025687,0.905071,5.074671,0.000000,2.000000,5.000000,1.097773,0
1784304738.355005,FIXED400,TRACKING,400,26.390225,39.304760,0.033343,0.920168,5.072570,0.000000,2.000000,5.000000,1.082782,0
1784304738.405005,FIXED400,TRACKING,400,22.903145,46.382777,0.036773,0.927877,5.071794,0.000000,2.000000,5.000000,1.075153,0
1784304738.455030,FIXED400,TRACKING,400,28.899432,41.848246,0.041376,0.942840,5.075713,0.000000,2.000000,5.000000,1.060675,0
1784304738.505023,FIXED400,TRACKING,400,22.874332,43.853525,0.042518,0.949045,5.077266,0.000000,2.000000,5.000000,1.054649,0
1784304738.554980,FIXED400,TRACKING,400,23.301128,36.148401,0.045178,0.962027,5.081686,0.000000,2.000000,5.000000,1.042162,0
1784304738.604981,FIXED400,TRACKING,400,22.689324,49.238287,0.047062,0.968807,5.084147,0.000000,2.000000,5.000000,1.035690,0
1784304738.655006,FIXED400,TRACKING,400,29.140804,41.888642,0.050014,0.982983,5.085582,0.000000,2.000000,5.000000,1.021836,0
1784304738.705026,FIXED400,TRACKING,400,23.377414,44.154478,0.053797,0.986450,5.086831,0.000000,2.000000,5.000000,1.018684,0
1784304738.755032,FIXED400,TRACKING,400,23.334155,36.247691,0.059849,0.992965,5.089675,0.000000,2.000000,5.000000,1.012790,0
1784304738.805037,FIXED400,TRACKING,400,26.533777,53.100114,0.062192,0.995867,5.091383,0.000000,2.000000,5.000000,1.010199,0
1784304738.855030,FIXED400,TRACKING,400,25.222043,38.084738,0.068813,1.001539,5.097222,0.000000,2.000000,5.000000,1.005541,0
1784304738.905034,FIXED400,TRACKING,400,23.802553,48.438311,0.071097,1.003674,5.098021,0.000000,2.000000,5.000000,1.003658,0
1784304738.955037,FIXED400,TRACKING,400,27.593838,40.548293,0.071486,1.008494,5.101822,0.000000,2.000000,5.000000,0.999280,0
1784304739.004993,FIXED400,TRACKING,400,23.263297,45.507525,0.070684,1.010465,5.104208,0.000000,2.000000,5.000000,0.997515,0
1784304739.055042,FIXED400,TRACKING,400,24.968429,37.897748,0.068659,1.012133,5.107919,0.000000,2.000000,5.000000,0.996113,0
1784304739.105038,FIXED400,TRACKING,400,25.758935,50.643455,0.068030,1.011321,5.107717,0.000000,2.000000,5.000000,0.996853,0
1784304739.155037,FIXED400,TRACKING,400,27.468502,40.383495,0.065812,1.009809,5.106688,0.000000,2.000000,5.000000,0.998094,0
1784304739.205132,FIXED400,TRACKING,400,22.844098,45.356813,0.064187,1.006351,5.107677,0.000000,2.000000,5.000000,1.001526,0
1784304739.255055,FIXED400,TRACKING,400,22.925300,35.850543,0.059257,0.997007,5.105427,0.000000,2.000000,5.000000,1.010258,0
1784304739.305063,FIXED400,TRACKING,400,24.304369,51.284345,0.056496,0.992746,5.101460,0.000000,2.000000,5.000000,1.013926,0
1784304739.355033,FIXED400,TRACKING,400,23.705110,36.615536,0.049755,0.983021,5.091903,0.000000,2.000000,5.000000,1.022334,0
1784304739.405080,FIXED400,TRACKING,400,22.989569,49.150633,0.046186,0.978091,5.087291,0.000000,2.000000,5.000000,1.026670,0
1784304739.455063,FIXED400,TRACKING,400,22.956838,35.842885,0.037977,0.967755,5.079680,0.000000,2.000000,5.000000,1.036012,0
1784304739.505078,FIXED400,TRACKING,400,22.772982,49.729624,0.034112,0.963125,5.076262,0.000000,2.000000,5.000000,1.040235,0
1784304739.555066,FIXED400,TRACKING,400,23.501035,36.493055,0.026135,0.950896,5.072690,0.000000,2.000000,5.000000,1.051944,0
1784304739.605065,FIXED400,TRACKING,400,23.033236,49.425825,0.022156,0.942680,5.072936,0.000000,2.000000,5.000000,1.060064,0
1784304739.655029,FIXED400,TRACKING,400,22.880996,35.777245,0.013458,0.923857,5.071182,0.000000,2.000000,5.000000,1.078579,0
1784304739.705083,FIXED400,TRACKING,400,24.004969,51.062389,0.010278,0.915345,5.073135,0.000000,2.000000,5.000000,1.087166,0
1784304739.755084,FIXED400,TRACKING,400,23.129327,36.122977,0.003717,0.897655,5.078465,0.000000,2.000000,5.000000,1.105141,0
1784304739.805083,FIXED400,TRACKING,400,22.984511,49.710460,0.000407,0.888698,5.080965,0.000000,2.000000,5.000000,1.114247,0
1784304739.855090,FIXED400,TRACKING,400,22.881567,35.923994,-0.002709,0.866248,5.089176,0.000000,2.000000,5.000000,1.137257,0
1784304739.905084,FIXED400,TRACKING,400,23.559957,50.551394,-0.004195,0.856532,5.091661,0.000000,2.000000,5.000000,1.147144,0
1784304739.955040,FIXED400,TRACKING,400,23.277030,36.217456,-0.005700,0.834653,5.091569,0.000000,2.000000,5.000000,1.168953,0
1784304740.005035,FIXED400,TRACKING,400,23.541447,50.130931,-0.006331,0.823795,5.089624,0.000000,2.000000,5.000000,1.179632,0
1784304740.055050,FIXED400,TRACKING,400,24.683657,37.511420,-0.006507,0.802599,5.081136,0.000000,2.000000,5.000000,1.200164,0
1784304740.105050,FIXED400,TRACKING,400,22.984179,48.167772,-0.005293,0.795421,5.077194,0.000000,2.000000,5.000000,1.207061,0
1784304740.155055,FIXED400,TRACKING,400,23.516974,36.363423,-0.002749,0.782249,5.070769,0.000000,2.000000,5.000000,1.219809,0
1784304740.205061,FIXED400,TRACKING,400,24.640078,50.994159,-0.002149,0.774710,5.068153,0.000000,2.000000,5.000000,1.227186,0
1784304740.255058,FIXED400,TRACKING,400,25.657151,38.451711,-0.001387,0.758271,5.059190,0.000000,2.000000,5.000000,1.243140,0
1784304740.305099,FIXED400,TRACKING,400,28.544952,52.780793,-0.001453,0.751457,5.053496,0.000000,2.000000,5.000000,1.249690,0
1784304740.355059,FIXED400,TRACKING,400,23.533588,36.459500,-0.003596,0.737520,5.043401,0.000000,2.000000,5.000000,1.263231,0
1784304740.405080,FIXED400,TRACKING,400,23.738356,50.076236,-0.004921,0.731162,5.038740,0.000000,2.000000,5.000000,1.269439,0
1784304740.455066,FIXED400,TRACKING,400,23.691597,36.540984,-0.010786,0.720169,5.034672,0.000000,2.000000,5.000000,1.280346,0
1784304740.505116,FIXED400,TRACKING,400,23.589540,49.821285,-0.013722,0.716467,5.032969,0.000000,2.000000,5.000000,1.284029,0
1784304740.555117,FIXED400,TRACKING,400,24.576379,37.457726,-0.020277,0.710886,5.030773,0.000000,2.000000,5.000000,1.289640,0
1784304740.605077,FIXED400,TRACKING,400,26.257208,51.511814,-0.024276,0.708758,5.030771,0.000000,2.000000,5.000000,1.291837,0
1784304740.655087,FIXED400,TRACKING,400,34.969631,47.836569,-0.032391,0.704946,5.029340,0.000000,2.000000,5.000000,1.295791,0
1784304740.705127,FIXED400,TRACKING,400,24.197251,39.164116,-0.035903,0.704870,5.028871,0.000000,2.000000,5.000000,1.295949,0
1784304740.755092,FIXED400,TRACKING,400,30.216531,43.051096,-0.042641,0.704851,5.025612,0.000000,2.000000,5.000000,1.296104,0
1784304740.805125,FIXED400,TRACKING,400,23.975012,43.670780,-0.045990,0.704471,5.021975,0.000000,2.000000,5.000000,1.296531,0
1784304740.855091,FIXED400,TRACKING,400,26.131051,39.091534,-0.050693,0.704634,5.016658,0.000000,2.000000,5.000000,1.296464,0
1784304740.905094,FIXED400,TRACKING,400,24.053073,47.754622,-0.052713,0.703404,5.014403,0.000000,2.000000,5.000000,1.297747,0
1784304740.955131,FIXED400,TRACKING,400,23.523612,36.418528,-0.056758,0.700197,5.017402,0.000000,2.000000,5.000000,1.301158,0
1784304741.005095,FIXED400,TRACKING,400,24.325340,50.626312,-0.058534,0.698045,5.019177,0.000000,2.000000,5.000000,1.303411,0
1784304741.055103,FIXED400,TRACKING,400,23.465218,36.400630,-0.061719,0.693010,5.025185,0.000000,2.000000,5.000000,1.308689,0
1784304741.105155,FIXED400,TRACKING,400,23.758713,50.188479,-0.062873,0.691188,5.029074,0.000000,2.000000,5.000000,1.310644,0
1784304741.155156,FIXED400,TRACKING,400,23.302822,36.467277,-0.064833,0.688801,5.034233,0.000000,2.000000,5.000000,1.313247,0
1784304741.205153,FIXED400,TRACKING,400,24.379104,50.929070,-0.066951,0.683625,5.038961,0.000000,2.000000,5.000000,1.318652,0
1784304741.255111,FIXED400,TRACKING,400,23.244781,36.195902,-0.072112,0.672253,5.050576,0.000000,2.000000,5.000000,1.330665,0
1784304741.305168,FIXED400,TRACKING,400,23.276974,49.945713,-0.074011,0.669652,5.057154,0.000000,2.000000,5.000000,1.333631,0
1784304741.355157,FIXED400,TRACKING,400,23.083757,36.163976,-0.076560,0.672024,5.072434,0.000000,2.000000,5.000000,1.332151,0
1784304741.405168,FIXED400,TRACKING,400,23.757928,50.515732,-0.077499,0.673820,5.076883,0.000000,2.000000,5.000000,1.330665,0
1784304741.455172,FIXED400,TRACKING,400,22.834967,35.859357,-0.081394,0.675270,5.083297,0.000000,2.000000,5.000000,1.329839,0
1784304741.505167,FIXED400,TRACKING,400,23.293747,50.361171,-0.083016,0.675776,5.087004,0.000000,2.000000,5.000000,1.329673,0
1784304741.555116,FIXED400,TRACKING,400,23.737007,36.678974,-0.085165,0.678353,5.090495,0.000000,2.000000,5.000000,1.327476,0
1784304741.605181,FIXED400,TRACKING,400,23.706233,49.838316,-0.085912,0.680492,5.088293,0.000000,2.000000,5.000000,1.325246,0
1784304741.655179,FIXED400,TRACKING,400,22.949082,36.032983,-0.086153,0.685452,5.080793,0.000000,2.000000,5.000000,1.319843,0
1784304741.705188,FIXED400,TRACKING,400,24.124269,51.081058,-0.085000,0.686680,5.079560,0.000000,2.000000,5.000000,1.318470,0
1784304741.755185,FIXED400,TRACKING,400,22.942262,36.027604,-0.082084,0.688932,5.076880,0.000000,2.000000,5.000000,1.315883,0
1784304741.805191,FIXED400,TRACKING,400,23.224999,50.164221,-0.080228,0.689935,5.075187,0.000000,2.000000,5.000000,1.314671,0
1784304741.855184,FIXED400,TRACKING,400,23.004738,36.096710,-0.076853,0.690071,5.074836,0.000000,2.000000,5.000000,1.314314,0
1784304741.905141,FIXED400,TRACKING,400,23.582723,50.376579,-0.074802,0.690215,5.074783,0.000000,2.000000,5.000000,1.314049,0
1784304741.955185,FIXED400,TRACKING,400,23.688773,36.803703,-0.066579,0.689469,5.073788,0.000000,2.000000,5.000000,1.314294,0
1784304742.005212,FIXED400,TRACKING,400,23.014664,49.210641,-0.061708,0.689203,5.072845,0.000000,2.000000,5.000000,1.314269,0
1784304742.055188,FIXED400,TRACKING,400,25.460268,38.441546,-0.050502,0.691480,5.071526,0.000000,2.000000,5.000000,1.311446,0
1784304742.105202,FIXED400,TRACKING,400,23.816346,48.248954,-0.045502,0.694476,5.069098,0.000000,2.000000,5.000000,1.308143,0
1784304742.155154,FIXED400,TRACKING,400,26.869498,39.887494,-0.035760,0.701281,5.062730,0.000000,2.000000,5.000000,1.300725,0
1784304742.205216,FIXED400,TRACKING,400,24.971957,48.073622,-0.029311,0.705054,5.060349,0.000000,2.000000,5.000000,1.296682,0
1784304742.255184,FIXED400,TRACKING,400,24.266305,37.224629,-0.014632,0.713459,5.053893,0.000000,2.000000,5.000000,1.287752,0
1784304742.305209,FIXED400,TRACKING,400,23.220473,48.880162,-0.009052,0.717338,5.050806,0.000000,2.000000,5.000000,1.283700,0
1784304742.355203,FIXED400,TRACKING,400,23.921857,36.985289,-0.001261,0.726360,5.050157,0.000000,2.000000,5.000000,1.274628,0
1784304742.405221,FIXED400,TRACKING,400,23.464687,49.432273,0.002607,0.729967,5.049834,0.000000,2.000000,5.000000,1.271013,0
1784304742.455190,FIXED400,TRACKING,400,25.420058,38.473471,0.012481,0.733932,5.050773,0.000000,2.000000,5.000000,1.267147,0
1784304742.505211,FIXED400,TRACKING,400,24.163952,48.616029,0.016834,0.734866,5.049514,0.000000,2.000000,5.000000,1.266214,0
1784304742.555216,FIXED400,TRACKING,400,23.284203,36.320340,0.026357,0.735924,5.046536,0.000000,2.000000,5.000000,1.265207,0
1784304742.605227,FIXED400,TRACKING,400,23.859018,50.481579,0.031894,0.736161,5.046410,0.000000,2.000000,5.000000,1.265093,0
1784304742.655303,FIXED400,TRACKING,400,23.426157,36.575211,0.043018,0.738123,5.045262,0.000000,2.000000,5.000000,1.263421,0
1784304742.705327,FIXED400,TRACKING,400,24.261141,50.724527,0.048265,0.738179,5.047071,0.000000,2.000000,5.000000,1.263621,0
1784304742.755336,FIXED400,TRACKING,400,23.262750,36.396582,0.057450,0.739734,5.049589,0.000000,2.000000,5.000000,1.262549,0
1784304742.805238,FIXED400,TRACKING,400,23.466934,49.981536,0.061472,0.740997,5.048608,0.000000,2.000000,5.000000,1.261440,0
1784304742.855220,FIXED400,TRACKING,400,23.944506,37.079312,0.068796,0.750062,5.048968,0.000000,2.000000,5.000000,1.252787,0
1784304742.905234,FIXED400,TRACKING,400,22.897358,48.812220,0.071420,0.753561,5.049893,0.000000,2.000000,5.000000,1.249480,0
1784304742.955237,FIXED400,TRACKING,400,24.271242,37.410330,0.074701,0.757056,5.056276,0.000000,2.000000,5.000000,1.246458,0
1784304743.005239,FIXED400,TRACKING,400,23.416589,49.054807,0.075795,0.758202,5.058916,0.000000,2.000000,5.000000,1.245503,0
1784304743.055248,FIXED400,TRACKING,400,23.621659,36.765619,0.077661,0.761866,5.060795,0.000000,2.000000,5.000000,1.242056,0
1784304743.105242,FIXED400,TRACKING,400,32.898350,59.158559,0.078130,0.764509,5.061934,0.000000,2.000000,5.000000,1.239507,0
1784304743.155245,FIXED400,TRACKING,400,26.086082,39.235453,0.078412,0.769313,5.063630,0.000000,2.000000,5.000000,1.234823,0
1784304743.205256,FIXED400,TRACKING,400,23.459713,47.282041,0.078016,0.772454,5.064775,0.000000,2.000000,5.000000,1.231727,0
1784304743.255238,FIXED400,TRACKING,400,24.095650,37.305492,0.076332,0.778969,5.066507,0.000000,2.000000,5.000000,1.225221,0
1784304743.305256,FIXED400,TRACKING,400,25.225468,51.051017,0.075022,0.781039,5.066384,0.000000,2.000000,5.000000,1.223070,0
1784304743.355240,FIXED400,TRACKING,400,23.541929,36.623591,0.070896,0.783700,5.066309,0.000000,2.000000,5.000000,1.220167,0
1784304743.405260,FIXED400,TRACKING,400,24.205719,50.574648,0.068661,0.785008,5.065315,0.000000,2.000000,5.000000,1.218682,0
1784304743.455246,FIXED400,TRACKING,400,23.625377,36.778893,0.064525,0.786947,5.065600,0.000000,2.000000,5.000000,1.216537,0
1784304743.505265,FIXED400,TRACKING,400,25.630797,51.919591,0.062704,0.787898,5.064853,0.000000,2.000000,5.000000,1.215454,0
1784304743.555223,FIXED400,TRACKING,400,23.628635,36.806340,0.058708,0.791608,5.062193,0.000000,2.000000,5.000000,1.211415,0
1784304743.605271,FIXED400,TRACKING,400,25.703229,52.018120,0.056619,0.794414,5.060303,0.000000,2.000000,5.000000,1.208421,0
1784304743.655259,FIXED400,TRACKING,400,23.816604,36.984345,0.051349,0.800970,5.053712,0.000000,2.000000,5.000000,1.201330,0
1784304743.705353,FIXED400,TRACKING,400,23.487021,49.645325,0.046306,0.802364,5.053815,0.000000,2.000000,5.000000,1.199738,0
1784304743.755233,FIXED400,TRACKING,400,24.205437,37.424482,0.036472,0.805119,5.054182,0.000000,2.000000,5.000000,1.196665,0
1784304743.805280,FIXED400,TRACKING,400,25.126492,50.872228,0.031591,0.806162,5.054101,0.000000,2.000000,5.000000,1.195481,0
1784304743.855282,FIXED400,TRACKING,400,23.727861,37.027412,0.019560,0.809779,5.057449,0.000000,2.000000,5.000000,1.191768,0
1784304743.905246,FIXED400,TRACKING,400,23.647791,49.746677,0.014437,0.811029,5.058188,0.000000,2.000000,5.000000,1.190482,0
1784304743.955238,FIXED400,TRACKING,400,23.109080,36.228479,0.003850,0.806946,5.059680,0.000000,2.000000,5.000000,1.194552,0
1784304744.005375,FIXED400,TRACKING,400,22.916543,49.841805,-0.001132,0.804004,5.059971,0.000000,2.000000,5.000000,1.197499,0
1784304744.055248,FIXED400,TRACKING,400,25.753119,38.989974,-0.010141,0.797099,5.060221,0.000000,2.000000,5.000000,1.204450,0
1784304744.105302,FIXED400,TRACKING,400,24.245779,48.434927,-0.012790,0.793874,5.060283,0.000000,2.000000,5.000000,1.207699,0
1784304744.155250,FIXED400,TRACKING,400,24.756356,37.882081,-0.016912,0.788165,5.060196,0.000000,2.000000,5.000000,1.213447,0
1784304744.205311,FIXED400,TRACKING,400,24.567264,49.771680,-0.019827,0.784158,5.061518,0.000000,2.000000,5.000000,1.217559,0
1784304744.255300,FIXED400,TRACKING,400,27.623363,40.750521,-0.026357,0.775293,5.064278,0.000000,2.000000,5.000000,1.226676,0
1784304744.305263,FIXED400,TRACKING,400,23.727022,45.909346,-0.029093,0.772262,5.063947,0.000000,2.000000,5.000000,1.229747,0
1784304744.355403,FIXED400,TRACKING,400,22.955737,36.312013,-0.034956,0.768711,5.060996,0.000000,2.000000,5.000000,1.233294,0
1784304744.405302,FIXED400,TRACKING,400,23.975271,50.820165,-0.037671,0.766599,5.059224,0.000000,2.000000,5.000000,1.235397,0
1784304744.455418,FIXED400,TRACKING,400,22.938956,36.297703,-0.043265,0.758215,5.057063,0.000000,2.000000,5.000000,1.243849,0
1784304744.505331,FIXED400,TRACKING,400,23.553909,50.412073,-0.045423,0.753921,5.056140,0.000000,2.000000,5.000000,1.248170,0
1784304744.555408,FIXED400,TRACKING,400,22.860578,36.242432,-0.047950,0.742550,5.056615,0.000000,2.000000,5.000000,1.259637,0
1784304744.605401,FIXED400,TRACKING,400,23.018036,50.029644,-0.048208,0.734577,5.056708,0.000000,2.000000,5.000000,1.267610,0
1784304744.655317,FIXED400,TRACKING,400,24.345448,37.586414,-0.047909,0.718096,5.056601,0.000000,2.000000,5.000000,1.284047,0
1784304744.705331,FIXED400,TRACKING,400,26.124498,51.698405,-0.046376,0.711114,5.057796,0.000000,2.000000,5.000000,1.291014,0
1784304744.755408,FIXED400,TRACKING,400,22.871093,36.196809,-0.042954,0.698312,5.059282,0.000000,2.000000,5.000000,1.303745,0
1784304744.805424,FIXED400,TRACKING,400,23.180804,50.211909,-0.041131,0.692614,5.057228,0.000000,2.000000,5.000000,1.309284,0
1784304744.855337,FIXED400,TRACKING,400,23.150945,36.357388,-0.035912,0.681034,5.048950,0.000000,2.000000,5.000000,1.320363,0
1784304744.905350,FIXED400,TRACKING,400,22.965451,49.698665,-0.033715,0.677054,5.046261,0.000000,2.000000,5.000000,1.324184,0
1784304744.955359,FIXED400,TRACKING,400,25.704967,39.039318,-0.031946,0.673617,5.041587,0.000000,2.000000,5.000000,1.327419,0
1784304745.005413,FIXED400,TRACKING,400,22.955589,47.178712,-0.031301,0.672891,5.037864,0.000000,2.000000,5.000000,1.328018,0
1784304745.055312,FIXED400,TRACKING,400,24.687966,37.955909,-0.028176,0.672345,5.027287,0.000000,2.000000,5.000000,1.328234,0
1784304745.105355,FIXED400,TRACKING,400,25.864913,51.115630,-0.025608,0.673028,5.023379,0.000000,2.000000,5.000000,1.327425,0
1784304745.155358,FIXED400,TRACKING,400,23.705441,36.974972,-0.020508,0.674925,5.010664,0.000000,2.000000,5.000000,1.325277,0
1784304745.205358,FIXED400,TRACKING,400,23.462122,49.628064,-0.018545,0.676768,5.002383,0.000000,2.000000,5.000000,1.323364,0
1784304745.255366,FIXED400,TRACKING,400,25.660566,38.963006,-0.014346,0.680602,4.986289,0.000000,2.000000,5.000000,1.319547,0
1784304745.305330,FIXED400,TRACKING,400,25.859231,50.029857,-0.012767,0.681793,4.980399,0.000000,2.000000,5.000000,1.318414,0
1784304745.355313,FIXED400,TRACKING,400,23.503063,36.759890,-0.011087,0.683756,4.970935,0.000000,2.000000,5.000000,1.316611,0
1784304745.405393,FIXED400,TRACKING,400,23.588869,50.041358,-0.010282,0.684628,4.966459,0.000000,2.000000,5.000000,1.315840,0
1784304745.455440,FIXED400,TRACKING,400,23.330862,36.682190,-0.008849,0.680447,4.958779,0.000000,2.000000,5.000000,1.320227,0
1784304745.505442,FIXED400,TRACKING,400,23.397767,49.942293,-0.008395,0.677534,4.957166,0.000000,2.000000,5.000000,1.323186,0
1784304745.555359,FIXED400,TRACKING,400,24.154503,37.372377,-0.008201,0.672821,4.957342,0.000000,2.000000,5.000000,1.327890,0
1784304745.605391,FIXED400,TRACKING,400,25.259867,51.018066,-0.008528,0.671029,4.959711,0.000000,2.000000,5.000000,1.329609,0
1784304745.655386,FIXED400,TRACKING,400,25.638045,38.879534,-0.009317,0.667993,4.968282,0.000000,2.000000,5.000000,1.332417,0
1784304745.705328,FIXED400,TRACKING,400,24.714439,48.887373,-0.010795,0.664505,4.976600,0.000000,2.000000,5.000000,1.335744,0
1784304745.755373,FIXED400,TRACKING,400,24.316696,37.608694,-0.013239,0.658816,4.991276,0.000000,2.000000,5.000000,1.341277,0
1784304745.805384,FIXED400,TRACKING,400,26.741443,52.330393,-0.014225,0.656460,4.997570,0.000000,2.000000,5.000000,1.343618,0
1784304745.855362,FIXED400,TRACKING,400,24.256091,37.505966,-0.017357,0.654999,5.017453,0.000000,2.000000,5.000000,1.345226,0
1784304745.905371,FIXED400,TRACKING,400,24.005964,49.632828,-0.018625,0.654817,5.026703,0.000000,2.000000,5.000000,1.345577,0
1784304745.955374,FIXED400,TRACKING,400,24.751751,37.879002,-0.025438,0.654762,5.043500,0.000000,2.000000,5.000000,1.346182,0
1784304746.005386,FIXED400,TRACKING,400,23.604571,48.743155,-0.029140,0.655161,5.049682,0.000000,2.000000,5.000000,1.346072,0
1784304746.055480,FIXED400,TRACKING,400,23.681982,37.174708,-0.037161,0.656009,5.059060,0.000000,2.000000,5.000000,1.345801,0
1784304746.105381,FIXED400,TRACKING,400,22.491720,48.599220,-0.040883,0.656056,5.062728,0.000000,2.000000,5.000000,1.346029,0
1784304746.155332,FIXED400,TRACKING,400,34.755192,47.839370,-0.047245,0.656912,5.069562,0.000000,2.000000,5.000000,1.345718,0
1784304746.205361,FIXED400,TRACKING,400,25.798786,40.942866,-0.050391,0.655713,5.072467,0.000000,2.000000,5.000000,1.347182,0
1784304746.255445,FIXED400,TRACKING,400,23.093754,36.470194,-0.056509,0.653057,5.071974,0.000000,2.000000,5.000000,1.350048,0
1784304746.305382,FIXED400,TRACKING,400,23.648213,50.384271,-0.058434,0.652446,5.068573,0.000000,2.000000,5.000000,1.350562,0
1784304746.355324,FIXED400,TRACKING,400,23.232633,36.632621,-0.060487,0.651439,5.061416,0.000000,2.000000,5.000000,1.351313,0
1784304746.405387,FIXED400,TRACKING,400,23.008157,49.724002,-0.060790,0.650879,5.057831,0.000000,2.000000,5.000000,1.351727,0
1784304746.455333,FIXED400,TRACKING,400,28.593430,41.834628,-0.060111,0.647806,5.050661,0.000000,2.000000,5.000000,1.354477,0
1784304746.505381,FIXED400,TRACKING,400,25.252080,46.560789,-0.059246,0.645884,5.048743,0.000000,2.000000,5.000000,1.356288,0
1784304746.555367,FIXED400,TRACKING,400,24.232220,37.554867,-0.056324,0.641342,5.044780,0.000000,2.000000,5.000000,1.360563,0
1784304746.605378,FIXED400,TRACKING,400,24.606218,50.287663,-0.054300,0.638699,5.042711,0.000000,2.000000,5.000000,1.363053,0
1784304746.655383,FIXED400,TRACKING,400,28.317178,41.687153,-0.049801,0.634699,5.038461,0.000000,2.000000,5.000000,1.366750,0
1784304746.705400,FIXED400,TRACKING,400,25.030721,46.623987,-0.044992,0.633310,5.038150,0.000000,2.000000,5.000000,1.367962,0
1784304746.755456,FIXED400,TRACKING,400,22.692774,36.060628,-0.036012,0.632091,5.036437,0.000000,2.000000,5.000000,1.368868,0
1784304746.805391,FIXED400,TRACKING,400,25.034751,52.198685,-0.031791,0.631876,5.035120,0.000000,2.000000,5.000000,1.368944,0
1784304746.855391,FIXED400,TRACKING,400,26.112576,39.444367,-0.024314,0.634093,5.033521,0.000000,2.000000,5.000000,1.366534,0
1784304746.905402,FIXED400,TRACKING,400,24.071193,47.827081,-0.021062,0.635410,5.032305,0.000000,2.000000,5.000000,1.365135,0
1784304746.955389,FIXED400,TRACKING,400,25.945672,39.138277,-0.014837,0.636026,5.031255,0.000000,2.000000,5.000000,1.364412,0
1784304747.005382,FIXED400,TRACKING,400,40.255185,64.116892,-0.012063,0.636104,5.030373,0.000000,2.000000,5.000000,1.364288,0
1784304747.055405,FIXED400,TRACKING,400,27.541089,37.033836,-0.005156,0.635923,5.028502,0.000000,2.000000,5.000000,1.364384,0
1784304747.105395,FIXED400,TRACKING,400,25.583405,47.872076,-0.001214,0.635330,5.028602,0.000000,2.000000,5.000000,1.364971,0
1784304747.155394,FIXED400,TRACKING,400,31.863073,45.269409,0.005983,0.635017,5.029062,0.000000,2.000000,5.000000,1.365306,0
1784304747.205405,FIXED400,TRACKING,400,31.037224,49.042126,0.011126,0.636289,5.030506,0.000000,2.000000,5.000000,1.364098,0
1784304747.255398,FIXED400,TRACKING,400,40.018751,53.534518,0.023060,0.639885,5.031855,0.000000,2.000000,5.000000,1.360683,0
1784304747.305401,FIXED400,TRACKING,400,25.184048,35.036764,0.027598,0.640818,5.031212,0.000000,2.000000,5.000000,1.359820,0
1784304747.355420,FIXED400,TRACKING,400,30.563957,43.923903,0.033982,0.640197,5.028534,0.000000,2.000000,5.000000,1.360527,0
1784304747.405445,FIXED400,TRACKING,400,23.720654,42.983973,0.037016,0.640107,5.026368,0.000000,2.000000,5.000000,1.360653,0
1784304747.455408,FIXED400,TRACKING,400,26.639053,39.954680,0.045941,0.638891,5.024130,0.000000,2.000000,5.000000,1.362098,0
1784304747.505415,FIXED400,TRACKING,400,28.955605,52.182710,0.049853,0.638120,5.023504,0.000000,2.000000,5.000000,1.362995,0
1784304747.555415,FIXED400,TRACKING,400,33.351373,46.799709,0.056355,0.634768,5.022166,0.000000,2.000000,5.000000,1.366575,0
1784304747.605436,FIXED400,TRACKING,400,35.358005,51.809755,0.059104,0.631937,5.021339,0.000000,2.000000,5.000000,1.369505,0
1784304747.655437,FIXED400,TRACKING,400,29.079795,42.592750,0.063467,0.626765,5.018876,0.000000,2.000000,5.000000,1.374830,0
1784304747.705448,FIXED400,TRACKING,400,35.990964,56.742688,0.064473,0.623585,5.019868,0.000000,2.000000,5.000000,1.378067,0
1784304747.755427,FIXED400,TRACKING,400,36.482235,49.853176,0.065184,0.618555,5.022740,0.000000,2.000000,5.000000,1.383169,0
1784304747.805431,FIXED400,TRACKING,400,23.488914,36.854083,0.064917,0.616729,5.025349,0.000000,2.000000,5.000000,1.385025,0
1784304747.855452,FIXED400,TRACKING,400,24.203763,37.496213,0.059358,0.611030,5.030750,0.000000,2.000000,5.000000,1.390578,0
1784304747.905451,FIXED400,TRACKING,400,24.356597,49.947403,0.056473,0.608577,5.030274,0.000000,2.000000,5.000000,1.392898,0
1784304747.955423,FIXED400,TRACKING,400,26.070975,39.397926,0.050912,0.604164,5.029550,0.000000,2.000000,5.000000,1.397077,0
1784304748.005454,FIXED400,TRACKING,400,23.408547,47.196909,0.048083,0.601799,5.029654,0.000000,2.000000,5.000000,1.399342,0
1784304748.055446,FIXED400,TRACKING,400,24.400671,37.577336,0.039397,0.595066,5.029179,0.000000,2.000000,5.000000,1.405789,0
1784304748.105450,FIXED400,TRACKING,400,23.495587,48.952277,0.033768,0.591036,5.027020,0.000000,2.000000,5.000000,1.409627,0
1784304748.155446,FIXED400,TRACKING,400,24.484166,37.794642,0.023105,0.584314,5.020548,0.000000,2.000000,5.000000,1.416024,0
1784304748.205452,FIXED400,TRACKING,400,23.621392,49.007684,0.017352,0.581112,5.017923,0.000000,2.000000,5.000000,1.419107,0
1784304748.255454,FIXED400,TRACKING,400,26.269143,39.559669,0.004931,0.575460,5.013956,0.000000,2.000000,5.000000,1.424617,0
1784304748.305470,FIXED400,TRACKING,400,24.121419,47.695718,-0.000413,0.573017,5.013464,0.000000,2.000000,5.000000,1.427046,0
1784304748.355460,FIXED400,TRACKING,400,24.887076,38.002972,-0.012082,0.565298,5.018620,0.000000,2.000000,5.000000,1.434874,0
1784304748.405464,FIXED400,TRACKING,400,23.546096,48.519858,-0.017568,0.562735,5.021233,0.000000,2.000000,5.000000,1.437529,0
1784304748.455467,FIXED400,TRACKING,400,23.663724,36.930002,-0.029412,0.558078,5.030483,0.000000,2.000000,5.000000,1.442544,0
1784304748.505467,FIXED400,TRACKING,400,23.873274,50.041362,-0.034473,0.556991,5.034540,0.000000,2.000000,5.000000,1.443834,0
1784304748.555467,FIXED400,TRACKING,400,23.875154,37.113317,-0.044857,0.556008,5.044615,0.000000,2.000000,5.000000,1.445378,0
1784304748.605479,FIXED400,TRACKING,400,23.582309,49.585558,-0.050278,0.555636,5.050004,0.000000,2.000000,5.000000,1.446104,0
1784304748.655482,FIXED400,TRACKING,400,23.733182,37.023880,-0.061353,0.556941,5.058537,0.000000,2.000000,5.000000,1.445549,0
1784304748.705480,FIXED400,TRACKING,400,23.573149,49.667180,-0.065496,0.556468,5.061630,0.000000,2.000000,5.000000,1.446331,0
1784304748.755484,FIXED400,TRACKING,400,23.260483,36.547204,-0.072507,0.558251,5.066640,0.000000,2.000000,5.000000,1.445108,0
1784304748.805483,FIXED400,TRACKING,400,26.002009,52.580756,-0.075342,0.560260,5.068329,0.000000,2.000000,5.000000,1.443329,0
1784304748.855482,FIXED400,TRACKING,400,24.776375,38.176525,-0.079018,0.565472,5.069044,0.000000,2.000000,5.000000,1.438361,0
1784304748.905910,FIXED400,TRACKING,400,23.560636,49.038000,-0.080140,0.568723,5.068592,0.000000,2.000000,5.000000,1.435159,0
1784304748.955489,FIXED400,TRACKING,400,23.281812,36.600114,-0.077480,0.570374,5.068731,0.000000,2.000000,5.000000,1.433372,0
1784304749.005494,FIXED400,TRACKING,400,24.261664,50.822494,-0.075342,0.571130,5.068018,0.000000,2.000000,5.000000,1.432471,0
1784304749.055496,FIXED400,TRACKING,400,24.028165,37.279536,-0.069032,0.574586,5.066700,0.000000,2.000000,5.000000,1.428642,0
1784304749.105513,FIXED400,TRACKING,400,23.256133,49.109758,-0.065329,0.576566,5.065364,0.000000,2.000000,5.000000,1.426430,0
1784304749.155499,FIXED400,TRACKING,400,27.349318,40.649117,-0.058238,0.581891,5.059846,0.000000,2.000000,5.000000,1.420565,0
1784304749.205499,FIXED400,TRACKING,400,26.008550,48.505033,-0.054507,0.583691,5.057559,0.000000,2.000000,5.000000,1.418526,0
1784304749.255504,FIXED400,TRACKING,400,30.989203,44.226007,-0.045835,0.588221,5.055903,0.000000,2.000000,5.000000,1.413629,0
1784304749.305513,FIXED400,TRACKING,400,24.943896,43.850962,-0.042201,0.590905,5.055267,0.000000,2.000000,5.000000,1.410809,0
1784304749.355520,FIXED400,TRACKING,400,23.368222,36.733130,-0.036494,0.597010,5.053482,0.000000,2.000000,5.000000,1.404483,0
1784304749.405686,FIXED400,TRACKING,400,25.219244,51.837679,-0.033536,0.599984,5.052286,0.000000,2.000000,5.000000,1.401394,0
1784304749.455516,FIXED400,TRACKING,400,22.825574,36.114096,-0.025545,0.608568,5.049465,0.000000,2.000000,5.000000,1.392545,0
1784304749.505515,FIXED400,TRACKING,400,22.971924,50.010130,-0.021694,0.612589,5.047322,0.000000,2.000000,5.000000,1.388387,0
1784304749.555523,FIXED400,TRACKING,400,24.073006,37.417003,-0.013893,0.619208,5.038579,0.000000,2.000000,5.000000,1.381401,0
1784304749.605520,FIXED400,TRACKING,400,24.887234,50.650078,-0.010031,0.621600,5.032299,0.000000,2.000000,5.000000,1.378815,0
1784304749.655519,FIXED400,TRACKING,400,23.072836,36.371292,-0.001758,0.626469,5.017313,0.000000,2.000000,5.000000,1.373641,0
1784304749.705525,FIXED400,TRACKING,400,22.987023,49.782722,0.001549,0.624721,5.014766,0.000000,2.000000,5.000000,1.375360,0
1784304749.755529,FIXED400,TRACKING,400,22.982714,36.267154,0.008146,0.622806,5.008409,0.000000,2.000000,5.000000,1.377244,0
1784304749.805535,FIXED400,TRACKING,400,25.034606,51.938951,0.011403,0.622423,5.004320,0.000000,2.000000,5.000000,1.377631,0
1784304749.855532,FIXED400,TRACKING,400,22.945268,36.233152,0.019416,0.625558,4.997076,0.000000,2.000000,5.000000,1.374582,0
1784304749.905538,FIXED400,TRACKING,400,23.317697,50.232150,0.022477,0.626928,4.994120,0.000000,2.000000,5.000000,1.373269,0
1784304749.955539,FIXED400,TRACKING,400,23.045867,36.391941,0.027998,0.626005,4.991432,0.000000,2.000000,5.000000,1.374307,0
1784304750.005541,FIXED400,TRACKING,400,22.895616,49.689101,0.030157,0.625081,4.992020,0.000000,2.000000,5.000000,1.375273,0
1784304750.055543,FIXED400,TRACKING,400,22.911345,36.259866,0.032809,0.623346,4.999740,0.000000,2.000000,5.000000,1.377045,0
1784304750.105546,FIXED400,TRACKING,400,22.806195,49.767573,0.032932,0.623133,5.006541,0.000000,2.000000,5.000000,1.377276,0
1784304750.155545,FIXED400,TRACKING,400,22.890129,36.244976,0.032504,0.623298,5.019753,0.000000,2.000000,5.000000,1.377227,0
1784304750.205545,FIXED400,TRACKING,400,22.953562,49.932004,0.030966,0.620738,5.029089,0.000000,2.000000,5.000000,1.379916,0
1784304750.255549,FIXED400,TRACKING,400,22.886479,36.313294,0.026635,0.615058,5.047656,0.000000,2.000000,5.000000,1.386017,0
1784304750.305555,FIXED400,TRACKING,400,22.943021,49.945894,0.024866,0.613277,5.054885,0.000000,2.000000,5.000000,1.388032,0
1784304750.355561,FIXED400,TRACKING,400,23.542653,36.971630,0.022149,0.610195,5.069175,0.000000,2.000000,5.000000,1.391701,0
1784304750.405608,FIXED400,TRACKING,400,22.887912,49.225520,0.020826,0.609483,5.073495,0.000000,2.000000,5.000000,1.392614,0
1784304750.455564,FIXED400,TRACKING,400,23.341939,36.673824,0.018783,0.611894,5.080772,0.000000,2.000000,5.000000,1.390580,0
1784304750.505569,FIXED400,TRACKING,400,23.854116,50.356225,0.018228,0.613902,5.084388,0.000000,2.000000,5.000000,1.388784,0
1784304750.555563,FIXED400,TRACKING,400,23.866004,37.277808,0.019661,0.618070,5.087884,0.000000,2.000000,5.000000,1.384862,0
1784304750.605568,FIXED400,TRACKING,400,23.286052,49.294427,0.022085,0.620102,5.087820,0.000000,2.000000,5.000000,1.382866,0
1784304750.655571,FIXED400,TRACKING,400,25.909376,39.274331,0.026423,0.624983,5.081782,0.000000,2.000000,5.000000,1.377700,0
1784304750.705575,FIXED400,TRACKING,400,24.471744,48.413601,0.027901,0.625858,5.076410,0.000000,2.000000,5.000000,1.376548,0
1784304750.755571,FIXED400,TRACKING,400,24.518607,37.940481,0.030330,0.628674,5.063993,0.000000,2.000000,5.000000,1.373153,0
1784304750.805579,FIXED400,TRACKING,400,22.877373,48.165867,0.031176,0.630792,5.058181,0.000000,2.000000,5.000000,1.370798,0
1784304750.855581,FIXED400,TRACKING,400,22.876466,36.305689,0.035172,0.631171,5.043591,0.000000,2.000000,5.000000,1.369975,0
1784304750.905582,FIXED400,TRACKING,400,24.055107,51.001846,0.036490,0.632412,5.037502,0.000000,2.000000,5.000000,1.368589,0
1784304750.955595,FIXED400,TRACKING,400,24.377730,37.966013,0.039372,0.637282,5.020545,0.000000,2.000000,5.000000,1.363441,0
1784304751.005589,FIXED400,TRACKING,400,26.298719,51.757872,0.040587,0.640471,5.012466,0.000000,2.000000,5.000000,1.360192,0
1784304751.055584,FIXED400,TRACKING,400,25.968780,39.441780,0.043424,0.649505,4.998920,0.000000,2.000000,5.000000,1.351194,0
1784304751.105591,FIXED400,TRACKING,400,24.738624,48.614485,0.045123,0.654752,4.995770,0.000000,2.000000,5.000000,1.346011,0
1784304751.155596,FIXED400,TRACKING,400,24.627385,37.946813,0.047580,0.664699,4.988838,0.000000,2.000000,5.000000,1.336195,0
1784304751.205598,FIXED400,TRACKING,400,27.232245,52.449530,0.048980,0.668782,4.987611,0.000000,2.000000,5.000000,1.332176,0
1784304751.255594,FIXED400,TRACKING,400,24.144050,37.781842,0.051356,0.676599,4.987840,0.000000,2.000000,5.000000,1.324452,0
1784304751.305607,FIXED400,TRACKING,400,23.197780,48.880568,0.052290,0.679385,4.990613,0.000000,2.000000,5.000000,1.321683,0
1784304751.355608,FIXED400,TRACKING,400,24.069884,37.463272,0.055392,0.682815,5.002352,0.000000,2.000000,5.000000,1.318352,0
1784304751.405609,FIXED400,TRACKING,400,24.298480,50.086226,0.056462,0.684549,5.005525,0.000000,2.000000,5.000000,1.316673,0
1784304751.455611,FIXED400,TRACKING,400,25.155056,38.586323,0.059564,0.687960,5.013216,0.000000,2.000000,5.000000,1.313458,0
1784304751.505720,FIXED400,TRACKING,400,23.414424,48.218475,0.060919,0.689707,5.015998,0.000000,2.000000,5.000000,1.311806,0
1784304751.555626,FIXED400,TRACKING,400,23.818359,37.189563,0.062458,0.692467,5.021383,0.000000,2.000000,5.000000,1.309199,0
1784304751.605623,FIXED400,TRACKING,400,23.811865,49.854062,0.062578,0.692755,5.024448,0.000000,2.000000,5.000000,1.308971,0
1784304751.655624,FIXED400,TRACKING,400,23.335417,36.648263,0.062220,0.694344,5.030371,0.000000,2.000000,5.000000,1.307490,0
1784304751.705620,FIXED400,TRACKING,400,24.826698,51.325947,0.062494,0.693386,5.033634,0.000000,2.000000,5.000000,1.308540,0
1784304751.755660,FIXED400,TRACKING,400,23.602702,37.207123,0.062041,0.692889,5.038065,0.000000,2.000000,5.000000,1.309136,0
1784304751.805629,FIXED400,TRACKING,400,23.123823,49.386255,0.061405,0.693478,5.039618,0.000000,2.000000,5.000000,1.308564,0
1784304751.855660,FIXED400,TRACKING,400,24.661700,38.288359,0.062245,0.692221,5.047915,0.000000,2.000000,5.000000,1.310136,0
1784304751.905678,FIXED400,TRACKING,400,26.421069,51.609328,0.062366,0.692639,5.051087,0.000000,2.000000,5.000000,1.309844,0
1784304751.955664,FIXED400,TRACKING,400,25.762301,39.237467,0.059952,0.694369,5.057015,0.000000,2.000000,5.000000,1.308250,0
1784304752.005656,FIXED400,TRACKING,400,39.893622,64.021796,0.058343,0.695727,5.059726,0.000000,2.000000,5.000000,1.306942,0
1784304752.055640,FIXED400,TRACKING,400,23.934209,33.909161,0.055756,0.697774,5.067476,0.000000,2.000000,5.000000,1.305164,0
1784304752.105674,FIXED400,TRACKING,400,25.136679,51.130339,0.055631,0.697840,5.072772,0.000000,2.000000,5.000000,1.305377,0
1784304752.155683,FIXED400,TRACKING,400,25.374482,38.998494,0.054608,0.699708,5.081666,0.000000,2.000000,5.000000,1.303998,0
1784304752.205695,FIXED400,TRACKING,400,24.828721,49.359370,0.054145,0.703911,5.086483,0.000000,2.000000,5.000000,1.300099,0
1784304752.255675,FIXED400,TRACKING,400,28.165628,41.780325,0.052904,0.714823,5.094373,0.000000,2.000000,5.000000,1.289723,0
1784304752.305663,FIXED400,TRACKING,400,24.961029,46.605847,0.051897,0.719357,5.096282,0.000000,2.000000,5.000000,1.285305,0
1784304752.355652,FIXED400,TRACKING,400,23.073950,36.647406,0.048078,0.727991,5.101935,0.000000,2.000000,5.000000,1.276992,0
1784304752.405666,FIXED400,TRACKING,400,22.765829,49.537928,0.046060,0.732335,5.102160,0.000000,2.000000,5.000000,1.272609,0
1784304752.455667,FIXED400,TRACKING,400,22.794759,36.388904,0.040660,0.738714,5.101167,0.000000,2.000000,5.000000,1.265990,0
1784304752.505668,FIXED400,TRACKING,400,23.979935,51.101709,0.038037,0.741182,5.098335,0.000000,2.000000,5.000000,1.263225,0
1784304752.555677,FIXED400,TRACKING,400,22.644165,36.312342,0.031562,0.747360,5.091940,0.000000,2.000000,5.000000,1.256406,0
1784304752.605670,FIXED400,TRACKING,400,22.885194,50.147525,0.027431,0.751173,5.090335,0.000000,2.000000,5.000000,1.252390,0
1784304752.655674,FIXED400,TRACKING,400,22.783503,36.441697,0.018085,0.760903,5.087269,0.000000,2.000000,5.000000,1.242298,0
1784304752.705674,FIXED400,TRACKING,400,23.150446,50.276610,0.013730,0.762860,5.086357,0.000000,2.000000,5.000000,1.240226,0
1784304752.755723,FIXED400,TRACKING,400,25.241873,38.927857,0.004753,0.768084,5.082067,0.000000,2.000000,5.000000,1.234656,0
1784304752.805711,FIXED400,TRACKING,400,28.719922,53.363017,0.000092,0.770968,5.079468,0.000000,2.000000,5.000000,1.231599,0
1784304752.855715,FIXED400,TRACKING,400,25.117656,38.813239,-0.010772,0.776820,5.077647,0.000000,2.000000,5.000000,1.225689,0
1784304752.905719,FIXED400,TRACKING,400,23.716101,48.397888,-0.015570,0.779459,5.076925,0.000000,2.000000,5.000000,1.223062,0
1784304752.955683,FIXED400,TRACKING,400,23.707987,37.163673,-0.022710,0.783727,5.073648,0.000000,2.000000,5.000000,1.218712,0
1784304753.005809,FIXED400,TRACKING,400,23.961071,50.282240,-0.025716,0.785973,5.071793,0.000000,2.000000,5.000000,1.216420,0
1784304753.055712,FIXED400,TRACKING,400,23.144813,36.823735,-0.031363,0.794074,5.071266,0.000000,2.000000,5.000000,1.208437,0
1784304753.105727,FIXED400,TRACKING,400,22.695478,49.424662,-0.033303,0.799760,5.073435,0.000000,2.000000,5.000000,1.202945,0
1784304753.155702,FIXED400,TRACKING,400,25.881872,39.613481,-0.036191,0.810237,5.076101,0.000000,2.000000,5.000000,1.192743,0
1784304753.205707,FIXED400,TRACKING,400,32.401437,56.421261,-0.036025,0.814303,5.078384,0.000000,2.000000,5.000000,1.188831,0
1784304753.255738,FIXED400,TRACKING,400,40.468287,54.138905,-0.034235,0.821925,5.082432,0.000000,2.000000,5.000000,1.181452,0
1784304753.305746,FIXED400,TRACKING,400,22.908848,32.310064,-0.032913,0.824610,5.081761,0.000000,2.000000,5.000000,1.178690,0
1784304753.355738,FIXED400,TRACKING,400,23.265277,36.980818,-0.028269,0.826970,5.078660,0.000000,2.000000,5.000000,1.176004,0
1784304753.405741,FIXED400,TRACKING,400,23.339594,49.984597,-0.025944,0.828418,5.076374,0.000000,2.000000,5.000000,1.174355,0
1784304753.455752,FIXED400,TRACKING,400,23.438262,37.150126,-0.020862,0.835447,5.069875,0.000000,2.000000,5.000000,1.166834,0
1784304753.505712,FIXED400,TRACKING,400,24.486118,50.893274,-0.018530,0.838753,5.068318,0.000000,2.000000,5.000000,1.163403,0
1784304753.555748,FIXED400,TRACKING,400,24.603582,38.343869,-0.013972,0.840700,5.068570,0.000000,2.000000,5.000000,1.161410,0
1784304753.605750,FIXED400,TRACKING,400,22.890207,48.185175,-0.011931,0.839010,5.069512,0.000000,2.000000,5.000000,1.163130,0
1784304753.655771,FIXED400,TRACKING,400,23.416841,36.964464,-0.008139,0.836906,5.069747,0.000000,2.000000,5.000000,1.165212,0
1784304753.705771,FIXED400,TRACKING,400,23.074183,49.534958,-0.006823,0.834851,5.071960,0.000000,2.000000,5.000000,1.167389,0
1784304753.755781,FIXED400,TRACKING,400,22.852370,36.634209,-0.004812,0.832557,5.078078,0.000000,2.000000,5.000000,1.170061,0
1784304753.805775,FIXED400,TRACKING,400,22.776494,49.818411,-0.004048,0.831941,5.080590,0.000000,2.000000,5.000000,1.170842,0
1784304753.855734,FIXED400,TRACKING,400,28.942567,42.568225,-0.001187,0.832458,5.081225,0.000000,2.000000,5.000000,1.170365,0
1784304753.905761,FIXED400,TRACKING,400,27.669642,48.551273,-0.000037,0.832669,5.080791,0.000000,2.000000,5.000000,1.170124,0
1784304753.955730,FIXED400,TRACKING,400,24.392623,37.899171,-0.001716,0.831198,5.085871,0.000000,2.000000,5.000000,1.171953,0
1784304754.005790,FIXED400,TRACKING,400,22.984928,48.530779,-0.003004,0.830563,5.087979,0.000000,2.000000,5.000000,1.172746,0
1784304754.055782,FIXED400,TRACKING,400,24.241189,38.006266,-0.005217,0.830040,5.091625,0.000000,2.000000,5.000000,1.173554,0
1784304754.105783,FIXED400,TRACKING,400,22.996274,48.653287,-0.005753,0.829929,5.092331,0.000000,2.000000,5.000000,1.173722,0
1784304754.155785,FIXED400,TRACKING,400,23.754071,37.528026,-0.006425,0.830963,5.090225,0.000000,2.000000,5.000000,1.172531,0
1784304754.205782,FIXED400,TRACKING,400,23.863840,50.008457,-0.006378,0.831077,5.085371,0.000000,2.000000,5.000000,1.172054,0
1784304754.255793,FIXED400,TRACKING,400,25.654965,39.471635,-0.006558,0.832167,5.071281,0.000000,2.000000,5.000000,1.170025,0
1784304754.305793,FIXED400,TRACKING,400,23.947354,48.119582,-0.006422,0.833379,5.065043,0.000000,2.000000,5.000000,1.168450,0
1784304754.355812,FIXED400,TRACKING,400,26.763482,40.514144,-0.004825,0.838502,5.051542,0.000000,2.000000,5.000000,1.162651,0
1784304754.405763,FIXED400,TRACKING,400,26.646056,49.680387,-0.004460,0.840435,5.046093,0.000000,2.000000,5.000000,1.160490,0
1784304754.455768,FIXED400,TRACKING,400,32.282342,45.983098,-0.003040,0.844582,5.036390,0.000000,2.000000,5.000000,1.155995,0
1784304754.505803,FIXED400,TRACKING,400,27.515893,45.130207,-0.002413,0.846207,5.031960,0.000000,2.000000,5.000000,1.154238,0
1784304754.555806,FIXED400,TRACKING,400,36.382679,50.186564,-0.001346,0.848317,5.022417,0.000000,2.000000,5.000000,1.151902,0
1784304754.605791,FIXED400,TRACKING,400,24.291003,37.767928,-0.000759,0.848842,5.017602,0.000000,2.000000,5.000000,1.151293,0
1784304754.655799,FIXED400,TRACKING,400,27.896696,41.644304,0.000774,0.849042,5.007641,0.000000,2.000000,5.000000,1.150983,0
1784304754.705812,FIXED400,TRACKING,400,27.999536,49.959421,0.002023,0.844986,5.003726,0.000000,2.000000,5.000000,1.155022,0
1784304754.755776,FIXED400,TRACKING,400,31.203037,44.969544,0.004010,0.835400,4.995279,0.000000,2.000000,5.000000,1.164616,0
1784304754.805817,FIXED400,TRACKING,400,25.310455,44.008945,0.004551,0.829556,4.991720,0.000000,2.000000,5.000000,1.170482,0
1784304754.855822,FIXED400,TRACKING,400,29.384484,43.073867,0.007452,0.811497,4.987738,0.000000,2.000000,5.000000,1.188590,0
1784304754.905791,FIXED400,TRACKING,400,31.924984,52.256609,0.008062,0.802614,4.985720,0.000000,2.000000,5.000000,1.197498,0
1784304754.955814,FIXED400,TRACKING,400,27.931773,41.738752,0.009828,0.783930,4.985011,0.000000,2.000000,5.000000,1.216202,0
1784304755.005791,FIXED400,TRACKING,400,25.154570,47.033459,0.010597,0.774006,4.985294,0.000000,2.000000,5.000000,1.226128,0
1784304755.055832,FIXED400,TRACKING,400,29.406472,43.106921,0.012873,0.750361,4.989224,0.000000,2.000000,5.000000,1.249752,0
1784304755.105790,FIXED400,TRACKING,400,24.165313,44.533214,0.014665,0.739149,4.991812,0.000000,2.000000,5.000000,1.260963,0
1784304755.155824,FIXED400,TRACKING,400,26.049042,39.936232,0.017012,0.716402,4.990980,0.000000,2.000000,5.000000,1.283743,0
1784304755.205808,FIXED400,TRACKING,400,25.237057,48.966828,0.017386,0.704845,4.992037,0.000000,2.000000,5.000000,1.295297,0
1784304755.255856,FIXED400,TRACKING,400,24.875751,38.684013,0.017845,0.678728,4.998998,0.000000,2.000000,5.000000,1.321393,0
1784304755.305801,FIXED400,TRACKING,400,27.143250,52.030453,0.018431,0.666856,5.002880,0.000000,2.000000,5.000000,1.333274,0
1784304755.355829,FIXED400,TRACKING,400,24.596812,38.381033,0.021160,0.641481,5.012826,0.000000,2.000000,5.000000,1.358744,0
1784304755.405938,FIXED400,TRACKING,400,24.173214,49.502822,0.022402,0.629644,5.017573,0.000000,2.000000,5.000000,1.370652,0
1784304755.455845,FIXED400,TRACKING,400,25.417608,39.211581,0.027053,0.602705,5.031456,0.000000,2.000000,5.000000,1.397911,0
1784304755.505819,FIXED400,TRACKING,400,27.582901,52.029658,0.029395,0.591606,5.037172,0.000000,2.000000,5.000000,1.409191,0
1784304755.555888,FIXED400,TRACKING,400,23.484624,37.409869,0.035333,0.573489,5.046316,0.000000,2.000000,5.000000,1.427700,0
1784304755.605907,FIXED400,TRACKING,400,31.981049,58.348165,0.039314,0.566600,5.050528,0.000000,2.000000,5.000000,1.434829,0
1784304755.655847,FIXED400,TRACKING,400,22.918540,36.862943,0.046791,0.553631,5.058124,0.000000,2.000000,5.000000,1.448293,0
1784304755.705870,FIXED400,TRACKING,400,24.128802,51.125581,0.052893,0.548338,5.061535,0.000000,2.000000,5.000000,1.453928,0
1784304755.755821,FIXED400,TRACKING,400,23.403218,36.989154,0.063302,0.539233,5.065419,0.000000,2.000000,5.000000,1.463601,0
1784304755.805825,FIXED400,TRACKING,400,25.017399,51.460597,0.067660,0.535208,5.067447,0.000000,2.000000,5.000000,1.467904,0
1784304755.855866,FIXED400,TRACKING,400,31.726518,45.616518,0.075326,0.526624,5.073613,0.000000,2.000000,5.000000,1.477136,0
1784304755.905831,FIXED400,TRACKING,400,26.049993,44.143515,0.078016,0.523854,5.075309,0.000000,2.000000,5.000000,1.480123,0
1784304755.955842,FIXED400,TRACKING,400,24.265640,37.963953,0.080819,0.522232,5.078219,0.000000,2.000000,5.000000,1.482042,0
1784304756.005875,FIXED400,TRACKING,400,30.457399,56.109091,0.081495,0.522583,5.077836,0.000000,2.000000,5.000000,1.481708,0
1784304756.055879,FIXED400,TRACKING,400,23.430468,37.128603,0.080842,0.525983,5.071480,0.000000,2.000000,5.000000,1.477962,0
1784304756.105869,FIXED400,TRACKING,400,26.790626,53.253830,0.079189,0.528939,5.066571,0.000000,2.000000,5.000000,1.474694,0
1784304756.155880,FIXED400,TRACKING,400,27.028599,40.898326,0.075162,0.536628,5.057180,0.000000,2.000000,5.000000,1.466416,0
1784304756.205881,FIXED400,TRACKING,400,23.810403,46.631311,0.071134,0.540625,5.054433,0.000000,2.000000,5.000000,1.462121,0
1784304756.255846,FIXED400,TRACKING,400,27.915048,41.576953,0.060408,0.551098,5.051023,0.000000,2.000000,5.000000,1.451058,0
1784304756.305906,FIXED400,TRACKING,400,22.850786,44.845287,0.055484,0.557596,5.050478,0.000000,2.000000,5.000000,1.444353,0
1784304756.355900,FIXED400,TRACKING,400,22.984067,36.788128,0.045217,0.577251,5.052727,0.000000,2.000000,5.000000,1.424443,0
1784304756.405894,FIXED400,TRACKING,400,23.924179,50.821418,0.039870,0.586470,5.053697,0.000000,2.000000,5.000000,1.415111,0
1784304756.455894,FIXED400,TRACKING,400,23.860313,37.677740,0.026265,0.602045,5.053256,0.000000,2.000000,5.000000,1.399216,0
1784304756.505855,FIXED400,TRACKING,400,23.149753,49.133275,0.020110,0.608242,5.051905,0.000000,2.000000,5.000000,1.392871,0
1784304756.555918,FIXED400,TRACKING,400,23.176676,37.037970,0.009036,0.621367,5.047230,0.000000,2.000000,5.000000,1.379471,0
1784304756.605920,FIXED400,TRACKING,400,27.617706,54.345917,0.004287,0.628153,5.046581,0.000000,2.000000,5.000000,1.372645,0
1784304756.655895,FIXED400,TRACKING,400,27.760679,41.616223,-0.006091,0.644656,5.046504,0.000000,2.000000,5.000000,1.356155,0
1784304756.705870,FIXED400,TRACKING,400,26.239346,48.290942,-0.009959,0.651335,5.046450,0.000000,2.000000,5.000000,1.349501,0
1784304756.755874,FIXED400,TRACKING,400,24.409747,38.020569,-0.017281,0.665985,5.042986,0.000000,2.000000,5.000000,1.334819,0
1784304756.805878,FIXED400,TRACKING,400,24.078810,49.533963,-0.020606,0.673808,5.041053,0.000000,2.000000,5.000000,1.326988,0
1784304756.855880,FIXED400,TRACKING,400,25.544728,39.189587,-0.028686,0.693951,5.038946,0.000000,2.000000,5.000000,1.306944,0
1784304756.905926,FIXED400,TRACKING,400,24.540134,48.831766,-0.031698,0.703158,5.037926,0.000000,2.000000,5.000000,1.297783,0
1784304756.955877,FIXED400,TRACKING,400,24.521220,38.220312,-0.035461,0.718761,5.035423,0.000000,2.000000,5.000000,1.282219,0
1784304757.005884,FIXED400,TRACKING,400,24.030992,49.368821,-0.036754,0.726004,5.035041,0.000000,2.000000,5.000000,1.275008,0
1784304757.055884,FIXED400,TRACKING,400,23.831839,37.461257,-0.037493,0.742036,5.034960,0.000000,2.000000,5.000000,1.259008,0
1784304757.105893,FIXED400,TRACKING,400,22.849807,48.876498,-0.036637,0.748851,5.034669,0.000000,2.000000,5.000000,1.252166,0
1784304757.155882,FIXED400,TRACKING,400,24.057831,37.747126,-0.035557,0.762661,5.030634,0.000000,2.000000,5.000000,1.238228,0
1784304757.205898,FIXED400,TRACKING,400,24.748816,50.551962,-0.035228,0.770493,5.028498,0.000000,2.000000,5.000000,1.230341,0
1784304757.255891,FIXED400,TRACKING,400,23.835493,37.591732,-0.034571,0.787616,5.025849,0.000000,2.000000,5.000000,1.213152,0
1784304757.305896,FIXED400,TRACKING,400,24.309306,50.321144,-0.034625,0.793775,5.024322,0.000000,2.000000,5.000000,1.206967,0
1784304757.355939,FIXED400,TRACKING,400,23.158157,37.168563,-0.036613,0.800185,5.024453,0.000000,2.000000,5.000000,1.200622,0
1784304757.405916,FIXED400,TRACKING,400,24.685557,51.371032,-0.037137,0.803300,5.025486,0.000000,2.000000,5.000000,1.197547,0
1784304757.455904,FIXED400,TRACKING,400,23.647465,37.330704,-0.036255,0.807090,5.029363,0.000000,2.000000,5.000000,1.193822,0
1784304757.505911,FIXED400,TRACKING,400,23.938488,50.156854,-0.035456,0.808403,5.031500,0.000000,2.000000,5.000000,1.192541,0
1784304757.555905,FIXED400,TRACKING,400,23.908069,37.607226,-0.032572,0.810968,5.037135,0.000000,2.000000,5.000000,1.190058,0
1784304757.605917,FIXED400,TRACKING,400,22.955692,48.964483,-0.030263,0.811618,5.039768,0.000000,2.000000,5.000000,1.189432,0
1784304757.655902,FIXED400,TRACKING,400,24.130975,37.872044,-0.025868,0.813009,5.042234,0.000000,2.000000,5.000000,1.188024,0
1784304757.705913,FIXED400,TRACKING,400,24.289795,50.008580,-0.024349,0.809508,5.043994,0.000000,2.000000,5.000000,1.191553,0
1784304757.755915,FIXED400,TRACKING,400,23.066969,36.860605,-0.021848,0.803888,5.047411,0.000000,2.000000,5.000000,1.197250,0
1784304757.805962,FIXED400,TRACKING,400,23.476431,50.302250,-0.020939,0.801771,5.048649,0.000000,2.000000,5.000000,1.199399,0
1784304757.855916,FIXED400,TRACKING,400,24.903030,38.586175,-0.017098,0.799297,5.059114,0.000000,2.000000,5.000000,1.202279,0
1784304757.905894,FIXED400,TRACKING,400,23.983453,48.867175,-0.015697,0.798904,5.062478,0.000000,2.000000,5.000000,1.202822,0
1784304757.955954,FIXED400,TRACKING,400,24.106464,37.816586,-0.010544,0.802105,5.073822,0.000000,2.000000,5.000000,1.200214,0
1784304758.005922,FIXED400,TRACKING,400,23.020492,48.734575,-0.007801,0.804802,5.080086,0.000000,2.000000,5.000000,1.197903,0
1784304758.055927,FIXED400,TRACKING,400,23.323693,37.043376,-0.002502,0.811716,5.088660,0.000000,2.000000,5.000000,1.191589,0
1784304758.105937,FIXED400,TRACKING,400,23.464834,50.022134,-0.000693,0.814982,5.089851,0.000000,2.000000,5.000000,1.188420,0
1784304758.155982,FIXED400,TRACKING,400,23.666457,37.436375,0.002680,0.822046,5.090156,0.000000,2.000000,5.000000,1.181402,0
1784304758.205956,FIXED400,TRACKING,400,28.893047,55.057586,0.005690,0.825443,5.091043,0.000000,2.000000,5.000000,1.178094,0
1784304758.255972,FIXED400,TRACKING,400,24.542401,38.301307,0.012508,0.833118,5.088801,0.000000,2.000000,5.000000,1.170322,0
1784304758.305964,FIXED400,TRACKING,400,23.203517,48.499874,0.015125,0.836280,5.084638,0.000000,2.000000,5.000000,1.166891,0
1784304758.355987,FIXED400,TRACKING,400,23.006118,36.740819,0.019963,0.841287,5.072001,0.000000,2.000000,5.000000,1.161119,0
1784304758.405942,FIXED400,TRACKING,400,23.692168,50.513695,0.022101,0.844065,5.064160,0.000000,2.000000,5.000000,1.157925,0
1784304758.455982,FIXED400,TRACKING,400,23.513092,37.285178,0.024959,0.849861,5.048118,0.000000,2.000000,5.000000,1.151416,0
1784304758.505965,FIXED400,TRACKING,400,23.321417,49.670543,0.025747,0.852479,5.041965,0.000000,2.000000,5.000000,1.148577,0
1784304758.555957,FIXED400,TRACKING,400,22.945629,36.708716,0.027226,0.858276,5.029534,0.000000,2.000000,5.000000,1.142431,0
1784304758.605966,FIXED400,TRACKING,400,28.004145,54.914113,0.028027,0.861369,5.022413,0.000000,2.000000,5.000000,1.139196,0
1784304758.656008,FIXED400,TRACKING,400,23.749698,37.581963,0.029315,0.867636,5.008830,0.000000,2.000000,5.000000,1.132778,0
1784304758.705947,FIXED400,TRACKING,400,23.907008,49.936621,0.030675,0.866256,5.002279,0.000000,2.000000,5.000000,1.134161,0
1784304758.756014,FIXED400,TRACKING,400,22.760716,36.590452,0.032597,0.863746,4.989960,0.000000,2.000000,5.000000,1.136766,0
1784304758.805973,FIXED400,TRACKING,400,23.573944,50.631439,0.033243,0.862621,4.984777,0.000000,2.000000,5.000000,1.137967,0
1784304758.856027,FIXED400,TRACKING,400,22.915260,36.851057,0.034233,0.861112,4.969583,0.000000,2.000000,5.000000,1.139808,0
1784304758.905983,FIXED400,TRACKING,400,22.773636,49.628709,0.034496,0.860835,4.964530,0.000000,2.000000,5.000000,1.140239,0
1784304758.956023,FIXED400,TRACKING,400,24.817837,38.589836,0.034829,0.854772,4.954319,0.000000,2.000000,5.000000,1.146668,0
1784304759.005980,FIXED400,TRACKING,400,22.881940,47.868332,0.034952,0.851138,4.948256,0.000000,2.000000,5.000000,1.150557,0
1784304759.056034,FIXED400,TRACKING,400,23.494394,37.367410,0.034964,0.844021,4.938489,0.000000,2.000000,5.000000,1.158142,0
1784304759.105994,FIXED400,TRACKING,400,23.225458,49.547172,0.034859,0.842057,4.936074,0.000000,2.000000,5.000000,1.160230,0
1784304759.156035,FIXED400,TRACKING,400,24.374399,38.378851,0.034226,0.839423,4.934073,0.000000,2.000000,5.000000,1.162951,0
1784304759.205998,FIXED400,TRACKING,400,23.323209,48.789268,0.033275,0.836963,4.933783,0.000000,2.000000,5.000000,1.165395,0
1784304759.256036,FIXED400,TRACKING,400,24.481632,38.373918,0.030806,0.831392,4.933002,0.000000,2.000000,5.000000,1.170932,0
1784304759.306035,FIXED400,TRACKING,400,22.755743,48.131306,0.029533,0.829120,4.933615,0.000000,2.000000,5.000000,1.173132,0
1784304759.356049,FIXED400,TRACKING,400,22.851601,36.775948,0.025715,0.824554,4.934222,0.000000,2.000000,5.000000,1.177566,0
1784304759.406037,FIXED400,TRACKING,400,23.029681,50.031973,0.023916,0.823342,4.934982,0.000000,2.000000,5.000000,1.178696,0
1784304759.456144,FIXED400,TRACKING,400,22.821197,36.759761,0.019620,0.823178,4.942218,0.000000,2.000000,5.000000,1.178403,0
1784304759.506020,FIXED400,TRACKING,400,23.404279,50.315099,0.017600,0.824079,4.946112,0.000000,2.000000,5.000000,1.177286,0
1784304759.556036,FIXED400,TRACKING,400,22.767974,36.694866,0.012877,0.828998,4.953005,0.000000,2.000000,5.000000,1.172015,0
1784304759.606031,FIXED400,TRACKING,400,22.865551,49.979983,0.010021,0.833221,4.957382,0.000000,2.000000,5.000000,1.167600,0
1784304759.656064,FIXED400,TRACKING,400,23.337387,37.301578,0.003603,0.842437,4.970235,0.000000,2.000000,5.000000,1.157951,0
1784304759.705968,FIXED400,TRACKING,400,23.251554,23.277980,0.000497,0.847257,4.987220,0.000000,2.000000,5.000000,1.152814,0
1784304759.756014,FIXED400,TRACKING,400,23.185437,36.982054,-0.001265,0.849982,4.994786,0.000000,2.000000,5.000000,1.150031,0
1784304759.805969,FIXED400,TRACKING,400,23.267291,49.880725,-0.003166,0.852652,5.000987,0.000000,2.000000,5.000000,1.147353,0
1784304759.856021,FIXED400,TRACKING,400,24.192735,37.944931,-0.005470,0.855262,5.016093,0.000000,2.000000,5.000000,1.144864,0
1784304759.906029,FIXED400,TRACKING,400,24.126260,49.762070,-0.006745,0.856689,5.021929,0.000000,2.000000,5.000000,1.143541,0
1784304759.956064,FIXED400,TRACKING,400,23.099820,36.977040,-0.011495,0.857726,5.035654,0.000000,2.000000,5.000000,1.142888,0
1784304760.006027,FIXED400,TRACKING,400,28.485859,55.216996,-0.014353,0.858301,5.041759,0.000000,2.000000,5.000000,1.142553,0
1784304760.056041,FIXED400,TRACKING,400,26.188616,40.010254,-0.020195,0.860353,5.054531,0.000000,2.000000,5.000000,1.141130,0
1784304760.106006,FIXED400,TRACKING,400,24.958980,48.579048,-0.022210,0.861655,5.060379,0.000000,2.000000,5.000000,1.140162,0
1784304760.156030,FIXED400,TRACKING,400,25.898639,39.737830,-0.026408,0.864896,5.068502,0.000000,2.000000,5.000000,1.137476,0
1784304760.205981,FIXED400,TRACKING,400,22.927428,46.849772,-0.029712,0.864617,5.073432,0.000000,2.000000,5.000000,1.138143,0
1784304760.256067,FIXED400,TRACKING,400,26.548505,40.379513,-0.037093,0.863194,5.082469,0.000000,2.000000,5.000000,1.140397,0
1784304760.306046,FIXED400,TRACKING,400,26.940745,50.268595,-0.040568,0.862661,5.085797,0.000000,2.000000,5.000000,1.141292,0
1784304760.356045,FIXED400,TRACKING,400,24.472762,38.275514,-0.050050,0.861040,5.091975,0.000000,2.000000,5.000000,1.143764,0
1784304760.406011,FIXED400,TRACKING,400,36.710673,62.085867,-0.053943,0.860223,5.093956,0.000000,2.000000,5.000000,1.144915,0
1784304760.456076,FIXED400,TRACKING,400,29.418618,41.193769,-0.062111,0.856024,5.099511,0.000000,2.000000,5.000000,1.149975,0
1784304760.505980,FIXED400,TRACKING,400,24.185251,24.210439,-0.067806,0.851790,5.101534,0.000000,2.000000,5.000000,1.154683,0
1784304760.556062,FIXED400,TRACKING,400,26.350998,40.213670,-0.067802,0.850266,5.101680,0.000000,2.000000,5.000000,1.156211,0
1784304760.606042,FIXED400,TRACKING,400,24.186887,24.305802,-0.065942,0.847076,5.098590,0.000000,2.000000,5.000000,1.159009,0
1784304760.656093,FIXED400,TRACKING,400,23.230647,37.164010,-0.064530,0.844516,5.095335,0.000000,2.000000,5.000000,1.161205,0
1784304760.706045,FIXED400,TRACKING,400,25.150132,25.303901,-0.054907,0.836353,5.097062,0.000000,2.000000,5.000000,1.168978,0
1784304760.756068,FIXED400,TRACKING,400,31.625257,45.536339,-0.050436,0.832382,5.095228,0.000000,2.000000,5.000000,1.172580,0
1784304760.806086,FIXED400,TRACKING,400,36.592725,54.833507,-0.046098,0.828646,5.091987,0.000000,2.000000,5.000000,1.175865,0
1784304760.856114,FIXED400,TRACKING,400,25.411523,38.710032,-0.032674,0.818718,5.089522,0.000000,2.000000,5.000000,1.185120,0
1784304760.906035,FIXED400,TRACKING,400,24.748933,24.773411,-0.020232,0.811904,5.086974,0.000000,2.000000,5.000000,1.191447,0
1784304760.956116,FIXED400,TRACKING,400,24.146697,38.090425,-0.013694,0.808996,5.086483,0.000000,2.000000,5.000000,1.194218,0
1784304761.006081,FIXED400,TRACKING,400,30.314949,56.002725,-0.007205,0.805921,5.084612,0.000000,2.000000,5.000000,1.197095,0
1784304761.056138,FIXED400,TRACKING,400,25.363701,39.193090,0.006634,0.798126,5.075684,0.000000,2.000000,5.000000,1.204273,0
1784304761.106089,FIXED400,TRACKING,400,24.120774,48.596184,0.012197,0.794144,5.070998,0.000000,2.000000,5.000000,1.208006,0
1784304761.156126,FIXED400,TRACKING,400,32.665366,46.607877,0.022384,0.787318,5.063100,0.000000,2.000000,5.000000,1.214529,0
1784304761.206074,FIXED400,TRACKING,400,24.750909,41.888211,0.027088,0.783402,5.058647,0.000000,2.000000,5.000000,1.218312,0
1784304761.256119,FIXED400,TRACKING,400,34.703444,48.640678,0.036418,0.775524,5.049435,0.000000,2.000000,5.000000,1.226015,0
1784304761.306071,FIXED400,TRACKING,400,23.656863,23.750646,0.041440,0.766910,5.043262,0.000000,2.000000,5.000000,1.234545,0
1784304761.356140,FIXED400,TRACKING,400,23.284480,37.289517,0.043176,0.761908,5.041263,0.000000,2.000000,5.000000,1.239532,0
1784304761.406105,FIXED400,TRACKING,400,23.139036,49.676616,0.044853,0.756876,5.039468,0.000000,2.000000,5.000000,1.244559,0
1784304761.456129,FIXED400,TRACKING,400,28.474671,42.384148,0.046022,0.746661,5.030696,0.000000,2.000000,5.000000,1.254559,0
1784304761.506113,FIXED400,TRACKING,400,24.080805,45.461500,0.045992,0.742690,5.025745,0.000000,2.000000,5.000000,1.258414,0
1784304761.556167,FIXED400,TRACKING,400,24.272259,38.459555,0.045997,0.735410,5.018526,0.000000,2.000000,5.000000,1.265562,0
1784304761.606117,FIXED400,TRACKING,400,23.150430,48.701079,0.046037,0.732238,5.016465,0.000000,2.000000,5.000000,1.268705,0
1784304761.656130,FIXED400,TRACKING,400,24.648790,38.652361,0.045531,0.728113,5.010310,0.000000,2.000000,5.000000,1.272743,0
1784304761.706066,FIXED400,TRACKING,400,39.826648,64.938510,0.045093,0.728024,5.006308,0.000000,2.000000,5.000000,1.272791,0
1784304761.756150,FIXED400,TRACKING,400,26.977182,37.110123,0.044032,0.729625,4.998807,0.000000,2.000000,5.000000,1.271139,0
1784304761.806106,FIXED400,TRACKING,400,23.200299,46.046142,0.043482,0.731334,4.996257,0.000000,2.000000,5.000000,1.269416,0
1784304761.856145,FIXED400,TRACKING,400,24.968787,38.994729,0.043665,0.737426,4.995436,0.000000,2.000000,5.000000,1.263337,0
1784304761.906070,FIXED400,TRACKING,400,22.617100,22.638963,0.043206,0.743467,4.993248,0.000000,2.000000,5.000000,1.257293,0
1784304761.956172,FIXED400,TRACKING,400,24.033623,38.056975,0.042899,0.747570,4.992623,0.000000,2.000000,5.000000,1.253186,0
1784304762.006144,FIXED400,TRACKING,400,33.190510,58.992809,0.042446,0.751526,4.991593,0.000000,2.000000,5.000000,1.249224,0
1784304762.056178,FIXED400,TRACKING,400,25.479469,39.487058,0.040867,0.762115,4.991462,0.000000,2.000000,5.000000,1.238588,0
1784304762.106152,FIXED400,TRACKING,400,23.303404,47.690205,0.040019,0.768300,4.992046,0.000000,2.000000,5.000000,1.232375,0
1784304762.156166,FIXED400,TRACKING,400,24.179658,38.167054,0.038147,0.779847,4.992995,0.000000,2.000000,5.000000,1.220769,0
1784304762.206144,FIXED400,TRACKING,400,22.774850,48.417419,0.037809,0.784123,4.994819,0.000000,2.000000,5.000000,1.216476,0
1784304762.256183,FIXED400,TRACKING,400,23.195024,37.278883,0.037022,0.791935,4.997808,0.000000,2.000000,5.000000,1.208634,0
1784304762.306130,FIXED400,TRACKING,400,30.436861,57.086068,0.036298,0.794969,4.999276,0.000000,2.000000,5.000000,1.205577,0
1784304762.356196,FIXED400,TRACKING,400,24.741261,38.725191,0.033834,0.800906,5.000755,0.000000,2.000000,5.000000,1.199571,0
1784304762.406103,FIXED400,TRACKING,400,26.077855,26.102352,0.030965,0.806896,5.001156,0.000000,2.000000,5.000000,1.193506,0
1784304762.456187,FIXED400,TRACKING,400,22.869952,36.801669,0.028256,0.809589,5.002684,0.000000,2.000000,5.000000,1.190750,0
1784304762.506164,FIXED400,TRACKING,400,22.840834,49.837247,0.026046,0.811673,5.003300,0.000000,2.000000,5.000000,1.188617,0
1784304762.556216,FIXED400,TRACKING,400,28.864392,42.960529,0.022664,0.818094,5.001954,0.000000,2.000000,5.000000,1.182125,0
1784304762.606152,FIXED400,TRACKING,400,24.611825,45.559052,0.021763,0.823049,5.001345,0.000000,2.000000,5.000000,1.177153,0
1784304762.656201,FIXED400,TRACKING,400,24.214120,38.246143,0.019687,0.833761,5.001410,0.000000,2.000000,5.000000,1.166406,0
1784304762.706096,FIXED400,TRACKING,400,23.663644,49.249649,0.019222,0.834216,5.001915,0.000000,2.000000,5.000000,1.165944,0
1784304762.756163,FIXED400,TRACKING,400,25.077373,43.053816,0.018224,0.835189,5.003121,0.000000,2.000000,5.000000,1.164958,0
1784304762.806132,FIXED400,TRACKING,400,23.903137,23.932389,0.018083,0.835281,5.003022,0.000000,2.000000,5.000000,1.164864,0
1784304762.856198,FIXED400,TRACKING,400,23.337852,41.377145,0.018317,0.835116,5.002250,0.000000,2.000000,5.000000,1.165030,0
1784304762.906184,FIXED400,TRACKING,400,25.836860,52.362024,0.018325,0.835290,5.000554,0.000000,2.000000,5.000000,1.164854,0
1784304762.956200,FIXED400,TRACKING,400,26.853910,44.860798,0.017240,0.832593,5.001705,0.000000,2.000000,5.000000,1.167536,0
1784304763.006151,FIXED400,TRACKING,400,29.333223,52.292133,0.016573,0.830902,5.002402,0.000000,2.000000,5.000000,1.169218,0
1784304763.056210,FIXED400,TRACKING,400,25.243180,43.311999,0.015896,0.828340,5.002198,0.000000,2.000000,5.000000,1.171769,0
1784304763.106160,FIXED400,TRACKING,400,27.453427,27.678958,0.017262,0.827062,4.999783,0.000000,2.000000,5.000000,1.173065,0
1784304763.156219,FIXED400,TRACKING,400,23.036152,41.107590,0.017743,0.826181,4.997456,0.000000,2.000000,5.000000,1.173956,0
1784304763.206147,FIXED400,TRACKING,400,24.430536,24.455297,0.016104,0.820134,4.990678,0.000000,2.000000,5.000000,1.180013,0
1784304763.256187,FIXED400,TRACKING,400,24.923275,43.024759,0.015240,0.816951,4.987885,0.000000,2.000000,5.000000,1.183209,0
1784304763.306157,FIXED400,TRACKING,400,29.087387,29.128456,0.014474,0.808803,4.979389,0.000000,2.000000,5.000000,1.191463,0
1784304763.356223,FIXED400,TRACKING,400,24.759285,42.902155,0.014338,0.804965,4.973682,0.000000,2.000000,5.000000,1.195411,0
1784304763.406167,FIXED400,TRACKING,400,28.081026,53.156451,0.013988,0.801075,4.968368,0.000000,2.000000,5.000000,1.199423,0
1784304763.456194,FIXED400,TRACKING,400,24.601376,42.512961,0.013899,0.794127,4.963079,0.000000,2.000000,5.000000,1.206519,0
1784304763.506177,FIXED400,TRACKING,400,24.410657,24.554371,0.013334,0.786298,4.962688,0.000000,2.000000,5.000000,1.214349,0
1784304763.556242,FIXED400,TRACKING,400,23.919798,41.994965,0.013776,0.783220,4.962940,0.000000,2.000000,5.000000,1.217422,0
1784304763.606149,FIXED400,TRACKING,400,23.720705,23.753275,0.014456,0.777146,4.964364,0.000000,2.000000,5.000000,1.223458,0
1784304763.656247,FIXED400,TRACKING,400,26.791227,44.855400,0.014319,0.773999,4.966133,0.000000,2.000000,5.000000,1.226553,0
1784304763.706186,FIXED400,TRACKING,400,23.980768,24.078450,0.009284,0.767115,4.966295,0.000000,2.000000,5.000000,1.233381,0
1784304763.756241,FIXED400,TRACKING,400,24.322018,42.449759,0.006861,0.764200,4.966272,0.000000,2.000000,5.000000,1.236279,0
1784304763.806200,FIXED400,TRACKING,400,28.939579,29.065251,0.001280,0.756035,4.961137,0.000000,2.000000,5.000000,1.244573,0
1784304763.856266,FIXED400,TRACKING,400,25.134617,43.309252,-0.001829,0.751072,4.957424,0.000000,2.000000,5.000000,1.249655,0
1784304763.906199,FIXED400,TRACKING,400,23.217217,23.327822,-0.009270,0.740741,4.953412,0.000000,2.000000,5.000000,1.260155,0
1784304763.956219,FIXED400,TRACKING,400,24.798723,42.894544,-0.013372,0.735474,4.953491,0.000000,2.000000,5.000000,1.265451,0
1784304764.006164,FIXED400,TRACKING,400,24.551687,24.573310,-0.021178,0.725599,4.957230,0.000000,2.000000,5.000000,1.275295,0
1784304764.056265,FIXED400,TRACKING,400,28.998382,47.024642,-0.024282,0.721168,4.961335,0.000000,2.000000,5.000000,1.279647,0
1784304764.106167,FIXED400,TRACKING,400,24.411760,24.436089,-0.030056,0.712987,4.968771,0.000000,2.000000,5.000000,1.287743,0
1784304764.156265,FIXED400,TRACKING,400,25.017979,43.159151,-0.032685,0.710351,4.972438,0.000000,2.000000,5.000000,1.290358,0
1784304764.206213,FIXED400,TRACKING,400,26.570941,26.864603,-0.035846,0.702422,4.976511,0.000000,2.000000,5.000000,1.298286,0
1784304764.256277,FIXED400,TRACKING,400,26.101680,44.232133,-0.037310,0.698891,4.977093,0.000000,2.000000,5.000000,1.301846,0
1784304764.306216,FIXED400,TRACKING,400,24.037758,24.125221,-0.037628,0.693135,4.977469,0.000000,2.000000,5.000000,1.307601,0
1784304764.356273,FIXED400,TRACKING,400,24.942547,43.083345,-0.036817,0.691279,4.978263,0.000000,2.000000,5.000000,1.309419,0
1784304764.406250,FIXED400,TRACKING,400,27.423867,52.313244,-0.035946,0.689420,4.979208,0.000000,2.000000,5.000000,1.311238,0
1784304764.456290,FIXED400,TRACKING,400,25.080896,43.186082,-0.035192,0.687189,4.984578,0.000000,2.000000,5.000000,1.313373,0
1784304764.506186,FIXED400,TRACKING,400,23.473884,48.179973,-0.034967,0.686235,4.989153,0.000000,2.000000,5.000000,1.314275,0
1784304764.556289,FIXED400,TRACKING,400,23.789527,42.005333,-0.033824,0.681901,4.996913,0.000000,2.000000,5.000000,1.318536,0
1784304764.606231,FIXED400,TRACKING,400,24.257567,24.424123,-0.031967,0.673674,5.004779,0.000000,2.000000,5.000000,1.326719,0
1784304764.656255,FIXED400,TRACKING,400,22.847342,41.014997,-0.031081,0.670069,5.006537,0.000000,2.000000,5.000000,1.330311,0
1784304764.706212,FIXED400,TRACKING,400,22.699699,22.806133,-0.028562,0.664828,5.005725,0.000000,2.000000,5.000000,1.335489,0
1784304764.756302,FIXED400,TRACKING,400,22.949737,41.154385,-0.027305,0.663023,5.005336,0.000000,2.000000,5.000000,1.337266,0
1784304764.806240,FIXED400,TRACKING,400,24.846194,24.935991,-0.024046,0.662440,5.005317,0.000000,2.000000,5.000000,1.337787,0
1784304764.856318,FIXED400,TRACKING,400,22.963153,41.170301,-0.022120,0.663540,5.006869,0.000000,2.000000,5.000000,1.336661,0
1784304764.906244,FIXED400,TRACKING,400,23.173068,23.356685,-0.018159,0.665355,5.009938,0.000000,2.000000,5.000000,1.334806,0
1784304764.956307,FIXED400,TRACKING,400,25.423722,43.699972,-0.016654,0.665188,5.009982,0.000000,2.000000,5.000000,1.334953,0
1784304765.006257,FIXED400,TRACKING,400,25.867028,26.182047,-0.013800,0.666173,5.010231,0.000000,2.000000,5.000000,1.333938,0
1784304765.056306,FIXED400,TRACKING,400,23.305425,41.678536,-0.012882,0.667545,5.009303,0.000000,2.000000,5.000000,1.332549,0
1784304765.106254,FIXED400,TRACKING,400,24.867468,24.998861,-0.011641,0.671781,5.002623,0.000000,2.000000,5.000000,1.328272,0
1784304765.156316,FIXED400,TRACKING,400,23.675105,42.033968,-0.010990,0.673624,4.998835,0.000000,2.000000,5.000000,1.326422,0
1784304765.206333,FIXED400,TRACKING,400,50.784289,76.999218,-0.008061,0.676522,4.993566,0.000000,2.000000,5.000000,1.323518,1
1784304765.257291,FIXED400,TRACKING,400,22.966309,22.996299,-0.004564,0.679636,4.987934,0.000000,2.000000,5.000000,1.320427,0
1784304765.306264,FIXED400,TRACKING,400,28.940478,29.167598,0.004208,0.684763,4.963799,0.000000,2.000000,5.000000,1.315741,0
1784304765.356344,FIXED400,TRACKING,400,35.619136,54.027561,0.005997,0.684814,4.954088,0.000000,2.000000,5.000000,1.316001,0
1784304765.406251,FIXED400,TRACKING,400,28.077937,28.110935,0.009137,0.686008,4.935583,0.000000,2.000000,5.000000,1.315602,0
1784304765.456343,FIXED400,TRACKING,400,29.990041,48.071094,0.010142,0.687071,4.927582,0.000000,2.000000,5.000000,1.314964,0
1784304765.506273,FIXED400,TRACKING,400,24.749505,25.090503,0.012633,0.688635,4.911493,0.000000,2.000000,5.000000,1.314409,0
1784304765.556305,FIXED400,TRACKING,400,35.196289,53.255017,0.014419,0.688132,4.904707,0.000000,2.000000,5.000000,1.315404,0
1784304765.606276,FIXED400,TRACKING,400,23.684507,23.904041,0.018143,0.685627,4.894651,0.000000,2.000000,5.000000,1.318713,0
1784304765.656329,FIXED400,TRACKING,400,27.711247,45.886669,0.019804,0.683967,4.889699,0.000000,2.000000,5.000000,1.320795,0
1784304765.706288,FIXED400,TRACKING,400,25.178662,25.267013,0.022785,0.677525,4.873203,0.000000,2.000000,5.000000,1.328735,0
1784304765.756377,FIXED400,TRACKING,400,28.057900,46.200009,0.023737,0.675330,4.867547,0.000000,2.000000,5.000000,1.331487,0
1784304765.806245,FIXED400,TRACKING,400,23.523143,45.216904,0.024410,0.673914,4.862813,0.000000,2.000000,5.000000,1.333387,0
1784304765.856356,FIXED400,TRACKING,400,23.616204,42.002355,0.023076,0.665036,4.860215,0.000000,2.000000,5.000000,1.342461,0
1784304765.906308,FIXED400,TRACKING,400,27.030620,27.192942,0.019968,0.658921,4.865284,0.000000,2.000000,5.000000,1.347976,0
1784304765.956358,FIXED400,TRACKING,400,24.853285,43.015949,0.017339,0.656691,4.872119,0.000000,2.000000,5.000000,1.349494,0
1784304766.006287,FIXED400,TRACKING,400,23.378713,23.405229,0.011913,0.652302,4.887403,0.000000,2.000000,5.000000,1.352446,0
1784304766.056382,FIXED400,TRACKING,400,22.915337,41.079991,0.009695,0.651549,4.894312,0.000000,2.000000,5.000000,1.352621,0
1784304766.106251,FIXED400,TRACKING,400,22.980464,23.005090,0.005726,0.652782,4.909382,0.000000,2.000000,5.000000,1.350274,0
1784304766.156328,FIXED400,TRACKING,400,26.487960,44.842308,0.003782,0.653216,4.914980,0.000000,2.000000,5.000000,1.349470,0
1784304766.206303,FIXED400,TRACKING,400,24.548751,24.695452,-0.003539,0.653441,4.924811,0.000000,2.000000,5.000000,1.348661,0
1784304766.256378,FIXED400,TRACKING,400,24.163352,42.398013,-0.007496,0.653552,4.930647,0.000000,2.000000,5.000000,1.348254,0
1784304766.306306,FIXED400,TRACKING,400,24.818668,25.017005,-0.017300,0.650813,4.946927,0.000000,2.000000,5.000000,1.350341,0
1784304766.356362,FIXED400,TRACKING,400,29.661011,48.052420,-0.021676,0.648702,4.955705,0.000000,2.000000,5.000000,1.352198,0
1784304766.406301,FIXED400,TRACKING,400,27.684017,27.833324,-0.029164,0.645462,4.974484,0.000000,2.000000,5.000000,1.355092,0
1784304766.456368,FIXED400,TRACKING,400,24.351341,42.552814,-0.031381,0.643965,4.983258,0.000000,2.000000,5.000000,1.356502,0
1784304766.506305,FIXED400,TRACKING,400,24.520350,24.731363,-0.035756,0.641942,5.002159,0.000000,2.000000,5.000000,1.358531,0
1784304766.556389,FIXED400,TRACKING,400,35.323553,53.509321,-0.037531,0.642636,5.009040,0.000000,2.000000,5.000000,1.357913,0
1784304766.606303,FIXED400,TRACKING,400,26.501532,26.629969,-0.040400,0.645131,5.021187,0.000000,2.000000,5.000000,1.355637,0
1784304766.656356,FIXED400,TRACKING,400,32.986205,51.217561,-0.041533,0.646688,5.026975,0.000000,2.000000,5.000000,1.354218,0
1784304766.706301,FIXED400,TRACKING,400,23.484895,23.574690,-0.040535,0.647652,5.035301,0.000000,2.000000,5.000000,1.353416,0
1784304766.756358,FIXED400,TRACKING,400,28.254105,46.447820,-0.040044,0.648325,5.038111,0.000000,2.000000,5.000000,1.352805,0
1784304766.806310,FIXED400,TRACKING,400,29.605153,29.775297,-0.040520,0.649614,5.041199,0.000000,2.000000,5.000000,1.351622,0
1784304766.856368,FIXED400,TRACKING,400,37.873477,56.189423,-0.041264,0.650224,5.042373,0.000000,2.000000,5.000000,1.351071,0
1784304766.906306,FIXED400,TRACKING,400,23.861437,23.927422,-0.042850,0.652260,5.041707,0.000000,2.000000,5.000000,1.349066,0
1784304766.956362,FIXED400,TRACKING,400,26.962204,45.293547,-0.043979,0.654004,5.037124,0.000000,2.000000,5.000000,1.347225,0
1784304767.006304,FIXED400,TRACKING,400,27.175287,27.294949,-0.045236,0.657175,5.024624,0.000000,2.000000,5.000000,1.343813,0
1784304767.056380,FIXED400,TRACKING,400,25.564182,43.730384,-0.045002,0.659045,5.018336,0.000000,2.000000,5.000000,1.341835,0
1784304767.106302,FIXED400,TRACKING,400,23.477775,23.658269,-0.042755,0.663325,5.005187,0.000000,2.000000,5.000000,1.337368,0
1784304767.156430,FIXED400,TRACKING,400,22.818363,41.044490,-0.041482,0.664515,5.000807,0.000000,2.000000,5.000000,1.336130,0
1784304767.206354,FIXED400,TRACKING,400,25.352266,25.578327,-0.033833,0.659757,4.988777,0.000000,2.000000,5.000000,1.340717,0
1784304767.256389,FIXED400,TRACKING,400,25.265142,43.471916,-0.029876,0.656882,4.983271,0.000000,2.000000,5.000000,1.343554,0
1784304767.306359,FIXED400,TRACKING,400,25.334622,25.616540,-0.019174,0.648129,4.974634,0.000000,2.000000,5.000000,1.352245,0
1784304767.356409,FIXED400,TRACKING,400,34.900443,53.106462,-0.014019,0.643786,4.971516,0.000000,2.000000,5.000000,1.356585,0
1784304767.406369,FIXED400,TRACKING,400,28.887638,29.202591,-0.004198,0.635534,4.966275,0.000000,2.000000,5.000000,1.364889,0
1784304767.456397,FIXED400,TRACKING,400,23.786069,42.025705,0.001235,0.631186,4.964040,0.000000,2.000000,5.000000,1.369287,0
1784304767.506368,FIXED400,TRACKING,400,25.563422,25.824726,0.012499,0.623146,4.960299,0.000000,2.000000,5.000000,1.377483,0
1784304767.556390,FIXED400,TRACKING,400,23.878562,42.099762,0.017615,0.623019,4.958896,0.000000,2.000000,5.000000,1.377707,0
1784304767.606373,FIXED400,TRACKING,400,25.311248,25.530143,0.027495,0.625046,4.958046,0.000000,2.000000,5.000000,1.375868,0
1784304767.656392,FIXED400,TRACKING,400,23.473805,41.651431,0.032194,0.626363,4.958110,0.000000,2.000000,5.000000,1.374653,0
1784304767.706379,FIXED400,TRACKING,400,23.382824,23.647574,0.041305,0.623151,4.960276,0.000000,2.000000,5.000000,1.378041,0
1784304767.756401,FIXED400,TRACKING,400,27.163435,45.417804,0.044857,0.621936,4.961493,0.000000,2.000000,5.000000,1.379332,0
1784304767.806383,FIXED400,TRACKING,400,30.019595,30.333879,0.051034,0.622006,4.960933,0.000000,2.000000,5.000000,1.379492,0
1784304767.856402,FIXED400,TRACKING,400,24.070746,42.348391,0.053572,0.623275,4.960096,0.000000,2.000000,5.000000,1.378345,0
1784304767.906389,FIXED400,TRACKING,400,32.573511,32.721819,0.057834,0.627057,4.961085,0.000000,2.000000,5.000000,1.374711,0
1784304767.956411,FIXED400,TRACKING,400,25.354059,42.587702,0.059427,0.629322,4.963283,0.000000,2.000000,5.000000,1.372456,0
1784304768.006391,FIXED400,TRACKING,400,23.591812,23.915323,0.061591,0.634563,4.968521,0.000000,2.000000,5.000000,1.367188,0
1784304768.056410,FIXED400,TRACKING,400,32.327599,50.630439,0.062660,0.637751,4.971006,0.000000,2.000000,5.000000,1.363998,0
1784304768.106399,FIXED400,TRACKING,400,26.426625,26.746718,0.065033,0.646195,4.974840,0.000000,2.000000,5.000000,1.355599,0
1784304768.156421,FIXED400,TRACKING,400,34.712160,52.785782,0.065613,0.649986,4.977043,0.000000,2.000000,5.000000,1.351802,0
1784304768.206409,FIXED400,TRACKING,400,30.603585,30.808145,0.065908,0.654297,4.977858,0.000000,2.000000,5.000000,1.347498,0
1784304768.256433,FIXED400,TRACKING,400,24.396162,42.810279,0.065837,0.656096,4.978808,0.000000,2.000000,5.000000,1.345682,0
1784304768.306406,FIXED400,TRACKING,400,24.795889,25.169978,0.062347,0.657780,4.977535,0.000000,2.000000,5.000000,1.343855,0
1784304768.356426,FIXED400,TRACKING,400,26.955091,45.255329,0.059847,0.657798,4.976550,0.000000,2.000000,5.000000,1.343740,0
1784304768.406460,FIXED400,TRACKING,400,23.482563,23.865670,0.054722,0.658087,4.974675,0.000000,2.000000,5.000000,1.343267,0
1784304768.456445,FIXED400,TRACKING,400,23.528766,41.912000,0.051371,0.658018,4.971428,0.000000,2.000000,5.000000,1.343269,0
1784304768.506418,FIXED400,TRACKING,400,25.370440,25.731714,0.043609,0.659225,4.966238,0.000000,2.000000,5.000000,1.341908,0
1784304768.556434,FIXED400,TRACKING,400,23.587350,41.909976,0.039663,0.662863,4.963537,0.000000,2.000000,5.000000,1.338222,0
1784304768.606455,FIXED400,TRACKING,400,23.354801,23.808771,0.031559,0.672021,4.960244,0.000000,2.000000,5.000000,1.328949,0
1784304768.656440,FIXED400,TRACKING,400,23.448466,41.747594,0.027722,0.676803,4.960194,0.000000,2.000000,5.000000,1.324086,0
1784304768.706427,FIXED400,TRACKING,400,22.953507,23.244388,0.019633,0.683058,4.962395,0.000000,2.000000,5.000000,1.317625,0
1784304768.756439,FIXED400,TRACKING,400,22.817813,41.112961,0.016451,0.686225,4.963658,0.000000,2.000000,5.000000,1.314380,0
1784304768.806436,FIXED400,TRACKING,400,23.426143,23.752689,0.010241,0.694394,4.966163,0.000000,2.000000,5.000000,1.306084,0
1784304768.856454,FIXED400,TRACKING,400,23.127855,41.530012,0.007164,0.699310,4.966585,0.000000,2.000000,5.000000,1.301139,0
1784304768.906437,FIXED400,TRACKING,400,22.998923,23.238804,-0.000291,0.711245,4.968346,0.000000,2.000000,5.000000,1.289143,0
1784304768.956460,FIXED400,TRACKING,400,22.798036,41.097082,-0.005463,0.716785,4.968793,0.000000,2.000000,5.000000,1.283606,0
1784304769.006445,FIXED400,TRACKING,400,24.054832,24.383943,-0.014681,0.728079,4.970443,0.000000,2.000000,5.000000,1.272350,0
1784304769.056477,FIXED400,TRACKING,400,30.669048,48.976838,-0.020200,0.733845,4.972417,0.000000,2.000000,5.000000,1.266616,0
1784304769.106443,FIXED400,TRACKING,400,22.957633,23.309871,-0.034154,0.746853,4.974452,0.000000,2.000000,5.000000,1.253873,0
1784304769.156467,FIXED400,TRACKING,400,25.163258,43.561105,-0.039629,0.752532,4.975300,0.000000,2.000000,5.000000,1.248342,0
1784304769.206492,FIXED400,TRACKING,400,27.379229,27.792663,-0.046326,0.759791,4.977667,0.000000,2.000000,5.000000,1.241274,0
1784304769.256471,FIXED400,TRACKING,400,24.917500,43.337875,-0.049141,0.762946,4.977378,0.000000,2.000000,5.000000,1.238236,0
1784304769.306454,FIXED400,TRACKING,400,37.413383,37.743267,-0.054378,0.768188,4.977058,0.000000,2.000000,5.000000,1.233226,0
1784304769.356475,FIXED400,TRACKING,400,23.462943,35.911120,-0.056255,0.770047,4.977980,0.000000,2.000000,5.000000,1.231435,0
1784304769.406459,FIXED400,TRACKING,400,29.729810,30.213016,-0.059097,0.774362,4.979825,0.000000,2.000000,5.000000,1.227228,0
1784304769.456492,FIXED400,TRACKING,400,28.637021,47.058454,-0.060435,0.776539,4.976761,0.000000,2.000000,5.000000,1.225174,0
1784304769.506501,FIXED400,TRACKING,400,24.562659,24.930886,-0.062919,0.781152,4.970011,0.000000,2.000000,5.000000,1.220839,0
1784304769.556485,FIXED400,TRACKING,400,23.587676,41.938010,-0.064581,0.782486,4.967256,0.000000,2.000000,5.000000,1.219665,0
1784304769.606479,FIXED400,TRACKING,400,24.529801,24.978363,-0.067949,0.785478,4.963499,0.000000,2.000000,5.000000,1.216969,0
1784304769.656491,FIXED400,TRACKING,400,23.183288,41.574203,-0.069326,0.787476,4.962500,0.000000,2.000000,5.000000,1.215084,0
1784304769.706474,FIXED400,TRACKING,400,23.537985,23.927459,-0.070760,0.787070,4.958169,0.000000,2.000000,5.000000,1.215713,0
1784304769.756491,FIXED400,TRACKING,400,22.990897,41.339574,-0.070958,0.787068,4.955871,0.000000,2.000000,5.000000,1.215807,0
1784304769.806485,FIXED400,TRACKING,400,27.182066,27.540222,-0.070304,0.787960,4.951917,0.000000,2.000000,5.000000,1.215029,0
1784304769.856498,FIXED400,TRACKING,400,23.858112,42.287646,-0.069783,0.788530,4.952044,0.000000,2.000000,5.000000,1.214426,0
1784304769.906486,FIXED400,TRACKING,400,23.959047,24.138416,-0.067732,0.790025,4.954175,0.000000,2.000000,5.000000,1.212735,0
1784304769.956503,FIXED400,TRACKING,400,24.060639,42.448353,-0.066896,0.789758,4.955350,0.000000,2.000000,5.000000,1.212912,0
1784304770.006498,FIXED400,TRACKING,400,26.326274,26.729859,-0.064679,0.789708,4.962341,0.000000,2.000000,5.000000,1.212604,0
1784304770.056508,FIXED400,TRACKING,400,23.092428,41.563125,-0.062321,0.791292,4.966166,0.000000,2.000000,5.000000,1.210787,0
1784304770.106497,FIXED400,TRACKING,400,28.626917,28.934289,-0.055036,0.797671,4.972828,0.000000,2.000000,5.000000,1.203895,0
1784304770.156514,FIXED400,TRACKING,400,24.330871,42.720258,-0.051937,0.800484,4.975737,0.000000,2.000000,5.000000,1.200885,0
1784304770.206511,FIXED400,TRACKING,400,26.910852,27.316851,-0.043033,0.807045,4.980384,0.000000,2.000000,5.000000,1.193892,0
1784304770.256517,FIXED400,TRACKING,400,26.716837,45.157940,-0.038362,0.810054,4.982780,0.000000,2.000000,5.000000,1.190688,0
1784304770.306515,FIXED400,TRACKING,400,27.915577,28.358452,-0.028610,0.816625,4.988073,0.000000,2.000000,5.000000,1.183781,0
1784304770.356522,FIXED400,TRACKING,400,31.388927,49.827998,-0.024644,0.819413,4.989659,0.000000,2.000000,5.000000,1.180889,0
1784304770.406507,FIXED400,TRACKING,400,30.934842,31.429890,-0.016169,0.824493,4.992848,0.000000,2.000000,5.000000,1.175640,0
1784304770.456527,FIXED400,TRACKING,400,27.830932,46.233128,-0.008938,0.827276,4.993094,0.000000,2.000000,5.000000,1.172778,0
1784304770.506513,FIXED400,TRACKING,400,27.245953,27.752666,0.006107,0.831949,4.993471,0.000000,2.000000,5.000000,1.168086,0
1784304770.556536,FIXED400,TRACKING,400,26.574628,44.998889,0.012185,0.832395,4.992765,0.000000,2.000000,5.000000,1.167691,0
1784304770.606515,FIXED400,TRACKING,400,24.102629,24.583930,0.023320,0.831539,4.990032,0.000000,2.000000,5.000000,1.168736,0
1784304770.656549,FIXED400,TRACKING,400,28.591539,47.130478,0.028393,0.830693,4.988186,0.000000,2.000000,5.000000,1.169711,0
1784304770.706557,FIXED400,TRACKING,400,24.006039,24.464212,0.038970,0.826034,4.982164,0.000000,2.000000,5.000000,1.174748,0
1784304770.756555,FIXED400,TRACKING,400,26.939108,45.415173,0.042956,0.823113,4.979765,0.000000,2.000000,5.000000,1.177844,0
1784304770.806525,FIXED400,TRACKING,400,24.395042,24.832894,0.049255,0.817574,4.972145,0.000000,2.000000,5.000000,1.183779,0
1784304770.856546,FIXED400,TRACKING,400,24.468318,42.911108,0.051636,0.815172,4.968010,0.000000,2.000000,5.000000,1.186384,0
1784304770.906531,FIXED400,TRACKING,400,24.834792,25.294469,0.056006,0.808118,4.963536,0.000000,2.000000,5.000000,1.193754,0
1784304770.956550,FIXED400,TRACKING,400,29.243868,47.654309,0.058139,0.803283,4.963775,0.000000,2.000000,5.000000,1.198676,0
1784304771.006552,FIXED400,TRACKING,400,28.286869,28.774933,0.061834,0.793590,4.967221,0.000000,2.000000,5.000000,1.208438,0
1784304771.056558,FIXED400,TRACKING,400,27.765990,46.288499,0.062307,0.788468,4.967557,0.000000,2.000000,5.000000,1.213566,0
1784304771.106580,FIXED400,TRACKING,400,24.160289,24.730674,0.060711,0.776454,4.964168,0.000000,2.000000,5.000000,1.225575,0
1784304771.156604,FIXED400,TRACKING,400,23.448051,41.926837,0.059929,0.771166,4.962915,0.000000,2.000000,5.000000,1.230853,0
1784304771.206544,FIXED400,TRACKING,400,23.554375,23.982491,0.059840,0.757439,4.960244,0.000000,2.000000,5.000000,1.244636,0
1784304771.256567,FIXED400,TRACKING,400,24.746243,43.260569,0.059689,0.750732,4.960213,0.000000,2.000000,5.000000,1.251326,0
1784304771.306551,FIXED400,TRACKING,400,23.604411,24.008430,0.058118,0.734643,4.959410,0.000000,2.000000,5.000000,1.267341,0
1784304771.356570,FIXED400,TRACKING,400,26.099800,44.510053,0.056956,0.727245,4.958514,0.000000,2.000000,5.000000,1.274704,0
1784304771.406555,FIXED400,TRACKING,400,24.038321,24.608228,0.054347,0.713654,4.957893,0.000000,2.000000,5.000000,1.288182,0
1784304771.456574,FIXED400,TRACKING,400,24.920269,43.413484,0.053640,0.708090,4.957221,0.000000,2.000000,5.000000,1.293730,0
1784304771.506602,FIXED400,TRACKING,400,24.758729,25.349569,0.051491,0.696890,4.955631,0.000000,2.000000,5.000000,1.304881,0
1784304771.556582,FIXED400,TRACKING,400,24.212279,42.657646,0.048802,0.695826,4.956399,0.000000,2.000000,5.000000,1.305815,0
1784304771.606563,FIXED400,TRACKING,400,25.078193,25.506575,0.042141,0.695622,4.960338,0.000000,2.000000,5.000000,1.305661,0
1784304771.656584,FIXED400,TRACKING,400,23.902360,42.373697,0.038648,0.695530,4.961724,0.000000,2.000000,5.000000,1.305604,0
1784304771.706569,FIXED400,TRACKING,400,24.817041,25.367957,0.028767,0.695728,4.963281,0.000000,2.000000,5.000000,1.305105,0
1784304771.756588,FIXED400,TRACKING,400,23.969701,42.491085,0.024303,0.695912,4.964484,0.000000,2.000000,5.000000,1.304798,0
1784304771.806572,FIXED400,TRACKING,400,24.820057,25.336935,0.015581,0.699013,4.964213,0.000000,2.000000,5.000000,1.301572,0
1784304771.856596,FIXED400,TRACKING,400,26.016374,44.524849,0.011367,0.701630,4.962122,0.000000,2.000000,5.000000,1.298972,0
1784304771.906582,FIXED400,TRACKING,400,24.928771,25.431820,0.002788,0.705062,4.954914,0.000000,2.000000,5.000000,1.295725,0
1784304771.956642,FIXED400,TRACKING,400,24.653574,43.279525,-0.000388,0.704783,4.950459,0.000000,2.000000,5.000000,1.296164,0
1784304772.006583,FIXED400,TRACKING,400,24.712695,25.222569,-0.006541,0.703997,4.943815,0.000000,2.000000,5.000000,1.297236,0
1784304772.056610,FIXED400,TRACKING,400,25.207418,43.772877,-0.008878,0.704347,4.941630,0.000000,2.000000,5.000000,1.296997,0
1784304772.106632,FIXED400,TRACKING,400,24.212206,24.854869,-0.012791,0.706765,4.939655,0.000000,2.000000,5.000000,1.294705,0
1784304772.156609,FIXED400,TRACKING,400,23.017279,41.569682,-0.014744,0.707931,4.939049,0.000000,2.000000,5.000000,1.293590,0
1784304772.206592,FIXED400,TRACKING,400,22.932353,23.396097,-0.015721,0.709440,4.940277,0.000000,2.000000,5.000000,1.292037,0
1784304772.256616,FIXED400,TRACKING,400,23.354300,41.953004,-0.016058,0.709943,4.942712,0.000000,2.000000,5.000000,1.291429,0
1784304772.306646,FIXED400,TRACKING,400,25.914513,26.584488,-0.017279,0.710605,4.946308,0.000000,2.000000,5.000000,1.290628,0
1784304772.356643,FIXED400,TRACKING,400,24.670655,43.138780,-0.017740,0.711104,4.947495,0.000000,2.000000,5.000000,1.290087,0
1784304772.406651,FIXED400,TRACKING,400,23.732386,24.334924,-0.018175,0.712553,4.949162,0.000000,2.000000,5.000000,1.288578,0
1784304772.456655,FIXED400,TRACKING,400,30.853310,49.430651,-0.018180,0.713991,4.947761,0.000000,2.000000,5.000000,1.287198,0
1784304772.506609,FIXED400,TRACKING,400,23.032926,23.666605,-0.017904,0.717672,4.947707,0.000000,2.000000,5.000000,1.283519,0
1784304772.556628,FIXED400,TRACKING,400,23.251497,41.879987,-0.017226,0.721973,4.946727,0.000000,2.000000,5.000000,1.279253,0
1784304772.606663,FIXED400,TRACKING,400,23.689970,24.333603,-0.015628,0.730287,4.944635,0.000000,2.000000,5.000000,1.271015,0
1784304772.656633,FIXED400,TRACKING,400,27.614026,46.192316,-0.014761,0.733342,4.944555,0.000000,2.000000,5.000000,1.267957,0
1784304772.706615,FIXED400,TRACKING,400,23.099515,23.784362,-0.014697,0.723984,4.944010,0.000000,2.000000,5.000000,1.277328,0
1784304772.756683,FIXED400,TRACKING,400,24.431921,43.105294,-0.014523,0.719321,4.944113,0.000000,2.000000,5.000000,1.281980,0
1784304772.806622,FIXED400,TRACKING,400,25.618792,26.275433,-0.011713,0.710926,4.943091,0.000000,2.000000,5.000000,1.290383,0
1784304772.856671,FIXED400,TRACKING,400,25.053279,43.749059,-0.009339,0.707330,4.941735,0.000000,2.000000,5.000000,1.294016,0
1784304772.906634,FIXED400,TRACKING,400,26.869209,27.353680,-0.004311,0.698913,4.940089,0.000000,2.000000,5.000000,1.302473,0
1784304772.956675,FIXED400,TRACKING,400,25.128171,43.764848,-0.001905,0.693488,4.938780,0.000000,2.000000,5.000000,1.307947,0
1784304773.006630,FIXED400,TRACKING,400,24.124920,24.788964,0.002285,0.683440,4.938358,0.000000,2.000000,5.000000,1.318005,0
1784304773.056698,FIXED400,TRACKING,400,24.518619,43.210259,0.003168,0.678424,4.937311,0.000000,2.000000,5.000000,1.323066,0
1784304773.106682,FIXED400,TRACKING,400,24.382089,25.047529,0.002648,0.666359,4.933002,0.000000,2.000000,5.000000,1.335325,0
1784304773.156698,FIXED400,TRACKING,400,24.407832,43.115108,0.002205,0.660545,4.931511,0.000000,2.000000,5.000000,1.341206,0
1784304773.206645,FIXED400,TRACKING,400,23.574416,24.146847,0.001253,0.645439,4.926270,0.000000,2.000000,5.000000,1.356566,0
1784304773.256708,FIXED400,TRACKING,400,24.522188,43.223325,0.000724,0.637988,4.925237,0.000000,2.000000,5.000000,1.364063,0
1784304773.306687,FIXED400,TRACKING,400,24.680911,25.293489,-0.001083,0.622242,4.925814,0.000000,2.000000,5.000000,1.379754,0
1784304773.356712,FIXED400,TRACKING,400,24.302235,43.009940,-0.002161,0.615783,4.925590,0.000000,2.000000,5.000000,1.386218,0
1784304773.406690,FIXED400,TRACKING,400,24.166265,24.719271,-0.004841,0.604056,4.924559,0.000000,2.000000,5.000000,1.397989,0
1784304773.456674,FIXED400,TRACKING,400,24.015792,42.668333,-0.007025,0.598003,4.921804,0.000000,2.000000,5.000000,1.404193,0
1784304773.506704,FIXED400,TRACKING,400,23.205646,23.833048,-0.011348,0.587755,4.918658,0.000000,2.000000,5.000000,1.414631,0
1784304773.556679,FIXED400,TRACKING,400,24.635867,43.267794,-0.013442,0.586050,4.916479,0.000000,2.000000,5.000000,1.416478,0
1784304773.606703,FIXED400,TRACKING,400,24.819802,25.461884,-0.017347,0.584106,4.913615,0.000000,2.000000,5.000000,1.418632,0
1784304773.656683,FIXED400,TRACKING,400,22.999461,41.633934,-0.018974,0.583137,4.913737,0.000000,2.000000,5.000000,1.419613,0
1784304773.706701,FIXED400,TRACKING,400,23.840658,24.562952,-0.020704,0.576841,4.915402,0.000000,2.000000,5.000000,1.425822,0
1784304773.756690,FIXED400,TRACKING,400,24.855764,43.494389,-0.020966,0.574336,4.916282,0.000000,2.000000,5.000000,1.428273,0
1784304773.806711,FIXED400,TRACKING,400,23.956996,24.700664,-0.019617,0.572028,4.916836,0.000000,2.000000,5.000000,1.430526,0
1784304773.856732,FIXED400,TRACKING,400,24.613148,43.246664,-0.018279,0.572189,4.915545,0.000000,2.000000,5.000000,1.430423,0
1784304773.906708,FIXED400,TRACKING,400,24.141581,24.661370,-0.015983,0.572394,4.911611,0.000000,2.000000,5.000000,1.430429,0
1784304773.956698,FIXED400,TRACKING,400,23.287831,41.889850,-0.015895,0.572092,4.910893,0.000000,2.000000,5.000000,1.430774,0
1784304774.006677,FIXED400,TRACKING,400,24.521731,25.184779,-0.015231,0.571426,4.911115,0.000000,2.000000,5.000000,1.431418,0
1784304774.056743,FIXED400,TRACKING,400,24.112259,42.812598,-0.014835,0.571519,4.911206,0.000000,2.000000,5.000000,1.431315,0
1784304774.106724,FIXED400,TRACKING,400,28.354531,29.066125,-0.013830,0.573079,4.914675,0.000000,2.000000,5.000000,1.429536,0
1784304774.156714,FIXED400,TRACKING,400,24.490480,43.062411,-0.013116,0.574145,4.918190,0.000000,2.000000,5.000000,1.428260,0
1784304774.206729,FIXED400,TRACKING,400,23.817168,24.465557,-0.011952,0.575979,4.925397,0.000000,2.000000,5.000000,1.426024,0
1784304774.256757,FIXED400,TRACKING,400,23.572437,42.240906,-0.011328,0.577380,4.929660,0.000000,2.000000,5.000000,1.424403,0
1784304774.306730,FIXED400,TRACKING,400,23.316509,23.925121,-0.008570,0.579362,4.937345,0.000000,2.000000,5.000000,1.422045,0
1784304774.356769,FIXED400,TRACKING,400,23.660705,42.352348,-0.006933,0.579912,4.940137,0.000000,2.000000,5.000000,1.421366,0
1784304774.406709,FIXED400,TRACKING,400,23.752741,24.460793,-0.003833,0.581274,4.945974,0.000000,2.000000,5.000000,1.419760,0
1784304774.456759,FIXED400,TRACKING,400,25.017558,43.611456,-0.003074,0.581984,4.946597,0.000000,2.000000,5.000000,1.419025,0
1784304774.506709,FIXED400,TRACKING,400,24.061480,24.753105,-0.000938,0.584428,4.947061,0.000000,2.000000,5.000000,1.416561,0
1784304774.556774,FIXED400,TRACKING,400,25.625058,44.392811,0.002717,0.585251,4.943904,0.000000,2.000000,5.000000,1.415864,0
1784304774.606749,FIXED400,TRACKING,400,24.561422,25.307973,0.010938,0.587040,4.937760,0.000000,2.000000,5.000000,1.414372,0
1784304774.656759,FIXED400,TRACKING,400,25.061116,43.721175,0.014552,0.588408,4.935465,0.000000,2.000000,5.000000,1.413141,0
1784304774.706749,FIXED400,TRACKING,400,25.274610,25.878339,0.020789,0.586800,4.931695,0.000000,2.000000,5.000000,1.415003,0
1784304774.756761,FIXED400,TRACKING,400,25.258224,43.996946,0.023115,0.586235,4.931588,0.000000,2.000000,5.000000,1.415608,0
1784304774.806753,FIXED400,TRACKING,400,27.188569,27.756235,0.024298,0.586338,4.930325,0.000000,2.000000,5.000000,1.415586,0
1784304774.856785,FIXED400,TRACKING,400,23.358940,42.175464,0.023451,0.587064,4.929238,0.000000,2.000000,5.000000,1.414902,0
1784304774.906765,FIXED400,TRACKING,400,23.802235,24.350328,0.021527,0.590794,4.927485,0.000000,2.000000,5.000000,1.411235,0
1784304774.956776,FIXED400,TRACKING,400,24.141463,42.701071,0.020541,0.594529,4.926013,0.000000,2.000000,5.000000,1.407567,0
1784304775.006724,FIXED400,TRACKING,400,24.604614,25.372081,0.018308,0.602658,4.925508,0.000000,2.000000,5.000000,1.399446,0
1784304775.056748,FIXED400,TRACKING,400,25.278022,44.004244,0.017366,0.607084,4.924468,0.000000,2.000000,5.000000,1.395071,0
1784304775.106734,FIXED400,TRACKING,400,23.814805,24.553408,0.015736,0.617917,4.921109,0.000000,2.000000,5.000000,1.384422,0
1784304775.156795,FIXED400,TRACKING,400,24.242426,42.978419,0.015058,0.622953,4.921093,0.000000,2.000000,5.000000,1.379388,0
1784304775.206772,FIXED400,TRACKING,400,23.483904,24.208059,0.012642,0.635031,4.918409,0.000000,2.000000,5.000000,1.367464,0
1784304775.256796,FIXED400,TRACKING,400,24.836673,43.650167,0.011346,0.641238,4.918431,0.000000,2.000000,5.000000,1.361256,0
1784304775.306775,FIXED400,TRACKING,400,23.772118,24.532792,0.006654,0.653904,4.914845,0.000000,2.000000,5.000000,1.348804,0
1784304775.356786,FIXED400,TRACKING,400,25.556016,44.284147,0.004102,0.659022,4.912955,0.000000,2.000000,5.000000,1.343807,0
1784304775.406784,FIXED400,TRACKING,400,26.731075,27.544969,-0.001405,0.669257,4.910600,0.000000,2.000000,5.000000,1.333743,0
1784304775.456807,FIXED400,TRACKING,400,27.423008,46.176144,-0.006586,0.673989,4.904271,0.000000,2.000000,5.000000,1.329478,0
1784304775.506747,FIXED400,TRACKING,400,26.630103,27.263587,-0.016720,0.684916,4.898933,0.000000,2.000000,5.000000,1.319068,0
1784304775.556815,FIXED400,TRACKING,400,26.076229,44.911153,-0.021180,0.691721,4.897587,0.000000,2.000000,5.000000,1.312453,0
1784304775.606790,FIXED400,TRACKING,400,27.214597,27.791460,-0.029417,0.706000,4.894596,0.000000,2.000000,5.000000,1.298619,0
1784304775.656816,FIXED400,TRACKING,400,24.501437,43.259131,-0.033037,0.712669,4.894643,0.000000,2.000000,5.000000,1.292058,0
1784304775.706757,FIXED400,TRACKING,400,24.747283,25.437330,-0.036987,0.724346,4.893623,0.000000,2.000000,5.000000,1.280616,0
1784304775.756908,FIXED400,TRACKING,400,23.329525,42.233216,-0.038241,0.729472,4.893392,0.000000,2.000000,5.000000,1.275567,0
1784304775.806811,FIXED400,TRACKING,400,23.447415,24.261795,-0.038162,0.739481,4.892722,0.000000,2.000000,5.000000,1.265651,0
1784304775.856823,FIXED400,TRACKING,400,25.468244,44.226466,-0.036949,0.744550,4.891966,0.000000,2.000000,5.000000,1.260631,0
1784304775.906806,FIXED400,TRACKING,400,23.510171,24.366089,-0.032770,0.757361,4.893566,0.000000,2.000000,5.000000,1.247619,0
1784304775.956834,FIXED400,TRACKING,400,23.494419,42.316032,-0.029455,0.761848,4.893276,0.000000,2.000000,5.000000,1.243092,0
1784304776.006807,FIXED400,TRACKING,400,25.698727,26.450045,-0.023296,0.771750,4.898643,0.000000,2.000000,5.000000,1.232645,0
1784304776.056845,FIXED400,TRACKING,400,23.664078,42.561301,-0.020426,0.775160,4.899518,0.000000,2.000000,5.000000,1.229124,0
1784304776.106823,FIXED400,TRACKING,400,25.676706,26.546210,-0.015375,0.781922,4.899365,0.000000,2.000000,5.000000,1.222325,0
1784304776.156847,FIXED400,TRACKING,400,24.455198,43.290329,-0.013242,0.785456,4.900824,0.000000,2.000000,5.000000,1.218659,0
1784304776.206824,FIXED400,TRACKING,400,27.686989,28.530664,-0.009949,0.791438,4.902462,0.000000,2.000000,5.000000,1.212532,0
1784304776.256856,FIXED400,TRACKING,400,23.935150,42.807388,-0.008753,0.794488,4.904339,0.000000,2.000000,5.000000,1.209333,0
1784304776.306831,FIXED400,TRACKING,400,23.085475,23.993576,-0.006540,0.799225,4.903372,0.000000,2.000000,5.000000,1.204675,0
1784304776.356850,FIXED400,TRACKING,400,31.395062,50.231355,-0.005517,0.801481,4.903376,0.000000,2.000000,5.000000,1.202420,0
1784304776.406825,FIXED400,TRACKING,400,25.968923,26.669310,-0.003837,0.805631,4.908597,0.000000,2.000000,5.000000,1.197867,0
1784304776.456864,FIXED400,TRACKING,400,26.306410,45.221620,-0.003672,0.806711,4.912112,0.000000,2.000000,5.000000,1.196527,0
1784304776.506833,FIXED400,TRACKING,400,24.853152,25.739934,-0.003477,0.808362,4.919032,0.000000,2.000000,5.000000,1.194391,0
1784304776.556859,FIXED400,TRACKING,400,24.952826,43.822892,-0.002493,0.809471,4.919753,0.000000,2.000000,5.000000,1.193233,0
1784304776.606843,FIXED400,TRACKING,400,23.060524,23.866926,-0.000768,0.810883,4.924090,0.000000,2.000000,5.000000,1.191538,0
1784304776.656862,FIXED400,TRACKING,400,28.507784,47.128604,-0.000517,0.810213,4.926566,0.000000,2.000000,5.000000,1.192051,0
1784304776.706813,FIXED400,TRACKING,400,25.783328,26.524479,-0.002223,0.804471,4.927592,0.000000,2.000000,5.000000,1.197721,0
1784304776.756868,FIXED400,TRACKING,400,23.599973,42.352636,-0.002961,0.801836,4.930024,0.000000,2.000000,5.000000,1.200210,0
1784304776.806852,FIXED400,TRACKING,400,24.612733,25.325584,-0.001981,0.793160,4.933123,0.000000,2.000000,5.000000,1.208693,0
1784304776.856869,FIXED400,TRACKING,400,23.847977,42.707235,-0.000888,0.788445,4.934184,0.000000,2.000000,5.000000,1.213342,0
1784304776.906853,FIXED400,TRACKING,400,23.672349,24.463961,0.002908,0.776298,4.934184,0.000000,2.000000,5.000000,1.225474,0
1784304776.956884,FIXED400,TRACKING,400,29.345870,48.164844,0.005867,0.768466,4.933741,0.000000,2.000000,5.000000,1.233329,0
1784304777.006861,FIXED400,TRACKING,400,26.065192,26.889927,0.011856,0.752394,4.934686,0.000000,2.000000,5.000000,1.249370,0
1784304777.056873,FIXED400,TRACKING,400,25.701680,44.524155,0.012785,0.744740,4.934555,0.000000,2.000000,5.000000,1.257030,0
1784304777.106823,FIXED400,TRACKING,400,27.348268,28.168102,0.014629,0.730531,4.934852,0.000000,2.000000,5.000000,1.271224,0
1784304777.156890,FIXED400,TRACKING,400,23.175750,41.946140,0.015577,0.723978,4.935508,0.000000,2.000000,5.000000,1.277746,0
1784304777.206868,FIXED400,TRACKING,400,24.744170,25.667953,0.014890,0.710089,4.930146,0.000000,2.000000,5.000000,1.291887,0
1784304777.256860,FIXED400,TRACKING,400,24.403374,42.941001,0.014448,0.704545,4.929229,0.000000,2.000000,5.000000,1.297467,0
1784304777.306857,FIXED400,TRACKING,400,25.567693,26.436866,0.013701,0.693572,4.924968,0.000000,2.000000,5.000000,1.308653,0
1784304777.356888,FIXED400,TRACKING,400,25.845125,44.687926,0.013342,0.688607,4.922888,0.000000,2.000000,5.000000,1.313726,0
1784304777.406878,FIXED400,TRACKING,400,25.310068,26.106009,0.013160,0.678690,4.919108,0.000000,2.000000,5.000000,1.323849,0
1784304777.456893,FIXED400,TRACKING,400,24.130003,42.913028,0.013591,0.674348,4.917124,0.000000,2.000000,5.000000,1.328310,0
1784304777.506853,FIXED400,TRACKING,400,24.499268,25.222120,0.014760,0.667608,4.915553,0.000000,2.000000,5.000000,1.335147,0
1784304777.556861,FIXED400,TRACKING,400,25.814632,44.720825,0.015328,0.666719,4.910557,0.000000,2.000000,5.000000,1.336366,0
1784304777.606868,FIXED400,TRACKING,400,24.397259,25.245873,0.016757,0.667630,4.907112,0.000000,2.000000,5.000000,1.335710,0
1784304777.656894,FIXED400,TRACKING,400,23.469440,42.414511,0.017275,0.669342,4.906719,0.000000,2.000000,5.000000,1.334036,0
1784304777.706886,FIXED400,TRACKING,400,24.707045,25.529442,0.017939,0.675929,4.900867,0.000000,2.000000,5.000000,1.327898,0
1784304777.756906,FIXED400,TRACKING,400,28.098966,46.985888,0.018129,0.679391,4.900146,0.000000,2.000000,5.000000,1.324503,0
1784304777.806874,FIXED400,TRACKING,400,24.938544,25.762953,0.018307,0.684487,4.898286,0.000000,2.000000,5.000000,1.319566,0
1784304777.856879,FIXED400,TRACKING,400,34.470177,53.386123,0.018172,0.686511,4.897255,0.000000,2.000000,5.000000,1.317626,0
1784304777.906901,FIXED400,TRACKING,400,23.952878,24.676814,0.015536,0.688696,4.895264,0.000000,2.000000,5.000000,1.315572,0
1784304777.956884,FIXED400,TRACKING,400,26.502118,45.260686,0.012673,0.688182,4.894592,0.000000,2.000000,5.000000,1.316107,0
1784304778.006876,FIXED400,TRACKING,400,24.103582,24.877070,0.006717,0.687965,4.894562,0.000000,2.000000,5.000000,1.316282,0
1784304778.056917,FIXED400,TRACKING,400,25.896552,44.841188,0.002997,0.689884,4.893617,0.000000,2.000000,5.000000,1.314432,0
1784304778.106881,FIXED400,TRACKING,400,25.818746,26.631438,-0.003981,0.693611,4.893803,0.000000,2.000000,5.000000,1.310705,0
1784304778.156930,FIXED400,TRACKING,400,26.062162,44.930925,-0.007204,0.695546,4.893264,0.000000,2.000000,5.000000,1.308833,0
1784304778.206889,FIXED400,TRACKING,400,25.263062,26.165128,-0.015944,0.696981,4.887558,0.000000,2.000000,5.000000,1.307959,0
1784304778.256945,FIXED400,TRACKING,400,25.977704,44.970165,-0.019537,0.697919,4.886250,0.000000,2.000000,5.000000,1.307186,0
1784304778.306895,FIXED400,TRACKING,400,24.615871,25.498719,-0.023533,0.698464,4.883410,0.000000,2.000000,5.000000,1.306960,0
1784304778.356901,FIXED400,TRACKING,400,24.244608,43.236520,-0.025039,0.698829,4.883438,0.000000,2.000000,5.000000,1.306622,0
1784304778.406883,FIXED400,TRACKING,400,25.705980,26.546395,-0.029213,0.700639,4.881855,0.000000,2.000000,5.000000,1.305048,0
1784304778.456916,FIXED400,TRACKING,400,23.848557,42.785746,-0.031670,0.701842,4.881895,0.000000,2.000000,5.000000,1.303905,0
1784304778.506933,FIXED400,TRACKING,400,25.008260,26.048995,-0.035635,0.703449,4.884053,0.000000,2.000000,5.000000,1.302212,0
1784304778.556911,FIXED400,TRACKING,400,29.363593,48.162776,-0.037713,0.703379,4.883178,0.000000,2.000000,5.000000,1.302420,0
1784304778.606922,FIXED400,TRACKING,400,29.575013,30.221197,-0.041088,0.704593,4.885981,0.000000,2.000000,5.000000,1.301064,0
1784304778.656927,FIXED400,TRACKING,400,28.996484,47.959309,-0.041792,0.705763,4.889079,0.000000,2.000000,5.000000,1.299654,0
1784304778.706898,FIXED400,TRACKING,400,25.571506,26.358050,-0.040320,0.708513,4.896221,0.000000,2.000000,5.000000,1.296278,0
1784304778.756923,FIXED400,TRACKING,400,28.020183,46.962463,-0.039079,0.709850,4.900725,0.000000,2.000000,5.000000,1.294554,0
1784304778.806915,FIXED400,TRACKING,400,23.236395,24.213785,-0.032379,0.712728,4.912476,0.000000,2.000000,5.000000,1.290651,0
1784304778.856926,FIXED400,TRACKING,400,23.556055,42.463716,-0.028751,0.714137,4.918694,0.000000,2.000000,5.000000,1.288752,0
1784304778.906921,FIXED400,TRACKING,400,30.752226,31.717687,-0.020093,0.715892,4.930243,0.000000,2.000000,5.000000,1.286158,0
1784304778.956971,FIXED400,TRACKING,400,34.465465,53.355117,-0.014604,0.715812,4.933386,0.000000,2.000000,5.000000,1.285997,0
1784304779.006970,FIXED400,TRACKING,400,28.140891,29.063356,-0.003724,0.718589,4.941580,0.000000,2.000000,5.000000,1.282747,0
1784304779.056975,FIXED400,TRACKING,400,28.476244,47.455889,0.000374,0.721315,4.942010,0.000000,2.000000,5.000000,1.279999,0
1784304779.106917,FIXED400,TRACKING,400,26.712483,27.550350,0.007831,0.726599,4.944909,0.000000,2.000000,5.000000,1.274616,0
1784304779.156971,FIXED400,TRACKING,400,25.946286,44.703063,0.011133,0.728822,4.948848,0.000000,2.000000,5.000000,1.272255,0
1784304779.206975,FIXED400,TRACKING,400,35.121858,36.014718,0.016141,0.741741,4.956875,0.000000,2.000000,5.000000,1.259101,0
1784304779.256989,FIXED400,TRACKING,400,24.734469,39.521345,0.018130,0.746255,4.959755,0.000000,2.000000,5.000000,1.254522,0
1784304779.306927,FIXED400,TRACKING,400,25.461268,26.336902,0.019762,0.751161,4.961586,0.000000,2.000000,5.000000,1.249586,0
1784304779.356984,FIXED400,TRACKING,400,26.214674,45.162651,0.020326,0.752707,4.961262,0.000000,2.000000,5.000000,1.248060,0
1784304779.406979,FIXED400,TRACKING,400,31.233443,32.097311,0.021454,0.754902,4.963752,0.000000,2.000000,5.000000,1.245811,0
1784304779.456994,FIXED400,TRACKING,400,30.418368,49.081916,0.021719,0.755580,4.965431,0.000000,2.000000,5.000000,1.245090,0
1784304779.506937,FIXED400,TRACKING,400,24.440401,25.233119,0.021779,0.757368,4.965936,0.000000,2.000000,5.000000,1.243289,0
1784304779.557019,FIXED400,TRACKING,400,34.073051,53.096196,0.021636,0.755611,4.962051,0.000000,2.000000,5.000000,1.245156,0
1784304779.606980,FIXED400,TRACKING,400,30.457797,31.421657,0.020791,0.755171,4.954084,0.000000,2.000000,5.000000,1.245849,0
1784304779.657003,FIXED400,TRACKING,400,36.764138,55.639528,0.020534,0.757110,4.949247,0.000000,2.000000,5.000000,1.244096,0
1784304779.706959,FIXED400,TRACKING,400,27.321293,28.135229,0.020888,0.765539,4.932609,0.000000,2.000000,5.000000,1.236476,0
1784304779.756971,FIXED400,TRACKING,400,25.016456,43.957941,0.020845,0.770326,4.926812,0.000000,2.000000,5.000000,1.232026,0
1784304779.807096,FIXED400,TRACKING,400,25.709913,26.643962,0.022470,0.785110,4.912306,0.000000,2.000000,5.000000,1.218258,0
1784304779.857029,FIXED400,TRACKING,400,27.202464,46.288050,0.023252,0.791547,4.907417,0.000000,2.000000,5.000000,1.212217,0
1784304779.906970,FIXED400,TRACKING,400,27.926195,28.764720,0.023249,0.803016,4.900354,0.000000,2.000000,5.000000,1.201349,0
1784304779.957026,FIXED400,TRACKING,400,25.857875,44.955459,0.022352,0.808747,4.895931,0.000000,2.000000,5.000000,1.195999,0
1784304780.007007,FIXED400,TRACKING,400,23.040121,24.081051,0.019616,0.821417,4.888870,0.000000,2.000000,5.000000,1.183974,0
1784304780.057006,FIXED400,TRACKING,400,29.264310,48.307672,0.019789,0.829156,4.883967,0.000000,2.000000,5.000000,1.176746,0
1784304780.107002,FIXED400,TRACKING,400,24.981789,25.655855,0.019496,0.844840,4.878758,0.000000,2.000000,5.000000,1.161669,0
1784304780.157056,FIXED400,TRACKING,400,30.433873,49.069113,0.019083,0.852867,4.877434,0.000000,2.000000,5.000000,1.153820,0
1784304780.206980,FIXED400,TRACKING,400,32.954588,33.665491,0.013218,0.870576,4.876335,0.000000,2.000000,5.000000,1.136251,0
1784304780.257026,FIXED400,TRACKING,400,23.727276,40.662341,0.010729,0.877818,4.878771,0.000000,2.000000,5.000000,1.128762,0
1784304780.307037,FIXED400,TRACKING,400,24.489772,25.321106,0.005825,0.891351,4.879872,0.000000,2.000000,5.000000,1.115154,0
1784304780.357035,FIXED400,TRACKING,400,26.052395,45.118930,0.003546,0.896812,4.880307,0.000000,2.000000,5.000000,1.109668,0
1784304780.406978,FIXED400,TRACKING,400,23.432164,24.104684,0.000003,0.907248,4.879229,0.000000,2.000000,5.000000,1.099406,0
1784304780.456999,FIXED400,TRACKING,400,24.523403,42.768932,-0.000525,0.911620,4.878395,0.000000,2.000000,5.000000,1.095152,0
1784304780.507002,FIXED400,TRACKING,400,34.190468,34.876507,-0.001580,0.918909,4.881473,0.000000,2.000000,5.000000,1.087570,0
1784304780.557009,FIXED400,TRACKING,400,23.809951,39.519821,-0.002062,0.921072,4.880859,0.000000,2.000000,5.000000,1.085489,0
1784304780.607038,FIXED400,TRACKING,400,23.217082,23.941722,-0.003883,0.924867,4.885564,0.000000,2.000000,5.000000,1.081213,0
1784304780.657058,FIXED400,TRACKING,400,24.039486,42.768381,-0.005650,0.926268,4.888963,0.000000,2.000000,5.000000,1.079473,0
1784304780.706997,FIXED400,TRACKING,400,23.363426,24.215740,-0.012830,0.929381,4.893503,0.000000,2.000000,5.000000,1.075979,0
1784304780.757050,FIXED400,TRACKING,400,27.498289,46.535612,-0.016153,0.930256,4.897958,0.000000,2.000000,5.000000,1.074721,0
1784304780.807054,FIXED400,TRACKING,400,23.052194,23.846026,-0.025032,0.929303,4.905835,0.000000,2.000000,5.000000,1.075121,0
1784304780.857086,FIXED400,TRACKING,400,29.817835,48.917368,-0.029098,0.928434,4.908629,0.000000,2.000000,5.000000,1.075848,0
1784304780.907027,FIXED400,TRACKING,400,25.789832,26.513527,-0.035015,0.927004,4.912183,0.000000,2.000000,5.000000,1.077153,0
1784304780.957067,FIXED400,TRACKING,400,23.303623,42.115984,-0.036563,0.926417,4.914408,0.000000,2.000000,5.000000,1.077610,0
1784304781.007064,FIXED400,TRACKING,400,24.180504,25.075669,-0.040275,0.924923,4.921719,0.000000,2.000000,5.000000,1.078675,0
1784304781.057061,FIXED400,TRACKING,400,23.821935,42.566271,-0.041365,0.923526,4.923635,0.000000,2.000000,5.000000,1.079972,0
1784304781.107052,FIXED400,TRACKING,400,23.581418,24.372690,-0.043403,0.921054,4.927450,0.000000,2.000000,5.000000,1.082253,0
1784304781.157058,FIXED400,TRACKING,400,24.869356,43.840983,-0.044144,0.919903,4.930421,0.000000,2.000000,5.000000,1.083236,0
1784304781.207063,FIXED400,TRACKING,400,22.810844,23.560244,-0.046708,0.915658,4.933227,0.000000,2.000000,5.000000,1.087400,0
1784304781.257084,FIXED400,TRACKING,400,23.369387,42.193880,-0.047409,0.913655,4.935920,0.000000,2.000000,5.000000,1.089266,0
1784304781.307065,FIXED400,TRACKING,400,27.623515,28.596551,-0.046684,0.911657,4.939486,0.000000,2.000000,5.000000,1.091023,0
1784304781.357086,FIXED400,TRACKING,400,26.957699,45.828895,-0.045935,0.911111,4.940140,0.000000,2.000000,5.000000,1.091500,0
1784304781.407062,FIXED400,TRACKING,400,25.111007,26.031453,-0.044511,0.911029,4.937881,0.000000,2.000000,5.000000,1.091649,0
1784304781.457074,FIXED400,TRACKING,400,24.299259,43.136447,-0.044191,0.911441,4.934802,0.000000,2.000000,5.000000,1.091405,0
1784304781.507068,FIXED400,TRACKING,400,23.258268,24.222694,-0.043003,0.911939,4.934029,0.000000,2.000000,5.000000,1.090907,0
1784304781.557095,FIXED400,TRACKING,400,24.132720,42.957544,-0.042229,0.913934,4.935298,0.000000,2.000000,5.000000,1.088811,0
1784304781.607072,FIXED400,TRACKING,400,24.072069,24.995124,-0.039875,0.918224,4.941529,0.000000,2.000000,5.000000,1.084088,0
1784304781.657103,FIXED400,TRACKING,400,24.107011,42.910625,-0.038553,0.920618,4.946713,0.000000,2.000000,5.000000,1.081384,0
1784304781.707046,FIXED400,TRACKING,400,27.489468,28.412676,-0.034916,0.927293,4.959980,0.000000,2.000000,5.000000,1.074021,0
1784304781.757104,FIXED400,TRACKING,400,25.778966,44.663310,-0.033064,0.930695,4.966259,0.000000,2.000000,5.000000,1.070348,0
1784304781.807043,FIXED400,TRACKING,400,29.928603,30.846376,-0.029192,0.940798,4.978888,0.000000,2.000000,5.000000,1.059814,0
1784304781.857104,FIXED400,TRACKING,400,23.552386,42.322861,-0.027529,0.945524,4.983852,0.000000,2.000000,5.000000,1.054959,0
1784304781.907084,FIXED400,TRACKING,400,24.878947,25.587927,-0.023850,0.954445,4.990090,0.000000,2.000000,5.000000,1.045874,0
1784304781.957096,FIXED400,TRACKING,400,24.807404,43.713097,-0.021710,0.958516,4.989952,0.000000,2.000000,5.000000,1.041759,0
1784304782.007088,FIXED400,TRACKING,400,24.055769,24.895373,-0.017092,0.966421,4.991071,0.000000,2.000000,5.000000,1.033759,0
1784304782.057116,FIXED400,TRACKING,400,25.158671,44.017773,-0.016327,0.968101,4.991244,0.000000,2.000000,5.000000,1.032065,0
1784304782.107057,FIXED400,TRACKING,400,24.102528,25.147072,-0.014792,0.971141,4.992474,0.000000,2.000000,5.000000,1.028993,0
1784304782.157131,FIXED400,TRACKING,400,25.911980,44.827597,-0.014132,0.972610,4.993257,0.000000,2.000000,5.000000,1.027509,0
1784304782.207105,FIXED400,TRACKING,400,23.474721,24.635621,-0.008492,0.978134,4.992421,0.000000,2.000000,5.000000,1.021930,0
1784304782.257077,FIXED400,TRACKING,400,26.107689,44.936684,-0.006352,0.979384,4.993273,0.000000,2.000000,5.000000,1.020658,0
1784304782.307112,FIXED400,TRACKING,400,27.990840,28.967284,-0.002516,0.975635,4.992933,0.000000,2.000000,5.000000,1.024393,0
1784304782.357100,FIXED400,TRACKING,400,25.725183,44.753929,-0.000674,0.972605,4.993244,0.000000,2.000000,5.000000,1.027417,0
1784304782.407114,FIXED400,TRACKING,400,23.385343,24.338184,0.003460,0.966745,4.990928,0.000000,2.000000,5.000000,1.033301,0
1784304782.457141,FIXED400,TRACKING,400,24.847872,43.730181,0.005176,0.965269,4.986796,0.000000,2.000000,5.000000,1.034828,0
1784304782.507088,FIXED400,TRACKING,400,23.991133,24.977945,0.008457,0.961295,4.979428,0.000000,2.000000,5.000000,1.038943,0
1784304782.557129,FIXED400,TRACKING,400,23.996989,42.800448,0.011501,0.960722,4.975590,0.000000,2.000000,5.000000,1.039628,0
1784304782.607117,FIXED400,TRACKING,400,24.276800,25.284147,0.017594,0.957849,4.969005,0.000000,2.000000,5.000000,1.042760,0
1784304782.657134,FIXED400,TRACKING,400,24.512968,43.350264,0.019977,0.955685,4.967064,0.000000,2.000000,5.000000,1.045025,0
1784304782.707085,FIXED400,TRACKING,400,23.365216,24.403589,0.023637,0.949706,4.961382,0.000000,2.000000,5.000000,1.051270,0
1784304782.757146,FIXED400,TRACKING,400,24.315992,43.299586,0.025358,0.946273,4.961045,0.000000,2.000000,5.000000,1.054751,0
1784304782.807132,FIXED400,TRACKING,400,23.831050,24.805845,0.029497,0.940601,4.960716,0.000000,2.000000,5.000000,1.060537,0
1784304782.857145,FIXED400,TRACKING,400,24.219492,43.149961,0.031253,0.937758,4.961030,0.000000,2.000000,5.000000,1.063416,0
1784304782.907141,FIXED400,TRACKING,400,24.305884,25.313865,0.034134,0.929329,4.958204,0.000000,2.000000,5.000000,1.072030,0
1784304782.957129,FIXED400,TRACKING,400,35.774317,54.690130,0.035097,0.923757,4.954792,0.000000,2.000000,5.000000,1.077764,0
1784304783.007155,FIXED400,TRACKING,400,29.063778,30.074830,0.036140,0.910657,4.952553,0.000000,2.000000,5.000000,1.090974,0
1784304783.057166,FIXED400,TRACKING,400,23.628114,42.746965,0.034482,0.905723,4.952326,0.000000,2.000000,5.000000,1.095857,0
1784304783.107116,FIXED400,TRACKING,400,24.403276,25.462176,0.031450,0.894864,4.954298,0.000000,2.000000,5.000000,1.106528,0
1784304783.157166,FIXED400,TRACKING,400,23.882808,42.840694,0.029986,0.889138,4.955459,0.000000,2.000000,5.000000,1.112158,0
1784304783.207152,FIXED400,TRACKING,400,25.367728,26.286242,0.029372,0.879497,4.946164,0.000000,2.000000,5.000000,1.122180,0
1784304783.257141,FIXED400,TRACKING,400,23.658462,42.590445,0.028963,0.874791,4.942807,0.000000,2.000000,5.000000,1.127034,0
1784304783.307126,FIXED400,TRACKING,400,23.907122,24.763003,0.030384,0.864251,4.933753,0.000000,2.000000,5.000000,1.138085,0
1784304783.357168,FIXED400,TRACKING,400,26.710013,45.738415,0.031197,0.859365,4.930161,0.000000,2.000000,5.000000,1.143196,0
1784304783.407154,FIXED400,TRACKING,400,24.787757,25.814025,0.034013,0.848661,4.923049,0.000000,2.000000,5.000000,1.154409,0
1784304783.457169,FIXED400,TRACKING,400,23.237847,42.420222,0.036488,0.843454,4.921096,0.000000,2.000000,5.000000,1.159808,0
1784304783.507152,FIXED400,TRACKING,400,32.641240,33.607367,0.041407,0.834196,4.922643,0.000000,2.000000,5.000000,1.169101,0
1784304783.557188,FIXED400,TRACKING,400,22.811220,39.991502,0.043736,0.831333,4.921962,0.000000,2.000000,5.000000,1.172086,0
1784304783.607172,FIXED400,TRACKING,400,30.602346,31.499935,0.048302,0.827033,4.921332,0.000000,2.000000,5.000000,1.176594,0
1784304783.657153,FIXED400,TRACKING,400,23.119322,42.070114,0.049848,0.825965,4.923024,0.000000,2.000000,5.000000,1.177611,0
1784304783.707179,FIXED400,TRACKING,400,39.169665,40.135447,0.051457,0.823598,4.924702,0.000000,2.000000,5.000000,1.179932,0
1784304783.757164,FIXED400,TRACKING,400,23.834882,34.500899,0.051845,0.823155,4.926178,0.000000,2.000000,5.000000,1.180298,0
1784304783.807262,FIXED400,TRACKING,400,23.128342,24.303506,0.051653,0.828755,4.922450,0.000000,2.000000,5.000000,1.174945,0
1784304783.857211,FIXED400,TRACKING,400,23.049000,42.048859,0.050890,0.832265,4.920909,0.000000,2.000000,5.000000,1.171516,0
1784304783.907156,FIXED400,TRACKING,400,22.929612,23.860410,0.049266,0.838261,4.917037,0.000000,2.000000,5.000000,1.165739,0
1784304783.957206,FIXED400,TRACKING,400,24.079000,43.047590,0.048808,0.840941,4.915956,0.000000,2.000000,5.000000,1.163126,0
1784304784.007161,FIXED400,TRACKING,400,24.909281,25.975865,0.047110,0.845979,4.918694,0.000000,2.000000,5.000000,1.157840,0
1784304784.057173,FIXED400,TRACKING,400,23.975893,42.948829,0.043788,0.847351,4.920804,0.000000,2.000000,5.000000,1.156196,0
1784304784.107192,FIXED400,TRACKING,400,23.351744,24.441563,0.037419,0.849617,4.928920,0.000000,2.000000,5.000000,1.153184,0
1784304784.157188,FIXED400,TRACKING,400,23.906647,42.832358,0.034393,0.850626,4.933855,0.000000,2.000000,5.000000,1.151789,0
1784304784.207197,FIXED400,TRACKING,400,23.589414,24.674429,0.027275,0.854070,4.940197,0.000000,2.000000,5.000000,1.147814,0
1784304784.257188,FIXED400,TRACKING,400,23.664819,42.644084,0.024377,0.855534,4.942452,0.000000,2.000000,5.000000,1.146171,0
1784304784.307211,FIXED400,TRACKING,400,22.763289,23.787310,0.017946,0.856066,4.941382,0.000000,2.000000,5.000000,1.145576,0
1784304784.357178,FIXED400,TRACKING,400,23.440702,42.414319,0.014824,0.856360,4.940419,0.000000,2.000000,5.000000,1.145287,0
1784304784.407201,FIXED400,TRACKING,400,23.351489,24.485172,0.009372,0.858425,4.939631,0.000000,2.000000,5.000000,1.143208,0
1784304784.457224,FIXED400,TRACKING,400,24.331668,43.331311,0.007716,0.859206,4.938219,0.000000,2.000000,5.000000,1.142492,0
1784304784.507212,FIXED400,TRACKING,400,23.403898,24.552522,0.003856,0.860653,4.936078,0.000000,2.000000,5.000000,1.141146,0
1784304784.557239,FIXED400,TRACKING,400,23.702900,42.675325,0.002228,0.863024,4.928626,0.000000,2.000000,5.000000,1.139216,0
1784304784.607196,FIXED400,TRACKING,400,24.897064,25.962077,-0.001941,0.866815,4.914631,0.000000,2.000000,5.000000,1.136397,0
1784304784.657198,FIXED400,TRACKING,400,23.976066,43.049248,-0.003971,0.867675,4.908954,0.000000,2.000000,5.000000,1.135986,0
1784304784.707181,FIXED400,TRACKING,400,26.582038,27.479328,-0.008572,0.867893,4.893774,0.000000,2.000000,5.000000,1.137112,0
1784304784.757234,FIXED400,TRACKING,400,23.232505,42.212690,-0.010239,0.867363,4.888408,0.000000,2.000000,5.000000,1.138167,0
1784304784.807220,FIXED400,TRACKING,400,23.172632,24.422887,-0.009358,0.865739,4.875884,0.000000,2.000000,5.000000,1.141070,0
1784304784.857339,FIXED400,TRACKING,400,22.820792,42.068568,-0.008176,0.865755,4.872707,0.000000,2.000000,5.000000,1.141395,0
1784304784.907235,FIXED400,TRACKING,400,23.331260,24.172406,-0.006547,0.868304,4.868114,0.000000,2.000000,5.000000,1.139374,0
1784304784.957252,FIXED400,TRACKING,400,24.472995,43.530504,-0.006178,0.870855,4.864299,0.000000,2.000000,5.000000,1.137287,0
1784304785.007231,FIXED400,TRACKING,400,23.858273,24.921779,-0.005842,0.877580,4.862867,0.000000,2.000000,5.000000,1.130781,0
1784304785.057254,FIXED400,TRACKING,400,23.762022,42.740597,-0.005049,0.882763,4.861574,0.000000,2.000000,5.000000,1.125791,0
1784304785.107250,FIXED400,TRACKING,400,25.863421,26.899426,-0.003891,0.892505,4.862783,0.000000,2.000000,5.000000,1.115970,0
1784304785.157255,FIXED400,TRACKING,400,24.448677,43.473060,-0.003496,0.897029,4.864837,0.000000,2.000000,5.000000,1.111227,0
1784304785.207240,FIXED400,TRACKING,400,28.927048,30.019650,-0.003811,0.911269,4.864259,0.000000,2.000000,5.000000,1.097167,0
1784304785.257357,FIXED400,TRACKING,400,22.907743,42.247162,-0.003686,0.917307,4.865490,0.000000,2.000000,5.000000,1.091023,0
1784304785.307244,FIXED400,TRACKING,400,22.896275,24.020430,-0.001980,0.928280,4.860932,0.000000,2.000000,5.000000,1.080707,0
1784304785.357266,FIXED400,TRACKING,400,26.018317,45.038762,-0.001147,0.933243,4.859538,0.000000,2.000000,5.000000,1.075966,0
1784304785.407253,FIXED400,TRACKING,400,23.519946,24.642040,-0.001798,0.943371,4.858080,0.000000,2.000000,5.000000,1.066119,0
1784304785.457277,FIXED400,TRACKING,400,23.168510,42.404527,-0.003872,0.947665,4.857481,0.000000,2.000000,5.000000,1.061949,0
1784304785.507268,FIXED400,TRACKING,400,24.141407,25.369156,-0.007931,0.955721,4.861937,0.000000,2.000000,5.000000,1.053396,0
1784304785.557281,FIXED400,TRACKING,400,25.748695,44.805046,-0.010747,0.960167,4.861198,0.000000,2.000000,5.000000,1.049111,0
1784304785.607238,FIXED400,TRACKING,400,28.238575,29.393140,-0.016617,0.969292,4.866727,0.000000,2.000000,5.000000,1.039422,0
1784304785.657273,FIXED400,TRACKING,400,24.353144,43.476775,-0.018926,0.972630,4.870043,0.000000,2.000000,5.000000,1.035730,0
1784304785.707235,FIXED400,TRACKING,400,36.234868,37.444656,-0.022764,0.977276,4.875005,0.000000,2.000000,5.000000,1.030586,0
1784304785.757288,FIXED400,TRACKING,400,23.351148,37.051858,-0.024538,0.978686,4.878947,0.000000,2.000000,5.000000,1.028755,0
1784304785.807269,FIXED400,TRACKING,400,23.938660,25.073103,-0.025202,0.977942,4.888398,0.000000,2.000000,5.000000,1.028442,0
1784304785.857247,FIXED400,TRACKING,400,24.273663,43.360735,-0.024728,0.976221,4.893144,0.000000,2.000000,5.000000,1.029637,0
1784304785.907237,FIXED400,TRACKING,400,23.934661,25.033312,-0.023890,0.968991,4.909152,0.000000,2.000000,5.000000,1.035279,0
1784304785.957321,FIXED400,TRACKING,400,28.371291,47.571116,-0.023651,0.963401,4.919404,0.000000,2.000000,5.000000,1.039996,0
1784304786.007274,FIXED400,TRACKING,400,22.850080,23.988821,-0.023352,0.951173,4.942942,0.000000,2.000000,5.000000,1.050638,0
1784304786.057261,FIXED400,TRACKING,400,23.809189,42.949067,-0.022224,0.942872,4.948215,0.000000,2.000000,5.000000,1.058629,0
1784304786.107288,FIXED400,TRACKING,400,24.869693,26.040674,-0.020124,0.927043,4.956621,0.000000,2.000000,5.000000,1.074022,0
1784304786.157321,FIXED400,TRACKING,400,27.172482,46.367863,-0.019021,0.919556,4.959830,0.000000,2.000000,5.000000,1.081358,0
1784304786.207306,FIXED400,TRACKING,400,28.127840,29.283402,-0.024503,0.902398,4.953121,0.000000,2.000000,5.000000,1.098875,0
1784304786.257268,FIXED400,TRACKING,400,34.866723,54.050220,-0.026211,0.895357,4.951732,0.000000,2.000000,5.000000,1.106008,0
1784304786.307287,FIXED400,TRACKING,400,27.089839,28.211853,-0.026419,0.885572,4.942886,0.000000,2.000000,5.000000,1.116204,0
1784304786.357309,FIXED400,TRACKING,400,26.994727,46.179557,-0.025989,0.881373,4.938935,0.000000,2.000000,5.000000,1.120594,0
1784304786.407306,FIXED400,TRACKING,400,24.046563,25.239403,-0.024637,0.873838,4.929135,0.000000,2.000000,5.000000,1.128659,0
1784304786.457302,FIXED400,TRACKING,400,23.087779,42.129132,-0.023892,0.872283,4.923736,0.000000,2.000000,5.000000,1.130545,0
1784304786.507262,FIXED400,TRACKING,400,24.389230,25.493661,-0.022435,0.866833,4.916167,0.000000,2.000000,5.000000,1.136485,0
1784304786.557327,FIXED400,TRACKING,400,23.469879,42.702884,-0.020376,0.862934,4.911927,0.000000,2.000000,5.000000,1.140654,0
1784304786.607304,FIXED400,TRACKING,400,24.979028,26.238705,-0.015681,0.853373,4.906246,0.000000,2.000000,5.000000,1.150560,0
1784304786.657310,FIXED400,TRACKING,400,25.109975,44.254527,-0.013766,0.849026,4.903958,0.000000,2.000000,5.000000,1.155057,0
1784304786.707307,FIXED400,TRACKING,400,25.688465,26.905593,-0.010873,0.839935,4.899710,0.000000,2.000000,5.000000,1.164442,0
1784304786.757345,FIXED400,TRACKING,400,23.417510,42.542857,-0.009292,0.835934,4.899749,0.000000,2.000000,5.000000,1.168412,0
1784304786.807328,FIXED400,TRACKING,400,23.403015,24.644332,-0.004424,0.823994,4.900591,0.000000,2.000000,5.000000,1.180208,0
1784304786.857337,FIXED400,TRACKING,400,24.271648,43.453797,-0.002246,0.818170,4.901257,0.000000,2.000000,5.000000,1.185950,0
1784304786.907329,FIXED400,TRACKING,400,23.434622,24.672467,0.001645,0.807293,4.899152,0.000000,2.000000,5.000000,1.196964,0
1784304786.957355,FIXED400,TRACKING,400,27.134973,46.354538,0.003370,0.802505,4.896751,0.000000,2.000000,5.000000,1.201942,0
1784304787.007305,FIXED400,TRACKING,400,27.154362,28.408179,0.006272,0.793143,4.899570,0.000000,2.000000,5.000000,1.211045,0
1784304787.057322,FIXED400,TRACKING,400,30.042488,49.334373,0.007397,0.790623,4.897223,0.000000,2.000000,5.000000,1.213759,0
1784304787.107349,FIXED400,TRACKING,400,23.861009,25.175986,0.009194,0.786242,4.893540,0.000000,2.000000,5.000000,1.218452,0
1784304787.157328,FIXED400,TRACKING,400,23.042987,42.310191,0.010028,0.784263,4.892532,0.000000,2.000000,5.000000,1.220519,0
1784304787.207343,FIXED400,TRACKING,400,24.100697,25.408962,0.015281,0.779413,4.886799,0.000000,2.000000,5.000000,1.225921,0
1784304787.257385,FIXED400,TRACKING,400,26.834796,46.140862,0.017435,0.777023,4.886215,0.000000,2.000000,5.000000,1.228383,0
1784304787.307301,FIXED400,TRACKING,400,23.566172,24.827900,0.021197,0.768874,4.888307,0.000000,2.000000,5.000000,1.236364,0
1784304787.357383,FIXED400,TRACKING,400,25.758961,45.018805,0.022808,0.764561,4.890734,0.000000,2.000000,5.000000,1.240471,0
1784304787.407349,FIXED400,TRACKING,400,25.282718,26.533664,0.026226,0.755116,4.894269,0.000000,2.000000,5.000000,1.249641,0
1784304787.457369,FIXED400,TRACKING,400,27.047204,46.324708,0.027934,0.751054,4.893764,0.000000,2.000000,5.000000,1.253768,0
1784304787.507359,FIXED400,TRACKING,400,32.685346,34.125417,0.030664,0.744530,4.893927,0.000000,2.000000,5.000000,1.260316,0
1784304787.557357,FIXED400,TRACKING,400,26.312258,43.494692,0.030636,0.742641,4.890216,0.000000,2.000000,5.000000,1.262514,0
1784304787.607316,FIXED400,TRACKING,400,25.768361,27.090897,0.030002,0.739554,4.886806,0.000000,2.000000,5.000000,1.265874,0
1784304787.657373,FIXED400,TRACKING,400,28.698012,47.940400,0.028654,0.738778,4.886525,0.000000,2.000000,5.000000,1.266641,0
1784304787.707354,FIXED400,TRACKING,400,28.972566,30.189254,0.021187,0.740462,4.884273,0.000000,2.000000,5.000000,1.265020,0
1784304787.757358,FIXED400,TRACKING,400,23.838738,43.163457,0.017752,0.740727,4.883900,0.000000,2.000000,5.000000,1.264738,0
1784304787.807350,FIXED400,TRACKING,400,23.764349,24.997658,0.011579,0.738555,4.879721,0.000000,2.000000,5.000000,1.267220,0
1784304787.857382,FIXED400,TRACKING,400,24.632198,43.899312,0.009129,0.737160,4.878197,0.000000,2.000000,5.000000,1.268733,0
1784304787.907363,FIXED400,TRACKING,400,24.363365,25.683080,0.004752,0.733875,4.874763,0.000000,2.000000,5.000000,1.272313,0
1784304787.957355,FIXED400,TRACKING,400,24.857587,43.902727,0.002862,0.732042,4.870735,0.000000,2.000000,5.000000,1.274533,0
1784304788.007355,FIXED400,TRACKING,400,24.078863,25.431105,-0.001351,0.728646,4.865443,0.000000,2.000000,5.000000,1.278456,0
1784304788.057392,FIXED400,TRACKING,400,26.938881,46.276318,-0.003145,0.727349,4.861519,0.000000,2.000000,5.000000,1.280167,0
1784304788.107345,FIXED400,TRACKING,400,24.073095,25.454507,-0.006532,0.724748,4.858626,0.000000,2.000000,5.000000,1.283081,0
1784304788.157370,FIXED400,TRACKING,400,27.046434,46.334418,-0.008226,0.723567,4.857130,0.000000,2.000000,5.000000,1.284430,0
1784304788.207359,FIXED400,TRACKING,400,26.876229,28.082252,-0.014233,0.721513,4.848454,0.000000,2.000000,5.000000,1.287516,0
1784304788.257384,FIXED400,TRACKING,400,24.205764,43.462867,-0.016919,0.720677,4.847116,0.000000,2.000000,5.000000,1.288536,0
1784304788.307341,FIXED400,TRACKING,400,25.777557,26.979556,-0.020044,0.715217,4.843185,0.000000,2.000000,5.000000,1.294472,0
1784304788.357377,FIXED400,TRACKING,400,25.611108,44.878335,-0.021227,0.712289,4.844034,0.000000,2.000000,5.000000,1.297296,0
1784304788.407308,FIXED400,TRACKING,400,24.004674,25.286938,-0.023800,0.705244,4.844866,0.000000,2.000000,5.000000,1.304234,0
1784304788.457367,FIXED400,TRACKING,400,25.556456,44.927123,-0.025039,0.701613,4.844097,0.000000,2.000000,5.000000,1.307953,0
1784304788.507344,FIXED400,TRACKING,400,25.051010,26.414583,-0.026564,0.694417,4.850074,0.000000,2.000000,5.000000,1.314432,0
1784304788.557388,FIXED400,TRACKING,400,24.721001,44.054600,-0.024160,0.689414,4.854211,0.000000,2.000000,5.000000,1.318891,0
1784304788.607363,FIXED400,TRACKING,400,25.455055,26.679665,-0.019363,0.678816,4.864456,0.000000,2.000000,5.000000,1.328260,0
1784304788.657386,FIXED400,TRACKING,400,23.976838,43.307736,-0.016995,0.673637,4.868107,0.000000,2.000000,5.000000,1.333013,0
1784304788.707373,FIXED400,TRACKING,400,34.091048,35.444576,-0.009922,0.660057,4.874671,0.000000,2.000000,5.000000,1.345828,0
1784304788.757384,FIXED400,TRACKING,400,23.746699,39.485616,-0.006822,0.654083,4.880445,0.000000,2.000000,5.000000,1.351233,0
1784304788.807377,FIXED400,TRACKING,400,33.278671,34.644690,-0.000353,0.641083,4.893884,0.000000,2.000000,5.000000,1.363054,0
1784304788.857390,FIXED400,TRACKING,400,23.600623,40.181197,0.002331,0.635326,4.900832,0.000000,2.000000,5.000000,1.368274,0
1784304788.907372,FIXED400,TRACKING,400,26.249780,27.473647,0.006336,0.623875,4.913909,0.000000,2.000000,5.000000,1.378830,0
1784304788.957399,FIXED400,TRACKING,400,23.798817,43.027294,0.007405,0.618154,4.918115,0.000000,2.000000,5.000000,1.384290,0
1784304789.007392,FIXED400,TRACKING,400,24.323450,25.583654,0.010260,0.606560,4.931653,0.000000,2.000000,5.000000,1.395153,0
1784304789.057396,FIXED400,TRACKING,400,25.415778,44.785476,0.013592,0.602095,4.935266,0.000000,2.000000,5.000000,1.399469,0
1784304789.107382,FIXED400,TRACKING,400,26.333764,27.690089,0.019844,0.595140,4.941789,0.000000,2.000000,5.000000,1.406205,0
1784304789.157404,FIXED400,TRACKING,400,28.714916,47.942071,0.022763,0.592596,4.946041,0.000000,2.000000,5.000000,1.408622,0
1784304789.207386,FIXED400,TRACKING,400,23.650308,24.890332,0.030528,0.587004,4.951771,0.000000,2.000000,5.000000,1.414148,0
1784304789.257405,FIXED400,TRACKING,400,23.639233,42.993022,0.033557,0.585348,4.954658,0.000000,2.000000,5.000000,1.415776,0
1784304789.307390,FIXED400,TRACKING,400,28.435229,29.709735,0.042983,0.581934,4.947014,0.000000,2.000000,5.000000,1.419707,0
1784304789.357423,FIXED400,TRACKING,400,26.898953,46.280809,0.045990,0.581053,4.944443,0.000000,2.000000,5.000000,1.420778,0
1784304789.407395,FIXED400,TRACKING,400,28.277985,29.480667,0.052805,0.580800,4.935600,0.000000,2.000000,5.000000,1.421641,0
1784304789.457421,FIXED400,TRACKING,400,23.876204,43.144869,0.054471,0.582348,4.929944,0.000000,2.000000,5.000000,1.420427,0
1784304789.507401,FIXED400,TRACKING,400,22.990451,24.317679,0.056899,0.586550,4.920281,0.000000,2.000000,5.000000,1.416840,0
1784304789.557414,FIXED400,TRACKING,400,27.826358,47.132160,0.057379,0.590169,4.910407,0.000000,2.000000,5.000000,1.413840,0
1784304789.607412,FIXED400,TRACKING,400,24.471405,25.769462,0.057206,0.599007,4.897670,0.000000,2.000000,5.000000,1.405889,0
1784304789.657425,FIXED400,TRACKING,400,23.681912,42.972855,0.056622,0.602681,4.895863,0.000000,2.000000,5.000000,1.402338,0
1784304789.707409,FIXED400,TRACKING,400,23.830466,25.191712,0.054809,0.608648,4.893706,0.000000,2.000000,5.000000,1.396483,0
1784304789.757437,FIXED400,TRACKING,400,25.022844,44.379247,0.053621,0.611969,4.893315,0.000000,2.000000,5.000000,1.393157,0
1784304789.807465,FIXED400,TRACKING,400,24.049197,25.477639,0.049802,0.618121,4.893584,0.000000,2.000000,5.000000,1.386865,0
1784304789.857434,FIXED400,TRACKING,400,23.598210,42.798838,0.047669,0.621223,4.895942,0.000000,2.000000,5.000000,1.383520,0
1784304789.907418,FIXED400,TRACKING,400,27.215088,28.535982,0.043426,0.630658,4.900541,0.000000,2.000000,5.000000,1.373636,0
1784304789.957453,FIXED400,TRACKING,400,35.940141,55.287699,0.041444,0.637132,4.901131,0.000000,2.000000,5.000000,1.367078,0
1784304790.007423,FIXED400,TRACKING,400,25.958525,27.232517,0.036115,0.652223,4.909061,0.000000,2.000000,5.000000,1.351324,0
1784304790.057476,FIXED400,TRACKING,400,23.894118,43.115973,0.034749,0.662607,4.908957,0.000000,2.000000,5.000000,1.340939,0
1784304790.107426,FIXED400,TRACKING,400,23.011723,24.401904,0.031671,0.681197,4.912410,0.000000,2.000000,5.000000,1.322088,0
1784304790.157459,FIXED400,TRACKING,400,23.091679,42.542815,0.030039,0.689178,4.913867,0.000000,2.000000,5.000000,1.313992,0
1784304790.207473,FIXED400,TRACKING,400,25.752899,27.200383,0.028315,0.701511,4.906815,0.000000,2.000000,5.000000,1.302137,0
1784304790.257452,FIXED400,TRACKING,400,25.509420,44.896210,0.027293,0.706868,4.904957,0.000000,2.000000,5.000000,1.296907,0
1784304790.307440,FIXED400,TRACKING,400,23.965792,25.365599,0.026587,0.715436,4.899700,0.000000,2.000000,5.000000,1.288748,0
1784304790.357450,FIXED400,TRACKING,400,24.964252,44.258806,0.026316,0.719729,4.898346,0.000000,2.000000,5.000000,1.284570,0
1784304790.407443,FIXED400,TRACKING,400,32.147613,33.666299,0.025981,0.730040,4.894079,0.000000,2.000000,5.000000,1.274634,0
1784304790.457459,FIXED400,TRACKING,400,23.177858,40.923386,0.026186,0.734885,4.891890,0.000000,2.000000,5.000000,1.269996,0
1784304790.507447,FIXED400,TRACKING,400,23.812939,25.262169,0.026450,0.743612,4.890564,0.000000,2.000000,5.000000,1.261423,0
1784304790.557474,FIXED400,TRACKING,400,26.143456,45.559574,0.027860,0.750196,4.889416,0.000000,2.000000,5.000000,1.254996,0
1784304790.607493,FIXED400,TRACKING,400,25.557082,27.029016,0.030318,0.763020,4.888834,0.000000,2.000000,5.000000,1.242335,0
1784304790.657482,FIXED400,TRACKING,400,27.048867,46.427858,0.031355,0.767858,4.889402,0.000000,2.000000,5.000000,1.237493,0
1784304790.707462,FIXED400,TRACKING,400,26.527755,27.900003,0.034326,0.775538,4.890399,0.000000,2.000000,5.000000,1.229836,0
1784304790.757488,FIXED400,TRACKING,400,26.294511,45.754097,0.035007,0.778767,4.894124,0.000000,2.000000,5.000000,1.226314,0
1784304790.807459,FIXED400,TRACKING,400,28.273760,29.549822,0.037502,0.782496,4.899260,0.000000,2.000000,5.000000,1.222240,0
1784304790.857480,FIXED400,TRACKING,400,24.243410,43.696767,0.038548,0.783295,4.900995,0.000000,2.000000,5.000000,1.221335,0
1784304790.907463,FIXED400,TRACKING,400,23.400871,24.772059,0.039881,0.785020,4.904077,0.000000,2.000000,5.000000,1.219413,0
1784304790.957525,FIXED400,TRACKING,400,24.149439,43.328099,0.040283,0.785807,4.906711,0.000000,2.000000,5.000000,1.218437,0
