epoch_sec,mode,phase,N,mppi_call_ms,state_to_command_latency_ms,pos_x,pos_y,pos_z,target_x,target_y,target_z,pos_error_m,deadline_miss
1784327621.321975,ADAPTIVE,TAKEOFF,0,0.000000,23.325687,-0.319481,0.261551,1.937867,-0.319481,0.261551,1.961672,0.023804,0
1784327621.346958,ADAPTIVE,TAKEOFF,0,0.000000,16.058036,-0.320825,0.258933,1.934405,-0.319481,0.261551,1.987172,0.052849,0
1784327621.371940,ADAPTIVE,TAKEOFF,0,0.000000,8.652989,-0.322140,0.256389,1.931449,-0.319481,0.261551,2.012671,0.081430,0
1784327621.396966,ADAPTIVE,TAKEOFF,0,0.000000,33.676969,-0.322140,0.256389,1.931449,-0.319481,0.261551,2.038215,0.106924,0
1784327621.421976,ADAPTIVE,TAKEOFF,0,0.000000,23.161984,-0.324412,0.252662,1.928928,-0.319481,0.261551,2.063743,0.135197,0
1784327621.446944,ADAPTIVE,TAKEOFF,0,0.000000,16.190901,-0.327004,0.249040,1.927968,-0.319481,0.261551,2.089228,0.161920,0
1784327621.471964,ADAPTIVE,TAKEOFF,0,0.000000,8.778263,-0.329588,0.245547,1.927296,-0.319481,0.261551,2.114766,0.188422,0
1784327621.496976,ADAPTIVE,TAKEOFF,0,0.000000,33.791145,-0.329588,0.245547,1.927296,-0.319481,0.261551,2.140296,0.213839,0
1784327621.521970,ADAPTIVE,TAKEOFF,0,0.000000,23.186679,-0.332149,0.242168,1.926974,-0.319481,0.261551,2.165809,0.239955,0
1784327621.546971,ADAPTIVE,TAKEOFF,0,0.000000,16.138213,-0.334800,0.240173,1.925598,-0.319481,0.261551,2.191327,0.267028,0
1784327621.571963,ADAPTIVE,TAKEOFF,0,0.000000,8.895062,-0.337429,0.238630,1.924180,-0.319481,0.261551,2.216836,0.294100,0
1784327621.596972,ADAPTIVE,TAKEOFF,0,0.000000,33.905520,-0.337429,0.238630,1.924180,-0.319481,0.261551,2.242364,0.319513,0
1784327621.621977,ADAPTIVE,TAKEOFF,0,0.000000,23.256103,-0.340611,0.236776,1.922896,-0.319481,0.261551,2.267886,0.346524,0
1784327621.646948,ADAPTIVE,TAKEOFF,0,0.000000,16.181533,-0.343093,0.235334,1.922194,-0.319481,0.261551,2.293374,0.372854,0
1784327621.671963,ADAPTIVE,TAKEOFF,0,0.000000,8.970435,-0.343950,0.238329,1.919017,-0.319481,0.261551,2.318907,0.401310,0
1784327621.696964,ADAPTIVE,TAKEOFF,0,0.000000,33.971508,-0.343950,0.238329,1.919017,-0.319481,0.261551,2.344426,0.426744,0
1784327621.721962,ADAPTIVE,TAKEOFF,0,0.000000,23.215171,-0.344862,0.241008,1.916471,-0.319481,0.261551,2.369942,0.454645,0
1784327621.746961,ADAPTIVE,TAKEOFF,0,0.000000,16.247174,-0.345799,0.243406,1.914358,-0.319481,0.261551,2.395460,0.482163,0
1784327621.771964,ADAPTIVE,TAKEOFF,0,0.000000,8.976846,-0.346774,0.245556,1.912719,-0.319481,0.261551,2.420980,0.509245,0
1784327621.796968,ADAPTIVE,TAKEOFF,0,0.000000,33.976055,-0.346774,0.245556,1.912719,-0.319481,0.261551,2.446502,0.534719,0
1784327621.821965,ADAPTIVE,TAKEOFF,0,0.000000,23.170430,-0.346936,0.246973,1.910695,-0.319481,0.261551,2.472016,0.562180,0
1784327621.846974,ADAPTIVE,TAKEOFF,0,0.000000,16.241383,-0.347137,0.247950,1.909503,-0.319481,0.261551,2.497543,0.588847,0
1784327621.871934,ADAPTIVE,TAKEOFF,0,0.000000,8.862416,-0.347325,0.248838,1.908621,-0.319481,0.261551,2.523020,0.615161,0
1784327621.896975,ADAPTIVE,TAKEOFF,0,0.000000,33.902720,-0.347325,0.248838,1.908621,-0.319481,0.261551,2.548579,0.640690,0
1784327621.921966,ADAPTIVE,TAKEOFF,0,0.000000,23.167726,-0.346655,0.249090,1.906349,-0.319481,0.261551,2.574088,0.668408,0
1784327621.946948,ADAPTIVE,TAKEOFF,0,0.000000,16.094283,-0.345205,0.248770,1.902744,-0.319481,0.261551,2.599587,0.697435,0
1784327621.971985,ADAPTIVE,TAKEOFF,0,0.000000,8.882894,-0.343895,0.248418,1.899678,-0.319481,0.261551,2.625145,0.725996,0
1784327621.996970,ADAPTIVE,TAKEOFF,0,0.000000,33.860600,-0.343895,0.248418,1.899678,-0.319481,0.261551,2.650645,0.751479,0
1784327622.021964,ADAPTIVE,TAKEOFF,0,0.000000,23.168068,-0.342425,0.247953,1.896512,-0.319481,0.261551,2.676156,0.780101,0
1784327622.046953,ADAPTIVE,TAKEOFF,0,0.000000,16.159892,-0.341309,0.246751,1.895361,-0.319481,0.261551,2.701664,0.806734,0
1784327622.071963,ADAPTIVE,TAKEOFF,0,0.000000,8.809735,-0.340298,0.245378,1.894723,-0.319481,0.261551,2.727192,0.832886,0
1784327622.096968,ADAPTIVE,TAKEOFF,0,0.000000,33.815225,-0.340298,0.245378,1.894723,-0.319481,0.261551,2.752715,0.858397,0
1784327622.121972,ADAPTIVE,TAKEOFF,0,0.000000,23.183638,-0.339417,0.244108,1.894342,-0.319481,0.261551,2.778237,0.884291,0
1784327622.146944,ADAPTIVE,TAKEOFF,0,0.000000,16.190425,-0.338644,0.242994,1.894065,-0.319481,0.261551,2.803725,0.910051,0
1784327622.171967,ADAPTIVE,TAKEOFF,0,0.000000,8.869300,-0.339289,0.240658,1.888846,-0.319481,0.261551,2.829266,0.940860,0
1784327622.196975,ADAPTIVE,TAKEOFF,0,0.000000,33.877993,-0.339289,0.240658,1.888846,-0.319481,0.261551,2.854792,0.966375,0
1784327622.221965,ADAPTIVE,TAKEOFF,0,0.000000,23.214368,-0.340191,0.237977,1.883083,-0.319481,0.261551,2.880300,0.997711,0
1784327622.246934,ADAPTIVE,TAKEOFF,0,0.000000,16.258997,-0.340993,0.235983,1.878990,-0.319481,0.261551,2.905786,1.027339,0
1784327622.271965,ADAPTIVE,TAKEOFF,0,0.000000,8.637908,-0.341808,0.233866,1.876125,-0.319481,0.261551,2.931335,1.055809,0
1784327622.296979,ADAPTIVE,TAKEOFF,0,0.000000,33.652829,-0.341808,0.233866,1.876125,-0.319481,0.261551,2.956867,1.081327,0
1784327622.321987,ADAPTIVE,TAKEOFF,0,0.000000,23.243341,-0.342530,0.231131,1.876033,-0.319481,0.261551,2.982395,1.107020,0
1784327622.346953,ADAPTIVE,TAKEOFF,0,0.000000,16.171182,-0.343358,0.228520,1.875902,-0.319481,0.261551,3.007879,1.132710,0
1784327622.371964,ADAPTIVE,TAKEOFF,0,0.000000,8.686970,-0.344275,0.226023,1.875838,-0.319481,0.261551,3.033406,1.158378,0
1784327622.396973,ADAPTIVE,TAKEOFF,0,0.000000,33.695526,-0.344275,0.226023,1.875838,-0.319481,0.261551,3.058932,1.183888,0
1784327622.421976,ADAPTIVE,TAKEOFF,0,0.000000,23.168442,-0.344761,0.222536,1.876389,-0.319481,0.261551,3.084454,1.208959,0
1784327622.446939,ADAPTIVE,TAKEOFF,0,0.000000,16.121730,-0.344362,0.219249,1.877481,-0.319481,0.261551,3.109933,1.233429,0
1784327622.471960,ADAPTIVE,TAKEOFF,0,0.000000,8.721357,-0.344119,0.216090,1.878543,-0.319481,0.261551,3.135473,1.257993,0
1784327622.496973,ADAPTIVE,TAKEOFF,0,0.000000,33.734377,-0.344119,0.216090,1.878543,-0.319481,0.261551,3.161004,1.283503,0
1784327622.521963,ADAPTIVE,TAKEOFF,0,0.000000,23.156147,-0.343997,0.213021,1.879671,-0.319481,0.261551,3.186511,1.307971,0
1784327622.546939,ADAPTIVE,TAKEOFF,0,0.000000,16.111917,-0.342599,0.210426,1.880578,-0.319481,0.261551,3.212005,1.332608,0
1784327622.571937,ADAPTIVE,TAKEOFF,0,0.000000,8.784409,-0.340849,0.207934,1.881480,-0.319481,0.261551,3.237520,1.357268,0
1784327622.596964,ADAPTIVE,TAKEOFF,0,0.000000,33.811759,-0.340849,0.207934,1.881480,-0.319481,0.261551,3.263066,1.382791,0
1784327622.621968,ADAPTIVE,TAKEOFF,0,0.000000,23.090067,-0.338865,0.204822,1.882663,-0.319481,0.261551,3.288587,1.407202,0
1784327622.646967,ADAPTIVE,TAKEOFF,0,0.000000,16.196023,-0.337469,0.202375,1.883633,-0.319481,0.261551,3.314105,1.431808,0
1784327622.671936,ADAPTIVE,TAKEOFF,0,0.000000,8.607033,-0.336074,0.200527,1.884437,-0.319481,0.261551,3.339590,1.456526,0
1784327622.696985,ADAPTIVE,TAKEOFF,0,0.000000,33.657079,-0.336074,0.200527,1.884437,-0.319481,0.261551,3.365158,1.482071,0
1784327622.721966,ADAPTIVE,TAKEOFF,0,0.000000,23.260929,-0.334730,0.198650,1.885313,-0.319481,0.261551,3.390656,1.506734,0
1784327622.746940,ADAPTIVE,TAKEOFF,0,0.000000,16.086755,-0.333454,0.196752,1.886133,-0.319481,0.261551,3.416148,1.531450,0
1784327622.771934,ADAPTIVE,TAKEOFF,0,0.000000,8.713657,-0.332279,0.194820,1.886979,-0.319481,0.261551,3.441659,1.556165,0
1784327622.796968,ADAPTIVE,TAKEOFF,0,0.000000,33.747025,-0.332279,0.194820,1.886979,-0.319481,0.261551,3.467212,1.581693,0
1784327622.821976,ADAPTIVE,TAKEOFF,0,0.000000,23.246304,-0.329030,0.194227,1.883094,-0.319481,0.261551,3.492739,1.611081,0
1784327622.846962,ADAPTIVE,TAKEOFF,0,0.000000,16.161353,-0.326602,0.193616,1.880388,-0.319481,0.261551,3.518242,1.639278,0
1784327622.871966,ADAPTIVE,TAKEOFF,0,0.000000,8.840568,-0.324303,0.192905,1.877968,-0.319481,0.261551,3.543764,1.667217,0
1784327622.896969,ADAPTIVE,TAKEOFF,0,0.000000,33.843473,-0.324303,0.192905,1.877968,-0.319481,0.261551,3.569284,1.692716,0
1784327622.921970,ADAPTIVE,TAKEOFF,0,0.000000,23.200241,-0.322595,0.192327,1.872915,-0.319481,0.261551,3.594803,1.723282,0
1784327622.946947,ADAPTIVE,TAKEOFF,0,0.000000,16.211228,-0.321433,0.191879,1.865465,-0.319481,0.261551,3.620297,1.756215,0
1784327622.971961,ADAPTIVE,TAKEOFF,0,0.000000,8.717869,-0.320349,0.191303,1.858780,-0.319481,0.261551,3.645829,1.788429,0
1784327622.996972,ADAPTIVE,TAKEOFF,0,0.000000,33.728281,-0.320349,0.191303,1.858780,-0.319481,0.261551,3.671358,1.813939,0
1784327623.021964,ADAPTIVE,TAKEOFF,0,0.000000,23.241146,-0.319058,0.190335,1.851379,-0.319481,0.261551,3.696868,1.846862,0
1784327623.046971,ADAPTIVE,TAKEOFF,0,0.000000,16.283132,-0.317446,0.191471,1.848037,-0.319481,0.261551,3.722392,1.875666,0
1784327623.071963,ADAPTIVE,TAKEOFF,0,0.000000,8.767113,-0.315735,0.193016,1.845641,-0.319481,0.261551,3.747902,1.903499,0
1784327623.096967,ADAPTIVE,TAKEOFF,0,0.000000,33.772724,-0.315735,0.193016,1.845641,-0.319481,0.261551,3.773424,1.929005,0
1784327623.121949,ADAPTIVE,TAKEOFF,0,0.000000,23.092535,-0.314149,0.194300,1.843604,-0.319481,0.261551,3.798924,1.956483,0
1784327623.146961,ADAPTIVE,TAKEOFF,0,0.000000,16.158945,-0.312718,0.195173,1.841749,-0.319481,0.261551,3.824453,1.983826,0
1784327623.171936,ADAPTIVE,TAKEOFF,0,0.000000,8.750713,-0.310550,0.197313,1.836272,-0.319481,0.261551,3.849946,2.014718,0
1784327623.196951,ADAPTIVE,TAKEOFF,0,0.000000,33.765482,-0.310550,0.197313,1.836272,-0.319481,0.261551,3.875479,2.040239,0
1784327623.221964,ADAPTIVE,TAKEOFF,0,0.000000,23.129193,-0.308028,0.199592,1.830248,-0.319481,0.261551,3.901011,2.071721,0
1784327623.246938,ADAPTIVE,TAKEOFF,0,0.000000,16.140878,-0.306165,0.201120,1.825992,-0.319481,0.261551,3.926502,2.101420,0
1784327623.271969,ADAPTIVE,TAKEOFF,0,0.000000,8.540273,-0.304549,0.203792,1.822284,-0.319481,0.261551,3.952051,2.130602,0
1784327623.296952,ADAPTIVE,TAKEOFF,0,0.000000,33.523323,-0.304549,0.203792,1.822284,-0.319481,0.261551,3.977551,2.156093,0
1784327623.321985,ADAPTIVE,TAKEOFF,0,0.000000,23.095840,-0.302967,0.209998,1.819413,-0.319481,0.261551,4.003103,2.184361,0
1784327623.346952,ADAPTIVE,TAKEOFF,0,0.000000,16.218436,-0.301536,0.215630,1.816741,-0.319481,0.261551,4.028587,2.212395,0
1784327623.371972,ADAPTIVE,TAKEOFF,0,0.000000,8.517070,-0.300250,0.220744,1.814362,-0.319481,0.261551,4.054125,2.240217,0
1784327623.396984,ADAPTIVE,TAKEOFF,0,0.000000,33.529215,-0.300250,0.220744,1.814362,-0.319481,0.261551,4.079655,2.265743,0
1784327623.421999,ADAPTIVE,TAKEOFF,0,0.000000,23.200913,-0.298360,0.226433,1.812221,-0.319481,0.261551,4.105189,2.293335,0
1784327623.446979,ADAPTIVE,TAKEOFF,0,0.000000,16.175578,-0.296384,0.230459,1.811267,-0.319481,0.261551,4.130686,2.319743,0
1784327623.471971,ADAPTIVE,TAKEOFF,0,0.000000,8.875299,-0.294598,0.234091,1.810429,-0.319481,0.261551,4.156195,2.346058,0
1784327623.496982,ADAPTIVE,TAKEOFF,0,0.000000,33.887392,-0.294598,0.234091,1.810429,-0.319481,0.261551,4.181724,2.371584,0
1784327623.521964,ADAPTIVE,TAKEOFF,0,0.000000,23.270008,-0.292985,0.237364,1.809815,-0.319481,0.261551,4.207223,2.397676,0
1784327623.546946,ADAPTIVE,TAKEOFF,0,0.000000,16.100866,-0.292385,0.240180,1.809757,-0.319481,0.261551,4.232723,2.423212,0
1784327623.571963,ADAPTIVE,TAKEOFF,0,0.000000,8.793074,-0.292109,0.242648,1.809987,-0.319481,0.261551,4.258258,2.448497,0
1784327623.596962,ADAPTIVE,TAKEOFF,0,0.000000,33.791503,-0.292109,0.242648,1.809987,-0.319481,0.261551,4.283775,2.474011,0
1784327623.621964,ADAPTIVE,TAKEOFF,0,0.000000,23.236745,-0.291810,0.245341,1.810420,-0.319481,0.261551,4.309294,2.499081,0
1784327623.646965,ADAPTIVE,TAKEOFF,0,0.000000,16.234590,-0.291623,0.247213,1.810850,-0.319481,0.261551,4.334813,2.524157,0
1784327623.671965,ADAPTIVE,TAKEOFF,0,0.000000,8.758109,-0.291761,0.249111,1.815219,-0.319481,0.261551,4.360331,2.545293,0
1784327623.696976,ADAPTIVE,TAKEOFF,0,0.000000,33.768115,-0.291761,0.249111,1.815219,-0.319481,0.261551,4.385859,2.570820,0
1784327623.721976,ADAPTIVE,TAKEOFF,0,0.000000,23.213153,-0.291893,0.250780,1.819403,-0.319481,0.261551,4.411378,2.592144,0
1784327623.746956,ADAPTIVE,TAKEOFF,0,0.000000,16.195073,-0.292020,0.252202,1.823298,-0.319481,0.261551,4.436875,2.613738,0
1784327623.771974,ADAPTIVE,TAKEOFF,0,0.000000,8.733190,-0.292150,0.253392,1.827017,-0.319481,0.261551,4.462412,2.635548,0
1784327623.796954,ADAPTIVE,TAKEOFF,0,0.000000,33.715046,-0.292150,0.253392,1.827017,-0.319481,0.261551,4.487910,2.661045,0
1784327623.821985,ADAPTIVE,TAKEOFF,0,0.000000,23.200434,-0.293123,0.257777,1.829154,-0.319481,0.261551,4.513459,2.684438,0
1784327623.846946,ADAPTIVE,TAKEOFF,0,0.000000,16.221658,-0.293909,0.260868,1.830817,-0.319481,0.261551,4.538937,2.708241,0
1784327623.871968,ADAPTIVE,TAKEOFF,0,0.000000,8.752988,-0.294626,0.263629,1.832408,-0.319481,0.261551,4.564476,2.732182,0
1784327623.896981,ADAPTIVE,TAKEOFF,0,0.000000,33.766520,-0.294626,0.263629,1.832408,-0.319481,0.261551,4.590008,2.757713,0
1784327623.921971,ADAPTIVE,TAKEOFF,0,0.000000,23.204807,-0.295817,0.267064,1.834598,-0.319481,0.261551,4.615514,2.781022,0
1784327623.946938,ADAPTIVE,TAKEOFF,0,0.000000,16.188898,-0.297424,0.271120,1.837150,-0.319481,0.261551,4.640999,2.803953,0
1784327623.971971,ADAPTIVE,TAKEOFF,0,0.000000,8.867791,-0.299035,0.274724,1.839555,-0.319481,0.261551,4.666550,2.827100,0
1784327623.996988,ADAPTIVE,TAKEOFF,0,0.000000,33.886379,-0.299035,0.274724,1.839555,-0.319481,0.261551,4.692086,2.852635,0
1784327624.021971,ADAPTIVE,TAKEOFF,0,0.000000,23.105238,-0.301001,0.278688,1.842376,-0.319481,0.261551,4.717585,2.875320,0
1784327624.046951,ADAPTIVE,TAKEOFF,0,0.000000,16.203439,-0.301114,0.281284,1.843617,-0.319481,0.261551,4.743083,2.899592,0
1784327624.071965,ADAPTIVE,TAKEOFF,0,0.000000,8.639079,-0.300808,0.283515,1.844479,-0.319481,0.261551,4.768615,2.924278,0
1784327624.096969,ADAPTIVE,TAKEOFF,0,0.000000,33.642992,-0.300808,0.283515,1.844479,-0.319481,0.261551,4.794138,2.949799,0
1784327624.121955,ADAPTIVE,TAKEOFF,0,0.000000,23.210340,-0.300506,0.285485,1.845356,-0.319481,0.261551,4.819641,2.974442,0
1784327624.146974,ADAPTIVE,TAKEOFF,0,0.000000,16.230669,-0.300225,0.287209,1.846123,-0.319481,0.261551,4.845178,2.999227,0
1784327624.171970,ADAPTIVE,TAKEOFF,0,0.000000,8.848189,-0.298762,0.287322,1.845594,-0.319481,0.261551,4.870692,3.025278,0
1784327624.196977,ADAPTIVE,TAKEOFF,0,0.000000,33.854062,-0.298762,0.287322,1.845594,-0.319481,0.261551,4.896217,3.050801,0
1784327624.221971,ADAPTIVE,TAKEOFF,0,0.000000,23.234038,-0.297085,0.287299,1.845061,-0.319481,0.261551,4.921728,3.076857,0
1784327624.246943,ADAPTIVE,TAKEOFF,0,0.000000,16.219036,-0.295845,0.287186,1.844711,-0.319481,0.261551,4.947218,3.102703,0
1784327624.271968,ADAPTIVE,TAKEOFF,0,0.000000,8.588211,-0.294981,0.287308,1.844322,-0.319481,0.261551,4.972760,3.128641,0
1784327624.296983,ADAPTIVE,TAKEOFF,0,0.000000,33.603064,-0.294981,0.287308,1.844322,-0.319481,0.261551,4.998293,3.154172,0
1784327624.321983,ADAPTIVE,WAITING,0,0.000000,23.323352,-0.295086,0.288208,1.843838,-0.319481,0.261551,5.000000,3.156369,0
1784327624.346944,ADAPTIVE,WAITING,0,0.000000,16.152946,-0.295250,0.288983,1.843386,0.000000,0.000000,5.000000,3.183535,0
1784327624.371972,ADAPTIVE,TRACKING,200,22.187042,31.031074,-0.295426,0.289621,1.843050,0.000000,0.000000,5.000000,3.183942,0
1784327624.397059,ADAPTIVE,TRACKING,135,7.874872,41.796286,-0.295426,0.289621,1.843050,0.000000,0.000000,5.000000,3.183942,0
1784327624.421994,ADAPTIVE,TRACKING,177,14.526032,31.522973,-0.296537,0.290090,1.841431,0.000000,0.000000,5.000000,3.185693,0
1784327624.446946,ADAPTIVE,TRACKING,179,11.778992,22.104643,-0.298459,0.290137,1.838794,0.000000,0.000000,5.000000,3.188492,0
1784327624.471972,ADAPTIVE,TRACKING,218,15.082987,24.199723,-0.300298,0.290077,1.836428,0.000000,0.000000,5.000000,3.191005,0
1784327624.496989,ADAPTIVE,TRACKING,207,12.724621,46.858682,-0.300298,0.290077,1.836428,0.000000,0.000000,5.000000,3.191005,0
1784327624.521979,ADAPTIVE,TRACKING,229,14.524823,26.717977,-0.302076,0.289932,1.834406,0.000000,0.000000,5.000000,3.193164,0
1784327624.546939,ADAPTIVE,TRACKING,231,14.009494,24.377606,-0.303652,0.291523,1.831290,0.000000,0.000000,5.000000,3.196547,0
1784327624.572056,ADAPTIVE,TRACKING,242,14.758153,24.016677,-0.305127,0.293446,1.828128,0.000000,0.000000,5.000000,3.199997,0
1784327624.597038,ADAPTIVE,TRACKING,243,14.642173,48.883582,-0.305127,0.293446,1.828128,0.000000,0.000000,5.000000,3.199997,0
1784327624.622035,ADAPTIVE,TRACKING,247,14.858854,25.142780,-0.306880,0.295512,1.824670,0.000000,0.000000,5.000000,3.203783,0
1784327624.647058,ADAPTIVE,TRACKING,248,14.748184,24.843036,-0.308232,0.296910,1.822242,0.000000,0.000000,5.000000,3.206448,0
1784327624.672057,ADAPTIVE,TRACKING,250,14.991968,24.369506,-0.307634,0.301423,1.821027,0.000000,0.000000,5.000000,3.208016,0
1784327624.696991,ADAPTIVE,TRACKING,250,14.958774,49.269692,-0.307634,0.301423,1.821027,0.000000,0.000000,5.000000,3.208016,0
1784327624.722046,ADAPTIVE,TRACKING,251,15.082656,25.111049,-0.307159,0.305492,1.820042,0.000000,0.000000,5.000000,3.209331,0
1784327624.747046,ADAPTIVE,TRACKING,250,14.896047,24.749194,-0.306753,0.309130,1.819134,0.000000,0.000000,5.000000,3.210540,0
1784327624.772054,ADAPTIVE,TRACKING,250,15.032078,24.422707,-0.306426,0.312400,1.818393,0.000000,0.000000,5.000000,3.211559,0
1784327624.796997,ADAPTIVE,TRACKING,250,15.049077,49.385142,-0.306426,0.312400,1.818393,0.000000,0.000000,5.000000,3.211559,0
1784327624.822037,ADAPTIVE,TRACKING,250,15.013637,24.929948,-0.305265,0.317655,1.819029,0.000000,0.000000,5.000000,3.211334,0
1784327624.846950,ADAPTIVE,TRACKING,249,14.908975,24.751182,-0.304434,0.321340,1.819595,0.000000,0.000000,5.000000,3.211062,0
1784327624.872048,ADAPTIVE,TRACKING,249,15.038357,24.381478,-0.303752,0.324655,1.820185,0.000000,0.000000,5.000000,3.210745,0
1784327624.896993,ADAPTIVE,TRACKING,249,15.052485,49.343960,-0.303752,0.324655,1.820185,0.000000,0.000000,5.000000,3.210745,0
1784327624.922004,ADAPTIVE,TRACKING,249,15.392271,25.227748,-0.303116,0.328035,1.824075,0.000000,0.000000,5.000000,3.207178,0
1784327624.946941,ADAPTIVE,TRACKING,246,14.816011,24.226993,-0.302557,0.331462,1.830695,0.000000,0.000000,5.000000,3.200922,0
1784327624.971988,ADAPTIVE,TRACKING,246,14.681579,23.924856,-0.302163,0.334560,1.836845,0.000000,0.000000,5.000000,3.195119,0
1784327624.996991,ADAPTIVE,TRACKING,247,14.842279,49.090956,-0.302163,0.334560,1.836845,0.000000,0.000000,5.000000,3.195119,0
1784327625.021984,ADAPTIVE,TRACKING,250,15.037310,25.120461,-0.301804,0.338018,1.843947,0.000000,0.000000,5.000000,3.188419,0
1784327625.046996,ADAPTIVE,TRACKING,250,14.951041,24.864047,-0.301465,0.339924,1.849065,0.000000,0.000000,5.000000,3.183523,0
1784327625.071977,ADAPTIVE,TRACKING,249,14.920873,24.047309,-0.301167,0.341456,1.853807,0.000000,0.000000,5.000000,3.178966,0
1784327625.096991,ADAPTIVE,TRACKING,250,14.956543,49.098778,-0.301167,0.341456,1.853807,0.000000,0.000000,5.000000,3.178966,0
1784327625.121974,ADAPTIVE,TRACKING,250,15.001081,24.965895,-0.300975,0.342766,1.858310,0.000000,0.000000,5.000000,3.174632,0
1784327625.146971,ADAPTIVE,TRACKING,250,14.956756,24.871659,-0.300844,0.343931,1.862505,0.000000,0.000000,5.000000,3.170595,0
1784327625.171983,ADAPTIVE,TRACKING,250,15.043225,24.222203,-0.301927,0.344302,1.868035,0.000000,0.000000,5.000000,3.165266,0
1784327625.196991,ADAPTIVE,TRACKING,249,14.909692,49.099239,-0.301927,0.344302,1.868035,0.000000,0.000000,5.000000,3.165266,0
1784327625.221998,ADAPTIVE,TRACKING,250,15.115542,25.148969,-0.303288,0.344641,1.874436,0.000000,0.000000,5.000000,3.159100,0
1784327625.246983,ADAPTIVE,TRACKING,249,14.974423,24.778536,-0.304415,0.344894,1.879175,0.000000,0.000000,5.000000,3.154547,0
1784327625.271982,ADAPTIVE,TRACKING,249,14.935964,24.093134,-0.305644,0.345053,1.883266,0.000000,0.000000,5.000000,3.150637,0
1784327625.297065,ADAPTIVE,TRACKING,249,14.986845,49.230619,-0.305644,0.345053,1.883266,0.000000,0.000000,5.000000,3.150637,0
1784327625.322044,ADAPTIVE,TRACKING,249,15.006708,24.935795,-0.307121,0.345087,1.886215,0.000000,0.000000,5.000000,3.147867,0
1784327625.346983,ADAPTIVE,TRACKING,249,14.797449,24.669483,-0.308604,0.345014,1.888990,0.000000,0.000000,5.000000,3.145259,0
1784327625.371994,ADAPTIVE,TRACKING,250,15.016962,23.741854,-0.310059,0.344760,1.891654,0.000000,0.000000,5.000000,3.142739,0
1784327625.397079,ADAPTIVE,TRACKING,250,14.992344,48.804564,-0.310059,0.344760,1.891654,0.000000,0.000000,5.000000,3.142739,0
1784327625.422060,ADAPTIVE,TRACKING,250,14.949011,24.846762,-0.311717,0.344810,1.894168,0.000000,0.000000,5.000000,3.140423,0
1784327625.446939,ADAPTIVE,TRACKING,250,15.113552,24.917357,-0.312860,0.345274,1.895329,0.000000,0.000000,5.000000,3.139439,0
1784327625.471977,ADAPTIVE,TRACKING,249,14.951772,24.206776,-0.314012,0.345564,1.896473,0.000000,0.000000,5.000000,3.138454,0
1784327625.496995,ADAPTIVE,TRACKING,249,14.856231,49.131419,-0.314012,0.345564,1.896473,0.000000,0.000000,5.000000,3.138454,0
1784327625.521984,ADAPTIVE,TRACKING,249,14.890959,24.962475,-0.315123,0.345861,1.897658,0.000000,0.000000,5.000000,3.137427,0
1784327625.546936,ADAPTIVE,TRACKING,250,15.050842,25.050179,-0.317114,0.345102,1.896750,0.000000,0.000000,5.000000,3.138442,0
1784327625.571975,ADAPTIVE,TRACKING,250,15.164586,24.429679,-0.319357,0.343994,1.895394,0.000000,0.000000,5.000000,3.139889,0
1784327625.596987,ADAPTIVE,TRACKING,249,14.944031,49.220853,-0.319357,0.343994,1.895394,0.000000,0.000000,5.000000,3.139889,0
1784327625.621975,ADAPTIVE,TRACKING,248,14.847377,24.816149,-0.322093,0.342606,1.894032,0.000000,0.000000,5.000000,3.141363,0
1784327625.646942,ADAPTIVE,TRACKING,249,14.939836,25.000393,-0.324122,0.341535,1.893170,0.000000,0.000000,5.000000,3.142307,0
1784327625.671979,ADAPTIVE,TRACKING,250,14.951376,24.150802,-0.323760,0.340036,1.889781,0.000000,0.000000,5.000000,3.145459,0
1784327625.697066,ADAPTIVE,TRACKING,250,14.985124,49.275384,-0.323760,0.340036,1.889781,0.000000,0.000000,5.000000,3.145459,0
1784327625.721980,ADAPTIVE,TRACKING,250,15.001476,24.863101,-0.323532,0.338594,1.886858,0.000000,0.000000,5.000000,3.148169,0
1784327625.746963,ADAPTIVE,TRACKING,250,14.969738,24.873223,-0.323429,0.337213,1.884258,0.000000,0.000000,5.000000,3.150582,0
1784327625.771942,ADAPTIVE,TRACKING,250,15.017009,24.241784,-0.323461,0.335949,1.882021,0.000000,0.000000,5.000000,3.152662,0
1784327625.797065,ADAPTIVE,TRACKING,250,15.001960,49.351954,-0.323461,0.335949,1.882021,0.000000,0.000000,5.000000,3.152662,0
1784327625.822045,ADAPTIVE,TRACKING,250,14.813396,24.722752,-0.319295,0.335829,1.882357,0.000000,0.000000,5.000000,3.151893,0
1784327625.846984,ADAPTIVE,TRACKING,250,14.891863,24.956968,-0.316317,0.335704,1.882755,0.000000,0.000000,5.000000,3.151186,0
1784327625.871983,ADAPTIVE,TRACKING,251,15.073719,24.274246,-0.313592,0.335573,1.883249,0.000000,0.000000,5.000000,3.150410,0
1784327625.896994,ADAPTIVE,TRACKING,251,14.929696,49.142302,-0.313592,0.335573,1.883249,0.000000,0.000000,5.000000,3.150410,0
1784327625.921999,ADAPTIVE,TRACKING,251,14.997750,24.988680,-0.310795,0.335195,1.882506,0.000000,0.000000,5.000000,3.150828,0
1784327625.946943,ADAPTIVE,TRACKING,250,14.927870,24.754925,-0.307920,0.334672,1.880619,0.000000,0.000000,5.000000,3.152358,0
1784327625.971981,ADAPTIVE,TRACKING,251,14.946118,24.137991,-0.305313,0.334199,1.879080,0.000000,0.000000,5.000000,3.153577,0
1784327625.997061,ADAPTIVE,TRACKING,251,15.612960,49.887967,-0.305313,0.334199,1.879080,0.000000,0.000000,5.000000,3.153577,0
1784327626.021982,ADAPTIVE,TRACKING,247,14.856045,24.098455,-0.302381,0.333684,1.877588,0.000000,0.000000,5.000000,3.154716,0
1784327626.046940,ADAPTIVE,TRACKING,247,14.750853,24.789284,-0.301118,0.333819,1.874481,0.000000,0.000000,5.000000,3.157685,0
1784327626.071977,ADAPTIVE,TRACKING,247,14.748171,24.019680,-0.300327,0.333958,1.871077,0.000000,0.000000,5.000000,3.160994,0
1784327626.096993,ADAPTIVE,TRACKING,250,15.098812,49.389643,-0.300327,0.333958,1.871077,0.000000,0.000000,5.000000,3.160994,0
1784327626.121959,ADAPTIVE,TRACKING,250,15.002679,24.812200,-0.299596,0.334084,1.868208,0.000000,0.000000,5.000000,3.163778,0
1784327626.146970,ADAPTIVE,TRACKING,249,14.888255,24.815899,-0.299068,0.334136,1.865616,0.000000,0.000000,5.000000,3.166300,0
1784327626.171943,ADAPTIVE,TRACKING,249,14.922348,24.021852,-0.300494,0.336039,1.861820,0.000000,0.000000,5.000000,3.170393,0
1784327626.196948,ADAPTIVE,TRACKING,250,14.928412,49.034629,-0.300494,0.336039,1.861820,0.000000,0.000000,5.000000,3.170393,0
1784327626.221946,ADAPTIVE,TRACKING,250,15.114254,25.109680,-0.302365,0.338161,1.857695,0.000000,0.000000,5.000000,3.174880,0
1784327626.247004,ADAPTIVE,TRACKING,249,14.877421,24.761129,-0.303812,0.339647,1.854911,0.000000,0.000000,5.000000,3.177931,0
1784327626.271979,ADAPTIVE,TRACKING,250,14.826993,23.965237,-0.304870,0.341649,1.852045,0.000000,0.000000,5.000000,3.181083,0
1784327626.296996,ADAPTIVE,TRACKING,250,14.888707,49.044792,-0.304870,0.341649,1.852045,0.000000,0.000000,5.000000,3.181083,0
1784327626.321982,ADAPTIVE,TRACKING,251,15.082946,25.115095,-0.304896,0.345274,1.848369,0.000000,0.000000,5.000000,3.185115,0
1784327626.346983,ADAPTIVE,TRACKING,251,15.021838,24.877260,-0.304364,0.348566,1.845457,0.000000,0.000000,5.000000,3.188303,0
1784327626.371974,ADAPTIVE,TRACKING,250,14.947391,24.069526,-0.302950,0.351529,1.843526,0.000000,0.000000,5.000000,3.190405,0
1784327626.396994,ADAPTIVE,TRACKING,250,15.024116,49.170514,-0.302950,0.351529,1.843526,0.000000,0.000000,5.000000,3.190405,0
1784327626.421955,ADAPTIVE,TRACKING,250,16.212482,26.059301,-0.300901,0.355151,1.843250,0.000000,0.000000,5.000000,3.190884,0
1784327626.446988,ADAPTIVE,TRACKING,243,14.578848,23.287264,-0.298857,0.358215,1.845180,0.000000,0.000000,5.000000,3.189125,0
1784327626.471979,ADAPTIVE,TRACKING,243,14.487566,23.601118,-0.296533,0.361030,1.847707,0.000000,0.000000,5.000000,3.186726,0
1784327626.497046,ADAPTIVE,TRACKING,243,14.466066,48.648663,-0.296533,0.361030,1.847707,0.000000,0.000000,5.000000,3.186726,0
1784327626.522046,ADAPTIVE,TRACKING,251,15.032449,25.501970,-0.293372,0.363117,1.851219,0.000000,0.000000,5.000000,3.183197,0
1784327626.546943,ADAPTIVE,TRACKING,251,14.890764,24.692669,-0.290563,0.365226,1.854303,0.000000,0.000000,5.000000,3.180130,0
1784327626.571976,ADAPTIVE,TRACKING,251,14.982520,24.271436,-0.287431,0.366966,1.858716,0.000000,0.000000,5.000000,3.175681,0
1784327626.596986,ADAPTIVE,TRACKING,251,14.884867,49.186805,-0.287431,0.366966,1.858716,0.000000,0.000000,5.000000,3.175681,0
1784327626.621978,ADAPTIVE,TRACKING,252,14.960736,24.997238,-0.282425,0.368001,1.866716,0.000000,0.000000,5.000000,3.167437,0
1784327626.646996,ADAPTIVE,TRACKING,252,14.911283,24.901390,-0.277486,0.367755,1.875243,0.000000,0.000000,5.000000,3.158536,0
1784327626.671984,ADAPTIVE,TRACKING,253,15.159762,24.414910,-0.269944,0.364682,1.886605,0.000000,0.000000,5.000000,3.146282,0
1784327626.696995,ADAPTIVE,TRACKING,252,14.996781,49.263394,-0.269944,0.364682,1.886605,0.000000,0.000000,5.000000,3.146282,0
1784327626.721990,ADAPTIVE,TRACKING,251,14.948497,24.870501,-0.261873,0.360862,1.900432,0.000000,0.000000,5.000000,3.131472,0
1784327626.746941,ADAPTIVE,TRACKING,251,14.925526,24.845986,-0.253334,0.356206,1.916610,0.000000,0.000000,5.000000,3.114218,0
1784327626.771983,ADAPTIVE,TRACKING,252,15.020575,24.110444,-0.244476,0.350779,1.935083,0.000000,0.000000,5.000000,3.094597,0
1784327626.796946,ADAPTIVE,TRACKING,251,14.943793,48.995825,-0.244476,0.350779,1.935083,0.000000,0.000000,5.000000,3.094597,0
1784327626.822048,ADAPTIVE,TRACKING,251,15.011486,25.097491,-0.231198,0.341945,1.962207,0.000000,0.000000,5.000000,3.065708,0
1784327626.847050,ADAPTIVE,TRACKING,251,14.903141,24.828860,-0.220391,0.333642,1.986630,0.000000,0.000000,5.000000,3.039784,0
1784327626.872056,ADAPTIVE,TRACKING,251,15.016870,24.317859,-0.209410,0.324513,2.013286,0.000000,0.000000,5.000000,3.011581,0
1784327626.897062,ADAPTIVE,TRACKING,251,14.981038,49.289134,-0.209410,0.324513,2.013286,0.000000,0.000000,5.000000,3.011581,0
1784327626.922065,ADAPTIVE,TRACKING,251,15.135460,25.065238,-0.198446,0.310845,2.041776,0.000000,0.000000,5.000000,2.981123,0
1784327626.947067,ADAPTIVE,TRACKING,250,14.979550,24.747387,-0.187606,0.293199,2.071888,0.000000,0.000000,5.000000,2.948729,0
1784327626.971995,ADAPTIVE,TRACKING,250,14.941097,24.213509,-0.176730,0.275567,2.103236,0.000000,0.000000,5.000000,2.915203,0
1784327626.997066,ADAPTIVE,TRACKING,250,14.988961,49.333917,-0.176730,0.275567,2.103236,0.000000,0.000000,5.000000,2.915203,0
1784327627.022043,ADAPTIVE,TRACKING,250,14.927964,24.854826,-0.162941,0.253648,2.143827,0.000000,0.000000,5.000000,2.872039,0
1784327627.046987,ADAPTIVE,TRACKING,250,14.992671,24.951034,-0.152776,0.233403,2.175461,0.000000,0.000000,5.000000,2.838281,0
1784327627.071972,ADAPTIVE,TRACKING,250,15.034894,24.277349,-0.142692,0.212553,2.207063,0.000000,0.000000,5.000000,2.804646,0
1784327627.096991,ADAPTIVE,TRACKING,250,14.917453,49.181071,-0.142692,0.212553,2.207063,0.000000,0.000000,5.000000,2.804646,0
1784327627.121943,ADAPTIVE,TRACKING,250,14.932678,24.899662,-0.132433,0.191965,2.239833,0.000000,0.000000,5.000000,2.770002,0
1784327627.146978,ADAPTIVE,TRACKING,250,14.985602,25.020609,-0.122121,0.171656,2.273763,0.000000,0.000000,5.000000,2.734364,0
1784327627.172010,ADAPTIVE,TRACKING,250,14.895804,24.124724,-0.112099,0.150673,2.310197,0.000000,0.000000,5.000000,2.696351,0
1784327627.196954,ADAPTIVE,TRACKING,251,14.987300,49.161261,-0.112099,0.150673,2.310197,0.000000,0.000000,5.000000,2.696351,0
1784327627.221983,ADAPTIVE,TRACKING,251,14.889303,24.865393,-0.099687,0.125359,2.357055,0.000000,0.000000,5.000000,2.647793,0
1784327627.247002,ADAPTIVE,TRACKING,251,14.975481,25.045228,-0.089845,0.105954,2.395194,0.000000,0.000000,5.000000,2.608508,0
1784327627.271985,ADAPTIVE,TRACKING,251,15.117616,24.189729,-0.079603,0.086819,2.432878,0.000000,0.000000,5.000000,2.569823,0
1784327627.296982,ADAPTIVE,TRACKING,251,14.998249,49.066346,-0.079603,0.086819,2.432878,0.000000,0.000000,5.000000,2.569823,0
1784327627.321972,ADAPTIVE,TRACKING,250,15.034426,24.944143,-0.067718,0.067051,2.468497,0.000000,0.000000,5.000000,2.533297,0
1784327627.346935,ADAPTIVE,TRACKING,249,14.807930,24.654469,-0.056134,0.048129,2.504729,0.000000,0.000000,5.000000,2.496367,0
1784327627.371940,ADAPTIVE,TRACKING,250,15.077920,24.272451,-0.044843,0.030133,2.541933,0.000000,0.000000,5.000000,2.458660,0
1784327627.396947,ADAPTIVE,TRACKING,250,15.552996,49.756044,-0.044843,0.030133,2.541933,0.000000,0.000000,5.000000,2.458660,0
1784327627.421936,ADAPTIVE,TRACKING,247,15.026130,24.367191,-0.031887,0.009481,2.589409,0.000000,0.000000,5.000000,2.410820,0
1784327627.446975,ADAPTIVE,TRACKING,245,14.760828,24.659318,-0.022679,-0.005585,2.628035,0.000000,0.000000,5.000000,2.372080,0
1784327627.471936,ADAPTIVE,TRACKING,245,14.541755,23.835453,-0.013506,-0.020140,2.667265,0.000000,0.000000,5.000000,2.332861,0
1784327627.496977,ADAPTIVE,TRACKING,249,14.811965,49.146129,-0.013506,-0.020140,2.667265,0.000000,0.000000,5.000000,2.332861,0
1784327627.521936,ADAPTIVE,TRACKING,251,14.904079,24.983378,-0.004334,-0.034189,2.707134,0.000000,0.000000,5.000000,2.293125,0
1784327627.546937,ADAPTIVE,TRACKING,252,14.879229,24.908000,0.003283,-0.043534,2.749935,0.000000,0.000000,5.000000,2.250489,0
1784327627.571980,ADAPTIVE,TRACKING,252,14.942114,24.179851,0.010342,-0.051369,2.793787,0.000000,0.000000,5.000000,2.206835,0
1784327627.596942,ADAPTIVE,TRACKING,253,15.010265,49.210648,0.010342,-0.051369,2.793787,0.000000,0.000000,5.000000,2.206835,0
1784327627.621977,ADAPTIVE,TRACKING,253,15.043300,24.984324,0.019196,-0.061180,2.848878,0.000000,0.000000,5.000000,2.152077,0
1784327627.646938,ADAPTIVE,TRACKING,252,15.149263,24.978606,0.026196,-0.068960,2.893156,0.000000,0.000000,5.000000,2.108135,0
1784327627.671942,ADAPTIVE,TRACKING,251,15.156331,24.283724,0.033894,-0.079133,2.938149,0.000000,0.000000,5.000000,2.063647,0
1784327627.696975,ADAPTIVE,TRACKING,250,15.028040,49.189068,0.033894,-0.079133,2.938149,0.000000,0.000000,5.000000,2.063647,0
1784327627.721935,ADAPTIVE,TRACKING,249,14.657737,24.509328,0.041243,-0.088775,2.983373,0.000000,0.000000,5.000000,2.019001,0
1784327627.746937,ADAPTIVE,TRACKING,250,14.832784,25.109111,0.048178,-0.097686,3.028751,0.000000,0.000000,5.000000,1.974256,0
1784327627.771937,ADAPTIVE,TRACKING,252,15.210000,24.403691,0.054673,-0.105714,3.074302,0.000000,0.000000,5.000000,1.929372,0
1784327627.796988,ADAPTIVE,TRACKING,252,14.980792,49.224626,0.054673,-0.105714,3.074302,0.000000,0.000000,5.000000,1.929372,0
1784327627.821975,ADAPTIVE,TRACKING,251,14.924773,24.847686,0.061408,-0.113687,3.127147,0.000000,0.000000,5.000000,1.877305,0
1784327627.846937,ADAPTIVE,TRACKING,251,14.815193,24.759635,0.066420,-0.119268,3.169475,0.000000,0.000000,5.000000,1.835609,0
1784327627.871953,ADAPTIVE,TRACKING,252,14.822161,23.987101,0.071069,-0.124304,3.212118,0.000000,0.000000,5.000000,1.793606,0
1784327627.896985,ADAPTIVE,TRACKING,253,15.401444,49.599059,0.071069,-0.124304,3.212118,0.000000,0.000000,5.000000,1.793606,0
1784327627.921980,ADAPTIVE,TRACKING,251,14.892621,24.394962,0.075738,-0.128951,3.253003,0.000000,0.000000,5.000000,1.753386,0
1784327627.946937,ADAPTIVE,TRACKING,251,14.773909,24.746350,0.080399,-0.133179,3.292322,0.000000,0.000000,5.000000,1.714749,0
1784327627.971986,ADAPTIVE,TRACKING,251,14.678831,23.803043,0.084810,-0.137101,3.332338,0.000000,0.000000,5.000000,1.675436,0
1784327627.996943,ADAPTIVE,TRACKING,254,14.788811,48.869558,0.084810,-0.137101,3.332338,0.000000,0.000000,5.000000,1.675436,0
1784327628.021943,ADAPTIVE,TRACKING,256,14.949239,25.083231,0.090054,-0.141398,3.383149,0.000000,0.000000,5.000000,1.625519,0
1784327628.046983,ADAPTIVE,TRACKING,256,14.841079,24.863143,0.094474,-0.143588,3.424693,0.000000,0.000000,5.000000,1.584656,0
1784327628.072001,ADAPTIVE,TRACKING,257,14.871373,24.176605,0.098823,-0.145071,3.466892,0.000000,0.000000,5.000000,1.543124,0
1784327628.096947,ADAPTIVE,TRACKING,258,14.928786,49.179902,0.098823,-0.145071,3.466892,0.000000,0.000000,5.000000,1.543124,0
1784327628.121952,ADAPTIVE,TRACKING,259,14.937289,24.946111,0.102912,-0.146005,3.509748,0.000000,0.000000,5.000000,1.500919,0
1784327628.146945,ADAPTIVE,TRACKING,259,15.218579,25.183501,0.106625,-0.146455,3.553074,0.000000,0.000000,5.000000,1.458222,0
1784327628.171942,ADAPTIVE,TRACKING,258,14.878945,24.073664,0.112256,-0.147877,3.602564,0.000000,0.000000,5.000000,1.409715,0
1784327628.196984,ADAPTIVE,TRACKING,258,14.850860,49.087625,0.112256,-0.147877,3.602564,0.000000,0.000000,5.000000,1.409715,0
1784327628.221982,ADAPTIVE,TRACKING,258,14.957014,25.027010,0.118589,-0.148903,3.664178,0.000000,0.000000,5.000000,1.349317,0
1784327628.246945,ADAPTIVE,TRACKING,259,14.855547,24.790148,0.123124,-0.149154,3.713237,0.000000,0.000000,5.000000,1.301217,0
1784327628.271962,ADAPTIVE,TRACKING,260,14.927337,24.061622,0.127776,-0.148541,3.762461,0.000000,0.000000,5.000000,1.252954,0
1784327628.296997,ADAPTIVE,TRACKING,260,14.941762,49.110508,0.127776,-0.148541,3.762461,0.000000,0.000000,5.000000,1.252954,0
1784327628.321982,ADAPTIVE,TRACKING,261,15.071355,25.045194,0.133708,-0.146445,3.812040,0.000000,0.000000,5.000000,1.204397,0
1784327628.346987,ADAPTIVE,TRACKING,260,14.986656,24.863100,0.138884,-0.144075,3.861004,0.000000,0.000000,5.000000,1.156442,0
1784327628.371982,ADAPTIVE,TRACKING,260,14.979513,24.275752,0.143325,-0.141488,3.909554,0.000000,0.000000,5.000000,1.108889,0
1784327628.397076,ADAPTIVE,TRACKING,260,15.101372,49.495118,0.143325,-0.141488,3.909554,0.000000,0.000000,5.000000,1.108889,0
1784327628.422071,ADAPTIVE,TRACKING,259,14.968017,24.745264,0.148317,-0.136947,3.970891,0.000000,0.000000,5.000000,1.048722,0
1784327628.447074,ADAPTIVE,TRACKING,259,14.898854,24.800263,0.152048,-0.131999,4.020583,0.000000,0.000000,5.000000,0.999900,0
1784327628.472059,ADAPTIVE,TRACKING,259,14.942457,24.082420,0.155149,-0.127017,4.069816,0.000000,0.000000,5.000000,0.951550,0
1784327628.496997,ADAPTIVE,TRACKING,260,14.975510,49.054525,0.155149,-0.127017,4.069816,0.000000,0.000000,5.000000,0.951550,0
1784327628.522049,ADAPTIVE,TRACKING,260,14.993494,25.007201,0.157702,-0.121940,4.118542,0.000000,0.000000,5.000000,0.903718,0
1784327628.546986,ADAPTIVE,TRACKING,260,14.971335,24.849652,0.159470,-0.114882,4.163542,0.000000,0.000000,5.000000,0.859239,0
1784327628.571987,ADAPTIVE,TRACKING,260,14.939281,24.161783,0.160647,-0.107174,4.207167,0.000000,0.000000,5.000000,0.816013,0
1784327628.597061,ADAPTIVE,TRACKING,260,15.015663,49.314172,0.160647,-0.107174,4.207167,0.000000,0.000000,5.000000,0.816013,0
1784327628.621987,ADAPTIVE,TRACKING,260,15.014520,24.846428,0.161394,-0.097489,4.260687,0.000000,0.000000,5.000000,0.762978,0
1784327628.646948,ADAPTIVE,TRACKING,260,14.928180,24.815052,0.161345,-0.089623,4.303140,0.000000,0.000000,5.000000,0.720887,0
1784327628.671988,ADAPTIVE,TRACKING,260,14.843690,24.039599,0.162077,-0.079840,4.343601,0.000000,0.000000,5.000000,0.680810,0
1784327628.696997,ADAPTIVE,TRACKING,261,14.873657,49.080939,0.162077,-0.079840,4.343601,0.000000,0.000000,5.000000,0.680810,0
1784327628.721984,ADAPTIVE,TRACKING,262,14.972627,25.015078,0.162088,-0.070102,4.384368,0.000000,0.000000,5.000000,0.640460,0
1784327628.746984,ADAPTIVE,TRACKING,262,14.868058,24.834537,0.161433,-0.060439,4.425119,0.000000,0.000000,5.000000,0.600168,0
1784327628.771948,ADAPTIVE,TRACKING,263,14.929802,24.168944,0.160241,-0.050892,4.464894,0.000000,0.000000,5.000000,0.560897,0
1784327628.796948,ADAPTIVE,TRACKING,263,15.028420,49.269704,0.160241,-0.050892,4.464894,0.000000,0.000000,5.000000,0.560897,0
1784327628.821990,ADAPTIVE,TRACKING,263,15.058167,25.000591,0.156201,-0.038786,4.509501,0.000000,0.000000,5.000000,0.516228,0
1784327628.847007,ADAPTIVE,TRACKING,262,14.949031,24.845702,0.152689,-0.029345,4.544393,0.000000,0.000000,5.000000,0.481407,0
1784327628.871990,ADAPTIVE,TRACKING,262,14.994740,24.235220,0.148862,-0.020104,4.578465,0.000000,0.000000,5.000000,0.447500,0
1784327628.896999,ADAPTIVE,TRACKING,262,14.928942,49.179431,0.148862,-0.020104,4.578465,0.000000,0.000000,5.000000,0.447500,0
1784327628.921994,ADAPTIVE,TRACKING,262,14.929501,24.909426,0.143681,-0.011858,4.611284,0.000000,0.000000,5.000000,0.414590,0
1784327628.946982,ADAPTIVE,TRACKING,262,14.843678,24.805177,0.137230,-0.004494,4.642894,0.000000,0.000000,5.000000,0.382593,0
1784327628.971989,ADAPTIVE,TRACKING,263,14.935681,24.105221,0.130511,0.002784,4.673756,0.000000,0.000000,5.000000,0.351391,0
1784327628.996997,ADAPTIVE,TRACKING,264,15.046455,49.225113,0.130511,0.002784,4.673756,0.000000,0.000000,5.000000,0.351391,0
1784327629.022046,ADAPTIVE,TRACKING,264,15.194911,25.131662,0.121750,0.011722,4.709759,0.000000,0.000000,5.000000,0.314961,0
1784327629.047007,ADAPTIVE,TRACKING,262,14.892816,24.628969,0.114151,0.017525,4.735234,2.000000,0.000000,5.000000,1.904425,0
1784327629.071984,ADAPTIVE,TRACKING,262,14.928361,24.018471,0.106229,0.022860,4.758235,2.000000,0.000000,5.000000,1.909277,0
1784327629.096998,ADAPTIVE,TRACKING,262,15.059379,49.164273,0.106229,0.022860,4.758235,2.000000,0.000000,5.000000,1.909277,0
1784327629.121990,ADAPTIVE,TRACKING,262,15.393105,25.246271,0.098136,0.028122,4.778646,2.000000,0.000000,5.000000,1.914909,0
1784327629.146946,ADAPTIVE,TRACKING,259,15.298209,24.790951,0.089814,0.033257,4.797241,2.000000,0.000000,5.000000,1.921205,0
1784327629.172057,ADAPTIVE,TRACKING,256,15.074930,24.366503,0.082517,0.038517,4.813714,2.000000,0.000000,5.000000,1.926896,0
1784327629.197068,ADAPTIVE,TRACKING,254,15.042221,49.346778,0.082517,0.038517,4.813714,2.000000,0.000000,5.000000,1.926896,0
1784327629.221985,ADAPTIVE,TRACKING,253,14.917365,24.720079,0.073413,0.044901,4.830849,2.000000,0.000000,5.000000,1.934520,0
1784327629.247000,ADAPTIVE,TRACKING,254,14.966232,24.999581,0.066640,0.049604,4.843441,2.000000,0.000000,5.000000,1.940322,0
1784327629.272072,ADAPTIVE,TRACKING,254,14.820143,23.953237,0.060286,0.054330,4.856389,2.000000,0.000000,5.000000,1.945782,0
1784327629.297066,ADAPTIVE,TRACKING,255,14.943370,49.073591,0.060286,0.054330,4.856389,2.000000,0.000000,5.000000,1.945782,0
1784327629.322052,ADAPTIVE,TRACKING,255,14.892774,24.871814,0.053164,0.060309,4.867712,2.000000,0.000000,5.000000,1.952257,0
1784327629.346946,ADAPTIVE,TRACKING,256,14.917472,24.857168,0.047872,0.065666,4.876534,2.000000,0.000000,5.000000,1.957130,0
1784327629.372058,ADAPTIVE,TRACKING,256,14.939490,24.230655,0.044663,0.070486,4.882772,2.000000,0.000000,5.000000,1.960116,0
1784327629.397067,ADAPTIVE,TRACKING,257,15.047764,49.352336,0.044663,0.070486,4.882772,2.000000,0.000000,5.000000,1.960116,0
1784327629.422061,ADAPTIVE,TRACKING,256,15.021429,24.870409,0.045759,0.074414,4.886554,2.000000,0.000000,5.000000,1.958945,0
1784327629.447081,ADAPTIVE,TRACKING,256,15.031176,24.926095,0.051515,0.075538,4.886944,2.000000,0.000000,5.000000,1.953224,0
1784327629.472050,ADAPTIVE,TRACKING,255,14.970949,24.272208,0.059757,0.076516,4.886296,2.000000,0.000000,5.000000,1.945077,0
1784327629.497065,ADAPTIVE,TRACKING,255,15.464260,49.783253,0.059757,0.076516,4.886296,2.000000,0.000000,5.000000,1.945077,0
1784327629.522050,ADAPTIVE,TRACKING,252,14.729443,24.164711,0.070859,0.077408,4.885975,2.000000,0.000000,5.000000,1.934057,0
1784327629.547009,ADAPTIVE,TRACKING,253,14.761970,24.926139,0.087112,0.078084,4.884979,2.000000,0.000000,5.000000,1.917933,0
1784327629.572072,ADAPTIVE,TRACKING,253,14.803369,24.028808,0.106458,0.078728,4.883395,2.000000,0.000000,5.000000,1.898762,0
1784327629.597072,ADAPTIVE,TRACKING,256,14.977594,49.205428,0.106458,0.078728,4.883395,2.000000,0.000000,5.000000,1.898762,0
1784327629.622047,ADAPTIVE,TRACKING,256,14.924266,24.850278,0.133648,0.079835,4.880726,2.000000,0.000000,5.000000,1.871863,0
1784327629.646970,ADAPTIVE,TRACKING,256,14.927882,24.859767,0.157542,0.080933,4.877511,2.000000,0.000000,5.000000,1.848298,0
1784327629.671944,ADAPTIVE,TRACKING,256,14.837223,24.081093,0.188983,0.082122,4.874605,2.000000,0.000000,5.000000,1.817210,0
1784327629.697006,ADAPTIVE,TRACKING,257,14.959941,49.268640,0.188983,0.082122,4.874605,2.000000,0.000000,5.000000,1.817210,0
1784327629.721987,ADAPTIVE,TRACKING,257,14.969416,24.912151,0.221928,0.083458,4.871502,2.000000,0.000000,5.000000,1.784662,0
1784327629.746954,ADAPTIVE,TRACKING,258,15.046438,24.981030,0.256056,0.084958,4.866759,2.000000,0.000000,5.000000,1.751089,0
1784327629.771981,ADAPTIVE,TRACKING,257,14.933352,24.079273,0.291424,0.086618,4.860916,2.000000,0.000000,5.000000,1.716415,0
1784327629.796955,ADAPTIVE,TRACKING,257,14.988081,49.109355,0.291424,0.086618,4.860916,2.000000,0.000000,5.000000,1.716415,0
1784327629.821996,ADAPTIVE,TRACKING,257,15.658935,25.620820,0.339514,0.086946,4.848315,2.000000,0.000000,5.000000,1.669666,0
1784327629.846950,ADAPTIVE,TRACKING,253,14.785494,24.021932,0.379287,0.087568,4.837764,2.000000,0.000000,5.000000,1.631165,0
1784327629.871990,ADAPTIVE,TRACKING,253,14.703574,24.055061,0.420161,0.088529,4.826605,2.000000,0.000000,5.000000,1.591790,0
1784327629.896986,ADAPTIVE,TRACKING,253,14.708267,49.056969,0.420161,0.088529,4.826605,2.000000,0.000000,5.000000,1.591790,0
1784327629.921973,ADAPTIVE,TRACKING,257,15.537525,25.728674,0.463991,0.089688,4.815348,2.000000,0.000000,5.000000,1.549666,0
1784327629.946985,ADAPTIVE,TRACKING,254,14.779527,24.137500,0.510618,0.090814,4.804656,2.000000,0.000000,5.000000,1.504881,0
1784327629.972009,ADAPTIVE,TRACKING,254,14.783149,24.096916,0.558405,0.091812,4.796642,2.000000,0.000000,5.000000,1.458760,0
1784327629.997068,ADAPTIVE,TRACKING,254,14.736249,49.109190,0.558405,0.091812,4.796642,2.000000,0.000000,5.000000,1.458760,0
1784327630.022057,ADAPTIVE,TRACKING,258,14.943258,25.132317,0.619397,0.092799,4.788440,2.000000,0.000000,5.000000,1.399798,0
1784327630.046988,ADAPTIVE,TRACKING,258,14.887887,24.810474,0.669682,0.093986,4.785330,2.000000,0.000000,5.000000,1.350801,0
1784327630.072081,ADAPTIVE,TRACKING,259,14.931421,24.202221,0.720809,0.095063,4.783862,2.000000,0.000000,5.000000,1.300801,0
1784327630.097071,ADAPTIVE,TRACKING,259,15.038313,49.300226,0.720809,0.095063,4.783862,2.000000,0.000000,5.000000,1.300801,0
1784327630.122056,ADAPTIVE,TRACKING,259,15.103948,24.983362,0.772469,0.095854,4.782979,2.000000,0.000000,5.000000,1.250247,0
1784327630.146969,ADAPTIVE,TRACKING,258,14.943502,24.676461,0.824619,0.096426,4.782541,2.000000,0.000000,5.000000,1.199211,0
1784327630.171995,ADAPTIVE,TRACKING,258,14.933910,24.039577,0.877805,0.095110,4.779357,2.000000,0.000000,5.000000,1.147628,0
1784327630.197013,ADAPTIVE,TRACKING,258,14.894215,49.018462,0.877805,0.095110,4.779357,2.000000,0.000000,5.000000,1.147628,0
1784327630.221994,ADAPTIVE,TRACKING,259,15.432859,25.459191,0.944743,0.092879,4.776215,2.000000,0.000000,5.000000,1.082716,0
1784327630.246952,ADAPTIVE,TRACKING,256,14.954074,24.413863,0.998764,0.090496,4.776476,2.000000,0.000000,5.000000,1.029867,0
1784327630.271952,ADAPTIVE,TRACKING,256,15.267726,24.467068,1.053002,0.088167,4.779835,2.000000,0.000000,5.000000,0.976243,0
1784327630.297069,ADAPTIVE,TRACKING,253,14.666616,48.983671,1.053002,0.088167,4.779835,2.000000,0.000000,5.000000,0.976243,0
1784327630.322057,ADAPTIVE,TRACKING,255,14.728578,24.986645,1.106973,0.087197,4.783792,2.000000,0.000000,5.000000,0.922955,0
1784327630.346948,ADAPTIVE,TRACKING,256,14.665580,24.753497,1.161190,0.085705,4.788163,2.000000,0.000000,5.000000,0.869380,0
1784327630.372054,ADAPTIVE,TRACKING,260,14.825913,24.168803,1.215639,0.083787,4.793123,2.000000,0.000000,5.000000,0.815500,0
1784327630.397065,ADAPTIVE,TRACKING,261,15.009773,49.363739,1.215639,0.083787,4.793123,2.000000,0.000000,5.000000,0.815500,0
1784327630.422085,ADAPTIVE,TRACKING,261,15.268700,25.201607,1.283689,0.080907,4.800313,2.000000,0.000000,5.000000,0.748012,0
1784327630.447008,ADAPTIVE,TRACKING,260,14.998149,24.548326,1.338046,0.078116,4.808759,2.000000,0.000000,5.000000,0.693439,0
1784327630.472068,ADAPTIVE,TRACKING,259,15.610988,24.915325,1.392468,0.074814,4.818405,2.000000,0.000000,5.000000,0.638489,0
1784327630.497076,ADAPTIVE,TRACKING,255,14.815518,49.134776,1.392468,0.074814,4.818405,2.000000,0.000000,5.000000,0.638489,0
1784327630.522053,ADAPTIVE,TRACKING,255,14.603635,24.694082,1.446833,0.070993,4.828890,2.000000,0.000000,5.000000,0.583363,0
1784327630.547081,ADAPTIVE,TRACKING,256,14.627570,24.985856,1.501354,0.067409,4.841642,2.000000,0.000000,5.000000,0.527512,0
1784327630.571986,ADAPTIVE,TRACKING,260,14.809525,24.021822,1.555752,0.063680,4.854668,2.000000,0.000000,5.000000,0.471734,0
1784327630.596990,ADAPTIVE,TRACKING,262,15.014340,49.233609,1.555752,0.063680,4.854668,2.000000,0.000000,5.000000,0.471734,0
1784327630.621988,ADAPTIVE,TRACKING,262,14.955979,24.868121,1.623309,0.058601,4.870700,2.000000,0.000000,5.000000,0.402552,0
1784327630.646949,ADAPTIVE,TRACKING,262,14.908757,24.851056,1.676947,0.054365,4.883729,2.000000,0.000000,5.000000,0.347617,0
1784327630.671992,ADAPTIVE,TRACKING,262,14.970572,24.221512,1.731464,0.047318,4.898055,2.000000,2.000000,5.000000,1.973695,0
1784327630.697001,ADAPTIVE,TRACKING,262,15.008701,49.231423,1.731464,0.047318,4.898055,2.000000,2.000000,5.000000,1.973695,0
1784327630.721991,ADAPTIVE,TRACKING,262,15.252132,25.143374,1.785326,0.040295,4.910955,2.000000,2.000000,5.000000,1.973438,0
1784327630.747062,ADAPTIVE,TRACKING,260,15.397767,25.132496,1.838392,0.033276,4.922204,2.000000,2.000000,5.000000,1.974886,0
1784327630.771952,ADAPTIVE,TRACKING,257,15.294273,24.454386,1.890328,0.026230,4.934009,2.000000,2.000000,5.000000,1.977916,0
1784327630.797004,ADAPTIVE,TRACKING,254,15.030862,49.243550,1.890328,0.026230,4.934009,2.000000,2.000000,5.000000,1.977916,0
1784327630.822057,ADAPTIVE,TRACKING,252,14.872217,24.817742,1.954318,0.019291,4.942254,2.000000,2.000000,5.000000,1.982077,0
1784327630.847058,ADAPTIVE,TRACKING,253,14.877288,24.938016,2.004104,0.014161,4.947495,2.000000,2.000000,5.000000,1.986537,0
1784327630.871987,ADAPTIVE,TRACKING,254,15.088618,24.343487,2.052439,0.009649,4.952144,2.000000,2.000000,5.000000,1.991617,0
1784327630.897083,ADAPTIVE,TRACKING,253,14.986993,49.340233,2.052439,0.009649,4.952144,2.000000,2.000000,5.000000,1.991617,0
1784327630.921972,ADAPTIVE,TRACKING,253,15.220308,25.048257,2.099176,0.006021,4.956680,2.000000,2.000000,5.000000,1.996914,0
1784327630.947100,ADAPTIVE,TRACKING,251,14.725830,24.504271,2.144477,0.003484,4.959680,2.000000,2.000000,5.000000,2.002142,0
1784327630.972073,ADAPTIVE,TRACKING,252,14.749410,24.152016,2.188185,0.002529,4.961249,2.000000,2.000000,5.000000,2.006691,0
1784327630.997072,ADAPTIVE,TRACKING,253,14.800636,49.202963,2.188185,0.002529,4.961249,2.000000,2.000000,5.000000,2.006691,0
1784327631.022055,ADAPTIVE,TRACKING,256,15.049011,25.164038,2.240186,0.004696,4.963488,2.000000,2.000000,5.000000,2.010040,0
1784327631.047095,ADAPTIVE,TRACKING,255,14.948223,24.883570,2.276090,0.008900,4.961636,2.000000,2.000000,5.000000,2.010517,0
1784327631.072074,ADAPTIVE,TRACKING,255,14.858312,24.222243,2.309144,0.015901,4.959054,2.000000,2.000000,5.000000,2.008457,0
1784327631.097071,ADAPTIVE,TRACKING,256,15.035294,49.398097,2.309144,0.015901,4.959054,2.000000,2.000000,5.000000,2.008457,0
1784327631.122062,ADAPTIVE,TRACKING,256,14.950218,24.837455,2.340614,0.025920,4.956672,2.000000,2.000000,5.000000,2.003718,0
1784327631.147084,ADAPTIVE,TRACKING,256,14.927569,24.894480,2.370764,0.038656,4.953439,2.000000,2.000000,5.000000,1.996623,0
1784327631.172054,ADAPTIVE,TRACKING,256,14.968758,24.251830,2.395241,0.060394,4.944849,2.000000,2.000000,5.000000,1.980235,0
1784327631.197087,ADAPTIVE,TRACKING,256,15.016505,49.335020,2.395241,0.060394,4.944849,2.000000,2.000000,5.000000,1.980235,0
1784327631.222046,ADAPTIVE,TRACKING,256,14.996303,24.873325,2.424601,0.090340,4.932750,2.000000,2.000000,5.000000,1.957450,0
1784327631.247004,ADAPTIVE,TRACKING,256,14.997329,24.897093,2.447113,0.116364,4.921692,2.000000,2.000000,5.000000,1.937557,0
1784327631.271990,ADAPTIVE,TRACKING,255,14.999399,24.202547,2.468253,0.145617,4.910154,2.000000,2.000000,5.000000,1.914698,0
1784327631.297007,ADAPTIVE,TRACKING,255,15.003760,49.224916,2.468253,0.145617,4.910154,2.000000,2.000000,5.000000,1.914698,0
1784327631.321993,ADAPTIVE,TRACKING,255,14.905836,24.816833,2.487423,0.180381,4.898366,2.000000,2.000000,5.000000,1.886511,0
1784327631.346956,ADAPTIVE,TRACKING,255,14.981593,24.982318,2.505009,0.217013,4.888120,2.000000,2.000000,5.000000,1.856501,0
1784327631.371989,ADAPTIVE,TRACKING,255,14.989860,24.183384,2.521217,0.255007,4.877647,2.000000,2.000000,5.000000,1.825278,0
1784327631.397009,ADAPTIVE,TRACKING,255,15.003721,49.220362,2.521217,0.255007,4.877647,2.000000,2.000000,5.000000,1.825278,0
1784327631.421996,ADAPTIVE,TRACKING,255,15.017424,24.915983,2.538253,0.306582,4.864440,2.000000,2.000000,5.000000,1.782065,0
1784327631.446951,ADAPTIVE,TRACKING,254,14.896247,24.719514,2.548656,0.351862,4.855149,2.000000,2.000000,5.000000,1.743090,0
1784327631.471996,ADAPTIVE,TRACKING,255,14.977385,24.260956,2.557558,0.398039,4.846812,2.000000,2.000000,5.000000,1.703120,0
1784327631.497009,ADAPTIVE,TRACKING,255,14.896550,49.195489,2.557558,0.398039,4.846812,2.000000,2.000000,5.000000,1.703120,0
1784327631.521990,ADAPTIVE,TRACKING,255,14.976342,24.993526,2.564966,0.445059,4.839582,2.000000,2.000000,5.000000,1.662156,0
1784327631.547006,ADAPTIVE,TRACKING,255,14.796121,24.775333,2.568549,0.495349,4.835705,2.000000,2.000000,5.000000,1.616854,0
1784327631.571990,ADAPTIVE,TRACKING,256,14.893310,24.013661,2.569896,0.547066,4.834245,2.000000,2.000000,5.000000,1.569482,0
1784327631.597059,ADAPTIVE,TRACKING,257,14.939898,49.128560,2.569896,0.547066,4.834245,2.000000,2.000000,5.000000,1.569482,0
1784327631.622050,ADAPTIVE,TRACKING,258,14.928248,24.902194,2.569688,0.612308,4.833896,2.000000,2.000000,5.000000,1.509246,0
1784327631.647011,ADAPTIVE,TRACKING,258,14.909109,24.880398,2.568230,0.664761,4.833455,2.000000,2.000000,5.000000,1.460646,0
1784327631.672050,ADAPTIVE,TRACKING,258,14.914344,24.142161,2.562837,0.720427,4.835870,2.000000,2.000000,5.000000,1.407491,0
1784327631.697072,ADAPTIVE,TRACKING,259,15.032851,49.282545,2.562837,0.720427,4.835870,2.000000,2.000000,5.000000,1.407491,0
1784327631.722049,ADAPTIVE,TRACKING,259,14.909920,24.787335,2.556667,0.775897,4.837082,2.000000,2.000000,5.000000,1.354566,0
1784327631.747084,ADAPTIVE,TRACKING,259,14.923738,24.987710,2.549885,0.831167,4.836862,2.000000,2.000000,5.000000,1.301982,0
1784327631.772049,ADAPTIVE,TRACKING,259,14.862194,24.101471,2.542422,0.886358,4.836419,2.000000,2.000000,5.000000,1.249471,0
1784327631.797066,ADAPTIVE,TRACKING,260,14.938369,49.193247,2.542422,0.886358,4.836419,2.000000,2.000000,5.000000,1.249471,0
1784327631.822071,ADAPTIVE,TRACKING,260,15.005879,25.008627,2.524606,0.957486,4.838540,2.000000,2.000000,5.000000,1.178183,0
1784327631.847001,ADAPTIVE,TRACKING,260,14.938898,24.801128,2.509505,1.014226,4.843210,2.000000,2.000000,5.000000,1.120682,0
1784327631.871948,ADAPTIVE,TRACKING,260,14.941095,24.159172,2.493865,1.070656,4.847858,2.000000,2.000000,5.000000,1.063358,0
1784327631.897003,ADAPTIVE,TRACKING,260,14.996771,49.274463,2.493865,1.070656,4.847858,2.000000,2.000000,5.000000,1.063358,0
1784327631.922005,ADAPTIVE,TRACKING,260,14.954010,24.868470,2.476553,1.127688,4.853601,2.000000,2.000000,5.000000,1.004721,0
1784327631.947089,ADAPTIVE,TRACKING,260,14.966441,24.979537,2.457545,1.185210,4.861256,2.000000,2.000000,5.000000,0.944712,0
1784327631.972068,ADAPTIVE,TRACKING,260,14.887035,24.091192,2.438176,1.242168,4.867860,2.000000,2.000000,5.000000,0.885307,0
1784327631.997078,ADAPTIVE,TRACKING,261,14.928683,49.145077,2.438176,1.242168,4.867860,2.000000,2.000000,5.000000,0.885307,0
1784327632.022078,ADAPTIVE,TRACKING,261,14.920983,24.926518,2.413398,1.312542,4.875361,2.000000,2.000000,5.000000,0.811807,0
1784327632.047079,ADAPTIVE,TRACKING,262,14.934446,24.953649,2.391861,1.370167,4.882741,2.000000,2.000000,5.000000,0.750996,0
1784327632.072079,ADAPTIVE,TRACKING,262,14.990556,24.233100,2.369655,1.427718,4.889744,2.000000,2.000000,5.000000,0.690151,0
1784327632.097069,ADAPTIVE,TRACKING,262,15.001944,49.236849,2.369655,1.427718,4.889744,2.000000,2.000000,5.000000,0.690151,0
1784327632.122060,ADAPTIVE,TRACKING,262,14.923883,24.843436,2.347217,1.484639,4.896406,2.000000,2.000000,5.000000,0.629990,0
1784327632.147099,ADAPTIVE,TRACKING,262,14.957216,24.990898,2.324498,1.540965,4.903519,2.000000,2.000000,5.000000,0.570369,0
1784327632.171993,ADAPTIVE,TRACKING,262,14.957748,24.050610,2.299579,1.595532,4.907894,2.000000,2.000000,5.000000,0.511689,0
1784327632.197075,ADAPTIVE,TRACKING,262,14.977914,49.150808,2.299579,1.595532,4.907894,2.000000,2.000000,5.000000,0.511689,0
1784327632.222058,ADAPTIVE,TRACKING,262,14.916254,24.851866,2.268095,1.662877,4.914113,2.000000,2.000000,5.000000,0.439208,0
1784327632.247096,ADAPTIVE,TRACKING,262,14.903899,24.964452,2.242789,1.716061,4.918837,2.000000,2.000000,5.000000,0.382303,0
1784327632.271991,ADAPTIVE,TRACKING,263,15.038935,24.277574,2.217341,1.768768,4.922741,2.000000,2.000000,5.000000,0.326610,0
1784327632.297000,ADAPTIVE,TRACKING,263,15.086409,49.335658,2.217341,1.768768,4.922741,2.000000,2.000000,5.000000,0.326610,0
1784327632.322058,ADAPTIVE,TRACKING,262,14.926379,24.860331,2.191627,1.821154,4.923723,0.000000,2.000000,5.000000,2.200235,0
1784327632.346996,ADAPTIVE,TRACKING,262,15.030546,24.948518,2.165832,1.872453,4.924814,0.000000,2.000000,5.000000,2.170887,0
1784327632.372060,ADAPTIVE,TRACKING,262,15.298496,24.628321,2.140155,1.922664,4.924782,0.000000,2.000000,5.000000,2.142872,0
1784327632.397005,ADAPTIVE,TRACKING,260,15.599064,49.879661,2.140155,1.922664,4.924782,0.000000,2.000000,5.000000,2.142872,0
1784327632.422074,ADAPTIVE,TRACKING,256,15.386963,24.768068,2.107465,1.982040,4.921896,0.000000,2.000000,5.000000,2.108988,0
1784327632.446954,ADAPTIVE,TRACKING,252,15.064056,24.454634,2.080646,2.026429,4.915681,0.000000,2.000000,5.000000,2.082522,0
1784327632.472062,ADAPTIVE,TRACKING,250,14.936998,24.270708,2.054209,2.069847,4.907847,0.000000,2.000000,5.000000,2.057461,0
1784327632.497074,ADAPTIVE,TRACKING,250,15.426352,49.774495,2.054209,2.069847,4.907847,0.000000,2.000000,5.000000,2.057461,0
1784327632.522056,ADAPTIVE,TRACKING,248,15.036731,24.530715,2.027833,2.112091,4.899336,0.000000,2.000000,5.000000,2.033422,0
1784327632.546995,ADAPTIVE,TRACKING,247,14.774009,24.611727,2.003447,2.150333,4.886238,0.000000,2.000000,5.000000,2.012297,0
1784327632.571999,ADAPTIVE,TRACKING,247,14.607376,23.850911,1.978814,2.186295,4.873181,0.000000,2.000000,5.000000,1.991606,0
1784327632.597063,ADAPTIVE,TRACKING,250,14.820396,49.129966,1.978814,2.186295,4.873181,0.000000,2.000000,5.000000,1.991606,0
1784327632.622060,ADAPTIVE,TRACKING,252,14.949198,25.057605,1.946378,2.229517,4.856795,0.000000,2.000000,5.000000,1.965089,0
1784327632.646998,ADAPTIVE,TRACKING,253,14.847474,24.776046,1.918717,2.262608,4.844279,0.000000,2.000000,5.000000,1.942855,0
1784327632.671986,ADAPTIVE,TRACKING,253,14.894369,24.194301,1.888422,2.292338,4.833097,0.000000,2.000000,5.000000,1.918191,0
1784327632.697015,ADAPTIVE,TRACKING,254,14.904172,49.234467,1.888422,2.292338,4.833097,0.000000,2.000000,5.000000,1.918191,0
1784327632.721991,ADAPTIVE,TRACKING,255,14.947901,24.951379,1.856506,2.320683,4.822801,0.000000,2.000000,5.000000,1.892314,0
1784327632.747008,ADAPTIVE,TRACKING,255,14.927322,24.930891,1.822960,2.347577,4.813523,0.000000,2.000000,5.000000,1.865145,0
1784327632.772004,ADAPTIVE,TRACKING,255,15.019737,24.321303,1.788005,2.373147,4.804159,0.000000,2.000000,5.000000,1.836996,0
1784327632.797012,ADAPTIVE,TRACKING,255,14.955887,49.264552,1.788005,2.373147,4.804159,0.000000,2.000000,5.000000,1.836996,0
1784327632.821989,ADAPTIVE,TRACKING,255,14.913521,24.856172,1.740424,2.399522,4.794714,0.000000,2.000000,5.000000,1.797453,0
1784327632.846997,ADAPTIVE,TRACKING,255,14.907401,24.937966,1.700432,2.418583,4.790488,0.000000,2.000000,5.000000,1.763683,0
1784327632.871994,ADAPTIVE,TRACKING,256,15.037951,23.736631,1.658828,2.435842,4.789145,0.000000,2.000000,5.000000,1.728042,0
1784327632.897073,ADAPTIVE,TRACKING,256,14.941673,48.722771,1.658828,2.435842,4.789145,0.000000,2.000000,5.000000,1.728042,0
1784327632.922064,ADAPTIVE,TRACKING,256,14.890048,24.851292,1.615086,2.450839,4.788058,0.000000,2.000000,5.000000,1.690171,0
1784327632.947104,ADAPTIVE,TRACKING,256,14.879944,24.913672,1.569504,2.463747,4.786676,0.000000,2.000000,5.000000,1.650428,0
1784327632.971994,ADAPTIVE,TRACKING,257,15.011478,24.213897,1.522797,2.475169,4.787770,0.000000,2.000000,5.000000,1.609266,0
1784327632.997011,ADAPTIVE,TRACKING,257,15.053390,49.274890,1.522797,2.475169,4.787770,0.000000,2.000000,5.000000,1.609266,0
1784327633.022082,ADAPTIVE,TRACKING,256,15.148499,25.104416,1.463134,2.487568,4.791700,0.000000,2.000000,5.000000,1.556237,0
1784327633.046997,ADAPTIVE,TRACKING,255,14.854140,24.555951,1.411975,2.495298,4.796389,0.000000,2.000000,5.000000,1.510116,0
1784327633.072062,ADAPTIVE,TRACKING,255,14.799683,24.146409,1.359531,2.501545,4.802227,0.000000,2.000000,5.000000,1.462527,0
1784327633.097082,ADAPTIVE,TRACKING,256,14.922949,49.290724,1.359531,2.501545,4.802227,0.000000,2.000000,5.000000,1.462527,0
1784327633.122058,ADAPTIVE,TRACKING,257,14.934720,24.925581,1.306669,2.506527,4.809662,0.000000,2.000000,5.000000,1.414278,0
1784327633.147084,ADAPTIVE,TRACKING,257,14.992988,25.013044,1.253529,2.510406,4.817494,0.000000,2.000000,5.000000,1.365708,0
1784327633.172054,ADAPTIVE,TRACKING,257,14.923023,24.148514,1.201515,2.511609,4.825708,0.000000,2.000000,5.000000,1.317482,0
1784327633.197074,ADAPTIVE,TRACKING,257,15.509179,49.754628,1.201515,2.511609,4.825708,0.000000,2.000000,5.000000,1.317482,0
1784327633.222053,ADAPTIVE,TRACKING,254,14.710122,24.115952,1.136000,2.511627,4.837059,0.000000,2.000000,5.000000,1.256507,0
1784327633.246991,ADAPTIVE,TRACKING,255,14.771470,24.934395,1.083327,2.510531,4.846203,0.000000,2.000000,5.000000,1.207433,0
1784327633.272003,ADAPTIVE,TRACKING,255,14.754743,23.887036,1.030249,2.508699,4.855910,0.000000,2.000000,5.000000,1.157994,0
1784327633.297009,ADAPTIVE,TRACKING,259,14.985167,49.127383,1.030249,2.508699,4.855910,0.000000,2.000000,5.000000,1.157994,0
1784327633.321997,ADAPTIVE,TRACKING,259,14.891702,24.824316,0.976319,2.506468,4.868208,0.000000,2.000000,5.000000,1.107736,0
1784327633.346992,ADAPTIVE,TRACKING,259,14.933348,24.976376,0.922428,2.503383,4.878660,0.000000,2.000000,5.000000,1.057824,0
1784327633.371996,ADAPTIVE,TRACKING,260,14.976487,24.191563,0.868589,2.499381,4.887785,0.000000,2.000000,5.000000,1.008177,0
1784327633.397068,ADAPTIVE,TRACKING,260,15.149590,49.440725,0.868589,2.499381,4.887785,0.000000,2.000000,5.000000,1.008177,0
1784327633.422069,ADAPTIVE,TRACKING,259,14.954055,24.682422,0.800871,2.491130,4.898108,0.000000,2.000000,5.000000,0.944979,0
1784327633.447003,ADAPTIVE,TRACKING,259,14.903778,24.809703,0.746225,2.481305,4.906388,0.000000,2.000000,5.000000,0.892900,0
1784327633.472091,ADAPTIVE,TRACKING,259,14.888957,24.280799,0.691708,2.470872,4.913467,0.000000,2.000000,5.000000,0.841230,0
1784327633.497063,ADAPTIVE,TRACKING,260,14.976301,49.340114,0.691708,2.470872,4.913467,0.000000,2.000000,5.000000,0.841230,0
1784327633.522050,ADAPTIVE,TRACKING,260,14.971321,24.910714,0.637301,2.459860,4.919629,0.000000,2.000000,5.000000,0.789989,0
1784327633.547004,ADAPTIVE,TRACKING,260,14.906406,24.824228,0.582264,2.448951,4.925760,0.000000,2.000000,5.000000,0.738986,0
1784327633.572067,ADAPTIVE,TRACKING,260,14.912291,24.142512,0.527127,2.437663,4.931272,0.000000,2.000000,5.000000,0.688575,0
1784327633.597082,ADAPTIVE,TRACKING,261,14.960663,49.208646,0.527127,2.437663,4.931272,0.000000,2.000000,5.000000,0.688575,0
1784327633.621991,ADAPTIVE,TRACKING,261,14.939590,24.809926,0.458457,2.422513,4.938908,0.000000,2.000000,5.000000,0.626444,0
1784327633.646998,ADAPTIVE,TRACKING,261,14.963913,24.969106,0.403871,2.409647,4.945168,0.000000,2.000000,5.000000,0.577866,0
1784327633.672001,ADAPTIVE,TRACKING,261,14.897108,24.104603,0.349601,2.395024,4.947609,0.000000,2.000000,5.000000,0.530104,0
1784327633.697090,ADAPTIVE,TRACKING,262,14.987316,49.287310,0.349601,2.395024,4.947609,0.000000,2.000000,5.000000,0.530104,0
1784327633.722060,ADAPTIVE,TRACKING,262,15.062198,24.978596,0.295943,2.379825,4.949683,0.000000,2.000000,5.000000,0.484129,0
1784327633.746958,ADAPTIVE,TRACKING,261,14.954151,24.723700,0.242941,2.364066,4.951268,0.000000,2.000000,5.000000,0.440385,0
1784327633.772003,ADAPTIVE,TRACKING,261,14.930505,24.104976,0.190739,2.347643,4.953882,0.000000,2.000000,5.000000,0.399204,0
1784327633.797008,ADAPTIVE,TRACKING,261,15.008541,49.190281,0.190739,2.347643,4.953882,0.000000,2.000000,5.000000,0.399204,0
1784327633.821996,ADAPTIVE,TRACKING,261,15.032649,24.940669,0.122837,2.331994,4.956929,0.000000,2.000000,5.000000,0.356600,0
1784327633.847068,ADAPTIVE,TRACKING,261,14.936874,24.911881,0.069754,2.318651,4.958616,0.000000,2.000000,5.000000,0.328812,0
1784327633.871996,ADAPTIVE,TRACKING,261,14.899938,24.083521,0.017916,2.304641,4.959762,0.000000,2.000000,5.000000,0.307809,0
1784327633.897076,ADAPTIVE,TRACKING,261,14.888052,49.153596,0.017916,2.304641,4.959762,0.000000,2.000000,5.000000,0.307809,0
1784327633.921971,ADAPTIVE,TRACKING,262,15.160762,25.132845,-0.031467,2.290830,4.957457,0.000000,0.000000,5.000000,2.291441,0
1784327633.946970,ADAPTIVE,TRACKING,261,15.171416,24.850627,-0.078387,2.277105,4.953343,0.000000,0.000000,5.000000,2.278932,0
1784327633.972068,ADAPTIVE,TRACKING,260,15.161495,24.405030,-0.124048,2.262749,4.949492,0.000000,0.000000,5.000000,2.266709,0
1784327633.997080,ADAPTIVE,TRACKING,258,15.166414,49.424412,-0.124048,2.262749,4.949492,0.000000,0.000000,5.000000,2.266709,0
1784327634.022061,ADAPTIVE,TRACKING,256,15.267355,24.998690,-0.178929,2.243910,4.946524,0.000000,0.000000,5.000000,2.251667,0
1784327634.046999,ADAPTIVE,TRACKING,254,15.241348,24.849008,-0.220085,2.227624,4.944957,0.000000,0.000000,5.000000,2.239146,0
1784327634.072056,ADAPTIVE,TRACKING,252,15.016064,24.295456,-0.258867,2.210293,4.946913,0.000000,0.000000,5.000000,2.226034,0
1784327634.097083,ADAPTIVE,TRACKING,251,14.924492,49.233483,-0.258867,2.210293,4.946913,0.000000,0.000000,5.000000,2.226034,0
1784327634.122064,ADAPTIVE,TRACKING,251,14.971204,24.959425,-0.295484,2.191677,4.953630,0.000000,0.000000,5.000000,2.211992,0
1784327634.147061,ADAPTIVE,TRACKING,251,14.851660,24.808720,-0.330504,2.171864,4.960970,0.000000,0.000000,5.000000,2.197214,0
1784327634.171991,ADAPTIVE,TRACKING,252,15.104144,23.802529,-0.360500,2.153344,4.970792,0.000000,0.000000,5.000000,2.183508,0
1784327634.197015,ADAPTIVE,TRACKING,251,15.077075,48.803315,-0.360500,2.153344,4.970792,0.000000,0.000000,5.000000,2.183508,0
1784327634.221994,ADAPTIVE,TRACKING,251,14.993520,24.830566,-0.396134,2.127970,4.981568,0.000000,0.000000,5.000000,2.164605,0
1784327634.247007,ADAPTIVE,TRACKING,250,14.917885,24.877361,-0.423416,2.106029,4.986998,0.000000,0.000000,5.000000,2.148211,0
1784327634.271990,ADAPTIVE,TRACKING,250,14.934284,24.051292,-0.448561,2.082196,4.989520,0.000000,0.000000,5.000000,2.129990,0
1784327634.297014,ADAPTIVE,TRACKING,251,14.969066,49.113574,-0.448561,2.082196,4.989520,0.000000,0.000000,5.000000,2.129990,0
1784327634.322000,ADAPTIVE,TRACKING,251,14.956382,24.906602,-0.469982,2.056104,4.987608,0.000000,0.000000,5.000000,2.109170,0
1784327634.346989,ADAPTIVE,TRACKING,251,14.931103,24.905067,-0.490657,2.028672,4.982606,0.000000,0.000000,5.000000,2.087237,0
1784327634.371993,ADAPTIVE,TRACKING,251,14.826106,23.514246,-0.510243,1.999739,4.975574,0.000000,0.000000,5.000000,2.063953,0
1784327634.397014,ADAPTIVE,TRACKING,252,14.875909,48.588377,-0.510243,1.999739,4.975574,0.000000,0.000000,5.000000,2.063953,0
1784327634.422014,ADAPTIVE,TRACKING,253,15.168579,25.206931,-0.532732,1.960106,4.965655,0.000000,0.000000,5.000000,2.031501,0
1784327634.446996,ADAPTIVE,TRACKING,252,14.749214,24.450220,-0.548885,1.924986,4.958957,0.000000,0.000000,5.000000,2.002131,0
1784327634.471993,ADAPTIVE,TRACKING,253,14.817493,24.043564,-0.563514,1.888211,4.953167,0.000000,0.000000,5.000000,1.971061,0
1784327634.497009,ADAPTIVE,TRACKING,254,14.856908,49.099331,-0.563514,1.888211,4.953167,0.000000,0.000000,5.000000,1.971061,0
1784327634.522064,ADAPTIVE,TRACKING,256,15.202781,25.330633,-0.576579,1.850020,4.947781,0.000000,0.000000,5.000000,1.938490,0
1784327634.547080,ADAPTIVE,TRACKING,255,14.953737,24.701225,-0.587445,1.808047,4.943537,0.000000,0.000000,5.000000,1.901923,0
1784327634.572078,ADAPTIVE,TRACKING,254,14.914173,24.188463,-0.596449,1.764250,4.940197,0.000000,0.000000,5.000000,1.863305,0
1784327634.597014,ADAPTIVE,TRACKING,254,14.895245,49.108774,-0.596449,1.764250,4.940197,0.000000,0.000000,5.000000,1.863305,0
1784327634.622063,ADAPTIVE,TRACKING,255,15.041355,25.107698,-0.605324,1.708158,4.938459,0.000000,0.000000,5.000000,1.813286,0
1784327634.646962,ADAPTIVE,TRACKING,255,15.092045,24.876969,-0.610736,1.662230,4.939339,0.000000,0.000000,5.000000,1.771916,0
1784327634.671996,ADAPTIVE,TRACKING,254,14.919952,24.188394,-0.609994,1.614359,4.940625,0.000000,0.000000,5.000000,1.726781,0
1784327634.697084,ADAPTIVE,TRACKING,254,15.481514,49.840000,-0.609994,1.614359,4.940625,0.000000,0.000000,5.000000,1.726781,0
1784327634.721994,ADAPTIVE,TRACKING,251,14.925478,24.284380,-0.608363,1.565744,4.943664,0.000000,0.000000,5.000000,1.680724,0
1784327634.747009,ADAPTIVE,TRACKING,251,14.841809,24.866103,-0.606201,1.516648,4.945937,0.000000,0.000000,5.000000,1.634204,0
1784327634.772001,ADAPTIVE,TRACKING,250,14.566448,23.794371,-0.603447,1.467176,4.946931,0.000000,0.000000,5.000000,1.587316,0
1784327634.797020,ADAPTIVE,TRACKING,254,14.858105,49.108065,-0.603447,1.467176,4.946931,0.000000,0.000000,5.000000,1.587316,0
1784327634.821993,ADAPTIVE,TRACKING,255,15.052576,25.096897,-0.601837,1.398762,4.946405,0.000000,0.000000,5.000000,1.523685,0
1784327634.846994,ADAPTIVE,TRACKING,255,14.892034,24.771852,-0.599501,1.343850,4.946767,0.000000,0.000000,5.000000,1.472470,0
1784327634.872007,ADAPTIVE,TRACKING,255,14.805973,24.097615,-0.596307,1.288786,4.947226,0.000000,0.000000,5.000000,1.421034,0
1784327634.897008,ADAPTIVE,TRACKING,256,15.022039,49.319008,-0.596307,1.288786,4.947226,0.000000,0.000000,5.000000,1.421034,0
1784327634.922071,ADAPTIVE,TRACKING,256,14.940521,24.904238,-0.592673,1.234191,4.945505,0.000000,0.000000,5.000000,1.370204,0
1784327634.947078,ADAPTIVE,TRACKING,256,14.927293,24.902155,-0.588476,1.179887,4.943778,0.000000,0.000000,5.000000,1.319696,0
1784327634.972072,ADAPTIVE,TRACKING,256,14.837190,24.190793,-0.583472,1.125284,4.943418,0.000000,0.000000,5.000000,1.268820,0
1784327634.997075,ADAPTIVE,TRACKING,257,15.072990,49.435120,-0.583472,1.125284,4.943418,0.000000,0.000000,5.000000,1.268820,0
1784327635.022059,ADAPTIVE,TRACKING,257,14.870179,24.712507,-0.576258,1.056798,4.942934,0.000000,0.000000,5.000000,1.205053,0
1784327635.047084,ADAPTIVE,TRACKING,257,14.850493,24.946366,-0.571814,0.998928,4.940861,0.000000,0.000000,5.000000,1.152530,0
1784327635.072002,ADAPTIVE,TRACKING,258,14.784180,24.043551,-0.567265,0.940210,4.937922,0.000000,0.000000,5.000000,1.099835,0
1784327635.097087,ADAPTIVE,TRACKING,260,14.947682,49.296865,-0.567265,0.940210,4.937922,0.000000,0.000000,5.000000,1.099835,0
1784327635.121999,ADAPTIVE,TRACKING,260,14.979131,24.875080,-0.561783,0.881576,4.936606,0.000000,0.000000,5.000000,1.047280,0
1784327635.146961,ADAPTIVE,TRACKING,261,15.073300,24.983494,-0.555423,0.822999,4.936705,0.000000,0.000000,5.000000,0.994901,0
1784327635.171997,ADAPTIVE,TRACKING,260,14.919410,24.041830,-0.551348,0.763424,4.936542,0.000000,0.000000,5.000000,0.943836,0
1784327635.197083,ADAPTIVE,TRACKING,260,14.947217,49.158707,-0.551348,0.763424,4.936542,0.000000,0.000000,5.000000,0.943836,0
1784327635.222062,ADAPTIVE,TRACKING,260,14.969558,24.918819,-0.544633,0.689208,4.937329,0.000000,0.000000,5.000000,0.880659,0
1784327635.246957,ADAPTIVE,TRACKING,260,14.941905,24.790134,-0.537724,0.630205,4.939458,0.000000,0.000000,5.000000,0.830645,0
1784327635.272006,ADAPTIVE,TRACKING,260,14.898891,23.998490,-0.528911,0.571716,4.940852,0.000000,0.000000,5.000000,0.781092,0
1784327635.297002,ADAPTIVE,TRACKING,261,14.960588,49.056881,-0.528911,0.571716,4.940852,0.000000,0.000000,5.000000,0.781092,0
1784327635.321995,ADAPTIVE,TRACKING,261,14.997436,24.966461,-0.517055,0.513914,4.940367,0.000000,0.000000,5.000000,0.731444,0
1784327635.346997,ADAPTIVE,TRACKING,261,14.917682,24.858113,-0.504083,0.456531,4.940497,0.000000,0.000000,5.000000,0.682687,0
1784327635.371999,ADAPTIVE,TRACKING,261,14.989497,24.203415,-0.489850,0.399701,4.942072,0.000000,0.000000,5.000000,0.634877,0
1784327635.397008,ADAPTIVE,TRACKING,261,15.180806,49.405717,-0.489850,0.399701,4.942072,0.000000,0.000000,5.000000,0.634877,0
1784327635.422006,ADAPTIVE,TRACKING,260,14.946362,24.661088,-0.470057,0.329685,4.945653,0.000000,0.000000,5.000000,0.576714,0
1784327635.446958,ADAPTIVE,TRACKING,259,14.901420,24.796278,-0.452523,0.274615,4.949567,0.000000,0.000000,5.000000,0.531728,0
1784327635.471992,ADAPTIVE,TRACKING,259,14.870361,24.096269,-0.433847,0.220288,4.953804,0.000000,0.000000,5.000000,0.488758,0
1784327635.496966,ADAPTIVE,TRACKING,260,14.916177,49.118000,-0.433847,0.220288,4.953804,0.000000,0.000000,5.000000,0.488758,0
1784327635.522000,ADAPTIVE,TRACKING,261,14.935894,24.983554,-0.414025,0.166897,4.959019,0.000000,0.000000,5.000000,0.448276,0
1784327635.547006,ADAPTIVE,TRACKING,261,14.857194,24.864235,-0.392808,0.113331,4.965484,0.000000,0.000000,5.000000,0.410285,0
1784327635.571994,ADAPTIVE,TRACKING,262,14.914016,24.164250,-0.370633,0.060586,4.971568,0.000000,0.000000,5.000000,0.376627,0
1784327635.597089,ADAPTIVE,TRACKING,263,15.178542,49.531864,-0.370633,0.060586,4.971568,0.000000,0.000000,5.000000,0.376627,0
1784327635.622084,ADAPTIVE,TRACKING,262,15.020715,24.759819,-0.341760,-0.003354,4.979354,0.000000,0.000000,5.000000,0.342400,0
1784327635.647012,ADAPTIVE,TRACKING,261,14.865239,24.707789,-0.317863,-0.052827,4.986279,0.000000,0.000000,5.000000,0.322515,0
1784327635.671998,ADAPTIVE,TRACKING,261,14.944100,23.992185,-0.293040,-0.099381,4.994287,0.000000,0.000000,5.000000,0.309486,0
1784327635.697084,ADAPTIVE,TRACKING,262,15.039706,49.178312,-0.293040,-0.099381,4.994287,0.000000,0.000000,5.000000,0.309486,0
1784327635.721959,ADAPTIVE,TRACKING,262,15.554581,25.323077,-0.267824,-0.144447,5.000879,0.000000,0.000000,5.000000,0.304295,0
1784327635.747011,ADAPTIVE,TRACKING,258,15.310812,24.741748,-0.242326,-0.187919,5.005938,0.000000,0.000000,5.000000,0.306710,0
1784327635.772002,ADAPTIVE,TRACKING,255,14.550362,23.789739,-0.216601,-0.229562,5.009917,0.000000,0.000000,5.000000,0.315773,0
1784327635.797076,ADAPTIVE,TRACKING,256,14.700808,49.017284,-0.216601,-0.229562,5.009917,0.000000,0.000000,5.000000,0.315773,0
1784327635.822066,ADAPTIVE,TRACKING,258,14.821111,25.030739,-0.182341,-0.279079,5.017118,0.000000,0.000000,5.000000,0.333806,0
1784327635.847080,ADAPTIVE,TRACKING,261,14.962724,25.089802,-0.155001,-0.316086,5.022396,0.000000,0.000000,5.000000,0.352756,0
1784327635.872007,ADAPTIVE,TRACKING,261,14.936913,24.080524,-0.127793,-0.350831,5.026624,0.000000,0.000000,5.000000,0.374329,0
1784327635.897011,ADAPTIVE,TRACKING,261,14.970875,49.122008,-0.127793,-0.350831,5.026624,0.000000,0.000000,5.000000,0.374329,0
1784327635.922085,ADAPTIVE,TRACKING,261,14.956526,24.972067,-0.100570,-0.381600,5.029821,0.000000,0.000000,5.000000,0.395755,0
1784327635.947083,ADAPTIVE,TRACKING,261,14.944966,24.881308,-0.073416,-0.408291,5.033336,0.000000,0.000000,5.000000,0.416177,0
1784327635.972069,ADAPTIVE,TRACKING,261,14.925589,24.276008,-0.046610,-0.432706,5.036786,0.000000,0.000000,5.000000,0.436761,0
1784327635.997007,ADAPTIVE,TRACKING,262,15.051465,49.341772,-0.046610,-0.432706,5.036786,0.000000,0.000000,5.000000,0.436761,0
1784327636.022019,ADAPTIVE,TRACKING,261,15.320422,25.217111,-0.013770,-0.460173,5.039778,0.000000,0.000000,5.000000,0.462094,0
1784327636.047060,ADAPTIVE,TRACKING,259,15.033946,24.676611,0.012277,-0.479739,5.038259,0.000000,0.000000,5.000000,0.481419,0
1784327636.072058,ADAPTIVE,TRACKING,258,14.698053,23.989740,0.037675,-0.496806,5.036252,0.000000,0.000000,5.000000,0.499550,0
1784327636.097019,ADAPTIVE,TRACKING,259,14.820525,49.075948,0.037675,-0.496806,5.036252,0.000000,0.000000,5.000000,0.499550,0
1784327636.122058,ADAPTIVE,TRACKING,261,14.988645,25.138421,0.062207,-0.511413,5.034342,0.000000,0.000000,5.000000,0.516325,0
1784327636.147085,ADAPTIVE,TRACKING,262,15.050445,25.018129,0.085881,-0.523577,5.032557,0.000000,0.000000,5.000000,0.531572,0
1784327636.172076,ADAPTIVE,TRACKING,261,14.988309,24.281971,0.107040,-0.529947,5.029143,0.000000,0.000000,5.000000,0.541434,0
1784327636.197072,ADAPTIVE,TRACKING,261,14.967720,49.259174,0.107040,-0.529947,5.029143,0.000000,0.000000,5.000000,0.541434,0
1784327636.222067,ADAPTIVE,TRACKING,261,14.909933,24.877098,0.132317,-0.535148,5.024610,0.000000,0.000000,5.000000,0.551812,0
1784327636.247012,ADAPTIVE,TRACKING,261,14.944749,24.920761,0.151416,-0.536807,5.022147,0.000000,0.000000,5.000000,0.558192,0
1784327636.271997,ADAPTIVE,TRACKING,262,14.996840,24.149661,0.169388,-0.534918,5.020487,0.000000,0.000000,5.000000,0.561470,0
1784327636.297079,ADAPTIVE,TRACKING,262,14.976724,49.212703,0.169388,-0.534918,5.020487,0.000000,0.000000,5.000000,0.561470,0
1784327636.322093,ADAPTIVE,TRACKING,262,14.993380,24.967373,0.185988,-0.527119,5.019275,0.000000,0.000000,5.000000,0.559301,0
1784327636.347010,ADAPTIVE,TRACKING,262,14.951199,24.816998,0.201573,-0.517541,5.018351,0.000000,0.000000,5.000000,0.555713,0
1784327636.372004,ADAPTIVE,TRACKING,262,15.055388,24.372389,0.216127,-0.506287,5.017675,0.000000,0.000000,5.000000,0.550772,0
1784327636.397017,ADAPTIVE,TRACKING,262,14.999825,49.330953,0.216127,-0.506287,5.017675,0.000000,0.000000,5.000000,0.550772,0
1784327636.422013,ADAPTIVE,TRACKING,261,15.023732,24.939822,0.231890,-0.488857,5.016606,0.000000,0.000000,5.000000,0.541323,0
1784327636.447007,ADAPTIVE,TRACKING,261,14.997081,24.869775,0.242057,-0.471844,5.016243,0.000000,0.000000,5.000000,0.530558,0
1784327636.471995,ADAPTIVE,TRACKING,261,14.960265,24.037728,0.251217,-0.453558,5.015669,0.000000,0.000000,5.000000,0.518720,0
1784327636.497093,ADAPTIVE,TRACKING,261,15.030245,49.205978,0.251217,-0.453558,5.015669,0.000000,0.000000,5.000000,0.518720,0
1784327636.521967,ADAPTIVE,TRACKING,261,15.154604,24.933499,0.259397,-0.434098,5.014812,0.000000,0.000000,5.000000,0.505912,0
1784327636.547098,ADAPTIVE,TRACKING,260,14.897762,24.811496,0.266835,-0.411833,5.013350,0.000000,0.000000,5.000000,0.490903,0
1784327636.572010,ADAPTIVE,TRACKING,260,14.879759,24.178422,0.273383,-0.388153,5.011155,0.000000,0.000000,5.000000,0.474896,0
1784327636.597092,ADAPTIVE,TRACKING,260,14.862295,49.245626,0.273383,-0.388153,5.011155,0.000000,0.000000,5.000000,0.474896,0
1784327636.622003,ADAPTIVE,TRACKING,262,15.032645,25.017070,0.279973,-0.357351,5.008785,0.000000,0.000000,5.000000,0.454050,0
1784327636.647012,ADAPTIVE,TRACKING,261,14.873056,24.787680,0.283870,-0.331749,5.007886,0.000000,0.000000,5.000000,0.436694,0
1784327636.672000,ADAPTIVE,TRACKING,262,14.971299,24.150457,0.288011,-0.303946,5.007126,0.000000,0.000000,5.000000,0.418789,0
1784327636.697079,ADAPTIVE,TRACKING,262,14.978408,49.236819,0.288011,-0.303946,5.007126,0.000000,0.000000,5.000000,0.418789,0
1784327636.722000,ADAPTIVE,TRACKING,262,15.059636,24.928963,0.290896,-0.275858,5.006443,0.000000,0.000000,5.000000,0.400948,0
1784327636.747011,ADAPTIVE,TRACKING,261,14.874443,24.756492,0.292727,-0.247630,5.004754,0.000000,0.000000,5.000000,0.383447,0
1784327636.772000,ADAPTIVE,TRACKING,262,14.931076,24.268655,0.293489,-0.219289,5.002616,0.000000,0.000000,5.000000,0.366375,0
1784327636.797015,ADAPTIVE,TRACKING,262,14.960178,49.313842,0.293489,-0.219289,5.002616,0.000000,0.000000,5.000000,0.366375,0
1784327636.822010,ADAPTIVE,TRACKING,263,14.939195,24.905100,0.293615,-0.184941,5.002203,0.000000,0.000000,5.000000,0.347013,0
1784327636.846999,ADAPTIVE,TRACKING,263,14.992602,24.978776,0.292582,-0.157604,5.001522,0.000000,0.000000,5.000000,0.332333,0
1784327636.871997,ADAPTIVE,TRACKING,263,15.040637,24.294570,0.290583,-0.130541,5.000844,0.000000,0.000000,5.000000,0.318560,0
1784327636.897023,ADAPTIVE,TRACKING,263,15.012419,49.294889,0.290583,-0.130541,5.000844,0.000000,0.000000,5.000000,0.318560,0
1784327636.922010,ADAPTIVE,TRACKING,262,15.068384,24.956632,0.286606,-0.105004,4.999186,0.000000,0.000000,5.000000,0.305237,0
1784327636.946999,ADAPTIVE,TRACKING,261,14.861302,24.678057,0.280832,-0.080941,4.996442,0.000000,0.000000,5.000000,0.292285,0
1784327636.972002,ADAPTIVE,TRACKING,262,14.929138,24.182399,0.274355,-0.057187,4.993767,0.000000,0.000000,5.000000,0.280321,0
1784327636.997097,ADAPTIVE,TRACKING,262,14.978807,49.327710,0.274355,-0.057187,4.993767,0.000000,0.000000,5.000000,0.280321,0
1784327637.022074,ADAPTIVE,TRACKING,263,15.033833,24.940682,0.265187,-0.028071,4.991764,0.000000,0.000000,5.000000,0.266796,0
1784327637.046998,ADAPTIVE,TRACKING,262,14.926237,24.752825,0.258206,-0.004250,4.991610,0.000000,0.000000,5.000000,0.258377,0
1784327637.072000,ADAPTIVE,TRACKING,262,14.937859,24.224924,0.250937,0.019220,4.992014,0.000000,0.000000,5.000000,0.251799,0
1784327637.097057,ADAPTIVE,TRACKING,262,14.985066,49.328453,0.250937,0.019220,4.992014,0.000000,0.000000,5.000000,0.251799,0
1784327637.122069,ADAPTIVE,TRACKING,262,14.990252,24.951727,0.243038,0.041914,4.992289,0.000000,0.000000,5.000000,0.246747,0
1784327637.146961,ADAPTIVE,TRACKING,262,15.005962,24.844705,0.234514,0.063771,4.991762,0.000000,0.000000,5.000000,0.243170,0
1784327637.172000,ADAPTIVE,TRACKING,262,14.888208,24.090553,0.227066,0.082594,4.989192,0.000000,0.000000,5.000000,0.241862,0
1784327637.197076,ADAPTIVE,TRACKING,262,15.018695,49.298706,0.227066,0.082594,4.989192,0.000000,0.000000,5.000000,0.241862,0
1784327637.222010,ADAPTIVE,TRACKING,262,14.979392,24.830191,0.216747,0.105002,4.987334,0.000000,0.000000,5.000000,0.241174,0
1784327637.247014,ADAPTIVE,TRACKING,262,14.995745,24.956895,0.207762,0.122060,4.985633,0.000000,0.000000,5.000000,0.241392,0
1784327637.272002,ADAPTIVE,TRACKING,262,15.001607,24.129717,0.198160,0.138045,4.984412,0.000000,0.000000,5.000000,0.242005,0
1784327637.297095,ADAPTIVE,TRACKING,262,15.040259,49.263773,0.198160,0.138045,4.984412,0.000000,0.000000,5.000000,0.242005,0
1784327637.322068,ADAPTIVE,TRACKING,261,14.910992,24.775109,0.188304,0.152308,4.983003,0.000000,0.000000,5.000000,0.242786,0
1784327637.347009,ADAPTIVE,TRACKING,261,14.910702,24.881477,0.177777,0.165724,4.981678,0.000000,0.000000,5.000000,0.243731,0
1784327637.371999,ADAPTIVE,TRACKING,262,15.021221,24.286222,0.166682,0.178302,4.980164,0.000000,0.000000,5.000000,0.244884,0
1784327637.397006,ADAPTIVE,TRACKING,262,14.952813,49.225256,0.166682,0.178302,4.980164,0.000000,0.000000,5.000000,0.244884,0
1784327637.421976,ADAPTIVE,TRACKING,262,15.085153,25.035312,0.151617,0.191590,4.978749,0.000000,0.000000,5.000000,0.245247,0
1784327637.447016,ADAPTIVE,TRACKING,261,14.904741,24.733712,0.138539,0.199860,4.978482,0.000000,0.000000,5.000000,0.244131,0
1784327637.471996,ADAPTIVE,TRACKING,262,15.028322,24.215075,0.125328,0.207284,4.978604,0.000000,0.000000,5.000000,0.243170,0
1784327637.497008,ADAPTIVE,TRACKING,261,14.958899,49.158478,0.125328,0.207284,4.978604,0.000000,0.000000,5.000000,0.243170,0
1784327637.522074,ADAPTIVE,TRACKING,261,14.913483,24.955731,0.112075,0.213835,4.979536,0.000000,0.000000,5.000000,0.242291,0
1784327637.546962,ADAPTIVE,TRACKING,261,14.868225,24.778964,0.097461,0.218640,4.980879,0.000000,0.000000,5.000000,0.240141,0
1784327637.572004,ADAPTIVE,TRACKING,262,15.050443,24.203255,0.082550,0.222275,4.982203,0.000000,0.000000,5.000000,0.237776,0
1784327637.597100,ADAPTIVE,TRACKING,262,14.925575,49.176035,0.082550,0.222275,4.982203,0.000000,0.000000,5.000000,0.237776,0
1784327637.622078,ADAPTIVE,TRACKING,262,14.995748,24.963227,0.064161,0.225640,4.983311,0.000000,0.000000,5.000000,0.235177,0
1784327637.647024,ADAPTIVE,TRACKING,262,14.921899,24.806250,0.049658,0.227439,4.983764,0.000000,0.000000,5.000000,0.233362,0
1784327637.672007,ADAPTIVE,TRACKING,262,14.991152,24.361662,0.033937,0.226370,4.981481,0.000000,0.000000,5.000000,0.229648,0
1784327637.697084,ADAPTIVE,TRACKING,262,14.945006,49.392731,0.033937,0.226370,4.981481,0.000000,0.000000,5.000000,0.229648,0
1784327637.722075,ADAPTIVE,TRACKING,262,15.035971,25.014569,0.018473,0.224706,4.978645,0.000000,0.000000,5.000000,0.226473,0
1784327637.747111,ADAPTIVE,TRACKING,262,14.940970,24.863255,0.003338,0.222398,4.975986,0.000000,0.000000,5.000000,0.223716,0
1784327637.771995,ADAPTIVE,TRACKING,262,14.986253,24.067467,-0.011426,0.219466,4.973481,0.000000,0.000000,5.000000,0.221357,0
1784327637.797017,ADAPTIVE,TRACKING,262,14.940870,49.043000,-0.011426,0.219466,4.973481,0.000000,0.000000,5.000000,0.221357,0
1784327637.821998,ADAPTIVE,TRACKING,262,15.065410,25.040066,-0.029694,0.213587,4.972186,0.000000,0.000000,5.000000,0.217428,0
1784327637.847024,ADAPTIVE,TRACKING,262,14.974603,24.872863,-0.043672,0.208315,4.971869,0.000000,0.000000,5.000000,0.214694,0
1784327637.872001,ADAPTIVE,TRACKING,262,15.122276,24.207068,-0.057148,0.202512,4.971646,0.000000,0.000000,5.000000,0.212323,0
1784327637.897013,ADAPTIVE,TRACKING,261,14.918907,49.015086,-0.057148,0.202512,4.971646,0.000000,0.000000,5.000000,0.212323,0
1784327637.922017,ADAPTIVE,TRACKING,261,14.943499,24.948239,-0.069357,0.195237,4.971416,0.000000,0.000000,5.000000,0.209153,0
1784327637.947013,ADAPTIVE,TRACKING,261,14.888855,24.843686,-0.080355,0.186643,4.970626,0.000000,0.000000,5.000000,0.205318,0
1784327637.972003,ADAPTIVE,TRACKING,262,14.993124,24.284875,-0.090692,0.177658,4.970693,0.000000,0.000000,5.000000,0.201609,0
1784327637.997018,ADAPTIVE,TRACKING,262,15.008362,49.318659,-0.090692,0.177658,4.970693,0.000000,0.000000,5.000000,0.201609,0
1784327638.022004,ADAPTIVE,TRACKING,262,15.046297,24.955086,-0.102599,0.165885,4.971844,0.000000,0.000000,5.000000,0.197071,0
1784327638.047013,ADAPTIVE,TRACKING,261,14.892897,24.789250,-0.110955,0.155355,4.974791,0.000000,0.000000,5.000000,0.192566,0
1784327638.072000,ADAPTIVE,TRACKING,261,14.964611,24.233039,-0.118558,0.144399,4.977812,0.000000,0.000000,5.000000,0.188147,0
1784327638.096998,ADAPTIVE,TRACKING,261,14.922674,49.191267,-0.118558,0.144399,4.977812,0.000000,0.000000,5.000000,0.188147,0
1784327638.122009,ADAPTIVE,TRACKING,262,14.960050,24.978601,-0.125627,0.133321,4.979916,0.000000,0.000000,5.000000,0.184283,0
1784327638.147016,ADAPTIVE,TRACKING,262,14.962018,24.943366,-0.132158,0.122129,4.981419,0.000000,0.000000,5.000000,0.180905,0
1784327638.171962,ADAPTIVE,TRACKING,262,14.960941,24.293113,-0.137189,0.110141,4.979749,0.000000,0.000000,5.000000,0.177093,0
1784327638.197026,ADAPTIVE,TRACKING,262,14.973392,49.370573,-0.137189,0.110141,4.979749,0.000000,0.000000,5.000000,0.177093,0
1784327638.222008,ADAPTIVE,TRACKING,262,15.043064,24.960346,-0.142539,0.095038,4.978840,0.000000,0.000000,5.000000,0.172618,0
1784327638.247007,ADAPTIVE,TRACKING,262,14.922996,24.810952,-0.146103,0.082922,4.978961,0.000000,0.000000,5.000000,0.169306,0
1784327638.271998,ADAPTIVE,TRACKING,262,15.183465,24.278290,-0.149110,0.070764,4.979137,0.000000,0.000000,5.000000,0.166363,0
1784327638.297025,ADAPTIVE,TRACKING,261,14.923561,49.050561,-0.149110,0.070764,4.979137,0.000000,0.000000,5.000000,0.166363,0
1784327638.322008,ADAPTIVE,TRACKING,261,14.921104,24.912836,-0.151438,0.058405,4.980552,0.000000,0.000000,5.000000,0.163471,0
1784327638.347085,ADAPTIVE,TRACKING,261,14.975622,25.067691,-0.153093,0.046289,4.982791,0.000000,0.000000,5.000000,0.160861,0
1784327638.372085,ADAPTIVE,TRACKING,262,15.000593,24.290580,-0.154077,0.034406,4.985807,0.000000,0.000000,5.000000,0.158508,0
1784327638.397086,ADAPTIVE,TRACKING,261,14.908499,49.202554,-0.154077,0.034406,4.985807,0.000000,0.000000,5.000000,0.158508,0
1784327638.422005,ADAPTIVE,TRACKING,262,14.962019,24.894881,-0.153718,0.019843,4.989280,0.000000,0.000000,5.000000,0.155363,0
1784327638.447022,ADAPTIVE,TRACKING,262,14.943509,24.905858,-0.151948,0.008598,4.993427,0.000000,0.000000,5.000000,0.152333,0
1784327638.472012,ADAPTIVE,TRACKING,262,15.017688,24.345969,-0.149633,-0.002245,4.998181,0.000000,0.000000,5.000000,0.149661,0
1784327638.497098,ADAPTIVE,TRACKING,262,15.078206,49.496077,-0.149633,-0.002245,4.998181,0.000000,0.000000,5.000000,0.149661,0
1784327638.522002,ADAPTIVE,TRACKING,261,14.964255,24.723864,-0.146811,-0.012657,5.002223,0.000000,0.000000,5.000000,0.147372,0
1784327638.547085,ADAPTIVE,TRACKING,261,14.923641,24.983261,-0.142784,-0.022349,5.006031,0.000000,0.000000,5.000000,0.144648,0
1784327638.572091,ADAPTIVE,TRACKING,261,14.964850,24.166697,-0.138084,-0.031548,5.008576,0.000000,0.000000,5.000000,0.141902,0
1784327638.597094,ADAPTIVE,TRACKING,261,14.985095,49.191488,-0.138084,-0.031548,5.008576,0.000000,0.000000,5.000000,0.141902,0
1784327638.622007,ADAPTIVE,TRACKING,261,14.901303,24.762350,-0.131544,-0.042543,5.010308,0.000000,0.000000,5.000000,0.138636,0
1784327638.647115,ADAPTIVE,TRACKING,261,14.911627,25.052861,-0.125836,-0.050865,5.010714,0.000000,0.000000,5.000000,0.136150,0
1784327638.672075,ADAPTIVE,TRACKING,262,15.052156,24.336320,-0.116746,-0.060941,5.011794,0.000000,0.000000,5.000000,0.132222,0
1784327638.697021,ADAPTIVE,TRACKING,262,15.052405,49.282473,-0.116746,-0.060941,5.011794,0.000000,0.000000,5.000000,0.132222,0
1784327638.722071,ADAPTIVE,TRACKING,261,14.916938,24.846707,-0.107462,-0.070213,5.013367,0.000000,0.000000,5.000000,0.129061,0
1784327638.747013,ADAPTIVE,TRACKING,261,14.961910,24.920572,-0.097964,-0.078737,5.014745,0.000000,0.000000,5.000000,0.126546,0
1784327638.772076,ADAPTIVE,TRACKING,261,14.887559,24.201275,-0.088286,-0.086538,5.015475,0.000000,0.000000,5.000000,0.124591,0
1784327638.796977,ADAPTIVE,TRACKING,262,15.217671,49.433695,-0.088286,-0.086538,5.015475,0.000000,0.000000,5.000000,0.124591,0
1784327638.822068,ADAPTIVE,TRACKING,260,14.827717,24.616031,-0.072212,-0.093717,5.015448,0.000000,0.000000,5.000000,0.119315,0
1784327638.847116,ADAPTIVE,TRACKING,261,14.913263,25.062282,-0.059508,-0.098934,5.015248,0.000000,0.000000,5.000000,0.116454,0
1784327638.872077,ADAPTIVE,TRACKING,261,14.958913,24.294439,-0.046989,-0.103615,5.015345,0.000000,0.000000,5.000000,0.114802,0
1784327638.897077,ADAPTIVE,TRACKING,262,15.454920,49.794660,-0.046989,-0.103615,5.015345,0.000000,0.000000,5.000000,0.114802,0
1784327638.922025,ADAPTIVE,TRACKING,259,15.128734,24.517993,-0.035030,-0.107365,5.015794,0.000000,0.000000,5.000000,0.114034,0
1784327638.947093,ADAPTIVE,TRACKING,257,14.684394,24.514759,-0.023591,-0.110134,5.017036,0.000000,0.000000,5.000000,0.113914,0
1784327638.972099,ADAPTIVE,TRACKING,257,14.756113,24.010663,-0.012354,-0.112337,5.017848,0.000000,0.000000,5.000000,0.114415,0
1784327638.997088,ADAPTIVE,TRACKING,260,14.907904,49.151495,-0.012354,-0.112337,5.017848,0.000000,0.000000,5.000000,0.114415,0
1784327639.022092,ADAPTIVE,TRACKING,261,14.966035,24.997743,0.001322,-0.114326,5.017900,0.000000,0.000000,5.000000,0.115726,0
1784327639.046965,ADAPTIVE,TRACKING,261,14.912004,24.756613,0.010121,-0.114667,5.018128,0.000000,0.000000,5.000000,0.116531,0
1784327639.072077,ADAPTIVE,TRACKING,261,14.934114,24.325932,0.018129,-0.114354,5.017580,0.000000,0.000000,5.000000,0.117109,0
1784327639.097094,ADAPTIVE,TRACKING,262,15.141561,49.549772,0.018129,-0.114354,5.017580,0.000000,0.000000,5.000000,0.117109,0
1784327639.122075,ADAPTIVE,TRACKING,261,14.963675,24.734698,0.025841,-0.113501,5.017532,0.000000,0.000000,5.000000,0.117718,0
1784327639.146995,ADAPTIVE,TRACKING,261,14.981836,24.867210,0.033162,-0.112092,5.018908,0.000000,0.000000,5.000000,0.118413,0
1784327639.172068,ADAPTIVE,TRACKING,260,14.857854,24.070313,0.040433,-0.108118,5.022503,0.000000,0.000000,5.000000,0.117604,0
1784327639.197087,ADAPTIVE,TRACKING,261,14.935901,49.169891,0.040433,-0.108118,5.022503,0.000000,0.000000,5.000000,0.117604,0
1784327639.222076,ADAPTIVE,TRACKING,261,14.977996,24.969449,0.049016,-0.102823,5.026100,0.000000,0.000000,5.000000,0.116860,0
1784327639.247006,ADAPTIVE,TRACKING,261,14.945189,24.834285,0.055457,-0.098428,5.027424,0.000000,0.000000,5.000000,0.116257,0
1784327639.272076,ADAPTIVE,TRACKING,261,14.983930,24.372453,0.061649,-0.093192,5.027946,0.000000,0.000000,5.000000,0.115179,0
1784327639.297081,ADAPTIVE,TRACKING,261,15.528618,49.922413,0.061649,-0.093192,5.027946,0.000000,0.000000,5.000000,0.115179,0
1784327639.322072,ADAPTIVE,TRACKING,258,14.761500,24.157622,0.068019,-0.085944,5.027915,0.000000,0.000000,5.000000,0.113103,0
1784327639.347089,ADAPTIVE,TRACKING,258,14.719874,24.913681,0.073862,-0.078737,5.028399,0.000000,0.000000,5.000000,0.111632,0
1784327639.372016,ADAPTIVE,TRACKING,258,14.837959,24.224757,0.079176,-0.071656,5.028913,0.000000,0.000000,5.000000,0.110631,0
1784327639.397022,ADAPTIVE,TRACKING,261,14.946460,49.337581,0.079176,-0.071656,5.028913,0.000000,0.000000,5.000000,0.110631,0
1784327639.422090,ADAPTIVE,TRACKING,261,15.051958,25.086866,0.084681,-0.060874,5.028235,0.000000,0.000000,5.000000,0.108045,0
1784327639.447011,ADAPTIVE,TRACKING,260,14.898102,24.671569,0.088089,-0.050023,5.026985,0.000000,0.000000,5.000000,0.104833,0
1784327639.472004,ADAPTIVE,TRACKING,261,14.914957,24.210915,0.091177,-0.039457,5.025348,0.000000,0.000000,5.000000,0.102531,0
1784327639.497031,ADAPTIVE,TRACKING,261,14.903703,49.228573,0.091177,-0.039457,5.025348,0.000000,0.000000,5.000000,0.102531,0
1784327639.522008,ADAPTIVE,TRACKING,262,14.990783,25.000818,0.093911,-0.029124,5.023736,0.000000,0.000000,5.000000,0.101148,0
1784327639.546971,ADAPTIVE,TRACKING,262,14.993519,24.894760,0.095209,-0.019235,5.020062,0.000000,0.000000,5.000000,0.099182,0
1784327639.572005,ADAPTIVE,TRACKING,262,14.888554,24.077211,0.095931,-0.009749,5.014668,0.000000,0.000000,5.000000,0.097535,0
1784327639.597023,ADAPTIVE,TRACKING,262,14.970444,49.180660,0.095931,-0.009749,5.014668,0.000000,0.000000,5.000000,0.097535,0
1784327639.622007,ADAPTIVE,TRACKING,262,15.505639,25.450295,0.096382,0.001599,5.008096,0.000000,0.000000,5.000000,0.096734,0
1784327639.647003,ADAPTIVE,TRACKING,259,14.786298,24.208141,0.096284,0.010288,5.003468,0.000000,0.000000,5.000000,0.096894,0
1784327639.672019,ADAPTIVE,TRACKING,259,14.738248,24.065109,0.097023,0.017904,4.999136,0.000000,0.000000,5.000000,0.098665,0
1784327639.697026,ADAPTIVE,TRACKING,259,14.831404,49.165365,0.097023,0.017904,4.999136,0.000000,0.000000,5.000000,0.098665,0
1784327639.722003,ADAPTIVE,TRACKING,262,15.053737,25.130485,0.097281,0.025253,4.996084,0.000000,0.000000,5.000000,0.100582,0
1784327639.747010,ADAPTIVE,TRACKING,262,14.968275,24.852484,0.097066,0.032306,4.994044,0.000000,0.000000,5.000000,0.102474,0
1784327639.772004,ADAPTIVE,TRACKING,261,14.945997,24.195056,0.096419,0.039042,4.992488,0.000000,0.000000,5.000000,0.104294,0
1784327639.797027,ADAPTIVE,TRACKING,261,14.964409,49.239674,0.096419,0.039042,4.992488,0.000000,0.000000,5.000000,0.104294,0
1784327639.822031,ADAPTIVE,TRACKING,262,15.172405,25.146165,0.096143,0.047247,4.993665,0.000000,0.000000,5.000000,0.107312,0
1784327639.847019,ADAPTIVE,TRACKING,260,14.810035,24.559107,0.095462,0.053368,4.995223,0.000000,0.000000,5.000000,0.109471,0
1784327639.872005,ADAPTIVE,TRACKING,261,14.937947,23.693221,0.094513,0.059116,4.996274,0.000000,0.000000,5.000000,0.111540,0
1784327639.897018,ADAPTIVE,TRACKING,261,14.943988,48.712357,0.094513,0.059116,4.996274,0.000000,0.000000,5.000000,0.111540,0
1784327639.922084,ADAPTIVE,TRACKING,262,14.982535,25.024423,0.092074,0.064406,4.997622,0.000000,0.000000,5.000000,0.112390,0
1784327639.947089,ADAPTIVE,TRACKING,262,14.924494,24.846055,0.088239,0.069260,4.999601,0.000000,0.000000,5.000000,0.112175,0
1784327639.972071,ADAPTIVE,TRACKING,262,14.940291,24.294312,0.084353,0.073752,5.001160,0.000000,0.000000,5.000000,0.112055,0
1784327639.997096,ADAPTIVE,TRACKING,262,14.998439,49.384336,0.084353,0.073752,5.001160,0.000000,0.000000,5.000000,0.112055,0
1784327640.022095,ADAPTIVE,TRACKING,262,14.963333,24.881131,0.079392,0.078792,5.002547,0.000000,0.000000,5.000000,0.111883,0
1784327640.047009,ADAPTIVE,TRACKING,262,14.928685,24.797312,0.076024,0.081912,5.003035,0.000000,0.000000,5.000000,0.111796,0
1784327640.072073,ADAPTIVE,TRACKING,262,15.163187,24.539418,0.072801,0.084566,5.003012,0.000000,0.000000,5.000000,0.111626,0
1784327640.097103,ADAPTIVE,TRACKING,261,14.900479,49.306310,0.072801,0.084566,5.003012,0.000000,0.000000,5.000000,0.111626,0
1784327640.122066,ADAPTIVE,TRACKING,261,14.942130,24.927782,0.069493,0.086871,5.002645,0.000000,0.000000,5.000000,0.111278,0
1784327640.147017,ADAPTIVE,TRACKING,261,14.925762,24.862281,0.066158,0.088850,5.002016,0.000000,0.000000,5.000000,0.110794,0
1784327640.172021,ADAPTIVE,TRACKING,262,14.944494,24.277607,0.066020,0.089007,5.000352,0.000000,0.000000,5.000000,0.110820,0
1784327640.197085,ADAPTIVE,TRACKING,262,15.001927,49.401156,0.066020,0.089007,5.000352,0.000000,0.000000,5.000000,0.110820,0
1784327640.222074,ADAPTIVE,TRACKING,262,15.058173,24.982431,0.065451,0.088977,4.998820,0.000000,0.000000,5.000000,0.110463,0
1784327640.247078,ADAPTIVE,TRACKING,261,14.887526,24.772957,0.064726,0.088815,4.996771,0.000000,0.000000,5.000000,0.109946,0
1784327640.271976,ADAPTIVE,TRACKING,261,15.445868,24.562915,0.063986,0.088601,4.993547,0.000000,0.000000,5.000000,0.109480,0
1784327640.297013,ADAPTIVE,TRACKING,259,14.900188,49.052206,0.063986,0.088601,4.993547,0.000000,0.000000,5.000000,0.109480,0
1784327640.322083,ADAPTIVE,TRACKING,258,14.806311,24.910466,0.063654,0.088349,4.989214,0.000000,0.000000,5.000000,0.109425,0
1784327640.346967,ADAPTIVE,TRACKING,258,14.753404,24.768693,0.063080,0.087794,4.984562,0.000000,0.000000,5.000000,0.109202,0
1784327640.372005,ADAPTIVE,TRACKING,261,14.932959,24.091295,0.062228,0.086887,4.979903,0.000000,0.000000,5.000000,0.108745,0
1784327640.397027,ADAPTIVE,TRACKING,261,15.003231,49.186444,0.062228,0.086887,4.979903,0.000000,0.000000,5.000000,0.108745,0
1784327640.422014,ADAPTIVE,TRACKING,261,14.997801,24.901397,0.061121,0.084388,4.976303,0.000000,0.000000,5.000000,0.106858,0
1784327640.447024,ADAPTIVE,TRACKING,261,14.859998,24.771799,0.060321,0.081046,4.975148,0.000000,0.000000,5.000000,0.104042,0
1784327640.472003,ADAPTIVE,TRACKING,261,15.157582,24.387602,0.059172,0.077413,4.974501,0.000000,0.000000,5.000000,0.100719,0
1784327640.497025,ADAPTIVE,TRACKING,260,14.864568,49.119832,0.059172,0.077413,4.974501,0.000000,0.000000,5.000000,0.100719,0
1784327640.522074,ADAPTIVE,TRACKING,261,14.941880,25.056979,0.057701,0.073492,4.974092,0.000000,0.000000,5.000000,0.096963,0
1784327640.547095,ADAPTIVE,TRACKING,260,14.856568,24.865649,0.057069,0.069858,4.973673,0.000000,0.000000,5.000000,0.093968,0
1784327640.572083,ADAPTIVE,TRACKING,262,15.017691,24.388169,0.056535,0.066098,4.973022,0.000000,0.000000,5.000000,0.091065,0
1784327640.597103,ADAPTIVE,TRACKING,262,14.974933,49.367188,0.056535,0.066098,4.973022,0.000000,0.000000,5.000000,0.091065,0
1784327640.622078,ADAPTIVE,TRACKING,262,15.006666,24.904939,0.055499,0.061039,4.972395,0.000000,0.000000,5.000000,0.086994,0
1784327640.647102,ADAPTIVE,TRACKING,262,14.974320,24.922953,0.054460,0.056812,4.972175,0.000000,0.000000,5.000000,0.083474,0
1784327640.672014,ADAPTIVE,TRACKING,262,15.010212,24.373185,0.052997,0.048308,4.972483,0.000000,0.000000,5.000000,0.076808,0
1784327640.697089,ADAPTIVE,TRACKING,262,15.026081,49.466429,0.052997,0.048308,4.972483,0.000000,0.000000,5.000000,0.076808,0
1784327640.722066,ADAPTIVE,TRACKING,261,14.898216,24.777773,0.051397,0.040058,4.973319,0.000000,0.000000,5.000000,0.070415,0
1784327640.747087,ADAPTIVE,TRACKING,262,14.926158,24.986504,0.049658,0.032006,4.974000,0.000000,0.000000,5.000000,0.064547,0
1784327640.772073,ADAPTIVE,TRACKING,262,15.038261,24.267243,0.047716,0.024130,4.975416,0.000000,0.000000,5.000000,0.058851,0
1784327640.797087,ADAPTIVE,TRACKING,262,14.978811,49.223008,0.047716,0.024130,4.975416,0.000000,0.000000,5.000000,0.058851,0
1784327640.822006,ADAPTIVE,TRACKING,262,14.987546,24.856179,0.044474,0.012563,4.980219,0.000000,0.000000,5.000000,0.050270,0
1784327640.847080,ADAPTIVE,TRACKING,261,14.938664,24.955716,0.041699,0.003710,4.984088,0.000000,0.000000,5.000000,0.044786,0
1784327640.872093,ADAPTIVE,TRACKING,262,15.038303,24.233986,0.038809,-0.004780,4.987828,0.000000,0.000000,5.000000,0.040953,0
1784327640.897094,ADAPTIVE,TRACKING,261,15.113684,49.314648,0.038809,-0.004780,4.987828,0.000000,0.000000,5.000000,0.040953,0
1784327640.922101,ADAPTIVE,TRACKING,260,14.912243,24.709328,0.035643,-0.014722,4.990921,0.000000,0.000000,5.000000,0.039618,0
1784327640.947019,ADAPTIVE,TRACKING,260,14.873541,24.743908,0.032274,-0.025867,4.993268,0.000000,0.000000,5.000000,0.041905,0
1784327640.972088,ADAPTIVE,TRACKING,260,14.888124,24.199218,0.028836,-0.036200,4.995952,0.000000,0.000000,5.000000,0.046458,0
1784327640.997086,ADAPTIVE,TRACKING,261,14.971900,49.282350,0.028836,-0.036200,4.995952,0.000000,0.000000,5.000000,0.046458,0
1784327641.022073,ADAPTIVE,TRACKING,261,14.946907,24.896969,0.024428,-0.047987,4.999636,0.000000,0.000000,5.000000,0.053848,0
1784327641.047123,ADAPTIVE,TRACKING,261,14.909607,24.948345,0.021145,-0.059412,5.002820,0.000000,0.000000,5.000000,0.063126,0
1784327641.072077,ADAPTIVE,TRACKING,261,14.917584,24.222671,0.017966,-0.070792,5.005514,0.000000,0.000000,5.000000,0.073244,0
1784327641.097107,ADAPTIVE,TRACKING,262,14.952258,49.291701,0.017966,-0.070792,5.005514,0.000000,0.000000,5.000000,0.073244,0
1784327641.122078,ADAPTIVE,TRACKING,262,15.034145,24.983103,0.014796,-0.081222,5.008055,0.000000,0.000000,5.000000,0.082950,0
1784327641.147080,ADAPTIVE,TRACKING,262,14.969465,24.867767,0.011686,-0.090819,5.010570,0.000000,0.000000,5.000000,0.092176,0
1784327641.172072,ADAPTIVE,TRACKING,262,14.959571,24.316642,0.007233,-0.097173,5.015873,0.000000,0.000000,5.000000,0.098726,0
1784327641.197074,ADAPTIVE,TRACKING,262,14.993198,49.354876,0.007233,-0.097173,5.015873,0.000000,0.000000,5.000000,0.098726,0
1784327641.222007,ADAPTIVE,TRACKING,262,15.014108,24.860655,0.002015,-0.104292,5.021268,0.000000,0.000000,5.000000,0.106458,0
1784327641.247093,ADAPTIVE,TRACKING,262,14.945439,24.941351,-0.001910,-0.109329,5.024913,0.000000,0.000000,5.000000,0.112148,0
1784327641.272011,ADAPTIVE,TRACKING,262,14.975608,24.238398,-0.005557,-0.114045,5.028346,0.000000,0.000000,5.000000,0.117646,0
1784327641.297088,ADAPTIVE,TRACKING,262,15.127538,49.470723,-0.005557,-0.114045,5.028346,0.000000,0.000000,5.000000,0.117646,0
1784327641.322077,ADAPTIVE,TRACKING,261,15.023937,24.815944,-0.008845,-0.119028,5.031471,0.000000,0.000000,5.000000,0.123436,0
1784327641.347092,ADAPTIVE,TRACKING,260,14.852398,24.782793,-0.012121,-0.123253,5.033458,0.000000,0.000000,5.000000,0.128288,0
1784327641.372084,ADAPTIVE,TRACKING,260,14.909693,24.127182,-0.015348,-0.126776,5.034268,0.000000,0.000000,5.000000,0.132219,0
1784327641.397082,ADAPTIVE,TRACKING,261,15.044701,49.261187,-0.015348,-0.126776,5.034268,0.000000,0.000000,5.000000,0.132219,0
1784327641.422085,ADAPTIVE,TRACKING,261,15.066657,24.944480,-0.020080,-0.131833,5.032328,0.000000,0.000000,5.000000,0.137217,0
1784327641.447085,ADAPTIVE,TRACKING,260,14.818762,24.645926,-0.024597,-0.136885,5.028855,0.000000,0.000000,5.000000,0.142039,0
1784327641.472011,ADAPTIVE,TRACKING,261,14.988967,24.168035,-0.028894,-0.141062,5.025188,0.000000,0.000000,5.000000,0.146178,0
1784327641.497087,ADAPTIVE,TRACKING,261,15.373107,49.631725,-0.028894,-0.141062,5.025188,0.000000,0.000000,5.000000,0.146178,0
1784327641.522079,ADAPTIVE,TRACKING,259,14.828969,24.379503,-0.032977,-0.144329,5.021918,0.000000,0.000000,5.000000,0.149662,0
1784327641.547099,ADAPTIVE,TRACKING,259,14.785375,24.911884,-0.036714,-0.145143,5.019819,0.000000,0.000000,5.000000,0.151020,0
1784327641.572011,ADAPTIVE,TRACKING,259,14.826390,24.196985,-0.040196,-0.144800,5.017302,0.000000,0.000000,5.000000,0.151268,0
1784327641.597012,ADAPTIVE,TRACKING,262,14.935012,49.308901,-0.040196,-0.144800,5.017302,0.000000,0.000000,5.000000,0.151268,0
1784327641.621969,ADAPTIVE,TRACKING,262,14.998686,24.954183,-0.044373,-0.143424,5.013017,0.000000,0.000000,5.000000,0.150694,0
1784327641.647006,ADAPTIVE,TRACKING,262,14.971577,24.944817,-0.047422,-0.141574,5.010242,0.000000,0.000000,5.000000,0.149656,0
1784327641.672011,ADAPTIVE,TRACKING,262,14.943407,24.253234,-0.051744,-0.140130,5.007858,0.000000,0.000000,5.000000,0.149585,0
1784327641.697023,ADAPTIVE,TRACKING,262,14.984687,49.307448,-0.051744,-0.140130,5.007858,0.000000,0.000000,5.000000,0.149585,0
1784327641.722008,ADAPTIVE,TRACKING,262,15.028057,24.961116,-0.055586,-0.137982,5.006455,0.000000,0.000000,5.000000,0.148898,0
1784327641.746976,ADAPTIVE,TRACKING,262,14.973874,24.842524,-0.059001,-0.135153,5.006051,0.000000,0.000000,5.000000,0.147594,0
1784327641.772009,ADAPTIVE,TRACKING,262,15.005114,24.280672,-0.062048,-0.131727,5.006190,0.000000,0.000000,5.000000,0.145741,0
1784327641.797026,ADAPTIVE,TRACKING,261,14.998392,49.294988,-0.062048,-0.131727,5.006190,0.000000,0.000000,5.000000,0.145741,0
1784327641.822015,ADAPTIVE,TRACKING,261,15.003746,24.896709,-0.064014,-0.127356,5.006693,0.000000,0.000000,5.000000,0.142696,0
1784327641.846971,ADAPTIVE,TRACKING,261,14.897083,24.783864,-0.065312,-0.123262,5.006952,0.000000,0.000000,5.000000,0.139669,0
1784327641.872015,ADAPTIVE,TRACKING,261,14.969748,24.301532,-0.066261,-0.118651,5.006466,0.000000,0.000000,5.000000,0.136053,0
1784327641.897006,ADAPTIVE,TRACKING,261,16.109574,50.434654,-0.066261,-0.118651,5.006466,0.000000,0.000000,5.000000,0.136053,0
1784327641.922044,ADAPTIVE,TRACKING,255,14.546574,23.346329,-0.066710,-0.114262,5.005866,0.000000,0.000000,5.000000,0.132440,0
1784327641.947023,ADAPTIVE,TRACKING,255,14.583286,24.895050,-0.066744,-0.110033,5.004608,0.000000,0.000000,5.000000,0.128776,0
1784327641.972106,ADAPTIVE,TRACKING,255,14.620532,23.937831,-0.066436,-0.105211,5.003302,0.000000,0.000000,5.000000,0.124475,0
1784327641.997093,ADAPTIVE,TRACKING,262,15.033535,49.336131,-0.066436,-0.105211,5.003302,0.000000,0.000000,5.000000,0.124475,0
1784327642.022068,ADAPTIVE,TRACKING,261,14.948664,24.823312,-0.065571,-0.098441,5.001540,0.000000,0.000000,5.000000,0.118290,0
1784327642.047072,ADAPTIVE,TRACKING,261,14.879354,24.867179,-0.065080,-0.093799,5.002505,0.000000,0.000000,5.000000,0.114193,0
1784327642.072077,ADAPTIVE,TRACKING,262,14.938378,24.155981,-0.064434,-0.089106,5.003458,0.000000,0.000000,5.000000,0.110016,0
1784327642.097113,ADAPTIVE,TRACKING,262,14.980852,49.237295,-0.064434,-0.089106,5.003458,0.000000,0.000000,5.000000,0.110016,0
1784327642.121972,ADAPTIVE,TRACKING,262,14.996059,24.762784,-0.063438,-0.084064,5.003933,0.000000,0.000000,5.000000,0.105388,0
1784327642.147013,ADAPTIVE,TRACKING,262,14.942298,24.904396,-0.062080,-0.078717,5.004213,0.000000,0.000000,5.000000,0.100339,0
1784327642.172077,ADAPTIVE,TRACKING,262,14.934969,24.323972,-0.058818,-0.073889,5.005192,0.000000,0.000000,5.000000,0.094583,0
1784327642.197096,ADAPTIVE,TRACKING,262,15.105483,49.515241,-0.058818,-0.073889,5.005192,0.000000,0.000000,5.000000,0.094583,0
1784327642.222079,ADAPTIVE,TRACKING,262,15.297519,25.103479,-0.054447,-0.067572,5.006596,0.000000,0.000000,5.000000,0.087029,0
1784327642.247013,ADAPTIVE,TRACKING,260,15.008037,24.583953,-0.050736,-0.062283,5.007211,0.000000,0.000000,5.000000,0.080656,0
1784327642.272017,ADAPTIVE,TRACKING,258,14.726097,23.898230,-0.046883,-0.057337,5.007638,0.000000,0.000000,5.000000,0.074457,0
1784327642.297015,ADAPTIVE,TRACKING,259,14.821608,48.993846,-0.046883,-0.057337,5.007638,0.000000,0.000000,5.000000,0.074457,0
1784327642.322009,ADAPTIVE,TRACKING,261,14.899539,25.006604,-0.042998,-0.053698,5.008968,0.000000,0.000000,5.000000,0.069374,0
1784327642.347014,ADAPTIVE,TRACKING,262,14.929591,24.977144,-0.038992,-0.049763,5.010366,0.000000,0.000000,5.000000,0.064064,0
1784327642.372010,ADAPTIVE,TRACKING,262,14.956827,24.174874,-0.034896,-0.045570,5.011588,0.000000,0.000000,5.000000,0.058555,0
1784327642.397014,ADAPTIVE,TRACKING,262,15.194635,49.420331,-0.034896,-0.045570,5.011588,0.000000,0.000000,5.000000,0.058555,0
1784327642.421982,ADAPTIVE,TRACKING,261,24.429795,34.120997,-0.029576,-0.040973,5.014354,0.000000,0.000000,5.000000,0.052532,0
1784327642.446977,ADAPTIVE,TRACKING,215,19.831032,20.237881,-0.025209,-0.038106,5.017811,0.000000,0.000000,5.000000,0.049039,0
1784327642.472015,ADAPTIVE,TRACKING,184,10.510915,15.590945,-0.020871,-0.034877,5.021019,0.000000,0.000000,5.000000,0.045758,0
1784327642.497025,ADAPTIVE,TRACKING,185,10.980888,41.068588,-0.020871,-0.034877,5.021019,0.000000,0.000000,5.000000,0.045758,0
1784327642.521984,ADAPTIVE,TRACKING,215,14.361798,28.268262,-0.016607,-0.031319,5.024013,0.000000,0.000000,5.000000,0.042817,0
1784327642.546975,ADAPTIVE,TRACKING,245,14.769051,25.314523,-0.012645,-0.027698,5.026557,0.000000,0.000000,5.000000,0.040402,0
1784327642.572011,ADAPTIVE,TRACKING,241,13.959841,23.148802,-0.008863,-0.023879,5.029002,0.000000,0.000000,5.000000,0.038599,0
1784327642.597027,ADAPTIVE,TRACKING,243,14.083608,48.291064,-0.008863,-0.023879,5.029002,0.000000,0.000000,5.000000,0.038599,0
1784327642.622013,ADAPTIVE,TRACKING,255,14.750320,25.582215,-0.004213,-0.018761,5.030925,0.000000,0.000000,5.000000,0.036415,0
1784327642.647030,ADAPTIVE,TRACKING,259,14.812272,25.013571,-0.000589,-0.014476,5.032155,0.000000,0.000000,5.000000,0.035268,0
1784327642.672012,ADAPTIVE,TRACKING,260,14.820730,24.159749,0.004644,-0.010064,5.030449,0.000000,0.000000,5.000000,0.032404,0
1784327642.697021,ADAPTIVE,TRACKING,261,14.915943,49.264980,0.004644,-0.010064,5.030449,0.000000,0.000000,5.000000,0.032404,0
1784327642.721973,ADAPTIVE,TRACKING,262,15.099524,25.070780,0.009641,-0.005578,5.027814,0.000000,0.000000,5.000000,0.029961,0
1784327642.746977,ADAPTIVE,TRACKING,261,14.994736,24.829881,0.014388,-0.001049,5.024635,0.000000,0.000000,5.000000,0.028548,0
1784327642.772010,ADAPTIVE,TRACKING,261,14.986678,24.116322,0.018843,0.003463,5.021872,0.000000,0.000000,5.000000,0.029077,0
1784327642.797028,ADAPTIVE,TRACKING,260,14.921563,49.070344,0.018843,0.003463,5.021872,0.000000,0.000000,5.000000,0.029077,0
1784327642.822014,ADAPTIVE,TRACKING,261,14.816480,24.810521,0.023714,0.006798,5.015077,0.000000,0.000000,5.000000,0.028911,0
1784327642.847001,ADAPTIVE,TRACKING,262,14.931785,25.039787,0.027351,0.009474,5.009143,0.000000,0.000000,5.000000,0.030355,0
1784327642.872025,ADAPTIVE,TRACKING,262,15.014627,24.216220,0.030776,0.012120,5.002967,0.000000,0.000000,5.000000,0.033209,0
1784327642.897040,ADAPTIVE,TRACKING,263,15.011067,49.225210,0.030776,0.012120,5.002967,0.000000,0.000000,5.000000,0.033209,0
1784327642.922091,ADAPTIVE,TRACKING,262,15.011418,24.969821,0.033482,0.013157,4.998616,0.000000,0.000000,5.000000,0.036001,0
1784327642.947091,ADAPTIVE,TRACKING,262,14.932100,24.811967,0.035543,0.012844,4.995939,0.000000,0.000000,5.000000,0.038010,0
1784327642.972071,ADAPTIVE,TRACKING,262,14.982068,24.313296,0.037409,0.012690,4.993264,0.000000,0.000000,5.000000,0.040073,0
1784327642.997108,ADAPTIVE,TRACKING,262,14.984694,49.353543,0.037409,0.012690,4.993264,0.000000,0.000000,5.000000,0.040073,0
1784327643.022089,ADAPTIVE,TRACKING,262,15.196606,25.114490,0.039478,0.012775,4.990072,0.000000,0.000000,5.000000,0.042665,0
1784327643.047117,ADAPTIVE,TRACKING,261,14.918876,24.683424,0.040947,0.011826,4.988384,0.000000,0.000000,5.000000,0.044175,0
1784327643.072076,ADAPTIVE,TRACKING,261,14.863629,24.128545,0.042219,0.010727,4.986709,0.000000,0.000000,5.000000,0.045543,0
1784327643.096975,ADAPTIVE,TRACKING,261,14.963175,49.129153,0.042219,0.010727,4.986709,0.000000,0.000000,5.000000,0.045543,0
1784327643.122072,ADAPTIVE,TRACKING,262,14.986670,25.048716,0.043317,0.009885,4.985197,0.000000,0.000000,5.000000,0.046832,0
1784327643.147008,ADAPTIVE,TRACKING,262,15.004782,24.876242,0.044237,0.009307,4.984929,0.000000,0.000000,5.000000,0.047652,0
1784327643.172029,ADAPTIVE,TRACKING,261,14.922167,24.153173,0.046362,0.007480,4.987191,0.000000,0.000000,5.000000,0.048677,0
1784327643.197026,ADAPTIVE,TRACKING,262,15.014923,49.247310,0.046362,0.007480,4.987191,0.000000,0.000000,5.000000,0.048677,0
1784327643.222012,ADAPTIVE,TRACKING,262,14.959384,24.865180,0.048502,0.005731,4.989769,0.000000,0.000000,5.000000,0.049900,0
1784327643.246985,ADAPTIVE,TRACKING,262,14.947378,24.914367,0.049809,0.004663,4.992103,0.000000,0.000000,5.000000,0.050646,0
1784327643.272094,ADAPTIVE,TRACKING,262,14.966697,24.349608,0.050345,0.003791,4.994134,0.000000,0.000000,5.000000,0.050827,0
1784327643.297101,ADAPTIVE,TRACKING,262,14.985827,49.377368,0.050345,0.003791,4.994134,0.000000,0.000000,5.000000,0.050827,0
1784327643.322082,ADAPTIVE,TRACKING,262,14.948196,24.877604,0.049239,0.002949,4.996181,0.000000,0.000000,5.000000,0.049474,0
1784327643.347010,ADAPTIVE,TRACKING,262,14.938427,24.855380,0.048055,0.002351,4.997738,0.000000,0.000000,5.000000,0.048166,0
1784327643.372006,ADAPTIVE,TRACKING,262,15.016216,24.288512,0.046842,0.001933,4.998233,0.000000,0.000000,5.000000,0.046915,0
1784327643.397035,ADAPTIVE,TRACKING,262,15.097225,49.399061,0.046842,0.001933,4.998233,0.000000,0.000000,5.000000,0.046915,0
1784327643.422036,ADAPTIVE,TRACKING,261,15.620381,25.445865,0.045174,0.000848,5.000527,0.000000,0.000000,5.000000,0.045185,0
1784327643.447031,ADAPTIVE,TRACKING,257,14.640957,23.888146,0.043668,-0.000776,5.003400,0.000000,0.000000,5.000000,0.043807,0
1784327643.472011,ADAPTIVE,TRACKING,257,14.700441,23.953954,0.042166,-0.002213,5.005694,0.000000,0.000000,5.000000,0.042606,0
1784327643.497026,ADAPTIVE,TRACKING,258,14.793564,49.062971,0.042166,-0.002213,5.005694,0.000000,0.000000,5.000000,0.042606,0
1784327643.522011,ADAPTIVE,TRACKING,262,14.985557,25.112415,0.040688,-0.003493,5.007321,0.000000,0.000000,5.000000,0.041489,0
1784327643.546978,ADAPTIVE,TRACKING,262,14.953892,24.872815,0.039175,-0.005446,5.010041,0.000000,0.000000,5.000000,0.040807,0
1784327643.572014,ADAPTIVE,TRACKING,262,15.004133,24.224638,0.037662,-0.007398,5.012926,0.000000,0.000000,5.000000,0.040500,0
1784327643.597028,ADAPTIVE,TRACKING,262,15.851480,50.088821,0.037662,-0.007398,5.012926,0.000000,0.000000,5.000000,0.040500,0
1784327643.622020,ADAPTIVE,TRACKING,257,14.708575,23.740221,0.035740,-0.009471,5.016406,0.000000,0.000000,5.000000,0.040450,0
1784327643.647026,ADAPTIVE,TRACKING,257,14.750434,24.975652,0.034238,-0.010893,5.017847,0.000000,0.000000,5.000000,0.040117,0
1784327643.672012,ADAPTIVE,TRACKING,256,14.640035,23.915375,0.029171,-0.012016,5.019492,0.000000,0.000000,5.000000,0.037084,0
1784327643.697031,ADAPTIVE,TRACKING,261,14.936107,49.232943,0.029171,-0.012016,5.019492,0.000000,0.000000,5.000000,0.037084,0
1784327643.722072,ADAPTIVE,TRACKING,261,14.904804,24.938760,0.024437,-0.013006,5.021643,0.000000,0.000000,5.000000,0.035139,0
1784327643.747015,ADAPTIVE,TRACKING,262,14.961708,24.939373,0.020022,-0.013786,5.023489,0.000000,0.000000,5.000000,0.033804,0
1784327643.772013,ADAPTIVE,TRACKING,262,14.977980,24.121833,0.015819,-0.014333,5.025254,0.000000,0.000000,5.000000,0.033067,0
1784327643.797025,ADAPTIVE,TRACKING,262,15.009269,49.168012,0.015819,-0.014333,5.025254,0.000000,0.000000,5.000000,0.033067,0
1784327643.822016,ADAPTIVE,TRACKING,262,15.015661,24.922615,0.008939,-0.014758,5.026975,0.000000,0.000000,5.000000,0.032021,0
1784327643.847011,ADAPTIVE,TRACKING,261,14.898343,24.818343,0.003649,-0.014805,5.027612,0.000000,0.000000,5.000000,0.031542,0
1784327643.871977,ADAPTIVE,TRACKING,262,14.883178,24.180878,-0.001455,-0.014628,5.026983,0.000000,0.000000,5.000000,0.030727,0
1784327643.897100,ADAPTIVE,TRACKING,262,15.017241,49.439831,-0.001455,-0.014628,5.026983,0.000000,0.000000,5.000000,0.030727,0
1784327643.922033,ADAPTIVE,TRACKING,262,15.062361,24.893897,-0.005922,-0.015854,5.028760,0.000000,0.000000,5.000000,0.033371,0
1784327643.947111,ADAPTIVE,TRACKING,262,15.058588,24.959845,-0.009778,-0.018297,5.032904,0.000000,0.000000,5.000000,0.038898,0
1784327643.972089,ADAPTIVE,TRACKING,261,14.951625,24.295646,-0.013421,-0.020318,5.036062,0.000000,0.000000,5.000000,0.043514,0
1784327643.997096,ADAPTIVE,TRACKING,261,14.962093,49.315326,-0.013421,-0.020318,5.036062,0.000000,0.000000,5.000000,0.043514,0
1784327644.022079,ADAPTIVE,TRACKING,261,14.964897,24.922822,-0.017683,-0.022278,5.038897,0.000000,0.000000,5.000000,0.048187,0
1784327644.047102,ADAPTIVE,TRACKING,261,14.930232,24.924410,-0.020001,-0.022481,5.040108,0.000000,0.000000,5.000000,0.050141,0
1784327644.072017,ADAPTIVE,TRACKING,261,14.868859,24.171569,-0.021899,-0.022189,5.040440,0.000000,0.000000,5.000000,0.051062,0
1784327644.097095,ADAPTIVE,TRACKING,262,15.015805,49.401332,-0.021899,-0.022189,5.040440,0.000000,0.000000,5.000000,0.051062,0
1784327644.122085,ADAPTIVE,TRACKING,262,14.913717,24.819681,-0.023661,-0.021758,5.039797,0.000000,0.000000,5.000000,0.051157,0
1784327644.146977,ADAPTIVE,TRACKING,262,14.904200,24.821432,-0.025294,-0.021208,5.038359,0.000000,0.000000,5.000000,0.050606,0
1784327644.171976,ADAPTIVE,TRACKING,262,14.937253,24.221096,-0.026109,-0.020046,5.035218,0.000000,0.000000,5.000000,0.048207,0
1784327644.196979,ADAPTIVE,TRACKING,263,15.095422,49.385645,-0.026109,-0.020046,5.035218,0.000000,0.000000,5.000000,0.048207,0
1784327644.222013,ADAPTIVE,TRACKING,262,15.038373,24.894796,-0.027018,-0.018644,5.031490,0.000000,0.000000,5.000000,0.045489,0
1784327644.247015,ADAPTIVE,TRACKING,261,14.904113,24.805496,-0.027669,-0.017443,5.028762,0.000000,0.000000,5.000000,0.043555,0
1784327644.272015,ADAPTIVE,TRACKING,261,14.894411,24.050478,-0.027957,-0.016455,5.026587,0.000000,0.000000,5.000000,0.041944,0
1784327644.297034,ADAPTIVE,TRACKING,262,14.952217,49.126652,-0.027957,-0.016455,5.026587,0.000000,0.000000,5.000000,0.041944,0
1784327644.322017,ADAPTIVE,TRACKING,262,15.010360,24.973574,-0.027448,-0.016351,5.024372,0.000000,0.000000,5.000000,0.040184,0
1784327644.347026,ADAPTIVE,TRACKING,262,14.871277,24.808989,-0.026907,-0.016037,5.020869,0.000000,0.000000,5.000000,0.037639,0
1784327644.371984,ADAPTIVE,TRACKING,262,24.736647,33.917926,-0.026347,-0.015448,5.017896,0.000000,0.000000,5.000000,0.035398,0
1784327644.396977,ADAPTIVE,TRACKING,215,20.226063,54.398975,-0.026347,-0.015448,5.017896,0.000000,0.000000,5.000000,0.035398,0
1784327644.421989,ADAPTIVE,TRACKING,183,17.842471,22.489066,-0.024713,-0.014102,5.014831,0.000000,0.000000,5.000000,0.032086,0
1784327644.446989,ADAPTIVE,TRACKING,157,14.728019,21.739216,-0.022332,-0.012504,5.012794,0.000000,0.000000,5.000000,0.028614,0
1784327644.471989,ADAPTIVE,TRACKING,157,15.022256,24.272533,-0.019971,-0.010881,5.011383,0.000000,0.000000,5.000000,0.025433,0
1784327644.496985,ADAPTIVE,TRACKING,156,15.435028,49.681032,-0.019971,-0.010881,5.011383,0.000000,0.000000,5.000000,0.025433,0
1784327644.522315,ADAPTIVE,TRACKING,156,16.671878,26.453721,-0.017558,-0.009269,5.010086,0.000000,0.000000,5.000000,0.022269,0
1784327644.548301,ADAPTIVE,TRACKING,149,16.058912,25.271793,-0.016604,-0.007971,5.009044,0.000000,0.000000,5.000000,0.020519,0
1784327644.571969,ADAPTIVE,TRACKING,143,14.500467,22.061496,-0.015871,-0.006768,5.009060,0.000000,0.000000,5.000000,0.019488,0
1784327644.596970,ADAPTIVE,TRACKING,142,15.428491,47.990237,-0.015871,-0.006768,5.009060,0.000000,0.000000,5.000000,0.019488,0
1784327644.621967,ADAPTIVE,TRACKING,141,16.327581,24.972024,-0.014575,-0.005231,5.010759,0.000000,0.000000,5.000000,0.018856,0
1784327644.646969,ADAPTIVE,TRACKING,138,12.075495,20.709677,-0.013388,-0.004098,5.011709,0.000000,0.000000,5.000000,0.018252,0
1784327644.671968,ADAPTIVE,TRACKING,144,15.561119,24.804970,-0.013777,-0.000566,5.014443,0.000000,0.000000,5.000000,0.019968,0
1784327644.696968,ADAPTIVE,TRACKING,144,13.550175,47.793757,-0.013777,-0.000566,5.014443,0.000000,0.000000,5.000000,0.019968,0
1784327644.721969,ADAPTIVE,TRACKING,155,15.538577,26.957565,-0.013939,0.002599,5.016724,0.000000,0.000000,5.000000,0.021926,0
1784327644.747300,ADAPTIVE,TRACKING,148,15.973344,25.726925,-0.013886,0.005477,5.018085,0.000000,0.000000,5.000000,0.023449,0
1784327644.771967,ADAPTIVE,TRACKING,148,16.981231,25.634683,-0.013570,0.008155,5.018833,0.000000,0.000000,5.000000,0.024603,0
1784327644.796968,ADAPTIVE,TRACKING,139,12.233208,45.888232,-0.013570,0.008155,5.018833,0.000000,0.000000,5.000000,0.024603,0
1784327644.821968,ADAPTIVE,TRACKING,144,14.658072,27.378232,-0.013257,0.009856,5.018018,0.000000,0.000000,5.000000,0.024444,0
1784327644.846967,ADAPTIVE,TRACKING,147,15.891234,25.533805,-0.012838,0.011138,5.015865,0.000000,0.000000,5.000000,0.023250,0
1784327644.871967,ADAPTIVE,TRACKING,151,14.319671,23.401062,-0.012230,0.012310,5.013734,0.000000,0.000000,5.000000,0.022130,0
1784327644.896968,ADAPTIVE,TRACKING,147,17.597993,51.680293,-0.012230,0.012310,5.013734,0.000000,0.000000,5.000000,0.022130,0
1784327644.921968,ADAPTIVE,TRACKING,139,12.259387,19.612468,-0.011539,0.013315,5.011797,0.000000,0.000000,5.000000,0.021204,0
1784327644.946967,ADAPTIVE,TRACKING,148,15.989454,28.684960,-0.010888,0.014221,5.008971,0.000000,0.000000,5.000000,0.020032,0
1784327644.971967,ADAPTIVE,TRACKING,142,13.500126,22.482913,-0.010371,0.015008,5.006719,0.000000,0.000000,5.000000,0.019441,0
1784327644.996968,ADAPTIVE,TRACKING,154,18.270515,52.253700,-0.010371,0.015008,5.006719,0.000000,0.000000,5.000000,0.019441,0
1784327645.021968,ADAPTIVE,TRACKING,139,12.191730,18.889690,-0.009871,0.015786,5.004284,0.000000,0.000000,5.000000,0.019105,0
1784327645.046968,ADAPTIVE,TRACKING,149,16.067642,28.851736,-0.009960,0.017537,5.002397,0.000000,0.000000,5.000000,0.020310,0
1784327645.071968,ADAPTIVE,TRACKING,143,13.573754,22.231537,-0.010161,0.019455,5.001077,0.000000,0.000000,5.000000,0.021975,0
1784327645.096969,ADAPTIVE,TRACKING,154,15.522875,49.181742,-0.010161,0.019455,5.001077,0.000000,0.000000,5.000000,0.021975,0
1784327645.121968,ADAPTIVE,TRACKING,148,15.311621,24.760788,-0.010194,0.021200,4.999735,0.000000,0.000000,5.000000,0.023525,0
1784327645.146968,ADAPTIVE,TRACKING,150,15.196697,24.851748,-0.009824,0.022927,4.998994,0.000000,0.000000,5.000000,0.024963,0
1784327645.171968,ADAPTIVE,TRACKING,147,12.929772,19.587773,-0.012078,0.024735,5.002291,0.000000,0.000000,5.000000,0.027622,0
1784327645.196968,ADAPTIVE,TRACKING,153,16.502436,48.160427,-0.012078,0.024735,5.002291,0.000000,0.000000,5.000000,0.027622,0
1784327645.223306,ADAPTIVE,TRACKING,151,19.296632,29.104965,-0.014287,0.027030,5.006136,0.000000,0.000000,5.000000,0.031183,0
1784327645.246969,ADAPTIVE,TRACKING,139,15.199772,19.515132,-0.015756,0.028946,5.009269,0.000000,0.000000,5.000000,0.034235,0
1784327645.271968,ADAPTIVE,TRACKING,130,14.455107,21.081071,-0.017175,0.030554,5.012980,0.000000,0.000000,5.000000,0.037377,0
1784327645.296968,ADAPTIVE,TRACKING,129,15.347919,46.973659,-0.017175,0.030554,5.012980,0.000000,0.000000,5.000000,0.037377,0
1784327645.321968,ADAPTIVE,TRACKING,132,11.627550,21.250054,-0.018820,0.031267,5.016646,0.000000,0.000000,5.000000,0.040111,0
1784327645.346968,ADAPTIVE,TRACKING,141,17.423597,30.768928,-0.020233,0.031859,5.019007,0.000000,0.000000,5.000000,0.042257,0
1784327645.371969,ADAPTIVE,TRACKING,136,16.682883,24.232816,-0.021460,0.032253,5.020614,0.000000,0.000000,5.000000,0.043883,0
1784327645.396969,ADAPTIVE,TRACKING,134,13.791938,46.343406,-0.021460,0.032253,5.020614,0.000000,0.000000,5.000000,0.043883,0
1784327645.421971,ADAPTIVE,TRACKING,128,16.243503,27.409648,-0.023084,0.031759,5.021843,0.000000,0.000000,5.000000,0.044930,0
1784327645.446970,ADAPTIVE,TRACKING,127,11.186269,19.871919,-0.024589,0.030298,5.021975,0.000000,0.000000,5.000000,0.044782,0
1784327645.471968,ADAPTIVE,TRACKING,141,15.350252,24.632671,-0.025846,0.028578,5.021724,0.000000,0.000000,5.000000,0.044234,0
1784327645.496968,ADAPTIVE,TRACKING,138,14.137264,48.419771,-0.025846,0.028578,5.021724,0.000000,0.000000,5.000000,0.044234,0
1784327645.521968,ADAPTIVE,TRACKING,150,17.182553,26.836715,-0.026906,0.026745,5.021055,0.000000,0.000000,5.000000,0.043388,0
1784327645.546968,ADAPTIVE,TRACKING,138,16.116573,23.902597,-0.027502,0.022819,5.020637,0.000000,0.000000,5.000000,0.041267,0
1784327645.571969,ADAPTIVE,TRACKING,134,12.803839,21.462561,-0.027765,0.018420,5.019880,0.000000,0.000000,5.000000,0.038800,0
1784327645.596969,ADAPTIVE,TRACKING,137,16.068053,49.727922,-0.027765,0.018420,5.019880,0.000000,0.000000,5.000000,0.038800,0
1784327645.621969,ADAPTIVE,TRACKING,136,15.953756,24.852493,-0.027670,0.013254,5.018919,0.000000,0.000000,5.000000,0.036044,0
1784327645.646969,ADAPTIVE,TRACKING,136,18.430856,27.434237,-0.027201,0.009500,5.017794,0.000000,0.000000,5.000000,0.033864,0
1784327645.674299,ADAPTIVE,TRACKING,121,17.641385,26.509173,-0.026914,0.007440,5.015251,0.000000,0.000000,5.000000,0.031817,0
1784327645.696969,ADAPTIVE,TRACKING,112,14.923312,46.461027,-0.026914,0.007440,5.015251,0.000000,0.000000,5.000000,0.031817,0
1784327645.721969,ADAPTIVE,TRACKING,108,12.230419,22.275739,-0.026286,0.005617,5.012381,0.000000,0.000000,5.000000,0.029593,0
1784327645.746969,ADAPTIVE,TRACKING,114,13.020259,25.760314,-0.025342,0.003915,5.009244,0.000000,0.000000,5.000000,0.027258,0
1784327645.771969,ADAPTIVE,TRACKING,124,12.707051,21.932096,-0.024061,0.002383,5.006145,0.000000,0.000000,5.000000,0.024947,0
1784327645.796971,ADAPTIVE,TRACKING,136,15.019905,49.248551,-0.024061,0.002383,5.006145,0.000000,0.000000,5.000000,0.024947,0
1784327645.821969,ADAPTIVE,TRACKING,137,15.075818,25.010048,-0.022255,0.000342,5.005359,0.000000,0.000000,5.000000,0.022893,0
1784327645.846969,ADAPTIVE,TRACKING,139,12.270004,18.924343,-0.020702,-0.000998,5.004806,0.000000,0.000000,5.000000,0.021276,0
1784327645.871969,ADAPTIVE,TRACKING,145,18.771446,28.006392,-0.019104,-0.002093,5.003957,0.000000,0.000000,5.000000,0.019622,0
1784327645.896970,ADAPTIVE,TRACKING,137,13.102280,47.338299,-0.019104,-0.002093,5.003957,0.000000,0.000000,5.000000,0.019622,0
1784327645.925300,ADAPTIVE,TRACKING,143,14.591585,29.770405,-0.016788,-0.002062,5.004413,0.000000,0.000000,5.000000,0.017480,0
1784327645.946969,ADAPTIVE,TRACKING,137,16.072670,23.009264,-0.013903,-0.001080,5.006636,0.000000,0.000000,5.000000,0.015443,0
1784327645.971969,ADAPTIVE,TRACKING,142,16.475471,25.377089,-0.011200,-0.000198,5.009579,0.000000,0.000000,5.000000,0.014739,0
1784327645.996969,ADAPTIVE,TRACKING,134,11.793119,45.694355,-0.011200,-0.000198,5.009579,0.000000,0.000000,5.000000,0.014739,0
1784327646.021971,ADAPTIVE,TRACKING,140,15.287157,28.465091,-0.007897,0.000727,5.012539,0.000000,0.000000,5.000000,0.014837,0
1784327646.046970,ADAPTIVE,TRACKING,143,18.519890,28.168301,-0.005914,0.001062,5.015328,0.000000,0.000000,5.000000,0.016464,0
1784327646.071969,ADAPTIVE,TRACKING,137,13.028521,19.481120,-0.003980,0.001268,5.017002,0.000000,0.000000,5.000000,0.017507,0
1784327646.098649,ADAPTIVE,TRACKING,134,13.798877,46.931946,-0.003980,0.001268,5.017002,0.000000,0.000000,5.000000,0.017507,0
1784327646.121969,ADAPTIVE,TRACKING,137,14.806455,24.306059,-0.001851,0.001455,5.017628,0.000000,0.000000,5.000000,0.017785,0
1784327646.146970,ADAPTIVE,TRACKING,146,12.812640,22.970771,0.000388,0.001628,5.018398,0.000000,0.000000,5.000000,0.018474,0
1784327646.171970,ADAPTIVE,TRACKING,150,13.213009,19.872466,0.003382,0.000832,5.016332,0.000000,0.000000,5.000000,0.016699,0
1784327646.196970,ADAPTIVE,TRACKING,158,17.859090,49.519434,0.003382,0.000832,5.016332,0.000000,0.000000,5.000000,0.016699,0
1784327646.221970,ADAPTIVE,TRACKING,155,16.640529,23.754055,0.006959,-0.000070,5.014049,0.000000,0.000000,5.000000,0.015678,0
1784327646.246970,ADAPTIVE,TRACKING,145,12.731671,21.056029,0.009633,-0.000673,5.012544,0.000000,0.000000,5.000000,0.015830,0
1784327646.271970,ADAPTIVE,TRACKING,146,14.058675,23.251428,0.012493,-0.002018,5.011236,0.000000,0.000000,5.000000,0.016923,0
1784327646.298298,ADAPTIVE,TRACKING,154,16.477866,51.999402,0.012493,-0.002018,5.011236,0.000000,0.000000,5.000000,0.016923,0
1784327646.321970,ADAPTIVE,TRACKING,154,16.531846,23.695356,0.016260,-0.005693,5.009578,0.000000,0.000000,5.000000,0.019711,0
1784327646.346970,ADAPTIVE,TRACKING,144,12.651414,21.088265,0.019690,-0.008955,5.007648,0.000000,0.000000,5.000000,0.022942,0
1784327646.371970,ADAPTIVE,TRACKING,148,15.015881,24.234864,0.022903,-0.011790,5.004415,0.000000,0.000000,5.000000,0.026135,0
1784327646.396971,ADAPTIVE,TRACKING,151,16.262089,50.482724,0.022903,-0.011790,5.004415,0.000000,0.000000,5.000000,0.026135,0
1784327646.421977,ADAPTIVE,TRACKING,151,17.288365,25.985589,0.026892,-0.015280,4.998346,0.000000,0.000000,5.000000,0.030974,0
1784327646.446970,ADAPTIVE,TRACKING,139,12.245857,19.885864,0.030139,-0.018176,4.991811,0.000000,0.000000,5.000000,0.036136,0
1784327646.471970,ADAPTIVE,TRACKING,145,14.745419,24.065661,0.033099,-0.020736,4.985558,0.000000,0.000000,5.000000,0.041643,0
1784327646.496970,ADAPTIVE,TRACKING,147,15.941503,50.262301,0.033099,-0.020736,4.985558,0.000000,0.000000,5.000000,0.041643,0
1784327646.521971,ADAPTIVE,TRACKING,150,13.947917,22.977584,0.035718,-0.022896,4.980849,0.000000,0.000000,5.000000,0.046549,0
1784327646.549299,ADAPTIVE,TRACKING,148,12.978554,24.962688,0.037487,-0.023837,4.974280,0.000000,0.000000,5.000000,0.051333,0
1784327646.571970,ADAPTIVE,TRACKING,155,13.648291,20.308197,0.038937,-0.024222,4.966908,0.000000,0.000000,5.000000,0.056550,0
1784327646.596972,ADAPTIVE,TRACKING,167,18.684698,50.345904,0.038937,-0.024222,4.966908,0.000000,0.000000,5.000000,0.056550,0
1784327646.621971,ADAPTIVE,TRACKING,156,14.720368,20.980346,0.040602,-0.024462,4.958555,0.000000,0.000000,5.000000,0.062965,0
1784327646.646971,ADAPTIVE,TRACKING,152,16.346394,26.592149,0.041829,-0.024497,4.954679,0.000000,0.000000,5.000000,0.066360,0
1784327646.671971,ADAPTIVE,TRACKING,143,13.599131,22.224778,0.042502,-0.022028,4.953618,0.000000,0.000000,5.000000,0.066656,0
1784327646.698651,ADAPTIVE,TRACKING,151,14.303496,49.609743,0.042502,-0.022028,4.953618,0.000000,0.000000,5.000000,0.066656,0
1784327646.721971,ADAPTIVE,TRACKING,151,17.287171,26.278445,0.043126,-0.019664,4.952532,0.000000,0.000000,5.000000,0.067080,0
1784327646.746971,ADAPTIVE,TRACKING,147,12.931257,20.608578,0.043653,-0.017377,4.952767,0.000000,0.000000,5.000000,0.066622,0
1784327646.771971,ADAPTIVE,TRACKING,151,15.281097,22.942685,0.043950,-0.015149,4.953473,0.000000,0.000000,5.000000,0.065771,0
1784327646.796972,ADAPTIVE,TRACKING,148,15.970250,48.632418,0.043950,-0.015149,4.953473,0.000000,0.000000,5.000000,0.065771,0
1784327646.821971,ADAPTIVE,TRACKING,151,13.292342,22.288851,0.044212,-0.014789,4.961456,0.000000,0.000000,5.000000,0.060490,0
1784327646.848298,ADAPTIVE,TRACKING,151,16.304745,29.301840,0.044312,-0.014323,4.967251,0.000000,0.000000,5.000000,0.056931,0
1784327646.871972,ADAPTIVE,TRACKING,148,12.991576,20.332284,0.044379,-0.013700,4.971982,0.000000,0.000000,5.000000,0.054242,0
1784327646.896971,ADAPTIVE,TRACKING,158,16.903447,49.244541,0.044379,-0.013700,4.971982,0.000000,0.000000,5.000000,0.054242,0
1784327646.921976,ADAPTIVE,TRACKING,148,15.103570,23.158560,0.044812,-0.013353,4.976802,0.000000,0.000000,5.000000,0.052197,0
1784327646.946972,ADAPTIVE,TRACKING,151,16.274098,26.126061,0.045659,-0.013210,4.981862,0.000000,0.000000,5.000000,0.050874,0
1784327646.971971,ADAPTIVE,TRACKING,142,12.522177,21.222015,0.046500,-0.012860,4.986771,0.000000,0.000000,5.000000,0.050026,0
1784327646.996972,ADAPTIVE,TRACKING,151,16.989300,50.689682,0.046500,-0.012860,4.986771,0.000000,0.000000,5.000000,0.050026,0
1784327647.021971,ADAPTIVE,TRACKING,145,14.803498,22.785142,0.047497,-0.012144,4.992849,0.000000,0.000000,5.000000,0.049544,0
1784327647.046971,ADAPTIVE,TRACKING,148,16.033112,26.203240,0.048013,-0.012190,4.995798,0.000000,0.000000,5.000000,0.049714,0
1784327647.071971,ADAPTIVE,TRACKING,139,12.218567,20.924320,0.048353,-0.012299,4.996930,0.000000,0.000000,5.000000,0.049987,0
1784327647.096972,ADAPTIVE,TRACKING,150,16.756801,50.462867,0.048353,-0.012299,4.996930,0.000000,0.000000,5.000000,0.049987,0
1784327647.121971,ADAPTIVE,TRACKING,146,14.836564,23.051219,0.048541,-0.012190,4.998085,0.000000,0.000000,5.000000,0.050085,0
1784327647.146971,ADAPTIVE,TRACKING,149,14.097801,22.750637,0.048584,-0.011816,4.999580,0.000000,0.000000,5.000000,0.050002,0
1784327647.171971,ADAPTIVE,TRACKING,146,17.844515,26.971817,0.047845,-0.012044,4.999906,0.000000,0.000000,5.000000,0.049337,0
1784327647.196971,ADAPTIVE,TRACKING,141,12.363442,46.491390,0.047845,-0.012044,4.999906,0.000000,0.000000,5.000000,0.049337,0
1784327647.221973,ADAPTIVE,TRACKING,147,15.467513,28.073024,0.046696,-0.012166,4.999479,0.000000,0.000000,5.000000,0.048257,0
1784327647.246971,ADAPTIVE,TRACKING,142,13.462104,22.955731,0.045590,-0.012185,4.998507,0.000000,0.000000,5.000000,0.047214,0
1784327647.271971,ADAPTIVE,TRACKING,156,18.711020,27.694444,0.044258,-0.012527,4.996830,0.000000,0.000000,5.000000,0.046106,0
1784327647.296973,ADAPTIVE,TRACKING,140,16.331698,50.316706,0.044258,-0.012527,4.996830,0.000000,0.000000,5.000000,0.046106,0
1784327647.321972,ADAPTIVE,TRACKING,135,13.352377,21.005438,0.042451,-0.013902,4.994948,0.000000,0.000000,5.000000,0.044954,0
1784327647.346973,ADAPTIVE,TRACKING,134,12.755164,24.376618,0.040527,-0.015084,4.993547,0.000000,0.000000,5.000000,0.043722,0
1784327647.371972,ADAPTIVE,TRACKING,144,12.640626,18.304214,0.038561,-0.016054,4.991406,0.000000,0.000000,5.000000,0.042644,0
1784327647.396973,ADAPTIVE,TRACKING,159,14.996655,45.661090,0.038561,-0.016054,4.991406,0.000000,0.000000,5.000000,0.042644,0
1784327647.424300,ADAPTIVE,TRACKING,162,14.277560,26.524167,0.035689,-0.016976,4.988522,0.000000,0.000000,5.000000,0.041154,0
1784327647.448298,ADAPTIVE,TRACKING,166,17.598988,27.270146,0.032937,-0.017571,4.986978,0.000000,0.000000,5.000000,0.039536,0
1784327647.471972,ADAPTIVE,TRACKING,155,14.636955,20.679765,0.030179,-0.018087,4.986421,0.000000,0.000000,5.000000,0.037714,0
1784327647.496973,ADAPTIVE,TRACKING,155,16.645207,47.688221,0.030179,-0.018087,4.986421,0.000000,0.000000,5.000000,0.037714,0
1784327647.521972,ADAPTIVE,TRACKING,146,14.335715,22.661142,0.027421,-0.018575,4.986319,0.000000,0.000000,5.000000,0.035835,0
1784327647.546972,ADAPTIVE,TRACKING,149,15.133189,24.790875,0.025037,-0.018792,4.988477,0.000000,0.000000,5.000000,0.033359,0
1784327647.571972,ADAPTIVE,TRACKING,146,15.844175,24.871626,0.022763,-0.018884,4.991180,0.000000,0.000000,5.000000,0.030864,0
1784327647.596973,ADAPTIVE,TRACKING,145,16.743716,50.771717,0.022763,-0.018884,4.991180,0.000000,0.000000,5.000000,0.030864,0
1784327647.621974,ADAPTIVE,TRACKING,138,12.124489,19.783991,0.019880,-0.018869,4.994683,0.000000,0.000000,5.000000,0.027920,0
1784327647.646972,ADAPTIVE,TRACKING,144,15.655347,28.493622,0.017620,-0.018719,4.996567,0.000000,0.000000,5.000000,0.025935,0
1784327647.671974,ADAPTIVE,TRACKING,144,16.653820,25.651568,0.014399,-0.014997,4.998721,0.000000,0.000000,5.000000,0.020829,0
1784327647.696973,ADAPTIVE,TRACKING,144,15.661475,49.658063,0.014399,-0.014997,4.998721,0.000000,0.000000,5.000000,0.020829,0
1784327647.721973,ADAPTIVE,TRACKING,135,12.409115,21.715687,0.011239,-0.011428,5.000120,0.000000,0.000000,5.000000,0.016029,0
1784327647.747298,ADAPTIVE,TRACKING,142,15.479538,28.255636,0.008079,-0.008023,5.001658,0.000000,0.000000,5.000000,0.011506,0
1784327647.771973,ADAPTIVE,TRACKING,145,16.719474,25.772294,0.004963,-0.004711,5.003505,0.000000,0.000000,5.000000,0.007688,0
1784327647.796973,ADAPTIVE,TRACKING,142,12.428049,46.480749,0.004963,-0.004711,5.003505,0.000000,0.000000,5.000000,0.007688,0
1784327647.821973,ADAPTIVE,TRACKING,144,14.639870,27.146344,0.000521,0.000200,5.002585,0.000000,0.000000,5.000000,0.002645,0
1784327647.846973,ADAPTIVE,TRACKING,147,15.891402,26.223663,-0.002855,0.004005,5.001774,0.000000,0.000000,5.000000,0.005229,0
1784327647.871974,ADAPTIVE,TRACKING,151,14.266022,23.351382,-0.006028,0.007720,5.001048,0.000000,0.000000,5.000000,0.009851,0
1784327647.896974,ADAPTIVE,TRACKING,147,14.926877,49.013061,-0.006028,0.007720,5.001048,0.000000,0.000000,5.000000,0.009851,0
1784327647.921976,ADAPTIVE,TRACKING,147,15.921648,25.959860,-0.009292,0.012251,5.000026,0.000000,0.000000,5.000000,0.015376,0
1784327647.946973,ADAPTIVE,TRACKING,147,13.901933,22.940032,-0.012673,0.017374,4.998809,0.000000,0.000000,5.000000,0.021538,0
1784327647.971973,ADAPTIVE,TRACKING,147,14.942925,22.606478,-0.015864,0.022055,4.999000,0.000000,0.000000,5.000000,0.027186,0
1784327647.996973,ADAPTIVE,TRACKING,147,15.943299,48.606909,-0.015864,0.022055,4.999000,0.000000,0.000000,5.000000,0.027186,0
1784327648.021974,ADAPTIVE,TRACKING,147,12.918914,21.945771,-0.019796,0.027168,5.000590,0.000000,0.000000,5.000000,0.033621,0
1784327648.049299,ADAPTIVE,TRACKING,151,13.267568,26.248365,-0.023438,0.030205,5.003012,0.000000,0.000000,5.000000,0.038351,0
1784327648.071973,ADAPTIVE,TRACKING,158,13.877871,19.542487,-0.027222,0.032742,5.005445,0.000000,0.000000,5.000000,0.042927,0
1784327648.096974,ADAPTIVE,TRACKING,170,16.932579,47.597606,-0.027222,0.032742,5.005445,0.000000,0.000000,5.000000,0.042927,0
1784327648.121974,ADAPTIVE,TRACKING,163,16.332271,24.370383,-0.031063,0.034993,5.009183,0.000000,0.000000,5.000000,0.047684,0
1784327648.147298,ADAPTIVE,TRACKING,156,16.691197,25.642410,-0.034860,0.036994,5.013036,0.000000,0.000000,5.000000,0.052476,0
1784327648.171973,ADAPTIVE,TRACKING,146,14.803416,22.756591,-0.039514,0.036215,5.017433,0.000000,0.000000,5.000000,0.056363,0
1784327648.196974,ADAPTIVE,TRACKING,145,15.719981,48.674278,-0.039514,0.036215,5.017433,0.000000,0.000000,5.000000,0.056363,0
1784327648.221974,ADAPTIVE,TRACKING,142,12.915946,22.164174,-0.044938,0.035345,5.021380,0.000000,0.000000,5.000000,0.061039,0
1784327648.247298,ADAPTIVE,TRACKING,149,16.071393,28.446699,-0.048883,0.034703,5.025665,0.000000,0.000000,5.000000,0.065211,0
1784327648.271974,ADAPTIVE,TRACKING,146,16.823332,25.381657,-0.052699,0.033865,5.029883,0.000000,0.000000,5.000000,0.069405,0
1784327648.296974,ADAPTIVE,TRACKING,143,12.594462,46.152558,-0.052699,0.033865,5.029883,0.000000,0.000000,5.000000,0.069405,0
1784327648.321974,ADAPTIVE,TRACKING,144,14.685210,27.065006,-0.056859,0.032451,5.034325,0.000000,0.000000,5.000000,0.073920,0
1784327648.346974,ADAPTIVE,TRACKING,147,15.899193,25.557875,-0.060594,0.031125,5.038583,0.000000,0.000000,5.000000,0.078288,0
1784327648.371974,ADAPTIVE,TRACKING,150,15.173790,24.247809,-0.063940,0.029924,5.041274,0.000000,0.000000,5.000000,0.081776,0
1784327648.396975,ADAPTIVE,TRACKING,144,14.689442,48.765196,-0.063940,0.029924,5.041274,0.000000,0.000000,5.000000,0.081776,0
1784327648.421981,ADAPTIVE,TRACKING,144,15.688244,25.349599,-0.068101,0.028654,5.040527,0.000000,0.000000,5.000000,0.084269,0
1784327648.446974,ADAPTIVE,TRACKING,144,13.714757,22.967809,-0.071507,0.027815,5.036602,0.000000,0.000000,5.000000,0.085009,0
1784327648.471974,ADAPTIVE,TRACKING,146,16.937332,26.020198,-0.074399,0.026946,5.033471,0.000000,0.000000,5.000000,0.085916,0
1784327648.496974,ADAPTIVE,TRACKING,140,15.351187,49.434161,-0.074399,0.026946,5.033471,0.000000,0.000000,5.000000,0.085916,0
1784327648.521974,ADAPTIVE,TRACKING,140,12.288476,21.911747,-0.076824,0.026031,5.032043,0.000000,0.000000,5.000000,0.087214,0
1784327648.546974,ADAPTIVE,TRACKING,143,15.551613,28.235591,-0.078553,0.023191,5.030247,0.000000,0.000000,5.000000,0.087311,0
1784327648.571975,ADAPTIVE,TRACKING,146,16.810844,26.121163,-0.079816,0.019876,5.028351,0.000000,0.000000,5.000000,0.087003,0
1784327648.596974,ADAPTIVE,TRACKING,144,12.695223,47.005275,-0.079816,0.019876,5.028351,0.000000,0.000000,5.000000,0.087003,0
1784327648.621975,ADAPTIVE,TRACKING,144,14.682575,26.963001,-0.080869,0.015874,5.025138,0.000000,0.000000,5.000000,0.086161,0
1784327648.646974,ADAPTIVE,TRACKING,147,15.912314,26.030028,-0.081227,0.012703,5.021353,0.000000,0.000000,5.000000,0.084942,0
1784327648.671975,ADAPTIVE,TRACKING,150,14.208543,23.263232,-0.080063,0.009004,5.019740,0.000000,0.000000,5.000000,0.082951,0
1784327648.696975,ADAPTIVE,TRACKING,147,17.520659,51.575334,-0.080063,0.009004,5.019740,0.000000,0.000000,5.000000,0.082951,0
1784327648.721974,ADAPTIVE,TRACKING,139,12.220226,19.668249,-0.078591,0.005320,5.017267,0.000000,0.000000,5.000000,0.080642,0
1784327648.746975,ADAPTIVE,TRACKING,149,16.123892,28.877014,-0.076785,0.001724,5.015482,0.000000,0.000000,5.000000,0.078349,0
1784327648.771975,ADAPTIVE,TRACKING,142,13.482504,22.331588,-0.074720,-0.001775,5.013772,0.000000,0.000000,5.000000,0.075999,0
1784327648.796977,ADAPTIVE,TRACKING,154,18.117785,51.969813,-0.074720,-0.001775,5.013772,0.000000,0.000000,5.000000,0.075999,0
1784327648.821975,ADAPTIVE,TRACKING,140,12.311558,18.963506,-0.071841,-0.006573,5.008843,0.000000,0.000000,5.000000,0.072682,0
1784327648.846976,ADAPTIVE,TRACKING,149,16.137834,28.790179,-0.069288,-0.010124,5.006520,0.000000,0.000000,5.000000,0.070327,0
1784327648.871975,ADAPTIVE,TRACKING,143,13.602848,22.434540,-0.066623,-0.013340,5.004481,0.000000,0.000000,5.000000,0.068093,0
1784327648.896976,ADAPTIVE,TRACKING,154,18.105882,51.939320,-0.066623,-0.013340,5.004481,0.000000,0.000000,5.000000,0.068093,0
1784327648.921976,ADAPTIVE,TRACKING,140,18.351333,25.196473,-0.063958,-0.016444,5.002454,0.000000,0.000000,5.000000,0.066084,0
1784327648.946975,ADAPTIVE,TRACKING,130,11.408401,18.012645,-0.061259,-0.019440,4.999973,0.000000,0.000000,5.000000,0.064270,0
1784327648.971975,ADAPTIVE,TRACKING,133,13.691420,22.836377,-0.058356,-0.022228,4.995882,0.000000,0.000000,5.000000,0.062581,0
1784327648.996976,ADAPTIVE,TRACKING,139,14.202264,48.347434,-0.058356,-0.022228,4.995882,0.000000,0.000000,5.000000,0.062581,0
1784327649.021975,ADAPTIVE,TRACKING,153,18.488036,29.252116,-0.054394,-0.025394,4.992103,0.000000,0.000000,5.000000,0.060547,0
1784327649.046975,ADAPTIVE,TRACKING,138,12.105213,18.577366,-0.051130,-0.027447,4.990162,0.000000,0.000000,5.000000,0.058859,0
1784327649.071975,ADAPTIVE,TRACKING,144,16.659725,25.792311,-0.047761,-0.029286,4.987703,0.000000,0.000000,5.000000,0.057358,0
1784327649.096976,ADAPTIVE,TRACKING,138,12.148948,46.281670,-0.047761,-0.029286,4.987703,0.000000,0.000000,5.000000,0.057358,0
1784327649.121975,ADAPTIVE,TRACKING,154,17.596520,30.422836,-0.044300,-0.030978,4.985797,0.000000,0.000000,5.000000,0.055891,0
1784327649.146976,ADAPTIVE,TRACKING,141,15.380042,22.749397,-0.040717,-0.032442,4.984535,0.000000,0.000000,5.000000,0.054309,0
1784327649.171975,ADAPTIVE,TRACKING,144,12.694472,20.362083,-0.036305,-0.032828,4.985058,0.000000,0.000000,5.000000,0.051176,0
1784327649.196976,ADAPTIVE,TRACKING,144,14.689421,47.357348,-0.036305,-0.032828,4.985058,0.000000,0.000000,5.000000,0.051176,0
1784327649.221977,ADAPTIVE,TRACKING,150,16.178505,26.461267,-0.030760,-0.032970,4.987809,0.000000,0.000000,5.000000,0.046710,0
1784327649.246982,ADAPTIVE,TRACKING,150,15.202410,23.870619,-0.026284,-0.032812,4.990635,0.000000,0.000000,5.000000,0.043072,0
1784327649.271976,ADAPTIVE,TRACKING,144,15.649810,24.859722,-0.021479,-0.032519,4.992651,0.000000,0.000000,5.000000,0.039659,0
1784327649.296976,ADAPTIVE,TRACKING,141,13.388359,47.597878,-0.021479,-0.032519,4.992651,0.000000,0.000000,5.000000,0.039659,0
1784327649.321976,ADAPTIVE,TRACKING,147,16.934050,28.517573,-0.015767,-0.032137,4.995848,0.000000,0.000000,5.000000,0.036037,0
1784327649.346977,ADAPTIVE,TRACKING,141,12.386748,20.427055,-0.010011,-0.031534,4.998570,0.000000,0.000000,5.000000,0.033116,0
1784327649.371976,ADAPTIVE,TRACKING,151,15.299109,24.399259,-0.004236,-0.030775,5.000524,0.000000,0.000000,5.000000,0.031069,0
1784327649.396977,ADAPTIVE,TRACKING,147,12.959200,47.060753,-0.004236,-0.030775,5.000524,0.000000,0.000000,5.000000,0.031069,0
1784327649.421978,ADAPTIVE,TRACKING,162,16.775276,28.772852,0.003876,-0.029606,5.001032,0.000000,0.000000,5.000000,0.029877,0
1784327649.446976,ADAPTIVE,TRACKING,153,15.464154,23.118022,0.011226,-0.028479,5.000361,0.000000,0.000000,5.000000,0.030614,0
1784327649.471976,ADAPTIVE,TRACKING,153,15.445018,24.589827,0.018192,-0.027129,5.000598,0.000000,0.000000,5.000000,0.032669,0
1784327649.496976,ADAPTIVE,TRACKING,147,16.922637,51.067962,0.018192,-0.027129,5.000598,0.000000,0.000000,5.000000,0.032669,0
1784327649.521977,ADAPTIVE,TRACKING,141,12.447210,20.105856,0.024799,-0.025495,5.001067,0.000000,0.000000,5.000000,0.035582,0
1784327649.546977,ADAPTIVE,TRACKING,147,14.926873,27.452624,0.029760,-0.022305,5.002277,0.000000,0.000000,5.000000,0.037260,0
1784327649.571976,ADAPTIVE,TRACKING,147,12.927710,19.596112,0.034068,-0.018627,5.004158,0.000000,0.000000,5.000000,0.039050,0
1784327649.596977,ADAPTIVE,TRACKING,162,17.263061,48.932767,0.034068,-0.018627,5.004158,0.000000,0.000000,5.000000,0.039050,0
1784327649.621977,ADAPTIVE,TRACKING,152,15.386333,23.084316,0.039231,-0.013989,5.007062,0.000000,0.000000,5.000000,0.042245,0
1784327649.646976,ADAPTIVE,TRACKING,152,16.407248,25.984769,0.043203,-0.010246,5.010390,0.000000,0.000000,5.000000,0.045600,0
1784327649.671976,ADAPTIVE,TRACKING,142,14.514027,22.180110,0.045092,-0.006219,5.014539,0.000000,0.000000,5.000000,0.047784,0
1784327649.696977,ADAPTIVE,TRACKING,144,15.655513,48.322174,0.045092,-0.006219,5.014539,0.000000,0.000000,5.000000,0.047784,0
1784327649.721977,ADAPTIVE,TRACKING,141,12.392094,21.706171,0.047081,-0.002359,5.016674,0.000000,0.000000,5.000000,0.050002,0
1784327649.747299,ADAPTIVE,TRACKING,150,16.219099,29.121968,0.049067,0.001308,5.017739,0.000000,0.000000,5.000000,0.052192,0
1784327649.771977,ADAPTIVE,TRACKING,147,14.939121,23.369886,0.050954,0.004761,5.019018,0.000000,0.000000,5.000000,0.054595,0
1784327649.796977,ADAPTIVE,TRACKING,151,16.267481,49.698370,0.050954,0.004761,5.019018,0.000000,0.000000,5.000000,0.054595,0
1784327649.821977,ADAPTIVE,TRACKING,141,13.393907,22.100669,0.054805,0.008048,5.019652,0.000000,0.000000,5.000000,0.058775,0
1784327649.846977,ADAPTIVE,TRACKING,147,16.514456,28.096954,0.057632,0.010579,5.019982,0.000000,0.000000,5.000000,0.061908,0
1784327649.871977,ADAPTIVE,TRACKING,142,12.500380,20.948691,0.060233,0.012963,5.020017,0.000000,0.000000,5.000000,0.064782,0
1784327649.896977,ADAPTIVE,TRACKING,152,17.902059,51.350414,0.060233,0.012963,5.020017,0.000000,0.000000,5.000000,0.064782,0
1784327649.921978,ADAPTIVE,TRACKING,141,12.446117,19.481881,0.063282,0.015862,5.020173,0.000000,0.000000,5.000000,0.068287,0
1784327649.946977,ADAPTIVE,TRACKING,153,16.418808,28.936603,0.066760,0.019179,5.019833,0.000000,0.000000,5.000000,0.072236,0
1784327649.971977,ADAPTIVE,TRACKING,143,16.590102,25.144203,0.069985,0.022208,5.019043,0.000000,0.000000,5.000000,0.075854,0
1784327649.996977,ADAPTIVE,TRACKING,144,17.702409,51.256474,0.069985,0.022208,5.019043,0.000000,0.000000,5.000000,0.075854,0
1784327650.021978,ADAPTIVE,TRACKING,129,14.378271,21.649599,0.073517,0.025653,5.018121,0.000000,0.000000,5.000000,0.079945,0
1784327650.046978,ADAPTIVE,TRACKING,128,11.301119,21.892262,0.078679,0.027496,5.018825,0.000000,0.000000,5.000000,0.085445,0
1784327650.071977,ADAPTIVE,TRACKING,139,13.242525,22.520982,0.084104,0.028992,5.018989,0.000000,0.000000,5.000000,0.090965,0
1784327650.098692,ADAPTIVE,TRACKING,152,15.393947,51.387245,0.084104,0.028992,5.018989,0.000000,0.000000,5.000000,0.090965,0
1784327650.121978,ADAPTIVE,TRACKING,157,18.421372,26.285444,0.088788,0.030374,5.018357,0.000000,0.000000,5.000000,0.095618,0
1784327650.146978,ADAPTIVE,TRACKING,143,15.568118,22.110896,0.092741,0.031655,5.017018,0.000000,0.000000,5.000000,0.099462,0
1784327650.171978,ADAPTIVE,TRACKING,137,15.034814,24.327638,0.098096,0.032687,5.017931,0.000000,0.000000,5.000000,0.104942,0
1784327650.198593,ADAPTIVE,TRACKING,133,13.695520,49.604497,0.098096,0.032687,5.017931,0.000000,0.000000,5.000000,0.104942,0
1784327650.224298,ADAPTIVE,TRACKING,139,12.243317,24.216287,0.103826,0.033877,5.015394,0.000000,0.000000,5.000000,0.110292,0
1784327650.246978,ADAPTIVE,TRACKING,149,16.190308,26.599981,0.107637,0.034738,5.013069,0.000000,0.000000,5.000000,0.113856,0
1784327650.271978,ADAPTIVE,TRACKING,150,17.234261,25.993971,0.110488,0.035162,5.012012,0.000000,0.000000,5.000000,0.116569,0
1784327650.296978,ADAPTIVE,TRACKING,144,15.654946,49.414544,0.110488,0.035162,5.012012,0.000000,0.000000,5.000000,0.116569,0
1784327650.321978,ADAPTIVE,TRACKING,135,14.841081,24.160008,0.111841,0.034525,5.012910,0.000000,0.000000,5.000000,0.117759,0
1784327650.346978,ADAPTIVE,TRACKING,134,14.795683,24.927282,0.112756,0.033918,5.013020,0.000000,0.000000,5.000000,0.118465,0
1784327650.371979,ADAPTIVE,TRACKING,136,14.951911,24.256126,0.113245,0.033367,5.012602,0.000000,0.000000,5.000000,0.118729,0
1784327650.396983,ADAPTIVE,TRACKING,136,11.980083,46.288398,0.113245,0.033367,5.012602,0.000000,0.000000,5.000000,0.118729,0
1784327650.421979,ADAPTIVE,TRACKING,145,14.751221,27.726813,0.113268,0.033218,5.012448,0.000000,0.000000,5.000000,0.118693,0
1784327650.446979,ADAPTIVE,TRACKING,150,16.216256,26.406078,0.112679,0.033643,5.013597,0.000000,0.000000,5.000000,0.118378,0
1784327650.471979,ADAPTIVE,TRACKING,151,17.248784,26.006371,0.111565,0.034044,5.015677,0.000000,0.000000,5.000000,0.117692,0
1784327650.496979,ADAPTIVE,TRACKING,138,12.098277,45.854747,0.111565,0.034044,5.015677,0.000000,0.000000,5.000000,0.117692,0
1784327650.521979,ADAPTIVE,TRACKING,145,16.780814,29.653721,0.109944,0.034441,5.018674,0.000000,0.000000,5.000000,0.116716,0
1784327650.546978,ADAPTIVE,TRACKING,141,12.429696,20.623977,0.105989,0.034065,5.023440,0.000000,0.000000,5.000000,0.113770,0
1784327650.571979,ADAPTIVE,TRACKING,154,15.569909,24.787720,0.101060,0.033541,5.029400,0.000000,0.000000,5.000000,0.110464,0
1784327650.596979,ADAPTIVE,TRACKING,147,16.916170,51.134035,0.101060,0.033541,5.029400,0.000000,0.000000,5.000000,0.110464,0
1784327650.621979,ADAPTIVE,TRACKING,147,14.586237,22.637330,0.094488,0.033041,5.036019,0.000000,0.000000,5.000000,0.106381,0
1784327650.646979,ADAPTIVE,TRACKING,142,18.472761,28.858114,0.088977,0.032746,5.039926,0.000000,0.000000,5.000000,0.102875,0
1784327650.671979,ADAPTIVE,TRACKING,130,15.432720,21.920346,0.082774,0.032584,5.040676,0.000000,0.000000,5.000000,0.097815,0
1784327650.696978,ADAPTIVE,TRACKING,129,14.404519,45.891668,0.082774,0.032584,5.040676,0.000000,0.000000,5.000000,0.097815,0
1784327650.721980,ADAPTIVE,TRACKING,124,12.923746,23.491784,0.076361,0.032301,5.041627,0.000000,0.000000,5.000000,0.092775,0
1784327650.746979,ADAPTIVE,TRACKING,134,14.795471,26.844089,0.069870,0.031917,5.041884,0.000000,0.000000,5.000000,0.087492,0
1784327650.771979,ADAPTIVE,TRACKING,137,15.040528,24.075979,0.063307,0.031358,5.042006,0.000000,0.000000,5.000000,0.082192,0
1784327650.796981,ADAPTIVE,TRACKING,138,16.126873,50.164663,0.063307,0.031358,5.042006,0.000000,0.000000,5.000000,0.082192,0
1784327650.821979,ADAPTIVE,TRACKING,133,16.138217,24.973964,0.052851,0.030813,5.042500,0.000000,0.000000,5.000000,0.074491,0
1784327650.846979,ADAPTIVE,TRACKING,129,12.373120,21.204937,0.044472,0.030118,5.041702,0.000000,0.000000,5.000000,0.067999,0
1784327650.871979,ADAPTIVE,TRACKING,134,14.820953,23.938575,0.036038,0.029166,5.039700,0.000000,0.000000,5.000000,0.061036,0
1784327650.896979,ADAPTIVE,TRACKING,137,15.105457,49.224113,0.036038,0.029166,5.039700,0.000000,0.000000,5.000000,0.061036,0
1784327650.921980,ADAPTIVE,TRACKING,142,14.902344,24.757434,0.028283,0.026993,5.037712,0.000000,0.000000,5.000000,0.054321,0
1784327650.946979,ADAPTIVE,TRACKING,138,15.150834,25.207026,0.021078,0.023781,5.036188,0.000000,0.000000,5.000000,0.048160,0
1784327650.971980,ADAPTIVE,TRACKING,138,12.088842,18.759866,0.013776,0.020541,5.034838,0.000000,0.000000,5.000000,0.042725,0
1784327650.996980,ADAPTIVE,TRACKING,148,17.025584,48.696916,0.013776,0.020541,5.034838,0.000000,0.000000,5.000000,0.042725,0
1784327651.021979,ADAPTIVE,TRACKING,144,18.673780,26.618362,0.004652,0.016557,5.031680,0.000000,0.000000,5.000000,0.036047,0
1784327651.046980,ADAPTIVE,TRACKING,135,15.873361,22.170765,-0.002935,0.013050,5.025156,0.000000,0.000000,5.000000,0.028491,0
1784327651.071980,ADAPTIVE,TRACKING,124,14.918365,23.632981,-0.010427,0.009626,5.017919,0.000000,0.000000,5.000000,0.022857,0
1784327651.096979,ADAPTIVE,TRACKING,122,10.733914,44.448856,-0.010427,0.009626,5.017919,0.000000,0.000000,5.000000,0.022857,0
1784327651.121979,ADAPTIVE,TRACKING,138,15.620005,29.860031,-0.017717,0.006399,5.011605,0.000000,0.000000,5.000000,0.022125,0
1784327651.146979,ADAPTIVE,TRACKING,139,16.234705,25.583981,-0.024835,0.003283,5.005423,0.000000,0.000000,5.000000,0.025632,0
1784327651.171980,ADAPTIVE,TRACKING,141,16.434676,25.104560,-0.031508,0.000961,4.997942,0.000000,0.000000,5.000000,0.031590,0
1784327651.196980,ADAPTIVE,TRACKING,129,16.015931,49.685261,-0.031508,0.000961,4.997942,0.000000,0.000000,5.000000,0.031590,0
1784327651.221980,ADAPTIVE,TRACKING,125,12.023886,20.978233,-0.039394,-0.001986,4.989271,0.000000,0.000000,5.000000,0.040877,0
1784327651.246980,ADAPTIVE,TRACKING,133,14.726679,27.669451,-0.045251,-0.004281,4.984605,0.000000,0.000000,5.000000,0.047990,0
1784327651.271981,ADAPTIVE,TRACKING,135,16.912853,26.116836,-0.050245,-0.006673,4.980993,0.000000,0.000000,5.000000,0.054133,0
1784327651.296980,ADAPTIVE,TRACKING,135,15.891324,50.094490,-0.050245,-0.006673,4.980993,0.000000,0.000000,5.000000,0.054133,0
1784327651.321980,ADAPTIVE,TRACKING,127,15.535731,24.398777,-0.053494,-0.009435,4.977043,0.000000,0.000000,5.000000,0.058971,0
1784327651.346980,ADAPTIVE,TRACKING,123,10.791227,20.226699,-0.056592,-0.012026,4.973751,0.000000,0.000000,5.000000,0.063532,0
1784327651.371980,ADAPTIVE,TRACKING,137,14.025758,21.694977,-0.059454,-0.014541,4.972106,0.000000,0.000000,5.000000,0.067263,0
1784327651.396981,ADAPTIVE,TRACKING,144,17.684164,50.353484,-0.059454,-0.014541,4.972106,0.000000,0.000000,5.000000,0.067263,0
1784327651.421981,ADAPTIVE,TRACKING,143,15.093632,22.363472,-0.062739,-0.017555,4.971313,0.000000,0.000000,5.000000,0.071185,0
1784327651.449298,ADAPTIVE,TRACKING,136,14.989758,27.164980,-0.065186,-0.019817,4.970328,0.000000,0.000000,5.000000,0.074313,0
1784327651.471980,ADAPTIVE,TRACKING,132,11.609336,19.269313,-0.067358,-0.021782,4.969333,0.000000,0.000000,5.000000,0.077150,0
1784327651.496980,ADAPTIVE,TRACKING,148,15.060695,47.720876,-0.067358,-0.021782,4.969333,0.000000,0.000000,5.000000,0.077150,0
1784327651.521981,ADAPTIVE,TRACKING,150,16.238092,26.146668,-0.069260,-0.023482,4.968452,0.000000,0.000000,5.000000,0.079647,0
1784327651.546981,ADAPTIVE,TRACKING,151,16.766576,25.496256,-0.070195,-0.024436,4.967571,0.000000,0.000000,5.000000,0.081093,0
1784327651.571981,ADAPTIVE,TRACKING,140,17.329263,25.530627,-0.070706,-0.024947,4.967663,0.000000,0.000000,5.000000,0.081654,0
1784327651.596981,ADAPTIVE,TRACKING,131,11.506001,44.707627,-0.070706,-0.024947,4.967663,0.000000,0.000000,5.000000,0.081654,0
1784327651.621981,ADAPTIVE,TRACKING,139,14.227274,26.893101,-0.071064,-0.025232,4.969579,0.000000,0.000000,5.000000,0.081316,0
1784327651.646981,ADAPTIVE,TRACKING,143,14.645460,25.382449,-0.071049,-0.025327,4.971073,0.000000,0.000000,5.000000,0.080785,0
1784327651.671981,ADAPTIVE,TRACKING,153,16.454604,25.567166,-0.069281,-0.025051,4.973220,0.000000,0.000000,5.000000,0.078387,0
1784327651.696980,ADAPTIVE,TRACKING,144,16.649231,50.760478,-0.069281,-0.025051,4.973220,0.000000,0.000000,5.000000,0.078387,0
1784327651.721982,ADAPTIVE,TRACKING,138,12.149818,19.814706,-0.067240,-0.024828,4.975426,0.000000,0.000000,5.000000,0.075773,0
1784327651.746982,ADAPTIVE,TRACKING,144,16.647167,29.467367,-0.065014,-0.024679,4.976978,0.000000,0.000000,5.000000,0.073252,0
1784327651.771980,ADAPTIVE,TRACKING,140,12.284623,20.606023,-0.062668,-0.024508,4.978316,0.000000,0.000000,5.000000,0.070698,0
1784327651.796983,ADAPTIVE,TRACKING,154,15.551760,48.875960,-0.062668,-0.024508,4.978316,0.000000,0.000000,5.000000,0.070698,0
1784327651.821982,ADAPTIVE,TRACKING,147,17.590305,27.001194,-0.056415,-0.027559,4.982840,0.000000,0.000000,5.000000,0.065090,0
1784327651.846982,ADAPTIVE,TRACKING,145,12.753544,20.128195,-0.051626,-0.029600,4.986758,0.000000,0.000000,5.000000,0.060966,0
1784327651.871981,ADAPTIVE,TRACKING,145,15.801492,24.989837,-0.047056,-0.031352,4.991811,0.000000,0.000000,5.000000,0.057133,0
1784327651.896982,ADAPTIVE,TRACKING,142,13.500852,47.690688,-0.047056,-0.031352,4.991811,0.000000,0.000000,5.000000,0.057133,0
1784327651.921984,ADAPTIVE,TRACKING,154,15.542274,26.998180,-0.042403,-0.033038,4.996876,0.000000,0.000000,5.000000,0.053845,0
1784327651.947299,ADAPTIVE,TRACKING,147,15.973198,24.946998,-0.037614,-0.034730,5.002253,0.000000,0.000000,5.000000,0.051245,0
1784327651.971981,ADAPTIVE,TRACKING,147,13.962197,22.642279,-0.032805,-0.036309,5.006771,0.000000,0.000000,5.000000,0.049400,0
1784327651.998298,ADAPTIVE,TRACKING,147,15.921167,50.918509,-0.032805,-0.036309,5.006771,0.000000,0.000000,5.000000,0.049400,0
1784327652.021982,ADAPTIVE,TRACKING,144,12.681606,20.346563,-0.026708,-0.037941,5.010261,0.000000,0.000000,5.000000,0.047520,0
1784327652.048299,ADAPTIVE,TRACKING,154,16.536713,30.137231,-0.022485,-0.038505,5.012204,0.000000,0.000000,5.000000,0.046229,0
1784327652.071982,ADAPTIVE,TRACKING,148,16.006764,23.121403,-0.018387,-0.038773,5.013669,0.000000,0.000000,5.000000,0.045036,0
1784327652.096982,ADAPTIVE,TRACKING,148,13.022613,45.137666,-0.018387,-0.038773,5.013669,0.000000,0.000000,5.000000,0.045036,0
1784327652.121982,ADAPTIVE,TRACKING,148,17.013183,28.964926,-0.014154,-0.038839,5.016002,0.000000,0.000000,5.000000,0.044327,0
1784327652.146982,ADAPTIVE,TRACKING,144,12.693784,20.651485,-0.009874,-0.038682,5.017787,0.000000,0.000000,5.000000,0.043706,0
1784327652.171982,ADAPTIVE,TRACKING,154,15.553439,24.691592,-0.002646,-0.037590,5.021869,0.000000,0.000000,5.000000,0.043569,0
1784327652.196982,ADAPTIVE,TRACKING,147,16.936791,51.074997,-0.002646,-0.037590,5.021869,0.000000,0.000000,5.000000,0.043569,0
1784327652.221982,ADAPTIVE,TRACKING,147,14.934123,22.966601,0.005880,-0.036104,5.027716,0.000000,0.000000,5.000000,0.045894,0
1784327652.246982,ADAPTIVE,TRACKING,141,15.440610,25.111273,0.012228,-0.034802,5.033642,0.000000,0.000000,5.000000,0.049925,0
1784327652.271983,ADAPTIVE,TRACKING,137,12.038038,21.085645,0.018608,-0.032490,5.038053,0.000000,0.000000,5.000000,0.053384,0
1784327652.296983,ADAPTIVE,TRACKING,150,17.189644,51.236367,0.018608,-0.032490,5.038053,0.000000,0.000000,5.000000,0.053384,0
1784327652.321982,ADAPTIVE,TRACKING,144,12.680570,20.349222,0.025866,-0.027597,5.039224,0.000000,0.000000,5.000000,0.054490,0
1784327652.346982,ADAPTIVE,TRACKING,154,15.556881,27.850383,0.032679,-0.022776,5.039184,0.000000,0.000000,5.000000,0.055875,0
1784327652.371983,ADAPTIVE,TRACKING,148,17.069522,26.185494,0.039145,-0.018058,5.037750,0.000000,0.000000,5.000000,0.057302,0
1784327652.396982,ADAPTIVE,TRACKING,147,14.920115,49.036453,0.039145,-0.018058,5.037750,0.000000,0.000000,5.000000,0.057302,0
1784327652.421985,ADAPTIVE,TRACKING,141,15.408362,25.451858,0.046977,-0.011984,5.033617,0.000000,0.000000,5.000000,0.058996,0
1784327652.446983,ADAPTIVE,TRACKING,137,12.037805,21.582598,0.053033,-0.006843,5.030402,0.000000,0.000000,5.000000,0.061512,0
1784327652.471982,ADAPTIVE,TRACKING,150,15.192079,24.568994,0.058574,-0.001854,5.027144,0.000000,0.000000,5.000000,0.064585,0
1784327652.496982,ADAPTIVE,TRACKING,150,16.167771,50.544560,0.058574,-0.001854,5.027144,0.000000,0.000000,5.000000,0.064585,0
1784327652.521983,ADAPTIVE,TRACKING,151,16.842453,25.647257,0.063629,0.003001,5.022707,0.000000,0.000000,5.000000,0.067626,0
1784327652.546982,ADAPTIVE,TRACKING,140,12.363520,20.489376,0.067594,0.007598,5.017384,0.000000,0.000000,5.000000,0.070206,0
1784327652.571983,ADAPTIVE,TRACKING,146,14.848634,24.251847,0.071007,0.011983,5.011773,0.000000,0.000000,5.000000,0.072967,0
1784327652.596984,ADAPTIVE,TRACKING,149,16.081352,50.485231,0.071007,0.011983,5.011773,0.000000,0.000000,5.000000,0.072967,0
1784327652.621983,ADAPTIVE,TRACKING,151,16.954253,25.834227,0.074938,0.017236,5.004297,0.000000,0.000000,5.000000,0.077014,0
1784327652.646983,ADAPTIVE,TRACKING,139,12.220149,20.236614,0.077814,0.021159,4.999463,0.000000,0.000000,5.000000,0.080641,0
1784327652.671983,ADAPTIVE,TRACKING,146,14.843861,23.916670,0.081437,0.024111,4.994280,0.000000,0.000000,5.000000,0.085124,0
1784327652.696983,ADAPTIVE,TRACKING,149,16.107760,50.181141,0.081437,0.024111,4.994280,0.000000,0.000000,5.000000,0.085124,0
1784327652.721983,ADAPTIVE,TRACKING,151,16.651319,25.510127,0.084685,0.026938,4.988748,0.000000,0.000000,5.000000,0.089576,0
1784327652.746983,ADAPTIVE,TRACKING,140,12.290971,20.611199,0.087481,0.029628,4.983704,0.000000,0.000000,5.000000,0.093789,0
1784327652.771984,ADAPTIVE,TRACKING,146,14.825739,24.077720,0.089781,0.032133,4.979283,0.000000,0.000000,5.000000,0.097583,0
1784327652.796983,ADAPTIVE,TRACKING,150,16.200371,50.451171,0.089781,0.032133,4.979283,0.000000,0.000000,5.000000,0.097583,0
1784327652.821984,ADAPTIVE,TRACKING,151,17.237166,26.007896,0.092028,0.036001,4.978072,0.000000,0.000000,5.000000,0.101223,0
1784327652.846984,ADAPTIVE,TRACKING,139,12.240603,19.964171,0.093088,0.038711,4.978341,0.000000,0.000000,5.000000,0.103117,0
1784327652.871983,ADAPTIVE,TRACKING,145,14.759546,23.825263,0.093599,0.041105,4.978812,0.000000,0.000000,5.000000,0.104400,0
1784327652.896984,ADAPTIVE,TRACKING,148,16.023144,50.090765,0.093599,0.041105,4.978812,0.000000,0.000000,5.000000,0.104400,0
1784327652.921984,ADAPTIVE,TRACKING,150,16.880169,25.798243,0.093303,0.042987,4.978911,0.000000,0.000000,5.000000,0.104872,0
1784327652.946983,ADAPTIVE,TRACKING,139,12.235735,20.312379,0.092202,0.044369,4.980135,0.000000,0.000000,5.000000,0.104233,0
1784327652.971984,ADAPTIVE,TRACKING,145,14.782809,23.926583,0.090715,0.045454,4.981977,0.000000,0.000000,5.000000,0.103054,0
1784327652.996984,ADAPTIVE,TRACKING,148,16.033990,50.177705,0.090715,0.045454,4.981977,0.000000,0.000000,5.000000,0.103054,0
1784327653.021983,ADAPTIVE,TRACKING,150,14.171118,23.110298,0.088536,0.046619,4.984202,0.000000,0.000000,5.000000,0.101299,0
1784327653.046983,ADAPTIVE,TRACKING,147,14.899588,25.701520,0.086364,0.049360,4.988690,0.000000,0.000000,5.000000,0.100115,0
1784327653.071984,ADAPTIVE,TRACKING,147,15.892291,25.092944,0.083936,0.052348,4.993212,0.000000,0.000000,5.000000,0.099154,0
1784327653.096984,ADAPTIVE,TRACKING,148,16.998576,51.198481,0.083936,0.052348,4.993212,0.000000,0.000000,5.000000,0.099154,0
1784327653.121989,ADAPTIVE,TRACKING,138,12.134868,20.095902,0.081331,0.054917,4.996269,0.000000,0.000000,5.000000,0.098206,0
1784327653.146984,ADAPTIVE,TRACKING,144,15.976352,28.797929,0.078497,0.057107,4.997717,0.000000,0.000000,5.000000,0.097099,0
1784327653.171984,ADAPTIVE,TRACKING,143,12.490782,21.484788,0.076296,0.057364,4.997977,0.000000,0.000000,5.000000,0.095477,0
1784327653.196984,ADAPTIVE,TRACKING,157,18.233566,52.227984,0.076296,0.057364,4.997977,0.000000,0.000000,5.000000,0.095477,0
1784327653.221985,ADAPTIVE,TRACKING,143,12.537724,19.267707,0.073127,0.057472,4.997113,0.000000,0.000000,5.000000,0.093053,0
1784327653.246984,ADAPTIVE,TRACKING,154,17.167739,29.587495,0.070224,0.057417,4.996775,0.000000,0.000000,5.000000,0.090767,0
1784327653.272299,ADAPTIVE,TRACKING,142,16.502750,24.603828,0.066449,0.057446,4.997270,0.000000,0.000000,5.000000,0.087881,0
1784327653.296984,ADAPTIVE,TRACKING,142,14.502951,47.289155,0.066449,0.057446,4.997270,0.000000,0.000000,5.000000,0.087881,0
1784327653.321985,ADAPTIVE,TRACKING,136,14.956482,25.423509,0.060841,0.057872,4.997995,0.000000,0.000000,5.000000,0.083993,0
1784327653.346984,ADAPTIVE,TRACKING,137,15.057291,25.073907,0.055273,0.058104,4.998273,0.000000,0.000000,5.000000,0.080213,0
1784327653.371984,ADAPTIVE,TRACKING,139,12.210278,21.437160,0.049706,0.058115,4.999175,0.000000,0.000000,5.000000,0.076477,0
1784327653.396987,ADAPTIVE,TRACKING,146,17.895520,52.125788,0.049706,0.058115,4.999175,0.000000,0.000000,5.000000,0.076477,0
1784327653.421984,ADAPTIVE,TRACKING,140,15.063439,22.115505,0.043055,0.057576,5.000292,0.000000,0.000000,5.000000,0.071894,0
1784327653.446984,ADAPTIVE,TRACKING,141,15.407022,25.306165,0.038047,0.056674,5.001607,0.000000,0.000000,5.000000,0.068279,0
1784327653.471985,ADAPTIVE,TRACKING,132,11.588914,18.264198,0.032832,0.055636,5.004002,0.000000,0.000000,5.000000,0.064725,0
1784327653.496984,ADAPTIVE,TRACKING,147,14.925481,46.599965,0.032832,0.055636,5.004002,0.000000,0.000000,5.000000,0.064725,0
1784327653.521985,ADAPTIVE,TRACKING,150,16.178960,26.228950,0.027713,0.054360,5.005319,0.000000,0.000000,5.000000,0.061248,0
1784327653.546985,ADAPTIVE,TRACKING,151,16.894443,25.687895,0.020536,0.053272,5.005362,0.000000,0.000000,5.000000,0.057345,0
1784327653.571985,ADAPTIVE,TRACKING,140,12.256247,20.335221,0.013009,0.052234,5.004582,0.000000,0.000000,5.000000,0.054024,0
1784327653.596985,ADAPTIVE,TRACKING,146,17.398695,50.478208,0.013009,0.052234,5.004582,0.000000,0.000000,5.000000,0.054024,0
1784327653.621985,ADAPTIVE,TRACKING,141,12.422300,19.991846,0.004111,0.050737,5.003290,0.000000,0.000000,5.000000,0.051009,0
1784327653.646986,ADAPTIVE,TRACKING,152,15.282099,27.825123,-0.002710,0.049299,5.003282,0.000000,0.000000,5.000000,0.049482,0
1784327653.671985,ADAPTIVE,TRACKING,146,15.760254,24.749453,-0.008144,0.050202,5.003490,0.000000,0.000000,5.000000,0.050978,0
1784327653.696985,ADAPTIVE,TRACKING,151,14.177712,48.167072,-0.008144,0.050202,5.003490,0.000000,0.000000,5.000000,0.050978,0
1784327653.721986,ADAPTIVE,TRACKING,148,17.938037,28.611433,-0.013563,0.050783,5.003162,0.000000,0.000000,5.000000,0.052658,0
1784327653.746985,ADAPTIVE,TRACKING,139,12.119317,16.783647,-0.019009,0.051038,5.001940,0.000000,0.000000,5.000000,0.054497,0
1784327653.771985,ADAPTIVE,TRACKING,148,16.922491,26.080997,-0.024401,0.050944,5.000756,0.000000,0.000000,5.000000,0.056491,0
1784327653.796985,ADAPTIVE,TRACKING,139,12.148348,46.307181,-0.024401,0.050944,5.000756,0.000000,0.000000,5.000000,0.056491,0
1784327653.821986,ADAPTIVE,TRACKING,155,17.545089,30.372226,-0.032452,0.050521,5.002485,0.000000,0.000000,5.000000,0.060097,0
1784327653.846985,ADAPTIVE,TRACKING,142,15.411832,22.829049,-0.038618,0.049829,5.002810,0.000000,0.000000,5.000000,0.063104,0
1784327653.871985,ADAPTIVE,TRACKING,145,12.678632,21.885157,-0.044458,0.048853,5.002611,0.000000,0.000000,5.000000,0.066105,0
1784327653.896986,ADAPTIVE,TRACKING,145,15.666622,49.874544,-0.044458,0.048853,5.002611,0.000000,0.000000,5.000000,0.066105,0
1784327653.921987,ADAPTIVE,TRACKING,148,13.964687,23.244724,-0.051090,0.046836,5.002245,0.000000,0.000000,5.000000,0.069346,0
1784327653.946985,ADAPTIVE,TRACKING,155,15.515916,26.186486,-0.058335,0.043868,5.001132,0.000000,0.000000,5.000000,0.072998,0
1784327653.971986,ADAPTIVE,TRACKING,148,16.927260,25.915838,-0.065048,0.040869,5.000193,0.000000,0.000000,5.000000,0.076822,0
1784327653.996985,ADAPTIVE,TRACKING,145,12.677161,46.665311,-0.065048,0.040869,5.000193,0.000000,0.000000,5.000000,0.076822,0
1784327654.024299,ADAPTIVE,TRACKING,149,13.023233,27.007505,-0.072682,0.037117,4.998327,0.000000,0.000000,5.000000,0.081628,0
1784327654.046985,ADAPTIVE,TRACKING,155,16.555743,26.183958,-0.078082,0.035546,4.998412,0.000000,0.000000,5.000000,0.085807,0
1784327654.071986,ADAPTIVE,TRACKING,159,15.899421,24.313833,-0.083050,0.034291,4.999726,0.000000,0.000000,5.000000,0.089851,0
1784327654.096987,ADAPTIVE,TRACKING,152,17.295532,50.711074,-0.083050,0.034291,4.999726,0.000000,0.000000,5.000000,0.089851,0
1784327654.121985,ADAPTIVE,TRACKING,140,12.248724,19.634741,-0.087581,0.032868,5.001102,0.000000,0.000000,5.000000,0.093552,0
1784327654.146985,ADAPTIVE,TRACKING,149,16.022714,28.746279,-0.092759,0.031017,5.000634,0.000000,0.000000,5.000000,0.097809,0
1784327654.171986,ADAPTIVE,TRACKING,145,16.673601,25.624291,-0.096843,0.029755,4.999357,0.000000,0.000000,5.000000,0.101313,0
1784327654.196985,ADAPTIVE,TRACKING,145,12.697201,46.647902,-0.096843,0.029755,4.999357,0.000000,0.000000,5.000000,0.101313,0
1784327654.221986,ADAPTIVE,TRACKING,145,14.704167,26.980868,-0.100327,0.028445,4.999411,0.000000,0.000000,5.000000,0.104283,0
1784327654.246985,ADAPTIVE,TRACKING,148,15.975708,25.652035,-0.103250,0.027137,4.999797,0.000000,0.000000,5.000000,0.106756,0
1784327654.271986,ADAPTIVE,TRACKING,151,14.180166,23.162349,-0.105647,0.026097,4.999247,0.000000,0.000000,5.000000,0.108825,0
1784327654.296986,ADAPTIVE,TRACKING,148,17.549395,51.531749,-0.105647,0.026097,4.999247,0.000000,0.000000,5.000000,0.108825,0
1784327654.321986,ADAPTIVE,TRACKING,140,12.222482,19.643411,-0.107496,0.025690,4.997508,0.000000,0.000000,5.000000,0.110551,0
1784327654.346987,ADAPTIVE,TRACKING,150,16.099260,28.850789,-0.108757,0.025206,4.995200,0.000000,0.000000,5.000000,0.111743,0
1784327654.371986,ADAPTIVE,TRACKING,143,13.486880,22.358966,-0.109412,0.024571,4.993361,0.000000,0.000000,5.000000,0.112333,0
1784327654.396986,ADAPTIVE,TRACKING,155,18.248084,52.120863,-0.109412,0.024571,4.993361,0.000000,0.000000,5.000000,0.112333,0
1784327654.421990,ADAPTIVE,TRACKING,140,12.277578,18.932661,-0.108610,0.023248,4.991564,0.000000,0.000000,5.000000,0.111390,0
1784327654.446987,ADAPTIVE,TRACKING,150,16.188724,28.866685,-0.106515,0.021733,4.991469,0.000000,0.000000,5.000000,0.109044,0
1784327654.471987,ADAPTIVE,TRACKING,143,13.607073,22.388072,-0.104074,0.020256,4.991862,0.000000,0.000000,5.000000,0.106339,0
1784327654.496987,ADAPTIVE,TRACKING,154,15.562330,49.345037,-0.104074,0.020256,4.991862,0.000000,0.000000,5.000000,0.106339,0
1784327654.521987,ADAPTIVE,TRACKING,147,15.234957,24.638306,-0.101312,0.018843,4.992266,0.000000,0.000000,5.000000,0.103340,0
1784327654.546986,ADAPTIVE,TRACKING,150,15.159153,24.835077,-0.098299,0.017076,4.993790,0.000000,0.000000,5.000000,0.099964,0
1784327654.571987,ADAPTIVE,TRACKING,147,12.927160,19.603298,-0.095013,0.015247,4.996340,0.000000,0.000000,5.000000,0.096298,0
1784327654.596987,ADAPTIVE,TRACKING,153,16.444979,48.121523,-0.095013,0.015247,4.996340,0.000000,0.000000,5.000000,0.096298,0
1784327654.621987,ADAPTIVE,TRACKING,151,16.785363,25.313891,-0.090490,0.013041,4.998713,0.000000,0.000000,5.000000,0.091434,0
1784327654.646986,ADAPTIVE,TRACKING,146,12.821867,21.005510,-0.086500,0.011337,4.999630,0.000000,0.000000,5.000000,0.087240,0
1784327654.671987,ADAPTIVE,TRACKING,146,14.852088,23.893234,-0.083159,0.011561,5.000444,0.000000,0.000000,5.000000,0.083960,0
1784327654.696987,ADAPTIVE,TRACKING,149,16.091822,50.132916,-0.083159,0.011561,5.000444,0.000000,0.000000,5.000000,0.083960,0
1784327654.721987,ADAPTIVE,TRACKING,151,17.309149,26.187555,-0.079552,0.011707,5.001231,0.000000,0.000000,5.000000,0.080418,0
1784327654.746987,ADAPTIVE,TRACKING,138,12.152298,19.798328,-0.075747,0.011739,5.001505,0.000000,0.000000,5.000000,0.076665,0
1784327654.771988,ADAPTIVE,TRACKING,144,15.807797,24.588851,-0.071765,0.011725,5.001333,0.000000,0.000000,5.000000,0.072728,0
1784327654.796989,ADAPTIVE,TRACKING,144,14.662555,48.446487,-0.071765,0.011725,5.001333,0.000000,0.000000,5.000000,0.072728,0
1784327654.821988,ADAPTIVE,TRACKING,150,16.185898,26.476974,-0.064566,0.010659,5.000706,0.000000,0.000000,5.000000,0.065444,0
1784327654.846989,ADAPTIVE,TRACKING,140,12.340875,21.115637,-0.058884,0.009975,4.999320,0.000000,0.000000,5.000000,0.059727,0
1784327654.871988,ADAPTIVE,TRACKING,151,17.258144,26.502196,-0.053254,0.009415,4.999657,0.000000,0.000000,5.000000,0.054081,0
1784327654.896988,ADAPTIVE,TRACKING,144,17.697532,51.942205,-0.053254,0.009415,4.999657,0.000000,0.000000,5.000000,0.054081,0
1784327654.921990,ADAPTIVE,TRACKING,138,14.445072,21.701705,-0.046860,0.008871,4.999183,0.000000,0.000000,5.000000,0.047700,0
1784327654.949299,ADAPTIVE,TRACKING,131,14.554421,27.359099,-0.039736,0.008345,4.997285,0.000000,0.000000,5.000000,0.040694,0
1784327654.971987,ADAPTIVE,TRACKING,132,11.577391,19.680307,-0.032637,0.007796,4.995479,0.000000,0.000000,5.000000,0.033859,0
1784327654.996988,ADAPTIVE,TRACKING,148,15.040707,48.143386,-0.032637,0.007796,4.995479,0.000000,0.000000,5.000000,0.033859,0
1784327655.021989,ADAPTIVE,TRACKING,149,16.102724,25.780097,-0.023756,0.007090,4.994262,0.000000,0.000000,5.000000,0.025447,0
1784327655.046988,ADAPTIVE,TRACKING,151,17.252548,26.122679,-0.014373,0.008029,4.994876,0.000000,0.000000,5.000000,0.017243,0
1784327655.073298,ADAPTIVE,TRACKING,138,15.114508,24.099268,-0.004553,0.009308,4.996719,0.000000,0.000000,5.000000,0.010869,0
1784327655.096988,ADAPTIVE,TRACKING,135,11.843093,44.518114,-0.004553,0.009308,4.996719,0.000000,0.000000,5.000000,0.010869,0
1784327655.124300,ADAPTIVE,TRACKING,144,12.626477,28.068909,0.004876,0.010495,4.998518,0.000000,0.000000,5.000000,0.011666,0
1784327655.146987,ADAPTIVE,TRACKING,157,16.790341,26.822997,0.013970,0.011560,4.999910,0.000000,0.000000,5.000000,0.018133,0
1784327655.171988,ADAPTIVE,TRACKING,159,16.010257,24.193960,0.024147,0.012136,5.000989,0.000000,0.000000,5.000000,0.027044,0
1784327655.196988,ADAPTIVE,TRACKING,152,17.345298,50.529013,0.024147,0.012136,5.000989,0.000000,0.000000,5.000000,0.027044,0
1784327655.221989,ADAPTIVE,TRACKING,139,13.807346,21.436759,0.036125,0.012850,5.001984,0.000000,0.000000,5.000000,0.038394,0
1784327655.246988,ADAPTIVE,TRACKING,143,14.588378,25.742721,0.045089,0.013492,5.003124,0.000000,0.000000,5.000000,0.047168,0
1784327655.271988,ADAPTIVE,TRACKING,142,15.514589,24.690160,0.054158,0.013813,5.005294,0.000000,0.000000,5.000000,0.056142,0
1784327655.296988,ADAPTIVE,TRACKING,144,13.668251,47.843332,0.054158,0.013813,5.005294,0.000000,0.000000,5.000000,0.056142,0
1784327655.321989,ADAPTIVE,TRACKING,146,17.843453,29.146743,0.064448,0.013156,5.009134,0.000000,0.000000,5.000000,0.066409,0
1784327655.346988,ADAPTIVE,TRACKING,137,15.070309,22.197444,0.074021,0.012514,5.012834,0.000000,0.000000,5.000000,0.076161,0
1784327655.371989,ADAPTIVE,TRACKING,137,15.043322,24.387301,0.082985,0.011877,5.015877,0.000000,0.000000,5.000000,0.085321,0
1784327655.396989,ADAPTIVE,TRACKING,131,14.556431,48.901068,0.082985,0.011877,5.015877,0.000000,0.000000,5.000000,0.085321,0
1784327655.421993,ADAPTIVE,TRACKING,135,11.870821,22.267850,0.093564,0.010130,5.018598,0.000000,0.000000,5.000000,0.095931,0
1784327655.446989,ADAPTIVE,TRACKING,145,14.717296,27.787420,0.101582,0.007600,5.020948,0.000000,0.000000,5.000000,0.103997,0
1784327655.471988,ADAPTIVE,TRACKING,149,19.115277,28.293255,0.109017,0.005063,5.024031,0.000000,0.000000,5.000000,0.111749,0
1784327655.496989,ADAPTIVE,TRACKING,141,14.406648,48.584377,0.109017,0.005063,5.024031,0.000000,0.000000,5.000000,0.111749,0
1784327655.522298,ADAPTIVE,TRACKING,135,14.825443,25.700366,0.115836,0.002564,5.026690,0.000000,0.000000,5.000000,0.118899,0
1784327655.546988,ADAPTIVE,TRACKING,132,14.588917,24.424880,0.122483,-0.001596,5.030189,0.000000,0.000000,5.000000,0.126159,0
1784327655.571988,ADAPTIVE,TRACKING,139,12.096246,21.071680,0.128512,-0.006135,5.033141,0.000000,0.000000,5.000000,0.132858,0
1784327655.596989,ADAPTIVE,TRACKING,146,17.752806,51.728476,0.128512,-0.006135,5.033141,0.000000,0.000000,5.000000,0.132858,0
1784327655.621991,ADAPTIVE,TRACKING,141,14.811192,22.030664,0.134938,-0.011464,5.035417,0.000000,0.000000,5.000000,0.139978,0
1784327655.646989,ADAPTIVE,TRACKING,143,12.543510,19.213966,0.139176,-0.015454,5.037211,0.000000,0.000000,5.000000,0.144891,0
1784327655.671989,ADAPTIVE,TRACKING,143,15.585839,24.862052,0.141643,-0.020942,5.038526,0.000000,0.000000,5.000000,0.148275,0
1784327655.696990,ADAPTIVE,TRACKING,149,13.987282,48.264212,0.141643,-0.020942,5.038526,0.000000,0.000000,5.000000,0.148275,0
1784327655.723298,ADAPTIVE,TRACKING,154,16.467730,28.760399,0.143506,-0.025937,5.039171,0.000000,0.000000,5.000000,0.151000,0
1784327655.746989,ADAPTIVE,TRACKING,145,15.666129,22.859109,0.144752,-0.030538,5.038986,0.000000,0.000000,5.000000,0.152989,0
1784327655.771990,ADAPTIVE,TRACKING,145,16.707293,25.904697,0.145478,-0.034789,5.037203,0.000000,0.000000,5.000000,0.154137,0
1784327655.796989,ADAPTIVE,TRACKING,136,13.943458,48.140895,0.145478,-0.034789,5.037203,0.000000,0.000000,5.000000,0.154137,0
1784327655.823300,ADAPTIVE,TRACKING,138,15.075843,27.416487,0.145101,-0.034569,5.036956,0.000000,0.000000,5.000000,0.153672,0
1784327655.846989,ADAPTIVE,TRACKING,137,12.955708,21.542163,0.144210,-0.034384,5.036077,0.000000,0.000000,5.000000,0.152579,0
1784327655.871989,ADAPTIVE,TRACKING,146,16.737057,25.947135,0.142745,-0.034091,5.035437,0.000000,0.000000,5.000000,0.150977,0
1784327655.896989,ADAPTIVE,TRACKING,141,16.354287,50.565427,0.142745,-0.034091,5.035437,0.000000,0.000000,5.000000,0.150977,0
1784327655.921990,ADAPTIVE,TRACKING,138,15.449194,24.055625,0.141023,-0.033040,5.036031,0.000000,0.000000,5.000000,0.149256,0
1784327655.950298,ADAPTIVE,TRACKING,131,11.441015,24.263186,0.139097,-0.031261,5.036334,0.000000,0.000000,5.000000,0.147123,0
1784327655.971989,ADAPTIVE,TRACKING,142,15.404787,24.644728,0.136503,-0.029400,5.036935,0.000000,0.000000,5.000000,0.144435,0
1784327655.996990,ADAPTIVE,TRACKING,146,16.727753,50.967857,0.136503,-0.029400,5.036935,0.000000,0.000000,5.000000,0.144435,0
1784327656.021989,ADAPTIVE,TRACKING,144,12.574416,20.819806,0.132242,-0.026949,5.038326,0.000000,0.000000,5.000000,0.140296,0
1784327656.046990,ADAPTIVE,TRACKING,144,14.572147,26.961852,0.130302,-0.023591,5.041624,0.000000,0.000000,5.000000,0.138808,0
1784327656.071990,ADAPTIVE,TRACKING,148,15.897706,25.082115,0.128473,-0.019821,5.044951,0.000000,0.000000,5.000000,0.137545,0
1784327656.096990,ADAPTIVE,TRACKING,152,14.288631,48.472726,0.128473,-0.019821,5.044951,0.000000,0.000000,5.000000,0.137545,0
1784327656.121990,ADAPTIVE,TRACKING,148,14.927978,25.605875,0.126150,-0.016094,5.046997,0.000000,0.000000,5.000000,0.135579,0
1784327656.149298,ADAPTIVE,TRACKING,148,12.940893,25.288900,0.123408,-0.012466,5.048850,0.000000,0.000000,5.000000,0.133309,0
1784327656.171990,ADAPTIVE,TRACKING,159,16.851966,26.072996,0.118615,-0.007323,5.051160,0.000000,0.000000,5.000000,0.129385,0
1784327656.196990,ADAPTIVE,TRACKING,152,15.325900,49.546719,0.118615,-0.007323,5.051160,0.000000,0.000000,5.000000,0.129385,0
1784327656.221991,ADAPTIVE,TRACKING,152,15.719207,25.362170,0.112323,-0.001303,5.054147,0.000000,0.000000,5.000000,0.124700,0
1784327656.246990,ADAPTIVE,TRACKING,145,16.287362,25.524312,0.107077,0.003196,5.056396,0.000000,0.000000,5.000000,0.121063,0
1784327656.271990,ADAPTIVE,TRACKING,142,12.398945,21.073387,0.101968,0.008049,5.056507,0.000000,0.000000,5.000000,0.116855,0
1784327656.296991,ADAPTIVE,TRACKING,148,17.340765,51.015999,0.101968,0.008049,5.056507,0.000000,0.000000,5.000000,0.116855,0
1784327656.321990,ADAPTIVE,TRACKING,142,12.395735,20.018798,0.097523,0.014276,5.055530,0.000000,0.000000,5.000000,0.113129,0
1784327656.346990,ADAPTIVE,TRACKING,154,15.447673,28.022582,0.092793,0.019946,5.054068,0.000000,0.000000,5.000000,0.109233,0
1784327656.371990,ADAPTIVE,TRACKING,147,16.849159,26.007779,0.087840,0.025068,5.051003,0.000000,0.000000,5.000000,0.104621,0
1784327656.396991,ADAPTIVE,TRACKING,148,15.001306,49.160186,0.087840,0.025068,5.051003,0.000000,0.000000,5.000000,0.104621,0
1784327656.421992,ADAPTIVE,TRACKING,142,15.511625,25.472596,0.081034,0.030893,5.044484,0.000000,0.000000,5.000000,0.097467,0
1784327656.446990,ADAPTIVE,TRACKING,138,12.178686,21.619386,0.074994,0.035223,5.037909,0.000000,0.000000,5.000000,0.091115,0
1784327656.471991,ADAPTIVE,TRACKING,150,17.104024,26.199355,0.068820,0.039295,5.030612,0.000000,0.000000,5.000000,0.084955,0
1784327656.496991,ADAPTIVE,TRACKING,144,12.574057,46.669455,0.068820,0.039295,5.030612,0.000000,0.000000,5.000000,0.084955,0
1784327656.521990,ADAPTIVE,TRACKING,155,15.619081,28.019102,0.062373,0.043070,5.023077,0.000000,0.000000,5.000000,0.079234,0
1784327656.546991,ADAPTIVE,TRACKING,148,17.018545,26.371064,0.057877,0.047883,5.014835,0.000000,0.000000,5.000000,0.076567,0
1784327656.571990,ADAPTIVE,TRACKING,148,14.980731,22.931549,0.053826,0.052805,5.005647,0.000000,0.000000,5.000000,0.075614,0
1784327656.596991,ADAPTIVE,TRACKING,141,15.406770,48.357836,0.053826,0.052805,5.005647,0.000000,0.000000,5.000000,0.075614,0
1784327656.621991,ADAPTIVE,TRACKING,138,12.146691,21.708871,0.048383,0.058562,4.994931,0.000000,0.000000,5.000000,0.076132,0
1784327656.646991,ADAPTIVE,TRACKING,150,15.163868,27.989400,0.043836,0.062813,4.989574,0.000000,0.000000,5.000000,0.077303,0
1784327656.671992,ADAPTIVE,TRACKING,150,16.181855,25.236176,0.037405,0.068593,4.988023,0.000000,0.000000,5.000000,0.079042,0
1784327656.696991,ADAPTIVE,TRACKING,151,14.239957,48.293236,0.037405,0.068593,4.988023,0.000000,0.000000,5.000000,0.079042,0
1784327656.721992,ADAPTIVE,TRACKING,148,15.019429,25.752293,0.031068,0.073750,4.986561,0.000000,0.000000,5.000000,0.081147,0
1784327656.746991,ADAPTIVE,TRACKING,148,16.510434,26.454939,0.024794,0.078262,4.984735,0.000000,0.000000,5.000000,0.083503,0
1784327656.772298,ADAPTIVE,TRACKING,146,18.890104,27.656210,0.018518,0.082004,4.982866,0.000000,0.000000,5.000000,0.085797,0
1784327656.796991,ADAPTIVE,TRACKING,131,13.541443,47.000687,0.018518,0.082004,4.982866,0.000000,0.000000,5.000000,0.085797,0
1784327656.822301,ADAPTIVE,TRACKING,130,14.709798,26.450025,0.011758,0.083336,4.979544,0.000000,0.000000,5.000000,0.086612,0
1784327656.846991,ADAPTIVE,TRACKING,130,14.391831,24.331071,0.006387,0.084057,4.977980,0.000000,0.000000,5.000000,0.087128,0
1784327656.871992,ADAPTIVE,TRACKING,137,14.056691,23.300135,0.001123,0.084522,4.977648,0.000000,0.000000,5.000000,0.087435,0
1784327656.896992,ADAPTIVE,TRACKING,137,13.030376,47.274142,0.001123,0.084522,4.977648,0.000000,0.000000,5.000000,0.087435,0
1784327656.922301,ADAPTIVE,TRACKING,145,16.766726,29.006695,-0.003737,0.083834,4.976501,0.000000,0.000000,5.000000,0.087145,0
1784327656.946992,ADAPTIVE,TRACKING,143,16.594744,24.474161,-0.009312,0.081575,4.975492,0.000000,0.000000,5.000000,0.085685,0
1784327656.971991,ADAPTIVE,TRACKING,137,14.073326,21.754396,-0.012542,0.080224,4.975210,0.000000,0.000000,5.000000,0.084899,0
1784327656.996992,ADAPTIVE,TRACKING,134,13.781057,46.463072,-0.012542,0.080224,4.975210,0.000000,0.000000,5.000000,0.084899,0
1784327657.021992,ADAPTIVE,TRACKING,139,14.213544,25.406953,-0.017711,0.078098,4.972964,0.000000,0.000000,5.000000,0.084521,0
1784327657.046992,ADAPTIVE,TRACKING,146,14.832010,25.588716,-0.021749,0.078151,4.969853,0.000000,0.000000,5.000000,0.086541,0
1784327657.071992,ADAPTIVE,TRACKING,146,15.881020,25.005377,-0.025561,0.078642,4.965715,0.000000,0.000000,5.000000,0.089517,0
1784327657.096991,ADAPTIVE,TRACKING,143,15.537514,49.661136,-0.025561,0.078642,4.965715,0.000000,0.000000,5.000000,0.089517,0
1784327657.121991,ADAPTIVE,TRACKING,141,15.762368,25.195210,-0.029163,0.078768,4.961656,0.000000,0.000000,5.000000,0.092331,0
1784327657.148299,ADAPTIVE,TRACKING,136,14.992117,25.507825,-0.032583,0.078466,4.958302,0.000000,0.000000,5.000000,0.094643,0
1784327657.171992,ADAPTIVE,TRACKING,136,11.934189,20.606774,-0.033497,0.077233,4.955975,0.000000,0.000000,5.000000,0.095001,0
1784327657.198765,ADAPTIVE,TRACKING,145,13.758726,49.204420,-0.033497,0.077233,4.955975,0.000000,0.000000,5.000000,0.095001,0
1784327657.221992,ADAPTIVE,TRACKING,153,17.955668,27.401383,-0.034557,0.074774,4.954495,0.000000,0.000000,5.000000,0.094107,0
1784327657.246992,ADAPTIVE,TRACKING,150,16.178585,23.185208,-0.035308,0.072191,4.954281,0.000000,0.000000,5.000000,0.092458,0
1784327657.271992,ADAPTIVE,TRACKING,140,15.321427,24.098115,-0.035871,0.068974,4.954917,0.000000,0.000000,5.000000,0.089870,0
1784327657.296993,ADAPTIVE,TRACKING,134,14.807156,48.585434,-0.035871,0.068974,4.954917,0.000000,0.000000,5.000000,0.089870,0
1784327657.322298,ADAPTIVE,TRACKING,137,18.029603,28.496290,-0.036167,0.064664,4.956793,0.000000,0.000000,5.000000,0.085769,0
1784327657.346992,ADAPTIVE,TRACKING,128,11.251186,17.888615,-0.036278,0.060219,4.958364,0.000000,0.000000,5.000000,0.081707,0
1784327657.371993,ADAPTIVE,TRACKING,136,13.973982,23.092363,-0.036226,0.055618,4.961214,0.000000,0.000000,5.000000,0.076877,0
1784327657.398299,ADAPTIVE,TRACKING,139,18.237320,53.663198,-0.036226,0.055618,4.961214,0.000000,0.000000,5.000000,0.076877,0
1784327657.421993,ADAPTIVE,TRACKING,139,13.975116,19.372565,-0.035856,0.047299,4.963529,0.000000,0.000000,5.000000,0.069663,0
1784327657.446993,ADAPTIVE,TRACKING,134,16.776474,27.756588,-0.035294,0.037936,4.964115,0.000000,0.000000,5.000000,0.063029,0
1784327657.471994,ADAPTIVE,TRACKING,126,11.121995,19.308890,-0.034804,0.028866,4.965291,0.000000,0.000000,5.000000,0.057003,0
1784327657.496992,ADAPTIVE,TRACKING,143,17.024008,50.208588,-0.034804,0.028866,4.965291,0.000000,0.000000,5.000000,0.057003,0
1784327657.521992,ADAPTIVE,TRACKING,135,14.895894,22.844016,-0.034363,0.020087,4.966797,0.000000,0.000000,5.000000,0.051834,0
1784327657.549300,ADAPTIVE,TRACKING,141,15.419472,27.800131,-0.034673,0.011978,4.967759,0.000000,0.000000,5.000000,0.048838,0
1784327657.571993,ADAPTIVE,TRACKING,132,14.578673,21.825423,-0.035150,0.004204,4.968159,0.000000,0.000000,5.000000,0.047614,0
1784327657.596993,ADAPTIVE,TRACKING,136,14.979881,47.227776,-0.035150,0.004204,4.968159,0.000000,0.000000,5.000000,0.047614,0
1784327657.621993,ADAPTIVE,TRACKING,136,14.414371,24.406859,-0.035572,-0.005342,4.968366,0.000000,0.000000,5.000000,0.047902,0
1784327657.646993,ADAPTIVE,TRACKING,137,12.035036,22.587174,-0.035673,-0.012840,4.968563,0.000000,0.000000,5.000000,0.049252,0
1784327657.671993,ADAPTIVE,TRACKING,148,17.028760,24.710537,-0.035555,-0.020711,4.969518,0.000000,0.000000,5.000000,0.051208,0
1784327657.696992,ADAPTIVE,TRACKING,145,17.746992,50.428137,-0.035555,-0.020711,4.969518,0.000000,0.000000,5.000000,0.051208,0
1784327657.721993,ADAPTIVE,TRACKING,138,12.133929,19.354601,-0.035336,-0.028323,4.970798,0.000000,0.000000,5.000000,0.053885,0
1784327657.748298,ADAPTIVE,TRACKING,138,15.118103,29.262821,-0.034993,-0.035643,4.972227,0.000000,0.000000,5.000000,0.057151,0
1784327657.771993,ADAPTIVE,TRACKING,140,12.315150,20.862117,-0.034543,-0.044778,4.972215,0.000000,0.000000,5.000000,0.063010,0
1784327657.796996,ADAPTIVE,TRACKING,157,17.343488,50.893817,-0.034543,-0.044778,4.972215,0.000000,0.000000,5.000000,0.063010,0
1784327657.821994,ADAPTIVE,TRACKING,146,14.410236,22.025105,-0.034693,-0.053555,4.971211,0.000000,0.000000,5.000000,0.070004,0
1784327657.846993,ADAPTIVE,TRACKING,151,15.250522,25.812807,-0.034713,-0.061801,4.970641,0.000000,0.000000,5.000000,0.076722,0
1784327657.871993,ADAPTIVE,TRACKING,145,15.743038,24.955469,-0.034688,-0.069488,4.970388,0.000000,0.000000,5.000000,0.083118,0
1784327657.896994,ADAPTIVE,TRACKING,145,13.713982,47.927677,-0.034688,-0.069488,4.970388,0.000000,0.000000,5.000000,0.083118,0
1784327657.921997,ADAPTIVE,TRACKING,147,14.930125,26.178601,-0.034059,-0.076606,4.970531,0.000000,0.000000,5.000000,0.088864,0
1784327657.946993,ADAPTIVE,TRACKING,147,15.912850,25.929807,-0.032790,-0.083129,4.970678,0.000000,0.000000,5.000000,0.094050,0
1784327657.971994,ADAPTIVE,TRACKING,147,16.924215,25.979435,-0.031459,-0.089144,4.971569,0.000000,0.000000,5.000000,0.098715,0
1784327657.996994,ADAPTIVE,TRACKING,138,12.144928,46.199706,-0.031459,-0.089144,4.971569,0.000000,0.000000,5.000000,0.098715,0
1784327658.021995,ADAPTIVE,TRACKING,144,16.597287,29.425708,-0.029725,-0.095929,4.972250,0.000000,0.000000,5.000000,0.104192,0
1784327658.046993,ADAPTIVE,TRACKING,141,12.383520,20.749397,-0.027909,-0.100804,4.970902,0.000000,0.000000,5.000000,0.108569,0
1784327658.071994,ADAPTIVE,TRACKING,154,15.550625,24.664119,-0.026079,-0.105151,4.969677,0.000000,0.000000,5.000000,0.112501,0
1784327658.096994,ADAPTIVE,TRACKING,147,16.885698,50.999625,-0.026079,-0.105151,4.969677,0.000000,0.000000,5.000000,0.112501,0
1784327658.121995,ADAPTIVE,TRACKING,148,13.008432,21.092054,-0.024385,-0.108933,4.968672,0.000000,0.000000,5.000000,0.115942,0
1784327658.146994,ADAPTIVE,TRACKING,148,14.978331,26.918456,-0.022697,-0.112108,4.967680,0.000000,0.000000,5.000000,0.118861,0
1784327658.171994,ADAPTIVE,TRACKING,148,12.983988,19.667931,-0.021317,-0.114221,4.969438,0.000000,0.000000,5.000000,0.120145,0
1784327658.196994,ADAPTIVE,TRACKING,162,17.161058,48.845189,-0.021317,-0.114221,4.969438,0.000000,0.000000,5.000000,0.120145,0
1784327658.221994,ADAPTIVE,TRACKING,152,15.353494,23.164291,-0.019258,-0.116078,4.972570,0.000000,0.000000,5.000000,0.120820,0
1784327658.246994,ADAPTIVE,TRACKING,152,16.350270,25.972240,-0.017398,-0.116880,4.975289,0.000000,0.000000,5.000000,0.120724,0
1784327658.271994,ADAPTIVE,TRACKING,143,13.548134,22.151746,-0.015061,-0.116704,4.977430,0.000000,0.000000,5.000000,0.119817,0
1784327658.296995,ADAPTIVE,TRACKING,148,14.993449,48.598032,-0.015061,-0.116704,4.977430,0.000000,0.000000,5.000000,0.119817,0
1784327658.321994,ADAPTIVE,TRACKING,148,15.985469,25.961816,-0.011499,-0.114907,4.977871,0.000000,0.000000,5.000000,0.117582,0
1784327658.346994,ADAPTIVE,TRACKING,147,13.881439,22.870044,-0.008142,-0.112597,4.978627,0.000000,0.000000,5.000000,0.114896,0
1784327658.371994,ADAPTIVE,TRACKING,148,14.998232,22.683598,-0.004936,-0.109884,4.978960,0.000000,0.000000,5.000000,0.111989,0
1784327658.398299,ADAPTIVE,TRACKING,148,15.968209,49.959138,-0.004936,-0.109884,4.978960,0.000000,0.000000,5.000000,0.111989,0
1784327658.424300,ADAPTIVE,TRACKING,148,15.950774,25.932295,-0.000353,-0.104755,4.979544,0.000000,0.000000,5.000000,0.106734,0
1784327658.446995,ADAPTIVE,TRACKING,141,15.824815,22.507906,0.003972,-0.098814,4.979397,0.000000,0.000000,5.000000,0.101017,0
1784327658.471995,ADAPTIVE,TRACKING,137,15.028156,24.175665,0.008058,-0.092506,4.980588,0.000000,0.000000,5.000000,0.094864,0
1784327658.496994,ADAPTIVE,TRACKING,136,14.927107,49.074563,0.008058,-0.092506,4.980588,0.000000,0.000000,5.000000,0.094864,0
1784327658.521995,ADAPTIVE,TRACKING,135,11.839290,21.884840,0.011911,-0.085975,4.982155,0.000000,0.000000,5.000000,0.088611,0
1784327658.546995,ADAPTIVE,TRACKING,146,15.791272,28.470218,0.016948,-0.079447,4.983850,0.000000,0.000000,5.000000,0.082824,0
1784327658.571995,ADAPTIVE,TRACKING,147,16.929740,26.110833,0.022015,-0.072901,4.984488,0.000000,0.000000,5.000000,0.077716,0
1784327658.596995,ADAPTIVE,TRACKING,144,12.615264,46.796432,0.022015,-0.072901,4.984488,0.000000,0.000000,5.000000,0.077716,0
1784327658.621995,ADAPTIVE,TRACKING,144,14.611979,26.647926,0.027710,-0.064709,4.983215,0.000000,0.000000,5.000000,0.072366,0
1784327658.646995,ADAPTIVE,TRACKING,147,15.917700,26.260849,0.031876,-0.058217,4.981952,0.000000,0.000000,5.000000,0.068782,0
1784327658.671995,ADAPTIVE,TRACKING,151,14.193443,23.249029,0.036309,-0.049498,4.979907,0.000000,0.000000,5.000000,0.064592,0
1784327658.696995,ADAPTIVE,TRACKING,148,17.557476,51.612932,0.036309,-0.049498,4.979907,0.000000,0.000000,5.000000,0.064592,0
1784327658.721995,ADAPTIVE,TRACKING,140,12.234621,19.641559,0.040543,-0.041084,4.978161,0.000000,0.000000,5.000000,0.061714,0
1784327658.746995,ADAPTIVE,TRACKING,149,16.063280,28.798721,0.044642,-0.032994,4.977504,0.000000,0.000000,5.000000,0.059897,0
1784327658.771996,ADAPTIVE,TRACKING,143,13.512817,22.418109,0.050179,-0.023302,4.978986,0.000000,0.000000,5.000000,0.059182,0
1784327658.796995,ADAPTIVE,TRACKING,155,18.161433,52.066532,0.050179,-0.023302,4.978986,0.000000,0.000000,5.000000,0.059182,0
1784327658.821996,ADAPTIVE,TRACKING,140,12.350570,19.149207,0.056393,-0.015902,4.982087,0.000000,0.000000,5.000000,0.061270,0
1784327658.846996,ADAPTIVE,TRACKING,150,16.221713,28.837994,0.062135,-0.008766,4.984626,0.000000,0.000000,5.000000,0.064606,0
1784327658.871995,ADAPTIVE,TRACKING,143,13.569788,22.316476,0.067443,-0.001847,4.986574,0.000000,0.000000,5.000000,0.068791,0
1784327658.896996,ADAPTIVE,TRACKING,154,17.904051,51.652074,0.067443,-0.001847,4.986574,0.000000,0.000000,5.000000,0.068791,0
1784327658.921998,ADAPTIVE,TRACKING,140,12.342037,19.344992,0.075103,0.006228,4.990332,0.000000,0.000000,5.000000,0.075978,0
1784327658.946996,ADAPTIVE,TRACKING,150,15.238311,27.855365,0.079913,0.010870,4.993085,0.000000,0.000000,5.000000,0.080945,0
1784327658.971995,ADAPTIVE,TRACKING,147,15.931064,25.094758,0.085782,0.016961,4.996766,0.000000,0.000000,5.000000,0.087502,0
1784327658.996996,ADAPTIVE,TRACKING,150,17.193192,51.357266,0.085782,0.016961,4.996766,0.000000,0.000000,5.000000,0.087502,0
1784327659.021996,ADAPTIVE,TRACKING,138,12.106616,19.886454,0.092400,0.024550,5.000384,0.000000,0.000000,5.000000,0.095606,0
1784327659.046996,ADAPTIVE,TRACKING,144,16.435276,29.296263,0.097029,0.029145,5.001832,0.000000,0.000000,5.000000,0.101328,0
1784327659.071995,ADAPTIVE,TRACKING,142,12.467668,21.002756,0.101143,0.033271,5.002951,0.000000,0.000000,5.000000,0.106516,0
1784327659.096996,ADAPTIVE,TRACKING,155,18.210227,51.745809,0.101143,0.033271,5.002951,0.000000,0.000000,5.000000,0.106516,0
1784327659.121996,ADAPTIVE,TRACKING,140,12.310997,19.072523,0.104767,0.037391,5.004049,0.000000,0.000000,5.000000,0.111313,0
1784327659.146996,ADAPTIVE,TRACKING,153,15.489347,28.142658,0.107917,0.041558,5.004596,0.000000,0.000000,5.000000,0.115733,0
1784327659.171996,ADAPTIVE,TRACKING,146,16.865176,25.965834,0.111442,0.045340,5.005621,0.000000,0.000000,5.000000,0.120443,0
1784327659.196996,ADAPTIVE,TRACKING,147,12.966347,47.066852,0.111442,0.045340,5.005621,0.000000,0.000000,5.000000,0.120443,0
1784327659.223299,ADAPTIVE,TRACKING,147,15.913267,29.222345,0.114950,0.049898,5.006543,0.000000,0.000000,5.000000,0.125484,0
1784327659.246996,ADAPTIVE,TRACKING,144,12.644572,20.395574,0.117053,0.053222,5.007316,0.000000,0.000000,5.000000,0.128793,0
1784327659.271996,ADAPTIVE,TRACKING,158,18.916074,28.053666,0.118403,0.056469,5.006584,0.000000,0.000000,5.000000,0.131344,0
1784327659.296996,ADAPTIVE,TRACKING,142,12.464877,46.602058,0.118403,0.056469,5.006584,0.000000,0.000000,5.000000,0.131344,0
1784327659.321996,ADAPTIVE,TRACKING,152,17.360906,29.870507,0.118681,0.060104,5.002836,0.000000,0.000000,5.000000,0.133062,0
1784327659.346996,ADAPTIVE,TRACKING,139,12.232564,19.844724,0.118337,0.063123,4.999682,0.000000,0.000000,5.000000,0.134120,0
1784327659.371997,ADAPTIVE,TRACKING,155,17.698238,26.990910,0.117396,0.065619,4.996814,0.000000,0.000000,5.000000,0.134528,0
1784327659.396996,ADAPTIVE,TRACKING,142,16.502962,50.795721,0.117396,0.065619,4.996814,0.000000,0.000000,5.000000,0.134528,0
1784327659.422004,ADAPTIVE,TRACKING,141,17.424405,25.885619,0.115006,0.067768,4.992756,0.000000,0.000000,5.000000,0.133684,0
1784327659.446997,ADAPTIVE,TRACKING,127,13.130592,20.647662,0.112069,0.068672,4.988060,0.000000,0.000000,5.000000,0.131976,0
1784327659.471997,ADAPTIVE,TRACKING,131,12.540870,21.698275,0.108788,0.069271,4.983678,0.000000,0.000000,5.000000,0.129998,0
1784327659.496996,ADAPTIVE,TRACKING,139,16.231289,50.388431,0.108788,0.069271,4.983678,0.000000,0.000000,5.000000,0.129998,0
1784327659.521996,ADAPTIVE,TRACKING,142,12.550548,21.281164,0.105101,0.069623,4.979646,0.000000,0.000000,5.000000,0.127703,0
1784327659.546997,ADAPTIVE,TRACKING,149,17.169441,29.590996,0.101261,0.070108,4.977012,0.000000,0.000000,5.000000,0.125289,0
1784327659.571996,ADAPTIVE,TRACKING,140,14.314593,22.115790,0.097113,0.070477,4.974389,0.000000,0.000000,5.000000,0.122694,0
1784327659.596997,ADAPTIVE,TRACKING,147,14.925848,47.728058,0.097113,0.070477,4.974389,0.000000,0.000000,5.000000,0.122694,0
1784327659.621998,ADAPTIVE,TRACKING,141,15.412015,25.443018,0.091565,0.070678,4.970435,0.000000,0.000000,5.000000,0.119389,0
1784327659.646998,ADAPTIVE,TRACKING,143,12.590717,22.140779,0.086950,0.070620,4.967850,0.000000,0.000000,5.000000,0.116538,0
1784327659.671998,ADAPTIVE,TRACKING,150,16.187582,25.399921,0.082677,0.071409,4.965516,0.000000,0.000000,5.000000,0.114559,0
1784327659.696997,ADAPTIVE,TRACKING,147,13.944468,48.156558,0.082677,0.071409,4.965516,0.000000,0.000000,5.000000,0.114559,0
1784327659.721997,ADAPTIVE,TRACKING,154,15.573527,26.597375,0.078107,0.071818,4.964431,0.000000,0.000000,5.000000,0.111909,0
1784327659.747298,ADAPTIVE,TRACKING,148,16.043053,25.742186,0.073215,0.071848,4.964897,0.000000,0.000000,5.000000,0.108420,0
1784327659.771997,ADAPTIVE,TRACKING,147,16.882631,25.512170,0.067966,0.071545,4.966585,0.000000,0.000000,5.000000,0.104186,0
1784327659.796997,ADAPTIVE,TRACKING,138,12.175155,45.804198,0.067966,0.071545,4.966585,0.000000,0.000000,5.000000,0.104186,0
1784327659.821998,ADAPTIVE,TRACKING,144,14.654293,27.453469,0.062718,0.070820,4.970968,0.000000,0.000000,5.000000,0.098954,0
1784327659.846997,ADAPTIVE,TRACKING,147,15.959876,26.278406,0.058145,0.069919,4.974633,0.000000,0.000000,5.000000,0.094409,0
1784327659.871998,ADAPTIVE,TRACKING,150,14.198851,23.213002,0.053317,0.068760,4.977957,0.000000,0.000000,5.000000,0.089758,0
1784327659.896998,ADAPTIVE,TRACKING,147,14.940096,48.955616,0.053317,0.068760,4.977957,0.000000,0.000000,5.000000,0.089758,0
1784327659.922001,ADAPTIVE,TRACKING,147,15.970242,25.994304,0.047620,0.067405,4.981346,0.000000,0.000000,5.000000,0.084611,0
1784327659.947028,ADAPTIVE,TRACKING,147,19.413613,28.430147,0.041130,0.065895,4.985048,0.000000,0.000000,5.000000,0.079104,0
1784327659.972000,ADAPTIVE,TRACKING,131,11.447487,16.920854,0.034594,0.064220,4.989080,0.000000,0.000000,5.000000,0.073758,0
1784327659.996998,ADAPTIVE,TRACKING,137,15.550896,46.022010,0.034594,0.064220,4.989080,0.000000,0.000000,5.000000,0.073758,0
1784327660.021999,ADAPTIVE,TRACKING,135,12.841135,22.261852,0.026597,0.061939,4.993818,0.000000,0.000000,5.000000,0.067691,0
1784327660.046999,ADAPTIVE,TRACKING,152,17.376253,29.499536,0.019929,0.060572,4.995173,0.000000,0.000000,5.000000,0.063948,0
1784327660.071999,ADAPTIVE,TRACKING,139,12.228825,19.825915,0.013334,0.059125,4.995578,0.000000,0.000000,5.000000,0.060771,0
1784327660.096998,ADAPTIVE,TRACKING,151,17.917737,50.514189,0.013334,0.059125,4.995578,0.000000,0.000000,5.000000,0.060771,0
1784327660.121998,ADAPTIVE,TRACKING,140,12.268956,19.304446,0.006934,0.057321,4.996616,0.000000,0.000000,5.000000,0.057838,0
1784327660.146998,ADAPTIVE,TRACKING,152,16.374871,29.063588,0.000821,0.055167,4.998107,0.000000,0.000000,5.000000,0.055206,0
1784327660.172000,ADAPTIVE,TRACKING,143,16.544817,25.144568,-0.006048,0.052343,5.000329,0.000000,0.000000,5.000000,0.052692,0
1784327660.196998,ADAPTIVE,TRACKING,144,12.671657,46.269751,-0.006048,0.052343,5.000329,0.000000,0.000000,5.000000,0.052692,0
1784327660.221998,ADAPTIVE,TRACKING,144,14.694192,26.997097,-0.014345,0.048498,5.002375,0.000000,0.000000,5.000000,0.050631,0
1784327660.246999,ADAPTIVE,TRACKING,147,15.932582,26.205820,-0.020785,0.045295,5.003785,0.000000,0.000000,5.000000,0.049980,0
1784327660.271999,ADAPTIVE,TRACKING,150,17.149893,26.147081,-0.026328,0.042243,5.004644,0.000000,0.000000,5.000000,0.049992,0
1784327660.298298,ADAPTIVE,TRACKING,138,15.132806,50.429712,-0.026328,0.042243,5.004644,0.000000,0.000000,5.000000,0.049992,0
1784327660.321998,ADAPTIVE,TRACKING,135,11.881417,20.417867,-0.029792,0.039711,5.003723,0.000000,0.000000,5.000000,0.049784,0
1784327660.346999,ADAPTIVE,TRACKING,144,15.627388,28.716718,-0.034225,0.036405,5.003040,0.000000,0.000000,5.000000,0.050059,0
1784327660.371999,ADAPTIVE,TRACKING,146,13.817416,22.994087,-0.036882,0.034386,5.002948,0.000000,0.000000,5.000000,0.050511,0
1784327660.398300,ADAPTIVE,TRACKING,154,16.520203,51.998765,-0.036882,0.034386,5.002948,0.000000,0.000000,5.000000,0.050511,0
1784327660.422003,ADAPTIVE,TRACKING,144,15.665915,22.795569,-0.042614,0.030773,5.002519,0.000000,0.000000,5.000000,0.052624,0
1784327660.446999,ADAPTIVE,TRACKING,144,12.655610,21.933678,-0.048619,0.027593,5.002302,0.000000,0.000000,5.000000,0.055951,0
1784327660.471999,ADAPTIVE,TRACKING,148,16.996327,26.085075,-0.054269,0.024508,5.001482,0.000000,0.000000,5.000000,0.059565,0
1784327660.496999,ADAPTIVE,TRACKING,144,12.629120,46.717842,-0.054269,0.024508,5.001482,0.000000,0.000000,5.000000,0.059565,0
1784327660.521999,ADAPTIVE,TRACKING,154,15.535046,27.878365,-0.059548,0.021567,5.000144,0.000000,0.000000,5.000000,0.063334,0
1784327660.546999,ADAPTIVE,TRACKING,148,17.038477,26.472735,-0.064400,0.019334,4.996111,0.000000,0.000000,5.000000,0.067352,0
1784327660.571999,ADAPTIVE,TRACKING,148,13.030406,20.963124,-0.066861,0.018272,4.994403,0.000000,0.000000,5.000000,0.069538,0
1784327660.598298,ADAPTIVE,TRACKING,148,16.057026,50.288718,-0.066861,0.018272,4.994403,0.000000,0.000000,5.000000,0.069538,0
1784327660.622000,ADAPTIVE,TRACKING,144,14.680297,22.292703,-0.070725,0.016442,4.989664,0.000000,0.000000,5.000000,0.073343,0
1784327660.646999,ADAPTIVE,TRACKING,150,16.202958,26.492161,-0.073593,0.014863,4.984557,0.000000,0.000000,5.000000,0.076650,0
1784327660.671999,ADAPTIVE,TRACKING,141,12.402319,21.172554,-0.076123,0.015669,4.980107,0.000000,0.000000,5.000000,0.080225,0
1784327660.697001,ADAPTIVE,TRACKING,151,17.287090,51.058217,-0.076123,0.015669,4.980107,0.000000,0.000000,5.000000,0.080225,0
1784327660.721999,ADAPTIVE,TRACKING,144,12.657865,20.328806,-0.078516,0.016118,4.976595,0.000000,0.000000,5.000000,0.083500,0
1784327660.746999,ADAPTIVE,TRACKING,154,16.919806,29.236222,-0.080749,0.016274,4.972620,0.000000,0.000000,5.000000,0.086804,0
1784327660.772298,ADAPTIVE,TRACKING,144,18.665173,27.014124,-0.082711,0.016291,4.968127,0.000000,0.000000,5.000000,0.090124,0
1784327660.797000,ADAPTIVE,TRACKING,137,12.029732,45.080902,-0.082711,0.016291,4.968127,0.000000,0.000000,5.000000,0.090124,0
1784327660.824299,ADAPTIVE,TRACKING,137,11.974055,27.212457,-0.084221,0.015151,4.960540,0.000000,0.000000,5.000000,0.094233,0
1784327660.847000,ADAPTIVE,TRACKING,147,14.801476,25.485652,-0.084919,0.014234,4.956687,0.000000,0.000000,5.000000,0.096384,0
1784327660.872000,ADAPTIVE,TRACKING,163,17.228183,26.467648,-0.085078,0.013208,4.954131,0.000000,0.000000,5.000000,0.097553,0
1784327660.897000,ADAPTIVE,TRACKING,153,15.411779,49.652265,-0.085078,0.013208,4.954131,0.000000,0.000000,5.000000,0.097553,0
1784327660.922001,ADAPTIVE,TRACKING,146,15.804890,25.348351,-0.083398,0.013176,4.952856,0.000000,0.000000,5.000000,0.096702,0
1784327660.947000,ADAPTIVE,TRACKING,143,13.490765,22.642107,-0.080127,0.014082,4.952209,0.000000,0.000000,5.000000,0.094353,0
1784327660.972000,ADAPTIVE,TRACKING,148,14.951696,24.036703,-0.076684,0.014639,4.952147,0.000000,0.000000,5.000000,0.091568,0
1784327660.998623,ADAPTIVE,TRACKING,148,13.943337,49.651562,-0.076684,0.014639,4.952147,0.000000,0.000000,5.000000,0.091568,0
1784327661.022000,ADAPTIVE,TRACKING,155,17.561154,26.968702,-0.072005,0.014943,4.954353,0.000000,0.000000,5.000000,0.086555,0
1784327661.047000,ADAPTIVE,TRACKING,145,12.678227,20.091290,-0.068603,0.014710,4.958071,0.000000,0.000000,5.000000,0.081736,0
1784327661.072000,ADAPTIVE,TRACKING,152,13.269642,19.967550,-0.065282,0.014246,4.961812,0.000000,0.000000,5.000000,0.076961,0
1784327661.097001,ADAPTIVE,TRACKING,156,17.651831,49.351011,-0.065282,0.014246,4.961812,0.000000,0.000000,5.000000,0.076961,0
1784327661.122000,ADAPTIVE,TRACKING,156,16.644669,23.959859,-0.061912,0.013649,4.963789,0.000000,0.000000,5.000000,0.073011,0
1784327661.147000,ADAPTIVE,TRACKING,146,12.784663,20.474688,-0.058476,0.012939,4.964461,0.000000,0.000000,5.000000,0.069641,0
1784327661.172000,ADAPTIVE,TRACKING,146,14.777322,23.902729,-0.054204,0.014849,4.967116,0.000000,0.000000,5.000000,0.065115,0
1784327661.197001,ADAPTIVE,TRACKING,152,16.378082,50.504181,-0.054204,0.014849,4.967116,0.000000,0.000000,5.000000,0.065115,0
1784327661.222000,ADAPTIVE,TRACKING,151,15.138924,22.828774,-0.048801,0.016779,4.972874,0.000000,0.000000,5.000000,0.058300,0
1784327661.247000,ADAPTIVE,TRACKING,145,15.665307,25.493286,-0.044392,0.018052,4.978962,0.000000,0.000000,5.000000,0.052337,0
1784327661.272001,ADAPTIVE,TRACKING,142,13.298581,22.535859,-0.039382,0.018972,4.985425,0.000000,0.000000,5.000000,0.046079,0
1784327661.297001,ADAPTIVE,TRACKING,149,17.098686,51.335694,-0.039382,0.018972,4.985425,0.000000,0.000000,5.000000,0.046079,0
1784327661.322001,ADAPTIVE,TRACKING,142,12.443979,20.286684,-0.032767,0.019315,4.992242,0.000000,0.000000,5.000000,0.038819,0
1784327661.347299,ADAPTIVE,TRACKING,152,16.325725,27.305297,-0.024760,0.019542,4.999252,0.000000,0.000000,5.000000,0.031552,0
1784327661.372000,ADAPTIVE,TRACKING,145,14.774440,22.464375,-0.020130,0.019587,5.002465,0.000000,0.000000,5.000000,0.028194,0
1784327661.397002,ADAPTIVE,TRACKING,151,16.259868,48.952141,-0.020130,0.019587,5.002465,0.000000,0.000000,5.000000,0.028194,0
1784327661.422002,ADAPTIVE,TRACKING,141,12.978945,21.666323,-0.012617,0.018508,5.007441,0.000000,0.000000,5.000000,0.023603,0
1784327661.447298,ADAPTIVE,TRACKING,149,16.098612,28.379536,-0.006736,0.016426,5.010746,0.000000,0.000000,5.000000,0.020752,0
1784327661.472001,ADAPTIVE,TRACKING,146,13.798272,22.377006,-0.001150,0.014295,5.012154,0.000000,0.000000,5.000000,0.018799,0
1784327661.498804,ADAPTIVE,TRACKING,152,14.385137,49.767333,-0.001150,0.014295,5.012154,0.000000,0.000000,5.000000,0.018799,0
1784327661.522001,ADAPTIVE,TRACKING,151,17.839411,26.629742,0.004108,0.012093,5.012418,0.000000,0.000000,5.000000,0.017813,0
1784327661.547001,ADAPTIVE,TRACKING,146,12.817252,19.952986,0.009712,0.008544,5.014205,0.000000,0.000000,5.000000,0.019212,0
1784327661.572001,ADAPTIVE,TRACKING,149,16.082156,25.392157,0.015136,0.004616,5.016220,0.000000,0.000000,5.000000,0.022661,0
1784327661.597001,ADAPTIVE,TRACKING,143,13.543570,47.853952,0.015136,0.004616,5.016220,0.000000,0.000000,5.000000,0.022661,0
1784327661.622002,ADAPTIVE,TRACKING,154,18.547631,29.975364,0.021385,-0.000265,5.018600,0.000000,0.000000,5.000000,0.028343,0
1784327661.647001,ADAPTIVE,TRACKING,139,15.228287,21.643332,0.026054,-0.004153,5.019625,0.000000,0.000000,5.000000,0.032882,0
1784327661.672003,ADAPTIVE,TRACKING,138,16.124074,25.433218,0.030048,-0.009557,5.018044,0.000000,0.000000,5.000000,0.036329,0
1784327661.697002,ADAPTIVE,TRACKING,129,11.339664,45.647545,0.030048,-0.009557,5.018044,0.000000,0.000000,5.000000,0.036329,0
1784327661.722002,ADAPTIVE,TRACKING,143,15.588352,29.214300,0.033755,-0.014629,5.016047,0.000000,0.000000,5.000000,0.040136,0
1784327661.747001,ADAPTIVE,TRACKING,143,13.516952,22.899305,0.037158,-0.019365,5.014407,0.000000,0.000000,5.000000,0.044309,0
1784327661.772002,ADAPTIVE,TRACKING,154,18.557712,27.775534,0.041139,-0.024918,5.013164,0.000000,0.000000,5.000000,0.049866,0
1784327661.797003,ADAPTIVE,TRACKING,138,13.125393,47.343398,0.041139,-0.024918,5.013164,0.000000,0.000000,5.000000,0.049866,0
1784327661.825300,ADAPTIVE,TRACKING,145,15.752307,30.897115,0.044718,-0.029147,5.011673,0.000000,0.000000,5.000000,0.054639,0
1784327661.847002,ADAPTIVE,TRACKING,138,15.095264,21.017042,0.047982,-0.033180,5.009526,0.000000,0.000000,5.000000,0.059110,0
1784327661.872002,ADAPTIVE,TRACKING,143,16.576752,25.800119,0.050887,-0.037079,5.007982,0.000000,0.000000,5.000000,0.063467,0
1784327661.897002,ADAPTIVE,TRACKING,134,11.758521,45.981929,0.050887,-0.037079,5.007982,0.000000,0.000000,5.000000,0.063467,0
1784327661.922004,ADAPTIVE,TRACKING,143,14.120488,26.837489,0.053038,-0.041107,5.009309,0.000000,0.000000,5.000000,0.067746,0
1784327661.948298,ADAPTIVE,TRACKING,148,15.980675,28.101980,0.054545,-0.045037,5.011546,0.000000,0.000000,5.000000,0.071671,0
1784327661.972002,ADAPTIVE,TRACKING,152,15.354098,23.039711,0.055722,-0.048518,5.012326,0.000000,0.000000,5.000000,0.074906,0
1784327661.997002,ADAPTIVE,TRACKING,146,15.887219,48.572711,0.055722,-0.048518,5.012326,0.000000,0.000000,5.000000,0.074906,0
1784327662.022002,ADAPTIVE,TRACKING,141,12.421595,21.506615,0.056831,-0.052329,5.011249,0.000000,0.000000,5.000000,0.078068,0
1784327662.047003,ADAPTIVE,TRACKING,151,17.247115,29.796114,0.058469,-0.055287,5.009233,0.000000,0.000000,5.000000,0.080997,0
1784327662.072002,ADAPTIVE,TRACKING,144,12.631942,20.347429,0.060152,-0.058090,5.006889,0.000000,0.000000,5.000000,0.083906,0
1784327662.097002,ADAPTIVE,TRACKING,155,18.145493,50.861118,0.060152,-0.058090,5.006889,0.000000,0.000000,5.000000,0.083906,0
1784327662.122002,ADAPTIVE,TRACKING,141,12.386140,19.211621,0.061533,-0.060616,5.005060,0.000000,0.000000,5.000000,0.086523,0
1784327662.147002,ADAPTIVE,TRACKING,153,16.476562,28.882551,0.062574,-0.062885,5.003516,0.000000,0.000000,5.000000,0.088783,0
1784327662.172003,ADAPTIVE,TRACKING,143,14.603205,23.100233,0.062022,-0.066386,5.002440,0.000000,0.000000,5.000000,0.090884,0
1784327662.197002,ADAPTIVE,TRACKING,151,16.311920,49.808758,0.062022,-0.066386,5.002440,0.000000,0.000000,5.000000,0.090884,0
1784327662.222003,ADAPTIVE,TRACKING,141,13.311909,21.971207,0.061152,-0.070010,5.002152,0.000000,0.000000,5.000000,0.092982,0
1784327662.247003,ADAPTIVE,TRACKING,147,15.842932,27.503062,0.060323,-0.072383,5.002964,0.000000,0.000000,5.000000,0.094270,0
1784327662.272002,ADAPTIVE,TRACKING,145,16.685680,25.793042,0.059157,-0.074077,5.003480,0.000000,0.000000,5.000000,0.094863,0
1784327662.297003,ADAPTIVE,TRACKING,141,15.064042,49.171103,0.059157,-0.074077,5.003480,0.000000,0.000000,5.000000,0.094863,0
1784327662.322002,ADAPTIVE,TRACKING,136,14.886555,24.795011,0.057013,-0.074505,5.004409,0.000000,0.000000,5.000000,0.093920,0
1784327662.347003,ADAPTIVE,TRACKING,135,12.765576,21.450786,0.054771,-0.074801,5.005104,0.000000,0.000000,5.000000,0.092850,0
1784327662.372003,ADAPTIVE,TRACKING,144,16.564780,25.767899,0.052504,-0.074884,5.006164,0.000000,0.000000,5.000000,0.091664,0
1784327662.397003,ADAPTIVE,TRACKING,141,12.332348,46.535612,0.052504,-0.074884,5.006164,0.000000,0.000000,5.000000,0.091664,0
1784327662.422008,ADAPTIVE,TRACKING,151,15.292992,27.921276,0.050151,-0.073552,5.008932,0.000000,0.000000,5.000000,0.089469,0
1784327662.449299,ADAPTIVE,TRACKING,148,13.001137,24.949509,0.048637,-0.071050,5.012980,0.000000,0.000000,5.000000,0.087075,0
1784327662.472004,ADAPTIVE,TRACKING,162,17.268045,26.485328,0.046922,-0.068338,5.016410,0.000000,0.000000,5.000000,0.084505,0
1784327662.497004,ADAPTIVE,TRACKING,152,15.374987,49.592140,0.046922,-0.068338,5.016410,0.000000,0.000000,5.000000,0.084505,0
1784327662.522004,ADAPTIVE,TRACKING,152,16.408583,25.996209,0.045018,-0.065429,5.019599,0.000000,0.000000,5.000000,0.081803,0
1784327662.547003,ADAPTIVE,TRACKING,142,13.464046,22.026377,0.042240,-0.059524,5.021420,0.000000,0.000000,5.000000,0.076067,0
1784327662.572003,ADAPTIVE,TRACKING,148,14.973709,24.294035,0.039097,-0.052771,5.022422,0.000000,0.000000,5.000000,0.069398,0
1784327662.598635,ADAPTIVE,TRACKING,148,14.041794,49.994243,0.039097,-0.052771,5.022422,0.000000,0.000000,5.000000,0.069398,0
1784327662.622003,ADAPTIVE,TRACKING,154,17.556034,26.850322,0.034933,-0.044393,5.021744,0.000000,0.000000,5.000000,0.060530,0
1784327662.647003,ADAPTIVE,TRACKING,145,15.750044,22.437577,0.031346,-0.037709,5.021970,0.000000,0.000000,5.000000,0.053733,0
1784327662.672004,ADAPTIVE,TRACKING,141,12.373166,21.589474,0.027140,-0.029863,5.023575,0.000000,0.000000,5.000000,0.046735,0
1784327662.697005,ADAPTIVE,TRACKING,144,16.694405,50.911847,0.027140,-0.029863,5.023575,0.000000,0.000000,5.000000,0.046735,0
1784327662.722004,ADAPTIVE,TRACKING,144,12.655130,20.345222,0.022705,-0.022156,5.025481,0.000000,0.000000,5.000000,0.040690,0
1784327662.747004,ADAPTIVE,TRACKING,154,15.515420,27.828973,0.017996,-0.014670,5.027638,0.000000,0.000000,5.000000,0.036096,0
1784327662.772004,ADAPTIVE,TRACKING,147,16.906936,26.144632,0.013137,-0.007393,5.028845,0.000000,0.000000,5.000000,0.032547,0
1784327662.797004,ADAPTIVE,TRACKING,148,15.024241,49.261602,0.013137,-0.007393,5.028845,0.000000,0.000000,5.000000,0.032547,0
1784327662.822004,ADAPTIVE,TRACKING,141,15.387400,25.331475,0.007416,-0.000377,5.031693,0.000000,0.000000,5.000000,0.032551,0
1784327662.847004,ADAPTIVE,TRACKING,138,12.126984,21.706117,0.002863,0.005000,5.031894,0.000000,0.000000,5.000000,0.032410,0
1784327662.872004,ADAPTIVE,TRACKING,150,15.192753,24.209701,-0.001566,0.010090,5.030919,0.000000,0.000000,5.000000,0.032561,0
1784327662.897005,ADAPTIVE,TRACKING,150,16.207959,50.226763,-0.001566,0.010090,5.030919,0.000000,0.000000,5.000000,0.032561,0
1784327662.922005,ADAPTIVE,TRACKING,151,16.809785,25.551141,-0.006715,0.015626,5.029263,0.000000,0.000000,5.000000,0.033846,0
1784327662.947004,ADAPTIVE,TRACKING,140,12.351878,19.540151,-0.013822,0.022878,5.028657,0.000000,0.000000,5.000000,0.039188,0
1784327662.972004,ADAPTIVE,TRACKING,146,15.889270,24.936945,-0.019163,0.028218,5.028188,0.000000,0.000000,5.000000,0.044249,0
1784327662.997004,ADAPTIVE,TRACKING,145,16.760727,50.808582,-0.019163,0.028218,5.028188,0.000000,0.000000,5.000000,0.044249,0
1784327663.022004,ADAPTIVE,TRACKING,143,12.623346,20.312202,-0.024232,0.033139,5.026861,0.000000,0.000000,5.000000,0.049060,0
1784327663.047005,ADAPTIVE,TRACKING,143,14.561803,26.910651,-0.029269,0.035725,5.024822,0.000000,0.000000,5.000000,0.052432,0
1784327663.072004,ADAPTIVE,TRACKING,147,15.952476,25.055017,-0.034104,0.037557,5.022351,0.000000,0.000000,5.000000,0.055436,0
1784327663.097004,ADAPTIVE,TRACKING,150,17.197178,51.300271,-0.034104,0.037557,5.022351,0.000000,0.000000,5.000000,0.055436,0
1784327663.122005,ADAPTIVE,TRACKING,138,12.132265,19.898118,-0.038688,0.039288,5.020315,0.000000,0.000000,5.000000,0.058762,0
1784327663.147004,ADAPTIVE,TRACKING,144,14.700359,27.392728,-0.043069,0.040886,5.019554,0.000000,0.000000,5.000000,0.062522,0
1784327663.172004,ADAPTIVE,TRACKING,147,15.894465,25.151942,-0.047375,0.042094,5.017869,0.000000,0.000000,5.000000,0.065845,0
1784327663.197005,ADAPTIVE,TRACKING,150,14.205945,48.464031,-0.047375,0.042094,5.017869,0.000000,0.000000,5.000000,0.065845,0
1784327663.223300,ADAPTIVE,TRACKING,147,16.575433,28.638240,-0.052427,0.043387,5.013930,0.000000,0.000000,5.000000,0.069463,0
1784327663.247005,ADAPTIVE,TRACKING,142,12.494548,19.591139,-0.056177,0.044258,5.010255,0.000000,0.000000,5.000000,0.072248,0
1784327663.272004,ADAPTIVE,TRACKING,152,16.363869,25.468070,-0.060070,0.045201,5.006628,0.000000,0.000000,5.000000,0.075468,0
1784327663.297004,ADAPTIVE,TRACKING,145,13.748884,47.853424,-0.060070,0.045201,5.006628,0.000000,0.000000,5.000000,0.075468,0
1784327663.322005,ADAPTIVE,TRACKING,154,15.535777,26.757207,-0.064890,0.046434,5.002640,0.000000,0.000000,5.000000,0.079836,0
1784327663.347300,ADAPTIVE,TRACKING,148,16.020380,25.754410,-0.069357,0.047271,4.998546,0.000000,0.000000,5.000000,0.083947,0
1784327663.372006,ADAPTIVE,TRACKING,148,17.099625,25.757058,-0.073469,0.047787,4.994008,0.000000,0.000000,5.000000,0.087847,0
1784327663.397005,ADAPTIVE,TRACKING,138,12.165902,45.822277,-0.073469,0.047787,4.994008,0.000000,0.000000,5.000000,0.087847,0
1784327663.422008,ADAPTIVE,TRACKING,144,14.676904,27.475385,-0.078070,0.047276,4.990004,0.000000,0.000000,5.000000,0.091814,0
1784327663.447005,ADAPTIVE,TRACKING,147,15.950212,26.222095,-0.081258,0.045740,4.989141,0.000000,0.000000,5.000000,0.093877,0
1784327663.472006,ADAPTIVE,TRACKING,150,14.228657,23.252265,-0.084153,0.043980,4.989606,0.000000,0.000000,5.000000,0.095520,0
1784327663.498298,ADAPTIVE,TRACKING,147,15.924483,51.240900,-0.084153,0.043980,4.989606,0.000000,0.000000,5.000000,0.095520,0
1784327663.522006,ADAPTIVE,TRACKING,144,14.713733,22.467864,-0.086765,0.041966,4.991504,0.000000,0.000000,5.000000,0.096755,0
1784327663.547006,ADAPTIVE,TRACKING,147,15.925928,26.185277,-0.089930,0.040324,4.994230,0.000000,0.000000,5.000000,0.098726,0
1784327663.572005,ADAPTIVE,TRACKING,141,12.408331,21.454500,-0.092967,0.038645,4.997362,0.000000,0.000000,5.000000,0.100713,0
1784327663.598573,ADAPTIVE,TRACKING,150,14.201495,49.815219,-0.092967,0.038645,4.997362,0.000000,0.000000,5.000000,0.100713,0
1784327663.622006,ADAPTIVE,TRACKING,154,18.259722,27.466372,-0.096072,0.036245,5.002389,0.000000,0.000000,5.000000,0.102710,0
1784327663.647006,ADAPTIVE,TRACKING,149,13.078816,19.782029,-0.098092,0.034174,5.006288,0.000000,0.000000,5.000000,0.104065,0
1784327663.672005,ADAPTIVE,TRACKING,149,17.106098,26.275931,-0.098720,0.031140,5.011103,0.000000,0.000000,5.000000,0.104109,0
1784327663.697007,ADAPTIVE,TRACKING,140,13.294860,47.466724,-0.098720,0.031140,5.011103,0.000000,0.000000,5.000000,0.104109,0
1784327663.722007,ADAPTIVE,TRACKING,151,17.289422,28.939874,-0.099086,0.028181,5.015316,0.000000,0.000000,5.000000,0.104147,0
1784327663.747005,ADAPTIVE,TRACKING,138,12.177765,19.852876,-0.099179,0.025201,5.018573,0.000000,0.000000,5.000000,0.104002,0
1784327663.772006,ADAPTIVE,TRACKING,151,15.282034,24.420115,-0.098938,0.022115,5.021863,0.000000,0.000000,5.000000,0.103710,0
1784327663.797008,ADAPTIVE,TRACKING,148,16.005794,50.145925,-0.098938,0.022115,5.021863,0.000000,0.000000,5.000000,0.103710,0
1784327663.822006,ADAPTIVE,TRACKING,151,17.248617,26.204521,-0.098078,0.017561,5.024398,0.000000,0.000000,5.000000,0.102581,0
1784327663.847008,ADAPTIVE,TRACKING,139,12.184424,19.908739,-0.096877,0.013863,5.025546,0.000000,0.000000,5.000000,0.101143,0
1784327663.872006,ADAPTIVE,TRACKING,145,14.754283,23.899339,-0.095221,0.010162,5.025920,0.000000,0.000000,5.000000,0.099207,0
1784327663.897007,ADAPTIVE,TRACKING,148,16.018509,50.165259,-0.095221,0.010162,5.025920,0.000000,0.000000,5.000000,0.099207,0
1784327663.922011,ADAPTIVE,TRACKING,151,16.903974,25.847253,-0.092774,0.006902,5.026589,0.000000,0.000000,5.000000,0.096755,0
1784327663.947006,ADAPTIVE,TRACKING,139,12.199319,20.234537,-0.089592,0.004072,5.027034,0.000000,0.000000,5.000000,0.093670,0
1784327663.972006,ADAPTIVE,TRACKING,146,14.840131,24.084569,-0.086193,0.001389,5.025887,0.000000,0.000000,5.000000,0.090008,0
1784327663.997006,ADAPTIVE,TRACKING,149,16.090539,50.335677,-0.086193,0.001389,5.025887,0.000000,0.000000,5.000000,0.090008,0
1784327664.022007,ADAPTIVE,TRACKING,151,16.905118,25.787061,-0.081650,-0.001877,5.024101,0.000000,0.000000,5.000000,0.085153,0
1784327664.047006,ADAPTIVE,TRACKING,139,12.247065,20.305565,-0.076926,-0.003654,5.022477,0.000000,0.000000,5.000000,0.080226,0
1784327664.072006,ADAPTIVE,TRACKING,146,14.801476,24.127819,-0.071866,-0.005140,5.020037,0.000000,0.000000,5.000000,0.074784,0
1784327664.097006,ADAPTIVE,TRACKING,149,16.095861,50.422805,-0.071866,-0.005140,5.020037,0.000000,0.000000,5.000000,0.074784,0
1784327664.122006,ADAPTIVE,TRACKING,151,16.811702,25.685977,-0.066891,-0.006602,5.017014,0.000000,0.000000,5.000000,0.069336,0
1784327664.147007,ADAPTIVE,TRACKING,140,12.281719,19.976661,-0.061984,-0.007973,5.013470,0.000000,0.000000,5.000000,0.063930,0
1784327664.172007,ADAPTIVE,TRACKING,146,14.807732,24.144057,-0.057620,-0.007761,5.007656,0.000000,0.000000,5.000000,0.058642,0
1784327664.197007,ADAPTIVE,TRACKING,149,16.076562,50.413312,-0.057620,-0.007761,5.007656,0.000000,0.000000,5.000000,0.058642,0
1784327664.222007,ADAPTIVE,TRACKING,151,17.079999,25.971167,-0.052207,-0.007410,5.001678,0.000000,0.000000,5.000000,0.052757,0
1784327664.247006,ADAPTIVE,TRACKING,139,12.226637,20.118162,-0.047751,-0.007022,4.998460,0.000000,0.000000,5.000000,0.048290,0
1784327664.272007,ADAPTIVE,TRACKING,145,14.736968,23.872486,-0.043374,-0.006009,4.995494,0.000000,0.000000,5.000000,0.044020,0
1784327664.297007,ADAPTIVE,TRACKING,148,16.000230,50.136381,-0.043374,-0.006009,4.995494,0.000000,0.000000,5.000000,0.044020,0
1784327664.322007,ADAPTIVE,TRACKING,151,14.290149,23.250331,-0.039484,-0.003268,4.992970,0.000000,0.000000,5.000000,0.040237,0
1784327664.347007,ADAPTIVE,TRACKING,147,14.891467,25.573543,-0.035408,-0.000744,4.990637,0.000000,0.000000,5.000000,0.036633,0
1784327664.372007,ADAPTIVE,TRACKING,148,16.044205,25.365320,-0.031203,0.001558,4.988587,0.000000,0.000000,5.000000,0.033261,0
1784327664.397007,ADAPTIVE,TRACKING,147,16.933327,51.254113,-0.031203,0.001558,4.988587,0.000000,0.000000,5.000000,0.033261,0
1784327664.422012,ADAPTIVE,TRACKING,138,12.149912,20.178892,-0.025252,0.004056,4.985997,0.000000,0.000000,5.000000,0.029159,0
1784327664.447007,ADAPTIVE,TRACKING,144,14.634734,27.418368,-0.019819,0.005822,4.985282,0.000000,0.000000,5.000000,0.025363,0
1784327664.472009,ADAPTIVE,TRACKING,147,15.942144,25.286589,-0.014441,0.007586,4.984270,0.000000,0.000000,5.000000,0.022661,0
1784327664.497007,ADAPTIVE,TRACKING,150,14.185751,48.528992,-0.014441,0.007586,4.984270,0.000000,0.000000,5.000000,0.022661,0
1784327664.522007,ADAPTIVE,TRACKING,147,14.904169,25.691782,-0.009144,0.009330,4.982971,0.000000,0.000000,5.000000,0.021463,0
1784327664.547007,ADAPTIVE,TRACKING,147,15.934704,26.004797,-0.002320,0.011912,4.981379,0.000000,0.000000,5.000000,0.022227,0
1784327664.572007,ADAPTIVE,TRACKING,147,16.804994,25.846118,0.004797,0.014672,4.980819,0.000000,0.000000,5.000000,0.024621,0
1784327664.597008,ADAPTIVE,TRACKING,138,12.163199,46.204515,0.004797,0.014672,4.980819,0.000000,0.000000,5.000000,0.024621,0
1784327664.622008,ADAPTIVE,TRACKING,144,16.693998,29.502114,0.013303,0.017924,4.980098,0.000000,0.000000,5.000000,0.029906,0
1784327664.647007,ADAPTIVE,TRACKING,141,12.359530,20.637481,0.019782,0.020314,4.979213,0.000000,0.000000,5.000000,0.035158,0
1784327664.672008,ADAPTIVE,TRACKING,154,15.525001,24.726153,0.025181,0.023619,4.977789,0.000000,0.000000,5.000000,0.041052,0
1784327664.697008,ADAPTIVE,TRACKING,147,16.956209,51.157797,0.025181,0.023619,4.977789,0.000000,0.000000,5.000000,0.041052,0
1784327664.722008,ADAPTIVE,TRACKING,148,15.060589,23.066396,0.030396,0.026639,4.976772,0.000000,0.000000,5.000000,0.046616,0
1784327664.747007,ADAPTIVE,TRACKING,141,15.407110,25.317140,0.035382,0.029302,4.978013,0.000000,0.000000,5.000000,0.050931,0
1784327664.772008,ADAPTIVE,TRACKING,137,12.083865,21.286482,0.040243,0.031679,4.981682,0.000000,0.000000,5.000000,0.054394,0
1784327664.797008,ADAPTIVE,TRACKING,150,15.184095,49.386624,0.040243,0.031679,4.981682,0.000000,0.000000,5.000000,0.054394,0
1784327664.822008,ADAPTIVE,TRACKING,150,16.207547,25.990962,0.043543,0.035695,4.987795,0.000000,0.000000,5.000000,0.057611,0
1784327664.847008,ADAPTIVE,TRACKING,151,16.815712,25.571401,0.046150,0.038486,4.991437,0.000000,0.000000,5.000000,0.060699,0
1784327664.872009,ADAPTIVE,TRACKING,140,17.308466,25.461202,0.048719,0.040940,4.994605,0.000000,0.000000,5.000000,0.063865,0
1784327664.897008,ADAPTIVE,TRACKING,131,11.562328,44.714784,0.048719,0.040940,4.994605,0.000000,0.000000,5.000000,0.063865,0
1784327664.922011,ADAPTIVE,TRACKING,139,16.264210,29.660002,0.050640,0.041584,4.999811,0.000000,0.000000,5.000000,0.065526,0
1784327664.947009,ADAPTIVE,TRACKING,136,11.927528,20.617557,0.051930,0.040710,5.004617,0.000000,0.000000,5.000000,0.066146,0
1784327664.972008,ADAPTIVE,TRACKING,153,16.473881,25.617322,0.053089,0.039871,5.008114,0.000000,0.000000,5.000000,0.066888,0
1784327664.997010,ADAPTIVE,TRACKING,144,14.707761,48.853035,0.053089,0.039871,5.008114,0.000000,0.000000,5.000000,0.066888,0
1784327665.022009,ADAPTIVE,TRACKING,151,15.828792,26.088112,0.054279,0.038835,5.012125,0.000000,0.000000,5.000000,0.067833,0
1784327665.047008,ADAPTIVE,TRACKING,143,13.586258,22.730099,0.054245,0.037444,5.014421,0.000000,0.000000,5.000000,0.067472,0
1784327665.072008,ADAPTIVE,TRACKING,149,15.085703,24.196236,0.053884,0.035956,5.016325,0.000000,0.000000,5.000000,0.066804,0
1784327665.097009,ADAPTIVE,TRACKING,149,16.119872,50.231140,0.053884,0.035956,5.016325,0.000000,0.000000,5.000000,0.066804,0
1784327665.122009,ADAPTIVE,TRACKING,147,16.994091,25.846088,0.053445,0.034540,5.017901,0.000000,0.000000,5.000000,0.066104,0
1784327665.147009,ADAPTIVE,TRACKING,138,12.187230,20.160547,0.052922,0.033148,5.018282,0.000000,0.000000,5.000000,0.065067,0
1784327665.172008,ADAPTIVE,TRACKING,144,14.668024,23.936569,0.048870,0.032341,5.019020,0.000000,0.000000,5.000000,0.061612,0
1784327665.197009,ADAPTIVE,TRACKING,147,15.937526,50.206773,0.048870,0.032341,5.019020,0.000000,0.000000,5.000000,0.061612,0
1784327665.222009,ADAPTIVE,TRACKING,150,14.230634,23.265024,0.044083,0.031390,5.021418,0.000000,0.000000,5.000000,0.058201,0
1784327665.247009,ADAPTIVE,TRACKING,147,14.941519,25.676042,0.040570,0.030660,5.022929,0.000000,0.000000,5.000000,0.055783,0
1784327665.272009,ADAPTIVE,TRACKING,147,15.929892,25.272329,0.037041,0.030054,5.023787,0.000000,0.000000,5.000000,0.053302,0
1784327665.297009,ADAPTIVE,TRACKING,147,16.890338,51.233466,0.037041,0.030054,5.023787,0.000000,0.000000,5.000000,0.053302,0
1784327665.322009,ADAPTIVE,TRACKING,138,12.152111,20.224487,0.033124,0.030008,5.023987,0.000000,0.000000,5.000000,0.050726,0
1784327665.347009,ADAPTIVE,TRACKING,144,16.264061,29.085208,0.029477,0.029984,5.023396,0.000000,0.000000,5.000000,0.048118,0
1784327665.372009,ADAPTIVE,TRACKING,142,12.474650,21.180569,0.026045,0.030090,5.022674,0.000000,0.000000,5.000000,0.045802,0
1784327665.397009,ADAPTIVE,TRACKING,155,17.974139,51.681283,0.026045,0.030090,5.022674,0.000000,0.000000,5.000000,0.045802,0
1784327665.422011,ADAPTIVE,TRACKING,142,12.543296,19.518254,0.022138,0.030978,5.022591,0.000000,0.000000,5.000000,0.044273,0
1784327665.447009,ADAPTIVE,TRACKING,154,16.521319,28.937861,0.019247,0.032445,5.023840,0.000000,0.000000,5.000000,0.044626,0
1784327665.472009,ADAPTIVE,TRACKING,144,14.698423,23.150507,0.016369,0.033864,5.023658,0.000000,0.000000,5.000000,0.044435,0
1784327665.497009,ADAPTIVE,TRACKING,151,16.315668,49.767337,0.016369,0.033864,5.023658,0.000000,0.000000,5.000000,0.044435,0
1784327665.522010,ADAPTIVE,TRACKING,141,13.387116,22.033632,0.013496,0.035169,5.021870,0.000000,0.000000,5.000000,0.043557,0
1784327665.547010,ADAPTIVE,TRACKING,147,16.498962,28.080744,0.009913,0.038218,5.020846,0.000000,0.000000,5.000000,0.044648,0
1784327665.572010,ADAPTIVE,TRACKING,142,14.469937,22.945153,0.006292,0.041563,5.020718,0.000000,0.000000,5.000000,0.046865,0
1784327665.597009,ADAPTIVE,TRACKING,145,15.745412,49.220712,0.006292,0.041563,5.020718,0.000000,0.000000,5.000000,0.046865,0
1784327665.622010,ADAPTIVE,TRACKING,139,12.245797,21.471600,0.002118,0.045265,5.020514,0.000000,0.000000,5.000000,0.049742,0
1784327665.647011,ADAPTIVE,TRACKING,150,16.614231,29.330312,-0.000967,0.047829,5.019681,0.000000,0.000000,5.000000,0.051729,0
1784327665.672010,ADAPTIVE,TRACKING,146,15.850114,23.548676,-0.003212,0.051679,5.019352,0.000000,0.000000,5.000000,0.055277,0
1784327665.697011,ADAPTIVE,TRACKING,146,12.846211,45.545773,-0.003212,0.051679,5.019352,0.000000,0.000000,5.000000,0.055277,0
1784327665.722010,ADAPTIVE,TRACKING,146,14.824795,26.937830,-0.005166,0.055183,5.018220,0.000000,0.000000,5.000000,0.058342,0
1784327665.747010,ADAPTIVE,TRACKING,150,15.149002,24.846444,-0.006868,0.058392,5.016991,0.000000,0.000000,5.000000,0.061201,0
1784327665.772010,ADAPTIVE,TRACKING,154,16.538979,25.688333,-0.008399,0.061150,5.016325,0.000000,0.000000,5.000000,0.063846,0
1784327665.797010,ADAPTIVE,TRACKING,145,14.747493,48.896455,-0.008399,0.061150,5.016325,0.000000,0.000000,5.000000,0.063846,0
1784327665.822010,ADAPTIVE,TRACKING,145,15.222616,24.920801,-0.009505,0.065880,5.015967,0.000000,0.000000,5.000000,0.068450,0
1784327665.847011,ADAPTIVE,TRACKING,143,15.581721,25.333000,-0.010270,0.069030,5.015123,0.000000,0.000000,5.000000,0.071410,0
1784327665.872010,ADAPTIVE,TRACKING,142,13.487480,22.743740,-0.011006,0.071619,5.013638,0.000000,0.000000,5.000000,0.073732,0
1784327665.897010,ADAPTIVE,TRACKING,145,14.741851,48.998323,-0.011006,0.071619,5.013638,0.000000,0.000000,5.000000,0.073732,0
1784327665.922012,ADAPTIVE,TRACKING,147,15.423851,25.644731,-0.012743,0.073531,5.011364,0.000000,0.000000,5.000000,0.075487,0
1784327665.947010,ADAPTIVE,TRACKING,149,16.119645,25.660973,-0.015307,0.074841,5.009153,0.000000,0.000000,5.000000,0.076936,0
1784327665.972010,ADAPTIVE,TRACKING,142,13.471380,22.325855,-0.017661,0.075768,5.006972,0.000000,0.000000,5.000000,0.078111,0
1784327665.997010,ADAPTIVE,TRACKING,146,14.871825,48.725910,-0.017661,0.075768,5.006972,0.000000,0.000000,5.000000,0.078111,0
1784327666.022011,ADAPTIVE,TRACKING,147,15.177576,25.277006,-0.020338,0.076572,5.004354,0.000000,0.000000,5.000000,0.079347,0
1784327666.047010,ADAPTIVE,TRACKING,150,16.157052,25.945623,-0.020866,0.077780,5.004538,0.000000,0.000000,5.000000,0.080658,0
1784327666.072011,ADAPTIVE,TRACKING,143,13.498472,22.311886,-0.020916,0.078886,5.004645,0.000000,0.000000,5.000000,0.081744,0
1784327666.097011,ADAPTIVE,TRACKING,147,14.879323,48.693478,-0.020916,0.078886,5.004645,0.000000,0.000000,5.000000,0.081744,0
1784327666.122011,ADAPTIVE,TRACKING,148,15.986096,26.065777,-0.020999,0.079631,5.006011,0.000000,0.000000,5.000000,0.082573,0
1784327666.147011,ADAPTIVE,TRACKING,148,13.988801,22.956798,-0.021063,0.080003,5.007837,0.000000,0.000000,5.000000,0.083099,0
1784327666.172012,ADAPTIVE,TRACKING,148,14.990794,24.260992,-0.022072,0.082458,5.011520,0.000000,0.000000,5.000000,0.086135,0
1784327666.198666,ADAPTIVE,TRACKING,148,13.975875,49.899910,-0.022072,0.082458,5.011520,0.000000,0.000000,5.000000,0.086135,0
1784327666.222011,ADAPTIVE,TRACKING,155,17.558787,26.894169,-0.023078,0.084748,5.017031,0.000000,0.000000,5.000000,0.089470,0
1784327666.247010,ADAPTIVE,TRACKING,145,12.739892,20.155244,-0.023759,0.086026,5.021086,0.000000,0.000000,5.000000,0.091704,0
1784327666.272011,ADAPTIVE,TRACKING,152,13.343596,19.022643,-0.024668,0.087100,5.023867,0.000000,0.000000,5.000000,0.093619,0
1784327666.297011,ADAPTIVE,TRACKING,155,15.598718,46.277733,-0.024668,0.087100,5.023867,0.000000,0.000000,5.000000,0.093619,0
1784327666.322012,ADAPTIVE,TRACKING,162,17.808392,27.180529,-0.026389,0.088472,5.023732,0.000000,0.000000,5.000000,0.095325,0
1784327666.347011,ADAPTIVE,TRACKING,150,13.126806,20.289809,-0.027823,0.089370,5.023397,0.000000,0.000000,5.000000,0.096481,0
1784327666.372012,ADAPTIVE,TRACKING,150,16.111231,25.416675,-0.028977,0.089820,5.022319,0.000000,0.000000,5.000000,0.096981,0
1784327666.397012,ADAPTIVE,TRACKING,147,16.896546,51.202086,-0.028977,0.089820,5.022319,0.000000,0.000000,5.000000,0.096981,0
1784327666.422014,ADAPTIVE,TRACKING,145,12.712263,20.742653,-0.030270,0.088890,5.019847,0.000000,0.000000,5.000000,0.095977,0
1784327666.447011,ADAPTIVE,TRACKING,145,14.696900,26.930460,-0.031211,0.086798,5.017646,0.000000,0.000000,5.000000,0.093912,0
1784327666.472011,ADAPTIVE,TRACKING,148,15.974746,25.310935,-0.031754,0.084588,5.017061,0.000000,0.000000,5.000000,0.091949,0
1784327666.497011,ADAPTIVE,TRACKING,151,14.253136,48.589750,-0.031754,0.084588,5.017061,0.000000,0.000000,5.000000,0.091949,0
1784327666.522012,ADAPTIVE,TRACKING,148,14.965780,25.687429,-0.031930,0.082520,5.017431,0.000000,0.000000,5.000000,0.090183,0
1784327666.549299,ADAPTIVE,TRACKING,148,12.962722,25.254872,-0.034653,0.078771,5.020676,0.000000,0.000000,5.000000,0.088505,0
1784327666.572013,ADAPTIVE,TRACKING,158,16.843710,26.042358,-0.036518,0.076280,5.023870,0.000000,0.000000,5.000000,0.087875,0
1784327666.597012,ADAPTIVE,TRACKING,152,15.383296,49.580483,-0.036518,0.076280,5.023870,0.000000,0.000000,5.000000,0.087875,0
1784327666.622011,ADAPTIVE,TRACKING,152,15.831199,25.420607,-0.039297,0.071871,5.028757,0.000000,0.000000,5.000000,0.086814,0
1784327666.647012,ADAPTIVE,TRACKING,144,16.099612,25.239724,-0.041289,0.068184,5.031262,0.000000,0.000000,5.000000,0.085622,0
1784327666.672012,ADAPTIVE,TRACKING,141,12.384197,21.259628,-0.043224,0.064344,5.034270,0.000000,0.000000,5.000000,0.084753,0
1784327666.697012,ADAPTIVE,TRACKING,148,17.555508,51.431402,-0.043224,0.064344,5.034270,0.000000,0.000000,5.000000,0.084753,0
1784327666.722013,ADAPTIVE,TRACKING,141,12.418424,19.824522,-0.044830,0.060354,5.036635,0.000000,0.000000,5.000000,0.083633,0
1784327666.747012,ADAPTIVE,TRACKING,152,16.387952,28.943396,-0.046139,0.056247,5.038791,0.000000,0.000000,5.000000,0.082446,0
1784327666.772012,ADAPTIVE,TRACKING,143,13.570054,22.151641,-0.047179,0.052068,5.040022,0.000000,0.000000,5.000000,0.080863,0
1784327666.798299,ADAPTIVE,TRACKING,154,16.576976,51.445790,-0.047179,0.052068,5.040022,0.000000,0.000000,5.000000,0.080863,0
1784327666.822012,ADAPTIVE,TRACKING,144,13.730661,19.415387,-0.048351,0.045839,5.037368,0.000000,0.000000,5.000000,0.076390,0
1784327666.847012,ADAPTIVE,TRACKING,151,15.271324,25.968497,-0.048898,0.040844,5.032842,0.000000,0.000000,5.000000,0.071679,0
1784327666.872013,ADAPTIVE,TRACKING,147,15.943035,25.239615,-0.049123,0.035794,5.028009,0.000000,0.000000,5.000000,0.066924,0
1784327666.897012,ADAPTIVE,TRACKING,147,13.922760,48.219345,-0.049123,0.035794,5.028009,0.000000,0.000000,5.000000,0.066924,0
1784327666.923300,ADAPTIVE,TRACKING,147,15.949157,27.984663,-0.048967,0.030881,5.022103,0.000000,0.000000,5.000000,0.061967,0
1784327666.947012,ADAPTIVE,TRACKING,144,15.657160,22.337045,-0.048443,0.026066,5.016353,0.000000,0.000000,5.000000,0.057390,0
1784327666.972012,ADAPTIVE,TRACKING,144,12.621139,21.882196,-0.047643,0.021139,5.011866,0.000000,0.000000,5.000000,0.053456,0
1784327666.997013,ADAPTIVE,TRACKING,147,14.971674,49.233094,-0.047643,0.021139,5.011866,0.000000,0.000000,5.000000,0.053456,0
1784327667.022012,ADAPTIVE,TRACKING,150,16.221288,26.222233,-0.046264,0.014816,5.008158,0.000000,0.000000,5.000000,0.049259,0
1784327667.047013,ADAPTIVE,TRACKING,151,14.239069,22.992096,-0.045502,0.010441,5.004469,0.000000,0.000000,5.000000,0.046898,0
1784327667.072013,ADAPTIVE,TRACKING,147,14.893865,24.182181,-0.044774,0.006200,5.001371,0.000000,0.000000,5.000000,0.045222,0
1784327667.098532,ADAPTIVE,TRACKING,148,16.021759,51.829970,-0.044774,0.006200,5.001371,0.000000,0.000000,5.000000,0.045222,0
1784327667.122012,ADAPTIVE,TRACKING,148,17.395748,24.827189,-0.043890,0.001958,4.998727,0.000000,0.000000,5.000000,0.043952,0
1784327667.147013,ADAPTIVE,TRACKING,137,14.053489,21.617780,-0.042850,-0.002126,4.996242,0.000000,0.000000,5.000000,0.043067,0
1784327667.172013,ADAPTIVE,TRACKING,137,14.033723,23.271619,-0.041339,-0.009625,4.994039,0.000000,0.000000,5.000000,0.042861,0
1784327667.197012,ADAPTIVE,TRACKING,139,14.269606,48.507896,-0.041339,-0.009625,4.994039,0.000000,0.000000,5.000000,0.042861,0
1784327667.222013,ADAPTIVE,TRACKING,146,14.779115,25.476004,-0.039164,-0.018333,4.991405,0.000000,0.000000,5.000000,0.044088,0
1784327667.247013,ADAPTIVE,TRACKING,146,15.779630,25.965391,-0.037132,-0.024781,4.989079,0.000000,0.000000,5.000000,0.045958,0
1784327667.272013,ADAPTIVE,TRACKING,144,13.588097,22.732414,-0.035407,-0.030388,4.988036,0.000000,0.000000,5.000000,0.048169,0
1784327667.298299,ADAPTIVE,TRACKING,148,15.964414,51.394371,-0.035407,-0.030388,4.988036,0.000000,0.000000,5.000000,0.048169,0
1784327667.323299,ADAPTIVE,TRACKING,145,16.171462,25.164135,-0.035124,-0.034438,4.988346,0.000000,0.000000,5.000000,0.050551,0
1784327667.347013,ADAPTIVE,TRACKING,143,15.515661,23.028115,-0.034520,-0.038140,4.989058,0.000000,0.000000,5.000000,0.052593,0
1784327667.372013,ADAPTIVE,TRACKING,137,11.984451,21.117913,-0.033644,-0.041545,4.989233,0.000000,0.000000,5.000000,0.054533,0
1784327667.398787,ADAPTIVE,TRACKING,146,13.780719,49.689228,-0.033644,-0.041545,4.989233,0.000000,0.000000,5.000000,0.054533,0
1784327667.422015,ADAPTIVE,TRACKING,154,17.991571,27.393558,-0.032479,-0.045854,4.987514,0.000000,0.000000,5.000000,0.057562,0
1784327667.447013,ADAPTIVE,TRACKING,150,13.151878,20.114882,-0.031557,-0.049438,4.986073,0.000000,0.000000,5.000000,0.060282,0
1784327667.472013,ADAPTIVE,TRACKING,150,16.091925,25.368705,-0.030255,-0.052650,4.985845,0.000000,0.000000,5.000000,0.062352,0
1784327667.497014,ADAPTIVE,TRACKING,144,13.576535,47.853768,-0.030255,-0.052650,4.985845,0.000000,0.000000,5.000000,0.062352,0
1784327667.522014,ADAPTIVE,TRACKING,155,15.581984,26.978187,-0.028590,-0.055458,4.986220,0.000000,0.000000,5.000000,0.063897,0
1784327667.547299,ADAPTIVE,TRACKING,148,16.024082,25.701271,-0.027378,-0.056426,4.987111,0.000000,0.000000,5.000000,0.064028,0
1784327667.572014,ADAPTIVE,TRACKING,148,16.995741,25.659215,-0.026029,-0.056751,4.988423,0.000000,0.000000,5.000000,0.063500,0
1784327667.597014,ADAPTIVE,TRACKING,139,12.246045,45.909273,-0.026029,-0.056751,4.988423,0.000000,0.000000,5.000000,0.063500,0
1784327667.622015,ADAPTIVE,TRACKING,144,14.623025,27.352214,-0.023933,-0.056935,4.990911,0.000000,0.000000,5.000000,0.062426,0
1784327667.647014,ADAPTIVE,TRACKING,147,15.904612,26.247883,-0.022066,-0.056779,4.993000,0.000000,0.000000,5.000000,0.061317,0
1784327667.672014,ADAPTIVE,TRACKING,151,14.236762,23.299926,-0.017462,-0.055824,4.993958,0.000000,0.000000,5.000000,0.058803,0
1784327667.697015,ADAPTIVE,TRACKING,148,15.039366,49.103820,-0.017462,-0.055824,4.993958,0.000000,0.000000,5.000000,0.058803,0
1784327667.722014,ADAPTIVE,TRACKING,147,17.306686,27.236824,-0.013066,-0.054783,4.994484,0.000000,0.000000,5.000000,0.056589,0
1784327667.747014,ADAPTIVE,TRACKING,143,16.101839,23.766852,-0.008896,-0.053655,4.995116,0.000000,0.000000,5.000000,0.054607,0
1784327667.772014,ADAPTIVE,TRACKING,135,15.857375,24.721957,-0.004975,-0.052333,4.996095,0.000000,0.000000,5.000000,0.052714,0
1784327667.797014,ADAPTIVE,TRACKING,129,11.318548,45.182881,-0.004975,-0.052333,4.996095,0.000000,0.000000,5.000000,0.052714,0
1784327667.824298,ADAPTIVE,TRACKING,141,15.387999,31.324941,-0.002456,-0.046226,5.000936,0.000000,0.000000,5.000000,0.046300,0
1784327667.847014,ADAPTIVE,TRACKING,143,12.555887,19.856363,-0.000580,-0.041685,5.003962,0.000000,0.000000,5.000000,0.041876,0
1784327667.872014,ADAPTIVE,TRACKING,158,16.881157,26.026376,0.001157,-0.037438,5.005802,0.000000,0.000000,5.000000,0.037903,0
1784327667.897014,ADAPTIVE,TRACKING,148,16.999343,51.144404,0.001157,-0.037438,5.005802,0.000000,0.000000,5.000000,0.037903,0
1784327667.922017,ADAPTIVE,TRACKING,145,15.796699,23.741111,0.002547,-0.032438,5.007825,0.000000,0.000000,5.000000,0.033465,0
1784327667.950298,ADAPTIVE,TRACKING,136,13.990332,26.430253,0.003560,-0.026724,5.010887,0.000000,0.000000,5.000000,0.029075,0
1784327667.972015,ADAPTIVE,TRACKING,137,15.037432,22.733893,0.004449,-0.021276,5.014020,0.000000,0.000000,5.000000,0.025866,0
1784327667.997015,ADAPTIVE,TRACKING,139,15.229434,47.926302,0.004449,-0.021276,5.014020,0.000000,0.000000,5.000000,0.025866,0
1784327668.022016,ADAPTIVE,TRACKING,139,12.221322,21.962072,0.005512,-0.014852,5.016257,0.000000,0.000000,5.000000,0.022699,0
1784327668.047015,ADAPTIVE,TRACKING,146,17.832616,30.574555,0.006305,-0.008810,5.015495,0.000000,0.000000,5.000000,0.018907,0
1784327668.072015,ADAPTIVE,TRACKING,140,16.271836,22.970557,0.007000,-0.002818,5.013971,0.000000,0.000000,5.000000,0.015879,0
1784327668.097015,ADAPTIVE,TRACKING,137,14.079955,45.778854,0.007000,-0.002818,5.013971,0.000000,0.000000,5.000000,0.015879,0
1784327668.122015,ADAPTIVE,TRACKING,131,13.543209,24.434397,0.007603,0.002742,5.011788,0.000000,0.000000,5.000000,0.014292,0
1784327668.147015,ADAPTIVE,TRACKING,139,14.234626,25.652088,0.008180,0.007893,5.009453,0.000000,0.000000,5.000000,0.014785,0
1784327668.172015,ADAPTIVE,TRACKING,145,14.757328,23.965502,0.008077,0.013103,5.004822,0.000000,0.000000,5.000000,0.016130,0
1784327668.197015,ADAPTIVE,TRACKING,146,18.884159,53.092330,0.008077,0.013103,5.004822,0.000000,0.000000,5.000000,0.016130,0
1784327668.222015,ADAPTIVE,TRACKING,134,13.390638,19.475748,0.007934,0.019146,4.999019,0.000000,0.000000,5.000000,0.020748,0
1784327668.247298,ADAPTIVE,TRACKING,135,14.862102,26.725043,0.007859,0.023582,4.994715,0.000000,0.000000,5.000000,0.025413,0
1784327668.272016,ADAPTIVE,TRACKING,132,13.557126,21.243485,0.006779,0.027792,4.990992,0.000000,0.000000,5.000000,0.029992,0
1784327668.298299,ADAPTIVE,TRACKING,143,15.544335,49.513725,0.006779,0.027792,4.990992,0.000000,0.000000,5.000000,0.029992,0
1784327668.322016,ADAPTIVE,TRACKING,139,12.187256,20.327090,0.002665,0.031949,4.990154,0.000000,0.000000,5.000000,0.033538,0
1784327668.347015,ADAPTIVE,TRACKING,150,17.187814,29.974536,-0.001146,0.035717,4.990059,0.000000,0.000000,5.000000,0.037092,0
1784327668.372016,ADAPTIVE,TRACKING,144,18.201999,25.986781,-0.004633,0.039073,4.992330,0.000000,0.000000,5.000000,0.040088,0
1784327668.397017,ADAPTIVE,TRACKING,136,15.974856,48.761116,-0.004633,0.039073,4.992330,0.000000,0.000000,5.000000,0.040088,0
1784327668.422018,ADAPTIVE,TRACKING,125,11.025201,20.006924,-0.008604,0.043134,4.996129,0.000000,0.000000,5.000000,0.044154,0
1784327668.447016,ADAPTIVE,TRACKING,135,13.807101,27.724187,-0.011518,0.046434,4.999004,0.000000,0.000000,5.000000,0.047852,0
1784327668.472015,ADAPTIVE,TRACKING,146,15.775179,25.002863,-0.014188,0.049367,5.000947,0.000000,0.000000,5.000000,0.051374,0
1784327668.498298,ADAPTIVE,TRACKING,150,16.222143,51.733298,-0.014188,0.049367,5.000947,0.000000,0.000000,5.000000,0.051374,0
1784327668.522298,ADAPTIVE,TRACKING,141,15.422716,23.162948,-0.016637,0.051904,5.001635,0.000000,0.000000,5.000000,0.054530,0
1784327668.547015,ADAPTIVE,TRACKING,138,16.145433,25.402940,-0.017631,0.054420,5.000738,0.000000,0.000000,5.000000,0.057210,0
1784327668.572016,ADAPTIVE,TRACKING,134,11.821654,20.517849,-0.018225,0.056571,5.000279,0.000000,0.000000,5.000000,0.059435,0
1784327668.597016,ADAPTIVE,TRACKING,143,18.585528,52.282412,-0.018225,0.056571,5.000279,0.000000,0.000000,5.000000,0.059435,0
1784327668.622016,ADAPTIVE,TRACKING,134,12.352204,18.734530,-0.018970,0.058731,4.999632,0.000000,0.000000,5.000000,0.061719,0
1784327668.649299,ADAPTIVE,TRACKING,144,15.653338,30.553277,-0.019551,0.060169,4.998848,0.000000,0.000000,5.000000,0.063277,0
1784327668.672016,ADAPTIVE,TRACKING,136,11.975894,19.009802,-0.020843,0.060015,4.998782,0.000000,0.000000,5.000000,0.063543,0
1784327668.697017,ADAPTIVE,TRACKING,155,13.639899,45.674594,-0.020843,0.060015,4.998782,0.000000,0.000000,5.000000,0.063543,0
1784327668.722017,ADAPTIVE,TRACKING,158,17.884302,29.213549,-0.022042,0.059601,4.999134,0.000000,0.000000,5.000000,0.063552,0
1784327668.747016,ADAPTIVE,TRACKING,155,13.640695,20.720315,-0.023186,0.058899,4.999695,0.000000,0.000000,5.000000,0.063299,0
1784327668.772016,ADAPTIVE,TRACKING,155,13.610341,19.316579,-0.024332,0.057918,5.000003,0.000000,0.000000,5.000000,0.062822,0
1784327668.797017,ADAPTIVE,TRACKING,155,15.625776,46.332657,-0.024332,0.057918,5.000003,0.000000,0.000000,5.000000,0.062822,0
1784327668.822017,ADAPTIVE,TRACKING,162,18.231477,27.575661,-0.024865,0.056941,5.003321,0.000000,0.000000,5.000000,0.062222,0
1784327668.847017,ADAPTIVE,TRACKING,149,13.119453,19.850379,-0.025489,0.055856,5.007089,0.000000,0.000000,5.000000,0.061805,0
1784327668.872016,ADAPTIVE,TRACKING,149,16.112591,25.539675,-0.026225,0.054594,5.011780,0.000000,0.000000,5.000000,0.061701,0
1784327668.897016,ADAPTIVE,TRACKING,145,16.756606,51.184278,-0.026225,0.054594,5.011780,0.000000,0.000000,5.000000,0.061701,0
1784327668.922019,ADAPTIVE,TRACKING,144,12.612681,20.815447,-0.026536,0.053243,5.017710,0.000000,0.000000,5.000000,0.062069,0
1784327668.947018,ADAPTIVE,TRACKING,144,14.634841,26.982133,-0.026394,0.051379,5.024797,0.000000,0.000000,5.000000,0.062860,0
1784327668.972016,ADAPTIVE,TRACKING,147,15.904824,25.038272,-0.026305,0.050150,5.029336,0.000000,0.000000,5.000000,0.063778,0
1784327668.997016,ADAPTIVE,TRACKING,151,14.296401,48.429659,-0.026305,0.050150,5.029336,0.000000,0.000000,5.000000,0.063778,0
1784327669.022017,ADAPTIVE,TRACKING,147,15.938597,25.641038,-0.026204,0.047958,5.035470,0.000000,0.000000,5.000000,0.065152,0
1784327669.047017,ADAPTIVE,TRACKING,144,16.140343,25.177287,-0.026045,0.045990,5.038335,0.000000,0.000000,5.000000,0.065291,0
1784327669.072017,ADAPTIVE,TRACKING,142,12.490819,21.322732,-0.025812,0.043769,5.040423,0.000000,0.000000,5.000000,0.064931,0
1784327669.097017,ADAPTIVE,TRACKING,145,17.381130,51.212653,-0.025812,0.043769,5.040423,0.000000,0.000000,5.000000,0.064931,0
1784327669.122017,ADAPTIVE,TRACKING,140,12.331772,19.914556,-0.025411,0.040711,5.042045,0.000000,0.000000,5.000000,0.063804,0
1784327669.147018,ADAPTIVE,TRACKING,152,15.363850,27.998231,-0.025563,0.037960,5.042954,0.000000,0.000000,5.000000,0.062765,0
1784327669.172017,ADAPTIVE,TRACKING,145,16.797593,26.017824,-0.026824,0.035608,5.044813,0.000000,0.000000,5.000000,0.063211,0
1784327669.197017,ADAPTIVE,TRACKING,147,12.933651,47.153222,-0.026824,0.035608,5.044813,0.000000,0.000000,5.000000,0.063211,0
1784327669.222018,ADAPTIVE,TRACKING,147,14.956741,26.999828,-0.028473,0.031462,5.047010,0.000000,0.000000,5.000000,0.063329,0
1784327669.249298,ADAPTIVE,TRACKING,147,12.961813,24.942211,-0.029439,0.027941,5.047406,0.000000,0.000000,5.000000,0.062407,0
1784327669.272017,ADAPTIVE,TRACKING,161,14.154774,20.841423,-0.029963,0.024095,5.047407,0.000000,0.000000,5.000000,0.061039,0
1784327669.297018,ADAPTIVE,TRACKING,161,18.152046,49.839427,-0.029963,0.024095,5.047407,0.000000,0.000000,5.000000,0.061039,0
1784327669.322017,ADAPTIVE,TRACKING,155,16.623071,23.441722,-0.029869,0.019790,5.048683,0.000000,0.000000,5.000000,0.060447,0
1784327669.347018,ADAPTIVE,TRACKING,146,12.803136,21.154124,-0.029678,0.015596,5.049823,0.000000,0.000000,5.000000,0.060053,0
1784327669.372019,ADAPTIVE,TRACKING,146,14.798670,24.021918,-0.029416,0.011536,5.050282,0.000000,0.000000,5.000000,0.059386,0
1784327669.397018,ADAPTIVE,TRACKING,151,16.330618,50.555039,-0.029416,0.011536,5.050282,0.000000,0.000000,5.000000,0.059386,0
1784327669.422020,ADAPTIVE,TRACKING,151,17.319343,25.929729,-0.029436,0.007349,5.050375,0.000000,0.000000,5.000000,0.058805,0
1784327669.447018,ADAPTIVE,TRACKING,138,12.155147,19.780623,-0.029867,0.004898,5.050723,0.000000,0.000000,5.000000,0.059066,0
1784327669.472018,ADAPTIVE,TRACKING,144,16.655666,25.880688,-0.030484,0.002490,5.049592,0.000000,0.000000,5.000000,0.058265,0
1784327669.497017,ADAPTIVE,TRACKING,141,16.406688,50.631208,-0.030484,0.002490,5.049592,0.000000,0.000000,5.000000,0.058265,0
1784327669.522018,ADAPTIVE,TRACKING,140,18.306153,26.010619,-0.031255,0.000143,5.047389,0.000000,0.000000,5.000000,0.056768,0
1784327669.547017,ADAPTIVE,TRACKING,124,10.934075,16.640587,-0.033131,0.000833,5.046464,0.000000,0.000000,5.000000,0.057073,0
1784327669.572018,ADAPTIVE,TRACKING,134,13.805052,22.902908,-0.035218,0.002381,5.045833,0.000000,0.000000,5.000000,0.057850,0
1784327669.597018,ADAPTIVE,TRACKING,139,14.254567,48.353033,-0.035218,0.002381,5.045833,0.000000,0.000000,5.000000,0.057850,0
1784327669.622019,ADAPTIVE,TRACKING,153,15.464438,26.176290,-0.037626,0.004076,5.043895,0.000000,0.000000,5.000000,0.057958,0
1784327669.647299,ADAPTIVE,TRACKING,146,16.823989,26.598244,-0.039334,0.005196,5.041784,0.000000,0.000000,5.000000,0.057620,0
1784327669.672299,ADAPTIVE,TRACKING,141,18.414646,26.559308,-0.040938,0.005524,5.039707,0.000000,0.000000,5.000000,0.057298,0
1784327669.697019,ADAPTIVE,TRACKING,129,11.359481,44.224575,-0.040938,0.005524,5.039707,0.000000,0.000000,5.000000,0.057298,0
1784327669.724299,ADAPTIVE,TRACKING,134,11.794757,27.592076,-0.042268,0.005886,5.037906,0.000000,0.000000,5.000000,0.057080,0
1784327669.747018,ADAPTIVE,TRACKING,146,14.864292,25.747801,-0.043201,0.006298,5.035849,0.000000,0.000000,5.000000,0.056490,0
1784327669.772018,ADAPTIVE,TRACKING,161,17.177775,26.416710,-0.043797,0.006585,5.033193,0.000000,0.000000,5.000000,0.055348,0
1784327669.797019,ADAPTIVE,TRACKING,151,15.307449,49.546984,-0.043797,0.006585,5.033193,0.000000,0.000000,5.000000,0.055348,0
1784327669.822018,ADAPTIVE,TRACKING,145,16.786919,25.492376,-0.045359,0.007093,5.031920,0.000000,0.000000,5.000000,0.055916,0
1784327669.847019,ADAPTIVE,TRACKING,138,12.136960,20.324164,-0.046118,0.007350,5.032124,0.000000,0.000000,5.000000,0.056682,0
1784327669.872018,ADAPTIVE,TRACKING,147,14.938030,24.034471,-0.046618,0.007514,5.033048,0.000000,0.000000,5.000000,0.057636,0
1784327669.897298,ADAPTIVE,TRACKING,147,15.965524,50.341724,-0.046618,0.007514,5.033048,0.000000,0.000000,5.000000,0.057636,0
1784327669.922019,ADAPTIVE,TRACKING,150,17.216965,25.919232,-0.045712,0.007557,5.032784,0.000000,0.000000,5.000000,0.056759,0
1784327669.947019,ADAPTIVE,TRACKING,138,12.099127,19.803720,-0.043530,0.007489,5.031087,0.000000,0.000000,5.000000,0.054012,0
1784327669.972018,ADAPTIVE,TRACKING,144,15.677454,24.774150,-0.041355,0.007450,5.029041,0.000000,0.000000,5.000000,0.051080,0
1784327669.997019,ADAPTIVE,TRACKING,144,16.702439,50.799962,-0.041355,0.007450,5.029041,0.000000,0.000000,5.000000,0.051080,0
1784327670.024300,ADAPTIVE,TRACKING,143,15.585473,26.134326,-0.038574,0.007412,5.025553,0.000000,0.000000,5.000000,0.046860,0
1784327670.047019,ADAPTIVE,TRACKING,134,14.795609,21.500318,-0.036714,0.007981,5.023295,0.000000,0.000000,5.000000,0.044208,0
1784327670.072019,ADAPTIVE,TRACKING,134,11.787227,18.496023,-0.035001,0.008646,5.021673,0.000000,0.000000,5.000000,0.042066,0
1784327670.097019,ADAPTIVE,TRACKING,146,14.862874,46.571997,-0.035001,0.008646,5.021673,0.000000,0.000000,5.000000,0.042066,0
1784327670.122020,ADAPTIVE,TRACKING,149,16.081603,26.189958,-0.033405,0.009181,5.020224,0.000000,0.000000,5.000000,0.040115,0
1784327670.147020,ADAPTIVE,TRACKING,151,17.264331,25.971342,-0.031899,0.009589,5.018969,0.000000,0.000000,5.000000,0.038332,0
1784327670.173298,ADAPTIVE,TRACKING,138,15.158632,24.141673,-0.030666,0.007395,5.018413,0.000000,0.000000,5.000000,0.036526,0
1784327670.197299,ADAPTIVE,TRACKING,135,15.374447,48.357821,-0.030666,0.007395,5.018413,0.000000,0.000000,5.000000,0.036526,0
1784327670.222019,ADAPTIVE,TRACKING,133,11.682115,20.999912,-0.028896,0.004693,5.017221,0.000000,0.000000,5.000000,0.033964,0
1784327670.249298,ADAPTIVE,TRACKING,144,12.691448,28.259466,-0.027265,0.002535,5.016156,0.000000,0.000000,5.000000,0.031794,0
1784327670.272020,ADAPTIVE,TRACKING,155,13.621824,20.309866,-0.025325,0.000441,5.015218,0.000000,0.000000,5.000000,0.029549,0
1784327670.297020,ADAPTIVE,TRACKING,170,18.974032,50.662708,-0.025325,0.000441,5.015218,0.000000,0.000000,5.000000,0.029549,0
1784327670.322019,ADAPTIVE,TRACKING,156,16.746834,22.732514,-0.022791,-0.001384,5.014996,0.000000,0.000000,5.000000,0.027317,0
1784327670.347019,ADAPTIVE,TRACKING,146,17.863334,26.085323,-0.020012,-0.003103,5.015319,0.000000,0.000000,5.000000,0.025393,0
1784327670.372020,ADAPTIVE,TRACKING,131,15.527275,22.637867,-0.017006,-0.004743,5.015277,0.000000,0.000000,5.000000,0.023347,0
1784327670.397020,ADAPTIVE,TRACKING,129,11.374335,43.485558,-0.017006,-0.004743,5.015277,0.000000,0.000000,5.000000,0.023347,0
1784327670.424302,ADAPTIVE,TRACKING,136,12.026108,27.561215,-0.012844,-0.007110,5.014167,0.000000,0.000000,5.000000,0.020402,0
1784327670.447020,ADAPTIVE,TRACKING,152,15.386896,26.025148,-0.009171,-0.009430,5.013779,0.000000,0.000000,5.000000,0.019049,0
1784327670.472019,ADAPTIVE,TRACKING,161,20.126571,29.434039,-0.005428,-0.011545,5.013110,0.000000,0.000000,5.000000,0.018293,0
1784327670.497020,ADAPTIVE,TRACKING,143,15.573123,49.880572,-0.005428,-0.011545,5.013110,0.000000,0.000000,5.000000,0.018293,0
1784327670.522020,ADAPTIVE,TRACKING,134,14.810089,24.211166,-0.001655,-0.013445,5.011405,0.000000,0.000000,5.000000,0.017708,0
1784327670.549299,ADAPTIVE,TRACKING,130,11.471207,23.911735,0.004034,-0.013959,5.008897,0.000000,0.000000,5.000000,0.017038,0
1784327670.572020,ADAPTIVE,TRACKING,146,17.877948,27.055742,0.010070,-0.014077,5.006692,0.000000,0.000000,5.000000,0.018557,0
1784327670.597021,ADAPTIVE,TRACKING,140,12.321812,46.500589,0.010070,-0.014077,5.006692,0.000000,0.000000,5.000000,0.018557,0
1784327670.622020,ADAPTIVE,TRACKING,150,15.559126,28.212105,0.017169,-0.014314,5.005298,0.000000,0.000000,5.000000,0.022973,0
1784327670.647020,ADAPTIVE,TRACKING,143,16.552743,25.965440,0.022601,-0.014420,5.005322,0.000000,0.000000,5.000000,0.027333,0
1784327670.672020,ADAPTIVE,TRACKING,146,17.834331,26.255080,0.027192,-0.014289,5.005460,0.000000,0.000000,5.000000,0.031200,0
1784327670.697021,ADAPTIVE,TRACKING,131,14.530872,47.952272,0.027192,-0.014289,5.005460,0.000000,0.000000,5.000000,0.031200,0
1784327670.722298,ADAPTIVE,TRACKING,129,13.355573,24.070534,0.031698,-0.014240,5.006397,0.000000,0.000000,5.000000,0.035333,0
1784327670.748299,ADAPTIVE,TRACKING,133,14.673879,27.291410,0.036077,-0.014331,5.007332,0.000000,0.000000,5.000000,0.039506,0
1784327670.772021,ADAPTIVE,TRACKING,138,12.150365,21.170851,0.041603,-0.014686,5.006016,0.000000,0.000000,5.000000,0.044527,0
1784327670.797023,ADAPTIVE,TRACKING,149,15.731219,49.753119,0.041603,-0.014686,5.006016,0.000000,0.000000,5.000000,0.044527,0
1784327670.822021,ADAPTIVE,TRACKING,148,17.039861,26.270125,0.046422,-0.015248,5.001120,0.000000,0.000000,5.000000,0.048875,0
1784327670.847021,ADAPTIVE,TRACKING,145,14.745499,22.664203,0.051058,-0.015812,4.995230,0.000000,0.000000,5.000000,0.053663,0
1784327670.872021,ADAPTIVE,TRACKING,139,15.199241,24.359501,0.055473,-0.016353,4.989909,0.000000,0.000000,5.000000,0.058707,0
1784327670.898652,ADAPTIVE,TRACKING,137,15.042965,50.835505,0.055473,-0.016353,4.989909,0.000000,0.000000,5.000000,0.058707,0
1784327670.922022,ADAPTIVE,TRACKING,140,13.993307,22.243437,0.058477,-0.016024,4.984801,0.000000,0.000000,5.000000,0.062509,0
1784327670.947021,ADAPTIVE,TRACKING,141,15.421525,26.388624,0.060677,-0.014603,4.978760,0.000000,0.000000,5.000000,0.065924,0
1784327670.972022,ADAPTIVE,TRACKING,141,15.420060,22.127112,0.061968,-0.013809,4.975977,0.000000,0.000000,5.000000,0.067881,0
1784327670.997021,ADAPTIVE,TRACKING,141,15.414074,47.120556,0.061968,-0.013809,4.975977,0.000000,0.000000,5.000000,0.067881,0
1784327671.022021,ADAPTIVE,TRACKING,137,12.056193,21.599875,0.064061,-0.012559,4.972605,0.000000,0.000000,5.000000,0.070796,0
1784327671.047021,ADAPTIVE,TRACKING,146,14.818756,27.735650,0.064154,-0.011562,4.974680,0.000000,0.000000,5.000000,0.069932,0
1784327671.072021,ADAPTIVE,TRACKING,150,16.204786,25.453419,0.063581,-0.010636,4.977847,0.000000,0.000000,5.000000,0.068165,0
1784327671.097022,ADAPTIVE,TRACKING,151,17.266255,51.514981,0.063581,-0.010636,4.977847,0.000000,0.000000,5.000000,0.068165,0
1784327671.122022,ADAPTIVE,TRACKING,138,12.119818,18.825238,0.062877,-0.009787,4.980002,0.000000,0.000000,5.000000,0.066703,0
1784327671.147022,ADAPTIVE,TRACKING,145,14.747618,27.596163,0.062140,-0.008975,4.981171,0.000000,0.000000,5.000000,0.065547,0
1784327671.172021,ADAPTIVE,TRACKING,148,15.954015,25.160827,0.061064,-0.006924,4.981731,0.000000,0.000000,5.000000,0.064113,0
1784327671.197021,ADAPTIVE,TRACKING,151,15.250260,49.457279,0.061064,-0.006924,4.981731,0.000000,0.000000,5.000000,0.064113,0
1784327671.222022,ADAPTIVE,TRACKING,144,15.031388,24.752461,0.059542,-0.004488,4.982718,0.000000,0.000000,5.000000,0.062162,0
1784327671.247022,ADAPTIVE,TRACKING,143,15.586219,25.287383,0.058137,-0.002541,4.983450,0.000000,0.000000,5.000000,0.060500,0
1784327671.272022,ADAPTIVE,TRACKING,143,13.488540,22.635009,0.056459,-0.000368,4.983960,0.000000,0.000000,5.000000,0.058694,0
1784327671.297022,ADAPTIVE,TRACKING,146,14.830459,48.977331,0.056459,-0.000368,4.983960,0.000000,0.000000,5.000000,0.058694,0
1784327671.322022,ADAPTIVE,TRACKING,147,16.953165,25.658003,0.054329,0.002567,4.984355,0.000000,0.000000,5.000000,0.056595,0
1784327671.347022,ADAPTIVE,TRACKING,144,12.680585,20.700762,0.052007,0.005303,4.984968,0.000000,0.000000,5.000000,0.054395,0
1784327671.372022,ADAPTIVE,TRACKING,147,14.936486,24.082444,0.049543,0.007872,4.985926,0.000000,0.000000,5.000000,0.052101,0
1784327671.398772,ADAPTIVE,TRACKING,147,13.943894,49.839562,0.049543,0.007872,4.985926,0.000000,0.000000,5.000000,0.052101,0
1784327671.422024,ADAPTIVE,TRACKING,158,17.938598,27.206834,0.046278,0.011516,4.989626,0.000000,0.000000,5.000000,0.048805,0
1784327671.447022,ADAPTIVE,TRACKING,145,12.780354,19.786164,0.043631,0.014945,4.992663,0.000000,0.000000,5.000000,0.046700,0
1784327671.472022,ADAPTIVE,TRACKING,151,19.290954,28.437182,0.041088,0.018024,4.994126,0.000000,0.000000,5.000000,0.045250,0
1784327671.497022,ADAPTIVE,TRACKING,136,14.951195,49.096844,0.041088,0.018024,4.994126,0.000000,0.000000,5.000000,0.045250,0
1784327671.522023,ADAPTIVE,TRACKING,138,13.170945,23.194806,0.038608,0.020748,4.996199,0.000000,0.000000,5.000000,0.043995,0
1784327671.547299,ADAPTIVE,TRACKING,135,14.887814,26.957992,0.036041,0.023707,4.995843,0.000000,0.000000,5.000000,0.043339,0
1784327671.572023,ADAPTIVE,TRACKING,142,15.480236,24.714759,0.033461,0.026448,4.995059,0.000000,0.000000,5.000000,0.042937,0
1784327671.597023,ADAPTIVE,TRACKING,142,12.482676,46.717116,0.033461,0.026448,4.995059,0.000000,0.000000,5.000000,0.042937,0
1784327671.622023,ADAPTIVE,TRACKING,146,17.412608,29.904096,0.030315,0.029312,4.994516,0.000000,0.000000,5.000000,0.042524,0
1784327671.647023,ADAPTIVE,TRACKING,142,16.150164,23.702789,0.027823,0.031186,4.994504,0.000000,0.000000,5.000000,0.042153,0
1784327671.672022,ADAPTIVE,TRACKING,140,15.325390,24.143929,0.024712,0.032904,4.995542,0.000000,0.000000,5.000000,0.041391,0
1784327671.697023,ADAPTIVE,TRACKING,131,14.175254,47.994616,0.024712,0.032904,4.995542,0.000000,0.000000,5.000000,0.041391,0
1784327671.722023,ADAPTIVE,TRACKING,135,13.851015,24.637513,0.021578,0.034198,4.996063,0.000000,0.000000,5.000000,0.040628,0
1784327671.747022,ADAPTIVE,TRACKING,140,14.301938,25.421292,0.018451,0.035191,4.995533,0.000000,0.000000,5.000000,0.039985,0
1784327671.772022,ADAPTIVE,TRACKING,143,14.596916,23.836911,0.015381,0.035906,4.994231,0.000000,0.000000,5.000000,0.039485,0
1784327671.797024,ADAPTIVE,TRACKING,146,15.885345,50.126609,0.015381,0.035906,4.994231,0.000000,0.000000,5.000000,0.039485,0
1784327671.822023,ADAPTIVE,TRACKING,143,17.179081,26.248790,0.011421,0.035505,4.992673,0.000000,0.000000,5.000000,0.038009,0
1784327671.847023,ADAPTIVE,TRACKING,135,13.874869,21.658244,0.008279,0.035024,4.992035,0.000000,0.000000,5.000000,0.036860,0
1784327671.872023,ADAPTIVE,TRACKING,135,13.864910,21.577743,0.005164,0.034335,4.990457,0.000000,0.000000,5.000000,0.036009,0
1784327671.898298,ADAPTIVE,TRACKING,138,15.096809,49.085878,0.005164,0.034335,4.990457,0.000000,0.000000,5.000000,0.036009,0
1784327671.922025,ADAPTIVE,TRACKING,142,13.485460,22.067436,0.001151,0.033552,4.989175,0.000000,0.000000,5.000000,0.035274,0
1784327671.947023,ADAPTIVE,TRACKING,146,14.843530,26.321238,-0.003725,0.032649,4.988804,0.000000,0.000000,5.000000,0.034716,0
1784327671.972023,ADAPTIVE,TRACKING,147,18.962386,27.951398,-0.008528,0.031576,4.989158,0.000000,0.000000,5.000000,0.034458,0
1784327671.997023,ADAPTIVE,TRACKING,138,13.167283,47.156782,-0.008528,0.031576,4.989158,0.000000,0.000000,5.000000,0.034458,0
1784327672.025299,ADAPTIVE,TRACKING,138,12.170180,27.249479,-0.014407,0.030058,4.989492,0.000000,0.000000,5.000000,0.034949,0
1784327672.047024,ADAPTIVE,TRACKING,143,16.043069,25.565055,-0.018933,0.027608,4.990575,0.000000,0.000000,5.000000,0.034778,0
1784327672.072023,ADAPTIVE,TRACKING,152,13.397958,22.107285,-0.023171,0.024797,4.992074,0.000000,0.000000,5.000000,0.034852,0
1784327672.098660,ADAPTIVE,TRACKING,155,14.631082,49.977458,-0.023171,0.024797,4.992074,0.000000,0.000000,5.000000,0.034852,0
1784327672.122024,ADAPTIVE,TRACKING,152,17.386870,26.093435,-0.027007,0.021972,4.993074,0.000000,0.000000,5.000000,0.035498,0
1784327672.147023,ADAPTIVE,TRACKING,151,15.308683,22.885777,-0.030391,0.019092,4.993855,0.000000,0.000000,5.000000,0.036412,0
1784327672.172023,ADAPTIVE,TRACKING,145,15.742963,24.904185,-0.032634,0.016222,4.993386,0.000000,0.000000,5.000000,0.037039,0
1784327672.197024,ADAPTIVE,TRACKING,138,12.187433,46.348884,-0.032634,0.016222,4.993386,0.000000,0.000000,5.000000,0.037039,0
1784327672.222024,ADAPTIVE,TRACKING,150,17.189670,29.972052,-0.035004,0.012798,4.992053,0.000000,0.000000,5.000000,0.038108,0
1784327672.247024,ADAPTIVE,TRACKING,144,12.649689,20.429319,-0.036609,0.010081,4.990663,0.000000,0.000000,5.000000,0.039103,0
1784327672.272024,ADAPTIVE,TRACKING,154,15.552290,24.688135,-0.037965,0.007303,4.989310,0.000000,0.000000,5.000000,0.040111,0
1784327672.297025,ADAPTIVE,TRACKING,148,16.986360,51.123170,-0.037965,0.007303,4.989310,0.000000,0.000000,5.000000,0.040111,0
1784327672.322024,ADAPTIVE,TRACKING,148,14.996215,22.977412,-0.039066,0.004341,4.989331,0.000000,0.000000,5.000000,0.040729,0
1784327672.347023,ADAPTIVE,TRACKING,141,15.443674,25.420625,-0.039945,0.001417,4.989861,0.000000,0.000000,5.000000,0.041236,0
1784327672.372024,ADAPTIVE,TRACKING,138,12.108097,21.332274,-0.040656,-0.001578,4.990921,0.000000,0.000000,5.000000,0.041687,0
1784327672.397025,ADAPTIVE,TRACKING,150,16.105055,50.330685,-0.040656,-0.001578,4.990921,0.000000,0.000000,5.000000,0.041687,0
1784327672.422027,ADAPTIVE,TRACKING,147,16.365635,25.102363,-0.040802,-0.005531,4.992731,0.000000,0.000000,5.000000,0.041812,0
1784327672.447024,ADAPTIVE,TRACKING,146,12.781201,21.371126,-0.040129,-0.008862,4.996633,0.000000,0.000000,5.000000,0.041234,0
1784327672.472024,ADAPTIVE,TRACKING,146,14.745777,24.026662,-0.039224,-0.012133,5.001004,0.000000,0.000000,5.000000,0.041070,0
1784327672.497024,ADAPTIVE,TRACKING,150,16.138184,50.419825,-0.039224,-0.012133,5.001004,0.000000,0.000000,5.000000,0.041070,0
1784327672.522024,ADAPTIVE,TRACKING,151,16.847050,25.680240,-0.038065,-0.015293,5.004028,0.000000,0.000000,5.000000,0.041219,0
1784327672.547024,ADAPTIVE,TRACKING,140,12.314521,20.438832,-0.036197,-0.017225,5.006180,0.000000,0.000000,5.000000,0.040560,0
1784327672.572024,ADAPTIVE,TRACKING,146,14.750513,23.929684,-0.033971,-0.018782,5.008621,0.000000,0.000000,5.000000,0.039763,0
1784327672.597024,ADAPTIVE,TRACKING,149,16.019556,50.199485,-0.033971,-0.018782,5.008621,0.000000,0.000000,5.000000,0.039763,0
1784327672.622025,ADAPTIVE,TRACKING,151,16.804816,25.753333,-0.031014,-0.020847,5.009704,0.000000,0.000000,5.000000,0.038609,0
1784327672.647037,ADAPTIVE,TRACKING,140,12.247717,20.397037,-0.028504,-0.022572,5.008883,0.000000,0.000000,5.000000,0.037428,0
1784327672.672025,ADAPTIVE,TRACKING,146,14.750259,24.014060,-0.025697,-0.022316,5.009687,0.000000,0.000000,5.000000,0.035386,0
1784327672.697026,ADAPTIVE,TRACKING,150,16.163000,50.428196,-0.025697,-0.022316,5.009687,0.000000,0.000000,5.000000,0.035386,0
1784327672.722026,ADAPTIVE,TRACKING,151,14.199366,22.911683,-0.022780,-0.022251,5.009355,0.000000,0.000000,5.000000,0.033189,0
1784327672.747025,ADAPTIVE,TRACKING,148,14.913708,25.683169,-0.019827,-0.022248,5.009000,0.000000,0.000000,5.000000,0.031131,0
1784327672.772025,ADAPTIVE,TRACKING,148,15.912391,24.992811,-0.016943,-0.022167,5.008674,0.000000,0.000000,5.000000,0.029218,0
1784327672.797027,ADAPTIVE,TRACKING,148,16.975805,51.058823,-0.016943,-0.022167,5.008674,0.000000,0.000000,5.000000,0.029218,0
1784327672.822026,ADAPTIVE,TRACKING,139,12.151963,20.135884,-0.009521,-0.025468,5.009442,0.000000,0.000000,5.000000,0.028783,0
1784327672.847025,ADAPTIVE,TRACKING,145,15.656830,27.363252,-0.003896,-0.027763,5.009393,0.000000,0.000000,5.000000,0.029567,0
1784327672.872025,ADAPTIVE,TRACKING,145,13.677269,22.392356,0.001537,-0.029790,5.009560,0.000000,0.000000,5.000000,0.031324,0
1784327672.897026,ADAPTIVE,TRACKING,155,17.926212,51.642367,0.001537,-0.029790,5.009560,0.000000,0.000000,5.000000,0.031324,0
1784327672.922028,ADAPTIVE,TRACKING,141,12.339462,19.364292,0.006130,-0.031851,5.011863,0.000000,0.000000,5.000000,0.034537,0
1784327672.947025,ADAPTIVE,TRACKING,151,16.195912,28.823285,0.009990,-0.033837,5.014453,0.000000,0.000000,5.000000,0.038127,0
1784327672.972025,ADAPTIVE,TRACKING,144,13.578047,22.356892,0.013694,-0.035487,5.016540,0.000000,0.000000,5.000000,0.041478,0
1784327672.997025,ADAPTIVE,TRACKING,155,18.280007,52.059834,0.013694,-0.035487,5.016540,0.000000,0.000000,5.000000,0.041478,0
1784327673.022025,ADAPTIVE,TRACKING,140,12.192993,18.886004,0.018166,-0.037233,5.018926,0.000000,0.000000,5.000000,0.045547,0
1784327673.047026,ADAPTIVE,TRACKING,150,16.066116,28.849614,0.021332,-0.037064,5.019605,0.000000,0.000000,5.000000,0.047044,0
1784327673.072025,ADAPTIVE,TRACKING,144,13.580369,22.485613,0.024447,-0.036312,5.019969,0.000000,0.000000,5.000000,0.048115,0
1784327673.097026,ADAPTIVE,TRACKING,155,18.122587,52.028515,0.024447,-0.036312,5.019969,0.000000,0.000000,5.000000,0.048115,0
1784327673.122025,ADAPTIVE,TRACKING,141,12.329605,19.177740,0.027616,-0.035529,5.020003,0.000000,0.000000,5.000000,0.049246,0
1784327673.147026,ADAPTIVE,TRACKING,150,16.126155,28.693187,0.030846,-0.034672,5.019943,0.000000,0.000000,5.000000,0.050511,0
1784327673.172026,ADAPTIVE,TRACKING,144,13.584824,22.301657,0.032946,-0.033058,5.019011,0.000000,0.000000,5.000000,0.050396,0
1784327673.197026,ADAPTIVE,TRACKING,155,18.270823,51.988097,0.032946,-0.033058,5.019011,0.000000,0.000000,5.000000,0.050396,0
1784327673.222026,ADAPTIVE,TRACKING,140,12.279847,18.977423,0.035580,-0.030966,5.016423,0.000000,0.000000,5.000000,0.049946,0
1784327673.247026,ADAPTIVE,TRACKING,150,16.102225,28.779520,0.037601,-0.029253,5.014122,0.000000,0.000000,5.000000,0.049689,0
1784327673.272026,ADAPTIVE,TRACKING,143,13.483586,22.333229,0.039225,-0.027130,5.011690,0.000000,0.000000,5.000000,0.049105,0
1784327673.297026,ADAPTIVE,TRACKING,155,15.615688,49.465447,0.039225,-0.027130,5.011690,0.000000,0.000000,5.000000,0.049105,0
1784327673.322299,ADAPTIVE,TRACKING,148,15.991681,25.230007,0.039961,-0.023917,5.009653,0.000000,0.000000,5.000000,0.047561,0
1784327673.347026,ADAPTIVE,TRACKING,148,16.023421,24.717285,0.040617,-0.020838,5.010905,0.000000,0.000000,5.000000,0.046935,0
1784327673.372026,ADAPTIVE,TRACKING,141,16.420223,25.368988,0.041183,-0.017952,5.012753,0.000000,0.000000,5.000000,0.046701,0
1784327673.397026,ADAPTIVE,TRACKING,135,14.555468,48.504906,0.041183,-0.017952,5.012753,0.000000,0.000000,5.000000,0.046701,0
1784327673.422032,ADAPTIVE,TRACKING,135,14.228871,24.637872,0.041643,-0.012888,5.013352,0.000000,0.000000,5.000000,0.045591,0
1784327673.447026,ADAPTIVE,TRACKING,136,13.940359,24.619930,0.041769,-0.007189,5.014264,0.000000,0.000000,5.000000,0.044719,0
1784327673.472026,ADAPTIVE,TRACKING,142,14.456922,23.879468,0.041805,-0.001954,5.015063,0.000000,0.000000,5.000000,0.044479,0
1784327673.497026,ADAPTIVE,TRACKING,145,14.776554,49.199659,0.041805,-0.001954,5.015063,0.000000,0.000000,5.000000,0.044479,0
1784327673.522298,ADAPTIVE,TRACKING,146,17.841105,28.305059,0.041644,0.002842,5.015954,0.000000,0.000000,5.000000,0.044685,0
1784327673.547026,ADAPTIVE,TRACKING,138,15.133512,21.987168,0.040246,0.005555,5.018155,0.000000,0.000000,5.000000,0.044500,0
1784327673.572026,ADAPTIVE,TRACKING,134,14.805123,21.522141,0.038452,0.007562,5.019632,0.000000,0.000000,5.000000,0.043831,0
1784327673.597027,ADAPTIVE,TRACKING,131,11.572627,43.290491,0.038452,0.007562,5.019632,0.000000,0.000000,5.000000,0.043831,0
1784327673.623300,ADAPTIVE,TRACKING,145,14.297976,28.972064,0.036141,0.009973,5.019475,0.000000,0.000000,5.000000,0.042248,0
1784327673.647027,ADAPTIVE,TRACKING,151,15.268192,24.660787,0.034324,0.011759,5.018955,0.000000,0.000000,5.000000,0.040935,0
1784327673.672027,ADAPTIVE,TRACKING,156,16.742096,25.980247,0.031430,0.013626,5.021604,0.000000,0.000000,5.000000,0.040500,0
1784327673.697027,ADAPTIVE,TRACKING,146,16.821990,51.060848,0.031430,0.013626,5.021604,0.000000,0.000000,5.000000,0.040500,0
1784327673.722027,ADAPTIVE,TRACKING,139,15.220395,23.362762,0.028604,0.015511,5.023619,0.000000,0.000000,5.000000,0.040207,0
1784327673.749298,ADAPTIVE,TRACKING,135,14.902755,26.928311,0.025905,0.017415,5.023969,0.000000,0.000000,5.000000,0.039355,0
1784327673.772027,ADAPTIVE,TRACKING,134,13.800468,21.602232,0.023333,0.019210,5.022994,0.000000,0.000000,5.000000,0.037976,0
1784327673.797027,ADAPTIVE,TRACKING,139,14.267574,47.069895,0.023333,0.019210,5.022994,0.000000,0.000000,5.000000,0.037976,0
1784327673.822027,ADAPTIVE,TRACKING,142,14.518889,25.222607,0.017515,0.023473,5.024535,0.000000,0.000000,5.000000,0.038206,0
1784327673.847028,ADAPTIVE,TRACKING,146,17.871501,28.324816,0.013404,0.026575,5.028008,0.000000,0.000000,5.000000,0.040870,0
1784327673.872027,ADAPTIVE,TRACKING,137,15.062834,22.160760,0.009712,0.029402,5.030719,0.000000,0.000000,5.000000,0.043618,0
1784327673.897027,ADAPTIVE,TRACKING,134,15.412571,47.511966,0.009712,0.029402,5.030719,0.000000,0.000000,5.000000,0.043618,0
1784327673.922029,ADAPTIVE,TRACKING,129,11.336514,20.883295,0.005543,0.032089,5.034523,0.000000,0.000000,5.000000,0.047458,0
1784327673.948299,ADAPTIVE,TRACKING,143,15.587138,30.486703,0.000905,0.034580,5.040479,0.000000,0.000000,5.000000,0.053246,0
1784327673.972027,ADAPTIVE,TRACKING,144,14.674364,22.780356,-0.003355,0.036737,5.046356,0.000000,0.000000,5.000000,0.059243,0
1784327673.997027,ADAPTIVE,TRACKING,150,16.235218,49.341078,-0.003355,0.036737,5.046356,0.000000,0.000000,5.000000,0.059243,0
1784327674.022027,ADAPTIVE,TRACKING,141,16.407691,25.147620,-0.008172,0.039012,5.052042,0.000000,0.000000,5.000000,0.065553,0
1784327674.047029,ADAPTIVE,TRACKING,137,16.051954,24.612949,-0.012198,0.040386,5.056350,0.000000,0.000000,5.000000,0.070393,0
1784327674.072028,ADAPTIVE,TRACKING,131,14.503477,23.421854,-0.016075,0.041443,5.059062,0.000000,0.000000,5.000000,0.073921,0
1784327674.097028,ADAPTIVE,TRACKING,130,12.473666,46.391500,-0.016075,0.041443,5.059062,0.000000,0.000000,5.000000,0.073921,0
1784327674.125299,ADAPTIVE,TRACKING,138,12.161461,27.839118,-0.019679,0.042230,5.060787,0.000000,0.000000,5.000000,0.076588,0
1784327674.147027,ADAPTIVE,TRACKING,152,16.887741,26.423894,-0.023108,0.042770,5.063456,0.000000,0.000000,5.000000,0.079937,0
1784327674.172028,ADAPTIVE,TRACKING,152,13.355610,21.430630,-0.025687,0.043001,5.063137,0.000000,0.000000,5.000000,0.080593,0
1784327674.197299,ADAPTIVE,TRACKING,156,17.179985,50.524882,-0.025687,0.043001,5.063137,0.000000,0.000000,5.000000,0.080593,0
1784327674.222028,ADAPTIVE,TRACKING,145,15.319920,22.549013,-0.028875,0.043119,5.061400,0.000000,0.000000,5.000000,0.080392,0
1784327674.247028,ADAPTIVE,TRACKING,148,16.087621,25.742556,-0.031422,0.043144,5.058581,0.000000,0.000000,5.000000,0.079249,0
1784327674.272028,ADAPTIVE,TRACKING,138,12.169988,21.018479,-0.034441,0.042754,5.054414,0.000000,0.000000,5.000000,0.077298,0
1784327674.297028,ADAPTIVE,TRACKING,148,17.053605,50.901136,-0.034441,0.042754,5.054414,0.000000,0.000000,5.000000,0.077298,0
1784327674.322028,ADAPTIVE,TRACKING,144,12.684747,20.602381,-0.038915,0.041404,5.049322,0.000000,0.000000,5.000000,0.075242,0
1784327674.347028,ADAPTIVE,TRACKING,154,16.548525,28.261745,-0.042975,0.040192,5.044498,0.000000,0.000000,5.000000,0.073772,0
1784327674.372028,ADAPTIVE,TRACKING,144,14.653199,23.076426,-0.046619,0.039115,5.041121,0.000000,0.000000,5.000000,0.073446,0
1784327674.397029,ADAPTIVE,TRACKING,151,16.303121,49.727808,-0.046619,0.039115,5.041121,0.000000,0.000000,5.000000,0.073446,0
1784327674.422031,ADAPTIVE,TRACKING,141,13.385526,22.026633,-0.050220,0.038663,5.038578,0.000000,0.000000,5.000000,0.074196,0
1784327674.447029,ADAPTIVE,TRACKING,147,16.901986,28.465406,-0.052321,0.039270,5.038187,0.000000,0.000000,5.000000,0.075749,0
1784327674.472028,ADAPTIVE,TRACKING,141,12.395502,20.464069,-0.054251,0.039681,5.038862,0.000000,0.000000,5.000000,0.077640,0
1784327674.497028,ADAPTIVE,TRACKING,151,17.903380,50.971776,-0.054251,0.039681,5.038862,0.000000,0.000000,5.000000,0.077640,0
1784327674.522029,ADAPTIVE,TRACKING,139,14.256535,20.970888,-0.055943,0.039914,5.039131,0.000000,0.000000,5.000000,0.079082,0
1784327674.547299,ADAPTIVE,TRACKING,145,18.804774,27.776073,-0.057781,0.040592,5.040013,0.000000,0.000000,5.000000,0.081163,0
1784327674.572030,ADAPTIVE,TRACKING,128,14.209043,20.103000,-0.059334,0.041287,5.040157,0.000000,0.000000,5.000000,0.082691,0
1784327674.597063,ADAPTIVE,TRACKING,131,10.482925,41.413800,-0.059334,0.041287,5.040157,0.000000,0.000000,5.000000,0.082691,0
1784327674.622146,ADAPTIVE,TRACKING,140,8.111533,22.612164,-0.060722,0.041944,5.038974,0.000000,0.000000,5.000000,0.083459,0
1784327674.647165,ADAPTIVE,TRACKING,180,13.723333,29.927802,-0.061386,0.042235,5.037520,0.000000,0.000000,5.000000,0.083425,0
1784327674.672149,ADAPTIVE,TRACKING,210,13.853040,23.201987,-0.061916,0.042093,5.037721,0.000000,0.000000,5.000000,0.083835,0
1784327674.697162,ADAPTIVE,TRACKING,224,13.714265,48.076308,-0.061916,0.042093,5.037721,0.000000,0.000000,5.000000,0.083835,0
1784327674.722157,ADAPTIVE,TRACKING,221,13.507769,24.711822,-0.061925,0.041643,5.037543,0.000000,0.000000,5.000000,0.083536,0
1784327674.747041,ADAPTIVE,TRACKING,238,14.099275,25.402037,-0.061405,0.040874,5.037905,0.000000,0.000000,5.000000,0.082934,0
1784327674.772094,ADAPTIVE,TRACKING,247,14.295251,23.528729,-0.060367,0.039765,5.039318,0.000000,0.000000,5.000000,0.082288,0
1784327674.797153,ADAPTIVE,TRACKING,252,14.717574,49.012001,-0.060367,0.039765,5.039318,0.000000,0.000000,5.000000,0.082288,0
1784327674.822144,ADAPTIVE,TRACKING,256,14.873641,25.077105,-0.055247,0.038406,5.044379,0.000000,0.000000,5.000000,0.080602,0
1784327674.847185,ADAPTIVE,TRACKING,258,14.723114,24.825631,-0.051051,0.036931,5.046214,0.000000,0.000000,5.000000,0.078140,0
1784327674.872149,ADAPTIVE,TRACKING,259,14.844594,24.257343,-0.046761,0.035151,5.046984,0.000000,0.000000,5.000000,0.075031,0
1784327674.897159,ADAPTIVE,TRACKING,260,14.835029,49.260950,-0.046761,0.035151,5.046984,0.000000,0.000000,5.000000,0.075031,0
1784327674.922158,ADAPTIVE,TRACKING,262,15.101666,25.180195,-0.041097,0.032698,5.049129,0.000000,0.000000,5.000000,0.071915,0
1784327674.947041,ADAPTIVE,TRACKING,261,14.936053,24.617006,-0.034343,0.029719,5.052265,0.000000,0.000000,5.000000,0.069241,0
1784327674.972075,ADAPTIVE,TRACKING,261,14.946244,24.194508,-0.027852,0.026650,5.054405,0.000000,0.000000,5.000000,0.066677,0
1784327674.997095,ADAPTIVE,TRACKING,261,14.943128,49.214548,-0.027852,0.026650,5.054405,0.000000,0.000000,5.000000,0.066677,0
1784327675.022145,ADAPTIVE,TRACKING,262,15.058847,25.094755,-0.019944,0.022757,5.054886,0.000000,0.000000,5.000000,0.062675,0
1784327675.047091,ADAPTIVE,TRACKING,261,14.943603,24.768013,-0.014342,0.017949,5.052424,0.000000,0.000000,5.000000,0.057237,0
1784327675.072073,ADAPTIVE,TRACKING,261,14.970960,24.262789,-0.008987,0.012771,5.049948,0.000000,0.000000,5.000000,0.052333,0
1784327675.097167,ADAPTIVE,TRACKING,261,14.954136,49.341688,-0.008987,0.012771,5.049948,0.000000,0.000000,5.000000,0.052333,0
1784327675.122165,ADAPTIVE,TRACKING,261,14.937158,24.910552,-0.003741,0.007738,5.047474,0.000000,0.000000,5.000000,0.048246,0
1784327675.147043,ADAPTIVE,TRACKING,261,14.961816,24.819603,0.001334,0.002801,5.045153,0.000000,0.000000,5.000000,0.045259,0
1784327675.172075,ADAPTIVE,TRACKING,261,14.944741,24.254352,0.007039,-0.003606,5.042868,0.000000,0.000000,5.000000,0.043592,0
1784327675.197091,ADAPTIVE,TRACKING,261,14.964963,49.293821,0.007039,-0.003606,5.042868,0.000000,0.000000,5.000000,0.043592,0
1784327675.222107,ADAPTIVE,TRACKING,261,15.287814,25.280500,0.013802,-0.011294,5.040105,0.000000,0.000000,5.000000,0.043891,0
1784327675.247044,ADAPTIVE,TRACKING,259,14.872795,24.454886,0.019031,-0.017176,5.037560,0.000000,0.000000,5.000000,0.045475,0
1784327675.272152,ADAPTIVE,TRACKING,259,14.805592,24.041191,0.024009,-0.023311,5.034470,0.000000,0.000000,5.000000,0.048042,0
1784327675.297166,ADAPTIVE,TRACKING,259,14.826686,49.079825,0.024009,-0.023311,5.034470,0.000000,0.000000,5.000000,0.048042,0
1784327675.322148,ADAPTIVE,TRACKING,261,15.014171,25.097980,0.028571,-0.030559,5.030981,0.000000,0.000000,5.000000,0.052057,0
1784327675.347080,ADAPTIVE,TRACKING,261,14.934082,24.793032,0.032947,-0.037414,5.026723,0.000000,0.000000,5.000000,0.056564,0
1784327675.372087,ADAPTIVE,TRACKING,261,14.938766,24.224625,0.037136,-0.043836,5.021935,0.000000,0.000000,5.000000,0.061497,0
1784327675.397097,ADAPTIVE,TRACKING,261,14.978550,49.274702,0.037136,-0.043836,5.021935,0.000000,0.000000,5.000000,0.061497,0
1784327675.422158,ADAPTIVE,TRACKING,261,15.068176,25.071365,0.042736,-0.051149,5.016638,0.000000,0.000000,5.000000,0.068698,0
1784327675.447096,ADAPTIVE,TRACKING,261,14.936501,24.694674,0.047717,-0.056455,5.013021,0.000000,0.000000,5.000000,0.075057,0
1784327675.472154,ADAPTIVE,TRACKING,261,14.916932,24.272022,0.052377,-0.061379,5.009221,0.000000,0.000000,5.000000,0.081214,0
1784327675.497173,ADAPTIVE,TRACKING,261,14.963901,49.341122,0.052377,-0.061379,5.009221,0.000000,0.000000,5.000000,0.081214,0
1784327675.522148,ADAPTIVE,TRACKING,262,14.954934,24.899823,0.056605,-0.065816,5.007283,0.000000,0.000000,5.000000,0.087114,0
1784327675.547103,ADAPTIVE,TRACKING,262,15.042450,24.980352,0.059499,-0.068575,5.007530,0.000000,0.000000,5.000000,0.091101,0
1784327675.572067,ADAPTIVE,TRACKING,261,14.967279,24.134962,0.061840,-0.070596,5.008090,0.000000,0.000000,5.000000,0.094199,0
1784327675.597046,ADAPTIVE,TRACKING,261,14.954824,49.101754,0.061840,-0.070596,5.008090,0.000000,0.000000,5.000000,0.094199,0
1784327675.622081,ADAPTIVE,TRACKING,261,15.281135,25.290297,0.064440,-0.072768,5.008165,0.000000,0.000000,5.000000,0.097541,0
1784327675.647095,ADAPTIVE,TRACKING,259,14.933538,24.595534,0.066213,-0.074187,5.007993,0.000000,0.000000,5.000000,0.099759,0
1784327675.672086,ADAPTIVE,TRACKING,259,15.486060,24.722513,0.068757,-0.075413,5.006566,0.000000,0.000000,5.000000,0.102263,0
1784327675.697168,ADAPTIVE,TRACKING,255,14.622567,48.940573,0.068757,-0.075413,5.006566,0.000000,0.000000,5.000000,0.102263,0
1784327675.722169,ADAPTIVE,TRACKING,257,14.847386,25.147941,0.070786,-0.076363,5.006040,0.000000,0.000000,5.000000,0.104300,0
1784327675.747170,ADAPTIVE,TRACKING,257,14.731829,24.790586,0.072352,-0.076975,5.006464,0.000000,0.000000,5.000000,0.105838,0
1784327675.772150,ADAPTIVE,TRACKING,260,14.883766,24.221427,0.073442,-0.077320,5.007040,0.000000,0.000000,5.000000,0.106872,0
1784327675.797170,ADAPTIVE,TRACKING,261,15.235499,49.596273,0.073442,-0.077320,5.007040,0.000000,0.000000,5.000000,0.106872,0
1784327675.822142,ADAPTIVE,TRACKING,260,14.890449,24.553975,0.073771,-0.076924,5.011256,0.000000,0.000000,5.000000,0.107174,0
1784327675.847097,ADAPTIVE,TRACKING,260,15.184078,25.188241,0.073612,-0.076452,5.014112,0.000000,0.000000,5.000000,0.107064,0
1784327675.872165,ADAPTIVE,TRACKING,258,14.923931,24.323562,0.073114,-0.075838,5.016094,0.000000,0.000000,5.000000,0.106565,0
1784327675.897229,ADAPTIVE,TRACKING,259,14.868113,49.333515,0.073114,-0.075838,5.016094,0.000000,0.000000,5.000000,0.106565,0
1784327675.922117,ADAPTIVE,TRACKING,259,14.883618,24.822358,0.071364,-0.074105,5.018574,0.000000,0.000000,5.000000,0.104544,0
1784327675.947083,ADAPTIVE,TRACKING,260,14.891784,24.864061,0.068460,-0.071333,5.021441,0.000000,0.000000,5.000000,0.101168,0
1784327675.972147,ADAPTIVE,TRACKING,261,14.984008,24.466005,0.065372,-0.068489,5.023760,0.000000,0.000000,5.000000,0.097616,0
1784327675.997161,ADAPTIVE,TRACKING,261,15.582274,50.079716,0.065372,-0.068489,5.023760,0.000000,0.000000,5.000000,0.097616,0
1784327676.022147,ADAPTIVE,TRACKING,258,14.770543,24.108463,0.061273,-0.064853,5.025866,0.000000,0.000000,5.000000,0.092894,0
1784327676.047164,ADAPTIVE,TRACKING,258,14.789919,24.975263,0.058320,-0.060728,5.028509,0.000000,0.000000,5.000000,0.088892,0
1784327676.072143,ADAPTIVE,TRACKING,258,14.726622,24.222693,0.055328,-0.056289,5.031613,0.000000,0.000000,5.000000,0.085024,0
1784327676.097169,ADAPTIVE,TRACKING,262,15.041737,49.566079,0.055328,-0.056289,5.031613,0.000000,0.000000,5.000000,0.085024,0
1784327676.122157,ADAPTIVE,TRACKING,261,14.932349,24.808939,0.052190,-0.051944,5.034150,0.000000,0.000000,5.000000,0.081168,0
1784327676.147163,ADAPTIVE,TRACKING,262,14.972269,24.976861,0.048994,-0.047703,5.035537,0.000000,0.000000,5.000000,0.077064,0
1784327676.172159,ADAPTIVE,TRACKING,261,14.958982,24.249047,0.046309,-0.041385,5.038611,0.000000,0.000000,5.000000,0.073131,0
1784327676.197168,ADAPTIVE,TRACKING,262,15.905937,50.208090,0.046309,-0.041385,5.038611,0.000000,0.000000,5.000000,0.073131,0
1784327676.222138,ADAPTIVE,TRACKING,256,14.664923,23.655637,0.042830,-0.033876,5.041274,0.000000,0.000000,5.000000,0.068451,0
1784327676.247142,ADAPTIVE,TRACKING,256,14.841609,25.117501,0.039967,-0.028131,5.042864,0.000000,0.000000,5.000000,0.065008,0
1784327676.272141,ADAPTIVE,TRACKING,255,14.659054,23.877819,0.037083,-0.022498,5.043869,0.000000,0.000000,5.000000,0.061692,0
1784327676.297158,ADAPTIVE,TRACKING,260,15.045348,49.284329,0.037083,-0.022498,5.043869,0.000000,0.000000,5.000000,0.061692,0
1784327676.322044,ADAPTIVE,TRACKING,259,14.868064,24.643933,0.034264,-0.016733,5.044065,0.000000,0.000000,5.000000,0.058273,0
1784327676.347045,ADAPTIVE,TRACKING,260,14.946674,24.986469,0.031363,-0.011145,5.043384,0.000000,0.000000,5.000000,0.054681,0
1784327676.372087,ADAPTIVE,TRACKING,260,14.871720,24.218014,0.028451,-0.005799,5.041617,0.000000,0.000000,5.000000,0.050746,0
1784327676.397095,ADAPTIVE,TRACKING,261,14.998997,49.354133,0.028451,-0.005799,5.041617,0.000000,0.000000,5.000000,0.050746,0
1784327676.422095,ADAPTIVE,TRACKING,261,14.971122,24.882697,0.023694,0.000347,5.038455,0.000000,0.000000,5.000000,0.045169,0
1784327676.447176,ADAPTIVE,TRACKING,261,14.913071,24.909822,0.018639,0.004706,5.034067,0.000000,0.000000,5.000000,0.039117,0
1784327676.472078,ADAPTIVE,TRACKING,261,14.930179,24.278344,0.013711,0.009002,5.029759,0.000000,0.000000,5.000000,0.033980,0
1784327676.497153,ADAPTIVE,TRACKING,262,14.938894,49.363365,0.013711,0.009002,5.029759,0.000000,0.000000,5.000000,0.033980,0
1784327676.522139,ADAPTIVE,TRACKING,262,14.963360,24.946310,0.008951,0.013180,5.025242,0.000000,0.000000,5.000000,0.029849,0
1784327676.547170,ADAPTIVE,TRACKING,262,15.043521,25.043989,0.003586,0.018964,5.021721,0.000000,0.000000,5.000000,0.029057,0
1784327676.572150,ADAPTIVE,TRACKING,262,14.943125,24.246638,-0.001789,0.025021,5.018675,0.000000,0.000000,5.000000,0.031274,0
1784327676.597167,ADAPTIVE,TRACKING,262,14.979706,49.303967,-0.001789,0.025021,5.018675,0.000000,0.000000,5.000000,0.031274,0
1784327676.622176,ADAPTIVE,TRACKING,262,15.226776,25.185276,-0.008156,0.032101,5.014704,0.000000,0.000000,5.000000,0.036238,0
1784327676.647092,ADAPTIVE,TRACKING,261,14.882498,24.500404,-0.012933,0.037319,5.011090,0.000000,0.000000,5.000000,0.041024,0
1784327676.672149,ADAPTIVE,TRACKING,261,14.912052,24.174039,-0.018109,0.043213,5.009913,0.000000,0.000000,5.000000,0.047892,0
1784327676.697098,ADAPTIVE,TRACKING,261,14.899902,49.112835,-0.018109,0.043213,5.009913,0.000000,0.000000,5.000000,0.047892,0
1784327676.722154,ADAPTIVE,TRACKING,262,15.053432,25.124505,-0.022980,0.048584,5.007496,0.000000,0.000000,5.000000,0.054265,0
1784327676.747082,ADAPTIVE,TRACKING,262,14.979733,24.783806,-0.027528,0.053422,5.004850,0.000000,0.000000,5.000000,0.060293,0
1784327676.772084,ADAPTIVE,TRACKING,262,14.924452,24.373298,-0.031699,0.057788,5.002284,0.000000,0.000000,5.000000,0.065951,0
1784327676.797169,ADAPTIVE,TRACKING,262,15.050652,49.586697,-0.031699,0.057788,5.002284,0.000000,0.000000,5.000000,0.065951,0
1784327676.822153,ADAPTIVE,TRACKING,262,15.085548,24.943577,-0.037736,0.061828,5.001652,0.000000,0.000000,5.000000,0.072453,0
1784327676.847171,ADAPTIVE,TRACKING,261,15.281788,25.139370,-0.042048,0.064618,5.001387,0.000000,0.000000,5.000000,0.077106,0
1784327676.872159,ADAPTIVE,TRACKING,259,15.198651,24.460827,-0.045909,0.067011,5.000839,0.000000,0.000000,5.000000,0.081233,0
1784327676.897089,ADAPTIVE,TRACKING,257,15.015128,49.208818,-0.045909,0.067011,5.000839,0.000000,0.000000,5.000000,0.081233,0
1784327676.922115,ADAPTIVE,TRACKING,256,15.161677,25.090475,-0.049649,0.067466,5.000039,0.000000,0.000000,5.000000,0.083765,0
1784327676.947153,ADAPTIVE,TRACKING,255,14.548409,24.320257,-0.053259,0.066211,4.999958,0.000000,0.000000,5.000000,0.084973,0
1784327676.972163,ADAPTIVE,TRACKING,257,14.694948,24.048714,-0.056479,0.064823,4.999961,0.000000,0.000000,5.000000,0.085976,0
1784327676.997166,ADAPTIVE,TRACKING,259,14.868038,49.226672,-0.056479,0.064823,4.999961,0.000000,0.000000,5.000000,0.085976,0
1784327677.022141,ADAPTIVE,TRACKING,262,14.973134,25.009252,-0.059971,0.063002,5.000176,0.000000,0.000000,5.000000,0.086982,0
1784327677.047159,ADAPTIVE,TRACKING,262,14.943980,24.928679,-0.062911,0.059164,5.001312,0.000000,0.000000,5.000000,0.086370,0
1784327677.072152,ADAPTIVE,TRACKING,262,14.918771,24.340433,-0.065600,0.054630,5.002498,0.000000,0.000000,5.000000,0.085405,0
1784327677.097170,ADAPTIVE,TRACKING,262,14.953308,49.395890,-0.065600,0.054630,5.002498,0.000000,0.000000,5.000000,0.085405,0
1784327677.122151,ADAPTIVE,TRACKING,263,14.966789,24.924470,-0.067843,0.050138,5.004568,0.000000,0.000000,5.000000,0.084483,0
1784327677.147155,ADAPTIVE,TRACKING,263,15.012609,24.981151,-0.069628,0.045728,5.006935,0.000000,0.000000,5.000000,0.083590,0
1784327677.172150,ADAPTIVE,TRACKING,263,14.996759,24.371065,-0.070756,0.042526,5.012133,0.000000,0.000000,5.000000,0.083439,0
1784327677.197155,ADAPTIVE,TRACKING,263,14.994747,49.375562,-0.070756,0.042526,5.012133,0.000000,0.000000,5.000000,0.083439,0
1784327677.222164,ADAPTIVE,TRACKING,262,15.126677,25.071291,-0.071614,0.038441,5.016465,0.000000,0.000000,5.000000,0.082930,0
1784327677.247075,ADAPTIVE,TRACKING,261,14.891064,24.606834,-0.071883,0.035109,5.018901,0.000000,0.000000,5.000000,0.082201,0
1784327677.272082,ADAPTIVE,TRACKING,261,14.917737,24.172192,-0.071678,0.031538,5.020876,0.000000,0.000000,5.000000,0.081044,0
1784327677.297155,ADAPTIVE,TRACKING,261,14.910973,49.237516,-0.071678,0.031538,5.020876,0.000000,0.000000,5.000000,0.081044,0
1784327677.322163,ADAPTIVE,TRACKING,262,14.978906,25.014804,-0.070892,0.027412,5.022351,0.000000,0.000000,5.000000,0.079225,0
1784327677.347085,ADAPTIVE,TRACKING,262,14.968772,24.849853,-0.069786,0.023350,5.023344,0.000000,0.000000,5.000000,0.077202,0
1784327677.372155,ADAPTIVE,TRACKING,262,15.013338,24.407742,-0.068427,0.019379,5.023607,0.000000,0.000000,5.000000,0.074933,0
1784327677.397171,ADAPTIVE,TRACKING,262,14.973621,49.383288,-0.068427,0.019379,5.023607,0.000000,0.000000,5.000000,0.074933,0
1784327677.422201,ADAPTIVE,TRACKING,262,15.043581,25.012493,-0.065567,0.014373,5.021126,0.000000,0.000000,5.000000,0.070370,0
1784327677.447097,ADAPTIVE,TRACKING,261,14.916615,24.632137,-0.062082,0.010285,5.019159,0.000000,0.000000,5.000000,0.065780,0
1784327677.472080,ADAPTIVE,TRACKING,262,15.124289,24.458238,-0.058492,0.006200,5.018126,0.000000,0.000000,5.000000,0.061549,0
1784327677.497173,ADAPTIVE,TRACKING,261,14.932905,49.361534,-0.058492,0.006200,5.018126,0.000000,0.000000,5.000000,0.061549,0
1784327677.522153,ADAPTIVE,TRACKING,261,14.954790,24.922315,-0.054767,0.002082,5.017237,0.000000,0.000000,5.000000,0.057454,0
1784327677.547166,ADAPTIVE,TRACKING,261,14.920818,24.879576,-0.050795,-0.000005,5.015797,0.000000,0.000000,5.000000,0.053195,0
1784327677.572086,ADAPTIVE,TRACKING,262,14.913965,24.342069,-0.046530,-0.001632,5.013845,0.000000,0.000000,5.000000,0.048574,0
1784327677.597181,ADAPTIVE,TRACKING,262,15.153443,49.682993,-0.046530,-0.001632,5.013845,0.000000,0.000000,5.000000,0.048574,0
1784327677.622149,ADAPTIVE,TRACKING,261,14.976430,24.720872,-0.040921,-0.003772,5.012171,0.000000,0.000000,5.000000,0.042859,0
1784327677.647152,ADAPTIVE,TRACKING,261,14.845928,24.809467,-0.036367,-0.005507,5.011671,0.000000,0.000000,5.000000,0.038588,0
1784327677.672146,ADAPTIVE,TRACKING,261,14.889282,24.280533,-0.030569,-0.008055,5.011763,0.000000,0.000000,5.000000,0.033730,0
1784327677.697171,ADAPTIVE,TRACKING,262,15.037701,49.455369,-0.030569,-0.008055,5.011763,0.000000,0.000000,5.000000,0.033730,0
1784327677.722157,ADAPTIVE,TRACKING,262,14.977505,24.832686,-0.024907,-0.010436,5.011472,0.000000,0.000000,5.000000,0.029341,0
1784327677.747097,ADAPTIVE,TRACKING,262,14.973208,24.868894,-0.019411,-0.012666,5.010444,0.000000,0.000000,5.000000,0.025422,0
1784327677.772079,ADAPTIVE,TRACKING,262,14.930405,24.227168,-0.014068,-0.014793,5.009120,0.000000,0.000000,5.000000,0.022359,0
1784327677.797098,ADAPTIVE,TRACKING,262,14.983676,49.301618,-0.014068,-0.014793,5.009120,0.000000,0.000000,5.000000,0.022359,0
1784327677.822144,ADAPTIVE,TRACKING,262,15.016540,25.004419,-0.007219,-0.015599,5.005816,0.000000,0.000000,5.000000,0.018146,0
1784327677.847084,ADAPTIVE,TRACKING,262,14.931867,24.791125,-0.001876,-0.016145,5.002493,0.000000,0.000000,5.000000,0.016444,0
1784327677.872082,ADAPTIVE,TRACKING,262,14.951692,24.297765,0.003347,-0.016630,4.998633,0.000000,0.000000,5.000000,0.017018,0
1784327677.897097,ADAPTIVE,TRACKING,262,15.638462,50.004957,0.003347,-0.016630,4.998633,0.000000,0.000000,5.000000,0.017018,0
1784327677.922178,ADAPTIVE,TRACKING,258,14.801445,24.156868,0.008448,-0.017688,4.994608,0.000000,0.000000,5.000000,0.020330,0
1784327677.947186,ADAPTIVE,TRACKING,258,14.746391,24.844032,0.013374,-0.019207,4.990810,0.000000,0.000000,5.000000,0.025144,0
1784327677.972159,ADAPTIVE,TRACKING,258,14.699650,23.996367,0.018105,-0.020401,4.988535,0.000000,0.000000,5.000000,0.029588,0
1784327677.997167,ADAPTIVE,TRACKING,262,15.562242,49.869537,0.018105,-0.020401,4.988535,0.000000,0.000000,5.000000,0.029588,0
1784327678.022161,ADAPTIVE,TRACKING,259,14.844056,24.210959,0.023747,-0.021551,4.986599,0.000000,0.000000,5.000000,0.034756,0
1784327678.047152,ADAPTIVE,TRACKING,259,14.824777,24.909463,0.027643,-0.022731,4.987339,0.000000,0.000000,5.000000,0.037962,0
1784327678.072150,ADAPTIVE,TRACKING,258,14.714612,24.067507,0.031208,-0.023870,4.989898,0.000000,0.000000,5.000000,0.040568,0
1784327678.097173,ADAPTIVE,TRACKING,262,14.985713,49.361510,0.031208,-0.023870,4.989898,0.000000,0.000000,5.000000,0.040568,0
1784327678.122154,ADAPTIVE,TRACKING,262,15.089823,25.015890,0.034598,-0.024903,4.992647,0.000000,0.000000,5.000000,0.043258,0
1784327678.147109,ADAPTIVE,TRACKING,261,14.824628,24.600387,0.037811,-0.025837,4.994934,0.000000,0.000000,5.000000,0.046075,0
1784327678.172164,ADAPTIVE,TRACKING,262,14.930929,24.307485,0.040898,-0.025518,4.998075,0.000000,0.000000,5.000000,0.048244,0
1784327678.197182,ADAPTIVE,TRACKING,262,14.983556,49.379279,0.040898,-0.025518,4.998075,0.000000,0.000000,5.000000,0.048244,0
1784327678.222156,ADAPTIVE,TRACKING,263,15.077214,25.005141,0.044387,-0.025080,5.001423,0.000000,0.000000,5.000000,0.051002,0
1784327678.247086,ADAPTIVE,TRACKING,262,14.913262,24.699634,0.046879,-0.024668,5.003136,0.000000,0.000000,5.000000,0.053066,0
1784327678.272153,ADAPTIVE,TRACKING,262,14.940921,24.160621,0.048548,-0.024052,5.003938,0.000000,0.000000,5.000000,0.054323,0
1784327678.297173,ADAPTIVE,TRACKING,262,14.939204,49.178870,0.048548,-0.024052,5.003938,0.000000,0.000000,5.000000,0.054323,0
1784327678.322165,ADAPTIVE,TRACKING,263,14.951339,24.936076,0.048519,-0.022974,5.004478,0.000000,0.000000,5.000000,0.053870,0
1784327678.347110,ADAPTIVE,TRACKING,263,14.976037,24.913511,0.048360,-0.021822,5.004707,0.000000,0.000000,5.000000,0.053264,0
1784327678.372158,ADAPTIVE,TRACKING,263,15.051390,24.426551,0.048090,-0.020615,5.004062,0.000000,0.000000,5.000000,0.052480,0
1784327678.397175,ADAPTIVE,TRACKING,263,15.068474,49.462858,0.048090,-0.020615,5.004062,0.000000,0.000000,5.000000,0.052480,0
1784327678.422167,ADAPTIVE,TRACKING,262,15.105515,24.941195,0.047205,-0.019590,5.003556,0.000000,0.000000,5.000000,0.051232,0
1784327678.447069,ADAPTIVE,TRACKING,261,14.950054,24.638599,0.045791,-0.019326,5.005562,0.000000,0.000000,5.000000,0.050012,0
1784327678.472156,ADAPTIVE,TRACKING,261,14.955522,24.372714,0.044140,-0.018868,5.007745,0.000000,0.000000,5.000000,0.048624,0
1784327678.497171,ADAPTIVE,TRACKING,261,14.963984,49.397493,0.044140,-0.018868,5.007745,0.000000,0.000000,5.000000,0.048624,0
1784327678.522169,ADAPTIVE,TRACKING,261,14.933700,24.901879,0.042255,-0.018250,5.009486,0.000000,0.000000,5.000000,0.046995,0
1784327678.547170,ADAPTIVE,TRACKING,261,14.904443,24.903199,0.039633,-0.019021,5.013936,0.000000,0.000000,5.000000,0.046117,0
1784327678.572083,ADAPTIVE,TRACKING,262,14.972586,24.246401,0.036725,-0.019949,5.018752,0.000000,0.000000,5.000000,0.045808,0
1784327678.597167,ADAPTIVE,TRACKING,262,14.980889,49.340537,0.036725,-0.019949,5.018752,0.000000,0.000000,5.000000,0.045808,0
1784327678.622150,ADAPTIVE,TRACKING,262,14.928218,24.869261,0.033015,-0.020625,5.024426,0.000000,0.000000,5.000000,0.045957,0
1784327678.647086,ADAPTIVE,TRACKING,262,14.966411,24.915154,0.029996,-0.020869,5.027928,0.000000,0.000000,5.000000,0.045992,0
1784327678.672158,ADAPTIVE,TRACKING,262,14.958420,24.324270,0.027325,-0.019343,5.031956,0.000000,0.000000,5.000000,0.046282,0
1784327678.697109,ADAPTIVE,TRACKING,262,15.478470,49.796461,0.027325,-0.019343,5.031956,0.000000,0.000000,5.000000,0.046282,0
1784327678.722157,ADAPTIVE,TRACKING,259,14.860386,24.336137,0.024534,-0.017809,5.034912,0.000000,0.000000,5.000000,0.046237,0
1784327678.747094,ADAPTIVE,TRACKING,259,14.857940,24.850606,0.021619,-0.016244,5.036772,0.000000,0.000000,5.000000,0.045644,0
1784327678.772155,ADAPTIVE,TRACKING,258,14.754913,24.064774,0.018598,-0.014649,5.037331,0.000000,0.000000,5.000000,0.044205,0
1784327678.797168,ADAPTIVE,TRACKING,261,14.926637,49.250245,0.018598,-0.014649,5.037331,0.000000,0.000000,5.000000,0.044205,0
1784327678.822147,ADAPTIVE,TRACKING,262,14.966946,24.953010,0.013873,-0.011077,5.035370,0.000000,0.000000,5.000000,0.039575,0
1784327678.847049,ADAPTIVE,TRACKING,262,15.001115,24.873367,0.010189,-0.008356,5.033742,0.000000,0.000000,5.000000,0.036224,0
1784327678.872143,ADAPTIVE,TRACKING,262,14.955748,24.355952,0.006590,-0.005716,5.032020,0.000000,0.000000,5.000000,0.033187,0
1784327678.897085,ADAPTIVE,TRACKING,262,15.058114,49.402052,0.006590,-0.005716,5.032020,0.000000,0.000000,5.000000,0.033187,0
1784327678.922116,ADAPTIVE,TRACKING,261,15.009830,24.886839,0.002236,-0.002253,5.028872,0.000000,0.000000,5.000000,0.029046,0
1784327678.947096,ADAPTIVE,TRACKING,261,14.852948,24.719127,-0.002757,0.001916,5.024336,0.000000,0.000000,5.000000,0.024566,0
1784327678.972093,ADAPTIVE,TRACKING,261,14.940237,24.301056,-0.007501,0.005996,5.019852,0.000000,0.000000,5.000000,0.022052,0
1784327678.997095,ADAPTIVE,TRACKING,262,14.992987,49.355298,-0.007501,0.005996,5.019852,0.000000,0.000000,5.000000,0.022052,0
1784327679.022048,ADAPTIVE,TRACKING,262,14.973050,24.852348,-0.013134,0.010866,5.015019,0.000000,0.000000,5.000000,0.022719,0
1784327679.047090,ADAPTIVE,TRACKING,262,14.951153,24.959827,-0.016734,0.014015,5.011629,0.000000,0.000000,5.000000,0.024732,0
1784327679.072086,ADAPTIVE,TRACKING,262,15.029906,24.389267,-0.019879,0.016898,5.007914,0.000000,0.000000,5.000000,0.027265,0
1784327679.097174,ADAPTIVE,TRACKING,262,15.109358,49.560400,-0.019879,0.016898,5.007914,0.000000,0.000000,5.000000,0.027265,0
1784327679.122160,ADAPTIVE,TRACKING,261,15.018741,24.819340,-0.022783,0.019699,5.004686,0.000000,0.000000,5.000000,0.030481,0
1784327679.147085,ADAPTIVE,TRACKING,260,14.909818,24.727196,-0.025394,0.022392,5.002168,0.000000,0.000000,5.000000,0.033926,0
1784327679.172082,ADAPTIVE,TRACKING,260,14.907524,24.365849,-0.027367,0.025399,4.999215,0.000000,0.000000,5.000000,0.037345,0
1784327679.197109,ADAPTIVE,TRACKING,261,14.983821,49.470048,-0.027367,0.025399,4.999215,0.000000,0.000000,5.000000,0.037345,0
1784327679.222055,ADAPTIVE,TRACKING,261,15.082452,24.977167,-0.029520,0.028855,4.997270,0.000000,0.000000,5.000000,0.041370,0
1784327679.247102,ADAPTIVE,TRACKING,260,14.958170,24.860457,-0.031051,0.031366,4.996805,0.000000,0.000000,5.000000,0.044251,0
1784327679.272089,ADAPTIVE,TRACKING,260,14.830738,24.006170,-0.031751,0.033535,4.997101,0.000000,0.000000,5.000000,0.046272,0
1784327679.297099,ADAPTIVE,TRACKING,261,14.913880,49.098555,-0.031751,0.033535,4.997101,0.000000,0.000000,5.000000,0.046272,0
1784327679.322094,ADAPTIVE,TRACKING,262,14.978915,24.993140,-0.030473,0.035129,4.998607,0.000000,0.000000,5.000000,0.046525,0
1784327679.347101,ADAPTIVE,TRACKING,262,14.937880,24.889457,-0.029121,0.036510,4.999661,0.000000,0.000000,5.000000,0.046703,0
1784327679.372087,ADAPTIVE,TRACKING,262,15.021935,24.168756,-0.027271,0.037983,5.001120,0.000000,0.000000,5.000000,0.046773,0
1784327679.397103,ADAPTIVE,TRACKING,262,14.931587,49.095215,-0.027271,0.037983,5.001120,0.000000,0.000000,5.000000,0.046773,0
1784327679.422092,ADAPTIVE,TRACKING,262,15.474921,25.455541,-0.025674,0.040125,5.002434,0.000000,0.000000,5.000000,0.047697,0
1784327679.447111,ADAPTIVE,TRACKING,259,14.774889,24.204637,-0.024042,0.043070,5.003860,0.000000,0.000000,5.000000,0.049477,0
1784327679.472152,ADAPTIVE,TRACKING,259,14.805186,24.235500,-0.022444,0.045658,5.005354,0.000000,0.000000,5.000000,0.051157,0
1784327679.497106,ADAPTIVE,TRACKING,259,14.830304,49.217198,-0.022444,0.045658,5.005354,0.000000,0.000000,5.000000,0.051157,0
1784327679.522091,ADAPTIVE,TRACKING,262,15.013564,25.103315,-0.020832,0.047936,5.005900,0.000000,0.000000,5.000000,0.052599,0
1784327679.547187,ADAPTIVE,TRACKING,262,14.987583,25.001664,-0.019695,0.049272,5.007102,0.000000,0.000000,5.000000,0.053536,0
1784327679.572149,ADAPTIVE,TRACKING,261,14.962315,24.325145,-0.018657,0.050134,5.008438,0.000000,0.000000,5.000000,0.054154,0
1784327679.597180,ADAPTIVE,TRACKING,261,14.929472,49.326939,-0.018657,0.050134,5.008438,0.000000,0.000000,5.000000,0.054154,0
1784327679.622151,ADAPTIVE,TRACKING,262,14.928195,24.899079,-0.017221,0.050744,5.010399,0.000000,0.000000,5.000000,0.054586,0
1784327679.647052,ADAPTIVE,TRACKING,262,14.993776,24.902195,-0.015971,0.050954,5.010415,0.000000,0.000000,5.000000,0.054404,0
1784327679.672084,ADAPTIVE,TRACKING,262,14.914988,24.260979,-0.012421,0.052529,5.008947,0.000000,0.000000,5.000000,0.054714,0
1784327679.697105,ADAPTIVE,TRACKING,262,15.570710,49.940279,-0.012421,0.052529,5.008947,0.000000,0.000000,5.000000,0.054714,0
1784327679.722174,ADAPTIVE,TRACKING,259,14.849987,24.271333,-0.008992,0.053744,5.007596,0.000000,0.000000,5.000000,0.055018,0
1784327679.747168,ADAPTIVE,TRACKING,259,14.809645,24.889215,-0.005627,0.054510,5.006923,0.000000,0.000000,5.000000,0.055235,0
1784327679.772088,ADAPTIVE,TRACKING,258,14.767584,23.913226,-0.002393,0.054936,5.007455,0.000000,0.000000,5.000000,0.055491,0
1784327679.797178,ADAPTIVE,TRACKING,262,14.954750,49.191814,-0.002393,0.054936,5.007455,0.000000,0.000000,5.000000,0.055491,0
1784327679.822169,ADAPTIVE,TRACKING,262,14.989170,24.947807,0.005822,0.053342,5.004391,0.000000,0.000000,5.000000,0.053838,0
1784327679.847164,ADAPTIVE,TRACKING,262,14.911938,24.855370,0.011850,0.051817,5.001250,0.000000,0.000000,5.000000,0.053170,0
1784327679.872153,ADAPTIVE,TRACKING,262,14.944952,24.294321,0.017436,0.050167,4.997692,0.000000,0.000000,5.000000,0.053161,0
1784327679.897094,ADAPTIVE,TRACKING,262,14.993944,49.283411,0.017436,0.050167,4.997692,0.000000,0.000000,5.000000,0.053161,0
1784327679.922102,ADAPTIVE,TRACKING,262,15.174408,25.119196,0.021993,0.047666,4.992935,0.000000,0.000000,5.000000,0.052969,0
1784327679.947053,ADAPTIVE,TRACKING,261,15.036987,24.695394,0.025605,0.044384,4.988383,0.000000,0.000000,5.000000,0.052541,0
1784327679.972188,ADAPTIVE,TRACKING,260,14.822305,24.104689,0.028910,0.041060,4.984455,0.000000,0.000000,5.000000,0.052568,0
1784327679.997175,ADAPTIVE,TRACKING,260,14.922086,49.192258,0.028910,0.041060,4.984455,0.000000,0.000000,5.000000,0.052568,0
1784327680.022155,ADAPTIVE,TRACKING,261,14.947461,24.933043,0.032520,0.036838,4.980523,0.000000,0.000000,5.000000,0.052858,0
1784327680.047179,ADAPTIVE,TRACKING,262,14.960417,24.971966,0.034749,0.033990,4.978149,0.000000,0.000000,5.000000,0.053294,0
1784327680.072158,ADAPTIVE,TRACKING,261,14.892919,24.217671,0.036607,0.031272,4.975253,0.000000,0.000000,5.000000,0.054133,0
1784327680.097179,ADAPTIVE,TRACKING,262,14.925088,49.270179,0.036607,0.031272,4.975253,0.000000,0.000000,5.000000,0.054133,0
1784327680.122146,ADAPTIVE,TRACKING,262,14.933164,24.906946,0.038165,0.028451,4.972964,0.000000,0.000000,5.000000,0.054744,0
1784327680.147173,ADAPTIVE,TRACKING,263,14.984899,25.003923,0.039467,0.025495,4.972088,0.000000,0.000000,5.000000,0.054651,0
1784327680.172159,ADAPTIVE,TRACKING,263,15.037964,24.334925,0.040343,0.022304,4.971673,0.000000,0.000000,5.000000,0.054106,0
1784327680.197176,ADAPTIVE,TRACKING,262,14.953706,49.269334,0.040343,0.022304,4.971673,0.000000,0.000000,5.000000,0.054106,0
1784327680.222148,ADAPTIVE,TRACKING,262,14.918343,24.867365,0.041207,0.018198,4.971252,0.000000,0.000000,5.000000,0.053438,0
1784327680.247149,ADAPTIVE,TRACKING,262,14.959659,24.980478,0.041725,0.014842,4.971020,0.000000,0.000000,5.000000,0.052925,0
1784327680.272092,ADAPTIVE,TRACKING,262,14.977987,24.350020,0.042702,0.011610,4.970842,0.000000,0.000000,5.000000,0.052995,0
1784327680.297164,ADAPTIVE,TRACKING,262,14.998173,49.443250,0.042702,0.011610,4.970842,0.000000,0.000000,5.000000,0.052995,0
1784327680.322159,ADAPTIVE,TRACKING,262,15.020289,24.926831,0.045391,0.008838,4.971077,0.000000,0.000000,5.000000,0.054544,0
1784327680.347188,ADAPTIVE,TRACKING,262,14.997421,24.940021,0.047773,0.005899,4.971268,0.000000,0.000000,5.000000,0.056058,0
1784327680.372166,ADAPTIVE,TRACKING,261,14.904313,24.383655,0.049883,0.002855,4.972324,0.000000,0.000000,5.000000,0.057118,0
1784327680.397166,ADAPTIVE,TRACKING,262,15.076024,49.556494,0.049883,0.002855,4.972324,0.000000,0.000000,5.000000,0.057118,0
1784327680.422097,ADAPTIVE,TRACKING,261,28.565147,38.319539,0.052919,-0.001718,4.973450,0.000000,0.000000,5.000000,0.059230,1
1784327680.450798,ADAPTIVE,TRACKING,200,12.966482,51.415754,0.052919,-0.001718,4.973450,0.000000,0.000000,5.000000,0.059230,0
1784327680.472161,ADAPTIVE,TRACKING,194,11.194037,19.496099,0.058299,-0.010522,4.972930,0.000000,0.000000,5.000000,0.065132,0
1784327680.497164,ADAPTIVE,TRACKING,193,12.280396,45.586514,0.058299,-0.010522,4.972930,0.000000,0.000000,5.000000,0.065132,0
1784327680.522163,ADAPTIVE,TRACKING,241,15.270068,27.912805,0.060351,-0.014702,4.972027,0.000000,0.000000,5.000000,0.068124,0
1784327680.547164,ADAPTIVE,TRACKING,243,13.999787,23.645125,0.061670,-0.020302,4.970888,0.000000,0.000000,5.000000,0.071154,0
1784327680.572189,ADAPTIVE,TRACKING,243,14.079651,23.529465,0.062449,-0.026101,4.970338,0.000000,0.000000,5.000000,0.073898,0
1784327680.597177,ADAPTIVE,TRACKING,251,14.656483,49.097870,0.062449,-0.026101,4.970338,0.000000,0.000000,5.000000,0.073898,0
1784327680.622156,ADAPTIVE,TRACKING,258,14.970553,25.198766,0.062876,-0.032858,4.970942,0.000000,0.000000,5.000000,0.076664,0
1784327680.647175,ADAPTIVE,TRACKING,258,14.766363,24.731192,0.062848,-0.037831,4.972685,0.000000,0.000000,5.000000,0.078276,0
1784327680.672181,ADAPTIVE,TRACKING,259,14.805961,24.250833,0.062430,-0.043459,4.974949,0.000000,0.000000,5.000000,0.080085,0
1784327680.697167,ADAPTIVE,TRACKING,260,14.863468,49.294584,0.062430,-0.043459,4.974949,0.000000,0.000000,5.000000,0.080085,0
1784327680.722170,ADAPTIVE,TRACKING,262,15.054349,25.117790,0.061761,-0.048761,4.976538,0.000000,0.000000,5.000000,0.082112,0
1784327680.747178,ADAPTIVE,TRACKING,261,14.851264,24.735141,0.060878,-0.053741,4.977343,0.000000,0.000000,5.000000,0.084306,0
1784327680.772098,ADAPTIVE,TRACKING,262,15.017291,24.447133,0.059775,-0.058359,4.977588,0.000000,0.000000,5.000000,0.086494,0
1784327680.797167,ADAPTIVE,TRACKING,262,15.080095,49.579866,0.059775,-0.058359,4.977588,0.000000,0.000000,5.000000,0.086494,0
1784327680.822166,ADAPTIVE,TRACKING,261,15.026062,24.867592,0.057190,-0.062352,4.978569,0.000000,0.000000,5.000000,0.087280,0
1784327680.847100,ADAPTIVE,TRACKING,260,14.865234,24.703413,0.055001,-0.065264,4.978690,0.000000,0.000000,5.000000,0.087969,0
1784327680.872162,ADAPTIVE,TRACKING,261,14.977043,24.266374,0.052633,-0.067840,4.979292,0.000000,0.000000,5.000000,0.088325,0
1784327680.897165,ADAPTIVE,TRACKING,261,14.980325,49.275540,0.052633,-0.067840,4.979292,0.000000,0.000000,5.000000,0.088325,0
1784327680.922173,ADAPTIVE,TRACKING,261,14.956105,24.899510,0.050337,-0.069722,4.982470,0.000000,0.000000,5.000000,0.087762,0
1784327680.947177,ADAPTIVE,TRACKING,261,14.977727,24.917899,0.048101,-0.071025,4.987040,0.000000,0.000000,5.000000,0.086754,0
1784327680.972171,ADAPTIVE,TRACKING,261,14.930777,24.328605,0.045668,-0.071998,4.991686,0.000000,0.000000,5.000000,0.085664,0
1784327680.997172,ADAPTIVE,TRACKING,261,15.024773,49.425954,0.045668,-0.071998,4.991686,0.000000,0.000000,5.000000,0.085664,0
1784327681.022161,ADAPTIVE,TRACKING,261,14.985062,24.883094,0.042391,-0.072656,4.997262,0.000000,0.000000,5.000000,0.084162,0
1784327681.047191,ADAPTIVE,TRACKING,261,14.937931,24.920078,0.040944,-0.072019,5.001322,0.000000,0.000000,5.000000,0.082855,0
1784327681.072172,ADAPTIVE,TRACKING,261,14.917555,24.194285,0.039756,-0.070950,5.005173,0.000000,0.000000,5.000000,0.081493,0
1784327681.097182,ADAPTIVE,TRACKING,261,15.021455,49.308275,0.039756,-0.070950,5.005173,0.000000,0.000000,5.000000,0.081493,0
1784327681.122159,ADAPTIVE,TRACKING,261,15.027438,24.920236,0.038423,-0.069738,5.008302,0.000000,0.000000,5.000000,0.080054,0
1784327681.147180,ADAPTIVE,TRACKING,261,15.055244,24.955884,0.036956,-0.068313,5.010879,0.000000,0.000000,5.000000,0.078427,0
1784327681.172101,ADAPTIVE,TRACKING,260,14.793645,24.086811,0.039127,-0.064779,5.010890,0.000000,0.000000,5.000000,0.076458,0
1784327681.197110,ADAPTIVE,TRACKING,261,14.929119,49.232728,0.039127,-0.064779,5.010890,0.000000,0.000000,5.000000,0.076458,0
1784327681.222148,ADAPTIVE,TRACKING,261,15.041996,25.084948,0.041359,-0.060328,5.010378,0.000000,0.000000,5.000000,0.073877,0
1784327681.247154,ADAPTIVE,TRACKING,262,15.027335,24.928865,0.042784,-0.056786,5.010107,0.000000,0.000000,5.000000,0.071814,0
1784327681.272159,ADAPTIVE,TRACKING,261,18.236422,27.356708,0.043756,-0.053078,5.009714,0.000000,0.000000,5.000000,0.069470,0
1784327681.297105,ADAPTIVE,TRACKING,243,13.889976,47.958390,0.043756,-0.053078,5.009714,0.000000,0.000000,5.000000,0.069470,0
1784327681.322152,ADAPTIVE,TRACKING,244,14.011448,25.100597,0.043952,-0.048712,5.010162,0.000000,0.000000,5.000000,0.066392,0
1784327681.347089,ADAPTIVE,TRACKING,243,13.992630,24.856248,0.043988,-0.044425,5.010603,0.000000,0.000000,5.000000,0.063411,0
1784327681.372186,ADAPTIVE,TRACKING,261,15.195541,24.627641,0.043860,-0.040219,5.010786,0.000000,0.000000,5.000000,0.060478,0
1784327681.397177,ADAPTIVE,TRACKING,259,14.826514,49.249573,0.043860,-0.040219,5.010786,0.000000,0.000000,5.000000,0.060478,0
1784327681.422164,ADAPTIVE,TRACKING,260,14.927981,25.012421,0.043077,-0.035047,5.011373,0.000000,0.000000,5.000000,0.056686,0
1784327681.447177,ADAPTIVE,TRACKING,260,14.847016,24.812222,0.041829,-0.030991,5.011700,0.000000,0.000000,5.000000,0.053357,0
1784327681.472161,ADAPTIVE,TRACKING,261,14.957767,24.464608,0.040481,-0.027030,5.011481,0.000000,0.000000,5.000000,0.050011,0
1784327681.497182,ADAPTIVE,TRACKING,261,14.963452,49.492162,0.040481,-0.027030,5.011481,0.000000,0.000000,5.000000,0.050011,0
1784327681.522167,ADAPTIVE,TRACKING,262,14.956486,24.910620,0.038977,-0.023150,5.011532,0.000000,0.000000,5.000000,0.046777,0
1784327681.547179,ADAPTIVE,TRACKING,262,15.034943,25.027347,0.037900,-0.018160,5.012105,0.000000,0.000000,5.000000,0.043735,0
1784327681.572161,ADAPTIVE,TRACKING,261,14.995634,24.412089,0.036853,-0.012994,5.013350,0.000000,0.000000,5.000000,0.041295,0
1784327681.597177,ADAPTIVE,TRACKING,261,14.925075,49.356880,0.036853,-0.012994,5.013350,0.000000,0.000000,5.000000,0.041295,0
1784327681.622161,ADAPTIVE,TRACKING,261,14.991362,24.983789,0.035306,-0.006831,5.014731,0.000000,0.000000,5.000000,0.038861,0
1784327681.647090,ADAPTIVE,TRACKING,261,14.941860,24.812579,0.033938,-0.002134,5.015116,0.000000,0.000000,5.000000,0.037213,0
1784327681.672162,ADAPTIVE,TRACKING,261,14.987305,24.487247,0.031811,0.002499,5.012980,0.000000,0.000000,5.000000,0.034448,0
1784327681.697179,ADAPTIVE,TRACKING,261,15.293461,49.812140,0.031811,0.002499,5.012980,0.000000,0.000000,5.000000,0.034448,0
1784327681.722163,ADAPTIVE,TRACKING,259,14.777480,24.385525,0.029628,0.007001,5.011329,0.000000,0.000000,5.000000,0.032483,0
1784327681.747206,ADAPTIVE,TRACKING,260,14.881381,25.059190,0.027357,0.011441,5.009531,0.000000,0.000000,5.000000,0.031147,0
1784327681.772161,ADAPTIVE,TRACKING,260,14.907768,24.295529,0.024953,0.015804,5.008096,0.000000,0.000000,5.000000,0.030626,0
1784327681.797168,ADAPTIVE,TRACKING,262,14.961578,49.357777,0.024953,0.015804,5.008096,0.000000,0.000000,5.000000,0.030626,0
1784327681.822168,ADAPTIVE,TRACKING,262,15.021718,24.985455,0.021709,0.018607,5.004887,0.000000,0.000000,5.000000,0.029007,0
1784327681.847193,ADAPTIVE,TRACKING,261,14.991883,24.930805,0.019100,0.020862,5.001461,0.000000,0.000000,5.000000,0.028322,0
1784327681.872176,ADAPTIVE,TRACKING,261,15.051717,24.589927,0.016384,0.023076,4.998221,0.000000,0.000000,5.000000,0.028357,0
1784327681.897176,ADAPTIVE,TRACKING,260,14.858397,49.396944,0.016384,0.023076,4.998221,0.000000,0.000000,5.000000,0.028357,0
1784327681.922105,ADAPTIVE,TRACKING,261,14.978402,24.973604,0.014671,0.026368,4.995394,0.000000,0.000000,5.000000,0.030524,0
1784327681.947174,ADAPTIVE,TRACKING,261,14.939352,24.928222,0.013881,0.030537,4.993275,0.000000,0.000000,5.000000,0.034211,0
1784327681.972161,ADAPTIVE,TRACKING,261,14.907761,24.379066,0.012965,0.034395,4.991565,0.000000,0.000000,5.000000,0.037713,0
1784327681.997062,ADAPTIVE,TRACKING,262,15.004368,49.378751,0.012965,0.034395,4.991565,0.000000,0.000000,5.000000,0.037713,0
1784327682.022163,ADAPTIVE,TRACKING,262,15.039670,25.068734,0.011758,0.038623,4.989930,0.000000,0.000000,5.000000,0.041610,0
1784327682.047217,ADAPTIVE,TRACKING,261,14.897020,24.842874,0.010079,0.042069,4.988280,0.000000,0.000000,5.000000,0.044819,0
1784327682.072090,ADAPTIVE,TRACKING,262,14.903482,24.241495,0.008193,0.045262,4.986525,0.000000,0.000000,5.000000,0.047931,0
1784327682.097171,ADAPTIVE,TRACKING,262,15.044337,49.465758,0.008193,0.045262,4.986525,0.000000,0.000000,5.000000,0.047931,0
1784327682.122153,ADAPTIVE,TRACKING,262,14.967369,24.832762,0.006332,0.047976,4.985268,0.000000,0.000000,5.000000,0.050585,0
1784327682.147174,ADAPTIVE,TRACKING,262,14.947985,24.921340,0.004541,0.050228,4.984619,0.000000,0.000000,5.000000,0.052727,0
1784327682.172160,ADAPTIVE,TRACKING,262,14.988698,24.368680,0.002632,0.051386,4.986493,0.000000,0.000000,5.000000,0.053197,0
1784327682.197184,ADAPTIVE,TRACKING,262,15.139424,49.546521,0.002632,0.051386,4.986493,0.000000,0.000000,5.000000,0.053197,0
1784327682.222094,ADAPTIVE,TRACKING,261,14.977054,24.678846,0.000254,0.052445,4.989192,0.000000,0.000000,5.000000,0.053548,0
1784327682.247090,ADAPTIVE,TRACKING,261,14.954098,24.910330,-0.001654,0.052941,4.991509,0.000000,0.000000,5.000000,0.053643,0
1784327682.272063,ADAPTIVE,TRACKING,260,15.138245,24.367685,-0.003068,0.052816,4.992854,0.000000,0.000000,5.000000,0.053385,0
1784327682.297169,ADAPTIVE,TRACKING,260,14.891306,49.226048,-0.003068,0.052816,4.992854,0.000000,0.000000,5.000000,0.053385,0
1784327682.322178,ADAPTIVE,TRACKING,260,14.951956,25.004089,-0.003112,0.051496,4.992964,0.000000,0.000000,5.000000,0.052067,0
1784327682.347175,ADAPTIVE,TRACKING,260,14.897101,24.856754,-0.003347,0.050041,4.992437,0.000000,0.000000,5.000000,0.050720,0
1784327682.372087,ADAPTIVE,TRACKING,261,14.962869,24.137927,-0.003685,0.048445,4.991307,0.000000,0.000000,5.000000,0.049357,0
1784327682.397174,ADAPTIVE,TRACKING,261,15.596622,49.861781,-0.003685,0.048445,4.991307,0.000000,0.000000,5.000000,0.049357,0
1784327682.422180,ADAPTIVE,TRACKING,258,14.785090,24.118973,-0.003961,0.045728,4.990246,0.000000,0.000000,5.000000,0.046924,0
1784327682.447110,ADAPTIVE,TRACKING,258,14.661871,24.698927,-0.004050,0.042853,4.989726,0.000000,0.000000,5.000000,0.044253,0
1784327682.472106,ADAPTIVE,TRACKING,258,14.747025,23.971752,-0.004231,0.039958,4.990102,0.000000,0.000000,5.000000,0.041383,0
1784327682.497178,ADAPTIVE,TRACKING,262,15.316671,49.616169,-0.004231,0.039958,4.990102,0.000000,0.000000,5.000000,0.041383,0
1784327682.522176,ADAPTIVE,TRACKING,260,14.894724,24.509374,-0.004529,0.037052,4.991098,0.000000,0.000000,5.000000,0.038374,0
1784327682.547181,ADAPTIVE,TRACKING,260,14.850985,24.894789,-0.004501,0.035812,4.993827,0.000000,0.000000,5.000000,0.036618,0
1784327682.572172,ADAPTIVE,TRACKING,260,14.979389,24.357987,-0.004511,0.034907,4.996121,0.000000,0.000000,5.000000,0.035410,0
1784327682.597184,ADAPTIVE,TRACKING,261,14.964742,49.359187,-0.004511,0.034907,4.996121,0.000000,0.000000,5.000000,0.035410,0
1784327682.622160,ADAPTIVE,TRACKING,261,14.969826,24.914293,-0.004739,0.033469,4.998382,0.000000,0.000000,5.000000,0.033841,0
1784327682.647107,ADAPTIVE,TRACKING,261,14.933364,24.846666,-0.005110,0.032125,5.000613,0.000000,0.000000,5.000000,0.032534,0
1784327682.672166,ADAPTIVE,TRACKING,261,14.941169,24.389982,-0.004792,0.031342,5.004340,0.000000,0.000000,5.000000,0.032002,0
1784327682.697193,ADAPTIVE,TRACKING,261,14.930054,49.407926,-0.004792,0.031342,5.004340,0.000000,0.000000,5.000000,0.032002,0
1784327682.722166,ADAPTIVE,TRACKING,262,14.970431,24.930374,-0.004555,0.030400,5.007524,0.000000,0.000000,5.000000,0.031647,0
1784327682.747188,ADAPTIVE,TRACKING,262,15.011472,24.995118,-0.004403,0.029326,5.010115,0.000000,0.000000,5.000000,0.031333,0
1784327682.772165,ADAPTIVE,TRACKING,262,14.966150,24.388864,-0.004305,0.028081,5.012077,0.000000,0.000000,5.000000,0.030869,0
1784327682.797181,ADAPTIVE,TRACKING,262,15.049322,49.491473,-0.004305,0.028081,5.012077,0.000000,0.000000,5.000000,0.030869,0
1784327682.822153,ADAPTIVE,TRACKING,261,14.935327,24.783470,-0.004642,0.027991,5.014300,0.000000,0.000000,5.000000,0.031773,0
1784327682.847099,ADAPTIVE,TRACKING,261,14.946958,24.896897,-0.004881,0.027680,5.015691,0.000000,0.000000,5.000000,0.032191,0
1784327682.872103,ADAPTIVE,TRACKING,261,14.972328,24.426250,-0.005103,0.027110,5.016299,0.000000,0.000000,5.000000,0.032041,0
1784327682.897110,ADAPTIVE,TRACKING,261,14.918666,49.384172,-0.005103,0.027110,5.016299,0.000000,0.000000,5.000000,0.032041,0
1784327682.922108,ADAPTIVE,TRACKING,261,15.176376,25.165507,-0.004802,0.025441,5.016115,0.000000,0.000000,5.000000,0.030496,0
1784327682.947099,ADAPTIVE,TRACKING,260,14.927319,24.632047,-0.004153,0.022894,5.015434,0.000000,0.000000,5.000000,0.027921,0
1784327682.972090,ADAPTIVE,TRACKING,260,14.928104,24.251458,-0.003747,0.020395,5.014596,0.000000,0.000000,5.000000,0.025358,0
1784327682.997109,ADAPTIVE,TRACKING,260,14.959756,49.303321,-0.003747,0.020395,5.014596,0.000000,0.000000,5.000000,0.025358,0
1784327683.022161,ADAPTIVE,TRACKING,261,14.997973,25.026059,-0.003465,0.017299,5.012876,0.000000,0.000000,5.000000,0.021841,0
1784327683.047093,ADAPTIVE,TRACKING,260,14.845510,24.720285,-0.003649,0.014322,5.011757,0.000000,0.000000,5.000000,0.018886,0
1784327683.072091,ADAPTIVE,TRACKING,261,14.939522,24.220763,-0.004004,0.011222,5.010585,0.000000,0.000000,5.000000,0.015938,0
1784327683.097114,ADAPTIVE,TRACKING,261,14.927682,49.234828,-0.004004,0.011222,5.010585,0.000000,0.000000,5.000000,0.015938,0
1784327683.122163,ADAPTIVE,TRACKING,262,15.043800,25.096489,-0.004402,0.008169,5.009457,0.000000,0.000000,5.000000,0.013249,0
1784327683.147162,ADAPTIVE,TRACKING,261,14.968855,24.842841,-0.004796,0.005176,5.008290,0.000000,0.000000,5.000000,0.010887,0
1784327683.172060,ADAPTIVE,TRACKING,261,14.881659,24.224165,-0.006683,0.004335,5.006450,0.000000,0.000000,5.000000,0.010250,0
1784327683.197113,ADAPTIVE,TRACKING,261,14.954973,49.352893,-0.006683,0.004335,5.006450,0.000000,0.000000,5.000000,0.010250,0
1784327683.222098,ADAPTIVE,TRACKING,262,15.015888,24.971118,-0.008871,0.003145,5.005039,0.000000,0.000000,5.000000,0.010676,0
1784327683.247061,ADAPTIVE,TRACKING,262,15.030521,24.904415,-0.010504,0.001985,5.004113,0.000000,0.000000,5.000000,0.011454,0
1784327683.272094,ADAPTIVE,TRACKING,261,14.981958,24.157225,-0.011373,0.000511,5.002387,0.000000,0.000000,5.000000,0.011632,0
1784327683.297111,ADAPTIVE,TRACKING,261,14.978847,49.172286,-0.011373,0.000511,5.002387,0.000000,0.000000,5.000000,0.011632,0
1784327683.322103,ADAPTIVE,TRACKING,261,14.928306,24.869756,-0.010308,-0.001350,4.999352,0.000000,0.000000,5.000000,0.010416,0
1784327683.347095,ADAPTIVE,TRACKING,261,14.897471,24.902992,-0.009342,-0.003236,4.995991,0.000000,0.000000,5.000000,0.010669,0
1784327683.372097,ADAPTIVE,TRACKING,262,14.978758,24.284247,-0.008409,-0.005149,4.991818,0.000000,0.000000,5.000000,0.012813,0
1784327683.397104,ADAPTIVE,TRACKING,262,14.973458,49.288736,-0.008409,-0.005149,4.991818,0.000000,0.000000,5.000000,0.012813,0
1784327683.422069,ADAPTIVE,TRACKING,262,15.519332,25.425462,-0.008032,-0.007626,4.987132,0.000000,0.000000,5.000000,0.016979,0
1784327683.447102,ADAPTIVE,TRACKING,259,14.744432,24.164222,-0.008388,-0.009863,4.983939,0.000000,0.000000,5.000000,0.020629,0
1784327683.472107,ADAPTIVE,TRACKING,259,14.805037,24.199054,-0.008631,-0.012016,4.980316,0.000000,0.000000,5.000000,0.024624,0
1784327683.497168,ADAPTIVE,TRACKING,259,14.878163,49.335615,-0.008631,-0.012016,4.980316,0.000000,0.000000,5.000000,0.024624,0
1784327683.522102,ADAPTIVE,TRACKING,262,14.998710,24.984387,-0.008798,-0.014006,4.976779,0.000000,0.000000,5.000000,0.028509,0
1784327683.547177,ADAPTIVE,TRACKING,261,14.920022,24.914504,-0.010384,-0.013702,4.975679,0.000000,0.000000,5.000000,0.029784,0
1784327683.572164,ADAPTIVE,TRACKING,261,14.908981,24.240051,-0.012639,-0.012433,4.975422,0.000000,0.000000,5.000000,0.030305,0
1784327683.597154,ADAPTIVE,TRACKING,262,14.986000,49.309489,-0.012639,-0.012433,4.975422,0.000000,0.000000,5.000000,0.030305,0
1784327683.622169,ADAPTIVE,TRACKING,262,14.948907,24.910989,-0.014161,-0.011294,4.975833,0.000000,0.000000,5.000000,0.030202,0
1784327683.647167,ADAPTIVE,TRACKING,262,14.942893,24.925692,-0.015505,-0.010166,4.975599,0.000000,0.000000,5.000000,0.030645,0
1784327683.672100,ADAPTIVE,TRACKING,262,14.940802,24.243580,-0.014205,-0.006981,4.976830,0.000000,0.000000,5.000000,0.028060,0
1784327683.697112,ADAPTIVE,TRACKING,262,15.515827,49.833622,-0.014205,-0.006981,4.976830,0.000000,0.000000,5.000000,0.028060,0
1784327683.722163,ADAPTIVE,TRACKING,259,14.779532,24.218959,-0.013014,-0.004000,4.978968,0.000000,0.000000,5.000000,0.025054,0
1784327683.747188,ADAPTIVE,TRACKING,259,14.846138,25.029407,-0.011910,-0.001230,4.982639,0.000000,0.000000,5.000000,0.021089,0
1784327683.772183,ADAPTIVE,TRACKING,259,14.822913,24.173749,-0.010769,0.001307,4.986254,0.000000,0.000000,5.000000,0.017511,0
1784327683.797187,ADAPTIVE,TRACKING,262,15.035220,49.392922,-0.010769,0.001307,4.986254,0.000000,0.000000,5.000000,0.017511,0
1784327683.822158,ADAPTIVE,TRACKING,261,14.951864,24.812302,-0.009773,0.003670,4.990730,0.000000,0.000000,5.000000,0.013961,0
1784327683.847180,ADAPTIVE,TRACKING,261,14.870900,24.879178,-0.008932,0.005412,4.995124,0.000000,0.000000,5.000000,0.011526,0
1784327683.872102,ADAPTIVE,TRACKING,262,15.040732,24.378852,-0.008030,0.007033,4.998920,0.000000,0.000000,5.000000,0.010729,0
1784327683.897112,ADAPTIVE,TRACKING,262,15.010432,49.362899,-0.008030,0.007033,4.998920,0.000000,0.000000,5.000000,0.010729,0
1784327683.922114,ADAPTIVE,TRACKING,262,15.006654,24.914108,-0.007120,0.009651,5.001526,0.000000,0.000000,5.000000,0.012090,0
1784327683.947113,ADAPTIVE,TRACKING,261,14.903690,24.785007,-0.006266,0.013121,5.003390,0.000000,0.000000,5.000000,0.014930,0
1784327683.972098,ADAPTIVE,TRACKING,262,14.966019,24.259497,-0.005428,0.016324,5.004358,0.000000,0.000000,5.000000,0.017747,0
1784327683.997184,ADAPTIVE,TRACKING,262,15.009769,49.390360,-0.005428,0.016324,5.004358,0.000000,0.000000,5.000000,0.017747,0
1784327684.022170,ADAPTIVE,TRACKING,262,15.032169,24.933816,-0.004420,0.020036,5.005004,0.000000,0.000000,5.000000,0.021119,0
1784327684.047067,ADAPTIVE,TRACKING,261,14.928208,24.747859,-0.004646,0.024141,5.004487,0.000000,0.000000,5.000000,0.024990,0
1784327684.072091,ADAPTIVE,TRACKING,261,14.929410,24.036568,-0.005172,0.028286,5.004432,0.000000,0.000000,5.000000,0.029094,0
1784327684.097177,ADAPTIVE,TRACKING,261,14.884932,49.080233,-0.005172,0.028286,5.004432,0.000000,0.000000,5.000000,0.029094,0
1784327684.122169,ADAPTIVE,TRACKING,262,15.098699,25.134242,-0.005636,0.032002,5.005162,0.000000,0.000000,5.000000,0.032902,0
1784327684.147116,ADAPTIVE,TRACKING,261,15.015337,24.772272,-0.006001,0.035391,5.005728,0.000000,0.000000,5.000000,0.036350,0
1784327684.172099,ADAPTIVE,TRACKING,261,14.879656,24.159317,-0.007862,0.037059,5.005133,0.000000,0.000000,5.000000,0.038230,0
1784327684.197185,ADAPTIVE,TRACKING,261,15.001168,49.368159,-0.007862,0.037059,5.005133,0.000000,0.000000,5.000000,0.038230,0
1784327684.222059,ADAPTIVE,TRACKING,261,14.989897,24.796543,-0.009896,0.039006,5.004154,0.000000,0.000000,5.000000,0.040456,0
1784327684.247112,ADAPTIVE,TRACKING,261,14.875117,24.874800,-0.011259,0.040422,5.002876,0.000000,0.000000,5.000000,0.042059,0
1784327684.272059,ADAPTIVE,TRACKING,261,14.875480,24.226472,-0.012290,0.041532,5.002804,0.000000,0.000000,5.000000,0.043403,0
1784327684.297175,ADAPTIVE,TRACKING,262,14.964381,49.431050,-0.012290,0.041532,5.002804,0.000000,0.000000,5.000000,0.043403,0
1784327684.322066,ADAPTIVE,TRACKING,262,15.080410,24.947025,-0.012675,0.041999,5.005332,0.000000,0.000000,5.000000,0.044193,0
1784327684.347147,ADAPTIVE,TRACKING,262,15.075613,25.015677,-0.012969,0.042309,5.007868,0.000000,0.000000,5.000000,0.044947,0
1784327684.372097,ADAPTIVE,TRACKING,261,14.942388,24.285317,-0.013253,0.042397,5.009614,0.000000,0.000000,5.000000,0.045448,0
1784327684.397176,ADAPTIVE,TRACKING,261,15.101961,49.527025,-0.013253,0.042397,5.009614,0.000000,0.000000,5.000000,0.045448,0
1784327684.422197,ADAPTIVE,TRACKING,260,15.008680,24.834299,-0.013188,0.043465,5.010387,0.000000,0.000000,5.000000,0.046594,0
1784327684.447185,ADAPTIVE,TRACKING,260,15.038827,24.886986,-0.012665,0.045426,5.011209,0.000000,0.000000,5.000000,0.048472,0
1784327684.472106,ADAPTIVE,TRACKING,259,14.835840,24.111837,-0.012174,0.046942,5.012618,0.000000,0.000000,5.000000,0.050110,0
1784327684.497116,ADAPTIVE,TRACKING,260,14.905279,49.193454,-0.012174,0.046942,5.012618,0.000000,0.000000,5.000000,0.050110,0
1784327684.522098,ADAPTIVE,TRACKING,260,14.859780,24.871723,-0.011679,0.048070,5.014072,0.000000,0.000000,5.000000,0.051431,0
1784327684.547164,ADAPTIVE,TRACKING,261,14.904011,25.046923,-0.011468,0.049561,5.017164,0.000000,0.000000,5.000000,0.053688,0
1784327684.572093,ADAPTIVE,TRACKING,262,15.013341,24.266555,-0.011320,0.050832,5.020470,0.000000,0.000000,5.000000,0.055956,0
1784327684.597114,ADAPTIVE,TRACKING,262,14.971046,49.248427,-0.011320,0.050832,5.020470,0.000000,0.000000,5.000000,0.055956,0
1784327684.622160,ADAPTIVE,TRACKING,262,15.000504,25.004395,-0.011063,0.051861,5.023382,0.000000,0.000000,5.000000,0.057954,0
1784327684.647175,ADAPTIVE,TRACKING,262,14.944705,24.895954,-0.010819,0.052303,5.025136,0.000000,0.000000,5.000000,0.059029,0
1784327684.672063,ADAPTIVE,TRACKING,262,15.488630,24.724690,-0.009486,0.049852,5.025633,0.000000,0.000000,5.000000,0.056853,0
1784327684.697115,ADAPTIVE,TRACKING,259,14.911218,49.197460,-0.009486,0.049852,5.025633,0.000000,0.000000,5.000000,0.056853,0
1784327684.722106,ADAPTIVE,TRACKING,259,14.922649,24.921946,-0.008176,0.047239,5.026492,0.000000,0.000000,5.000000,0.054774,0
1784327684.747099,ADAPTIVE,TRACKING,258,15.704217,25.692229,-0.006931,0.044481,5.027544,0.000000,0.000000,5.000000,0.052775,0
1784327684.772105,ADAPTIVE,TRACKING,255,14.739703,23.977874,-0.005729,0.041556,5.028209,0.000000,0.000000,5.000000,0.050551,0
1784327684.797063,ADAPTIVE,TRACKING,255,14.690960,48.887948,-0.005729,0.041556,5.028209,0.000000,0.000000,5.000000,0.050551,0
1784327684.822097,ADAPTIVE,TRACKING,255,14.664801,24.936495,-0.002764,0.038487,5.027669,0.000000,0.000000,5.000000,0.047481,0
1784327684.847064,ADAPTIVE,TRACKING,260,14.886939,25.110919,-0.000502,0.035928,5.027380,0.000000,0.000000,5.000000,0.045174,0
1784327684.872104,ADAPTIVE,TRACKING,261,15.134857,24.376328,0.001656,0.033369,5.026896,0.000000,0.000000,5.000000,0.042891,0
1784327684.897187,ADAPTIVE,TRACKING,260,14.952684,49.279516,0.001656,0.033369,5.026896,0.000000,0.000000,5.000000,0.042891,0
1784327684.922105,ADAPTIVE,TRACKING,260,15.686568,25.564586,0.004985,0.031653,5.024724,0.000000,0.000000,5.000000,0.040473,0
1784327684.947131,ADAPTIVE,TRACKING,255,14.818042,24.037984,0.009332,0.030702,5.021891,0.000000,0.000000,5.000000,0.038845,0
1784327684.972098,ADAPTIVE,TRACKING,255,14.609810,23.906541,0.013330,0.029640,5.019895,0.000000,0.000000,5.000000,0.038105,0
1784327684.997185,ADAPTIVE,TRACKING,256,14.623789,49.010215,0.013330,0.029640,5.019895,0.000000,0.000000,5.000000,0.038105,0
1784327685.022167,ADAPTIVE,TRACKING,260,14.893019,25.177599,0.017912,0.028237,5.016472,0.000000,0.000000,5.000000,0.037276,0
1784327685.047198,ADAPTIVE,TRACKING,262,14.975581,25.050982,0.021004,0.027826,5.012259,0.000000,0.000000,5.000000,0.036956,0
1784327685.072094,ADAPTIVE,TRACKING,262,14.979845,24.156821,0.023875,0.027456,5.007534,0.000000,0.000000,5.000000,0.037157,0
1784327685.097103,ADAPTIVE,TRACKING,262,15.110815,49.300495,0.023875,0.027456,5.007534,0.000000,0.000000,5.000000,0.037157,0
1784327685.122167,ADAPTIVE,TRACKING,261,15.013435,24.886351,0.026630,0.026859,5.003097,0.000000,0.000000,5.000000,0.037949,0
1784327685.147186,ADAPTIVE,TRACKING,261,15.017212,24.938009,0.029209,0.026030,4.998943,0.000000,0.000000,5.000000,0.039138,0
1784327685.172104,ADAPTIVE,TRACKING,260,14.877758,24.176433,0.032856,0.024850,4.995435,0.000000,0.000000,5.000000,0.041447,0
1784327685.197195,ADAPTIVE,TRACKING,261,14.941108,49.334247,0.032856,0.024850,4.995435,0.000000,0.000000,5.000000,0.041447,0
1784327685.222159,ADAPTIVE,TRACKING,261,14.941564,24.895863,0.036951,0.023204,4.991612,0.000000,0.000000,5.000000,0.044432,0
1784327685.247062,ADAPTIVE,TRACKING,262,14.990666,24.888855,0.039896,0.021732,4.987035,0.000000,0.000000,5.000000,0.047244,0
1784327685.272161,ADAPTIVE,TRACKING,262,15.003599,24.298697,0.042826,0.020419,4.983425,0.000000,0.000000,5.000000,0.050257,0
1784327685.297187,ADAPTIVE,TRACKING,262,15.030527,49.354972,0.042826,0.020419,4.983425,0.000000,0.000000,5.000000,0.050257,0
1784327685.322168,ADAPTIVE,TRACKING,261,14.907627,24.791969,0.046310,0.019944,4.982005,0.000000,0.000000,5.000000,0.053537,0
1784327685.347109,ADAPTIVE,TRACKING,262,14.986706,24.942456,0.049498,0.019308,4.980844,0.000000,0.000000,5.000000,0.056478,0
1784327685.372102,ADAPTIVE,TRACKING,262,14.989476,24.386701,0.052361,0.018549,4.980128,0.000000,0.000000,5.000000,0.058997,0
1784327685.397187,ADAPTIVE,TRACKING,262,15.729775,50.213281,0.052361,0.018549,4.980128,0.000000,0.000000,5.000000,0.058997,0
1784327685.422182,ADAPTIVE,TRACKING,257,14.895481,24.082159,0.055289,0.016955,4.981011,0.000000,0.000000,5.000000,0.060868,0
1784327685.447068,ADAPTIVE,TRACKING,256,14.667322,24.566579,0.057068,0.014999,4.982558,0.000000,0.000000,5.000000,0.061530,0
1784327685.472102,ADAPTIVE,TRACKING,256,14.694848,24.060556,0.058587,0.013108,4.983920,0.000000,0.000000,5.000000,0.062151,0
1784327685.497188,ADAPTIVE,TRACKING,260,14.887696,49.347314,0.058587,0.013108,4.983920,0.000000,0.000000,5.000000,0.062151,0
1784327685.522182,ADAPTIVE,TRACKING,261,15.022757,25.057588,0.059795,0.011174,4.986202,0.000000,0.000000,5.000000,0.062375,0
1784327685.547116,ADAPTIVE,TRACKING,261,14.929304,24.780140,0.060145,0.009438,4.988595,0.000000,0.000000,5.000000,0.061940,0
1784327685.572069,ADAPTIVE,TRACKING,261,15.532716,24.820229,0.060067,0.007822,4.990909,0.000000,0.000000,5.000000,0.061253,0
1784327685.597183,ADAPTIVE,TRACKING,258,14.795610,49.199027,0.060067,0.007822,4.990909,0.000000,0.000000,5.000000,0.061253,0
1784327685.622064,ADAPTIVE,TRACKING,258,14.729656,24.750299,0.059624,0.005906,4.993416,0.000000,0.000000,5.000000,0.060277,0
1784327685.647183,ADAPTIVE,TRACKING,258,14.753176,25.063242,0.059017,0.004382,4.994637,0.000000,0.000000,5.000000,0.059422,0
1784327685.672176,ADAPTIVE,TRACKING,262,15.050158,24.540189,0.058698,0.003075,4.993558,0.000000,0.000000,5.000000,0.059131,0
1784327685.697181,ADAPTIVE,TRACKING,262,15.969157,50.461915,0.058698,0.003075,4.993558,0.000000,0.000000,5.000000,0.059131,0
1784327685.722161,ADAPTIVE,TRACKING,256,14.945149,23.875728,0.058023,0.001848,4.993060,0.000000,0.000000,5.000000,0.058466,0
1784327685.747187,ADAPTIVE,TRACKING,254,14.489696,24.498841,0.057036,0.000660,4.992538,0.000000,0.000000,5.000000,0.057526,0
1784327685.772063,ADAPTIVE,TRACKING,255,14.647231,24.003964,0.055820,-0.000660,4.991347,0.000000,0.000000,5.000000,0.056490,0
1784327685.797182,ADAPTIVE,TRACKING,260,14.886228,49.363442,0.055820,-0.000660,4.991347,0.000000,0.000000,5.000000,0.056490,0
1784327685.822165,ADAPTIVE,TRACKING,262,14.958724,24.985435,0.053278,-0.002907,4.991372,0.000000,0.000000,5.000000,0.054051,0
1784327685.847063,ADAPTIVE,TRACKING,261,14.937783,24.818627,0.051110,-0.004573,4.991906,0.000000,0.000000,5.000000,0.051949,0
1784327685.872110,ADAPTIVE,TRACKING,262,14.956142,24.335240,0.048816,-0.006147,4.992360,0.000000,0.000000,5.000000,0.049791,0
1784327685.897117,ADAPTIVE,TRACKING,262,15.657131,50.047255,0.048816,-0.006147,4.992360,0.000000,0.000000,5.000000,0.049791,0
1784327685.922184,ADAPTIVE,TRACKING,258,14.803112,24.117066,0.046860,-0.007480,4.992987,0.000000,0.000000,5.000000,0.047969,0
1784327685.947110,ADAPTIVE,TRACKING,258,15.184302,25.201976,0.045233,-0.008545,4.994264,0.000000,0.000000,5.000000,0.046389,0
1784327685.972166,ADAPTIVE,TRACKING,255,14.477763,23.861260,0.043503,-0.009506,4.995398,0.000000,0.000000,5.000000,0.044767,0
1784327685.997182,ADAPTIVE,TRACKING,260,14.879177,49.280997,0.043503,-0.009506,4.995398,0.000000,0.000000,5.000000,0.044767,0
1784327686.022169,ADAPTIVE,TRACKING,260,14.825540,24.869744,0.041145,-0.010571,4.996558,0.000000,0.000000,5.000000,0.042621,0
1784327686.047170,ADAPTIVE,TRACKING,263,14.946489,25.058185,0.040036,-0.012591,4.997826,0.000000,0.000000,5.000000,0.042026,0
1784327686.072173,ADAPTIVE,TRACKING,263,15.057454,24.446291,0.039080,-0.014762,4.999242,0.000000,0.000000,5.000000,0.041782,0
1784327686.097121,ADAPTIVE,TRACKING,262,14.960697,49.298877,0.039080,-0.014762,4.999242,0.000000,0.000000,5.000000,0.041782,0
1784327686.122170,ADAPTIVE,TRACKING,262,15.109386,25.126537,0.037943,-0.016644,5.000569,0.000000,0.000000,5.000000,0.041437,0
1784327686.147170,ADAPTIVE,TRACKING,261,15.014161,24.827430,0.036629,-0.018213,5.002429,0.000000,0.000000,5.000000,0.040979,0
1784327686.172170,ADAPTIVE,TRACKING,261,14.893201,24.363850,0.033033,-0.021906,5.003559,0.000000,0.000000,5.000000,0.039796,0
1784327686.197176,ADAPTIVE,TRACKING,261,14.932354,49.411746,0.033033,-0.021906,5.003559,0.000000,0.000000,5.000000,0.039796,0
1784327686.222165,ADAPTIVE,TRACKING,261,15.169560,25.153871,0.028529,-0.026056,5.004619,0.000000,0.000000,5.000000,0.038912,0
1784327686.247098,ADAPTIVE,TRACKING,261,14.993915,24.700765,0.024970,-0.029020,5.005662,0.000000,0.000000,5.000000,0.038700,0
1784327686.272100,ADAPTIVE,TRACKING,260,14.824068,24.107535,0.021492,-0.031738,5.007134,0.000000,0.000000,5.000000,0.038989,0
1784327686.297171,ADAPTIVE,TRACKING,260,14.897733,49.256375,0.021492,-0.031738,5.007134,0.000000,0.000000,5.000000,0.038989,0
1784327686.322171,ADAPTIVE,TRACKING,261,15.612190,25.645551,0.018247,-0.034303,5.007772,0.000000,0.000000,5.000000,0.039624,0
1784327686.347066,ADAPTIVE,TRACKING,258,14.729309,23.951029,0.015004,-0.036594,5.007805,0.000000,0.000000,5.000000,0.040313,0
1784327686.372063,ADAPTIVE,TRACKING,258,14.783164,24.148485,0.011768,-0.038593,5.008485,0.000000,0.000000,5.000000,0.041230,0
1784327686.397179,ADAPTIVE,TRACKING,258,14.809354,49.294080,0.011768,-0.038593,5.008485,0.000000,0.000000,5.000000,0.041230,0
1784327686.422191,ADAPTIVE,TRACKING,261,15.048766,25.162816,0.007682,-0.041301,5.009341,0.000000,0.000000,5.000000,0.043035,0
1784327686.447109,ADAPTIVE,TRACKING,261,15.150738,24.902958,0.004370,-0.043702,5.009116,0.000000,0.000000,5.000000,0.044856,0
1784327686.472106,ADAPTIVE,TRACKING,259,14.889169,24.192786,0.001208,-0.045788,5.008735,0.000000,0.000000,5.000000,0.046629,0
1784327686.497187,ADAPTIVE,TRACKING,259,14.841448,49.227657,0.001208,-0.045788,5.008735,0.000000,0.000000,5.000000,0.046629,0
1784327686.522168,ADAPTIVE,TRACKING,260,14.882487,24.957340,-0.001827,-0.047542,5.008453,0.000000,0.000000,5.000000,0.048322,0
1784327686.547180,ADAPTIVE,TRACKING,261,14.953175,25.014653,-0.003694,-0.050496,5.007511,0.000000,0.000000,5.000000,0.051185,0
1784327686.572105,ADAPTIVE,TRACKING,261,14.840751,24.203901,-0.005269,-0.053464,5.006206,0.000000,0.000000,5.000000,0.054080,0
1784327686.597115,ADAPTIVE,TRACKING,262,14.911362,49.284337,-0.005269,-0.053464,5.006206,0.000000,0.000000,5.000000,0.054080,0
1784327686.622103,ADAPTIVE,TRACKING,263,14.962741,24.970302,-0.007425,-0.056538,5.004656,0.000000,0.000000,5.000000,0.057213,0
1784327686.647102,ADAPTIVE,TRACKING,263,15.028165,25.002283,-0.009304,-0.058488,5.003608,0.000000,0.000000,5.000000,0.059333,0
1784327686.672101,ADAPTIVE,TRACKING,263,15.043935,24.437663,-0.009756,-0.060988,5.001828,0.000000,0.000000,5.000000,0.061790,0
1784327686.697177,ADAPTIVE,TRACKING,262,15.032197,49.504050,-0.009756,-0.060988,5.001828,0.000000,0.000000,5.000000,0.061790,0
1784327686.722165,ADAPTIVE,TRACKING,262,15.054019,24.925423,-0.010299,-0.062880,5.000173,0.000000,0.000000,5.000000,0.063719,0
1784327686.747107,ADAPTIVE,TRACKING,261,14.888870,24.716373,-0.010853,-0.064249,4.998474,0.000000,0.000000,5.000000,0.065177,0
1784327686.772063,ADAPTIVE,TRACKING,261,14.878261,24.078511,-0.011365,-0.065160,4.997015,0.000000,0.000000,5.000000,0.066211,0
1784327686.797190,ADAPTIVE,TRACKING,262,14.937498,49.268651,-0.011365,-0.065160,4.997015,0.000000,0.000000,5.000000,0.066211,0
1784327686.822177,ADAPTIVE,TRACKING,263,15.072596,25.045227,-0.010969,-0.065509,4.992294,0.000000,0.000000,5.000000,0.066867,0
1784327686.847105,ADAPTIVE,TRACKING,262,14.991033,24.776638,-0.010604,-0.065346,4.988352,0.000000,0.000000,5.000000,0.067218,0
1784327686.872101,ADAPTIVE,TRACKING,262,14.991516,24.385103,-0.010202,-0.064794,4.985340,0.000000,0.000000,5.000000,0.067211,0
1784327686.897108,ADAPTIVE,TRACKING,262,14.985692,49.385534,-0.010202,-0.064794,4.985340,0.000000,0.000000,5.000000,0.067211,0
1784327686.922184,ADAPTIVE,TRACKING,262,15.014780,25.034267,-0.010068,-0.064801,4.983302,0.000000,0.000000,5.000000,0.067671,0
1784327686.947105,ADAPTIVE,TRACKING,262,15.555285,25.328964,-0.010185,-0.065244,4.982122,0.000000,0.000000,5.000000,0.068412,0
1784327686.972173,ADAPTIVE,TRACKING,258,14.819698,24.123534,-0.010382,-0.065317,4.981438,0.000000,0.000000,5.000000,0.068692,0
1784327686.997183,ADAPTIVE,TRACKING,258,14.845502,49.160698,-0.010382,-0.065317,4.981438,0.000000,0.000000,5.000000,0.068692,0
1784327687.022171,ADAPTIVE,TRACKING,258,14.791194,24.863210,-0.010712,-0.064815,4.980645,0.000000,0.000000,5.000000,0.068486,0
1784327687.047098,ADAPTIVE,TRACKING,261,15.002495,25.078379,-0.011617,-0.063169,4.978477,0.000000,0.000000,5.000000,0.067739,0
1784327687.072097,ADAPTIVE,TRACKING,261,14.945504,24.258258,-0.012671,-0.060948,4.976248,0.000000,0.000000,5.000000,0.066629,0
1784327687.097072,ADAPTIVE,TRACKING,261,14.977230,49.265568,-0.012671,-0.060948,4.976248,0.000000,0.000000,5.000000,0.066629,0
1784327687.122185,ADAPTIVE,TRACKING,261,15.056399,25.113560,-0.013684,-0.058459,4.973653,0.000000,0.000000,5.000000,0.065566,0
1784327687.147109,ADAPTIVE,TRACKING,261,14.863846,24.621439,-0.014667,-0.055753,4.971228,0.000000,0.000000,5.000000,0.064431,0
1784327687.172103,ADAPTIVE,TRACKING,261,14.929496,24.207258,-0.016209,-0.053274,4.967748,0.000000,0.000000,5.000000,0.064351,0
1784327687.197119,ADAPTIVE,TRACKING,261,14.939977,49.233833,-0.016209,-0.053274,4.967748,0.000000,0.000000,5.000000,0.064351,0
1784327687.222107,ADAPTIVE,TRACKING,262,14.946784,24.927017,-0.017921,-0.049864,4.964170,0.000000,0.000000,5.000000,0.063964,0
1784327687.247099,ADAPTIVE,TRACKING,262,15.005628,24.986760,-0.019154,-0.046951,4.961503,0.000000,0.000000,5.000000,0.063666,0
1784327687.272101,ADAPTIVE,TRACKING,262,14.977720,24.229246,-0.020429,-0.043920,4.958554,0.000000,0.000000,5.000000,0.063751,0
1784327687.297191,ADAPTIVE,TRACKING,262,14.910733,49.254536,-0.020429,-0.043920,4.958554,0.000000,0.000000,5.000000,0.063751,0
1784327687.322168,ADAPTIVE,TRACKING,262,15.531722,25.529201,-0.021925,-0.040710,4.956096,0.000000,0.000000,5.000000,0.063762,0
1784327687.347114,ADAPTIVE,TRACKING,259,14.774254,24.122159,-0.023280,-0.037461,4.953779,0.000000,0.000000,5.000000,0.063888,0
1784327687.372201,ADAPTIVE,TRACKING,259,14.849205,24.186796,-0.024466,-0.034225,4.952983,0.000000,0.000000,5.000000,0.063091,0
1784327687.397117,ADAPTIVE,TRACKING,259,14.767121,49.019737,-0.024466,-0.034225,4.952983,0.000000,0.000000,5.000000,0.063091,0
1784327687.422081,ADAPTIVE,TRACKING,262,15.542176,25.645948,-0.025716,-0.029760,4.954371,0.000000,0.000000,5.000000,0.060240,0
1784327687.447117,ADAPTIVE,TRACKING,259,15.400254,24.780680,-0.026537,-0.025734,4.956315,0.000000,0.000000,5.000000,0.057226,0
1784327687.472115,ADAPTIVE,TRACKING,255,14.599554,23.984443,-0.027234,-0.021804,4.958586,0.000000,0.000000,5.000000,0.054150,0
1784327687.497119,ADAPTIVE,TRACKING,255,14.612293,49.002033,-0.027234,-0.021804,4.958586,0.000000,0.000000,5.000000,0.054150,0
1784327687.522170,ADAPTIVE,TRACKING,258,14.781120,25.154660,-0.027811,-0.018000,4.960930,0.000000,0.000000,5.000000,0.051224,0
1784327687.547117,ADAPTIVE,TRACKING,261,14.878242,24.977652,-0.027961,-0.014277,4.963129,0.000000,0.000000,5.000000,0.048427,0
1784327687.572106,ADAPTIVE,TRACKING,262,14.973434,24.262956,-0.027931,-0.010654,4.964911,0.000000,0.000000,5.000000,0.046096,0
1784327687.597118,ADAPTIVE,TRACKING,262,14.967754,49.267526,-0.027931,-0.010654,4.964911,0.000000,0.000000,5.000000,0.046096,0
1784327687.622100,ADAPTIVE,TRACKING,262,15.625950,25.570856,-0.027821,-0.006331,4.967413,0.000000,0.000000,5.000000,0.043313,0
1784327687.647104,ADAPTIVE,TRACKING,258,14.750218,24.056489,-0.027661,-0.003079,4.969759,0.000000,0.000000,5.000000,0.041099,0
1784327687.672113,ADAPTIVE,TRACKING,258,14.764793,24.054762,-0.027142,-0.001443,4.969405,0.000000,0.000000,5.000000,0.040925,0
1784327687.697125,ADAPTIVE,TRACKING,258,15.344004,49.648371,-0.027142,-0.001443,4.969405,0.000000,0.000000,5.000000,0.040925,0
1784327687.722105,ADAPTIVE,TRACKING,258,14.791857,24.345329,-0.026468,0.000259,4.968996,0.000000,0.000000,5.000000,0.040766,0
1784327687.747103,ADAPTIVE,TRACKING,258,15.229187,25.346009,-0.025624,0.002091,4.969010,0.000000,0.000000,5.000000,0.040266,0
1784327687.772092,ADAPTIVE,TRACKING,255,14.591341,23.956209,-0.024655,0.003951,4.970163,0.000000,0.000000,5.000000,0.038906,0
1784327687.797125,ADAPTIVE,TRACKING,259,15.304521,49.705644,-0.024655,0.003951,4.970163,0.000000,0.000000,5.000000,0.038906,0
1784327687.822122,ADAPTIVE,TRACKING,256,14.823324,24.446491,-0.023619,0.002229,4.969948,0.000000,0.000000,5.000000,0.038287,0
1784327687.847113,ADAPTIVE,TRACKING,258,15.221855,25.324621,-0.022620,0.001132,4.970180,0.000000,0.000000,5.000000,0.037445,0
1784327687.872188,ADAPTIVE,TRACKING,255,14.678445,24.180489,-0.021475,0.000241,4.971493,0.000000,0.000000,5.000000,0.035692,0
1784327687.897102,ADAPTIVE,TRACKING,257,15.280482,49.694306,-0.021475,0.000241,4.971493,0.000000,0.000000,5.000000,0.035692,0
1784327687.922116,ADAPTIVE,TRACKING,255,14.679892,24.344186,-0.020092,-0.000137,4.973876,0.000000,0.000000,5.000000,0.032957,0
1784327687.947108,ADAPTIVE,TRACKING,257,14.641314,24.861136,-0.018485,-0.000088,4.976302,0.000000,0.000000,5.000000,0.030055,0
1784327687.972114,ADAPTIVE,TRACKING,258,14.722621,24.007740,-0.016826,0.000016,4.977831,0.000000,0.000000,5.000000,0.027831,0
1784327687.997189,ADAPTIVE,TRACKING,262,15.076335,49.437155,-0.016826,0.000016,4.977831,0.000000,0.000000,5.000000,0.027831,0
1784327688.022170,ADAPTIVE,TRACKING,262,14.951445,24.787084,-0.014789,0.000150,4.978794,0.000000,0.000000,5.000000,0.025855,0
1784327688.047121,ADAPTIVE,TRACKING,262,14.951842,24.885100,-0.011463,-0.001243,4.980955,0.000000,0.000000,5.000000,0.022263,0
1784327688.072067,ADAPTIVE,TRACKING,262,15.027959,24.316633,-0.007766,-0.002978,4.983538,0.000000,0.000000,5.000000,0.018444,0
1784327688.097117,ADAPTIVE,TRACKING,262,15.029318,49.369607,-0.007766,-0.002978,4.983538,0.000000,0.000000,5.000000,0.018444,0
1784327688.122107,ADAPTIVE,TRACKING,261,15.117535,25.003672,-0.004299,-0.004555,4.985875,0.000000,0.000000,5.000000,0.015452,0
1784327688.147115,ADAPTIVE,TRACKING,260,14.846930,24.639520,-0.001029,-0.006006,4.988161,0.000000,0.000000,5.000000,0.013315,0
1784327688.172117,ADAPTIVE,TRACKING,261,14.855684,24.201764,0.003291,-0.007178,4.989219,0.000000,0.000000,5.000000,0.013364,0
1784327688.197192,ADAPTIVE,TRACKING,261,14.916878,49.342004,0.003291,-0.007178,4.989219,0.000000,0.000000,5.000000,0.013364,0
1784327688.222178,ADAPTIVE,TRACKING,262,15.020913,25.023403,0.008176,-0.008584,4.990166,0.000000,0.000000,5.000000,0.015403,0
1784327688.247118,ADAPTIVE,TRACKING,262,14.996058,24.851107,0.011794,-0.009676,4.990336,0.000000,0.000000,5.000000,0.018059,0
1784327688.272176,ADAPTIVE,TRACKING,262,15.038366,24.376442,0.015986,-0.010126,4.990820,0.000000,0.000000,5.000000,0.021032,0
1784327688.297178,ADAPTIVE,TRACKING,261,14.925075,49.266343,0.015986,-0.010126,4.990820,0.000000,0.000000,5.000000,0.021032,0
1784327688.322168,ADAPTIVE,TRACKING,261,15.057130,25.058172,0.022101,-0.008934,4.991348,0.000000,0.000000,5.000000,0.025360,0
1784327688.347128,ADAPTIVE,TRACKING,261,14.981639,24.765601,0.027937,-0.007751,4.991645,0.000000,0.000000,5.000000,0.030172,0
1784327688.372184,ADAPTIVE,TRACKING,261,15.026028,24.425875,0.033524,-0.006456,4.991357,0.000000,0.000000,5.000000,0.035217,0
1784327688.397188,ADAPTIVE,TRACKING,260,15.196802,49.603199,0.033524,-0.006456,4.991357,0.000000,0.000000,5.000000,0.035217,0
1784327688.422127,ADAPTIVE,TRACKING,259,14.891878,24.555639,0.040446,-0.004022,4.990129,0.000000,0.000000,5.000000,0.041827,0
1784327688.447124,ADAPTIVE,TRACKING,259,14.868400,24.855248,0.045997,-0.001158,4.989574,0.000000,0.000000,5.000000,0.047178,0
1784327688.472103,ADAPTIVE,TRACKING,259,14.744544,24.071786,0.051119,0.001633,4.988898,0.000000,0.000000,5.000000,0.052336,0
1784327688.497118,ADAPTIVE,TRACKING,261,15.158848,49.507004,0.051119,0.001633,4.988898,0.000000,0.000000,5.000000,0.052336,0
1784327688.522177,ADAPTIVE,TRACKING,260,14.863983,24.685136,0.055786,0.004395,4.988467,0.000000,0.000000,5.000000,0.057135,0
1784327688.547124,ADAPTIVE,TRACKING,261,14.850335,24.869472,0.059946,0.006903,4.986723,0.000000,0.000000,5.000000,0.061785,0
1784327688.572109,ADAPTIVE,TRACKING,261,14.993957,24.329936,0.063586,0.009259,4.984910,0.000000,0.000000,5.000000,0.066005,0
1784327688.597121,ADAPTIVE,TRACKING,262,15.003872,49.352451,0.063586,0.009259,4.984910,0.000000,0.000000,5.000000,0.066005,0
1784327688.622171,ADAPTIVE,TRACKING,262,15.001657,24.968695,0.067378,0.012132,4.983422,0.000000,0.000000,5.000000,0.070440,0
1784327688.647122,ADAPTIVE,TRACKING,261,14.907147,24.794157,0.069753,0.014323,4.982429,0.000000,0.000000,5.000000,0.073344,0
1784327688.672181,ADAPTIVE,TRACKING,262,15.036840,24.422567,0.073527,0.015618,4.984962,0.000000,0.000000,5.000000,0.076657,0
1784327688.697192,ADAPTIVE,TRACKING,261,14.908534,49.308282,0.073527,0.015618,4.984962,0.000000,0.000000,5.000000,0.076657,0
1784327688.722074,ADAPTIVE,TRACKING,262,15.311398,25.189808,0.076676,0.016993,4.987988,0.000000,0.000000,5.000000,0.079450,0
1784327688.747193,ADAPTIVE,TRACKING,260,14.919793,24.660410,0.079244,0.018409,4.991117,0.000000,0.000000,5.000000,0.081838,0
1784327688.772108,ADAPTIVE,TRACKING,260,14.878953,24.192859,0.081307,0.019870,4.994177,0.000000,0.000000,5.000000,0.083902,0
1784327688.797124,ADAPTIVE,TRACKING,260,14.949475,49.282568,0.081307,0.019870,4.994177,0.000000,0.000000,5.000000,0.083902,0
1784327688.822106,ADAPTIVE,TRACKING,261,14.937485,24.899020,0.080116,0.023590,4.999904,0.000000,0.000000,5.000000,0.083517,0
1784327688.847121,ADAPTIVE,TRACKING,261,14.912219,24.927339,0.078909,0.026437,5.003655,0.000000,0.000000,5.000000,0.083300,0
1784327688.872185,ADAPTIVE,TRACKING,261,14.973387,24.337891,0.077485,0.029158,5.006279,0.000000,0.000000,5.000000,0.083027,0
1784327688.897121,ADAPTIVE,TRACKING,262,15.005525,49.304345,0.077485,0.029158,5.006279,0.000000,0.000000,5.000000,0.083027,0
1784327688.922088,ADAPTIVE,TRACKING,261,15.585224,25.453821,0.074950,0.031533,5.007626,0.000000,0.000000,5.000000,0.081670,0
1784327688.947217,ADAPTIVE,TRACKING,258,14.821395,24.251918,0.071399,0.033593,5.008664,0.000000,0.000000,5.000000,0.079381,0
1784327688.972108,ADAPTIVE,TRACKING,257,14.664092,23.946817,0.067733,0.035466,5.010684,0.000000,0.000000,5.000000,0.077199,0
1784327688.997182,ADAPTIVE,TRACKING,258,14.791365,49.150837,0.067733,0.035466,5.010684,0.000000,0.000000,5.000000,0.077199,0
1784327689.022182,ADAPTIVE,TRACKING,261,15.067375,25.207104,0.063075,0.037481,5.012593,0.000000,0.000000,5.000000,0.074444,0
1784327689.047190,ADAPTIVE,TRACKING,261,14.917809,24.788431,0.059742,0.038485,5.014461,0.000000,0.000000,5.000000,0.072521,0
1784327689.072076,ADAPTIVE,TRACKING,261,15.509960,24.853109,0.056455,0.039113,5.015483,0.000000,0.000000,5.000000,0.070403,0
1784327689.097182,ADAPTIVE,TRACKING,258,14.794468,49.247115,0.056455,0.039113,5.015483,0.000000,0.000000,5.000000,0.070403,0
1784327689.122072,ADAPTIVE,TRACKING,258,14.665397,24.695572,0.053115,0.039653,5.015500,0.000000,0.000000,5.000000,0.068072,0
1784327689.147181,ADAPTIVE,TRACKING,259,14.849471,25.215743,0.049680,0.040111,5.015586,0.000000,0.000000,5.000000,0.065726,0
1784327689.172172,ADAPTIVE,TRACKING,262,14.978859,24.298197,0.045468,0.036564,5.013280,0.000000,0.000000,5.000000,0.059838,0
1784327689.197190,ADAPTIVE,TRACKING,262,15.564324,49.906501,0.045468,0.036564,5.013280,0.000000,0.000000,5.000000,0.059838,0
1784327689.222174,ADAPTIVE,TRACKING,258,14.801531,24.148720,0.040144,0.032371,5.010747,0.000000,0.000000,5.000000,0.052677,0
1784327689.247126,ADAPTIVE,TRACKING,258,14.811621,24.895844,0.035875,0.029101,5.009369,0.000000,0.000000,5.000000,0.047135,0
1784327689.272108,ADAPTIVE,TRACKING,258,14.750580,24.125362,0.031606,0.025908,5.007700,0.000000,0.000000,5.000000,0.041587,0
1784327689.297172,ADAPTIVE,TRACKING,261,14.840228,49.277372,0.031606,0.025908,5.007700,0.000000,0.000000,5.000000,0.041587,0
1784327689.322177,ADAPTIVE,TRACKING,262,15.003722,25.107338,0.027290,0.023490,5.005481,0.000000,0.000000,5.000000,0.036422,0
1784327689.347110,ADAPTIVE,TRACKING,262,14.900640,24.768570,0.023020,0.021076,5.003199,0.000000,0.000000,5.000000,0.031374,0
1784327689.372170,ADAPTIVE,TRACKING,263,15.073504,24.519309,0.018836,0.018716,5.001542,0.000000,0.000000,5.000000,0.026598,0
1784327689.397198,ADAPTIVE,TRACKING,262,15.001126,49.476078,0.018836,0.018716,5.001542,0.000000,0.000000,5.000000,0.026598,0
1784327689.422110,ADAPTIVE,TRACKING,262,15.814381,25.626048,0.014056,0.015704,4.999953,0.000000,0.000000,5.000000,0.021076,0
1784327689.447118,ADAPTIVE,TRACKING,257,14.775691,23.855663,0.010694,0.013184,4.998964,0.000000,0.000000,5.000000,0.017008,0
1784327689.472107,ADAPTIVE,TRACKING,256,14.674651,24.064057,0.007331,0.010761,4.997627,0.000000,0.000000,5.000000,0.013236,0
1784327689.497190,ADAPTIVE,TRACKING,256,14.922323,49.397121,0.007331,0.010761,4.997627,0.000000,0.000000,5.000000,0.013236,0
1784327689.522181,ADAPTIVE,TRACKING,259,14.957658,24.957665,0.003996,0.008424,4.996798,0.000000,0.000000,5.000000,0.009858,0
1784327689.547212,ADAPTIVE,TRACKING,259,14.789936,24.793120,0.001976,0.007021,4.993525,0.000000,0.000000,5.000000,0.009753,0
1784327689.572173,ADAPTIVE,TRACKING,259,14.926449,24.283789,0.000354,0.005900,4.989702,0.000000,0.000000,5.000000,0.011874,0
1784327689.597185,ADAPTIVE,TRACKING,260,14.941016,49.312854,0.000354,0.005900,4.989702,0.000000,0.000000,5.000000,0.011874,0
1784327689.622177,ADAPTIVE,TRACKING,261,14.937326,24.919071,-0.001701,0.004509,4.985265,0.000000,0.000000,5.000000,0.015503,0
1784327689.647212,ADAPTIVE,TRACKING,261,14.994825,25.015638,-0.003342,0.003466,4.982183,0.000000,0.000000,5.000000,0.018456,0
1784327689.672104,ADAPTIVE,TRACKING,261,14.843429,24.303460,-0.004539,0.002186,4.981074,0.000000,0.000000,5.000000,0.019585,0
1784327689.697132,ADAPTIVE,TRACKING,262,14.937233,49.427278,-0.004539,0.002186,4.981074,0.000000,0.000000,5.000000,0.019585,0
1784327689.722111,ADAPTIVE,TRACKING,262,15.331476,25.277928,-0.005777,0.000982,4.980115,0.000000,0.000000,5.000000,0.020731,0
1784327689.747114,ADAPTIVE,TRACKING,261,14.890843,24.494222,-0.006963,-0.000143,4.979321,0.000000,0.000000,5.000000,0.021821,0
1784327689.772176,ADAPTIVE,TRACKING,260,14.880785,24.210358,-0.008063,-0.001168,4.978202,0.000000,0.000000,5.000000,0.023271,0
1784327689.797193,ADAPTIVE,TRACKING,260,14.861405,49.210740,-0.008063,-0.001168,4.978202,0.000000,0.000000,5.000000,0.023271,0
1784327689.822071,ADAPTIVE,TRACKING,262,14.957854,24.899852,-0.011430,-0.002108,4.974679,0.000000,0.000000,5.000000,0.027861,0
1784327689.847119,ADAPTIVE,TRACKING,262,14.970468,25.002666,-0.013777,-0.002663,4.973178,0.000000,0.000000,5.000000,0.030271,0
1784327689.872110,ADAPTIVE,TRACKING,262,15.015406,24.283278,-0.015893,-0.003160,4.972069,0.000000,0.000000,5.000000,0.032291,0
1784327689.897124,ADAPTIVE,TRACKING,262,15.068137,49.351350,-0.015893,-0.003160,4.972069,0.000000,0.000000,5.000000,0.032291,0
1784327689.922120,ADAPTIVE,TRACKING,261,14.992070,24.835928,-0.017260,-0.003963,4.970938,0.000000,0.000000,5.000000,0.034033,0
1784327689.947110,ADAPTIVE,TRACKING,261,14.912924,24.800887,-0.018038,-0.004960,4.970840,0.000000,0.000000,5.000000,0.034645,0
1784327689.972111,ADAPTIVE,TRACKING,261,14.981934,24.283120,-0.018747,-0.005876,4.971662,0.000000,0.000000,5.000000,0.034482,0
1784327689.997214,ADAPTIVE,TRACKING,261,15.010555,49.415567,-0.018747,-0.005876,4.971662,0.000000,0.000000,5.000000,0.034482,0
1784327690.022168,ADAPTIVE,TRACKING,261,14.894067,24.766715,-0.019446,-0.006900,4.975537,0.000000,0.000000,5.000000,0.032003,0
1784327690.047075,ADAPTIVE,TRACKING,261,14.855639,24.808977,-0.020380,-0.006707,4.976394,0.000000,0.000000,5.000000,0.031899,0
1784327690.072111,ADAPTIVE,TRACKING,262,14.925200,24.117442,-0.021242,-0.006235,4.976539,0.000000,0.000000,5.000000,0.032257,0
1784327690.097124,ADAPTIVE,TRACKING,263,15.030447,49.238691,-0.021242,-0.006235,4.976539,0.000000,0.000000,5.000000,0.032257,0
1784327690.122179,ADAPTIVE,TRACKING,263,15.141949,25.097174,-0.021820,-0.005815,4.976500,0.000000,0.000000,5.000000,0.032591,0
1784327690.147127,ADAPTIVE,TRACKING,262,14.924987,24.658245,-0.022157,-0.005439,4.976563,0.000000,0.000000,5.000000,0.032707,0
1784327690.172183,ADAPTIVE,TRACKING,262,15.042755,24.473808,-0.021860,-0.004543,4.976267,0.000000,0.000000,5.000000,0.032584,0
1784327690.197196,ADAPTIVE,TRACKING,261,14.979820,49.426091,-0.021860,-0.004543,4.976267,0.000000,0.000000,5.000000,0.032584,0
1784327690.222178,ADAPTIVE,TRACKING,261,15.039975,24.969759,-0.021413,-0.003624,4.975227,0.000000,0.000000,5.000000,0.032945,0
1784327690.247120,ADAPTIVE,TRACKING,260,14.888688,24.732791,-0.021002,-0.002955,4.973680,0.000000,0.000000,5.000000,0.033801,0
1784327690.272110,ADAPTIVE,TRACKING,261,14.909973,24.295565,-0.020964,-0.002867,4.973061,0.000000,0.000000,5.000000,0.034255,0
1784327690.297195,ADAPTIVE,TRACKING,261,14.898844,49.368437,-0.020964,-0.002867,4.973061,0.000000,0.000000,5.000000,0.034255,0
1784327690.322176,ADAPTIVE,TRACKING,262,15.044359,25.062957,-0.021863,-0.004372,4.973324,0.000000,0.000000,5.000000,0.034767,0
1784327690.347194,ADAPTIVE,TRACKING,262,14.927971,24.837836,-0.022656,-0.005724,4.975326,0.000000,0.000000,5.000000,0.033983,0
1784327690.372184,ADAPTIVE,TRACKING,262,15.002492,24.478850,-0.023350,-0.007005,4.978101,0.000000,0.000000,5.000000,0.032770,0
1784327690.397121,ADAPTIVE,TRACKING,262,15.574925,49.988452,-0.023350,-0.007005,4.978101,0.000000,0.000000,5.000000,0.032770,0
1784327690.422115,ADAPTIVE,TRACKING,259,15.423344,24.753594,-0.024244,-0.009010,4.979297,0.000000,0.000000,5.000000,0.033130,0
1784327690.447129,ADAPTIVE,TRACKING,255,14.562742,24.050152,-0.025061,-0.011072,4.977838,0.000000,0.000000,5.000000,0.035239,0
1784327690.472118,ADAPTIVE,TRACKING,255,14.590266,23.866552,-0.025696,-0.012879,4.976309,0.000000,0.000000,5.000000,0.037248,0
1784327690.497188,ADAPTIVE,TRACKING,258,14.908388,49.256178,-0.025696,-0.012879,4.976309,0.000000,0.000000,5.000000,0.037248,0
1784327690.522111,ADAPTIVE,TRACKING,261,14.973802,24.914027,-0.026173,-0.014490,4.975077,0.000000,0.000000,5.000000,0.038938,0
1784327690.547124,ADAPTIVE,TRACKING,261,14.975537,24.946269,-0.024311,-0.016272,4.971056,0.000000,0.000000,5.000000,0.041153,0
1784327690.572076,ADAPTIVE,TRACKING,260,15.346144,24.601250,-0.021888,-0.017941,4.966333,0.000000,0.000000,5.000000,0.043982,0
1784327690.597128,ADAPTIVE,TRACKING,258,14.707733,49.014527,-0.021888,-0.017941,4.966333,0.000000,0.000000,5.000000,0.043982,0
1784327690.622198,ADAPTIVE,TRACKING,259,15.143664,25.439923,-0.019183,-0.019701,4.962444,0.000000,0.000000,5.000000,0.046546,0
1784327690.647197,ADAPTIVE,TRACKING,257,14.730772,24.518420,-0.017238,-0.020824,4.961902,0.000000,0.000000,5.000000,0.046715,0
1784327690.672186,ADAPTIVE,TRACKING,260,14.843755,24.381964,-0.014535,-0.020181,4.961315,0.000000,0.000000,5.000000,0.045990,0
1784327690.697202,ADAPTIVE,TRACKING,260,14.900889,49.457449,-0.014535,-0.020181,4.961315,0.000000,0.000000,5.000000,0.045990,0
1784327690.722182,ADAPTIVE,TRACKING,262,15.018668,25.022312,-0.011937,-0.019387,4.960652,0.000000,0.000000,5.000000,0.045460,0
1784327690.747207,ADAPTIVE,TRACKING,262,15.041430,24.969419,-0.009418,-0.018412,4.959364,0.000000,0.000000,5.000000,0.045596,0
1784327690.772109,ADAPTIVE,TRACKING,261,14.878785,24.127817,-0.006992,-0.017252,4.957551,0.000000,0.000000,5.000000,0.046352,0
1784327690.797190,ADAPTIVE,TRACKING,262,14.915028,49.245553,-0.006992,-0.017252,4.957551,0.000000,0.000000,5.000000,0.046352,0
1784327690.822183,ADAPTIVE,TRACKING,262,15.044830,25.051981,-0.006475,-0.014502,4.955022,0.000000,0.000000,5.000000,0.047699,0
1784327690.847111,ADAPTIVE,TRACKING,262,14.959166,24.774444,-0.005997,-0.012338,4.953683,0.000000,0.000000,5.000000,0.048306,0
1784327690.872180,ADAPTIVE,TRACKING,262,14.939126,24.299243,-0.005421,-0.010270,4.953286,0.000000,0.000000,5.000000,0.048136,0
1784327690.897190,ADAPTIVE,TRACKING,262,15.026113,49.397145,-0.005421,-0.010270,4.953286,0.000000,0.000000,5.000000,0.048136,0
1784327690.922216,ADAPTIVE,TRACKING,262,15.134332,25.035122,-0.004007,-0.007693,4.954701,0.000000,0.000000,5.000000,0.046122,0
1784327690.947194,ADAPTIVE,TRACKING,261,14.927100,24.677168,-0.001864,-0.004713,4.957664,0.000000,0.000000,5.000000,0.042638,0
1784327690.972113,ADAPTIVE,TRACKING,261,14.906897,24.284924,0.000185,-0.002021,4.960368,0.000000,0.000000,5.000000,0.039684,0
1784327690.997202,ADAPTIVE,TRACKING,261,14.915031,49.382188,0.000185,-0.002021,4.960368,0.000000,0.000000,5.000000,0.039684,0
1784327691.022074,ADAPTIVE,TRACKING,262,15.011285,24.900625,0.002512,0.000941,4.963610,0.000000,0.000000,5.000000,0.036489,0
1784327691.047197,ADAPTIVE,TRACKING,262,14.951496,24.996645,0.004449,0.003240,4.966622,0.000000,0.000000,5.000000,0.033829,0
1784327691.072182,ADAPTIVE,TRACKING,262,14.925523,24.368277,0.006268,0.005394,4.970411,0.000000,0.000000,5.000000,0.030723,0
1784327691.097111,ADAPTIVE,TRACKING,262,14.952761,49.326458,0.006268,0.005394,4.970411,0.000000,0.000000,5.000000,0.030723,0
1784327691.122171,ADAPTIVE,TRACKING,262,15.128559,25.163274,0.007844,0.007402,4.974589,0.000000,0.000000,5.000000,0.027605,0
1784327691.147194,ADAPTIVE,TRACKING,261,14.873979,24.684005,0.009234,0.009305,4.977724,0.000000,0.000000,5.000000,0.025847,0
1784327691.172180,ADAPTIVE,TRACKING,261,14.870865,24.330808,0.008732,0.010415,4.981866,0.000000,0.000000,5.000000,0.022661,0
1784327691.197204,ADAPTIVE,TRACKING,262,15.071858,49.558077,0.008732,0.010415,4.981866,0.000000,0.000000,5.000000,0.022661,0
1784327691.222178,ADAPTIVE,TRACKING,262,14.936217,24.762205,0.008151,0.011825,4.986676,0.000000,0.000000,5.000000,0.019591,0
1784327691.247194,ADAPTIVE,TRACKING,262,14.958073,24.973530,0.007781,0.012987,4.989914,0.000000,0.000000,5.000000,0.018192,0
1784327691.272185,ADAPTIVE,TRACKING,262,14.994290,24.350036,0.007690,0.014617,4.991962,0.000000,0.000000,5.000000,0.018369,0
1784327691.297206,ADAPTIVE,TRACKING,262,15.015410,49.395301,0.007690,0.014617,4.991962,0.000000,0.000000,5.000000,0.018369,0
1784327691.322181,ADAPTIVE,TRACKING,262,15.057245,24.951891,0.008217,0.017530,4.991841,0.000000,0.000000,5.000000,0.021009,0
1784327691.347130,ADAPTIVE,TRACKING,261,14.868485,24.692409,0.008708,0.020173,4.991413,0.000000,0.000000,5.000000,0.023590,0
1784327691.372124,ADAPTIVE,TRACKING,262,14.936683,24.322005,0.009162,0.022578,4.990934,0.000000,0.000000,5.000000,0.025998,0
1784327691.397191,ADAPTIVE,TRACKING,262,15.239650,49.695123,0.009162,0.022578,4.990934,0.000000,0.000000,5.000000,0.025998,0
1784327691.422205,ADAPTIVE,TRACKING,261,14.964992,24.643019,0.008977,0.024931,4.988917,0.000000,0.000000,5.000000,0.028723,0
1784327691.447128,ADAPTIVE,TRACKING,260,14.871871,24.712745,0.008038,0.026337,4.984747,0.000000,0.000000,5.000000,0.031478,0
1784327691.472182,ADAPTIVE,TRACKING,260,14.974674,24.340816,0.007112,0.027493,4.980547,0.000000,0.000000,5.000000,0.034422,0
1784327691.497198,ADAPTIVE,TRACKING,261,15.030709,49.412751,0.007112,0.027493,4.980547,0.000000,0.000000,5.000000,0.034422,0
1784327691.522182,ADAPTIVE,TRACKING,261,14.885936,24.772424,0.006228,0.028457,4.976254,0.000000,0.000000,5.000000,0.037583,0
1784327691.547187,ADAPTIVE,TRACKING,261,14.893718,24.948054,0.005814,0.029992,4.971128,0.000000,0.000000,5.000000,0.042034,0
1784327691.572183,ADAPTIVE,TRACKING,262,15.025385,24.370456,0.005569,0.031536,4.965891,0.000000,0.000000,5.000000,0.046786,0
1784327691.597142,ADAPTIVE,TRACKING,262,15.014410,49.320121,0.005569,0.031536,4.965891,0.000000,0.000000,5.000000,0.046786,0
1784327691.622176,ADAPTIVE,TRACKING,262,14.986593,24.926617,0.005256,0.033088,4.959521,0.000000,0.000000,5.000000,0.052545,0
1784327691.647207,ADAPTIVE,TRACKING,261,14.932941,24.913538,0.004951,0.034069,4.954897,0.000000,0.000000,5.000000,0.056740,0
1784327691.672176,ADAPTIVE,TRACKING,262,14.934870,24.366325,0.004117,0.033995,4.951529,0.000000,0.000000,5.000000,0.059347,0
1784327691.697134,ADAPTIVE,TRACKING,262,15.000054,49.393753,0.004117,0.033995,4.951529,0.000000,0.000000,5.000000,0.059347,0
1784327691.722181,ADAPTIVE,TRACKING,262,15.145639,25.119298,0.003253,0.033914,4.948784,0.000000,0.000000,5.000000,0.061513,0
1784327691.747207,ADAPTIVE,TRACKING,261,14.888443,24.702825,0.002388,0.033803,4.946743,0.000000,0.000000,5.000000,0.063124,0
1784327691.772179,ADAPTIVE,TRACKING,261,14.917525,24.452756,0.001507,0.033654,4.944829,0.000000,0.000000,5.000000,0.064643,0
1784327691.797200,ADAPTIVE,TRACKING,261,14.905346,49.463237,0.001507,0.033654,4.944829,0.000000,0.000000,5.000000,0.064643,0
1784327691.822178,ADAPTIVE,TRACKING,262,14.971381,24.973065,-0.000805,0.033722,4.941570,0.000000,0.000000,5.000000,0.067468,0
1784327691.847121,ADAPTIVE,TRACKING,262,14.972951,24.884568,-0.002559,0.033581,4.941310,0.000000,0.000000,5.000000,0.067667,0
1784327691.872181,ADAPTIVE,TRACKING,262,15.011291,24.503880,-0.004212,0.033269,4.943177,0.000000,0.000000,5.000000,0.065981,0
1784327691.897207,ADAPTIVE,TRACKING,262,15.007355,49.524987,-0.004212,0.033269,4.943177,0.000000,0.000000,5.000000,0.065981,0
1784327691.922130,ADAPTIVE,TRACKING,262,15.163603,24.984615,-0.006048,0.031840,4.945007,0.000000,0.000000,5.000000,0.063833,0
1784327691.947196,ADAPTIVE,TRACKING,260,14.961811,24.775147,-0.008012,0.029388,4.946011,0.000000,0.000000,5.000000,0.061989,0
1784327691.972112,ADAPTIVE,TRACKING,260,14.929744,24.230769,-0.009706,0.026838,4.946632,0.000000,0.000000,5.000000,0.060520,0
1784327691.997133,ADAPTIVE,TRACKING,260,14.933420,49.257190,-0.009706,0.026838,4.946632,0.000000,0.000000,5.000000,0.060520,0
1784327692.022112,ADAPTIVE,TRACKING,261,15.025891,25.003150,-0.011502,0.023532,4.947759,0.000000,0.000000,5.000000,0.058440,0
1784327692.047131,ADAPTIVE,TRACKING,260,14.900265,24.828610,-0.012169,0.022277,4.948844,0.000000,0.000000,5.000000,0.057107,0
1784327692.072176,ADAPTIVE,TRACKING,261,14.981563,24.388770,-0.012606,0.021323,4.949517,0.000000,0.000000,5.000000,0.056233,0
1784327692.097133,ADAPTIVE,TRACKING,261,14.984064,49.348482,-0.012606,0.021323,4.949517,0.000000,0.000000,5.000000,0.056233,0
1784327692.122186,ADAPTIVE,TRACKING,261,14.955077,24.948260,-0.013006,0.020256,4.949620,0.000000,0.000000,5.000000,0.055836,0
1784327692.147189,ADAPTIVE,TRACKING,261,14.954216,24.915443,-0.013320,0.019101,4.950523,0.000000,0.000000,5.000000,0.054683,0
1784327692.172186,ADAPTIVE,TRACKING,261,14.841075,24.332481,-0.014029,0.016653,4.952765,0.000000,0.000000,5.000000,0.052013,0
1784327692.197189,ADAPTIVE,TRACKING,262,15.043431,49.543490,-0.014029,0.016653,4.952765,0.000000,0.000000,5.000000,0.052013,0
1784327692.222173,ADAPTIVE,TRACKING,262,14.944866,24.803814,-0.014721,0.013596,4.956660,0.000000,0.000000,5.000000,0.047748,0
1784327692.247076,ADAPTIVE,TRACKING,262,15.007877,24.906412,-0.015109,0.011230,4.959311,0.000000,0.000000,5.000000,0.044833,0
1784327692.272120,ADAPTIVE,TRACKING,262,15.013553,24.238342,-0.015221,0.008301,4.961361,0.000000,0.000000,5.000000,0.042350,0
1784327692.297142,ADAPTIVE,TRACKING,262,15.029965,49.281103,-0.015221,0.008301,4.961361,0.000000,0.000000,5.000000,0.042350,0
1784327692.322116,ADAPTIVE,TRACKING,261,14.926463,24.795372,-0.014826,0.003685,4.962425,0.000000,0.000000,5.000000,0.040562,0
1784327692.347116,ADAPTIVE,TRACKING,261,14.863504,24.873174,-0.014421,-0.000699,4.964699,0.000000,0.000000,5.000000,0.038140,0
1784327692.372183,ADAPTIVE,TRACKING,262,15.076870,24.580935,-0.013996,-0.004837,4.966989,0.000000,0.000000,5.000000,0.036181,0
1784327692.397201,ADAPTIVE,TRACKING,262,15.061395,49.585894,-0.013996,-0.004837,4.966989,0.000000,0.000000,5.000000,0.036181,0
1784327692.422200,ADAPTIVE,TRACKING,261,15.139325,24.981460,-0.013679,-0.009575,4.968123,0.000000,0.000000,5.000000,0.035985,0
1784327692.447195,ADAPTIVE,TRACKING,260,14.806008,24.568706,-0.013666,-0.013000,4.968146,0.000000,0.000000,5.000000,0.037020,0
1784327692.472199,ADAPTIVE,TRACKING,260,14.857404,24.099695,-0.013659,-0.016286,4.968160,0.000000,0.000000,5.000000,0.038283,0
1784327692.497197,ADAPTIVE,TRACKING,261,14.999944,49.239027,-0.013659,-0.016286,4.968160,0.000000,0.000000,5.000000,0.038283,0
1784327692.522187,ADAPTIVE,TRACKING,262,15.026674,24.952668,-0.013691,-0.019480,4.967880,0.000000,0.000000,5.000000,0.039982,0
1784327692.547099,ADAPTIVE,TRACKING,261,14.979522,24.801810,-0.013462,-0.024557,4.969836,0.000000,0.000000,5.000000,0.041160,0
1784327692.572174,ADAPTIVE,TRACKING,261,14.958662,24.424463,-0.013168,-0.030012,4.972989,0.000000,0.000000,5.000000,0.042470,0
1784327692.597137,ADAPTIVE,TRACKING,261,14.983544,49.413958,-0.013168,-0.030012,4.972989,0.000000,0.000000,5.000000,0.042470,0
1784327692.622183,ADAPTIVE,TRACKING,261,14.893854,24.883277,-0.012860,-0.036378,4.977153,0.000000,0.000000,5.000000,0.044841,0
1784327692.647080,ADAPTIVE,TRACKING,261,14.892789,24.827215,-0.012646,-0.041124,4.980135,0.000000,0.000000,5.000000,0.047389,0
1784327692.672180,ADAPTIVE,TRACKING,262,15.040523,24.425223,-0.011299,-0.047646,4.980530,0.000000,0.000000,5.000000,0.052696,0
1784327692.697191,ADAPTIVE,TRACKING,262,15.048544,49.444359,-0.011299,-0.047646,4.980530,0.000000,0.000000,5.000000,0.052696,0
1784327692.722176,ADAPTIVE,TRACKING,261,14.947785,24.801669,-0.010036,-0.053634,4.980580,0.000000,0.000000,5.000000,0.057917,0
1784327692.747131,ADAPTIVE,TRACKING,261,14.952640,24.891578,-0.008859,-0.059129,4.981025,0.000000,0.000000,5.000000,0.062728,0
1784327692.772196,ADAPTIVE,TRACKING,261,14.895045,24.359497,-0.007715,-0.064167,4.981120,0.000000,0.000000,5.000000,0.067330,0
1784327692.797211,ADAPTIVE,TRACKING,262,14.975919,49.458023,-0.007715,-0.064167,4.981120,0.000000,0.000000,5.000000,0.067330,0
1784327692.822183,ADAPTIVE,TRACKING,262,14.988023,24.914501,-0.005241,-0.072681,4.978928,0.000000,0.000000,5.000000,0.075856,0
1784327692.847082,ADAPTIVE,TRACKING,262,14.950028,24.795962,-0.003343,-0.078760,4.977402,0.000000,0.000000,5.000000,0.082006,0
1784327692.872204,ADAPTIVE,TRACKING,262,14.958221,24.478080,-0.001504,-0.084241,4.976409,0.000000,0.000000,5.000000,0.087494,0
1784327692.897192,ADAPTIVE,TRACKING,262,15.102532,49.611845,-0.001504,-0.084241,4.976409,0.000000,0.000000,5.000000,0.087494,0
1784327692.922125,ADAPTIVE,TRACKING,261,15.088022,24.828341,0.001018,-0.089623,4.975168,0.000000,0.000000,5.000000,0.093005,0
1784327692.947203,ADAPTIVE,TRACKING,260,14.809519,24.688349,0.004124,-0.094838,4.973872,0.000000,0.000000,5.000000,0.098458,0
1784327692.972198,ADAPTIVE,TRACKING,261,15.012257,24.404052,0.007037,-0.099404,4.972754,0.000000,0.000000,5.000000,0.103311,0
1784327692.997196,ADAPTIVE,TRACKING,261,15.000278,49.390524,0.007037,-0.099404,4.972754,0.000000,0.000000,5.000000,0.103311,0
1784327693.022182,ADAPTIVE,TRACKING,261,14.938192,24.855496,0.010443,-0.104187,4.971251,0.000000,0.000000,5.000000,0.108584,0
1784327693.047202,ADAPTIVE,TRACKING,261,14.927022,24.948147,0.014407,-0.108135,4.969772,0.000000,0.000000,5.000000,0.113201,0
1784327693.072125,ADAPTIVE,TRACKING,261,14.945035,24.202802,0.018545,-0.111691,4.968836,0.000000,0.000000,5.000000,0.117431,0
1784327693.097196,ADAPTIVE,TRACKING,262,15.012947,49.342463,0.018545,-0.111691,4.968836,0.000000,0.000000,5.000000,0.117431,0
1784327693.122186,ADAPTIVE,TRACKING,262,15.037587,24.947998,0.022454,-0.114551,4.968066,0.000000,0.000000,5.000000,0.121020,0
1784327693.147130,ADAPTIVE,TRACKING,261,14.917783,24.745870,0.026149,-0.116789,4.967287,0.000000,0.000000,5.000000,0.124071,0
1784327693.172188,ADAPTIVE,TRACKING,261,14.937822,24.316967,0.032059,-0.118334,4.966758,0.000000,0.000000,5.000000,0.127027,0
1784327693.197203,ADAPTIVE,TRACKING,261,14.955961,49.351583,0.032059,-0.118334,4.966758,0.000000,0.000000,5.000000,0.127027,0
1784327693.222184,ADAPTIVE,TRACKING,262,15.028878,24.983741,0.038722,-0.119509,4.966097,0.000000,0.000000,5.000000,0.130120,0
1784327693.247120,ADAPTIVE,TRACKING,261,14.949895,24.792155,0.043476,-0.119855,4.965891,0.000000,0.000000,5.000000,0.131980,0
1784327693.272175,ADAPTIVE,TRACKING,261,14.882148,24.288147,0.048160,-0.120009,4.965501,0.000000,0.000000,5.000000,0.133834,0
1784327693.297208,ADAPTIVE,TRACKING,262,14.982379,49.424388,0.048160,-0.120009,4.965501,0.000000,0.000000,5.000000,0.133834,0
1784327693.322188,ADAPTIVE,TRACKING,262,15.023498,24.953588,0.053617,-0.120648,4.963407,0.000000,0.000000,5.000000,0.137003,0
1784327693.347131,ADAPTIVE,TRACKING,262,15.008826,24.867545,0.058583,-0.120669,4.962605,0.000000,0.000000,5.000000,0.139253,0
1784327693.372121,ADAPTIVE,TRACKING,261,14.983629,24.319575,0.063074,-0.120187,4.961908,0.000000,0.000000,5.000000,0.140976,0
1784327693.397123,ADAPTIVE,TRACKING,261,15.115840,49.452611,0.063074,-0.120187,4.961908,0.000000,0.000000,5.000000,0.140976,0
1784327693.422143,ADAPTIVE,TRACKING,260,15.568555,25.382203,0.069274,-0.119411,4.959719,0.000000,0.000000,5.000000,0.143807,0
1784327693.447124,ADAPTIVE,TRACKING,256,14.634067,23.936156,0.075080,-0.118762,4.957297,0.000000,0.000000,5.000000,0.146850,0
1784327693.472211,ADAPTIVE,TRACKING,257,14.677638,24.177420,0.080240,-0.117531,4.955350,0.000000,0.000000,5.000000,0.149150,0
1784327693.497197,ADAPTIVE,TRACKING,258,14.776380,49.263649,0.080240,-0.117531,4.955350,0.000000,0.000000,5.000000,0.149150,0
1784327693.522186,ADAPTIVE,TRACKING,262,15.043497,25.187050,0.084733,-0.115716,4.954084,0.000000,0.000000,5.000000,0.150593,0
1784327693.547115,ADAPTIVE,TRACKING,261,14.937537,24.754166,0.089643,-0.112941,4.953623,0.000000,0.000000,5.000000,0.151468,0
1784327693.572192,ADAPTIVE,TRACKING,261,14.929310,24.288260,0.094166,-0.109500,4.954079,0.000000,0.000000,5.000000,0.151546,0
1784327693.597207,ADAPTIVE,TRACKING,261,14.955647,49.331562,0.094166,-0.109500,4.954079,0.000000,0.000000,5.000000,0.151546,0
1784327693.622185,ADAPTIVE,TRACKING,262,15.045143,24.992363,0.098864,-0.104583,4.955502,0.000000,0.000000,5.000000,0.150638,0
1784327693.647198,ADAPTIVE,TRACKING,261,14.913550,24.813447,0.101955,-0.100331,4.956678,0.000000,0.000000,5.000000,0.149459,0
1784327693.672192,ADAPTIVE,TRACKING,261,14.867510,24.301598,0.102486,-0.093195,4.959124,0.000000,0.000000,5.000000,0.144429,0
1784327693.697203,ADAPTIVE,TRACKING,262,15.406702,49.854104,0.102486,-0.093195,4.959124,0.000000,0.000000,5.000000,0.144429,0
1784327693.722211,ADAPTIVE,TRACKING,260,15.015128,24.541471,0.102636,-0.086105,4.961452,0.000000,0.000000,5.000000,0.139407,0
1784327693.747201,ADAPTIVE,TRACKING,259,14.839495,24.734251,0.102375,-0.079121,4.964337,0.000000,0.000000,5.000000,0.134211,0
1784327693.772184,ADAPTIVE,TRACKING,258,14.759197,24.157746,0.101676,-0.072158,4.967978,0.000000,0.000000,5.000000,0.128725,0
1784327693.797132,ADAPTIVE,TRACKING,261,14.950216,49.296665,0.101676,-0.072158,4.967978,0.000000,0.000000,5.000000,0.128725,0
1784327693.822191,ADAPTIVE,TRACKING,261,15.137231,25.178357,0.099359,-0.061797,4.969762,0.000000,0.000000,5.000000,0.120853,0
1784327693.847132,ADAPTIVE,TRACKING,260,14.891081,24.626021,0.096996,-0.053530,4.971511,0.000000,0.000000,5.000000,0.114390,0
1784327693.872208,ADAPTIVE,TRACKING,260,14.830522,24.339737,0.094118,-0.045197,4.974047,0.000000,0.000000,5.000000,0.107585,0
1784327693.897196,ADAPTIVE,TRACKING,261,14.978419,49.477049,0.094118,-0.045197,4.974047,0.000000,0.000000,5.000000,0.107585,0
1784327693.922131,ADAPTIVE,TRACKING,262,14.948069,24.817202,0.089934,-0.037469,4.976201,0.000000,0.000000,5.000000,0.100291,0
1784327693.947201,ADAPTIVE,TRACKING,262,14.949349,24.978535,0.084600,-0.030194,4.978249,0.000000,0.000000,5.000000,0.092423,0
1784327693.972195,ADAPTIVE,TRACKING,262,14.939445,24.413146,0.079071,-0.022851,4.980490,0.000000,0.000000,5.000000,0.084587,0
1784327693.997210,ADAPTIVE,TRACKING,262,14.995102,49.487754,0.079071,-0.022851,4.980490,0.000000,0.000000,5.000000,0.084587,0
1784327694.022189,ADAPTIVE,TRACKING,262,14.981398,24.897965,0.071897,-0.013726,4.983488,0.000000,0.000000,5.000000,0.075034,0
1784327694.047120,ADAPTIVE,TRACKING,262,14.962052,24.847593,0.065655,-0.006639,4.985204,0.000000,0.000000,5.000000,0.067628,0
1784327694.072204,ADAPTIVE,TRACKING,262,14.950125,24.440045,0.059309,0.000281,4.986098,0.000000,0.000000,5.000000,0.060918,0
1784327694.097145,ADAPTIVE,TRACKING,262,14.977459,49.408898,0.059309,0.000281,4.986098,0.000000,0.000000,5.000000,0.060918,0
1784327694.122190,ADAPTIVE,TRACKING,262,15.065598,25.066635,0.052955,0.007026,4.986920,0.000000,0.000000,5.000000,0.054997,0
1784327694.147203,ADAPTIVE,TRACKING,262,14.936941,24.795252,0.046594,0.013598,4.987726,0.000000,0.000000,5.000000,0.050066,0
1784327694.172194,ADAPTIVE,TRACKING,262,14.915853,24.336945,0.039978,0.022448,4.988481,0.000000,0.000000,5.000000,0.047274,0
1784327694.197205,ADAPTIVE,TRACKING,262,14.898451,49.335217,0.039978,0.022448,4.988481,0.000000,0.000000,5.000000,0.047274,0
1784327694.222191,ADAPTIVE,TRACKING,263,15.144454,25.162065,0.031562,0.032756,4.988841,0.000000,0.000000,5.000000,0.046836,0
1784327694.247134,ADAPTIVE,TRACKING,262,14.882868,24.618648,0.024704,0.040427,4.988217,0.000000,0.000000,5.000000,0.048820,0
1784327694.272209,ADAPTIVE,TRACKING,262,14.930057,24.373005,0.017408,0.047762,4.986317,0.000000,0.000000,5.000000,0.052645,0
1784327694.297198,ADAPTIVE,TRACKING,262,15.003194,49.437204,0.017408,0.047762,4.986317,0.000000,0.000000,5.000000,0.052645,0
1784327694.322186,ADAPTIVE,TRACKING,263,15.045539,24.957570,0.009078,0.055139,4.979871,0.000000,0.000000,5.000000,0.059396,0
1784327694.347126,ADAPTIVE,TRACKING,262,14.965498,24.795488,0.000904,0.062024,4.974544,0.000000,0.000000,5.000000,0.067051,0
1784327694.372190,ADAPTIVE,TRACKING,262,15.020892,24.264991,-0.007099,0.068493,4.970287,0.000000,0.000000,5.000000,0.074997,0
1784327694.397199,ADAPTIVE,TRACKING,262,15.521873,49.776000,-0.007099,0.068493,4.970287,0.000000,0.000000,5.000000,0.074997,0
1784327694.422126,ADAPTIVE,TRACKING,259,15.334751,24.660038,-0.017203,0.075514,4.966052,0.000000,0.000000,5.000000,0.084563,0
1784327694.447209,ADAPTIVE,TRACKING,255,14.603539,24.257852,-0.025403,0.080143,4.964538,0.000000,0.000000,5.000000,0.091246,0
1784327694.472117,ADAPTIVE,TRACKING,256,14.566214,23.798423,-0.033231,0.084477,4.963251,0.000000,0.000000,5.000000,0.097934,0
1784327694.497085,ADAPTIVE,TRACKING,259,14.849146,49.053290,-0.033231,0.084477,4.963251,0.000000,0.000000,5.000000,0.097934,0
1784327694.522085,ADAPTIVE,TRACKING,262,15.120280,25.198282,-0.040704,0.088651,4.961931,0.000000,0.000000,5.000000,0.104714,0
1784327694.547142,ADAPTIVE,TRACKING,261,14.883070,24.746306,-0.048188,0.093489,4.959913,0.000000,0.000000,5.000000,0.112558,0
1784327694.572123,ADAPTIVE,TRACKING,261,15.427624,24.804236,-0.055352,0.098131,4.958107,0.000000,0.000000,5.000000,0.120202,0
1784327694.597130,ADAPTIVE,TRACKING,258,14.794794,49.175691,-0.055352,0.098131,4.958107,0.000000,0.000000,5.000000,0.120202,0
1784327694.622116,ADAPTIVE,TRACKING,259,14.867382,24.979275,-0.063653,0.103234,4.957544,0.000000,0.000000,5.000000,0.128497,0
1784327694.647125,ADAPTIVE,TRACKING,258,14.794230,24.872211,-0.069734,0.106782,4.957549,0.000000,0.000000,5.000000,0.134415,0
1784327694.672132,ADAPTIVE,TRACKING,261,15.111675,24.476688,-0.074588,0.110474,4.953488,0.000000,0.000000,5.000000,0.141177,0
1784327694.697137,ADAPTIVE,TRACKING,260,16.039937,50.409698,-0.074588,0.110474,4.953488,0.000000,0.000000,5.000000,0.141177,0
1784327694.722134,ADAPTIVE,TRACKING,254,14.579701,23.467671,-0.078979,0.113656,4.951119,0.000000,0.000000,5.000000,0.146781,0
1784327694.747129,ADAPTIVE,TRACKING,254,14.466199,24.797057,-0.083005,0.116261,4.949462,0.000000,0.000000,5.000000,0.151527,0
1784327694.772216,ADAPTIVE,TRACKING,255,14.643080,24.001435,-0.086751,0.118358,4.947823,0.000000,0.000000,5.000000,0.155746,0
1784327694.797205,ADAPTIVE,TRACKING,261,15.369829,49.719937,-0.086751,0.118358,4.947823,0.000000,0.000000,5.000000,0.155746,0
1784327694.822116,ADAPTIVE,TRACKING,259,14.802164,24.274319,-0.089148,0.117651,4.942509,0.000000,0.000000,5.000000,0.158411,0
1784327694.847132,ADAPTIVE,TRACKING,259,15.010154,25.163484,-0.090812,0.116766,4.939052,0.000000,0.000000,5.000000,0.159987,0
1784327694.872121,ADAPTIVE,TRACKING,258,14.734956,24.082282,-0.092131,0.115547,4.936764,0.000000,0.000000,5.000000,0.160742,0
1784327694.897200,ADAPTIVE,TRACKING,261,15.633187,50.063511,-0.092131,0.115547,4.936764,0.000000,0.000000,5.000000,0.160742,0
1784327694.922214,ADAPTIVE,TRACKING,257,14.854361,24.098095,-0.092992,0.114144,4.934153,0.000000,0.000000,5.000000,0.161283,0
1784327694.947205,ADAPTIVE,TRACKING,257,14.667384,24.696962,-0.093390,0.112521,4.930869,0.000000,0.000000,5.000000,0.161746,0
1784327694.972209,ADAPTIVE,TRACKING,257,14.704006,24.185553,-0.093312,0.110506,4.929049,0.000000,0.000000,5.000000,0.161098,0
1784327694.997212,ADAPTIVE,TRACKING,261,15.004269,49.491502,-0.093312,0.110506,4.929049,0.000000,0.000000,5.000000,0.161098,0
1784327695.022186,ADAPTIVE,TRACKING,261,14.898885,24.798158,-0.092618,0.107526,4.928006,0.000000,0.000000,5.000000,0.159132,0
1784327695.047133,ADAPTIVE,TRACKING,261,14.899974,24.888241,-0.091144,0.102718,4.925735,0.000000,0.000000,5.000000,0.156120,0
1784327695.072181,ADAPTIVE,TRACKING,262,14.980579,24.465409,-0.089225,0.097180,4.923933,0.000000,0.000000,5.000000,0.152287,0
1784327695.097132,ADAPTIVE,TRACKING,262,14.994820,49.430119,-0.089225,0.097180,4.923933,0.000000,0.000000,5.000000,0.152287,0
1784327695.122204,ADAPTIVE,TRACKING,262,15.527360,25.530301,-0.087022,0.091609,4.923966,0.000000,0.000000,5.000000,0.147466,0
1784327695.147210,ADAPTIVE,TRACKING,259,14.989207,24.382893,-0.084527,0.086005,4.925449,0.000000,0.000000,5.000000,0.141773,0
1784327695.172217,ADAPTIVE,TRACKING,258,14.752045,24.274861,-0.082497,0.079549,4.926600,0.000000,0.000000,5.000000,0.136093,0
1784327695.197218,ADAPTIVE,TRACKING,258,14.893766,49.418103,-0.082497,0.079549,4.926600,0.000000,0.000000,5.000000,0.136093,0
1784327695.222189,ADAPTIVE,TRACKING,260,14.841881,24.851057,-0.079604,0.071424,4.929065,0.000000,0.000000,5.000000,0.128336,0
1784327695.247134,ADAPTIVE,TRACKING,261,14.927439,24.967762,-0.077075,0.064949,4.930882,0.000000,0.000000,5.000000,0.122214,0
1784327695.272082,ADAPTIVE,TRACKING,261,15.010043,24.198601,-0.074239,0.058642,4.932951,0.000000,0.000000,5.000000,0.115956,0
1784327695.297139,ADAPTIVE,TRACKING,261,14.888285,49.135662,-0.074239,0.058642,4.932951,0.000000,0.000000,5.000000,0.115956,0
1784327695.322124,ADAPTIVE,TRACKING,262,14.982277,25.013159,-0.070787,0.052576,4.936940,0.000000,0.000000,5.000000,0.108405,0
1784327695.347131,ADAPTIVE,TRACKING,262,14.911323,24.875045,-0.067136,0.046475,4.943446,0.000000,0.000000,5.000000,0.099325,0
1784327695.372083,ADAPTIVE,TRACKING,262,15.052449,24.322380,-0.063259,0.040301,4.950087,0.000000,0.000000,5.000000,0.090095,0
1784327695.397135,ADAPTIVE,TRACKING,262,14.987082,49.309354,-0.063259,0.040301,4.950087,0.000000,0.000000,5.000000,0.090095,0
1784327695.422122,ADAPTIVE,TRACKING,262,15.573036,25.493782,-0.058263,0.032183,4.956857,0.000000,0.000000,5.000000,0.079320,0
1784327695.447133,ADAPTIVE,TRACKING,258,14.682173,24.005504,-0.054178,0.025331,4.962004,0.000000,0.000000,5.000000,0.070857,0
1784327695.472117,ADAPTIVE,TRACKING,259,14.842746,24.153931,-0.049864,0.018588,4.967234,0.000000,0.000000,5.000000,0.062494,0
1784327695.497205,ADAPTIVE,TRACKING,259,14.902789,49.303391,-0.049864,0.018588,4.967234,0.000000,0.000000,5.000000,0.062494,0
1784327695.522197,ADAPTIVE,TRACKING,262,15.079658,25.102433,-0.045390,0.012006,4.971249,0.000000,0.000000,5.000000,0.055055,0
1784327695.547195,ADAPTIVE,TRACKING,261,14.942677,24.791124,-0.040995,0.004127,4.972430,0.000000,0.000000,5.000000,0.049576,0
1784327695.572117,ADAPTIVE,TRACKING,261,14.902127,24.247916,-0.036604,-0.003864,4.974300,0.000000,0.000000,5.000000,0.044892,0
1784327695.597211,ADAPTIVE,TRACKING,261,14.911788,49.353864,-0.036604,-0.003864,4.974300,0.000000,0.000000,5.000000,0.044892,0
1784327695.622127,ADAPTIVE,TRACKING,262,15.049917,24.987883,-0.031043,-0.013301,4.977229,0.000000,0.000000,5.000000,0.040732,0
1784327695.647209,ADAPTIVE,TRACKING,262,14.997074,24.964196,-0.026526,-0.020477,4.978803,0.000000,0.000000,5.000000,0.039651,0
1784327695.672193,ADAPTIVE,TRACKING,261,14.992988,24.474528,-0.022388,-0.027776,4.975398,0.000000,0.000000,5.000000,0.043336,0
1784327695.697143,ADAPTIVE,TRACKING,261,14.994218,49.428663,-0.022388,-0.027776,4.975398,0.000000,0.000000,5.000000,0.043336,0
1784327695.722193,ADAPTIVE,TRACKING,261,15.007577,24.985589,-0.018161,-0.034722,4.972177,0.000000,0.000000,5.000000,0.048058,0
1784327695.747135,ADAPTIVE,TRACKING,261,14.899374,24.769571,-0.013910,-0.041278,4.969968,0.000000,0.000000,5.000000,0.052908,0
1784327695.772192,ADAPTIVE,TRACKING,261,14.972530,24.364196,-0.009652,-0.047518,4.968343,0.000000,0.000000,5.000000,0.057907,0
1784327695.797206,ADAPTIVE,TRACKING,261,15.029556,49.438013,-0.009652,-0.047518,4.968343,0.000000,0.000000,5.000000,0.057907,0
1784327695.822184,ADAPTIVE,TRACKING,261,14.996440,24.869381,-0.005774,-0.054033,4.961195,0.000000,0.000000,5.000000,0.066774,0
1784327695.847133,ADAPTIVE,TRACKING,261,14.962284,24.845930,-0.002570,-0.058932,4.956689,0.000000,0.000000,5.000000,0.073181,0
1784327695.872114,ADAPTIVE,TRACKING,261,15.059460,24.424491,0.000581,-0.063562,4.952462,0.000000,0.000000,5.000000,0.079375,0
1784327695.897131,ADAPTIVE,TRACKING,260,15.019179,49.401383,0.000581,-0.063562,4.952462,0.000000,0.000000,5.000000,0.079375,0
1784327695.922128,ADAPTIVE,TRACKING,260,15.454659,25.346745,0.003598,-0.068581,4.949062,0.000000,0.000000,5.000000,0.085505,0
1784327695.947135,ADAPTIVE,TRACKING,257,15.069462,24.508266,0.006437,-0.073837,4.946308,0.000000,0.000000,5.000000,0.091522,0
1784327695.972082,ADAPTIVE,TRACKING,255,14.981144,24.317039,0.009170,-0.078565,4.943889,0.000000,0.000000,5.000000,0.096980,0
1784327695.997137,ADAPTIVE,TRACKING,254,14.909626,49.300724,0.009170,-0.078565,4.943889,0.000000,0.000000,5.000000,0.096980,0
1784327696.022200,ADAPTIVE,TRACKING,255,15.015072,25.102423,0.012417,-0.083680,4.942311,0.000000,0.000000,5.000000,0.102394,0
1784327696.047188,ADAPTIVE,TRACKING,255,14.867228,24.772343,0.016310,-0.087063,4.942023,0.000000,0.000000,5.000000,0.105865,0
1784327696.072204,ADAPTIVE,TRACKING,255,14.547312,24.056069,0.020452,-0.089889,4.942727,0.000000,0.000000,5.000000,0.108529,0
1784327696.097160,ADAPTIVE,TRACKING,258,14.899556,49.366808,0.020452,-0.089889,4.942727,0.000000,0.000000,5.000000,0.108529,0
1784327696.122192,ADAPTIVE,TRACKING,259,15.016402,25.076198,0.024366,-0.092230,4.944517,0.000000,0.000000,5.000000,0.110356,0
1784327696.147121,ADAPTIVE,TRACKING,260,14.933204,24.782854,0.028098,-0.094158,4.946839,0.000000,0.000000,5.000000,0.111720,0
1784327696.172130,ADAPTIVE,TRACKING,259,14.822374,24.132149,0.030981,-0.095568,4.947257,0.000000,0.000000,5.000000,0.113467,0
1784327696.197192,ADAPTIVE,TRACKING,260,14.995515,49.368593,0.030981,-0.095568,4.947257,0.000000,0.000000,5.000000,0.113467,0
1784327696.222200,ADAPTIVE,TRACKING,261,14.990643,24.920312,0.034371,-0.096887,4.948409,0.000000,0.000000,5.000000,0.115022,0
1784327696.247190,ADAPTIVE,TRACKING,261,14.928548,24.870746,0.036883,-0.097550,4.950163,0.000000,0.000000,5.000000,0.115586,0
1784327696.272192,ADAPTIVE,TRACKING,261,15.696147,25.182762,0.038548,-0.097905,4.951534,0.000000,0.000000,5.000000,0.115846,0
1784327696.297214,ADAPTIVE,TRACKING,257,14.740540,49.246582,0.038548,-0.097905,4.951534,0.000000,0.000000,5.000000,0.115846,0
1784327696.322196,ADAPTIVE,TRACKING,257,14.750428,24.928689,0.038090,-0.097956,4.952927,0.000000,0.000000,5.000000,0.115161,0
1784327696.347208,ADAPTIVE,TRACKING,257,14.772861,24.970036,0.037511,-0.097543,4.955261,0.000000,0.000000,5.000000,0.113681,0
1784327696.372193,ADAPTIVE,TRACKING,261,14.919630,24.295696,0.036798,-0.096764,4.958012,0.000000,0.000000,5.000000,0.111716,0
1784327696.397203,ADAPTIVE,TRACKING,261,14.929560,49.316866,0.036798,-0.096764,4.958012,0.000000,0.000000,5.000000,0.111716,0
1784327696.422112,ADAPTIVE,TRACKING,261,14.966041,24.870422,0.034877,-0.095006,4.960848,0.000000,0.000000,5.000000,0.108514,0
1784327696.447217,ADAPTIVE,TRACKING,262,15.003696,25.033837,0.032425,-0.092903,4.961477,0.000000,0.000000,5.000000,0.105671,0
1784327696.472190,ADAPTIVE,TRACKING,261,14.862438,24.299777,0.030067,-0.090515,4.961586,0.000000,0.000000,5.000000,0.102823,0
1784327696.497206,ADAPTIVE,TRACKING,262,15.012232,49.466541,0.030067,-0.090515,4.961586,0.000000,0.000000,5.000000,0.102823,0
1784327696.522194,ADAPTIVE,TRACKING,262,15.066613,24.975302,0.027711,-0.087883,4.961019,0.000000,0.000000,5.000000,0.100054,0
1784327696.547140,ADAPTIVE,TRACKING,262,14.925124,24.713890,0.025334,-0.084576,4.961224,0.000000,0.000000,5.000000,0.096429,0
1784327696.572193,ADAPTIVE,TRACKING,261,15.010111,24.411246,0.022980,-0.080916,4.961873,0.000000,0.000000,5.000000,0.092353,0
1784327696.597211,ADAPTIVE,TRACKING,261,14.914119,49.335000,0.022980,-0.080916,4.961873,0.000000,0.000000,5.000000,0.092353,0
1784327696.622189,ADAPTIVE,TRACKING,262,15.002191,24.999486,0.020228,-0.076124,4.963298,0.000000,0.000000,5.000000,0.086897,0
1784327696.647212,ADAPTIVE,TRACKING,261,14.861882,24.818800,0.018170,-0.072100,4.964146,0.000000,0.000000,5.000000,0.082548,0
1784327696.672222,ADAPTIVE,TRACKING,262,15.125232,24.519405,0.015367,-0.065383,4.961480,0.000000,0.000000,5.000000,0.077426,0
1784327696.697144,ADAPTIVE,TRACKING,261,14.936919,49.253800,0.015367,-0.065383,4.961480,0.000000,0.000000,5.000000,0.077426,0
1784327696.722183,ADAPTIVE,TRACKING,261,14.869084,24.895242,0.012708,-0.058810,4.959296,0.000000,0.000000,5.000000,0.072642,0
1784327696.747137,ADAPTIVE,TRACKING,261,14.946089,24.964339,0.010173,-0.052387,4.956957,0.000000,0.000000,5.000000,0.068561,0
1784327696.772200,ADAPTIVE,TRACKING,262,14.950647,24.433036,0.007743,-0.046116,4.955544,0.000000,0.000000,5.000000,0.064521,0
1784327696.797203,ADAPTIVE,TRACKING,262,15.035710,49.522880,0.007743,-0.046116,4.955544,0.000000,0.000000,5.000000,0.064521,0
1784327696.822126,ADAPTIVE,TRACKING,262,15.019114,24.831402,0.003331,-0.040061,4.952678,0.000000,0.000000,5.000000,0.062092,0
1784327696.847209,ADAPTIVE,TRACKING,261,14.908067,24.909821,0.000006,-0.035128,4.951336,0.000000,0.000000,5.000000,0.060018,0
1784327696.872200,ADAPTIVE,TRACKING,261,14.978849,24.526656,-0.003195,-0.030077,4.950300,0.000000,0.000000,5.000000,0.058180,0
1784327696.897207,ADAPTIVE,TRACKING,261,15.010444,49.564488,-0.003195,-0.030077,4.950300,0.000000,0.000000,5.000000,0.058180,0
1784327696.922130,ADAPTIVE,TRACKING,261,15.201917,25.037460,-0.006452,-0.024163,4.949194,0.000000,0.000000,5.000000,0.056627,0
1784327696.947197,ADAPTIVE,TRACKING,259,14.806429,24.579441,-0.009715,-0.017503,4.948390,0.000000,0.000000,5.000000,0.055357,0
1784327696.972134,ADAPTIVE,TRACKING,260,14.834067,24.214819,-0.012794,-0.010907,4.948860,0.000000,0.000000,5.000000,0.053832,0
1784327696.997139,ADAPTIVE,TRACKING,260,14.854876,49.238776,-0.012794,-0.010907,4.948860,0.000000,0.000000,5.000000,0.053832,0
1784327697.022187,ADAPTIVE,TRACKING,262,15.016901,25.142785,-0.016350,-0.002788,4.950284,0.000000,0.000000,5.000000,0.052410,0
1784327697.047207,ADAPTIVE,TRACKING,262,14.926939,24.866331,-0.020389,0.004158,4.950293,0.000000,0.000000,5.000000,0.053887,0
1784327697.072087,ADAPTIVE,TRACKING,262,14.951971,24.253446,-0.024644,0.011151,4.950500,0.000000,0.000000,5.000000,0.056408,0
1784327697.097141,ADAPTIVE,TRACKING,262,15.026815,49.379939,-0.024644,0.011151,4.950500,0.000000,0.000000,5.000000,0.056408,0
1784327697.122126,ADAPTIVE,TRACKING,262,14.989531,24.883177,-0.028613,0.017981,4.950994,0.000000,0.000000,5.000000,0.059528,0
1784327697.147150,ADAPTIVE,TRACKING,262,14.986902,24.962800,-0.032278,0.024639,4.951305,0.000000,0.000000,5.000000,0.063405,0
1784327697.172131,ADAPTIVE,TRACKING,261,14.924432,24.403562,-0.037043,0.035275,4.950737,0.000000,0.000000,5.000000,0.071017,0
1784327697.197142,ADAPTIVE,TRACKING,262,14.958160,49.450159,-0.037043,0.035275,4.950737,0.000000,0.000000,5.000000,0.071017,0
1784327697.222208,ADAPTIVE,TRACKING,262,15.080918,25.125206,-0.042364,0.047752,4.951164,0.000000,0.000000,5.000000,0.080374,0
1784327697.247121,ADAPTIVE,TRACKING,261,14.959095,24.723323,-0.046153,0.057106,4.951886,0.000000,0.000000,5.000000,0.087785,0
1784327697.272195,ADAPTIVE,TRACKING,261,14.868698,24.135248,-0.049144,0.065976,4.953411,0.000000,0.000000,5.000000,0.094544,0
1784327697.297194,ADAPTIVE,TRACKING,261,14.898000,49.165054,-0.049144,0.065976,4.953411,0.000000,0.000000,5.000000,0.094544,0
1784327697.322207,ADAPTIVE,TRACKING,262,14.993171,25.038973,-0.050663,0.074338,4.954526,0.000000,0.000000,5.000000,0.100800,0
1784327697.347128,ADAPTIVE,TRACKING,262,14.922717,24.787147,-0.051988,0.082185,4.956236,0.000000,0.000000,5.000000,0.106642,0
1784327697.372191,ADAPTIVE,TRACKING,262,15.014639,24.412924,-0.053093,0.089404,4.958274,0.000000,0.000000,5.000000,0.112040,0
1784327697.397144,ADAPTIVE,TRACKING,262,15.015185,49.368710,-0.053093,0.089404,4.958274,0.000000,0.000000,5.000000,0.112040,0
1784327697.422101,ADAPTIVE,TRACKING,262,15.526109,25.388344,-0.054251,0.097899,4.959771,0.000000,0.000000,5.000000,0.118936,0
1784327697.447137,ADAPTIVE,TRACKING,258,14.818710,24.216549,-0.055015,0.104391,4.959114,0.000000,0.000000,5.000000,0.124883,0
1784327697.472130,ADAPTIVE,TRACKING,258,14.739061,24.122075,-0.055518,0.110222,4.959027,0.000000,0.000000,5.000000,0.130038,0
1784327697.497154,ADAPTIVE,TRACKING,258,14.766095,49.174314,-0.055518,0.110222,4.959027,0.000000,0.000000,5.000000,0.130038,0
1784327697.522123,ADAPTIVE,TRACKING,261,14.949592,25.087537,-0.055742,0.115365,4.959217,0.000000,0.000000,5.000000,0.134460,0
1784327697.547144,ADAPTIVE,TRACKING,262,14.979353,24.982667,-0.055624,0.119835,4.959182,0.000000,0.000000,5.000000,0.138277,0
1784327697.572092,ADAPTIVE,TRACKING,262,14.935937,24.201973,-0.055154,0.123534,4.960296,0.000000,0.000000,5.000000,0.140993,0
1784327697.597143,ADAPTIVE,TRACKING,262,14.982014,49.305892,-0.055154,0.123534,4.960296,0.000000,0.000000,5.000000,0.140993,0
1784327697.622128,ADAPTIVE,TRACKING,262,14.980773,24.910297,-0.054131,0.127108,4.962152,0.000000,0.000000,5.000000,0.143244,0
1784327697.647199,ADAPTIVE,TRACKING,262,14.983507,25.003470,-0.053014,0.129165,4.963463,0.000000,0.000000,5.000000,0.144323,0
1784327697.672193,ADAPTIVE,TRACKING,262,15.004259,24.439548,-0.050945,0.131536,4.960544,0.000000,0.000000,5.000000,0.146472,0
1784327697.697142,ADAPTIVE,TRACKING,262,14.986891,49.374196,-0.050945,0.131536,4.960544,0.000000,0.000000,5.000000,0.146472,0
1784327697.722200,ADAPTIVE,TRACKING,262,15.052636,25.040812,-0.048577,0.133162,4.959769,0.000000,0.000000,5.000000,0.147345,0
1784327697.747142,ADAPTIVE,TRACKING,261,14.884754,24.696308,-0.045914,0.134124,4.960855,0.000000,0.000000,5.000000,0.147070,0
1784327697.772192,ADAPTIVE,TRACKING,262,14.950851,24.314023,-0.043006,0.134465,4.962056,0.000000,0.000000,5.000000,0.146185,0
1784327697.797218,ADAPTIVE,TRACKING,262,14.993718,49.382899,-0.043006,0.134465,4.962056,0.000000,0.000000,5.000000,0.146185,0
1784327697.822203,ADAPTIVE,TRACKING,262,14.949185,24.869248,-0.038986,0.131196,4.959202,0.000000,0.000000,5.000000,0.142817,0
1784327697.847144,ADAPTIVE,TRACKING,262,14.971715,24.890180,-0.035604,0.128180,4.956882,0.000000,0.000000,5.000000,0.139846,0
1784327697.872200,ADAPTIVE,TRACKING,262,14.979436,24.332565,-0.032118,0.124772,4.954868,0.000000,0.000000,5.000000,0.136515,0
1784327697.897204,ADAPTIVE,TRACKING,262,15.018195,49.375385,-0.032118,0.124772,4.954868,0.000000,0.000000,5.000000,0.136515,0
1784327697.922213,ADAPTIVE,TRACKING,262,15.022668,24.934055,-0.028974,0.119460,4.953312,0.000000,0.000000,5.000000,0.131492,0
1784327697.947134,ADAPTIVE,TRACKING,261,14.952528,24.731283,-0.026106,0.112440,4.952713,0.000000,0.000000,5.000000,0.124741,0
1784327697.972203,ADAPTIVE,TRACKING,261,14.890549,24.287083,-0.023150,0.105353,4.953021,0.000000,0.000000,5.000000,0.117653,0
1784327697.997205,ADAPTIVE,TRACKING,262,15.001966,49.400140,-0.023150,0.105353,4.953021,0.000000,0.000000,5.000000,0.117653,0
1784327698.022198,ADAPTIVE,TRACKING,262,15.044233,24.969639,-0.019307,0.096509,4.953539,0.000000,0.000000,5.000000,0.108836,0
1784327698.047091,ADAPTIVE,TRACKING,262,14.922399,24.701522,-0.016695,0.089695,4.952222,0.000000,0.000000,5.000000,0.102988,0
1784327698.072187,ADAPTIVE,TRACKING,262,14.990877,24.460472,-0.014240,0.083014,4.951066,0.000000,0.000000,5.000000,0.097409,0
1784327698.097139,ADAPTIVE,TRACKING,262,14.981685,49.406631,-0.014240,0.083014,4.951066,0.000000,0.000000,5.000000,0.097409,0
1784327698.122196,ADAPTIVE,TRACKING,262,15.011061,25.013641,-0.011165,0.074715,4.949565,0.000000,0.000000,5.000000,0.090833,0
1784327698.147143,ADAPTIVE,TRACKING,262,15.030117,24.905504,-0.009405,0.069708,4.948805,0.000000,0.000000,5.000000,0.086998,0
1784327698.172124,ADAPTIVE,TRACKING,261,14.899539,24.165634,-0.008091,0.062648,4.945295,0.000000,0.000000,5.000000,0.083563,0
1784327698.197195,ADAPTIVE,TRACKING,262,15.025437,49.366645,-0.008091,0.062648,4.945295,0.000000,0.000000,5.000000,0.083563,0
1784327698.222097,ADAPTIVE,TRACKING,261,15.085302,24.890828,-0.006413,0.053777,4.941358,0.000000,0.000000,5.000000,0.079825,0
1784327698.247090,ADAPTIVE,TRACKING,261,14.944808,24.785915,-0.005021,0.046633,4.939445,0.000000,0.000000,5.000000,0.076595,0
1784327698.272196,ADAPTIVE,TRACKING,261,14.976210,24.279760,-0.003411,0.039972,4.938493,0.000000,0.000000,5.000000,0.073433,0
1784327698.297205,ADAPTIVE,TRACKING,260,14.857889,49.173205,-0.003411,0.039972,4.938493,0.000000,0.000000,5.000000,0.073433,0
1784327698.322188,ADAPTIVE,TRACKING,261,14.911063,24.968138,-0.001337,0.034733,4.937965,0.000000,0.000000,5.000000,0.071109,0
1784327698.347231,ADAPTIVE,TRACKING,262,15.019287,25.091253,0.000769,0.029480,4.938352,0.000000,0.000000,5.000000,0.068339,0
1784327698.372215,ADAPTIVE,TRACKING,262,15.032754,24.480480,0.002906,0.024286,4.938505,0.000000,0.000000,5.000000,0.066181,0
1784327698.397217,ADAPTIVE,TRACKING,261,15.038015,49.490412,0.002906,0.024286,4.938505,0.000000,0.000000,5.000000,0.066181,0
1784327698.422138,ADAPTIVE,TRACKING,261,15.482748,25.268236,0.005117,0.018487,4.940681,0.000000,0.000000,5.000000,0.062344,0
1784327698.447211,ADAPTIVE,TRACKING,258,14.732650,24.200004,0.006289,0.014595,4.945692,0.000000,0.000000,5.000000,0.056586,0
1784327698.472142,ADAPTIVE,TRACKING,258,14.693355,24.080176,0.007458,0.010708,4.950770,0.000000,0.000000,5.000000,0.050930,0
1784327698.497219,ADAPTIVE,TRACKING,259,14.871186,49.336621,0.007458,0.010708,4.950770,0.000000,0.000000,5.000000,0.050930,0
1784327698.522205,ADAPTIVE,TRACKING,262,15.018941,25.063862,0.008583,0.006850,4.955627,0.000000,0.000000,5.000000,0.045711,0
1784327698.547094,ADAPTIVE,TRACKING,262,15.037259,24.842923,0.008430,0.003140,4.959255,0.000000,0.000000,5.000000,0.041726,0
1784327698.572197,ADAPTIVE,TRACKING,261,15.021657,24.462618,0.008073,-0.000596,4.962130,0.000000,0.000000,5.000000,0.038726,0
1784327698.597210,ADAPTIVE,TRACKING,261,14.945652,49.399223,0.008073,-0.000596,4.962130,0.000000,0.000000,5.000000,0.038726,0
1784327698.622190,ADAPTIVE,TRACKING,261,15.257369,25.230168,0.007766,-0.005260,4.965808,0.000000,0.000000,5.000000,0.035455,0
1784327698.647227,ADAPTIVE,TRACKING,259,14.802333,24.511559,0.007637,-0.008935,4.968668,0.000000,0.000000,5.000000,0.033465,0
1784327698.672215,ADAPTIVE,TRACKING,260,14.890736,24.259787,0.004369,-0.011701,4.971556,0.000000,0.000000,5.000000,0.031066,0
1784327698.697213,ADAPTIVE,TRACKING,260,15.415703,49.784351,0.004369,-0.011701,4.971556,0.000000,0.000000,5.000000,0.031066,0
1784327698.722190,ADAPTIVE,TRACKING,259,14.866928,24.346524,0.001267,-0.014343,4.975580,0.000000,0.000000,5.000000,0.028349,0
1784327698.747215,ADAPTIVE,TRACKING,258,14.730002,24.820400,-0.001656,-0.016830,4.979457,0.000000,0.000000,5.000000,0.026609,0
1784327698.772146,ADAPTIVE,TRACKING,258,14.811241,24.220195,-0.004373,-0.019119,4.982946,0.000000,0.000000,5.000000,0.025990,0
1784327698.797217,ADAPTIVE,TRACKING,261,14.939186,49.421233,-0.004373,-0.019119,4.982946,0.000000,0.000000,5.000000,0.025990,0
1784327698.822196,ADAPTIVE,TRACKING,262,15.075166,25.045262,-0.008419,-0.020843,4.990693,0.000000,0.000000,5.000000,0.024330,0
1784327698.847205,ADAPTIVE,TRACKING,261,14.971869,24.839736,-0.011275,-0.022207,4.996255,0.000000,0.000000,5.000000,0.025185,0
1784327698.872197,ADAPTIVE,TRACKING,261,14.915359,24.417986,-0.013837,-0.023506,5.000875,0.000000,0.000000,5.000000,0.027290,0
1784327698.897205,ADAPTIVE,TRACKING,261,15.005603,49.518051,-0.013837,-0.023506,5.000875,0.000000,0.000000,5.000000,0.027290,0
1784327698.922132,ADAPTIVE,TRACKING,261,15.007978,24.831299,-0.015641,-0.024337,5.002955,0.000000,0.000000,5.000000,0.029080,0
1784327698.947148,ADAPTIVE,TRACKING,261,14.915237,24.813222,-0.016763,-0.024772,5.002963,0.000000,0.000000,5.000000,0.030057,0
1784327698.972206,ADAPTIVE,TRACKING,261,14.898248,24.382403,-0.017730,-0.025244,5.003740,0.000000,0.000000,5.000000,0.031074,0
1784327698.997225,ADAPTIVE,TRACKING,262,14.923660,49.428827,-0.017730,-0.025244,5.003740,0.000000,0.000000,5.000000,0.031074,0
1784327699.022200,ADAPTIVE,TRACKING,262,14.938110,24.925396,-0.018784,-0.025871,5.005433,0.000000,0.000000,5.000000,0.032429,0
1784327699.047141,ADAPTIVE,TRACKING,263,14.981101,24.923332,-0.020524,-0.025777,5.005136,0.000000,0.000000,5.000000,0.033348,0
1784327699.072198,ADAPTIVE,TRACKING,263,15.015764,24.483530,-0.022335,-0.025550,5.004903,0.000000,0.000000,5.000000,0.034289,0
1784327699.097141,ADAPTIVE,TRACKING,263,14.995190,49.408215,-0.022335,-0.025550,5.004903,0.000000,0.000000,5.000000,0.034289,0
1784327699.122203,ADAPTIVE,TRACKING,263,15.644256,25.644480,-0.023833,-0.025317,5.004758,0.000000,0.000000,5.000000,0.035094,0
1784327699.147090,ADAPTIVE,TRACKING,259,15.263741,24.436547,-0.025019,-0.024967,5.004470,0.000000,0.000000,5.000000,0.035627,0
1784327699.172126,ADAPTIVE,TRACKING,256,15.008019,24.353799,-0.026350,-0.027600,5.003788,0.000000,0.000000,5.000000,0.038347,0
1784327699.197116,ADAPTIVE,TRACKING,254,15.043354,49.380816,-0.026350,-0.027600,5.003788,0.000000,0.000000,5.000000,0.038347,0
1784327699.222123,ADAPTIVE,TRACKING,254,14.860974,24.733477,-0.027738,-0.030287,5.003102,0.000000,0.000000,5.000000,0.041187,0
1784327699.247092,ADAPTIVE,TRACKING,255,15.009079,25.060141,-0.028597,-0.032038,5.002553,0.000000,0.000000,5.000000,0.043020,0
1784327699.272085,ADAPTIVE,TRACKING,254,14.954927,24.273886,-0.029056,-0.033761,5.001730,0.000000,0.000000,5.000000,0.044576,0
1784327699.297097,ADAPTIVE,TRACKING,255,15.017860,49.351507,-0.029056,-0.033761,5.001730,0.000000,0.000000,5.000000,0.044576,0
1784327699.322130,ADAPTIVE,TRACKING,254,15.005372,24.947559,-0.028809,-0.035968,5.000055,0.000000,0.000000,5.000000,0.046084,0
1784327699.347094,ADAPTIVE,TRACKING,254,14.908797,24.792300,-0.028501,-0.037942,4.998455,0.000000,0.000000,5.000000,0.047479,0
1784327699.372129,ADAPTIVE,TRACKING,254,14.870952,24.312967,-0.028116,-0.039688,4.996959,0.000000,0.000000,5.000000,0.048733,0
1784327699.397088,ADAPTIVE,TRACKING,255,14.975883,49.379766,-0.028116,-0.039688,4.996959,0.000000,0.000000,5.000000,0.048733,0
1784327699.422134,ADAPTIVE,TRACKING,255,15.265594,25.259218,-0.027955,-0.040396,4.994987,0.000000,0.000000,5.000000,0.049380,0
1784327699.447101,ADAPTIVE,TRACKING,254,14.915812,24.508467,-0.028129,-0.039586,4.993235,0.000000,0.000000,5.000000,0.049031,0
1784327699.472127,ADAPTIVE,TRACKING,253,15.219560,24.705925,-0.028072,-0.038762,4.991622,0.000000,0.000000,5.000000,0.048587,0
1784327699.497145,ADAPTIVE,TRACKING,251,14.430014,48.936149,-0.028072,-0.038762,4.991622,0.000000,0.000000,5.000000,0.048587,0
1784327699.522095,ADAPTIVE,TRACKING,255,14.638435,25.081679,-0.027744,-0.037864,4.990292,0.000000,0.000000,5.000000,0.047934,0
1784327699.547230,ADAPTIVE,TRACKING,257,14.717576,25.152945,-0.027610,-0.040677,4.986679,0.000000,0.000000,5.000000,0.050935,0
1784327699.572130,ADAPTIVE,TRACKING,261,14.917579,24.327913,-0.027319,-0.044159,4.982705,0.000000,0.000000,5.000000,0.054731,0
1784327699.597222,ADAPTIVE,TRACKING,261,14.950795,49.457298,-0.027319,-0.044159,4.982705,0.000000,0.000000,5.000000,0.054731,0
1784327699.622132,ADAPTIVE,TRACKING,262,15.069343,24.954615,-0.026531,-0.047556,4.979025,0.000000,0.000000,5.000000,0.058356,0
1784327699.647152,ADAPTIVE,TRACKING,261,14.937690,24.823778,-0.025646,-0.049527,4.977594,0.000000,0.000000,5.000000,0.060105,0
1784327699.672129,ADAPTIVE,TRACKING,261,14.882305,24.315318,-0.026139,-0.050140,4.975138,0.000000,0.000000,5.000000,0.061769,0
1784327699.697227,ADAPTIVE,TRACKING,261,14.960898,49.494190,-0.026139,-0.050140,4.975138,0.000000,0.000000,5.000000,0.061769,0
1784327699.722203,ADAPTIVE,TRACKING,262,14.983253,24.908857,-0.026427,-0.050456,4.973022,0.000000,0.000000,5.000000,0.063024,0
1784327699.747131,ADAPTIVE,TRACKING,262,14.939917,24.818608,-0.026530,-0.050449,4.971012,0.000000,0.000000,5.000000,0.063947,0
1784327699.772095,ADAPTIVE,TRACKING,262,14.965249,24.344677,-0.026513,-0.050154,4.968978,0.000000,0.000000,5.000000,0.064658,0
1784327699.797146,ADAPTIVE,TRACKING,262,14.987482,49.418798,-0.026513,-0.050154,4.968978,0.000000,0.000000,5.000000,0.064658,0
1784327699.822131,ADAPTIVE,TRACKING,262,14.961309,24.890572,-0.028152,-0.051097,4.969088,0.000000,0.000000,5.000000,0.066023,0
1784327699.847139,ADAPTIVE,TRACKING,262,14.930477,24.919551,-0.029274,-0.051486,4.970225,0.000000,0.000000,5.000000,0.066290,0
1784327699.872196,ADAPTIVE,TRACKING,262,14.910816,24.311370,-0.030202,-0.051591,4.971250,0.000000,0.000000,5.000000,0.066335,0
1784327699.897209,ADAPTIVE,TRACKING,263,15.394443,49.809346,-0.030202,-0.051591,4.971250,0.000000,0.000000,5.000000,0.066335,0
1784327699.922137,ADAPTIVE,TRACKING,260,15.127243,24.562666,-0.030989,-0.050935,4.971688,0.000000,0.000000,5.000000,0.066002,0
1784327699.947132,ADAPTIVE,TRACKING,259,15.106707,24.876917,-0.031588,-0.049625,4.971107,0.000000,0.000000,5.000000,0.065538,0
1784327699.972094,ADAPTIVE,TRACKING,257,15.170394,24.589769,-0.031975,-0.048062,4.971122,0.000000,0.000000,5.000000,0.064547,0
1784327699.997146,ADAPTIVE,TRACKING,256,15.678748,50.149900,-0.031975,-0.048062,4.971122,0.000000,0.000000,5.000000,0.064547,0
1784327700.022098,ADAPTIVE,TRACKING,251,14.708186,23.897755,-0.032200,-0.045857,4.970683,0.000000,0.000000,5.000000,0.063239,0
1784327700.047142,ADAPTIVE,TRACKING,251,14.710034,24.972994,-0.032330,-0.044346,4.967728,0.000000,0.000000,5.000000,0.063665,0
1784327700.072090,ADAPTIVE,TRACKING,252,14.777652,24.233063,-0.032312,-0.042814,4.964516,0.000000,0.000000,5.000000,0.064314,0
1784327700.097139,ADAPTIVE,TRACKING,255,14.992496,49.497145,-0.032312,-0.042814,4.964516,0.000000,0.000000,5.000000,0.064314,0
1784327700.122095,ADAPTIVE,TRACKING,255,14.977151,24.873606,-0.032090,-0.041130,4.961596,0.000000,0.000000,5.000000,0.064779,0
1784327700.147141,ADAPTIVE,TRACKING,255,14.974475,24.977946,-0.031691,-0.039293,4.958625,0.000000,0.000000,5.000000,0.065270,0
1784327700.172129,ADAPTIVE,TRACKING,255,14.852447,24.243430,-0.032096,-0.036179,4.954568,0.000000,0.000000,5.000000,0.066356,0
1784327700.197134,ADAPTIVE,TRACKING,256,14.685741,49.083507,-0.032096,-0.036179,4.954568,0.000000,0.000000,5.000000,0.066356,0
1784327700.222192,ADAPTIVE,TRACKING,258,14.802726,25.100223,-0.032263,-0.032136,4.950847,0.000000,0.000000,5.000000,0.067005,0
1784327700.247133,ADAPTIVE,TRACKING,260,14.870035,24.947735,-0.032136,-0.028727,4.948498,0.000000,0.000000,5.000000,0.067160,0
1784327700.272130,ADAPTIVE,TRACKING,261,14.899399,24.228107,-0.031583,-0.024852,4.948017,0.000000,0.000000,5.000000,0.065706,0
1784327700.297228,ADAPTIVE,TRACKING,262,14.997482,49.427745,-0.031583,-0.024852,4.948017,0.000000,0.000000,5.000000,0.065706,0
1784327700.322206,ADAPTIVE,TRACKING,262,14.990047,24.898770,-0.030139,-0.020096,4.949341,0.000000,0.000000,5.000000,0.062278,0
1784327700.347097,ADAPTIVE,TRACKING,262,14.988076,24.828802,-0.028608,-0.015442,4.951519,0.000000,0.000000,5.000000,0.058372,0
1784327700.372131,ADAPTIVE,TRACKING,262,15.028348,24.360514,-0.026977,-0.010900,4.953690,0.000000,0.000000,5.000000,0.054692,0
1784327700.397145,ADAPTIVE,TRACKING,261,15.001900,49.348809,-0.026977,-0.010900,4.953690,0.000000,0.000000,5.000000,0.054692,0
1784327700.422149,ADAPTIVE,TRACKING,261,15.478012,25.381781,-0.024375,-0.006396,4.957586,0.000000,0.000000,5.000000,0.049335,0
1784327700.447217,ADAPTIVE,TRACKING,258,14.676134,24.157096,-0.021828,-0.004052,4.960877,0.000000,0.000000,5.000000,0.044983,0
1784327700.472197,ADAPTIVE,TRACKING,259,14.804004,24.156286,-0.019383,-0.001669,4.963732,0.000000,0.000000,5.000000,0.041156,0
1784327700.497218,ADAPTIVE,TRACKING,259,15.164219,49.539798,-0.019383,-0.001669,4.963732,0.000000,0.000000,5.000000,0.041156,0
1784327700.522191,ADAPTIVE,TRACKING,260,14.934638,24.677860,-0.017020,0.000758,4.966261,0.000000,0.000000,5.000000,0.037796,0
1784327700.547134,ADAPTIVE,TRACKING,259,14.816758,24.757113,-0.014886,0.002595,4.968578,0.000000,0.000000,5.000000,0.034866,0
1784327700.572137,ADAPTIVE,TRACKING,259,14.796110,24.284756,-0.012746,0.004339,4.970191,0.000000,0.000000,5.000000,0.032708,0
1784327700.597149,ADAPTIVE,TRACKING,261,14.977714,49.481325,-0.012746,0.004339,4.970191,0.000000,0.000000,5.000000,0.032708,0
1784327700.622195,ADAPTIVE,TRACKING,262,15.063282,25.066393,-0.009878,0.006642,4.970958,0.000000,0.000000,5.000000,0.031387,0
1784327700.647225,ADAPTIVE,TRACKING,261,14.917312,24.813561,-0.007486,0.008459,4.971418,0.000000,0.000000,5.000000,0.030733,0
1784327700.672208,ADAPTIVE,TRACKING,261,14.934305,24.472916,-0.004456,0.008074,4.970863,0.000000,0.000000,5.000000,0.030562,0
1784327700.697148,ADAPTIVE,TRACKING,261,14.898385,49.378468,-0.004456,0.008074,4.970863,0.000000,0.000000,5.000000,0.030562,0
1784327700.722203,ADAPTIVE,TRACKING,262,14.884269,24.957184,-0.001421,0.007820,4.970692,0.000000,0.000000,5.000000,0.030366,0
1784327700.747134,ADAPTIVE,TRACKING,262,14.895155,24.871912,0.001568,0.007685,4.970803,0.000000,0.000000,5.000000,0.030232,0
1784327700.772132,ADAPTIVE,TRACKING,263,14.925939,24.231050,0.004600,0.007726,4.971449,0.000000,0.000000,5.000000,0.029933,0
1784327700.797210,ADAPTIVE,TRACKING,264,15.141113,49.528341,0.004600,0.007726,4.971449,0.000000,0.000000,5.000000,0.029933,0
1784327700.822208,ADAPTIVE,TRACKING,263,15.056457,24.840832,0.007480,0.009921,4.970914,0.000000,0.000000,5.000000,0.031629,0
1784327700.847099,ADAPTIVE,TRACKING,262,15.032381,24.807250,0.009778,0.011809,4.969821,0.000000,0.000000,5.000000,0.033850,0
1784327700.872194,ADAPTIVE,TRACKING,261,14.963363,24.440020,0.011947,0.013691,4.969638,0.000000,0.000000,5.000000,0.035384,0
1784327700.897145,ADAPTIVE,TRACKING,261,14.939514,49.368876,0.011947,0.013691,4.969638,0.000000,0.000000,5.000000,0.035384,0
1784327700.922150,ADAPTIVE,TRACKING,261,14.991370,24.972456,0.013855,0.016384,4.969836,0.000000,0.000000,5.000000,0.037017,0
1784327700.947147,ADAPTIVE,TRACKING,261,14.866597,24.740746,0.015527,0.019769,4.969531,0.000000,0.000000,5.000000,0.039500,0
1784327700.972135,ADAPTIVE,TRACKING,262,14.922520,24.248927,0.017119,0.023004,4.969446,0.000000,0.000000,5.000000,0.041902,0
1784327700.997214,ADAPTIVE,TRACKING,262,14.942460,49.349857,0.017119,0.023004,4.969446,0.000000,0.000000,5.000000,0.041902,0
1784327701.022205,ADAPTIVE,TRACKING,263,15.015819,24.999199,0.018914,0.026830,4.969239,0.000000,0.000000,5.000000,0.044987,0
1784327701.047147,ADAPTIVE,TRACKING,263,15.061386,24.924692,0.019808,0.029161,4.967269,0.000000,0.000000,5.000000,0.048105,0
1784327701.072209,ADAPTIVE,TRACKING,262,14.947503,24.300786,0.020462,0.031219,4.965015,0.000000,0.000000,5.000000,0.051159,0
1784327701.097155,ADAPTIVE,TRACKING,262,14.959370,49.259947,0.020462,0.031219,4.965015,0.000000,0.000000,5.000000,0.051159,0
1784327701.122217,ADAPTIVE,TRACKING,262,14.995278,25.030476,0.020909,0.033097,4.963301,0.000000,0.000000,5.000000,0.053660,0
1784327701.147152,ADAPTIVE,TRACKING,262,14.948430,24.828661,0.021249,0.034883,4.961823,0.000000,0.000000,5.000000,0.055910,0
1784327701.172132,ADAPTIVE,TRACKING,262,15.001646,24.228826,0.022817,0.036736,4.959407,0.000000,0.000000,5.000000,0.059312,0
1784327701.197155,ADAPTIVE,TRACKING,262,14.982490,49.234454,0.022817,0.036736,4.959407,0.000000,0.000000,5.000000,0.059312,0
1784327701.222195,ADAPTIVE,TRACKING,262,15.072802,25.061956,0.024365,0.038827,4.958286,0.000000,0.000000,5.000000,0.061978,0
1784327701.247147,ADAPTIVE,TRACKING,261,14.942970,24.755369,0.025318,0.040305,4.958951,0.000000,0.000000,5.000000,0.062853,0
1784327701.272203,ADAPTIVE,TRACKING,261,14.918702,24.326197,0.025295,0.041465,4.960656,0.000000,0.000000,5.000000,0.062507,0
1784327701.297218,ADAPTIVE,TRACKING,261,14.959505,49.384591,0.025295,0.041465,4.960656,0.000000,0.000000,5.000000,0.062507,0
1784327701.322204,ADAPTIVE,TRACKING,262,15.067645,25.030934,0.022903,0.042045,4.963910,0.000000,0.000000,5.000000,0.059957,0
1784327701.347221,ADAPTIVE,TRACKING,261,14.895725,24.785624,0.020606,0.042559,4.966895,0.000000,0.000000,5.000000,0.057722,0
1784327701.372209,ADAPTIVE,TRACKING,261,15.038823,24.552982,0.018389,0.043062,4.969439,0.000000,0.000000,5.000000,0.055915,0
1784327701.397218,ADAPTIVE,TRACKING,261,14.905593,49.429776,0.018389,0.043062,4.969439,0.000000,0.000000,5.000000,0.055915,0
1784327701.422157,ADAPTIVE,TRACKING,261,15.036495,24.989170,0.015707,0.043937,4.972047,0.000000,0.000000,5.000000,0.054393,0
1784327701.447142,ADAPTIVE,TRACKING,261,14.876157,24.716739,0.013618,0.044788,4.972898,0.000000,0.000000,5.000000,0.054092,0
1784327701.472222,ADAPTIVE,TRACKING,262,14.946078,24.416355,0.011620,0.045440,4.974109,0.000000,0.000000,5.000000,0.053574,0
1784327701.497217,ADAPTIVE,TRACKING,262,15.080192,49.546373,0.011620,0.045440,4.974109,0.000000,0.000000,5.000000,0.053574,0
1784327701.522210,ADAPTIVE,TRACKING,262,14.975866,24.821302,0.009701,0.045875,4.975546,0.000000,0.000000,5.000000,0.052883,0
1784327701.547100,ADAPTIVE,TRACKING,261,14.964589,24.807339,0.007604,0.044609,4.975110,0.000000,0.000000,5.000000,0.051646,0
1784327701.572211,ADAPTIVE,TRACKING,261,14.941273,24.299255,0.005535,0.042831,4.975095,0.000000,0.000000,5.000000,0.049854,0
1784327701.597221,ADAPTIVE,TRACKING,262,14.992411,49.359410,0.005535,0.042831,4.975095,0.000000,0.000000,5.000000,0.049854,0
1784327701.622105,ADAPTIVE,TRACKING,261,15.020938,24.825003,0.003187,0.040532,4.975193,0.000000,0.000000,5.000000,0.047628,0
1784327701.647222,ADAPTIVE,TRACKING,261,14.899908,24.910241,0.001433,0.038620,4.974795,0.000000,0.000000,5.000000,0.046140,0
1784327701.672207,ADAPTIVE,TRACKING,261,14.920232,24.390449,0.000067,0.035343,4.972463,0.000000,0.000000,5.000000,0.044805,0
1784327701.697219,ADAPTIVE,TRACKING,261,15.447042,49.930401,0.000067,0.035343,4.972463,0.000000,0.000000,5.000000,0.044805,0
1784327701.722195,ADAPTIVE,TRACKING,259,14.816129,24.266108,-0.001246,0.032108,4.969678,0.000000,0.000000,5.000000,0.044180,0
1784327701.747226,ADAPTIVE,TRACKING,259,14.753529,24.902841,-0.002526,0.028821,4.966764,0.000000,0.000000,5.000000,0.044065,0
1784327701.772214,ADAPTIVE,TRACKING,259,14.887910,24.357440,-0.003726,0.025519,4.964296,0.000000,0.000000,5.000000,0.044044,0
1784327701.797208,ADAPTIVE,TRACKING,262,15.027355,49.492459,-0.003726,0.025519,4.964296,0.000000,0.000000,5.000000,0.044044,0
1784327701.822196,ADAPTIVE,TRACKING,261,15.003409,24.890195,-0.006290,0.022691,4.959210,0.000000,0.000000,5.000000,0.047099,0
1784327701.847207,ADAPTIVE,TRACKING,261,14.910101,24.852580,-0.008162,0.020351,4.955144,0.000000,0.000000,5.000000,0.049928,0
1784327701.872105,ADAPTIVE,TRACKING,261,15.133654,24.429781,-0.009918,0.017995,4.951060,0.000000,0.000000,5.000000,0.053079,0
1784327701.897209,ADAPTIVE,TRACKING,260,14.928412,49.331186,-0.009918,0.017995,4.951060,0.000000,0.000000,5.000000,0.053079,0
1784327701.922145,ADAPTIVE,TRACKING,260,14.956907,24.876512,-0.012986,0.016243,4.945515,0.000000,0.000000,5.000000,0.058319,0
1784327701.947216,ADAPTIVE,TRACKING,260,14.890827,24.894188,-0.017208,0.014957,4.939173,0.000000,0.000000,5.000000,0.064960,0
1784327701.972203,ADAPTIVE,TRACKING,261,14.935353,24.353141,-0.021173,0.013470,4.933891,0.000000,0.000000,5.000000,0.070712,0
1784327701.997151,ADAPTIVE,TRACKING,261,14.935527,49.301573,-0.021173,0.013470,4.933891,0.000000,0.000000,5.000000,0.070712,0
1784327702.022204,ADAPTIVE,TRACKING,262,15.187386,25.240613,-0.025669,0.011556,4.928246,0.000000,0.000000,5.000000,0.077078,0
1784327702.047210,ADAPTIVE,TRACKING,260,14.885426,24.640490,-0.028147,0.008874,4.924265,0.000000,0.000000,5.000000,0.081282,0
1784327702.072201,ADAPTIVE,TRACKING,260,14.885502,24.290964,-0.030154,0.005879,4.920702,0.000000,0.000000,5.000000,0.085042,0
1784327702.097209,ADAPTIVE,TRACKING,260,14.935094,49.351243,-0.030154,0.005879,4.920702,0.000000,0.000000,5.000000,0.085042,0
1784327702.122198,ADAPTIVE,TRACKING,261,14.914395,24.898969,-0.031940,0.002947,4.919676,0.000000,0.000000,5.000000,0.086491,0
1784327702.147146,ADAPTIVE,TRACKING,261,15.660088,25.634779,-0.033469,0.000050,4.920718,0.000000,0.000000,5.000000,0.086057,0
1784327702.172211,ADAPTIVE,TRACKING,257,14.696728,24.015492,-0.034427,-0.002971,4.919683,0.000000,0.000000,5.000000,0.087435,0
1784327702.197221,ADAPTIVE,TRACKING,258,14.985228,49.312144,-0.034427,-0.002971,4.919683,0.000000,0.000000,5.000000,0.087435,0
1784327702.222208,ADAPTIVE,TRACKING,256,14.702821,24.637926,-0.035344,-0.006527,4.921193,0.000000,0.000000,5.000000,0.086617,0
1784327702.247215,ADAPTIVE,TRACKING,260,14.878930,25.119204,-0.035907,-0.009123,4.923173,0.000000,0.000000,5.000000,0.085293,0
1784327702.272207,ADAPTIVE,TRACKING,260,14.885911,24.239321,-0.036995,-0.012138,4.925108,0.000000,0.000000,5.000000,0.084408,0
1784327702.297220,ADAPTIVE,TRACKING,261,14.919584,49.289499,-0.036995,-0.012138,4.925108,0.000000,0.000000,5.000000,0.084408,0
1784327702.322234,ADAPTIVE,TRACKING,262,15.160485,25.193723,-0.039950,-0.016554,4.926759,0.000000,0.000000,5.000000,0.085054,0
1784327702.347135,ADAPTIVE,TRACKING,261,14.881071,24.558428,-0.042483,-0.020604,4.929888,0.000000,0.000000,5.000000,0.084528,0
1784327702.372235,ADAPTIVE,TRACKING,261,14.969878,24.516956,-0.044711,-0.024318,4.933390,0.000000,0.000000,5.000000,0.083830,0
1784327702.397157,ADAPTIVE,TRACKING,261,14.983450,49.455208,-0.044711,-0.024318,4.933390,0.000000,0.000000,5.000000,0.083830,0
1784327702.422161,ADAPTIVE,TRACKING,261,15.659877,25.601539,-0.047327,-0.028164,4.937950,0.000000,0.000000,5.000000,0.082965,0
1784327702.447146,ADAPTIVE,TRACKING,257,14.687091,23.899534,-0.049391,-0.030593,4.940643,0.000000,0.000000,5.000000,0.083058,0
1784327702.472217,ADAPTIVE,TRACKING,257,14.714942,24.207087,-0.051307,-0.032857,4.943768,0.000000,0.000000,5.000000,0.082910,0
1784327702.497225,ADAPTIVE,TRACKING,258,14.750244,49.252224,-0.051307,-0.032857,4.943768,0.000000,0.000000,5.000000,0.082910,0
1784327702.522207,ADAPTIVE,TRACKING,262,15.018533,25.185029,-0.053031,-0.035011,4.947423,0.000000,0.000000,5.000000,0.082477,0
1784327702.547210,ADAPTIVE,TRACKING,262,15.017390,24.933182,-0.056260,-0.038311,4.948777,0.000000,0.000000,5.000000,0.085186,0
1784327702.572202,ADAPTIVE,TRACKING,261,14.886997,24.286201,-0.059566,-0.041652,4.949566,0.000000,0.000000,5.000000,0.088468,0
1784327702.597230,ADAPTIVE,TRACKING,262,14.958922,49.389915,-0.059566,-0.041652,4.949566,0.000000,0.000000,5.000000,0.088468,0
1784327702.622208,ADAPTIVE,TRACKING,262,15.025829,24.975500,-0.062940,-0.045245,4.951522,0.000000,0.000000,5.000000,0.091426,0
1784327702.647142,ADAPTIVE,TRACKING,262,15.013367,24.854442,-0.064998,-0.047642,4.953296,0.000000,0.000000,5.000000,0.093144,0
1784327702.672144,ADAPTIVE,TRACKING,262,15.009012,24.417013,-0.067085,-0.050474,4.952394,0.000000,0.000000,5.000000,0.096511,0
1784327702.697143,ADAPTIVE,TRACKING,261,15.761112,18.206948,-0.068655,-0.052891,4.951302,0.000000,0.000000,5.000000,0.099411,0
1784327702.722207,ADAPTIVE,TRACKING,257,14.719108,42.227504,-0.068655,-0.052891,4.951302,0.000000,0.000000,5.000000,0.099411,0
1784327702.747104,ADAPTIVE,TRACKING,257,14.789253,24.902778,-0.069785,-0.054822,4.950776,0.000000,0.000000,5.000000,0.101481,0
1784327702.772215,ADAPTIVE,TRACKING,256,14.648232,23.951504,-0.070413,-0.056285,4.952333,0.000000,0.000000,5.000000,0.101971,0
1784327702.797132,ADAPTIVE,TRACKING,261,14.979709,17.480634,-0.070650,-0.053745,4.952923,0.000000,0.000000,5.000000,0.100480,0
1784327702.822206,ADAPTIVE,TRACKING,261,14.912375,42.486130,-0.070650,-0.053745,4.952923,0.000000,0.000000,5.000000,0.100480,0
1784327702.847209,ADAPTIVE,TRACKING,262,14.936762,24.960484,-0.070403,-0.050410,4.954592,0.000000,0.000000,5.000000,0.097773,0
1784327702.872211,ADAPTIVE,TRACKING,262,15.073655,24.525864,-0.069834,-0.047578,4.955556,0.000000,0.000000,5.000000,0.095476,0
1784327702.897215,ADAPTIVE,TRACKING,262,15.002813,17.578912,-0.068426,-0.044826,4.955829,0.000000,0.000000,5.000000,0.092966,0
1784327702.922150,ADAPTIVE,TRACKING,261,15.034031,42.547450,-0.068426,-0.044826,4.955829,0.000000,0.000000,5.000000,0.092966,0
1784327702.947137,ADAPTIVE,TRACKING,261,14.898466,24.741771,-0.066253,-0.042223,4.955240,0.000000,0.000000,5.000000,0.090420,0
1784327702.972140,ADAPTIVE,TRACKING,261,14.877379,24.196299,-0.063846,-0.039634,4.954741,0.000000,0.000000,5.000000,0.087724,0
1784327702.997221,ADAPTIVE,TRACKING,262,15.024894,17.573868,-0.061221,-0.037008,4.953858,0.000000,0.000000,5.000000,0.085127,0
1784327703.022213,ADAPTIVE,TRACKING,262,14.985784,42.525249,-0.061221,-0.037008,4.953858,0.000000,0.000000,5.000000,0.085127,0
1784327703.047227,ADAPTIVE,TRACKING,262,14.981815,24.948759,-0.057516,-0.034220,4.950799,0.000000,0.000000,5.000000,0.083065,0
1784327703.072230,ADAPTIVE,TRACKING,262,15.068026,24.443652,-0.054277,-0.032115,4.949219,0.000000,0.000000,5.000000,0.080970,0
1784327703.097136,ADAPTIVE,TRACKING,261,14.930467,17.370458,-0.050834,-0.029805,4.948777,0.000000,0.000000,5.000000,0.078078,0
1784327703.122201,ADAPTIVE,TRACKING,261,14.869460,42.368326,-0.050834,-0.029805,4.948777,0.000000,0.000000,5.000000,0.078078,0
1784327703.147157,ADAPTIVE,TRACKING,262,14.967302,24.991489,-0.047183,-0.027357,4.949355,0.000000,0.000000,5.000000,0.074428,0
1784327703.172210,ADAPTIVE,TRACKING,262,14.905767,24.308991,-0.043651,-0.022826,4.950075,0.000000,0.000000,5.000000,0.070135,0
1784327703.197208,ADAPTIVE,TRACKING,263,14.940808,17.467279,-0.039947,-0.018386,4.950643,0.000000,0.000000,5.000000,0.066106,0
1784327703.222199,ADAPTIVE,TRACKING,263,15.035572,42.551234,-0.039947,-0.018386,4.950643,0.000000,0.000000,5.000000,0.066106,0
1784327703.247224,ADAPTIVE,TRACKING,263,15.110625,25.032813,-0.035166,-0.012982,4.950113,0.000000,0.000000,5.000000,0.062401,0
1784327703.272102,ADAPTIVE,TRACKING,262,15.088135,24.299959,-0.031154,-0.008840,4.949763,0.000000,0.000000,5.000000,0.059770,0
1784327703.297228,ADAPTIVE,TRACKING,261,14.973452,17.414373,-0.026944,-0.005154,4.949852,0.000000,0.000000,5.000000,0.057161,0
1784327703.322218,ADAPTIVE,TRACKING,261,15.010819,42.441461,-0.026944,-0.005154,4.949852,0.000000,0.000000,5.000000,0.057161,0
1784327703.347144,ADAPTIVE,TRACKING,260,14.872934,24.721648,-0.022691,-0.001488,4.950876,0.000000,0.000000,5.000000,0.054132,0
1784327703.372221,ADAPTIVE,TRACKING,261,14.902560,24.191401,-0.018397,0.002093,4.952032,0.000000,0.000000,5.000000,0.051418,0
1784327703.397218,ADAPTIVE,TRACKING,261,14.945069,17.456298,-0.013683,0.005820,4.952502,0.000000,0.000000,5.000000,0.049771,0
1784327703.422150,ADAPTIVE,TRACKING,262,15.711728,43.158542,-0.013683,0.005820,4.952502,0.000000,0.000000,5.000000,0.049771,0
1784327703.447215,ADAPTIVE,TRACKING,258,14.807831,24.044425,-0.006447,0.011214,4.950443,0.000000,0.000000,5.000000,0.051217,0
1784327703.472102,ADAPTIVE,TRACKING,257,15.069635,24.251759,-0.000968,0.015322,4.950147,0.000000,0.000000,5.000000,0.052164,0
1784327703.497153,ADAPTIVE,TRACKING,255,14.558440,17.008125,0.004211,0.019181,4.951069,0.000000,0.000000,5.000000,0.052724,0
1784327703.522102,ADAPTIVE,TRACKING,259,14.860686,42.258832,0.004211,0.019181,4.951069,0.000000,0.000000,5.000000,0.052724,0
1784327703.547139,ADAPTIVE,TRACKING,259,14.726788,24.839335,0.008361,0.023390,4.954345,0.000000,0.000000,5.000000,0.051974,0
1784327703.572136,ADAPTIVE,TRACKING,262,14.939606,24.337264,0.012154,0.027548,4.959153,0.000000,0.000000,5.000000,0.050745,0
1784327703.597159,ADAPTIVE,TRACKING,262,15.029490,17.563988,0.015869,0.031416,4.964228,0.000000,0.000000,5.000000,0.050184,0
1784327703.622199,ADAPTIVE,TRACKING,262,14.984676,42.557190,0.015869,0.031416,4.964228,0.000000,0.000000,5.000000,0.050184,0
1784327703.647147,ADAPTIVE,TRACKING,262,14.977121,24.867837,0.020427,0.035903,4.970042,0.000000,0.000000,5.000000,0.051028,0
1784327703.672142,ADAPTIVE,TRACKING,262,14.976138,24.272557,0.023617,0.036433,4.973284,0.000000,0.000000,5.000000,0.050979,0
1784327703.697147,ADAPTIVE,TRACKING,262,15.643844,18.059987,0.026749,0.036883,4.977482,0.000000,0.000000,5.000000,0.050823,0
1784327703.722199,ADAPTIVE,TRACKING,258,14.752789,42.224878,0.026749,0.036883,4.977482,0.000000,0.000000,5.000000,0.050823,0
1784327703.747158,ADAPTIVE,TRACKING,258,14.740966,24.870490,0.029766,0.037271,4.982675,0.000000,0.000000,5.000000,0.050747,0
1784327703.772223,ADAPTIVE,TRACKING,258,14.706694,24.197631,0.032646,0.037601,4.987845,0.000000,0.000000,5.000000,0.051257,0
1784327703.797229,ADAPTIVE,TRACKING,262,15.022020,17.568941,0.036132,0.038527,4.990813,0.000000,0.000000,5.000000,0.053611,0
1784327703.822215,ADAPTIVE,TRACKING,262,15.011944,42.543431,0.036132,0.038527,4.990813,0.000000,0.000000,5.000000,0.053611,0
1784327703.847139,ADAPTIVE,TRACKING,262,15.007346,24.852065,0.040190,0.039374,4.994662,0.000000,0.000000,5.000000,0.056516,0
1784327703.872208,ADAPTIVE,TRACKING,261,14.945408,24.369323,0.043236,0.039838,4.997347,0.000000,0.000000,5.000000,0.058851,0
1784327703.897138,ADAPTIVE,TRACKING,261,14.914455,17.290724,0.046350,0.040500,4.999207,0.000000,0.000000,5.000000,0.061556,0
1784327703.922168,ADAPTIVE,TRACKING,262,15.027630,42.437172,0.046350,0.040500,4.999207,0.000000,0.000000,5.000000,0.061556,0
1784327703.947148,ADAPTIVE,TRACKING,261,14.923033,24.744492,0.049477,0.041347,5.000533,0.000000,0.000000,5.000000,0.064482,0
1784327703.972138,ADAPTIVE,TRACKING,262,14.949132,24.335186,0.052365,0.041979,5.001662,0.000000,0.000000,5.000000,0.067135,0
1784327703.997156,ADAPTIVE,TRACKING,262,14.960829,17.361547,0.055030,0.042413,5.002612,0.000000,0.000000,5.000000,0.069527,0
1784327704.022206,ADAPTIVE,TRACKING,262,15.046575,42.496354,0.055030,0.042413,5.002612,0.000000,0.000000,5.000000,0.069527,0
1784327704.047155,ADAPTIVE,TRACKING,262,15.030292,24.865749,0.057718,0.041002,5.003144,0.000000,0.000000,5.000000,0.070869,0
1784327704.072211,ADAPTIVE,TRACKING,261,14.920945,24.341999,0.059500,0.038899,5.003799,0.000000,0.000000,5.000000,0.071189,0
1784327704.097158,ADAPTIVE,TRACKING,261,14.852364,17.357865,0.061292,0.036890,5.004008,0.000000,0.000000,5.000000,0.071650,0
1784327704.122225,ADAPTIVE,TRACKING,262,15.006671,42.578593,0.061292,0.036890,5.004008,0.000000,0.000000,5.000000,0.071650,0
1784327704.147164,ADAPTIVE,TRACKING,262,15.001396,24.867727,0.062988,0.034880,5.004300,0.000000,0.000000,5.000000,0.072129,0
1784327704.172141,ADAPTIVE,TRACKING,262,14.972548,24.186709,0.065639,0.032723,5.001946,0.000000,0.000000,5.000000,0.073369,0
1784327704.197219,ADAPTIVE,TRACKING,262,14.978221,17.372536,0.068031,0.030564,4.999554,0.000000,0.000000,5.000000,0.074582,0
1784327704.222202,ADAPTIVE,TRACKING,262,15.052511,42.427923,0.068031,0.030564,4.999554,0.000000,0.000000,5.000000,0.074582,0
1784327704.247234,ADAPTIVE,TRACKING,261,14.894385,24.807318,0.070697,0.027669,4.996984,0.000000,0.000000,5.000000,0.075979,0
1784327704.272210,ADAPTIVE,TRACKING,262,14.904454,24.263837,0.072490,0.024675,4.994778,0.000000,0.000000,5.000000,0.076752,0
1784327704.297221,ADAPTIVE,TRACKING,262,14.994087,17.618266,0.073891,0.020173,4.991230,0.000000,0.000000,5.000000,0.077096,0
1784327704.322212,ADAPTIVE,TRACKING,262,14.973590,42.588370,0.073891,0.020173,4.991230,0.000000,0.000000,5.000000,0.077096,0
1784327704.347102,ADAPTIVE,TRACKING,262,14.915858,24.755346,0.074945,0.015737,4.988456,0.000000,0.000000,5.000000,0.077444,0
1784327704.372209,ADAPTIVE,TRACKING,262,14.942231,24.404676,0.075615,0.011510,4.985850,0.000000,0.000000,5.000000,0.077784,0
1784327704.397229,ADAPTIVE,TRACKING,262,14.952011,17.440677,0.075500,0.007018,4.982545,0.000000,0.000000,5.000000,0.077808,0
1784327704.422215,ADAPTIVE,TRACKING,263,15.546450,43.020455,0.075500,0.007018,4.982545,0.000000,0.000000,5.000000,0.077808,0
1784327704.447230,ADAPTIVE,TRACKING,259,14.773484,24.128851,0.073420,-0.000086,4.978449,0.000000,0.000000,5.000000,0.076517,0
1784327704.472210,ADAPTIVE,TRACKING,259,14.787648,24.232021,0.071585,-0.005436,4.976462,0.000000,0.000000,5.000000,0.075551,0
1784327704.497226,ADAPTIVE,TRACKING,259,14.875000,17.429169,0.069633,-0.010603,4.975041,0.000000,0.000000,5.000000,0.074727,0
1784327704.522162,ADAPTIVE,TRACKING,262,14.944042,42.433262,0.069633,-0.010603,4.975041,0.000000,0.000000,5.000000,0.074727,0
1784327704.547216,ADAPTIVE,TRACKING,262,15.253691,25.298651,0.068095,-0.014301,4.974278,0.000000,0.000000,5.000000,0.074183,0
1784327704.572120,ADAPTIVE,TRACKING,260,23.069656,28.842561,0.066530,-0.017389,4.974274,0.000000,0.000000,5.000000,0.073420,0
1784327704.597139,ADAPTIVE,TRACKING,220,12.693191,14.517266,0.064712,-0.020334,4.975136,0.000000,0.000000,5.000000,0.072245,0
1784327704.622120,ADAPTIVE,TRACKING,219,13.076445,39.885288,0.064712,-0.020334,4.975136,0.000000,0.000000,5.000000,0.072245,0
1784327704.647155,ADAPTIVE,TRACKING,218,12.752467,24.599999,0.062058,-0.023837,4.977362,0.000000,0.000000,5.000000,0.070227,0
1784327704.672111,ADAPTIVE,TRACKING,255,15.292263,24.510970,0.058249,-0.026346,4.978662,0.000000,0.000000,5.000000,0.067397,0
1784327704.697144,ADAPTIVE,TRACKING,252,14.544915,16.896144,0.054375,-0.028895,4.979605,0.000000,0.000000,5.000000,0.064865,0
1784327704.722150,ADAPTIVE,TRACKING,255,14.806505,42.164725,0.054375,-0.028895,4.979605,0.000000,0.000000,5.000000,0.064865,0
1784327704.747226,ADAPTIVE,TRACKING,256,14.655938,24.848542,0.050397,-0.031492,4.981390,0.000000,0.000000,5.000000,0.062273,0
1784327704.772218,ADAPTIVE,TRACKING,260,14.901481,24.307690,0.046335,-0.034063,4.984878,0.000000,0.000000,5.000000,0.059464,0
1784327704.797223,ADAPTIVE,TRACKING,260,14.867439,17.343313,0.041890,-0.036610,4.989900,0.000000,0.000000,5.000000,0.056542,0
1784327704.822211,ADAPTIVE,TRACKING,262,15.097276,42.559596,0.041890,-0.036610,4.989900,0.000000,0.000000,5.000000,0.056542,0
1784327704.847144,ADAPTIVE,TRACKING,261,14.926622,24.697997,0.036327,-0.039621,4.995209,0.000000,0.000000,5.000000,0.053967,0
1784327704.872215,ADAPTIVE,TRACKING,261,14.929262,24.379307,0.031799,-0.041883,4.999543,0.000000,0.000000,5.000000,0.052589,0
1784327704.897146,ADAPTIVE,TRACKING,261,14.956193,17.367510,0.026995,-0.043662,5.002652,0.000000,0.000000,5.000000,0.051402,0
1784327704.922152,ADAPTIVE,TRACKING,262,15.119941,42.539390,0.026995,-0.043662,5.002652,0.000000,0.000000,5.000000,0.051402,0
1784327704.947224,ADAPTIVE,TRACKING,261,15.072043,24.902240,0.022003,-0.044857,5.004382,0.000000,0.000000,5.000000,0.050155,0
1784327704.972216,ADAPTIVE,TRACKING,260,14.888838,24.351091,0.017139,-0.045839,5.005557,0.000000,0.000000,5.000000,0.049253,0
1784327704.997224,ADAPTIVE,TRACKING,260,14.904901,17.442876,0.012418,-0.046625,5.006239,0.000000,0.000000,5.000000,0.048652,0
1784327705.022209,ADAPTIVE,TRACKING,261,14.928389,42.448806,0.012418,-0.046625,5.006239,0.000000,0.000000,5.000000,0.048652,0
1784327705.047148,ADAPTIVE,TRACKING,261,14.938514,24.888682,0.006180,-0.049140,5.006639,0.000000,0.000000,5.000000,0.049970,0
1784327705.072223,ADAPTIVE,TRACKING,261,14.887678,24.344153,0.001119,-0.051674,5.006490,0.000000,0.000000,5.000000,0.052092,0
1784327705.097221,ADAPTIVE,TRACKING,262,14.998198,17.480670,-0.003720,-0.053756,5.006995,0.000000,0.000000,5.000000,0.054336,0
1784327705.122213,ADAPTIVE,TRACKING,262,14.992064,42.464323,-0.003720,-0.053756,5.006995,0.000000,0.000000,5.000000,0.054336,0
1784327705.147152,ADAPTIVE,TRACKING,262,14.968195,24.848550,-0.008306,-0.055423,5.007214,0.000000,0.000000,5.000000,0.056505,0
1784327705.172150,ADAPTIVE,TRACKING,262,14.967938,24.304588,-0.012821,-0.055820,5.004880,0.000000,0.000000,5.000000,0.057481,0
1784327705.197162,ADAPTIVE,TRACKING,262,14.944831,17.454689,-0.017081,-0.055907,5.002709,0.000000,0.000000,5.000000,0.058521,0
1784327705.222210,ADAPTIVE,TRACKING,262,14.990288,42.546850,-0.017081,-0.055907,5.002709,0.000000,0.000000,5.000000,0.058521,0
1784327705.247112,ADAPTIVE,TRACKING,262,14.961838,24.809828,-0.022115,-0.055733,4.999845,0.000000,0.000000,5.000000,0.059961,0
1784327705.272148,ADAPTIVE,TRACKING,262,14.975098,24.274197,-0.026210,-0.055232,4.997065,0.000000,0.000000,5.000000,0.061206,0
1784327705.297229,ADAPTIVE,TRACKING,262,14.991825,17.533097,-0.030853,-0.054092,4.993966,0.000000,0.000000,5.000000,0.062564,0
1784327705.322219,ADAPTIVE,TRACKING,262,14.998545,42.528488,-0.030853,-0.054092,4.993966,0.000000,0.000000,5.000000,0.062564,0
1784327705.347231,ADAPTIVE,TRACKING,262,15.012909,24.967513,-0.035200,-0.052801,4.992258,0.000000,0.000000,5.000000,0.063929,0
1784327705.372205,ADAPTIVE,TRACKING,261,15.047544,24.411694,-0.039288,-0.051170,4.991275,0.000000,0.000000,5.000000,0.065100,0
1784327705.397232,ADAPTIVE,TRACKING,261,14.938648,17.409969,-0.043076,-0.049356,4.990573,0.000000,0.000000,5.000000,0.066185,0
1784327705.422232,ADAPTIVE,TRACKING,261,15.131305,42.604329,-0.043076,-0.049356,4.990573,0.000000,0.000000,5.000000,0.066185,0
1784327705.447231,ADAPTIVE,TRACKING,260,14.807581,24.572694,-0.047271,-0.046604,4.989922,0.000000,0.000000,5.000000,0.067142,0
1784327705.472217,ADAPTIVE,TRACKING,261,14.959923,24.410640,-0.050415,-0.044386,4.988648,0.000000,0.000000,5.000000,0.068122,0
1784327705.497231,ADAPTIVE,TRACKING,261,14.872766,17.388667,-0.053489,-0.042216,4.987509,0.000000,0.000000,5.000000,0.069277,0
1784327705.522211,ADAPTIVE,TRACKING,262,14.937295,42.432278,-0.053489,-0.042216,4.987509,0.000000,0.000000,5.000000,0.069277,0
1784327705.547162,ADAPTIVE,TRACKING,262,14.965305,24.900579,-0.056512,-0.038322,4.984909,0.000000,0.000000,5.000000,0.069928,0
1784327705.572147,ADAPTIVE,TRACKING,262,14.937487,24.324214,-0.059342,-0.033946,4.982378,0.000000,0.000000,5.000000,0.070600,0
1784327705.597150,ADAPTIVE,TRACKING,262,14.921568,17.450819,-0.061800,-0.029638,4.979932,0.000000,0.000000,5.000000,0.071417,0
1784327705.622209,ADAPTIVE,TRACKING,263,15.054135,42.642833,-0.061800,-0.029638,4.979932,0.000000,0.000000,5.000000,0.071417,0
1784327705.647154,ADAPTIVE,TRACKING,262,14.962381,24.787338,-0.064175,-0.024434,4.977223,0.000000,0.000000,5.000000,0.072348,0
1784327705.672146,ADAPTIVE,TRACKING,262,15.057129,24.470627,-0.067040,-0.018443,4.971376,0.000000,0.000000,5.000000,0.075192,0
1784327705.697141,ADAPTIVE,TRACKING,261,15.432647,17.867855,-0.069354,-0.012668,4.966390,0.000000,0.000000,5.000000,0.078103,0
1784327705.722214,ADAPTIVE,TRACKING,259,14.830965,42.337840,-0.069354,-0.012668,4.966390,0.000000,0.000000,5.000000,0.078103,0
1784327705.747163,ADAPTIVE,TRACKING,258,14.753338,24.806182,-0.071162,-0.007115,4.962748,0.000000,0.000000,5.000000,0.080637,0
1784327705.772152,ADAPTIVE,TRACKING,259,14.831285,24.098317,-0.072516,-0.001836,4.959899,0.000000,0.000000,5.000000,0.082886,0
1784327705.797150,ADAPTIVE,TRACKING,262,15.053446,17.570866,-0.072760,0.003644,4.957204,0.000000,0.000000,5.000000,0.084491,0
1784327705.822223,ADAPTIVE,TRACKING,261,15.054715,42.631302,-0.072760,0.003644,4.957204,0.000000,0.000000,5.000000,0.084491,0
1784327705.847149,ADAPTIVE,TRACKING,261,14.881766,24.683006,-0.072631,0.010022,4.954409,0.000000,0.000000,5.000000,0.086338,0
1784327705.872216,ADAPTIVE,TRACKING,261,14.981887,24.396291,-0.072210,0.014714,4.953117,0.000000,0.000000,5.000000,0.087343,0
1784327705.897223,ADAPTIVE,TRACKING,261,14.981860,17.477698,-0.071902,0.018775,4.950827,0.000000,0.000000,5.000000,0.089109,0
1784327705.922171,ADAPTIVE,TRACKING,261,15.824360,43.275383,-0.071902,0.018775,4.950827,0.000000,0.000000,5.000000,0.089109,0
1784327705.947155,ADAPTIVE,TRACKING,256,14.620053,23.645040,-0.071623,0.022318,4.947609,0.000000,0.000000,5.000000,0.091503,0
1784327705.972146,ADAPTIVE,TRACKING,256,14.617593,24.064232,-0.070894,0.025720,4.945493,0.000000,0.000000,5.000000,0.093051,0
1784327705.997231,ADAPTIVE,TRACKING,257,14.671553,17.206037,-0.069794,0.028967,4.944209,0.000000,0.000000,5.000000,0.093931,0
1784327706.022219,ADAPTIVE,TRACKING,262,15.120023,42.642544,-0.069794,0.028967,4.944209,0.000000,0.000000,5.000000,0.093931,0
1784327706.047151,ADAPTIVE,TRACKING,261,14.918544,24.669558,-0.067452,0.031327,4.942389,0.000000,0.000000,5.000000,0.094075,0
1784327706.072154,ADAPTIVE,TRACKING,261,14.872394,24.238691,-0.064999,0.032518,4.940848,0.000000,0.000000,5.000000,0.093709,0
1784327706.097219,ADAPTIVE,TRACKING,261,14.878075,17.385996,-0.062256,0.033773,4.939847,0.000000,0.000000,5.000000,0.092923,0
1784327706.122219,ADAPTIVE,TRACKING,262,14.927057,42.433325,-0.062256,0.033773,4.939847,0.000000,0.000000,5.000000,0.092923,0
1784327706.147257,ADAPTIVE,TRACKING,263,15.022714,25.067635,-0.059277,0.035047,4.938736,0.000000,0.000000,5.000000,0.092170,0
1784327706.172222,ADAPTIVE,TRACKING,263,15.022335,24.487012,-0.055781,0.035296,4.936766,0.000000,0.000000,5.000000,0.091410,0
1784327706.197228,ADAPTIVE,TRACKING,262,14.966705,17.533847,-0.052088,0.035486,4.935784,0.000000,0.000000,5.000000,0.089978,0
1784327706.222206,ADAPTIVE,TRACKING,262,14.996168,42.541656,-0.052088,0.035486,4.935784,0.000000,0.000000,5.000000,0.089978,0
1784327706.247159,ADAPTIVE,TRACKING,262,14.966672,24.862497,-0.047308,0.035634,4.934742,0.000000,0.000000,5.000000,0.088127,0
1784327706.272147,ADAPTIVE,TRACKING,262,14.958811,24.261602,-0.043155,0.035608,4.933537,0.000000,0.000000,5.000000,0.086877,0
1784327706.297216,ADAPTIVE,TRACKING,262,14.994047,17.502805,-0.038303,0.035441,4.931643,0.000000,0.000000,5.000000,0.085999,0
1784327706.322217,ADAPTIVE,TRACKING,262,15.035527,42.543265,-0.038303,0.035441,4.931643,0.000000,0.000000,5.000000,0.085999,0
1784327706.347161,ADAPTIVE,TRACKING,262,14.945108,24.788151,-0.033474,0.035145,4.930198,0.000000,0.000000,5.000000,0.085017,0
1784327706.372218,ADAPTIVE,TRACKING,262,15.079771,24.574554,-0.028657,0.034690,4.929802,0.000000,0.000000,5.000000,0.083381,0
1784327706.397219,ADAPTIVE,TRACKING,261,14.892534,17.510370,-0.023447,0.034343,4.929670,0.000000,0.000000,5.000000,0.081704,0
1784327706.422160,ADAPTIVE,TRACKING,262,15.793647,43.355961,-0.023447,0.034343,4.929670,0.000000,0.000000,5.000000,0.081704,0
1784327706.447111,ADAPTIVE,TRACKING,257,14.789982,23.847210,-0.015549,0.034632,4.927890,0.000000,0.000000,5.000000,0.081492,0
1784327706.472150,ADAPTIVE,TRACKING,257,14.689725,24.044351,-0.009383,0.034691,4.926702,0.000000,0.000000,5.000000,0.081634,0
1784327706.497233,ADAPTIVE,TRACKING,257,14.776603,17.283841,-0.003357,0.034625,4.925936,0.000000,0.000000,5.000000,0.081826,0
1784327706.522215,ADAPTIVE,TRACKING,261,14.982344,42.471833,-0.003357,0.034625,4.925936,0.000000,0.000000,5.000000,0.081826,0
1784327706.547173,ADAPTIVE,TRACKING,261,14.881836,24.788912,0.002105,0.034722,4.924956,0.000000,0.000000,5.000000,0.082715,0
1784327706.572206,ADAPTIVE,TRACKING,261,14.937535,24.403661,0.007317,0.034792,4.925258,0.000000,0.000000,5.000000,0.082767,0
1784327706.597231,ADAPTIVE,TRACKING,262,14.974224,17.539001,0.012350,0.034781,4.926506,0.000000,0.000000,5.000000,0.082241,0
1784327706.622209,ADAPTIVE,TRACKING,262,15.043324,42.585357,0.012350,0.034781,4.926506,0.000000,0.000000,5.000000,0.082241,0
1784327706.647248,ADAPTIVE,TRACKING,261,14.934887,24.860179,0.018400,0.034742,4.928825,0.000000,0.000000,5.000000,0.081311,0
1784327706.672207,ADAPTIVE,TRACKING,261,14.969742,24.439180,0.023971,0.034824,4.930379,0.000000,0.000000,5.000000,0.081452,0
1784327706.697153,ADAPTIVE,TRACKING,261,15.473698,17.878082,0.029158,0.034819,4.932920,0.000000,0.000000,5.000000,0.081008,0
1784327706.722205,ADAPTIVE,TRACKING,258,14.790170,42.246657,0.029158,0.034819,4.932920,0.000000,0.000000,5.000000,0.081008,0
1784327706.747110,ADAPTIVE,TRACKING,258,14.739141,24.781734,0.034057,0.034739,4.936074,0.000000,0.000000,5.000000,0.080331,0
1784327706.772227,ADAPTIVE,TRACKING,259,14.843630,24.153490,0.038862,0.034507,4.939579,0.000000,0.000000,5.000000,0.079698,0
1784327706.797153,ADAPTIVE,TRACKING,261,14.998658,17.480504,0.042525,0.035312,4.943579,0.000000,0.000000,5.000000,0.078985,0
1784327706.822221,ADAPTIVE,TRACKING,261,14.934366,42.479999,0.042525,0.035312,4.943579,0.000000,0.000000,5.000000,0.078985,0
1784327706.847152,ADAPTIVE,TRACKING,261,14.886941,24.817929,0.046944,0.036085,4.950343,0.000000,0.000000,5.000000,0.077276,0
1784327706.872221,ADAPTIVE,TRACKING,262,14.892806,24.251796,0.050320,0.036499,4.955575,0.000000,0.000000,5.000000,0.076406,0
1784327706.897161,ADAPTIVE,TRACKING,263,14.960394,17.383487,0.054090,0.035988,4.958350,0.000000,0.000000,5.000000,0.077172,0
1784327706.922270,ADAPTIVE,TRACKING,263,15.196666,42.729711,0.054090,0.035988,4.958350,0.000000,0.000000,5.000000,0.077172,0
1784327706.947153,ADAPTIVE,TRACKING,262,15.023195,24.617879,0.058111,0.034746,4.959271,0.000000,0.000000,5.000000,0.079013,0
1784327706.972146,ADAPTIVE,TRACKING,261,14.932328,24.310294,0.061802,0.033399,4.960202,0.000000,0.000000,5.000000,0.080740,0
1784327706.997170,ADAPTIVE,TRACKING,261,14.892361,17.372000,0.065186,0.031907,4.960714,0.000000,0.000000,5.000000,0.082526,0
1784327707.022212,ADAPTIVE,TRACKING,262,15.014066,42.535761,0.065186,0.031907,4.960714,0.000000,0.000000,5.000000,0.082526,0
1784327707.047231,ADAPTIVE,TRACKING,262,14.962209,24.900431,0.069459,0.029050,4.961145,0.000000,0.000000,5.000000,0.084724,0
1784327707.072222,ADAPTIVE,TRACKING,262,14.986941,24.561583,0.072645,0.026215,4.962305,0.000000,0.000000,5.000000,0.085939,0
1784327707.097225,ADAPTIVE,TRACKING,262,14.954797,17.470446,0.075395,0.023305,4.963869,0.000000,0.000000,5.000000,0.086793,0
1784327707.122244,ADAPTIVE,TRACKING,262,14.992176,42.528582,0.075395,0.023305,4.963869,0.000000,0.000000,5.000000,0.086793,0
1784327707.147163,ADAPTIVE,TRACKING,262,14.919366,24.776688,0.077780,0.020353,4.965311,0.000000,0.000000,5.000000,0.087563,0
1784327707.172209,ADAPTIVE,TRACKING,262,15.002588,24.479033,0.079911,0.013583,4.965070,0.000000,0.000000,5.000000,0.088263,0
1784327707.197160,ADAPTIVE,TRACKING,262,15.040162,17.462845,0.081948,0.005617,4.966336,0.000000,0.000000,5.000000,0.088771,0
1784327707.222212,ADAPTIVE,TRACKING,262,14.979182,42.453215,0.081948,0.005617,4.966336,0.000000,0.000000,5.000000,0.088771,0
1784327707.247215,ADAPTIVE,TRACKING,261,14.869311,24.827271,0.083057,-0.000285,4.969043,0.000000,0.000000,5.000000,0.088639,0
1784327707.272211,ADAPTIVE,TRACKING,262,15.016277,24.507402,0.083617,-0.004610,4.971735,0.000000,0.000000,5.000000,0.088386,0
1784327707.297222,ADAPTIVE,TRACKING,262,14.880327,17.378092,0.083432,-0.005201,4.973093,0.000000,0.000000,5.000000,0.087818,0
1784327707.322217,ADAPTIVE,TRACKING,263,15.102826,42.593100,0.083432,-0.005201,4.973093,0.000000,0.000000,5.000000,0.087818,0
1784327707.347145,ADAPTIVE,TRACKING,262,14.917195,24.680590,0.083152,-0.005810,4.974213,0.000000,0.000000,5.000000,0.087252,0
1784327707.372153,ADAPTIVE,TRACKING,262,15.015109,24.470780,0.082692,-0.006508,4.975276,0.000000,0.000000,5.000000,0.086554,0
1784327707.397234,ADAPTIVE,TRACKING,262,15.002656,17.580852,0.081845,-0.006999,4.975553,0.000000,0.000000,5.000000,0.085704,0
1784327707.422226,ADAPTIVE,TRACKING,262,15.536794,43.108382,0.081845,-0.006999,4.975553,0.000000,0.000000,5.000000,0.085704,0
1784327707.447234,ADAPTIVE,TRACKING,258,14.718230,24.086712,0.079797,-0.006600,4.974084,0.000000,0.000000,5.000000,0.084159,0
1784327707.472217,ADAPTIVE,TRACKING,259,14.789730,24.228786,0.077988,-0.006339,4.972993,0.000000,0.000000,5.000000,0.082775,0
1784327707.497223,ADAPTIVE,TRACKING,259,14.784875,17.334214,0.076082,-0.006061,4.972736,0.000000,0.000000,5.000000,0.081047,0
1784327707.522209,ADAPTIVE,TRACKING,262,15.078554,42.613101,0.076082,-0.006061,4.972736,0.000000,0.000000,5.000000,0.081047,0
1784327707.547155,ADAPTIVE,TRACKING,262,14.961523,24.760913,0.072084,-0.006931,4.972027,0.000000,0.000000,5.000000,0.077632,0
1784327707.572152,ADAPTIVE,TRACKING,262,14.960894,24.289467,0.067526,-0.007972,4.970576,0.000000,0.000000,5.000000,0.074088,0
1784327707.597248,ADAPTIVE,TRACKING,261,14.969682,17.473095,0.063144,-0.008868,4.968331,0.000000,0.000000,5.000000,0.071196,0
1784327707.622228,ADAPTIVE,TRACKING,262,15.153586,42.637473,0.063144,-0.008868,4.968331,0.000000,0.000000,5.000000,0.071196,0
1784327707.647170,ADAPTIVE,TRACKING,261,14.896298,24.614621,0.057702,-0.009790,4.966108,0.000000,0.000000,5.000000,0.067631,0
1784327707.672217,ADAPTIVE,TRACKING,261,14.896307,24.294974,0.052485,-0.012099,4.963587,0.000000,0.000000,5.000000,0.065015,0
1784327707.697147,ADAPTIVE,TRACKING,261,15.470865,17.908954,0.047353,-0.014161,4.962342,0.000000,0.000000,5.000000,0.062137,0
1784327707.722152,ADAPTIVE,TRACKING,259,14.841010,42.283837,0.047353,-0.014161,4.962342,0.000000,0.000000,5.000000,0.062137,0
1784327707.747155,ADAPTIVE,TRACKING,259,14.795771,24.889223,0.042346,-0.016082,4.962154,0.000000,0.000000,5.000000,0.059026,0
1784327707.772224,ADAPTIVE,TRACKING,259,14.768505,24.178997,0.037433,-0.017805,4.962474,0.000000,0.000000,5.000000,0.055915,0
1784327707.797220,ADAPTIVE,TRACKING,262,15.009692,17.492751,0.032222,-0.017871,4.962955,0.000000,0.000000,5.000000,0.052249,0
1784327707.822212,ADAPTIVE,TRACKING,262,15.036897,42.510012,0.032222,-0.017871,4.962955,0.000000,0.000000,5.000000,0.052249,0
1784327707.847162,ADAPTIVE,TRACKING,262,15.017977,24.860095,0.025693,-0.017915,4.965502,0.000000,0.000000,5.000000,0.046596,0
1784327707.872230,ADAPTIVE,TRACKING,261,14.948068,24.436077,0.020571,-0.017843,4.967881,0.000000,0.000000,5.000000,0.042109,0
1784327707.897225,ADAPTIVE,TRACKING,261,14.873563,17.334043,0.014888,-0.018786,4.971424,0.000000,0.000000,5.000000,0.037298,0
1784327707.922168,ADAPTIVE,TRACKING,262,15.276571,42.686050,0.014888,-0.018786,4.971424,0.000000,0.000000,5.000000,0.037298,0
1784327707.947128,ADAPTIVE,TRACKING,260,14.817259,24.399449,0.008700,-0.020635,4.975109,0.000000,0.000000,5.000000,0.033482,0
1784327707.972153,ADAPTIVE,TRACKING,261,14.840177,24.129132,0.002712,-0.022213,4.977777,0.000000,0.000000,5.000000,0.031538,0
1784327707.997245,ADAPTIVE,TRACKING,261,15.000420,17.504361,-0.003066,-0.023510,4.981009,0.000000,0.000000,5.000000,0.030377,0
1784327708.022213,ADAPTIVE,TRACKING,262,15.003208,42.473865,-0.003066,-0.023510,4.981009,0.000000,0.000000,5.000000,0.030377,0
1784327708.047243,ADAPTIVE,TRACKING,262,15.014315,24.977807,-0.011777,-0.023935,4.987023,0.000000,0.000000,5.000000,0.029664,0
1784327708.072228,ADAPTIVE,TRACKING,261,14.890227,24.378928,-0.019199,-0.023675,4.992991,0.000000,0.000000,5.000000,0.031277,0
1784327708.097227,ADAPTIVE,TRACKING,262,14.999732,17.447049,-0.026120,-0.023258,4.998629,0.000000,0.000000,5.000000,0.035001,0
1784327708.122207,ADAPTIVE,TRACKING,262,15.013578,42.441197,-0.026120,-0.023258,4.998629,0.000000,0.000000,5.000000,0.035001,0
1784327708.147117,ADAPTIVE,TRACKING,262,14.935876,24.770709,-0.032567,-0.022670,5.003674,0.000000,0.000000,5.000000,0.039850,0
1784327708.172148,ADAPTIVE,TRACKING,262,14.907721,24.076821,-0.039122,-0.020573,5.006652,0.000000,0.000000,5.000000,0.044699,0
1784327708.197230,ADAPTIVE,TRACKING,262,15.045476,17.512004,-0.045227,-0.018441,5.008728,0.000000,0.000000,5.000000,0.049615,0
1784327708.222219,ADAPTIVE,TRACKING,262,15.069668,42.527073,-0.045227,-0.018441,5.008728,0.000000,0.000000,5.000000,0.049615,0
1784327708.247234,ADAPTIVE,TRACKING,261,14.958138,24.827875,-0.052185,-0.015729,5.011250,0.000000,0.000000,5.000000,0.055653,0
1784327708.272217,ADAPTIVE,TRACKING,261,14.848269,24.226422,-0.057013,-0.013238,5.013411,0.000000,0.000000,5.000000,0.060046,0
1784327708.297232,ADAPTIVE,TRACKING,262,14.974596,17.544450,-0.060733,-0.009939,5.015786,0.000000,0.000000,5.000000,0.063533,0
1784327708.322225,ADAPTIVE,TRACKING,262,15.030317,42.591844,-0.060733,-0.009939,5.015786,0.000000,0.000000,5.000000,0.063533,0
1784327708.347153,ADAPTIVE,TRACKING,262,14.924048,24.757302,-0.064067,-0.006696,5.017148,0.000000,0.000000,5.000000,0.066659,0
1784327708.372227,ADAPTIVE,TRACKING,262,14.887748,24.350917,-0.067016,-0.003473,5.018972,0.000000,0.000000,5.000000,0.069736,0
1784327708.397231,ADAPTIVE,TRACKING,262,14.896298,17.397329,-0.069717,-0.000949,5.019736,0.000000,0.000000,5.000000,0.072463,0
1784327708.422235,ADAPTIVE,TRACKING,263,15.098407,42.603579,-0.069717,-0.000949,5.019736,0.000000,0.000000,5.000000,0.072463,0
1784327708.447164,ADAPTIVE,TRACKING,263,14.983214,24.722409,-0.072947,-0.000238,5.016093,0.000000,0.000000,5.000000,0.074702,0
1784327708.472149,ADAPTIVE,TRACKING,262,14.973685,24.307789,-0.075075,0.000382,5.013214,0.000000,0.000000,5.000000,0.076230,0
1784327708.497221,ADAPTIVE,TRACKING,262,15.070577,17.530673,-0.076852,0.001041,5.009388,0.000000,0.000000,5.000000,0.077431,0
1784327708.522210,ADAPTIVE,TRACKING,262,14.941655,42.389475,-0.076852,0.001041,5.009388,0.000000,0.000000,5.000000,0.077431,0
1784327708.547156,ADAPTIVE,TRACKING,262,14.946008,24.883036,-0.077650,0.000943,5.002872,0.000000,0.000000,5.000000,0.077708,0
1784327708.572218,ADAPTIVE,TRACKING,262,14.974529,24.462199,-0.077874,0.000656,4.996172,0.000000,0.000000,5.000000,0.077971,0
1784327708.597225,ADAPTIVE,TRACKING,262,14.975889,17.587423,-0.077800,0.000421,4.990788,0.000000,0.000000,5.000000,0.078345,0
1784327708.622212,ADAPTIVE,TRACKING,262,14.960545,42.557499,-0.077800,0.000421,4.990788,0.000000,0.000000,5.000000,0.078345,0
1784327708.647155,ADAPTIVE,TRACKING,262,14.967078,24.885809,-0.077332,0.000294,4.986807,0.000000,0.000000,5.000000,0.078449,0
1784327708.672217,ADAPTIVE,TRACKING,262,14.938491,24.344008,-0.075011,-0.001257,4.984116,0.000000,0.000000,5.000000,0.076684,0
1784327708.697238,ADAPTIVE,TRACKING,262,15.043794,17.539959,-0.072518,-0.002658,4.981485,0.000000,0.000000,5.000000,0.074891,0
1784327708.722217,ADAPTIVE,TRACKING,262,14.967758,42.441722,-0.072518,-0.002658,4.981485,0.000000,0.000000,5.000000,0.074891,0
1784327708.747160,ADAPTIVE,TRACKING,262,14.909078,24.808243,-0.069891,-0.004004,4.979374,0.000000,0.000000,5.000000,0.072981,0
1784327708.772154,ADAPTIVE,TRACKING,262,14.978404,24.214801,-0.067005,-0.005197,4.978020,0.000000,0.000000,5.000000,0.070710,0
1784327708.797155,ADAPTIVE,TRACKING,262,14.961411,17.494735,-0.062234,-0.004204,4.976253,0.000000,0.000000,5.000000,0.066744,0
1784327708.822213,ADAPTIVE,TRACKING,262,14.964339,42.554760,-0.062234,-0.004204,4.976253,0.000000,0.000000,5.000000,0.066744,0
1784327708.847157,ADAPTIVE,TRACKING,262,14.923642,24.840172,-0.056122,-0.003065,4.973910,0.000000,0.000000,5.000000,0.061966,0
1784327708.872116,ADAPTIVE,TRACKING,262,15.060534,24.405653,-0.051197,-0.002260,4.972742,0.000000,0.000000,5.000000,0.058045,0
1784327708.897116,ADAPTIVE,TRACKING,262,14.916846,17.363399,-0.046067,-0.002281,4.973497,0.000000,0.000000,5.000000,0.053195,0
1784327708.922129,ADAPTIVE,TRACKING,262,15.216943,42.678767,-0.046067,-0.002281,4.973497,0.000000,0.000000,5.000000,0.053195,0
1784327708.947232,ADAPTIVE,TRACKING,260,14.909573,24.695483,-0.040771,-0.003033,4.975266,0.000000,0.000000,5.000000,0.047783,0
1784327708.972219,ADAPTIVE,TRACKING,261,14.930513,24.442176,-0.035470,-0.003718,4.977435,0.000000,0.000000,5.000000,0.042204,0
1784327708.997231,ADAPTIVE,TRACKING,260,14.814699,17.396681,-0.030202,-0.004276,4.979486,0.000000,0.000000,5.000000,0.036759,0
1784327709.022226,ADAPTIVE,TRACKING,262,14.903812,42.479496,-0.030202,-0.004276,4.979486,0.000000,0.000000,5.000000,0.036759,0
1784327709.047221,ADAPTIVE,TRACKING,263,15.084321,25.115396,-0.022139,-0.004613,4.982054,0.000000,0.000000,5.000000,0.028870,0
1784327709.072222,ADAPTIVE,TRACKING,262,15.027102,24.505086,-0.015210,-0.004650,4.984123,0.000000,0.000000,5.000000,0.022473,0
1784327709.097245,ADAPTIVE,TRACKING,262,15.017057,17.535879,-0.008657,-0.004603,4.986806,0.000000,0.000000,5.000000,0.016438,0
1784327709.122213,ADAPTIVE,TRACKING,261,14.937136,42.422895,-0.008657,-0.004603,4.986806,0.000000,0.000000,5.000000,0.016438,0
1784327709.147173,ADAPTIVE,TRACKING,261,14.924744,24.885048,-0.002504,-0.004484,4.990570,0.000000,0.000000,5.000000,0.010738,0
1784327709.172214,ADAPTIVE,TRACKING,262,14.997459,24.303192,0.003826,-0.006657,4.992954,0.000000,0.000000,5.000000,0.010421,0
1784327709.197225,ADAPTIVE,TRACKING,262,14.926610,17.450620,0.009988,-0.008406,4.994562,0.000000,0.000000,5.000000,0.014142,0
1784327709.222218,ADAPTIVE,TRACKING,262,15.011437,42.526482,0.009988,-0.008406,4.994562,0.000000,0.000000,5.000000,0.014142,0
1784327709.247229,ADAPTIVE,TRACKING,262,14.996662,24.930371,0.017489,-0.010002,4.996065,0.000000,0.000000,5.000000,0.020528,0
1784327709.272224,ADAPTIVE,TRACKING,262,15.049732,24.504475,0.023677,-0.010738,4.997586,0.000000,0.000000,5.000000,0.026110,0
1784327709.297233,ADAPTIVE,TRACKING,261,14.986694,17.574990,0.030622,-0.010913,4.998546,0.000000,0.000000,5.000000,0.032541,0
1784327709.322221,ADAPTIVE,TRACKING,261,14.896210,42.470815,0.030622,-0.010913,4.998546,0.000000,0.000000,5.000000,0.032541,0
1784327709.347113,ADAPTIVE,TRACKING,261,14.957134,24.892427,0.037233,-0.010952,4.999628,0.000000,0.000000,5.000000,0.038812,0
1784327709.372175,ADAPTIVE,TRACKING,261,14.943804,24.448848,0.043503,-0.010920,4.999947,0.000000,0.000000,5.000000,0.044852,0
1784327709.397144,ADAPTIVE,TRACKING,262,14.999234,17.536632,0.049692,-0.011158,5.000268,0.000000,0.000000,5.000000,0.050930,0
1784327709.422164,ADAPTIVE,TRACKING,261,15.600696,43.162458,0.049692,-0.011158,5.000268,0.000000,0.000000,5.000000,0.050930,0
1784327709.447165,ADAPTIVE,TRACKING,258,14.768859,24.050801,0.057872,-0.012509,5.001493,0.000000,0.000000,5.000000,0.059228,0
1784327709.472231,ADAPTIVE,TRACKING,258,14.840269,24.276146,0.063817,-0.013479,5.002483,0.000000,0.000000,5.000000,0.065272,0
1784327709.497239,ADAPTIVE,TRACKING,257,14.684749,17.325491,0.069182,-0.014395,5.003713,0.000000,0.000000,5.000000,0.070761,0
1784327709.522226,ADAPTIVE,TRACKING,261,14.817027,42.444961,0.069182,-0.014395,5.003713,0.000000,0.000000,5.000000,0.070761,0
1784327709.547241,ADAPTIVE,TRACKING,262,15.003211,25.132572,0.072583,-0.013227,5.004217,0.000000,0.000000,5.000000,0.073899,0
1784327709.572214,ADAPTIVE,TRACKING,262,14.904492,24.385767,0.075194,-0.011416,5.004512,0.000000,0.000000,5.000000,0.076190,0
1784327709.597238,ADAPTIVE,TRACKING,263,15.008540,17.591739,0.077487,-0.009517,5.005297,0.000000,0.000000,5.000000,0.078249,0
1784327709.622222,ADAPTIVE,TRACKING,262,15.049765,42.615620,0.077487,-0.009517,5.005297,0.000000,0.000000,5.000000,0.078249,0
1784327709.647162,ADAPTIVE,TRACKING,262,14.882472,24.700660,0.079940,-0.007080,5.006815,0.000000,0.000000,5.000000,0.080542,0
1784327709.672151,ADAPTIVE,TRACKING,262,14.996010,24.337993,0.082211,-0.006520,5.005579,0.000000,0.000000,5.000000,0.082657,0
1784327709.697170,ADAPTIVE,TRACKING,262,15.050570,17.404456,0.084113,-0.005836,5.004127,0.000000,0.000000,5.000000,0.084417,0
1784327709.722224,ADAPTIVE,TRACKING,262,15.041860,42.449345,0.084113,-0.005836,5.004127,0.000000,0.000000,5.000000,0.084417,0
1784327709.747233,ADAPTIVE,TRACKING,261,14.962736,24.854502,0.085637,-0.004968,5.003103,0.000000,0.000000,5.000000,0.085837,0
1784327709.772238,ADAPTIVE,TRACKING,261,14.882682,24.231479,0.086836,-0.004023,5.002016,0.000000,0.000000,5.000000,0.086952,0
1784327709.797232,ADAPTIVE,TRACKING,261,14.911144,17.317810,0.085830,-0.000479,4.997393,0.000000,0.000000,5.000000,0.085870,0
1784327709.822230,ADAPTIVE,TRACKING,262,14.999493,42.402785,0.085830,-0.000479,4.997393,0.000000,0.000000,5.000000,0.085870,0
1784327709.847228,ADAPTIVE,TRACKING,262,15.020319,24.955171,0.084450,0.003721,4.991144,0.000000,0.000000,5.000000,0.084995,0
1784327709.872219,ADAPTIVE,TRACKING,262,15.021475,24.421964,0.083073,0.006802,4.986874,0.000000,0.000000,5.000000,0.084378,0
1784327709.897238,ADAPTIVE,TRACKING,261,14.977277,17.383177,0.080858,0.008600,4.983011,0.000000,0.000000,5.000000,0.083070,0
1784327709.922240,ADAPTIVE,TRACKING,261,14.987907,42.398753,0.080858,0.008600,4.983011,0.000000,0.000000,5.000000,0.083070,0
1784327709.947160,ADAPTIVE,TRACKING,261,14.913011,24.732372,0.077855,0.009212,4.980769,0.000000,0.000000,5.000000,0.080722,0
1784327709.972223,ADAPTIVE,TRACKING,261,15.169032,24.608191,0.074616,0.009662,4.980455,0.000000,0.000000,5.000000,0.077737,0
1784327709.997232,ADAPTIVE,TRACKING,260,14.936261,17.386169,0.071106,0.009926,4.981268,0.000000,0.000000,5.000000,0.074199,0
1784327710.022230,ADAPTIVE,TRACKING,260,15.004663,42.451930,0.071106,0.009926,4.981268,0.000000,0.000000,5.000000,0.074199,0
1784327710.047227,ADAPTIVE,TRACKING,259,14.811538,24.731766,0.065527,0.008439,4.982922,0.000000,0.000000,5.000000,0.068240,0
1784327710.072160,ADAPTIVE,TRACKING,261,14.938820,24.407533,0.060490,0.006543,4.984043,0.000000,0.000000,5.000000,0.062901,0
1784327710.097169,ADAPTIVE,TRACKING,261,14.868762,17.404002,0.055392,0.004825,4.984481,0.000000,0.000000,5.000000,0.057727,0
1784327710.122157,ADAPTIVE,TRACKING,262,15.054780,42.575623,0.055392,0.004825,4.984481,0.000000,0.000000,5.000000,0.057727,0
1784327710.147120,ADAPTIVE,TRACKING,262,14.933982,24.785114,0.050256,0.003221,4.984536,0.000000,0.000000,5.000000,0.052680,0
1784327710.172151,ADAPTIVE,TRACKING,262,14.923226,24.292762,0.045696,0.000844,4.983313,0.000000,0.000000,5.000000,0.048655,0
1784327710.197170,ADAPTIVE,TRACKING,262,15.018870,17.466249,0.041040,-0.001322,4.982552,0.000000,0.000000,5.000000,0.044614,0
1784327710.222154,ADAPTIVE,TRACKING,262,15.100369,42.530248,0.041040,-0.001322,4.982552,0.000000,0.000000,5.000000,0.044614,0
1784327710.247155,ADAPTIVE,TRACKING,261,14.899414,24.729786,0.035110,-0.003782,4.981711,0.000000,0.000000,5.000000,0.039768,0
1784327710.272157,ADAPTIVE,TRACKING,261,14.949191,24.271270,0.030227,-0.005688,4.981979,0.000000,0.000000,5.000000,0.035648,0
1784327710.297234,ADAPTIVE,TRACKING,261,14.916267,17.449568,0.025326,-0.007765,4.983567,0.000000,0.000000,5.000000,0.031173,0
1784327710.322224,ADAPTIVE,TRACKING,262,15.149388,42.671568,0.025326,-0.007765,4.983567,0.000000,0.000000,5.000000,0.031173,0
1784327710.347234,ADAPTIVE,TRACKING,261,14.894034,24.693513,0.020516,-0.009632,4.985147,0.000000,0.000000,5.000000,0.027098,0
1784327710.372233,ADAPTIVE,TRACKING,261,14.911648,24.402224,0.015832,-0.011359,4.986354,0.000000,0.000000,5.000000,0.023788,0
1784327710.397234,ADAPTIVE,TRACKING,261,14.953791,17.594181,0.011060,-0.012837,4.987759,0.000000,0.000000,5.000000,0.020903,0
1784327710.422226,ADAPTIVE,TRACKING,262,15.051218,42.685945,0.011060,-0.012837,4.987759,0.000000,0.000000,5.000000,0.020903,0
1784327710.447240,ADAPTIVE,TRACKING,261,15.037111,24.892168,0.004502,-0.014243,4.988463,0.000000,0.000000,5.000000,0.018874,0
1784327710.472163,ADAPTIVE,TRACKING,261,15.077153,24.403134,-0.000481,-0.015291,4.988226,0.000000,0.000000,5.000000,0.019304,0
1784327710.497169,ADAPTIVE,TRACKING,260,14.932079,17.450939,-0.005181,-0.016269,4.987901,0.000000,0.000000,5.000000,0.020926,0
1784327710.522229,ADAPTIVE,TRACKING,260,14.900926,42.478331,-0.005181,-0.016269,4.987901,0.000000,0.000000,5.000000,0.020926,0
1784327710.547127,ADAPTIVE,TRACKING,260,14.920056,24.852127,-0.010172,-0.017215,4.986638,0.000000,0.000000,5.000000,0.024050,0
1784327710.572160,ADAPTIVE,TRACKING,261,14.876615,24.364194,-0.015055,-0.018080,4.985462,0.000000,0.000000,5.000000,0.027657,0
1784327710.597251,ADAPTIVE,TRACKING,262,15.108722,17.689947,-0.019579,-0.018792,4.984064,0.000000,0.000000,5.000000,0.031471,0
1784327710.622226,ADAPTIVE,TRACKING,261,14.893774,42.447930,-0.019579,-0.018792,4.984064,0.000000,0.000000,5.000000,0.031471,0
1784327710.647242,ADAPTIVE,TRACKING,262,14.974234,25.016621,-0.024741,-0.019473,4.982425,0.000000,0.000000,5.000000,0.036058,0
1784327710.672159,ADAPTIVE,TRACKING,261,14.930524,24.274559,-0.027421,-0.021356,4.983326,0.000000,0.000000,5.000000,0.038549,0
1784327710.697227,ADAPTIVE,TRACKING,262,14.962878,17.428511,-0.029953,-0.022982,4.985072,0.000000,0.000000,5.000000,0.040598,0
1784327710.722229,ADAPTIVE,TRACKING,262,14.939609,42.405726,-0.029953,-0.022982,4.985072,0.000000,0.000000,5.000000,0.040598,0
1784327710.747229,ADAPTIVE,TRACKING,262,14.966991,24.962606,-0.032379,-0.024400,4.987079,0.000000,0.000000,5.000000,0.042553,0
1784327710.772218,ADAPTIVE,TRACKING,262,14.909962,24.219225,-0.035339,-0.025742,4.990640,0.000000,0.000000,5.000000,0.044711,0
1784327710.797112,ADAPTIVE,TRACKING,263,15.024245,17.359556,-0.037142,-0.026235,4.994066,0.000000,0.000000,5.000000,0.045858,0
1784327710.822165,ADAPTIVE,TRACKING,262,14.998527,42.386508,-0.037142,-0.026235,4.994066,0.000000,0.000000,5.000000,0.045858,0
1784327710.847178,ADAPTIVE,TRACKING,262,14.934166,24.877108,-0.040020,-0.026847,4.999091,0.000000,0.000000,5.000000,0.048200,0
1784327710.872154,ADAPTIVE,TRACKING,262,15.050150,24.287605,-0.042238,-0.027147,5.002607,0.000000,0.000000,5.000000,0.050278,0
1784327710.897164,ADAPTIVE,TRACKING,262,14.977844,17.353859,-0.044435,-0.027786,5.006442,0.000000,0.000000,5.000000,0.052801,0
1784327710.922173,ADAPTIVE,TRACKING,262,15.363639,42.752128,-0.044435,-0.027786,5.006442,0.000000,0.000000,5.000000,0.052801,0
1784327710.947154,ADAPTIVE,TRACKING,259,14.802777,24.322869,-0.046587,-0.028649,5.009556,0.000000,0.000000,5.000000,0.055520,0
1784327710.972153,ADAPTIVE,TRACKING,260,14.862902,24.224646,-0.048616,-0.029224,5.011841,0.000000,0.000000,5.000000,0.057946,0
1784327710.997232,ADAPTIVE,TRACKING,260,14.880091,17.465264,-0.050512,-0.029449,5.013276,0.000000,0.000000,5.000000,0.059958,0
1784327711.022224,ADAPTIVE,TRACKING,262,15.115051,42.690528,-0.050512,-0.029449,5.013276,0.000000,0.000000,5.000000,0.059958,0
1784327711.047240,ADAPTIVE,TRACKING,261,14.920471,24.759230,-0.050979,-0.029013,5.013282,0.000000,0.000000,5.000000,0.060141,0
1784327711.072153,ADAPTIVE,TRACKING,261,14.900150,24.338197,-0.050353,-0.028208,5.013227,0.000000,0.000000,5.000000,0.059212,0
1784327711.097161,ADAPTIVE,TRACKING,261,14.912011,17.432949,-0.049592,-0.027120,5.013720,0.000000,0.000000,5.000000,0.058165,0
1784327711.122219,ADAPTIVE,TRACKING,262,15.320734,42.895873,-0.049592,-0.027120,5.013720,0.000000,0.000000,5.000000,0.058165,0
1784327711.147244,ADAPTIVE,TRACKING,260,15.246809,24.884925,-0.048724,-0.025833,5.014622,0.000000,0.000000,5.000000,0.057054,0
1784327711.172231,ADAPTIVE,TRACKING,258,15.044237,24.404842,-0.047054,-0.023968,5.015498,0.000000,0.000000,5.000000,0.055034,0
1784327711.197172,ADAPTIVE,TRACKING,256,14.624077,16.995846,-0.044909,-0.021411,5.016953,0.000000,0.000000,5.000000,0.052561,0
1784327711.222228,ADAPTIVE,TRACKING,258,15.186064,42.612245,-0.044909,-0.021411,5.016953,0.000000,0.000000,5.000000,0.052561,0
1784327711.247232,ADAPTIVE,TRACKING,258,15.073603,24.816522,-0.043137,-0.019204,5.018610,0.000000,0.000000,5.000000,0.050754,0
1784327711.272217,ADAPTIVE,TRACKING,258,14.708872,24.101130,-0.041571,-0.017517,5.020272,0.000000,0.000000,5.000000,0.049457,0
1784327711.297240,ADAPTIVE,TRACKING,258,14.702704,17.202349,-0.040770,-0.017451,5.022242,0.000000,0.000000,5.000000,0.049613,0
1784327711.322228,ADAPTIVE,TRACKING,260,14.974410,42.460827,-0.040770,-0.017451,5.022242,0.000000,0.000000,5.000000,0.049613,0
1784327711.347156,ADAPTIVE,TRACKING,262,14.880445,24.772507,-0.039813,-0.017204,5.024563,0.000000,0.000000,5.000000,0.049843,0
1784327711.372225,ADAPTIVE,TRACKING,262,14.908973,24.331806,-0.038630,-0.016872,5.026829,0.000000,0.000000,5.000000,0.049968,0
1784327711.397260,ADAPTIVE,TRACKING,262,14.986502,17.490123,-0.037422,-0.016626,5.028195,0.000000,0.000000,5.000000,0.049718,0
1784327711.422171,ADAPTIVE,TRACKING,263,15.584639,43.002331,-0.037422,-0.016626,5.028195,0.000000,0.000000,5.000000,0.049718,0
1784327711.447163,ADAPTIVE,TRACKING,259,14.765891,24.067568,-0.036373,-0.016829,5.030436,0.000000,0.000000,5.000000,0.050324,0
1784327711.472227,ADAPTIVE,TRACKING,259,14.868501,24.363798,-0.035358,-0.016795,5.031932,0.000000,0.000000,5.000000,0.050517,0
1784327711.497226,ADAPTIVE,TRACKING,259,14.767107,17.302560,-0.034215,-0.016655,5.033314,0.000000,0.000000,5.000000,0.050575,0
1784327711.522230,ADAPTIVE,TRACKING,262,15.011994,42.551520,-0.034215,-0.016655,5.033314,0.000000,0.000000,5.000000,0.050575,0
1784327711.547244,ADAPTIVE,TRACKING,262,14.963752,24.894494,-0.032701,-0.016321,5.035351,0.000000,0.000000,5.000000,0.050847,0
1784327711.572229,ADAPTIVE,TRACKING,262,14.998418,24.567040,-0.031050,-0.015883,5.037241,0.000000,0.000000,5.000000,0.051022,0
1784327711.597248,ADAPTIVE,TRACKING,262,14.971198,17.474455,-0.029310,-0.015369,5.038186,0.000000,0.000000,5.000000,0.050532,0
1784327711.622217,ADAPTIVE,TRACKING,262,14.992283,42.462014,-0.029310,-0.015369,5.038186,0.000000,0.000000,5.000000,0.050532,0
1784327711.647254,ADAPTIVE,TRACKING,262,15.008685,24.984561,-0.026950,-0.014607,5.037076,0.000000,0.000000,5.000000,0.048107,0
1784327711.672225,ADAPTIVE,TRACKING,262,15.504175,24.912125,-0.023271,-0.014479,5.035583,0.000000,0.000000,5.000000,0.044915,0
1784327711.697156,ADAPTIVE,TRACKING,259,15.413683,17.830405,-0.019665,-0.014227,5.035112,0.000000,0.000000,5.000000,0.042685,0
1784327711.722230,ADAPTIVE,TRACKING,255,14.583847,42.074335,-0.019665,-0.014227,5.035112,0.000000,0.000000,5.000000,0.042685,0
1784327711.747241,ADAPTIVE,TRACKING,255,14.536610,24.895672,-0.016185,-0.013806,5.036026,0.000000,0.000000,5.000000,0.041838,0
1784327711.772230,ADAPTIVE,TRACKING,259,14.787846,24.267274,-0.012746,-0.013178,5.036710,0.000000,0.000000,5.000000,0.041034,0
1784327711.797227,ADAPTIVE,TRACKING,262,14.959161,17.527345,-0.007903,-0.013147,5.036205,0.000000,0.000000,5.000000,0.039320,0
1784327711.822225,ADAPTIVE,TRACKING,262,15.011146,42.576256,-0.007903,-0.013147,5.036205,0.000000,0.000000,5.000000,0.039320,0
1784327711.847165,ADAPTIVE,TRACKING,262,15.008153,24.865166,-0.001973,-0.012790,5.034786,0.000000,0.000000,5.000000,0.037115,0
1784327711.872160,ADAPTIVE,TRACKING,262,15.057360,24.510039,0.002658,-0.012270,5.033283,0.000000,0.000000,5.000000,0.035572,0
1784327711.897160,ADAPTIVE,TRACKING,261,14.922963,17.453306,0.008207,-0.011487,5.031221,0.000000,0.000000,5.000000,0.034264,0
1784327711.922182,ADAPTIVE,TRACKING,261,15.230887,42.791701,0.008207,-0.011487,5.031221,0.000000,0.000000,5.000000,0.034264,0
1784327711.947159,ADAPTIVE,TRACKING,260,15.016758,24.661044,0.014503,-0.010417,5.028977,0.000000,0.000000,5.000000,0.034037,0
1784327711.972161,ADAPTIVE,TRACKING,259,14.845478,24.135850,0.020392,-0.009202,5.027513,0.000000,0.000000,5.000000,0.035460,0
1784327711.997159,ADAPTIVE,TRACKING,259,14.878867,17.401263,0.025920,-0.007812,5.025577,0.000000,0.000000,5.000000,0.037244,0
1784327712.022157,ADAPTIVE,TRACKING,260,14.880929,42.397785,0.025920,-0.007812,5.025577,0.000000,0.000000,5.000000,0.037244,0
1784327712.047158,ADAPTIVE,TRACKING,261,14.942680,24.996407,0.032854,-0.006188,5.021760,0.000000,0.000000,5.000000,0.039890,0
1784327712.072161,ADAPTIVE,TRACKING,261,14.981912,24.436672,0.038172,-0.004806,5.018436,0.000000,0.000000,5.000000,0.042663,0
1784327712.097235,ADAPTIVE,TRACKING,261,14.890294,17.409113,0.042957,-0.003185,5.016031,0.000000,0.000000,5.000000,0.045961,0
1784327712.122228,ADAPTIVE,TRACKING,262,14.989526,42.499295,0.042957,-0.003185,5.016031,0.000000,0.000000,5.000000,0.045961,0
1784327712.147128,ADAPTIVE,TRACKING,262,15.160401,25.010835,0.047205,-0.001366,5.014302,0.000000,0.000000,5.000000,0.049343,0
1784327712.172234,ADAPTIVE,TRACKING,261,14.871436,24.317801,0.051821,0.000450,5.014483,0.000000,0.000000,5.000000,0.053808,0
1784327712.197249,ADAPTIVE,TRACKING,261,14.948430,17.496979,0.055910,0.002363,5.014011,0.000000,0.000000,5.000000,0.057687,0
1784327712.222222,ADAPTIVE,TRACKING,261,15.437608,42.957392,0.055910,0.002363,5.014011,0.000000,0.000000,5.000000,0.057687,0
1784327712.247126,ADAPTIVE,TRACKING,259,14.883305,24.285549,0.060268,0.004808,5.014074,0.000000,0.000000,5.000000,0.062076,0
1784327712.272236,ADAPTIVE,TRACKING,258,14.841718,24.158734,0.063411,0.006371,5.014174,0.000000,0.000000,5.000000,0.065287,0
1784327712.297230,ADAPTIVE,TRACKING,258,14.809276,17.246666,0.066721,0.006860,5.013325,0.000000,0.000000,5.000000,0.068384,0
1784327712.322219,ADAPTIVE,TRACKING,261,14.988534,42.414051,0.066721,0.006860,5.013325,0.000000,0.000000,5.000000,0.068384,0
1784327712.347126,ADAPTIVE,TRACKING,261,15.114069,24.968030,0.069585,0.007524,5.011967,0.000000,0.000000,5.000000,0.071006,0
1784327712.372232,ADAPTIVE,TRACKING,260,14.995298,24.412234,0.072012,0.008334,5.010715,0.000000,0.000000,5.000000,0.073280,0
1784327712.397240,ADAPTIVE,TRACKING,260,14.989299,17.442678,0.073711,0.008987,5.010042,0.000000,0.000000,5.000000,0.074933,0
1784327712.422243,ADAPTIVE,TRACKING,259,14.972804,42.431469,0.073711,0.008987,5.010042,0.000000,0.000000,5.000000,0.074933,0
1784327712.447124,ADAPTIVE,TRACKING,259,14.859701,24.654517,0.074199,0.008982,5.010181,0.000000,0.000000,5.000000,0.075431,0
1784327712.472239,ADAPTIVE,TRACKING,260,14.925935,24.402031,0.073989,0.009130,5.010273,0.000000,0.000000,5.000000,0.075255,0
1784327712.497219,ADAPTIVE,TRACKING,260,14.890019,17.380625,0.073274,0.009365,5.009879,0.000000,0.000000,5.000000,0.074527,0
1784327712.522220,ADAPTIVE,TRACKING,261,14.999401,42.490502,0.073274,0.009365,5.009879,0.000000,0.000000,5.000000,0.074527,0
1784327712.547162,ADAPTIVE,TRACKING,261,14.909504,24.787190,0.073162,0.010194,5.008316,0.000000,0.000000,5.000000,0.074335,0
1784327712.572232,ADAPTIVE,TRACKING,261,14.977495,24.566866,0.072929,0.011281,5.006401,0.000000,0.000000,5.000000,0.074074,0
1784327712.597168,ADAPTIVE,TRACKING,261,14.885609,17.317461,0.072274,0.012355,5.005377,0.000000,0.000000,5.000000,0.073520,0
1784327712.622159,ADAPTIVE,TRACKING,262,14.983339,42.405125,0.072274,0.012355,5.005377,0.000000,0.000000,5.000000,0.073520,0
1784327712.647159,ADAPTIVE,TRACKING,262,14.960225,24.906236,0.070896,0.013622,5.004725,0.000000,0.000000,5.000000,0.072347,0
1784327712.672242,ADAPTIVE,TRACKING,262,14.952068,24.306547,0.067087,0.016478,5.005673,0.000000,0.000000,5.000000,0.069313,0
1784327712.697177,ADAPTIVE,TRACKING,262,15.038913,17.463586,0.063098,0.019181,5.006274,0.000000,0.000000,5.000000,0.066247,0
1784327712.722231,ADAPTIVE,TRACKING,262,15.051919,42.529491,0.063098,0.019181,5.006274,0.000000,0.000000,5.000000,0.066247,0
1784327712.747175,ADAPTIVE,TRACKING,261,15.450013,25.265309,0.059036,0.021711,5.006528,0.000000,0.000000,5.000000,0.063240,0
1784327712.772237,ADAPTIVE,TRACKING,258,14.761752,24.303972,0.054926,0.024139,5.006430,0.000000,0.000000,5.000000,0.060340,0
1784327712.797243,ADAPTIVE,TRACKING,258,14.799019,17.295932,0.051810,0.022715,5.004464,0.000000,0.000000,5.000000,0.056747,0
1784327712.822226,ADAPTIVE,TRACKING,258,14.792775,42.271153,0.051810,0.022715,5.004464,0.000000,0.000000,5.000000,0.056747,0
1784327712.847168,ADAPTIVE,TRACKING,261,15.020017,25.101010,0.047586,0.021169,5.002594,0.000000,0.000000,5.000000,0.052147,0
1784327712.872238,ADAPTIVE,TRACKING,261,15.065706,24.621310,0.044030,0.020078,5.002249,0.000000,0.000000,5.000000,0.048444,0
1784327712.897126,ADAPTIVE,TRACKING,260,14.868435,17.237111,0.039164,0.018151,5.003236,0.000000,0.000000,5.000000,0.043287,0
1784327712.922184,ADAPTIVE,TRACKING,260,14.946621,42.375052,0.039164,0.018151,5.003236,0.000000,0.000000,5.000000,0.043287,0
1784327712.947182,ADAPTIVE,TRACKING,261,15.048446,24.992280,0.033203,0.015474,5.004205,0.000000,0.000000,5.000000,0.036872,0
1784327712.972172,ADAPTIVE,TRACKING,261,14.954684,24.309436,0.026002,0.012396,5.003755,0.000000,0.000000,5.000000,0.029050,0
1784327712.997175,ADAPTIVE,TRACKING,260,14.913417,17.424063,0.021816,0.010655,5.003378,0.000000,0.000000,5.000000,0.024513,0
1784327713.022162,ADAPTIVE,TRACKING,261,14.905271,42.401928,0.021816,0.010655,5.003378,0.000000,0.000000,5.000000,0.024513,0
1784327713.047124,ADAPTIVE,TRACKING,261,14.921631,24.907990,0.017432,0.006724,5.004111,0.000000,0.000000,5.000000,0.019131,0
1784327713.072222,ADAPTIVE,TRACKING,262,14.964681,24.469373,0.015146,0.003208,5.004466,0.000000,0.000000,5.000000,0.016113,0
1784327713.097253,ADAPTIVE,TRACKING,262,15.007627,17.521366,0.012766,-0.000109,5.004702,0.000000,0.000000,5.000000,0.013605,0
1784327713.122124,ADAPTIVE,TRACKING,262,15.059614,42.443315,0.012766,-0.000109,5.004702,0.000000,0.000000,5.000000,0.013605,0
1784327713.147184,ADAPTIVE,TRACKING,261,14.911613,24.848035,0.010222,-0.003295,5.005127,0.000000,0.000000,5.000000,0.011901,0
1784327713.172232,ADAPTIVE,TRACKING,261,14.930640,24.494289,0.007704,-0.004529,5.007100,0.000000,0.000000,5.000000,0.011414,0
1784327713.197237,ADAPTIVE,TRACKING,261,14.865678,17.392409,0.005051,-0.005719,5.008543,0.000000,0.000000,5.000000,0.011454,0
1784327713.222255,ADAPTIVE,TRACKING,262,15.066899,42.610917,0.005051,-0.005719,5.008543,0.000000,0.000000,5.000000,0.011454,0
1784327713.247259,ADAPTIVE,TRACKING,262,15.450557,25.316037,0.001600,-0.007162,5.009397,0.000000,0.000000,5.000000,0.011923,0
1784327713.272247,ADAPTIVE,TRACKING,259,15.196282,24.463287,-0.001321,-0.008366,5.010309,0.000000,0.000000,5.000000,0.013342,0
1784327713.297239,ADAPTIVE,TRACKING,256,14.612668,17.131305,-0.004495,-0.009939,5.012789,0.000000,0.000000,5.000000,0.016809,0
1784327713.322129,ADAPTIVE,TRACKING,257,14.770341,42.177651,-0.004495,-0.009939,5.012789,0.000000,0.000000,5.000000,0.016809,0
1784327713.347258,ADAPTIVE,TRACKING,259,14.862948,25.162010,-0.007590,-0.011451,5.014556,0.000000,0.000000,5.000000,0.020015,0
1784327713.372242,ADAPTIVE,TRACKING,261,14.925415,24.337840,-0.010616,-0.012904,5.015297,0.000000,0.000000,5.000000,0.022654,0
1784327713.397241,ADAPTIVE,TRACKING,261,14.970700,17.389165,-0.014491,-0.014469,5.015628,0.000000,0.000000,5.000000,0.025760,0
1784327713.422247,ADAPTIVE,TRACKING,261,14.989579,42.414573,-0.014491,-0.014469,5.015628,0.000000,0.000000,5.000000,0.025760,0
1784327713.447249,ADAPTIVE,TRACKING,261,14.908665,24.817885,-0.017721,-0.015449,5.015697,0.000000,0.000000,5.000000,0.028268,0
1784327713.472223,ADAPTIVE,TRACKING,261,14.931234,24.326851,-0.020876,-0.016332,5.015875,0.000000,0.000000,5.000000,0.030896,0
1784327713.497236,ADAPTIVE,TRACKING,261,14.913831,17.319785,-0.023926,-0.017138,5.016256,0.000000,0.000000,5.000000,0.033621,0
1784327713.522231,ADAPTIVE,TRACKING,262,15.416161,42.816125,-0.023926,-0.017138,5.016256,0.000000,0.000000,5.000000,0.033621,0
1784327713.547162,ADAPTIVE,TRACKING,259,15.093896,24.536801,-0.027238,-0.018947,5.016076,0.000000,0.000000,5.000000,0.036869,0
1784327713.572164,ADAPTIVE,TRACKING,258,15.146383,24.420992,-0.030584,-0.020880,5.016138,0.000000,0.000000,5.000000,0.040395,0
1784327713.597249,ADAPTIVE,TRACKING,255,14.530295,17.175317,-0.033815,-0.022625,5.016118,0.000000,0.000000,5.000000,0.043762,0
1784327713.622233,ADAPTIVE,TRACKING,258,14.796635,42.423900,-0.033815,-0.022625,5.016118,0.000000,0.000000,5.000000,0.043762,0
1784327713.647176,ADAPTIVE,TRACKING,260,14.863502,24.936675,-0.037568,-0.024504,5.014844,0.000000,0.000000,5.000000,0.047246,0
1784327713.672236,ADAPTIVE,TRACKING,262,14.995355,24.512161,-0.038506,-0.024485,5.009802,0.000000,0.000000,5.000000,0.046672,0
1784327713.697177,ADAPTIVE,TRACKING,262,15.073730,17.475509,-0.039403,-0.024386,5.004560,0.000000,0.000000,5.000000,0.046562,0
1784327713.722223,ADAPTIVE,TRACKING,261,15.500824,42.947996,-0.039403,-0.024386,5.004560,0.000000,0.000000,5.000000,0.046562,0
1784327713.747180,ADAPTIVE,TRACKING,258,14.784093,24.163581,-0.040251,-0.024230,5.000255,0.000000,0.000000,5.000000,0.046982,0
1784327713.772163,ADAPTIVE,TRACKING,258,14.814068,24.101524,-0.041061,-0.023962,4.996485,0.000000,0.000000,5.000000,0.047671,0
1784327713.797174,ADAPTIVE,TRACKING,258,14.743705,17.150453,-0.040770,-0.025268,4.992130,0.000000,0.000000,5.000000,0.048607,0
1784327713.822168,ADAPTIVE,TRACKING,261,14.953194,42.351308,-0.040770,-0.025268,4.992130,0.000000,0.000000,5.000000,0.048607,0
1784327713.847164,ADAPTIVE,TRACKING,261,14.937636,24.916604,-0.040249,-0.026683,4.987243,0.000000,0.000000,5.000000,0.049947,0
1784327713.872125,ADAPTIVE,TRACKING,262,14.981806,24.351488,-0.039801,-0.027690,4.984508,0.000000,0.000000,5.000000,0.050900,0
1784327713.897175,ADAPTIVE,TRACKING,262,15.091120,17.601714,-0.038264,-0.028837,4.981696,0.000000,0.000000,5.000000,0.051291,0
1784327713.922177,ADAPTIVE,TRACKING,261,15.222963,42.737766,-0.038264,-0.028837,4.981696,0.000000,0.000000,5.000000,0.051291,0
1784327713.947266,ADAPTIVE,TRACKING,259,14.808364,24.551153,-0.035753,-0.029984,4.978030,0.000000,0.000000,5.000000,0.051576,0
1784327713.972230,ADAPTIVE,TRACKING,259,14.773122,24.167373,-0.033317,-0.030869,4.975169,0.000000,0.000000,5.000000,0.051764,0
1784327713.997235,ADAPTIVE,TRACKING,260,14.875901,17.345256,-0.030973,-0.031467,4.973680,0.000000,0.000000,5.000000,0.051402,0
1784327714.022232,ADAPTIVE,TRACKING,262,15.004671,42.470515,-0.030973,-0.031467,4.973680,0.000000,0.000000,5.000000,0.051402,0
1784327714.047243,ADAPTIVE,TRACKING,262,14.927071,24.863841,-0.027813,-0.031898,4.970935,0.000000,0.000000,5.000000,0.051340,0
1784327714.072232,ADAPTIVE,TRACKING,262,14.932768,24.429754,-0.025193,-0.032065,4.968038,0.000000,0.000000,5.000000,0.051811,0
1784327714.097260,ADAPTIVE,TRACKING,262,14.959369,17.549475,-0.022637,-0.032166,4.965247,0.000000,0.000000,5.000000,0.052486,0
1784327714.122236,ADAPTIVE,TRACKING,263,15.086975,42.651931,-0.022637,-0.032166,4.965247,0.000000,0.000000,5.000000,0.052486,0
1784327714.147178,ADAPTIVE,TRACKING,262,14.953190,24.749543,-0.020136,-0.032219,4.963107,0.000000,0.000000,5.000000,0.052959,0
1784327714.172164,ADAPTIVE,TRACKING,262,14.997847,24.408774,-0.017700,-0.032110,4.962843,0.000000,0.000000,5.000000,0.052201,0
1784327714.197168,ADAPTIVE,TRACKING,262,14.913680,17.465048,-0.015181,-0.031890,4.963021,0.000000,0.000000,5.000000,0.051136,0
1784327714.222230,ADAPTIVE,TRACKING,262,15.075662,42.687090,-0.015181,-0.031890,4.963021,0.000000,0.000000,5.000000,0.051136,0
1784327714.247170,ADAPTIVE,TRACKING,262,14.976222,24.773518,-0.011922,-0.031454,4.964361,0.000000,0.000000,5.000000,0.049006,0
1784327714.272165,ADAPTIVE,TRACKING,262,14.900860,24.189523,-0.009669,-0.031383,4.966561,0.000000,0.000000,5.000000,0.046867,0
1784327714.297179,ADAPTIVE,TRACKING,262,14.901729,17.385788,-0.008548,-0.032336,4.970640,0.000000,0.000000,5.000000,0.044505,0
1784327714.322129,ADAPTIVE,TRACKING,263,14.996482,42.429193,-0.008548,-0.032336,4.970640,0.000000,0.000000,5.000000,0.044505,0
1784327714.347131,ADAPTIVE,TRACKING,263,15.043033,24.986020,-0.007284,-0.032991,4.974582,0.000000,0.000000,5.000000,0.042279,0
1784327714.372170,ADAPTIVE,TRACKING,263,15.065295,24.534912,-0.005927,-0.033474,4.978165,0.000000,0.000000,5.000000,0.040403,0
1784327714.397252,ADAPTIVE,TRACKING,262,14.915313,17.488437,-0.004977,-0.034535,4.981750,0.000000,0.000000,5.000000,0.039376,0
